source_notice_id,candidate_notice_id,buyer_key_type,buyer_key,source_date,candidate_date,gap_months,expected_end_date,abs_gap_to_expected_end,s_time,s_text,s_cpv,s_buyer,composite_score,cpv_missing,cpv_generic_flag,candidate_rank,top1_top2_margin,n_candidates_for_source,confidence_tier,variant,threshold_used
15-101283,16-102267,NAME_FALLBACK,NAME:caf de la sarthe,2015-07-01,2016-07-09,12.28646517739816,2016-04-23,2.5295663600525624,0.7892028033289531,0.337109542221377,1.0,0.6,0.6752890406097203,False,False,1,0.6752890406097203,1,HIGH,window_12m,0.36869016102069596
15-102348,16-48016,NAME_FALLBACK,NAME:universite de nantes,2015-07-03,2016-03-31,8.935611038107753,2016-03-06,0.8212877792378449,0.9315593517301796,0.27267211565633775,1.0,0.6,0.6883250784122632,False,False,1,0.20258916373050967,15,HIGH,window_12m,0.36869016102069596
15-102510,16-183156,RAW_SIRET,SIRET:22720002900014,2015-07-03,2016-12-23,17.706964520367936,2016-09-30,2.759526938239159,0.7700394218134035,0.030170048247324298,0.8,1.0,0.5430693723399144,False,False,1,0.19019947490552036,4,HIGH,window_12m,0.36869016102069596
15-104125,16-19242,NAME_FALLBACK,NAME:ville de nantes,2015-07-08,2016-02-09,7.09592641261498,2016-01-08,1.0512483574244416,0.9123959702146298,0.1800516758603379,0.1,0.6,0.3811170791047757,True,False,1,0.03613147043709369,6,POTENTIAL,window_12m,0.36869016102069596
15-104589,15-170834,NAME_FALLBACK,NAME:spr pays de la loire,2015-07-08,2015-11-12,4.1721419185282524,2016-07-08,7.851511169513797,0.3457074025405169,0.9999999999999998,1.0,0.6,0.7964268506351291,False,False,1,0.4782087533031366,2,HIGH,window_12m,0.36869016102069596
15-111004,16-46830,RAW_SIRET,SIRET:19490970100303,2015-07-17,2016-03-31,8.47568988173456,2016-05-08,1.2483574244415243,0.8959702146298729,0.1304085325487645,0.0,1.0,0.3696355400495358,False,False,1,0.05563657029483887,5,MEDIUM,window_12m,0.36869016102069596
15-111481,16-7640,NAME_FALLBACK,NAME:chu de nantes,2015-07-20,2016-01-18,5.978975032851511,2016-01-20,0.0657030223390276,0.9945247481384144,0.5475438361239635,1.0,0.6,0.8002715296779908,False,False,1,0.3567702342851848,10,HIGH,window_12m,0.36869016102069596
15-115709,16-73319,NAME_FALLBACK,NAME:commune de saint-nazaire,2015-07-27,2016-05-24,9.921156373193167,2016-05-27,0.09855453350854139,0.9917871222076216,0.12899437745435238,0.2,0.6,0.4130948126609287,False,False,1,0.03609272432677113,9,POTENTIAL,window_12m,0.36869016102069596
15-115988,16-45870,NAME_FALLBACK,NAME:angers loire metropole,2015-07-27,2016-03-30,8.114323258869907,2015-11-27,4.073587385019711,0.6605343845816907,0.4509353598507773,0.0,0.6,0.38296097209319474,False,False,1,0.028045060894288154,12,POTENTIAL,window_12m,0.36869016102069596
15-115991,15-178562,NAME_FALLBACK,NAME:ville d angers,2015-07-27,2015-11-26,4.0078843626806835,2016-08-31,9.165571616294349,0.23620236530880423,0.4678179953335732,1.0,0.6,0.5827868896939516,False,False,1,0.3066569700804927,4,HIGH,window_12m,0.36869016102069596
15-118979,15-189271,NAME_FALLBACK,NAME:departement de la sarthe,2015-07-30,2015-12-18,4.6320630749014455,2016-01-30,1.4126149802890933,0.8822820849759089,0.697613957026897,0.2,0.6,0.5847354062033912,False,False,1,0.20339097967677805,11,HIGH,window_12m,0.36869016102069596
15-119589,16-164205,NAME_FALLBACK,NAME:ville de vertou,2015-08-03,2016-11-16,15.473061760840999,2015-12-03,11.465177398160314,0.044568550153307185,0.8245082852829482,1.0,0.6,0.6597200373873586,False,False,1,0.6597200373873586,1,HIGH,window_12m,0.36869016102069596
15-119639,15-184750,NAME_FALLBACK,NAME:ecole centrale de nantes,2015-08-03,2015-12-09,4.204993429697766,2016-03-23,3.4494086727989486,0.7125492772667543,0.2922088508909402,0.1,0.6,0.37041041712851763,True,False,1,0.01312878017580249,7,POTENTIAL,window_12m,0.36869016102069596
15-122609,16-32105,NAME_FALLBACK,NAME:ville de carquefou,2015-08-07,2016-03-07,6.9973718791064385,2016-04-23,1.5440210249671484,0.8713315812527376,0.1530238793615442,0.2,0.6,0.39139125308972483,False,False,1,0.029662176235985105,3,POTENTIAL,window_12m,0.36869016102069596
15-126308,16-10649,NAME_FALLBACK,NAME:sdis 44,2015-08-13,2016-01-25,5.4204993429697765,2016-02-13,0.6241787122207622,0.9479851073149365,0.4498344366689664,0.0,0.6,0.45443832966287234,False,False,1,0.28161370053305984,3,MEDIUM,window_12m,0.36869016102069596
15-136102,15-155719,NAME_FALLBACK,NAME:sm megalis,2015-09-07,2015-10-13,1.1826544021024967,2016-01-07,2.8252299605781865,0.7645641699518178,0.9510071013121866,1.0,0.6,0.8839935279472197,False,False,1,0.19775090871426282,2,HIGH,window_12m,0.36869016102069596
15-137458,15-155719,NAME_FALLBACK,NAME:sm megalis,2015-09-09,2015-10-13,1.1169513797634691,2016-01-09,2.890932982917214,0.7590889180902322,0.4303209238308393,1.0,0.6,0.7003845528633517,False,False,1,0.7003845528633517,1,HIGH,window_12m,0.36869016102069596
15-139094,16-131495,NAME_FALLBACK,NAME:sdis 85,2015-09-10,2016-09-08,11.957950065703022,2016-05-07,4.073587385019711,0.6605343845816907,0.3438273171136217,0.4,0.6,0.4654731571351903,False,False,1,0.03856896699131007,3,POTENTIAL,window_12m,0.36869016102069596
15-139179,16-68672,NAME_FALLBACK,NAME:ecole centrale de nantes,2015-09-10,2016-05-12,8.04862023653088,2016-03-10,2.0696452036793693,0.8275295663600526,0.29567034854030855,0.1,0.6,0.40036701357912113,True,False,1,0.02112326355466776,6,POTENTIAL,window_12m,0.36869016102069596
15-139562,16-146809,NAME_FALLBACK,NAME:c h d la roche sur yon-lucon-montaigu,2015-09-11,2016-10-10,12.976346911957949,2017-01-22,3.416557161629435,0.7152869031975471,0.470999994416253,0.2,0.6,0.4636717238450753,False,True,1,0.4636717238450753,1,MEDIUM,window_12m,0.36869016102069596
15-140966,16-101519,NAME_FALLBACK,NAME:commune de saint jean de monts,2015-09-15,2016-07-07,9.724047306176084,2016-05-24,1.445466491458607,0.879544459045116,0.3756679594355756,0.1,0.6,0.44136990056373043,True,False,1,0.44136990056373043,1,MEDIUM,window_12m,0.36869016102069596
15-147732,16-78789,NAME_FALLBACK,NAME:ecole des mines de nantes,2015-09-28,2016-05-30,8.04862023653088,2016-03-28,2.0696452036793693,0.8275295663600526,0.3952720496186646,0.1,0.6,0.4352276089565457,True,False,1,0.08444473206314151,3,MEDIUM,window_12m,0.36869016102069596
15-154566,15-175690,NAME_FALLBACK,NAME:cnieg,2015-10-12,2015-11-20,1.281208935611038,2016-08-02,8.409986859395532,0.29916776171703896,0.26080032701160816,1.0,0.6,0.5260720548833226,False,False,1,0.17062862764658954,4,HIGH,window_12m,0.36869016102069596
15-159244,16-31513,NAME_FALLBACK,NAME:nantes metropole,2015-10-23,2016-03-07,4.467805519053877,2016-04-23,1.5440210249671484,0.8713315812527376,0.288026231941916,0.1,0.6,0.408642076492855,True,True,1,0.009211204509110948,28,POTENTIAL,window_12m,0.36869016102069596
15-159973,15-192276,NAME_FALLBACK,NAME:vendee eau,2015-10-28,2016-02-05,3.2851511169513796,2016-07-07,5.026281208935611,0.5811432325886992,0.39673995862780576,1.0,0.6,0.6441447936669069,False,False,1,0.008144333601218134,4,POTENTIAL,window_12m,0.36869016102069596
15-160539,16-37108,NAME_FALLBACK,NAME:nantes metropole,2015-10-28,2016-03-16,4.599211563731932,2016-04-28,1.4126149802890933,0.8822820849759089,0.2580553674101967,0.1,0.6,0.400889899837546,True,False,1,0.011860022642433021,27,POTENTIAL,window_12m,0.36869016102069596
15-162447,16-49246,NAME_FALLBACK,NAME:nantes metropole,2015-10-23,2016-04-12,5.650459921156373,2016-04-23,0.36136662286465177,0.9698861147612791,0.23353880795749227,0.1,0.6,0.41421011147544207,True,False,1,0.005085183980141905,28,POTENTIAL,window_12m,0.36869016102069596
15-162906,16-68875,NAME_FALLBACK,NAME:centre hospitalier de cholet,2015-10-23,2016-05-12,6.636005256241787,2016-04-23,0.6241787122207622,0.9479851073149365,0.14677657561521712,0.1,0.6,0.3783680782940601,True,False,1,0.04849632082411165,3,POTENTIAL,window_12m,0.36869016102069596
15-164187,16-10778,NAME_FALLBACK,NAME:gie sesam vitale,2015-10-28,2016-01-22,2.8252299605781865,2016-04-28,3.1865965834428382,0.7344502847130968,0.7501904213796198,0.2,0.6,0.5661792186611412,False,False,1,0.13369405992817568,9,HIGH,window_12m,0.36869016102069596
15-165050,15-174987,NAME_FALLBACK,NAME:angers loire metropole,2015-10-29,2015-11-18,0.657030223390276,2016-04-29,5.354796320630749,0.5537669732807708,0.9719586741124239,1.0,0.6,0.8386272792595411,False,False,1,0.46257615320310236,15,HIGH,window_12m,0.36869016102069596
15-169809,15-179747,NAME_FALLBACK,NAME:chu de nantes,2015-11-09,2015-11-27,0.5913272010512484,2016-05-09,5.387647831800263,0.5510293473499781,0.9710331673597905,1.0,0.6,0.8376189454134213,False,False,1,0.0032856935485412464,14,POTENTIAL,window_12m,0.36869016102069596
15-170544,16-18733,NAME_FALLBACK,NAME:ccrla,2015-11-17,2016-02-08,2.726675427069645,2016-05-17,3.252299605781866,0.7289750328515112,0.3307899189027248,0.1,0.6,0.3880202298288315,True,False,1,0.023599698455530838,2,POTENTIAL,window_12m,0.36869016102069596
15-173090,15-174358,NAME_FALLBACK,NAME:universite de nantes,2015-11-16,2015-11-17,0.0328515111695138,2016-07-28,8.344283837056505,0.30464301357862456,0.9443216633857127,1.0,0.6,0.7666733355796556,False,False,1,0.1829799178164382,18,HIGH,window_12m,0.36869016102069596
15-173700,16-17002,NAME_FALLBACK,NAME:ville de reze,2015-11-17,2016-02-04,2.59526938239159,2016-05-17,3.383705650459921,0.7180245291283399,0.9164580923815036,1.0,0.6,0.8602664646156113,False,False,1,0.5950763459350553,3,HIGH,window_12m,0.36869016102069596
15-174358,16-70203,NAME_FALLBACK,NAME:universite de nantes,2015-11-17,2016-05-17,5.978975032851511,2016-07-28,2.3653088042049935,0.8028909329829172,0.06577755113315079,1.0,0.6,0.5837448761423321,False,False,1,0.012407264452587441,17,POTENTIAL,window_12m,0.36869016102069596
15-174987,16-70219,NAME_FALLBACK,NAME:angers loire metropole,2015-11-18,2016-05-17,5.946123521681997,2016-05-18,0.0328515111695138,0.9972623740692071,0.020933910790868964,0.2,0.6,0.3766424622941059,False,False,1,0.005549345962640506,14,POTENTIAL,window_12m,0.36869016102069596
15-175210,16-135042,NAME_FALLBACK,NAME:nantes metropole,2015-11-19,2016-09-19,10.019710906701707,2016-09-04,0.49277266754270693,0.9589356110381078,0.03673333774418184,0.2,0.6,0.3725905709699906,False,False,1,0.0016113494701068265,30,POTENTIAL,window_12m,0.36869016102069596
15-175415,16-73319,NAME_FALLBACK,NAME:commune de saint-nazaire,2015-11-20,2016-05-24,6.110381077529566,2016-05-20,0.1314060446780552,0.9890494962768287,0.5304773329063815,0.1,0.6,0.5229294405864406,True,False,1,0.07880077387987733,8,HIGH,window_12m,0.36869016102069596
15-176598,16-35152,NAME_FALLBACK,NAME:departement de la sarthe,2015-11-23,2016-03-11,3.5808147174770038,2016-05-23,2.3981603153745072,0.8001533070521244,0.7383569344469875,0.1,0.6,0.5484632538194767,True,False,1,0.20209491618010927,10,HIGH,window_12m,0.36869016102069596
15-178791,17-58214,NAME_FALLBACK,NAME:nantes metropole,2015-11-30,2017-04-30,16.98423127463863,2016-05-30,11.005256241787121,0.08289531318440657,0.4370696116820919,1.0,0.6,0.5336981923848338,False,False,1,0.10169863811236762,29,HIGH,window_12m,0.36869016102069596
15-179747,15-182957,NAME_FALLBACK,NAME:chu de nantes,2015-11-27,2015-12-04,0.22996057818659657,2016-05-27,5.7490144546649145,0.520915462111257,0.9757272382544139,1.0,0.6,0.8317333989168592,False,False,1,0.26958807235721705,14,HIGH,window_12m,0.36869016102069596
15-182813,16-136139,NAME_FALLBACK,NAME:conseil regional des pays de la loire,2015-12-04,2016-09-19,9.526938239159001,2016-10-04,0.49277266754270693,0.9589356110381078,0.38814501727990003,0.0,0.6,0.4355846588074919,False,False,1,0.042210061354428174,23,POTENTIAL,window_12m,0.36869016102069596
15-182957,17-35545,NAME_FALLBACK,NAME:chu de nantes,2015-12-04,2017-03-16,15.374507227332456,2016-06-04,9.362680683311432,0.21977660972404733,0.421966421370201,1.0,0.6,0.5626323999105822,False,False,1,0.03032907031278209,13,POTENTIAL,window_12m,0.36869016102069596
15-184743,16-80474,NAME_FALLBACK,NAME:com communes du pays d ancenis,2015-12-11,2016-06-15,6.14323258869908,2016-06-11,0.1314060446780552,0.9890494962768287,0.16654033610231322,0.1,0.6,0.3955514917050168,True,False,1,0.3955514917050168,1,MEDIUM,window_12m,0.36869016102069596
15-185112,16-2771,NAME_FALLBACK,NAME:conseil general de la vendee,2015-12-10,2016-01-08,0.9526938239159001,2016-10-18,9.329829172141919,0.22251423565484008,0.9621134845161193,1.0,0.6,0.7523682784943517,False,False,1,0.3475075318286577,3,HIGH,window_12m,0.36869016102069596
15-187883,16-9086,RAW_SIRET,SIRET:22720002900014,2015-12-16,2016-01-20,1.149802890932983,2016-08-30,7.3258869908015765,0.389509417433202,0.9581174172918356,1.0,1.0,0.8327184504104429,False,False,1,0.48648414429131304,3,HIGH,window_12m,0.36869016102069596
15-192276,16-94711,NAME_FALLBACK,NAME:vendee eau,2016-02-05,2016-07-04,4.92772667542707,2016-11-30,4.894875164257556,0.5920937363118703,0.036784155053465835,1.0,0.6,0.5208978883466806,False,False,1,0.11853461896339806,3,HIGH,window_12m,0.36869016102069596
15-192356,16-128161,NAME_FALLBACK,NAME:nantes metropole,2015-12-24,2016-09-09,8.541392904073588,2016-06-24,2.5295663600525624,0.7892028033289531,0.06969967635211526,1.0,0.6,0.5816955875554786,False,False,1,0.13798550331340387,30,HIGH,window_12m,0.36869016102069596
15-192825,16-146809,NAME_FALLBACK,NAME:c h d la roche sur yon-lucon-montaigu,2015-12-24,2016-10-10,9.559789750328514,2016-06-24,3.54796320630749,0.7043363994743759,0.8373912725929985,1.0,0.6,0.8291710452761434,False,True,1,0.8291710452761434,1,HIGH,window_12m,0.36869016102069596
15-31464,15-136371,NAME_FALLBACK,NAME:sdis de la mayenne,2015-03-02,2015-09-07,6.2089356110381075,2015-12-10,3.088042049934297,0.7426631625054753,0.3340336772053255,0.2,0.6,0.4225775776482327,False,False,1,0.03769201088089974,3,POTENTIAL,window_12m,0.36869016102069596
15-32051,15-39187,NAME_FALLBACK,NAME:caisse des depots,2015-03-04,2015-03-16,0.39421813403416556,2015-09-04,5.650459921156373,0.5291283399036355,0.9742090625519068,0.1,0.6,0.5632552568690763,True,False,1,0.013763291758236207,2,POTENTIAL,window_12m,0.36869016102069596
15-32168,16-20762,RAW_SIRET,SIRET:23440003400026,2015-03-03,2016-02-11,11.333771353482259,2016-03-03,0.6898817345597897,0.9425098554533509,0.14369654484437927,0.0,1.0,0.3859212545588705,False,False,1,0.062258972536076373,5,MEDIUM,window_12m,0.36869016102069596
15-33752,16-85662,NAME_FALLBACK,NAME:conseil regional des pays de la loire,2015-03-06,2016-06-13,15.275952693823916,2016-04-08,2.1681997371879107,0.8193166885676741,0.10168570221576578,0.4,0.6,0.42041916791743655,False,False,1,0.02133949926526363,17,POTENTIAL,window_12m,0.36869016102069596
15-39187,15-56571,NAME_FALLBACK,NAME:caisse des depots,2015-03-16,2015-04-14,0.9526938239159001,2015-09-16,5.091984231274639,0.5756679807271134,0.8555283875556319,0.1,0.6,0.5333519308262495,True,False,1,0.5333519308262495,1,HIGH,window_12m,0.36869016102069596
15-42765,15-167650,NAME_FALLBACK,NAME:cg49,2015-03-20,2015-11-03,7.490144546649145,2015-09-20,1.445466491458607,0.879544459045116,0.3503941520167254,0.1,0.6,0.4325240679671329,True,False,1,0.11736914107722873,5,MEDIUM,window_12m,0.36869016102069596
15-43149,15-54892,NAME_FALLBACK,NAME:sdis 85,2015-03-20,2015-04-10,0.6898817345597897,2015-11-20,7.35873850197109,0.38677179150240915,0.9745843293492771,1.0,0.6,0.7977974631478493,False,False,1,0.481036291909811,8,HIGH,window_12m,0.36869016102069596
15-44894,15-126736,NAME_FALLBACK,NAME:prefecture,2015-03-24,2015-08-13,4.664914586070959,2015-09-24,1.3797634691195795,0.8850197109067017,0.41958997882429067,0.1,0.6,0.45811142031517715,True,False,1,0.45811142031517715,1,MEDIUM,window_12m,0.36869016102069596
15-45169,15-89263,NAME_FALLBACK,NAME:vendee eau,2015-03-27,2015-06-12,2.5295663600525624,2016-01-02,6.701708278580814,0.44152431011826543,0.4114214360385118,0.4,0.6,0.4343785801430455,False,False,1,0.024147950423041742,5,POTENTIAL,window_12m,0.36869016102069596
15-46309,15-187883,RAW_SIRET,SIRET:22720002900014,2015-03-26,2015-12-16,8.705650459921156,2015-11-29,0.5584756898817346,0.9534603591765222,0.23740985582965976,0.2,1.0,0.48145853933451144,False,False,1,0.027434395167318826,5,POTENTIAL,window_12m,0.36869016102069596
15-47696,15-52664,RAW_SIRET,SIRET:12000601000058,2015-03-30,2015-04-08,0.2956636005256242,2015-09-30,5.7490144546649145,0.520915462111257,0.8461860645636888,1.0,1.0,0.8263939881251053,False,False,1,0.4817980570678392,4,HIGH,window_12m,0.36869016102069596
15-49442,15-91934,NAME_FALLBACK,NAME:ville de saumur,2015-04-09,2015-09-28,5.650459921156373,2015-10-09,0.36136662286465177,0.9698861147612791,0.14410174402690695,0.1,0.6,0.3829071390997372,True,False,1,0.1144160673127606,2,MEDIUM,window_12m,0.36869016102069596
15-50024,15-159973,NAME_FALLBACK,NAME:vendee eau,2015-04-27,2015-10-28,6.044678055190539,2015-11-30,1.0840998685939554,0.9096583442838371,0.4564481728969914,0.0,0.6,0.44717144658490626,False,False,1,0.08955173492113727,4,MEDIUM,window_12m,0.36869016102069596
15-53947,15-95813,NAME_FALLBACK,NAME:commune de saint-herblain,2015-04-10,2015-06-23,2.431011826544021,2015-10-10,3.5808147174770038,0.701598773543583,0.21541996936000812,0.4,0.6,0.4307966826618986,False,False,1,0.020820555866933044,5,POTENTIAL,window_12m,0.36869016102069596
15-55407,16-57014,NAME_FALLBACK,NAME:nantes metropole,2015-04-20,2016-04-20,12.02365308804205,2016-05-14,0.7884362680683311,0.9342969776609724,0.24557477532259916,0.1,0.6,0.4095254157781528,True,False,1,0.04274671891337756,30,POTENTIAL,window_12m,0.36869016102069596
15-55830,16-62960,NAME_FALLBACK,NAME:universite de nantes,2015-04-13,2016-05-02,12.64783180026281,2015-10-13,6.636005256241787,0.44699956197985113,0.055042664282446654,1.0,0.6,0.4910148229938191,False,True,1,0.12901648635246354,15,MEDIUM,window_12m,0.36869016102069596
15-56649,15-92588,RAW_SIRET,SIRET:23440003400026,2015-04-14,2015-06-17,2.102496714848883,2016-03-30,9.42838370565046,0.21430135786246174,0.6566954961522892,1.0,1.0,0.6834187631189166,False,False,1,0.16040668791968493,5,HIGH,window_12m,0.36869016102069596
15-56776,16-83187,NAME_FALLBACK,NAME:ville d angers,2015-04-15,2016-06-07,13.764783180026281,2015-08-15,9.756898817345597,0.18692509855453354,0.4297332866635082,1.0,0.6,0.5571379249708612,False,False,1,0.24643078597102042,5,HIGH,window_12m,0.36869016102069596
15-58339,15-175690,NAME_FALLBACK,NAME:cnieg,2015-04-17,2015-11-20,7.128777923784494,2016-02-06,2.562417871222076,0.7864651773981604,0.2714421172258746,1.0,0.6,0.6516210353785963,False,False,1,0.05219610980879841,8,HIGH,window_12m,0.36869016102069596
15-58989,15-105085,NAME_FALLBACK,NAME:ccir pays de la loire,2015-04-17,2015-07-07,2.6609724047306176,2015-10-17,3.350854139290407,0.7207621550591328,0.0360290411772068,1.0,0.6,0.5528007031768056,False,False,1,0.23519307885893104,3,HIGH,window_12m,0.36869016102069596
15-59370,15-92216,NAME_FALLBACK,NAME:chu de nantes,2015-04-20,2015-06-16,1.8725361366622864,2015-10-20,4.139290407358739,0.6550591327201052,0.06701714201232328,1.0,0.6,0.5472207828843394,False,False,1,0.008362524731030718,15,POTENTIAL,window_12m,0.36869016102069596
15-59770,15-63856,NAME_FALLBACK,NAME:cap atlantique,2015-04-20,2015-04-24,0.1314060446780552,2015-10-20,5.88042049934297,0.5099649583880859,0.9891261286248633,1.0,0.6,0.8336853846157235,False,True,1,0.5147751318789032,4,HIGH,window_12m,0.36869016102069596
15-60447,15-126308,NAME_FALLBACK,NAME:sdis 44,2015-04-20,2015-08-13,3.7779237844940865,2015-10-20,2.2339027595269383,0.8138414367060884,0.7435029661301509,1.0,0.6,0.8236863973220749,False,False,1,0.4231996823136935,4,HIGH,window_12m,0.36869016102069596
15-63415,15-126308,NAME_FALLBACK,NAME:sdis 44,2015-04-24,2015-08-13,3.6465177398160313,2015-10-24,2.3653088042049935,0.8028909329829172,0.4284117886009568,0.1,0.6,0.4406668592560642,True,False,1,0.03323984166920363,3,POTENTIAL,window_12m,0.36869016102069596
15-64142,16-123498,NAME_FALLBACK,NAME:chu de nantes,2015-04-24,2016-08-22,15.965834428383705,2015-10-24,9.95400788436268,0.17049934296977665,0.4327010733038908,1.0,0.6,0.5540702113988059,False,False,1,0.04644572627576227,14,POTENTIAL,window_12m,0.36869016102069596
15-65742,16-73358,NAME_FALLBACK,NAME:ville du mans,2015-04-29,2016-05-23,12.81208935611038,2015-11-20,6.077529566360052,0.49353920280332897,0.7894238952628043,1.0,0.6,0.7596831640428137,False,False,1,0.2879682707668537,3,HIGH,window_12m,0.36869016102069596
15-69497,16-81907,NAME_FALLBACK,NAME:angers loire metropole,2015-05-06,2016-06-08,13.107752956636006,2015-11-06,7.063074901445466,0.4114104248795445,0.1425846551471142,1.0,0.6,0.5127572355213761,False,False,1,0.13409727063314253,14,HIGH,window_12m,0.36869016102069596
15-70236,15-79398,NAME_FALLBACK,NAME:sdis 85,2015-05-06,2015-05-26,0.657030223390276,2016-02-05,8.377135348226018,0.3019053876478318,0.9704514781143564,0.1,0.6,0.5051343642519825,True,False,1,0.18386385018704565,5,HIGH,window_12m,0.36869016102069596
15-71764,16-32344,NAME_FALLBACK,NAME:conseil regional des pays de la loire,2015-05-11,2016-03-04,9.789750328515112,2016-02-28,0.164257555847569,0.986311870346036,0.30272187172856824,0.0,0.6,0.41253062269150786,False,False,1,0.024084157445368015,13,POTENTIAL,window_12m,0.36869016102069596
15-74284,16-15813,NAME_FALLBACK,NAME:conseil general de loire-atlantique,2015-05-15,2016-02-02,8.639947437582128,2016-04-28,2.8252299605781865,0.7645641699518178,0.035182723185152885,0.4,0.6,0.3834549956027579,False,False,1,0.007503908870494902,13,POTENTIAL,window_12m,0.36869016102069596
15-74702,16-108313,NAME_FALLBACK,NAME:cesame - ch de sainte gemmes sur loire,2015-05-15,2016-07-19,14.159001314060447,2015-11-15,8.114323258869907,0.3238063950941744,0.9118952796554514,0.1,0.6,0.4901149466529516,True,False,1,0.4901149466529516,1,MEDIUM,window_12m,0.36869016102069596
15-74861,16-45870,NAME_FALLBACK,NAME:angers loire metropole,2015-05-18,2016-03-30,10.413929040735873,2015-11-18,4.369250985545335,0.6358957512045553,0.46596667639146133,0.0,0.6,0.3820622745381503,False,False,1,0.004950631526831173,13,POTENTIAL,window_12m,0.36869016102069596
15-75102,15-139094,NAME_FALLBACK,NAME:sdis 85,2015-05-18,2015-09-10,3.7779237844940865,2016-01-10,4.0078843626806835,0.6660096364432764,0.4190734734248891,0.0,0.6,0.3731781248095303,False,False,1,0.07682297965058527,4,MEDIUM,window_12m,0.36869016102069596
15-75567,15-159244,NAME_FALLBACK,NAME:nantes metropole,2015-05-19,2015-10-23,5.157687253613666,2015-11-19,0.8869908015768725,0.926084099868594,0.26736139026216116,1.0,0.6,0.6850975115589049,False,True,1,0.23986982105539284,30,HIGH,window_12m,0.36869016102069596
15-76852,15-173700,NAME_FALLBACK,NAME:ville de reze,2015-05-20,2015-11-17,5.946123521681997,2015-11-20,0.09855453350854139,0.9917871222076216,0.07268520943171704,0.2,0.6,0.39338660385300633,False,False,1,0.012629386962496991,4,POTENTIAL,window_12m,0.36869016102069596
15-78916,16-72442,NAME_FALLBACK,NAME:chu de nantes,2015-05-22,2016-05-22,12.02365308804205,2015-11-22,5.978975032851511,0.5017520805957074,0.14470185766412152,0.8,0.6,0.4760836703313694,False,False,1,0.08585416105359933,13,MEDIUM,window_12m,0.36869016102069596
15-81386,16-42170,NAME_FALLBACK,NAME:gpm de nantes - st nazaire,2015-05-28,2016-03-24,9.888304862023652,2015-11-28,3.843626806833114,0.6796977660972405,0.9315141171740462,1.0,0.6,0.8559543825352263,False,False,1,0.5702394460915279,4,HIGH,window_12m,0.36869016102069596
15-81652,16-7903,NAME_FALLBACK,NAME:ecole des mines de nantes,2015-05-29,2016-01-19,7.720105124835742,2015-11-29,1.6754270696452036,0.8603810775295664,0.31146762326823085,0.1,0.6,0.41410893752627237,True,False,1,0.010425905168698735,4,POTENTIAL,window_12m,0.36869016102069596
15-82604,16-40204,NAME_FALLBACK,NAME:ch le mans,2015-06-01,2016-03-22,9.69119579500657,2015-11-01,4.664914586070959,0.61125711782742,0.5749275243277615,1.0,0.6,0.7140389129715714,False,False,1,0.1850365931361475,7,HIGH,window_12m,0.36869016102069596
15-83632,15-92216,NAME_FALLBACK,NAME:chu de nantes,2015-06-03,2015-06-16,0.42706964520367935,2015-12-03,5.5847568988173455,0.5346035917652212,0.9777097698947343,1.0,0.6,0.8358493174044623,False,False,1,0.4575461483086325,13,HIGH,window_12m,0.36869016102069596
15-84820,16-57014,NAME_FALLBACK,NAME:nantes metropole,2015-06-04,2016-04-20,10.545335085413928,2016-05-14,0.7884362680683311,0.9342969776609724,0.23912397929043913,0.1,0.6,0.4072676371668968,True,False,1,0.04241487769215946,30,POTENTIAL,window_12m,0.36869016102069596
15-84881,16-103833,NAME_FALLBACK,NAME:nantes metropole,2015-06-04,2016-07-13,13.304862023653088,2016-06-14,0.9526938239159001,0.9206088480070084,0.24500315191794222,0.2,0.6,0.4359033151730319,False,False,1,0.059156268186761285,30,MEDIUM,window_12m,0.36869016102069596
15-85320,15-194034,NAME_FALLBACK,NAME:ministere des affaires etrangeres,2015-06-04,2015-12-30,6.865965834428383,2015-12-04,0.8541392904073587,0.9288217257993868,0.08617981535762101,1.0,0.6,0.622368366825014,False,True,1,0.07971885454247674,3,HIGH,window_12m,0.36869016102069596
15-85858,16-70203,NAME_FALLBACK,NAME:universite de nantes,2015-06-05,2016-05-17,11.399474375821287,2016-05-06,0.36136662286465177,0.9698861147612791,0.15975200371243675,1.0,0.6,0.6583847299896726,False,False,1,0.02590803438272049,17,POTENTIAL,window_12m,0.36869016102069596
15-86218,15-95253,NAME_FALLBACK,NAME:chu de nantes,2015-06-05,2015-06-22,0.5584756898817346,2015-11-05,4.467805519053877,0.6276828734121769,0.9824713989585665,1.0,0.6,0.8607857079885424,False,False,1,0.5454785380038212,11,HIGH,window_12m,0.36869016102069596
15-86342,16-63741,NAME_FALLBACK,NAME:conseil general de loire-atlantique,2015-06-05,2016-05-05,11.005256241787121,2016-05-21,0.5256241787122208,0.9561979851073149,0.22822874323130737,1.0,0.6,0.6789295564077862,False,False,1,0.35242850954624416,11,HIGH,window_12m,0.36869016102069596
15-86544,16-40500,NAME_FALLBACK,NAME:conseil general de loire-atlantique,2015-06-05,2016-03-22,9.559789750328514,2016-02-22,0.9526938239159001,0.9206088480070084,0.3855101694636606,0.0,0.6,0.42508077131403327,False,False,1,0.0036778051255214605,11,POTENTIAL,window_12m,0.36869016102069596
15-89263,15-159973,NAME_FALLBACK,NAME:vendee eau,2015-06-12,2015-10-28,4.533508541392904,2016-01-23,2.8580814717477003,0.761826544021025,0.6188074004370833,0.0,0.6,0.4670392261582354,False,False,1,0.06791463740014475,3,MEDIUM,window_12m,0.36869016102069596
15-89902,15-192356,NAME_FALLBACK,NAME:nantes metropole,2015-06-11,2015-12-24,6.438896189224704,2015-12-11,0.42706964520367935,0.9644108628996934,0.15927241647242532,0.1,0.6,0.3868480614902722,True,False,1,0.013965985672037606,27,POTENTIAL,window_12m,0.36869016102069596
15-90549,16-19705,NAME_FALLBACK,NAME:concarneau cornouaille agglomeration,2015-06-15,2016-02-10,7.884362680683311,2015-12-15,1.8725361366622864,0.8439553219448095,0.3473692545342032,0.0,0.6,0.3925680695731735,False,False,1,0.15064748077362583,2,MEDIUM,window_12m,0.36869016102069596
15-91934,16-37530,NAME_FALLBACK,NAME:ville de saumur,2015-09-28,2016-03-18,5.650459921156373,2016-05-18,2.0039421813403417,0.8330048182216382,0.20537790035524142,0.4,0.6,0.46013346967974406,False,False,1,0.3129435175073103,2,MEDIUM,window_12m,0.36869016102069596
15-92216,16-72442,NAME_FALLBACK,NAME:chu de nantes,2015-06-16,2016-05-22,11.202365308804204,2015-12-16,5.19053876478318,0.567455102934735,0.014907776756261188,0.6,0.6,0.3870814975983751,False,False,1,0.04992300382185516,11,POTENTIAL,window_12m,0.36869016102069596
15-92588,15-141361,RAW_SIRET,SIRET:23440003400026,2015-06-17,2015-09-16,2.9894875164257555,2016-04-21,7.1616294349540075,0.40319754708716604,0.3809568896469865,1.0,1.0,0.6341342981482367,False,False,1,0.26496131543582,4,HIGH,window_12m,0.36869016102069596
15-92906,15-175690,NAME_FALLBACK,NAME:cnieg,2015-06-17,2015-11-20,5.124835742444152,2016-02-28,3.2851511169513796,0.7262374069207184,0.2146079995657828,0.2,0.6,0.3766721515782036,False,False,1,0.019008672772165114,7,POTENTIAL,window_12m,0.36869016102069596
15-96106,15-175690,NAME_FALLBACK,NAME:cnieg,2015-06-24,2015-11-20,4.894875164257556,2016-02-07,2.59526938239159,0.7837275514673675,0.31497872451535464,0.2,0.6,0.426174441447216,False,False,1,5.722596288770809e-05,6,POTENTIAL,window_12m,0.36869016102069596
15-96870,15-174987,NAME_FALLBACK,NAME:angers loire metropole,2015-06-25,2015-11-18,4.7963206307490145,2015-12-25,1.2155059132720105,0.8987078405606658,0.03761129042684741,1.0,0.6,0.5978409117895631,False,False,1,0.013308345340082628,14,POTENTIAL,window_12m,0.36869016102069596
15-98729,15-170834,NAME_FALLBACK,NAME:spr pays de la loire,2015-06-26,2015-11-12,4.566360052562418,2015-12-26,1.445466491458607,0.879544459045116,0.5101290720675987,0.1,0.6,0.4884312899849385,True,False,1,0.08691962330267189,4,MEDIUM,window_12m,0.36869016102069596
15-98976,15-194034,NAME_FALLBACK,NAME:ministere des affaires etrangeres,2015-06-29,2015-12-30,6.044678055190539,2015-12-29,0.0328515111695138,0.9972623740692071,0.043191826327267875,1.0,0.6,0.6244327327318455,False,True,1,0.3314831972976332,2,HIGH,window_12m,0.36869016102069596
16-102238,16-114007,NAME_FALLBACK,NAME:c s t b,2016-07-09,2016-07-30,0.6898817345597897,2017-01-09,5.354796320630749,0.5537669732807708,0.8859639973088962,0.2,0.6,0.5685291423783063,False,True,1,0.5685291423783063,1,HIGH,window_12m,0.36869016102069596
16-102715,16-155479,NAME_FALLBACK,NAME:nantes metropole,2016-07-11,2016-10-27,3.54796320630749,2016-11-11,0.49277266754270693,0.9589356110381078,0.20714599565490763,0.0,0.6,0.3722350012387446,False,False,1,0.04040160553983674,24,POTENTIAL,window_12m,0.36869016102069596
16-103088,17-105683,RAW_SIRET,SIRET:24720013200014,2016-07-11,2017-07-23,12.3850197109067,2017-03-20,4.106438896189225,0.6577967586508979,0.9999999999999998,0.0,1.0,0.6144491896627243,False,False,1,0.004954900461222267,4,POTENTIAL,window_12m,0.36869016102069596
16-103802,17-15162,NAME_FALLBACK,NAME:arafer,2016-07-13,2017-01-31,6.636005256241787,2017-01-13,0.5913272010512484,0.9507227332457293,0.0778510045373483,0.2,0.6,0.38492853489950424,False,False,1,0.025879038622675488,7,POTENTIAL,window_12m,0.36869016102069596
16-103833,17-68985,NAME_FALLBACK,NAME:nantes metropole,2016-07-13,2017-06-07,10.808147174770038,2017-01-13,4.763469119579501,0.6030442400350415,0.3797078912919749,0.4,0.6,0.4636588219609516,False,False,1,0.13543428000579882,29,MEDIUM,window_12m,0.36869016102069596
16-106116,16-165866,NAME_FALLBACK,NAME:ville d orvault,2016-07-13,2016-11-16,4.139290407358739,2017-01-13,1.9053876478318001,0.8412176960140166,0.7543458816919576,0.1,0.6,0.5643254825956894,True,False,1,0.0985347013237205,8,HIGH,window_12m,0.36869016102069596
16-107267,17-15684,NAME_FALLBACK,NAME:commune de saint-nazaire,2016-07-23,2017-02-03,6.40604467805519,2017-05-16,3.350854139290407,0.7207621550591328,0.3427275792858232,0.2,0.6,0.42014519151482127,False,False,1,0.0016584666299981343,16,POTENTIAL,window_12m,0.36869016102069596
16-10778,17-53475,NAME_FALLBACK,NAME:gie sesam vitale,2016-01-22,2017-04-18,14.848883048620236,2017-05-09,0.6898817345597897,0.9425098554533509,0.15891734347922679,0.2,0.6,0.4112485340810671,False,False,1,0.016620386208768767,15,POTENTIAL,window_12m,0.36869016102069596
16-109017,17-85294,NAME_FALLBACK,NAME:gie sesam vitale,2016-07-22,2017-06-21,10.972404730617608,2017-01-22,4.92772667542707,0.5893561103810776,0.30447908280732605,0.2,0.6,0.3739067065778335,False,False,1,0.05776221310310348,11,MEDIUM,window_12m,0.36869016102069596
16-109275,17-46886,NAME_FALLBACK,NAME:agence regionale pays de la loire ti,2016-07-22,2017-04-06,8.47568988173456,2017-01-22,2.431011826544021,0.7974156811213315,0.6678379109059637,0.1,0.6,0.5230971890974201,True,False,1,0.1395571977153997,3,HIGH,window_12m,0.36869016102069596
16-11249,17-83585,NAME_FALLBACK,NAME:montrevault-sur-evre,2016-01-29,2017-06-15,16.52431011826544,2017-01-07,5.223390275952694,0.5647174770039423,0.40371134999494873,0.1,0.6,0.3724783417492176,True,False,1,0.09116865409239866,5,MEDIUM,window_12m,0.36869016102069596
16-114945,17-14986,NAME_FALLBACK,NAME:chu de nantes,2016-08-01,2017-02-02,6.077529566360052,2017-02-01,0.0328515111695138,0.9972623740692071,0.03243425351246351,0.2,0.6,0.380667582246664,False,False,1,0.009526539758709596,15,POTENTIAL,window_12m,0.36869016102069596
16-115075,16-118029,NAME_FALLBACK,NAME:conseil general de loire-atlantique,2016-08-02,2016-08-10,0.2628120893561104,2017-06-08,9.921156373193167,0.1732369689005694,0.7800278546526282,0.4,0.6,0.4963189913535622,False,False,1,0.002053219448094612,2,POTENTIAL,window_12m,0.36869016102069596
16-118057,16-118029,NAME_FALLBACK,NAME:conseil general de loire-atlantique,2016-08-07,2016-08-10,0.09855453350854139,2016-12-07,3.9093298291721417,0.6742225142356548,0.9999999999999998,1.0,0.6,0.8785556285589136,False,False,1,0.8785556285589136,1,HIGH,window_12m,0.36869016102069596
16-119669,17-90968,NAME_FALLBACK,NAME:conseil departemental de la mayenne,2016-08-12,2017-07-01,10.611038107752956,2017-03-17,3.4822601839684624,0.7098116513359615,0.8211773870450615,1.0,0.6,0.8248649982997618,False,False,1,0.08470051245179633,5,HIGH,window_12m,0.36869016102069596
16-123498,17-25915,NAME_FALLBACK,NAME:chu de nantes,2016-08-22,2017-02-22,6.044678055190539,2017-02-22,0.0,1.0,0.1872289743296681,1.0,0.6,0.6755301410153838,False,False,1,0.19085282498883444,14,HIGH,window_12m,0.36869016102069596
16-124376,17-71849,NAME_FALLBACK,NAME:conseil regional des pays de la loire,2016-08-23,2017-05-24,9.00131406044678,2017-06-20,0.8869908015768725,0.926084099868594,0.14371574580513616,0.8,0.6,0.5818215359989463,False,False,1,0.13436775468634882,24,HIGH,window_12m,0.36869016102069596
16-127032,18-21245,NAME_FALLBACK,NAME:departement de la sarthe,2016-08-30,2018-02-14,17.509855453350852,2017-06-14,8.04862023653088,0.32928164695576,0.6828881821671626,0.2,0.6,0.44133127549744694,False,False,1,0.0016216141288720176,9,POTENTIAL,window_12m,0.36869016102069596
16-127861,17-44864,NAME_FALLBACK,NAME:ville d orvault,2016-09-01,2017-03-31,6.931668856767411,2017-01-01,2.923784494086728,0.7563512921594393,0.8797296996844911,1.0,0.6,0.8569932179294317,False,False,1,0.5009553986789452,7,HIGH,window_12m,0.36869016102069596
16-128161,16-137769,NAME_FALLBACK,NAME:nantes metropole,2016-09-09,2016-09-21,0.39421813403416556,2017-03-09,5.551905387647832,0.537341217696014,0.952568457391816,0.1,0.6,0.557734264511139,True,False,1,0.16010519704106785,30,HIGH,window_12m,0.36869016102069596
16-128870,17-14986,NAME_FALLBACK,NAME:chu de nantes,2016-09-05,2017-02-02,4.92772667542707,2017-08-02,5.946123521681997,0.5044897065265002,0.1800535930592525,0.4,0.6,0.3691411842023634,False,False,1,0.0005578551468459758,15,POTENTIAL,window_12m,0.36869016102069596
16-131495,16-161115,NAME_FALLBACK,NAME:sdis 85,2016-09-08,2016-11-07,1.9710906701708277,2017-06-02,6.800262812089356,0.433311432325887,0.315275937022517,0.4,0.6,0.39867443603935265,False,False,1,0.04400848092611609,3,POTENTIAL,window_12m,0.36869016102069596
16-134501,16-184210,NAME_FALLBACK,NAME:gie sesam vitale,2016-09-15,2016-12-25,3.3180026281208934,2017-03-15,2.628120893561104,0.7809899255365746,0.03599069907966841,1.0,0.6,0.5678442260620276,False,False,1,0.22111404647376648,11,HIGH,window_12m,0.36869016102069596
16-135042,18-11225,NAME_FALLBACK,NAME:nantes metropole,2016-09-19,2018-01-27,16.26149802890933,2017-11-05,2.726675427069645,0.7727770477441962,0.16991885245816016,0.2,0.6,0.3726658602964051,False,True,1,0.00880721828229003,30,POTENTIAL,window_12m,0.36869016102069596
16-136057,16-166758,NAME_FALLBACK,NAME:ville du mans,2016-09-19,2016-11-17,1.938239159001314,2017-03-24,4.1721419185282524,0.6523215067893122,0.21930665753270195,1.0,0.6,0.5998377068337737,False,False,1,0.21718576040359944,3,HIGH,window_12m,0.36869016102069596
16-136139,17-68186,NAME_FALLBACK,NAME:conseil regional des pays de la loire,2016-09-19,2017-05-18,7.917214191852825,2017-10-05,4.599211563731932,0.6167323696890057,1.0,0.2,0.6,0.6241830924222513,False,True,1,0.18744495934058342,27,HIGH,window_12m,0.36869016102069596
16-139147,17-93952,NAME_FALLBACK,NAME:gie sesam vitale,2016-09-25,2017-07-05,9.296977660972404,2018-01-05,6.044678055190539,0.4962768287341218,0.33538775676846305,1.0,0.6,0.6014549220524925,False,False,1,0.1954468247151112,10,HIGH,window_12m,0.36869016102069596
16-139456,18-6138,NAME_FALLBACK,NAME:sdis 44,2016-09-23,2018-01-17,15.801576872536137,2017-03-23,9.85545335085414,0.1787122207621551,0.1409209967980231,1.0,0.6,0.4540004040698468,False,True,1,0.16098725646042134,5,MEDIUM,window_12m,0.36869016102069596
16-141250,16-177041,NAME_FALLBACK,NAME:centre hospitalier le faouet,2016-10-24,2016-12-09,1.5111695137976346,2017-04-24,4.467805519053877,0.6276828734121769,0.809085711725988,0.1,0.6,0.5301007174571399,True,False,1,0.5301007174571399,1,HIGH,window_12m,0.36869016102069596
16-142611,16-176618,NAME_FALLBACK,NAME:ville d orvault,2016-09-30,2016-12-09,2.299605781865966,2017-03-30,3.6465177398160313,0.6961235216819974,0.045599957796002684,1.0,0.6,0.5499908656491003,False,True,1,0.19504780826846074,7,HIGH,window_12m,0.36869016102069596
16-145577,17-51018,NAME_FALLBACK,NAME:montrevault-sur-evre,2016-10-06,2017-04-11,6.14323258869908,2017-04-06,0.164257555847569,0.986311870346036,0.12879053687395361,0.1,0.6,0.38165465549239275,True,False,1,0.08035222101359774,2,MEDIUM,window_12m,0.36869016102069596
16-148980,17-135696,NAME_FALLBACK,NAME:departement de la vendee,2016-10-13,2017-09-26,11.432325886990801,2017-09-02,0.7884362680683311,0.9342969776609724,0.008310206796408285,0.4,0.6,0.41648281679398597,False,False,1,0.08176952333298776,5,MEDIUM,window_12m,0.36869016102069596
16-15282,16-54252,NAME_FALLBACK,NAME:montrevault-sur-evre,2016-02-02,2016-04-15,2.3981603153745072,2016-08-02,3.5808147174770038,0.701598773543583,0.9141059707640259,1.0,0.6,0.8553367831533047,False,True,1,0.26891424864089775,4,HIGH,window_12m,0.36869016102069596
16-153372,18-44171,NAME_FALLBACK,NAME:rectorat de l academie de nantes,2016-10-20,2018-03-30,17.279894875164256,2017-04-20,11.300919842312746,0.05825667980727112,0.8856946757810544,0.1,0.6,0.4145573064751868,True,False,1,0.057925933375208793,4,MEDIUM,window_12m,0.36869016102069596
16-153795,17-94724,NAME_FALLBACK,NAME:commune de saint-nazaire,2016-10-26,2017-07-09,8.409986859395532,2017-05-28,1.3797634691195795,0.8850197109067017,0.33832444340487006,0.4,0.6,0.51966848291838,False,False,1,0.09202127630954848,15,HIGH,window_12m,0.36869016102069596
16-155186,17-26666,NAME_FALLBACK,NAME:vendee expansion,2016-10-26,2017-02-25,4.0078843626806835,2017-04-26,1.9710906701708277,0.835742444152431,0.24794780502199482,1.0,0.6,0.6557173427958058,False,False,1,0.044650507242367965,3,POTENTIAL,window_12m,0.36869016102069596
16-155479,17-51157,NAME_FALLBACK,NAME:nantes metropole,2016-10-27,2017-04-18,5.683311432325887,2017-08-08,3.679369250985545,0.6933858957512046,0.42291273832991083,0.2,0.6,0.44136593235326993,False,False,1,0.03361375382350262,30,POTENTIAL,window_12m,0.36869016102069596
16-16005,16-106116,NAME_FALLBACK,NAME:ville d orvault,2016-02-03,2016-07-13,5.289093298291721,2016-08-03,0.6898817345597897,0.9425098554533509,0.28833483698336165,0.1,0.6,0.4265446568075143,True,False,1,0.03049312373404195,9,POTENTIAL,window_12m,0.36869016102069596
16-161272,17-15162,NAME_FALLBACK,NAME:arafer,2016-11-07,2017-01-31,2.7923784494086727,2017-05-07,3.1537450722733245,0.7371879106438897,1.0000000000000002,0.2,0.6,0.6542969776609724,False,False,1,0.18552227073507116,4,HIGH,window_12m,0.36869016102069596
16-165866,16-176618,NAME_FALLBACK,NAME:ville d orvault,2016-11-16,2016-12-09,0.7555847568988173,2017-05-16,5.19053876478318,0.567455102934735,0.4170455930899094,0.1,0.6,0.377829733315152,True,True,1,0.027507220970079183,4,POTENTIAL,window_12m,0.36869016102069596
16-166758,17-82963,NAME_FALLBACK,NAME:ville du mans,2016-11-17,2017-06-14,6.865965834428383,2017-04-30,1.4783180026281209,0.8768068331143233,0.23020658426763924,0.4,0.6,0.47977401277225457,False,False,1,0.3889157575787251,2,MEDIUM,window_12m,0.36869016102069596
16-167180,17-61199,NAME_FALLBACK,NAME:vendee expansion,2016-11-20,2017-05-04,5.4204993429697765,2017-06-30,1.8725361366622864,0.8439553219448095,0.3878025628224816,1.0,0.6,0.7067197274740709,False,False,1,0.1806189086456652,2,HIGH,window_12m,0.36869016102069596
16-170106,17-176560,NAME_FALLBACK,NAME:sdis de la mayenne,2016-11-24,2017-12-17,12.746386333771353,2017-08-22,3.843626806833114,0.6796977660972405,0.4162740549826223,0.6,0.6,0.555620360768228,False,False,1,0.13846229618815292,2,HIGH,window_12m,0.36869016102069596
16-170680,17-93666,NAME_FALLBACK,NAME:chu de nantes,2016-11-25,2017-07-03,7.227332457293035,2017-05-25,1.281208935611038,0.8932325886990802,0.2778230430136433,0.2,0.6,0.4405462122295452,False,False,1,0.01026609724047306,12,POTENTIAL,window_12m,0.36869016102069596
16-172610,17-125205,NAME_FALLBACK,NAME:conseil general de la vendee,2016-11-30,2017-09-05,9.165571616294349,2017-11-29,2.7923784494086727,0.7673017958826106,0.3781336094800062,0.8,0.6,0.6241722122886548,False,False,1,0.3606855573829512,3,HIGH,window_12m,0.36869016102069596
16-175021,18-12119,NAME_FALLBACK,NAME:conseil regional des pays de la loire,2016-12-08,2018-01-28,13.66622864651774,2017-11-19,2.299605781865966,0.8083661848445028,0.6053746021988876,0.0,0.6,0.4739726569807364,False,False,1,0.006147551256863837,25,POTENTIAL,window_12m,0.36869016102069596
16-175178,18-31687,NAME_FALLBACK,NAME:conseil regional des pays de la loire,2016-12-06,2018-03-08,15.013140604467806,2018-03-14,0.19710906701708278,0.9835742444152431,0.11286114943860326,0.1,0.6,0.3753949634073219,True,False,1,0.03182134557779703,25,POTENTIAL,window_12m,0.36869016102069596
16-179721,17-67752,NAME_FALLBACK,NAME:gpm de nantes - st nazaire,2016-12-15,2017-05-16,4.993429697766097,2017-04-15,1.0183968462549278,0.9151335961454227,0.025883037370266586,0.4,0.6,0.41784246211594894,False,False,1,0.06142234328972529,11,MEDIUM,window_12m,0.36869016102069596
16-182034,17-174760,NAME_FALLBACK,NAME:sdis 44,2016-12-22,2017-12-14,11.727989487516425,2017-09-09,3.1537450722733245,0.7371879106438897,0.6868129781835746,1.0,0.6,0.7846815200252235,False,False,1,0.3958995969249827,4,HIGH,window_12m,0.36869016102069596
16-183461,17-155110,NAME_FALLBACK,NAME:commune de nantes,2016-12-22,2017-11-03,10.38107752956636,2017-12-22,1.609724047306176,0.865856329391152,0.7585064200614761,0.1,0.6,0.5719413293693045,True,False,1,0.1762593981566279,5,HIGH,window_12m,0.36869016102069596
16-184522,17-12394,NAME_FALLBACK,NAME:sdegm,2016-12-23,2017-01-26,1.1169513797634691,2017-04-23,2.8580814717477003,0.761826544021025,1.0,1.0,0.6,0.9004566360052562,False,False,1,0.9004566360052562,1,HIGH,window_12m,0.36869016102069596
16-184750,17-68883,NAME_FALLBACK,NAME:arafer,2016-12-28,2017-05-19,4.664914586070959,2017-06-28,1.314060446780552,0.8904949627682873,0.6812899016760514,1.0,0.6,0.8210752062786897,False,False,1,0.014372536136662228,3,POTENTIAL,window_12m,0.36869016102069596
16-20762,16-96174,RAW_SIRET,SIRET:23440003400026,2016-02-11,2016-06-30,4.599211563731932,2017-01-14,6.504599211563732,0.4579500657030223,0.8874975739960439,1.0,1.0,0.8251116673243709,False,False,1,0.4789686939459997,5,HIGH,window_12m,0.36869016102069596
16-25827,16-30715,NAME_FALLBACK,NAME:cg49,2016-02-23,2016-03-02,0.2628120893561104,2016-11-23,8.73850197109067,0.27179150240911076,0.9493574267666334,1.0,0.6,0.7602229749705993,False,False,1,0.7602229749705993,1,HIGH,window_12m,0.36869016102069596
16-27384,16-43654,NAME_FALLBACK,NAME:mindef dga do s2a,2016-03-15,2016-03-29,0.45992115637319314,2016-08-15,4.566360052562418,0.6194699956197984,0.09840579349927073,1.0,0.6,0.5493095266296943,False,False,1,0.5493095266296943,1,HIGH,window_12m,0.36869016102069596
16-2771,16-172610,NAME_FALLBACK,NAME:conseil general de la vendee,2016-01-08,2016-11-30,10.74244415243101,2016-10-18,1.4126149802890933,0.8822820849759089,0.011793382085278938,0.4,0.6,0.40469820497382486,False,False,1,0.1918609361982807,2,MEDIUM,window_12m,0.36869016102069596
16-27767,16-68875,NAME_FALLBACK,NAME:centre hospitalier de cholet,2016-02-25,2016-05-12,2.5295663600525624,2016-08-25,3.4494086727989486,0.7125492772667543,0.2112120913904861,0.2,0.6,0.3720615513033587,False,False,1,0.04370575704552804,2,POTENTIAL,window_12m,0.36869016102069596
16-2845,16-9226,NAME_FALLBACK,NAME:ville de nantes,2016-01-11,2016-01-20,0.2956636005256242,2016-07-11,5.683311432325887,0.5263907139728428,0.9007247039069047,1.0,0.6,0.8068513248606273,False,True,1,0.3693563348451366,6,HIGH,window_12m,0.36869016102069596
16-28465,16-39068,NAME_FALLBACK,NAME:syndicat departemental d energie,2016-03-01,2016-03-17,0.5256241787122208,2016-09-01,5.519053876478318,0.5400788436268069,0.952547012876016,0.1,0.6,0.5584111654133073,True,False,1,0.4293750622926331,2,HIGH,window_12m,0.36869016102069596
16-30120,16-184210,NAME_FALLBACK,NAME:gie sesam vitale,2016-03-02,2016-12-25,9.789750328515112,2017-05-25,4.9605781865965834,0.5866184844502846,0.4458896531712335,1.0,0.6,0.662715999722503,False,False,1,0.2206473393134057,15,HIGH,window_12m,0.36869016102069596
16-32105,16-151887,NAME_FALLBACK,NAME:ville de carquefou,2016-03-07,2016-10-18,7.391590013140604,2016-10-17,0.0328515111695138,0.9972623740692071,0.3752907058982723,0.2,0.6,0.500667340581697,False,False,1,0.500667340581697,1,HIGH,window_12m,0.36869016102069596
16-32344,17-44607,NAME_FALLBACK,NAME:conseil regional des pays de la loire,2016-03-04,2017-04-01,12.910643889618921,2017-01-14,2.5295663600525624,0.7892028033289531,0.028038415471639228,0.4,0.6,0.387114146247312,False,False,1,0.023095174187138023,26,POTENTIAL,window_12m,0.36869016102069596
16-32977,16-170106,NAME_FALLBACK,NAME:sdis de la mayenne,2016-03-08,2016-11-24,8.5742444152431,2016-08-08,3.54796320630749,0.7043363994743759,0.08749637333284094,0.6,0.6,0.4467078305350883,False,False,1,0.4467078305350883,1,MEDIUM,window_12m,0.36869016102069596
16-33283,16-128161,NAME_FALLBACK,NAME:nantes metropole,2016-03-10,2016-09-09,6.011826544021025,2016-09-10,0.0328515111695138,0.9972623740692071,0.03307059141571651,0.2,0.6,0.38089030051280254,False,False,1,0.011197529414203988,30,POTENTIAL,window_12m,0.36869016102069596
16-33632,16-128161,NAME_FALLBACK,NAME:nantes metropole,2016-03-11,2016-09-09,5.978975032851511,2016-09-11,0.0657030223390276,0.9945247481384144,0.003209388878094431,0.4,0.6,0.42975447314193665,False,False,1,0.0620923490286035,30,MEDIUM,window_12m,0.36869016102069596
16-35152,17-8714,NAME_FALLBACK,NAME:departement de la sarthe,2016-03-11,2017-01-19,10.315374507227332,2017-02-17,0.9526938239159001,0.9206088480070084,0.2192824766984437,0.2,0.6,0.42690107884620737,False,False,1,0.0018363341640270647,12,POTENTIAL,window_12m,0.36869016102069596
16-37108,17-55087,NAME_FALLBACK,NAME:nantes metropole,2016-03-16,2017-04-21,13.173455978975033,2017-02-28,1.7082785808147174,0.8576434515987735,0.36847878427998115,0.1,0.6,0.4333784373976868,True,False,1,0.006714994373178407,30,POTENTIAL,window_12m,0.36869016102069596
16-40204,16-56698,NAME_FALLBACK,NAME:ch le mans,2016-03-22,2016-04-20,0.9526938239159001,2016-08-22,4.073587385019711,0.6605343845816907,0.22121911305855835,1.0,0.6,0.602560285715918,False,False,1,0.18373855991653126,9,HIGH,window_12m,0.36869016102069596
16-40880,16-58728,NAME_FALLBACK,NAME:universite de nantes,2016-03-22,2016-04-22,1.0183968462549278,2016-12-27,8.180026281208935,0.3183311432325887,0.9748714633526392,1.0,0.6,0.7807877979815707,False,False,1,0.30943253740934196,16,HIGH,window_12m,0.36869016102069596
16-42023,17-67752,NAME_FALLBACK,NAME:gpm de nantes - st nazaire,2016-03-24,2017-05-16,13.731931668856767,2016-07-24,9.724047306176084,0.18966272448532628,0.04105896490183605,1.0,0.6,0.4217863188369742,False,False,1,0.06079077671240135,7,MEDIUM,window_12m,0.36869016102069596
16-45870,16-70219,NAME_FALLBACK,NAME:angers loire metropole,2016-03-30,2016-05-17,1.5768725361366622,2016-09-30,4.467805519053877,0.6276828734121769,0.07712666748257986,1.0,0.6,0.5439150519719471,False,False,1,0.018818915481084053,14,POTENTIAL,window_12m,0.36869016102069596
16-48016,16-106204,NAME_FALLBACK,NAME:universite de nantes,2016-03-31,2016-07-15,3.4822601839684624,2016-11-22,4.270696452036794,0.6441086289969338,0.31482497794188746,0.2,0.6,0.3912158995288941,False,False,1,0.05594919989099212,15,MEDIUM,window_12m,0.36869016102069596
16-48232,16-184210,NAME_FALLBACK,NAME:gie sesam vitale,2016-03-31,2016-12-25,8.83705650459921,2017-05-25,4.9605781865965834,0.5866184844502846,0.4394993116622685,1.0,0.6,0.6604793801943651,False,False,1,0.2175198946251123,15,HIGH,window_12m,0.36869016102069596
16-49315,16-153372,NAME_FALLBACK,NAME:rectorat de l academie de nantes,2016-04-05,2016-10-20,6.504599211563732,2016-10-05,0.49277266754270693,0.9589356110381078,0.8856946757810544,0.1,0.6,0.639727039282896,True,False,1,0.4113239069398351,2,HIGH,window_12m,0.36869016102069596
16-54197,16-153330,NAME_FALLBACK,NAME:nantes metropole,2016-04-17,2016-10-26,6.307490144546649,2016-10-17,0.2956636005256242,0.9753613666228647,0.033148821330293,0.2,0.6,0.3754424291213187,False,False,1,0.038294066643781266,30,POTENTIAL,window_12m,0.36869016102069596
16-54252,16-145577,NAME_FALLBACK,NAME:montrevault-sur-evre,2016-04-15,2016-10-06,5.716162943495401,2016-10-15,0.2956636005256242,0.9753613666228647,0.909269244460772,0.1,0.6,0.6520845772169863,True,True,1,0.39230220348858147,3,HIGH,window_12m,0.36869016102069596
16-54370,16-153330,NAME_FALLBACK,NAME:nantes metropole,2016-04-17,2016-10-26,6.307490144546649,2016-10-17,0.2956636005256242,0.9753613666228647,0.014821261827759339,0.2,0.6,0.3690277832954319,False,False,1,0.03577687806733543,30,POTENTIAL,window_12m,0.36869016102069596
16-55219,16-105530,NAME_FALLBACK,NAME:conseil departemental de la mayenne,2016-04-18,2016-07-15,2.890932982917214,2016-10-19,3.1537450722733245,0.7371879106438897,1.0,1.0,0.6,0.8942969776609724,False,False,1,0.5972034917076554,6,HIGH,window_12m,0.36869016102069596
16-56502,16-173647,NAME_FALLBACK,NAME:caf de la somme,2016-04-22,2016-12-04,7.424441524310118,2016-10-22,1.4126149802890933,0.8822820849759089,0.2394946640791782,1.0,0.6,0.6643936536716897,False,False,1,0.6643936536716897,1,HIGH,window_12m,0.36869016102069596
16-56698,16-67461,NAME_FALLBACK,NAME:ch le mans,2016-04-20,2016-05-10,0.657030223390276,2016-09-20,4.369250985545335,0.6358957512045553,0.0,0.6,0.6,0.3989739378011388,False,False,1,0.1358694902019899,8,MEDIUM,window_12m,0.36869016102069596
16-57014,16-155479,NAME_FALLBACK,NAME:nantes metropole,2016-04-20,2016-10-27,6.241787122207621,2016-10-20,0.22996057818659657,0.9808366184844503,0.1456430711005898,0.1,0.6,0.386184229506319,True,False,1,0.04795717342961486,29,POTENTIAL,window_12m,0.36869016102069596
16-57562,16-70307,NAME_FALLBACK,NAME:angers loire metropole,2016-04-25,2016-05-17,0.7227332457293035,2016-10-25,5.289093298291721,0.5592422251423566,0.958029713669418,0.1,0.6,0.5651209560698853,True,False,1,0.025890844372780997,14,POTENTIAL,window_12m,0.36869016102069596
16-58728,16-70203,NAME_FALLBACK,NAME:universite de nantes,2016-04-22,2016-05-17,0.8212877792378449,2016-12-27,7.35873850197109,0.38677179150240915,0.04083962924198354,1.0,0.6,0.4709868181102965,False,False,1,0.04183361177310513,14,POTENTIAL,window_12m,0.36869016102069596
16-59706,16-73142,NAME_FALLBACK,NAME:ch le mans,2016-04-27,2016-05-20,0.7555847568988173,2017-01-02,7.457293035479632,0.3785589137100307,0.772125273182131,1.0,0.6,0.7248835740412534,False,False,1,0.44209706348580485,6,HIGH,window_12m,0.36869016102069596
16-61061,16-127032,NAME_FALLBACK,NAME:departement de la sarthe,2016-04-29,2016-08-30,4.040735873850197,2016-10-29,1.9710906701708277,0.835742444152431,0.17730613446596571,1.0,0.6,0.6309927581011958,False,False,1,0.22866832005069876,8,HIGH,window_12m,0.36869016102069596
16-61484,17-68186,NAME_FALLBACK,NAME:conseil regional des pays de la loire,2016-05-01,2017-05-18,12.54927726675427,2017-03-21,1.9053876478318001,0.8412176960140166,0.2932189424164633,0.2,0.6,0.4329310538492663,False,True,1,0.05532395354233155,28,MEDIUM,window_12m,0.36869016102069596
16-62960,17-74632,NAME_FALLBACK,NAME:universite de nantes,2016-05-02,2017-05-31,12.943495400788436,2017-01-27,4.073587385019711,0.6605343845816907,0.051497674752881764,1.0,0.6,0.5431577823089313,False,True,1,0.1822927982671259,14,HIGH,window_12m,0.36869016102069596
16-64280,16-98835,NAME_FALLBACK,NAME:association e-toile,2016-05-06,2016-07-09,2.102496714848883,2017-05-20,10.348226018396845,0.13764783180026285,0.3376672731345617,1.0,0.6,0.5125955035471623,False,True,1,0.5125955035471623,1,HIGH,window_12m,0.36869016102069596
16-6558,16-25313,NAME_FALLBACK,NAME:universite de nantes,2016-01-15,2016-02-19,1.149802890932983,2016-11-22,9.099868593955321,0.24167761717038994,0.9658990302355677,1.0,0.6,0.7584840648750462,False,False,1,0.4227515446581503,18,HIGH,window_12m,0.36869016102069596
16-65767,16-92246,NAME_FALLBACK,NAME:lycee general et technologique livet,2016-05-06,2016-06-22,1.5440210249671484,2016-11-06,4.50065703022339,0.6249452474813841,0.6152554187527791,0.1,0.6,0.46157570843381873,True,False,1,0.46157570843381873,1,MEDIUM,window_12m,0.36869016102069596
16-68672,16-151274,NAME_FALLBACK,NAME:ecole centrale de nantes,2016-05-12,2016-10-19,5.256241787122208,2016-11-12,0.7884362680683311,0.9342969776609724,0.272343560608854,0.1,0.6,0.418894490628342,True,False,1,0.09722957176638003,5,MEDIUM,window_12m,0.36869016102069596
16-70203,17-142028,NAME_FALLBACK,NAME:universite de nantes,2016-05-17,2017-10-11,16.819973718791065,2017-01-27,8.442838370565045,0.2964301357862462,0.032056919808204014,1.0,0.6,0.44532745587943295,False,False,1,0.13661213867509303,12,MEDIUM,window_12m,0.36869016102069596
16-70219,17-159853,NAME_FALLBACK,NAME:angers loire metropole,2016-05-17,2017-11-13,17.904073587385017,2016-11-17,11.85939553219448,0.011717038983793393,0.12224355757313007,1.0,0.6,0.40571450489654387,False,False,1,0.007889693130643471,12,POTENTIAL,window_12m,0.36869016102069596
16-72442,17-93666,NAME_FALLBACK,NAME:chu de nantes,2016-05-22,2017-07-03,13.370565045992116,2017-06-17,0.5256241787122208,0.9561979851073149,0.04069240918969039,1.0,0.6,0.6132918394932203,False,False,1,0.010266097240473115,17,POTENTIAL,window_12m,0.36869016102069596
16-72521,16-113197,NAME_FALLBACK,NAME:ville de noirmoutier,2016-05-19,2016-07-27,2.266754270696452,2016-11-19,3.7779237844940865,0.6851730179588261,0.7009141170696223,0.1,0.6,0.5066131954640742,True,False,1,0.5066131954640742,1,HIGH,window_12m,0.36869016102069596
16-73215,17-13461,NAME_FALLBACK,NAME:nantes metropole,2016-05-23,2017-01-29,8.245729303547963,2016-11-23,2.2010512483574245,0.8165790626368813,0.6526362832575974,0.2,0.6,0.5525674647993795,False,False,1,0.2253235844680268,27,HIGH,window_12m,0.36869016102069596
16-73319,17-15684,NAME_FALLBACK,NAME:commune de saint-nazaire,2016-05-24,2017-02-03,8.377135348226018,2017-03-14,1.281208935611038,0.8932325886990802,0.3930005776923366,0.2,0.6,0.4808583493670879,False,False,1,0.07584624211716412,16,MEDIUM,window_12m,0.36869016102069596
16-73358,16-166758,NAME_FALLBACK,NAME:ville du mans,2016-05-23,2016-11-17,5.847568988173456,2016-11-05,0.39421813403416556,0.9671484888304862,0.3115353076491565,1.0,0.6,0.7108244798848262,False,False,1,0.05284897529767307,3,HIGH,window_12m,0.36869016102069596
16-7640,16-123498,NAME_FALLBACK,NAME:chu de nantes,2016-01-18,2016-08-22,7.128777923784494,2016-07-18,1.149802890932983,0.9041830924222514,0.1972660835091027,0.2,0.6,0.4150889023337488,False,False,1,0.08635848756060333,14,MEDIUM,window_12m,0.36869016102069596
16-77563,17-79002,NAME_FALLBACK,NAME:lycee polyvalent leonard de vinci,2016-05-30,2017-06-07,12.253613666228645,2016-09-30,8.21287779237845,0.31559351730179586,0.47537769149930015,1.0,0.6,0.6052805713502041,False,False,1,0.6052805713502041,1,HIGH,window_12m,0.36869016102069596
16-79523,17-54834,NAME_FALLBACK,NAME:commune de saint-nazaire,2016-06-09,2017-04-22,10.413929040735873,2017-02-06,2.463863337713535,0.7946780551905388,0.03405485818066473,1.0,0.6,0.5705887141608674,False,False,1,0.25948034570799583,14,HIGH,window_12m,0.36869016102069596
16-81005,16-158508,NAME_FALLBACK,NAME:arafer,2016-06-04,2016-10-31,4.894875164257556,2016-12-04,1.1169513797634691,0.9069207183530442,0.34208610559934416,1.0,0.6,0.7064603165480314,False,False,1,0.3832745710288339,8,HIGH,window_12m,0.36869016102069596
16-81774,16-139147,NAME_FALLBACK,NAME:gie sesam vitale,2016-06-05,2016-09-25,3.679369250985545,2016-12-05,2.3324572930354797,0.80562855891371,0.08110735985566533,1.0,0.6,0.5897947156779104,False,False,1,0.11209118400241352,11,HIGH,window_12m,0.36869016102069596
16-81907,17-99753,NAME_FALLBACK,NAME:angers loire metropole,2016-06-08,2017-07-12,13.107752956636006,2017-06-15,0.8869908015768725,0.926084099868594,0.22842534786657465,0.0,0.6,0.3714698967204496,False,False,1,0.011890975084987765,19,POTENTIAL,window_12m,0.36869016102069596
16-84729,17-168958,NAME_FALLBACK,NAME:departement de la vendee,2016-06-09,2017-11-30,17.706964520367936,2017-04-04,7.884362680683311,0.34296977660972405,0.004233460165621149,0.8,0.6,0.3872241552103984,False,False,1,0.10710917492130506,6,MEDIUM,window_12m,0.36869016102069596
16-85619,17-68186,NAME_FALLBACK,NAME:conseil regional des pays de la loire,2016-06-13,2017-05-18,11.136662286465176,2017-04-07,1.3469119579500657,0.8877573368374945,0.3581375798875217,0.0,0.6,0.40728748717000623,False,True,1,0.06912386775402501,25,MEDIUM,window_12m,0.36869016102069596
16-85662,17-68186,NAME_FALLBACK,NAME:conseil regional des pays de la loire,2016-06-13,2017-05-18,11.136662286465176,2017-05-03,0.49277266754270693,0.9589356110381078,0.31985901410711143,0.2,0.6,0.47168455769701595,False,True,1,0.04540118371135177,25,POTENTIAL,window_12m,0.36869016102069596
16-9226,16-74267,NAME_FALLBACK,NAME:ville de nantes,2016-01-20,2016-05-28,4.23784494086728,2016-07-20,1.7411300919842312,0.8549058256679807,0.536490702941798,0.0,0.6,0.4614982024466245,False,True,1,0.20164677432012584,5,MEDIUM,window_12m,0.36869016102069596
16-94711,17-39093,NAME_FALLBACK,NAME:vendee eau,2016-07-04,2017-03-24,8.639947437582128,2017-07-17,3.7779237844940865,0.6851730179588261,0.07252301777942935,0.4,0.6,0.3766763107125068,False,False,1,0.18439422573659792,2,MEDIUM,window_12m,0.36869016102069596
16-95746,16-133646,NAME_FALLBACK,NAME:g c s m s estuaire,2016-06-28,2016-09-13,2.5295663600525624,2016-10-28,1.4783180026281209,0.8768068331143233,1.0,1.0,0.6,0.9292017082785808,False,False,1,0.9292017082785808,1,HIGH,window_12m,0.36869016102069596
16-96174,17-56452,RAW_SIRET,SIRET:23440003400026,2016-06-30,2017-04-23,9.756898817345597,2017-06-22,1.9710906701708277,0.835742444152431,0.20111836835504532,0.0,1.0,0.3793270399623736,False,False,1,0.08346862115710896,9,MEDIUM,window_12m,0.36869016102069596
16-96425,16-108742,NAME_FALLBACK,NAME:cap atlantique,2016-06-29,2016-07-20,0.6898817345597897,2016-12-29,5.321944809461235,0.5565045992115638,0.9761974945531108,0.1,0.6,0.5707952728964798,True,False,1,0.24799663446147197,3,HIGH,window_12m,0.36869016102069596
16-98698,17-62873,RAW_SIRET,SIRET:19490970100303,2016-07-03,2017-05-07,10.11826544021025,2017-05-09,0.0657030223390276,0.9945247481384144,0.2291937843022261,0.0,1.0,0.4288490115403827,False,False,1,0.07460030661410422,6,MEDIUM,window_12m,0.36869016102069596
17-100105,18-38591,NAME_FALLBACK,NAME:commune de saint-nazaire,2017-07-20,2018-03-21,8.015768725361367,2018-05-18,1.9053876478318001,0.8412176960140166,0.008670441436405902,1.0,0.6,0.5733390785062462,False,True,1,0.0008481090720366957,11,POTENTIAL,window_12m,0.36869016102069596
17-102039,18-21245,NAME_FALLBACK,NAME:departement de la sarthe,2017-07-17,2018-02-14,6.964520367936925,2018-01-17,0.9198423127463863,0.9233464739378011,0.5091218126321245,1.0,0.6,0.7690292529056939,False,False,1,0.3578396661905338,12,HIGH,window_12m,0.36869016102069596
17-102187,18-46346,RAW_SIRET,SIRET:19490970100303,2017-07-19,2018-04-06,8.5742444152431,2018-05-10,1.1169513797634691,0.9069207183530442,0.9999999999999998,1.0,1.0,0.9767301795882609,False,False,1,0.5923226657904614,5,HIGH,window_12m,0.36869016102069596
17-102482,17-159373,NAME_FALLBACK,NAME:chu de nantes,2017-07-18,2017-11-12,3.843626806833114,2018-01-18,2.2010512483574245,0.8165790626368813,0.03438293814884884,0.8,0.6,0.5161787940113174,False,False,1,0.11514763634208208,8,HIGH,window_12m,0.36869016102069596
17-102708,18-31687,NAME_FALLBACK,NAME:conseil regional des pays de la loire,2017-07-18,2018-03-08,7.654402102496714,2018-01-18,1.609724047306176,0.865856329391152,0.24500491225017337,1.0,0.6,0.6622158016353488,False,False,1,0.2971957153170343,17,HIGH,window_12m,0.36869016102069596
17-102923,17-142035,NAME_FALLBACK,NAME:conseil regional des pays de la loire,2017-07-20,2017-10-11,2.726675427069645,2018-01-20,3.3180026281208934,0.7234997809899255,0.9999999999999999,1.0,0.6,0.8908749452474813,False,True,1,0.34541289129274,15,HIGH,window_12m,0.36869016102069596
17-103062,18-41617,NAME_FALLBACK,NAME:universite du maine,2017-07-20,2018-03-28,8.245729303547963,2018-04-13,0.5256241787122208,0.9561979851073149,0.03836571966791948,0.2,0.6,0.37247749816060055,False,False,1,0.06521512409139335,3,MEDIUM,window_12m,0.36869016102069596
17-103193,18-87166,NAME_FALLBACK,NAME:conseil regional des pays de la loire,2017-07-20,2018-06-24,11.136662286465176,2018-11-02,4.303547963206308,0.641371003066141,0.011084801370415363,1.0,0.6,0.5242224312461806,False,True,1,0.017814327816289888,15,POTENTIAL,window_12m,0.36869016102069596
17-104238,17-123168,NAME_FALLBACK,NAME:conseil departemental loire-atlantique,2017-07-20,2017-09-01,1.4126149802890933,2018-01-20,4.6320630749014455,0.613994743758213,0.9367775141396131,0.1,0.6,0.5713708158884179,True,False,1,0.0015322585506281072,15,POTENTIAL,window_12m,0.36869016102069596
17-105380,18-47589,NAME_FALLBACK,NAME:universite de nantes,2017-07-21,2018-04-08,8.5742444152431,2018-04-27,0.6241787122207622,0.9479851073149365,0.6221104163031109,0.1,0.6,0.5447349225348229,True,False,1,0.19285258795536014,13,HIGH,window_12m,0.36869016102069596
17-106009,18-61655,NAME_FALLBACK,NAME:nantes metropole,2017-07-26,2018-05-05,9.296977660972404,2018-06-09,1.149802890932983,0.9041830924222514,0.062259216671199796,1.0,0.6,0.6078364989404828,False,False,1,0.03894869740181428,30,POTENTIAL,window_12m,0.36869016102069596
17-107265,17-123168,NAME_FALLBACK,NAME:conseil departemental loire-atlantique,2017-07-26,2017-09-01,1.2155059132720105,2018-01-26,4.829172141918528,0.597568988173456,0.9367775141396131,0.1,0.6,0.5672643769922285,True,False,1,0.2157741158023383,14,HIGH,window_12m,0.36869016102069596
17-10967,17-21818,NAME_FALLBACK,NAME:centre hospitalier paul chapron,2017-02-09,2017-02-14,0.164257555847569,2017-08-09,5.781865965834428,0.5181778361804643,0.9817568364471466,0.1,0.6,0.5631593518016174,True,False,1,0.23137332821502216,3,HIGH,window_12m,0.36869016102069596
17-109941,18-38591,NAME_FALLBACK,NAME:commune de saint-nazaire,2017-08-02,2018-03-21,7.588699080157687,2018-05-13,1.7411300919842312,0.8549058256679807,0.27666608657753816,0.2,0.6,0.4305595867191335,False,True,1,0.022671530793580696,10,POTENTIAL,window_12m,0.36869016102069596
17-110921,18-61507,NAME_FALLBACK,NAME:ecole centrale de nantes,2017-08-04,2018-05-03,8.935611038107753,2018-07-06,2.102496714848883,0.8247919404292597,0.45387786113844225,0.2,0.6,0.4850552365057697,False,True,1,0.4850552365057697,1,MEDIUM,window_12m,0.36869016102069596
17-111330,18-61655,NAME_FALLBACK,NAME:nantes metropole,2017-08-11,2018-05-05,8.771353482260183,2018-07-31,2.8580814717477003,0.761826544021025,0.08767357833708297,1.0,0.6,0.5811423884232354,False,False,1,0.0050833664562357495,30,POTENTIAL,window_12m,0.36869016102069596
17-114118,17-140948,NAME_FALLBACK,NAME:conseil regional des pays de la loire,2017-08-10,2017-10-08,1.938239159001314,2018-08-01,9.756898817345597,0.18692509855453354,0.7150368179420392,1.0,0.6,0.656994160918347,False,True,1,0.06818682694538292,19,HIGH,window_12m,0.36869016102069596
17-114542,17-152907,NAME_FALLBACK,NAME:commune de saint jean de monts,2017-08-09,2017-10-27,2.59526938239159,2018-02-09,3.4494086727989486,0.7125492772667543,0.9999999999999998,0.1,0.6,0.6181373193166886,True,False,1,0.053677183564035724,2,HIGH,window_12m,0.36869016102069596
17-118982,18-6802,NAME_FALLBACK,NAME:ville de sable sur sarthe,2017-08-23,2018-01-16,4.7963206307490145,2018-02-23,1.2483574244415243,0.8959702146298729,0.8390779671002169,0.1,0.6,0.6076698421425442,True,False,1,0.022971384544090645,2,POTENTIAL,window_12m,0.36869016102069596
17-121705,17-152907,NAME_FALLBACK,NAME:commune de saint jean de monts,2017-08-29,2017-10-27,1.938239159001314,2018-02-28,4.073587385019711,0.6605343845816907,0.9620079969004525,0.1,0.6,0.5918363950605809,True,False,1,0.5918363950605809,1,HIGH,window_12m,0.36869016102069596
17-123168,18-52915,NAME_FALLBACK,NAME:conseil departemental loire-atlantique,2017-09-01,2018-04-17,7.490144546649145,2018-03-01,1.5440210249671484,0.8713315812527376,0.17913109485613748,0.1,0.6,0.3705287785128325,True,False,1,0.041772388422920415,15,POTENTIAL,window_12m,0.36869016102069596
17-123450,18-96470,NAME_FALLBACK,NAME:conseil departemental loire-atlantique,2017-09-03,2018-07-12,10.249671484888305,2018-03-03,4.303547963206308,0.641371003066141,0.31261476908440733,0.2,0.6,0.38975791994607784,False,False,1,0.060744464762264305,14,MEDIUM,window_12m,0.36869016102069596
17-124586,18-74252,RAW_SIRET,SIRET:19490970100303,2017-09-07,2018-06-02,8.804204993429698,2018-06-21,0.6241787122207622,0.9479851073149365,0.2291937843022261,0.0,1.0,0.4172141013345132,False,False,1,0.1162289180467847,4,MEDIUM,window_12m,0.36869016102069596
17-125205,18-121895,NAME_FALLBACK,NAME:conseil general de la vendee,2017-09-05,2018-08-30,11.793692509855452,2018-08-14,0.5256241787122208,0.9561979851073149,0.20324218345309614,0.0,0.6,0.37018426048541236,False,False,1,0.11486960081299952,4,MEDIUM,window_12m,0.36869016102069596
17-128615,17-174282,NAME_FALLBACK,NAME:inserm,2017-09-14,2017-12-14,2.9894875164257555,2018-03-14,2.9566360052562417,0.7536136662286466,0.5742011617826429,0.0,0.6,0.44937382318108665,False,False,1,0.44937382318108665,1,MEDIUM,window_12m,0.36869016102069596
17-129614,18-61655,NAME_FALLBACK,NAME:nantes metropole,2017-12-21,2018-05-05,4.434954007884363,2018-06-21,1.5440210249671484,0.8713315812527376,0.09556877460910618,1.0,0.6,0.6112819664263716,False,False,1,0.14442804772089307,30,HIGH,window_12m,0.36869016102069596
17-130666,18-28473,NAME_FALLBACK,NAME:ademe,2017-10-01,2018-03-03,5.026281208935611,2018-04-01,0.9526938239159001,0.9206088480070084,0.05352915015454494,0.2,0.6,0.3688874145558428,False,False,1,0.01052232476171222,3,POTENTIAL,window_12m,0.36869016102069596
17-132788,17-176560,NAME_FALLBACK,NAME:sdis de la mayenne,2017-09-20,2017-12-17,2.890932982917214,2018-01-20,1.1169513797634691,0.9069207183530442,0.5359527664600691,0.0,0.6,0.4743136478492852,False,False,1,0.4743136478492852,1,MEDIUM,window_12m,0.36869016102069596
17-13461,17-106009,NAME_FALLBACK,NAME:nantes metropole,2017-01-29,2017-07-26,5.847568988173456,2017-07-29,0.09855453350854139,0.9917871222076216,0.028536362199114363,0.2,0.6,0.3779345073215954,False,False,1,0.006358322419378282,30,POTENTIAL,window_12m,0.36869016102069596
17-134974,18-73911,NAME_FALLBACK,NAME:ville de bouchemaine,2017-09-25,2018-06-07,8.377135348226018,2018-03-25,2.431011826544021,0.7974156811213315,0.5278759841311622,0.1,0.6,0.4741105147262396,True,False,1,0.4741105147262396,1,MEDIUM,window_12m,0.36869016102069596
17-135428,18-43533,NAME_FALLBACK,NAME:conseil departemental de la mayenne,2017-09-28,2018-03-30,6.011826544021025,2018-03-28,0.0657030223390276,0.9945247481384144,0.29463980296719133,0.1,0.6,0.44175511807312057,True,False,1,0.16798045435358183,3,MEDIUM,window_12m,0.36869016102069596
17-136551,18-87219,NAME_FALLBACK,NAME:dir interdepartementale routes ouest,2017-09-30,2018-06-24,8.771353482260183,2018-07-31,1.2155059132720105,0.8987078405606658,0.5300027790858282,1.0,0.6,0.7701779328202063,False,False,1,0.4991665069080222,2,HIGH,window_12m,0.36869016102069596
17-139193,17-159853,NAME_FALLBACK,NAME:angers loire metropole,2017-10-04,2017-11-13,1.314060446780552,2018-04-04,4.664914586070959,0.61125711782742,0.14109463182062146,0.8,0.6,0.5021974005940725,False,False,1,0.10327325890047306,18,HIGH,window_12m,0.36869016102069596
17-140948,18-87166,NAME_FALLBACK,NAME:conseil regional des pays de la loire,2017-10-08,2018-06-24,8.508541392904073,2018-08-01,1.2483574244415243,0.8959702146298729,0.05797508490874667,1.0,0.6,0.6042838333755296,False,True,1,0.1534439231115956,15,HIGH,window_12m,0.36869016102069596
17-142028,18-18602,NAME_FALLBACK,NAME:universite de nantes,2017-10-11,2018-02-09,3.9750328515111693,2018-05-22,3.350854139290407,0.7207621550591328,0.8701271989393848,1.0,0.6,0.8447350583935678,False,False,1,0.25142401628070976,13,HIGH,window_12m,0.36869016102069596
17-142035,18-87166,NAME_FALLBACK,NAME:conseil regional des pays de la loire,2017-10-11,2018-06-24,8.409986859395532,2018-08-01,1.2483574244415243,0.8959702146298729,0.0028544601736950237,1.0,0.6,0.5849916147182614,False,True,1,0.14491144992860067,14,HIGH,window_12m,0.36869016102069596
17-143219,18-53804,NAME_FALLBACK,NAME:nantes metropole,2017-10-11,2018-04-22,6.340341655716163,2018-04-11,0.36136662286465177,0.9698861147612791,0.2756213995649679,0.1,0.6,0.42893901853805855,True,False,1,0.02497160685963118,30,POTENTIAL,window_12m,0.36869016102069596
17-143241,19-92498,NAME_FALLBACK,NAME:nantes metropole,2017-10-15,2019-06-21,20.17082785808147,2019-04-04,2.562417871222076,0.7864651773981604,0.2284452727790915,1.0,0.6,0.6365721398222222,False,True,1,0.0023687672977386054,30,POTENTIAL,window_12m,0.36869016102069596
17-144102,18-10415,NAME_FALLBACK,NAME:universite de nantes,2017-10-14,2018-01-23,3.3180026281208934,2018-07-14,5.650459921156373,0.5291283399036355,0.0,1.0,0.6,0.49228208497590886,False,False,1,0.1863885238720981,13,MEDIUM,window_12m,0.36869016102069596
17-150835,18-21831,NAME_FALLBACK,NAME:gie des epl de vendee,2017-10-25,2018-02-15,3.712220762155059,2018-04-25,2.266754270696452,0.8111038107752957,0.193185819838258,0.2,0.6,0.39039098963721425,False,True,1,0.09711444533670804,5,MEDIUM,window_12m,0.36869016102069596
17-151427,18-157794,NAME_FALLBACK,NAME:communaute communes pays de redon,2017-10-25,2018-11-12,12.582128777923783,2018-04-25,6.603153745072273,0.4497371879106439,0.061285188859888595,1.0,0.6,0.49388411307862196,False,True,1,0.49388411307862196,1,MEDIUM,window_12m,0.36869016102069596
17-15162,17-68883,NAME_FALLBACK,NAME:arafer,2017-01-31,2017-05-19,3.54796320630749,2017-07-31,2.3981603153745072,0.8001533070521244,0.29981247220052876,0.2,0.6,0.42497269203321614,False,False,1,0.014372536136662228,2,POTENTIAL,window_12m,0.36869016102069596
17-155110,18-141270,NAME_FALLBACK,NAME:commune de nantes,2017-11-03,2018-10-15,11.366622864651774,2018-05-03,5.4204993429697765,0.5482917214191854,0.9157716317931278,0.1,0.6,0.5475930014823911,True,False,1,0.20957978911177355,4,HIGH,window_12m,0.36869016102069596
17-156331,18-38591,NAME_FALLBACK,NAME:commune de saint-nazaire,2017-11-07,2018-03-21,4.402102496714849,2018-05-07,1.5440210249671484,0.8713315812527376,0.22647111646227663,0.1,0.6,0.3870977860749812,True,True,1,0.011697882880376875,9,POTENTIAL,window_12m,0.36869016102069596
17-156571,17-172856,NAME_FALLBACK,NAME:mairie de saint-viaud,2017-11-06,2017-12-08,1.0512483574244416,2018-11-06,10.939553219448094,0.08837056504599217,1.0,1.0,0.6,0.7320926412614979,False,True,1,0.7320926412614979,1,HIGH,window_12m,0.36869016102069596
17-15684,17-94724,NAME_FALLBACK,NAME:commune de saint-nazaire,2017-02-03,2017-07-09,5.124835742444152,2017-08-03,0.8212877792378449,0.9315593517301796,0.45712458702105935,0.0,0.6,0.45288344338991565,False,False,1,0.04532134966114304,16,POTENTIAL,window_12m,0.36869016102069596
17-157486,18-58630,NAME_FALLBACK,NAME:departement de la sarthe,2017-11-08,2018-04-26,5.551905387647832,2018-05-08,0.39421813403416556,0.9671484888304862,0.015424337698445163,0.6,0.6,0.48718564040207735,False,False,1,0.07273175782234781,14,MEDIUM,window_12m,0.36869016102069596
17-158224,19-55110,NAME_FALLBACK,NAME:nantes metropole,2017-11-12,2019-04-11,16.918528252299605,2018-11-20,4.664914586070959,0.61125711782742,0.4688665292532899,1.0,0.6,0.6769175646955066,False,True,1,0.1593595131211285,30,HIGH,window_12m,0.36869016102069596
17-158731,19-33087,NAME_FALLBACK,NAME:departement de la vendee,2017-11-09,2019-03-01,15.670170827858081,2018-09-09,5.683311432325887,0.5263907139728428,0.02516033084402032,0.6,0.6,0.38040379428861776,False,False,1,0.0882763340105614,5,MEDIUM,window_12m,0.36869016102069596
17-159373,18-121819,NAME_FALLBACK,NAME:chu de nantes,2017-11-12,2018-08-30,9.559789750328514,2018-10-14,1.4783180026281209,0.8768068331143233,0.30628706575216025,1.0,0.6,0.6864021812918368,False,False,1,0.001368812965396371,9,POTENTIAL,window_12m,0.36869016102069596
17-159853,18-101099,NAME_FALLBACK,NAME:angers loire metropole,2017-11-13,2018-07-22,8.245729303547963,2018-05-13,2.299605781865966,0.8083661848445028,0.0071213505075407545,0.4,0.6,0.384584018888765,False,False,1,0.028941910499615586,16,POTENTIAL,window_12m,0.36869016102069596
17-161606,18-55179,NAME_FALLBACK,NAME:carene,2017-11-23,2018-04-27,5.091984231274639,2018-03-23,1.149802890932983,0.9041830924222514,0.12470955295499851,0.2,0.6,0.3896941166398123,False,True,1,0.06934316364093462,2,MEDIUM,window_12m,0.36869016102069596
17-161917,18-149893,NAME_FALLBACK,NAME:conseil departemental loire-atlantique,2017-11-18,2018-10-26,11.235216819973719,2018-05-18,5.289093298291721,0.5592422251423566,0.08337710837080825,1.0,0.6,0.528992544215372,False,False,1,0.08722870386163234,14,HIGH,window_12m,0.36869016102069596
17-162755,18-58840,NAME_FALLBACK,NAME:la cite des congres de nantes,2017-11-17,2018-04-28,5.321944809461235,2018-05-17,0.6241787122207622,0.9479851073149365,0.28977801631138855,0.0,0.6,0.3984185825377201,False,False,1,0.020689992839499183,6,POTENTIAL,window_12m,0.36869016102069596
17-164463,18-41248,NAME_FALLBACK,NAME:commune de saint-nazaire,2017-11-24,2018-03-30,4.139290407358739,2018-05-24,1.8068331143232588,0.8494305738063951,0.22371574673644776,0.1,0.6,0.3806581548093555,True,False,1,0.038699414994552095,8,POTENTIAL,window_12m,0.36869016102069596
17-167707,18-90097,NAME_FALLBACK,NAME:nantes metropole,2017-11-28,2018-06-30,7.030223390275952,2018-05-28,1.0840998685939554,0.9096583442838371,0.13500469849380758,1.0,0.6,0.634666230543792,False,True,1,0.011159817889640156,30,POTENTIAL,window_12m,0.36869016102069596
17-168569,18-61655,NAME_FALLBACK,NAME:nantes metropole,2017-11-29,2018-05-05,5.157687253613666,2018-05-29,0.7884362680683311,0.9342969776609724,0.09056940372654435,0.2,0.6,0.38527353571953366,False,False,1,0.006721811727360749,30,POTENTIAL,window_12m,0.36869016102069596
17-168958,19-33087,NAME_FALLBACK,NAME:departement de la vendee,2017-11-30,2019-03-01,14.98028909329829,2018-10-27,4.106438896189225,0.6577967586508979,0.10441183511011301,0.4,0.6,0.380993331951264,False,False,1,0.06138197517091726,4,MEDIUM,window_12m,0.36869016102069596
17-170763,18-82638,NAME_FALLBACK,NAME:ville de la roche sur yon,2017-12-04,2018-06-15,6.340341655716163,2018-06-04,0.36136662286465177,0.9698861147612791,0.2722396072784689,0.1,0.6,0.4277553912377839,True,False,1,0.30298517689894133,3,MEDIUM,window_12m,0.36869016102069596
17-171316,18-79401,RAW_SIRET,SIRET:23440003400026,2017-12-07,2018-06-10,6.077529566360052,2018-11-02,4.763469119579501,0.6030442400350415,0.0302189100503142,1.0,1.0,0.5613376785263704,False,False,1,0.08296417598967298,16,HIGH,window_12m,0.36869016102069596
17-172986,18-6802,NAME_FALLBACK,NAME:ville de sable sur sarthe,2017-12-08,2018-01-16,1.281208935611038,2018-06-08,4.697766097240473,0.6085194918966272,0.9874899248683171,0.1,0.6,0.5877513466780677,True,False,1,0.5877513466780677,1,HIGH,window_12m,0.36869016102069596
17-173663,18-90097,NAME_FALLBACK,NAME:nantes metropole,2017-12-16,2018-06-30,6.438896189224704,2018-06-16,0.45992115637319314,0.9616732369689006,0.9999999999999997,1.0,0.6,0.9504183092422251,False,True,1,0.28696744370272165,30,HIGH,window_12m,0.36869016102069596
17-173975,18-71689,RAW_SIRET,SIRET:23440003400026,2017-12-13,2018-05-29,5.486202365308804,2019-01-01,7.128777923784494,0.4059351730179589,0.007380196388975688,1.0,1.0,0.5040668619906312,False,True,1,0.013712659469763744,16,POTENTIAL,window_12m,0.36869016102069596
17-174760,18-134465,NAME_FALLBACK,NAME:sdis 44,2017-12-14,2018-09-28,9.461235216819974,2018-12-26,2.923784494086728,0.7563512921594393,0.01871245900231517,0.6,0.6,0.4356371836906701,False,False,1,0.10632728006031178,9,MEDIUM,window_12m,0.36869016102069596
17-177418,17-178496,NAME_FALLBACK,NAME:commune de saint-nazaire,2017-12-20,2017-12-21,0.0328515111695138,2018-04-20,3.9421813403416555,0.6714848883048621,0.013363808246246313,0.6,0.6,0.4125485549624017,False,False,1,0.07825379735219928,7,MEDIUM,window_12m,0.36869016102069596
17-178496,18-38591,NAME_FALLBACK,NAME:commune de saint-nazaire,2017-12-21,2018-03-21,2.9566360052562417,2018-04-21,1.0183968462549278,0.9151335961454227,0.2737877292273384,0.0,0.6,0.3846091042659241,False,True,1,0.010600876776438617,6,POTENTIAL,window_12m,0.36869016102069596
17-179112,18-28651,NAME_FALLBACK,NAME:nantes metropole,2017-12-22,2018-03-03,2.3324572930354797,2018-06-22,3.6465177398160313,0.6961235216819974,0.013009495820531587,1.0,0.6,0.5385842039576854,False,True,1,0.022567819870557004,30,POTENTIAL,window_12m,0.36869016102069596
17-19962,17-110921,NAME_FALLBACK,NAME:ecole centrale de nantes,2017-02-11,2017-08-04,5.716162943495401,2017-08-13,0.2956636005256242,0.9753613666228647,0.3769348291281133,0.0,0.6,0.4357675318505558,False,False,1,0.12836847462047268,3,MEDIUM,window_12m,0.36869016102069596
17-20859,17-30623,NAME_FALLBACK,NAME:angers loire metropole,2017-02-12,2017-03-05,0.6898817345597897,2017-07-22,4.566360052562418,0.6194699956197984,0.9999999999999998,1.0,0.6,0.8648674989049496,False,False,1,0.5609690160822458,17,HIGH,window_12m,0.36869016102069596
17-21659,18-21831,NAME_FALLBACK,NAME:gie des epl de vendee,2017-02-14,2018-02-15,12.02365308804205,2017-08-14,6.077529566360052,0.49353920280332897,0.6955864981938381,1.0,0.6,0.7268400750686757,False,True,1,0.3548553570369726,3,HIGH,window_12m,0.36869016102069596
17-2217,17-9629,NAME_FALLBACK,NAME:carene,2017-01-05,2017-01-20,0.49277266754270693,2017-07-05,5.45335085413929,0.5455540954883924,0.9999999999999998,0.1,0.6,0.576388523872098,True,False,1,0.18111409593173278,6,HIGH,window_12m,0.36869016102069596
17-23490,19-124424,NAME_FALLBACK,NAME:chd vendee,2017-02-18,2019-08-11,29.69776609724047,2018-12-07,8.114323258869907,0.3238063950941744,0.7658139543872244,1.0,0.6,0.7089864828090722,False,True,1,0.5606736318554375,3,HIGH,window_12m,0.36869016102069596
17-26666,17-61199,NAME_FALLBACK,NAME:vendee expansion,2017-02-25,2017-05-04,2.2339027595269383,2017-10-09,5.19053876478318,0.567455102934735,0.008780129250107065,1.0,0.6,0.5049368209712213,False,False,1,0.4162190303052741,2,HIGH,window_12m,0.36869016102069596
17-29415,17-104238,NAME_FALLBACK,NAME:conseil departemental loire-atlantique,2017-03-03,2017-07-20,4.566360052562418,2017-09-03,1.4783180026281209,0.8768068331143233,0.02292252977646618,1.0,0.6,0.587224593700344,False,False,1,0.02923948638540752,15,POTENTIAL,window_12m,0.36869016102069596
17-35545,18-159101,NAME_FALLBACK,NAME:chu de nantes,2017-03-16,2018-11-14,19.97371879106439,2018-02-03,9.329829172141919,0.22251423565484008,0.8485554001426672,0.2,0.6,0.4726229489636435,False,False,1,0.16425648182192149,13,MEDIUM,window_12m,0.36869016102069596
17-35759,17-171316,RAW_SIRET,SIRET:23440003400026,2017-03-16,2017-12-07,8.73850197109067,2017-12-24,0.5584756898817346,0.9534603591765222,0.007212399468436101,0.4,1.0,0.4608894296080832,False,False,1,0.034007038018070035,11,POTENTIAL,window_12m,0.36869016102069596
17-37238,18-39750,NAME_FALLBACK,NAME:mayenne tres haut debit,2017-03-19,2018-03-28,12.28646517739816,2017-09-19,6.241787122207621,0.4798510731493649,0.42132465684847903,1.0,0.6,0.6274263981843089,False,False,1,0.6274263981843089,1,HIGH,window_12m,0.36869016102069596
17-37863,17-39483,NAME_FALLBACK,NAME:gpm de nantes - st nazaire,2017-03-17,2017-03-21,0.1314060446780552,2017-09-17,5.913272010512483,0.5072273324572931,0.8472198942413518,0.1,0.6,0.5133337960987965,True,False,1,0.18534443929780925,9,HIGH,window_12m,0.36869016102069596
17-37945,17-39483,NAME_FALLBACK,NAME:gpm de nantes - st nazaire,2017-03-17,2017-03-21,0.1314060446780552,2017-09-17,5.913272010512483,0.5072273324572931,0.7763530960744156,0.1,0.6,0.48853041674036873,True,False,1,0.16043797212817185,9,MEDIUM,window_12m,0.36869016102069596
17-39457,17-136551,NAME_FALLBACK,NAME:dir interdepartementale routes ouest,2017-03-23,2017-09-30,6.274638633377135,2017-09-23,0.22996057818659657,0.9808366184844503,0.8377922746823196,1.0,0.6,0.8984364507599245,False,False,1,0.28554202424421815,2,HIGH,window_12m,0.36869016102069596
17-39998,18-38591,NAME_FALLBACK,NAME:commune de saint-nazaire,2017-03-27,2018-03-21,11.793692509855452,2018-01-06,2.431011826544021,0.7974156811213315,0.4232212910632577,0.2,0.6,0.46748137215247304,False,True,1,0.05412516088675057,15,MEDIUM,window_12m,0.36869016102069596
17-48519,18-55179,NAME_FALLBACK,NAME:carene,2017-04-09,2018-04-27,12.582128777923783,2018-05-05,0.2628120893561104,0.9780989925536575,0.23565142762413374,0.0,0.6,0.38700274780686117,False,True,1,0.020159907146689193,4,POTENTIAL,window_12m,0.36869016102069596
17-50845,17-143219,NAME_FALLBACK,NAME:nantes metropole,2017-04-11,2017-10-11,6.011826544021025,2017-10-11,0.0,1.0,0.2669617399510149,0.1,0.6,0.43343660898285524,True,False,1,0.06804735332396666,30,MEDIUM,window_12m,0.36869016102069596
17-51157,17-111330,NAME_FALLBACK,NAME:nantes metropole,2017-04-18,2017-08-11,3.7779237844940865,2017-08-18,0.22996057818659657,0.9808366184844503,0.2777757682666859,0.0,0.6,0.4024306735144526,False,False,1,0.01633724117862051,30,POTENTIAL,window_12m,0.36869016102069596
17-53475,18-26430,NAME_FALLBACK,NAME:gie sesam vitale,2017-04-18,2018-02-25,10.282522996057818,2018-07-07,4.336399474375821,0.6386333771353483,0.2610385491985865,0.2,0.6,0.37102183650334236,False,True,1,0.02766288446632037,6,POTENTIAL,window_12m,0.36869016102069596
17-53540,17-77744,NAME_FALLBACK,NAME:nantes metropole,2017-05-05,2017-06-02,0.9198423127463863,2017-11-05,5.124835742444152,0.5729303547963207,0.9999999999999999,0.1,0.6,0.5832325886990801,True,False,1,0.24708875560945676,30,HIGH,window_12m,0.36869016102069596
17-54834,17-178496,NAME_FALLBACK,NAME:commune de saint-nazaire,2017-04-22,2017-12-21,7.982917214191852,2017-12-06,0.49277266754270693,0.9589356110381078,0.2880568941949442,0.0,0.6,0.4005538157277574,False,False,1,0.008595044566678478,14,POTENTIAL,window_12m,0.36869016102069596
17-55087,17-167707,NAME_FALLBACK,NAME:nantes metropole,2017-04-21,2017-11-28,7.260183968462549,2017-10-21,1.2483574244415243,0.8959702146298729,0.3471756601164305,0.1,0.6,0.4355040346982189,True,True,1,0.002096247127055584,30,POTENTIAL,window_12m,0.36869016102069596
17-56720,18-8615,NAME_FALLBACK,NAME:gcs esante pays de la loire,2017-04-26,2018-01-20,8.83705650459921,2018-05-22,4.0078843626806835,0.6660096364432764,0.07863815058489741,0.4,0.6,0.3740257618155332,False,False,1,0.2239540442523264,2,MEDIUM,window_12m,0.36869016102069596
17-58113,17-68883,NAME_FALLBACK,NAME:arafer,2017-04-28,2017-05-19,0.6898817345597897,2017-10-28,5.321944809461235,0.5565045992115638,0.9999999999999999,1.0,0.6,0.8491261498028908,False,False,1,0.8491261498028908,1,HIGH,window_12m,0.36869016102069596
17-58214,17-129614,NAME_FALLBACK,NAME:nantes metropole,2017-04-30,2017-12-21,7.720105124835742,2017-10-30,1.7082785808147174,0.8576434515987735,0.25200948673992835,1.0,0.6,0.6626141832586683,False,False,1,0.03863912300237993,30,POTENTIAL,window_12m,0.36869016102069596
17-58486,18-76556,NAME_FALLBACK,NAME:chu de nantes,2017-04-28,2018-06-06,13.272010512483574,2018-03-10,2.890932982917214,0.7590889180902322,0.01772113124045111,0.4,0.6,0.37597462545671595,False,False,1,0.003311486121692131,12,POTENTIAL,window_12m,0.36869016102069596
17-59442,17-115928,NAME_FALLBACK,NAME:ademe,2017-05-19,2017-08-25,3.219448094612352,2018-01-15,4.697766097240473,0.6085194918966272,0.9999999999999996,1.0,0.6,0.8621298729741567,False,False,1,0.412912735057436,5,HIGH,window_12m,0.36869016102069596
17-6085,17-105683,RAW_SIRET,SIRET:24720013200014,2017-01-15,2017-07-23,6.2089356110381075,2017-10-27,3.1537450722733245,0.7371879106438897,0.8665608688405348,0.0,1.0,0.5875932817551596,False,False,1,0.3277895471580309,3,HIGH,window_12m,0.36869016102069596
17-61541,17-159373,NAME_FALLBACK,NAME:chu de nantes,2017-05-05,2017-11-12,6.274638633377135,2018-02-20,3.2851511169513796,0.7262374069207184,0.008844898053713066,1.0,0.6,0.5446550660489791,False,False,1,0.058784996253229804,11,HIGH,window_12m,0.36869016102069596
17-62129,17-140377,NAME_FALLBACK,NAME:conseil regional des pays de la loire,2017-05-04,2017-10-05,5.059132720105125,2017-11-04,0.9855453350854139,0.9178712220762155,0.026188342548676205,0.4,0.6,0.4186337254110905,False,False,1,0.06138363028551347,21,MEDIUM,window_12m,0.36869016102069596
17-62873,17-124586,RAW_SIRET,SIRET:19490970100303,2017-05-07,2017-09-07,4.040735873850197,2018-01-22,4.50065703022339,0.6249452474813841,1.0,1.0,1.0,0.9062363118703459,False,False,1,0.5656757365980315,6,HIGH,window_12m,0.36869016102069596
17-65753,18-18447,NAME_FALLBACK,NAME:nantes metropole,2017-05-11,2018-02-09,9.00131406044678,2017-11-11,2.9566360052562417,0.7536136662286466,0.6142114018460783,0.1,0.6,0.493377407203289,True,False,1,0.008798488201965604,30,POTENTIAL,window_12m,0.36869016102069596
17-66007,17-80512,NAME_FALLBACK,NAME:ch le mans,2017-05-12,2017-06-09,0.9198423127463863,2017-11-12,5.124835742444152,0.5729303547963207,0.043272431157743325,1.0,0.6,0.5183779396042903,False,False,1,0.201380265026399,4,HIGH,window_12m,0.36869016102069596
17-6714,17-124586,RAW_SIRET,SIRET:19490970100303,2017-01-18,2017-09-07,7.621550591327201,2017-10-08,1.0183968462549278,0.9151335961454227,1.0,1.0,1.0,0.9787833990363556,False,False,1,0.08418199737187915,6,HIGH,window_12m,0.36869016102069596
17-68186,18-101994,NAME_FALLBACK,NAME:conseil regional des pays de la loire,2017-05-18,2018-07-19,14.027595269382392,2018-06-20,0.9526938239159001,0.9206088480070084,0.2738535113633949,0.1,0.6,0.4160009409789403,True,True,1,0.001555050814524006,23,POTENTIAL,window_12m,0.36869016102069596
17-68985,18-56546,NAME_FALLBACK,NAME:nantes metropole,2017-06-07,2018-04-24,10.545335085413928,2018-06-09,1.5111695137976346,0.8740692071835304,0.09487178979442001,0.2,0.6,0.3717224282239296,False,True,1,0.005224695287544434,30,POTENTIAL,window_12m,0.36869016102069596
17-71407,19-59985,NAME_FALLBACK,NAME:chu de nantes,2017-05-24,2019-04-17,22.766097240473062,2019-01-26,2.6609724047306176,0.7782522996057819,0.18386503297521478,0.2,0.6,0.37891583644277066,False,True,1,0.019241946893124307,8,POTENTIAL,window_12m,0.36869016102069596
17-71849,18-28408,NAME_FALLBACK,NAME:conseil regional des pays de la loire,2017-05-24,2018-02-28,9.198423127463863,2018-04-01,1.0512483574244416,0.9123959702146298,0.1891249992991781,0.1,0.6,0.3842927423083698,True,False,1,0.008783131810492617,21,POTENTIAL,window_12m,0.36869016102069596
17-73511,17-81541,NAME_FALLBACK,NAME:voies navigables de france,2017-05-24,2017-06-12,0.6241787122207622,2017-11-24,5.4204993429697765,0.5482917214191854,1.0,0.1,0.6,0.5770729303547963,True,False,1,0.5770729303547963,1,HIGH,window_12m,0.36869016102069596
17-73536,18-90097,NAME_FALLBACK,NAME:nantes metropole,2017-05-26,2018-06-30,13.140604467805518,2018-05-12,1.609724047306176,0.865856329391152,0.24520054982714765,1.0,0.6,0.6622842747872897,False,True,1,0.00044464373488461995,30,POTENTIAL,window_12m,0.36869016102069596
17-74587,18-21245,NAME_FALLBACK,NAME:departement de la sarthe,2017-05-29,2018-02-14,8.5742444152431,2017-11-29,2.5295663600525624,0.7892028033289531,0.13930217072710055,0.8,0.6,0.5460564605867235,False,False,1,0.03387602376068055,11,POTENTIAL,window_12m,0.36869016102069596
17-76616,17-106009,NAME_FALLBACK,NAME:nantes metropole,2017-06-03,2017-07-26,1.7411300919842312,2017-12-03,4.270696452036794,0.6441086289969338,0.9999999999999999,1.0,0.6,0.8710271572492334,False,False,1,0.19810957034043786,30,HIGH,window_12m,0.36869016102069596
17-77672,17-161006,NAME_FALLBACK,NAME:angers loire metropole,2017-06-02,2017-11-19,5.5847568988173455,2017-12-02,0.42706964520367935,0.9644108628996934,0.14762940151776624,0.2,0.6,0.4127730062561415,False,True,1,0.062047294815293974,15,MEDIUM,window_12m,0.36869016102069596
17-79002,18-79743,NAME_FALLBACK,NAME:lycee polyvalent leonard de vinci,2017-06-07,2018-06-11,12.12220762155059,2017-10-07,8.114323258869907,0.3238063950941744,0.8956463009839472,1.0,0.6,0.7544278041179251,False,False,1,0.7544278041179251,1,HIGH,window_12m,0.36869016102069596
17-80194,17-161917,NAME_FALLBACK,NAME:conseil departemental loire-atlantique,2017-06-08,2017-11-18,5.354796320630749,2017-12-08,0.657030223390276,0.9452474813841437,0.0,0.6,0.6,0.4763118703460359,False,False,1,0.07672518715444843,15,MEDIUM,window_12m,0.36869016102069596
17-8037,17-25692,NAME_FALLBACK,NAME:departement de la sarthe,2017-01-17,2017-02-22,1.1826544021024967,2017-07-17,4.763469119579501,0.6030442400350415,0.9999999999999998,0.1,0.6,0.5907610600087603,True,False,1,0.24615311811450113,8,HIGH,window_12m,0.36869016102069596
17-82173,17-172986,NAME_FALLBACK,NAME:ville de sable sur sarthe,2017-06-13,2017-12-08,5.847568988173456,2017-12-13,0.164257555847569,0.986311870346036,0.8497078764749008,0.1,0.6,0.6339757243527242,True,False,1,0.02062925041492325,4,POTENTIAL,window_12m,0.36869016102069596
17-82869,17-172986,NAME_FALLBACK,NAME:ville de sable sur sarthe,2017-06-14,2017-12-08,5.814717477003942,2017-12-14,0.19710906701708278,0.9835742444152431,0.8497078764749008,0.1,0.6,0.6332913178700261,True,False,1,0.02062925041492325,3,POTENTIAL,window_12m,0.36869016102069596
17-8592,17-23085,NAME_FALLBACK,NAME:communaute de communes de grand lieu,2017-01-18,2017-02-16,0.9526938239159001,2017-06-18,4.0078843626806835,0.6660096364432764,0.4480276556077633,0.2,0.6,0.44331208857353627,False,False,1,0.07381128480158189,2,MEDIUM,window_12m,0.36869016102069596
17-8714,17-74587,NAME_FALLBACK,NAME:departement de la sarthe,2017-01-19,2017-05-29,4.270696452036794,2017-07-19,1.6754270696452036,0.8603810775295664,0.16798081551397578,0.2,0.6,0.3938885548122831,False,False,1,0.008936958045214216,7,POTENTIAL,window_12m,0.36869016102069596
17-90424,18-110962,NAME_FALLBACK,NAME:regie dept passages d eau de vendee,2017-06-27,2018-08-02,13.173455978975033,2017-12-27,7.1616294349540075,0.40319754708716604,0.0,1.0,0.6,0.4607993867717915,False,False,1,0.4607993867717915,1,MEDIUM,window_12m,0.36869016102069596
17-90968,17-130002,NAME_FALLBACK,NAME:conseil departemental de la mayenne,2017-07-01,2017-09-17,2.562417871222076,2018-03-01,5.4204993429697765,0.5482917214191854,0.8468750551907425,1.0,0.6,0.7934791996715562,False,False,1,0.4719542795123414,5,HIGH,window_12m,0.36869016102069596
17-91590,18-53373,NAME_FALLBACK,NAME:universite de nantes,2017-06-28,2018-04-19,9.69119579500657,2018-03-25,0.8212877792378449,0.9315593517301796,0.3604237100541303,0.0,0.6,0.4190381364514905,False,True,1,0.055105947524133225,13,MEDIUM,window_12m,0.36869016102069596
17-91935,18-103911,NAME_FALLBACK,NAME:nantes metropole,2017-07-01,2018-07-26,12.81208935611038,2017-11-01,8.771353482260183,0.269053876478318,0.19873392987314678,1.0,0.6,0.4968203445751808,False,False,1,0.11592962739385493,30,MEDIUM,window_12m,0.36869016102069596
17-92310,17-117298,NAME_FALLBACK,NAME:institut 4 10,2017-06-29,2017-08-18,1.6425755584756898,2018-06-29,10.348226018396845,0.13764783180026285,0.31503359673161396,1.0,0.6,0.5046737168061306,False,False,1,0.5046737168061306,1,HIGH,window_12m,0.36869016102069596
17-9361,17-35545,NAME_FALLBACK,NAME:chu de nantes,2017-01-19,2017-03-16,1.8396846254927726,2017-07-19,4.106438896189225,0.6577967586508979,0.11222719968262064,0.8,0.6,0.5037287095516416,False,False,1,0.11547340825792274,13,HIGH,window_12m,0.36869016102069596
17-93666,17-102482,NAME_FALLBACK,NAME:chu de nantes,2017-07-03,2017-07-18,0.49277266754270693,2018-01-03,5.551905387647832,0.537341217696014,1.0,1.0,0.6,0.8443353044240034,False,False,1,0.3178904131722129,9,HIGH,window_12m,0.36869016102069596
17-94724,17-178496,NAME_FALLBACK,NAME:commune de saint-nazaire,2017-07-09,2017-12-21,5.4204993429697765,2018-02-22,2.0696452036793693,0.8275295663600526,0.3195573628158332,0.4,0.6,0.4987274685755548,False,False,1,0.03283390404535458,13,POTENTIAL,window_12m,0.36869016102069596
17-9629,17-102568,NAME_FALLBACK,NAME:carene,2017-01-20,2017-07-21,5.978975032851511,2017-07-20,0.0328515111695138,0.9972623740692071,0.18921409046724724,0.1,0.6,0.40554052518083833,True,False,1,0.050026745385103544,5,MEDIUM,window_12m,0.36869016102069596
17-96902,18-36652,NAME_FALLBACK,NAME:commune de saint-nazaire,2017-07-13,2018-03-20,8.21287779237845,2018-01-13,2.1681997371879107,0.8193166885676741,0.6499172430708959,0.2,0.6,0.552300207216732,False,True,1,0.03486085717034815,12,POTENTIAL,window_12m,0.36869016102069596
17-97609,17-174760,NAME_FALLBACK,NAME:sdis 44,2017-07-07,2017-12-14,5.256241787122208,2017-12-07,0.22996057818659657,0.9808366184844503,0.5862911632039427,0.4,0.6,0.6304110617424925,False,False,1,0.268949746930328,3,HIGH,window_12m,0.36869016102069596
18-101099,19-85688,NAME_FALLBACK,NAME:angers loire metropole,2018-07-22,2019-06-05,10.446780551905388,2019-07-23,1.5768725361366622,0.8685939553219448,0.0021180203454943653,0.4,0.6,0.3978897959514092,False,False,1,0.06060467489503257,17,MEDIUM,window_12m,0.36869016102069596
18-101437,18-149889,NAME_FALLBACK,NAME:universite de la rochelle,2018-07-18,2018-10-26,3.2851511169513796,2019-01-18,2.759526938239159,0.7700394218134035,0.0,1.0,0.6,0.5525098554533509,False,False,1,0.11735229940256159,2,HIGH,window_12m,0.36869016102069596
18-101994,19-32405,NAME_FALLBACK,NAME:conseil regional des pays de la loire,2018-07-19,2019-03-02,7.424441524310118,2019-04-18,1.5440210249671484,0.8713315812527376,0.18600741774762722,0.1,0.6,0.3729354915248539,True,False,1,0.010123605424785076,11,POTENTIAL,window_12m,0.36869016102069596
18-103911,18-164871,NAME_FALLBACK,NAME:nantes metropole,2018-07-26,2018-11-26,4.040735873850197,2018-11-26,0.0,1.0,0.09138066582926338,0.1,0.6,0.37198323304024217,True,False,1,0.046810095681586894,21,POTENTIAL,window_12m,0.36869016102069596
18-105237,19-32405,NAME_FALLBACK,NAME:conseil regional des pays de la loire,2018-07-26,2019-03-02,7.194480946123521,2018-12-26,2.1681997371879107,0.8193166885676741,0.7475511793813263,0.8,0.6,0.7664720849253828,False,False,1,0.48070028284793986,9,HIGH,window_12m,0.36869016102069596
18-109139,18-177187,NAME_FALLBACK,NAME:gie des epl de vendee,2018-08-01,2018-12-21,4.664914586070959,2019-02-01,1.3797634691195795,0.8850197109067017,0.8304716090250985,1.0,0.6,0.8719199908854598,False,False,1,0.15822558820742727,3,HIGH,window_12m,0.36869016102069596
18-11225,18-28651,NAME_FALLBACK,NAME:nantes metropole,2018-01-27,2018-03-03,1.149802890932983,2018-07-27,4.7963206307490145,0.6003066141042488,0.05781616334521712,1.0,0.6,0.5303123106968881,False,True,1,0.19340606971317642,30,HIGH,window_12m,0.36869016102069596
18-114870,19-98987,NAME_FALLBACK,NAME:conseil departemental loire-atlantique,2018-08-12,2019-06-29,10.545335085413928,2019-05-16,1.445466491458607,0.879544459045116,0.2680003150437315,0.0,0.6,0.37368622502658505,False,False,1,0.049743840867162104,11,POTENTIAL,window_12m,0.36869016102069596
18-117157,19-5191,NAME_FALLBACK,NAME:ch le mans,2018-08-20,2019-01-11,4.730617608409987,2019-02-20,1.314060446780552,0.8904949627682873,0.23876826077603389,0.2,0.6,0.4261926319636837,False,False,1,0.03625288261449744,11,POTENTIAL,window_12m,0.36869016102069596
18-117389,19-11075,NAME_FALLBACK,NAME:angers loire metropole,2018-11-26,2019-01-22,1.8725361366622864,2019-11-26,10.11826544021025,0.1568112133158125,0.9452060296284894,1.0,0.6,0.7300249136989243,False,False,1,0.26384034165571607,16,HIGH,window_12m,0.36869016102069596
18-120601,18-121819,NAME_FALLBACK,NAME:chu de nantes,2018-08-28,2018-08-30,0.0657030223390276,2019-02-28,5.978975032851511,0.5017520805957074,1.0,1.0,0.6,0.8354380201489269,False,False,1,0.5544524038119993,7,HIGH,window_12m,0.36869016102069596
18-121895,19-82611,NAME_FALLBACK,NAME:conseil general de la vendee,2018-08-30,2019-05-27,8.869908015768726,2019-07-16,1.6425755584756898,0.8631187034603591,0.17839172242778467,0.2,0.6,0.3982167787148144,False,False,1,0.008897284275076633,2,POTENTIAL,window_12m,0.36869016102069596
18-122376,19-36958,NAME_FALLBACK,NAME:nantes metropole,2018-08-31,2019-03-14,6.40604467805519,2019-02-28,0.45992115637319314,0.9616732369689006,0.11004561695019924,0.1,0.6,0.3689342751747949,True,False,1,0.009376790241497623,29,POTENTIAL,window_12m,0.36869016102069596
18-123694,19-8964,NAME_FALLBACK,NAME:departement de la sarthe,2018-09-04,2019-01-17,4.434954007884363,2019-03-04,1.5111695137976346,0.8740692071835304,0.34715704378745393,0.2,0.6,0.46002226712149147,False,False,1,0.05170219209075788,20,MEDIUM,window_12m,0.36869016102069596
18-124336,19-75460,NAME_FALLBACK,NAME:conseil regional des pays de la loire,2018-09-07,2019-05-16,8.245729303547963,2019-06-13,0.9198423127463863,0.9233464739378011,0.03821273813561604,0.4,0.6,0.4242110768319159,False,False,1,0.04744145371405839,10,POTENTIAL,window_12m,0.36869016102069596
18-125410,19-17531,NAME_FALLBACK,NAME:association songo,2018-09-07,2019-02-03,4.894875164257556,2019-01-07,0.8869908015768725,0.926084099868594,0.4406637842861052,0.8,0.6,0.6857533494672854,False,False,1,0.6857533494672854,1,HIGH,window_12m,0.36869016102069596
18-126368,19-71137,NAME_FALLBACK,NAME:departement de la sarthe,2018-09-11,2019-05-06,7.7858081471747695,2019-05-14,0.2628120893561104,0.9780989925536575,0.05571985019176615,1.0,0.6,0.6240266957055325,False,False,1,0.25907195043074155,19,HIGH,window_12m,0.36869016102069596
18-126992,19-21370,NAME_FALLBACK,NAME:esat foyers,2018-09-13,2019-02-08,4.862023653088042,2019-03-13,1.0840998685939554,0.9096583442838371,0.24432761543632814,0.2,0.6,0.4329292514736741,False,False,1,0.4329292514736741,1,MEDIUM,window_12m,0.36869016102069596
18-12739,18-19126,NAME_FALLBACK,NAME:la cite des congres de nantes,2018-01-26,2018-02-09,0.45992115637319314,2018-07-26,5.486202365308804,0.5428164695575997,1.0,1.0,0.6,0.8457041173893998,False,False,1,0.5315055593675267,5,HIGH,window_12m,0.36869016102069596
18-127511,19-46630,NAME_FALLBACK,NAME:ch le mans,2018-09-14,2019-03-25,6.307490144546649,2019-08-02,4.270696452036794,0.6441086289969338,0.021787501157319533,0.8,0.6,0.4686527826542953,False,False,1,0.146316767841763,13,MEDIUM,window_12m,0.36869016102069596
18-127661,18-148384,NAME_FALLBACK,NAME:ccir pays de la loire,2018-09-13,2018-10-24,1.3469119579500657,2019-03-13,4.599211563731932,0.6167323696890057,0.4705068565186671,0.2,0.6,0.4388604922037849,False,False,1,0.19636377903995872,2,MEDIUM,window_12m,0.36869016102069596
18-127908,19-15392,NAME_FALLBACK,NAME:departement de la sarthe,2018-09-13,2019-01-29,4.533508541392904,2019-03-13,1.4126149802890933,0.8822820849759089,0.14013021458017375,1.0,0.6,0.6296160963470381,False,False,1,0.1737683209531255,18,HIGH,window_12m,0.36869016102069596
18-128159,19-16942,NAME_FALLBACK,NAME:nantes metropole,2018-09-15,2019-02-03,4.6320630749014455,2019-03-15,1.314060446780552,0.8904949627682873,0.423334505078065,1.0,0.6,0.7307908174693944,False,False,1,0.3614752239520927,30,HIGH,window_12m,0.36869016102069596
18-128655,19-128681,RAW_SIRET,SIRET:23440003400026,2018-09-16,2019-08-24,11.235216819973719,2019-08-13,0.36136662286465177,0.9698861147612791,0.022413919961306674,0.2,1.0,0.4103164006767771,False,True,1,0.025587963702332517,13,POTENTIAL,window_12m,0.36869016102069596
18-128950,19-190328,NAME_FALLBACK,NAME:universite d angers,2018-09-16,2019-12-22,15.177398160315374,2019-05-24,6.964520367936925,0.41962330267192294,0.10187031270218137,1.0,0.6,0.5005604351137443,False,False,1,0.18963371918584065,5,HIGH,window_12m,0.36869016102069596
18-133090,20-49221,RAW_SIRET,SIRET:22850001300658,2018-09-26,2020-04-08,18.396846254927727,2019-09-30,6.274638633377135,0.4771134472185721,0.11168093887691638,0.6,1.0,0.43836669041156373,False,False,1,0.06810399827733093,15,MEDIUM,window_12m,0.36869016102069596
18-134123,18-142763,NAME_FALLBACK,NAME:departement de la sarthe,2018-09-26,2018-10-11,0.49277266754270693,2019-03-26,5.45335085413929,0.5455540954883924,1.0000000000000002,0.1,0.6,0.576388523872098,True,False,1,0.21134308913583016,17,HIGH,window_12m,0.36869016102069596
18-134465,19-131225,NAME_FALLBACK,NAME:sdis 44,2018-09-28,2019-08-29,11.005256241787121,2019-06-11,2.59526938239159,0.7837275514673675,0.0564841543210903,0.6,0.6,0.45570134187922345,False,False,1,0.003449304695587685,9,POTENTIAL,window_12m,0.36869016102069596
18-136695,19-39813,NAME_FALLBACK,NAME:departement de la mayenne,2018-10-01,2019-03-14,5.387647831800263,2019-04-01,0.5913272010512484,0.9507227332457293,0.7701830714468435,0.1,0.6,0.5972447583178275,True,False,1,0.07745773608414641,4,HIGH,window_12m,0.36869016102069596
18-14065,19-12828,RAW_SIRET,SIRET:22850001300658,2018-02-01,2019-01-26,11.793692509855452,2018-12-23,1.1169513797634691,0.9069207183530442,0.05788443870625831,0.2,1.0,0.4069897331354515,False,False,1,0.053897915096025595,8,MEDIUM,window_12m,0.36869016102069596
18-14081,18-52482,NAME_FALLBACK,NAME:cdc du pays de saint gilles cx de vie,2018-02-02,2018-04-21,2.562417871222076,2018-10-14,5.781865965834428,0.5181778361804643,0.9999999999999999,1.0,0.6,0.839544459045116,False,True,1,0.6743790451589957,2,HIGH,window_12m,0.36869016102069596
18-141270,19-164966,NAME_FALLBACK,NAME:commune de nantes,2018-10-15,2019-10-30,12.483574244415243,2019-04-15,6.504599211563732,0.4579500657030223,0.7059070612289682,0.1,0.6,0.4515549878558945,True,False,1,0.1505661573696921,10,MEDIUM,window_12m,0.36869016102069596
18-142560,19-112016,NAME_FALLBACK,NAME:ville de nantes,2018-10-13,2019-07-21,9.231274638633376,2019-08-24,1.1169513797634691,0.9069207183530442,0.67341832936075,1.0,0.6,0.8224265948645235,False,False,1,0.045489263436247596,7,POTENTIAL,window_12m,0.36869016102069596
18-144285,18-179065,NAME_FALLBACK,NAME:agce pour l enst fr a l etranger,2018-10-17,2018-12-23,2.2010512483574245,2019-08-16,7.752956636005256,0.35392028033289535,0.028452484854961598,1.0,0.6,0.4584384397824604,False,False,1,0.2054084427835589,5,MEDIUM,window_12m,0.36869016102069596
18-144441,19-97500,NAME_FALLBACK,NAME:cap atlantique,2018-10-17,2019-06-25,8.245729303547963,2019-02-17,4.204993429697766,0.6495838808585195,0.028113472358815818,1.0,0.6,0.5322356855402154,False,False,1,0.08418199737187909,3,HIGH,window_12m,0.36869016102069596
18-146989,19-103833,NAME_FALLBACK,NAME:metropole nantes metropole,2018-10-22,2019-07-05,8.409986859395532,2019-04-22,2.431011826544021,0.7974156811213315,0.3091851747063736,1.0,0.6,0.6675687314275636,False,True,1,0.2720532194480945,2,HIGH,window_12m,0.36869016102069596
18-149889,19-147530,NAME_FALLBACK,NAME:universite de la rochelle,2018-10-26,2019-10-02,11.202365308804204,2019-04-26,5.223390275952694,0.5647174770039423,0.43689254196226435,1.0,0.6,0.6540917589377782,False,False,1,0.6540917589377782,1,HIGH,window_12m,0.36869016102069596
18-149893,20-35774,NAME_FALLBACK,NAME:conseil departemental loire-atlantique,2018-10-26,2020-03-11,16.491458607095925,2019-04-26,10.512483574244415,0.1239597021462987,0.5211975895397118,0.4,0.6,0.3934090818754738,False,False,1,0.029467183592235435,9,POTENTIAL,window_12m,0.36869016102069596
18-150422,19-1779,RAW_SIRET,SIRET:23440003400026,2018-10-27,2019-01-09,2.431011826544021,2019-04-27,3.54796320630749,0.7043363994743759,0.0,0.8,1.0,0.5160840998685939,False,False,1,0.06867232788213995,11,HIGH,window_12m,0.36869016102069596
18-150889,19-144868,RAW_SIRET,SIRET:22850001300658,2018-10-27,2019-09-26,10.972404730617608,2019-09-22,0.1314060446780552,0.9890494962768287,0.006958220039961112,0.4,1.0,0.46969775108319356,False,False,1,0.15628878493437626,14,MEDIUM,window_12m,0.36869016102069596
18-151695,19-8820,NAME_FALLBACK,NAME:agce pour l enst fr a l etranger,2018-10-28,2019-01-19,2.726675427069645,2019-04-28,3.252299605781866,0.7289750328515112,0.924904351730345,0.4,0.6,0.6859602813184986,False,False,1,0.389113907318862,3,HIGH,window_12m,0.36869016102069596
18-15680,18-97311,NAME_FALLBACK,NAME:commune de saint-nazaire,2018-02-07,2018-07-12,5.091984231274639,2018-08-07,0.8541392904073587,0.9288217257993868,0.24013813094681075,0.1,0.6,0.40625377728123047,True,True,1,0.03747352104856844,5,POTENTIAL,window_12m,0.36869016102069596
18-159101,19-59985,NAME_FALLBACK,NAME:chu de nantes,2018-11-14,2019-04-17,5.059132720105125,2019-05-14,0.8869908015768725,0.926084099868594,0.3855911293403212,0.2,0.6,0.4864779202362609,False,False,1,0.20657927917936936,6,MEDIUM,window_12m,0.36869016102069596
18-165012,18-171623,NAME_FALLBACK,NAME:ch le mans,2018-11-26,2018-12-10,0.45992115637319314,2019-03-26,3.4822601839684624,0.7098116513359615,1.0,1.0,0.6,0.8874529128339903,False,False,1,0.4970457889325723,9,HIGH,window_12m,0.36869016102069596
18-166821,20-4011,NAME_FALLBACK,NAME:cnieg,2018-12-01,2020-01-12,13.370565045992116,2019-09-22,3.679369250985545,0.6933858957512046,0.04442627590497181,0.4,0.6,0.36889567050454125,False,False,1,0.016043996023270224,6,POTENTIAL,window_12m,0.36869016102069596
18-167367,18-173792,NAME_FALLBACK,NAME:si energies de maine et loire,2018-11-30,2018-12-13,0.42706964520367935,2019-05-30,5.519053876478318,0.5400788436268069,0.9999999999999998,1.0,0.6,0.8450197109067017,False,False,1,0.8450197109067017,1,HIGH,window_12m,0.36869016102069596
18-167431,19-103125,NAME_FALLBACK,NAME:cnieg,2018-12-03,2019-07-04,6.9973718791064385,2019-09-22,2.628120893561104,0.7809899255365746,0.0,0.4,0.6,0.37524748138414366,False,False,1,0.04993876713152856,5,POTENTIAL,window_12m,0.36869016102069596
18-168544,19-156899,NAME_FALLBACK,NAME:nantes metropole,2018-12-06,2019-10-18,10.38107752956636,2019-10-19,0.0328515111695138,0.9972623740692071,0.19207821575915218,0.2,0.6,0.43654296903300505,False,False,1,0.04458936374888478,30,POTENTIAL,window_12m,0.36869016102069596
18-171623,19-24951,NAME_FALLBACK,NAME:ch le mans,2018-12-10,2019-02-15,2.2010512483574245,2019-04-10,1.773981603153745,0.8521681997371879,0.30599707636185136,0.0,0.6,0.38014102666094496,False,False,1,0.02510972962470992,9,POTENTIAL,window_12m,0.36869016102069596
18-173960,19-103125,NAME_FALLBACK,NAME:cnieg,2018-12-15,2019-07-04,6.603153745072273,2019-06-15,0.6241787122207622,0.9479851073149365,0.0,0.4,0.6,0.41699627682873414,False,False,1,0.1792138457192879,4,MEDIUM,window_12m,0.36869016102069596
18-174630,18-177187,NAME_FALLBACK,NAME:gie des epl de vendee,2018-12-14,2018-12-21,0.22996057818659657,2019-06-14,5.7490144546649145,0.520915462111257,0.05141175729352765,1.0,0.6,0.5082229805805489,False,False,1,0.0018108032676085184,2,POTENTIAL,window_12m,0.36869016102069596
18-174875,19-119269,NAME_FALLBACK,NAME:nantes metropole,2018-12-18,2019-08-02,7.457293035479632,2019-06-18,1.4783180026281209,0.8768068331143233,0.08909184245756231,0.2,0.6,0.3703838531387276,False,False,1,0.009271788203136178,30,POTENTIAL,window_12m,0.36869016102069596
18-175843,18-177187,NAME_FALLBACK,NAME:gie des epl de vendee,2018-12-19,2018-12-21,0.0657030223390276,2019-09-28,9.231274638633376,0.23072711344721863,0.45773226895191343,1.0,0.6,0.5778880724949744,False,False,1,0.5778880724949744,1,HIGH,window_12m,0.36869016102069596
18-177907,19-101998,NAME_FALLBACK,NAME:mairie de coueron,2018-12-20,2019-07-04,6.438896189224704,2019-06-20,0.45992115637319314,0.9616732369689006,0.1950843201546718,0.1,0.6,0.3986978212963603,True,False,1,0.08165775446675938,5,MEDIUM,window_12m,0.36869016102069596
18-180161,19-37169,NAME_FALLBACK,NAME:ctre hosp universitaire angers,2018-12-26,2019-03-10,2.431011826544021,2019-09-09,6.011826544021025,0.49901445466491456,1.0,1.0,0.6,0.8347536136662286,False,False,1,0.48481371169535237,14,HIGH,window_12m,0.36869016102069596
18-18447,18-21811,NAME_FALLBACK,NAME:nantes metropole,2018-02-09,2018-02-15,0.19710906701708278,2018-08-09,5.7490144546649145,0.520915462111257,0.9781738744688419,0.1,0.6,0.5625897215919089,True,False,1,0.19222151262121928,30,HIGH,window_12m,0.36869016102069596
18-18602,18-54467,NAME_FALLBACK,NAME:universite de nantes,2018-02-09,2018-04-21,2.3324572930354797,2018-12-17,7.884362680683311,0.34296977660972405,0.006488808609313827,1.0,0.6,0.4480135271656908,False,False,1,0.09443205755438133,10,MEDIUM,window_12m,0.36869016102069596
18-18750,18-35949,NAME_FALLBACK,NAME:comsopgn,2018-02-08,2018-03-15,1.149802890932983,2018-06-08,2.7923784494086727,0.7673017958826106,0.9999999999999986,1.0,0.6,0.9018254489706521,False,False,1,0.9018254489706521,1,HIGH,window_12m,0.36869016102069596
18-20656,18-122376,NAME_FALLBACK,NAME:nantes metropole,2018-02-13,2018-08-31,6.5374507227332455,2018-08-13,0.5913272010512484,0.9507227332457293,0.22309314979417258,0.1,0.6,0.40576328573939274,True,False,1,0.018478975032851508,30,POTENTIAL,window_12m,0.36869016102069596
18-21245,18-127908,NAME_FALLBACK,NAME:departement de la sarthe,2018-02-14,2018-09-13,6.931668856767411,2018-08-14,0.9855453350854139,0.9178712220762155,0.09818251602952825,0.4,0.6,0.4438316861293888,False,False,1,0.021837562080424755,14,POTENTIAL,window_12m,0.36869016102069596
18-21811,18-122376,NAME_FALLBACK,NAME:nantes metropole,2018-02-15,2018-08-31,6.471747700394218,2018-08-15,0.5256241787122208,0.9561979851073149,0.1269534186547822,0.1,0.6,0.3734831928060025,True,False,1,0.02121660096364436,30,POTENTIAL,window_12m,0.36869016102069596
18-22305,18-52389,NAME_FALLBACK,NAME:uniha gcs,2018-02-17,2018-04-18,1.9710906701708277,2018-08-17,3.9750328515111693,0.6687472623740692,0.6108669706276435,0.4,0.6,0.5609902553131925,False,False,1,0.5609902553131925,1,HIGH,window_12m,0.36869016102069596
18-22345,18-52389,NAME_FALLBACK,NAME:uniha gcs,2018-02-17,2018-04-18,1.9710906701708277,2018-08-17,3.9750328515111693,0.6687472623740692,0.35416128678684533,0.4,0.6,0.47114326596891315,False,False,1,0.47114326596891315,1,MEDIUM,window_12m,0.36869016102069596
18-26430,19-176592,NAME_FALLBACK,NAME:gie sesam vitale,2018-02-25,2019-11-27,21.02496714848883,2019-08-08,3.6465177398160313,0.6961235216819974,0.0,1.0,0.6,0.5340308804204994,False,True,1,0.2155329581608701,7,HIGH,window_12m,0.36869016102069596
18-26824,19-1779,RAW_SIRET,SIRET:23440003400026,2018-02-25,2019-01-09,10.446780551905388,2019-03-06,1.8396846254927726,0.8466929478756022,0.25528257988836484,0.8,1.0,0.6410221399298283,False,False,1,0.12667228317535317,17,HIGH,window_12m,0.36869016102069596
18-27476,18-146489,RAW_SIRET,SIRET:19490970100303,2018-02-28,2018-10-20,7.687253613666228,2018-10-20,0.0,1.0,0.3377670388599821,1.0,1.0,0.7682184636009937,False,False,1,0.47004616662316784,3,HIGH,window_12m,0.36869016102069596
18-28651,18-122376,NAME_FALLBACK,NAME:nantes metropole,2018-03-03,2018-08-31,5.946123521681997,2018-09-03,0.09855453350854139,0.9917871222076216,0.19926852540098855,0.1,0.6,0.4076907644422514,True,True,1,0.04311760840998685,30,POTENTIAL,window_12m,0.36869016102069596
18-29375,18-34097,NAME_FALLBACK,NAME:commune de reze,2018-03-01,2018-03-12,0.36136662286465177,2018-09-01,5.683311432325887,0.5263907139728428,0.9999999999999991,1.0,0.6,0.8415976784932104,False,False,1,0.5229674907885521,3,HIGH,window_12m,0.36869016102069596
18-29896,19-103125,NAME_FALLBACK,NAME:cnieg,2018-03-02,2019-07-04,16.064388961892245,2018-09-02,10.019710906701707,0.16502409110819105,0.0233283596095474,1.0,0.6,0.40942094864038936,False,False,1,0.030241340654444504,4,POTENTIAL,window_12m,0.36869016102069596
18-30222,19-1779,RAW_SIRET,SIRET:23440003400026,2018-03-04,2019-01-09,10.21681997371879,2019-04-11,3.0223390275952693,0.7481384143670609,0.007969201617990205,0.8,1.0,0.5298238241580617,False,False,1,0.046903137650533,17,POTENTIAL,window_12m,0.36869016102069596
18-31687,19-32405,NAME_FALLBACK,NAME:conseil regional des pays de la loire,2018-03-08,2019-03-02,11.793692509855452,2019-03-06,0.1314060446780552,0.9890494962768287,0.1989319598217735,0.0,0.6,0.3768885600068279,False,False,1,0.02871085660479933,14,POTENTIAL,window_12m,0.36869016102069596
18-32739,18-38804,NAME_FALLBACK,NAME:commune de la baule,2018-03-08,2018-03-20,0.39421813403416556,2018-07-08,3.6136662286465175,0.6988611476127902,0.09368729166809288,1.0,0.6,0.56750583898703,False,False,1,0.56750583898703,1,HIGH,window_12m,0.36869016102069596
18-35370,18-90097,NAME_FALLBACK,NAME:nantes metropole,2018-03-14,2018-06-30,3.54796320630749,2018-09-14,2.4967148488830486,0.791940429259746,0.4032979351346284,0.1,0.6,0.4291393846120564,True,True,1,0.07259254802127446,29,MEDIUM,window_12m,0.36869016102069596
18-35804,18-72093,NAME_FALLBACK,NAME:ccir pays de la loire,2018-03-16,2018-05-30,2.463863337713535,2018-07-16,1.5440210249671484,0.8713315812527376,0.9999999999999999,1.0,0.6,0.9278328953131842,False,False,1,0.6246981905135354,4,HIGH,window_12m,0.36869016102069596
18-36652,18-38591,NAME_FALLBACK,NAME:commune de saint-nazaire,2018-03-20,2018-03-21,0.0328515111695138,2018-09-20,6.011826544021025,0.49901445466491456,0.60649659215854,1.0,0.6,0.6970274209217175,False,True,1,0.3260311894515046,4,HIGH,window_12m,0.36869016102069596
18-37425,19-43671,NAME_FALLBACK,NAME:universite de nantes,2018-03-18,2019-03-20,12.056504599211562,2019-01-19,1.9710906701708277,0.835742444152431,0.24755756444760996,0.2,0.6,0.4155807585947712,False,True,1,0.03763846178963548,9,POTENTIAL,window_12m,0.36869016102069596
18-38591,18-41248,NAME_FALLBACK,NAME:commune de saint-nazaire,2018-03-21,2018-03-30,0.2956636005256242,2018-09-21,5.7490144546649145,0.520915462111257,0.5622410213046356,0.2,0.6,0.4470132229844367,False,True,1,0.07068112418427747,3,MEDIUM,window_12m,0.36869016102069596
18-38970,19-46291,NAME_FALLBACK,NAME:gpm de nantes - st nazaire,2018-03-21,2019-03-25,12.12220762155059,2018-09-21,6.077529566360052,0.49353920280332897,0.6438031427301459,0.1,0.6,0.4387159006563833,True,False,1,0.08796525214003142,6,MEDIUM,window_12m,0.36869016102069596
18-38978,19-46291,NAME_FALLBACK,NAME:gpm de nantes - st nazaire,2018-03-21,2019-03-25,12.12220762155059,2018-09-21,6.077529566360052,0.49353920280332897,0.5655249991499983,0.1,0.6,0.41131855040333165,True,False,1,0.06212468679276939,6,MEDIUM,window_12m,0.36869016102069596
18-40625,18-60154,NAME_FALLBACK,NAME:angers loire metropole,2018-03-23,2018-05-04,1.3797634691195795,2018-07-23,2.628120893561104,0.7809899255365746,0.06197446806265861,0.4,0.6,0.39693854520607413,False,False,1,0.08568045245451217,10,MEDIUM,window_12m,0.36869016102069596
18-41248,18-88858,NAME_FALLBACK,NAME:commune de saint-nazaire,2018-03-30,2018-07-01,3.055190538764783,2018-09-30,2.9894875164257555,0.7508760402978537,0.14571923016316574,0.4,0.6,0.41872074063157144,False,False,1,0.06662463283135278,2,MEDIUM,window_12m,0.36869016102069596
18-41400,18-177907,NAME_FALLBACK,NAME:mairie de coueron,2018-03-26,2018-12-20,8.83705650459921,2018-09-26,2.7923784494086727,0.7673017958826106,0.9999999999999998,0.1,0.6,0.6318254489706525,True,False,1,0.34010842200088515,4,HIGH,window_12m,0.36869016102069596
18-42613,19-10428,RAW_SIRET,SIRET:22850001300658,2018-03-29,2019-01-23,9.85545335085414,2019-02-01,0.2956636005256242,0.9753613666228647,0.19447720014192058,0.0,1.0,0.41190736170538833,False,False,1,0.05120541680347257,8,MEDIUM,window_12m,0.36869016102069596
18-43156,19-46630,NAME_FALLBACK,NAME:ch le mans,2018-03-30,2019-03-25,11.826544021024967,2019-04-21,0.8869908015768725,0.926084099868594,0.22048324586727852,0.0,0.6,0.36869016102069596,False,False,1,0.02319574835057653,13,POTENTIAL,window_12m,0.36869016102069596
18-44367,18-114528,NAME_FALLBACK,NAME:ville des sables d olonne,2018-03-30,2018-08-10,4.369250985545335,2018-07-30,0.36136662286465177,0.9698861147612791,0.0,0.4,0.6,0.42247152869031973,False,False,1,0.07613020934241121,3,MEDIUM,window_12m,0.36869016102069596
18-46720,18-181130,NAME_FALLBACK,NAME:nantes metropole,2018-04-07,2018-12-30,8.771353482260183,2018-09-07,3.7450722733245727,0.687910643889619,0.05976163095691722,0.4,0.6,0.3728942318073258,False,False,1,0.03348941721240967,27,POTENTIAL,window_12m,0.36869016102069596
18-51459,18-128655,RAW_SIRET,SIRET:23440003400026,2018-04-15,2018-09-16,5.059132720105125,2018-08-15,1.0512483574244416,0.9123959702146298,0.27248709349953526,0.0,1.0,0.42346947527849477,False,False,1,0.053074143741838054,8,MEDIUM,window_12m,0.36869016102069596
18-53378,18-66863,NAME_FALLBACK,NAME:nantes metropole,2018-04-20,2018-05-20,0.9855453350854139,2018-10-20,5.026281208935611,0.5811432325886992,0.04280261041666327,0.6,0.6,0.40026672179300693,False,False,1,0.052993945277143684,29,MEDIUM,window_12m,0.36869016102069596
18-54467,19-59879,NAME_FALLBACK,NAME:universite de nantes,2018-04-21,2019-04-15,11.793692509855452,2019-03-07,1.281208935611038,0.8932325886990802,0.017300289567700113,0.4,0.6,0.4093632485234651,False,False,1,0.0194011438766441,8,POTENTIAL,window_12m,0.36869016102069596
18-55455,18-57126,NAME_FALLBACK,NAME:sdis49,2018-04-20,2018-04-24,0.1314060446780552,2019-02-27,10.151116951379763,0.15407358738501975,0.9999999999999998,0.1,0.6,0.4785183968462548,True,False,1,0.1945349216962402,4,MEDIUM,window_12m,0.36869016102069596
18-56546,18-90097,NAME_FALLBACK,NAME:nantes metropole,2018-04-24,2018-06-30,2.2010512483574245,2018-10-24,3.8107752956636003,0.6824353920280333,0.2563554546357384,1.0,0.6,0.6203332571295168,False,True,1,0.09104638873232562,27,HIGH,window_12m,0.36869016102069596
18-57918,18-151695,NAME_FALLBACK,NAME:agce pour l enst fr a l etranger,2018-04-27,2018-10-28,6.044678055190539,2018-10-27,0.0328515111695138,0.9972623740692071,0.10685232883382823,1.0,0.6,0.6467139086091416,False,False,1,0.272597504955433,7,HIGH,window_12m,0.36869016102069596
18-58630,18-123694,NAME_FALLBACK,NAME:departement de la sarthe,2018-04-26,2018-09-04,4.303547963206308,2019-01-31,4.894875164257556,0.5920937363118703,0.05328677790012341,0.8,0.6,0.46667380634301076,False,False,1,0.03583232524139962,20,POTENTIAL,window_12m,0.36869016102069596
18-58840,18-120644,NAME_FALLBACK,NAME:la cite des congres de nantes,2018-04-28,2018-08-30,4.073587385019711,2018-08-28,0.0657030223390276,0.9945247481384144,0.848584446080931,1.0,0.6,0.9056357431629294,False,False,1,0.5636948878923674,2,HIGH,window_12m,0.36869016102069596
18-61256,19-74485,NAME_FALLBACK,NAME:nantes metropole,2018-05-05,2019-05-18,12.417871222076215,2019-01-18,3.9421813403416555,0.6714848883048621,0.019111836693239754,0.6,0.6,0.41456036491884946,False,False,1,0.013578924395963199,28,POTENTIAL,window_12m,0.36869016102069596
18-61655,19-36958,NAME_FALLBACK,NAME:nantes metropole,2018-05-05,2019-03-14,10.282522996057818,2019-01-18,1.8068331143232588,0.8494305738063951,0.09139118280327654,1.0,0.6,0.6043445574327455,False,False,1,0.07665408414789532,28,HIGH,window_12m,0.36869016102069596
18-66502,18-125586,NAME_FALLBACK,NAME:agce pour l enst fr a l etranger,2018-05-16,2018-09-07,3.7450722733245727,2018-11-16,2.299605781865966,0.8083661848445028,0.27319177645304327,1.0,0.6,0.6577086679696909,False,True,1,0.2661514000412199,6,HIGH,window_12m,0.36869016102069596
18-66863,19-36958,NAME_FALLBACK,NAME:nantes metropole,2018-05-20,2019-03-14,9.789750328515112,2019-02-25,0.5584756898817346,0.9534603591765222,0.11231737544005638,0.4,0.6,0.45767617119815024,False,False,1,0.07457153666199506,30,MEDIUM,window_12m,0.36869016102069596
18-71689,19-137030,RAW_SIRET,SIRET:23440003400026,2018-05-29,2019-09-12,15.473061760840999,2019-05-24,3.6465177398160313,0.6961235216819974,0.35410833527598096,1.0,1.0,0.6979687977670926,False,True,1,0.382873528384701,16,HIGH,window_12m,0.36869016102069596
18-74544,19-98987,NAME_FALLBACK,NAME:conseil departemental loire-atlantique,2018-06-02,2019-06-29,12.877792378449408,2018-10-02,8.869908015768726,0.2608409986859396,0.8569875821655482,1.0,0.6,0.7251559034294268,False,False,1,0.32702533427268976,11,HIGH,window_12m,0.36869016102069596
18-76556,18-121819,NAME_FALLBACK,NAME:chu de nantes,2018-06-06,2018-08-30,2.7923784494086727,2018-12-06,3.219448094612352,0.731712658782304,0.013015689631798647,0.6,0.6,0.4274836560667055,False,False,1,0.001368812965396371,7,POTENTIAL,window_12m,0.36869016102069596
18-79401,19-17058,RAW_SIRET,SIRET:23440003400026,2018-06-10,2019-02-03,7.818659658344283,2019-04-28,2.759526938239159,0.7700394218134035,0.014133873547537227,0.4,1.0,0.41745671119498884,False,False,1,0.01943953622202499,14,POTENTIAL,window_12m,0.36869016102069596
18-79940,18-126992,NAME_FALLBACK,NAME:esat foyers,2018-06-13,2018-09-13,3.0223390275952693,2018-12-13,2.9894875164257555,0.7508760402978537,0.8630533981161581,1.0,0.6,0.8497876994151188,False,False,1,0.4344805333878941,2,HIGH,window_12m,0.36869016102069596
18-80158,18-149893,NAME_FALLBACK,NAME:conseil departemental loire-atlantique,2018-06-13,2018-10-26,4.434954007884363,2018-12-13,1.5768725361366622,0.8685939553219448,0.03481574657279238,0.4,0.6,0.4093340001309635,False,False,1,0.09093634925790661,10,MEDIUM,window_12m,0.36869016102069596
18-85137,18-136146,NAME_FALLBACK,NAME:commune de mauges sur loire,2018-06-20,2018-09-28,3.2851511169513796,2018-10-20,0.7227332457293035,0.939772229522558,0.2580161233370795,0.1,0.6,0.41524870054861734,True,False,1,0.11541325588772294,3,MEDIUM,window_12m,0.36869016102069596
18-87166,19-56150,NAME_FALLBACK,NAME:conseil regional des pays de la loire,2018-06-24,2019-04-10,9.526938239159001,2019-04-20,0.328515111695138,0.9726237406920718,0.0,1.0,0.6,0.603155935173018,False,True,1,0.27244605271493527,12,HIGH,window_12m,0.36869016102069596
18-8879,20-16671,NAME_FALLBACK,NAME:gie sesam vitale,2018-01-21,2020-02-05,24.47437582128778,2019-09-03,5.091984231274639,0.5756679807271134,0.19839315769493227,0.4,0.6,0.39335460037500464,False,False,1,0.06031255044070766,7,MEDIUM,window_12m,0.36869016102069596
18-90097,20-11000,NAME_FALLBACK,NAME:nantes metropole,2018-06-30,2020-01-25,18.85676741130092,2019-12-15,1.3469119579500657,0.8877573368374945,0.2177114138342692,1.0,0.6,0.6581383290513678,False,True,1,0.014869341681330805,30,POTENTIAL,window_12m,0.36869016102069596
18-90441,18-122376,NAME_FALLBACK,NAME:nantes metropole,2018-06-29,2018-08-31,2.0696452036793693,2018-12-29,3.9421813403416555,0.6714848883048621,1.0,0.1,0.6,0.6078712220762155,True,False,1,0.20830981185425357,26,HIGH,window_12m,0.36869016102069596
18-9145,18-14065,RAW_SIRET,SIRET:22850001300658,2018-01-21,2018-02-01,0.36136662286465177,2018-09-27,7.818659658344283,0.34844502847130976,0.01772092344339291,0.6,1.0,0.373313580323015,False,False,1,0.021872873564073525,7,POTENTIAL,window_12m,0.36869016102069596
18-92681,19-5147,NAME_FALLBACK,NAME:ville de bouguenais,2018-07-03,2019-01-11,6.307490144546649,2019-10-09,8.902759526938238,0.25810337275514683,0.8350968978953477,1.0,0.6,0.7168097574521584,False,False,1,0.4196536222378974,3,HIGH,window_12m,0.36869016102069596
18-96257,18-108773,NAME_FALLBACK,NAME:sm megalis,2018-07-10,2018-07-30,0.657030223390276,2019-01-10,5.387647831800263,0.5510293473499781,0.9590417144600428,0.1,0.6,0.5634219368985096,True,False,1,0.22251394391643542,2,HIGH,window_12m,0.36869016102069596
18-96470,19-81470,NAME_FALLBACK,NAME:conseil departemental loire-atlantique,2018-07-12,2019-05-24,10.38107752956636,2019-06-09,0.5256241787122208,0.9561979851073149,0.24890195764055606,0.0,0.6,0.38616518145102335,False,False,1,0.06371117150740935,13,MEDIUM,window_12m,0.36869016102069596
18-99139,19-85601,RAW_SIRET,SIRET:20007186800018,2018-07-15,2019-06-05,10.676741130091983,2019-03-21,2.4967148488830486,0.791940429259746,0.07165525637650152,0.4,1.0,0.443064447046712,False,False,1,0.443064447046712,1,MEDIUM,window_12m,0.36869016102069596
19-100667,19-113409,NAME_FALLBACK,NAME:communaute d agglomeration du niortais,2019-07-01,2019-07-19,0.5913272010512484,2020-01-01,5.45335085413929,0.5455540954883924,0.9999999999999992,0.1,0.6,0.5763885238720978,True,False,1,0.2314518393155508,3,HIGH,window_12m,0.36869016102069596
19-101998,20-52194,NAME_FALLBACK,NAME:mairie de coueron,2019-07-04,2020-04-14,9.362680683311432,2020-05-24,1.314060446780552,0.8904949627682873,0.3146359877500213,0.1,0.6,0.42274633640457926,True,False,1,0.06697461356790768,3,MEDIUM,window_12m,0.36869016102069596
19-103253,19-189255,NAME_FALLBACK,NAME:communaute de cnes terres de montaigu,2019-07-06,2019-12-21,5.519053876478318,2020-05-11,4.664914586070959,0.61125711782742,0.3360721527662242,0.2,0.6,0.3904395329250335,False,False,1,0.16388467100233864,2,MEDIUM,window_12m,0.36869016102069596
19-103545,19-165120,NAME_FALLBACK,NAME:chu de nantes,2019-07-06,2019-10-30,3.8107752956636003,2019-11-06,0.22996057818659657,0.9808366184844503,0.05734675436868032,0.4,0.6,0.44528051865015067,False,False,1,0.13367177304386013,9,MEDIUM,window_12m,0.36869016102069596
19-103833,19-105305,NAME_FALLBACK,NAME:metropole nantes metropole,2019-07-05,2019-07-08,0.09855453350854139,2020-01-05,5.946123521681997,0.5044897065265002,0.9999999999999998,0.1,0.6,0.5661224266316249,True,True,1,0.35630058786382224,2,HIGH,window_12m,0.36869016102069596
19-104228,19-185562,NAME_FALLBACK,NAME:commune de saint-herblain,2019-07-05,2019-12-12,5.256241787122208,2020-01-05,0.7884362680683311,0.9342969776609724,0.17896985844105356,0.2,0.6,0.41621369486961185,False,False,1,0.17967203893846395,3,MEDIUM,window_12m,0.36869016102069596
19-10428,20-70265,RAW_SIRET,SIRET:22850001300658,2019-01-23,2020-05-31,16.228646517739815,2019-11-09,6.701708278580814,0.44152431011826543,0.06435544688406342,1.0,1.0,0.5329054839389885,False,False,1,0.17982927488788192,14,HIGH,window_12m,0.36869016102069596
19-105083,20-11000,NAME_FALLBACK,NAME:nantes metropole,2019-07-10,2020-01-25,6.5374507227332455,2020-01-10,0.49277266754270693,0.9589356110381078,0.03572701348286511,1.0,0.6,0.6122383574785297,False,True,1,0.010281421098784271,30,POTENTIAL,window_12m,0.36869016102069596
19-105444,20-91088,RAW_SIRET,SIRET:24720013200014,2019-07-10,2020-07-18,12.28646517739816,2020-05-10,2.266754270696452,0.8111038107752957,1.0,1.0,1.0,0.9527759526938239,False,False,1,0.7977943152685206,2,HIGH,window_12m,0.36869016102069596
19-106149,19-147471,NAME_FALLBACK,NAME:universite d angers,2019-07-09,2019-09-30,2.726675427069645,2020-03-23,5.7490144546649145,0.520915462111257,1.0,0.1,0.6,0.5702288655278143,True,False,1,0.2915104712915775,8,HIGH,window_12m,0.36869016102069596
19-108933,19-117328,NAME_FALLBACK,NAME:ctre hosp universitaire angers,2019-07-12,2019-07-26,0.45992115637319314,2020-01-12,5.5847568988173455,0.5346035917652212,1.0,0.1,0.6,0.5736508979413053,True,True,1,0.20987687366054808,6,HIGH,window_12m,0.36869016102069596
19-109269,20-29934,NAME_FALLBACK,NAME:ville de nantes,2019-08-02,2020-02-28,6.898817345597897,2020-01-02,1.8725361366622864,0.8439553219448095,0.27062698945047287,0.2,0.6,0.42570827679386786,False,False,1,0.09711968843530017,3,MEDIUM,window_12m,0.36869016102069596
19-110370,20-38676,NAME_FALLBACK,NAME:commune de nantes,2019-07-19,2020-03-15,7.884362680683311,2020-01-19,1.8396846254927726,0.8466929478756022,0.6170995647021217,1.0,0.6,0.7876580846146433,False,True,1,0.4156731797729168,11,HIGH,window_12m,0.36869016102069596
19-11075,19-16795,NAME_FALLBACK,NAME:angers loire metropole,2019-01-22,2019-01-31,0.2956636005256242,2020-01-22,11.695137976346912,0.025405168637757325,1.0000000000000002,0.1,0.6,0.4463512921594393,True,False,1,0.1402005660142051,14,MEDIUM,window_12m,0.36869016102069596
19-11185,19-124888,NAME_FALLBACK,NAME:departement de maine-et-loire,2019-01-23,2019-08-13,6.636005256241787,2019-07-23,0.6898817345597897,0.9425098554533509,0.9650727723557215,1.0,0.6,0.9334029341878403,False,False,1,0.6626530213942631,6,HIGH,window_12m,0.36869016102069596
19-112153,20-130533,NAME_FALLBACK,NAME:communaute urbaine d alencon,2019-07-18,2020-10-23,15.210249671484888,2020-01-18,9.165571616294349,0.23620236530880423,0.9536545702760592,0.1,0.6,0.4828296909238217,True,False,1,0.1592992245902673,2,MEDIUM,window_12m,0.36869016102069596
19-112156,20-130599,NAME_FALLBACK,NAME:ville d alencon,2019-07-18,2020-10-23,15.210249671484888,2020-01-18,9.165571616294349,0.23620236530880423,0.9816341146095371,0.1,0.6,0.49262253144053897,True,False,1,0.49262253144053897,1,MEDIUM,window_12m,0.36869016102069596
19-117328,19-125270,NAME_FALLBACK,NAME:ctre hosp universitaire angers,2019-07-26,2019-08-14,0.6241787122207622,2020-01-26,5.4204993429697765,0.5482917214191854,0.13912841848202798,1.0,0.6,0.5457678768235061,False,True,1,0.019265467712687112,5,POTENTIAL,window_12m,0.36869016102069596
19-117771,19-174440,NAME_FALLBACK,NAME:sdis49,2019-07-29,2019-11-21,3.7779237844940865,2020-03-19,3.9093298291721417,0.6742225142356548,0.9295829620997307,1.0,0.6,0.8539096652938194,False,False,1,0.8539096652938194,1,HIGH,window_12m,0.36869016102069596
19-119269,20-26585,NAME_FALLBACK,NAME:nantes metropole,2019-08-02,2020-02-23,6.734559789750328,2020-02-02,0.6898817345597897,0.9425098554533509,0.20145927742908343,1.0,0.6,0.666138210963517,False,False,1,0.01098910529139574,30,POTENTIAL,window_12m,0.36869016102069596
19-123696,19-138231,NAME_FALLBACK,NAME:cc du pays de mortagne,2019-08-08,2019-09-11,1.1169513797634691,2019-12-08,2.890932982917214,0.7590889180902322,0.9999999999999998,1.0,0.6,0.8997722295225579,False,False,1,0.8997722295225579,1,HIGH,window_12m,0.36869016102069596
19-123920,20-21049,NAME_FALLBACK,NAME:nantes metropole,2019-08-09,2020-02-11,6.110381077529566,2020-02-09,0.0657030223390276,0.9945247481384144,0.13858502230547715,0.1,0.6,0.3871359448415206,True,False,1,1.9463905191419162e-05,30,POTENTIAL,window_12m,0.36869016102069596
19-124424,20-152502,NAME_FALLBACK,NAME:chd vendee,2019-08-11,2020-12-14,16.130091984231274,2021-02-23,2.3324572930354797,0.80562855891371,0.45524168121933994,1.0,0.6,0.7207417281551964,False,True,1,0.5837191858028439,2,HIGH,window_12m,0.36869016102069596
19-125270,19-145845,NAME_FALLBACK,NAME:ctre hosp universitaire angers,2019-08-14,2019-09-26,1.4126149802890933,2020-02-14,4.6320630749014455,0.613994743758213,0.049941639156889414,1.0,0.6,0.5309782596444645,False,True,1,0.23444951153519117,4,HIGH,window_12m,0.36869016102069596
19-127477,21-83160,NAME_FALLBACK,NAME:angers loire metropole,2020-05-02,2021-06-25,13.764783180026281,2021-09-20,2.8580814717477003,0.761826544021025,0.012223161302959614,0.4,0.6,0.3747347424612921,False,False,1,0.009348297863175425,6,POTENTIAL,window_12m,0.36869016102069596
19-12828,20-10119,RAW_SIRET,SIRET:22850001300658,2019-01-26,2020-01-24,11.925098554533507,2019-12-21,1.1169513797634691,0.9069207183530442,0.21181135890985647,0.0,1.0,0.4008641552067108,False,False,1,0.0357814446451139,15,POTENTIAL,window_12m,0.36869016102069596
19-128681,20-142015,RAW_SIRET,SIRET:23440003400026,2019-08-24,2020-11-21,14.947437582128778,2020-08-12,3.3180026281208934,0.7234997809899255,0.0020994491458347646,1.0,1.0,0.5816097524485235,False,True,1,0.05344472297583058,15,HIGH,window_12m,0.36869016102069596
19-131092,20-67439,NAME_FALLBACK,NAME:sdis 44,2019-08-30,2020-05-25,8.83705650459921,2020-06-05,0.36136662286465177,0.9698861147612791,0.1339338525134966,0.6,0.6,0.5293483770700436,False,False,1,0.20000726221887255,5,HIGH,window_12m,0.36869016102069596
19-131225,19-131092,NAME_FALLBACK,NAME:sdis 44,2019-08-29,2019-08-30,0.0328515111695138,2020-01-29,4.993429697766097,0.5838808585194919,0.053482451980284076,0.8,0.6,0.4646890728229724,False,False,1,0.03828068688092817,4,POTENTIAL,window_12m,0.36869016102069596
19-131601,20-67439,NAME_FALLBACK,NAME:sdis 44,2019-08-29,2020-05-25,8.869908015768726,2020-01-29,3.843626806833114,0.6796977660972405,0.3720286885757924,0.6,0.6,0.5401344825258374,False,False,1,0.013535889872574147,4,POTENTIAL,window_12m,0.36869016102069596
19-13728,19-98987,NAME_FALLBACK,NAME:conseil departemental loire-atlantique,2019-01-25,2019-06-29,5.091984231274639,2019-07-25,0.8541392904073587,0.9288217257993868,0.15091351780976647,0.1,0.6,0.37502516268326497,True,False,1,0.06085485121347062,10,MEDIUM,window_12m,0.36869016102069596
19-141668,20-72017,NAME_FALLBACK,NAME:sdis 85,2019-09-19,2020-06-04,8.508541392904073,2020-07-19,1.4783180026281209,0.8768068331143233,0.19636241234560642,0.6,0.6,0.527928552599543,False,False,1,0.21918884571799035,3,HIGH,window_12m,0.36869016102069596
19-142610,19-185581,NAME_FALLBACK,NAME:departement de maine-et-loire,2019-09-20,2019-12-20,2.9894875164257555,2020-01-20,1.0183968462549278,0.9151335961454227,0.07583892452857645,0.2,0.6,0.3753270226213574,False,False,1,0.13182590099442196,3,MEDIUM,window_12m,0.36869016102069596
19-143955,19-177480,RAW_SIRET,SIRET:23440003400026,2019-09-24,2019-11-28,2.135348226018397,2020-01-24,1.8725361366622864,0.8439553219448095,0.9566688505698498,1.0,1.0,0.9458229281856497,False,False,1,0.5938721789277238,11,HIGH,window_12m,0.36869016102069596
19-145053,19-174809,NAME_FALLBACK,NAME:departement de la sarthe,2019-09-24,2019-11-20,1.8725361366622864,2020-03-24,4.106438896189225,0.6577967586508979,0.9840442363160227,1.0,0.6,0.8688646723733324,False,False,1,0.44196107741642154,7,HIGH,window_12m,0.36869016102069596
19-147943,20-110309,RAW_SIRET,SIRET:23440003400026,2019-10-02,2020-09-10,11.300919842312746,2020-07-23,1.609724047306176,0.865856329391152,0.009818869934039855,0.2,1.0,0.3799006868247019,False,False,1,0.024653205440558268,12,POTENTIAL,window_12m,0.36869016102069596
19-148074,20-8243,NAME_FALLBACK,NAME:oti du pays de st gilles croix de vie,2019-10-01,2020-01-17,3.54796320630749,2020-10-01,8.47568988173456,0.29369250985545337,0.6097020346078564,1.0,0.6,0.646818839576613,False,False,1,0.13197024578979533,2,HIGH,window_12m,0.36869016102069596
19-151382,20-11000,NAME_FALLBACK,NAME:nantes metropole,2019-10-09,2020-01-25,3.54796320630749,2020-04-09,2.463863337713535,0.7946780551905388,0.11933369888746559,1.0,0.6,0.6004363084082476,False,True,1,0.03756958554313572,30,POTENTIAL,window_12m,0.36869016102069596
19-152453,20-10180,NAME_FALLBACK,NAME:chd vendee,2019-10-10,2020-01-24,3.4822601839684624,2020-05-22,3.9093298291721417,0.6742225142356548,1.0,1.0,0.6,0.8785556285589136,False,False,1,0.6298893069180848,3,HIGH,window_12m,0.36869016102069596
19-15392,20-16042,NAME_FALLBACK,NAME:departement de la sarthe,2019-01-29,2020-01-31,12.056504599211562,2019-07-29,6.110381077529566,0.4908015768725361,0.17565236221144617,1.0,0.6,0.5441787209921403,False,False,1,0.011591351844252529,13,POTENTIAL,window_12m,0.36869016102069596
19-15670,19-145845,NAME_FALLBACK,NAME:ctre hosp universitaire angers,2019-02-01,2019-09-26,7.7858081471747695,2020-02-16,4.697766097240473,0.6085194918966272,0.011270886005527732,1.0,0.6,0.5160746830760915,False,True,1,0.006663675132580704,12,POTENTIAL,window_12m,0.36869016102069596
19-156899,20-91517,NAME_FALLBACK,NAME:nantes metropole,2019-10-18,2020-07-19,9.034165571616294,2020-06-25,0.7884362680683311,0.9342969776609724,0.2625415053824853,0.0,0.6,0.38546377129911297,False,False,1,0.043328284292583286,30,POTENTIAL,window_12m,0.36869016102069596
19-157359,20-109382,RAW_SIRET,SIRET:21440184600016,2019-10-18,2020-09-06,10.64388961892247,2020-07-22,1.5111695137976346,0.8740692071835304,0.1763057274186473,0.0,1.0,0.3802243063924091,False,False,1,0.12053127210033854,5,MEDIUM,window_12m,0.36869016102069596
19-160018,20-140005,NAME_FALLBACK,NAME:lycee polyvalent leonard de vinci,2019-10-21,2020-11-16,12.877792378449408,2020-02-21,8.83705650459921,0.2635786246167324,1.0000000000000002,1.0,0.6,0.7758946561541831,False,False,1,0.7758946561541831,1,HIGH,window_12m,0.36869016102069596
19-161349,20-47343,NAME_FALLBACK,NAME:cci metropolitaine bretagne ouest,2019-10-25,2020-04-02,5.256241787122208,2020-04-25,0.7555847568988173,0.9370346035917653,0.19958964347585068,0.2,0.6,0.4241150261144891,False,False,1,0.4241150261144891,1,MEDIUM,window_12m,0.36869016102069596
19-163024,21-31568,NAME_FALLBACK,NAME:gie sesam vitale,2019-10-27,2021-03-11,16.45860709592641,2021-02-08,1.0183968462549278,0.9151335961454227,0.0,0.4,0.6,0.4087833990363557,False,False,1,0.025323039859833585,7,POTENTIAL,window_12m,0.36869016102069596
19-164966,19-178825,NAME_FALLBACK,NAME:commune de nantes,2019-10-30,2019-12-03,1.1169513797634691,2020-10-30,10.90670170827858,0.09110819097678491,0.12860200460031632,1.0,0.6,0.4277877493543069,False,False,1,0.10468109085445726,12,MEDIUM,window_12m,0.36869016102069596
19-165120,20-19986,NAME_FALLBACK,NAME:chu de nantes,2019-10-30,2020-02-09,3.350854139290407,2020-02-29,0.657030223390276,0.9452474813841437,0.06368285508554408,0.2,0.6,0.37860086962597633,False,False,1,0.06433524761097131,12,MEDIUM,window_12m,0.36869016102069596
19-165780,20-8243,NAME_FALLBACK,NAME:oti du pays de st gilles croix de vie,2019-10-31,2020-01-17,2.562417871222076,2020-10-31,9.461235216819974,0.21156373193166889,0.09710646028005007,1.0,0.6,0.4468781940809347,False,False,1,0.4468781940809347,1,MEDIUM,window_12m,0.36869016102069596
19-169306,19-169787,NAME_FALLBACK,NAME:angers loire metropole,2019-11-08,2019-11-12,0.1314060446780552,2020-05-08,5.847568988173456,0.5127025843188786,1.0000000000000002,0.1,0.6,0.5681756460797196,True,False,1,0.19536832751835886,8,HIGH,window_12m,0.36869016102069596
19-169357,20-94462,NAME_FALLBACK,NAME:ch le mans,2019-11-08,2020-07-26,8.5742444152431,2020-05-08,2.59526938239159,0.7837275514673675,0.015415529296605144,1.0,0.6,0.5613273231206537,False,False,1,0.20661570388985367,8,HIGH,window_12m,0.36869016102069596
19-169855,20-27358,NAME_FALLBACK,NAME:gie sesam vitale,2019-11-12,2020-02-23,3.383705650459921,2020-05-12,2.59526938239159,0.7837275514673675,0.07743164330889565,1.0,0.6,0.5830329630249553,False,False,1,0.17301251628539766,7,HIGH,window_12m,0.36869016102069596
19-17058,20-110309,RAW_SIRET,SIRET:23440003400026,2019-02-03,2020-09-10,19.21813403416557,2020-07-23,1.609724047306176,0.865856329391152,0.01605597645948688,1.0,1.0,0.6220836741086083,False,False,1,0.18737600962851153,16,HIGH,window_12m,0.36869016102069596
19-174098,20-12202,NAME_FALLBACK,NAME:conseil regional des pays de la loire,2019-11-21,2020-01-26,2.1681997371879107,2020-09-14,7.621550591327201,0.36487078405606665,0.2628748129962149,1.0,0.6,0.5432238805626919,False,True,1,0.19569381583785733,12,HIGH,window_12m,0.36869016102069596
19-174412,21-88699,NAME_FALLBACK,NAME:semitan,2019-11-22,2021-06-30,19.250985545335084,2021-01-30,4.9605781865965834,0.5866184844502846,0.30842730234208626,0.2,0.6,0.37460417693230136,False,True,1,0.03933354078095763,8,POTENTIAL,window_12m,0.36869016102069596
19-174809,20-93634,NAME_FALLBACK,NAME:departement de la sarthe,2019-11-20,2020-07-22,8.04862023653088,2020-05-20,2.0696452036793693,0.8275295663600526,0.18268006458886,0.2,0.6,0.39082041419611413,False,False,1,0.004218137050462201,6,POTENTIAL,window_12m,0.36869016102069596
19-175998,21-90254,NAME_FALLBACK,NAME:communaute communes parthenay-gatine,2019-11-24,2021-06-30,19.185282522996058,2021-07-23,0.7555847568988173,0.9370346035917653,0.39519612069724663,0.0,0.6,0.4325772931419776,False,False,1,0.18934523774479944,3,MEDIUM,window_12m,0.36869016102069596
19-176592,22-74813,NAME_FALLBACK,NAME:gie sesam vitale,2019-11-27,2022-05-27,29.96057818659658,2021-09-27,7.9500657030223385,0.33749452474813846,0.0,1.0,0.6,0.4443736311870346,False,True,1,0.029429478756022753,8,POTENTIAL,window_12m,0.36869016102069596
19-176963,20-66280,NAME_FALLBACK,NAME:angers loire metropole,2020-01-06,2020-05-28,4.697766097240473,2020-07-06,1.281208935611038,0.8932325886990802,0.033507513935450886,0.8,0.6,0.5350357770521779,False,False,1,0.027303765289086845,8,POTENTIAL,window_12m,0.36869016102069596
19-177026,20-93724,RAW_SIRET,SIRET:13001232100050,2019-11-27,2020-07-24,7.884362680683311,2020-11-26,4.106438896189225,0.6577967586508979,0.3656745075521489,0.0,1.0,0.39243526730597655,False,False,1,0.1273016711605539,2,MEDIUM,window_12m,0.36869016102069596
19-1779,20-124045,RAW_SIRET,SIRET:23440003400026,2019-01-09,2020-10-11,21.057818659658345,2020-10-26,0.49277266754270693,0.9589356110381078,0.0,0.4,1.0,0.45973390275952697,False,False,1,0.018654491249899485,14,POTENTIAL,window_12m,0.36869016102069596
19-178175,21-24011,NAME_FALLBACK,NAME:commune de saint nazaire,2019-11-27,2021-02-19,14.783180026281208,2020-09-23,4.894875164257556,0.5920937363118703,0.08294657330338776,1.0,0.6,0.5370547347341532,False,False,1,0.24975403390191497,5,HIGH,window_12m,0.36869016102069596
19-178825,20-5049,NAME_FALLBACK,NAME:commune de nantes,2019-12-03,2020-01-13,1.3469119579500657,2020-12-03,10.676741130091983,0.11027157249233477,0.9632675885516246,0.1,0.6,0.45471154911615236,True,False,1,0.11330815074311273,11,MEDIUM,window_12m,0.36869016102069596
19-180074,20-52194,NAME_FALLBACK,NAME:mairie de coueron,2019-12-02,2020-04-14,4.402102496714849,2020-06-02,1.609724047306176,0.865856329391152,0.28509488056071997,0.1,0.6,0.40624729054404,True,False,1,0.2134081392938732,2,MEDIUM,window_12m,0.36869016102069596
19-181393,20-20672,RAW_SIRET,SIRET:22850001300658,2019-12-06,2020-02-12,2.2339027595269383,2020-10-24,8.377135348226018,0.3019053876478318,0.05527049333292715,1.0,1.0,0.49482101957848246,False,False,1,0.027233182865241568,13,POTENTIAL,window_12m,0.36869016102069596
19-185562,20-118247,NAME_FALLBACK,NAME:commune de saint-herblain,2019-12-12,2020-09-30,9.625492772667542,2020-06-12,3.6136662286465175,0.6988611476127902,0.26859274344386613,1.0,0.6,0.6287227471085508,False,False,1,0.1697477337116879,5,HIGH,window_12m,0.36869016102069596
19-189603,20-37940,NAME_FALLBACK,NAME:nantes metropole,2019-12-22,2020-03-14,2.726675427069645,2020-05-22,2.266754270696452,0.8111038107752957,0.30981148947521076,0.0,0.6,0.3712099740101477,False,False,1,0.00035347293172593997,28,POTENTIAL,window_12m,0.36869016102069596
19-190057,20-50911,NAME_FALLBACK,NAME:sdis 44,2019-12-22,2020-04-11,3.6465177398160313,2020-04-22,0.36136662286465177,0.9698861147612791,0.27925950735605526,0.0,0.6,0.4002123562649391,False,False,1,0.09339835434187554,4,MEDIUM,window_12m,0.36869016102069596
19-191665,20-66643,NAME_FALLBACK,NAME:nantes metropole,2019-12-26,2020-05-22,4.862023653088042,2020-06-26,1.149802890932983,0.9041830924222514,0.05768707074510502,1.0,0.6,0.6062362478663497,False,False,1,0.037351678533831256,30,POTENTIAL,window_12m,0.36869016102069596
19-24951,19-169357,NAME_FALLBACK,NAME:ch le mans,2019-02-15,2019-11-08,8.73850197109067,2019-08-15,2.7923784494086727,0.7673017958826106,0.3432516326520899,0.2,0.6,0.43196352039888414,False,False,1,0.12807376505165208,7,MEDIUM,window_12m,0.36869016102069596
19-25237,19-184042,NAME_FALLBACK,NAME:commune de nantes,2019-02-17,2019-12-12,9.789750328515112,2019-08-17,3.843626806833114,0.6796977660972405,0.8771245365023538,1.0,0.6,0.8369180293001339,False,False,1,0.5071218939309815,11,HIGH,window_12m,0.36869016102069596
19-28845,19-39813,NAME_FALLBACK,NAME:departement de la mayenne,2019-02-21,2019-03-14,0.6898817345597897,2019-08-21,5.256241787122208,0.5619798510731493,0.47522388900018037,0.1,0.6,0.39682332391835046,True,False,1,0.02306686446920425,4,POTENTIAL,window_12m,0.36869016102069596
19-30217,19-101998,NAME_FALLBACK,NAME:mairie de coueron,2019-02-25,2019-07-04,4.23784494086728,2019-08-25,1.7082785808147174,0.8576434515987735,0.7975397155864086,0.1,0.6,0.5835497633549362,True,False,1,0.2110515690887237,4,HIGH,window_12m,0.36869016102069596
19-34598,19-87510,NAME_FALLBACK,NAME:gpm de nantes - st nazaire,2019-03-05,2019-06-06,3.055190538764783,2019-09-05,2.9894875164257555,0.7508760402978537,0.4476306713820783,0.0,0.6,0.4043897450581908,False,False,1,0.17513747283151204,3,MEDIUM,window_12m,0.36869016102069596
19-35566,19-85688,NAME_FALLBACK,NAME:angers loire metropole,2019-03-07,2019-06-05,2.9566360052562417,2019-09-07,3.088042049934297,0.7426631625054753,0.02132565593468141,1.0,0.6,0.5531297702035074,False,False,1,0.18104877819738674,12,HIGH,window_12m,0.36869016102069596
19-36958,20-26585,NAME_FALLBACK,NAME:nantes metropole,2019-03-14,2020-02-23,11.366622864651774,2020-02-25,0.0657030223390276,0.9945247481384144,0.19998141280916343,1.0,0.6,0.6786246815178107,False,False,1,0.07611505261182572,30,HIGH,window_12m,0.36869016102069596
19-41587,19-54274,NAME_FALLBACK,NAME:sdis 44,2019-03-18,2019-04-04,0.5584756898817346,2019-09-18,5.486202365308804,0.5428164695575997,1.0,0.1,0.6,0.5757041173894,True,False,1,0.2424990830530605,8,HIGH,window_12m,0.36869016102069596
19-43954,19-158679,NAME_FALLBACK,NAME:nantes metropole,2019-03-21,2019-10-18,6.931668856767411,2019-09-21,0.8869908015768725,0.926084099868594,0.2746333323142382,0.1,0.6,0.4176426912771319,True,False,1,0.03142553562377143,30,POTENTIAL,window_12m,0.36869016102069596
19-46133,19-92746,NAME_FALLBACK,NAME:cc du pays des achards,2019-03-27,2019-06-19,2.759526938239159,2019-10-15,3.876478318002628,0.6769601401664477,1.0000000000000004,1.0,0.6,0.8792400350416121,False,False,1,0.8792400350416121,1,HIGH,window_12m,0.36869016102069596
19-51024,19-156877,NAME_FALLBACK,NAME:ville d ancenis-saint-gereon,2019-03-31,2019-10-16,6.5374507227332455,2020-01-03,2.59526938239159,0.7837275514673675,0.0269079235750746,0.4,0.6,0.38534966111811797,False,False,1,0.38534966111811797,1,MEDIUM,window_12m,0.36869016102069596
19-5147,20-134550,NAME_FALLBACK,NAME:ville de bouguenais,2019-01-11,2020-11-03,21.747700394218132,2020-03-15,7.654402102496714,0.3621331581252738,0.5849443755271865,1.0,0.6,0.6552638209658337,False,False,1,0.2818390325428152,5,HIGH,window_12m,0.36869016102069596
19-5191,19-24951,NAME_FALLBACK,NAME:ch le mans,2019-01-11,2019-02-15,1.149802890932983,2019-07-11,4.7963206307490145,0.6003066141042488,0.47515391612875757,0.0,0.6,0.37638052417112733,False,False,1,0.01237913409155239,7,POTENTIAL,window_12m,0.36869016102069596
19-52696,19-187364,NAME_FALLBACK,NAME:cc loir luce berce,2019-04-01,2019-12-17,8.541392904073588,2019-10-01,2.5295663600525624,0.7892028033289531,0.5541764528738606,0.0,0.6,0.45126245933808945,False,False,1,0.45126245933808945,1,MEDIUM,window_12m,0.36869016102069596
19-55110,19-151382,NAME_FALLBACK,NAME:nantes metropole,2019-04-11,2019-10-09,5.946123521681997,2019-10-11,0.0657030223390276,0.9945247481384144,0.07298808455497849,1.0,0.6,0.6341770166288461,False,True,1,0.0805486970751409,30,HIGH,window_12m,0.36869016102069596
19-58204,19-112016,NAME_FALLBACK,NAME:ville de nantes,2019-04-13,2019-07-21,3.252299605781866,2020-01-10,5.683311432325887,0.5263907139728428,0.5754645850796773,1.0,0.6,0.6930102832710978,False,False,1,0.3723572214840704,5,HIGH,window_12m,0.36869016102069596
19-59879,19-73678,NAME_FALLBACK,NAME:universite de nantes,2019-04-15,2019-05-10,0.8212877792378449,2019-12-12,7.09592641261498,0.40867279894875164,0.17583683673208073,0.8,0.6,0.4637110925934162,False,False,1,0.08817525149922911,7,MEDIUM,window_12m,0.36869016102069596
19-67059,19-151382,NAME_FALLBACK,NAME:nantes metropole,2019-05-08,2019-10-09,5.059132720105125,2019-11-08,0.9855453350854139,0.9178712220762155,0.08947566214471353,1.0,0.6,0.6207842872697036,False,True,1,0.006690503621294974,30,POTENTIAL,window_12m,0.36869016102069596
19-70735,19-146419,RAW_SIRET,SIRET:22720002900014,2019-05-05,2019-09-28,4.7963206307490145,2019-12-28,2.9894875164257555,0.7508760402978537,0.34403080699937566,0.0,1.0,0.40812979252424486,False,False,1,0.2768189870459741,2,MEDIUM,window_12m,0.36869016102069596
19-71137,19-174809,NAME_FALLBACK,NAME:departement de la sarthe,2019-05-06,2019-11-20,6.504599211563732,2019-11-06,0.45992115637319314,0.9616732369689006,0.3150050082793063,0.4,0.6,0.5306700621399822,False,False,1,0.01806011336934432,11,POTENTIAL,window_12m,0.36869016102069596
19-73678,20-31844,NAME_FALLBACK,NAME:universite de nantes,2019-05-10,2020-03-04,9.822601839684625,2020-01-25,1.281208935611038,0.8932325886990802,0.13099685710969355,0.4,0.6,0.4491570471631628,False,False,1,0.07053885052353609,7,MEDIUM,window_12m,0.36869016102069596
19-74485,20-32203,NAME_FALLBACK,NAME:nantes metropole,2019-05-18,2020-03-06,9.625492772667542,2020-03-22,0.5256241787122208,0.9561979851073149,0.050617612507996665,0.4,0.6,0.4367656606546276,False,False,1,0.010340172517840696,30,POTENTIAL,window_12m,0.36869016102069596
19-75324,19-82611,NAME_FALLBACK,NAME:conseil general de la vendee,2019-05-14,2019-05-27,0.42706964520367935,2020-03-19,9.756898817345597,0.18692509855453354,1.0,1.0,0.6,0.7567312746386332,False,False,1,0.7567312746386332,1,HIGH,window_12m,0.36869016102069596
19-85688,20-66280,NAME_FALLBACK,NAME:angers loire metropole,2019-06-05,2020-05-28,11.76084099868594,2020-07-08,1.3469119579500657,0.8877573368374945,0.035564513450042474,0.4,0.6,0.4143869139168885,False,False,1,0.02542600715615989,12,POTENTIAL,window_12m,0.36869016102069596
19-87996,19-118070,NAME_FALLBACK,NAME:mauges communaute,2019-06-06,2019-07-29,1.7411300919842312,2019-12-06,4.270696452036794,0.6441086289969338,1.0000000000000002,0.1,0.6,0.6010271572492334,True,False,1,0.3126275292626587,4,HIGH,window_12m,0.36869016102069596
19-92498,20-11000,NAME_FALLBACK,NAME:nantes metropole,2019-06-21,2020-01-25,7.1616294349540075,2019-12-21,1.149802890932983,0.9041830924222514,0.9549528430381696,1.0,0.6,0.9202792681689222,False,True,1,0.3196652029631091,30,HIGH,window_12m,0.36869016102069596
19-94580,19-110681,NAME_FALLBACK,NAME:cc vendee grand littoral,2019-06-20,2019-07-16,0.8541392904073587,2019-12-20,5.157687253613666,0.5701927288655277,0.9896374607072189,0.1,0.6,0.5789212934639085,True,False,1,0.2591540984429,2,HIGH,window_12m,0.36869016102069596
19-97500,19-161914,NAME_FALLBACK,NAME:cap atlantique,2019-06-25,2019-10-26,4.040735873850197,2019-10-25,0.0328515111695138,0.9972623740692071,0.9999999999999999,1.0,0.6,0.9593155935173017,False,False,1,0.9593155935173017,1,HIGH,window_12m,0.36869016102069596
19-98987,20-35774,NAME_FALLBACK,NAME:conseil departemental loire-atlantique,2019-06-29,2020-03-11,8.409986859395532,2020-04-15,1.149802890932983,0.9041830924222514,0.2659801697023596,0.0,0.6,0.3791388325013887,False,False,1,0.06131881844097159,11,MEDIUM,window_12m,0.36869016102069596
20-100172,21-31971,NAME_FALLBACK,NAME:communaute urbaine d alencon,2020-08-07,2021-03-10,7.063074901445466,2021-02-07,1.0183968462549278,0.9151335961454227,0.34909629487436694,0.0,0.6,0.4109671022423841,False,False,1,0.05241802005250029,2,MEDIUM,window_12m,0.36869016102069596
20-103852,21-37354,NAME_FALLBACK,NAME:ch le mans,2020-08-22,2021-03-21,6.931668856767411,2021-04-21,1.0183968462549278,0.9151335961454227,0.39490283362129586,0.2,0.6,0.4869993908038092,False,False,1,0.20028532103386076,9,MEDIUM,window_12m,0.36869016102069596
20-104420,20-131075,NAME_FALLBACK,NAME:commune de chemille en anjou,2020-08-21,2020-10-23,2.0696452036793693,2021-02-21,3.9750328515111693,0.6687472623740692,1.0,0.1,0.6,0.6071868155935174,True,False,1,0.6071868155935174,1,HIGH,window_12m,0.36869016102069596
20-106379,21-43310,NAME_FALLBACK,NAME:universite d angers,2020-08-29,2021-04-02,7.09592641261498,2021-04-24,0.7227332457293035,0.939772229522558,0.010546363327452074,0.4,0.6,0.4186342845452477,False,False,1,0.13239985592450887,8,MEDIUM,window_12m,0.36869016102069596
20-109382,21-24367,RAW_SIRET,SIRET:21440184600016,2020-09-06,2021-02-24,5.617608409986859,2021-04-10,1.4783180026281209,0.8768068331143233,0.11395427992680851,1.0,1.0,0.6590857062529637,False,False,1,0.3770430802043101,2,HIGH,window_12m,0.36869016102069596
20-11000,20-132336,NAME_FALLBACK,NAME:nantes metropole,2020-01-25,2020-11-08,9.461235216819974,2020-07-25,3.4822601839684624,0.7098116513359615,0.277741298440285,1.0,0.6,0.63466236728809,False,True,1,0.21775779635915565,30,HIGH,window_12m,0.36869016102069596
20-110309,21-126684,RAW_SIRET,SIRET:23440003400026,2020-09-10,2021-09-24,12.450722733245728,2021-07-24,2.0367936925098555,0.8302671922908453,0.022755744708672067,0.4,1.0,0.4355313087207465,False,False,1,0.014889392608252616,16,POTENTIAL,window_12m,0.36869016102069596
20-111698,20-138135,RAW_SIRET,SIRET:23440003400026,2020-09-13,2020-11-12,1.9710906701708277,2021-04-12,4.9605781865965834,0.5866184844502846,0.26062510678101714,0.2,1.0,0.3978734084859271,False,False,1,0.055850251958967645,11,MEDIUM,window_12m,0.36869016102069596
20-111877,21-19011,NAME_FALLBACK,NAME:universite de nantes,2020-09-11,2021-02-10,4.993429697766097,2021-06-15,4.106438896189225,0.6577967586508979,0.026432920387015814,0.6,0.6,0.41370071179818,False,False,1,0.07514619634087677,8,MEDIUM,window_12m,0.36869016102069596
20-114632,20-119246,NAME_FALLBACK,NAME:la roche-sur-yon agglomeration,2020-09-21,2020-09-30,0.2956636005256242,2021-04-02,6.044678055190539,0.4962768287341218,1.0000000000000002,0.1,0.6,0.5640692071835305,True,False,1,0.2667068867266171,7,HIGH,window_12m,0.36869016102069596
20-114714,21-77546,NAME_FALLBACK,NAME:conseil departemental loire-atlantique,2020-09-20,2021-06-10,8.639947437582128,2021-08-06,1.8725361366622864,0.8439553219448095,0.023127948541481806,1.0,0.6,0.579083612475721,False,False,1,0.23221340090187753,11,HIGH,window_12m,0.36869016102069596
20-117677,21-78393,NAME_FALLBACK,NAME:conseil departemental loire-atlantique,2020-09-27,2021-06-11,8.442838370565045,2021-06-07,0.1314060446780552,0.9890494962768287,0.28249467751948837,0.0,0.6,0.4061355112010281,False,False,1,0.025240388076040732,10,POTENTIAL,window_12m,0.36869016102069596
20-118247,21-76512,NAME_FALLBACK,NAME:commune de saint-herblain,2020-09-30,2021-06-09,8.278580814717477,2021-07-08,0.9526938239159001,0.9206088480070084,0.20934528261132154,1.0,0.6,0.6634230609157146,False,False,1,0.1787726759518093,8,HIGH,window_12m,0.36869016102069596
20-118996,21-26465,NAME_FALLBACK,NAME:chu de nantes,2020-10-01,2021-02-27,4.894875164257556,2021-08-24,5.847568988173456,0.5127025843188786,0.6679117018605,1.0,0.6,0.7219447417308946,False,False,1,0.34885487136381005,14,HIGH,window_12m,0.36869016102069596
20-12070,20-66643,NAME_FALLBACK,NAME:nantes metropole,2020-01-26,2020-05-22,3.843626806833114,2020-07-26,2.135348226018397,0.8220543144984669,0.0684522337071932,1.0,0.6,0.5894718604221343,False,False,1,0.04029433298879748,30,POTENTIAL,window_12m,0.36869016102069596
20-120789,21-86348,NAME_FALLBACK,NAME:semitan,2020-10-02,2021-06-25,8.73850197109067,2021-04-02,2.759526938239159,0.7700394218134035,0.1730980279460843,0.2,0.6,0.37309416523448036,False,True,1,0.014316761510847653,6,POTENTIAL,window_12m,0.36869016102069596
20-121660,21-51989,NAME_FALLBACK,NAME:departement de la mayenne,2020-10-06,2021-04-19,6.40604467805519,2021-04-06,0.42706964520367935,0.9644108628996934,0.01320573506383594,1.0,0.6,0.605724722997266,False,False,1,0.003577360009014985,6,POTENTIAL,window_12m,0.36869016102069596
20-12202,21-35651,NAME_FALLBACK,NAME:conseil regional des pays de la loire,2020-01-26,2021-03-19,13.731931668856767,2021-01-01,2.5295663600525624,0.7892028033289531,0.36156755165796883,0.2,0.6,0.44384934391252734,False,True,1,0.00755662535251328,11,POTENTIAL,window_12m,0.36869016102069596
20-122021,21-73723,NAME_FALLBACK,NAME:rectorat de l academie de nantes,2020-10-06,2021-06-01,7.818659658344283,2021-02-06,3.7779237844940865,0.6851730179588261,0.3699859648769119,1.0,0.6,0.6607883421966256,False,False,1,0.2813082513808665,3,HIGH,window_12m,0.36869016102069596
20-122193,21-55981,NAME_FALLBACK,NAME:la roche-sur-yon agglomeration,2020-10-16,2021-04-29,6.40604467805519,2021-04-16,0.42706964520367935,0.9644108628996934,0.38075790514255753,0.1,0.6,0.4643679825248184,True,False,1,0.18658277826601666,5,MEDIUM,window_12m,0.36869016102069596
20-124045,21-126684,RAW_SIRET,SIRET:23440003400026,2020-10-11,2021-09-24,11.432325886990801,2021-08-10,1.4783180026281209,0.8768068331143233,0.25479016800053855,1.0,1.0,0.7083782670787693,False,False,1,0.12035520992344906,14,HIGH,window_12m,0.36869016102069596
20-125567,21-67771,NAME_FALLBACK,NAME:conseil regional des pays de la loire,2020-10-15,2021-05-22,7.194480946123521,2021-09-21,4.0078843626806835,0.6660096364432764,0.0740404582711345,1.0,0.6,0.5524165695057162,False,False,1,0.17299894611551708,13,HIGH,window_12m,0.36869016102069596
20-126566,21-142703,NAME_FALLBACK,NAME:chambre reg agri pays de la loire,2020-10-15,2021-10-27,12.3850197109067,2021-04-15,6.40604467805519,0.46616294349540077,0.01410469035512946,1.0,0.6,0.4814773774981455,False,False,1,0.4814773774981455,1,MEDIUM,window_12m,0.36869016102069596
20-128054,21-35196,NAME_FALLBACK,NAME:communaute d agglomeration du niortais,2020-10-19,2021-03-16,4.862023653088042,2021-04-19,1.1169513797634691,0.9069207183530442,0.3172042345078026,0.2,0.6,0.45775166166599196,False,True,1,0.07176467910814549,4,MEDIUM,window_12m,0.36869016102069596
20-132336,21-78352,NAME_FALLBACK,NAME:nantes metropole,2020-11-08,2021-06-09,6.9973718791064385,2021-05-08,1.0512483574244416,0.9123959702146298,0.10371989820475652,1.0,0.6,0.6244009569253222,False,True,1,0.050785289608326734,29,HIGH,window_12m,0.36869016102069596
20-133527,20-155309,RAW_SIRET,SIRET:22850001300658,2020-11-01,2020-12-20,1.609724047306176,2021-09-26,9.198423127463863,0.23346473937801138,0.5721848457390808,1.0,1.0,0.6586308808531811,False,False,1,0.377620065159229,6,HIGH,window_12m,0.36869016102069596
20-134550,21-42540,NAME_FALLBACK,NAME:ville de bouguenais,2020-11-03,2021-03-30,4.829172141918528,2022-02-12,10.4796320630749,0.12669732807709166,0.9371786563527851,1.0,0.6,0.7196868617427477,False,False,1,0.3412739874368654,8,HIGH,window_12m,0.36869016102069596
20-135543,21-143328,NAME_FALLBACK,NAME:departement de la vendee,2020-11-04,2021-10-25,11.662286465177397,2021-09-12,1.4126149802890933,0.8822820849759089,0.008714431274861784,0.8,0.6,0.5236205721901788,False,False,1,0.0006844064826980745,3,POTENTIAL,window_12m,0.36869016102069596
20-13755,20-15455,NAME_FALLBACK,NAME:departement de la sarthe,2020-01-28,2020-01-31,0.09855453350854139,2020-07-28,5.88042049934297,0.5099649583880859,0.9999999999999999,1.0,0.6,0.8374912395970213,False,False,1,0.25800817850896074,6,HIGH,window_12m,0.36869016102069596
20-139000,21-7561,NAME_FALLBACK,NAME:nantes metropole,2020-11-27,2021-01-18,1.7082785808147174,2021-05-27,4.23784494086728,0.6468462549277267,0.8905017530977102,0.1,0.6,0.5633871773161303,True,False,1,0.14014599281725643,27,HIGH,window_12m,0.36869016102069596
20-142015,21-116891,RAW_SIRET,SIRET:23440003400026,2020-11-21,2021-09-01,9.329829172141919,2021-05-21,3.383705650459921,0.7180245291283399,0.6630948905529075,1.0,1.0,0.8115893439756026,False,True,1,0.3968891218011208,9,HIGH,window_12m,0.36869016102069596
20-142134,21-76634,NAME_FALLBACK,NAME:nantes metropole,2020-11-20,2021-06-07,6.5374507227332455,2021-03-20,2.59526938239159,0.7837275514673675,0.06089871083103947,0.4,0.6,0.3972464366577057,False,False,1,0.040117313343982164,26,POTENTIAL,window_12m,0.36869016102069596
20-149342,20-158264,NAME_FALLBACK,NAME:museum national d histoire naturelle,2020-12-08,2020-12-28,0.657030223390276,2021-06-08,5.321944809461235,0.5565045992115638,0.9999999999999991,1.0,0.6,0.8491261498028906,False,False,1,0.8491261498028906,1,HIGH,window_12m,0.36869016102069596
20-15000,20-97380,NAME_FALLBACK,NAME:cci nantes saint-nazaire,2020-02-01,2020-08-01,5.978975032851511,2020-08-01,0.0,1.0,0.0,0.2,0.6,0.37,False,False,1,0.20469472416869733,2,MEDIUM,window_12m,0.36869016102069596
20-152653,21-104870,RAW_SIRET,SIRET:22530001100015,2020-12-17,2021-07-29,7.35873850197109,2021-09-21,1.773981603153745,0.8521681997371879,0.07099839011210299,0.4,1.0,0.45789148647353306,False,False,1,0.024010769933469733,11,POTENTIAL,window_12m,0.36869016102069596
20-15455,20-25157,NAME_FALLBACK,NAME:departement de la sarthe,2020-01-31,2020-02-18,0.5913272010512484,2020-07-31,5.387647831800263,0.5510293473499781,0.2276357280070611,1.0,0.6,0.5774298416399659,False,False,1,0.15258810311516474,4,HIGH,window_12m,0.36869016102069596
20-156321,21-130369,NAME_FALLBACK,NAME:commune de saint-herblain,2020-12-21,2021-10-01,9.329829172141919,2021-04-21,5.354796320630749,0.5537669732807708,0.9536250497832568,0.0,0.6,0.5322105107443326,False,False,1,0.042433201927288666,6,POTENTIAL,window_12m,0.36869016102069596
20-16042,20-25157,NAME_FALLBACK,NAME:departement de la sarthe,2020-01-31,2020-02-18,0.5913272010512484,2020-07-31,5.387647831800263,0.5510293473499781,1.0,1.0,0.6,0.8477573368374944,False,False,1,0.3892641997670613,4,HIGH,window_12m,0.36869016102069596
20-16671,21-91773,NAME_FALLBACK,NAME:gie sesam vitale,2020-02-05,2021-07-04,16.918528252299605,2021-07-29,0.8212877792378449,0.9315593517301796,0.1660111813455471,0.2,0.6,0.4109937514034864,False,False,1,0.038499963206396204,9,POTENTIAL,window_12m,0.36869016102069596
20-19624,20-118393,NAME_FALLBACK,NAME:sdis de la sarthe,2020-02-07,2020-09-28,7.687253613666228,2020-12-11,2.431011826544021,0.7974156811213315,0.23760936208851768,0.1,0.6,0.3725171970113141,True,False,1,0.1914648330881164,2,MEDIUM,window_12m,0.36869016102069596
20-19626,20-118393,NAME_FALLBACK,NAME:sdis de la sarthe,2020-02-07,2020-09-28,7.687253613666228,2020-12-11,2.431011826544021,0.7974156811213315,0.36718734303213224,0.1,0.6,0.41786949034157916,True,False,1,0.22557627925606272,2,MEDIUM,window_12m,0.36869016102069596
20-21049,20-91517,NAME_FALLBACK,NAME:nantes metropole,2020-02-11,2020-07-19,5.223390275952694,2020-08-11,0.7555847568988173,0.9370346035917653,0.14506025041471715,0.1,0.6,0.37502973854309235,True,False,1,0.03437801426998138,30,POTENTIAL,window_12m,0.36869016102069596
20-25157,20-93634,NAME_FALLBACK,NAME:departement de la sarthe,2020-02-18,2020-07-22,5.091984231274639,2020-08-18,0.8869908015768725,0.926084099868594,0.09900798689919146,0.4,0.6,0.4461738203818655,False,False,1,0.11052142465534437,3,MEDIUM,window_12m,0.36869016102069596
20-25276,21-45579,NAME_FALLBACK,NAME:nantes metropole,2020-02-21,2021-04-08,13.534822601839684,2021-05-01,0.7555847568988173,0.9370346035917653,0.12862670108493016,1.0,0.6,0.6392779962776669,False,False,1,0.2984743104526018,30,HIGH,window_12m,0.36869016102069596
20-25372,20-152526,NAME_FALLBACK,NAME:universite de nantes,2020-02-20,2020-12-16,9.85545335085414,2020-12-02,0.45992115637319314,0.9616732369689006,0.9352492924166345,0.2,0.6,0.6877555615880473,False,True,1,0.3717050349517203,12,HIGH,window_12m,0.36869016102069596
20-26585,22-26998,NAME_FALLBACK,NAME:nantes metropole,2020-02-23,2022-02-24,24.0473061760841,2021-07-07,7.621550591327201,0.36487078405606665,0.1927943691244759,1.0,0.6,0.5186957252075832,False,False,1,0.024898251341207323,30,POTENTIAL,window_12m,0.36869016102069596
20-27109,20-61130,NAME_FALLBACK,NAME:ville de bouguenais,2020-02-23,2020-05-08,2.463863337713535,2020-07-19,2.3653088042049935,0.8028909329829172,1.0,1.0,0.6,0.9107227332457293,False,False,1,0.6019673355856414,5,HIGH,window_12m,0.36869016102069596
20-27417,20-70773,NAME_FALLBACK,NAME:chu de nantes,2020-02-23,2020-06-04,3.350854139290407,2020-08-23,2.628120893561104,0.7809899255365746,0.4855271418877188,1.0,0.6,0.7251819810448452,False,False,1,0.08172721866108934,15,HIGH,window_12m,0.36869016102069596
20-28749,20-93913,NAME_FALLBACK,NAME:commune de nantes,2020-03-11,2020-07-25,4.467805519053877,2020-07-11,0.45992115637319314,0.9616732369689006,0.5031505712378486,0.0,0.6,0.47652100917547213,False,False,1,0.15374362416229803,7,MEDIUM,window_12m,0.36869016102069596
20-29244,20-93913,NAME_FALLBACK,NAME:commune de nantes,2020-02-27,2020-07-25,4.894875164257556,2020-07-27,0.0657030223390276,0.9945247481384144,0.8246021910708939,1.0,0.6,0.8972419539094165,False,False,1,0.514588596973784,8,HIGH,window_12m,0.36869016102069596
20-31844,21-19011,NAME_FALLBACK,NAME:universite de nantes,2020-03-04,2021-02-10,11.268068331143231,2020-12-17,1.8068331143232588,0.8494305738063951,0.026699098732095458,0.6,0.6,0.4617023280078322,False,False,1,0.03606921393964496,11,POTENTIAL,window_12m,0.36869016102069596
20-32203,21-7561,NAME_FALLBACK,NAME:nantes metropole,2020-03-06,2021-01-18,10.446780551905388,2020-09-06,4.402102496714849,0.6331581252737626,0.09388816202260744,1.0,0.6,0.5511503880263533,False,False,1,0.08305139547269585,28,HIGH,window_12m,0.36869016102069596
20-32603,20-42809,NAME_FALLBACK,NAME:departement de la mayenne,2020-03-03,2020-03-19,0.5256241787122208,2020-09-03,5.519053876478318,0.5400788436268069,0.9999999999999997,0.1,0.6,0.5750197109067017,True,False,1,0.2540529166170204,8,HIGH,window_12m,0.36869016102069596
20-32737,21-126684,RAW_SIRET,SIRET:23440003400026,2020-03-05,2021-09-24,18.659658344283837,2021-07-02,2.759526938239159,0.7700394218134035,0.022834351544880786,0.4,1.0,0.4205018784940592,False,False,1,0.03324079882369291,17,POTENTIAL,window_12m,0.36869016102069596
20-34392,20-54283,NAME_FALLBACK,NAME:nantes metropole,2020-03-11,2020-04-23,1.4126149802890933,2020-09-11,4.6320630749014455,0.613994743758213,0.9999999999999999,1.0,0.6,0.8634986859395533,False,False,1,0.3226037173504974,28,HIGH,window_12m,0.36869016102069596
20-35528,20-47774,NAME_FALLBACK,NAME:mauges communaute,2020-03-09,2020-04-01,0.7555847568988173,2021-02-03,10.11826544021025,0.1568112133158125,1.0,0.1,0.6,0.4792028033289531,True,False,1,0.2848065591822715,2,MEDIUM,window_12m,0.36869016102069596
20-35694,20-152526,NAME_FALLBACK,NAME:universite de nantes,2020-03-09,2020-12-16,9.264126149802891,2020-11-25,0.6898817345597897,0.9425098554533509,0.18903454119184138,0.1,0.6,0.3917895532804822,True,True,1,0.05198504789450842,10,MEDIUM,window_12m,0.36869016102069596
20-35774,21-77546,NAME_FALLBACK,NAME:conseil departemental loire-atlantique,2020-03-11,2021-06-10,14.98028909329829,2021-05-26,0.49277266754270693,0.9589356110381078,0.35489747843339103,0.4,0.6,0.5439480202112138,False,False,1,0.1325357285284287,15,HIGH,window_12m,0.36869016102069596
20-35779,20-144067,RAW_SIRET,SIRET:22850001300658,2020-03-11,2020-11-26,8.541392904073588,2020-12-14,0.5913272010512484,0.9507227332457293,0.35687084315671724,0.0,1.0,0.4625854784162834,False,False,1,0.09864187243287681,8,MEDIUM,window_12m,0.36869016102069596
20-36881,20-46786,NAME_FALLBACK,NAME:vendee grand littoral,2020-03-11,2020-03-30,0.6241787122207622,2020-09-11,5.4204993429697765,0.5482917214191854,0.8007540132568839,0.1,0.6,0.5073368349947057,True,False,1,0.5073368349947057,1,HIGH,window_12m,0.36869016102069596
20-37796,21-16407,NAME_FALLBACK,NAME:communaute d agglomeration du niortais,2020-03-12,2021-02-04,10.808147174770038,2020-09-12,4.763469119579501,0.6030442400350415,0.3115226083880204,0.8,0.6,0.5597939729445676,False,False,1,0.09484819998781863,5,HIGH,window_12m,0.36869016102069596
20-39206,20-74255,NAME_FALLBACK,NAME:ctre hosp universitaire angers,2020-03-16,2020-06-10,2.8252299605781865,2020-07-16,1.1826544021024967,0.9014454664914586,1.0,1.0,0.6,0.9353613666228646,False,False,1,0.05817455102934743,2,HIGH,window_12m,0.36869016102069596
20-4011,20-64610,NAME_FALLBACK,NAME:cnieg,2020-01-12,2020-05-17,4.139290407358739,2020-12-27,7.35873850197109,0.38677179150240915,0.15334441578581384,0.6,0.6,0.3903634934006371,False,False,1,0.18627987084650122,2,MEDIUM,window_12m,0.36869016102069596
20-40507,20-74255,NAME_FALLBACK,NAME:ctre hosp universitaire angers,2020-03-17,2020-06-10,2.7923784494086727,2020-07-17,1.2155059132720105,0.8987078405606658,1.0,1.0,0.6,0.9346769601401663,False,False,1,0.9346769601401663,1,HIGH,window_12m,0.36869016102069596
20-45001,20-88562,RAW_SIRET,SIRET:45151864100035,2020-03-27,2020-07-11,3.4822601839684624,2020-10-13,3.088042049934297,0.7426631625054753,0.5270100578310921,0.2,1.0,0.5301193108672511,False,False,1,0.051275899206527975,2,HIGH,window_12m,0.36869016102069596
20-49221,20-155309,RAW_SIRET,SIRET:22850001300658,2020-04-08,2020-12-20,8.409986859395532,2021-05-29,5.256241787122208,0.5619798510731493,0.1346040603293382,0.6,1.0,0.4676063838835557,False,False,1,0.0054407336522445116,7,POTENTIAL,window_12m,0.36869016102069596
20-49879,20-59788,NAME_FALLBACK,NAME:vendee eau,2020-04-07,2020-05-04,0.8869908015768725,2020-09-07,4.139290407358739,0.6550591327201052,0.9999999999999998,1.0,0.6,0.8737647831800261,False,False,1,0.5857731142447083,2,HIGH,window_12m,0.36869016102069596
20-50348,21-11865,NAME_FALLBACK,NAME:cte de communes de la region de blain,2020-04-08,2021-01-26,9.625492772667542,2021-02-14,0.6241787122207622,0.9479851073149365,0.18474672951338794,1.0,0.6,0.66165763215842,False,True,1,0.21689760508359063,2,HIGH,window_12m,0.36869016102069596
20-50446,21-113953,NAME_FALLBACK,NAME:chu de nantes,2020-04-10,2021-08-20,16.327201051248355,2021-08-10,0.328515111695138,0.9726237406920718,0.02328749437113653,0.2,0.6,0.37130655820291575,False,True,1,0.008212877792378448,15,POTENTIAL,window_12m,0.36869016102069596
20-51119,20-135282,NAME_FALLBACK,NAME:ca pornic agglo pays de retz,2020-05-11,2020-11-06,5.88042049934297,2020-11-11,0.164257555847569,0.986311870346036,0.15899001769213297,0.1,0.6,0.3922244737787555,True,True,1,0.2891308933170186,2,MEDIUM,window_12m,0.36869016102069596
20-54283,20-66643,NAME_FALLBACK,NAME:nantes metropole,2020-04-23,2020-05-22,0.9526938239159001,2020-10-23,5.059132720105125,0.5784056066579062,0.021567127575013563,1.0,0.6,0.5121498963157313,False,False,1,0.0612996127373196,26,HIGH,window_12m,0.36869016102069596
20-5957,20-142015,RAW_SIRET,SIRET:23440003400026,2020-01-16,2020-11-21,10.183968462549277,2020-07-16,4.204993429697766,0.6495838808585195,0.011964767056230995,1.0,1.0,0.5665836386843107,False,True,1,0.1899918168060234,10,HIGH,window_12m,0.36869016102069596
20-59913,20-107502,NAME_FALLBACK,NAME:conseil departemental loire-atlantique,2020-05-04,2020-09-04,4.040735873850197,2020-11-04,2.0039421813403417,0.8330048182216382,0.025590027514687905,0.4,0.6,0.3972077141855503,False,False,1,0.051971047127439995,15,MEDIUM,window_12m,0.36869016102069596
20-60892,20-122198,NAME_FALLBACK,NAME:angers nantes opera syndicat mixte,2020-05-06,2020-10-06,5.026281208935611,2020-11-06,1.0183968462549278,0.9151335961454227,0.7873227297174427,0.1,0.6,0.5943463544374605,True,False,1,0.021379862978853303,3,POTENTIAL,window_12m,0.36869016102069596
20-60975,20-122198,NAME_FALLBACK,NAME:angers nantes opera syndicat mixte,2020-05-19,2020-10-06,4.599211563731932,2020-11-19,1.445466491458607,0.879544459045116,0.7873227297174427,0.4,0.6,0.6754490701623839,False,False,1,0.6754490701623839,1,HIGH,window_12m,0.36869016102069596
20-61243,20-122198,NAME_FALLBACK,NAME:angers nantes opera syndicat mixte,2020-05-07,2020-10-06,4.993429697766097,2020-11-07,1.0512483574244416,0.9123959702146298,0.7873227297174427,0.1,0.6,0.5936619479547625,True,False,1,0.021379862978853525,2,POTENTIAL,window_12m,0.36869016102069596
20-65753,20-111698,RAW_SIRET,SIRET:23440003400026,2020-05-20,2020-09-13,3.8107752956636003,2021-02-05,4.763469119579501,0.6030442400350415,0.8613778775516125,0.0,1.0,0.5522433171518247,False,False,1,0.18365977340385609,9,HIGH,window_12m,0.36869016102069596
20-66643,21-7561,NAME_FALLBACK,NAME:nantes metropole,2020-05-22,2021-01-18,7.917214191852825,2020-11-22,1.8725361366622864,0.8439553219448095,0.3004089479083553,0.4,0.6,0.4961319622541267,False,False,1,0.06316247159500182,28,MEDIUM,window_12m,0.36869016102069596
20-67439,21-38984,NAME_FALLBACK,NAME:sdis 44,2020-05-25,2021-03-23,9.921156373193167,2020-10-25,4.894875164257556,0.5920937363118703,0.06810652020362543,0.6,0.6,0.41186071614923647,False,False,1,0.1986737300384765,2,MEDIUM,window_12m,0.36869016102069596
20-68352,20-114714,NAME_FALLBACK,NAME:conseil departemental loire-atlantique,2020-05-28,2020-09-20,3.7779237844940865,2020-11-28,2.266754270696452,0.8111038107752957,0.014987172460548703,1.0,0.6,0.568021463055016,False,False,1,0.08642401191984245,14,HIGH,window_12m,0.36869016102069596
20-70773,22-47598,NAME_FALLBACK,NAME:chu de nantes,2020-06-04,2022-04-03,21.944809461235216,2021-08-14,7.621550591327201,0.36487078405606665,0.6209336515198629,1.0,0.6,0.6685444740459685,False,False,1,0.3211017504679619,15,HIGH,window_12m,0.36869016102069596
20-72017,20-137315,NAME_FALLBACK,NAME:sdis 85,2020-06-04,2020-11-11,5.256241787122208,2020-11-04,0.22996057818659657,0.9808366184844503,0.28213124806955314,0.0,0.6,0.40395509144545616,False,False,1,0.18791919662851497,2,MEDIUM,window_12m,0.36869016102069596
20-72791,21-126360,RAW_SIRET,SIRET:88324710800011,2020-06-07,2021-09-23,15.538764783180026,2021-04-10,5.45335085413929,0.5455540954883924,0.9999999999999998,1.0,1.0,0.886388523872098,False,False,1,0.1847116054156508,2,HIGH,window_12m,0.36869016102069596
20-78012,20-132336,NAME_FALLBACK,NAME:nantes metropole,2020-06-18,2020-11-08,4.697766097240473,2020-12-18,1.314060446780552,0.8904949627682873,0.11818710468665,0.2,0.6,0.3839892273323993,False,True,1,0.04541149442304471,29,POTENTIAL,window_12m,0.36869016102069596
20-86796,20-106651,NAME_FALLBACK,NAME:nantes metropole,2020-07-07,2020-08-28,1.7082785808147174,2021-01-07,4.336399474375821,0.6386333771353483,0.9900162231505771,0.1,0.6,0.596164022386539,True,False,1,0.22021518115400357,28,HIGH,window_12m,0.36869016102069596
20-88363,21-51989,NAME_FALLBACK,NAME:departement de la mayenne,2020-07-09,2021-04-19,9.329829172141919,2021-01-09,3.2851511169513796,0.7262374069207184,0.2178200616029382,0.4,0.6,0.43779637329120796,False,False,1,0.006453175505979514,6,POTENTIAL,window_12m,0.36869016102069596
20-8845,20-111698,RAW_SIRET,SIRET:23440003400026,2020-01-22,2020-09-13,7.720105124835742,2020-10-27,1.445466491458607,0.879544459045116,0.23119388628128976,0.0,1.0,0.4008039749597304,False,False,1,0.00031194827432046157,11,POTENTIAL,window_12m,0.36869016102069596
20-91088,22-16534,RAW_SIRET,SIRET:24720013200014,2020-07-18,2022-02-03,18.561103810775293,2021-11-23,2.3653088042049935,0.8028909329829172,0.3246330467212676,0.2,1.0,0.4743442995981729,False,False,1,0.1291383606956265,10,MEDIUM,window_12m,0.36869016102069596
20-91517,22-39891,NAME_FALLBACK,NAME:nantes metropole,2020-07-19,2022-03-19,19.97371879106439,2022-03-06,0.42706964520367935,0.9644108628996934,0.308632718870194,0.0,0.6,0.40912416732949125,False,False,1,0.02037231811410911,30,POTENTIAL,window_12m,0.36869016102069596
20-94462,21-37354,NAME_FALLBACK,NAME:ch le mans,2020-07-26,2021-03-21,7.818659658344283,2021-04-10,0.657030223390276,0.9452474813841437,0.01881961190467997,0.6,0.6,0.4828987345126739,False,False,1,0.19619832830191658,11,MEDIUM,window_12m,0.36869016102069596
20-95579,21-95316,NAME_FALLBACK,NAME:cte de cnes du pays d ancenis,2020-07-29,2021-07-08,11.300919842312746,2021-07-24,0.5256241787122208,0.9561979851073149,0.11838612010693884,0.1,0.6,0.3704846383142573,True,False,1,0.024867024438727736,2,POTENTIAL,window_12m,0.36869016102069596
20-96618,20-115241,NAME_FALLBACK,NAME:ch le mans,2020-07-29,2020-09-23,1.8396846254927726,2021-02-13,4.697766097240473,0.6085194918966272,0.5638167266698864,1.0,0.6,0.7094657273086171,False,False,1,0.21271621413779856,9,HIGH,window_12m,0.36869016102069596
20-97380,21-72712,NAME_FALLBACK,NAME:cci nantes saint-nazaire,2020-08-01,2021-06-02,10.019710906701707,2021-06-11,0.2956636005256242,0.9753613666228647,0.12822043326870639,1.0,0.6,0.6487174932997635,False,False,1,0.49270895190685937,2,HIGH,window_12m,0.36869016102069596
20-98214,21-7561,NAME_FALLBACK,NAME:nantes metropole,2020-08-05,2021-01-18,5.45335085413929,2021-02-05,0.5913272010512484,0.9507227332457293,0.0,0.6,0.6,0.4776806833114323,False,False,1,0.0490494962768287,26,POTENTIAL,window_12m,0.36869016102069596
20-98264,21-7561,NAME_FALLBACK,NAME:nantes metropole,2020-08-05,2021-01-18,5.45335085413929,2021-02-05,0.5913272010512484,0.9507227332457293,0.0,0.6,0.6,0.4776806833114323,False,False,1,0.0490494962768287,26,POTENTIAL,window_12m,0.36869016102069596
21-10110,21-21301,NAME_FALLBACK,NAME:ville de laval,2021-01-22,2021-02-15,0.7884362680683311,2021-07-22,5.157687253613666,0.5701927288655277,0.9999999999999999,0.1,0.6,0.5825481822163818,True,False,1,0.22887491751525862,2,HIGH,window_12m,0.36869016102069596
21-103501,21-156574,NAME_FALLBACK,NAME:departement de la sarthe,2021-07-23,2021-11-26,4.139290407358739,2022-01-23,1.9053876478318001,0.8412176960140166,0.31983613477510997,1.0,0.6,0.6822470711747926,False,False,1,0.6822470711747926,1,HIGH,window_12m,0.36869016102069596
21-104870,22-83349,RAW_SIRET,SIRET:22530001100015,2021-07-29,2022-06-16,10.578186596583443,2022-05-11,1.1826544021024967,0.9014454664914586,0.6128460635097774,1.0,1.0,0.8398574888512867,False,False,1,0.13044823297425734,11,HIGH,window_12m,0.36869016102069596
21-111036,22-19299,NAME_FALLBACK,NAME:ville de bouguenais,2021-08-13,2022-02-09,5.913272010512483,2022-03-20,1.281208935611038,0.8932325886990802,0.3377839624650236,0.0,0.6,0.4015325340375283,False,False,1,0.05248993829817811,3,MEDIUM,window_12m,0.36869016102069596
21-11178,21-28206,NAME_FALLBACK,NAME:saint nazaire agglomeration tourisme,2021-01-25,2021-03-02,1.1826544021024967,2021-05-25,2.759526938239159,0.7700394218134035,0.9999999999999991,0.0,0.6,0.6025098554533506,False,False,1,0.6025098554533506,1,HIGH,window_12m,0.36869016102069596
21-113953,21-117615,NAME_FALLBACK,NAME:chu de nantes,2021-08-20,2021-09-01,0.39421813403416556,2022-02-20,5.650459921156373,0.5291283399036355,0.9999999999999999,1.0,0.6,0.8422820849759087,False,False,1,0.49067606658237206,7,HIGH,window_12m,0.36869016102069596
21-115415,21-130956,NAME_FALLBACK,NAME:conseil regional des pays de la loire,2021-08-25,2021-10-02,1.2483574244415243,2021-12-25,2.759526938239159,0.7700394218134035,0.3967294858012744,0.0,0.6,0.39136517548379685,False,True,1,0.004725644698717502,8,POTENTIAL,window_12m,0.36869016102069596
21-116891,22-69952,RAW_SIRET,SIRET:23440003400026,2021-09-01,2022-05-16,8.442838370565045,2022-07-15,1.9710906701708277,0.835742444152431,0.03656099714362173,1.0,1.0,0.6217319600383754,False,True,1,0.07391562025615661,21,HIGH,window_12m,0.36869016102069596
21-117181,22-57715,NAME_FALLBACK,NAME:satt ouest valorisation,2021-08-31,2022-04-22,7.687253613666228,2022-02-28,1.7411300919842312,0.8549058256679807,0.6207670451588572,0.1,0.6,0.5209949222225951,True,False,1,0.5209949222225951,1,HIGH,window_12m,0.36869016102069596
21-118586,22-66076,NAME_FALLBACK,NAME:ch le mans,2021-09-05,2022-05-11,8.147174770039422,2022-06-21,1.3469119579500657,0.8877573368374945,0.6520640114512443,0.0,0.6,0.5101617382173091,False,False,1,0.05091465355014191,7,HIGH,window_12m,0.36869016102069596
21-11865,21-141238,NAME_FALLBACK,NAME:cte de communes de la region de blain,2021-01-26,2021-10-21,8.804204993429698,2022-01-12,2.726675427069645,0.7727770477441962,0.03353926339097301,1.0,0.6,0.5649330041228897,False,True,1,0.5649330041228897,1,HIGH,window_12m,0.36869016102069596
21-119536,21-157863,NAME_FALLBACK,NAME:commune de saint-herblain,2021-09-06,2021-12-02,2.8580814717477003,2022-03-06,3.088042049934297,0.7426631625054753,0.3002059288123773,0.2,0.6,0.41073786571070087,False,False,1,0.042433201927288666,3,POTENTIAL,window_12m,0.36869016102069596
21-122032,22-118191,NAME_FALLBACK,NAME:nantes metropole,2021-09-10,2022-09-03,11.76084099868594,2022-07-12,1.7411300919842312,0.8549058256679807,0.045579065412910034,1.0,0.6,0.5896791293115138,False,True,1,0.08699581918084864,28,HIGH,window_12m,0.36869016102069596
21-124527,21-130046,NAME_FALLBACK,NAME:gpm de nantes - st nazaire,2021-09-16,2021-09-29,0.42706964520367935,2022-03-16,5.519053876478318,0.5400788436268069,1.0000000000000004,1.0,0.6,0.8450197109067019,False,False,1,0.48516365169122877,2,HIGH,window_12m,0.36869016102069596
21-125536,22-38732,NAME_FALLBACK,NAME:crous de nantes,2021-09-22,2022-03-17,5.781865965834428,2022-03-22,0.164257555847569,0.986311870346036,0.022333328587486448,1.0,0.6,0.6143946325921292,False,False,1,0.6143946325921292,1,HIGH,window_12m,0.36869016102069596
21-125688,22-93332,NAME_FALLBACK,NAME:vendee expansion,2021-09-22,2022-07-06,9.42838370565046,2022-06-15,0.6898817345597897,0.9425098554533509,0.13482383001395082,0.2,0.6,0.4028158043682205,False,True,1,0.06947501280046298,3,MEDIUM,window_12m,0.36869016102069596
21-125738,21-161861,NAME_FALLBACK,NAME:commune de saint nazaire,2021-09-20,2021-12-09,2.628120893561104,2022-03-20,3.3180026281208934,0.7234997809899255,0.9321375392082409,1.0,0.6,0.8671230839703656,False,False,1,0.8671230839703656,1,HIGH,window_12m,0.36869016102069596
21-126360,21-144087,RAW_SIRET,SIRET:88324710800011,2021-09-23,2021-10-28,1.149802890932983,2022-05-21,6.734559789750328,0.4387866841874727,0.5406932042251038,1.0,1.0,0.6989392925256545,False,False,1,0.6989392925256545,1,HIGH,window_12m,0.36869016102069596
21-126684,23-12419,RAW_SIRET,SIRET:23440003400026,2021-09-24,2023-01-28,16.130091984231274,2023-02-28,1.0183968462549278,0.9151335961454227,0.0,0.4,1.0,0.44878339903635567,False,False,1,0.029775192824138652,23,POTENTIAL,window_12m,0.36869016102069596
21-12893,21-145116,RAW_SIRET,SIRET:22530001100015,2021-01-30,2021-10-30,8.968462549277266,2021-09-12,1.5768725361366622,0.8685939553219448,1.0000000000000002,0.4,1.0,0.7871484888304862,False,False,1,0.422264527404945,9,HIGH,window_12m,0.36869016102069596
21-130046,22-92345,NAME_FALLBACK,NAME:gpm de nantes - st nazaire,2021-09-29,2022-07-03,9.099868593955321,2022-03-29,3.1537450722733245,0.7371879106438897,0.012732473798792507,0.4,0.6,0.3687533434905498,False,False,1,0.3687533434905498,1,MEDIUM,window_12m,0.36869016102069596
21-130369,21-157863,NAME_FALLBACK,NAME:commune de saint-herblain,2021-10-01,2021-12-02,2.0367936925098555,2022-04-01,3.9421813403416555,0.6714848883048621,1.0,1.0,0.6,0.8778712220762155,False,False,1,0.5354565450982922,2,HIGH,window_12m,0.36869016102069596
21-130956,23-140453,NAME_FALLBACK,NAME:conseil regional des pays de la loire,2021-10-02,2023-10-11,24.277266754270695,2022-10-27,11.465177398160314,0.044568550153307185,0.9358441431864357,0.0,0.6,0.3986875876535793,False,False,1,0.028340294991898607,10,POTENTIAL,window_12m,0.36869016102069596
21-13699,21-20640,NAME_FALLBACK,NAME:communaute de communes de sable,2021-02-03,2021-02-12,0.2956636005256242,2021-08-03,5.650459921156373,0.5291283399036355,0.9567939091558684,1.0,0.6,0.8271599531804628,False,False,1,0.5967006035324477,2,HIGH,window_12m,0.36869016102069596
21-137487,22-93332,NAME_FALLBACK,NAME:vendee expansion,2021-10-15,2022-07-06,8.672798948751643,2022-06-15,0.6898817345597897,0.9425098554533509,0.27977867443000276,1.0,0.6,0.6935499999138386,False,False,1,0.17754418195082255,2,HIGH,window_12m,0.36869016102069596
21-138241,22-83128,RAW_SIRET,SIRET:22720002900014,2021-10-16,2022-06-14,7.917214191852825,2022-07-26,1.3797634691195795,0.8850197109067017,0.23930312541113366,0.4,1.0,0.5250110216205722,False,False,1,0.08687680347477134,7,HIGH,window_12m,0.36869016102069596
21-138925,21-147552,NAME_FALLBACK,NAME:cdc du pays de saint gilles cx de vie,2021-10-18,2021-11-04,0.5584756898817346,2022-04-18,5.4204993429697765,0.5482917214191854,0.9821918481137086,0.1,0.6,0.5708400771945943,True,False,1,0.5708400771945943,1,HIGH,window_12m,0.36869016102069596
21-143183,21-153479,NAME_FALLBACK,NAME:nantes metropole,2021-10-25,2021-11-19,0.8212877792378449,2022-04-25,5.157687253613666,0.5701927288655277,1.0000000000000002,0.1,0.6,0.582548182216382,True,True,1,0.07426639569771742,25,HIGH,window_12m,0.36869016102069596
21-143328,21-143444,NAME_FALLBACK,NAME:departement de la vendee,2021-10-25,2021-10-26,0.0328515111695138,2022-09-30,11.136662286465176,0.07194480946123527,1.0,1.0,0.6,0.7279862023653088,False,False,1,0.7279862023653088,1,HIGH,window_12m,0.36869016102069596
21-145116,22-94102,RAW_SIRET,SIRET:22530001100015,2021-10-30,2022-07-05,8.147174770039422,2022-07-02,0.09855453350854139,0.9917871222076216,0.2017885979613658,0.0,1.0,0.4185727898383834,False,False,1,0.015528180369272726,12,POTENTIAL,window_12m,0.36869016102069596
21-14714,21-61224,NAME_FALLBACK,NAME:universite de nantes,2021-02-01,2021-05-06,3.088042049934297,2021-08-01,2.8580814717477003,0.761826544021025,1.0000000000000007,1.0,0.6,0.9004566360052564,False,True,1,0.26821147078878393,6,HIGH,window_12m,0.36869016102069596
21-148591,22-12003,NAME_FALLBACK,NAME:laval agglomeration,2021-11-10,2022-01-26,2.5295663600525624,2022-03-10,1.4126149802890933,0.8822820849759089,0.6788589799893974,1.0,0.6,0.8181711642402663,False,False,1,0.8181711642402663,1,HIGH,window_12m,0.36869016102069596
21-148611,22-171933,RAW_SIRET,SIRET:24720013200014,2021-11-10,2023-01-01,13.699080157687254,2023-02-13,1.4126149802890933,0.8822820849759089,0.5777380990772488,1.0,1.0,0.8227788559210143,False,False,1,0.10608300481822164,10,HIGH,window_12m,0.36869016102069596
21-148700,22-69458,NAME_FALLBACK,NAME:ch le mans,2021-11-10,2022-05-18,6.2089356110381075,2022-05-27,0.2956636005256242,0.9753613666228647,0.20859011339258415,0.2,0.6,0.4368468813431206,False,False,1,0.01927479777534813,5,POTENTIAL,window_12m,0.36869016102069596
21-150948,22-104764,NAME_FALLBACK,NAME:semitan,2021-11-15,2022-07-29,8.409986859395532,2022-05-15,2.463863337713535,0.7946780551905388,0.3583592914990604,0.2,0.6,0.4440952658223058,False,False,1,0.016148485270400414,6,POTENTIAL,window_12m,0.36869016102069596
21-15299,21-113953,NAME_FALLBACK,NAME:chu de nantes,2021-02-04,2021-08-20,6.471747700394218,2021-08-04,0.5256241787122208,0.9561979851073149,0.04626770785225148,0.4,0.6,0.43524319402511674,False,False,1,0.008212877792378448,11,POTENTIAL,window_12m,0.36869016102069596
21-153479,22-39891,NAME_FALLBACK,NAME:nantes metropole,2021-11-19,2022-03-19,3.9421813403416555,2022-05-19,2.0039421813403417,0.8330048182216382,0.24737030863154202,0.1,0.6,0.38483081257644924,True,False,1,0.001855233601976758,23,POTENTIAL,window_12m,0.36869016102069596
21-156348,22-130851,RAW_SIRET,SIRET:22530001100015,2021-11-27,2022-10-02,10.151116951379763,2022-09-20,0.39421813403416556,0.9671484888304862,0.12215429156287327,1.0,1.0,0.6845411242546272,False,False,1,0.053465310445549474,11,HIGH,window_12m,0.36869016102069596
21-157552,22-43134,RAW_SIRET,SIRET:22720002900014,2021-12-01,2022-03-24,3.712220762155059,2022-06-01,2.266754270696452,0.8111038107752957,0.2637824058671478,0.2,1.0,0.45509979474732565,False,False,1,0.051087482430014486,6,MEDIUM,window_12m,0.36869016102069596
21-157863,22-95583,NAME_FALLBACK,NAME:commune de saint-herblain,2021-12-02,2022-07-07,7.128777923784494,2022-08-26,1.6425755584756898,0.8631187034603591,0.19657744514185466,0.1,0.6,0.37458178166473893,True,False,1,0.37458178166473893,1,MEDIUM,window_12m,0.36869016102069596
21-159824,21-165631,NAME_FALLBACK,NAME:chu de nantes,2021-12-03,2021-12-16,0.42706964520367935,2022-12-03,11.563731931668856,0.036355672360928626,1.0000000000000004,1.0,0.6,0.7190889180902322,False,False,1,0.4235602716922102,7,HIGH,window_12m,0.36869016102069596
21-160384,22-93332,NAME_FALLBACK,NAME:vendee expansion,2021-12-06,2022-07-06,6.964520367936925,2022-06-06,0.9855453350854139,0.9178712220762155,0.10795693191626488,1.0,0.6,0.6272527316897465,False,False,1,0.6272527316897465,1,HIGH,window_12m,0.36869016102069596
21-161904,22-90329,RAW_SIRET,SIRET:22440002800011,2021-12-11,2022-06-30,6.603153745072273,2022-10-07,3.252299605781866,0.7289750328515112,0.22630347312432464,1.0,1.0,0.6614499738063914,False,False,1,0.19949809525712914,18,HIGH,window_12m,0.36869016102069596
21-163566,22-6934,NAME_FALLBACK,NAME:nantes metropole,2021-12-13,2022-01-13,1.0183968462549278,2022-06-13,4.9605781865965834,0.5866184844502846,0.8309192730130208,0.1,0.6,0.5274763666671284,True,False,1,0.21134300997009214,23,HIGH,window_12m,0.36869016102069596
21-163822,22-102623,NAME_FALLBACK,NAME:nantes metropole,2021-12-16,2022-07-24,7.227332457293035,2022-07-03,0.6898817345597897,0.9425098554533509,0.20076410857270832,1.0,0.6,0.6658949018637856,False,False,1,0.35455323315870024,22,HIGH,window_12m,0.36869016102069596
21-16407,21-89893,NAME_FALLBACK,NAME:communaute d agglomeration du niortais,2021-02-04,2021-07-02,4.862023653088042,2021-08-04,1.0840998685939554,0.9096583442838371,0.08011087752115933,0.2,0.6,0.375453393203365,False,False,1,0.09141855739764393,2,MEDIUM,window_12m,0.36869016102069596
21-16505,22-13142,NAME_FALLBACK,NAME:conseil regional des pays de la loire,2021-02-06,2022-01-27,11.662286465177397,2022-02-04,0.2628120893561104,0.9780989925536575,0.14637826477638963,0.2,0.6,0.41575714081015075,False,False,1,0.04522735832992664,14,POTENTIAL,window_12m,0.36869016102069596
21-170414,22-116324,RAW_SIRET,SIRET:24720013200014,2021-12-30,2022-08-31,8.015768725361367,2022-09-06,0.19710906701708278,0.9835742444152431,0.10659606800452079,0.0,1.0,0.38320218490539304,False,False,1,0.04829830346280184,9,POTENTIAL,window_12m,0.36869016102069596
21-17328,21-23641,NAME_FALLBACK,NAME:universite d angers,2021-02-05,2021-02-19,0.45992115637319314,2021-07-16,4.829172141918528,0.597568988173456,1.0000000000000004,1.0,0.6,0.8593922470433641,False,False,1,0.19795929626256048,6,HIGH,window_12m,0.36869016102069596
21-23641,21-35440,NAME_FALLBACK,NAME:universite d angers,2021-02-19,2021-03-17,0.8541392904073587,2021-07-16,3.9750328515111693,0.6687472623740692,0.3835603862493899,1.0,0.6,0.6614329507808037,False,False,1,0.1948310439874309,5,HIGH,window_12m,0.36869016102069596
21-23645,21-51020,NAME_FALLBACK,NAME:semitan,2021-02-19,2021-04-16,1.8396846254927726,2021-08-19,4.106438896189225,0.6577967586508979,1.0,1.0,0.6,0.8744491896627244,False,False,1,0.5406003331679026,8,HIGH,window_12m,0.36869016102069596
21-24515,21-35279,NAME_FALLBACK,NAME:ifth,2021-02-22,2021-03-16,0.7227332457293035,2021-06-22,3.219448094612352,0.731712658782304,0.9999999999999994,1.0,0.6,0.8929281646955758,False,False,1,0.8929281646955758,1,HIGH,window_12m,0.36869016102069596
21-25617,22-54720,RAW_SIRET,SIRET:22720002900014,2021-02-26,2022-04-14,13.534822601839684,2022-06-03,1.6425755584756898,0.8631187034603591,0.0454141721863328,0.2,1.0,0.3916746361303063,False,False,1,0.03873173722121559,9,POTENTIAL,window_12m,0.36869016102069596
21-26779,21-126684,RAW_SIRET,SIRET:23440003400026,2021-02-28,2021-09-24,6.83311432325887,2022-06-03,8.278580814717477,0.31011826544021026,0.0035396408188391034,1.0,1.0,0.47876844064664625,False,False,1,0.07357202170774757,20,MEDIUM,window_12m,0.36869016102069596
21-28963,21-148700,NAME_FALLBACK,NAME:ch le mans,2021-03-05,2021-11-10,8.21287779237845,2022-05-21,6.307490144546649,0.4743758212877792,0.29221429683727196,1.0,0.6,0.58086895921499,False,False,1,0.1265752788428841,8,HIGH,window_12m,0.36869016102069596
21-29818,22-28887,RAW_SIRET,SIRET:52926090300016,2021-03-07,2022-02-26,11.695137976346912,2021-09-13,5.45335085413929,0.5455540954883924,1.0000000000000002,1.0,1.0,0.8863885238720981,False,False,1,0.8863885238720981,1,HIGH,window_12m,0.36869016102069596
21-31568,21-50635,NAME_FALLBACK,NAME:gie sesam vitale,2021-03-11,2021-04-17,1.2155059132720105,2021-09-11,4.829172141918528,0.597568988173456,0.03178584677715991,0.6,0.6,0.40051729341536996,False,False,1,0.01774134072154604,7,POTENTIAL,window_12m,0.36869016102069596
21-32441,21-42527,NAME_FALLBACK,NAME:universite de nantes,2021-03-11,2021-03-30,0.6241787122207622,2021-12-02,8.114323258869907,0.3238063950941744,1.0000000000000004,0.1,0.6,0.5209515987735438,True,False,1,0.23681829387908027,4,HIGH,window_12m,0.36869016102069596
21-35196,21-89893,NAME_FALLBACK,NAME:communaute d agglomeration du niortais,2021-03-16,2021-07-02,3.54796320630749,2021-09-16,2.4967148488830486,0.791940429259746,0.48374547010478935,1.0,0.6,0.7272960218516127,False,False,1,0.7272960218516127,1,HIGH,window_12m,0.36869016102069596
21-35440,22-22098,NAME_FALLBACK,NAME:universite d angers,2021-03-17,2022-02-13,10.939553219448094,2021-08-30,5.486202365308804,0.5428164695575997,0.0022929992310267056,1.0,0.6,0.49650666712025926,False,False,1,0.18609375564004582,4,MEDIUM,window_12m,0.36869016102069596
21-35651,22-13142,NAME_FALLBACK,NAME:conseil regional des pays de la loire,2021-03-19,2022-01-27,10.315374507227332,2021-09-19,4.270696452036794,0.6441086289969338,0.21565272808577407,0.6,0.6,0.47650561207925435,False,False,1,0.0698686097706126,11,MEDIUM,window_12m,0.36869016102069596
21-35939,21-78393,NAME_FALLBACK,NAME:conseil departemental loire-atlantique,2021-03-19,2021-06-11,2.759526938239159,2021-09-19,3.2851511169513796,0.7262374069207184,0.2904337635881374,1.0,0.6,0.6432111689860276,False,False,1,0.2619837100325218,8,HIGH,window_12m,0.36869016102069596
21-36205,21-53968,NAME_FALLBACK,NAME:conseil departemental loire-atlantique,2021-03-20,2021-04-24,1.149802890932983,2021-09-20,4.894875164257556,0.5920937363118703,0.3987912863430825,1.0,0.6,0.6476003842980464,False,True,1,0.3099120447688241,7,HIGH,window_12m,0.36869016102069596
21-40444,21-154866,NAME_FALLBACK,NAME:ville de saint sebastien sur loire,2021-03-25,2021-11-25,8.04862023653088,2021-09-25,2.0039421813403417,0.8330048182216382,0.007715976186927764,1.0,0.6,0.5709517962208344,False,False,1,0.5709517962208344,1,HIGH,window_12m,0.36869016102069596
21-4157,21-28206,NAME_FALLBACK,NAME:saint nazaire agglomeration tourisme,2021-01-11,2021-03-02,1.6425755584756898,2021-06-11,3.3180026281208934,0.7234997809899255,0.40934042149634037,0.0,0.6,0.3841440927712005,False,False,1,0.024638633377135344,2,POTENTIAL,window_12m,0.36869016102069596
21-42297,21-157863,NAME_FALLBACK,NAME:commune de saint-herblain,2021-04-01,2021-12-02,8.04862023653088,2021-12-05,0.09855453350854139,0.9917871222076216,0.22367677444684397,0.0,0.6,0.38623365160830075,False,False,1,0.027384117386780704,6,POTENTIAL,window_12m,0.36869016102069596
21-42540,22-113250,NAME_FALLBACK,NAME:ville de bouguenais,2021-03-30,2022-08-19,16.655716162943495,2022-06-18,2.0367936925098555,0.8302671922908453,0.22590224653385413,0.1,0.6,0.37663258435956026,True,False,1,0.08494139423339991,5,MEDIUM,window_12m,0.36869016102069596
21-46043,22-13142,NAME_FALLBACK,NAME:conseil regional des pays de la loire,2021-04-09,2022-01-27,9.625492772667542,2022-01-09,0.5913272010512484,0.9507227332457293,0.15391684822502666,0.2,0.6,0.41155158019019167,False,False,1,0.03092407832009264,12,POTENTIAL,window_12m,0.36869016102069596
21-51104,22-159813,NAME_FALLBACK,NAME:gie sesam vitale,2021-04-18,2022-12-04,19.54664914586071,2022-10-15,1.6425755584756898,0.8631187034603591,0.4494427224676989,0.2,0.6,0.4930846287287844,False,False,1,0.08136629047456756,6,MEDIUM,window_12m,0.36869016102069596
21-51989,21-53976,NAME_FALLBACK,NAME:departement de la mayenne,2021-04-19,2021-04-22,0.09855453350854139,2021-10-19,5.913272010512483,0.5072273324572931,0.07283262162693077,1.0,0.6,0.512298250683749,False,False,1,0.12350027447337114,7,HIGH,window_12m,0.36869016102069596
21-53976,22-7862,NAME_FALLBACK,NAME:departement de la mayenne,2021-04-22,2022-01-14,8.771353482260183,2021-10-22,2.759526938239159,0.7700394218134035,0.019528111349969672,0.4,0.6,0.37934469442584023,False,False,1,0.05399805838921207,6,MEDIUM,window_12m,0.36869016102069596
21-54966,22-11807,RAW_SIRET,SIRET:25440253000029,2021-04-25,2022-01-26,9.067017082785808,2021-10-25,3.055190538764783,0.7454007884362681,0.24444306711595393,0.0,1.0,0.37190527059965095,False,False,1,0.37190527059965095,1,MEDIUM,window_12m,0.36869016102069596
21-57326,21-69523,NAME_FALLBACK,NAME:departement de maine-et-loire,2021-04-29,2021-05-25,0.8541392904073587,2021-10-29,5.157687253613666,0.5701927288655277,0.9884481564992734,0.1,0.6,0.5785050369911278,True,False,1,0.23658922301136404,3,HIGH,window_12m,0.36869016102069596
21-61224,21-96695,NAME_FALLBACK,NAME:universite de nantes,2021-05-06,2021-07-12,2.2010512483574245,2021-11-06,3.843626806833114,0.6796977660972405,0.10266655677267589,1.0,0.6,0.5658577363947468,False,True,1,0.5658577363947468,1,HIGH,window_12m,0.36869016102069596
21-67958,22-24405,RAW_SIRET,SIRET:24440064400013,2021-05-22,2022-02-16,8.869908015768726,2022-04-17,1.9710906701708277,0.835742444152431,0.02809028504585807,0.2,1.0,0.3787672108041581,False,False,1,0.014418161434813115,6,POTENTIAL,window_12m,0.36869016102069596
21-69590,21-148591,NAME_FALLBACK,NAME:laval agglomeration,2021-05-25,2021-11-10,5.551905387647832,2021-11-25,0.49277266754270693,0.9589356110381078,0.15249645144404197,0.1,0.6,0.3831076607649416,True,False,1,0.03297263055756311,2,POTENTIAL,window_12m,0.36869016102069596
21-71012,21-96769,NAME_FALLBACK,NAME:ville de sable sur sarthe,2021-05-27,2021-07-12,1.5111695137976346,2021-11-27,4.533508541392904,0.6222076215505914,1.0,1.0,0.6,0.8655519053876477,False,False,1,0.8655519053876477,1,HIGH,window_12m,0.36869016102069596
21-71538,21-119536,NAME_FALLBACK,NAME:commune de saint-herblain,2021-05-27,2021-09-06,3.350854139290407,2021-11-27,2.6938239159001314,0.775514673674989,0.5147627498211851,0.0,0.6,0.43404563085616205,False,False,1,0.05750258388336099,5,MEDIUM,window_12m,0.36869016102069596
21-73723,21-134527,NAME_FALLBACK,NAME:rectorat de l academie de nantes,2021-06-01,2021-10-07,4.204993429697766,2021-10-01,0.19710906701708278,0.9835742444152431,0.12940274402772495,0.1,0.6,0.3811845215135145,True,False,1,0.07728444739239265,3,MEDIUM,window_12m,0.36869016102069596
21-74412,21-83160,NAME_FALLBACK,NAME:angers loire metropole,2021-06-11,2021-06-25,0.45992115637319314,2021-12-11,5.551905387647832,0.537341217696014,0.22049135266542613,1.0,0.6,0.5715072778569026,False,False,1,0.2752539081825402,5,HIGH,window_12m,0.36869016102069596
21-7561,22-52027,NAME_FALLBACK,NAME:nantes metropole,2021-01-18,2022-04-13,14.783180026281208,2021-07-18,8.83705650459921,0.2635786246167324,0.15029517274357232,1.0,0.6,0.4784979666144334,False,False,1,0.025465552297515903,26,POTENTIAL,window_12m,0.36869016102069596
21-76081,21-122032,NAME_FALLBACK,NAME:nantes metropole,2021-06-04,2021-09-10,3.219448094612352,2021-12-04,2.7923784494086727,0.7673017958826106,0.003470484721614647,1.0,0.6,0.5530401186232177,False,True,1,0.12639411530451744,30,HIGH,window_12m,0.36869016102069596
21-76512,21-157863,NAME_FALLBACK,NAME:commune de saint-herblain,2021-06-09,2021-12-02,5.781865965834428,2022-05-06,5.091984231274639,0.5756679807271134,0.21425516717441262,0.4,0.6,0.39890630369282276,False,False,1,0.02944565985430403,4,POTENTIAL,window_12m,0.36869016102069596
21-76634,21-163822,NAME_FALLBACK,NAME:nantes metropole,2021-06-07,2021-12-16,6.307490144546649,2021-10-07,2.299605781865966,0.8083661848445028,0.021543613624763265,0.6,0.6,0.4496318109797928,False,False,1,0.06000622958736629,25,MEDIUM,window_12m,0.36869016102069596
21-78101,22-171933,RAW_SIRET,SIRET:24720013200014,2021-06-11,2023-01-01,18.69250985545335,2022-11-29,1.0840998685939554,0.9096583442838371,0.5777380990772488,1.0,1.0,0.8296229207479963,False,False,1,0.060912176960140174,11,HIGH,window_12m,0.36869016102069596
21-78352,21-143183,NAME_FALLBACK,NAME:nantes metropole,2021-06-09,2021-10-25,4.533508541392904,2021-12-09,1.4783180026281209,0.8768068331143233,0.06634049253116989,1.0,0.6,0.6024208806644904,False,True,1,0.04339800457661591,28,POTENTIAL,window_12m,0.36869016102069596
21-78563,21-117615,NAME_FALLBACK,NAME:chu de nantes,2021-06-09,2021-09-01,2.759526938239159,2021-12-09,3.252299605781866,0.7289750328515112,0.022823723922424835,0.6,0.6,0.4302320615857265,False,False,1,0.008212877792378448,7,POTENTIAL,window_12m,0.36869016102069596
21-8119,22-163107,NAME_FALLBACK,NAME:commune de nantes,2021-01-22,2022-12-09,22.536136662286463,2022-01-22,10.545335085413928,0.12122207621550596,0.5461654502270366,0.6,0.6,0.4614634266333392,False,False,1,0.03646055119035252,4,POTENTIAL,window_12m,0.36869016102069596
21-82013,22-98745,RAW_SIRET,SIRET:13002591900015,2021-06-18,2022-07-13,12.81208935611038,2022-04-13,2.9894875164257555,0.7508760402978537,0.0,0.6,1.0,0.46771901007446337,False,False,1,0.46771901007446337,1,MEDIUM,window_12m,0.36869016102069596
21-83144,22-48493,NAME_FALLBACK,NAME:cmar pays de la loire,2021-06-19,2022-04-04,9.494086727989487,2022-04-08,0.1314060446780552,0.9890494962768287,0.38103621716692243,0.1,0.6,0.47062505007763,True,False,1,0.10769071867721708,3,MEDIUM,window_12m,0.36869016102069596
21-85552,22-26998,NAME_FALLBACK,NAME:nantes metropole,2021-06-22,2022-02-24,8.114323258869907,2021-12-22,2.102496714848883,0.8247919404292597,0.08893524842827057,0.4,0.6,0.4173253220572096,False,False,1,0.020730114841649938,28,POTENTIAL,window_12m,0.36869016102069596
21-85842,22-26998,NAME_FALLBACK,NAME:nantes metropole,2021-06-25,2022-02-24,8.015768725361367,2021-12-25,2.0039421813403417,0.8330048182216382,0.03283952612471888,0.6,0.6,0.45974503869906114,False,False,1,0.09938291797695903,27,MEDIUM,window_12m,0.36869016102069596
21-86124,21-161507,NAME_FALLBACK,NAME:sydela,2021-06-23,2021-12-08,5.519053876478318,2021-10-23,1.5111695137976346,0.8740692071835304,0.798419998471066,1.0,0.6,0.8579643012607556,False,False,1,0.8579643012607556,1,HIGH,window_12m,0.36869016102069596
21-86348,22-141031,NAME_FALLBACK,NAME:semitan,2021-06-25,2022-10-22,15.900131406044677,2022-07-30,2.759526938239159,0.7700394218134035,0.43594352603845554,0.2,0.6,0.46509008956681025,False,True,1,0.06076094844468716,10,MEDIUM,window_12m,0.36869016102069596
21-88219,22-60784,RAW_SIRET,SIRET:22720002900014,2021-06-30,2022-04-30,9.986859395532194,2022-05-21,0.6898817345597897,0.9425098554533509,0.06063171028178341,0.4,1.0,0.47684856246196194,False,False,1,0.012105059885313518,8,POTENTIAL,window_12m,0.36869016102069596
21-89559,22-141355,NAME_FALLBACK,NAME:conseil regional des pays de la loire,2021-07-01,2022-10-22,15.703022339027594,2022-01-01,9.658344283837057,0.195137976346912,0.9359629154957073,1.0,0.6,0.7363715145102254,False,False,1,0.4317792115404273,9,HIGH,window_12m,0.36869016102069596
21-91773,22-74813,NAME_FALLBACK,NAME:gie sesam vitale,2021-07-04,2022-05-27,10.74244415243101,2022-01-04,4.697766097240473,0.6085194918966272,0.5563730870462691,0.2,0.6,0.466860453440351,False,True,1,0.08750653316001811,4,MEDIUM,window_12m,0.36869016102069596
21-96114,21-150402,NAME_FALLBACK,NAME:nantes metropole,2021-07-15,2021-11-14,4.0078843626806835,2022-01-15,2.0367936925098555,0.8302671922908453,0.04398619054065234,1.0,0.6,0.5829619647619397,False,False,1,0.21706602761625304,24,HIGH,window_12m,0.36869016102069596
21-97876,21-143183,NAME_FALLBACK,NAME:nantes metropole,2021-07-15,2021-10-25,3.350854139290407,2022-01-15,2.6938239159001314,0.775514673674989,0.014006251735462587,1.0,0.6,0.5587808565261592,False,True,1,0.14171272657607142,24,HIGH,window_12m,0.36869016102069596
22-104764,23-74653,NAME_FALLBACK,NAME:semitan,2022-07-29,2023-06-03,10.151116951379763,2023-06-09,0.19710906701708278,0.9835742444152431,0.012424122109706802,1.0,0.6,0.6102420038422083,False,False,1,0.004348442738397518,10,POTENTIAL,window_12m,0.36869016102069596
22-105384,24-43365,RAW_SIRET,SIRET:24720013200014,2022-07-30,2024-04-14,20.49934296977661,2024-01-05,3.2851511169513796,0.7262374069207184,0.5576746382331395,1.0,1.0,0.7767454751117784,False,False,1,0.021216600963644416,11,POTENTIAL,window_12m,0.36869016102069596
22-105581,22-167195,NAME_FALLBACK,NAME:st gilles croix de vie agglomeration,2022-07-31,2022-12-21,4.697766097240473,2023-05-14,4.730617608409987,0.6057818659658345,0.6479006932094956,1.0,0.6,0.738210709114782,False,False,1,0.47602613197991145,3,HIGH,window_12m,0.36869016102069596
22-105832,23-41648,RAW_SIRET,SIRET:22850001300658,2022-07-28,2023-03-28,7.982917214191852,2023-04-21,0.7884362680683311,0.9342969776609724,0.0,0.4,1.0,0.4535742444152431,False,False,1,0.06844064826982044,4,MEDIUM,window_12m,0.36869016102069596
22-108057,23-34705,NAME_FALLBACK,NAME:nantes metropole,2022-08-06,2023-03-17,7.3258869908015765,2023-02-06,1.281208935611038,0.8932325886990802,0.07510789723011099,0.4,0.6,0.4295959112053089,False,False,1,0.01143316176769571,19,POTENTIAL,window_12m,0.36869016102069596
22-111359,23-102643,NAME_FALLBACK,NAME:nantes metropole,2022-08-20,2023-07-22,11.038107752956636,2023-02-20,4.993429697766097,0.5838808585194919,0.0709916422540964,1.0,0.6,0.5308172894188067,False,False,1,0.10405574697386383,18,HIGH,window_12m,0.36869016102069596
22-113812,22-145708,NAME_FALLBACK,NAME:semitan mandataire de nantes metropole,2022-08-24,2022-10-30,2.2010512483574245,2023-08-19,9.625492772667542,0.19787560227770484,0.26384196889091677,1.0,0.6,0.501813589681247,False,False,1,0.08464760943054733,2,HIGH,window_12m,0.36869016102069596
22-114731,23-168051,RAW_SIRET,SIRET:22530001100015,2022-08-25,2023-12-01,15.210249671484888,2023-07-28,4.139290407358739,0.6550591327201052,0.17057770283505688,0.8,1.0,0.5634669791722962,False,False,1,0.10138936606117654,9,HIGH,window_12m,0.36869016102069596
22-116324,23-117420,RAW_SIRET,SIRET:24720013200014,2022-08-31,2023-08-24,11.76084099868594,2023-08-04,0.657030223390276,0.9452474813841437,0.22930488915099898,0.2,1.0,0.4765685815488856,False,False,1,0.12208379820949555,13,MEDIUM,window_12m,0.36869016102069596
22-118191,22-165917,NAME_FALLBACK,NAME:nantes metropole,2022-09-03,2022-12-18,3.4822601839684624,2023-03-03,2.463863337713535,0.7946780551905388,0.012342472245866863,1.0,0.6,0.5629893790836882,False,True,1,0.04712874924683019,17,POTENTIAL,window_12m,0.36869016102069596
22-120001,22-126881,RAW_SIRET,SIRET:22440002800011,2022-09-06,2022-09-21,0.49277266754270693,2023-01-06,3.515111695137976,0.7070740254051686,0.016889130687014278,1.0,1.0,0.5826797020917471,False,False,1,0.12959139710090206,14,HIGH,window_12m,0.36869016102069596
22-121360,22-162095,RAW_SIRET,SIRET:22530001100015,2022-09-09,2022-12-09,2.9894875164257555,2023-03-09,2.9566360052562417,0.7536136662286466,0.0774322490914763,0.4,1.0,0.4355047037391784,False,False,1,0.010925616722098241,7,POTENTIAL,window_12m,0.36869016102069596
22-122079,23-24028,RAW_SIRET,SIRET:22440002800011,2022-09-12,2023-02-20,5.289093298291721,2023-02-12,0.2628120893561104,0.9780989925536575,0.23653951162537107,0.0,1.0,0.42731357720729424,False,False,1,0.005630331423448709,15,POTENTIAL,window_12m,0.36869016102069596
22-122955,23-34018,NAME_FALLBACK,NAME:departement de la mayenne,2022-09-13,2023-03-14,5.978975032851511,2023-03-13,0.0328515111695138,0.9972623740692071,0.24222110176037726,0.1,0.6,0.4240929791334338,True,False,1,0.013688129653964043,2,POTENTIAL,window_12m,0.36869016102069596
22-123803,23-66104,RAW_SIRET,SIRET:22530001100015,2022-09-15,2023-05-17,8.015768725361367,2023-03-15,2.0696452036793693,0.8275295663600526,0.24878556779409833,0.4,1.0,0.5139573403179476,False,False,1,0.05958437192161348,6,HIGH,window_12m,0.36869016102069596
22-124106,22-131126,RAW_SIRET,SIRET:19490970100303,2022-09-17,2022-10-02,0.49277266754270693,2023-01-17,3.515111695137976,0.7070740254051686,0.01133677974954689,0.4,1.0,0.4007363792636336,False,False,1,0.005598764817437707,2,POTENTIAL,window_12m,0.36869016102069596
22-126767,23-76444,RAW_SIRET,SIRET:22440002800011,2022-09-23,2023-06-05,8.377135348226018,2023-06-09,0.1314060446780552,0.9890494962768287,0.20152892868224925,0.0,1.0,0.41779749910799435,False,False,1,0.05414441407821602,14,MEDIUM,window_12m,0.36869016102069596
22-126881,22-160850,RAW_SIRET,SIRET:22440002800011,2022-09-21,2022-12-05,2.463863337713535,2023-01-21,1.5440210249671484,0.8713315812527376,0.01841205804487159,0.4,1.0,0.4442771156288894,False,False,1,0.11480931010983553,11,MEDIUM,window_12m,0.36869016102069596
22-12758,22-72719,NAME_FALLBACK,NAME:ville d angers,2022-02-03,2022-05-22,3.54796320630749,2022-11-24,6.110381077529566,0.4908015768725361,0.7713786513674213,1.0,0.6,0.7526829221967315,False,False,1,0.18618228129629433,2,HIGH,window_12m,0.36869016102069596
22-128177,22-146330,NAME_FALLBACK,NAME:vendee,2022-09-28,2022-11-02,1.149802890932983,2023-06-15,7.391590013140604,0.3840341655716163,0.008867778111212584,1.0,0.6,0.4591122637318285,False,False,1,0.1381937306023293,3,MEDIUM,window_12m,0.36869016102069596
22-128689,23-164333,RAW_SIRET,SIRET:20006947400019,2022-09-26,2023-11-23,13.896189224704337,2023-01-26,9.888304862023652,0.17597459483136235,1.0,1.0,1.0,0.7939936487078405,False,False,1,0.5862928021331075,2,HIGH,window_12m,0.36869016102069596
22-130851,23-90833,RAW_SIRET,SIRET:22530001100015,2022-10-02,2023-07-01,8.935611038107753,2023-07-08,0.22996057818659657,0.9808366184844503,0.7843386056474413,0.6,1.0,0.799727666597717,False,False,1,0.24129218740791814,5,HIGH,window_12m,0.36869016102069596
22-133794,23-34705,NAME_FALLBACK,NAME:nantes metropole,2022-10-08,2023-03-17,5.256241787122208,2023-04-08,0.7227332457293035,0.939772229522558,0.10162597062326988,0.4,0.6,0.45051214709878395,False,False,1,0.0007334312566931733,19,POTENTIAL,window_12m,0.36869016102069596
22-13674,23-39978,NAME_FALLBACK,NAME:ville de nantes,2022-01-28,2023-04-01,14.060446780551905,2022-11-04,4.862023653088042,0.5948313622426631,0.7713436601609731,0.0,0.6,0.47867812161700635,False,False,1,0.2444298075950711,4,MEDIUM,window_12m,0.36869016102069596
22-136844,24-88815,RAW_SIRET,SIRET:24720013200014,2022-10-14,2024-07-28,21.45203679369251,2024-07-05,0.7555847568988173,0.9370346035917653,0.0,0.2,1.0,0.3942586508979413,False,False,1,0.05041830924222512,11,MEDIUM,window_12m,0.36869016102069596
22-137807,22-166987,NAME_FALLBACK,NAME:gie des epl de vendee,2022-10-14,2022-12-19,2.1681997371879107,2023-04-14,3.8107752956636003,0.6824353920280333,0.3143480155576154,1.0,0.6,0.6406306534521737,False,False,1,0.356951421883527,3,HIGH,window_12m,0.36869016102069596
22-138398,23-96123,NAME_FALLBACK,NAME:ctre hosp universitaire angers,2022-10-16,2023-07-09,8.73850197109067,2023-07-08,0.0328515111695138,0.9972623740692071,0.30842672233895935,0.0,0.6,0.4172649463359375,False,False,1,0.15038255474592438,3,MEDIUM,window_12m,0.36869016102069596
22-138409,22-154906,NAME_FALLBACK,NAME:eptb vilaine,2022-10-18,2022-11-22,1.149802890932983,2023-04-18,4.829172141918528,0.597568988173456,0.9847985477409534,0.1,0.6,0.5840717387526977,True,False,1,0.5840717387526977,1,HIGH,window_12m,0.36869016102069596
22-139769,23-66268,RAW_SIRET,SIRET:20005359300014,2022-10-18,2023-05-17,6.931668856767411,2023-02-18,2.890932982917214,0.7590889180902322,0.09237196801568678,0.2,1.0,0.38210241832804837,False,False,1,0.38210241832804837,1,MEDIUM,window_12m,0.36869016102069596
22-141594,23-37581,RAW_SIRET,SIRET:24490001500011,2022-10-21,2023-03-23,5.026281208935611,2023-04-21,0.9526938239159001,0.9206088480070084,0.09537535525601845,0.2,1.0,0.4235335863413585,False,False,1,0.07969393440133721,3,MEDIUM,window_12m,0.36869016102069596
22-142509,23-78413,RAW_SIRET,SIRET:24440040400129,2022-10-24,2023-06-10,7.522996057818659,2023-04-24,1.5440210249671484,0.8713315812527376,0.12226223107830742,0.2,1.0,0.42062467619059196,False,True,1,0.03586447813579374,9,POTENTIAL,window_12m,0.36869016102069596
22-143289,23-113446,RAW_SIRET,SIRET:24440064400013,2022-10-27,2023-08-11,9.461235216819974,2023-09-04,0.7884362680683311,0.9342969776609724,0.037926031039790385,0.2,1.0,0.40684835527916974,False,False,1,0.0136888549038241,4,POTENTIAL,window_12m,0.36869016102069596
22-146330,23-41937,NAME_FALLBACK,NAME:vendee,2022-11-02,2023-03-31,4.894875164257556,2023-08-02,4.073587385019711,0.6605343845816907,0.5607102418936469,0.2,0.6,0.4813821808081991,False,True,1,0.13564644364404915,2,MEDIUM,window_12m,0.36869016102069596
22-150264,22-162091,RAW_SIRET,SIRET:23440003400026,2022-11-10,2022-12-09,0.9526938239159001,2023-05-10,4.993429697766097,0.5838808585194919,0.0895813654492879,1.0,1.0,0.5773236925371237,False,True,1,0.2045283553332251,15,HIGH,window_12m,0.36869016102069596
22-15069,22-120791,NAME_FALLBACK,NAME:angers loire metropole,2022-02-06,2022-09-11,7.128777923784494,2022-09-18,0.22996057818659657,0.9808366184844503,0.012421524790258908,0.4,0.6,0.42955668829770316,False,False,1,0.15995730290446142,4,MEDIUM,window_12m,0.36869016102069596
22-153148,23-63743,RAW_SIRET,SIRET:23440003400026,2022-11-19,2023-05-12,5.716162943495401,2023-05-19,0.22996057818659657,0.9808366184844503,0.16954499925231725,0.2,1.0,0.46454990435942356,False,True,1,0.028910485839634292,14,POTENTIAL,window_12m,0.36869016102069596
22-153504,23-125766,NAME_FALLBACK,NAME:nantes metropole,2022-11-20,2023-09-24,10.11826544021025,2023-05-20,4.1721419185282524,0.6523215067893122,0.15690728569647053,1.0,0.6,0.5779979266910928,False,True,1,0.012772121928271929,18,POTENTIAL,window_12m,0.36869016102069596
22-154717,23-125766,NAME_FALLBACK,NAME:nantes metropole,2022-11-23,2023-09-24,10.019710906701707,2023-05-23,4.073587385019711,0.6605343845816907,0.28821198636033196,1.0,0.6,0.626007791371539,False,True,1,0.08176077817416338,17,HIGH,window_12m,0.36869016102069596
22-156333,23-60788,RAW_SIRET,SIRET:24440040400129,2022-11-24,2023-05-04,5.289093298291721,2023-05-24,0.657030223390276,0.9452474813841437,0.05236877265394552,0.4,1.0,0.4746409407749168,False,False,1,0.10882151589679967,8,MEDIUM,window_12m,0.36869016102069596
22-157032,23-85576,RAW_SIRET,SIRET:26530023600014,2022-11-27,2023-06-20,6.734559789750328,2023-06-04,0.5256241787122208,0.9561979851073149,0.25117261534946267,0.0,1.0,0.4269599116491406,False,True,1,0.038903058665427426,4,POTENTIAL,window_12m,0.36869016102069596
22-157410,23-58292,NAME_FALLBACK,NAME:nantes metropole,2022-12-03,2023-04-29,4.829172141918528,2023-06-03,1.149802890932983,0.9041830924222514,0.04333208672371631,0.4,0.6,0.4212120034588635,False,False,1,0.022915117337854563,16,POTENTIAL,window_12m,0.36869016102069596
22-159813,23-115723,NAME_FALLBACK,NAME:gie sesam vitale,2022-12-04,2023-08-19,8.47568988173456,2023-11-06,2.59526938239159,0.7837275514673675,0.7337418706179899,1.0,0.6,0.8127415425831384,False,False,1,0.5981018141556307,2,HIGH,window_12m,0.36869016102069596
22-162095,23-66104,RAW_SIRET,SIRET:22530001100015,2022-12-09,2023-05-17,5.223390275952694,2023-09-02,3.54796320630749,0.7043363994743759,0.20303105577418812,0.6,1.0,0.5271449693895598,False,False,1,0.03449058374837688,5,POTENTIAL,window_12m,0.36869016102069596
22-163117,24-59660,RAW_SIRET,SIRET:28720026500018,2022-12-09,2024-05-24,17.47700394218134,2023-08-24,9.00131406044678,0.24989049496276827,0.05647065575534682,0.8,1.0,0.4222373532550634,False,False,1,0.08387257906173595,2,MEDIUM,window_12m,0.36869016102069596
22-163372,23-50514,RAW_SIRET,SIRET:21440184600016,2022-12-09,2023-04-14,4.139290407358739,2023-11-04,6.701708278580814,0.44152431011826543,0.018485551514482352,1.0,1.0,0.5168510205596352,False,False,1,0.10837614931718664,11,HIGH,window_12m,0.36869016102069596
22-163765,23-49047,RAW_SIRET,SIRET:20005433600017,2022-12-12,2023-04-14,4.040735873850197,2023-05-12,0.9198423127463863,0.9233464739378011,0.3138657244339749,0.0,1.0,0.44068962203634154,False,False,1,0.16703143655124203,2,MEDIUM,window_12m,0.36869016102069596
22-16534,23-117420,RAW_SIRET,SIRET:24720013200014,2022-02-03,2023-08-24,18.626806833114323,2023-08-01,0.7555847568988173,0.9370346035917653,0.0687273128727981,0.2,1.0,0.4183132104034206,False,False,1,0.07772580357584269,15,MEDIUM,window_12m,0.36869016102069596
22-165672,23-28773,RAW_SIRET,SIRET:25490130900032,2022-12-17,2023-03-04,2.5295663600525624,2023-06-17,3.4494086727989486,0.7125492772667543,1.0,1.0,1.0,0.9281373193166885,False,True,1,0.9281373193166885,1,HIGH,window_12m,0.36869016102069596
22-165686,23-24849,RAW_SIRET,SIRET:21440184600016,2022-12-15,2023-02-21,2.2339027595269383,2023-10-03,7.35873850197109,0.38677179150240915,0.13217127677934054,1.0,1.0,0.5429528947483715,False,False,1,0.19180980317579377,10,HIGH,window_12m,0.36869016102069596
22-165917,23-144303,NAME_FALLBACK,NAME:nantes metropole,2022-12-18,2023-10-20,10.052562417871222,2023-06-18,4.073587385019711,0.6605343845816907,0.2113927985482938,1.0,0.6,0.5991210756373255,False,True,1,0.1730147356147715,15,HIGH,window_12m,0.36869016102069596
22-165925,23-163953,RAW_SIRET,SIRET:20005042500012,2022-12-15,2023-11-22,11.235216819973719,2023-06-15,5.256241787122208,0.5619798510731493,0.022766881035009498,1.0,1.0,0.5484633711305407,False,False,1,0.5484633711305407,1,HIGH,window_12m,0.36869016102069596
22-16811,22-127882,RAW_SIRET,SIRET:22490001900015,2022-02-10,2022-09-30,7.621550591327201,2022-08-10,1.6754270696452036,0.8603810775295664,0.10255848261144564,0.2,1.0,0.41099073829639754,False,True,1,0.20046923521990762,4,MEDIUM,window_12m,0.36869016102069596
22-171933,24-43365,RAW_SIRET,SIRET:24720013200014,2023-01-01,2024-04-14,15.407358738501971,2023-12-01,4.434954007884363,0.6304204993429698,0.5576746382331395,1.0,1.0,0.7527912482173412,False,False,1,0.021216600963644305,11,POTENTIAL,window_12m,0.36869016102069596
22-17364,22-39410,NAME_FALLBACK,NAME:sdis 44,2022-02-04,2022-03-18,1.3797634691195795,2022-09-16,5.978975032851511,0.5017520805957074,1.0,1.0,0.6,0.8354380201489269,False,True,1,0.4357738825059257,3,HIGH,window_12m,0.36869016102069596
22-19299,23-2072,NAME_FALLBACK,NAME:ville de bouguenais,2022-02-09,2023-01-07,10.90670170827858,2023-01-13,0.19710906701708278,0.9835742444152431,0.2161973416118738,0.0,0.6,0.3815626306679666,False,False,1,0.04643346662244424,2,POTENTIAL,window_12m,0.36869016102069596
22-20320,23-12419,RAW_SIRET,SIRET:23440003400026,2022-02-10,2023-01-28,11.563731931668856,2022-12-17,1.3797634691195795,0.8850197109067017,0.0,0.4,1.0,0.4412549277266754,False,False,1,0.014531910834348127,23,POTENTIAL,window_12m,0.36869016102069596
22-21573,22-48708,RAW_SIRET,SIRET:24440040400129,2022-02-10,2022-08-31,6.636005256241787,2022-08-10,0.6898817345597897,0.9425098554533509,0.02412135377748826,0.2,1.0,0.4040699376854586,False,False,1,0.002308678510076323,11,POTENTIAL,window_12m,0.36869016102069596
22-24441,22-135485,NAME_FALLBACK,NAME:semitan mandataire de nantes metropole,2022-02-18,2022-10-20,8.015768725361367,2023-02-21,4.073587385019711,0.6605343845816907,0.0,0.8,0.6,0.46513359614542266,False,False,1,0.11315593517301792,3,MEDIUM,window_12m,0.36869016102069596
22-24752,22-94145,NAME_FALLBACK,NAME:commune les sables d olonne,2022-02-20,2022-07-07,4.50065703022339,2023-07-05,11.925098554533507,0.006241787122207687,0.6743525840852451,1.0,0.6,0.5975838512103877,False,False,1,0.5975838512103877,1,HIGH,window_12m,0.36869016102069596
22-26998,22-108057,NAME_FALLBACK,NAME:nantes metropole,2022-02-24,2022-08-06,5.354796320630749,2022-08-24,0.5913272010512484,0.9507227332457293,0.21510093713825115,1.0,0.6,0.6729660113098201,False,False,1,0.15629436893339943,21,HIGH,window_12m,0.36869016102069596
22-27265,23-96611,RAW_SIRET,SIRET:77560485300041,2022-02-22,2023-07-07,16.4257555847569,2022-08-22,10.4796320630749,0.12669732807709166,0.46424194261937995,0.4,1.0,0.41415901193605587,False,False,1,0.1541615803677292,4,MEDIUM,window_12m,0.36869016102069596
22-28887,23-31948,RAW_SIRET,SIRET:52926090300016,2022-02-26,2023-03-11,12.417871222076215,2022-08-30,6.340341655716163,0.4716381953569865,1.0000000000000002,0.4,1.0,0.6879095488392466,False,False,1,0.6879095488392466,1,HIGH,window_12m,0.36869016102069596
22-29878,22-162091,RAW_SIRET,SIRET:23440003400026,2022-03-02,2022-12-09,9.264126149802891,2023-02-28,2.6609724047306176,0.7782522996057819,0.25129174669666077,1.0,1.0,0.6825151862452766,False,True,1,0.08951914256340976,22,HIGH,window_12m,0.36869016102069596
22-30678,22-114731,RAW_SIRET,SIRET:22530001100015,2022-03-01,2022-08-25,5.814717477003942,2022-09-01,0.22996057818659657,0.9808366184844503,0.01356132577318405,0.2,1.0,0.409955618641727,False,False,1,0.004420545277005972,10,POTENTIAL,window_12m,0.36869016102069596
22-32770,22-150264,RAW_SIRET,SIRET:23440003400026,2022-03-05,2022-11-10,8.21287779237845,2022-09-05,2.1681997371879107,0.8193166885676741,0.12216083312193664,0.2,1.0,0.40758546373459636,False,True,1,0.035348162580124964,18,POTENTIAL,window_12m,0.36869016102069596
22-34888,22-118191,NAME_FALLBACK,NAME:nantes metropole,2022-03-11,2022-09-03,5.781865965834428,2022-09-11,0.2628120893561104,0.9780989925536575,0.30499172363102295,0.0,0.6,0.4112718514092724,False,True,1,0.025942736925306353,20,POTENTIAL,window_12m,0.36869016102069596
22-39212,22-111359,NAME_FALLBACK,NAME:nantes metropole,2022-03-18,2022-08-20,5.091984231274639,2022-09-18,0.9526938239159001,0.9206088480070084,0.12906299866147003,0.6,0.6,0.5153242615332665,False,False,1,0.0958173312800158,19,HIGH,window_12m,0.36869016102069596
22-39410,22-150236,NAME_FALLBACK,NAME:sdis 44,2022-03-18,2022-11-10,7.7858081471747695,2022-09-18,1.7411300919842312,0.8549058256679807,0.2780185548325784,0.1,0.6,0.4010329506083976,True,True,1,0.2888853902854022,2,MEDIUM,window_12m,0.36869016102069596
22-39639,22-123803,RAW_SIRET,SIRET:22530001100015,2022-03-17,2022-09-15,5.978975032851511,2022-09-17,0.0657030223390276,0.9945247481384144,0.02713494536016876,0.8,1.0,0.5981284179106626,False,False,1,0.002815286709692999,9,POTENTIAL,window_12m,0.36869016102069596
22-39891,22-118191,NAME_FALLBACK,NAME:nantes metropole,2022-03-19,2022-09-03,5.519053876478318,2022-09-19,0.5256241787122208,0.9561979851073149,0.3063482320686404,0.2,0.6,0.46627137750085285,False,True,1,0.028933600542979998,18,POTENTIAL,window_12m,0.36869016102069596
22-40744,22-162091,RAW_SIRET,SIRET:23440003400026,2022-03-20,2022-12-09,8.672798948751643,2023-02-04,1.8725361366622864,0.8439553219448095,0.002823199570159506,1.0,1.0,0.6119769503357582,False,True,1,0.018645797888960147,20,POTENTIAL,window_12m,0.36869016102069596
22-42168,22-141594,RAW_SIRET,SIRET:24490001500011,2022-04-08,2022-10-21,6.438896189224704,2022-10-08,0.42706964520367935,0.9644108628996934,0.005698233818551498,0.2,1.0,0.4030970975614163,False,False,1,0.08430658552615788,5,MEDIUM,window_12m,0.36869016102069596
22-48493,22-143552,NAME_FALLBACK,NAME:cmar pays de la loire,2022-04-04,2022-10-27,6.767411300919842,2022-12-27,2.0039421813403417,0.8330048182216382,0.23978790215790324,0.1,0.6,0.38217697031067566,True,False,1,0.10932627066218709,2,MEDIUM,window_12m,0.36869016102069596
22-48708,22-156333,RAW_SIRET,SIRET:24440040400129,2022-08-31,2022-11-24,2.7923784494086727,2023-02-28,3.1537450722733245,0.7371879106438897,0.43259911145977686,1.0,1.0,0.7357066666718942,False,False,1,0.2943492782970627,10,HIGH,window_12m,0.36869016102069596
22-51860,23-41648,RAW_SIRET,SIRET:22850001300658,2022-04-10,2023-03-28,11.563731931668856,2023-03-17,0.36136662286465177,0.9698861147612791,0.08412517770928651,0.2,1.0,0.4319153408885701,False,False,1,0.07707370890195153,7,MEDIUM,window_12m,0.36869016102069596
22-52027,22-157410,NAME_FALLBACK,NAME:nantes metropole,2022-04-13,2022-12-03,7.687253613666228,2022-10-13,1.6754270696452036,0.8603810775295664,0.03680314105691877,1.0,0.6,0.5879763687523132,False,False,1,0.08077917765063236,19,HIGH,window_12m,0.36869016102069596
22-52158,22-61807,RAW_SIRET,SIRET:22440002800011,2022-04-11,2022-04-29,0.5913272010512484,2022-10-11,5.4204993429697765,0.5482917214191854,0.11596409527322978,1.0,1.0,0.5776603637004267,False,False,1,0.0467130512993843,17,POTENTIAL,window_12m,0.36869016102069596
22-54330,22-163117,RAW_SIRET,SIRET:28720026500018,2022-04-14,2022-12-09,7.851511169513797,2022-08-14,3.843626806833114,0.6796977660972405,0.3711174209427478,0.0,1.0,0.3998155388542719,False,False,1,0.22899169929770855,2,MEDIUM,window_12m,0.36869016102069596
22-54720,23-56040,RAW_SIRET,SIRET:22720002900014,2022-04-14,2023-04-26,12.3850197109067,2023-04-14,0.39421813403416556,0.9671484888304862,0.15533313935904583,0.0,1.0,0.3961537209832876,False,False,1,0.09553210278937119,6,MEDIUM,window_12m,0.36869016102069596
22-55032,22-61807,RAW_SIRET,SIRET:22440002800011,2022-04-17,2022-04-29,0.39421813403416556,2022-10-17,5.617608409986859,0.5318659658344285,0.10149202444674946,1.0,1.0,0.5684887000149694,False,False,1,0.1689644761882455,16,HIGH,window_12m,0.36869016102069596
22-60784,23-139972,RAW_SIRET,SIRET:22720002900014,2022-04-30,2023-10-06,17.21419185282523,2023-03-04,7.09592641261498,0.40867279894875164,0.1656988292175222,0.6,1.0,0.4401627899633207,False,False,1,0.053320645564205016,5,MEDIUM,window_12m,0.36869016102069596
22-61807,22-123056,RAW_SIRET,SIRET:22440002800011,2022-04-29,2022-09-15,4.566360052562418,2022-10-29,1.445466491458607,0.879544459045116,0.04071866468881608,0.2,1.0,0.3941376474023647,False,False,1,0.046907689208279535,15,POTENTIAL,window_12m,0.36869016102069596
22-66076,22-69458,NAME_FALLBACK,NAME:ch le mans,2022-05-11,2022-05-18,0.22996057818659657,2022-09-18,4.040735873850197,0.6632720105124836,0.7565369035163249,1.0,0.6,0.7906059188588346,False,False,1,0.5180926924375262,3,HIGH,window_12m,0.36869016102069596
22-66848,23-74653,NAME_FALLBACK,NAME:semitan,2022-05-12,2023-06-03,12.713534822601838,2023-04-16,1.5768725361366622,0.8685939553219448,0.16949076508623379,0.2,0.6,0.39647025661066804,False,False,1,0.010030836647579922,11,POTENTIAL,window_12m,0.36869016102069596
22-69242,22-142509,RAW_SIRET,SIRET:24440040400129,2022-05-14,2022-10-24,5.354796320630749,2022-11-14,0.6898817345597897,0.9425098554533509,0.11717575598699459,1.0,1.0,0.6766389784587857,False,True,1,0.11854763650005273,12,HIGH,window_12m,0.36869016102069596
22-69543,22-122955,NAME_FALLBACK,NAME:departement de la mayenne,2022-05-16,2022-09-13,3.9421813403416555,2022-11-16,2.102496714848883,0.8247919404292597,0.5980662923303395,0.1,0.6,0.5055211874229337,True,False,1,0.21634636328382562,3,HIGH,window_12m,0.36869016102069596
22-69952,23-20260,RAW_SIRET,SIRET:23440003400026,2022-05-16,2023-02-12,8.935611038107753,2022-11-16,2.890932982917214,0.7590889180902322,0.028987100875131688,1.0,1.0,0.5999177148288541,False,True,1,0.059907384356290616,17,HIGH,window_12m,0.36869016102069596
22-72517,22-162091,RAW_SIRET,SIRET:23440003400026,2022-05-22,2022-12-09,6.603153745072273,2022-11-22,0.5584756898817346,0.9534603591765222,0.6945790828601311,1.0,1.0,0.8814677687951763,False,True,1,0.0946202757293706,17,HIGH,window_12m,0.36869016102069596
22-72719,23-47137,NAME_FALLBACK,NAME:ville d angers,2022-05-22,2023-04-09,10.578186596583443,2023-01-31,2.2339027595269383,0.8138414367060884,0.8491594140800574,0.2,0.6,0.6206661541045422,False,False,1,0.6206661541045422,1,HIGH,window_12m,0.36869016102069596
22-74356,23-48532,NAME_FALLBACK,NAME:semitan,2022-05-26,2023-04-14,10.611038107752956,2023-04-16,0.0657030223390276,0.9945247481384144,0.014173037728659865,0.2,0.6,0.37359175023963453,False,False,1,0.03311160763694704,10,POTENTIAL,window_12m,0.36869016102069596
22-74813,23-115723,NAME_FALLBACK,NAME:gie sesam vitale,2022-05-27,2023-08-19,14.750328515111695,2023-11-06,2.59526938239159,0.7837275514673675,0.29283789304827423,0.2,0.6,0.41842515043373785,False,True,1,0.13938441363729204,3,MEDIUM,window_12m,0.36869016102069596
22-77622,23-56040,RAW_SIRET,SIRET:22720002900014,2022-06-03,2023-04-26,10.74244415243101,2023-04-06,0.657030223390276,0.9452474813841437,0.15994565767712263,0.2,1.0,0.4522928505330288,False,False,1,0.12307806653545539,4,MEDIUM,window_12m,0.36869016102069596
22-77846,23-51088,RAW_SIRET,SIRET:22440002800011,2022-06-04,2023-04-16,10.38107752956636,2023-02-09,2.1681997371879107,0.8193166885676741,0.23199911768139553,0.0,1.0,0.386028863330407,False,False,1,0.04355733464008721,19,POTENTIAL,window_12m,0.36869016102069596
22-7823,22-115191,NAME_FALLBACK,NAME:la cite des congres de nantes,2022-01-16,2022-08-26,7.293035479632063,2022-09-25,0.9855453350854139,0.9178712220762155,0.45033470756139515,0.2,0.6,0.5070849531655421,False,False,1,0.0570954729878943,2,HIGH,window_12m,0.36869016102069596
22-7862,22-49221,NAME_FALLBACK,NAME:departement de la mayenne,2022-01-14,2022-04-07,2.726675427069645,2022-07-14,3.219448094612352,0.731712658782304,0.12464582631293951,0.8,0.6,0.5265542039051048,False,False,1,0.2222121032547637,5,HIGH,window_12m,0.36869016102069596
22-83128,23-139972,RAW_SIRET,SIRET:22720002900014,2022-06-14,2023-10-06,15.735873850197109,2023-05-07,4.993429697766097,0.5838808585194919,0.25510024958420835,1.0,1.0,0.6352553019843459,False,False,1,0.1680512306882338,3,HIGH,window_12m,0.36869016102069596
22-83349,22-130851,RAW_SIRET,SIRET:22530001100015,2022-06-16,2022-10-02,3.54796320630749,2023-04-05,6.077529566360052,0.49353920280332897,0.7892782786772644,1.0,1.0,0.7996321982378748,False,False,1,0.02137680130067099,10,POTENTIAL,window_12m,0.36869016102069596
22-84979,22-124106,RAW_SIRET,SIRET:19490970100303,2022-06-19,2022-09-17,2.9566360052562417,2023-03-06,5.5847568988173455,0.5346035917652212,0.010561502337639334,1.0,1.0,0.5373474237594791,False,False,1,0.16880518300904834,4,HIGH,window_12m,0.36869016102069596
22-85365,22-162091,RAW_SIRET,SIRET:23440003400026,2022-06-19,2022-12-09,5.683311432325887,2023-08-17,8.245729303547963,0.3128558913710031,0.6185017716399037,1.0,1.0,0.6946895929167171,False,True,1,0.2029115818768077,17,HIGH,window_12m,0.36869016102069596
22-8860,23-16355,RAW_SIRET,SIRET:24440064400013,2022-01-18,2023-02-05,12.582128777923783,2023-01-11,0.8212877792378449,0.9315593517301796,0.01928384561772505,0.2,1.0,0.39963918389874864,False,False,1,0.01025587780991577,7,POTENTIAL,window_12m,0.36869016102069596
22-88894,22-142509,RAW_SIRET,SIRET:24440040400129,2022-06-24,2022-10-24,4.0078843626806835,2022-12-24,2.0039421813403417,0.8330048182216382,0.11594233692604126,1.0,1.0,0.648831022479524,False,True,1,0.3077840389414721,12,HIGH,window_12m,0.36869016102069596
22-90329,24-13163,RAW_SIRET,SIRET:22440002800011,2022-06-30,2024-02-04,19.185282522996058,2023-08-25,5.354796320630749,0.5537669732807708,0.31998942907590305,1.0,1.0,0.6504380434967588,False,False,1,0.0020532194480946675,20,POTENTIAL,window_12m,0.36869016102069596
22-94102,23-90833,RAW_SIRET,SIRET:22530001100015,2022-07-05,2023-07-01,11.85939553219448,2023-01-05,5.814717477003942,0.5154402102496716,0.11236718933125585,1.0,1.0,0.5681885688283574,False,False,1,0.00892981360781897,9,POTENTIAL,window_12m,0.36869016102069596
22-94408,23-43274,RAW_SIRET,SIRET:21440184600016,2022-07-06,2023-03-31,8.804204993429698,2023-04-20,0.657030223390276,0.9452474813841437,0.04256003260493346,0.2,1.0,0.4112078817577627,False,False,1,0.012489262112699406,12,POTENTIAL,window_12m,0.36869016102069596
22-94454,23-37068,NAME_FALLBACK,NAME:nantes metropole,2022-07-24,2023-03-22,7.917214191852825,2023-08-08,4.566360052562418,0.6194699956197984,0.0745866086002743,0.6,0.6,0.4209728119150456,False,False,1,0.04231245570630232,23,POTENTIAL,window_12m,0.36869016102069596
22-94809,23-70584,RAW_SIRET,SIRET:24440064400013,2022-07-08,2023-05-24,10.512483574244415,2023-07-05,1.3797634691195795,0.8850197109067017,0.45146470260954935,1.0,1.0,0.7792675736400176,False,False,1,0.25413031035088296,5,HIGH,window_12m,0.36869016102069596
22-94904,22-142509,RAW_SIRET,SIRET:24440040400129,2022-07-07,2022-10-24,3.5808147174770038,2023-01-07,2.463863337713535,0.7946780551905388,0.2932497377849778,0.0,1.0,0.40130692202237694,False,True,1,0.011977750494122641,11,POTENTIAL,window_12m,0.36869016102069596
22-95015,22-127675,NAME_FALLBACK,NAME:conseil regional des pays de la loire,2022-07-09,2022-09-25,2.562417871222076,2022-11-09,1.4783180026281209,0.8768068331143233,0.007869024893453406,0.6,0.6,0.4619558669912895,False,False,1,0.1561685165891637,5,MEDIUM,window_12m,0.36869016102069596
22-95027,23-115723,NAME_FALLBACK,NAME:gie sesam vitale,2022-07-09,2023-08-19,13.337713534822601,2023-12-29,4.336399474375821,0.6386333771353483,0.5074468667298777,0.2,0.6,0.45726474763929426,False,True,1,0.2788985627947914,2,MEDIUM,window_12m,0.36869016102069596
22-95663,23-51088,RAW_SIRET,SIRET:22440002800011,2022-07-09,2023-04-16,9.231274638633376,2022-12-09,4.204993429697766,0.6495838808585195,0.17950973827133626,0.4,1.0,0.4452243786095975,False,False,1,0.08518605184656647,14,MEDIUM,window_12m,0.36869016102069596
22-95969,22-150817,RAW_SIRET,SIRET:19490970100303,2022-07-10,2022-11-12,4.106438896189225,2023-07-04,7.687253613666228,0.35939553219448095,0.008795931411868158,0.6,1.0,0.372927459042774,False,False,1,0.14114433508840926,3,MEDIUM,window_12m,0.36869016102069596
22-98192,23-41648,RAW_SIRET,SIRET:22850001300658,2022-07-12,2023-03-28,8.508541392904073,2023-08-09,4.402102496714849,0.6331581252737626,0.17941500382265232,0.2,1.0,0.3810847826563689,False,False,1,0.04686979043342798,8,POTENTIAL,window_12m,0.36869016102069596
23-103740,24-42752,RAW_SIRET,SIRET:13003051300019,2023-07-20,2024-04-12,8.771353482260183,2023-12-20,3.7450722733245727,0.687910643889619,0.3643543687808363,0.0,1.0,0.39950169004569747,False,False,1,0.2264944284333183,4,MEDIUM,window_12m,0.36869016102069596
23-106736,23-148858,NAME_FALLBACK,NAME:gcs e-sante pays de la loire,2023-07-28,2023-10-25,2.923784494086728,2024-01-28,3.1208935611038107,0.7399255365746824,0.6204208616569318,1.0,0.6,0.7621286857235967,False,False,1,0.7621286857235967,1,HIGH,window_12m,0.36869016102069596
23-108546,24-21999,RAW_SIRET,SIRET:20004248900019,2023-07-28,2024-02-23,6.898817345597897,2024-01-28,0.8541392904073587,0.9288217257993868,0.0,0.2,1.0,0.39220543144984665,False,True,1,0.39220543144984665,1,MEDIUM,window_12m,0.36869016102069596
23-109005,23-108932,RAW_SIRET,SIRET:79924570900016,2023-08-01,2023-10-01,2.0039421813403417,2024-02-01,4.040735873850197,0.6632720105124836,0.5939034088334406,0.0,1.0,0.4736841957198251,False,True,1,0.4736841957198251,1,MEDIUM,window_12m,0.36869016102069596
23-109930,23-108932,RAW_SIRET,SIRET:79924570900016,2023-08-01,2023-10-01,2.0039421813403417,2023-12-01,2.0039421813403417,0.8330048182216382,1.0,0.2,1.0,0.7182512045554095,False,False,1,0.7182512045554095,1,HIGH,window_12m,0.36869016102069596
23-110154,24-15971,RAW_SIRET,SIRET:21440184600016,2023-08-02,2024-02-09,6.274638633377135,2023-12-02,2.266754270696452,0.8111038107752957,0.07272577358286111,0.4,1.0,0.44822997344782534,False,False,1,0.018478975032851563,3,POTENTIAL,window_12m,0.36869016102069596
23-117420,24-47720,RAW_SIRET,SIRET:24720013200014,2023-08-24,2024-04-24,8.015768725361367,2024-02-24,1.9710906701708277,0.835742444152431,0.22939075494925,0.0,1.0,0.3892223752703452,False,False,1,0.014372536136662228,9,POTENTIAL,window_12m,0.36869016102069596
23-118784,24-76881,RAW_SIRET,SIRET:21440162200011,2023-08-24,2024-07-03,10.315374507227332,2024-02-24,4.270696452036794,0.6441086289969338,0.012111969876738224,1.0,1.0,0.5652663467060918,False,False,1,0.2047886568090408,2,HIGH,window_12m,0.36869016102069596
23-120222,23-154026,RAW_SIRET,SIRET:24720013200014,2023-08-31,2023-11-04,2.135348226018397,2024-04-01,4.894875164257556,0.5920937363118703,1.0000000000000002,1.0,1.0,0.8980234340779676,False,False,1,0.46394012028053455,8,HIGH,window_12m,0.36869016102069596
23-122162,23-179864,RAW_SIRET,SIRET:50519064500018,2023-09-03,2023-12-26,3.7450722733245727,2024-01-03,0.2628120893561104,0.9780989925536575,0.4394412007805104,0.4,1.0,0.618329168411593,False,False,1,0.618329168411593,1,HIGH,window_12m,0.36869016102069596
23-12419,23-174149,RAW_SIRET,SIRET:23440003400026,2023-01-28,2023-12-16,10.578186596583443,2023-12-18,0.0657030223390276,0.9945247481384144,0.0,0.4,1.0,0.4686311870346036,False,False,1,0.019847787998247934,16,POTENTIAL,window_12m,0.36869016102069596
23-125744,23-130844,NAME_FALLBACK,NAME:st gilles croix de vie agglomeration,2023-09-08,2023-09-20,0.39421813403416556,2024-03-08,5.5847568988173455,0.5346035917652212,0.9552126270314414,0.1,0.6,0.5579753174023098,True,False,1,0.5579753174023098,1,HIGH,window_12m,0.36869016102069596
23-125766,24-34987,NAME_FALLBACK,NAME:nantes metropole,2023-09-24,2024-03-22,5.913272010512483,2024-03-24,0.0657030223390276,0.9945247481384144,0.033167891322880984,1.0,0.6,0.620239948997612,False,True,1,0.12456385504346851,12,HIGH,window_12m,0.36869016102069596
23-129683,23-132683,NAME_FALLBACK,NAME:sdis49,2023-09-18,2023-09-23,0.164257555847569,2024-03-18,5.814717477003942,0.5154402102496716,0.9999999999999998,0.1,0.6,0.5688600525624179,True,False,1,0.5688600525624179,1,HIGH,window_12m,0.36869016102069596
23-131760,24-14769,RAW_SIRET,SIRET:22440002800011,2023-09-21,2024-02-07,4.566360052562418,2024-02-21,0.45992115637319314,0.9616732369689006,0.2290923604936052,0.0,1.0,0.42060063541498693,False,False,1,0.0020532194480945565,8,POTENTIAL,window_12m,0.36869016102069596
23-132830,24-34987,NAME_FALLBACK,NAME:nantes metropole,2023-09-29,2024-03-22,5.7490144546649145,2024-03-29,0.22996057818659657,0.9808366184844503,0.14589898668276116,1.0,0.6,0.656273799960079,False,True,1,0.17835552829047818,11,HIGH,window_12m,0.36869016102069596
23-14004,23-110154,RAW_SIRET,SIRET:21440184600016,2023-02-01,2023-08-02,5.978975032851511,2023-09-06,1.149802890932983,0.9041830924222514,0.19544745042169495,1.0,1.0,0.6944523807531561,False,False,1,0.2797569301117566,8,HIGH,window_12m,0.36869016102069596
23-144303,24-39718,NAME_FALLBACK,NAME:nantes metropole,2023-10-20,2024-04-04,5.486202365308804,2024-04-20,0.5256241787122208,0.9561979851073149,0.039267082041278545,0.2,0.6,0.3727929749912762,False,True,1,0.023732805778307886,9,POTENTIAL,window_12m,0.36869016102069596
23-150115,23-175390,RAW_SIRET,SIRET:21850222700018,2023-10-25,2023-12-18,1.773981603153745,2024-10-25,10.249671484888305,0.1458607095926413,0.7295879130212564,1.0,1.0,0.6918209469556,False,False,1,0.6918209469556,1,HIGH,window_12m,0.36869016102069596
23-154026,24-88815,RAW_SIRET,SIRET:24720013200014,2023-11-04,2024-07-28,8.771353482260183,2024-05-04,2.7923784494086727,0.7673017958826106,0.2613850027456905,0.2,1.0,0.44331019993164433,False,False,1,0.000329601859134665,7,POTENTIAL,window_12m,0.36869016102069596
23-160148,23-174149,RAW_SIRET,SIRET:23440003400026,2023-11-17,2023-12-16,0.9526938239159001,2024-05-17,5.026281208935611,0.5811432325886992,0.2085958286868033,1.0,1.0,0.6182943481875559,False,False,1,0.30212275765909563,10,HIGH,window_12m,0.36869016102069596
23-160919,24-54167,RAW_SIRET,SIRET:26720016000013,2023-11-16,2024-05-08,5.716162943495401,2024-05-16,0.2628120893561104,0.9780989925536575,0.00853457114405623,0.2,1.0,0.407511848038834,False,True,1,0.013003723171265857,2,POTENTIAL,window_12m,0.36869016102069596
23-163699,24-65111,RAW_SIRET,SIRET:22440002800011,2023-11-22,2024-06-06,6.471747700394218,2024-05-22,0.49277266754270693,0.9589356110381078,0.013210425341790955,0.2,1.0,0.40435755162915377,False,False,1,0.045721679392730086,7,POTENTIAL,window_12m,0.36869016102069596
23-166646,24-14769,RAW_SIRET,SIRET:22440002800011,2023-11-29,2024-02-07,2.299605781865966,2024-05-29,3.679369250985545,0.6933858957512046,0.2503976050382705,0.2,1.0,0.42098563570119585,False,False,1,0.0020532194480946675,6,POTENTIAL,window_12m,0.36869016102069596
23-168051,24-80068,RAW_SIRET,SIRET:22530001100015,2023-12-01,2024-07-10,7.293035479632063,2024-06-01,1.281208935611038,0.8932325886990802,0.23766143825126756,0.2,1.0,0.46648965056271363,False,False,1,0.22187308129306144,2,MEDIUM,window_12m,0.36869016102069596
23-169082,24-88815,RAW_SIRET,SIRET:24720013200014,2023-12-07,2024-07-28,7.687253613666228,2024-06-07,1.6754270696452036,0.8603810775295664,0.07118164315433384,0.2,1.0,0.4000088444864084,False,False,1,0.03798851594761943,6,POTENTIAL,window_12m,0.36869016102069596
23-171468,24-76881,RAW_SIRET,SIRET:21440162200011,2023-12-08,2024-07-03,6.83311432325887,2024-06-08,0.8212877792378449,0.9315593517301796,0.24697950824178763,0.2,1.0,0.4793326658171705,False,False,1,0.4793326658171705,1,MEDIUM,window_12m,0.36869016102069596
23-174031,24-10209,NAME_FALLBACK,NAME:semitan,2023-12-16,2024-01-29,1.445466491458607,2024-06-16,4.566360052562418,0.6194699956197984,0.0,0.8,0.6,0.4548674989049496,False,False,1,0.027048902992720225,6,POTENTIAL,window_12m,0.36869016102069596
23-174764,24-65111,RAW_SIRET,SIRET:22440002800011,2023-12-15,2024-06-06,5.716162943495401,2024-06-15,0.2956636005256242,0.9753613666228647,0.0051479686268125265,0.2,1.0,0.4056421306751006,False,False,1,0.0587274633079361,5,MEDIUM,window_12m,0.36869016102069596
23-20260,23-63763,RAW_SIRET,SIRET:23440003400026,2023-02-12,2023-05-12,2.923784494086728,2023-08-12,3.0223390275952693,0.7481384143670609,0.13039473265244675,1.0,1.0,0.6326727600201215,False,True,1,0.01155340205077282,12,POTENTIAL,window_12m,0.36869016102069596
23-23775,23-34018,NAME_FALLBACK,NAME:departement de la mayenne,2023-02-20,2023-03-14,0.7227332457293035,2023-08-20,5.223390275952694,0.5647174770039423,1.0000000000000002,0.1,0.6,0.5811793692509857,True,False,1,0.5811793692509857,1,HIGH,window_12m,0.36869016102069596
23-24753,23-99733,NAME_FALLBACK,NAME:sdis49,2023-02-23,2023-07-15,4.664914586070959,2023-08-22,1.2483574244415243,0.8959702146298729,0.8066153089196675,1.0,0.6,0.866307911779352,False,False,1,0.5422161759378763,5,HIGH,window_12m,0.36869016102069596
23-30906,23-164280,NAME_FALLBACK,NAME:societe d equipement de la touraine,2023-03-09,2023-11-25,8.5742444152431,2024-03-09,3.4494086727989486,0.7125492772667543,0.7490511593999327,1.0,0.6,0.8003052251066651,False,False,1,0.8003052251066651,1,HIGH,window_12m,0.36869016102069596
23-3092,23-82058,RAW_SIRET,SIRET:24440040400129,2023-01-12,2023-06-23,5.321944809461235,2023-06-12,0.36136662286465177,0.9698861147612791,0.008686499557412106,0.2,1.0,0.40551180353541405,False,False,1,0.056880616500810444,7,MEDIUM,window_12m,0.36869016102069596
23-31948,24-11486,RAW_SIRET,SIRET:52926090300016,2023-03-11,2024-02-01,10.74244415243101,2023-09-13,4.6320630749014455,0.613994743758213,1.0000000000000002,1.0,1.0,0.9034986859395532,False,False,1,0.023954226894437047,3,POTENTIAL,window_12m,0.36869016102069596
23-34705,23-58292,NAME_FALLBACK,NAME:nantes metropole,2023-03-17,2023-04-29,1.4126149802890933,2023-09-17,4.6320630749014455,0.613994743758213,0.041783437390030376,0.8,0.6,0.46812288902606386,False,False,1,0.05108517177699723,15,MEDIUM,window_12m,0.36869016102069596
23-34854,24-80432,RAW_SIRET,SIRET:24440040400129,2023-03-15,2024-07-10,15.867279894875164,2023-09-15,9.822601839684625,0.18144984669294795,0.620474866427929,0.2,1.0,0.4225286649230121,False,False,1,0.08550001317702216,12,MEDIUM,window_12m,0.36869016102069596
23-3611,24-21719,RAW_SIRET,SIRET:20008776100015,2023-01-11,2024-02-22,13.370565045992116,2023-08-21,6.077529566360052,0.49353920280332897,0.7310986782135772,0.0,1.0,0.47926933807558425,False,False,1,0.47926933807558425,1,MEDIUM,window_12m,0.36869016102069596
23-37068,24-39718,NAME_FALLBACK,NAME:nantes metropole,2023-03-22,2024-04-04,12.450722733245728,2024-04-07,0.09855453350854139,0.9917871222076216,0.02468050990947846,0.4,0.6,0.4365849590202228,False,False,1,0.0016844329317764473,16,POTENTIAL,window_12m,0.36869016102069596
23-37581,23-108318,RAW_SIRET,SIRET:24490001500011,2023-03-23,2023-07-28,4.1721419185282524,2023-09-23,1.8725361366622864,0.8439553219448095,0.0016525022641195855,0.2,1.0,0.37156720627864426,False,False,1,0.15821422960090853,2,MEDIUM,window_12m,0.36869016102069596
23-41648,24-50203,RAW_SIRET,SIRET:22850001300658,2023-03-28,2024-04-28,13.042049934296976,2024-03-25,1.1169513797634691,0.9069207183530442,0.007657705846392898,0.4,1.0,0.44941037663449857,False,False,1,0.09235865669207288,6,MEDIUM,window_12m,0.36869016102069596
23-42778,23-65504,NAME_FALLBACK,NAME:chu de nantes,2023-04-01,2023-05-14,1.4126149802890933,2023-10-01,4.599211563731932,0.6167323696890057,0.07199518523470641,0.6,0.6,0.41938140725439865,False,False,1,0.03539180874764508,6,POTENTIAL,window_12m,0.36869016102069596
23-48532,23-174031,NAME_FALLBACK,NAME:semitan,2023-04-14,2023-12-16,8.081471747700395,2024-06-17,6.044678055190539,0.4962768287341218,0.0073279011211417186,1.0,0.6,0.48663397257593005,False,False,1,0.03245088015367864,8,POTENTIAL,window_12m,0.36869016102069596
23-48831,23-130386,RAW_SIRET,SIRET:21440109300015,2023-04-12,2023-09-20,5.289093298291721,2023-08-12,1.281208935611038,0.8932325886990802,0.018764560657350885,0.2,1.0,0.3898757434048429,False,False,1,0.18725373547526247,3,MEDIUM,window_12m,0.36869016102069596
23-49047,24-33909,RAW_SIRET,SIRET:20005433600017,2023-04-14,2024-03-22,11.268068331143231,2023-12-12,3.3180026281208934,0.7234997809899255,0.28150161635899623,0.4,1.0,0.4994005109731301,False,False,1,0.4994005109731301,1,MEDIUM,window_12m,0.36869016102069596
23-49217,23-98718,RAW_SIRET,SIRET:23440003400026,2023-04-14,2023-07-14,2.9894875164257555,2023-10-14,3.0223390275952693,0.7481384143670609,0.9421072484367208,1.0,1.0,0.9167721405446173,False,False,1,0.5139821620418321,12,HIGH,window_12m,0.36869016102069596
23-51088,24-14769,RAW_SIRET,SIRET:22440002800011,2023-04-16,2024-02-07,9.756898817345597,2024-04-05,1.9053876478318001,0.8412176960140166,0.17485933297776016,0.0,1.0,0.3715051905457202,False,False,1,0.0020532194480945565,10,POTENTIAL,window_12m,0.36869016102069596
23-56040,23-139972,RAW_SIRET,SIRET:22720002900014,2023-04-26,2023-10-06,5.354796320630749,2023-10-26,0.657030223390276,0.9452474813841437,0.15673839227614356,0.2,1.0,0.4511703076426862,False,False,1,0.03432145893468752,2,POTENTIAL,window_12m,0.36869016102069596
23-56091,23-98709,NAME_FALLBACK,NAME:ubs,2023-04-26,2023-07-14,2.59526938239159,2023-08-26,1.4126149802890933,0.8822820849759089,0.23750207076143842,1.0,0.6,0.6636962460104807,False,False,1,0.3472548267049894,2,HIGH,window_12m,0.36869016102069596
23-58292,23-144303,NAME_FALLBACK,NAME:nantes metropole,2023-04-29,2023-10-20,5.716162943495401,2023-10-29,0.2956636005256242,0.9753613666228647,0.20519147617773775,0.2,0.6,0.43565735831792435,False,True,1,0.05872639811915803,13,MEDIUM,window_12m,0.36869016102069596
23-60788,24-73665,RAW_SIRET,SIRET:24440040400129,2023-05-04,2024-06-26,13.764783180026281,2023-11-04,7.720105124835742,0.3566579062636882,0.22211879858737216,0.4,1.0,0.3869060560715023,False,False,1,0.010950503723171301,14,POTENTIAL,window_12m,0.36869016102069596
23-63743,23-134735,RAW_SIRET,SIRET:23440003400026,2023-05-12,2023-09-29,4.599211563731932,2023-11-12,1.445466491458607,0.879544459045116,0.00845553878378567,1.0,1.0,0.622845553335604,False,True,1,0.211444109146805,11,HIGH,window_12m,0.36869016102069596
23-63763,23-134735,RAW_SIRET,SIRET:23440003400026,2023-05-12,2023-09-29,4.599211563731932,2023-11-12,1.445466491458607,0.879544459045116,0.006879594224198257,1.0,1.0,0.6222939727397484,False,True,1,0.2157160051532394,11,HIGH,window_12m,0.36869016102069596
23-65504,24-34440,NAME_FALLBACK,NAME:chu de nantes,2023-05-14,2024-03-24,10.348226018396845,2023-11-14,4.303547963206308,0.641371003066141,0.6173513989796738,0.4,0.6,0.556415740409421,False,False,1,0.2066724512371561,5,HIGH,window_12m,0.36869016102069596
23-65880,24-51821,RAW_SIRET,SIRET:18440128900022,2023-05-15,2024-05-02,11.59658344283837,2023-11-15,5.551905387647832,0.537341217696014,0.08553445232919926,0.4,1.0,0.38427236273922316,False,False,1,0.38427236273922316,1,MEDIUM,window_12m,0.36869016102069596
23-65926,23-130718,RAW_SIRET,SIRET:21440184600016,2023-05-15,2023-09-22,4.270696452036794,2024-03-26,6.110381077529566,0.4908015768725361,0.09495726921465891,0.4,1.0,0.3759354384432646,False,False,1,0.02217741078074298,4,POTENTIAL,window_12m,0.36869016102069596
23-66104,23-168051,RAW_SIRET,SIRET:22530001100015,2023-05-17,2023-12-01,6.504599211563732,2024-03-23,3.712220762155059,0.6906482698204117,0.3188475969819713,0.4,1.0,0.5042587263987929,False,False,1,0.03338787464793358,4,POTENTIAL,window_12m,0.36869016102069596
23-68037,23-144302,RAW_SIRET,SIRET:24440061000055,2023-05-19,2023-10-18,4.993429697766097,2023-12-06,1.609724047306176,0.865856329391152,0.027950659815394928,1.0,1.0,0.6262468132831762,False,False,1,0.3090874751356686,3,HIGH,window_12m,0.36869016102069596
23-69310,24-81981,RAW_SIRET,SIRET:23440003400026,2023-05-22,2024-07-13,13.731931668856767,2024-07-05,0.2628120893561104,0.9780989925536575,0.16529064721929246,0.0,1.0,0.4023764746651667,False,False,1,0.040379982479194054,17,POTENTIAL,window_12m,0.36869016102069596
23-69565,23-160919,RAW_SIRET,SIRET:26720016000013,2023-05-23,2023-11-16,5.814717477003942,2023-11-23,0.22996057818659657,0.9808366184844503,0.11084416813870746,0.2,1.0,0.44400461346966014,False,True,1,0.13329649086358142,3,MEDIUM,window_12m,0.36869016102069596
23-69649,23-70292,NAME_FALLBACK,NAME:vendee eau,2023-05-23,2023-05-24,0.0328515111695138,2023-11-23,6.011826544021025,0.49901445466491456,0.8859135620496276,0.1,0.6,0.5248233603835983,True,False,1,0.5248233603835983,1,HIGH,window_12m,0.36869016102069596
23-70584,23-113446,RAW_SIRET,SIRET:24440064400013,2023-05-24,2023-08-11,2.59526938239159,2024-03-07,6.865965834428383,0.4278361804643014,0.06881388314634579,0.6,1.0,0.4110439042172963,False,False,1,0.4110439042172963,1,MEDIUM,window_12m,0.36869016102069596
23-73693,23-174149,RAW_SIRET,SIRET:23440003400026,2023-06-02,2023-12-16,6.471747700394218,2024-04-11,3.843626806833114,0.6796977660972405,0.01675778527420718,0.4,1.0,0.3957896663702827,False,False,1,0.02070537289249008,13,POTENTIAL,window_12m,0.36869016102069596
23-74379,23-174031,NAME_FALLBACK,NAME:semitan,2023-06-03,2023-12-16,6.438896189224704,2023-12-03,0.42706964520367935,0.9644108628996934,0.0,1.0,0.6,0.6011027157249234,False,False,1,0.08411198169481304,6,HIGH,window_12m,0.36869016102069596
23-74653,23-174031,NAME_FALLBACK,NAME:semitan,2023-06-03,2023-12-16,6.438896189224704,2024-05-04,4.599211563731932,0.6167323696890057,1.0000000000000002,1.0,0.6,0.8641830924222516,False,False,1,0.37988611476127915,8,HIGH,window_12m,0.36869016102069596
23-76010,23-144516,NAME_FALLBACK,NAME:nantes metropole,2023-06-07,2023-10-18,4.369250985545335,2023-11-07,0.657030223390276,0.9452474813841437,0.04723685225294301,0.2,0.6,0.372844768634566,False,False,1,0.05034349005641209,12,MEDIUM,window_12m,0.36869016102069596
23-76444,23-166646,RAW_SIRET,SIRET:22440002800011,2023-06-05,2023-11-29,5.814717477003942,2023-12-05,0.19710906701708278,0.9835742444152431,0.3752059581415253,0.0,1.0,0.4772156464533446,False,False,1,0.08074680378275101,9,MEDIUM,window_12m,0.36869016102069596
23-78413,23-144744,RAW_SIRET,SIRET:24440040400129,2023-06-10,2023-10-17,4.23784494086728,2023-12-10,1.773981603153745,0.8521681997371879,0.018869926014376356,0.2,1.0,0.37964652403932875,False,False,1,0.03498247973119273,14,POTENTIAL,window_12m,0.36869016102069596
23-82058,23-175562,RAW_SIRET,SIRET:24440040400129,2023-06-23,2023-12-22,5.978975032851511,2023-11-23,0.9526938239159001,0.9206088480070084,0.015122412930970278,0.2,1.0,0.39544505652759165,False,False,1,0.06045219315855943,13,MEDIUM,window_12m,0.36869016102069596
23-90092,23-90557,NAME_FALLBACK,NAME:chd vendee,2023-06-28,2023-06-29,0.0328515111695138,2023-12-28,5.978975032851511,0.5017520805957074,1.0000000000000002,0.1,0.6,0.5654380201489269,True,False,1,0.5654380201489269,1,HIGH,window_12m,0.36869016102069596
23-90833,23-168051,RAW_SIRET,SIRET:22530001100015,2023-07-01,2023-12-01,5.026281208935611,2024-03-23,3.712220762155059,0.6906482698204117,0.02856863971998131,0.4,1.0,0.4026610913570964,False,False,1,0.06086741214185232,3,MEDIUM,window_12m,0.36869016102069596
23-93496,24-88815,RAW_SIRET,SIRET:24720013200014,2023-07-06,2024-07-28,12.746386333771353,2024-07-06,0.7227332457293035,0.939772229522558,0.47213677266532317,1.0,1.0,0.8001909278135025,False,False,1,0.45537431678505147,10,HIGH,window_12m,0.36869016102069596
23-98718,23-174149,RAW_SIRET,SIRET:23440003400026,2023-07-14,2023-12-16,5.091984231274639,2024-01-14,0.9526938239159001,0.9206088480070084,0.003042874830264887,0.2,1.0,0.3912172181923448,False,False,1,0.020912794188840622,8,POTENTIAL,window_12m,0.36869016102069596
24-102164,25-88454,RAW_SIRET,SIRET:23440003400026,2024-09-10,2025-08-03,10.74244415243101,2025-08-30,0.8869908015768725,0.926084099868594,0.175602472001819,0.0,1.0,0.3929818901677852,False,False,1,0.011046106741416928,20,POTENTIAL,window_12m,0.36869016102069596
24-102167,25-130935,RAW_SIRET,SIRET:17440005100010,2024-09-10,2025-11-28,14.586070959264125,2025-02-10,9.559789750328514,0.20335085413929044,0.034324548989418856,1.0,1.0,0.4628513056811192,False,False,1,0.023146132377416584,14,POTENTIAL,window_12m,0.36869016102069596
24-102689,24-141388,RAW_SIRET,SIRET:24440040400129,2024-09-11,2024-12-18,3.219448094612352,2025-02-11,1.8068331143232588,0.8494305738063951,0.0,1.0,1.0,0.6123576434515987,False,True,1,0.05324288183583825,26,HIGH,window_12m,0.36869016102069596
24-104541,24-117088,NAME_FALLBACK,NAME:conseil departemental loire atlantique,2024-09-15,2024-10-16,1.0183968462549278,2025-03-15,4.92772667542707,0.5893561103810776,1.0000000000000002,1.0,0.6,0.8573390275952695,False,False,1,0.015056942619360525,14,POTENTIAL,window_12m,0.36869016102069596
24-106137,25-33463,RAW_SIRET,SIRET:17440005100010,2024-09-20,2025-03-26,6.14323258869908,2025-08-25,4.993429697766097,0.5838808585194919,0.16638118696432103,0.4,1.0,0.4242036300673854,False,False,1,0.052977424343496615,13,MEDIUM,window_12m,0.36869016102069596
24-106530,25-56786,RAW_SIRET,SIRET:12001002000028,2024-09-20,2025-05-22,8.015768725361367,2024-12-20,5.026281208935611,0.5811432325886992,0.0,1.0,1.0,0.5452858081471748,False,False,1,0.5452858081471748,1,HIGH,window_12m,0.36869016102069596
24-107602,24-117088,NAME_FALLBACK,NAME:conseil departemental loire atlantique,2024-09-24,2024-10-16,0.7227332457293035,2025-03-24,5.223390275952694,0.5647174770039423,1.0000000000000002,1.0,0.6,0.8511793692509857,False,False,1,0.45216575672732123,13,HIGH,window_12m,0.36869016102069596
24-108447,25-55152,NAME_FALLBACK,NAME:conseil departemental loire atlantique,2024-09-26,2025-05-18,7.687253613666228,2025-06-07,0.657030223390276,0.9452474813841437,0.18573967239107167,1.0,0.6,0.661320755682911,False,False,1,0.24251431553639613,14,HIGH,window_12m,0.36869016102069596
24-110066,24-139192,RAW_SIRET,SIRET:13003051300019,2024-09-29,2024-12-13,2.463863337713535,2025-01-29,1.5440210249671484,0.8713315812527376,0.9671297844499315,1.0,1.0,0.9563283198706604,False,False,1,0.6511446564052047,2,HIGH,window_12m,0.36869016102069596
24-110261,24-141388,RAW_SIRET,SIRET:24440040400129,2024-09-29,2024-12-18,2.628120893561104,2025-03-29,3.3180026281208934,0.7234997809899255,0.04417908417357298,1.0,1.0,0.5963376247082319,False,True,1,0.09669773320765496,27,HIGH,window_12m,0.36869016102069596
24-111199,25-1120,RAW_SIRET,SIRET:21370261600011,2024-10-03,2025-01-08,3.1865965834428382,2025-04-03,2.7923784494086727,0.7673017958826106,1.0000000000000004,1.0,1.0,0.9418254489706528,False,False,1,0.9418254489706528,1,HIGH,window_12m,0.36869016102069596
24-111919,24-125547,RAW_SIRET,SIRET:24850058900085,2024-10-04,2024-11-06,1.0840998685939554,2025-02-04,2.9566360052562417,0.7536136662286466,0.9999999999999998,1.0,1.0,0.9384034165571615,False,False,1,0.9384034165571615,1,HIGH,window_12m,0.36869016102069596
24-112213,25-24140,NAME_FALLBACK,NAME:departement de la vendee,2024-10-04,2025-03-05,4.993429697766097,2025-05-21,2.5295663600525624,0.7892028033289531,0.08926456608309011,1.0,0.6,0.5885432989613197,False,False,1,0.30802165653391356,10,HIGH,window_12m,0.36869016102069596
24-11486,24-27192,RAW_SIRET,SIRET:52926090300016,2024-02-01,2024-03-07,1.149802890932983,2024-08-17,5.354796320630749,0.5537669732807708,1.0000000000000002,1.0,1.0,0.8884417433201927,False,False,1,0.8884417433201927,1,HIGH,window_12m,0.36869016102069596
24-116379,25-87479,NAME_FALLBACK,NAME:audencia eesc,2024-10-15,2025-08-01,9.526938239159001,2025-05-09,2.759526938239159,0.7700394218134035,0.2447537213903651,0.2,0.6,0.39817365793997866,False,False,1,0.033551173451501104,5,POTENTIAL,window_12m,0.36869016102069596
24-117088,25-55152,NAME_FALLBACK,NAME:conseil departemental loire atlantique,2024-10-16,2025-05-18,7.030223390275952,2025-04-16,1.0512483574244416,0.9123959702146298,0.36187419734875903,0.0,0.6,0.4147549616257231,False,False,1,0.027701595537472368,12,POTENTIAL,window_12m,0.36869016102069596
24-117855,24-139939,RAW_SIRET,SIRET:24440040400129,2024-10-17,2024-12-14,1.9053876478318001,2025-03-17,3.055190538764783,0.7454007884362681,0.3893913411532176,1.0,1.0,0.722637166512693,False,False,1,0.15755572327271283,25,HIGH,window_12m,0.36869016102069596
24-118232,24-121412,RAW_SIRET,SIRET:18009202500121,2024-10-18,2024-10-25,0.22996057818659657,2025-02-18,3.8107752956636003,0.6824353920280333,0.5450755954398728,0.2,1.0,0.5213853064109638,False,False,1,0.5213853064109638,1,HIGH,window_12m,0.36869016102069596
24-119150,25-45593,NAME_FALLBACK,NAME:nantes metropole,2024-10-18,2025-04-22,6.110381077529566,2025-04-18,0.1314060446780552,0.9890494962768287,0.026691451922820537,0.2,0.6,0.37660438224219434,False,False,1,0.06584512194120296,8,MEDIUM,window_12m,0.36869016102069596
24-12133,24-62208,RAW_SIRET,SIRET:17440005100010,2024-02-02,2024-05-30,3.876478318002628,2024-05-02,0.9198423127463863,0.9233464739378011,0.054076127594136464,0.2,1.0,0.4097632631423981,False,False,1,0.008000268057578697,23,POTENTIAL,window_12m,0.36869016102069596
24-121511,24-122891,NAME_FALLBACK,NAME:le mans metropole,2024-10-25,2024-10-29,0.1314060446780552,2025-10-26,11.892247043363994,0.008979413053000429,0.9999999999999994,1.0,0.6,0.7122448532632499,False,False,1,0.39924639787284827,7,HIGH,window_12m,0.36869016102069596
24-122943,24-130324,RAW_SIRET,SIRET:23440003400026,2024-10-29,2024-11-19,0.6898817345597897,2025-08-04,8.47568988173456,0.29369250985545337,0.9999999999999998,1.0,1.0,0.8234231274638633,False,False,1,0.4661334909893351,19,HIGH,window_12m,0.36869016102069596
24-126812,25-62715,NAME_FALLBACK,NAME:nantes metropole,2024-11-07,2025-06-04,6.865965834428383,2025-04-07,1.9053876478318001,0.8412176960140166,0.7277204736045386,0.1,0.6,0.5550065897650927,True,False,1,0.20163414135550334,7,HIGH,window_12m,0.36869016102069596
24-127156,25-75379,NAME_FALLBACK,NAME:mairie de saint-herblain,2024-11-08,2025-07-03,7.7858081471747695,2025-05-08,1.8396846254927726,0.8466929478756022,0.3137321659309142,0.0,0.6,0.3814794950447205,False,False,1,0.043199663648544884,2,POTENTIAL,window_12m,0.36869016102069596
24-127528,25-134329,NAME_FALLBACK,NAME:nantes metropole,2024-11-08,2025-12-05,12.877792378449408,2025-05-08,6.931668856767411,0.4223609286027158,0.08113267370403265,1.0,0.6,0.4939866679470904,False,True,1,0.08551598793193066,7,MEDIUM,window_12m,0.36869016102069596
24-127981,24-132180,NAME_FALLBACK,NAME:conseil departemental de la mayenne,2024-11-13,2024-11-24,0.36136662286465177,2025-07-19,7.7858081471747695,0.3511826544021025,0.9999999999999997,1.0,0.6,0.7977956636005255,False,False,1,0.4437775801842793,23,HIGH,window_12m,0.36869016102069596
24-131094,25-925,RAW_SIRET,SIRET:24490001500011,2024-11-21,2025-01-08,1.5768725361366622,2025-05-21,4.369250985545335,0.6358957512045553,0.9999999999999998,1.0,1.0,0.9089739378011387,False,False,1,0.5829281646955758,6,HIGH,window_12m,0.36869016102069596
24-13163,24-65111,RAW_SIRET,SIRET:22440002800011,2024-02-04,2024-06-06,4.040735873850197,2025-03-28,9.69119579500657,0.19240035041611925,0.024728987666534467,1.0,1.0,0.4567552332873168,False,False,1,0.2957914773229798,3,MEDIUM,window_12m,0.36869016102069596
24-131879,25-5091,RAW_SIRET,SIRET:24440040400129,2024-11-22,2025-01-17,1.8396846254927726,2025-04-22,3.1208935611038107,0.7399255365746824,0.9861209756225541,1.0,1.0,0.9301237256115644,False,False,1,0.5604795775968382,24,HIGH,window_12m,0.36869016102069596
24-132338,25-30335,NAME_FALLBACK,NAME:conseil departemental de la mayenne,2024-11-24,2025-03-18,3.7450722733245727,2025-07-20,4.073587385019711,0.6605343845816907,0.16992191269129625,0.6,0.6,0.46460626558737633,False,False,1,0.0074889151156776745,21,POTENTIAL,window_12m,0.36869016102069596
24-136086,25-54937,NAME_FALLBACK,NAME:conseil departemental de la mayenne,2024-12-05,2025-05-17,5.354796320630749,2025-07-20,2.102496714848883,0.8247919404292597,0.10606681920198846,0.4,0.6,0.4233213718280109,False,False,1,0.03316619011712629,20,POTENTIAL,window_12m,0.36869016102069596
24-138709,25-13176,RAW_SIRET,SIRET:19753472000010,2024-12-12,2025-02-06,1.8396846254927726,2025-04-12,2.135348226018397,0.8220543144984669,0.32658993995622104,1.0,1.0,0.719820057609294,False,False,1,0.3110959946555101,7,HIGH,window_12m,0.36869016102069596
24-138890,25-27783,NAME_FALLBACK,NAME:societe publique regionale abbaye de fontevraud,2024-12-11,2025-03-13,3.0223390275952693,2025-03-11,0.0657030223390276,0.9945247481384144,0.010146401603324666,0.8,0.6,0.5521824275957672,False,False,1,0.019163381515549638,4,POTENTIAL,window_12m,0.36869016102069596
24-139939,25-86184,RAW_SIRET,SIRET:24440040400129,2024-12-14,2025-07-29,7.457293035479632,2025-05-14,2.4967148488830486,0.791940429259746,0.010636281492245672,1.0,1.0,0.6017078058372224,False,False,1,0.07581424473341158,23,HIGH,window_12m,0.36869016102069596
24-140072,25-51370,RAW_SIRET,SIRET:24440040400129,2024-12-15,2025-05-08,4.730617608409987,2025-05-15,0.22996057818659657,0.9808366184844503,0.11655880847714328,0.2,1.0,0.44600473758811265,False,False,1,0.0037932301415375402,21,POTENTIAL,window_12m,0.36869016102069596
24-140255,25-51370,RAW_SIRET,SIRET:24440040400129,2024-12-15,2025-05-08,4.730617608409987,2025-05-15,0.22996057818659657,0.9808366184844503,0.12345461603936325,0.0,1.0,0.38841827023488973,False,False,1,0.0023386022207871893,21,POTENTIAL,window_12m,0.36869016102069596
24-140261,25-3181,NAME_FALLBACK,NAME:departement de la vendee,2024-12-15,2025-01-12,0.9198423127463863,2025-07-07,5.781865965834428,0.5181778361804643,0.9999999999999997,1.0,0.6,0.839544459045116,False,False,1,0.5075112898728054,9,HIGH,window_12m,0.36869016102069596
24-140762,25-73236,RAW_SIRET,SIRET:13002974700016,2024-12-17,2025-07-01,6.438896189224704,2025-06-17,0.45992115637319314,0.9616732369689006,0.10028297613165815,0.0,1.0,0.3755173508883055,False,False,1,0.04956213338177318,3,POTENTIAL,window_12m,0.36869016102069596
24-141319,25-30074,NAME_FALLBACK,NAME:cnieg caisse nationale des industries electriques et gazieres,2024-12-18,2025-03-19,2.9894875164257555,2025-11-25,8.245729303547963,0.3128558913710031,0.15222975105325495,1.0,0.6,0.49149438571139,False,False,1,0.49149438571139,1,MEDIUM,window_12m,0.36869016102069596
24-142269,25-63023,RAW_SIRET,SIRET:12001201800111,2024-12-20,2025-06-06,5.519053876478318,2025-09-20,3.4822601839684624,0.7098116513359615,0.5473301722348802,1.0,1.0,0.7690184731161984,False,False,1,0.250246767098695,4,HIGH,window_12m,0.36869016102069596
24-14769,24-65111,RAW_SIRET,SIRET:22440002800011,2024-02-07,2024-06-06,3.9421813403416555,2025-03-28,9.69119579500657,0.19240035041611925,0.024728987666534467,1.0,1.0,0.4567552332873168,False,False,1,0.2957914773229798,3,MEDIUM,window_12m,0.36869016102069596
24-15971,24-27405,RAW_SIRET,SIRET:21440184600016,2024-02-09,2024-03-07,0.8869908015768725,2025-02-06,11.038107752956636,0.08015768725361372,1.0,1.0,1.0,0.7700394218134033,False,False,1,0.7700394218134033,1,HIGH,window_12m,0.36869016102069596
24-16750,24-74644,RAW_SIRET,SIRET:28850001000013,2024-02-11,2024-06-28,4.533508541392904,2024-11-08,4.369250985545335,0.6358957512045553,0.3485072700257387,0.0,1.0,0.3809514823101474,False,True,1,0.3809514823101474,1,MEDIUM,window_12m,0.36869016102069596
24-19872,24-24049,RAW_SIRET,SIRET:17440005100010,2024-02-18,2024-02-28,0.328515111695138,2024-12-06,9.264126149802891,0.22798948751642578,1.0,1.0,1.0,0.8069973718791064,False,False,1,0.4517298078262235,25,HIGH,window_12m,0.36869016102069596
24-27595,24-106137,RAW_SIRET,SIRET:17440005100010,2024-03-07,2024-09-20,6.471747700394218,2025-09-13,11.76084099868594,0.01992991677617173,0.004963477819259261,1.0,1.0,0.40671969643078365,False,False,1,0.02198212783093667,14,POTENTIAL,window_12m,0.36869016102069596
24-27614,25-117061,RAW_SIRET,SIRET:17440005100010,2024-03-07,2025-10-22,19.513797634691194,2025-10-18,0.1314060446780552,0.9890494962768287,0.00972760407144671,0.2,1.0,0.4106670354942136,False,False,1,0.028727701284839924,13,POTENTIAL,window_12m,0.36869016102069596
24-29089,24-141111,RAW_SIRET,SIRET:17440005100010,2024-03-12,2024-12-18,9.231274638633376,2024-11-11,1.2155059132720105,0.8987078405606658,0.03187612562113831,0.2,1.0,0.39583360410756485,False,True,1,0.0006844064826981855,20,POTENTIAL,window_12m,0.36869016102069596
24-29106,24-74968,NAME_FALLBACK,NAME:commune d avrille,2024-03-11,2024-06-27,3.54796320630749,2025-03-11,8.442838370565045,0.2964301357862462,1.0,1.0,0.6,0.7841075339465615,False,False,1,0.7841075339465615,1,HIGH,window_12m,0.36869016102069596
24-31691,24-75502,NAME_FALLBACK,NAME:nantes metropole,2024-03-15,2024-06-27,3.416557161629435,2024-09-15,2.628120893561104,0.7809899255365746,0.03174512870756213,0.4,0.6,0.3863582764317904,False,False,1,0.0020395211892840215,9,POTENTIAL,window_12m,0.36869016102069596
24-34440,24-74429,NAME_FALLBACK,NAME:chu de nantes,2024-03-24,2024-06-26,3.088042049934297,2024-09-24,2.9566360052562417,0.7536136662286466,0.019102544170387557,0.4,0.6,0.37508930701679727,False,False,1,0.050361246781352675,3,MEDIUM,window_12m,0.36869016102069596
24-34987,24-127528,NAME_FALLBACK,NAME:nantes metropole,2024-03-22,2024-11-08,7.588699080157687,2024-09-22,1.5440210249671484,0.8713315812527376,0.05809824445848721,1.0,0.6,0.5981672808736549,False,True,1,0.3038969521000545,8,HIGH,window_12m,0.36869016102069596
24-36186,24-37419,RAW_SIRET,SIRET:21440143200015,2024-03-28,2024-03-30,0.0657030223390276,2024-07-28,3.9421813403416555,0.6714848883048621,1.0,1.0,1.0,0.9178712220762154,False,False,1,0.5940833092395006,3,HIGH,window_12m,0.36869016102069596
24-43365,24-55627,RAW_SIRET,SIRET:24720013200014,2024-04-14,2024-05-15,1.0183968462549278,2025-02-04,8.705650459921156,0.2745291283399037,1.0,1.0,1.0,0.8186322820849758,False,False,1,0.40503069611351017,5,HIGH,window_12m,0.36869016102069596
24-44676,24-55356,RAW_SIRET,SIRET:83095506800044,2024-04-17,2024-05-15,0.9198423127463863,2024-08-17,3.088042049934297,0.7426631625054753,0.5775810299797278,1.0,1.0,0.7878191511192735,False,False,1,0.477099033300657,3,HIGH,window_12m,0.36869016102069596
24-45430,26-16813,NAME_FALLBACK,NAME:le mans metropole,2024-04-17,2026-02-18,22.07621550591327,2025-12-27,1.7411300919842312,0.8549058256679807,0.0963508283128374,1.0,0.6,0.6074492463264882,False,False,1,0.17905711198952645,5,HIGH,window_12m,0.36869016102069596
24-46149,24-71921,NAME_FALLBACK,NAME:chu angers etablissement support du groupement hospitalier de territoire de maine et loire,2024-04-19,2024-06-21,2.0696452036793693,2025-02-08,7.621550591327201,0.36487078405606665,0.9999999999999996,1.0,0.6,0.8012176960140165,False,False,1,0.3455460650549851,5,HIGH,window_12m,0.36869016102069596
24-47720,24-55863,RAW_SIRET,SIRET:24720013200014,2024-04-24,2024-05-15,0.6898817345597897,2025-02-22,9.296977660972404,0.22525186158563304,1.0,1.0,1.0,0.8063129653964082,False,False,1,0.5223431155057373,4,HIGH,window_12m,0.36869016102069596
24-48331,24-57852,RAW_SIRET,SIRET:17440005100010,2024-04-25,2024-05-19,0.7884362680683311,2025-04-12,10.775295663600525,0.10205869469995621,1.0,1.0,1.0,0.7755146736749889,False,False,1,0.3700092164123161,20,HIGH,window_12m,0.36869016102069596
24-50959,24-62964,RAW_SIRET,SIRET:92084215000012,2024-05-01,2024-06-01,1.0183968462549278,2025-04-17,10.512483574244415,0.1239597021462987,0.9999999999999999,1.0,1.0,0.7809899255365745,False,False,1,0.04380704041714445,3,POTENTIAL,window_12m,0.36869016102069596
24-51482,24-68807,NAME_FALLBACK,NAME:chu angers etablissement support du groupement hospitalier de territoire de maine et loire,2024-05-02,2024-06-14,1.4126149802890933,2025-02-02,7.654402102496714,0.3621331581252738,1.0000000000000002,1.0,0.6,0.8005332895313184,False,False,1,0.011634910205869486,4,POTENTIAL,window_12m,0.36869016102069596
24-55627,24-74022,RAW_SIRET,SIRET:24720013200014,2024-05-15,2024-06-26,1.3797634691195795,2025-02-04,7.3258869908015765,0.389509417433202,0.6177835188947577,0.0,1.0,0.4136015859714657,False,False,1,0.19182811767670008,2,MEDIUM,window_12m,0.36869016102069596
24-57038,24-69165,RAW_SIRET,SIRET:22850001300658,2024-05-17,2024-06-16,0.9855453350854139,2025-03-29,9.395532194480946,0.21703898379325448,0.9999999999999998,1.0,1.0,0.8042597459483135,False,False,1,0.64630060023654,2,HIGH,window_12m,0.36869016102069596
24-57634,24-67023,RAW_SIRET,SIRET:22220001600327,2024-05-19,2024-06-11,0.7555847568988173,2024-10-19,4.270696452036794,0.6441086289969338,0.5723165653929778,0.0,1.0,0.46133795513677567,False,False,1,0.46133795513677567,1,MEDIUM,window_12m,0.36869016102069596
24-57852,25-47444,RAW_SIRET,SIRET:17440005100010,2024-05-19,2025-04-27,11.268068331143231,2025-04-12,0.49277266754270693,0.9589356110381078,0.016490155723274103,0.2,1.0,0.40550545726267284,False,False,1,0.03878341638912419,19,POTENTIAL,window_12m,0.36869016102069596
24-59713,25-82602,NAME_FALLBACK,NAME:ville de nantes,2024-05-23,2025-07-18,13.830486202365309,2024-11-23,7.7858081471747695,0.3511826544021025,0.2946377161759969,1.0,0.6,0.5509188642621246,False,False,1,0.47286342926028807,2,HIGH,window_12m,0.36869016102069596
24-60252,24-72692,RAW_SIRET,SIRET:22440002800011,2024-05-26,2024-06-23,0.9198423127463863,2024-09-26,3.1208935611038107,0.7399255365746824,1.0,1.0,1.0,0.9349813841436705,False,False,1,0.6594697974938192,2,HIGH,window_12m,0.36869016102069596
24-61004,24-68807,NAME_FALLBACK,NAME:chu angers etablissement support du groupement hospitalier de territoire de maine et loire,2024-05-28,2024-06-14,0.5584756898817346,2025-02-02,7.654402102496714,0.3621331581252738,1.0000000000000002,1.0,0.6,0.8005332895313184,False,False,1,0.3359643742972103,3,HIGH,window_12m,0.36869016102069596
24-62208,24-102167,RAW_SIRET,SIRET:17440005100010,2024-05-30,2024-09-10,3.383705650459921,2024-11-30,2.6609724047306176,0.7782522996057819,0.029065249797182332,0.4,1.0,0.42473591233045926,False,False,1,0.027376259307928197,16,POTENTIAL,window_12m,0.36869016102069596
24-62548,24-74174,RAW_SIRET,SIRET:17350005900014,2024-05-31,2024-06-27,0.8869908015768725,2024-11-30,5.124835742444152,0.5729303547963207,0.9999999999999999,1.0,1.0,0.8932325886990801,False,False,1,0.8932325886990801,1,HIGH,window_12m,0.36869016102069596
24-62964,25-135680,RAW_SIRET,SIRET:92084215000012,2024-06-01,2025-12-11,18.331143232588698,2025-04-17,7.818659658344283,0.34844502847130976,0.7144903657188647,1.0,1.0,0.7371828851194301,False,False,1,0.7371828851194301,1,HIGH,window_12m,0.36869016102069596
24-66818,25-21094,RAW_SIRET,SIRET:17440005100010,2024-06-09,2025-02-25,8.5742444152431,2025-03-18,0.6898817345597897,0.9425098554533509,0.15654672702765282,0.0,1.0,0.39041881832301617,False,False,1,0.028646107281083966,16,POTENTIAL,window_12m,0.36869016102069596
24-68807,24-71921,NAME_FALLBACK,NAME:chu angers etablissement support du groupement hospitalier de territoire de maine et loire,2024-06-14,2024-06-21,0.22996057818659657,2025-02-02,7.424441524310118,0.38129653964082355,0.02641365806829203,1.0,0.6,0.4645689152341081,False,False,1,0.4645689152341081,1,MEDIUM,window_12m,0.36869016102069596
24-73665,24-81519,RAW_SIRET,SIRET:24440040400129,2024-06-26,2024-07-12,0.5256241787122208,2024-11-26,4.50065703022339,0.6249452474813841,0.9999999999999996,1.0,1.0,0.9062363118703458,False,False,1,0.26277752002096155,27,HIGH,window_12m,0.36869016102069596
24-74996,25-124768,RAW_SIRET,SIRET:39172288100052,2024-06-28,2025-11-09,16.392904073587385,2025-10-27,0.42706964520367935,0.9644108628996934,0.2601384698112211,0.2,1.0,0.49215118015885073,False,True,1,0.09992334647393775,10,MEDIUM,window_12m,0.36869016102069596
24-75502,25-90009,NAME_FALLBACK,NAME:nantes metropole,2024-06-27,2025-08-06,13.304862023653088,2024-12-27,7.293035479632063,0.39224704336399474,0.0630151798822465,1.0,0.6,0.4801170737997849,False,False,1,0.15495190097526812,7,MEDIUM,window_12m,0.36869016102069596
24-76881,25-103197,RAW_SIRET,SIRET:21440162200011,2024-07-03,2025-09-18,14.520367936925098,2025-05-23,3.876478318002628,0.6769601401664477,0.20234628560384305,1.0,1.0,0.640061235002957,False,False,1,0.2333206918762447,2,HIGH,window_12m,0.36869016102069596
24-80432,24-139939,RAW_SIRET,SIRET:24440040400129,2024-07-10,2024-12-14,5.157687253613666,2025-01-10,0.8869908015768725,0.926084099868594,0.022001280546814484,0.4,1.0,0.45922147315853357,False,False,1,0.00676948106267361,29,POTENTIAL,window_12m,0.36869016102069596
24-80969,24-99892,RAW_SIRET,SIRET:13002622200013,2024-07-11,2024-09-04,1.8068331143232588,2025-03-28,6.734559789750328,0.4387866841874727,0.9999999999999998,1.0,1.0,0.8596966710468681,False,False,1,0.8596966710468681,1,HIGH,window_12m,0.36869016102069596
24-81192,24-82336,RAW_SIRET,SIRET:45151864100035,2024-07-12,2024-07-14,0.0657030223390276,2024-11-12,3.9750328515111693,0.6687472623740692,0.347533536577847,0.0,1.0,0.3888235533957638,False,False,1,0.3888235533957638,1,MEDIUM,window_12m,0.36869016102069596
24-81519,24-139939,RAW_SIRET,SIRET:24440040400129,2024-07-12,2024-12-14,5.091984231274639,2024-12-12,0.0657030223390276,0.9945247481384144,0.016508881537005672,1.0,1.0,0.6544092955725556,False,False,1,0.03554789715300555,27,POTENTIAL,window_12m,0.36869016102069596
24-81981,24-102164,RAW_SIRET,SIRET:23440003400026,2024-07-13,2024-09-10,1.938239159001314,2025-08-30,11.629434954007884,0.03088042049934303,1.0,1.0,1.0,0.7577201051248357,False,False,1,0.3647382149570505,21,HIGH,window_12m,0.36869016102069596
24-82099,24-83982,NAME_FALLBACK,NAME:grand port maritime de nantes saint nazaire 18 quai ernest renaud nantes 44186,2024-07-11,2024-07-16,0.164257555847569,2025-01-11,5.88042049934297,0.5099649583880859,0.0032672562178939447,1.0,0.6,0.48863477927328436,False,False,1,0.48863477927328436,1,MEDIUM,window_12m,0.36869016102069596
24-83533,25-37560,RAW_SIRET,SIRET:21850128600015,2024-07-17,2025-04-04,8.5742444152431,2024-11-17,4.533508541392904,0.6222076215505914,1.0,0.0,1.0,0.6055519053876478,False,False,1,0.6055519053876478,1,HIGH,window_12m,0.36869016102069596
24-83640,25-53516,RAW_SIRET,SIRET:80355563000018,2024-07-17,2025-05-14,9.888304862023652,2025-03-14,2.0039421813403417,0.8330048182216382,0.36024346055028333,1.0,1.0,0.7343364157480087,False,True,1,0.7343364157480087,1,HIGH,window_12m,0.36869016102069596
24-86406,25-44681,RAW_SIRET,SIRET:39172288100052,2024-07-23,2025-04-20,8.902759526938238,2025-08-07,3.5808147174770038,0.701598773543583,0.667910522537518,1.0,1.0,0.809168376274027,False,True,1,0.01574134910205871,10,POTENTIAL,window_12m,0.36869016102069596
24-90280,24-102167,RAW_SIRET,SIRET:17440005100010,2024-08-01,2024-09-10,1.314060446780552,2025-02-01,4.730617608409987,0.6057818659658345,1.0,1.0,1.0,0.9014454664914585,False,False,1,0.4447538191546232,15,HIGH,window_12m,0.36869016102069596
24-94748,24-102689,RAW_SIRET,SIRET:24440040400129,2024-08-15,2024-09-11,0.8869908015768725,2025-02-15,5.157687253613666,0.5701927288655277,1.0,1.0,1.0,0.8925481822163818,False,True,1,0.2829281646955759,28,HIGH,window_12m,0.36869016102069596
25-101313,26-33969,RAW_SIRET,SIRET:21440109300015,2025-09-13,2026-04-03,6.636005256241787,2026-02-13,1.609724047306176,0.865856329391152,0.320839280960395,1.0,1.0,0.7287578306839262,False,False,1,0.013688129653964043,4,POTENTIAL,window_12m,0.36869016102069596
25-106850,25-109757,NAME_FALLBACK,NAME:ville de saint nazaire,2025-09-27,2025-10-05,0.2628120893561104,2026-02-27,4.763469119579501,0.6030442400350415,1.0,1.0,0.6,0.8607610600087603,False,False,1,0.5537628174385388,7,HIGH,window_12m,0.36869016102069596
25-108467,26-24820,RAW_SIRET,SIRET:19720916600010,2025-10-02,2026-03-12,5.289093298291721,2026-01-02,2.266754270696452,0.8111038107752957,0.03836571966791948,0.2,1.0,0.3762039545775957,False,False,1,0.3762039545775957,1,MEDIUM,window_12m,0.36869016102069596
25-109666,25-125088,RAW_SIRET,SIRET:21440109300015,2025-10-04,2025-11-12,1.281208935611038,2026-03-04,3.679369250985545,0.6933858957512046,0.9999999999999998,1.0,1.0,0.923346473937801,False,False,1,0.3935702224820915,3,HIGH,window_12m,0.36869016102069596
25-110291,25-121229,RAW_SIRET,SIRET:24440040400129,2025-10-05,2025-10-31,0.8541392904073587,2026-03-05,4.106438896189225,0.6577967586508979,0.9999999999999999,1.0,1.0,0.9144491896627244,False,False,1,0.508490241810122,12,HIGH,window_12m,0.36869016102069596
25-111245,26-9688,RAW_SIRET,SIRET:24440040400129,2025-10-08,2026-01-29,3.712220762155059,2026-03-08,1.2483574244415243,0.8959702146298729,0.01697783152310657,0.2,1.0,0.3899347946905555,False,True,1,0.03296768722205101,11,POTENTIAL,window_12m,0.36869016102069596
25-113007,25-119617,RAW_SIRET,SIRET:19753472000010,2025-10-12,2025-10-28,0.5256241787122208,2026-05-15,6.5374507227332455,0.4552124397722296,0.12574766525156156,1.0,1.0,0.5578147927811039,False,False,1,0.0057408565160855796,4,POTENTIAL,window_12m,0.36869016102069596
25-114027,25-118527,NAME_FALLBACK,NAME:ville de saint nazaire,2025-10-15,2025-10-24,0.2956636005256242,2026-08-19,9.822601839684625,0.18144984669294795,0.9999999999999998,1.0,0.6,0.7553624616732368,False,False,1,0.47782080454298737,4,HIGH,window_12m,0.36869016102069596
25-117061,25-130935,RAW_SIRET,SIRET:17440005100010,2025-10-22,2025-11-28,1.2155059132720105,2026-03-22,3.7450722733245727,0.687910643889619,0.04009756812833748,0.4,1.0,0.4060118098173229,False,False,1,0.10202965088329519,2,MEDIUM,window_12m,0.36869016102069596
25-1181,25-2044,RAW_SIRET,SIRET:12002701600563,2025-01-08,2025-01-09,0.0328515111695138,2025-07-08,5.913272010512483,0.5072273324572931,0.9999999999999998,1.0,1.0,0.8768068331143232,False,True,1,0.8768068331143232,1,HIGH,window_12m,0.36869016102069596
25-118828,26-45220,RAW_SIRET,SIRET:23440003400026,2025-10-25,2026-05-06,6.340341655716163,2026-02-25,2.299605781865966,0.8083661848445028,0.4474373738467468,0.2,1.0,0.518694627057487,False,True,1,0.16169431120136457,7,HIGH,window_12m,0.36869016102069596
25-119617,25-135765,RAW_SIRET,SIRET:19753472000010,2025-10-28,2025-12-11,1.445466491458607,2026-02-28,2.59526938239159,0.7837275514673675,0.012960229605752509,1.0,1.0,0.6004679682288552,False,False,1,0.24665304312386116,3,HIGH,window_12m,0.36869016102069596
25-121114,25-129489,RAW_SIRET,SIRET:23440003400026,2025-10-31,2025-11-25,0.8212877792378449,2026-02-28,3.1208935611038107,0.7399255365746824,1.0000000000000002,1.0,1.0,0.9349813841436706,False,False,1,0.500912806437277,6,HIGH,window_12m,0.36869016102069596
25-121229,26-9688,RAW_SIRET,SIRET:24440040400129,2025-10-31,2026-01-29,2.9566360052562417,2026-03-31,2.0039421813403417,0.8330048182216382,0.05689478499154135,0.2,1.0,0.38816437930244896,False,False,1,0.016917607764617593,10,POTENTIAL,window_12m,0.36869016102069596
25-121683,26-21262,RAW_SIRET,SIRET:54665016900057,2025-11-02,2026-03-04,4.0078843626806835,2026-02-02,0.9855453350854139,0.9178712220762155,0.037947907482860595,0.2,1.0,0.40274957313805504,False,True,1,0.09379879171847938,2,MEDIUM,window_12m,0.36869016102069596
25-12266,26-8489,NAME_FALLBACK,NAME:territoire d energie loire-atlantique,2025-02-03,2026-01-24,11.662286465177397,2026-09-30,8.180026281208935,0.3183311432325887,0.3166747266062375,1.0,0.6,0.5504189401203303,False,False,1,0.5504189401203303,1,HIGH,window_12m,0.36869016102069596
25-124007,25-137684,NAME_FALLBACK,NAME:ville d orvault,2025-11-06,2025-12-15,1.281208935611038,2026-04-06,3.679369250985545,0.6933858957512046,0.6369297232113044,1.0,0.6,0.7562718770617576,False,False,1,0.42730642019613907,2,HIGH,window_12m,0.36869016102069596
25-125088,26-33969,RAW_SIRET,SIRET:21440109300015,2025-11-12,2026-04-03,4.664914586070959,2026-04-12,0.2956636005256242,0.9753613666228647,0.5723098455333019,0.0,1.0,0.5441487875923718,False,False,1,0.001368812965396482,2,POTENTIAL,window_12m,0.36869016102069596
25-125277,26-3165,RAW_SIRET,SIRET:83095506800044,2025-11-13,2026-01-13,2.0039421813403417,2026-05-09,3.8107752956636003,0.6824353920280333,0.8467874770335315,1.0,1.0,0.8669844649687443,False,True,1,0.8669844649687443,1,HIGH,window_12m,0.36869016102069596
25-128195,25-130089,RAW_SIRET,SIRET:13002591900015,2025-11-20,2025-11-26,0.19710906701708278,2026-04-20,4.763469119579501,0.6030442400350415,0.031337750711703416,0.6,1.0,0.44172927275785656,False,False,1,0.44172927275785656,1,MEDIUM,window_12m,0.36869016102069596
25-128632,25-138294,NAME_FALLBACK,NAME:conseil departemental loire atlantique,2025-11-21,2025-12-17,0.8541392904073587,2026-05-21,5.091984231274639,0.5756679807271134,0.9999999999999998,1.0,0.6,0.8539169951817782,False,False,1,0.4802684671783363,7,HIGH,window_12m,0.36869016102069596
25-129489,26-45220,RAW_SIRET,SIRET:23440003400026,2025-11-25,2026-05-06,5.321944809461235,2026-03-25,1.3797634691195795,0.8850197109067017,0.028353748706209332,0.4,1.0,0.4511787397738487,False,False,1,0.10141975047315055,5,MEDIUM,window_12m,0.36869016102069596
25-13176,25-76566,RAW_SIRET,SIRET:19753472000010,2025-02-06,2025-07-08,4.993429697766097,2025-06-06,1.0512483574244416,0.9123959702146298,0.9665085470611091,0.0,1.0,0.6663769840250456,False,False,1,0.3628104597281546,6,HIGH,window_12m,0.36869016102069596
25-134888,26-56462,RAW_SIRET,SIRET:24440040400129,2025-12-09,2026-06-10,6.011826544021025,2026-05-09,1.0512483574244416,0.9123959702146298,0.047586984892657225,0.4,1.0,0.46475443726608745,False,False,1,0.008898164726663604,9,POTENTIAL,window_12m,0.36869016102069596
25-135711,26-60182,RAW_SIRET,SIRET:24440040400129,2025-12-11,2026-06-19,6.241787122207621,2026-05-11,1.281208935611038,0.8932325886990802,0.18865619450267984,0.2,1.0,0.44933781525070793,False,False,1,0.04188439278946299,8,POTENTIAL,window_12m,0.36869016102069596
25-13579,25-135982,NAME_FALLBACK,NAME:conseil departemental de la mayenne,2025-02-06,2025-12-11,10.11826544021025,2025-09-07,3.1208935611038107,0.7399255365746824,0.3526344580013475,0.6,0.6,0.5484034444441421,False,False,1,0.08873749459759811,17,HIGH,window_12m,0.36869016102069596
25-135982,26-44140,NAME_FALLBACK,NAME:conseil departemental de la mayenne,2025-12-11,2026-05-02,4.664914586070959,2026-06-11,1.314060446780552,0.8904949627682873,0.23343142959809277,1.0,0.6,0.6643247410514044,False,False,1,0.028784519397796693,11,POTENTIAL,window_12m,0.36869016102069596
25-137164,26-60182,RAW_SIRET,SIRET:24440040400129,2025-12-14,2026-06-19,6.14323258869908,2026-05-14,1.1826544021024967,0.9014454664914586,0.027796905346896782,0.2,1.0,0.39509028349427855,False,True,1,0.029600489467290547,7,POTENTIAL,window_12m,0.36869016102069596
25-140719,26-59246,NAME_FALLBACK,NAME:mairie de st herblain,2025-12-19,2026-06-16,5.88042049934297,2026-06-19,0.09855453350854139,0.9917871222076216,0.24364286278399264,1.0,0.6,0.6932217825263027,False,False,1,0.22058456650847302,2,HIGH,window_12m,0.36869016102069596
25-141819,26-5966,NAME_FALLBACK,NAME:conseil departemental loire atlantique,2025-12-24,2026-01-20,0.8869908015768725,2026-11-25,10.151116951379763,0.15407358738501975,1.0,1.0,0.6,0.7485183968462548,False,False,1,0.39604792617675383,5,HIGH,window_12m,0.36869016102069596
25-14799,25-27783,NAME_FALLBACK,NAME:societe publique regionale abbaye de fontevraud,2025-02-09,2025-03-13,1.0512483574244416,2025-08-05,4.763469119579501,0.6030442400350415,1.0000000000000002,1.0,0.6,0.8607610600087605,False,False,1,0.0588664238830654,4,HIGH,window_12m,0.36869016102069596
25-15910,26-6827,NAME_FALLBACK,NAME:le mans metropole,2025-02-12,2026-01-20,11.235216819973719,2026-02-23,1.1169513797634691,0.9069207183530442,0.11416511838025342,0.4,0.6,0.4466879710213498,False,False,1,0.015465323068972525,4,POTENTIAL,window_12m,0.36869016102069596
25-17738,25-98294,RAW_SIRET,SIRET:24440040400129,2025-02-16,2025-09-05,6.603153745072273,2025-07-16,1.6754270696452036,0.8603810775295664,0.03665076998099111,0.4,1.0,0.4479230388757385,False,False,1,0.06454082600389544,22,MEDIUM,window_12m,0.36869016102069596
25-20498,26-11967,NAME_FALLBACK,NAME:conseil departemental de la mayenne,2025-02-21,2026-02-04,11.432325886990801,2025-08-21,5.486202365308804,0.5428164695575997,0.5065677244062196,0.1,0.6,0.40300282093157674,True,False,1,0.12093523277822299,16,MEDIUM,window_12m,0.36869016102069596
25-20873,25-98294,RAW_SIRET,SIRET:24440040400129,2025-02-23,2025-09-05,6.3731931668856765,2025-07-23,1.445466491458607,0.879544459045116,0.14244827114454342,0.0,1.0,0.36974300966186924,False,False,1,0.008368133941488387,21,POTENTIAL,window_12m,0.36869016102069596
25-2262,25-41441,NAME_FALLBACK,NAME:ville de saint nazaire,2025-01-10,2025-04-13,3.055190538764783,2025-08-18,4.1721419185282524,0.6523215067893122,0.36192834425705045,1.0,0.6,0.6497552971872957,False,False,1,0.24291736867075842,13,HIGH,window_12m,0.36869016102069596
25-25051,25-30282,RAW_SIRET,SIRET:23440003400026,2025-03-06,2025-03-19,0.42706964520367935,2026-01-02,9.494086727989487,0.20882610600087614,1.0000000000000009,1.0,1.0,0.8022065265002194,False,False,1,0.45907775105667675,16,HIGH,window_12m,0.36869016102069596
25-26250,25-130935,RAW_SIRET,SIRET:17440005100010,2025-03-09,2025-11-28,8.672798948751643,2026-01-01,1.1169513797634691,0.9069207183530442,0.006142930262617992,0.2,1.0,0.3888802051801773,False,False,1,0.011470491219854884,9,POTENTIAL,window_12m,0.36869016102069596
25-26359,25-131747,NAME_FALLBACK,NAME:conseil departemental de la mayenne,2025-03-09,2025-11-30,8.73850197109067,2025-11-02,0.9198423127463863,0.9233464739378011,0.24553122331616348,1.0,0.6,0.6767725466451076,False,False,1,0.2885047441065516,15,HIGH,window_12m,0.36869016102069596
25-27783,26-16442,NAME_FALLBACK,NAME:societe publique regionale abbaye de fontevraud,2025-03-13,2026-02-18,11.235216819973719,2025-08-05,6.471747700394218,0.4606876916338152,0.933493466334975,1.0,0.6,0.8018946361256951,False,False,1,0.023269820411738973,3,POTENTIAL,window_12m,0.36869016102069596
25-28394,26-3380,NAME_FALLBACK,NAME:conseil departemental loire atlantique,2025-03-14,2026-01-14,10.052562417871222,2025-11-18,1.8725361366622864,0.8439553219448095,0.28321025369026953,1.0,0.6,0.6701124192777967,False,False,1,0.10885531214966448,11,HIGH,window_12m,0.36869016102069596
25-33463,25-130935,RAW_SIRET,SIRET:17440005100010,2025-03-26,2025-11-28,8.114323258869907,2025-09-26,2.0696452036793693,0.8275295663600526,0.2868819059396925,0.2,1.0,0.4672910586689055,False,False,1,0.06685343569330138,7,MEDIUM,window_12m,0.36869016102069596
25-35036,25-87479,NAME_FALLBACK,NAME:audencia eesc,2025-03-28,2025-08-01,4.139290407358739,2026-03-28,7.851511169513797,0.3457074025405169,0.18342328520483375,1.0,0.6,0.510625000456821,False,False,1,0.09249426957688406,3,HIGH,window_12m,0.36869016102069596
25-36671,25-53540,RAW_SIRET,SIRET:25440253000011,2025-04-03,2025-05-14,1.3469119579500657,2025-05-03,0.36136662286465177,0.9698861147612791,0.03433473634031064,0.2,1.0,0.4144886864094285,False,False,1,0.16683454089883762,2,MEDIUM,window_12m,0.36869016102069596
25-38470,25-117061,RAW_SIRET,SIRET:17440005100010,2025-04-06,2025-10-22,6.5374507227332455,2025-10-18,0.1314060446780552,0.9890494962768287,0.01349649875786118,0.4,1.0,0.47198614863445854,False,False,1,0.02165818048720991,6,POTENTIAL,window_12m,0.36869016102069596
25-40327,26-16633,NAME_FALLBACK,NAME:ville de saint nazaire,2025-04-10,2026-02-18,10.315374507227332,2025-12-12,2.2339027595269383,0.8138414367060884,0.07572048143201489,1.0,0.6,0.5899625276777274,False,False,1,0.2991586521945576,10,HIGH,window_12m,0.36869016102069596
25-41441,25-113300,NAME_FALLBACK,NAME:ville de saint nazaire,2025-04-13,2025-10-10,5.913272010512483,2025-11-30,1.6754270696452036,0.8603810775295664,0.0748204902480559,0.4,0.6,0.42128244096921114,False,False,1,0.0875897818647321,9,MEDIUM,window_12m,0.36869016102069596
25-44025,25-68958,NAME_FALLBACK,NAME:ville de carquefou,2025-04-17,2025-06-19,2.0696452036793693,2025-08-17,1.938239159001314,0.8384800700832238,0.34707948382479015,1.0,0.6,0.6910978368594825,False,False,1,0.6910978368594825,1,HIGH,window_12m,0.36869016102069596
25-45972,25-57091,RAW_SIRET,SIRET:23440003400026,2025-04-24,2025-05-22,0.9198423127463863,2025-08-24,3.088042049934297,0.7426631625054753,1.0,1.0,1.0,0.9356657906263687,False,False,1,0.5377112604233103,14,HIGH,window_12m,0.36869016102069596
25-4760,25-55756,NAME_FALLBACK,NAME:departement de maine-et-loire,2025-01-15,2025-05-19,4.073587385019711,2025-07-15,1.8725361366622864,0.8439553219448095,0.3648007270937062,0.0,0.6,0.3986690849689995,False,True,1,0.048442785500632524,4,POTENTIAL,window_12m,0.36869016102069596
25-48468,25-49952,RAW_SIRET,SIRET:24440043800127,2025-04-30,2025-05-04,0.1314060446780552,2025-10-30,5.88042049934297,0.5099649583880859,1.0,1.0,1.0,0.8774912395970214,False,False,1,0.63173683163191,2,HIGH,window_12m,0.36869016102069596
25-48827,25-51236,RAW_SIRET,SIRET:24440040400129,2025-05-01,2025-05-07,0.19710906701708278,2025-10-01,4.829172141918528,0.597568988173456,1.0000000000000002,1.0,1.0,0.8993922470433641,False,False,1,0.0034220324134910385,20,POTENTIAL,window_12m,0.36869016102069596
25-49867,25-51236,RAW_SIRET,SIRET:24440040400129,2025-05-02,2025-05-07,0.164257555847569,2025-10-02,4.862023653088042,0.5948313622426631,1.0000000000000002,1.0,1.0,0.8987078405606658,False,False,1,0.3509389801679713,19,HIGH,window_12m,0.36869016102069596
25-50085,26-5966,NAME_FALLBACK,NAME:conseil departemental loire atlantique,2025-05-04,2026-01-20,8.5742444152431,2026-02-05,0.5256241787122208,0.9561979851073149,0.40285491276088586,0.2,0.6,0.5000487157431388,False,False,1,0.018478975032851508,10,POTENTIAL,window_12m,0.36869016102069596
25-50360,25-51896,NAME_FALLBACK,NAME:region pays de la loire,2025-05-05,2025-05-07,0.0657030223390276,2026-05-05,11.925098554533507,0.006241787122207687,0.3310115643213546,1.0,0.6,0.477414494293026,False,False,1,0.477414494293026,1,MEDIUM,window_12m,0.36869016102069596
25-51236,25-86184,RAW_SIRET,SIRET:24440040400129,2025-05-07,2025-07-29,2.726675427069645,2025-10-07,2.299605781865966,0.8083661848445028,0.34930080505165084,0.4,1.0,0.5443468279792035,False,False,1,0.10976110125866712,18,HIGH,window_12m,0.36869016102069596
25-51370,26-9688,RAW_SIRET,SIRET:24440040400129,2025-05-08,2026-01-29,8.73850197109067,2025-10-08,3.712220762155059,0.6906482698204117,0.1300237485768086,0.6,1.0,0.49817037945698595,False,False,1,0.07999939617030816,16,MEDIUM,window_12m,0.36869016102069596
25-51463,25-86184,RAW_SIRET,SIRET:24440040400129,2025-05-08,2025-07-29,2.6938239159001314,2025-10-08,2.3324572930354797,0.80562855891371,0.017317750709064803,0.6,1.0,0.48746835247660014,False,False,1,0.04388757915813679,16,POTENTIAL,window_12m,0.36869016102069596
25-52714,25-121114,RAW_SIRET,SIRET:23440003400026,2025-05-11,2025-10-31,5.683311432325887,2025-09-11,1.6425755584756898,0.8631187034603591,0.025252956027672437,0.8,1.0,0.5646182104747751,False,False,1,0.01711016206745508,13,POTENTIAL,window_12m,0.36869016102069596
25-5328,25-49175,RAW_SIRET,SIRET:23350001600040,2025-01-17,2025-05-02,3.4494086727989486,2025-05-17,0.49277266754270693,0.9589356110381078,0.3114943906943059,0.0,1.0,0.44875693950253404,False,False,1,0.16899815577997368,2,MEDIUM,window_12m,0.36869016102069596
25-53540,26-1571,RAW_SIRET,SIRET:25440253000011,2025-05-14,2026-01-09,7.884362680683311,2025-11-14,1.8396846254927726,0.8466929478756022,0.12536773195781994,0.4,1.0,0.4755519431541375,False,False,1,0.27519658174711203,2,MEDIUM,window_12m,0.36869016102069596
25-54937,26-15866,NAME_FALLBACK,NAME:conseil departemental de la mayenne,2025-05-17,2026-02-15,9.00131406044678,2026-02-28,0.42706964520367935,0.9644108628996934,0.16953403555176733,1.0,0.6,0.6604396281680418,False,False,1,0.005475251861585484,13,POTENTIAL,window_12m,0.36869016102069596
25-57091,25-118828,RAW_SIRET,SIRET:23440003400026,2025-05-22,2025-10-25,5.124835742444152,2025-09-22,1.0840998685939554,0.9096583442838371,0.0,0.2,1.0,0.38741458607095924,False,True,1,0.004106438896189224,12,POTENTIAL,window_12m,0.36869016102069596
25-6053,26-8489,NAME_FALLBACK,NAME:territoire d energie loire-atlantique,2025-01-19,2026-01-24,12.155059132720105,2025-11-18,2.2010512483574245,0.8165790626368813,0.011443053169482135,0.6,0.6,0.44814983426853905,False,False,1,0.024751479077068705,4,POTENTIAL,window_12m,0.36869016102069596
25-61834,26-23621,NAME_FALLBACK,NAME:ville du mans,2025-06-04,2026-03-08,9.099868593955321,2026-03-01,0.22996057818659657,0.9808366184844503,0.24054642069225424,0.0,0.6,0.3894004018634015,False,False,1,0.045050348441649846,4,POTENTIAL,window_12m,0.36869016102069596
25-63108,26-45351,NAME_FALLBACK,NAME:conseil departemental loire atlantique,2025-06-06,2026-05-07,11.005256241787121,2026-04-07,0.9855453350854139,0.9178712220762155,0.29845271476759644,0.0,0.6,0.3939262556877126,False,False,1,0.023670801670085617,8,POTENTIAL,window_12m,0.36869016102069596
25-6327,25-73652,RAW_SIRET,SIRET:24440055200026,2025-01-19,2025-07-02,5.387647831800263,2025-12-02,5.026281208935611,0.5811432325886992,0.9963730778051578,1.0,1.0,0.8940163853789801,False,True,1,0.8940163853789801,1,HIGH,window_12m,0.36869016102069596
25-65181,26-13734,RAW_SIRET,SIRET:13001954000025,2025-06-12,2026-02-10,7.982917214191852,2026-05-27,3.4822601839684624,0.7098116513359615,0.07076422171119513,0.8,1.0,0.5422203904329086,False,False,1,0.5422203904329086,1,HIGH,window_12m,0.36869016102069596
25-69413,26-66699,NAME_FALLBACK,NAME:lycee des metiers chevrollier-greta,2025-06-19,2026-07-06,12.54927726675427,2025-12-19,6.5374507227332455,0.4552124397722296,0.8582052458585838,0.1,0.6,0.5041749459935618,True,False,1,0.5041749459935618,1,HIGH,window_12m,0.36869016102069596
25-69675,26-8489,NAME_FALLBACK,NAME:territoire d energie loire-atlantique,2025-06-20,2026-01-24,7.1616294349540075,2026-12-01,10.21681997371879,0.14859833552343416,0.05939700749337402,1.0,0.6,0.41793853650353946,False,False,1,0.41793853650353946,1,MEDIUM,window_12m,0.36869016102069596
25-70695,26-31691,RAW_SIRET,SIRET:24490001500011,2025-06-25,2026-03-28,9.067017082785808,2025-11-25,4.040735873850197,0.6632720105124836,0.004139012846504436,0.4,1.0,0.38726665712439745,False,False,1,0.011931034181529188,5,POTENTIAL,window_12m,0.36869016102069596
25-71246,26-2995,RAW_SIRET,SIRET:17440005100010,2025-06-26,2026-01-11,6.5374507227332455,2026-02-23,1.4126149802890933,0.8822820849759089,0.026904327135087974,0.2,1.0,0.38998703574125804,False,False,1,0.08016752121972293,3,MEDIUM,window_12m,0.36869016102069596
25-73811,25-91547,NAME_FALLBACK,NAME:departement de la sarthe,2025-07-02,2025-08-13,1.3797634691195795,2026-05-10,8.869908015768726,0.2608409986859396,0.9999999999999999,1.0,0.6,0.7752102496714848,False,False,1,0.4228694682802739,4,HIGH,window_12m,0.36869016102069596
25-74485,25-78511,RAW_SIRET,SIRET:21490328800014,2025-07-03,2025-07-11,0.2628120893561104,2025-11-03,3.7779237844940865,0.6851730179588261,0.35511611446358676,1.0,1.0,0.6955838945519619,False,False,1,0.6955838945519619,1,HIGH,window_12m,0.36869016102069596
25-74706,25-134888,RAW_SIRET,SIRET:24440040400129,2025-07-03,2025-12-09,5.223390275952694,2025-12-03,0.19710906701708278,0.9835742444152431,0.019286509255155387,0.4,1.0,0.47264383934311516,False,False,1,0.06016844859986703,15,MEDIUM,window_12m,0.36869016102069596
25-76566,25-113007,RAW_SIRET,SIRET:19753472000010,2025-07-08,2025-10-12,3.1537450722733245,2025-11-08,0.8869908015768725,0.926084099868594,0.12170627448502934,1.0,1.0,0.6741182210369087,False,False,1,0.012272261431787834,5,POTENTIAL,window_12m,0.36869016102069596
25-78625,26-10534,NAME_FALLBACK,NAME:departement de la vendee,2025-07-11,2026-02-01,6.734559789750328,2026-03-14,1.3469119579500657,0.8877573368374945,0.11693239469998046,0.2,0.6,0.3828656723543668,False,False,1,0.012044527885387124,6,POTENTIAL,window_12m,0.36869016102069596
25-78668,25-130089,RAW_SIRET,SIRET:13002591900015,2025-07-11,2025-11-26,4.533508541392904,2026-01-11,1.5111695137976346,0.8740692071835304,0.12328164886632995,1.0,1.0,0.661665878899098,False,False,1,0.14501137325054836,2,HIGH,window_12m,0.36869016102069596
25-7967,25-97524,NAME_FALLBACK,NAME:semitan,2025-01-22,2025-09-02,7.3258869908015765,2025-07-22,1.3797634691195795,0.8850197109067017,0.006740797158128447,0.6,0.6,0.4636142067320204,False,False,1,0.24806230134437257,3,MEDIUM,window_12m,0.36869016102069596
25-83123,25-108260,NAME_FALLBACK,NAME:communaute de communes sud vendee littoral,2025-07-21,2025-09-30,2.3324572930354797,2025-08-21,1.314060446780552,0.8904949627682873,0.6833920452772277,1.0,0.6,0.8218109565391014,False,False,1,0.5277479777119555,2,HIGH,window_12m,0.36869016102069596
25-86184,25-134888,RAW_SIRET,SIRET:24440040400129,2025-07-29,2025-12-09,4.369250985545335,2025-12-29,0.657030223390276,0.9452474813841437,0.019717435397563432,0.4,1.0,0.46321297273518314,False,False,1,0.03748003144944967,14,POTENTIAL,window_12m,0.36869016102069596
25-86195,26-15878,NAME_FALLBACK,NAME:departement de la vendee,2025-07-29,2026-02-15,6.603153745072273,2026-10-03,7.555847568988173,0.37034603591765225,0.7658701145638667,1.0,0.6,0.7206410490767665,False,False,1,0.3792601834649247,5,HIGH,window_12m,0.36869016102069596
25-88454,26-45220,RAW_SIRET,SIRET:23440003400026,2025-08-03,2026-05-06,9.067017082785808,2026-02-03,3.0223390275952693,0.7481384143670609,0.17758480047851158,0.2,1.0,0.40918928375924424,False,False,1,0.03793392719187305,9,POTENTIAL,window_12m,0.36869016102069596
25-98294,26-26807,RAW_SIRET,SIRET:24440040400129,2025-09-05,2026-03-15,6.274638633377135,2026-02-05,1.2483574244415243,0.8959702146298729,0.21564989920751138,0.0,1.0,0.3994700183800972,False,False,1,0.018503275419350373,13,POTENTIAL,window_12m,0.36869016102069596
26-15866,26-42512,NAME_FALLBACK,NAME:conseil departemental de la mayenne,2026-02-15,2026-04-29,2.3981603153745072,2026-06-15,1.5440210249671484,0.8713315812527376,0.9999999999999999,1.0,0.6,0.9278328953131842,False,False,1,0.02669185282522979,8,POTENTIAL,window_12m,0.36869016102069596
26-15878,26-35891,NAME_FALLBACK,NAME:departement de la vendee,2026-02-15,2026-04-10,1.773981603153745,2026-06-15,2.1681997371879107,0.8193166885676741,0.07070200845118141,0.4,0.6,0.40957487509983204,False,False,1,0.11826910978623201,3,MEDIUM,window_12m,0.36869016102069596
26-16442,26-29615,NAME_FALLBACK,NAME:societe publique regionale abbaye de fontevraud,2026-02-18,2026-03-24,1.1169513797634691,2026-04-18,0.8212877792378449,0.9315593517301796,1.0000000000000002,1.0,0.6,0.942889837932545,False,False,1,0.942889837932545,1,HIGH,window_12m,0.36869016102069596
26-20134,26-26706,NAME_FALLBACK,NAME:conservatoire national des arts et metiers,2026-02-27,2026-03-15,0.5256241787122208,2026-06-27,3.416557161629435,0.7152869031975471,0.9999999999999996,1.0,0.6,0.8888217257993867,False,False,1,0.8888217257993867,1,HIGH,window_12m,0.36869016102069596
26-20284,26-56462,RAW_SIRET,SIRET:24440040400129,2026-02-28,2026-06-10,3.350854139290407,2026-08-28,2.59526938239159,0.7837275514673675,0.4057837495219361,0.0,1.0,0.43795620019951953,False,False,1,0.038590896469824276,5,POTENTIAL,window_12m,0.36869016102069596
26-28296,26-45220,RAW_SIRET,SIRET:23440003400026,2026-03-19,2026-05-06,1.5768725361366622,2026-07-19,2.431011826544021,0.7974156811213315,0.2170873106031992,0.0,1.0,0.37533447899145256,False,False,1,0.024330224902723407,3,POTENTIAL,window_12m,0.36869016102069596
26-28872,26-42512,NAME_FALLBACK,NAME:conseil departemental de la mayenne,2026-03-21,2026-04-29,1.281208935611038,2026-07-21,2.726675427069645,0.7727770477441962,0.9999999999999999,1.0,0.6,0.9031942619360489,False,False,1,0.3047848964793014,7,HIGH,window_12m,0.36869016102069596
26-30515,26-46704,NAME_FALLBACK,NAME:syndicat mixte e-collectivites,2026-03-24,2026-05-07,1.445466491458607,2026-07-24,2.562417871222076,0.7864651773981604,0.11193600387556049,1.0,0.6,0.5957938957059863,False,True,1,0.5957938957059863,1,HIGH,window_12m,0.36869016102069596
26-32976,26-62132,RAW_SIRET,SIRET:11001001400014,2026-04-01,2026-06-25,2.7923784494086727,2026-10-01,3.219448094612352,0.731712658782304,0.9979210513331115,1.0,1.0,0.9322005326621651,False,False,1,0.9322005326621651,1,HIGH,window_12m,0.36869016102069596
26-3380,26-17888,NAME_FALLBACK,NAME:conseil departemental loire atlantique,2026-01-14,2026-02-21,1.2483574244415243,2026-10-14,7.720105124835742,0.3566579062636882,0.2939924952272745,0.6,0.6,0.4320618498954681,False,False,1,0.05862095182020105,4,MEDIUM,window_12m,0.36869016102069596
26-33969,26-40548,RAW_SIRET,SIRET:21440109300015,2026-04-03,2026-04-23,0.657030223390276,2026-09-03,4.369250985545335,0.6358957512045553,1.0000000000000004,1.0,1.0,0.9089739378011389,False,False,1,0.9089739378011389,1,HIGH,window_12m,0.36869016102069596
26-35207,26-45351,NAME_FALLBACK,NAME:conseil departemental loire atlantique,2026-04-09,2026-05-07,0.9198423127463863,2026-08-09,3.088042049934297,0.7426631625054753,0.30784265247130416,0.2,0.6,0.41341071899132525,False,False,1,0.41341071899132525,1,MEDIUM,window_12m,0.36869016102069596
26-39035,26-68796,RAW_SIRET,SIRET:23440003400026,2026-04-18,2026-07-11,2.759526938239159,2026-08-18,1.2483574244415243,0.8959702146298729,0.6347913066319002,0.2,1.0,0.6061695109786333,False,True,1,0.3142139069610269,2,HIGH,window_12m,0.36869016102069596
26-41056,26-59246,NAME_FALLBACK,NAME:mairie de st herblain,2026-04-22,2026-06-16,1.8068331143232588,2026-10-22,4.204993429697766,0.6495838808585195,0.23347182489618168,0.4,0.6,0.42411110892829346,False,False,1,0.42411110892829346,1,MEDIUM,window_12m,0.36869016102069596
26-42512,26-44140,NAME_FALLBACK,NAME:conseil departemental de la mayenne,2026-04-29,2026-05-02,0.09855453350854139,2026-07-29,2.890932982917214,0.7590889180902322,0.12331966877886816,1.0,0.6,0.5929341135951618,False,False,1,0.1347794792270055,6,HIGH,window_12m,0.36869016102069596
26-44140,26-52332,NAME_FALLBACK,NAME:conseil departemental de la mayenne,2026-05-02,2026-05-29,0.8869908015768725,2026-08-02,2.135348226018397,0.8220543144984669,0.014163262277182103,0.6,0.6,0.45047072042163044,False,False,1,0.0068440648269820215,5,POTENTIAL,window_12m,0.36869016102069596
26-48762,26-52332,NAME_FALLBACK,NAME:conseil departemental de la mayenne,2026-05-19,2026-05-29,0.328515111695138,2026-09-19,3.712220762155059,0.6906482698204117,0.9999999999999999,1.0,0.6,0.8826620674551029,False,False,1,0.5034257512965986,3,HIGH,window_12m,0.36869016102069596
26-52332,26-66290,NAME_FALLBACK,NAME:conseil departemental de la mayenne,2026-05-29,2026-07-03,1.149802890932983,2026-09-29,2.890932982917214,0.7590889180902322,0.007485776597040555,0.4,0.6,0.37239225133152226,False,False,1,0.10690567845917309,2,MEDIUM,window_12m,0.36869016102069596
26-56462,26-61592,RAW_SIRET,SIRET:24440040400129,2026-06-10,2026-06-24,0.45992115637319314,2026-11-10,4.566360052562418,0.6194699956197984,0.10909173728180019,0.8,1.0,0.5330496069535797,False,False,1,0.23036928099331322,2,HIGH,window_12m,0.36869016102069596
26-7971,26-11970,NAME_FALLBACK,NAME:universite d angers,2026-01-24,2026-02-05,0.39421813403416556,2026-07-24,5.551905387647832,0.537341217696014,1.0,1.0,0.6,0.8443353044240034,False,False,1,0.5591500148634219,2,HIGH,window_12m,0.36869016102069596
26-9688,26-56462,RAW_SIRET,SIRET:24440040400129,2026-01-29,2026-06-10,4.336399474375821,2026-06-29,0.6241787122207622,0.9479851073149365,0.33883735281490585,0.2,1.0,0.5155893503139511,False,False,1,0.08761144694763812,6,HIGH,window_12m,0.36869016102069596
