notice_id,buyer_key,buyer_key_type,publication_date,start_date,estimated_end_date,study_end_date,cpv_division,cpv_category,category_label,is_digital_scope,declared_duration_months,dur_was_imputed,event,time_to_event_or_censor_months,linked_candidate_notice_id,composite_score,confidence_tier,variant
15-46309,SIRET:22720002900014,RAW_SIRET,2015-03-26,2015-07-29,2015-11-29,2026-07-13,32,32584,DIGITAL_ICT,True,4.0,True,1,8.705650459921156,15-187883,0.4698236291286419,MEDIUM,broad
15-39486,NAME:altantic eau,NAME_FALLBACK,2015-03-16,2015-03-16,2015-09-16,2026-07-13,,,DIGITAL_ICT,True,6.0,True,0,135.90670170827858,,,,broad
15-30947,NAME:smictom de la vallee de l authion,NAME_FALLBACK,2015-03-02,2015-03-02,2015-09-02,2026-07-13,48,48000,DIGITAL_ICT,True,6.0,True,0,136.3666228646518,,,,broad
15-31909,NAME:etat - medad - c e t e de l ouest,NAME_FALLBACK,2015-03-03,2015-03-03,2015-09-03,2026-07-13,,,DIGITAL_ICT,True,6.0,True,0,136.33377135348226,,,,broad
15-31464,NAME:sdis de la mayenne,NAME_FALLBACK,2015-03-02,2015-07-10,2015-12-10,2026-07-13,35,35311,DIGITAL_ICT,True,5.0,True,1,6.208935611038108,15-136371,0.3582433682746015,POTENTIAL,broad
15-31641,NAME:ircantec,NAME_FALLBACK,2015-03-04,2015-03-04,2015-09-04,2026-07-13,72,72413,DIGITAL_ICT,True,6.0,True,0,136.30091984231274,,,,broad
15-31797,NAME:acoss,NAME_FALLBACK,2015-03-04,2015-03-04,2015-09-04,2026-07-13,72,72500,DIGITAL_ICT,True,6.0,True,0,136.30091984231274,,,,broad
15-47450,NAME:prefecture de la loire-atlantique,NAME_FALLBACK,2015-03-27,2015-03-27,2016-03-27,2026-07-13,45,45314,DIGITAL_ICT,True,12.0,True,0,135.54533508541394,,,,broad
15-39187,NAME:caisse des depots,NAME_FALLBACK,2015-03-16,2015-03-16,2015-09-16,2026-07-13,,,DIGITAL_ICT,True,6.0,True,1,0.9526938239159,15-56571,0.4272689260080278,MEDIUM,broad
15-42765,NAME:cg49,NAME_FALLBACK,2015-03-20,2015-03-20,2015-09-20,2026-07-13,,,DIGITAL_ICT,True,6.0,True,1,7.490144546649145,15-167650,0.4024101827284119,MEDIUM,broad
15-42843,NAME:cte de cnes de l ile de noirmoutier,NAME_FALLBACK,2015-03-24,2015-03-24,2015-09-24,2026-07-13,72,72000,DIGITAL_ICT,True,6.0,True,0,135.64388961892246,,,,broad
15-45661,NAME:ville du chateau d olonne,NAME_FALLBACK,2015-03-26,2015-03-26,2015-09-26,2026-07-13,,,DIGITAL_ICT,True,6.0,True,0,135.57818659658344,,,,broad
15-47591,NAME:ville d angers,NAME_FALLBACK,2015-03-27,2015-03-27,2015-07-27,2026-07-13,32,32412,DIGITAL_ICT,True,4.0,True,1,4.007884362680684,15-115991,0.3228706794535785,MEDIUM,broad
15-48624,NAME:rectorat de l academie de nantes,NAME_FALLBACK,2015-03-31,2015-03-31,2016-03-31,2026-07-13,45,45311,DIGITAL_ICT,True,12.0,True,1,12.187910643889618,16-49315,0.3611643339766729,MEDIUM,broad
15-43293,NAME:msa loire-atlantique - vendee,NAME_FALLBACK,2015-03-20,2015-03-20,2015-09-20,2026-07-13,,,DIGITAL_ICT,True,6.0,True,0,135.77529566360053,,,,broad
15-33752,NAME:conseil regional des pays de la loire,NAME_FALLBACK,2015-03-06,2015-10-08,2016-04-08,2026-07-13,72,72310,DIGITAL_ICT,True,6.0,True,1,13.863337713534822,16-61484,0.3833383195501142,POTENTIAL,broad
15-45169,NAME:vendee eau,NAME_FALLBACK,2015-03-27,2015-07-02,2016-01-02,2026-07-13,72,72315,DIGITAL_ICT,True,6.0,True,1,7.063074901445466,15-159973,0.3650598018619223,POTENTIAL,broad
15-32051,NAME:caisse des depots,NAME_FALLBACK,2015-03-04,2015-03-04,2015-09-04,2026-07-13,,,DIGITAL_ICT,True,6.0,True,1,1.3469119579500657,15-56571,0.4516218380849968,POTENTIAL,broad
15-35224,NAME:centre hospitalier de laval,NAME_FALLBACK,2015-03-09,2015-03-09,2015-07-09,2026-07-13,30,30236,DIGITAL_ICT,True,4.0,True,0,136.13666228646517,,,,broad
15-37182,NAME:mindef dga dt scat,NAME_FALLBACK,2015-03-11,2015-03-11,2015-08-11,2026-07-13,35,35125,DIGITAL_ICT,True,5.0,True,0,136.07095926412615,,,,broad
15-45496,NAME:commune de saint-barthelemy-d anjou,NAME_FALLBACK,2015-03-26,2015-03-26,2015-08-26,2026-07-13,35,35111,DIGITAL_ICT,True,5.0,True,0,135.57818659658344,,,,broad
15-42247,NAME:communaute de communes derval,NAME_FALLBACK,2015-03-19,2015-03-19,2015-09-19,2026-07-13,,,DIGITAL_ICT,True,6.0,True,0,135.80814717477003,,,,broad
15-44894,NAME:prefecture,NAME_FALLBACK,2015-03-24,2015-03-24,2015-09-24,2026-07-13,,,DIGITAL_ICT,True,6.0,True,1,4.664914586070959,15-126736,0.4293663480418526,MEDIUM,broad
15-33241,NAME:chu de nantes,NAME_FALLBACK,2015-03-05,2015-09-17,2016-01-17,2026-07-13,32,32510,DIGITAL_ICT,True,4.0,True,1,10.4796320630749,16-7640,0.3238004721405483,MEDIUM,broad
15-43149,NAME:sdis 85,NAME_FALLBACK,2015-03-20,2015-07-20,2015-11-20,2026-07-13,32,32522,DIGITAL_ICT,True,4.0,True,0,135.77529566360053,,,,broad
15-47696,SIRET:12000601000058,RAW_SIRET,2015-03-30,2015-03-30,2015-09-30,2026-07-13,72,72500,DIGITAL_ICT,True,6.0,True,1,0.2956636005256242,15-52664,0.7066228536529195,HIGH,broad
15-40940,NAME:carene,NAME_FALLBACK,2015-03-17,2015-03-17,2015-09-17,2026-07-13,,,DIGITAL_ICT,True,6.0,True,0,135.87385019710908,,,,broad
15-32168,SIRET:23440003400026,RAW_SIRET,2015-03-03,2015-09-03,2016-03-03,2026-07-13,72,72700,DIGITAL_ICT,True,6.0,True,1,11.33377135348226,16-20762,0.3715487184222081,MEDIUM,broad
15-34520,NAME:chu d angers,NAME_FALLBACK,2015-03-06,2015-03-06,2015-07-06,2026-07-13,32,32360,DIGITAL_ICT,True,4.0,True,1,4.763469119579501,15-117072,0.3504761237733987,MEDIUM,broad
15-39992,NAME:mairie de la montagne,NAME_FALLBACK,2015-03-16,2015-03-16,2015-09-16,2026-07-13,,,DIGITAL_ICT,True,6.0,True,0,135.90670170827858,,,,broad
15-56918,NAME:vallet,NAME_FALLBACK,2015-04-15,2015-04-15,2015-08-15,2026-07-13,32,32342,DIGITAL_ICT,True,4.0,True,0,134.92115637319316,,,,broad
15-59370,NAME:chu de nantes,NAME_FALLBACK,2015-04-20,2015-04-20,2015-10-20,2026-07-13,72,72261,DIGITAL_ICT,True,6.0,True,1,1.8725361366622864,15-92216,0.4609855660643657,POTENTIAL,broad
15-59770,NAME:cap atlantique,NAME_FALLBACK,2015-04-20,2015-04-20,2015-10-20,2026-07-13,48,48000,DIGITAL_ICT,True,6.0,True,1,0.1314060446780552,15-63856,0.7111766242127451,HIGH,broad
15-60447,NAME:sdis 44,NAME_FALLBACK,2015-04-20,2015-04-20,2015-10-20,2026-07-13,33,33190,DIGITAL_ICT,True,6.0,True,1,3.7779237844940874,15-126308,0.777146756498597,HIGH,broad
15-63856,NAME:cap atlantique,NAME_FALLBACK,2015-04-24,2015-04-24,2015-10-24,2026-07-13,48,48000,DIGITAL_ICT,True,6.0,True,0,134.62549277266754,,,,broad
15-50314,NAME:ministere des affaires etrangeres,NAME_FALLBACK,2015-04-02,2015-04-02,2015-10-02,2026-07-13,72,72500,DIGITAL_ICT,True,6.0,True,0,135.34822601839684,,,,broad
15-56649,SIRET:23440003400026,RAW_SIRET,2015-04-14,2015-09-30,2016-03-30,2026-07-13,72,72500,DIGITAL_ICT,True,6.0,True,1,9.95400788436268,16-20762,0.2928341110027601,MEDIUM,broad
15-58339,NAME:cnieg,NAME_FALLBACK,2015-04-17,2015-08-06,2016-02-06,2026-07-13,72,72400,DIGITAL_ICT,True,6.0,True,1,7.128777923784494,15-175690,0.5982373297281363,HIGH,broad
15-53947,NAME:commune de saint-herblain,NAME_FALLBACK,2015-04-10,2015-04-10,2015-10-10,2026-07-13,48,48220,DIGITAL_ICT,True,6.0,True,1,6.603153745072273,15-164088,0.3976568101063978,POTENTIAL,broad
15-56571,NAME:caisse des depots,NAME_FALLBACK,2015-04-14,2015-08-10,2016-02-10,2026-07-13,,,DIGITAL_ICT,True,6.0,True,0,134.95400788436268,,,,broad
15-54892,NAME:sdis 85,NAME_FALLBACK,2015-04-10,2015-07-20,2015-11-20,2026-07-13,32,32522,DIGITAL_ICT,True,4.0,True,0,135.08541392904073,,,,broad
15-65278,NAME:sna ouest,NAME_FALLBACK,2015-04-28,2015-04-28,2015-08-28,2026-07-13,34,34995,DIGITAL_ICT,True,4.0,True,0,134.4940867279895,,,,broad
15-58971,NAME:cci de maine et loire,NAME_FALLBACK,2015-04-17,2015-04-17,2015-10-17,2026-07-13,,,DIGITAL_ICT,True,6.0,True,0,134.85545335085413,,,,broad
15-62309,NAME:ville d allonnes,NAME_FALLBACK,2015-04-22,2015-06-18,2015-12-18,2026-07-13,,,DIGITAL_ICT,True,6.0,True,0,134.69119579500656,,,,broad
15-52664,SIRET:12000601000058,RAW_SIRET,2015-04-08,2015-04-08,2015-10-08,2026-07-13,72,72500,DIGITAL_ICT,True,6.0,True,0,135.15111695137978,,,,broad
15-55213,NAME:ville du croisic,NAME_FALLBACK,2015-04-13,2015-04-13,2015-08-13,2026-07-13,32,32424,DIGITAL_ICT,True,4.0,True,0,134.9868593955322,,,,broad
15-55830,NAME:universite de nantes,NAME_FALLBACK,2015-04-13,2015-04-13,2015-10-13,2026-07-13,48,48000,DIGITAL_ICT,True,6.0,True,1,9.034165571616294,16-5452,0.2990329402331207,POTENTIAL,broad
15-58989,NAME:ccir pays de la loire,NAME_FALLBACK,2015-04-17,2015-04-17,2015-10-17,2026-07-13,48,48900,DIGITAL_ICT,True,6.0,True,1,2.6609724047306176,15-105085,0.4829912419415887,MEDIUM,broad
15-64904,NAME:sdis 85,NAME_FALLBACK,2015-04-28,2015-10-22,2016-04-22,2026-07-13,48,48450,DIGITAL_ICT,True,6.0,True,0,134.4940867279895,,,,broad
15-54712,NAME:ville de donges,NAME_FALLBACK,2015-04-10,2015-04-10,2015-10-10,2026-07-13,,,DIGITAL_ICT,True,6.0,True,0,135.08541392904073,,,,broad
15-59425,NAME:conseil general de loire-atlantique,NAME_FALLBACK,2015-04-20,2015-11-16,2016-04-16,2026-07-13,35,35120,DIGITAL_ICT,True,5.0,True,1,11.957950065703022,16-55322,0.3489463193969681,POTENTIAL,broad
15-59556,NAME:conseil general de loire-atlantique,NAME_FALLBACK,2015-04-20,2015-08-31,2016-01-31,2026-07-13,35,35113,DIGITAL_ICT,True,5.0,True,1,9.461235216819974,16-15210,0.3183870440401231,POTENTIAL,broad
15-55407,NAME:nantes metropole,NAME_FALLBACK,2015-04-20,2015-12-14,2016-05-14,2026-07-13,79,79512,DIGITAL_ICT,True,5.0,True,1,12.02365308804205,16-57014,0.3930996601933959,MEDIUM,broad
15-48967,NAME:centre hospitalier de laval,NAME_FALLBACK,2015-04-01,2015-04-01,2015-08-01,2026-07-13,50,50312,DIGITAL_ICT,True,4.0,True,0,135.38107752956637,,,,broad
15-49442,NAME:ville de saumur,NAME_FALLBACK,2015-04-09,2015-04-09,2015-10-09,2026-07-13,,,DIGITAL_ICT,True,6.0,True,1,5.650459921156373,15-91934,0.3753786677900569,MEDIUM,broad
15-58224,NAME:ville d angers,NAME_FALLBACK,2015-04-16,2015-08-10,2016-01-10,2026-07-13,35,35125,DIGITAL_ICT,True,5.0,True,1,7.35873850197109,15-178562,0.3344591494910936,MEDIUM,broad
15-31076,NAME:ville de la roche-sur-yon,NAME_FALLBACK,2015-04-01,2015-04-01,2015-09-01,2026-07-13,35,35110,DIGITAL_ICT,True,5.0,True,0,135.38107752956637,,,,broad
15-64142,NAME:chu de nantes,NAME_FALLBACK,2015-04-24,2015-04-24,2015-10-24,2026-07-13,48,48900,DIGITAL_ICT,True,6.0,True,1,6.5374507227332455,15-169809,0.4966739813998722,POTENTIAL,broad
15-50278,NAME:cte de cnes ocean-marais de monts,NAME_FALLBACK,2015-04-02,2015-06-04,2015-12-04,2026-07-13,,,DIGITAL_ICT,True,6.0,True,0,135.34822601839684,,,,broad
15-50732,NAME:chu de nantes,NAME_FALLBACK,2015-04-02,2015-04-02,2015-10-02,2026-07-13,,,DIGITAL_ICT,True,6.0,True,1,7.260183968462549,15-169809,0.3120849481447403,POTENTIAL,broad
15-51571,NAME:residences saint alexandre,NAME_FALLBACK,2015-04-07,2015-04-07,2015-10-07,2026-07-13,48,48180,DIGITAL_ICT,True,6.0,True,0,135.18396846254927,,,,broad
15-55527,NAME:cdc du pays de saint gilles cx de vie,NAME_FALLBACK,2015-04-14,2015-04-14,2015-10-14,2026-07-13,48,48000,DIGITAL_ICT,True,6.0,True,0,134.95400788436268,,,,broad
15-56776,NAME:ville d angers,NAME_FALLBACK,2015-04-15,2015-04-15,2015-08-15,2026-07-13,32,32342,DIGITAL_ICT,True,4.0,True,1,3.383705650459921,15-115991,0.2977034158285749,MEDIUM,broad
15-55114,NAME:institution amenagement de la vilaine,NAME_FALLBACK,2015-04-10,2015-04-10,2015-10-10,2026-07-13,,,DIGITAL_ICT,True,6.0,True,0,135.08541392904073,,,,broad
15-51820,NAME:ch le mans,NAME_FALLBACK,2015-04-07,2015-04-07,2015-08-07,2026-07-13,30,30231,DIGITAL_ICT,True,4.0,True,0,135.18396846254927,,,,broad
15-55973,NAME:esid de rennes,NAME_FALLBACK,2015-04-13,2015-04-13,2016-04-13,2026-07-13,45,45000,DIGITAL_ICT,True,12.0,True,0,134.9868593955322,,,,broad
15-58213,NAME:ville d orvault,NAME_FALLBACK,2015-04-17,2015-04-17,2015-10-17,2026-07-13,,,DIGITAL_ICT,True,6.0,True,0,134.85545335085413,,,,broad
15-63415,NAME:sdis 44,NAME_FALLBACK,2015-04-24,2015-04-24,2015-10-24,2026-07-13,,,DIGITAL_ICT,True,6.0,True,1,3.6465177398160313,15-126308,0.3913895925017935,POTENTIAL,broad
15-50024,NAME:vendee eau,NAME_FALLBACK,2015-04-27,2015-06-30,2015-11-30,2026-07-13,35,35261,DIGITAL_ICT,True,5.0,True,1,6.044678055190539,15-159973,0.4245860326558655,MEDIUM,broad
15-65940,NAME:pole sante sarthe et loire,NAME_FALLBACK,2015-04-29,2015-04-29,2015-10-29,2026-07-13,72,72611,DIGITAL_ICT,True,6.0,True,0,134.46123521681997,,,,broad
15-65742,NAME:ville du mans,NAME_FALLBACK,2015-04-29,2015-07-20,2015-11-20,2026-07-13,32,32342,DIGITAL_ICT,True,4.0,True,0,134.46123521681997,,,,broad
15-76604,NAME:le mans metropole - communaute urbaine,NAME_FALLBACK,2015-05-20,2015-05-20,2015-09-20,2026-07-13,30,30232,DIGITAL_ICT,True,4.0,True,1,4.139290407358739,15-144617,0.3246326858276683,POTENTIAL,broad
15-76852,NAME:ville de reze,NAME_FALLBACK,2015-05-20,2015-05-20,2015-11-20,2026-07-13,48,48730,DIGITAL_ICT,True,6.0,True,1,5.946123521681997,15-173700,0.3913333844049117,MEDIUM,broad
15-81652,NAME:ecole des mines de nantes,NAME_FALLBACK,2015-05-29,2015-05-29,2015-11-29,2026-07-13,,,DIGITAL_ICT,True,6.0,True,1,7.720105124835742,16-7903,0.3792042069086639,POTENTIAL,broad
15-74702,NAME:cesame - ch de sainte gemmes sur loire,NAME_FALLBACK,2015-05-15,2015-05-15,2015-11-15,2026-07-13,,,DIGITAL_ICT,True,6.0,True,0,133.93561103810777,,,,broad
15-75102,NAME:sdis 85,NAME_FALLBACK,2015-05-18,2015-09-10,2016-01-10,2026-07-13,32,32400,DIGITAL_ICT,True,4.0,True,1,3.7779237844940874,15-139094,0.2896805339203493,MEDIUM,broad
15-78724,NAME:e-collectivites vendee,NAME_FALLBACK,2015-05-22,2015-05-22,2015-11-22,2026-07-13,72,72500,DIGITAL_ICT,True,6.0,True,0,133.70565045992115,,,,broad
15-78916,NAME:chu de nantes,NAME_FALLBACK,2015-05-22,2015-05-22,2015-11-22,2026-07-13,72,72267,DIGITAL_ICT,True,6.0,True,1,12.02365308804205,16-72442,0.3515216904802962,POTENTIAL,broad
15-68078,NAME:dir ouest,NAME_FALLBACK,2015-05-04,2015-05-04,2015-09-04,2026-07-13,32,32584,DIGITAL_ICT,True,4.0,True,0,134.2969776609724,,,,broad
15-74861,NAME:angers loire metropole,NAME_FALLBACK,2015-05-18,2015-05-18,2015-11-18,2026-07-13,48,48820,DIGITAL_ICT,True,6.0,True,1,6.044678055190539,15-174987,0.323292515941761,POTENTIAL,broad
15-79398,NAME:sdis 85,NAME_FALLBACK,2015-05-26,2015-08-05,2016-02-05,2026-07-13,,,DIGITAL_ICT,True,6.0,True,0,133.5742444152431,,,,broad
15-81231,NAME:saem vendee,NAME_FALLBACK,2015-05-29,2015-10-02,2016-04-02,2026-07-13,72,72000,DIGITAL_ICT,True,6.0,True,0,133.47568988173455,,,,broad
15-71764,NAME:conseil regional des pays de la loire,NAME_FALLBACK,2015-05-11,2015-09-28,2016-02-28,2026-07-13,92,92400,DIGITAL_ICT,True,5.0,True,1,9.789750328515112,16-32344,0.4091085902780168,MEDIUM,broad
15-72457,NAME:conseil regional des pays de la loire,NAME_FALLBACK,2015-05-12,2015-05-12,2015-11-12,2026-07-13,72,72500,DIGITAL_ICT,True,6.0,True,1,6.767411300919842,15-182813,0.3118995385851528,MEDIUM,broad
15-67480,NAME:syndicat departemental d energie,NAME_FALLBACK,2015-05-04,2015-05-04,2015-11-04,2026-07-13,48,48000,DIGITAL_ICT,True,6.0,True,0,134.2969776609724,,,,broad
15-75567,NAME:nantes metropole,NAME_FALLBACK,2015-05-19,2015-05-19,2015-11-19,2026-07-13,48,48000,DIGITAL_ICT,True,6.0,True,1,5.157687253613666,15-159244,0.6666185365260533,HIGH,broad
15-79099,SIRET:12000601000058,RAW_SIRET,2015-05-26,2015-05-26,2015-11-26,2026-07-13,72,72000,DIGITAL_ICT,True,6.0,True,1,6.504599211563732,15-185335,0.3466581339884194,MEDIUM,broad
15-70236,NAME:sdis 85,NAME_FALLBACK,2015-05-06,2015-08-05,2016-02-05,2026-07-13,72,72600,DIGITAL_ICT,True,6.0,True,0,134.23127463863338,,,,broad
15-71156,SIRET:19490970100303,RAW_SIRET,2015-05-07,2015-10-20,2016-04-20,2026-07-13,48,48730,DIGITAL_ICT,True,6.0,True,1,10.808147174770038,16-46830,0.3427423481488988,POTENTIAL,broad
15-74284,NAME:conseil general de loire-atlantique,NAME_FALLBACK,2015-05-15,2015-10-28,2016-04-28,2026-07-13,72,72600,DIGITAL_ICT,True,6.0,True,1,11.136662286465176,16-55322,0.3479379049113935,POTENTIAL,broad
15-81513,NAME:ville de bayeux,NAME_FALLBACK,2015-05-28,2015-05-28,2015-11-28,2026-07-13,,,DIGITAL_ICT,True,6.0,True,0,133.50854139290408,,,,broad
15-81386,NAME:gpm de nantes - st nazaire,NAME_FALLBACK,2015-05-28,2015-05-28,2015-11-28,2026-07-13,48,48443,DIGITAL_ICT,True,6.0,True,1,9.888304862023652,16-42170,0.7758788240595365,HIGH,broad
15-69497,NAME:angers loire metropole,NAME_FALLBACK,2015-05-06,2015-05-06,2015-11-06,2026-07-13,72,72250,DIGITAL_ICT,True,6.0,True,1,5.781865965834428,15-165050,0.366978633416627,POTENTIAL,broad
15-82510,NAME:cg49,NAME_FALLBACK,2015-06-01,2015-09-17,2016-01-17,2026-07-13,32,32354,DIGITAL_ICT,True,4.0,True,0,133.377135348226,,,,broad
15-89415,NAME:ch le mans,NAME_FALLBACK,2015-06-11,2015-06-11,2015-12-11,2026-07-13,48,48000,DIGITAL_ICT,True,6.0,True,0,133.0486202365309,,,,broad
15-90549,NAME:concarneau cornouaille agglomeration,NAME_FALLBACK,2015-06-15,2015-06-15,2015-12-15,2026-07-13,72,72420,DIGITAL_ICT,True,6.0,True,1,7.884362680683311,16-19705,0.3535569000593758,MEDIUM,broad
15-96870,NAME:angers loire metropole,NAME_FALLBACK,2015-06-25,2015-06-25,2015-12-25,2026-07-13,72,72500,DIGITAL_ICT,True,6.0,True,1,4.796320630749015,15-174987,0.5725178719297295,POTENTIAL,broad
15-85858,NAME:universite de nantes,NAME_FALLBACK,2015-06-05,2015-11-06,2016-05-06,2026-07-13,72,72224,DIGITAL_ICT,True,6.0,True,1,11.399474375821288,16-70203,0.6508562586799924,POTENTIAL,broad
15-86544,NAME:conseil general de loire-atlantique,NAME_FALLBACK,2015-06-05,2015-10-22,2016-02-22,2026-07-13,50,50312,DIGITAL_ICT,True,4.0,True,1,7.950065703022338,16-15813,0.4077148365345477,POTENTIAL,broad
15-98976,NAME:ministere des affaires etrangeres,NAME_FALLBACK,2015-06-29,2015-06-29,2015-12-29,2026-07-13,48,48000,DIGITAL_ICT,True,6.0,True,1,6.044678055190539,15-194034,0.6237483262491474,HIGH,broad
15-84438,NAME:sna ouest,NAME_FALLBACK,2015-06-03,2015-06-03,2015-12-03,2026-07-13,,,DIGITAL_ICT,True,6.0,True,0,133.31143232588698,,,,broad
15-84820,NAME:nantes metropole,NAME_FALLBACK,2015-06-04,2015-12-14,2016-05-14,2026-07-13,79,79512,DIGITAL_ICT,True,5.0,True,1,10.545335085413928,16-57014,0.3908418815821399,MEDIUM,broad
15-69493,NAME:ademe,NAME_FALLBACK,2015-06-10,2015-06-10,2015-12-10,2026-07-13,72,72316,DIGITAL_ICT,True,6.0,True,1,7.293035479632063,16-1046,0.3345203241807311,MEDIUM,broad
15-98483,NAME:spr pays de la loire,NAME_FALLBACK,2015-06-29,2016-03-04,2017-03-04,2026-07-13,45,45110,DIGITAL_ICT,True,12.0,True,0,132.45729303547964,,,,broad
15-92216,NAME:chu de nantes,NAME_FALLBACK,2015-06-16,2015-06-16,2015-12-16,2026-07-13,72,72261,DIGITAL_ICT,True,6.0,True,1,5.617608409986859,15-182957,0.3289456159841415,POTENTIAL,broad
15-96106,NAME:cnieg,NAME_FALLBACK,2015-06-24,2015-08-07,2016-02-07,2026-07-13,72,72224,DIGITAL_ICT,True,6.0,True,1,6.3731931668856765,16-577,0.4028473950725894,POTENTIAL,broad
15-85320,NAME:ministere des affaires etrangeres,NAME_FALLBACK,2015-06-04,2015-06-04,2015-12-04,2026-07-13,48,48000,DIGITAL_ICT,True,6.0,True,1,6.865965834428383,15-194034,0.6045737982748607,HIGH,broad
15-95582,NAME:sgami ouest,NAME_FALLBACK,2015-06-22,2015-10-12,2016-04-12,2026-07-13,,,DIGITAL_ICT,True,6.0,True,0,132.68725361366623,,,,broad
15-98729,NAME:spr pays de la loire,NAME_FALLBACK,2015-06-26,2015-06-26,2015-12-26,2026-07-13,,,DIGITAL_ICT,True,6.0,True,1,4.566360052562418,15-170834,0.4583174047462175,MEDIUM,broad
15-90148,NAME:concarneau cornouaille agglomeration,NAME_FALLBACK,2015-06-15,2015-06-15,2015-10-15,2026-07-13,30,30200,DIGITAL_ICT,True,4.0,True,0,132.91721419185282,,,,broad
15-97256,NAME:ville de nantes,NAME_FALLBACK,2015-06-25,2015-06-25,2015-12-25,2026-07-13,,,DIGITAL_ICT,True,6.0,True,1,5.913272010512483,15-190662,0.3434273062008646,POTENTIAL,broad
15-89263,NAME:vendee eau,NAME_FALLBACK,2015-06-12,2015-07-23,2016-01-23,2026-07-13,72,72322,DIGITAL_ICT,True,6.0,True,1,4.533508541392904,15-159973,0.4074958621634916,POTENTIAL,broad
15-92906,NAME:cnieg,NAME_FALLBACK,2015-06-17,2015-08-28,2016-02-28,2026-07-13,72,72261,DIGITAL_ICT,True,6.0,True,1,7.063074901445466,16-7712,0.3296028130154121,POTENTIAL,broad
15-96786,NAME:conseil general de la sarthe,NAME_FALLBACK,2015-06-24,2015-06-24,2015-12-24,2026-07-13,72,72267,DIGITAL_ICT,True,6.0,True,0,132.6215505913272,,,,broad
15-98106,NAME:mairie des sables d olonne,NAME_FALLBACK,2015-06-25,2015-06-25,2015-12-25,2026-07-13,,,DIGITAL_ICT,True,6.0,True,0,132.58869908015768,,,,broad
15-83632,NAME:chu de nantes,NAME_FALLBACK,2015-06-03,2015-06-03,2015-12-03,2026-07-13,72,72261,DIGITAL_ICT,True,6.0,True,1,0.4270696452036793,15-92216,0.7195002153457675,HIGH,broad
15-86218,NAME:chu de nantes,NAME_FALLBACK,2015-06-05,2015-06-05,2015-11-05,2026-07-13,35,35113,DIGITAL_ICT,True,5.0,True,1,0.5584756898817346,15-95253,0.7677064263415867,HIGH,broad
15-86193,NAME:ville de nantes,NAME_FALLBACK,2015-06-05,2015-06-05,2015-12-05,2026-07-13,,,DIGITAL_ICT,True,6.0,True,1,6.570302233902759,15-190662,0.3342115283681038,POTENTIAL,broad
15-89902,NAME:nantes metropole,NAME_FALLBACK,2015-06-11,2015-06-11,2015-12-11,2026-07-13,,,DIGITAL_ICT,True,6.0,True,1,6.438896189224704,15-192356,0.3779507772151955,POTENTIAL,broad
15-81783,NAME:cpam de la charente maritime,NAME_FALLBACK,2015-06-02,2015-06-02,2015-10-02,2026-07-13,30,30121,DIGITAL_ICT,True,4.0,True,0,133.3442838370565,,,,broad
15-84881,NAME:nantes metropole,NAME_FALLBACK,2015-06-04,2015-12-14,2016-06-14,2026-07-13,48,48213,DIGITAL_ICT,True,6.0,True,1,13.304862023653088,16-103833,0.4160555271747839,MEDIUM,broad
15-86342,NAME:conseil general de loire-atlantique,NAME_FALLBACK,2015-06-05,2015-12-21,2016-05-21,2026-07-13,64,64210,DIGITAL_ICT,True,5.0,True,1,11.00525624178712,16-63741,0.667979052684615,HIGH,broad
15-92588,SIRET:23440003400026,RAW_SIRET,2015-06-17,2015-10-21,2016-04-21,2026-07-13,72,72500,DIGITAL_ICT,True,6.0,True,1,7.851511169513797,16-20762,0.3212645289235424,POTENTIAL,broad
15-95813,NAME:commune de saint-herblain,NAME_FALLBACK,2015-06-23,2015-10-26,2016-04-26,2026-07-13,48,48218,DIGITAL_ICT,True,6.0,True,0,132.6544021024967,,,,broad
15-82604,NAME:ch le mans,NAME_FALLBACK,2015-06-01,2015-06-01,2015-11-01,2026-07-13,35,35121,DIGITAL_ICT,True,5.0,True,1,9.69119579500657,16-40204,0.6168531924284264,HIGH,broad
15-95253,NAME:chu de nantes,NAME_FALLBACK,2015-06-22,2015-06-22,2015-11-22,2026-07-13,35,35113,DIGITAL_ICT,True,5.0,True,1,5.19053876478318,15-179747,0.3264206436831629,POTENTIAL,broad
15-92626,NAME:cte de communes du pays de redon,NAME_FALLBACK,2015-06-16,2015-06-16,2015-12-16,2026-07-13,,,DIGITAL_ICT,True,6.0,True,0,132.88436268068332,,,,broad
15-99817,NAME:conseil general de la mayenne,NAME_FALLBACK,2015-07-01,2015-10-09,2016-04-09,2026-07-13,72,72810,DIGITAL_ICT,True,6.0,True,0,132.39159001314061,,,,broad
15-52383,NAME:loire-atlantique numerique,NAME_FALLBACK,2015-07-24,2017-04-13,2018-04-13,2026-07-13,45,45231,DIGITAL_ICT,True,12.0,True,0,131.6360052562418,,,,broad
15-101366,NAME:le mans metropole - communaute urbaine,NAME_FALLBACK,2015-07-02,2015-09-18,2016-02-18,2026-07-13,35,35811,DIGITAL_ICT,True,5.0,True,1,7.128777923784494,16-16627,0.3115778070622941,POTENTIAL,broad
15-113716,NAME:insee,NAME_FALLBACK,2015-07-22,2015-11-10,2016-05-10,2026-07-13,,,DIGITAL_ICT,True,6.0,True,1,9.658344283837057,16-67782,0.3461663471803891,MEDIUM,broad
15-102348,NAME:universite de nantes,NAME_FALLBACK,2015-07-03,2015-11-06,2016-03-06,2026-07-13,32,32420,DIGITAL_ICT,True,4.0,True,1,8.935611038107753,16-48016,0.671214916344808,HIGH,broad
15-102510,SIRET:22720002900014,RAW_SIRET,2015-07-03,2016-03-30,2016-09-30,2026-07-13,72,72212,DIGITAL_ICT,True,6.0,True,1,17.706964520367936,16-183156,0.4855792277932652,MEDIUM,broad
15-104589,NAME:spr pays de la loire,NAME_FALLBACK,2015-07-08,2015-07-08,2016-07-08,2026-07-13,45,45210,DIGITAL_ICT,True,12.0,True,0,132.161629434954,,,,broad
15-107880,SIRET:25720243200015,RAW_SIRET,2015-07-13,2015-10-07,2016-04-07,2026-07-13,71,71241,DIGITAL_ICT,True,6.0,True,0,131.99737187910645,,,,broad
15-112635,SIRET:13001855900018,RAW_SIRET,2015-07-21,2015-07-21,2016-01-21,2026-07-13,71,71316,DIGITAL_ICT,True,6.0,True,0,131.73455978975034,,,,broad
15-104125,NAME:ville de nantes,NAME_FALLBACK,2015-07-08,2015-07-08,2016-01-08,2026-07-13,48,48900,DIGITAL_ICT,True,6.0,True,1,7.09592641261498,16-19242,0.3592160716584332,POTENTIAL,broad
15-108645,NAME:ville de talmont saint hilaire,NAME_FALLBACK,2015-07-13,2015-07-13,2015-11-13,2026-07-13,32,32353,DIGITAL_ICT,True,4.0,True,0,131.99737187910645,,,,broad
15-105553,NAME:ville de saint berthevin,NAME_FALLBACK,2015-07-07,2015-07-07,2016-01-07,2026-07-13,,,DIGITAL_ICT,True,6.0,True,0,132.19448094612352,,,,broad
15-106707,NAME:centre hospitalier le bodio,NAME_FALLBACK,2015-07-10,2015-10-16,2016-02-16,2026-07-13,32,32322,DIGITAL_ICT,True,4.0,True,0,132.09592641261497,,,,broad
15-110860,SIRET:24720013200014,RAW_SIRET,2015-07-17,2015-12-18,2016-04-18,2026-07-13,50,50334,DIGITAL_ICT,True,4.0,True,0,131.86596583442838,,,,broad
15-114971,NAME:cg49,NAME_FALLBACK,2015-07-24,2015-10-13,2016-04-13,2026-07-13,71,71316,DIGITAL_ICT,True,6.0,True,0,131.6360052562418,,,,broad
15-115709,NAME:commune de saint-nazaire,NAME_FALLBACK,2015-07-27,2015-11-27,2016-05-27,2026-07-13,72,72800,DIGITAL_ICT,True,6.0,True,1,9.921156373193169,16-73319,0.4110415932128341,MEDIUM,broad
15-107245,NAME:le mans metropole - communaute urbaine,NAME_FALLBACK,2015-07-10,2016-03-07,2016-09-07,2026-07-13,48,48700,DIGITAL_ICT,True,6.0,True,0,132.09592641261497,,,,broad
15-112713,NAME:gpm de nantes - st nazaire,NAME_FALLBACK,2015-07-22,2015-07-22,2015-11-22,2026-07-13,30,30125,DIGITAL_ICT,True,4.0,True,0,131.7017082785808,,,,broad
15-100455,NAME:nantes metropole,NAME_FALLBACK,2015-07-01,2015-12-17,2016-05-17,2026-07-13,35,35261,DIGITAL_ICT,True,5.0,True,1,9.658344283837057,16-57014,0.3491493210358916,POTENTIAL,broad
15-114783,NAME:cnieg,NAME_FALLBACK,2015-07-23,2015-10-15,2016-04-15,2026-07-13,72,72420,DIGITAL_ICT,True,6.0,True,0,131.6688567674113,,,,broad
15-111004,SIRET:19490970100303,RAW_SIRET,2015-07-17,2016-01-08,2016-05-08,2026-07-13,30,30120,DIGITAL_ICT,True,4.0,True,1,8.47568988173456,16-46830,0.3436280937070041,MEDIUM,broad
15-111481,NAME:chu de nantes,NAME_FALLBACK,2015-07-20,2015-07-20,2016-01-20,2026-07-13,48,48450,DIGITAL_ICT,True,6.0,True,1,5.978975032851511,16-7640,0.7989027167125944,HIGH,broad
15-111661,NAME:inra - formation permanente nationale,NAME_FALLBACK,2015-07-21,2015-07-21,2016-01-21,2026-07-13,48,48931,DIGITAL_ICT,True,6.0,True,0,131.73455978975034,,,,broad
15-106427,NAME:centre de gestion de la fonction publi,NAME_FALLBACK,2015-07-09,2015-07-09,2016-01-09,2026-07-13,72,72227,DIGITAL_ICT,True,6.0,True,0,132.1287779237845,,,,broad
15-115988,NAME:angers loire metropole,NAME_FALLBACK,2015-07-27,2015-07-27,2015-11-27,2026-07-13,32,32412,DIGITAL_ICT,True,4.0,True,1,5.5847568988173455,16-5277,0.322748806512091,POTENTIAL,broad
15-101283,NAME:caf de la sarthe,NAME_FALLBACK,2015-07-01,2015-12-23,2016-04-23,2026-07-13,30,30237,DIGITAL_ICT,True,4.0,True,1,12.28646517739816,16-102267,0.6225897414419586,HIGH,broad
15-105085,NAME:ccir pays de la loire,NAME_FALLBACK,2015-07-07,2015-07-07,2016-01-07,2026-07-13,48,48900,DIGITAL_ICT,True,6.0,True,0,132.19448094612352,,,,broad
15-113362,NAME:conseil general de loire-atlantique,NAME_FALLBACK,2015-07-22,2015-11-12,2016-03-12,2026-07-13,30,30121,DIGITAL_ICT,True,4.0,True,1,8.015768725361367,16-40500,0.345392960320184,POTENTIAL,broad
15-115991,NAME:ville d angers,NAME_FALLBACK,2015-07-27,2016-03-31,2016-08-31,2026-07-13,35,35811,DIGITAL_ICT,True,5.0,True,0,131.53745072273324,,,,broad
15-117072,NAME:chu d angers,NAME_FALLBACK,2015-07-29,2016-01-13,2016-05-13,2026-07-13,30,30200,DIGITAL_ICT,True,4.0,True,0,131.47174770039422,,,,broad
15-103304,NAME:l universite nantes-angers-le mans,NAME_FALLBACK,2015-07-03,2015-10-05,2016-04-05,2026-07-13,72,72600,DIGITAL_ICT,True,6.0,True,0,132.32588699080156,,,,broad
15-115319,NAME:conseil regional des pays de la loire,NAME_FALLBACK,2015-07-27,2016-02-19,2016-06-19,2026-07-13,30,30230,DIGITAL_ICT,True,4.0,True,1,10.578186596583445,16-85619,0.3093516702632009,POTENTIAL,broad
15-115336,NAME:chu d angers,NAME_FALLBACK,2015-07-27,2016-07-28,2017-01-28,2026-07-13,72,72500,DIGITAL_ICT,True,6.0,True,0,131.53745072273324,,,,broad
15-118979,NAME:departement de la sarthe,NAME_FALLBACK,2015-07-30,2015-07-30,2016-01-30,2026-07-13,72,72500,DIGITAL_ICT,True,6.0,True,1,4.6320630749014455,15-189271,0.5553059274473684,HIGH,broad
15-119589,NAME:ville de vertou,NAME_FALLBACK,2015-08-03,2015-08-03,2015-12-03,2026-07-13,32,32342,DIGITAL_ICT,True,4.0,True,0,131.30749014454665,,,,broad
15-122609,NAME:ville de carquefou,NAME_FALLBACK,2015-08-07,2015-12-23,2016-04-23,2026-07-13,32,32323,DIGITAL_ICT,True,4.0,True,1,6.997371879106439,16-32105,0.3592241484029093,POTENTIAL,broad
15-129133,NAME:sdis 49,NAME_FALLBACK,2015-08-24,2015-11-10,2016-05-10,2026-07-13,,,DIGITAL_ICT,True,6.0,True,1,10.348226018396844,16-97484,0.2878631646197089,MEDIUM,broad
15-90876,NAME:commune de pornic,NAME_FALLBACK,2015-08-10,2015-08-10,2015-12-10,2026-07-13,32,32342,DIGITAL_ICT,True,4.0,True,0,131.07752956636006,,,,broad
15-119639,NAME:ecole centrale de nantes,NAME_FALLBACK,2015-08-03,2015-11-23,2016-03-23,2026-07-13,32,32223,DIGITAL_ICT,True,4.0,True,1,9.296977660972404,16-68672,0.323061312817805,POTENTIAL,broad
15-132610,NAME:commune de saint-herblain,NAME_FALLBACK,2015-08-27,2015-08-27,2016-02-27,2026-07-13,,,DIGITAL_ICT,True,6.0,True,0,130.51905387647832,,,,broad
15-126174,NAME:centre hospitalier la ferte bernard,NAME_FALLBACK,2015-08-13,2015-08-13,2016-02-13,2026-07-13,33,33111,DIGITAL_ICT,True,6.0,True,0,130.9789750328515,,,,broad
15-126308,NAME:sdis 44,NAME_FALLBACK,2015-08-13,2015-08-13,2016-02-13,2026-07-13,33,33190,DIGITAL_ICT,True,6.0,True,1,5.4204993429697765,16-10649,0.4414346064916064,MEDIUM,broad
15-121163,NAME:centre hospitalier loire vendee ocean,NAME_FALLBACK,2015-08-04,2015-08-04,2016-02-04,2026-07-13,,,DIGITAL_ICT,True,6.0,True,1,5.256241787122208,16-3447,0.312108790303312,MEDIUM,broad
15-126736,NAME:prefecture,NAME_FALLBACK,2015-08-13,2015-08-13,2016-02-13,2026-07-13,,,DIGITAL_ICT,True,6.0,True,0,130.9789750328515,,,,broad
15-133200,NAME:saelsi,NAME_FALLBACK,2015-08-31,2015-08-31,2015-12-31,2026-07-13,32,32221,DIGITAL_ICT,True,4.0,True,0,130.38764783180025,,,,broad
15-134999,NAME:spr pays de la loire,NAME_FALLBACK,2015-09-04,2015-09-04,2016-09-04,2026-07-13,45,45212,DIGITAL_ICT,True,12.0,True,0,130.2562417871222,,,,broad
15-133523,NAME:nantes habitat,NAME_FALLBACK,2015-09-11,2015-09-11,2016-03-11,2026-07-13,48,48214,DIGITAL_ICT,True,6.0,True,0,130.02628120893561,,,,broad
15-139562,NAME:c h d la roche sur yon-lucon-montaigu,NAME_FALLBACK,2015-09-11,2016-07-22,2017-01-22,2026-07-13,48,48450,DIGITAL_ICT,True,6.0,True,1,12.976346911957949,16-146809,0.3924934496444621,MEDIUM,broad
15-146024,NAME:ville de nantes,NAME_FALLBACK,2015-09-28,2016-01-05,2016-05-05,2026-07-13,32,32342,DIGITAL_ICT,True,4.0,True,1,7.982917214191852,16-74267,0.2811603381706345,POTENTIAL,broad
15-139179,NAME:ecole centrale de nantes,NAME_FALLBACK,2015-09-10,2015-09-10,2016-03-10,2026-07-13,,,DIGITAL_ICT,True,6.0,True,1,8.04862023653088,16-68672,0.3572494051691343,POTENTIAL,broad
15-142353,SIRET:21720181300011,RAW_SIRET,2015-09-17,2016-02-03,2016-06-03,2026-07-13,32,32353,DIGITAL_ICT,True,4.0,True,0,129.82917214191852,,,,broad
15-145893,NAME:crous de nantes,NAME_FALLBACK,2015-09-24,2016-01-12,2016-07-12,2026-07-13,72,72000,DIGITAL_ICT,True,6.0,True,1,8.5742444152431,16-85545,0.3158324904763189,MEDIUM,broad
15-117292,NAME:sdis 49,NAME_FALLBACK,2015-09-01,2015-12-08,2016-04-08,2026-07-13,30,30211,DIGITAL_ICT,True,4.0,True,0,130.35479632063075,,,,broad
15-142860,NAME:commune de saint-herblain,NAME_FALLBACK,2015-09-17,2015-09-17,2016-03-17,2026-07-13,,,DIGITAL_ICT,True,6.0,True,0,129.82917214191852,,,,broad
15-145608,NAME:ccir pays de la loire,NAME_FALLBACK,2015-09-24,2015-09-24,2016-01-24,2026-07-13,32,32420,DIGITAL_ICT,True,4.0,True,0,129.59921156373193,,,,broad
15-140619,NAME:commune de saint-herblain,NAME_FALLBACK,2015-09-14,2015-09-14,2016-03-14,2026-07-13,48,48000,DIGITAL_ICT,True,6.0,True,0,129.92772667542707,,,,broad
15-146824,NAME:ville de cholet,NAME_FALLBACK,2015-09-28,2015-09-28,2016-03-28,2026-07-13,,,DIGITAL_ICT,True,6.0,True,1,5.551905387647832,16-9312,0.355229200784168,MEDIUM,broad
15-91934,NAME:ville de saumur,NAME_FALLBACK,2015-09-28,2016-01-18,2016-05-18,2026-07-13,30,30200,DIGITAL_ICT,True,4.0,True,1,5.650459921156373,16-37530,0.4183846742351536,MEDIUM,broad
15-142165,NAME:chu d angers,NAME_FALLBACK,2015-09-17,2015-09-17,2016-03-17,2026-07-13,,,DIGITAL_ICT,True,6.0,True,0,129.82917214191852,,,,broad
15-142958,NAME:ministere budget comptes publics,NAME_FALLBACK,2015-09-17,2015-09-17,2016-03-17,2026-07-13,,,DIGITAL_ICT,True,6.0,True,0,129.82917214191852,,,,broad
15-143035,NAME:cnamts,NAME_FALLBACK,2015-09-18,2015-09-18,2016-03-18,2026-07-13,,,DIGITAL_ICT,True,6.0,True,0,129.79632063074902,,,,broad
15-136371,NAME:sdis de la mayenne,NAME_FALLBACK,2015-09-07,2016-02-22,2016-07-22,2026-07-13,35,35811,DIGITAL_ICT,True,5.0,True,0,130.15768725361366,,,,broad
15-136102,NAME:sm megalis,NAME_FALLBACK,2015-09-07,2015-09-07,2016-01-07,2026-07-13,32,32412,DIGITAL_ICT,True,4.0,True,1,1.1826544021024967,15-155719,0.825134570435174,HIGH,broad
15-137458,NAME:sm megalis,NAME_FALLBACK,2015-09-09,2015-09-09,2016-01-09,2026-07-13,32,32412,DIGITAL_ICT,True,4.0,True,1,1.1169513797634691,15-155719,0.6401567823859098,HIGH,broad
15-139462,SIRET:22720002900014,RAW_SIRET,2015-09-11,2015-12-29,2016-05-29,2026-07-13,35,35121,DIGITAL_ICT,True,5.0,True,0,130.02628120893561,,,,broad
15-143083,NAME:centre hospitalier de cholet,NAME_FALLBACK,2015-09-18,2015-09-18,2016-02-18,2026-07-13,35,35121,DIGITAL_ICT,True,5.0,True,1,5.256241787122208,16-27767,0.3594889639333722,MEDIUM,broad
15-139094,NAME:sdis 85,NAME_FALLBACK,2015-09-10,2015-12-07,2016-05-07,2026-07-13,35,35111,DIGITAL_ICT,True,5.0,True,1,11.957950065703022,16-131495,0.3806067532806129,MEDIUM,broad
15-137106,NAME:cte d agglomeration du choletais,NAME_FALLBACK,2015-09-07,2015-09-07,2016-03-07,2026-07-13,,,DIGITAL_ICT,True,6.0,True,0,130.15768725361366,,,,broad
15-140966,NAME:commune de saint jean de monts,NAME_FALLBACK,2015-09-15,2015-11-24,2016-05-24,2026-07-13,,,DIGITAL_ICT,True,6.0,True,1,9.724047306176084,16-101519,0.4112560153250095,MEDIUM,broad
15-141902,NAME:ville de bouchemaine,NAME_FALLBACK,2015-09-22,2015-09-22,2016-03-22,2026-07-13,,,DIGITAL_ICT,True,6.0,True,0,129.66491458607095,,,,broad
15-147732,NAME:ecole des mines de nantes,NAME_FALLBACK,2015-09-28,2015-09-28,2016-03-28,2026-07-13,,,DIGITAL_ICT,True,6.0,True,1,8.04862023653088,16-78789,0.3921100005465589,MEDIUM,broad
15-148838,NAME:communaute d agglomeration de saintes,NAME_FALLBACK,2015-09-30,2015-09-30,2016-03-30,2026-07-13,,,DIGITAL_ICT,True,6.0,True,0,129.40210249671486,,,,broad
15-134263,SIRET:18004301001485,RAW_SIRET,2015-09-02,2015-09-02,2016-01-02,2026-07-13,32,32321,DIGITAL_ICT,True,4.0,True,0,130.32194480946123,,,,broad
15-141361,SIRET:23440003400026,RAW_SIRET,2015-09-16,2016-02-19,2016-08-19,2026-07-13,72,72500,DIGITAL_ICT,True,6.0,True,1,9.461235216819974,16-96174,0.2841176204249085,MEDIUM,broad
15-144405,NAME:regie dept passages d eau de vendee,NAME_FALLBACK,2015-09-22,2015-09-22,2016-03-22,2026-07-13,72,72500,DIGITAL_ICT,True,6.0,True,0,129.66491458607095,,,,broad
15-144617,NAME:le mans metropole - communaute urbaine,NAME_FALLBACK,2015-09-23,2016-02-12,2016-06-12,2026-07-13,50,50330,DIGITAL_ICT,True,4.0,True,0,129.63206307490145,,,,broad
15-160806,NAME:communaute communes pays des essarts,NAME_FALLBACK,2015-10-21,2015-10-21,2016-02-21,2026-07-13,30,30200,DIGITAL_ICT,True,4.0,True,0,128.71222076215506,,,,broad
15-160539,NAME:nantes metropole,NAME_FALLBACK,2015-10-28,2015-10-28,2016-04-28,2026-07-13,,,DIGITAL_ICT,True,6.0,True,1,5.7490144546649145,16-57014,0.3835546253335273,POTENTIAL,broad
15-153604,NAME:cte de cnes du pays fontenay le comte,NAME_FALLBACK,2015-10-08,2015-10-08,2016-04-08,2026-07-13,,,DIGITAL_ICT,True,6.0,True,1,7.982917214191852,16-79410,0.2807536152253722,MEDIUM,broad
15-164088,NAME:commune de saint-herblain,NAME_FALLBACK,2015-10-28,2015-10-28,2016-04-28,2026-07-13,48,48800,DIGITAL_ICT,True,6.0,True,0,128.48226018396846,,,,broad
15-157399,NAME:centre hospitalier de saint-nazaire,NAME_FALLBACK,2015-10-20,2015-10-20,2016-02-20,2026-07-13,32,32400,DIGITAL_ICT,True,4.0,True,1,6.176084099868594,16-55859,0.2871874005776759,POTENTIAL,broad
15-159244,NAME:nantes metropole,NAME_FALLBACK,2015-10-23,2015-10-23,2016-04-23,2026-07-13,48,48000,DIGITAL_ICT,True,6.0,True,1,5.650459921156373,16-49246,0.3919024006740638,POTENTIAL,broad
15-165845,NAME:commune de le pellerin,NAME_FALLBACK,2015-10-30,2016-03-08,2016-08-08,2026-07-13,35,35125,DIGITAL_ICT,True,5.0,True,0,128.41655716162944,,,,broad
15-156775,NAME:institut pour la sante de l ouest,NAME_FALLBACK,2015-10-13,2015-10-13,2016-04-13,2026-07-13,,,DIGITAL_ICT,True,6.0,True,0,128.97503285151117,,,,broad
15-162447,NAME:nantes metropole,NAME_FALLBACK,2015-10-23,2015-10-23,2016-04-23,2026-07-13,,,DIGITAL_ICT,True,6.0,True,1,5.650459921156373,16-49246,0.4066816401657618,POTENTIAL,broad
15-165050,NAME:angers loire metropole,NAME_FALLBACK,2015-10-29,2015-10-29,2016-04-29,2026-07-13,72,72500,DIGITAL_ICT,True,6.0,True,1,0.657030223390276,15-174987,0.7270690225797338,HIGH,broad
15-160513,NAME:departement de la sarthe,NAME_FALLBACK,2015-10-20,2015-10-20,2016-04-20,2026-07-13,,,DIGITAL_ICT,True,6.0,True,1,6.307490144546649,16-61061,0.3473741736428451,MEDIUM,broad
15-164187,NAME:gie sesam vitale,NAME_FALLBACK,2015-10-28,2015-10-28,2016-04-28,2026-07-13,72,72810,DIGITAL_ICT,True,6.0,True,1,2.8252299605781865,16-10778,0.4997917898394153,MEDIUM,broad
15-153858,NAME:ecole centrale de nantes,NAME_FALLBACK,2015-10-09,2015-12-21,2016-05-21,2026-07-13,42,42612,DIGITAL_ICT,True,5.0,True,1,7.09592641261498,16-68672,0.3485225267821162,MEDIUM,broad
15-154566,NAME:cnieg,NAME_FALLBACK,2015-10-12,2016-02-02,2016-08-02,2026-07-13,72,72400,DIGITAL_ICT,True,6.0,True,1,8.639947437582128,16-98551,0.3335424197903906,MEDIUM,broad
15-155719,NAME:sm megalis,NAME_FALLBACK,2015-10-13,2015-10-13,2016-02-13,2026-07-13,32,32412,DIGITAL_ICT,True,4.0,True,0,128.97503285151117,,,,broad
15-160688,NAME:ville d angers,NAME_FALLBACK,2015-10-20,2015-10-20,2016-04-20,2026-07-13,72,72500,DIGITAL_ICT,True,6.0,True,0,128.74507227332458,,,,broad
15-159973,NAME:vendee eau,NAME_FALLBACK,2015-10-28,2016-01-07,2016-07-07,2026-07-13,48,48900,DIGITAL_ICT,True,6.0,True,1,8.21287779237845,16-94711,0.6339472406175941,HIGH,broad
15-153303,NAME:gip groupement technocampus,NAME_FALLBACK,2015-10-07,2015-12-14,2016-06-14,2026-07-13,,,DIGITAL_ICT,True,6.0,True,0,129.17214191852824,,,,broad
15-162906,NAME:centre hospitalier de cholet,NAME_FALLBACK,2015-10-23,2015-10-23,2016-04-23,2026-07-13,,,DIGITAL_ICT,True,6.0,True,1,6.636005256241787,16-68875,0.3653643551227942,MEDIUM,broad
15-150393,NAME:saumur aggloproprete,NAME_FALLBACK,2015-10-05,2015-10-05,2016-04-05,2026-07-13,48,48000,DIGITAL_ICT,True,6.0,True,0,129.2378449408673,,,,broad
15-169863,NAME:ville de saint-hilaire-de-riez,NAME_FALLBACK,2015-11-09,2015-11-09,2016-03-09,2026-07-13,30,30192,DIGITAL_ICT,True,4.0,True,0,128.0880420499343,,,,broad
15-169941,NAME:sdis 49,NAME_FALLBACK,2015-11-09,2015-11-09,2016-03-09,2026-07-13,30,30125,DIGITAL_ICT,True,4.0,True,0,128.0880420499343,,,,broad
15-174358,NAME:universite de nantes,NAME_FALLBACK,2015-11-17,2016-01-28,2016-07-28,2026-07-13,72,72224,DIGITAL_ICT,True,6.0,True,1,5.978975032851511,16-70203,0.5344676093880614,POTENTIAL,broad
15-178728,NAME:le mans metropole - communaute urbaine,NAME_FALLBACK,2015-11-26,2016-04-06,2016-10-06,2026-07-13,48,48150,DIGITAL_ICT,True,6.0,True,0,127.52956636005256,,,,broad
15-171325,NAME:chambre agriculture pays de la loire,NAME_FALLBACK,2015-11-10,2015-11-10,2016-03-10,2026-07-13,32,32424,DIGITAL_ICT,True,4.0,True,0,128.05519053876478,,,,broad
15-170834,NAME:spr pays de la loire,NAME_FALLBACK,2015-11-12,2015-11-12,2016-11-12,2026-07-13,45,45210,DIGITAL_ICT,True,12.0,True,0,127.98948751642575,,,,broad
15-169682,NAME:chu d angers,NAME_FALLBACK,2015-11-06,2015-11-06,2016-05-06,2026-07-13,,,DIGITAL_ICT,True,6.0,True,0,128.18659658344285,,,,broad
15-171733,NAME:s i d energies de maine et loire,NAME_FALLBACK,2015-11-10,2015-11-10,2016-05-10,2026-07-13,,,DIGITAL_ICT,True,6.0,True,1,6.964520367936925,16-85256,0.3140476723379422,MEDIUM,broad
15-167001,NAME:communaute de communes de montrevault,NAME_FALLBACK,2015-11-04,2015-11-04,2016-03-04,2026-07-13,50,50312,DIGITAL_ICT,True,4.0,True,0,128.25229960578187,,,,broad
15-175210,NAME:nantes metropole,NAME_FALLBACK,2015-11-19,2016-03-04,2016-09-04,2026-07-13,72,72310,DIGITAL_ICT,True,6.0,True,1,9.69119579500657,16-128161,0.3675571890863927,POTENTIAL,broad
15-175690,NAME:cnieg,NAME_FALLBACK,2015-11-20,2016-03-09,2016-09-09,2026-07-13,72,72400,DIGITAL_ICT,True,6.0,True,1,7.35873850197109,16-98551,0.2810691712976955,MEDIUM,broad
15-174987,NAME:angers loire metropole,NAME_FALLBACK,2015-11-18,2015-11-18,2016-05-18,2026-07-13,72,72500,DIGITAL_ICT,True,6.0,True,1,5.946123521681997,16-70219,0.3759580558114077,POTENTIAL,broad
15-170544,NAME:ccrla,NAME_FALLBACK,2015-11-17,2015-11-17,2016-05-17,2026-07-13,,,DIGITAL_ICT,True,6.0,True,1,2.726675427069645,16-18733,0.3202639880417092,MEDIUM,broad
15-178562,NAME:ville d angers,NAME_FALLBACK,2015-11-26,2016-05-23,2016-10-23,2026-07-13,35,35811,DIGITAL_ICT,True,5.0,True,0,127.52956636005256,,,,broad
15-166933,NAME:spm ddtm44,NAME_FALLBACK,2015-11-02,2015-11-02,2016-05-02,2026-07-13,,,DIGITAL_ICT,True,6.0,True,0,128.3180026281209,,,,broad
15-173090,NAME:universite de nantes,NAME_FALLBACK,2015-11-16,2016-01-28,2016-07-28,2026-07-13,72,72224,DIGITAL_ICT,True,6.0,True,1,6.011826544021025,16-70203,0.5344161510089467,POTENTIAL,broad
15-173700,NAME:ville de reze,NAME_FALLBACK,2015-11-17,2015-11-17,2016-05-17,2026-07-13,48,48421,DIGITAL_ICT,True,6.0,True,1,2.59526938239159,16-17002,0.7897725968976963,HIGH,broad
15-178206,NAME:centre hospitalier de saint-nazaire,NAME_FALLBACK,2015-11-27,2015-11-27,2016-05-27,2026-07-13,,,DIGITAL_ICT,True,6.0,True,1,4.92772667542707,16-55859,0.34247571571286,POTENTIAL,broad
15-171757,NAME:informatique cdc,NAME_FALLBACK,2015-11-12,2015-11-12,2016-03-12,2026-07-13,50,50000,DIGITAL_ICT,True,4.0,True,0,127.98948751642575,,,,broad
15-178791,NAME:nantes metropole,NAME_FALLBACK,2015-11-30,2015-11-30,2016-05-30,2026-07-13,72,72250,DIGITAL_ICT,True,6.0,True,1,3.350854139290407,16-33632,0.3772470356566099,POTENTIAL,broad
15-175415,NAME:commune de saint-nazaire,NAME_FALLBACK,2015-11-20,2015-11-20,2016-05-20,2026-07-13,,,DIGITAL_ICT,True,6.0,True,1,6.110381077529566,16-73319,0.5201918146556479,HIGH,broad
15-168917,NAME:sictom loir et sarthe,NAME_FALLBACK,2015-11-09,2015-11-09,2016-05-09,2026-07-13,48,48000,DIGITAL_ICT,True,6.0,True,0,128.0880420499343,,,,broad
15-169809,NAME:chu de nantes,NAME_FALLBACK,2015-11-09,2015-11-09,2016-05-09,2026-07-13,48,48814,DIGITAL_ICT,True,6.0,True,1,0.8212877792378449,15-182957,0.7268814340812619,POTENTIAL,broad
15-179034,NAME:c h s de la sarthe,NAME_FALLBACK,2015-11-27,2015-11-27,2016-04-27,2026-07-13,35,35100,DIGITAL_ICT,True,5.0,True,0,127.49671484888304,,,,broad
15-179747,NAME:chu de nantes,NAME_FALLBACK,2015-11-27,2015-11-27,2016-05-27,2026-07-13,48,48814,DIGITAL_ICT,True,6.0,True,1,0.2299605781865965,15-182957,0.7119622644446733,HIGH,broad
15-167650,NAME:cg49,NAME_FALLBACK,2015-11-03,2015-11-03,2016-05-03,2026-07-13,,,DIGITAL_ICT,True,6.0,True,0,128.28515111695137,,,,broad
15-176598,NAME:departement de la sarthe,NAME_FALLBACK,2015-11-23,2015-11-23,2016-05-23,2026-07-13,,,DIGITAL_ICT,True,6.0,True,1,3.580814717477004,16-35152,0.4985015805825078,MEDIUM,broad
15-185112,NAME:conseil general de la vendee,NAME_FALLBACK,2015-12-10,2016-04-18,2016-10-18,2026-07-13,72,72230,DIGITAL_ICT,True,6.0,True,1,11.695137976346912,16-172610,0.3754312679096712,MEDIUM,broad
15-185335,SIRET:12000601000058,RAW_SIRET,2015-12-10,2015-12-10,2016-06-10,2026-07-13,48,48000,DIGITAL_ICT,True,6.0,True,0,127.06964520367937,,,,broad
15-190662,NAME:ville de nantes,NAME_FALLBACK,2015-12-22,2016-04-07,2016-10-07,2026-07-13,,,DIGITAL_ICT,True,6.0,True,0,126.67542706964521,,,,broad
15-192825,NAME:c h d la roche sur yon-lucon-montaigu,NAME_FALLBACK,2015-12-24,2015-12-24,2016-06-24,2026-07-13,48,48000,DIGITAL_ICT,True,6.0,True,1,9.559789750328514,16-146809,0.7552551451447373,HIGH,broad
15-187883,SIRET:22720002900014,RAW_SIRET,2015-12-16,2016-04-30,2016-08-30,2026-07-13,32,32420,DIGITAL_ICT,True,4.0,True,1,9.362680683311432,16-139674,0.3277553310862783,MEDIUM,broad
15-191209,NAME:commune des herbiers,NAME_FALLBACK,2015-12-24,2015-12-24,2016-04-24,2026-07-13,32,32420,DIGITAL_ICT,True,4.0,True,0,126.60972404730617,,,,broad
15-194034,NAME:ministere des affaires etrangeres,NAME_FALLBACK,2015-12-30,2015-12-30,2016-06-30,2026-07-13,48,48000,DIGITAL_ICT,True,6.0,True,0,126.41261498028909,,,,broad
15-182957,NAME:chu de nantes,NAME_FALLBACK,2015-12-04,2015-12-04,2016-06-04,2026-07-13,48,48814,DIGITAL_ICT,True,6.0,True,1,8.607095926412615,16-123498,0.478235217464642,MEDIUM,broad
15-192356,NAME:nantes metropole,NAME_FALLBACK,2015-12-24,2015-12-24,2016-06-24,2026-07-13,72,72227,DIGITAL_ICT,True,6.0,True,1,8.541392904073588,16-128161,0.5289962883877168,HIGH,broad
15-189271,NAME:departement de la sarthe,NAME_FALLBACK,2015-12-18,2015-12-18,2016-06-18,2026-07-13,72,72267,DIGITAL_ICT,True,6.0,True,1,8.409986859395532,16-127032,0.3162013160624589,POTENTIAL,broad
15-186668,NAME:e c a s gendarmerie nationale,NAME_FALLBACK,2015-12-14,2016-04-18,2016-08-18,2026-07-13,32,32520,DIGITAL_ICT,True,4.0,True,0,126.93823915900131,,,,broad
15-182813,NAME:conseil regional des pays de la loire,NAME_FALLBACK,2015-12-04,2016-05-04,2016-10-04,2026-07-13,79,79530,DIGITAL_ICT,True,5.0,True,1,9.526938239159,16-136139,0.4253185615670189,MEDIUM,broad
15-184251,SIRET:19490970100303,RAW_SIRET,2015-12-08,2016-06-07,2016-12-07,2026-07-13,48,48000,DIGITAL_ICT,True,6.0,True,1,13.370565045992116,17-6714,0.294149074901573,MEDIUM,broad
15-183344,SIRET:11004301500012,RAW_SIRET,2015-12-21,2016-04-14,2016-10-14,2026-07-13,72,72267,DIGITAL_ICT,True,6.0,True,0,126.70827858081472,,,,broad
15-184750,NAME:ecole centrale de nantes,NAME_FALLBACK,2015-12-09,2015-12-09,2016-06-09,2026-07-13,,,DIGITAL_ICT,True,6.0,True,1,5.091984231274639,16-68672,0.3478383332169748,POTENTIAL,broad
15-184743,NAME:com communes du pays d ancenis,NAME_FALLBACK,2015-12-11,2015-12-11,2016-06-11,2026-07-13,,,DIGITAL_ICT,True,6.0,True,1,6.14323258869908,16-80474,0.392813865774224,MEDIUM,broad
16-5452,NAME:universite de nantes,NAME_FALLBACK,2016-01-13,2016-05-17,2016-11-17,2026-07-13,48,48421,DIGITAL_ICT,True,6.0,True,0,125.9526938239159,,,,broad
16-7712,NAME:cnieg,NAME_FALLBACK,2016-01-18,2016-07-11,2017-01-11,2026-07-13,72,72500,DIGITAL_ICT,True,6.0,True,0,125.78843626806834,,,,broad
16-10649,NAME:sdis 44,NAME_FALLBACK,2016-01-25,2016-05-07,2016-09-07,2026-07-13,30,30200,DIGITAL_ICT,True,4.0,True,1,7.950065703022338,16-139456,0.309607764711421,MEDIUM,broad
16-12477,NAME:gpm de nantes - st nazaire,NAME_FALLBACK,2016-01-27,2016-06-09,2016-10-09,2026-07-13,32,32424,DIGITAL_ICT,True,4.0,True,1,10.611038107752956,16-179721,0.2829113960551449,MEDIUM,broad
16-3538,SIRET:22850001300658,RAW_SIRET,2016-01-11,2016-07-02,2016-11-02,2026-07-13,50,50312,DIGITAL_ICT,True,4.0,True,1,7.917214191852825,16-130215,0.2920360246731762,MEDIUM,broad
16-2845,NAME:ville de nantes,NAME_FALLBACK,2016-01-11,2016-01-11,2016-07-11,2026-07-13,71,71000,DIGITAL_ICT,True,6.0,True,1,0.2956636005256242,16-9226,0.688449003353838,HIGH,broad
16-9809,NAME:conseil general de loire-atlantique,NAME_FALLBACK,2016-01-21,2016-08-08,2017-02-08,2026-07-13,72,72611,DIGITAL_ICT,True,6.0,True,0,125.68988173455979,,,,broad
16-577,NAME:cnieg,NAME_FALLBACK,2016-01-04,2016-03-08,2016-09-08,2026-07-13,,,DIGITAL_ICT,True,6.0,True,0,126.24835742444152,,,,broad
16-8523,NAME:ecole des mines de nantes,NAME_FALLBACK,2016-01-19,2016-01-19,2016-07-19,2026-07-13,,,DIGITAL_ICT,True,6.0,True,1,4.336399474375821,16-78789,0.3115884442067124,MEDIUM,broad
16-9226,NAME:ville de nantes,NAME_FALLBACK,2016-01-20,2016-01-20,2016-07-20,2026-07-13,71,71000,DIGITAL_ICT,True,6.0,True,1,4.23784494086728,16-74267,0.4252246588636196,MEDIUM,broad
16-9086,SIRET:22720002900014,RAW_SIRET,2016-01-20,2016-04-30,2016-08-30,2026-07-13,32,32420,DIGITAL_ICT,True,4.0,True,1,8.21287779237845,16-139674,0.327139100871522,MEDIUM,broad
16-2771,NAME:conseil general de la vendee,NAME_FALLBACK,2016-01-08,2016-04-18,2016-10-18,2026-07-13,72,72230,DIGITAL_ICT,True,6.0,True,1,10.74244415243101,16-172610,0.375268726217802,MEDIUM,broad
16-6135,NAME:sdis de la sarthe,NAME_FALLBACK,2016-01-14,2016-04-25,2016-10-25,2026-07-13,48,48500,DIGITAL_ICT,True,6.0,True,0,125.91984231274638,,,,broad
16-11249,NAME:montrevault-sur-evre,NAME_FALLBACK,2016-01-29,2016-09-07,2017-01-07,2026-07-13,50,50312,DIGITAL_ICT,True,4.0,True,0,125.42706964520367,,,,broad
16-4040,NAME:cte de communes du pays des herbiers,NAME_FALLBACK,2016-01-12,2016-05-14,2016-11-14,2026-07-13,72,72514,DIGITAL_ICT,True,6.0,True,0,125.98554533508542,,,,broad
16-6558,NAME:universite de nantes,NAME_FALLBACK,2016-01-15,2016-07-22,2016-11-22,2026-07-13,32,32423,DIGITAL_ICT,True,4.0,True,1,11.103810775295663,16-180522,0.2815036915270286,POTENTIAL,broad
16-7903,NAME:ecole des mines de nantes,NAME_FALLBACK,2016-01-19,2016-11-30,2017-03-30,2026-07-13,32,32420,DIGITAL_ICT,True,4.0,True,0,125.75558475689881,,,,broad
16-10778,NAME:gie sesam vitale,NAME_FALLBACK,2016-01-22,2016-11-09,2017-05-09,2026-07-13,72,72611,DIGITAL_ICT,True,6.0,True,1,14.848883048620236,17-53475,0.3968759979444048,POTENTIAL,broad
16-5277,NAME:angers loire metropole,NAME_FALLBACK,2016-01-13,2016-08-20,2017-02-20,2026-07-13,71,71355,DIGITAL_ICT,True,6.0,True,1,13.633377135348226,17-23552,0.3537866617835606,POTENTIAL,broad
16-1046,NAME:ademe,NAME_FALLBACK,2016-01-18,2016-01-18,2016-07-18,2026-07-13,72,72212,DIGITAL_ICT,True,6.0,True,1,5.45335085413929,16-93714,0.311746021016947,MEDIUM,broad
16-7640,NAME:chu de nantes,NAME_FALLBACK,2016-01-18,2016-01-18,2016-07-18,2026-07-13,48,48450,DIGITAL_ICT,True,6.0,True,1,7.128777923784494,16-123498,0.3911346754393116,MEDIUM,broad
16-3447,NAME:centre hospitalier loire vendee ocean,NAME_FALLBACK,2016-01-11,2016-01-11,2016-07-11,2026-07-13,48,48800,DIGITAL_ICT,True,6.0,True,0,126.01839684625493,,,,broad
16-10414,NAME:conseil general de loire-atlantique,NAME_FALLBACK,2016-01-22,2016-01-22,2016-07-22,2026-07-13,72,72400,DIGITAL_ICT,True,6.0,True,1,6.340341655716163,16-115075,0.2963291684870253,POTENTIAL,broad
16-1383,NAME:cap atlantique,NAME_FALLBACK,2016-01-06,2016-01-06,2016-05-06,2026-07-13,30,30200,DIGITAL_ICT,True,4.0,True,0,126.1826544021025,,,,broad
16-25313,NAME:universite de nantes,NAME_FALLBACK,2016-02-19,2016-07-22,2016-11-22,2026-07-13,32,32423,DIGITAL_ICT,True,4.0,True,1,9.95400788436268,16-180522,0.2812618191924635,POTENTIAL,broad
16-25268,NAME:ministere des affaires etrangeres,NAME_FALLBACK,2016-02-22,2016-02-22,2016-06-22,2026-07-13,32,32323,DIGITAL_ICT,True,4.0,True,0,124.63863337713535,,,,broad
15-192276,NAME:vendee eau,NAME_FALLBACK,2016-02-05,2016-05-30,2016-11-30,2026-07-13,48,48900,DIGITAL_ICT,True,6.0,True,1,4.92772667542707,16-94711,0.4189213224246482,MEDIUM,broad
16-26260,NAME:ville de carquefou,NAME_FALLBACK,2016-02-23,2016-06-22,2016-12-22,2026-07-13,48,48822,DIGITAL_ICT,True,6.0,True,0,124.60578186596584,,,,broad
16-23686,NAME:cte cnes coeur d estuaire,NAME_FALLBACK,2016-02-17,2016-06-23,2016-12-23,2026-07-13,72,72500,DIGITAL_ICT,True,6.0,True,0,124.80289093298292,,,,broad
16-26598,NAME:departement de la sarthe,NAME_FALLBACK,2016-02-23,2016-02-23,2016-08-23,2026-07-13,48,48780,DIGITAL_ICT,True,6.0,True,1,6.208935611038108,16-127032,0.336802470540375,POTENTIAL,broad
16-18277,NAME:smirgeom est sarthe,NAME_FALLBACK,2016-02-05,2016-02-05,2016-08-05,2026-07-13,,,DIGITAL_ICT,True,6.0,True,1,4.697766097240473,16-94328,0.2950384489670207,MEDIUM,broad
16-19242,NAME:ville de nantes,NAME_FALLBACK,2016-02-09,2016-02-09,2016-08-09,2026-07-13,,,DIGITAL_ICT,True,6.0,True,0,125.06570302233902,,,,broad
16-14558,NAME:inra angers nantes,NAME_FALLBACK,2016-02-02,2016-07-08,2017-01-08,2026-07-13,72,72415,DIGITAL_ICT,True,6.0,True,0,125.29566360052563,,,,broad
16-15210,NAME:conseil general de loire-atlantique,NAME_FALLBACK,2016-02-02,2016-02-02,2016-07-02,2026-07-13,79,79961,DIGITAL_ICT,True,5.0,True,1,5.978975032851511,16-115075,0.3315544704483654,POTENTIAL,broad
16-19044,NAME:ville de beaucouze,NAME_FALLBACK,2016-02-09,2016-02-09,2016-08-09,2026-07-13,,,DIGITAL_ICT,True,6.0,True,0,125.06570302233902,,,,broad
16-16005,NAME:ville d orvault,NAME_FALLBACK,2016-02-03,2016-02-03,2016-08-03,2026-07-13,,,DIGITAL_ICT,True,6.0,True,1,5.289093298291721,16-106116,0.412172120670852,MEDIUM,broad
16-16627,NAME:le mans metropole - communaute urbaine,NAME_FALLBACK,2016-02-04,2016-12-19,2017-06-19,2026-07-13,72,72212,DIGITAL_ICT,True,6.0,True,1,15.374507227332456,17-69162,0.3248291721419185,MEDIUM,broad
16-20531,NAME:dreal pays de la loire,NAME_FALLBACK,2016-02-23,2016-02-23,2016-08-23,2026-07-13,72,72500,DIGITAL_ICT,True,6.0,True,1,4.566360052562418,16-103634,0.3163563375081615,MEDIUM,broad
16-27767,NAME:centre hospitalier de cholet,NAME_FALLBACK,2016-02-25,2016-02-25,2016-08-25,2026-07-13,48,48782,DIGITAL_ICT,True,6.0,True,1,2.5295663600525624,16-68875,0.3001988706200472,MEDIUM,broad
16-18733,NAME:ccrla,NAME_FALLBACK,2016-02-08,2016-02-08,2016-08-08,2026-07-13,,,DIGITAL_ICT,True,6.0,True,0,125.09855453350855,,,,broad
16-15813,NAME:conseil general de loire-atlantique,NAME_FALLBACK,2016-02-02,2016-08-08,2017-02-08,2026-07-13,72,72611,DIGITAL_ICT,True,6.0,True,0,125.29566360052563,,,,broad
16-15282,NAME:montrevault-sur-evre,NAME_FALLBACK,2016-02-02,2016-02-02,2016-08-02,2026-07-13,48,48000,DIGITAL_ICT,True,6.0,True,1,2.3981603153745072,16-54252,0.7807364765392006,HIGH,broad
16-17002,NAME:ville de reze,NAME_FALLBACK,2016-02-04,2016-02-04,2016-08-04,2026-07-13,48,48421,DIGITAL_ICT,True,6.0,True,0,125.22996057818659,,,,broad
16-25827,NAME:cg49,NAME_FALLBACK,2016-02-23,2016-05-23,2016-11-23,2026-07-13,72,72268,DIGITAL_ICT,True,6.0,True,0,124.60578186596584,,,,broad
16-21939,NAME:ville de reze,NAME_FALLBACK,2016-02-12,2016-02-12,2017-01-12,2026-07-13,39,39150,DIGITAL_ICT,True,11.0,True,0,124.96714848883049,,,,broad
16-19705,NAME:concarneau cornouaille agglomeration,NAME_FALLBACK,2016-02-10,2016-07-04,2017-01-04,2026-07-13,48,48160,DIGITAL_ICT,True,6.0,True,0,125.03285151116951,,,,broad
16-20762,SIRET:23440003400026,RAW_SIRET,2016-02-11,2016-07-14,2017-01-14,2026-07-13,48,48810,DIGITAL_ICT,True,6.0,True,1,14.35611038107753,17-56452,0.2783867315912489,POTENTIAL,broad
16-47825,NAME:angers loire metropole,NAME_FALLBACK,2016-03-31,2016-03-31,2016-09-30,2026-07-13,,,DIGITAL_ICT,True,6.0,True,1,7.720105124835742,16-168154,0.2793794044343674,POTENTIAL,broad
16-32977,NAME:sdis de la mayenne,NAME_FALLBACK,2016-03-08,2016-03-08,2016-08-08,2026-07-13,35,35111,DIGITAL_ICT,True,5.0,True,1,8.5742444152431,16-170106,0.3727919304036822,MEDIUM,broad
16-36754,NAME:cci de maine et loire,NAME_FALLBACK,2016-03-15,2016-03-15,2016-08-15,2026-07-13,79,79520,DIGITAL_ICT,True,5.0,True,0,123.91590013140605,,,,broad
16-40204,NAME:ch le mans,NAME_FALLBACK,2016-03-22,2016-03-22,2016-08-22,2026-07-13,35,35121,DIGITAL_ICT,True,5.0,True,1,0.9526938239159,16-56698,0.5176938818613408,HIGH,broad
16-40838,NAME:laval agglomeration,NAME_FALLBACK,2016-03-22,2016-07-22,2016-11-22,2026-07-13,32,32342,DIGITAL_ICT,True,4.0,True,0,123.68593955321944,,,,broad
16-39068,NAME:syndicat departemental d energie,NAME_FALLBACK,2016-03-17,2016-03-17,2016-09-17,2026-07-13,,,DIGITAL_ICT,True,6.0,True,0,123.85019710906701,,,,broad
16-48130,SIRET:22850001300658,RAW_SIRET,2016-03-31,2017-02-08,2017-08-08,2026-07-13,48,48481,DIGITAL_ICT,True,6.0,True,0,123.39027595269383,,,,broad
16-48232,NAME:gie sesam vitale,NAME_FALLBACK,2016-03-31,2016-11-25,2017-05-25,2026-07-13,72,72314,DIGITAL_ICT,True,6.0,True,1,8.83705650459921,16-184210,0.5571340013069364,HIGH,broad
16-33283,NAME:nantes metropole,NAME_FALLBACK,2016-03-10,2016-03-10,2016-09-10,2026-07-13,72,72810,DIGITAL_ICT,True,6.0,True,1,6.011826544021025,16-128161,0.3802058940301043,POTENTIAL,broad
16-37530,NAME:ville de saumur,NAME_FALLBACK,2016-03-18,2016-03-18,2016-07-18,2026-07-13,30,30237,DIGITAL_ICT,True,4.0,True,0,123.8173455978975,,,,broad
16-40500,NAME:conseil general de loire-atlantique,NAME_FALLBACK,2016-03-22,2016-07-06,2017-01-06,2026-07-13,48,48900,DIGITAL_ICT,True,6.0,True,0,123.68593955321944,,,,broad
16-40880,NAME:universite de nantes,NAME_FALLBACK,2016-03-22,2016-06-27,2016-12-27,2026-07-13,72,72224,DIGITAL_ICT,True,6.0,True,1,8.902759526938238,16-180522,0.314391766931088,POTENTIAL,broad
16-30120,NAME:gie sesam vitale,NAME_FALLBACK,2016-03-02,2016-11-25,2017-05-25,2026-07-13,72,72314,DIGITAL_ICT,True,6.0,True,1,9.789750328515112,16-184210,0.5593706208350739,HIGH,broad
16-36374,NAME:centre hospitalier de saumur,NAME_FALLBACK,2016-03-14,2016-03-14,2016-09-14,2026-07-13,,,DIGITAL_ICT,True,6.0,True,0,123.94875164257556,,,,broad
16-37108,NAME:nantes metropole,NAME_FALLBACK,2016-03-16,2016-09-29,2017-02-28,2026-07-13,64,64200,DIGITAL_ICT,True,5.0,True,1,13.173455978975031,17-55087,0.3977893002973802,POTENTIAL,broad
16-31513,NAME:nantes metropole,NAME_FALLBACK,2016-03-07,2016-03-07,2016-09-07,2026-07-13,,,DIGITAL_ICT,True,6.0,True,1,5.88042049934297,16-128178,0.3642488323530958,POTENTIAL,broad
16-32105,NAME:ville de carquefou,NAME_FALLBACK,2016-03-07,2016-06-17,2016-10-17,2026-07-13,32,32425,DIGITAL_ICT,True,4.0,True,1,7.391590013140604,16-151887,0.4999829340989989,MEDIUM,broad
16-35152,NAME:departement de la sarthe,NAME_FALLBACK,2016-03-11,2016-08-17,2017-02-17,2026-07-13,72,72422,DIGITAL_ICT,True,6.0,True,1,10.315374507227332,17-8714,0.4070532908479594,MEDIUM,broad
16-42023,NAME:gpm de nantes - st nazaire,NAME_FALLBACK,2016-03-24,2016-03-24,2016-07-24,2026-07-13,32,32344,DIGITAL_ICT,True,4.0,True,0,123.62023653088042,,,,broad
16-48016,NAME:universite de nantes,NAME_FALLBACK,2016-03-31,2016-07-22,2016-11-22,2026-07-13,32,32420,DIGITAL_ICT,True,4.0,True,1,3.4822601839684624,16-106204,0.3022430567781275,POTENTIAL,broad
16-30963,SIRET:22850001300658,RAW_SIRET,2016-03-03,2016-06-18,2016-11-18,2026-07-13,35,35261,DIGITAL_ICT,True,5.0,True,0,124.31011826544021,,,,broad
16-43654,NAME:mindef dga do s2a,NAME_FALLBACK,2016-03-29,2016-03-29,2016-08-29,2026-07-13,35,35125,DIGITAL_ICT,True,5.0,True,0,123.45597897503285,,,,broad
16-32344,NAME:conseil regional des pays de la loire,NAME_FALLBACK,2016-03-04,2016-07-14,2017-01-14,2026-07-13,48,48810,DIGITAL_ICT,True,6.0,True,1,9.165571616294349,16-175021,0.3386959322003404,POTENTIAL,broad
16-33632,NAME:nantes metropole,NAME_FALLBACK,2016-03-11,2016-03-11,2016-09-11,2026-07-13,72,72212,DIGITAL_ICT,True,6.0,True,1,5.978975032851511,16-128161,0.4283856601765402,MEDIUM,broad
16-27384,NAME:mindef dga do s2a,NAME_FALLBACK,2016-03-15,2016-03-15,2016-08-15,2026-07-13,35,35125,DIGITAL_ICT,True,5.0,True,1,0.4599211563731931,16-43654,0.4541770255346439,MEDIUM,broad
16-47620,SIRET:22850001300658,RAW_SIRET,2016-03-31,2016-09-08,2017-02-08,2026-07-13,79,79512,DIGITAL_ICT,True,5.0,True,0,123.39027595269383,,,,broad
16-41333,NAME:s m sarthois d amenagement numerique,NAME_FALLBACK,2016-03-23,2016-06-01,2016-12-01,2026-07-13,71,71317,DIGITAL_ICT,True,6.0,True,0,123.65308804204993,,,,broad
16-30715,NAME:cg49,NAME_FALLBACK,2016-03-02,2016-05-23,2016-11-23,2026-07-13,72,72268,DIGITAL_ICT,True,6.0,True,0,124.34296977660972,,,,broad
16-40003,SIRET:12000601000058,RAW_SIRET,2016-03-21,2016-09-10,2017-03-10,2026-07-13,72,72611,DIGITAL_ICT,True,6.0,True,0,123.71879106438897,,,,broad
16-28465,NAME:syndicat departemental d energie,NAME_FALLBACK,2016-03-01,2016-03-01,2016-09-01,2026-07-13,72,72400,DIGITAL_ICT,True,6.0,True,1,0.5256241787122208,16-39068,0.443430876320009,MEDIUM,broad
16-33781,NAME:commune d ecommoy,NAME_FALLBACK,2016-03-09,2016-05-23,2017-05-23,2026-07-13,45,45300,DIGITAL_ICT,True,12.0,True,0,124.11300919842313,,,,broad
16-9312,NAME:ville de cholet,NAME_FALLBACK,2016-03-15,2016-03-15,2016-09-15,2026-07-13,,,DIGITAL_ICT,True,6.0,True,0,123.91590013140605,,,,broad
16-38113,NAME:le mans metropole - communaute urbaine,NAME_FALLBACK,2016-03-16,2016-12-19,2017-06-19,2026-07-13,72,72212,DIGITAL_ICT,True,6.0,True,1,14.027595269382392,17-69162,0.3248291721419185,MEDIUM,broad
16-45870,NAME:angers loire metropole,NAME_FALLBACK,2016-03-30,2016-03-30,2016-09-30,2026-07-13,72,72267,DIGITAL_ICT,True,6.0,True,1,1.5768725361366622,16-70219,0.4508357703249914,POTENTIAL,broad
16-42170,NAME:gpm de nantes - st nazaire,NAME_FALLBACK,2016-03-24,2016-08-11,2017-02-11,2026-07-13,48,48443,DIGITAL_ICT,True,6.0,True,1,9.789750328515112,17-7154,0.3115633426859939,POTENTIAL,broad
16-46830,SIRET:19490970100303,RAW_SIRET,2016-03-31,2016-07-15,2016-11-15,2026-07-13,32,32510,DIGITAL_ICT,True,4.0,True,0,123.39027595269383,,,,broad
16-54197,NAME:nantes metropole,NAME_FALLBACK,2016-04-17,2016-04-17,2016-10-17,2026-07-13,48,48900,DIGITAL_ICT,True,6.0,True,1,6.307490144546649,16-153330,0.3692827707770348,POTENTIAL,broad
16-55322,NAME:conseil general de loire-atlantique,NAME_FALLBACK,2016-04-18,2016-08-03,2017-02-03,2026-07-13,,,DIGITAL_ICT,True,6.0,True,0,122.79894875164257,,,,broad
16-34964,NAME:cour d appel de rennes,NAME_FALLBACK,2016-04-19,2016-04-19,2016-09-19,2026-07-13,35,35124,DIGITAL_ICT,True,5.0,True,0,122.76609724047306,,,,broad
16-36496,NAME:la roche-sur-yon agglomeration,NAME_FALLBACK,2016-04-01,2016-04-01,2016-10-01,2026-07-13,72,72268,DIGITAL_ICT,True,6.0,True,0,123.35742444152432,,,,broad
16-54370,NAME:nantes metropole,NAME_FALLBACK,2016-04-17,2016-04-17,2016-10-17,2026-07-13,48,48900,DIGITAL_ICT,True,6.0,True,1,6.307490144546649,16-153330,0.3628681249511481,POTENTIAL,broad
16-56698,NAME:ch le mans,NAME_FALLBACK,2016-04-20,2016-04-20,2016-09-20,2026-07-13,35,35121,DIGITAL_ICT,True,5.0,True,1,0.657030223390276,16-67461,0.3079478756022776,MEDIUM,broad
16-61061,NAME:departement de la sarthe,NAME_FALLBACK,2016-04-29,2016-04-29,2016-10-29,2026-07-13,72,72512,DIGITAL_ICT,True,6.0,True,1,4.040735873850197,16-127032,0.5899283691393036,HIGH,broad
16-51983,NAME:angers nantes opera syndicat mixte,NAME_FALLBACK,2016-04-11,2016-04-11,2016-10-11,2026-07-13,,,DIGITAL_ICT,True,6.0,True,0,123.02890932982918,,,,broad
16-57562,NAME:angers loire metropole,NAME_FALLBACK,2016-04-25,2016-04-25,2016-10-25,2026-07-13,72,72267,DIGITAL_ICT,True,6.0,True,1,0.7227332457293035,16-70307,0.4549315123554745,POTENTIAL,broad
16-57663,NAME:ch le mans,NAME_FALLBACK,2016-04-25,2016-04-25,2017-04-25,2026-07-13,45,45311,DIGITAL_ICT,True,12.0,True,1,11.366622864651774,17-48667,0.2895648806306449,POTENTIAL,broad
16-50276,NAME:mairie de coueron,NAME_FALLBACK,2016-04-06,2016-04-06,2016-10-06,2026-07-13,,,DIGITAL_ICT,True,6.0,True,0,123.19316688567675,,,,broad
16-56502,NAME:caf de la somme,NAME_FALLBACK,2016-04-22,2016-04-22,2016-10-22,2026-07-13,72,72212,DIGITAL_ICT,True,6.0,True,1,7.424441524310118,16-173647,0.6349641749156669,HIGH,broad
16-58728,NAME:universite de nantes,NAME_FALLBACK,2016-04-22,2016-06-27,2016-12-27,2026-07-13,72,72224,DIGITAL_ICT,True,6.0,True,1,7.884362680683311,16-180522,0.3139718418539344,POTENTIAL,broad
16-59706,NAME:ch le mans,NAME_FALLBACK,2016-04-27,2016-08-02,2017-01-02,2026-07-13,79,79540,DIGITAL_ICT,True,5.0,True,0,122.50328515111696,,,,broad
16-49315,NAME:rectorat de l academie de nantes,NAME_FALLBACK,2016-04-05,2016-04-05,2016-10-05,2026-07-13,,,DIGITAL_ICT,True,6.0,True,1,6.504599211563732,16-153372,0.6294609420424229,HIGH,broad
16-54252,NAME:montrevault-sur-evre,NAME_FALLBACK,2016-04-15,2016-04-15,2016-10-15,2026-07-13,48,48000,DIGITAL_ICT,True,6.0,True,1,5.716162943495401,16-145577,0.6459249188727025,HIGH,broad
16-57705,NAME:centre hospitalier de laval,NAME_FALLBACK,2016-04-25,2016-04-25,2016-10-25,2026-07-13,48,48000,DIGITAL_ICT,True,6.0,True,0,122.56898817345598,,,,broad
16-56370,NAME:mission val de loire syndicat mixte i,NAME_FALLBACK,2016-04-20,2016-04-20,2016-10-20,2026-07-13,,,DIGITAL_ICT,True,6.0,True,0,122.73324572930355,,,,broad
16-57014,NAME:nantes metropole,NAME_FALLBACK,2016-04-20,2016-04-20,2016-10-20,2026-07-13,,,DIGITAL_ICT,True,6.0,True,1,6.241787122207621,16-155479,0.3813933841274315,POTENTIAL,broad
16-55219,NAME:conseil departemental de la mayenne,NAME_FALLBACK,2016-04-18,2016-06-19,2016-10-19,2026-07-13,32,32523,DIGITAL_ICT,True,4.0,True,1,2.890932982917214,16-105530,0.8285939553219448,HIGH,broad
16-55859,NAME:centre hospitalier de saint-nazaire,NAME_FALLBACK,2016-04-25,2016-04-25,2016-10-25,2026-07-13,,,DIGITAL_ICT,True,6.0,True,0,122.56898817345598,,,,broad
16-49246,NAME:nantes metropole,NAME_FALLBACK,2016-04-12,2016-04-12,2016-10-12,2026-07-13,,,DIGITAL_ICT,True,6.0,True,1,5.321944809461235,16-137769,0.3350114563438012,POTENTIAL,broad
16-55493,NAME:ccas d angers,NAME_FALLBACK,2016-04-19,2016-04-19,2016-10-19,2026-07-13,48,48180,DIGITAL_ICT,True,6.0,True,0,122.76609724047306,,,,broad
16-63741,NAME:conseil general de loire-atlantique,NAME_FALLBACK,2016-05-05,2016-08-08,2017-01-08,2026-07-13,64,64210,DIGITAL_ICT,True,5.0,True,0,122.24047306176084,,,,broad
16-74267,NAME:ville de nantes,NAME_FALLBACK,2016-05-28,2016-05-28,2016-11-28,2026-07-13,72,72700,DIGITAL_ICT,True,6.0,True,1,7.457293035479632,17-3197,0.3248679872347264,MEDIUM,broad
16-70245,NAME:semitan mandataire de la cun,NAME_FALLBACK,2016-05-17,2016-05-17,2016-11-17,2026-07-13,,,DIGITAL_ICT,True,6.0,True,0,121.84625492772668,,,,broad
16-73142,NAME:ch le mans,NAME_FALLBACK,2016-05-20,2016-08-02,2017-01-02,2026-07-13,79,79540,DIGITAL_ICT,True,5.0,True,0,121.74770039421813,,,,broad
16-66171,NAME:commune de pornic,NAME_FALLBACK,2016-05-23,2016-05-23,2016-11-23,2026-07-13,48,48000,DIGITAL_ICT,True,6.0,True,0,121.6491458607096,,,,broad
16-77563,NAME:lycee polyvalent leonard de vinci,NAME_FALLBACK,2016-05-30,2016-05-30,2016-09-30,2026-07-13,32,32321,DIGITAL_ICT,True,4.0,True,0,121.419185282523,,,,broad
16-63210,NAME:centre hospitalier de laval,NAME_FALLBACK,2016-05-03,2016-05-03,2016-09-03,2026-07-13,32,32354,DIGITAL_ICT,True,4.0,True,0,122.30617608409987,,,,broad
16-65767,NAME:lycee general et technologique livet,NAME_FALLBACK,2016-05-06,2016-05-06,2016-11-06,2026-07-13,,,DIGITAL_ICT,True,6.0,True,1,1.5440210249671484,16-92246,0.3678120203041647,MEDIUM,broad
16-67461,NAME:ch le mans,NAME_FALLBACK,2016-05-10,2016-05-10,2016-10-10,2026-07-13,35,35125,DIGITAL_ICT,True,5.0,True,0,122.07621550591327,,,,broad
16-67267,NAME:ademe,NAME_FALLBACK,2016-05-12,2016-11-28,2017-05-28,2026-07-13,48,48000,DIGITAL_ICT,True,6.0,True,1,12.220762155059132,17-59442,0.3091073910849503,MEDIUM,broad
16-70307,NAME:angers loire metropole,NAME_FALLBACK,2016-05-17,2016-05-17,2016-11-17,2026-07-13,,,DIGITAL_ICT,True,6.0,True,1,6.176084099868594,16-168154,0.3361620839447003,POTENTIAL,broad
16-67701,NAME:pole emploi pays de la loire,NAME_FALLBACK,2016-05-13,2016-09-25,2017-09-25,2026-07-13,45,45311,DIGITAL_ICT,True,12.0,True,0,121.97766097240473,,,,broad
16-73215,NAME:nantes metropole,NAME_FALLBACK,2016-05-23,2016-05-23,2016-11-23,2026-07-13,72,72130,DIGITAL_ICT,True,6.0,True,1,8.245729303547963,17-13461,0.5067122304585997,HIGH,broad
16-71885,NAME:nantes metropole,NAME_FALLBACK,2016-05-23,2016-05-23,2016-11-23,2026-07-13,,,DIGITAL_ICT,True,6.0,True,1,5.157687253613666,16-155479,0.3146027425532676,POTENTIAL,broad
16-77846,NAME:lycee chevrollier,NAME_FALLBACK,2016-05-30,2016-07-15,2016-11-15,2026-07-13,30,30214,DIGITAL_ICT,True,4.0,True,0,121.419185282523,,,,broad
16-76661,NAME:concarneau cornouaille agglomeration,NAME_FALLBACK,2016-05-26,2016-05-26,2016-11-26,2026-07-13,,,DIGITAL_ICT,True,6.0,True,0,121.55059132720105,,,,broad
16-67782,NAME:insee,NAME_FALLBACK,2016-05-11,2016-06-10,2016-11-10,2026-07-13,64,64122,DIGITAL_ICT,True,5.0,True,0,122.04336399474376,,,,broad
16-68218,NAME:universite de nantes,NAME_FALLBACK,2016-05-14,2016-07-21,2016-11-21,2026-07-13,30,30211,DIGITAL_ICT,True,4.0,True,1,3.876478318002628,16-132618,0.3176627323276735,POTENTIAL,broad
16-72521,NAME:ville de noirmoutier,NAME_FALLBACK,2016-05-19,2016-05-19,2016-11-19,2026-07-13,,,DIGITAL_ICT,True,6.0,True,1,2.266754270696452,16-113197,0.4279064499537808,MEDIUM,broad
16-78789,NAME:ecole des mines de nantes,NAME_FALLBACK,2016-05-30,2016-05-30,2016-11-30,2026-07-13,,,DIGITAL_ICT,True,6.0,True,0,121.419185282523,,,,broad
16-73358,NAME:ville du mans,NAME_FALLBACK,2016-05-23,2016-07-05,2016-11-05,2026-07-13,32,32342,DIGITAL_ICT,True,4.0,True,1,5.847568988173456,16-166758,0.7026116020924478,HIGH,broad
16-62960,NAME:universite de nantes,NAME_FALLBACK,2016-05-02,2016-07-27,2017-01-27,2026-07-13,48,48000,DIGITAL_ICT,True,6.0,True,1,12.943495400788436,17-74632,0.4582913784543539,MEDIUM,broad
16-74130,NAME:syndicat vendee des iles,NAME_FALLBACK,2016-05-27,2016-07-30,2017-01-30,2026-07-13,72,72411,DIGITAL_ICT,True,6.0,True,0,121.51773981603154,,,,broad
16-78018,SIRET:27720003600196,RAW_SIRET,2016-05-30,2017-08-26,2018-02-26,2026-07-13,72,72600,DIGITAL_ICT,True,6.0,True,0,121.419185282523,,,,broad
16-75407,NAME:saeml la folle journee,NAME_FALLBACK,2016-05-25,2016-05-25,2016-11-25,2026-07-13,,,DIGITAL_ICT,True,6.0,True,0,121.58344283837056,,,,broad
16-63342,NAME:nantes metropole,NAME_FALLBACK,2016-05-07,2016-10-21,2017-10-21,2026-07-13,45,45316,DIGITAL_ICT,True,12.0,True,1,17.1484888304862,17-143219,0.3386023976750563,POTENTIAL,broad
16-70203,NAME:universite de nantes,NAME_FALLBACK,2016-05-17,2016-07-27,2017-01-27,2026-07-13,72,72224,DIGITAL_ICT,True,6.0,True,1,8.541392904073588,17-15387,0.3052932847908489,POTENTIAL,broad
16-68672,NAME:ecole centrale de nantes,NAME_FALLBACK,2016-05-12,2016-05-12,2016-11-12,2026-07-13,,,DIGITAL_ICT,True,6.0,True,1,5.256241787122208,16-151274,0.4024687350435851,MEDIUM,broad
16-62950,NAME:angers loire metropole,NAME_FALLBACK,2016-05-02,2016-05-02,2016-11-02,2026-07-13,71,71221,DIGITAL_ICT,True,6.0,True,1,6.668856767411301,16-168154,0.3124553715662145,MEDIUM,broad
16-68875,NAME:centre hospitalier de cholet,NAME_FALLBACK,2016-05-12,2016-05-12,2016-11-12,2026-07-13,48,48219,DIGITAL_ICT,True,6.0,True,1,8.508541392904073,17-13004,0.2894103431706233,MEDIUM,broad
16-69641,NAME:centre hospitalier specialise de blain,NAME_FALLBACK,2016-05-13,2016-05-13,2016-11-13,2026-07-13,48,48000,DIGITAL_ICT,True,6.0,True,0,121.97766097240473,,,,broad
16-70219,NAME:angers loire metropole,NAME_FALLBACK,2016-05-17,2016-05-17,2016-11-17,2026-07-13,72,72267,DIGITAL_ICT,True,6.0,True,1,6.176084099868594,16-168154,0.3714560873889219,MEDIUM,broad
16-73480,NAME:gip form continue insert pr experience,NAME_FALLBACK,2016-05-23,2016-05-23,2016-11-23,2026-07-13,,,DIGITAL_ICT,True,6.0,True,0,121.6491458607096,,,,broad
16-73319,NAME:commune de saint-nazaire,NAME_FALLBACK,2016-05-24,2016-09-14,2017-03-14,2026-07-13,72,72700,DIGITAL_ICT,True,6.0,True,1,8.377135348226018,17-15684,0.4541664965418578,MEDIUM,broad
16-64280,NAME:association e-toile,NAME_FALLBACK,2016-05-06,2016-11-20,2017-05-20,2026-07-13,72,72000,DIGITAL_ICT,True,6.0,True,0,122.20762155059133,,,,broad
16-73008,NAME:ccir pays de la loire,NAME_FALLBACK,2016-05-20,2016-05-20,2016-11-20,2026-07-13,,,DIGITAL_ICT,True,6.0,True,0,121.74770039421813,,,,broad
16-73199,NAME:saeml la folle journee,NAME_FALLBACK,2016-05-23,2016-05-23,2016-11-23,2026-07-13,,,DIGITAL_ICT,True,6.0,True,0,121.6491458607096,,,,broad
16-61484,NAME:conseil regional des pays de la loire,NAME_FALLBACK,2016-05-01,2016-09-21,2017-03-21,2026-07-13,72,72413,DIGITAL_ICT,True,6.0,True,1,12.54927726675427,17-68186,0.3932354778527704,POTENTIAL,broad
16-72442,NAME:chu de nantes,NAME_FALLBACK,2016-05-22,2016-12-17,2017-06-17,2026-07-13,72,72267,DIGITAL_ICT,True,6.0,True,1,13.370565045992116,17-93666,0.6023413357700491,POTENTIAL,broad
16-83712,NAME:departement de maine-et-loire,NAME_FALLBACK,2016-06-07,2016-06-07,2016-12-07,2026-07-13,,,DIGITAL_ICT,True,6.0,True,0,121.15637319316689,,,,broad
16-81005,NAME:arafer,NAME_FALLBACK,2016-06-04,2016-06-04,2016-12-04,2026-07-13,48,48612,DIGITAL_ICT,True,6.0,True,1,4.894875164257556,16-158508,0.6831904961362927,HIGH,broad
16-79523,NAME:commune de saint-nazaire,NAME_FALLBACK,2016-06-09,2016-10-06,2017-02-06,2026-07-13,30,30230,DIGITAL_ICT,True,4.0,True,1,10.413929040735871,17-54834,0.5192582279585021,HIGH,broad
16-87909,NAME:cmar pays de la loire,NAME_FALLBACK,2016-06-19,2016-11-12,2017-03-12,2026-07-13,30,30230,DIGITAL_ICT,True,4.0,True,0,120.76215505913272,,,,broad
16-96174,SIRET:23440003400026,RAW_SIRET,2016-06-30,2016-12-22,2017-06-22,2026-07-13,48,48810,DIGITAL_ICT,True,6.0,True,1,9.756898817345595,17-56452,0.3382626510004813,MEDIUM,broad
16-79410,NAME:cte de cnes du pays fontenay le comte,NAME_FALLBACK,2016-06-07,2016-09-27,2017-03-27,2026-07-13,,,DIGITAL_ICT,True,6.0,True,0,121.15637319316689,,,,broad
16-84309,NAME:conseil regional des pays de la loire,NAME_FALLBACK,2016-06-08,2016-09-19,2017-01-19,2026-07-13,32,32353,DIGITAL_ICT,True,4.0,True,1,5.946123521681997,16-175178,0.279772229522558,POTENTIAL,broad
16-87635,NAME:universite d angers,NAME_FALLBACK,2016-06-15,2016-06-15,2016-12-15,2026-07-13,48,48311,DIGITAL_ICT,True,6.0,True,0,120.89356110381078,,,,broad
16-81907,NAME:angers loire metropole,NAME_FALLBACK,2016-06-08,2016-12-15,2017-06-15,2026-07-13,72,72250,DIGITAL_ICT,True,6.0,True,1,13.107752956636006,17-99753,0.3529909216875981,MEDIUM,broad
16-85545,NAME:crous de nantes,NAME_FALLBACK,2016-06-11,2016-06-11,2016-10-11,2026-07-13,32,32420,DIGITAL_ICT,True,4.0,True,0,121.02496714848883,,,,broad
16-83187,NAME:ville d angers,NAME_FALLBACK,2016-06-07,2016-06-07,2016-10-07,2026-07-13,32,32342,DIGITAL_ICT,True,4.0,True,0,121.15637319316689,,,,broad
16-86581,NAME:laval agglomeration,NAME_FALLBACK,2016-06-13,2016-06-13,2016-12-13,2026-07-13,,,DIGITAL_ICT,True,6.0,True,0,120.9592641261498,,,,broad
16-92246,NAME:lycee general et technologique livet,NAME_FALLBACK,2016-06-22,2016-06-22,2016-12-22,2026-07-13,,,DIGITAL_ICT,True,6.0,True,0,120.66360052562418,,,,broad
16-81846,NAME:nantes metropole habitat,NAME_FALLBACK,2016-06-08,2016-11-06,2017-05-06,2026-07-13,48,48000,DIGITAL_ICT,True,6.0,True,0,121.12352168199737,,,,broad
16-82782,NAME:mairie de bauge en anjou,NAME_FALLBACK,2016-06-08,2016-06-08,2016-10-08,2026-07-13,90,90500,DIGITAL_ICT,True,4.0,True,0,121.12352168199737,,,,broad
16-92101,NAME:ecole centrale de nantes,NAME_FALLBACK,2016-06-23,2016-10-21,2017-04-21,2026-07-13,72,72413,DIGITAL_ICT,True,6.0,True,0,120.63074901445466,,,,broad
16-85552,NAME:conseil regional des pays de la loire,NAME_FALLBACK,2016-06-10,2016-12-20,2017-05-20,2026-07-13,35,35000,DIGITAL_ICT,True,5.0,True,1,11.23521681997372,17-68186,0.3294493327927119,POTENTIAL,broad
16-95746,NAME:g c s m s estuaire,NAME_FALLBACK,2016-06-28,2016-06-28,2016-10-28,2026-07-13,32,32417,DIGITAL_ICT,True,4.0,True,1,2.5295663600525624,16-133646,0.8984034165571615,HIGH,broad
16-83013,NAME:dir ouest,NAME_FALLBACK,2016-06-08,2017-02-02,2017-08-02,2026-07-13,72,72267,DIGITAL_ICT,True,6.0,True,0,121.12352168199737,,,,broad
16-85662,NAME:conseil regional des pays de la loire,NAME_FALLBACK,2016-06-13,2016-11-03,2017-05-03,2026-07-13,72,72320,DIGITAL_ICT,True,6.0,True,1,11.136662286465176,17-68186,0.4614184604565428,POTENTIAL,broad
16-84729,NAME:departement de la vendee,NAME_FALLBACK,2016-06-09,2016-10-04,2017-04-04,2026-07-13,72,72212,DIGITAL_ICT,True,6.0,True,0,121.09067017082786,,,,broad
16-85256,NAME:s i d energies de maine et loire,NAME_FALLBACK,2016-06-09,2016-06-09,2016-12-09,2026-07-13,,,DIGITAL_ICT,True,6.0,True,0,121.09067017082786,,,,broad
16-81774,NAME:gie sesam vitale,NAME_FALLBACK,2016-06-05,2016-06-05,2016-12-05,2026-07-13,72,72212,DIGITAL_ICT,True,6.0,True,1,3.679369250985545,16-139147,0.5412018554063378,HIGH,broad
16-95121,NAME:ville de bouguenais,NAME_FALLBACK,2016-06-28,2016-09-27,2017-01-27,2026-07-13,30,30200,DIGITAL_ICT,True,4.0,True,0,120.4664914586071,,,,broad
16-82345,NAME:centre hospitalier de saint-nazaire,NAME_FALLBACK,2016-06-07,2016-06-07,2016-12-07,2026-07-13,,,DIGITAL_ICT,True,6.0,True,0,121.15637319316689,,,,broad
16-86665,NAME:departement de maine-et-loire,NAME_FALLBACK,2016-06-16,2016-06-16,2016-12-16,2026-07-13,,,DIGITAL_ICT,True,6.0,True,0,120.86070959264126,,,,broad
16-94328,NAME:smirgeom est sarthe,NAME_FALLBACK,2016-06-27,2016-06-27,2016-12-27,2026-07-13,48,48000,DIGITAL_ICT,True,6.0,True,0,120.4993429697766,,,,broad
16-80474,NAME:com communes du pays d ancenis,NAME_FALLBACK,2016-06-15,2017-02-03,2017-08-03,2026-07-13,48,48160,DIGITAL_ICT,True,6.0,True,0,120.89356110381078,,,,broad
16-86436,NAME:la roche-sur-yon agglomeration,NAME_FALLBACK,2016-06-15,2016-11-04,2017-03-04,2026-07-13,30,30211,DIGITAL_ICT,True,4.0,True,1,7.752956636005256,17-16255,0.3044108628996934,MEDIUM,broad
16-80903,NAME:nantes metropole,NAME_FALLBACK,2016-06-03,2016-06-03,2016-12-03,2026-07-13,,,DIGITAL_ICT,True,6.0,True,1,4.796320630749015,16-155479,0.2948852590267972,POTENTIAL,broad
16-88869,NAME:greta loire atlantique,NAME_FALLBACK,2016-06-15,2016-06-15,2016-12-15,2026-07-13,,,DIGITAL_ICT,True,6.0,True,1,6.83311432325887,17-3608,0.3057796758650898,MEDIUM,broad
16-96425,NAME:cap atlantique,NAME_FALLBACK,2016-06-29,2016-06-29,2016-12-29,2026-07-13,,,DIGITAL_ICT,True,6.0,True,1,0.6898817345597897,16-108742,0.4599214226993707,MEDIUM,broad
16-85619,NAME:conseil regional des pays de la loire,NAME_FALLBACK,2016-06-13,2016-12-07,2017-04-07,2026-07-13,32,32550,DIGITAL_ICT,True,4.0,True,1,11.136662286465176,17-68186,0.3792268213793798,MEDIUM,broad
16-109013,NAME:rectorat de l academie de dijon,NAME_FALLBACK,2016-07-22,2016-07-22,2017-01-22,2026-07-13,72,72000,DIGITAL_ICT,True,6.0,True,0,119.67805519053877,,,,broad
16-111867,SIRET:22490001900015,RAW_SIRET,2016-07-29,2017-01-18,2017-07-18,2026-07-13,72,72210,DIGITAL_ICT,True,6.0,True,0,119.44809461235216,,,,broad
16-100426,NAME:angers loire metropole,NAME_FALLBACK,2016-07-07,2016-12-21,2017-06-21,2026-07-13,72,72210,DIGITAL_ICT,True,6.0,True,1,14.914586070959263,17-139193,0.2943190271742714,POTENTIAL,broad
16-98835,NAME:association e-toile,NAME_FALLBACK,2016-07-09,2016-07-09,2017-01-09,2026-07-13,72,72000,DIGITAL_ICT,True,6.0,True,0,120.10512483574244,,,,broad
16-112263,NAME:cte de cnes de la vallee de clisson,NAME_FALLBACK,2016-07-27,2016-07-27,2016-11-27,2026-07-13,32,32429,DIGITAL_ICT,True,4.0,True,0,119.5137976346912,,,,broad
16-95598,NAME:commune de saint-nazaire,NAME_FALLBACK,2016-07-04,2016-12-14,2017-04-14,2026-07-13,50,50324,DIGITAL_ICT,True,4.0,True,1,9.592641261498027,17-54834,0.3421234969809994,POTENTIAL,broad
16-109017,NAME:gie sesam vitale,NAME_FALLBACK,2016-07-22,2016-07-22,2017-01-22,2026-07-13,48,48920,DIGITAL_ICT,True,6.0,True,0,119.67805519053877,,,,broad
16-109275,NAME:agence regionale pays de la loire ti,NAME_FALLBACK,2016-07-22,2016-07-22,2017-01-22,2026-07-13,,,DIGITAL_ICT,True,6.0,True,1,8.47568988173456,17-46886,0.472451109377753,MEDIUM,broad
16-102267,NAME:caf de la sarthe,NAME_FALLBACK,2016-07-09,2016-12-11,2017-04-11,2026-07-13,30,30237,DIGITAL_ICT,True,4.0,True,0,120.10512483574244,,,,broad
16-108313,NAME:cesame - ch de sainte gemmes sur loire,NAME_FALLBACK,2016-07-19,2016-07-19,2017-01-19,2026-07-13,,,DIGITAL_ICT,True,6.0,True,0,119.7766097240473,,,,broad
16-105530,NAME:conseil departemental de la mayenne,NAME_FALLBACK,2016-07-15,2017-03-03,2017-07-03,2026-07-13,32,32523,DIGITAL_ICT,True,4.0,True,1,11.530880420499342,17-90968,0.3086604315679522,MEDIUM,broad
16-106204,NAME:universite de nantes,NAME_FALLBACK,2016-07-15,2016-12-25,2017-04-25,2026-07-13,32,32524,DIGITAL_ICT,True,4.0,True,1,9.42838370565046,17-60124,0.3151993946749561,POTENTIAL,broad
16-99329,NAME:nantes metropole habitat,NAME_FALLBACK,2016-07-26,2016-11-24,2017-05-24,2026-07-13,48,48900,DIGITAL_ICT,True,6.0,True,0,119.54664914586071,,,,broad
16-98551,NAME:cnieg,NAME_FALLBACK,2016-07-01,2016-07-01,2017-01-01,2026-07-13,72,72600,DIGITAL_ICT,True,6.0,True,0,120.36793692509856,,,,broad
16-106116,NAME:ville d orvault,NAME_FALLBACK,2016-07-13,2016-07-13,2017-01-13,2026-07-13,,,DIGITAL_ICT,True,6.0,True,1,4.139290407358739,16-165866,0.5246299065991935,HIGH,broad
16-99599,NAME:greta de vendee,NAME_FALLBACK,2016-07-05,2016-07-05,2017-01-05,2026-07-13,,,DIGITAL_ICT,True,6.0,True,0,120.2365308804205,,,,broad
16-114007,NAME:c s t b,NAME_FALLBACK,2016-07-30,2016-07-30,2017-01-30,2026-07-13,72,72000,DIGITAL_ICT,True,6.0,True,0,119.41524310118265,,,,broad
16-93714,NAME:ademe,NAME_FALLBACK,2016-07-02,2016-12-18,2017-04-18,2026-07-13,30,30200,DIGITAL_ICT,True,4.0,True,1,10.545335085413928,17-59442,0.3339585416635453,MEDIUM,broad
16-98698,SIRET:19490970100303,RAW_SIRET,2016-07-03,2016-11-09,2017-05-09,2026-07-13,48,48822,DIGITAL_ICT,True,6.0,True,1,10.11826544021025,17-62873,0.4274801985749863,MEDIUM,broad
16-102715,NAME:nantes metropole,NAME_FALLBACK,2016-07-11,2016-07-11,2016-11-11,2026-07-13,32,32400,DIGITAL_ICT,True,4.0,True,1,3.54796320630749,16-155479,0.3619689039982715,MEDIUM,broad
16-94711,NAME:vendee eau,NAME_FALLBACK,2016-07-04,2017-01-17,2017-07-17,2026-07-13,48,48900,DIGITAL_ICT,True,6.0,True,1,8.639947437582128,17-39093,0.2979695652022133,MEDIUM,broad
16-111174,NAME:o p h le mans habitat,NAME_FALLBACK,2016-07-25,2016-07-25,2017-01-25,2026-07-13,,,DIGITAL_ICT,True,6.0,True,1,5.519053876478318,17-3293,0.3192626199650704,MEDIUM,broad
16-108742,NAME:cap atlantique,NAME_FALLBACK,2016-07-20,2016-07-20,2017-01-20,2026-07-13,,,DIGITAL_ICT,True,6.0,True,1,6.734559789750328,17-20203,0.3231919850916613,MEDIUM,broad
16-97484,NAME:sdis 49,NAME_FALLBACK,2016-07-04,2016-12-28,2017-04-28,2026-07-13,32,32522,DIGITAL_ICT,True,4.0,True,1,10.64388961892247,17-71852,0.282914876820659,MEDIUM,broad
16-103634,NAME:dreal pays de la loire,NAME_FALLBACK,2016-07-11,2016-07-11,2017-01-11,2026-07-13,,,DIGITAL_ICT,True,6.0,True,0,120.03942181340342,,,,broad
16-113197,NAME:ville de noirmoutier,NAME_FALLBACK,2016-07-27,2016-07-27,2017-01-27,2026-07-13,,,DIGITAL_ICT,True,6.0,True,0,119.5137976346912,,,,broad
16-107267,NAME:commune de saint-nazaire,NAME_FALLBACK,2016-07-23,2016-11-16,2017-05-16,2026-07-13,72,72420,DIGITAL_ICT,True,6.0,True,1,8.968462549277266,17-54834,0.4018108892317513,POTENTIAL,broad
16-103802,NAME:arafer,NAME_FALLBACK,2016-07-13,2016-07-13,2017-01-13,2026-07-13,72,72316,DIGITAL_ICT,True,6.0,True,1,6.636005256241787,17-15162,0.3726092182109365,POTENTIAL,broad
16-110202,NAME:cmar pays de la loire,NAME_FALLBACK,2016-07-25,2017-01-17,2017-07-17,2026-07-13,,,DIGITAL_ICT,True,6.0,True,1,13.76478318002628,17-129931,0.2987683631819747,MEDIUM,broad
16-103833,NAME:nantes metropole,NAME_FALLBACK,2016-07-13,2016-07-13,2017-01-13,2026-07-13,48,48800,DIGITAL_ICT,True,6.0,True,1,10.808147174770038,17-68985,0.364419881969712,MEDIUM,broad
16-101519,NAME:commune de saint jean de monts,NAME_FALLBACK,2016-07-07,2016-09-13,2017-03-13,2026-07-13,,,DIGITAL_ICT,True,6.0,True,0,120.17082785808147,,,,broad
16-106449,NAME:synd mixte du pays de coutances,NAME_FALLBACK,2016-07-15,2016-07-15,2016-11-15,2026-07-13,30,30211,DIGITAL_ICT,True,4.0,True,0,119.90801576872536,,,,broad
16-110437,NAME:universite europeenne de bretagne,NAME_FALLBACK,2016-07-26,2016-07-26,2017-01-26,2026-07-13,48,48190,DIGITAL_ICT,True,6.0,True,0,119.54664914586071,,,,broad
16-92162,NAME:ville de la roche-sur-yon,NAME_FALLBACK,2016-07-04,2016-12-22,2017-05-22,2026-07-13,35,35125,DIGITAL_ICT,True,5.0,True,0,120.26938239159001,,,,broad
16-102238,NAME:c s t b,NAME_FALLBACK,2016-07-09,2016-07-09,2017-01-09,2026-07-13,72,72230,DIGITAL_ICT,True,6.0,True,1,0.6898817345597897,16-114007,0.4569708856984991,MEDIUM,broad
16-103088,SIRET:24720013200014,RAW_SIRET,2016-07-11,2016-11-20,2017-03-20,2026-07-13,30,30200,DIGITAL_ICT,True,4.0,True,1,6.176084099868594,17-6085,0.5656922743088171,POTENTIAL,broad
16-98038,NAME:cte de cnes de la vallee de clisson,NAME_FALLBACK,2016-07-04,2016-07-04,2017-01-04,2026-07-13,72,72000,DIGITAL_ICT,True,6.0,True,0,120.26938239159001,,,,broad
16-115075,NAME:conseil general de loire-atlantique,NAME_FALLBACK,2016-08-02,2017-02-08,2017-06-08,2026-07-13,30,30230,DIGITAL_ICT,True,4.0,True,0,119.3166885676741,,,,broad
16-123498,NAME:chu de nantes,NAME_FALLBACK,2016-08-22,2016-08-22,2017-02-22,2026-07-13,48,48900,DIGITAL_ICT,True,6.0,True,1,6.044678055190539,17-25915,0.6755301410153838,HIGH,broad
16-124376,NAME:conseil regional des pays de la loire,NAME_FALLBACK,2016-08-23,2016-12-20,2017-06-20,2026-07-13,72,72212,DIGITAL_ICT,True,6.0,True,1,9.00131406044678,17-71849,0.5633425609660947,HIGH,broad
16-125010,NAME:departement de la sarthe,NAME_FALLBACK,2016-08-25,2016-08-25,2017-02-25,2026-07-13,72,72600,DIGITAL_ICT,True,6.0,True,1,5.946123521681997,17-25692,0.3440975854039498,POTENTIAL,broad
16-122392,NAME:ville de meyzieu,NAME_FALLBACK,2016-08-18,2016-08-18,2017-02-18,2026-07-13,72,72413,DIGITAL_ICT,True,6.0,True,0,118.79106438896189,,,,broad
16-125788,SIRET:21440043400012,RAW_SIRET,2016-08-28,2017-01-12,2017-05-12,2026-07-13,30,30230,DIGITAL_ICT,True,4.0,True,0,118.46254927726676,,,,broad
16-125564,NAME:mairie de varades,NAME_FALLBACK,2016-08-25,2016-08-25,2017-02-25,2026-07-13,,,DIGITAL_ICT,True,6.0,True,0,118.5611038107753,,,,broad
16-118533,SIRET:28720026500018,RAW_SIRET,2016-08-08,2016-11-19,2017-04-19,2026-07-13,35,35111,DIGITAL_ICT,True,5.0,True,0,119.11957950065703,,,,broad
16-123593,NAME:departement de la sarthe,NAME_FALLBACK,2016-08-22,2016-08-22,2017-02-22,2026-07-13,71,71241,DIGITAL_ICT,True,6.0,True,1,6.044678055190539,17-25692,0.3470326424197071,POTENTIAL,broad
16-118057,NAME:conseil general de loire-atlantique,NAME_FALLBACK,2016-08-07,2016-08-07,2016-12-07,2026-07-13,30,30200,DIGITAL_ICT,True,4.0,True,1,0.0985545335085413,16-118029,0.7971112571178274,HIGH,broad
16-119669,NAME:conseil departemental de la mayenne,NAME_FALLBACK,2016-08-12,2016-11-17,2017-03-17,2026-07-13,30,30230,DIGITAL_ICT,True,4.0,True,1,10.611038107752956,17-90968,0.7523179111337523,HIGH,broad
16-118029,NAME:conseil general de loire-atlantique,NAME_FALLBACK,2016-08-10,2017-02-15,2017-06-15,2026-07-13,30,30200,DIGITAL_ICT,True,4.0,True,0,119.053876478318,,,,broad
16-120395,SIRET:21720181300011,RAW_SIRET,2016-08-13,2016-12-11,2017-12-11,2026-07-13,80,80340,DIGITAL_ICT,True,12.0,True,0,118.95532194480946,,,,broad
16-114945,NAME:chu de nantes,NAME_FALLBACK,2016-08-01,2016-08-01,2017-02-01,2026-07-13,72,72220,DIGITAL_ICT,True,6.0,True,1,6.077529566360052,17-14986,0.3799831757639658,MEDIUM,broad
16-127032,NAME:departement de la sarthe,NAME_FALLBACK,2016-08-30,2016-12-14,2017-06-14,2026-07-13,72,72512,DIGITAL_ICT,True,6.0,True,1,10.545335085413928,17-102039,0.4171242474395342,POTENTIAL,broad
16-132618,NAME:universite de nantes,NAME_FALLBACK,2016-09-09,2016-12-22,2017-06-22,2026-07-13,,,DIGITAL_ICT,True,6.0,True,1,8.672798948751643,17-74632,0.3527277079895809,POTENTIAL,broad
16-131471,NAME:insee,NAME_FALLBACK,2016-09-10,2016-12-10,2017-06-10,2026-07-13,72,72000,DIGITAL_ICT,True,6.0,True,0,118.03547963206307,,,,broad
16-139147,NAME:gie sesam vitale,NAME_FALLBACK,2016-09-25,2017-07-05,2018-01-05,2026-07-13,72,72212,DIGITAL_ICT,True,6.0,True,1,15.867279894875164,18-8879,0.39505759361421,POTENTIAL,broad
16-134501,NAME:gie sesam vitale,NAME_FALLBACK,2016-09-15,2016-09-15,2017-03-15,2026-07-13,72,72314,DIGITAL_ICT,True,6.0,True,1,3.3180026281208934,16-184210,0.5130917074461713,HIGH,broad
16-142611,NAME:ville d orvault,NAME_FALLBACK,2016-09-30,2016-09-30,2017-03-30,2026-07-13,48,48000,DIGITAL_ICT,True,6.0,True,1,2.299605781865966,16-176618,0.4740217460695996,MEDIUM,broad
16-137769,NAME:nantes metropole,NAME_FALLBACK,2016-09-21,2016-09-21,2017-03-21,2026-07-13,,,DIGITAL_ICT,True,6.0,True,1,6.636005256241787,17-50845,0.3269527099301035,POTENTIAL,broad
16-139456,NAME:sdis 44,NAME_FALLBACK,2016-09-23,2016-09-23,2017-03-23,2026-07-13,48,48000,DIGITAL_ICT,True,6.0,True,0,117.6084099868594,,,,broad
16-132878,NAME:ville d avrille,NAME_FALLBACK,2016-09-12,2016-09-12,2017-03-12,2026-07-13,48,48000,DIGITAL_ICT,True,6.0,True,0,117.96977660972405,,,,broad
16-128870,NAME:chu de nantes,NAME_FALLBACK,2016-09-05,2017-02-02,2017-08-02,2026-07-13,72,72611,DIGITAL_ICT,True,6.0,True,1,10.38107752956636,17-102482,0.3583172318150444,POTENTIAL,broad
16-130215,SIRET:22850001300658,RAW_SIRET,2016-09-08,2017-03-04,2017-09-04,2026-07-13,72,72267,DIGITAL_ICT,True,6.0,True,0,118.10118265440211,,,,broad
16-135042,NAME:nantes metropole,NAME_FALLBACK,2016-09-19,2017-05-05,2017-11-05,2026-07-13,72,72415,DIGITAL_ICT,True,6.0,True,1,14.323258869908017,17-168569,0.3474328864293581,POTENTIAL,broad
16-129697,NAME:centre hospitalier du nord mayenne,NAME_FALLBACK,2016-09-05,2016-09-05,2017-03-05,2026-07-13,,,DIGITAL_ICT,True,6.0,True,0,118.19973718791064,,,,broad
16-128178,NAME:nantes metropole,NAME_FALLBACK,2016-09-02,2016-09-02,2017-03-02,2026-07-13,,,DIGITAL_ICT,True,6.0,True,1,7.490144546649145,17-51157,0.2970820971344986,POTENTIAL,broad
16-128900,NAME:communaute de communes des coevrons,NAME_FALLBACK,2016-09-02,2016-09-02,2017-03-02,2026-07-13,72,72413,DIGITAL_ICT,True,6.0,True,0,118.29829172141919,,,,broad
16-139386,NAME:conseil departemental de la mayenne,NAME_FALLBACK,2016-09-28,2016-12-31,2017-06-30,2026-07-13,48,48214,DIGITAL_ICT,True,6.0,True,1,9.067017082785808,17-90968,0.367086025780348,MEDIUM,broad
16-127861,NAME:ville d orvault,NAME_FALLBACK,2016-09-01,2016-09-01,2017-01-01,2026-07-13,30,30121,DIGITAL_ICT,True,4.0,True,1,6.931668856767411,17-44864,0.7960810409692916,HIGH,broad
16-131495,NAME:sdis 85,NAME_FALLBACK,2016-09-08,2017-01-02,2017-06-02,2026-07-13,35,35100,DIGITAL_ICT,True,5.0,True,1,8.902759526938238,17-78402,0.3256823243370976,POTENTIAL,broad
16-128161,NAME:nantes metropole,NAME_FALLBACK,2016-09-09,2016-09-09,2017-03-09,2026-07-13,72,72227,DIGITAL_ICT,True,6.0,True,1,0.3942181340341655,16-137769,0.4420695689351425,MEDIUM,broad
16-136139,NAME:conseil regional des pays de la loire,NAME_FALLBACK,2016-09-19,2017-04-05,2017-10-05,2026-07-13,72,72222,DIGITAL_ICT,True,6.0,True,1,7.917214191852825,17-68186,0.5283661848445028,HIGH,broad
16-140691,NAME:ville de thouare-sur-loire,NAME_FALLBACK,2016-09-29,2016-09-29,2017-02-28,2026-07-13,35,35120,DIGITAL_ICT,True,5.0,True,0,117.41130091984232,,,,broad
16-136057,NAME:ville du mans,NAME_FALLBACK,2016-09-19,2016-11-24,2017-03-24,2026-07-13,32,32342,DIGITAL_ICT,True,4.0,True,1,1.938239159001314,16-166758,0.5129180835311018,HIGH,broad
16-133646,NAME:g c s m s estuaire,NAME_FALLBACK,2016-09-13,2016-09-13,2017-01-13,2026-07-13,32,32417,DIGITAL_ICT,True,4.0,True,0,117.93692509855454,,,,broad
16-134086,NAME:arafer,NAME_FALLBACK,2016-09-14,2016-09-14,2017-03-14,2026-07-13,,,DIGITAL_ICT,True,6.0,True,1,4.566360052562418,17-15162,0.2880150537471621,POTENTIAL,broad
16-139674,SIRET:22720002900014,RAW_SIRET,2016-09-26,2017-01-20,2017-07-20,2026-07-13,48,48800,DIGITAL_ICT,True,6.0,True,0,117.50985545335085,,,,broad
16-146409,NAME:etablissement public foncier bretagne,NAME_FALLBACK,2016-10-10,2016-10-10,2017-02-10,2026-07-13,50,50312,DIGITAL_ICT,True,4.0,True,0,117.04993429697767,,,,broad
16-143836,NAME:cte de cnes de la vallee de clisson,NAME_FALLBACK,2016-10-04,2016-10-04,2017-02-04,2026-07-13,30,30211,DIGITAL_ICT,True,4.0,True,0,117.24704336399475,,,,broad
16-148980,NAME:departement de la vendee,NAME_FALLBACK,2016-10-13,2017-03-02,2017-09-02,2026-07-13,72,72320,DIGITAL_ICT,True,6.0,True,1,11.4323258869908,17-135696,0.400057061209229,MEDIUM,broad
16-158195,NAME:ville de saint-hilaire-de-riez,NAME_FALLBACK,2016-10-28,2016-10-28,2017-04-28,2026-07-13,72,72212,DIGITAL_ICT,True,6.0,True,0,116.45860709592641,,,,broad
16-158508,NAME:arafer,NAME_FALLBACK,2016-10-31,2016-10-31,2017-04-30,2026-07-13,48,48612,DIGITAL_ICT,True,6.0,True,1,5.88042049934297,17-58113,0.308655879675958,POTENTIAL,broad
16-153372,NAME:rectorat de l academie de nantes,NAME_FALLBACK,2016-10-20,2016-10-20,2017-04-20,2026-07-13,,,DIGITAL_ICT,True,6.0,True,1,5.781865965834428,17-53291,0.3525249342037888,MEDIUM,broad
16-153677,NAME:ville de reze,NAME_FALLBACK,2016-10-20,2016-10-20,2017-04-20,2026-07-13,72,72315,DIGITAL_ICT,True,6.0,True,0,116.72141918528253,,,,broad
16-145933,NAME:departement de maine-et-loire,NAME_FALLBACK,2016-10-11,2016-10-11,2017-04-11,2026-07-13,,,DIGITAL_ICT,True,6.0,True,0,117.01708278580814,,,,broad
16-153330,NAME:nantes metropole,NAME_FALLBACK,2016-10-26,2018-02-04,2018-08-04,2026-07-13,48,48200,DIGITAL_ICT,True,6.0,True,1,20.105124835742444,18-90097,0.3420953831914273,POTENTIAL,broad
16-153632,NAME:ville d orvault,NAME_FALLBACK,2016-10-20,2016-10-20,2017-04-20,2026-07-13,,,DIGITAL_ICT,True,6.0,True,1,6.011826544021025,17-54861,0.3402121854979133,POTENTIAL,broad
16-141250,NAME:centre hospitalier le faouet,NAME_FALLBACK,2016-10-24,2016-10-24,2017-04-24,2026-07-13,,,DIGITAL_ICT,True,6.0,True,1,1.5111695137976346,16-177041,0.4370214358101842,MEDIUM,broad
16-151887,NAME:ville de carquefou,NAME_FALLBACK,2016-10-18,2017-03-01,2017-07-01,2026-07-13,32,32522,DIGITAL_ICT,True,4.0,True,0,116.78712220762155,,,,broad
16-153566,NAME:ville d orvault,NAME_FALLBACK,2016-10-20,2016-10-20,2017-03-20,2026-07-13,35,35111,DIGITAL_ICT,True,5.0,True,1,5.321944809461235,17-44864,0.2995083274352856,POTENTIAL,broad
16-146809,NAME:c h d la roche sur yon-lucon-montaigu,NAME_FALLBACK,2016-10-10,2017-07-01,2018-01-01,2026-07-13,48,48000,DIGITAL_ICT,True,6.0,True,0,117.04993429697767,,,,broad
16-155479,NAME:nantes metropole,NAME_FALLBACK,2016-10-27,2017-04-08,2017-08-08,2026-07-13,30,30121,DIGITAL_ICT,True,4.0,True,1,9.461235216819974,17-111330,0.4056989590816727,POTENTIAL,broad
16-149380,NAME:commune de la chevroliere,NAME_FALLBACK,2016-10-13,2016-10-13,2017-02-13,2026-07-13,32,32424,DIGITAL_ICT,True,4.0,True,0,116.95137976346912,,,,broad
16-145577,NAME:montrevault-sur-evre,NAME_FALLBACK,2016-10-06,2016-10-06,2017-04-06,2026-07-13,,,DIGITAL_ICT,True,6.0,True,1,6.14323258869908,17-51018,0.3782326230789017,MEDIUM,broad
16-158411,NAME:institut 4 10,NAME_FALLBACK,2016-10-28,2016-10-28,2017-04-28,2026-07-13,48,48000,DIGITAL_ICT,True,6.0,True,0,116.45860709592641,,,,broad
16-151274,NAME:ecole centrale de nantes,NAME_FALLBACK,2016-10-19,2017-02-09,2017-06-09,2026-07-13,32,32500,DIGITAL_ICT,True,4.0,True,1,9.494086727989488,17-110921,0.2948447782086091,POTENTIAL,broad
16-153795,NAME:commune de saint-nazaire,NAME_FALLBACK,2016-10-26,2017-01-28,2017-05-28,2026-07-13,32,32323,DIGITAL_ICT,True,4.0,True,1,8.409986859395532,17-94724,0.4909234106450553,MEDIUM,broad
16-155186,NAME:vendee expansion,NAME_FALLBACK,2016-10-26,2016-10-26,2017-04-26,2026-07-13,72,72500,DIGITAL_ICT,True,6.0,True,1,4.007884362680684,17-26666,0.6146529538339136,POTENTIAL,broad
16-168154,NAME:angers loire metropole,NAME_FALLBACK,2016-11-21,2016-11-21,2017-05-21,2026-07-13,72,72319,DIGITAL_ICT,True,6.0,True,1,6.340341655716163,17-77672,0.3007578622790104,MEDIUM,broad
16-161272,NAME:arafer,NAME_FALLBACK,2016-11-07,2016-11-07,2017-05-07,2026-07-13,72,72212,DIGITAL_ICT,True,6.0,True,1,2.7923784494086727,17-15162,0.5885939553219448,HIGH,broad
16-164205,NAME:ville de vertou,NAME_FALLBACK,2016-11-16,2016-11-16,2017-03-16,2026-07-13,32,32342,DIGITAL_ICT,True,4.0,True,0,115.83442838370566,,,,broad
16-158975,NAME:dirisi,NAME_FALLBACK,2016-11-04,2017-05-04,2017-11-04,2026-07-13,48,48952,DIGITAL_ICT,True,6.0,True,0,116.22864651773982,,,,broad
16-167180,NAME:vendee expansion,NAME_FALLBACK,2016-11-20,2016-12-31,2017-06-30,2026-07-13,72,72500,DIGITAL_ICT,True,6.0,True,1,5.4204993429697765,17-61199,0.6677085579602733,HIGH,broad
16-161115,NAME:sdis 85,NAME_FALLBACK,2016-11-07,2017-01-26,2017-06-26,2026-07-13,35,35110,DIGITAL_ICT,True,5.0,True,1,6.931668856767411,17-78402,0.3024900882216984,MEDIUM,broad
16-166021,NAME:agence regionale pays de la loire ti,NAME_FALLBACK,2016-11-16,2016-11-16,2017-05-16,2026-07-13,,,DIGITAL_ICT,True,6.0,True,1,4.6320630749014455,17-46886,0.2885400187101287,MEDIUM,broad
16-170106,NAME:sdis de la mayenne,NAME_FALLBACK,2016-11-24,2017-03-22,2017-08-22,2026-07-13,35,35110,DIGITAL_ICT,True,5.0,True,1,12.746386333771351,17-176560,0.4755448022925381,MEDIUM,broad
16-166758,NAME:ville du mans,NAME_FALLBACK,2016-11-17,2016-12-30,2017-04-30,2026-07-13,32,32342,DIGITAL_ICT,True,4.0,True,1,6.865965834428383,17-82963,0.4489757210508353,MEDIUM,broad
16-162783,NAME:hopital du baugeois et de la vallee,NAME_FALLBACK,2016-11-09,2016-11-09,2017-05-09,2026-07-13,,,DIGITAL_ICT,True,6.0,True,0,116.06438896189225,,,,broad
16-163402,NAME:essarts en bocage,NAME_FALLBACK,2016-11-10,2016-11-10,2017-05-10,2026-07-13,,,DIGITAL_ICT,True,6.0,True,0,116.03153745072274,,,,broad
16-165866,NAME:ville d orvault,NAME_FALLBACK,2016-11-16,2016-11-16,2017-05-16,2026-07-13,,,DIGITAL_ICT,True,6.0,True,1,4.434954007884363,17-44864,0.3188398141409554,POTENTIAL,broad
16-170680,NAME:chu de nantes,NAME_FALLBACK,2016-11-25,2016-11-25,2017-05-25,2026-07-13,72,72610,DIGITAL_ICT,True,6.0,True,1,7.227332457293035,17-93666,0.4138543594043152,POTENTIAL,broad
16-172610,NAME:conseil general de la vendee,NAME_FALLBACK,2016-11-30,2017-05-29,2017-11-29,2026-07-13,72,72212,DIGITAL_ICT,True,6.0,True,1,9.165571616294349,17-125205,0.5659976612593074,HIGH,broad
16-183461,NAME:commune de nantes,NAME_FALLBACK,2016-12-22,2016-12-22,2017-12-22,2026-07-13,45,45311,DIGITAL_ICT,True,12.0,True,1,10.38107752956636,17-155110,0.5384054117170926,HIGH,broad
16-184750,NAME:arafer,NAME_FALLBACK,2016-12-28,2016-12-28,2017-06-28,2026-07-13,72,72611,DIGITAL_ICT,True,6.0,True,1,4.664914586070959,17-68883,0.7936989469707616,POTENTIAL,broad
16-173853,NAME:commune de le pellerin,NAME_FALLBACK,2016-12-02,2016-12-02,2017-06-02,2026-07-13,,,DIGITAL_ICT,True,6.0,True,0,115.30880420499344,,,,broad
16-175178,NAME:conseil regional des pays de la loire,NAME_FALLBACK,2016-12-06,2017-09-14,2018-03-14,2026-07-13,,,DIGITAL_ICT,True,6.0,True,1,15.013140604467806,18-31687,0.3712885245111327,POTENTIAL,broad
16-178183,NAME:angers loire metropole,NAME_FALLBACK,2016-12-15,2016-12-15,2017-12-15,2026-07-13,80,80511,DIGITAL_ICT,True,12.0,True,1,12.680683311432324,18-546,0.3235647549422273,POTENTIAL,broad
16-180684,NAME:fondat region ouest ligue cancer,NAME_FALLBACK,2016-12-16,2016-12-16,2017-04-16,2026-07-13,32,32410,DIGITAL_ICT,True,4.0,True,0,114.84888304862024,,,,broad
16-184522,NAME:sdegm,NAME_FALLBACK,2016-12-23,2016-12-23,2017-04-23,2026-07-13,32,32571,DIGITAL_ICT,True,4.0,True,1,1.1169513797634691,17-12394,0.8409132720105124,HIGH,broad
16-183705,SIRET:28530001800022,RAW_SIRET,2016-12-24,2016-12-24,2017-05-24,2026-07-13,35,35111,DIGITAL_ICT,True,5.0,True,0,114.58607095926412,,,,broad
16-184210,NAME:gie sesam vitale,NAME_FALLBACK,2016-12-25,2017-10-21,2018-04-21,2026-07-13,72,72314,DIGITAL_ICT,True,6.0,True,1,14.027595269382392,18-26430,0.3017150457089739,POTENTIAL,broad
16-183509,NAME:ccrla,NAME_FALLBACK,2016-12-23,2016-12-23,2017-06-23,2026-07-13,,,DIGITAL_ICT,True,6.0,True,0,114.61892247043365,,,,broad
16-176618,NAME:ville d orvault,NAME_FALLBACK,2016-12-09,2016-12-09,2017-06-09,2026-07-13,48,48000,DIGITAL_ICT,True,6.0,True,1,4.369250985545335,17-54861,0.3148717774091907,MEDIUM,broad
16-173647,NAME:caf de la somme,NAME_FALLBACK,2016-12-04,2016-12-04,2017-06-04,2026-07-13,72,72212,DIGITAL_ICT,True,6.0,True,0,115.2431011826544,,,,broad
16-180522,NAME:universite de nantes,NAME_FALLBACK,2016-12-18,2017-07-27,2018-07-27,2026-07-13,45,45000,DIGITAL_ICT,True,12.0,True,1,19.021024967148488,18-101350,0.3075580216512382,MEDIUM,broad
16-175021,NAME:conseil regional des pays de la loire,NAME_FALLBACK,2016-12-08,2017-05-19,2017-11-19,2026-07-13,71,71311,DIGITAL_ICT,True,6.0,True,1,9.986859395532194,17-140948,0.4390800334505479,POTENTIAL,broad
16-183156,SIRET:22720002900014,RAW_SIRET,2016-12-23,2017-04-28,2017-10-28,2026-07-13,72,72212,DIGITAL_ICT,True,6.0,True,0,114.61892247043365,,,,broad
16-172095,NAME:carene,NAME_FALLBACK,2016-12-02,2016-12-02,2017-06-02,2026-07-13,72,72250,DIGITAL_ICT,True,6.0,True,0,115.30880420499344,,,,broad
16-177041,NAME:centre hospitalier le faouet,NAME_FALLBACK,2016-12-09,2016-12-09,2017-06-09,2026-07-13,,,DIGITAL_ICT,True,6.0,True,0,115.07884362680683,,,,broad
16-182034,NAME:sdis 44,NAME_FALLBACK,2016-12-22,2017-04-09,2017-09-09,2026-07-13,35,35110,DIGITAL_ICT,True,5.0,True,1,11.727989487516425,17-174760,0.7189784976861959,HIGH,broad
16-179721,NAME:gpm de nantes - st nazaire,NAME_FALLBACK,2016-12-15,2016-12-15,2017-04-15,2026-07-13,32,32323,DIGITAL_ICT,True,4.0,True,1,4.993429697766097,17-67752,0.3966258611523046,MEDIUM,broad
17-3293,NAME:o p h le mans habitat,NAME_FALLBACK,2017-01-09,2017-01-09,2018-01-09,2026-07-13,45,45211,DIGITAL_ICT,True,12.0,True,0,114.0604467805519,,,,broad
17-8592,NAME:communaute de communes de grand lieu,NAME_FALLBACK,2017-01-18,2017-01-18,2017-06-18,2026-07-13,35,35261,DIGITAL_ICT,True,5.0,True,1,0.9526938239159,17-23085,0.3598144976843553,POTENTIAL,broad
17-8714,NAME:departement de la sarthe,NAME_FALLBACK,2017-01-19,2017-01-19,2017-07-19,2026-07-13,72,72500,DIGITAL_ICT,True,6.0,True,1,5.88042049934297,17-102039,0.3835827838016724,POTENTIAL,broad
17-2217,NAME:carene,NAME_FALLBACK,2017-01-05,2017-01-05,2017-07-05,2026-07-13,,,DIGITAL_ICT,True,6.0,True,1,0.4927726675427069,17-9629,0.4627770477441961,MEDIUM,broad
17-13004,NAME:centre hospitalier de cholet,NAME_FALLBACK,2017-01-26,2017-01-26,2017-07-26,2026-07-13,,,DIGITAL_ICT,True,6.0,True,0,113.50197109067017,,,,broad
17-9361,NAME:chu de nantes,NAME_FALLBACK,2017-01-19,2017-01-19,2017-07-19,2026-07-13,48,48814,DIGITAL_ICT,True,6.0,True,1,1.8396846254927728,17-35545,0.4181778992143661,MEDIUM,broad
17-14505,NAME:ville de laval,NAME_FALLBACK,2017-01-31,2017-01-31,2017-07-31,2026-07-13,,,DIGITAL_ICT,True,6.0,True,0,113.3377135348226,,,,broad
17-1971,NAME:maine loire habitat office pub habitat,NAME_FALLBACK,2017-01-06,2017-01-06,2017-07-06,2026-07-13,48,48000,DIGITAL_ICT,True,6.0,True,1,5.223390275952694,17-80380,0.2861699058113561,MEDIUM,broad
17-14103,NAME:gie des epl de vendee,NAME_FALLBACK,2017-01-30,2017-01-30,2017-07-30,2026-07-13,,,DIGITAL_ICT,True,6.0,True,0,113.37056504599211,,,,broad
17-2924,SIRET:25060187900035,RAW_SIRET,2017-01-08,2017-01-08,2017-07-08,2026-07-13,72,72252,DIGITAL_ICT,True,6.0,True,0,114.09329829172142,,,,broad
17-13461,NAME:nantes metropole,NAME_FALLBACK,2017-01-29,2017-01-29,2017-07-29,2026-07-13,72,72422,DIGITAL_ICT,True,6.0,True,1,5.847568988173456,17-106009,0.3758812878735008,POTENTIAL,broad
17-15162,NAME:arafer,NAME_FALLBACK,2017-01-31,2017-01-31,2017-07-31,2026-07-13,72,72400,DIGITAL_ICT,True,6.0,True,1,3.54796320630749,17-68883,0.3750110187962472,POTENTIAL,broad
17-3608,NAME:greta loire atlantique,NAME_FALLBACK,2017-01-09,2017-01-09,2017-07-09,2026-07-13,,,DIGITAL_ICT,True,6.0,True,0,114.0604467805519,,,,broad
17-3197,NAME:ville de nantes,NAME_FALLBACK,2017-01-10,2017-01-10,2017-07-10,2026-07-13,,,DIGITAL_ICT,True,6.0,True,0,114.02759526938239,,,,broad
17-8037,NAME:departement de la sarthe,NAME_FALLBACK,2017-01-17,2017-01-17,2017-07-17,2026-07-13,,,DIGITAL_ICT,True,6.0,True,1,1.1826544021024967,17-25692,0.4915221200175206,MEDIUM,broad
17-10496,NAME:le mans metropole - communaute urbaine,NAME_FALLBACK,2017-01-23,2017-06-20,2017-10-20,2026-07-13,30,30131,DIGITAL_ICT,True,4.0,True,0,113.60052562417872,,,,broad
17-7154,NAME:gpm de nantes - st nazaire,NAME_FALLBACK,2017-01-16,2017-01-16,2017-07-16,2026-07-13,,,DIGITAL_ICT,True,6.0,True,1,6.307490144546649,17-108459,0.3342373959028473,MEDIUM,broad
17-12394,NAME:sdegm,NAME_FALLBACK,2017-01-26,2017-01-26,2017-05-26,2026-07-13,32,32571,DIGITAL_ICT,True,4.0,True,0,113.50197109067017,,,,broad
17-9072,NAME:vendee eau,NAME_FALLBACK,2017-01-26,2017-05-05,2017-09-05,2026-07-13,30,30230,DIGITAL_ICT,True,4.0,True,0,113.50197109067017,,,,broad
17-9629,NAME:carene,NAME_FALLBACK,2017-01-20,2017-01-20,2017-07-20,2026-07-13,,,DIGITAL_ICT,True,6.0,True,1,5.978975032851511,17-102568,0.4048561186981401,MEDIUM,broad
17-6085,SIRET:24720013200014,RAW_SIRET,2017-01-15,2017-04-27,2017-10-27,2026-07-13,43,43800,DIGITAL_ICT,True,6.0,True,1,6.208935611038108,17-105683,0.521890259416132,HIGH,broad
17-6714,SIRET:19490970100303,RAW_SIRET,2017-01-18,2017-04-08,2017-10-08,2026-07-13,72,72267,DIGITAL_ICT,True,6.0,True,1,7.621550591327201,17-124586,0.9575667980727112,HIGH,broad
17-4904,NAME:iphv les hauts thebaudieres,NAME_FALLBACK,2017-01-11,2017-01-11,2017-07-11,2026-07-13,48,48822,DIGITAL_ICT,True,6.0,True,0,113.99474375821288,,,,broad
17-6000,NAME:ville de saumur,NAME_FALLBACK,2017-01-13,2017-08-29,2018-08-29,2026-07-13,45,45261,DIGITAL_ICT,True,12.0,True,0,113.92904073587385,,,,broad
17-14320,NAME:agence regionale pays de la loire ti,NAME_FALLBACK,2017-02-01,2017-02-01,2017-08-01,2026-07-13,72,72514,DIGITAL_ICT,True,6.0,True,0,113.30486202365309,,,,broad
17-14986,NAME:chu de nantes,NAME_FALLBACK,2017-02-02,2017-11-03,2018-05-03,2026-07-13,72,72600,DIGITAL_ICT,True,6.0,True,1,16.064388961892245,18-76556,0.327307225616792,MEDIUM,broad
17-23490,NAME:chd vendee,NAME_FALLBACK,2017-02-18,2018-06-07,2018-12-07,2026-07-13,48,48000,DIGITAL_ICT,True,6.0,True,0,112.74638633377135,,,,broad
17-15387,NAME:universite de nantes,NAME_FALLBACK,2017-02-01,2017-07-04,2020-01-04,2026-07-13,66,66510,DIGITAL_ICT,True,30.0,True,1,36.596583442838366,20-25372,0.3338079668218123,MEDIUM,broad
17-10967,NAME:centre hospitalier paul chapron,NAME_FALLBACK,2017-02-09,2017-02-09,2017-08-09,2026-07-13,,,DIGITAL_ICT,True,6.0,True,1,0.164257555847569,17-21818,0.4427038108467334,MEDIUM,broad
17-25253,NAME:le grand t - theatre loire-atlantique,NAME_FALLBACK,2017-02-21,2017-02-21,2017-08-21,2026-07-13,48,48952,DIGITAL_ICT,True,6.0,True,0,112.64783180026281,,,,broad
17-22310,NAME:ministere budget comptes publics,NAME_FALLBACK,2017-02-14,2017-02-14,2017-08-14,2026-07-13,,,DIGITAL_ICT,True,6.0,True,0,112.87779237844941,,,,broad
17-15684,NAME:commune de saint-nazaire,NAME_FALLBACK,2017-02-03,2017-02-03,2017-08-03,2026-07-13,72,72512,DIGITAL_ICT,True,6.0,True,1,5.124835742444152,17-94724,0.4357732813224605,POTENTIAL,broad
17-20203,NAME:cap atlantique,NAME_FALLBACK,2017-02-10,2017-02-10,2017-06-10,2026-07-13,30,30230,DIGITAL_ICT,True,4.0,True,1,2.759526938239159,17-62974,0.2838749330601751,MEDIUM,broad
17-17888,NAME:centre hospitalier de saumur,NAME_FALLBACK,2017-02-06,2017-02-06,2017-08-06,2026-07-13,,,DIGITAL_ICT,True,6.0,True,0,113.14060446780552,,,,broad
17-19962,NAME:ecole centrale de nantes,NAME_FALLBACK,2017-02-11,2017-04-13,2017-08-13,2026-07-13,32,32323,DIGITAL_ICT,True,4.0,True,1,5.716162943495401,17-110921,0.429607873506272,MEDIUM,broad
17-16255,NAME:la roche-sur-yon agglomeration,NAME_FALLBACK,2017-02-06,2017-02-06,2017-08-06,2026-07-13,,,DIGITAL_ICT,True,6.0,True,0,113.14060446780552,,,,broad
17-20854,NAME:institut 4 10,NAME_FALLBACK,2017-02-10,2017-02-10,2017-06-10,2026-07-13,30,30200,DIGITAL_ICT,True,4.0,True,1,4.566360052562418,17-92310,0.2981443311715802,MEDIUM,broad
16-186228,NAME:commune de pornic,NAME_FALLBACK,2017-02-13,2017-02-13,2017-06-13,2026-07-13,32,32323,DIGITAL_ICT,True,4.0,True,0,112.91064388961892,,,,broad
17-25915,NAME:chu de nantes,NAME_FALLBACK,2017-02-22,2017-02-22,2017-08-22,2026-07-13,48,48900,DIGITAL_ICT,True,6.0,True,0,112.6149802890933,,,,broad
17-22230,NAME:commune de saint-herblain,NAME_FALLBACK,2017-02-16,2017-06-05,2017-11-05,2026-07-13,35,35120,DIGITAL_ICT,True,5.0,True,0,112.81208935611038,,,,broad
17-26666,NAME:vendee expansion,NAME_FALLBACK,2017-02-25,2017-04-09,2017-10-09,2026-07-13,72,72500,DIGITAL_ICT,True,6.0,True,1,2.2339027595269383,17-61199,0.396800596704905,MEDIUM,broad
17-23085,NAME:communaute de communes de grand lieu,NAME_FALLBACK,2017-02-16,2017-04-28,2017-09-28,2026-07-13,35,35111,DIGITAL_ICT,True,5.0,True,1,5.321944809461235,17-109228,0.2882698506280315,MEDIUM,broad
17-18523,NAME:ville de nantes,NAME_FALLBACK,2017-02-11,2017-02-11,2017-07-11,2026-07-13,92,92511,DIGITAL_ICT,True,5.0,True,0,112.97634691195795,,,,broad
17-19635,NAME:mairie du croisic,NAME_FALLBACK,2017-02-11,2017-02-11,2017-06-11,2026-07-13,32,32400,DIGITAL_ICT,True,4.0,True,0,112.97634691195795,,,,broad
17-20859,NAME:angers loire metropole,NAME_FALLBACK,2017-02-12,2017-02-22,2017-07-22,2026-07-13,42,42962,DIGITAL_ICT,True,5.0,True,1,0.6898817345597897,17-30623,0.7697349978098991,HIGH,broad
17-20825,NAME:ch le mans,NAME_FALLBACK,2017-02-12,2017-04-27,2017-08-27,2026-07-13,32,32545,DIGITAL_ICT,True,4.0,True,0,112.94349540078844,,,,broad
17-20659,NAME:sdis 85,NAME_FALLBACK,2017-02-10,2017-05-03,2017-11-03,2026-07-13,72,72000,DIGITAL_ICT,True,6.0,True,0,113.00919842312746,,,,broad
17-21659,NAME:gie des epl de vendee,NAME_FALLBACK,2017-02-14,2017-02-14,2017-08-14,2026-07-13,48,48000,DIGITAL_ICT,True,6.0,True,1,8.31143232588699,17-150835,0.3227074512774324,MEDIUM,broad
17-21818,NAME:centre hospitalier paul chapron,NAME_FALLBACK,2017-02-14,2017-02-14,2017-08-14,2026-07-13,,,DIGITAL_ICT,True,6.0,True,1,5.059132720105125,17-102741,0.3097601787885707,MEDIUM,broad
17-25692,NAME:departement de la sarthe,NAME_FALLBACK,2017-02-22,2017-02-22,2017-08-22,2026-07-13,,,DIGITAL_ICT,True,6.0,True,1,4.763469119579501,17-102039,0.2953306751399884,POTENTIAL,broad
17-38998,NAME:dirisi,NAME_FALLBACK,2017-03-23,2017-03-23,2017-09-23,2026-07-13,75,75310,DIGITAL_ICT,True,6.0,True,0,111.6622864651774,,,,broad
17-43993,NAME:gip vendee numerique,NAME_FALLBACK,2017-03-30,2017-05-29,2018-05-29,2026-07-13,45,45300,DIGITAL_ICT,True,12.0,True,0,111.4323258869908,,,,broad
17-32165,NAME:universite d angers,NAME_FALLBACK,2017-03-07,2017-05-15,2017-11-15,2026-07-13,,,DIGITAL_ICT,True,6.0,True,0,112.18791064388962,,,,broad
17-37269,NAME:etablissement francais du sang,NAME_FALLBACK,2017-03-17,2017-03-17,2017-09-17,2026-07-13,72,72600,DIGITAL_ICT,True,6.0,True,0,111.85939553219448,,,,broad
17-39457,NAME:dir interdepartementale routes ouest,NAME_FALLBACK,2017-03-23,2017-03-23,2017-09-23,2026-07-13,72,72267,DIGITAL_ICT,True,6.0,True,1,6.274638633377135,17-136551,0.8936456053810371,HIGH,broad
17-33827,NAME:gpm de nantes - st nazaire,NAME_FALLBACK,2017-03-10,2017-03-10,2017-09-10,2026-07-13,,,DIGITAL_ICT,True,6.0,True,1,8.83705650459921,17-170649,0.2975932790819426,POTENTIAL,broad
17-29415,NAME:conseil departemental loire-atlantique,NAME_FALLBACK,2017-03-03,2017-03-03,2017-09-03,2026-07-13,72,72611,DIGITAL_ICT,True,6.0,True,1,4.566360052562418,17-104238,0.5564263019789248,HIGH,broad
17-31647,SIRET:20005258700017,RAW_SIRET,2017-03-12,2018-03-10,2018-07-10,2026-07-13,32,32412,DIGITAL_ICT,True,4.0,True,0,112.02365308804205,,,,broad
17-35759,SIRET:23440003400026,RAW_SIRET,2017-03-16,2017-06-24,2017-12-24,2026-07-13,72,72267,DIGITAL_ICT,True,6.0,True,1,8.73850197109067,17-171316,0.4492545194022137,MEDIUM,broad
17-39093,NAME:vendee eau,NAME_FALLBACK,2017-03-24,2017-06-30,2017-12-30,2026-07-13,48,48983,DIGITAL_ICT,True,6.0,True,0,111.62943495400789,,,,broad
17-37238,NAME:mayenne tres haut debit,NAME_FALLBACK,2017-03-19,2017-03-19,2017-09-19,2026-07-13,71,71316,DIGITAL_ICT,True,6.0,True,0,111.79369250985545,,,,broad
17-44864,NAME:ville d orvault,NAME_FALLBACK,2017-03-31,2017-03-31,2017-07-31,2026-07-13,30,30121,DIGITAL_ICT,True,4.0,True,0,111.39947437582128,,,,broad
17-35511,NAME:communaute de communes de l ernee,NAME_FALLBACK,2017-03-14,2017-03-14,2017-09-14,2026-07-13,48,48000,DIGITAL_ICT,True,6.0,True,0,111.95795006570302,,,,broad
17-37863,NAME:gpm de nantes - st nazaire,NAME_FALLBACK,2017-03-17,2017-03-17,2017-09-17,2026-07-13,,,DIGITAL_ICT,True,6.0,True,1,0.1314060446780552,17-39483,0.3901406292131197,MEDIUM,broad
17-30623,NAME:angers loire metropole,NAME_FALLBACK,2017-03-05,2017-07-19,2017-12-19,2026-07-13,42,42962,DIGITAL_ICT,True,5.0,True,1,9.362680683311432,17-176420,0.3086906373293463,POTENTIAL,broad
17-32213,NAME:ville de nantes,NAME_FALLBACK,2017-03-09,2017-03-09,2017-08-09,2026-07-13,79,79415,DIGITAL_ICT,True,5.0,True,0,112.12220762155059,,,,broad
17-40324,NAME:le mans metropole - communaute urbaine,NAME_FALLBACK,2017-03-23,2017-07-24,2018-01-24,2026-07-13,72,72411,DIGITAL_ICT,True,6.0,True,0,111.6622864651774,,,,broad
17-38078,NAME:etablissement francais du sang,NAME_FALLBACK,2017-03-17,2017-03-17,2017-09-17,2026-07-13,72,72600,DIGITAL_ICT,True,6.0,True,0,111.85939553219448,,,,broad
17-37945,NAME:gpm de nantes - st nazaire,NAME_FALLBACK,2017-03-17,2017-03-17,2017-09-17,2026-07-13,,,DIGITAL_ICT,True,6.0,True,1,0.1314060446780552,17-39483,0.365337249854692,MEDIUM,broad
17-39998,NAME:commune de saint-nazaire,NAME_FALLBACK,2017-03-27,2017-07-06,2018-01-06,2026-07-13,48,48310,DIGITAL_ICT,True,6.0,True,1,11.793692509855452,18-38591,0.416835292432806,POTENTIAL,broad
17-35545,NAME:chu de nantes,NAME_FALLBACK,2017-03-16,2017-08-03,2018-02-03,2026-07-13,48,48814,DIGITAL_ICT,True,6.0,True,1,10.052562417871222,18-6884,0.2960471504531543,POTENTIAL,broad
17-31411,NAME:saint barthelemy d anjou,NAME_FALLBACK,2017-03-06,2017-03-06,2017-09-06,2026-07-13,,,DIGITAL_ICT,True,6.0,True,0,112.22076215505913,,,,broad
17-32203,NAME:universite d angers,NAME_FALLBACK,2017-03-07,2017-07-18,2018-01-18,2026-07-13,,,DIGITAL_ICT,True,6.0,True,1,10.775295663600524,18-13243,0.3249430573806395,MEDIUM,broad
17-34018,NAME:conseil regional des pays de la loire,NAME_FALLBACK,2017-03-10,2017-03-10,2017-09-10,2026-07-13,,,DIGITAL_ICT,True,6.0,True,1,5.519053876478318,17-120212,0.3413355271699428,POTENTIAL,broad
17-39483,NAME:gpm de nantes - st nazaire,NAME_FALLBACK,2017-03-21,2017-03-21,2017-09-21,2026-07-13,,,DIGITAL_ICT,True,6.0,True,1,6.898817345597897,17-146735,0.3119333708070971,POTENTIAL,broad
17-23552,NAME:angers loire metropole,NAME_FALLBACK,2017-03-03,2017-03-03,2017-09-03,2026-07-13,48,48612,DIGITAL_ICT,True,6.0,True,1,7.063074901445466,17-139193,0.2965185422873913,POTENTIAL,broad
17-36725,NAME:si energies de maine et loire,NAME_FALLBACK,2017-03-16,2017-03-16,2017-08-16,2026-07-13,35,35710,DIGITAL_ICT,True,5.0,True,0,111.892247043364,,,,broad
17-47703,NAME:semitan,NAME_FALLBACK,2017-04-07,2017-04-07,2017-10-07,2026-07-13,72,72600,DIGITAL_ICT,True,6.0,True,0,111.16951379763469,,,,broad
17-54834,NAME:commune de saint-nazaire,NAME_FALLBACK,2017-04-22,2017-08-06,2017-12-06,2026-07-13,30,30230,DIGITAL_ICT,True,4.0,True,1,7.982917214191852,17-178496,0.3902877184872843,POTENTIAL,broad
17-60124,NAME:universite de nantes,NAME_FALLBACK,2017-04-28,2017-09-07,2018-09-07,2026-07-13,45,45000,DIGITAL_ICT,True,12.0,True,0,110.4796320630749,,,,broad
17-51018,NAME:montrevault-sur-evre,NAME_FALLBACK,2017-04-11,2017-04-11,2017-10-11,2026-07-13,,,DIGITAL_ICT,True,6.0,True,0,111.03810775295663,,,,broad
17-49707,NAME:ville d angers,NAME_FALLBACK,2017-04-07,2017-04-07,2017-08-07,2026-07-13,50,50312,DIGITAL_ICT,True,4.0,True,0,111.16951379763469,,,,broad
17-53947,NAME:cte cnes du pays de chateau de gontier,NAME_FALLBACK,2017-04-18,2017-04-18,2017-10-18,2026-07-13,,,DIGITAL_ICT,True,6.0,True,0,110.80814717477004,,,,broad
17-44758,SIRET:12000605100060,RAW_SIRET,2017-04-01,2017-10-01,2018-04-01,2026-07-13,72,72500,DIGITAL_ICT,True,6.0,True,0,111.36662286465177,,,,broad
17-47467,NAME:societe loire atlantique developpement,NAME_FALLBACK,2017-04-18,2017-09-10,2018-01-10,2026-07-13,32,32320,DIGITAL_ICT,True,4.0,True,0,110.80814717477004,,,,broad
17-51157,NAME:nantes metropole,NAME_FALLBACK,2017-04-18,2017-04-18,2017-08-18,2026-07-13,30,30200,DIGITAL_ICT,True,4.0,True,1,3.7779237844940874,17-111330,0.3976398281355652,POTENTIAL,broad
17-58486,NAME:chu de nantes,NAME_FALLBACK,2017-04-28,2017-09-10,2018-03-10,2026-07-13,72,72212,DIGITAL_ICT,True,6.0,True,1,13.272010512483574,18-76556,0.3157468549792739,POTENTIAL,broad
17-58214,NAME:nantes metropole,NAME_FALLBACK,2017-04-30,2017-04-30,2017-10-30,2026-07-13,72,72250,DIGITAL_ICT,True,6.0,True,1,7.720105124835742,17-129614,0.6270250461583617,HIGH,broad
17-47930,SIRET:21170300400013,RAW_SIRET,2017-04-07,2017-04-07,2017-10-07,2026-07-13,48,48900,DIGITAL_ICT,True,6.0,True,0,111.16951379763469,,,,broad
17-50132,NAME:chd vendee,NAME_FALLBACK,2017-04-12,2017-09-29,2018-02-28,2026-07-13,79,79811,DIGITAL_ICT,True,5.0,True,0,111.00525624178712,,,,broad
17-54861,NAME:ville d orvault,NAME_FALLBACK,2017-04-21,2017-06-23,2017-12-23,2026-07-13,48,48900,DIGITAL_ICT,True,6.0,True,0,110.7095926412615,,,,broad
17-56452,SIRET:23440003400026,RAW_SIRET,2017-04-23,2017-08-11,2017-12-11,2026-07-13,30,30232,DIGITAL_ICT,True,4.0,True,1,7.490144546649145,17-171316,0.3629276989534605,POTENTIAL,broad
17-53291,NAME:rectorat de l academie de nantes,NAME_FALLBACK,2017-04-14,2017-04-14,2017-10-14,2026-07-13,,,DIGITAL_ICT,True,6.0,True,1,7.063074901445466,17-161600,0.3174331704020159,MEDIUM,broad
17-55087,NAME:nantes metropole,NAME_FALLBACK,2017-04-21,2017-04-21,2017-10-21,2026-07-13,,,DIGITAL_ICT,True,6.0,True,1,5.683311432325887,17-143219,0.4265637227441812,POTENTIAL,broad
17-46886,NAME:agence regionale pays de la loire ti,NAME_FALLBACK,2017-04-06,2017-04-06,2017-10-06,2026-07-13,,,DIGITAL_ICT,True,6.0,True,0,111.2023653088042,,,,broad
17-58059,NAME:epsm de la sarthe,NAME_FALLBACK,2017-04-26,2017-04-26,2018-04-26,2026-07-13,45,45421,DIGITAL_ICT,True,12.0,True,0,110.54533508541392,,,,broad
17-4453,NAME:sm megalis,NAME_FALLBACK,2017-04-13,2017-04-13,2017-09-13,2026-07-13,64,64200,DIGITAL_ICT,True,5.0,True,0,110.97240473061761,,,,broad
17-53475,NAME:gie sesam vitale,NAME_FALLBACK,2017-04-18,2018-01-07,2018-07-07,2026-07-13,72,72223,DIGITAL_ICT,True,6.0,True,1,10.282522996057818,18-26430,0.2806801807871794,MEDIUM,broad
17-44607,NAME:conseil regional des pays de la loire,NAME_FALLBACK,2017-04-01,2017-08-13,2018-02-13,2026-07-13,48,48800,DIGITAL_ICT,True,6.0,True,1,11.202365308804204,18-31687,0.3429589651989552,POTENTIAL,broad
17-47832,NAME:centre de gestion fpt loire-atlantique,NAME_FALLBACK,2017-04-05,2017-08-21,2017-12-21,2026-07-13,32,32550,DIGITAL_ICT,True,4.0,True,0,111.23521681997372,,,,broad
17-48667,NAME:ch le mans,NAME_FALLBACK,2017-04-06,2017-04-06,2017-10-06,2026-07-13,72,72200,DIGITAL_ICT,True,6.0,True,0,111.2023653088042,,,,broad
17-48717,SIRET:24720013200014,RAW_SIRET,2017-04-08,2017-08-13,2017-12-13,2026-07-13,30,30192,DIGITAL_ICT,True,4.0,True,0,111.13666228646518,,,,broad
17-56720,NAME:gcs esante pays de la loire,NAME_FALLBACK,2017-04-26,2017-11-22,2018-05-22,2026-07-13,72,72220,DIGITAL_ICT,True,6.0,True,1,8.83705650459921,18-8615,0.2905281709263523,MEDIUM,broad
17-50845,NAME:nantes metropole,NAME_FALLBACK,2017-04-11,2017-04-11,2017-10-11,2026-07-13,,,DIGITAL_ICT,True,6.0,True,1,6.011826544021025,17-143219,0.4334366089828552,MEDIUM,broad
17-48519,NAME:carene,NAME_FALLBACK,2017-04-09,2017-11-05,2018-05-05,2026-07-13,48,48445,DIGITAL_ICT,True,6.0,True,1,12.582128777923783,18-55179,0.3815274959452755,POTENTIAL,broad
17-58113,NAME:arafer,NAME_FALLBACK,2017-04-28,2017-04-28,2017-10-28,2026-07-13,72,72611,DIGITAL_ICT,True,6.0,True,1,0.6898817345597897,17-68883,0.7382522996057819,HIGH,broad
17-45104,NAME:commune de saint-herblain,NAME_FALLBACK,2017-04-03,2017-08-23,2017-12-23,2026-07-13,32,32342,DIGITAL_ICT,True,4.0,True,0,111.30091984231275,,,,broad
17-48788,NAME:conseil regional des pays de la loire,NAME_FALLBACK,2017-04-06,2017-08-11,2018-02-11,2026-07-13,72,72200,DIGITAL_ICT,True,6.0,True,1,9.756898817345595,18-12119,0.3537643387731264,POTENTIAL,broad
17-61541,NAME:chu de nantes,NAME_FALLBACK,2017-05-05,2017-08-20,2018-02-20,2026-07-13,72,72267,DIGITAL_ICT,True,6.0,True,1,6.274638633377135,17-159373,0.4762144177791587,MEDIUM,broad
17-59442,NAME:ademe,NAME_FALLBACK,2017-05-19,2017-07-15,2018-01-15,2026-07-13,72,72415,DIGITAL_ICT,True,6.0,True,1,3.219448094612352,17-115928,0.7642597459483134,HIGH,broad
17-75830,NAME:ville de coulaines,NAME_FALLBACK,2017-05-31,2017-09-05,2018-01-05,2026-07-13,30,30213,DIGITAL_ICT,True,4.0,True,0,109.39553219448095,,,,broad
17-65753,NAME:nantes metropole,NAME_FALLBACK,2017-05-11,2017-05-11,2017-11-11,2026-07-13,,,DIGITAL_ICT,True,6.0,True,1,9.00131406044678,18-18447,0.4317808237604506,POTENTIAL,broad
17-74587,NAME:departement de la sarthe,NAME_FALLBACK,2017-05-29,2017-05-29,2017-11-29,2026-07-13,72,72212,DIGITAL_ICT,True,6.0,True,1,5.354796320630749,17-157486,0.4978079006893807,POTENTIAL,broad
17-75186,NAME:commune de la baule,NAME_FALLBACK,2017-05-30,2017-05-30,2018-05-30,2026-07-13,45,45314,DIGITAL_ICT,True,12.0,True,0,109.42838370565046,,,,broad
17-62129,NAME:conseil regional des pays de la loire,NAME_FALLBACK,2017-05-04,2017-05-04,2017-11-04,2026-07-13,72,72224,DIGITAL_ICT,True,6.0,True,1,5.059132720105125,17-140377,0.3981015309301444,MEDIUM,broad
17-53540,NAME:nantes metropole,NAME_FALLBACK,2017-05-05,2017-05-05,2017-11-05,2026-07-13,,,DIGITAL_ICT,True,6.0,True,1,0.9198423127463864,17-77744,0.4764651773981602,MEDIUM,broad
17-62873,SIRET:19490970100303,RAW_SIRET,2017-05-07,2017-07-22,2018-01-22,2026-07-13,72,72267,DIGITAL_ICT,True,6.0,True,1,4.040735873850197,17-124586,0.812472623740692,HIGH,broad
17-66272,NAME:ministere des affaires etrangeres,NAME_FALLBACK,2017-05-14,2017-05-14,2018-05-14,2026-07-13,80,80511,DIGITAL_ICT,True,12.0,True,0,109.95400788436268,,,,broad
17-68186,NAME:conseil regional des pays de la loire,NAME_FALLBACK,2017-05-18,2017-12-20,2018-06-20,2026-07-13,72,72000,DIGITAL_ICT,True,6.0,True,1,14.027595269382392,18-101994,0.3961531529806923,MEDIUM,broad
17-71849,NAME:conseil regional des pays de la loire,NAME_FALLBACK,2017-05-24,2017-10-01,2018-04-01,2026-07-13,72,72212,DIGITAL_ICT,True,6.0,True,1,10.38107752956636,18-46804,0.3727719845670844,POTENTIAL,broad
17-62974,NAME:cap atlantique,NAME_FALLBACK,2017-05-05,2017-05-05,2017-11-05,2026-07-13,48,48700,DIGITAL_ICT,True,6.0,True,0,110.24967148488831,,,,broad
17-61199,NAME:vendee expansion,NAME_FALLBACK,2017-05-04,2017-05-04,2017-11-04,2026-07-13,72,72500,DIGITAL_ICT,True,6.0,True,0,110.28252299605782,,,,broad
17-56105,NAME:centre hospitalier de saint-nazaire,NAME_FALLBACK,2017-05-07,2017-09-20,2018-03-20,2026-07-13,48,48820,DIGITAL_ICT,True,6.0,True,0,110.18396846254927,,,,broad
17-68883,NAME:arafer,NAME_FALLBACK,2017-05-19,2017-05-19,2017-11-19,2026-07-13,72,72611,DIGITAL_ICT,True,6.0,True,0,109.78975032851511,,,,broad
17-71407,NAME:chu de nantes,NAME_FALLBACK,2017-05-24,2018-07-26,2019-01-26,2026-07-13,48,48000,DIGITAL_ICT,True,6.0,True,1,22.766097240473066,19-59985,0.3234789113442161,POTENTIAL,broad
17-73536,NAME:nantes metropole,NAME_FALLBACK,2017-05-26,2017-11-12,2018-05-12,2026-07-13,48,48000,DIGITAL_ICT,True,6.0,True,1,10.939553219448094,18-56546,0.6495203143638375,POTENTIAL,broad
17-74632,NAME:universite de nantes,NAME_FALLBACK,2017-05-31,2017-05-31,2017-11-30,2026-07-13,48,48000,DIGITAL_ICT,True,6.0,True,1,5.45335085413929,17-160290,0.2891369777956061,POTENTIAL,broad
17-73917,NAME:commune de nantes,NAME_FALLBACK,2017-05-29,2017-05-29,2017-11-29,2026-07-13,,,DIGITAL_ICT,True,6.0,True,1,5.19053876478318,17-155110,0.307109977119266,MEDIUM,broad
17-60627,NAME:carsat nord est,NAME_FALLBACK,2017-05-02,2017-05-02,2017-11-02,2026-07-13,,,DIGITAL_ICT,True,6.0,True,0,110.34822601839684,,,,broad
17-69597,NAME:sgami ouest bzamp,NAME_FALLBACK,2017-05-18,2017-05-18,2018-05-18,2026-07-13,45,45314,DIGITAL_ICT,True,12.0,True,0,109.82260183968462,,,,broad
17-71852,NAME:sdis 49,NAME_FALLBACK,2017-05-24,2017-08-01,2018-01-01,2026-07-13,35,35121,DIGITAL_ICT,True,5.0,True,0,109.62549277266754,,,,broad
17-62490,NAME:commune de saint-herblain,NAME_FALLBACK,2017-05-04,2017-05-04,2017-11-04,2026-07-13,,,DIGITAL_ICT,True,6.0,True,0,110.28252299605782,,,,broad
17-72792,NAME:institut regional administration lyon,NAME_FALLBACK,2017-05-25,2017-05-25,2017-09-25,2026-07-13,30,30200,DIGITAL_ICT,True,4.0,True,0,109.59264126149803,,,,broad
17-73142,SIRET:24720013200014,RAW_SIRET,2017-05-26,2017-09-08,2018-03-08,2026-07-13,48,48200,DIGITAL_ICT,True,6.0,True,0,109.55978975032852,,,,broad
17-66007,NAME:ch le mans,NAME_FALLBACK,2017-05-12,2017-05-12,2017-11-12,2026-07-13,72,72224,DIGITAL_ICT,True,6.0,True,1,0.9198423127463864,17-80512,0.4116105283033704,MEDIUM,broad
17-69162,NAME:le mans metropole - communaute urbaine,NAME_FALLBACK,2017-05-17,2017-11-08,2018-05-08,2026-07-13,72,72600,DIGITAL_ICT,True,6.0,True,0,109.85545335085413,,,,broad
17-71305,NAME:smictom des pays de vilaine,NAME_FALLBACK,2017-05-22,2017-05-22,2017-11-22,2026-07-13,48,48000,DIGITAL_ICT,True,6.0,True,0,109.69119579500656,,,,broad
17-69293,NAME:prefet de la region pays de la loire,NAME_FALLBACK,2017-05-17,2017-05-17,2017-10-17,2026-07-13,79,79415,DIGITAL_ICT,True,5.0,True,0,109.85545335085413,,,,broad
17-73357,NAME:syndicat departemental d energie,NAME_FALLBACK,2017-05-26,2017-11-12,2018-03-12,2026-07-13,32,32424,DIGITAL_ICT,True,4.0,True,0,109.55978975032852,,,,broad
17-72992,NAME:groupe d etude et de controle des vari,NAME_FALLBACK,2017-05-27,2017-07-22,2018-01-22,2026-07-13,72,72224,DIGITAL_ICT,True,6.0,True,0,109.526938239159,,,,broad
17-65610,NAME:cesame - ch de sainte gemmes sur loire,NAME_FALLBACK,2017-05-11,2017-05-11,2017-11-11,2026-07-13,,,DIGITAL_ICT,True,6.0,True,0,110.05256241787123,,,,broad
17-67752,NAME:gpm de nantes - st nazaire,NAME_FALLBACK,2017-05-16,2017-05-16,2017-09-16,2026-07-13,32,32344,DIGITAL_ICT,True,4.0,True,1,2.365308804204993,17-108459,0.3026822762900654,POTENTIAL,broad
17-75817,NAME:commune de chemille en anjou,NAME_FALLBACK,2017-05-31,2017-05-31,2017-11-30,2026-07-13,48,48440,DIGITAL_ICT,True,6.0,True,0,109.39553219448095,,,,broad
17-73511,NAME:voies navigables de france,NAME_FALLBACK,2017-05-24,2017-05-24,2017-11-24,2026-07-13,,,DIGITAL_ICT,True,6.0,True,1,0.6241787122207622,17-81541,0.4641458607095927,MEDIUM,broad
17-79002,NAME:lycee polyvalent leonard de vinci,NAME_FALLBACK,2017-06-07,2017-06-07,2017-10-07,2026-07-13,32,32321,DIGITAL_ICT,True,4.0,True,0,109.16557161629434,,,,broad
17-80512,NAME:ch le mans,NAME_FALLBACK,2017-06-09,2017-06-09,2017-12-09,2026-07-13,72,72224,DIGITAL_ICT,True,6.0,True,0,109.09986859395532,,,,broad
17-80380,NAME:maine loire habitat office pub habitat,NAME_FALLBACK,2017-06-14,2017-10-20,2018-02-20,2026-07-13,32,32544,DIGITAL_ICT,True,4.0,True,0,108.93561103810775,,,,broad
17-68155,NAME:pole metropolitain loire-bretagne,NAME_FALLBACK,2017-06-02,2017-06-02,2017-12-02,2026-07-13,,,DIGITAL_ICT,True,6.0,True,0,109.32982917214191,,,,broad
17-78402,NAME:sdis 85,NAME_FALLBACK,2017-06-06,2017-10-03,2018-02-03,2026-07-13,32,32000,DIGITAL_ICT,True,4.0,True,0,109.19842312746387,,,,broad
17-80193,NAME:epcc esbanm,NAME_FALLBACK,2017-06-08,2017-06-08,2017-10-08,2026-07-13,30,30000,DIGITAL_ICT,True,4.0,True,0,109.13272010512483,,,,broad
17-90049,NAME:gie sesam vitale,NAME_FALLBACK,2017-06-28,2017-06-28,2017-11-28,2026-07-13,35,35113,DIGITAL_ICT,True,5.0,True,1,4.829172141918528,17-163707,0.3036963530860959,MEDIUM,broad
17-81541,NAME:voies navigables de france,NAME_FALLBACK,2017-06-12,2017-06-12,2017-12-12,2026-07-13,,,DIGITAL_ICT,True,6.0,True,0,109.00131406044677,,,,broad
17-88925,NAME:universite de la rochelle,NAME_FALLBACK,2017-06-25,2017-11-15,2018-03-15,2026-07-13,30,30192,DIGITAL_ICT,True,4.0,True,0,108.5742444152431,,,,broad
17-76729,NAME:dir interregionale sces penitentiaires,NAME_FALLBACK,2017-06-01,2017-06-01,2017-10-01,2026-07-13,32,32323,DIGITAL_ICT,True,4.0,True,0,109.36268068331144,,,,broad
17-92310,NAME:institut 4 10,NAME_FALLBACK,2017-06-29,2017-06-29,2018-06-29,2026-07-13,80,80530,DIGITAL_ICT,True,12.0,True,0,108.44283837056504,,,,broad
17-68985,NAME:nantes metropole,NAME_FALLBACK,2017-06-07,2017-12-09,2018-06-09,2026-07-13,48,48822,DIGITAL_ICT,True,6.0,True,1,12.746386333771351,18-90097,0.3521251967997229,POTENTIAL,broad
17-80573,NAME:sdis 44,NAME_FALLBACK,2017-06-11,2017-11-25,2018-03-25,2026-07-13,32,32524,DIGITAL_ICT,True,4.0,True,0,109.0341655716163,,,,broad
17-82869,NAME:ville de sable sur sarthe,NAME_FALLBACK,2017-06-14,2017-06-14,2017-12-14,2026-07-13,,,DIGITAL_ICT,True,6.0,True,1,5.814717477003942,17-172986,0.6291848789738368,POTENTIAL,broad
17-77672,NAME:angers loire metropole,NAME_FALLBACK,2017-06-02,2017-06-02,2017-12-02,2026-07-13,48,48000,DIGITAL_ICT,True,6.0,True,1,5.5847568988173455,17-161006,0.4038757219810648,MEDIUM,broad
17-77744,NAME:nantes metropole,NAME_FALLBACK,2017-06-02,2017-06-02,2017-12-02,2026-07-13,,,DIGITAL_ICT,True,6.0,True,1,5.913272010512483,17-168569,0.3375435847868636,POTENTIAL,broad
17-80207,NAME:ville de thouare-sur-loire,NAME_FALLBACK,2017-06-08,2017-06-08,2017-10-08,2026-07-13,32,32000,DIGITAL_ICT,True,4.0,True,0,109.13272010512483,,,,broad
17-88463,NAME:cesame - ch de sainte gemmes sur loire,NAME_FALLBACK,2017-06-25,2017-06-25,2017-10-25,2026-07-13,32,32424,DIGITAL_ICT,True,4.0,True,0,108.5742444152431,,,,broad
17-78663,NAME:les quinconces l espal,NAME_FALLBACK,2017-06-06,2017-06-06,2017-10-06,2026-07-13,32,32342,DIGITAL_ICT,True,4.0,True,0,109.19842312746387,,,,broad
17-82173,NAME:ville de sable sur sarthe,NAME_FALLBACK,2017-06-13,2017-06-13,2017-12-13,2026-07-13,,,DIGITAL_ICT,True,6.0,True,1,5.847568988173456,17-172986,0.6305536919392332,POTENTIAL,broad
17-85841,NAME:conseil regional des pays de la loire,NAME_FALLBACK,2017-06-19,2017-11-06,2018-05-06,2026-07-13,48,48200,DIGITAL_ICT,True,6.0,True,1,12.155059132720105,18-87166,0.311209640591886,POTENTIAL,broad
17-90424,NAME:regie dept passages d eau de vendee,NAME_FALLBACK,2017-06-27,2017-06-27,2017-12-27,2026-07-13,72,72500,DIGITAL_ICT,True,6.0,True,0,108.50854139290408,,,,broad
17-91590,NAME:universite de nantes,NAME_FALLBACK,2017-06-28,2017-09-25,2018-03-25,2026-07-13,71,71000,DIGITAL_ICT,True,6.0,True,1,9.69119579500657,18-53373,0.4019279743840354,POTENTIAL,broad
17-76396,NAME:centre hospitalier du nord mayenne,NAME_FALLBACK,2017-06-03,2017-11-18,2018-03-18,2026-07-13,30,30192,DIGITAL_ICT,True,4.0,True,0,109.2969776609724,,,,broad
17-76616,NAME:nantes metropole,NAME_FALLBACK,2017-06-03,2017-06-03,2017-12-03,2026-07-13,72,72250,DIGITAL_ICT,True,6.0,True,1,1.7411300919842312,17-106009,0.7820543144984669,HIGH,broad
17-80641,NAME:ville d arnage,NAME_FALLBACK,2017-06-09,2017-06-09,2017-12-09,2026-07-13,,,DIGITAL_ICT,True,6.0,True,0,109.09986859395532,,,,broad
17-85294,NAME:gie sesam vitale,NAME_FALLBACK,2017-06-21,2017-06-21,2017-12-21,2026-07-13,48,48700,DIGITAL_ICT,True,6.0,True,0,108.70565045992116,,,,broad
17-80194,NAME:conseil departemental loire-atlantique,NAME_FALLBACK,2017-06-08,2017-06-08,2017-12-08,2026-07-13,72,72610,DIGITAL_ICT,True,6.0,True,1,5.354796320630749,17-161917,0.4626237406920718,MEDIUM,broad
17-82963,NAME:ville du mans,NAME_FALLBACK,2017-06-14,2017-10-13,2018-02-13,2026-07-13,32,32321,DIGITAL_ICT,True,4.0,True,0,108.93561103810775,,,,broad
17-83585,NAME:montrevault-sur-evre,NAME_FALLBACK,2017-06-15,2017-06-15,2017-12-15,2026-07-13,,,DIGITAL_ICT,True,6.0,True,0,108.90275952693824,,,,broad
17-93952,NAME:gie sesam vitale,NAME_FALLBACK,2017-07-05,2018-05-18,2018-11-18,2026-07-13,72,72212,DIGITAL_ICT,True,6.0,True,0,108.24572930354796,,,,broad
17-101340,SIRET:18350003200010,RAW_SIRET,2017-07-15,2017-07-15,2017-11-15,2026-07-13,32,32421,DIGITAL_ICT,True,4.0,True,0,107.91721419185282,,,,broad
17-106009,NAME:nantes metropole,NAME_FALLBACK,2017-07-26,2017-12-09,2018-06-09,2026-07-13,72,72250,DIGITAL_ICT,True,6.0,True,1,9.296977660972404,18-61655,0.5838822720460457,HIGH,broad
17-102708,NAME:conseil regional des pays de la loire,NAME_FALLBACK,2017-07-18,2017-07-18,2018-01-18,2026-07-13,48,48900,DIGITAL_ICT,True,6.0,True,1,7.654402102496714,18-31687,0.6286798839831367,HIGH,broad
17-102741,NAME:centre hospitalier paul chapron,NAME_FALLBACK,2017-07-18,2017-07-18,2017-11-18,2026-07-13,30,30192,DIGITAL_ICT,True,4.0,True,0,107.81865965834429,,,,broad
17-92651,SIRET:18440132100015,RAW_SIRET,2017-07-02,2017-12-09,2018-04-09,2026-07-13,30,30121,DIGITAL_ICT,True,4.0,True,0,108.34428383705651,,,,broad
17-109228,NAME:communaute de communes de grand lieu,NAME_FALLBACK,2017-07-28,2017-07-28,2018-01-28,2026-07-13,48,48440,DIGITAL_ICT,True,6.0,True,0,107.49014454664915,,,,broad
17-109277,NAME:ecole centrale de nantes,NAME_FALLBACK,2017-07-28,2017-07-28,2018-01-28,2026-07-13,31,31682,DIGITAL_ICT,True,6.0,True,0,107.49014454664915,,,,broad
17-103816,NAME:dirisi,NAME_FALLBACK,2017-07-21,2017-12-23,2018-04-23,2026-07-13,32,32000,DIGITAL_ICT,True,4.0,True,0,107.72010512483574,,,,broad
17-97519,NAME:ville de thouare-sur-loire,NAME_FALLBACK,2017-07-07,2017-07-07,2018-01-07,2026-07-13,72,72212,DIGITAL_ICT,True,6.0,True,0,108.18002628120894,,,,broad
17-96902,NAME:commune de saint-nazaire,NAME_FALLBACK,2017-07-13,2017-07-13,2018-01-13,2026-07-13,48,48330,DIGITAL_ICT,True,6.0,True,1,8.21287779237845,18-36652,0.5071293793586507,POTENTIAL,broad
17-104238,NAME:conseil departemental loire-atlantique,NAME_FALLBACK,2017-07-20,2017-07-20,2018-01-20,2026-07-13,72,72611,DIGITAL_ICT,True,6.0,True,1,3.975032851511169,17-161917,0.5267209489278029,HIGH,broad
17-90968,NAME:conseil departemental de la mayenne,NAME_FALLBACK,2017-07-01,2017-11-01,2018-03-01,2026-07-13,30,30230,DIGITAL_ICT,True,4.0,True,1,2.562417871222076,17-130002,0.6805521300263524,HIGH,broad
17-102187,SIRET:19490970100303,RAW_SIRET,2017-07-19,2018-01-10,2018-05-10,2026-07-13,32,32330,DIGITAL_ICT,True,4.0,True,1,8.5742444152431,18-46346,0.953460359176522,HIGH,broad
17-100105,NAME:commune de saint-nazaire,NAME_FALLBACK,2017-07-20,2017-11-18,2018-05-18,2026-07-13,48,48000,DIGITAL_ICT,True,6.0,True,1,8.015768725361367,18-38591,0.5336435025097503,POTENTIAL,broad
17-105683,SIRET:24720013200014,RAW_SIRET,2017-07-23,2018-01-05,2018-12-05,2026-07-13,39,39300,DIGITAL_ICT,True,11.0,True,0,107.65440210249672,,,,broad
17-106054,NAME:nantes metropole,NAME_FALLBACK,2017-07-26,2017-12-09,2018-05-09,2026-07-13,79,79824,DIGITAL_ICT,True,5.0,True,1,8.377135348226018,18-46720,0.3308031483706589,POTENTIAL,broad
17-99753,NAME:angers loire metropole,NAME_FALLBACK,2017-07-12,2017-07-12,2017-11-12,2026-07-13,32,32523,DIGITAL_ICT,True,4.0,True,1,4.073587385019711,17-159853,0.3086311870346035,POTENTIAL,broad
17-102482,NAME:chu de nantes,NAME_FALLBACK,2017-07-18,2017-07-18,2018-01-18,2026-07-13,72,72267,DIGITAL_ICT,True,6.0,True,1,3.843626806833114,17-159373,0.4703235596705377,MEDIUM,broad
17-102568,NAME:carene,NAME_FALLBACK,2017-07-21,2017-07-21,2018-01-21,2026-07-13,48,48900,DIGITAL_ICT,True,6.0,True,1,4.106438896189225,17-161606,0.2855417713567121,POTENTIAL,broad
17-103062,NAME:universite du maine,NAME_FALLBACK,2017-07-20,2017-12-13,2018-04-13,2026-07-13,30,30195,DIGITAL_ICT,True,4.0,True,1,8.245729303547963,18-41617,0.3615269944374292,MEDIUM,broad
17-93666,NAME:chu de nantes,NAME_FALLBACK,2017-07-03,2017-07-03,2018-01-03,2026-07-13,72,72267,DIGITAL_ICT,True,6.0,True,1,0.4927726675427069,17-102482,0.7286706088480068,HIGH,broad
17-97609,NAME:sdis 44,NAME_FALLBACK,2017-07-07,2017-07-07,2017-12-07,2026-07-13,35,35100,DIGITAL_ICT,True,5.0,True,1,5.256241787122208,17-174760,0.6256202163636051,HIGH,broad
17-98996,NAME:commune de saint-herblain,NAME_FALLBACK,2017-07-11,2017-07-11,2018-01-11,2026-07-13,72,72810,DIGITAL_ICT,True,6.0,True,0,108.04862023653088,,,,broad
17-102039,NAME:departement de la sarthe,NAME_FALLBACK,2017-07-17,2017-07-17,2018-01-17,2026-07-13,72,72212,DIGITAL_ICT,True,6.0,True,1,6.964520367936925,18-21245,0.7498658713901443,HIGH,broad
17-107265,NAME:conseil departemental loire-atlantique,NAME_FALLBACK,2017-07-26,2017-07-26,2018-01-26,2026-07-13,,,DIGITAL_ICT,True,6.0,True,1,1.2155059132720103,17-123168,0.4666566240355925,MEDIUM,broad
17-103193,NAME:conseil regional des pays de la loire,NAME_FALLBACK,2017-07-20,2018-05-02,2018-11-02,2026-07-13,48,48000,DIGITAL_ICT,True,6.0,True,1,11.136662286465176,18-87166,0.4345651820127159,POTENTIAL,broad
17-105380,NAME:universite de nantes,NAME_FALLBACK,2017-07-21,2017-10-27,2018-04-27,2026-07-13,,,DIGITAL_ICT,True,6.0,True,1,8.5742444152431,18-47589,0.531731199363557,HIGH,broad
17-107162,NAME:oniris,NAME_FALLBACK,2017-07-25,2017-07-25,2018-01-25,2026-07-13,,,DIGITAL_ICT,True,6.0,True,1,4.040735873850197,17-165149,0.2789940975659256,MEDIUM,broad
17-91935,NAME:nantes metropole,NAME_FALLBACK,2017-07-01,2017-07-01,2017-11-01,2026-07-13,32,32323,DIGITAL_ICT,True,4.0,True,1,3.350854139290407,17-143219,0.3665181810446635,MEDIUM,broad
17-93042,NAME:gie sesam vitale,NAME_FALLBACK,2017-07-02,2017-07-02,2018-01-02,2026-07-13,72,72225,DIGITAL_ICT,True,6.0,True,1,6.668856767411301,18-8879,0.3439925536574682,POTENTIAL,broad
17-94724,NAME:commune de saint-nazaire,NAME_FALLBACK,2017-07-09,2017-10-22,2018-02-22,2026-07-13,32,32342,DIGITAL_ICT,True,4.0,True,1,5.4204993429697765,17-178496,0.4556098601655678,POTENTIAL,broad
17-102923,NAME:conseil regional des pays de la loire,NAME_FALLBACK,2017-07-20,2017-07-20,2018-01-20,2026-07-13,48,48000,DIGITAL_ICT,True,6.0,True,1,2.726675427069645,17-142035,0.8217498904949627,HIGH,broad
17-104235,NAME:gie sesam vitale,NAME_FALLBACK,2017-07-22,2017-07-22,2018-01-22,2026-07-13,48,48900,DIGITAL_ICT,True,6.0,True,1,6.011826544021025,18-8879,0.3086311870346035,POTENTIAL,broad
17-104895,SIRET:26490039000016,RAW_SIRET,2017-07-22,2017-11-07,2018-04-07,2026-07-13,35,35111,DIGITAL_ICT,True,5.0,True,0,107.68725361366623,,,,broad
17-105440,NAME:conseil departemental loire-atlantique,NAME_FALLBACK,2017-07-23,2018-01-24,2019-01-24,2026-07-13,45,45314,DIGITAL_ICT,True,12.0,True,1,18.725361366622863,19-21908,0.3479200012404122,POTENTIAL,broad
17-101416,NAME:chd vendee,NAME_FALLBACK,2017-07-13,2017-07-13,2018-01-13,2026-07-13,85,85150,DIGITAL_ICT,True,6.0,True,0,107.98291721419186,,,,broad
17-102214,NAME:assoc office tourisme intercommunal pa,NAME_FALLBACK,2017-07-17,2017-07-17,2018-01-17,2026-07-13,,,DIGITAL_ICT,True,6.0,True,0,107.8515111695138,,,,broad
17-108459,NAME:gpm de nantes - st nazaire,NAME_FALLBACK,2017-07-27,2017-07-27,2018-01-27,2026-07-13,,,DIGITAL_ICT,True,6.0,True,1,4.270696452036794,17-170649,0.2883831344464128,POTENTIAL,broad
17-114694,NAME:hop intercommunal du baugeois et val,NAME_FALLBACK,2017-08-11,2017-12-31,2018-04-30,2026-07-13,32,32412,DIGITAL_ICT,True,4.0,True,0,107.03022339027595,,,,broad
17-109941,NAME:commune de saint-nazaire,NAME_FALLBACK,2017-08-02,2017-11-13,2018-05-13,2026-07-13,48,48730,DIGITAL_ICT,True,6.0,True,1,7.588699080157687,18-38591,0.3942860431361287,POTENTIAL,broad
17-117075,NAME:syndicat mixte pour le dvlpt numerique,NAME_FALLBACK,2017-08-17,2017-08-17,2018-02-17,2026-07-13,72,72700,DIGITAL_ICT,True,6.0,True,0,106.83311432325887,,,,broad
17-117298,NAME:institut 4 10,NAME_FALLBACK,2017-08-18,2017-08-18,2018-08-18,2026-07-13,80,80530,DIGITAL_ICT,True,12.0,True,0,106.80026281208936,,,,broad
17-120212,NAME:conseil regional des pays de la loire,NAME_FALLBACK,2017-08-25,2018-01-18,2018-07-18,2026-07-13,72,72000,DIGITAL_ICT,True,6.0,True,1,10.775295663600524,18-101994,0.346554638971792,POTENTIAL,broad
17-115928,NAME:ademe,NAME_FALLBACK,2017-08-25,2018-05-27,2018-11-27,2026-07-13,72,72415,DIGITAL_ICT,True,6.0,True,0,106.57030223390277,,,,broad
17-121705,NAME:commune de saint jean de monts,NAME_FALLBACK,2017-08-29,2017-08-29,2018-02-28,2026-07-13,,,DIGITAL_ICT,True,6.0,True,1,1.938239159001314,17-152907,0.5069699912060037,HIGH,broad
17-103068,NAME:communaute d agglomeration la rochelle,NAME_FALLBACK,2017-08-10,2017-08-10,2017-12-10,2026-07-13,32,32562,DIGITAL_ICT,True,4.0,True,0,107.06307490144546,,,,broad
17-118982,NAME:ville de sable sur sarthe,NAME_FALLBACK,2017-08-23,2017-08-23,2018-02-23,2026-07-13,,,DIGITAL_ICT,True,6.0,True,1,4.796320630749015,18-6802,0.5816623958000124,POTENTIAL,broad
17-114542,NAME:commune de saint jean de monts,NAME_FALLBACK,2017-08-09,2017-08-09,2018-02-09,2026-07-13,,,DIGITAL_ICT,True,6.0,True,1,2.59526938239159,17-152907,0.546274638633377,HIGH,broad
17-119142,NAME:prefecture,NAME_FALLBACK,2017-08-23,2017-08-23,2018-02-23,2026-07-13,72,72314,DIGITAL_ICT,True,6.0,True,0,106.63600525624179,,,,broad
17-120545,NAME:e-collectivites vendee,NAME_FALLBACK,2017-08-27,2018-01-04,2018-07-04,2026-07-13,72,72100,DIGITAL_ICT,True,6.0,True,0,106.50459921156373,,,,broad
17-118765,NAME:conseil regional des pays de la loire,NAME_FALLBACK,2017-08-22,2018-01-11,2018-07-11,2026-07-13,48,48600,DIGITAL_ICT,True,6.0,True,1,10.052562417871222,18-87166,0.3467301795882611,POTENTIAL,broad
17-110921,NAME:ecole centrale de nantes,NAME_FALLBACK,2017-08-04,2018-01-06,2018-07-06,2026-07-13,48,48900,DIGITAL_ICT,True,6.0,True,1,8.935611038107753,18-61507,0.4412532216130846,MEDIUM,broad
17-111330,NAME:nantes metropole,NAME_FALLBACK,2017-08-11,2018-01-31,2018-07-31,2026-07-13,72,72250,DIGITAL_ICT,True,6.0,True,1,8.771353482260183,18-61655,0.5215990244284916,HIGH,broad
17-114118,NAME:conseil regional des pays de la loire,NAME_FALLBACK,2017-08-10,2018-02-01,2018-08-01,2026-07-13,48,48000,DIGITAL_ICT,True,6.0,True,1,10.446780551905388,18-87166,0.5627998876304323,HIGH,broad
17-129931,NAME:cmar pays de la loire,NAME_FALLBACK,2017-09-17,2018-03-29,2018-09-29,2026-07-13,72,72260,DIGITAL_ICT,True,6.0,True,1,12.877792378449408,18-143391,0.2967995282184445,MEDIUM,broad
17-136551,NAME:dir interdepartementale routes ouest,NAME_FALLBACK,2017-09-30,2018-01-31,2018-07-31,2026-07-13,72,72267,DIGITAL_ICT,True,6.0,True,1,8.771353482260183,18-87219,0.7448548929603727,HIGH,broad
17-124242,NAME:sdis de la sarthe,NAME_FALLBACK,2017-09-04,2017-11-03,2018-04-03,2026-07-13,35,35111,DIGITAL_ICT,True,5.0,True,1,7.424441524310118,18-53962,0.2894678055190539,MEDIUM,broad
17-127212,NAME:epcc chemins du patrimoine,NAME_FALLBACK,2017-09-08,2017-09-08,2018-03-08,2026-07-13,,,DIGITAL_ICT,True,6.0,True,0,106.11038107752957,,,,broad
17-132788,NAME:sdis de la mayenne,NAME_FALLBACK,2017-09-20,2017-09-20,2018-01-20,2026-07-13,30,30192,DIGITAL_ICT,True,4.0,True,1,2.890932982917214,17-176560,0.4510438274375463,MEDIUM,broad
17-123450,NAME:conseil departemental loire-atlantique,NAME_FALLBACK,2017-09-03,2017-09-03,2018-03-03,2026-07-13,48,48822,DIGITAL_ICT,True,6.0,True,1,10.249671484888305,18-96470,0.300100670712613,POTENTIAL,broad
17-133233,NAME:ca pornic agglo pays de retz,NAME_FALLBACK,2017-09-21,2017-09-21,2018-03-21,2026-07-13,,,DIGITAL_ICT,True,6.0,True,0,105.6833114323259,,,,broad
17-125205,NAME:conseil general de la vendee,NAME_FALLBACK,2017-09-05,2018-02-14,2018-08-14,2026-07-13,72,72212,DIGITAL_ICT,True,6.0,True,1,11.793692509855452,18-121895,0.359233756762241,MEDIUM,broad
17-124586,SIRET:19490970100303,RAW_SIRET,2017-09-07,2017-12-21,2018-06-21,2026-07-13,72,72267,DIGITAL_ICT,True,6.0,True,1,8.804204993429698,18-74252,0.4042103781632473,MEDIUM,broad
17-130729,NAME:gcs esante pays de la loire,NAME_FALLBACK,2017-09-17,2017-09-17,2018-03-17,2026-07-13,48,48814,DIGITAL_ICT,True,6.0,True,0,105.81471747700394,,,,broad
17-132446,NAME:greta loire atlantique,NAME_FALLBACK,2017-09-20,2017-09-20,2018-01-20,2026-07-13,30,30000,DIGITAL_ICT,True,4.0,True,0,105.7161629434954,,,,broad
17-133179,NAME:syndicat vignoble grand lieu,NAME_FALLBACK,2017-09-21,2017-09-21,2018-03-21,2026-07-13,65,65130,DIGITAL_ICT,True,6.0,True,0,105.6833114323259,,,,broad
17-134575,NAME:ministere des affaires etrangeres,NAME_FALLBACK,2017-09-27,2018-01-25,2018-07-25,2026-07-13,72,72315,DIGITAL_ICT,True,6.0,True,0,105.4862023653088,,,,broad
17-128615,NAME:inserm,NAME_FALLBACK,2017-09-14,2017-09-14,2018-03-14,2026-07-13,72,72500,DIGITAL_ICT,True,6.0,True,1,2.9894875164257555,17-174282,0.3877772397382483,MEDIUM,broad
17-133782,NAME:ville de pornichet,NAME_FALLBACK,2017-09-22,2017-09-22,2018-03-22,2026-07-13,72,72500,DIGITAL_ICT,True,6.0,True,0,105.65045992115637,,,,broad
17-135428,NAME:conseil departemental de la mayenne,NAME_FALLBACK,2017-09-28,2017-09-28,2018-03-28,2026-07-13,72,72211,DIGITAL_ICT,True,6.0,True,1,6.011826544021025,18-43533,0.4403863051077241,MEDIUM,broad
17-123168,NAME:conseil departemental loire-atlantique,NAME_FALLBACK,2017-09-01,2017-09-01,2018-03-01,2026-07-13,,,DIGITAL_ICT,True,6.0,True,1,7.490144546649145,18-52915,0.3383616738260169,POTENTIAL,broad
17-131042,NAME:departement de la vendee,NAME_FALLBACK,2017-09-17,2018-01-22,2018-06-22,2026-07-13,92,92512,DIGITAL_ICT,True,5.0,True,0,105.81471747700394,,,,broad
17-134974,NAME:ville de bouchemaine,NAME_FALLBACK,2017-09-25,2017-09-25,2018-03-25,2026-07-13,,,DIGITAL_ICT,True,6.0,True,1,8.377135348226018,18-73911,0.4234644350065725,MEDIUM,broad
17-135696,NAME:departement de la vendee,NAME_FALLBACK,2017-09-26,2017-12-14,2018-06-14,2026-07-13,72,72315,DIGITAL_ICT,True,6.0,True,0,105.51905387647832,,,,broad
17-130980,NAME:e-collectivites vendee,NAME_FALLBACK,2017-09-17,2017-09-17,2018-03-17,2026-07-13,72,72410,DIGITAL_ICT,True,6.0,True,0,105.81471747700394,,,,broad
17-117419,NAME:dsna,NAME_FALLBACK,2017-09-17,2018-11-22,2019-03-22,2026-07-13,32,32230,DIGITAL_ICT,True,4.0,True,0,105.81471747700394,,,,broad
17-130002,NAME:conseil departemental de la mayenne,NAME_FALLBACK,2017-09-17,2017-12-09,2018-04-09,2026-07-13,30,30230,DIGITAL_ICT,True,4.0,True,1,6.3731931668856765,18-43533,0.3273266789627895,MEDIUM,broad
17-140760,SIRET:13001535700010,RAW_SIRET,2017-10-08,2017-10-08,2018-03-08,2026-07-13,35,35113,DIGITAL_ICT,True,5.0,True,0,105.12483574244415,,,,broad
17-140948,NAME:conseil regional des pays de la loire,NAME_FALLBACK,2017-10-08,2018-02-01,2018-08-01,2026-07-13,48,48000,DIGITAL_ICT,True,6.0,True,1,8.508541392904073,18-87166,0.5782763870329979,HIGH,broad
17-142028,NAME:universite de nantes,NAME_FALLBACK,2017-10-11,2017-11-22,2018-05-22,2026-07-13,72,72224,DIGITAL_ICT,True,6.0,True,1,3.975032851511169,18-18602,0.7749255971583511,HIGH,broad
17-140377,NAME:conseil regional des pays de la loire,NAME_FALLBACK,2017-10-05,2018-01-11,2018-07-11,2026-07-13,72,72250,DIGITAL_ICT,True,6.0,True,1,9.42838370565046,18-101994,0.3307911295566565,POTENTIAL,broad
17-150835,NAME:gie des epl de vendee,NAME_FALLBACK,2017-10-25,2017-10-25,2018-04-25,2026-07-13,48,48920,DIGITAL_ICT,True,6.0,True,1,3.712220762155059,18-21831,0.3431669423310381,MEDIUM,broad
17-147130,NAME:centre hospitalier paul chapron,NAME_FALLBACK,2017-10-18,2017-10-18,2018-02-18,2026-07-13,32,32344,DIGITAL_ICT,True,4.0,True,0,104.79632063074901,,,,broad
17-144060,NAME:angers loire metropole,NAME_FALLBACK,2017-10-12,2017-10-12,2018-04-12,2026-07-13,,,DIGITAL_ICT,True,6.0,True,1,5.321944809461235,18-40625,0.3146324421637625,POTENTIAL,broad
17-142035,NAME:conseil regional des pays de la loire,NAME_FALLBACK,2017-10-11,2018-02-01,2018-08-01,2026-07-13,48,48000,DIGITAL_ICT,True,6.0,True,1,8.409986859395532,18-87166,0.5589841683757297,HIGH,broad
17-152907,NAME:commune de saint jean de monts,NAME_FALLBACK,2017-10-27,2017-12-22,2018-06-22,2026-07-13,,,DIGITAL_ICT,True,6.0,True,0,104.5006570302234,,,,broad
17-130666,NAME:ademe,NAME_FALLBACK,2017-10-01,2017-10-01,2018-04-01,2026-07-13,72,72611,DIGITAL_ICT,True,6.0,True,1,5.026281208935611,18-28473,0.3490396265575948,POTENTIAL,broad
17-148560,SIRET:24850034000141,RAW_SIRET,2017-10-22,2017-10-22,2018-04-22,2026-07-13,72,72500,DIGITAL_ICT,True,6.0,True,0,104.66491458607096,,,,broad
17-79188,NAME:mairie de saint-gilles-croix-de-vie,NAME_FALLBACK,2017-10-03,2017-10-03,2018-02-03,2026-07-13,30,30197,DIGITAL_ICT,True,4.0,True,0,105.28909329829172,,,,broad
17-151427,NAME:communaute communes pays de redon,NAME_FALLBACK,2017-10-25,2017-10-25,2018-04-25,2026-07-13,48,48000,DIGITAL_ICT,True,6.0,True,0,104.56636005256242,,,,broad
17-149350,NAME:ccir pays de la loire,NAME_FALLBACK,2017-10-22,2018-01-28,2018-06-28,2026-07-13,38,38652,DIGITAL_ICT,True,5.0,True,1,7.227332457293035,18-72093,0.287437693047081,MEDIUM,broad
17-146735,NAME:gpm de nantes - st nazaire,NAME_FALLBACK,2017-10-17,2017-10-17,2018-04-17,2026-07-13,31,31625,DIGITAL_ICT,True,6.0,True,1,6.241787122207621,18-57746,0.3437344150902138,POTENTIAL,broad
17-139193,NAME:angers loire metropole,NAME_FALLBACK,2017-10-04,2017-10-04,2018-04-04,2026-07-13,72,72267,DIGITAL_ICT,True,6.0,True,1,1.314060446780552,17-159853,0.4050116800509275,MEDIUM,broad
17-142620,NAME:si energies de maine et loire,NAME_FALLBACK,2017-10-10,2017-10-10,2018-03-10,2026-07-13,38,38221,DIGITAL_ICT,True,5.0,True,0,105.05913272010513,,,,broad
17-138140,NAME:commune de la baule,NAME_FALLBACK,2017-10-04,2018-01-13,2018-05-13,2026-07-13,32,32424,DIGITAL_ICT,True,4.0,True,1,5.486202365308804,18-38804,0.300132869146323,POTENTIAL,broad
17-144102,NAME:universite de nantes,NAME_FALLBACK,2017-10-14,2018-02-14,2018-07-14,2026-07-13,35,35113,DIGITAL_ICT,True,5.0,True,1,3.3180026281208934,18-10415,0.3745641699518178,MEDIUM,broad
17-143241,NAME:nantes metropole,NAME_FALLBACK,2017-10-15,2018-10-04,2019-04-04,2026-07-13,48,48000,DIGITAL_ICT,True,6.0,True,1,18.725361366622863,19-67059,0.6109335521127448,POTENTIAL,broad
17-152746,NAME:ctre hosp universitaire angers,NAME_FALLBACK,2017-10-29,2017-12-15,2018-06-15,2026-07-13,48,48000,DIGITAL_ICT,True,6.0,True,0,104.43495400788436,,,,broad
17-143219,NAME:nantes metropole,NAME_FALLBACK,2017-10-11,2017-10-11,2018-04-11,2026-07-13,,,DIGITAL_ICT,True,6.0,True,1,6.340341655716163,18-53804,0.4214105472283783,MEDIUM,broad
17-144482,NAME:centre hospitalier f robert,NAME_FALLBACK,2017-10-13,2017-10-13,2018-04-13,2026-07-13,,,DIGITAL_ICT,True,6.0,True,0,104.96057818659658,,,,broad
17-161600,NAME:rectorat de l academie de nantes,NAME_FALLBACK,2017-11-15,2017-11-15,2018-05-15,2026-07-13,,,DIGITAL_ICT,True,6.0,True,1,4.434954007884363,18-44171,0.28523025593295,POTENTIAL,broad
17-157486,NAME:departement de la sarthe,NAME_FALLBACK,2017-11-08,2017-11-08,2018-05-08,2026-07-13,72,72268,DIGITAL_ICT,True,6.0,True,1,5.551905387647832,18-58630,0.4789727626096989,MEDIUM,broad
17-162866,NAME:s m a e p de la region mancelle,NAME_FALLBACK,2017-11-17,2017-11-17,2018-05-17,2026-07-13,48,48444,DIGITAL_ICT,True,6.0,True,0,103.8107752956636,,,,broad
17-161606,NAME:carene,NAME_FALLBACK,2017-11-23,2017-11-23,2018-03-23,2026-07-13,32,32321,DIGITAL_ICT,True,4.0,True,1,5.091984231274639,18-55179,0.3657398897453752,MEDIUM,broad
17-166932,NAME:casier judiciaire national,NAME_FALLBACK,2017-11-27,2017-11-27,2018-03-27,2026-07-13,32,32543,DIGITAL_ICT,True,4.0,True,0,103.48226018396846,,,,broad
17-167643,NAME:conseil departemental loire-atlantique,NAME_FALLBACK,2017-11-28,2017-11-28,2018-03-28,2026-07-13,32,32321,DIGITAL_ICT,True,4.0,True,1,4.599211563731932,18-52915,0.3138842497772824,POTENTIAL,broad
17-168958,NAME:departement de la vendee,NAME_FALLBACK,2017-11-30,2018-04-27,2018-10-27,2026-07-13,72,72212,DIGITAL_ICT,True,6.0,True,1,14.98028909329829,19-33087,0.2954425216139885,POTENTIAL,broad
17-155889,NAME:institut mines-telecom atlantique,NAME_FALLBACK,2017-11-05,2018-02-28,2018-06-28,2026-07-13,32,32232,DIGITAL_ICT,True,4.0,True,0,104.20499342969777,,,,broad
17-159373,NAME:chu de nantes,NAME_FALLBACK,2017-11-12,2018-04-14,2018-10-14,2026-07-13,72,72267,DIGITAL_ICT,True,6.0,True,1,9.559789750328514,18-121819,0.6556038895704177,POTENTIAL,broad
17-165149,NAME:oniris,NAME_FALLBACK,2017-11-25,2017-11-25,2018-05-25,2026-07-13,72,72212,DIGITAL_ICT,True,6.0,True,0,103.54796320630749,,,,broad
17-155110,NAME:commune de nantes,NAME_FALLBACK,2017-11-03,2017-11-03,2018-05-03,2026-07-13,,,DIGITAL_ICT,True,6.0,True,1,11.366622864651774,18-141270,0.4346659318371874,MEDIUM,broad
17-162755,NAME:la cite des congres de nantes,NAME_FALLBACK,2017-11-17,2017-11-17,2018-05-17,2026-07-13,72,72315,DIGITAL_ICT,True,6.0,True,1,5.321944809461235,18-58840,0.3854148593664542,POTENTIAL,broad
17-168569,NAME:nantes metropole,NAME_FALLBACK,2017-11-29,2017-11-29,2018-05-29,2026-07-13,72,72320,DIGITAL_ICT,True,6.0,True,1,5.650459921156373,18-66863,0.372392065647889,POTENTIAL,broad
17-156571,NAME:mairie de saint-viaud,NAME_FALLBACK,2017-11-06,2017-11-06,2018-11-06,2026-07-13,45,45000,DIGITAL_ICT,True,12.0,True,0,104.17214191852825,,,,broad
17-158731,NAME:departement de la vendee,NAME_FALLBACK,2017-11-09,2018-03-09,2018-09-09,2026-07-13,72,72220,DIGITAL_ICT,True,6.0,True,0,104.0735873850197,,,,broad
17-159853,NAME:angers loire metropole,NAME_FALLBACK,2017-11-13,2017-11-13,2018-05-13,2026-07-13,72,72267,DIGITAL_ICT,True,6.0,True,1,8.245729303547963,18-101099,0.3366755650998906,POTENTIAL,broad
17-167707,NAME:nantes metropole,NAME_FALLBACK,2017-11-28,2017-11-28,2018-05-28,2026-07-13,48,48000,DIGITAL_ICT,True,6.0,True,1,7.030223390275952,18-90097,0.6120808166147511,POTENTIAL,broad
17-158224,NAME:nantes metropole,NAME_FALLBACK,2017-11-12,2018-05-20,2018-11-20,2026-07-13,48,48000,DIGITAL_ICT,True,6.0,True,1,16.918528252299605,19-55110,0.5797318441523616,HIGH,broad
17-165815,NAME:dreal bretagne,NAME_FALLBACK,2017-11-25,2018-06-28,2018-12-28,2026-07-13,48,48000,DIGITAL_ICT,True,6.0,True,0,103.54796320630749,,,,broad
17-160290,NAME:universite de nantes,NAME_FALLBACK,2017-11-13,2018-01-22,2018-06-22,2026-07-13,38,38430,DIGITAL_ICT,True,5.0,True,1,6.734559789750328,18-77300,0.2924025635389909,POTENTIAL,broad
17-161917,NAME:conseil departemental loire-atlantique,NAME_FALLBACK,2017-11-18,2017-11-18,2018-05-18,2026-07-13,72,72611,DIGITAL_ICT,True,6.0,True,1,6.800262812089356,18-80158,0.4239692718035863,POTENTIAL,broad
17-163707,NAME:gie sesam vitale,NAME_FALLBACK,2017-11-22,2017-11-22,2018-05-22,2026-07-13,72,72910,DIGITAL_ICT,True,6.0,True,0,103.64651773981603,,,,broad
17-164463,NAME:commune de saint-nazaire,NAME_FALLBACK,2017-11-24,2017-11-24,2018-05-24,2026-07-13,,,DIGITAL_ICT,True,6.0,True,1,4.139290407358739,18-41248,0.3430157982609542,POTENTIAL,broad
17-161006,NAME:angers loire metropole,NAME_FALLBACK,2017-11-19,2018-12-21,2019-06-21,2026-07-13,48,48311,DIGITAL_ICT,True,6.0,True,1,18.495400788436267,19-85688,0.293530982166811,MEDIUM,broad
17-165817,NAME:dreal bretagne,NAME_FALLBACK,2017-11-25,2018-05-30,2018-11-30,2026-07-13,48,48000,DIGITAL_ICT,True,6.0,True,0,103.54796320630749,,,,broad
17-156331,NAME:commune de saint-nazaire,NAME_FALLBACK,2017-11-07,2017-11-07,2018-05-07,2026-07-13,,,DIGITAL_ICT,True,6.0,True,1,4.402102496714849,18-38591,0.3549306813881656,POTENTIAL,broad
17-173975,SIRET:23440003400026,RAW_SIRET,2017-12-13,2018-07-01,2019-01-01,2026-07-13,48,48000,DIGITAL_ICT,True,6.0,True,1,12.877792378449408,19-1779,0.3423337375005305,POTENTIAL,broad
17-172986,NAME:ville de sable sur sarthe,NAME_FALLBACK,2017-12-08,2017-12-08,2018-06-08,2026-07-13,,,DIGITAL_ICT,True,6.0,True,1,1.281208935611038,18-6802,0.4898812196522246,MEDIUM,broad
17-181054,NAME:cte de communes de la region de blain,NAME_FALLBACK,2017-12-22,2017-12-22,2018-04-22,2026-07-13,50,50312,DIGITAL_ICT,True,4.0,True,0,102.66097240473061,,,,broad
17-129614,NAME:nantes metropole,NAME_FALLBACK,2017-12-21,2017-12-21,2018-06-21,2026-07-13,72,72250,DIGITAL_ICT,True,6.0,True,1,4.434954007884363,18-61655,0.5791148617395561,HIGH,broad
17-170649,NAME:gpm de nantes - st nazaire,NAME_FALLBACK,2017-12-04,2017-12-04,2018-06-04,2026-07-13,,,DIGITAL_ICT,True,6.0,True,1,4.664914586070959,18-57746,0.2852474813841437,POTENTIAL,broad
17-172862,NAME:alter public,NAME_FALLBACK,2017-12-08,2017-12-08,2018-06-08,2026-07-13,72,72212,DIGITAL_ICT,True,6.0,True,0,103.12089356110381,,,,broad
17-176420,NAME:angers loire metropole,NAME_FALLBACK,2017-12-15,2017-12-15,2018-05-15,2026-07-13,35,35125,DIGITAL_ICT,True,5.0,True,1,4.599211563731932,18-60154,0.2976579081729656,POTENTIAL,broad
17-170059,SIRET:18440135400057,RAW_SIRET,2017-12-03,2018-02-28,2018-06-28,2026-07-13,50,50312,DIGITAL_ICT,True,4.0,True,0,103.28515111695138,,,,broad
17-176560,NAME:sdis de la mayenne,NAME_FALLBACK,2017-12-17,2018-03-29,2018-08-29,2026-07-13,35,35111,DIGITAL_ICT,True,5.0,True,0,102.82522996057818,,,,broad
17-171316,SIRET:23440003400026,RAW_SIRET,2017-12-07,2018-05-02,2018-11-02,2026-07-13,72,72250,DIGITAL_ICT,True,6.0,True,1,10.64388961892247,18-150422,0.4742670636405082,POTENTIAL,broad
17-181551,NAME:departement de la sarthe,NAME_FALLBACK,2017-12-22,2017-12-22,2018-05-22,2026-07-13,35,35100,DIGITAL_ICT,True,5.0,True,1,4.106438896189225,18-58630,0.2815727726846617,MEDIUM,broad
17-170763,NAME:ville de la roche sur yon,NAME_FALLBACK,2017-12-04,2017-12-04,2018-06-04,2026-07-13,,,DIGITAL_ICT,True,6.0,True,1,6.340341655716163,18-82638,0.4202269199281036,MEDIUM,broad
17-175897,NAME:conseil departemental de la mayenne,NAME_FALLBACK,2017-12-15,2017-12-15,2018-06-15,2026-07-13,,,DIGITAL_ICT,True,6.0,True,0,102.89093298291722,,,,broad
17-177418,NAME:commune de saint-nazaire,NAME_FALLBACK,2017-12-20,2017-12-20,2018-04-20,2026-07-13,32,32323,DIGITAL_ICT,True,4.0,True,1,0.0328515111695138,17-178496,0.3304197770386172,POTENTIAL,broad
17-179112,NAME:nantes metropole,NAME_FALLBACK,2017-12-22,2017-12-22,2018-06-22,2026-07-13,72,72000,DIGITAL_ICT,True,6.0,True,1,2.33245729303548,18-28651,0.4626150843781847,POTENTIAL,broad
17-174282,NAME:inserm,NAME_FALLBACK,2017-12-14,2017-12-14,2018-04-14,2026-07-13,50,50312,DIGITAL_ICT,True,4.0,True,0,102.92378449408673,,,,broad
17-174760,NAME:sdis 44,NAME_FALLBACK,2017-12-14,2018-07-26,2018-12-26,2026-07-13,35,35110,DIGITAL_ICT,True,5.0,True,1,9.461235216819974,18-134465,0.3747250067305299,MEDIUM,broad
17-173663,NAME:nantes metropole,NAME_FALLBACK,2017-12-16,2017-12-16,2018-06-16,2026-07-13,48,48000,DIGITAL_ICT,True,6.0,True,1,6.438896189224704,18-90097,0.94083661848445,HIGH,broad
17-172856,NAME:mairie de saint-viaud,NAME_FALLBACK,2017-12-08,2017-12-08,2018-12-08,2026-07-13,45,45000,DIGITAL_ICT,True,12.0,True,0,103.12089356110381,,,,broad
17-178366,NAME:angers loire developpement,NAME_FALLBACK,2017-12-19,2017-12-19,2018-06-19,2026-07-13,,,DIGITAL_ICT,True,6.0,True,0,102.75952693823916,,,,broad
17-178496,NAME:commune de saint-nazaire,NAME_FALLBACK,2017-12-21,2017-12-21,2018-04-21,2026-07-13,32,32321,DIGITAL_ICT,True,4.0,True,1,2.9566360052562417,18-38591,0.3633925033022797,POTENTIAL,broad
18-6138,NAME:sdis 44,NAME_FALLBACK,2018-01-17,2018-06-02,2018-12-02,2026-07-13,48,48000,DIGITAL_ICT,True,6.0,True,0,101.80683311432325,,,,broad
18-8615,NAME:gcs esante pays de la loire,NAME_FALLBACK,2018-01-20,2018-06-08,2018-12-08,2026-07-13,72,72200,DIGITAL_ICT,True,6.0,True,0,101.70827858081472,,,,broad
18-9145,SIRET:22850001300658,RAW_SIRET,2018-01-21,2018-05-27,2018-09-27,2026-07-13,30,30121,DIGITAL_ICT,True,4.0,True,1,8.147174770039422,18-133090,0.3507563002762432,POTENTIAL,broad
18-9170,NAME:communaute communes la chataigneraie,NAME_FALLBACK,2018-01-24,2018-08-01,2019-02-01,2026-07-13,48,48000,DIGITAL_ICT,True,6.0,True,0,101.57687253613666,,,,broad
18-12557,NAME:la cite des congres de nantes,NAME_FALLBACK,2018-01-28,2018-01-28,2018-05-28,2026-07-13,32,32424,DIGITAL_ICT,True,4.0,True,1,3.219448094612352,18-62528,0.3496941309147112,MEDIUM,broad
18-12119,NAME:conseil regional des pays de la loire,NAME_FALLBACK,2018-01-28,2018-05-25,2018-11-25,2026-07-13,72,72312,DIGITAL_ICT,True,6.0,True,0,101.4454664914586,,,,broad
18-4239,NAME:ca pornic agglo pays de retz,NAME_FALLBACK,2018-01-14,2018-03-31,2018-08-31,2026-07-13,35,35261,DIGITAL_ICT,True,5.0,True,0,101.9053876478318,,,,broad
18-9081,NAME:communaute communes la chataigneraie,NAME_FALLBACK,2018-01-21,2018-06-21,2018-10-21,2026-07-13,30,30200,DIGITAL_ICT,True,4.0,True,0,101.67542706964521,,,,broad
18-8070,NAME:angers loire metropole,NAME_FALLBACK,2018-01-18,2018-01-18,2018-07-18,2026-07-13,72,72421,DIGITAL_ICT,True,6.0,True,1,6.077529566360052,18-101099,0.3645247481384143,MEDIUM,broad
18-10415,NAME:universite de nantes,NAME_FALLBACK,2018-01-23,2018-04-26,2018-09-26,2026-07-13,35,35113,DIGITAL_ICT,True,5.0,True,0,101.60972404730617,,,,broad
18-13131,NAME:cte de communes d erdre et gesvres,NAME_FALLBACK,2018-01-29,2018-01-29,2018-07-29,2026-07-13,48,48000,DIGITAL_ICT,True,6.0,True,0,101.41261498028909,,,,broad
18-13243,NAME:universite d angers,NAME_FALLBACK,2018-01-29,2018-09-24,2019-03-24,2026-07-13,72,72267,DIGITAL_ICT,True,6.0,True,0,101.41261498028909,,,,broad
18-8280,NAME:la roche-sur-yon agglomeration,NAME_FALLBACK,2018-01-20,2018-06-15,2018-12-15,2026-07-13,48,48822,DIGITAL_ICT,True,6.0,True,0,101.70827858081472,,,,broad
18-11225,NAME:nantes metropole,NAME_FALLBACK,2018-01-27,2018-01-27,2018-07-27,2026-07-13,72,72000,DIGITAL_ICT,True,6.0,True,1,1.149802890932983,18-28651,0.4303889642229503,MEDIUM,broad
18-8879,NAME:gie sesam vitale,NAME_FALLBACK,2018-01-21,2019-03-03,2019-09-03,2026-07-13,72,72600,DIGITAL_ICT,True,6.0,True,1,21.156373193166885,19-163024,0.2960840998685939,POTENTIAL,broad
18-6802,NAME:ville de sable sur sarthe,NAME_FALLBACK,2018-01-16,2018-01-16,2018-07-16,2026-07-13,,,DIGITAL_ICT,True,6.0,True,0,101.83968462549278,,,,broad
18-6884,NAME:chu de nantes,NAME_FALLBACK,2018-01-16,2018-01-16,2018-07-16,2026-07-13,72,72000,DIGITAL_ICT,True,6.0,True,1,4.6320630749014455,18-76556,0.3152474813841436,POTENTIAL,broad
18-14043,NAME:uniha gcs,NAME_FALLBACK,2018-01-30,2018-01-30,2018-07-30,2026-07-13,72,72512,DIGITAL_ICT,True,6.0,True,0,101.37976346911958,,,,broad
18-265,NAME:conseil regional des pays de la loire,NAME_FALLBACK,2018-01-02,2018-09-04,2019-01-04,2026-07-13,32,32354,DIGITAL_ICT,True,4.0,True,0,102.29960578186596,,,,broad
18-2518,NAME:chu de nantes,NAME_FALLBACK,2018-01-09,2018-01-09,2018-07-09,2026-07-13,72,72311,DIGITAL_ICT,True,6.0,True,1,4.862023653088042,18-76556,0.3271211116320927,POTENTIAL,broad
18-546,NAME:angers loire metropole,NAME_FALLBACK,2018-01-05,2018-05-17,2018-11-17,2026-07-13,48,48321,DIGITAL_ICT,True,6.0,True,1,10.676741130091983,18-117389,0.3035014304969451,POTENTIAL,broad
18-12739,NAME:la cite des congres de nantes,NAME_FALLBACK,2018-01-26,2018-01-26,2018-07-26,2026-07-13,72,72611,DIGITAL_ICT,True,6.0,True,1,0.4599211563731931,18-19126,0.7314082347787998,HIGH,broad
18-14065,SIRET:22850001300658,RAW_SIRET,2018-02-01,2018-08-23,2018-12-23,2026-07-13,30,30125,DIGITAL_ICT,True,4.0,True,1,11.793692509855452,19-12828,0.3837199127237125,MEDIUM,broad
18-21470,SIRET:21530097100011,RAW_SIRET,2018-02-15,2018-06-28,2018-10-28,2026-07-13,32,32323,DIGITAL_ICT,True,4.0,True,0,100.85413929040736,,,,broad
18-26455,NAME:universite de rennes 1,NAME_FALLBACK,2018-02-25,2018-06-20,2018-10-20,2026-07-13,30,30200,DIGITAL_ICT,True,4.0,True,0,100.52562417871222,,,,broad
18-27476,SIRET:19490970100303,RAW_SIRET,2018-02-28,2018-06-20,2018-10-20,2026-07-13,32,32415,DIGITAL_ICT,True,4.0,True,1,7.687253613666228,18-146489,0.7682184636009937,HIGH,broad
18-15680,NAME:commune de saint-nazaire,NAME_FALLBACK,2018-02-07,2018-02-07,2018-08-07,2026-07-13,72,72000,DIGITAL_ICT,True,6.0,True,1,5.091984231274639,18-97311,0.3884592087310771,MEDIUM,broad
18-18447,NAME:nantes metropole,NAME_FALLBACK,2018-02-09,2018-02-09,2018-08-09,2026-07-13,,,DIGITAL_ICT,True,6.0,True,1,0.1971090670170827,18-21811,0.4428185871197231,MEDIUM,broad
18-14081,NAME:cdc du pays de saint gilles cx de vie,NAME_FALLBACK,2018-02-02,2018-04-14,2018-10-14,2026-07-13,48,48000,DIGITAL_ICT,True,6.0,True,1,2.562417871222076,18-52482,0.719088918090232,HIGH,broad
18-20656,NAME:nantes metropole,NAME_FALLBACK,2018-02-13,2018-02-13,2018-08-13,2026-07-13,,,DIGITAL_ICT,True,6.0,True,1,6.5374507227332455,18-122376,0.393443969050825,POTENTIAL,broad
18-21245,NAME:departement de la sarthe,NAME_FALLBACK,2018-02-14,2018-02-14,2018-08-14,2026-07-13,72,72212,DIGITAL_ICT,True,6.0,True,1,6.931668856767411,18-127908,0.4232994916484426,POTENTIAL,broad
18-21831,NAME:gie des epl de vendee,NAME_FALLBACK,2018-02-15,2018-02-15,2018-08-15,2026-07-13,48,48000,DIGITAL_ICT,True,6.0,True,1,5.486202365308804,18-109139,0.2932905001533361,MEDIUM,broad
18-22059,NAME:rectorat de l academie de nantes,NAME_FALLBACK,2018-02-15,2018-02-15,2018-08-15,2026-07-13,,,DIGITAL_ICT,True,6.0,True,0,100.85413929040736,,,,broad
18-26430,NAME:gie sesam vitale,NAME_FALLBACK,2018-02-25,2019-02-08,2019-08-08,2026-07-13,72,72000,DIGITAL_ICT,True,6.0,True,1,21.02496714848883,19-176592,0.4580617608409986,MEDIUM,broad
18-26406,NAME:mancelle d habitation,NAME_FALLBACK,2018-02-24,2019-08-30,2020-02-29,2026-07-13,71,71200,DIGITAL_ICT,True,6.0,True,0,100.55847568988173,,,,broad
18-16076,NAME:ville d avrille,NAME_FALLBACK,2018-02-02,2018-02-02,2018-06-02,2026-07-13,32,32323,DIGITAL_ICT,True,4.0,True,0,101.28120893561103,,,,broad
18-17596,NAME:communaute urbaine d alencon,NAME_FALLBACK,2018-02-07,2018-02-07,2018-08-07,2026-07-13,,,DIGITAL_ICT,True,6.0,True,0,101.11695137976346,,,,broad
18-27688,NAME:ville d angers,NAME_FALLBACK,2018-02-27,2018-02-27,2018-08-27,2026-07-13,48,48952,DIGITAL_ICT,True,6.0,True,0,100.4599211563732,,,,broad
18-28408,NAME:conseil regional des pays de la loire,NAME_FALLBACK,2018-02-28,2018-10-29,2019-04-29,2026-07-13,,,DIGITAL_ICT,True,6.0,True,1,14.750328515111695,19-79409,0.3295926744979899,POTENTIAL,broad
18-22345,NAME:uniha gcs,NAME_FALLBACK,2018-02-17,2018-02-17,2018-08-17,2026-07-13,72,72200,DIGITAL_ICT,True,6.0,True,1,1.971090670170828,18-52389,0.3883300815624305,MEDIUM,broad
18-26654,SIRET:13001855900018,RAW_SIRET,2018-02-25,2019-07-20,2019-11-20,2026-07-13,32,32424,DIGITAL_ICT,True,4.0,True,0,100.52562417871222,,,,broad
18-26824,SIRET:23440003400026,RAW_SIRET,2018-02-25,2018-09-06,2019-03-06,2026-07-13,72,72212,DIGITAL_ICT,True,6.0,True,1,10.446780551905388,19-1779,0.6026953768987288,HIGH,broad
18-17886,NAME:departement de la vendee,NAME_FALLBACK,2018-02-07,2018-06-06,2018-12-06,2026-07-13,72,72600,DIGITAL_ICT,True,6.0,True,1,11.070959264126149,19-4677,0.3388878004324336,MEDIUM,broad
18-20647,NAME:semitan mandataire de la cun,NAME_FALLBACK,2018-02-13,2018-02-13,2018-06-13,2026-07-13,32,32571,DIGITAL_ICT,True,4.0,True,0,100.91984231274638,,,,broad
18-21811,NAME:nantes metropole,NAME_FALLBACK,2018-02-15,2018-02-15,2018-08-15,2026-07-13,,,DIGITAL_ICT,True,6.0,True,1,6.471747700394218,18-122376,0.3625326890828312,POTENTIAL,broad
18-25585,NAME:angers loire metropole,NAME_FALLBACK,2018-02-22,2018-02-22,2018-06-22,2026-07-13,32,32412,DIGITAL_ICT,True,4.0,True,1,2.33245729303548,18-60154,0.3066513006226936,POTENTIAL,broad
18-18602,NAME:universite de nantes,NAME_FALLBACK,2018-02-09,2018-06-17,2018-12-17,2026-07-13,72,72224,DIGITAL_ICT,True,6.0,True,0,101.05124835742444,,,,broad
18-22305,NAME:uniha gcs,NAME_FALLBACK,2018-02-17,2018-02-17,2018-08-17,2026-07-13,72,72200,DIGITAL_ICT,True,6.0,True,1,1.971090670170828,18-52389,0.4781770709067098,MEDIUM,broad
18-18750,NAME:comsopgn,NAME_FALLBACK,2018-02-08,2018-02-08,2018-06-08,2026-07-13,32,32351,DIGITAL_ICT,True,4.0,True,1,1.149802890932983,18-35949,0.8436508979413049,HIGH,broad
18-19126,NAME:la cite des congres de nantes,NAME_FALLBACK,2018-02-09,2018-02-09,2018-08-09,2026-07-13,72,72611,DIGITAL_ICT,True,6.0,True,1,6.636005256241787,18-120644,0.3094077126429856,MEDIUM,broad
18-41400,NAME:mairie de coueron,NAME_FALLBACK,2018-03-26,2018-03-26,2018-09-26,2026-07-13,,,DIGITAL_ICT,True,6.0,True,1,8.83705650459921,18-177907,0.5736508979413053,HIGH,broad
18-44171,NAME:rectorat de l academie de nantes,NAME_FALLBACK,2018-03-30,2018-03-30,2018-09-30,2026-07-13,,,DIGITAL_ICT,True,6.0,True,0,99.44152431011827,,,,broad
18-30674,NAME:cdc du pays de saint gilles cx de vie,NAME_FALLBACK,2018-03-07,2018-08-10,2018-12-10,2026-07-13,30,30230,DIGITAL_ICT,True,4.0,True,0,100.19710906701708,,,,broad
18-29375,NAME:commune de reze,NAME_FALLBACK,2018-03-01,2018-03-01,2018-09-01,2026-07-13,71,71631,DIGITAL_ICT,True,6.0,True,1,0.3613666228646517,18-34097,0.7231953569864211,HIGH,broad
18-36652,NAME:commune de saint-nazaire,NAME_FALLBACK,2018-03-20,2018-03-20,2018-09-20,2026-07-13,48,48000,DIGITAL_ICT,True,6.0,True,1,0.0328515111695138,18-38591,0.5722738072554889,HIGH,broad
18-40228,NAME:le mans metropole - communaute urbaine,NAME_FALLBACK,2018-03-22,2018-06-18,2019-06-18,2026-07-13,45,45314,DIGITAL_ICT,True,12.0,True,0,99.70433639947437,,,,broad
18-44367,NAME:ville des sables d olonne,NAME_FALLBACK,2018-03-30,2018-03-30,2018-07-30,2026-07-13,32,32560,DIGITAL_ICT,True,4.0,True,1,4.369250985545335,18-114528,0.4149430573806394,MEDIUM,broad
18-37425,NAME:universite de nantes,NAME_FALLBACK,2018-03-18,2018-07-19,2019-01-19,2026-07-13,72,72500,DIGITAL_ICT,True,6.0,True,1,12.056504599211562,19-43671,0.374516369632879,MEDIUM,broad
18-40946,SIRET:20004248900019,RAW_SIRET,2018-03-25,2018-07-25,2018-11-25,2026-07-13,32,32424,DIGITAL_ICT,True,4.0,True,0,99.60578186596584,,,,broad
18-39750,NAME:mayenne tres haut debit,NAME_FALLBACK,2018-03-28,2018-03-28,2018-09-28,2026-07-13,71,71316,DIGITAL_ICT,True,6.0,True,0,99.50722733245729,,,,broad
18-41617,NAME:universite du maine,NAME_FALLBACK,2018-03-28,2018-09-27,2019-01-27,2026-07-13,30,30237,DIGITAL_ICT,True,4.0,True,0,99.50722733245729,,,,broad
18-42613,SIRET:22850001300658,RAW_SIRET,2018-03-29,2018-08-01,2019-02-01,2026-07-13,72,72413,DIGITAL_ICT,True,6.0,True,1,9.85545335085414,19-10428,0.4057477033611045,POTENTIAL,broad
18-38591,NAME:commune de saint-nazaire,NAME_FALLBACK,2018-03-21,2018-03-21,2018-09-21,2026-07-13,48,48000,DIGITAL_ICT,True,6.0,True,1,3.712220762155059,18-97311,0.3277392385285867,POTENTIAL,broad
18-41248,NAME:commune de saint-nazaire,NAME_FALLBACK,2018-03-30,2018-03-30,2018-09-30,2026-07-13,48,48931,DIGITAL_ICT,True,6.0,True,1,3.055190538764783,18-88858,0.3564397507060348,MEDIUM,broad
18-28651,NAME:nantes metropole,NAME_FALLBACK,2018-03-03,2018-03-03,2018-09-03,2026-07-13,72,72000,DIGITAL_ICT,True,6.0,True,1,5.946123521681997,18-122376,0.4056375449941568,MEDIUM,broad
18-37028,NAME:nantes metropole,NAME_FALLBACK,2018-03-21,2018-08-16,2018-12-16,2026-07-13,32,32418,DIGITAL_ICT,True,4.0,True,1,8.21287779237845,18-164871,0.3198462314036542,POTENTIAL,broad
18-29896,NAME:cnieg,NAME_FALLBACK,2018-03-02,2018-03-02,2018-09-02,2026-07-13,72,72600,DIGITAL_ICT,True,6.0,True,1,9.067017082785808,18-167431,0.31621421157771,POTENTIAL,broad
18-32739,NAME:commune de la baule,NAME_FALLBACK,2018-03-08,2018-03-08,2018-07-08,2026-07-13,32,32323,DIGITAL_ICT,True,4.0,True,1,0.3942181340341655,18-38804,0.4922211258902276,MEDIUM,broad
18-40625,NAME:angers loire metropole,NAME_FALLBACK,2018-03-23,2018-03-23,2018-07-23,2026-07-13,32,32352,DIGITAL_ICT,True,4.0,True,1,1.3797634691195797,18-60154,0.3421860265902178,POTENTIAL,broad
18-35370,NAME:nantes metropole,NAME_FALLBACK,2018-03-14,2018-03-14,2018-09-14,2026-07-13,,,DIGITAL_ICT,True,6.0,True,1,3.54796320630749,18-90097,0.3771244919269929,POTENTIAL,broad
18-38970,NAME:gpm de nantes - st nazaire,NAME_FALLBACK,2018-03-21,2018-03-21,2018-09-21,2026-07-13,,,DIGITAL_ICT,True,6.0,True,1,6.14323258869908,18-132522,0.3486974290682572,MEDIUM,broad
18-29333,NAME:comm comm de doue la fontaine,NAME_FALLBACK,2018-03-01,2018-03-01,2018-09-01,2026-07-13,,,DIGITAL_ICT,True,6.0,True,0,100.39421813403416,,,,broad
18-34097,NAME:commune de reze,NAME_FALLBACK,2018-03-12,2018-03-12,2018-09-12,2026-07-13,71,71631,DIGITAL_ICT,True,6.0,True,1,7.950065703022338,18-157478,0.2864630830178427,MEDIUM,broad
18-35949,NAME:comsopgn,NAME_FALLBACK,2018-03-15,2018-03-15,2018-07-15,2026-07-13,32,32351,DIGITAL_ICT,True,4.0,True,0,99.93429697766098,,,,broad
18-31687,NAME:conseil regional des pays de la loire,NAME_FALLBACK,2018-03-08,2018-09-06,2019-03-06,2026-07-13,48,48900,DIGITAL_ICT,True,6.0,True,1,11.793692509855452,19-32405,0.3741509340760351,POTENTIAL,broad
18-38978,NAME:gpm de nantes - st nazaire,NAME_FALLBACK,2018-03-21,2018-03-21,2018-09-21,2026-07-13,,,DIGITAL_ICT,True,6.0,True,1,6.14323258869908,18-132522,0.3471406441624676,MEDIUM,broad
18-43156,NAME:ch le mans,NAME_FALLBACK,2018-03-30,2018-11-21,2019-04-21,2026-07-13,79,79540,DIGITAL_ICT,True,5.0,True,1,11.826544021024969,19-46630,0.3502111859878444,POTENTIAL,broad
18-43533,NAME:conseil departemental de la mayenne,NAME_FALLBACK,2018-03-30,2018-03-30,2018-09-30,2026-07-13,,,DIGITAL_ICT,True,6.0,True,1,7.391590013140604,18-154990,0.2838786684187472,MEDIUM,broad
18-30222,SIRET:23440003400026,RAW_SIRET,2018-03-04,2018-10-11,2019-04-11,2026-07-13,72,72212,DIGITAL_ICT,True,6.0,True,1,10.21681997371879,19-1779,0.466858427749827,MEDIUM,broad
18-35804,NAME:ccir pays de la loire,NAME_FALLBACK,2018-03-16,2018-03-16,2018-07-16,2026-07-13,30,30214,DIGITAL_ICT,True,4.0,True,1,2.463863337713535,18-72093,0.8956657906263688,HIGH,broad
18-40176,NAME:gie sesam vitale,NAME_FALLBACK,2018-03-24,2018-03-24,2018-09-24,2026-07-13,48,48170,DIGITAL_ICT,True,6.0,True,0,99.63863337713535,,,,broad
18-34113,NAME:ville d orvault,NAME_FALLBACK,2018-03-12,2018-03-12,2018-09-12,2026-07-13,,,DIGITAL_ICT,True,6.0,True,0,100.03285151116951,,,,broad
18-28473,NAME:ademe,NAME_FALLBACK,2018-03-03,2018-03-03,2018-09-03,2026-07-13,72,72400,DIGITAL_ICT,True,6.0,True,0,100.32851511169514,,,,broad
18-30024,NAME:angers loire metropole,NAME_FALLBACK,2018-03-04,2018-11-16,2019-05-16,2026-07-13,48,48160,DIGITAL_ICT,True,6.0,True,1,12.713534822601838,19-47186,0.2917529906417333,POTENTIAL,broad
18-32259,NAME:ville d angers,NAME_FALLBACK,2018-03-07,2018-03-07,2018-09-07,2026-07-13,,,DIGITAL_ICT,True,6.0,True,0,100.19710906701708,,,,broad
18-38804,NAME:commune de la baule,NAME_FALLBACK,2018-03-20,2018-03-20,2018-07-20,2026-07-13,32,32323,DIGITAL_ICT,True,4.0,True,0,99.77003942181341,,,,broad
18-40230,NAME:ville du mans,NAME_FALLBACK,2018-03-22,2018-06-18,2019-06-18,2026-07-13,45,45314,DIGITAL_ICT,True,12.0,True,1,16.031537450722734,19-114994,0.3130576335624002,MEDIUM,broad
18-46804,NAME:conseil regional des pays de la loire,NAME_FALLBACK,2018-04-05,2018-07-02,2021-01-02,2026-07-13,66,66151,DIGITAL_ICT,True,30.0,True,1,34.09986859395532,21-16505,0.2849618415636505,MEDIUM,broad
18-57746,NAME:gpm de nantes - st nazaire,NAME_FALLBACK,2018-04-25,2018-04-25,2018-10-25,2026-07-13,,,DIGITAL_ICT,True,6.0,True,1,4.993429697766097,18-132522,0.3132854630139846,MEDIUM,broad
18-46132,SIRET:21720181300011,RAW_SIRET,2018-04-06,2018-07-28,2018-11-28,2026-07-13,30,30200,DIGITAL_ICT,True,4.0,True,0,99.21156373193166,,,,broad
18-52482,NAME:cdc du pays de saint gilles cx de vie,NAME_FALLBACK,2018-04-21,2018-10-24,2019-04-24,2026-07-13,48,48000,DIGITAL_ICT,True,6.0,True,0,98.71879106438897,,,,broad
18-58840,NAME:la cite des congres de nantes,NAME_FALLBACK,2018-04-28,2018-04-28,2018-08-28,2026-07-13,30,30200,DIGITAL_ICT,True,4.0,True,1,4.073587385019711,18-120644,0.904266930197533,HIGH,broad
18-58630,NAME:departement de la sarthe,NAME_FALLBACK,2018-04-26,2018-07-31,2019-01-31,2026-07-13,72,72267,DIGITAL_ICT,True,6.0,True,1,9.132720105124836,19-15392,0.4294726681362147,MEDIUM,broad
18-53389,NAME:caisse des depots,NAME_FALLBACK,2018-04-20,2018-10-28,2019-02-28,2026-07-13,30,30131,DIGITAL_ICT,True,4.0,True,0,98.75164257555848,,,,broad
18-53962,NAME:sdis de la sarthe,NAME_FALLBACK,2018-04-18,2018-08-07,2019-02-07,2026-07-13,72,72500,DIGITAL_ICT,True,6.0,True,0,98.8173455978975,,,,broad
18-58285,NAME:conseil departemental loire-atlantique,NAME_FALLBACK,2018-04-26,2018-04-26,2018-10-26,2026-07-13,,,DIGITAL_ICT,True,6.0,True,1,6.011826544021025,18-149893,0.3438206917505476,MEDIUM,broad
18-55179,NAME:carene,NAME_FALLBACK,2018-04-27,2018-04-27,2018-08-27,2026-07-13,32,32000,DIGITAL_ICT,True,4.0,True,0,98.52168199737189,,,,broad
18-43289,NAME:ademe,NAME_FALLBACK,2018-04-18,2018-04-18,2018-10-18,2026-07-13,72,72316,DIGITAL_ICT,True,6.0,True,0,98.8173455978975,,,,broad
18-52857,NAME:universite du maine,NAME_FALLBACK,2018-04-17,2018-06-29,2018-11-29,2026-07-13,42,42610,DIGITAL_ICT,True,5.0,True,0,98.85019710906701,,,,broad
18-55455,NAME:sdis49,NAME_FALLBACK,2018-04-20,2018-08-27,2019-02-27,2026-07-13,72,72224,DIGITAL_ICT,True,6.0,True,0,98.75164257555848,,,,broad
18-56007,NAME:irstea,NAME_FALLBACK,2018-04-23,2018-04-23,2018-10-23,2026-07-13,,,DIGITAL_ICT,True,6.0,True,0,98.65308804204993,,,,broad
18-47589,NAME:universite de nantes,NAME_FALLBACK,2018-04-08,2018-04-08,2018-10-08,2026-07-13,71,71200,DIGITAL_ICT,True,6.0,True,0,99.14586070959264,,,,broad
18-47719,NAME:chambre agriculture pays de la loire,NAME_FALLBACK,2018-04-08,2018-04-08,2018-09-08,2026-07-13,79,79810,DIGITAL_ICT,True,5.0,True,0,99.14586070959264,,,,broad
18-51459,SIRET:23440003400026,RAW_SIRET,2018-04-15,2018-04-15,2018-08-15,2026-07-13,32,32500,DIGITAL_ICT,True,4.0,True,1,5.059132720105125,18-128655,0.4015684678321523,MEDIUM,broad
18-57918,NAME:agce pour l enst fr a l etranger,NAME_FALLBACK,2018-04-27,2018-04-27,2018-10-27,2026-07-13,72,72210,DIGITAL_ICT,True,6.0,True,1,6.044678055190539,18-151695,0.6460295021264435,HIGH,broad
18-50678,NAME:conseil general de la vendee,NAME_FALLBACK,2018-04-12,2018-07-11,2018-11-11,2026-07-13,32,32322,DIGITAL_ICT,True,4.0,True,0,99.01445466491458,,,,broad
18-52915,NAME:conseil departemental loire-atlantique,NAME_FALLBACK,2018-04-17,2018-04-17,2018-10-17,2026-07-13,,,DIGITAL_ICT,True,6.0,True,1,6.307490144546649,18-149893,0.3343663223384695,MEDIUM,broad
18-56546,NAME:nantes metropole,NAME_FALLBACK,2018-04-24,2018-04-24,2018-10-24,2026-07-13,48,48000,DIGITAL_ICT,True,6.0,True,1,2.2010512483574245,18-90097,0.5409421051365251,HIGH,broad
18-57126,NAME:sdis49,NAME_FALLBACK,2018-04-24,2018-08-27,2019-02-27,2026-07-13,,,DIGITAL_ICT,True,6.0,True,0,98.62023653088042,,,,broad
18-46346,SIRET:19490970100303,RAW_SIRET,2018-04-06,2018-12-03,2019-04-03,2026-07-13,32,32330,DIGITAL_ICT,True,4.0,True,0,99.21156373193166,,,,broad
18-38071,NAME:ademe,NAME_FALLBACK,2018-04-13,2019-01-23,2019-06-23,2026-07-13,79,79900,DIGITAL_ICT,True,5.0,True,0,98.98160315374507,,,,broad
18-53373,NAME:universite de nantes,NAME_FALLBACK,2018-04-19,2018-07-29,2018-11-29,2026-07-13,50,50324,DIGITAL_ICT,True,4.0,True,0,98.78449408672799,,,,broad
18-53378,NAME:nantes metropole,NAME_FALLBACK,2018-04-20,2018-04-20,2018-10-20,2026-07-13,72,72227,DIGITAL_ICT,True,6.0,True,1,6.307490144546649,18-151434,0.3411131181715794,POTENTIAL,broad
18-54467,NAME:universite de nantes,NAME_FALLBACK,2018-04-21,2018-09-07,2019-03-07,2026-07-13,72,72224,DIGITAL_ICT,True,6.0,True,1,11.793692509855452,19-59879,0.3826713956982351,POTENTIAL,broad
18-53804,NAME:nantes metropole,NAME_FALLBACK,2018-04-22,2019-02-21,2019-08-21,2026-07-13,48,48213,DIGITAL_ICT,True,6.0,True,1,15.57161629434954,19-123920,0.3279454434898417,POTENTIAL,broad
18-53780,NAME:ville de nantes,NAME_FALLBACK,2018-04-18,2018-04-18,2018-10-18,2026-07-13,,,DIGITAL_ICT,True,6.0,True,1,5.847568988173456,18-142560,0.3382114644824515,POTENTIAL,broad
18-46720,NAME:nantes metropole,NAME_FALLBACK,2018-04-07,2018-04-07,2018-09-07,2026-07-13,79,79530,DIGITAL_ICT,True,5.0,True,1,4.796320630749015,18-122376,0.3346139692160287,POTENTIAL,broad
18-52389,NAME:uniha gcs,NAME_FALLBACK,2018-04-18,2018-04-18,2018-10-18,2026-07-13,72,72220,DIGITAL_ICT,True,6.0,True,0,98.8173455978975,,,,broad
18-54451,NAME:commune de nantes,NAME_FALLBACK,2018-04-29,2019-02-17,2019-08-17,2026-07-13,71,71230,DIGITAL_ICT,True,6.0,True,1,16.68856767411301,19-142286,0.3008002914977736,POTENTIAL,broad
18-61256,NAME:nantes metropole,NAME_FALLBACK,2018-05-05,2018-07-18,2019-01-18,2026-07-13,72,72242,DIGITAL_ICT,True,6.0,True,1,10.282522996057818,19-36958,0.363339083974485,POTENTIAL,broad
18-61655,NAME:nantes metropole,NAME_FALLBACK,2018-05-05,2018-07-18,2019-01-18,2026-07-13,72,72250,DIGITAL_ICT,True,6.0,True,1,10.282522996057818,19-36958,0.5667022008843443,HIGH,broad
18-62528,NAME:la cite des congres de nantes,NAME_FALLBACK,2018-05-06,2018-05-06,2018-09-06,2026-07-13,32,32321,DIGITAL_ICT,True,4.0,True,1,3.8107752956636,18-120644,0.3573119837096006,MEDIUM,broad
18-71355,SIRET:21720181300011,RAW_SIRET,2018-05-27,2018-11-01,2019-05-01,2026-07-13,72,72212,DIGITAL_ICT,True,6.0,True,0,97.53613666228647,,,,broad
18-62604,NAME:ville de nantes,NAME_FALLBACK,2018-05-17,2018-08-01,2019-02-01,2026-07-13,72,72212,DIGITAL_ICT,True,6.0,True,1,8.245729303547963,19-6267,0.3062655410430345,POTENTIAL,broad
18-61507,NAME:ecole centrale de nantes,NAME_FALLBACK,2018-05-03,2018-05-03,2018-11-03,2026-07-13,48,48000,DIGITAL_ICT,True,6.0,True,0,98.32457293035479,,,,broad
18-73256,NAME:cias vendee autise,NAME_FALLBACK,2018-05-30,2018-05-30,2019-05-30,2026-07-13,45,45311,DIGITAL_ICT,True,12.0,True,0,97.43758212877792,,,,broad
18-60154,NAME:angers loire metropole,NAME_FALLBACK,2018-05-04,2018-12-13,2019-04-13,2026-07-13,32,32321,DIGITAL_ICT,True,4.0,True,1,10.709592641261498,19-47186,0.3153613666228647,MEDIUM,broad
18-67939,NAME:le voyage a nantes,NAME_FALLBACK,2018-05-20,2018-05-20,2018-10-20,2026-07-13,35,35120,DIGITAL_ICT,True,5.0,True,0,97.76609724047306,,,,broad
18-63262,NAME:ville de laval,NAME_FALLBACK,2018-05-07,2018-05-07,2018-11-07,2026-07-13,,,DIGITAL_ICT,True,6.0,True,0,98.19316688567675,,,,broad
18-73028,NAME:conseil departemental loire-atlantique,NAME_FALLBACK,2018-05-29,2018-05-29,2018-11-29,2026-07-13,,,DIGITAL_ICT,True,6.0,True,1,4.92772667542707,18-149893,0.2963529695976633,POTENTIAL,broad
18-71689,SIRET:23440003400026,RAW_SIRET,2018-05-29,2018-11-24,2019-05-24,2026-07-13,48,48000,DIGITAL_ICT,True,6.0,True,1,15.473061760841,19-137030,0.6219996781875919,HIGH,broad
18-72093,NAME:ccir pays de la loire,NAME_FALLBACK,2018-05-30,2018-10-28,2019-02-28,2026-07-13,30,30214,DIGITAL_ICT,True,4.0,True,0,97.43758212877792,,,,broad
18-66502,NAME:agce pour l enst fr a l etranger,NAME_FALLBACK,2018-05-16,2018-05-16,2018-11-16,2026-07-13,72,72000,DIGITAL_ICT,True,6.0,True,1,3.7450722733245727,18-125586,0.6098002141808165,HIGH,broad
18-71594,NAME:residences du val d oudon,NAME_FALLBACK,2018-05-28,2018-05-28,2018-11-28,2026-07-13,,,DIGITAL_ICT,True,6.0,True,0,97.50328515111696,,,,broad
18-66863,NAME:nantes metropole,NAME_FALLBACK,2018-05-20,2018-08-25,2019-02-25,2026-07-13,72,72224,DIGITAL_ICT,True,6.0,True,1,9.789750328515112,19-36958,0.4460412609922807,MEDIUM,broad
18-80158,NAME:conseil departemental loire-atlantique,NAME_FALLBACK,2018-06-13,2018-06-13,2018-12-13,2026-07-13,72,72600,DIGITAL_ICT,True,6.0,True,1,4.434954007884363,18-149893,0.3764824889614497,MEDIUM,broad
18-76556,NAME:chu de nantes,NAME_FALLBACK,2018-06-06,2018-06-06,2018-12-06,2026-07-13,72,72261,DIGITAL_ICT,True,6.0,True,1,2.7923784494086727,18-121819,0.3604118207622815,POTENTIAL,broad
18-79401,SIRET:23440003400026,RAW_SIRET,2018-06-10,2018-10-28,2019-04-28,2026-07-13,72,72250,DIGITAL_ICT,True,6.0,True,1,7.818659658344283,19-17058,0.3599665666483397,POTENTIAL,broad
18-73364,NAME:carene,NAME_FALLBACK,2018-06-01,2018-06-01,2018-12-01,2026-07-13,72,72610,DIGITAL_ICT,True,6.0,True,0,97.3718791064389,,,,broad
18-77300,NAME:universite de nantes,NAME_FALLBACK,2018-06-06,2018-10-04,2019-04-04,2026-07-13,48,48110,DIGITAL_ICT,True,6.0,True,1,9.42838370565046,19-43671,0.3148927863733292,POTENTIAL,broad
18-82638,NAME:ville de la roche sur yon,NAME_FALLBACK,2018-06-15,2018-12-10,2019-05-10,2026-07-13,35,35120,DIGITAL_ICT,True,5.0,True,1,10.183968462549275,19-62635,0.2858225090740201,POTENTIAL,broad
18-91062,NAME:ville d arnage,NAME_FALLBACK,2018-06-29,2018-06-29,2018-12-29,2026-07-13,48,48822,DIGITAL_ICT,True,6.0,True,0,96.45203679369251,,,,broad
18-89409,NAME:crous de nantes,NAME_FALLBACK,2018-06-29,2018-12-06,2019-06-06,2026-07-13,48,48000,DIGITAL_ICT,True,6.0,True,0,96.45203679369251,,,,broad
18-87166,NAME:conseil regional des pays de la loire,NAME_FALLBACK,2018-06-24,2018-10-20,2019-04-20,2026-07-13,48,48000,DIGITAL_ICT,True,6.0,True,1,9.526938239159,19-56150,0.5963118703460359,HIGH,broad
18-80117,NAME:mairie de saint-gilles-croix-de-vie,NAME_FALLBACK,2018-06-14,2018-06-14,2018-10-14,2026-07-13,32,32321,DIGITAL_ICT,True,4.0,True,0,96.94480946123522,,,,broad
18-73911,NAME:ville de bouchemaine,NAME_FALLBACK,2018-06-07,2018-06-07,2018-12-07,2026-07-13,,,DIGITAL_ICT,True,6.0,True,0,97.17477003942182,,,,broad
18-86637,NAME:mauges communaute,NAME_FALLBACK,2018-06-22,2018-06-22,2018-12-22,2026-07-13,,,DIGITAL_ICT,True,6.0,True,0,96.6819973718791,,,,broad
18-90097,NAME:nantes metropole,NAME_FALLBACK,2018-06-30,2019-06-15,2019-12-15,2026-07-13,48,48000,DIGITAL_ICT,True,6.0,True,1,18.85676741130092,20-11000,0.6300776632607414,POTENTIAL,broad
18-90441,NAME:nantes metropole,NAME_FALLBACK,2018-06-29,2018-06-29,2018-12-29,2026-07-13,,,DIGITAL_ICT,True,6.0,True,1,2.0696452036793693,18-122376,0.525742444152431,HIGH,broad
18-74690,NAME:carsat pays de loire,NAME_FALLBACK,2018-06-03,2018-10-26,2019-02-26,2026-07-13,30,30121,DIGITAL_ICT,True,4.0,True,0,97.30617608409987,,,,broad
18-85137,NAME:commune de mauges sur loire,NAME_FALLBACK,2018-06-20,2018-06-20,2018-10-20,2026-07-13,30,30200,DIGITAL_ICT,True,4.0,True,1,3.28515111695138,18-136146,0.4001917579292568,MEDIUM,broad
18-74252,SIRET:19490970100303,RAW_SIRET,2018-06-02,2018-12-03,2019-06-03,2026-07-13,48,48821,DIGITAL_ICT,True,6.0,True,0,97.33902759526939,,,,broad
18-86091,NAME:commune de soullans,NAME_FALLBACK,2018-06-21,2018-06-21,2018-10-21,2026-07-13,32,32323,DIGITAL_ICT,True,4.0,True,0,96.71484888304862,,,,broad
18-86992,NAME:ville d arnage,NAME_FALLBACK,2018-06-22,2018-06-22,2018-12-22,2026-07-13,72,72500,DIGITAL_ICT,True,6.0,True,0,96.6819973718791,,,,broad
18-87219,NAME:dir interdepartementale routes ouest,NAME_FALLBACK,2018-06-24,2019-02-13,2019-08-13,2026-07-13,72,72267,DIGITAL_ICT,True,6.0,True,0,96.61629434954008,,,,broad
18-87467,SIRET:12006401900074,RAW_SIRET,2018-06-27,2018-09-22,2019-01-22,2026-07-13,32,32421,DIGITAL_ICT,True,4.0,True,0,96.51773981603154,,,,broad
18-79743,NAME:lycee polyvalent leonard de vinci,NAME_FALLBACK,2018-06-11,2018-06-11,2018-10-11,2026-07-13,32,32321,DIGITAL_ICT,True,4.0,True,0,97.04336399474376,,,,broad
18-91090,NAME:angers loire metropole,NAME_FALLBACK,2018-06-29,2018-06-29,2018-12-29,2026-07-13,48,48219,DIGITAL_ICT,True,6.0,True,1,6.636005256241787,19-8916,0.3466998025663131,POTENTIAL,broad
18-74544,NAME:conseil departemental loire-atlantique,NAME_FALLBACK,2018-06-02,2018-06-02,2018-10-02,2026-07-13,50,50312,DIGITAL_ICT,True,4.0,True,1,4.796320630749015,18-149893,0.3662893054015003,POTENTIAL,broad
18-79940,NAME:esat foyers,NAME_FALLBACK,2018-06-13,2018-06-13,2018-12-13,2026-07-13,48,48600,DIGITAL_ICT,True,6.0,True,1,3.0223390275952693,18-126992,0.7875067094895822,HIGH,broad
18-98583,NAME:ville des sables d olonne,NAME_FALLBACK,2018-07-13,2018-07-13,2019-01-13,2026-07-13,72,72700,DIGITAL_ICT,True,6.0,True,0,95.99211563731932,,,,broad
18-105692,NAME:semitan,NAME_FALLBACK,2018-07-24,2018-07-24,2019-01-24,2026-07-13,,,DIGITAL_ICT,True,6.0,True,0,95.63074901445466,,,,broad
18-104893,NAME:residences du val d oudon,NAME_FALLBACK,2018-07-23,2018-07-23,2019-01-23,2026-07-13,,,DIGITAL_ICT,True,6.0,True,0,95.66360052562418,,,,broad
18-90616,NAME:cerema - dtermed,NAME_FALLBACK,2018-07-01,2018-07-01,2019-01-01,2026-07-13,72,72212,DIGITAL_ICT,True,6.0,True,0,96.38633377135348,,,,broad
18-90932,NAME:agence regionale pays de la loire ti,NAME_FALLBACK,2018-07-01,2018-07-01,2019-01-01,2026-07-13,72,72500,DIGITAL_ICT,True,6.0,True,0,96.38633377135348,,,,broad
18-92191,SIRET:23440003400026,RAW_SIRET,2018-07-05,2018-11-15,2019-05-15,2026-07-13,71,71241,DIGITAL_ICT,True,6.0,True,0,96.25492772667543,,,,broad
18-60137,NAME:commune de nantes,NAME_FALLBACK,2018-07-15,2019-06-15,2019-12-15,2026-07-13,72,72242,DIGITAL_ICT,True,6.0,True,1,17.969776609724047,20-5049,0.3329137483499307,POTENTIAL,broad
18-103911,NAME:nantes metropole,NAME_FALLBACK,2018-07-26,2018-07-26,2018-11-26,2026-07-13,32,32323,DIGITAL_ICT,True,4.0,True,1,4.040735873850197,18-164871,0.3719832330402421,MEDIUM,broad
18-106276,NAME:ca saumur val de loire,NAME_FALLBACK,2018-07-27,2019-01-25,2019-05-25,2026-07-13,30,30200,DIGITAL_ICT,True,4.0,True,0,95.53219448094612,,,,broad
18-102396,NAME:ifsttar,NAME_FALLBACK,2018-07-20,2018-07-20,2019-01-20,2026-07-13,,,DIGITAL_ICT,True,6.0,True,0,95.76215505913272,,,,broad
18-99139,SIRET:20007186800018,RAW_SIRET,2018-07-15,2018-11-21,2019-03-21,2026-07-13,30,30200,DIGITAL_ICT,True,4.0,True,1,10.676741130091983,19-85601,0.3910495543616484,MEDIUM,broad
18-94803,NAME:chu de nantes,NAME_FALLBACK,2018-07-06,2018-07-06,2018-11-06,2026-07-13,32,32232,DIGITAL_ICT,True,4.0,True,1,4.303547963206308,18-159101,0.3391432095422462,MEDIUM,broad
18-96257,NAME:sm megalis,NAME_FALLBACK,2018-07-10,2018-07-10,2019-01-10,2026-07-13,71,71241,DIGITAL_ICT,True,6.0,True,1,0.657030223390276,18-108773,0.451179273736004,MEDIUM,broad
18-93193,NAME:cte de cnes du pays d ancenis,NAME_FALLBACK,2018-07-04,2018-07-04,2019-01-04,2026-07-13,,,DIGITAL_ICT,True,6.0,True,0,96.28777923784494,,,,broad
18-100479,NAME:loire atlantique developpement - gie,NAME_FALLBACK,2018-07-19,2018-07-19,2019-01-19,2026-07-13,72,72500,DIGITAL_ICT,True,6.0,True,0,95.79500657030223,,,,broad
18-101350,NAME:universite de nantes,NAME_FALLBACK,2018-07-20,2019-02-02,2019-06-02,2026-07-13,30,30200,DIGITAL_ICT,True,4.0,True,1,10.11826544021025,19-80203,0.3620918414529807,POTENTIAL,broad
18-101085,SIRET:27490003400019,RAW_SIRET,2018-07-20,2019-02-16,2019-08-16,2026-07-13,72,72700,DIGITAL_ICT,True,6.0,True,0,95.76215505913272,,,,broad
18-105237,NAME:conseil regional des pays de la loire,NAME_FALLBACK,2018-07-26,2018-07-26,2018-12-26,2026-07-13,35,35113,DIGITAL_ICT,True,5.0,True,1,7.194480946123521,19-32405,0.7213012570673012,HIGH,broad
18-101437,NAME:universite de la rochelle,NAME_FALLBACK,2018-07-18,2018-07-18,2019-01-18,2026-07-13,48,48461,DIGITAL_ICT,True,6.0,True,1,3.28515111695138,18-149889,0.4950197109067017,MEDIUM,broad
18-108773,NAME:sm megalis,NAME_FALLBACK,2018-07-30,2018-07-30,2019-01-30,2026-07-13,,,DIGITAL_ICT,True,6.0,True,1,3.54796320630749,18-158087,0.3023692337369698,MEDIUM,broad
18-101994,NAME:conseil regional des pays de la loire,NAME_FALLBACK,2018-07-19,2018-10-18,2019-04-18,2026-07-13,,,DIGITAL_ICT,True,6.0,True,1,7.424441524310118,19-32405,0.3407683868380383,POTENTIAL,broad
18-97311,NAME:commune de saint-nazaire,NAME_FALLBACK,2018-07-12,2018-07-12,2019-01-12,2026-07-13,,,DIGITAL_ICT,True,6.0,True,0,96.02496714848883,,,,broad
18-94551,NAME:ville de saint-hilaire-de-riez,NAME_FALLBACK,2018-07-06,2018-07-06,2019-01-06,2026-07-13,,,DIGITAL_ICT,True,6.0,True,0,96.22207621550591,,,,broad
18-88858,NAME:commune de saint-nazaire,NAME_FALLBACK,2018-07-01,2018-11-17,2019-05-17,2026-07-13,48,48900,DIGITAL_ICT,True,6.0,True,0,96.38633377135348,,,,broad
18-103319,NAME:prefet de la region pays de la loire,NAME_FALLBACK,2018-07-20,2018-07-20,2019-01-20,2026-07-13,72,72000,DIGITAL_ICT,True,6.0,True,0,95.76215505913272,,,,broad
18-92681,NAME:ville de bouguenais,NAME_FALLBACK,2018-07-03,2018-10-09,2019-10-09,2026-07-13,45,45262,DIGITAL_ICT,True,12.0,True,0,96.32063074901446,,,,broad
18-98603,SIRET:18304001001485,RAW_SIRET,2018-07-15,2018-11-17,2019-05-17,2026-07-13,72,72250,DIGITAL_ICT,True,6.0,True,0,95.9264126149803,,,,broad
18-103711,NAME:cmar pays de la loire,NAME_FALLBACK,2018-07-22,2018-11-21,2019-03-21,2026-07-13,30,30200,DIGITAL_ICT,True,4.0,True,0,95.69645203679369,,,,broad
18-91441,NAME:ville de cholet,NAME_FALLBACK,2018-07-04,2019-01-13,2019-07-13,2026-07-13,48,48326,DIGITAL_ICT,True,6.0,True,0,96.28777923784494,,,,broad
18-94561,NAME:universite d angers,NAME_FALLBACK,2018-07-08,2018-12-22,2019-04-22,2026-07-13,30,30120,DIGITAL_ICT,True,4.0,True,0,96.15637319316689,,,,broad
18-96470,NAME:conseil departemental loire-atlantique,NAME_FALLBACK,2018-07-12,2018-12-09,2019-06-09,2026-07-13,48,48730,DIGITAL_ICT,True,6.0,True,1,10.38107752956636,19-81470,0.375214677727852,MEDIUM,broad
18-101099,NAME:angers loire metropole,NAME_FALLBACK,2018-07-22,2019-01-23,2019-07-23,2026-07-13,72,72224,DIGITAL_ICT,True,6.0,True,1,10.446780551905388,19-85688,0.3650382847818954,MEDIUM,broad
18-109139,NAME:gie des epl de vendee,NAME_FALLBACK,2018-08-01,2018-08-01,2019-02-01,2026-07-13,72,72500,DIGITAL_ICT,True,6.0,True,1,4.664914586070959,18-177187,0.8431749186121353,HIGH,broad
18-110102,SIRET:21850047800209,RAW_SIRET,2018-08-03,2018-10-25,2019-04-25,2026-07-13,48,48160,DIGITAL_ICT,True,6.0,True,0,95.30223390275953,,,,broad
18-114870,NAME:conseil departemental loire-atlantique,NAME_FALLBACK,2018-08-12,2019-01-16,2019-05-16,2026-07-13,30,30237,DIGITAL_ICT,True,4.0,True,1,10.545335085413928,19-98987,0.343572339787864,POTENTIAL,broad
18-117157,NAME:ch le mans,NAME_FALLBACK,2018-08-20,2018-08-20,2019-02-20,2026-07-13,72,72222,DIGITAL_ICT,True,6.0,True,1,4.730617608409987,19-5191,0.3988163726557555,POTENTIAL,broad
18-117710,NAME:mairie de brissac-quince,NAME_FALLBACK,2018-08-21,2018-08-21,2019-02-21,2026-07-13,,,DIGITAL_ICT,True,6.0,True,0,94.71090670170828,,,,broad
18-120644,NAME:la cite des congres de nantes,NAME_FALLBACK,2018-08-30,2018-08-30,2018-12-30,2026-07-13,30,30200,DIGITAL_ICT,True,4.0,True,0,94.41524310118265,,,,broad
18-114060,NAME:metropole nantes metropole,NAME_FALLBACK,2018-08-09,2018-08-09,2019-02-09,2026-07-13,,,DIGITAL_ICT,True,6.0,True,0,95.10512483574244,,,,broad
18-121819,NAME:chu de nantes,NAME_FALLBACK,2018-08-30,2018-08-30,2019-02-28,2026-07-13,72,72267,DIGITAL_ICT,True,6.0,True,0,94.41524310118265,,,,broad
18-122376,NAME:nantes metropole,NAME_FALLBACK,2018-08-31,2018-08-31,2019-02-28,2026-07-13,,,DIGITAL_ICT,True,6.0,True,1,6.40604467805519,19-36958,0.35935258441702,POTENTIAL,broad
18-110962,NAME:regie dept passages d eau de vendee,NAME_FALLBACK,2018-08-02,2018-08-02,2019-02-02,2026-07-13,72,72500,DIGITAL_ICT,True,6.0,True,0,95.33508541392904,,,,broad
18-111593,NAME:ehpad residences les chenes du bellay,NAME_FALLBACK,2018-08-03,2018-08-03,2019-01-03,2026-07-13,35,35120,DIGITAL_ICT,True,5.0,True,0,95.30223390275953,,,,broad
18-110801,NAME:cte reg peches maritimes elevages mari,NAME_FALLBACK,2018-08-21,2018-11-29,2019-05-29,2026-07-13,48,48610,DIGITAL_ICT,True,6.0,True,0,94.71090670170828,,,,broad
18-120601,NAME:chu de nantes,NAME_FALLBACK,2018-08-28,2018-08-28,2019-02-28,2026-07-13,72,72267,DIGITAL_ICT,True,6.0,True,1,0.0657030223390276,18-121819,0.7108760402978536,HIGH,broad
18-121895,NAME:conseil general de la vendee,NAME_FALLBACK,2018-08-30,2019-01-16,2019-07-16,2026-07-13,48,48445,DIGITAL_ICT,True,6.0,True,1,8.869908015768726,19-82611,0.3639964545799042,POTENTIAL,broad
18-114528,NAME:ville des sables d olonne,NAME_FALLBACK,2018-08-10,2018-08-10,2018-12-10,2026-07-13,32,32550,DIGITAL_ICT,True,4.0,True,0,95.07227332457293,,,,broad
18-115270,NAME:gpm de nantes - st nazaire,NAME_FALLBACK,2018-08-13,2018-08-13,2019-02-13,2026-07-13,,,DIGITAL_ICT,True,6.0,True,1,6.701708278580814,19-34598,0.3183408761292447,POTENTIAL,broad
18-125586,NAME:agce pour l enst fr a l etranger,NAME_FALLBACK,2018-09-07,2018-09-07,2019-03-07,2026-07-13,72,72000,DIGITAL_ICT,True,6.0,True,1,4.402102496714849,19-8820,0.3108517019774732,POTENTIAL,broad
18-136146,NAME:commune de mauges sur loire,NAME_FALLBACK,2018-09-28,2018-09-28,2019-03-28,2026-07-13,,,DIGITAL_ICT,True,6.0,True,0,93.46254927726676,,,,broad
18-127511,NAME:ch le mans,NAME_FALLBACK,2018-09-14,2019-03-02,2019-08-02,2026-07-13,35,35111,DIGITAL_ICT,True,5.0,True,1,6.307490144546649,19-46630,0.3796799399035287,MEDIUM,broad
18-128655,SIRET:23440003400026,RAW_SIRET,2018-09-16,2019-02-13,2019-08-13,2026-07-13,72,72420,DIGITAL_ICT,True,6.0,True,1,11.23521681997372,19-128681,0.4027879293670968,MEDIUM,broad
18-128950,NAME:universite d angers,NAME_FALLBACK,2018-09-16,2019-01-24,2019-05-24,2026-07-13,32,32321,DIGITAL_ICT,True,4.0,True,1,9.724047306176084,19-106149,0.2794440177237862,MEDIUM,broad
18-126061,NAME:ccas de saintes,NAME_FALLBACK,2018-09-10,2018-09-10,2019-03-10,2026-07-13,,,DIGITAL_ICT,True,6.0,True,0,94.053876478318,,,,broad
18-133090,SIRET:22850001300658,RAW_SIRET,2018-09-26,2019-03-30,2019-09-30,2026-07-13,72,72267,DIGITAL_ICT,True,6.0,True,1,11.990801576872537,19-144868,0.3495607834961996,POTENTIAL,broad
18-134123,NAME:departement de la sarthe,NAME_FALLBACK,2018-09-26,2018-09-26,2019-03-26,2026-07-13,,,DIGITAL_ICT,True,6.0,True,1,0.4927726675427069,18-142763,0.4627770477441962,MEDIUM,broad
18-126368,NAME:departement de la sarthe,NAME_FALLBACK,2018-09-11,2018-11-14,2019-05-14,2026-07-13,72,72500,DIGITAL_ICT,True,6.0,True,1,7.7858081471747695,19-71137,0.6185514438439468,HIGH,broad
18-127908,NAME:departement de la sarthe,NAME_FALLBACK,2018-09-13,2018-09-13,2019-03-13,2026-07-13,72,72220,DIGITAL_ICT,True,6.0,True,1,4.533508541392904,19-15392,0.6001866175910153,HIGH,broad
18-130463,NAME:ville de nantes,NAME_FALLBACK,2018-09-22,2018-09-22,2019-03-22,2026-07-13,44,44621,DIGITAL_ICT,True,6.0,True,1,6.5374507227332455,19-54406,0.3236976558721315,POTENTIAL,broad
18-125716,NAME:mancelle d habitation,NAME_FALLBACK,2018-09-30,2019-04-12,2019-10-12,2026-07-13,72,72000,DIGITAL_ICT,True,6.0,True,0,93.39684625492772,,,,broad
18-127992,NAME:vendee expansion,NAME_FALLBACK,2018-09-13,2018-09-13,2019-03-13,2026-07-13,48,48422,DIGITAL_ICT,True,6.0,True,0,93.95532194480946,,,,broad
18-134465,NAME:sdis 44,NAME_FALLBACK,2018-09-28,2019-01-11,2019-06-11,2026-07-13,35,35113,DIGITAL_ICT,True,5.0,True,1,11.00525624178712,19-131225,0.4016332297460653,POTENTIAL,broad
18-133059,NAME:communaute d agglomeration de saintes,NAME_FALLBACK,2018-09-24,2018-09-24,2019-03-24,2026-07-13,,,DIGITAL_ICT,True,6.0,True,0,93.5939553219448,,,,broad
18-135183,NAME:saint barthelemy d anjou,NAME_FALLBACK,2018-09-27,2018-09-27,2019-03-27,2026-07-13,,,DIGITAL_ICT,True,6.0,True,0,93.49540078843627,,,,broad
18-131470,NAME:epcc chemins du patrimoine,NAME_FALLBACK,2018-09-21,2018-09-21,2019-03-21,2026-07-13,,,DIGITAL_ICT,True,6.0,True,0,93.69250985545335,,,,broad
18-128642,NAME:sdis 85,NAME_FALLBACK,2018-09-14,2018-09-14,2019-01-14,2026-07-13,30,30195,DIGITAL_ICT,True,4.0,True,0,93.92247043363994,,,,broad
18-132522,NAME:gpm de nantes - st nazaire,NAME_FALLBACK,2018-09-24,2018-09-24,2019-01-24,2026-07-13,50,50312,DIGITAL_ICT,True,4.0,True,0,93.5939553219448,,,,broad
18-124336,NAME:conseil regional des pays de la loire,NAME_FALLBACK,2018-09-07,2019-02-13,2019-06-13,2026-07-13,30,30237,DIGITAL_ICT,True,4.0,True,1,8.245729303547963,19-75460,0.4050476953163661,MEDIUM,broad
18-129941,NAME:bretagne developpement innovation,NAME_FALLBACK,2018-09-20,2018-09-20,2019-03-20,2026-07-13,72,72200,DIGITAL_ICT,True,6.0,True,0,93.72536136662286,,,,broad
18-123694,NAME:departement de la sarthe,NAME_FALLBACK,2018-09-04,2018-09-04,2019-03-04,2026-07-13,72,72267,DIGITAL_ICT,True,6.0,True,1,4.434954007884363,19-8964,0.428539568917374,POTENTIAL,broad
18-127661,NAME:ccir pays de la loire,NAME_FALLBACK,2018-09-13,2018-09-13,2019-03-13,2026-07-13,72,72500,DIGITAL_ICT,True,6.0,True,1,1.3469119579500657,18-148384,0.3430435846260363,MEDIUM,broad
18-126992,NAME:esat foyers,NAME_FALLBACK,2018-09-13,2018-09-13,2019-03-13,2026-07-13,48,48600,DIGITAL_ICT,True,6.0,True,1,4.862023653088042,19-21370,0.4103438375446334,MEDIUM,broad
18-129881,NAME:laval agglomeration,NAME_FALLBACK,2018-09-20,2019-01-19,2019-07-19,2026-07-13,48,48822,DIGITAL_ICT,True,6.0,True,0,93.72536136662286,,,,broad
18-122920,NAME:commune de saint nazaire,NAME_FALLBACK,2018-09-03,2018-12-14,2019-06-14,2026-07-13,72,72600,DIGITAL_ICT,True,6.0,True,0,94.2838370565046,,,,broad
18-124536,NAME:ville de le pouliguen,NAME_FALLBACK,2018-09-06,2018-09-06,2019-02-06,2026-07-13,35,35113,DIGITAL_ICT,True,5.0,True,0,94.18528252299606,,,,broad
18-125410,NAME:association songo,NAME_FALLBACK,2018-09-07,2018-09-07,2019-01-07,2026-07-13,32,32321,DIGITAL_ICT,True,4.0,True,1,4.894875164257556,19-17531,0.6672743744344338,HIGH,broad
18-133917,NAME:cte de cnes du pays d ancenis,NAME_FALLBACK,2018-09-26,2018-09-26,2019-03-26,2026-07-13,,,DIGITAL_ICT,True,6.0,True,0,93.52825229960578,,,,broad
18-128159,NAME:nantes metropole,NAME_FALLBACK,2018-09-15,2018-09-15,2019-03-15,2026-07-13,72,72318,DIGITAL_ICT,True,6.0,True,1,4.6320630749014455,19-16942,0.7034145581614664,HIGH,broad
18-142763,NAME:departement de la sarthe,NAME_FALLBACK,2018-10-11,2018-10-11,2019-03-11,2026-07-13,79,79311,DIGITAL_ICT,True,5.0,True,1,3.219448094612352,19-8964,0.2880146325287883,POTENTIAL,broad
18-143723,NAME:institution amenagement de la vilaine,NAME_FALLBACK,2018-10-16,2018-10-16,2019-04-16,2026-07-13,,,DIGITAL_ICT,True,6.0,True,0,92.8712220762155,,,,broad
18-137985,NAME:gip maison dep personnes handicapees,NAME_FALLBACK,2018-10-03,2018-10-03,2019-04-03,2026-07-13,,,DIGITAL_ICT,True,6.0,True,0,93.29829172141919,,,,broad
18-141270,NAME:commune de nantes,NAME_FALLBACK,2018-10-15,2018-10-15,2019-04-15,2026-07-13,,,DIGITAL_ICT,True,6.0,True,0,92.90407358738501,,,,broad
18-146989,NAME:metropole nantes metropole,NAME_FALLBACK,2018-10-22,2018-10-22,2019-04-22,2026-07-13,48,48000,DIGITAL_ICT,True,6.0,True,1,8.409986859395532,19-103833,0.6169226517078965,HIGH,broad
18-144441,NAME:cap atlantique,NAME_FALLBACK,2018-10-17,2018-10-17,2019-02-17,2026-07-13,30,30200,DIGITAL_ICT,True,4.0,True,1,8.245729303547963,19-97500,0.4446316557548452,MEDIUM,broad
18-150422,SIRET:23440003400026,RAW_SIRET,2018-10-27,2018-10-27,2019-04-27,2026-07-13,72,72212,DIGITAL_ICT,True,6.0,True,1,2.431011826544021,19-1779,0.4421681997371879,MEDIUM,broad
18-141219,NAME:institut regional administration lyon,NAME_FALLBACK,2018-10-09,2018-10-09,2019-04-09,2026-07-13,48,48000,DIGITAL_ICT,True,6.0,True,0,93.10118265440211,,,,broad
18-139266,NAME:semitan mandataire de la cun,NAME_FALLBACK,2018-10-07,2019-03-20,2019-09-20,2026-07-13,72,72224,DIGITAL_ICT,True,6.0,True,0,93.16688567674113,,,,broad
18-142560,NAME:ville de nantes,NAME_FALLBACK,2018-10-13,2019-03-24,2019-08-24,2026-07-13,92,92511,DIGITAL_ICT,True,5.0,True,1,9.231274638633376,19-112016,0.7991567744527845,HIGH,broad
18-147219,SIRET:45151864100035,RAW_SIRET,2018-10-21,2019-02-07,2019-07-07,2026-07-13,92,92622,DIGITAL_ICT,True,5.0,True,1,8.73850197109067,19-108442,0.3423027288732476,MEDIUM,broad
18-146489,SIRET:19490970100303,RAW_SIRET,2018-10-20,2018-10-20,2019-02-20,2026-07-13,32,32415,DIGITAL_ICT,True,4.0,True,0,92.73981603153744,,,,broad
18-149889,NAME:universite de la rochelle,NAME_FALLBACK,2018-10-26,2018-10-26,2019-04-26,2026-07-13,48,48461,DIGITAL_ICT,True,6.0,True,1,11.202365308804204,19-147530,0.5452711281887637,HIGH,broad
18-152399,SIRET:22720002900014,RAW_SIRET,2018-10-31,2019-02-27,2019-07-27,2026-07-13,35,35100,DIGITAL_ICT,True,5.0,True,1,10.90670170827858,19-146419,0.3045946004007438,POTENTIAL,broad
18-137958,NAME:le grand t - theatre loire-atlantique,NAME_FALLBACK,2018-10-03,2018-10-03,2019-04-03,2026-07-13,72,72130,DIGITAL_ICT,True,6.0,True,0,93.29829172141919,,,,broad
18-136695,NAME:departement de la mayenne,NAME_FALLBACK,2018-10-01,2018-10-01,2019-04-01,2026-07-13,,,DIGITAL_ICT,True,6.0,True,1,5.387647831800263,19-39813,0.58492544162926,HIGH,broad
18-139530,NAME:cnfpt - delegation pays de la loire,NAME_FALLBACK,2018-10-05,2018-10-05,2019-10-05,2026-07-13,80,80400,DIGITAL_ICT,True,12.0,True,0,93.23258869908015,,,,broad
18-153394,NAME:commune de vertou,NAME_FALLBACK,2018-10-31,2018-10-31,2019-02-28,2026-07-13,32,32321,DIGITAL_ICT,True,4.0,True,0,92.3784494086728,,,,broad
18-143391,NAME:cmar pays de la loire,NAME_FALLBACK,2018-10-14,2019-03-23,2020-03-23,2026-07-13,80,80530,DIGITAL_ICT,True,12.0,True,0,92.93692509855454,,,,broad
18-144285,NAME:agce pour l enst fr a l etranger,NAME_FALLBACK,2018-10-17,2019-02-16,2019-08-16,2026-07-13,72,72500,DIGITAL_ICT,True,6.0,True,0,92.83837056504599,,,,broad
18-149893,NAME:conseil departemental loire-atlantique,NAME_FALLBACK,2018-10-26,2018-10-26,2019-04-26,2026-07-13,72,72611,DIGITAL_ICT,True,6.0,True,1,5.946123521681997,19-54309,0.3450464924549912,POTENTIAL,broad
18-151434,NAME:nantes metropole,NAME_FALLBACK,2018-10-29,2018-10-29,2019-04-29,2026-07-13,,,DIGITAL_ICT,True,6.0,True,1,6.176084099868594,19-69736,0.3375919348661207,POTENTIAL,broad
18-148384,NAME:ccir pays de la loire,NAME_FALLBACK,2018-10-24,2019-01-11,2019-07-11,2026-07-13,72,72610,DIGITAL_ICT,True,6.0,True,1,8.541392904073588,19-106429,0.3407928018386234,MEDIUM,broad
18-150889,SIRET:22850001300658,RAW_SIRET,2018-10-27,2019-03-22,2019-09-22,2026-07-13,48,48822,DIGITAL_ICT,True,6.0,True,1,10.972404730617608,19-144868,0.4669601251524007,MEDIUM,broad
18-151695,NAME:agce pour l enst fr a l etranger,NAME_FALLBACK,2018-10-28,2018-10-28,2019-04-28,2026-07-13,72,72210,DIGITAL_ICT,True,6.0,True,1,2.726675427069645,19-8820,0.6182040395313764,HIGH,broad
18-137945,NAME:ville d ecouflant,NAME_FALLBACK,2018-10-03,2018-10-03,2019-02-03,2026-07-13,32,32323,DIGITAL_ICT,True,4.0,True,0,93.29829172141919,,,,broad
18-145704,NAME:vendee habitat - oph de vendee,NAME_FALLBACK,2018-10-17,2018-10-17,2019-04-17,2026-07-13,48,48783,DIGITAL_ICT,True,6.0,True,0,92.83837056504599,,,,broad
18-148772,NAME:ville des sables d olonne,NAME_FALLBACK,2018-10-23,2018-10-23,2019-03-23,2026-07-13,35,35111,DIGITAL_ICT,True,5.0,True,0,92.64126149802891,,,,broad
18-165102,NAME:com d agglo reg nazairienne estuaire,NAME_FALLBACK,2018-11-26,2018-11-26,2019-05-26,2026-07-13,,,DIGITAL_ICT,True,6.0,True,0,91.52431011826545,,,,broad
18-160502,NAME:arafer,NAME_FALLBACK,2018-11-16,2019-04-23,2019-10-23,2026-07-13,48,48612,DIGITAL_ICT,True,6.0,True,0,91.85282522996057,,,,broad
18-160935,SIRET:13001232100050,RAW_SIRET,2018-11-18,2019-11-14,2020-05-14,2026-07-13,71,71311,DIGITAL_ICT,True,6.0,True,0,91.78712220762155,,,,broad
18-157478,NAME:commune de reze,NAME_FALLBACK,2018-11-09,2018-11-09,2019-11-09,2026-07-13,45,45310,DIGITAL_ICT,True,12.0,True,0,92.08278580814718,,,,broad
18-160377,NAME:sdis de la sarthe,NAME_FALLBACK,2018-11-16,2019-04-02,2019-10-02,2026-07-13,48,48810,DIGITAL_ICT,True,6.0,True,0,91.85282522996057,,,,broad
18-153265,NAME:semitan,NAME_FALLBACK,2018-11-02,2019-05-23,2019-11-23,2026-07-13,48,48900,DIGITAL_ICT,True,6.0,True,1,12.64783180026281,19-174412,0.3086311870346035,MEDIUM,broad
18-154990,NAME:conseil departemental de la mayenne,NAME_FALLBACK,2018-11-10,2018-11-10,2019-05-10,2026-07-13,48,48613,DIGITAL_ICT,True,6.0,True,0,92.04993429697767,,,,broad
18-164080,NAME:commune du croisic,NAME_FALLBACK,2018-11-23,2018-11-23,2019-03-23,2026-07-13,32,32400,DIGITAL_ICT,True,4.0,True,0,91.62286465177398,,,,broad
18-165012,NAME:ch le mans,NAME_FALLBACK,2018-11-26,2018-11-26,2019-03-26,2026-07-13,32,32400,DIGITAL_ICT,True,4.0,True,1,0.4599211563731931,18-171623,0.8149058256679806,HIGH,broad
18-164871,NAME:nantes metropole,NAME_FALLBACK,2018-11-26,2018-11-26,2019-05-26,2026-07-13,,,DIGITAL_ICT,True,6.0,True,1,5.683311432325887,19-74485,0.3309453286202428,POTENTIAL,broad
18-158087,NAME:sm megalis,NAME_FALLBACK,2018-11-15,2018-11-15,2019-03-15,2026-07-13,32,32412,DIGITAL_ICT,True,4.0,True,0,91.8856767411301,,,,broad
18-117389,NAME:angers loire metropole,NAME_FALLBACK,2018-11-26,2018-11-26,2019-11-26,2026-07-13,45,45112,DIGITAL_ICT,True,12.0,True,1,11.530880420499342,19-169787,0.3255462938202889,POTENTIAL,broad
18-154770,NAME:departement de la sarthe,NAME_FALLBACK,2018-11-05,2018-11-05,2019-03-05,2026-07-13,32,32330,DIGITAL_ICT,True,4.0,True,1,3.055190538764783,19-19933,0.279327680252451,POTENTIAL,broad
18-157794,NAME:communaute communes pays de redon,NAME_FALLBACK,2018-11-12,2018-11-12,2019-05-12,2026-07-13,48,48000,DIGITAL_ICT,True,6.0,True,0,91.98423127463863,,,,broad
18-159101,NAME:chu de nantes,NAME_FALLBACK,2018-11-14,2018-11-14,2019-05-14,2026-07-13,48,48180,DIGITAL_ICT,True,6.0,True,1,5.059132720105125,19-59985,0.4679989452034094,MEDIUM,broad
18-163624,NAME:commune de saint nazaire,NAME_FALLBACK,2018-11-22,2018-11-22,2019-05-22,2026-07-13,72,72590,DIGITAL_ICT,True,6.0,True,0,91.65571616294349,,,,broad
18-167367,NAME:si energies de maine et loire,NAME_FALLBACK,2018-11-30,2018-11-30,2019-05-30,2026-07-13,48,48810,DIGITAL_ICT,True,6.0,True,1,0.4270696452036793,18-173792,0.7300394218134034,HIGH,broad
18-174630,NAME:gie des epl de vendee,NAME_FALLBACK,2018-12-14,2018-12-14,2019-06-14,2026-07-13,72,72500,DIGITAL_ICT,True,6.0,True,1,0.2299605781865965,18-177187,0.3884518461083632,POTENTIAL,broad
18-167431,NAME:cnieg,NAME_FALLBACK,2018-12-03,2019-03-22,2019-09-22,2026-07-13,72,72611,DIGITAL_ICT,True,6.0,True,1,6.997371879106439,19-103125,0.3204949627682873,MEDIUM,broad
18-181130,NAME:nantes metropole,NAME_FALLBACK,2018-12-30,2019-07-31,2019-12-31,2026-07-13,79,79512,DIGITAL_ICT,True,5.0,True,1,11.662286465177395,19-189628,0.3294799042720903,POTENTIAL,broad
18-174547,NAME:mission val de loire syndicat mixte i,NAME_FALLBACK,2018-12-14,2018-12-14,2019-06-14,2026-07-13,,,DIGITAL_ICT,True,6.0,True,0,90.93298291721419,,,,broad
18-178145,NAME:saint barthelemy d anjou,NAME_FALLBACK,2018-12-20,2018-12-20,2019-06-20,2026-07-13,,,DIGITAL_ICT,True,6.0,True,0,90.73587385019711,,,,broad
18-180250,NAME:commune de mauges sur loire,NAME_FALLBACK,2018-12-24,2018-12-24,2019-06-24,2026-07-13,,,DIGITAL_ICT,True,6.0,True,0,90.60446780551905,,,,broad
18-173960,NAME:cnieg,NAME_FALLBACK,2018-12-15,2018-12-15,2019-06-15,2026-07-13,72,72610,DIGITAL_ICT,True,6.0,True,1,6.603153745072273,19-103125,0.4039925536574682,MEDIUM,broad
18-170789,NAME:ctre hosp universitaire angers,NAME_FALLBACK,2018-12-09,2019-06-20,2019-10-20,2026-07-13,32,32323,DIGITAL_ICT,True,4.0,True,1,9.559789750328514,19-145845,0.283025329735578,POTENTIAL,broad
18-177619,NAME:ville du mans,NAME_FALLBACK,2018-12-19,2019-03-20,2019-09-20,2026-07-13,72,72267,DIGITAL_ICT,True,6.0,True,0,90.76872536136662,,,,broad
18-179957,NAME:cnam,NAME_FALLBACK,2018-12-24,2018-12-24,2019-04-24,2026-07-13,30,30237,DIGITAL_ICT,True,4.0,True,0,90.60446780551905,,,,broad
18-179972,NAME:groupement d interet public arronax,NAME_FALLBACK,2018-12-22,2018-12-22,2019-06-22,2026-07-13,,,DIGITAL_ICT,True,6.0,True,0,90.67017082785809,,,,broad
18-173792,NAME:si energies de maine et loire,NAME_FALLBACK,2018-12-13,2018-12-13,2019-06-13,2026-07-13,48,48810,DIGITAL_ICT,True,6.0,True,0,90.9658344283837,,,,broad
18-182041,NAME:commune de saint-herblain,NAME_FALLBACK,2018-12-31,2018-12-31,2019-04-30,2026-07-13,32,32420,DIGITAL_ICT,True,4.0,True,0,90.37450722733246,,,,broad
18-175843,NAME:gie des epl de vendee,NAME_FALLBACK,2018-12-19,2019-03-28,2019-09-28,2026-07-13,72,72500,DIGITAL_ICT,True,6.0,True,0,90.76872536136662,,,,broad
18-179065,NAME:agce pour l enst fr a l etranger,NAME_FALLBACK,2018-12-23,2019-04-17,2019-10-17,2026-07-13,72,72500,DIGITAL_ICT,True,6.0,True,0,90.63731931668856,,,,broad
18-177907,NAME:mairie de coueron,NAME_FALLBACK,2018-12-20,2018-12-20,2019-06-20,2026-07-13,,,DIGITAL_ICT,True,6.0,True,1,6.438896189224704,19-101998,0.3891161305385854,MEDIUM,broad
18-178358,NAME:universite d angers,NAME_FALLBACK,2018-12-20,2019-03-22,2019-09-22,2026-07-13,,,DIGITAL_ICT,True,6.0,True,1,9.32982917214192,19-147471,0.3382471803176856,POTENTIAL,broad
18-171623,NAME:ch le mans,NAME_FALLBACK,2018-12-10,2018-12-10,2019-04-10,2026-07-13,32,32400,DIGITAL_ICT,True,4.0,True,1,2.2010512483574245,19-24951,0.3431830765952419,POTENTIAL,broad
18-174875,NAME:nantes metropole,NAME_FALLBACK,2018-12-18,2018-12-18,2019-06-18,2026-07-13,72,72810,DIGITAL_ICT,True,6.0,True,1,7.457293035479632,19-119269,0.3395855614173084,POTENTIAL,broad
18-177187,NAME:gie des epl de vendee,NAME_FALLBACK,2018-12-21,2019-06-28,2019-12-28,2026-07-13,72,72500,DIGITAL_ICT,True,6.0,True,0,90.7030223390276,,,,broad
18-168544,NAME:nantes metropole,NAME_FALLBACK,2018-12-06,2019-05-19,2019-10-19,2026-07-13,35,35120,DIGITAL_ICT,True,5.0,True,1,10.38107752956636,19-156899,0.4358585625503068,MEDIUM,broad
18-174360,NAME:ec travx pub normandie inst jean frere,NAME_FALLBACK,2018-12-14,2018-12-14,2019-06-14,2026-07-13,,,DIGITAL_ICT,True,6.0,True,0,90.93298291721419,,,,broad
18-166821,NAME:cnieg,NAME_FALLBACK,2018-12-01,2019-03-22,2019-09-22,2026-07-13,72,72212,DIGITAL_ICT,True,6.0,True,1,13.370565045992116,20-4011,0.2922421444423424,POTENTIAL,broad
18-180161,NAME:ctre hosp universitaire angers,NAME_FALLBACK,2018-12-26,2019-05-09,2019-09-09,2026-07-13,32,32360,DIGITAL_ICT,True,4.0,True,1,2.431011826544021,19-37169,0.71,HIGH,broad
19-13483,SIRET:13053500800010,RAW_SIRET,2019-01-27,2020-04-29,2020-10-29,2026-07-13,48,48000,DIGITAL_ICT,True,6.0,True,0,89.48751642575559,,,,broad
19-3707,NAME:ch le mans,NAME_FALLBACK,2019-01-09,2019-01-09,2019-07-09,2026-07-13,48,48170,DIGITAL_ICT,True,6.0,True,1,5.650459921156373,19-99946,0.3080128739843405,POTENTIAL,broad
19-13728,NAME:conseil departemental loire-atlantique,NAME_FALLBACK,2019-01-25,2019-01-25,2019-07-25,2026-07-13,,,DIGITAL_ICT,True,6.0,True,1,5.091984231274639,19-98987,0.3572305941331116,MEDIUM,broad
19-8820,NAME:agce pour l enst fr a l etranger,NAME_FALLBACK,2019-01-19,2019-07-27,2020-01-27,2026-07-13,72,72220,DIGITAL_ICT,True,6.0,True,0,89.75032851511169,,,,broad
19-4677,NAME:departement de la vendee,NAME_FALLBACK,2019-01-10,2019-05-20,2019-11-20,2026-07-13,72,72415,DIGITAL_ICT,True,6.0,True,0,90.04599211563732,,,,broad
19-5191,NAME:ch le mans,NAME_FALLBACK,2019-01-11,2019-01-11,2019-07-11,2026-07-13,72,72311,DIGITAL_ICT,True,6.0,True,1,5.5847568988173455,19-99946,0.3564729187698947,MEDIUM,broad
19-10579,NAME:ville d angers,NAME_FALLBACK,2019-01-21,2019-01-21,2019-06-21,2026-07-13,35,35261,DIGITAL_ICT,True,5.0,True,0,89.68462549277267,,,,broad
19-12872,NAME:communaute d agglomeration du niortais,NAME_FALLBACK,2019-01-24,2019-01-24,2019-07-24,2026-07-13,48,48900,DIGITAL_ICT,True,6.0,True,1,5.781865965834428,19-113409,0.3457579541697964,POTENTIAL,broad
19-15392,NAME:departement de la sarthe,NAME_FALLBACK,2019-01-29,2019-01-29,2019-07-29,2026-07-13,72,72220,DIGITAL_ICT,True,6.0,True,1,11.957950065703022,20-13755,0.4078337554816592,MEDIUM,broad
19-16795,NAME:angers loire metropole,NAME_FALLBACK,2019-01-31,2019-01-31,2019-07-31,2026-07-13,,,DIGITAL_ICT,True,6.0,True,1,7.293035479632063,19-136955,0.2860614070987957,POTENTIAL,broad
19-5147,NAME:ville de bouguenais,NAME_FALLBACK,2019-01-11,2019-03-15,2020-03-15,2026-07-13,45,45262,DIGITAL_ICT,True,12.0,True,1,13.403416557161629,20-27109,0.3590522522863562,POTENTIAL,broad
19-11075,NAME:angers loire metropole,NAME_FALLBACK,2019-01-22,2019-01-22,2020-01-22,2026-07-13,45,45112,DIGITAL_ICT,True,12.0,True,1,12.253613666228643,20-10269,0.3006754742836485,POTENTIAL,broad
19-10428,SIRET:22850001300658,RAW_SIRET,2019-01-23,2019-06-09,2019-11-09,2026-07-13,35,35261,DIGITAL_ICT,True,5.0,True,1,10.840998685939551,19-187630,0.3256999497431784,POTENTIAL,broad
19-8964,NAME:departement de la sarthe,NAME_FALLBACK,2019-01-17,2019-01-17,2019-07-17,2026-07-13,72,72600,DIGITAL_ICT,True,6.0,True,1,4.829172141918528,19-90783,0.3020835979261334,POTENTIAL,broad
19-2163,NAME:communaute communes parthenay-gatine,NAME_FALLBACK,2019-01-07,2019-01-07,2019-07-07,2026-07-13,,,DIGITAL_ICT,True,6.0,True,0,90.14454664914587,,,,broad
19-4449,NAME:conseil departemental loire-atlantique,NAME_FALLBACK,2019-01-12,2019-01-12,2019-06-12,2026-07-13,79,79340,DIGITAL_ICT,True,5.0,True,1,5.519053876478318,19-98987,0.2919291367812513,POTENTIAL,broad
19-7863,NAME:ch le mans,NAME_FALLBACK,2019-01-16,2019-01-16,2019-07-16,2026-07-13,48,48611,DIGITAL_ICT,True,6.0,True,1,5.4204993429697765,19-99946,0.2931749506139539,POTENTIAL,broad
19-8916,NAME:angers loire metropole,NAME_FALLBACK,2019-01-17,2019-01-17,2019-07-17,2026-07-13,48,48900,DIGITAL_ICT,True,6.0,True,0,89.81603153745073,,,,broad
19-9782,NAME:com d agglo reg nazairienne estuaire,NAME_FALLBACK,2019-01-18,2019-01-18,2019-07-18,2026-07-13,72,72500,DIGITAL_ICT,True,6.0,True,0,89.78318002628122,,,,broad
19-10189,NAME:ctre hosp universitaire angers,NAME_FALLBACK,2019-01-21,2019-01-21,2020-01-21,2026-07-13,45,45314,DIGITAL_ICT,True,12.0,True,1,13.797634691195794,20-39206,0.3096243276853696,POTENTIAL,broad
19-14536,NAME:centre de gestion de la fonction publi,NAME_FALLBACK,2019-01-28,2019-01-28,2019-05-28,2026-07-13,32,32415,DIGITAL_ICT,True,4.0,True,0,89.45466491458608,,,,broad
19-2530,NAME:ctre national d enst a distance,NAME_FALLBACK,2019-01-10,2019-01-10,2019-07-10,2026-07-13,72,72250,DIGITAL_ICT,True,6.0,True,0,90.04599211563732,,,,broad
19-7404,NAME:dir interdepartementale routes ouest,NAME_FALLBACK,2019-01-18,2020-06-17,2020-12-17,2026-07-13,72,72319,DIGITAL_ICT,True,6.0,True,0,89.78318002628122,,,,broad
19-12828,SIRET:22850001300658,RAW_SIRET,2019-01-26,2019-08-21,2019-12-21,2026-07-13,30,30216,DIGITAL_ICT,True,4.0,True,1,11.925098554533507,20-10119,0.3775943347949718,POTENTIAL,broad
19-2743,NAME:departement de la sarthe,NAME_FALLBACK,2019-01-08,2019-04-30,2020-04-30,2026-07-13,45,45454,DIGITAL_ICT,True,12.0,True,0,90.11169513797634,,,,broad
19-11185,NAME:departement de maine-et-loire,NAME_FALLBACK,2019-01-23,2019-01-23,2019-07-23,2026-07-13,33,33111,DIGITAL_ICT,True,6.0,True,1,6.636005256241787,19-124888,0.9190303980511778,HIGH,broad
19-1779,SIRET:23440003400026,RAW_SIRET,2019-01-09,2020-04-26,2020-10-26,2026-07-13,72,72212,DIGITAL_ICT,True,6.0,True,1,21.057818659658345,20-124045,0.4494678055190538,POTENTIAL,broad
19-6267,NAME:ville de nantes,NAME_FALLBACK,2019-01-23,2019-08-24,2019-12-24,2026-07-13,90,90731,DIGITAL_ICT,True,4.0,True,1,10.413929040735871,19-182466,0.3192499230015247,MEDIUM,broad
19-15670,NAME:ctre hosp universitaire angers,NAME_FALLBACK,2019-02-01,2019-08-16,2020-02-16,2026-07-13,72,72000,DIGITAL_ICT,True,6.0,True,1,7.7858081471747695,19-145845,0.4182045560502483,MEDIUM,broad
19-18263,SIRET:22720002900014,RAW_SIRET,2019-02-06,2019-09-28,2020-03-28,2026-07-13,72,72500,DIGITAL_ICT,True,6.0,True,0,89.15900131406045,,,,broad
19-21370,NAME:esat foyers,NAME_FALLBACK,2019-02-08,2019-02-08,2019-08-08,2026-07-13,48,48800,DIGITAL_ICT,True,6.0,True,0,89.09329829172142,,,,broad
19-16942,NAME:nantes metropole,NAME_FALLBACK,2019-02-03,2019-05-05,2019-11-05,2026-07-13,72,72318,DIGITAL_ICT,True,6.0,True,1,8.442838370565045,19-158679,0.3173898338587002,POTENTIAL,broad
19-19933,NAME:departement de la sarthe,NAME_FALLBACK,2019-02-06,2019-05-03,2020-05-03,2026-07-13,45,45431,DIGITAL_ICT,True,12.0,True,0,89.15900131406045,,,,broad
19-22491,NAME:dirisi,NAME_FALLBACK,2019-02-11,2019-02-11,2020-02-11,2026-07-13,45,45314,DIGITAL_ICT,True,12.0,True,0,88.99474375821288,,,,broad
19-27651,NAME:comm comm de doue la fontaine,NAME_FALLBACK,2019-02-20,2019-02-20,2019-08-20,2026-07-13,48,48000,DIGITAL_ICT,True,6.0,True,0,88.69908015768725,,,,broad
19-22390,NAME:agrocampus ouest,NAME_FALLBACK,2019-02-13,2019-06-07,2019-12-07,2026-07-13,48,48911,DIGITAL_ICT,True,6.0,True,0,88.92904073587385,,,,broad
19-22643,NAME:commune de loire authion,NAME_FALLBACK,2019-02-12,2019-02-12,2019-08-12,2026-07-13,,,DIGITAL_ICT,True,6.0,True,0,88.96189224704337,,,,broad
19-23754,NAME:b r g m,NAME_FALLBACK,2019-02-13,2019-02-13,2019-06-13,2026-07-13,32,32323,DIGITAL_ICT,True,4.0,True,0,88.92904073587385,,,,broad
19-24951,NAME:ch le mans,NAME_FALLBACK,2019-02-15,2019-02-15,2019-08-15,2026-07-13,48,48330,DIGITAL_ICT,True,6.0,True,1,8.73850197109067,19-169357,0.3737889693695367,MEDIUM,broad
19-17531,NAME:association songo,NAME_FALLBACK,2019-02-03,2019-06-19,2019-10-19,2026-07-13,32,32321,DIGITAL_ICT,True,4.0,True,0,89.257555847569,,,,broad
19-20943,NAME:mindef sga dcsid esid bordeaux,NAME_FALLBACK,2019-02-08,2019-04-01,2020-04-01,2026-07-13,45,45000,DIGITAL_ICT,True,12.0,True,0,89.09329829172142,,,,broad
19-21081,NAME:ville de beaucouze,NAME_FALLBACK,2019-02-10,2019-03-30,2019-07-30,2026-07-13,32,32412,DIGITAL_ICT,True,4.0,True,0,89.02759526938239,,,,broad
19-17376,NAME:spl ocean marais de monts tourisme,NAME_FALLBACK,2019-02-04,2019-02-04,2019-08-04,2026-07-13,,,DIGITAL_ICT,True,6.0,True,0,89.22470433639947,,,,broad
19-19984,NAME:vendee grand littoral,NAME_FALLBACK,2019-02-07,2019-02-07,2019-08-07,2026-07-13,,,DIGITAL_ICT,True,6.0,True,0,89.12614980289094,,,,broad
19-21591,NAME:conseil departemental loire-atlantique,NAME_FALLBACK,2019-02-10,2019-02-10,2019-08-10,2026-07-13,71,71356,DIGITAL_ICT,True,6.0,True,1,4.566360052562418,19-98987,0.2832811508643365,MEDIUM,broad
19-21908,NAME:conseil departemental loire-atlantique,NAME_FALLBACK,2019-02-13,2019-10-19,2020-03-19,2026-07-13,35,35120,DIGITAL_ICT,True,5.0,True,1,12.877792378449408,20-35774,0.3523236544751028,MEDIUM,broad
19-25237,NAME:commune de nantes,NAME_FALLBACK,2019-02-17,2019-02-17,2019-08-17,2026-07-13,44,44621,DIGITAL_ICT,True,6.0,True,1,9.789750328515112,19-184042,0.7568424708244441,HIGH,broad
19-29459,NAME:laval agglomeration,NAME_FALLBACK,2019-02-22,2019-02-22,2019-08-22,2026-07-13,,,DIGITAL_ICT,True,6.0,True,0,88.63337713534823,,,,broad
19-28845,NAME:departement de la mayenne,NAME_FALLBACK,2019-02-21,2019-02-21,2019-08-21,2026-07-13,72,72212,DIGITAL_ICT,True,6.0,True,1,0.6898817345597897,19-39813,0.2873182866866378,MEDIUM,broad
19-30217,NAME:mairie de coueron,NAME_FALLBACK,2019-02-25,2019-02-25,2019-08-25,2026-07-13,,,DIGITAL_ICT,True,6.0,True,1,4.23784494086728,19-101998,0.5479606262546297,HIGH,broad
19-18202,NAME:ville de villemomble,NAME_FALLBACK,2019-02-04,2019-02-04,2019-07-04,2026-07-13,35,35111,DIGITAL_ICT,True,5.0,True,0,89.22470433639947,,,,broad
19-17058,SIRET:23440003400026,RAW_SIRET,2019-02-03,2020-01-23,2020-07-23,2026-07-13,72,72220,DIGITAL_ICT,True,6.0,True,1,19.21813403416557,20-110309,0.5885477564563963,HIGH,broad
19-32405,NAME:conseil regional des pays de la loire,NAME_FALLBACK,2019-03-02,2020-02-02,2020-07-02,2026-07-13,35,35113,DIGITAL_ICT,True,5.0,True,0,88.37056504599211,,,,broad
19-36958,NAME:nantes metropole,NAME_FALLBACK,2019-03-14,2019-08-25,2020-02-25,2026-07-13,72,72250,DIGITAL_ICT,True,6.0,True,1,11.366622864651774,20-26585,0.6772558685524144,HIGH,broad
19-43671,NAME:universite de nantes,NAME_FALLBACK,2019-03-20,2019-05-16,2019-11-16,2026-07-13,72,72000,DIGITAL_ICT,True,6.0,True,0,87.77923784494087,,,,broad
19-46291,NAME:gpm de nantes - st nazaire,NAME_FALLBACK,2019-03-25,2019-03-25,2019-09-25,2026-07-13,,,DIGITAL_ICT,True,6.0,True,0,87.6149802890933,,,,broad
19-43213,NAME:ctre hosp universitaire angers,NAME_FALLBACK,2019-03-20,2019-03-20,2019-09-20,2026-07-13,72,72500,DIGITAL_ICT,True,6.0,True,1,6.241787122207621,19-145845,0.3632070829268743,POTENTIAL,broad
19-48376,SIRET:77560485300041,RAW_SIRET,2019-03-29,2019-08-18,2019-12-18,2026-07-13,32,32500,DIGITAL_ICT,True,4.0,True,0,87.48357424441524,,,,broad
19-41587,NAME:sdis 44,NAME_FALLBACK,2019-03-18,2019-03-18,2019-09-18,2026-07-13,,,DIGITAL_ICT,True,6.0,True,1,0.5584756898817346,19-54274,0.4614082347787998,MEDIUM,broad
19-44791,NAME:conseil regional des pays de la loire,NAME_FALLBACK,2019-03-21,2020-03-02,2020-09-02,2026-07-13,,,DIGITAL_ICT,True,6.0,True,1,18.166885676741128,20-116086,0.3136352510380991,POTENTIAL,broad
19-48029,NAME:cc anjou bleu communaute,NAME_FALLBACK,2019-03-27,2020-08-11,2021-02-11,2026-07-13,,,DIGITAL_ICT,True,6.0,True,0,87.54927726675427,,,,broad
19-33752,NAME:chbr reg metiers artisanat nouv aquit,NAME_FALLBACK,2019-03-01,2019-03-01,2019-09-01,2026-07-13,72,72413,DIGITAL_ICT,True,6.0,True,1,6.438896189224704,19-138013,0.3050637151687948,MEDIUM,broad
19-35566,NAME:angers loire metropole,NAME_FALLBACK,2019-03-07,2019-03-07,2019-09-07,2026-07-13,72,72267,DIGITAL_ICT,True,6.0,True,1,2.9566360052562417,19-85688,0.4887955608298761,MEDIUM,broad
19-43954,NAME:nantes metropole,NAME_FALLBACK,2019-03-21,2019-03-21,2019-09-21,2026-07-13,,,DIGITAL_ICT,True,6.0,True,1,6.931668856767411,19-158679,0.3991637162442803,POTENTIAL,broad
19-51014,NAME:ministere des affaires etrangeres,NAME_FALLBACK,2019-03-29,2019-03-29,2019-07-29,2026-07-13,32,32420,DIGITAL_ICT,True,4.0,True,0,87.48357424441524,,,,broad
19-47186,NAME:angers loire metropole,NAME_FALLBACK,2019-03-26,2019-03-26,2019-09-26,2026-07-13,,,DIGITAL_ICT,True,6.0,True,1,5.519053876478318,19-136955,0.3180989925536574,POTENTIAL,broad
19-34512,NAME:ministere des affaires etrangeres,NAME_FALLBACK,2019-03-06,2019-03-06,2019-07-06,2026-07-13,32,32400,DIGITAL_ICT,True,4.0,True,1,0.7555847568988173,19-51014,0.3002566653301245,MEDIUM,broad
19-51024,NAME:ville d ancenis-saint-gereon,NAME_FALLBACK,2019-03-31,2019-08-03,2020-01-03,2026-07-13,35,35125,DIGITAL_ICT,True,5.0,True,1,6.5374507227332455,19-156877,0.3312815489849598,MEDIUM,broad
19-34598,NAME:gpm de nantes - st nazaire,NAME_FALLBACK,2019-03-05,2019-03-05,2019-09-05,2026-07-13,72,72420,DIGITAL_ICT,True,6.0,True,1,3.055190538764783,19-87510,0.3421087551326542,MEDIUM,broad
19-46630,NAME:ch le mans,NAME_FALLBACK,2019-03-25,2019-03-25,2019-08-25,2026-07-13,35,35111,DIGITAL_ICT,True,5.0,True,1,4.204993429697766,19-118102,0.2919642740212813,POTENTIAL,broad
19-50622,NAME:iphv les hauts thebaudieres,NAME_FALLBACK,2019-03-29,2019-03-29,2019-09-29,2026-07-13,72,72262,DIGITAL_ICT,True,6.0,True,0,87.48357424441524,,,,broad
19-39750,SIRET:77560485300041,RAW_SIRET,2019-03-16,2019-12-13,2020-04-13,2026-07-13,32,32352,DIGITAL_ICT,True,4.0,True,0,87.91064388961892,,,,broad
19-39813,NAME:departement de la mayenne,NAME_FALLBACK,2019-03-14,2019-03-14,2019-09-14,2026-07-13,,,DIGITAL_ICT,True,6.0,True,0,87.97634691195795,,,,broad
19-41352,NAME:agence regionale pays de la loire ti,NAME_FALLBACK,2019-03-15,2019-03-15,2019-09-15,2026-07-13,,,DIGITAL_ICT,True,6.0,True,0,87.94349540078844,,,,broad
19-50828,NAME:ville de saumur,NAME_FALLBACK,2019-03-29,2019-03-29,2019-09-29,2026-07-13,,,DIGITAL_ICT,True,6.0,True,0,87.48357424441524,,,,broad
19-37169,NAME:ctre hosp universitaire angers,NAME_FALLBACK,2019-03-10,2019-06-20,2019-10-20,2026-07-13,32,32360,DIGITAL_ICT,True,4.0,True,1,6.570302233902759,19-145845,0.2854106753345764,POTENTIAL,broad
19-46133,NAME:cc du pays des achards,NAME_FALLBACK,2019-03-27,2019-06-15,2019-10-15,2026-07-13,30,30200,DIGITAL_ICT,True,4.0,True,1,2.759526938239159,19-92746,0.798480070083224,HIGH,broad
19-51224,NAME:gie sesam vitale,NAME_FALLBACK,2019-03-31,2020-04-02,2020-10-02,2026-07-13,48,48613,DIGITAL_ICT,True,6.0,True,0,87.41787122207622,,,,broad
19-33087,NAME:departement de la vendee,NAME_FALLBACK,2019-03-01,2019-04-18,2019-10-18,2026-07-13,72,72222,DIGITAL_ICT,True,6.0,True,0,88.40341655716163,,,,broad
19-35540,SIRET:22490001900015,RAW_SIRET,2019-03-08,2019-08-02,2020-02-02,2026-07-13,72,72310,DIGITAL_ICT,True,6.0,True,0,88.17345597897503,,,,broad
19-49300,NAME:ville de cholet,NAME_FALLBACK,2019-03-30,2019-08-24,2019-12-24,2026-07-13,32,32323,DIGITAL_ICT,True,4.0,True,0,87.45072273324573,,,,broad
19-50035,NAME:universite de rennes 1,NAME_FALLBACK,2019-03-30,2019-03-30,2019-07-30,2026-07-13,32,32420,DIGITAL_ICT,True,4.0,True,0,87.45072273324573,,,,broad
19-51941,SIRET:21440143200015,RAW_SIRET,2019-04-01,2019-07-05,2019-12-05,2026-07-13,42,42962,DIGITAL_ICT,True,5.0,True,0,87.3850197109067,,,,broad
19-52455,NAME:ars pays de la loire,NAME_FALLBACK,2019-04-03,2019-05-25,2019-11-25,2026-07-13,48,48800,DIGITAL_ICT,True,6.0,True,0,87.31931668856767,,,,broad
19-48030,SIRET:22490001900015,RAW_SIRET,2019-04-04,2019-08-25,2020-02-25,2026-07-13,72,72268,DIGITAL_ICT,True,6.0,True,1,12.28646517739816,20-45942,0.3225715713398536,MEDIUM,broad
19-54309,NAME:conseil departemental loire-atlantique,NAME_FALLBACK,2019-04-25,2020-07-18,2020-11-18,2026-07-13,32,32412,DIGITAL_ICT,True,4.0,True,0,86.59658344283837,,,,broad
19-54406,NAME:ville de nantes,NAME_FALLBACK,2019-04-09,2019-04-09,2019-10-09,2026-07-13,,,DIGITAL_ICT,True,6.0,True,0,87.12220762155059,,,,broad
19-67233,SIRET:22530001100015,RAW_SIRET,2019-04-28,2019-06-26,2019-11-26,2026-07-13,79,79811,DIGITAL_ICT,True,5.0,True,0,86.49802890932983,,,,broad
19-66871,NAME:communaute de communes de grand lieu,NAME_FALLBACK,2019-04-26,2019-04-26,2019-10-26,2026-07-13,72,72222,DIGITAL_ICT,True,6.0,True,1,5.4204993429697765,19-152025,0.2960448579194535,MEDIUM,broad
19-55346,NAME:mairie de coueron,NAME_FALLBACK,2019-04-05,2019-04-05,2019-10-05,2026-07-13,,,DIGITAL_ICT,True,6.0,True,0,87.25361366622865,,,,broad
19-53794,NAME:departement de maine-et-loire,NAME_FALLBACK,2019-04-05,2019-04-05,2019-10-05,2026-07-13,48,48000,DIGITAL_ICT,True,6.0,True,1,5.519053876478318,19-142610,0.3005093530634782,MEDIUM,broad
19-63056,NAME:departement de maine-et-loire,NAME_FALLBACK,2019-04-19,2019-04-19,2019-08-19,2026-07-13,50,50730,DIGITAL_ICT,True,4.0,True,1,3.8107752956636,19-124888,0.3036111340548068,POTENTIAL,broad
19-66808,SIRET:19753471200017,RAW_SIRET,2019-04-28,2019-07-11,2019-11-11,2026-07-13,30,30121,DIGITAL_ICT,True,4.0,True,0,86.49802890932983,,,,broad
19-54285,NAME:universite du maine,NAME_FALLBACK,2019-04-06,2019-08-23,2020-02-23,2026-07-13,31,31710,DIGITAL_ICT,True,6.0,True,0,87.22076215505913,,,,broad
19-58562,NAME:commune de mouilleron le captif,NAME_FALLBACK,2019-04-11,2019-04-11,2019-10-11,2026-07-13,,,DIGITAL_ICT,True,6.0,True,0,87.05650459921156,,,,broad
19-52696,NAME:cc loir luce berce,NAME_FALLBACK,2019-04-01,2019-04-01,2019-10-01,2026-07-13,71,71221,DIGITAL_ICT,True,6.0,True,1,8.541392904073588,19-187364,0.3985631601703277,MEDIUM,broad
19-67912,NAME:sec gal pour l adm min interieur ouest,NAME_FALLBACK,2019-04-29,2019-04-29,2020-04-29,2026-07-13,45,45314,DIGITAL_ICT,True,12.0,True,0,86.46517739816032,,,,broad
19-56301,NAME:mancelle d habitation,NAME_FALLBACK,2019-04-10,2020-03-19,2020-09-19,2026-07-13,71,71335,DIGITAL_ICT,True,6.0,True,0,87.08935611038108,,,,broad
19-62635,NAME:ville de la roche sur yon,NAME_FALLBACK,2019-04-21,2019-10-24,2020-02-24,2026-07-13,50,50312,DIGITAL_ICT,True,4.0,True,0,86.72798948751642,,,,broad
19-56150,NAME:conseil regional des pays de la loire,NAME_FALLBACK,2019-04-10,2019-09-25,2020-03-25,2026-07-13,48,48000,DIGITAL_ICT,True,6.0,True,0,87.08935611038108,,,,broad
19-58204,NAME:ville de nantes,NAME_FALLBACK,2019-04-13,2019-08-10,2020-01-10,2026-07-13,92,92511,DIGITAL_ICT,True,5.0,True,1,3.252299605781866,19-112016,0.5746079617643085,HIGH,broad
19-59985,NAME:chu de nantes,NAME_FALLBACK,2019-04-17,2019-04-17,2019-10-17,2026-07-13,48,48450,DIGITAL_ICT,True,6.0,True,1,6.438896189224704,19-165120,0.3110742855057017,MEDIUM,broad
19-59879,NAME:universite de nantes,NAME_FALLBACK,2019-04-15,2019-06-12,2019-12-12,2026-07-13,72,72212,DIGITAL_ICT,True,6.0,True,1,10.64388961892247,20-31844,0.3187301030302361,POTENTIAL,broad
19-64938,NAME:ville de cholet,NAME_FALLBACK,2019-04-24,2019-04-24,2019-08-24,2026-07-13,32,32561,DIGITAL_ICT,True,4.0,True,0,86.62943495400789,,,,broad
19-66602,NAME:ctre hosp universitaire angers,NAME_FALLBACK,2019-04-26,2019-04-26,2019-10-26,2026-07-13,48,48200,DIGITAL_ICT,True,6.0,True,1,5.026281208935611,19-145845,0.2815520888133003,POTENTIAL,broad
19-55110,NAME:nantes metropole,NAME_FALLBACK,2019-04-11,2019-04-11,2019-10-11,2026-07-13,48,48000,DIGITAL_ICT,True,6.0,True,1,5.946123521681997,19-151382,0.6328082036634497,HIGH,broad
19-55808,SIRET:53820845500021,RAW_SIRET,2019-04-10,2019-09-10,2020-03-10,2026-07-13,72,72253,DIGITAL_ICT,True,6.0,True,0,87.08935611038108,,,,broad
19-54274,NAME:sdis 44,NAME_FALLBACK,2019-04-04,2019-04-04,2019-10-04,2026-07-13,,,DIGITAL_ICT,True,6.0,True,1,4.829172141918528,19-131601,0.2976158972360328,POTENTIAL,broad
19-69736,NAME:nantes metropole,NAME_FALLBACK,2019-05-05,2019-05-05,2019-09-05,2026-07-13,32,32400,DIGITAL_ICT,True,4.0,True,1,3.1537450722733245,19-123920,0.3122570075867978,POTENTIAL,broad
19-71394,SIRET:25720243200015,RAW_SIRET,2019-05-08,2020-01-10,2020-07-10,2026-07-13,71,71241,DIGITAL_ICT,True,6.0,True,0,86.16951379763469,,,,broad
19-76202,NAME:universite de rennes 1,NAME_FALLBACK,2019-05-15,2019-05-15,2019-10-15,2026-07-13,42,42636,DIGITAL_ICT,True,5.0,True,0,85.9395532194481,,,,broad
19-79923,NAME:msa loire-atlantique - vendee,NAME_FALLBACK,2019-05-22,2019-05-22,2019-11-22,2026-07-13,,,DIGITAL_ICT,True,6.0,True,0,85.7095926412615,,,,broad
19-81650,NAME:commune de vallet,NAME_FALLBACK,2019-05-24,2019-05-24,2019-11-24,2026-07-13,,,DIGITAL_ICT,True,6.0,True,0,85.64388961892247,,,,broad
19-73211,NAME:ville de talmont - saint hilaire,NAME_FALLBACK,2019-05-09,2019-05-09,2019-11-09,2026-07-13,48,48000,DIGITAL_ICT,True,6.0,True,0,86.13666228646518,,,,broad
19-75324,NAME:conseil general de la vendee,NAME_FALLBACK,2019-05-14,2019-09-19,2020-03-19,2026-07-13,48,48730,DIGITAL_ICT,True,6.0,True,0,85.97240473061761,,,,broad
19-75795,NAME:vendee eau,NAME_FALLBACK,2019-05-15,2019-05-15,2019-11-15,2026-07-13,72,72315,DIGITAL_ICT,True,6.0,True,0,85.9395532194481,,,,broad
19-67059,NAME:nantes metropole,NAME_FALLBACK,2019-05-08,2019-05-08,2019-11-08,2026-07-13,48,48000,DIGITAL_ICT,True,6.0,True,1,5.059132720105125,19-151382,0.6002520927887576,POTENTIAL,broad
19-73678,NAME:universite de nantes,NAME_FALLBACK,2019-05-10,2019-07-25,2020-01-25,2026-07-13,72,72212,DIGITAL_ICT,True,6.0,True,1,9.822601839684625,20-31844,0.4224651943379328,MEDIUM,broad
19-75615,NAME:sdis 44,NAME_FALLBACK,2019-05-14,2019-05-14,2019-11-14,2026-07-13,72,72611,DIGITAL_ICT,True,6.0,True,0,85.97240473061761,,,,broad
19-74485,NAME:nantes metropole,NAME_FALLBACK,2019-05-18,2019-09-22,2020-03-22,2026-07-13,72,72243,DIGITAL_ICT,True,6.0,True,1,9.625492772667542,20-32203,0.4258151569314563,POTENTIAL,broad
19-79758,NAME:agce pour l enst fr a l etranger,NAME_FALLBACK,2019-05-23,2019-05-23,2019-10-23,2026-07-13,79,79632,DIGITAL_ICT,True,5.0,True,0,85.67674113009198,,,,broad
19-80016,NAME:universite du maine,NAME_FALLBACK,2019-05-24,2019-12-07,2020-04-07,2026-07-13,32,32232,DIGITAL_ICT,True,4.0,True,0,85.64388961892247,,,,broad
19-70735,SIRET:22720002900014,RAW_SIRET,2019-05-05,2019-08-28,2019-12-28,2026-07-13,30,30200,DIGITAL_ICT,True,4.0,True,1,4.796320630749015,19-146419,0.3458488025987083,MEDIUM,broad
19-81470,NAME:conseil departemental loire-atlantique,NAME_FALLBACK,2019-05-24,2019-05-24,2019-09-24,2026-07-13,32,32323,DIGITAL_ICT,True,4.0,True,0,85.64388961892247,,,,broad
19-71137,NAME:departement de la sarthe,NAME_FALLBACK,2019-05-06,2019-05-06,2019-11-06,2026-07-13,72,72500,DIGITAL_ICT,True,6.0,True,1,6.504599211563732,19-174809,0.5210883713822074,POTENTIAL,broad
19-82611,NAME:conseil general de la vendee,NAME_FALLBACK,2019-05-27,2019-09-19,2020-03-19,2026-07-13,48,48730,DIGITAL_ICT,True,6.0,True,0,85.54533508541392,,,,broad
19-68091,NAME:oniris,NAME_FALLBACK,2019-05-01,2019-07-27,2019-11-27,2026-07-13,30,30233,DIGITAL_ICT,True,4.0,True,0,86.39947437582128,,,,broad
19-75460,NAME:conseil regional des pays de la loire,NAME_FALLBACK,2019-05-16,2020-01-07,2020-05-07,2026-07-13,30,30211,DIGITAL_ICT,True,4.0,True,0,85.90670170827858,,,,broad
19-79409,NAME:conseil regional des pays de la loire,NAME_FALLBACK,2019-05-23,2020-03-11,2020-07-11,2026-07-13,90,90513,DIGITAL_ICT,True,4.0,True,0,85.67674113009198,,,,broad
19-71066,NAME:cc ocean marais de monts,NAME_FALLBACK,2019-05-06,2019-05-06,2019-11-06,2026-07-13,,,DIGITAL_ICT,True,6.0,True,0,86.23521681997372,,,,broad
19-71182,NAME:dir ouest,NAME_FALLBACK,2019-05-07,2019-10-17,2020-02-17,2026-07-13,32,32584,DIGITAL_ICT,True,4.0,True,0,86.2023653088042,,,,broad
19-70724,NAME:caisse allocations familiales morbihan,NAME_FALLBACK,2019-05-03,2019-05-03,2019-11-03,2026-07-13,44,44115,DIGITAL_ICT,True,6.0,True,0,86.33377135348226,,,,broad
19-78493,NAME:ctre hosp universitaire angers,NAME_FALLBACK,2019-05-20,2019-05-20,2019-09-20,2026-07-13,32,32442,DIGITAL_ICT,True,4.0,True,1,4.23784494086728,19-145845,0.3043952114656896,POTENTIAL,broad
19-80203,NAME:universite de nantes,NAME_FALLBACK,2019-05-24,2019-05-24,2019-09-24,2026-07-13,32,32584,DIGITAL_ICT,True,4.0,True,0,85.64388961892247,,,,broad
19-99589,NAME:mairie de bauge en anjou,NAME_FALLBACK,2019-06-30,2019-11-07,2020-05-07,2026-07-13,72,72700,DIGITAL_ICT,True,6.0,True,0,84.42838370565046,,,,broad
19-88976,SIRET:24440064400013,RAW_SIRET,2019-06-09,2019-10-27,2020-03-27,2026-07-13,35,35121,DIGITAL_ICT,True,5.0,True,0,85.11826544021025,,,,broad
19-87510,NAME:gpm de nantes - st nazaire,NAME_FALLBACK,2019-06-06,2019-06-06,2019-12-06,2026-07-13,48,48321,DIGITAL_ICT,True,6.0,True,0,85.21681997371878,,,,broad
19-100067,NAME:sec gal pour l adm min interieur ouest,NAME_FALLBACK,2019-06-30,2019-06-30,2019-11-30,2026-07-13,35,35113,DIGITAL_ICT,True,5.0,True,0,84.42838370565046,,,,broad
19-90783,NAME:departement de la sarthe,NAME_FALLBACK,2019-06-13,2019-06-13,2019-12-13,2026-07-13,,,DIGITAL_ICT,True,6.0,True,1,7.621550591327201,20-16042,0.3261045407973279,POTENTIAL,broad
19-76134,NAME:ville de la roche sur yon,NAME_FALLBACK,2019-06-04,2019-09-11,2020-01-11,2026-07-13,32,32418,DIGITAL_ICT,True,4.0,True,0,85.28252299605782,,,,broad
19-92746,NAME:cc du pays des achards,NAME_FALLBACK,2019-06-19,2019-10-31,2020-02-29,2026-07-13,30,30200,DIGITAL_ICT,True,4.0,True,0,84.78975032851511,,,,broad
19-88615,NAME:cap atlantique,NAME_FALLBACK,2019-06-09,2019-06-09,2019-10-09,2026-07-13,30,30121,DIGITAL_ICT,True,4.0,True,1,4.566360052562418,19-161914,0.3517842806792595,MEDIUM,broad
19-99281,NAME:departement de la sarthe,NAME_FALLBACK,2019-06-27,2019-06-27,2019-12-27,2026-07-13,48,48223,DIGITAL_ICT,True,6.0,True,1,7.063074901445466,20-13755,0.3019646914767542,POTENTIAL,broad
19-99946,NAME:ch le mans,NAME_FALLBACK,2019-06-30,2019-06-30,2019-12-30,2026-07-13,72,72810,DIGITAL_ICT,True,6.0,True,0,84.42838370565046,,,,broad
19-87996,NAME:mauges communaute,NAME_FALLBACK,2019-06-06,2019-06-06,2019-12-06,2026-07-13,,,DIGITAL_ICT,True,6.0,True,1,1.7411300919842312,19-118070,0.5120543144984668,HIGH,broad
19-92498,NAME:nantes metropole,NAME_FALLBACK,2019-06-21,2019-06-21,2019-12-21,2026-07-13,48,48000,DIGITAL_ICT,True,6.0,True,1,7.161629434954008,20-11000,0.896325041274485,HIGH,broad
19-85688,NAME:angers loire metropole,NAME_FALLBACK,2019-06-05,2020-01-08,2020-07-08,2026-07-13,72,72267,DIGITAL_ICT,True,6.0,True,1,11.76084099868594,20-66280,0.3863262481262621,POTENTIAL,broad
19-97686,NAME:synd dep d energie et d eqpt de vendee,NAME_FALLBACK,2019-06-27,2020-02-12,2020-08-12,2026-07-13,48,48822,DIGITAL_ICT,True,6.0,True,0,84.526938239159,,,,broad
19-98987,NAME:conseil departemental loire-atlantique,NAME_FALLBACK,2019-06-29,2019-12-15,2020-04-15,2026-07-13,50,50312,DIGITAL_ICT,True,4.0,True,1,8.409986859395532,20-35774,0.3551846056069516,MEDIUM,broad
19-91082,SIRET:22490001900015,RAW_SIRET,2019-06-16,2019-06-16,2019-10-16,2026-07-13,32,32353,DIGITAL_ICT,True,4.0,True,0,84.88830486202366,,,,broad
19-95207,NAME:ville d avrille,NAME_FALLBACK,2019-06-20,2019-06-20,2019-12-20,2026-07-13,,,DIGITAL_ICT,True,6.0,True,0,84.7568988173456,,,,broad
19-97324,NAME:cte organ lille metropole capitale mon,NAME_FALLBACK,2019-06-25,2019-06-25,2019-12-25,2026-07-13,,,DIGITAL_ICT,True,6.0,True,0,84.59264126149803,,,,broad
19-99578,NAME:commune de pornic,NAME_FALLBACK,2019-06-28,2019-06-28,2019-10-28,2026-07-13,32,32524,DIGITAL_ICT,True,4.0,True,0,84.49408672798948,,,,broad
19-87143,NAME:commune de reze,NAME_FALLBACK,2019-06-05,2019-06-05,2019-12-05,2026-07-13,48,48160,DIGITAL_ICT,True,6.0,True,0,85.24967148488831,,,,broad
19-88816,NAME:communaute de communes sevre et loire,NAME_FALLBACK,2019-06-07,2019-06-07,2019-12-07,2026-07-13,,,DIGITAL_ICT,True,6.0,True,0,85.18396846254927,,,,broad
19-85601,SIRET:20007186800018,RAW_SIRET,2019-06-05,2019-10-12,2020-02-12,2026-07-13,30,30230,DIGITAL_ICT,True,4.0,True,0,85.24967148488831,,,,broad
19-93739,NAME:communaute d agglomeration du niortais,NAME_FALLBACK,2019-06-20,2019-06-20,2019-12-20,2026-07-13,48,48160,DIGITAL_ICT,True,6.0,True,0,84.7568988173456,,,,broad
19-95263,NAME:ville de coulaines,NAME_FALLBACK,2019-06-20,2019-06-20,2019-12-20,2026-07-13,72,72222,DIGITAL_ICT,True,6.0,True,0,84.7568988173456,,,,broad
19-97500,NAME:cap atlantique,NAME_FALLBACK,2019-06-25,2019-06-25,2019-10-25,2026-07-13,30,30200,DIGITAL_ICT,True,4.0,True,1,4.040735873850197,19-161914,0.9586311870346036,HIGH,broad
19-94580,NAME:cc vendee grand littoral,NAME_FALLBACK,2019-06-20,2019-06-20,2019-12-20,2026-07-13,,,DIGITAL_ICT,True,6.0,True,1,0.8541392904073587,19-110681,0.4714694756802904,MEDIUM,broad
19-103229,NAME:ctre hosp universitaire angers,NAME_FALLBACK,2019-07-04,2019-07-04,2020-01-04,2026-07-13,,,DIGITAL_ICT,True,6.0,True,0,84.2969776609724,,,,broad
19-112153,NAME:communaute urbaine d alencon,NAME_FALLBACK,2019-07-18,2019-07-18,2020-01-18,2026-07-13,,,DIGITAL_ICT,True,6.0,True,0,83.83705650459922,,,,broad
19-103545,NAME:chu de nantes,NAME_FALLBACK,2019-07-06,2019-07-06,2019-11-06,2026-07-13,32,32322,DIGITAL_ICT,True,4.0,True,1,3.8107752956636,19-165120,0.4404896732712632,MEDIUM,broad
19-103897,SIRET:22530001100015,RAW_SIRET,2019-07-07,2019-10-31,2020-04-30,2026-07-13,72,72317,DIGITAL_ICT,True,6.0,True,0,84.19842312746387,,,,broad
19-103833,NAME:metropole nantes metropole,NAME_FALLBACK,2019-07-05,2019-07-05,2020-01-05,2026-07-13,48,48000,DIGITAL_ICT,True,6.0,True,1,0.0985545335085413,19-105305,0.4422448532632499,MEDIUM,broad
19-117534,NAME:commune de ombree d anjou,NAME_FALLBACK,2019-07-29,2019-07-29,2019-11-29,2026-07-13,30,30200,DIGITAL_ICT,True,4.0,True,0,83.47568988173455,,,,broad
19-105133,NAME:ville de chateau-gontier,NAME_FALLBACK,2019-07-10,2019-07-10,2019-12-10,2026-07-13,35,35120,DIGITAL_ICT,True,5.0,True,0,84.09986859395532,,,,broad
19-100667,NAME:communaute d agglomeration du niortais,NAME_FALLBACK,2019-07-01,2019-07-01,2020-01-01,2026-07-13,,,DIGITAL_ICT,True,6.0,True,1,0.5913272010512484,19-113409,0.4627770477441958,MEDIUM,broad
19-104228,NAME:commune de saint-herblain,NAME_FALLBACK,2019-07-05,2019-07-05,2020-01-05,2026-07-13,72,72400,DIGITAL_ICT,True,6.0,True,1,5.256241787122208,19-185562,0.3997879392848549,MEDIUM,broad
19-117771,NAME:sdis49,NAME_FALLBACK,2019-07-29,2019-11-19,2020-03-19,2026-07-13,32,32424,DIGITAL_ICT,True,4.0,True,1,3.7779237844940874,19-174440,0.7724652938527332,HIGH,broad
19-106149,NAME:universite d angers,NAME_FALLBACK,2019-07-09,2019-09-23,2020-03-23,2026-07-13,,,DIGITAL_ICT,True,6.0,True,1,2.726675427069645,19-147471,0.4504577310556285,MEDIUM,broad
19-110681,NAME:cc vendee grand littoral,NAME_FALLBACK,2019-07-16,2019-07-16,2020-01-16,2026-07-13,,,DIGITAL_ICT,True,6.0,True,1,6.668856767411301,20-17796,0.3251258694220092,MEDIUM,broad
19-108347,NAME:sdis 85,NAME_FALLBACK,2019-07-12,2019-07-12,2020-01-12,2026-07-13,48,48800,DIGITAL_ICT,True,6.0,True,0,84.0341655716163,,,,broad
19-101998,NAME:mairie de coueron,NAME_FALLBACK,2019-07-04,2020-01-24,2020-05-24,2026-07-13,30,30200,DIGITAL_ICT,True,4.0,True,1,9.362680683311432,20-52194,0.3953700770966511,MEDIUM,broad
19-108948,SIRET:23440003400026,RAW_SIRET,2019-07-14,2019-07-14,2019-11-14,2026-07-13,30,30213,DIGITAL_ICT,True,4.0,True,1,4.50065703022339,19-177480,0.3345240640331914,POTENTIAL,broad
19-115344,NAME:fondation partenariale polytech,NAME_FALLBACK,2019-07-26,2020-04-19,2020-08-19,2026-07-13,32,32321,DIGITAL_ICT,True,4.0,True,0,83.5742444152431,,,,broad
19-116578,NAME:chambre agriculture pays de la loire,NAME_FALLBACK,2019-07-27,2019-11-28,2020-04-28,2026-07-13,64,64211,DIGITAL_ICT,True,5.0,True,0,83.54139290407359,,,,broad
19-112156,NAME:ville d alencon,NAME_FALLBACK,2019-07-18,2019-07-18,2020-01-18,2026-07-13,,,DIGITAL_ICT,True,6.0,True,0,83.83705650459922,,,,broad
19-106682,NAME:gie loire ocean,NAME_FALLBACK,2019-07-12,2019-11-21,2020-05-21,2026-07-13,72,72610,DIGITAL_ICT,True,6.0,True,0,84.0341655716163,,,,broad
19-110311,NAME:epf de la vendee,NAME_FALLBACK,2019-07-16,2019-07-16,2020-01-16,2026-07-13,72,72000,DIGITAL_ICT,True,6.0,True,0,83.90275952693824,,,,broad
19-117328,NAME:ctre hosp universitaire angers,NAME_FALLBACK,2019-07-26,2019-07-26,2020-01-26,2026-07-13,72,72000,DIGITAL_ICT,True,6.0,True,1,2.0367936925098555,19-145845,0.4430048182216382,POTENTIAL,broad
19-102776,SIRET:21440143200015,RAW_SIRET,2019-07-05,2019-11-14,2020-05-14,2026-07-13,48,48822,DIGITAL_ICT,True,6.0,True,1,12.877792378449408,20-96647,0.3047723029203054,MEDIUM,broad
19-106429,NAME:ccir pays de la loire,NAME_FALLBACK,2019-07-11,2019-11-08,2020-05-08,2026-07-13,48,48000,DIGITAL_ICT,True,6.0,True,0,84.06701708278581,,,,broad
19-108442,SIRET:45151864100035,RAW_SIRET,2019-07-14,2019-12-19,2020-06-19,2026-07-13,72,72500,DIGITAL_ICT,True,6.0,True,1,11.925098554533507,20-88562,0.3216280002266992,POTENTIAL,broad
19-118102,NAME:ch le mans,NAME_FALLBACK,2019-07-31,2019-12-07,2020-04-07,2026-07-13,32,32000,DIGITAL_ICT,True,4.0,True,1,8.04862023653088,20-47606,0.3470713632743633,MEDIUM,broad
19-103253,NAME:communaute de cnes terres de montaigu,NAME_FALLBACK,2019-07-06,2020-01-11,2020-05-11,2026-07-13,30,30200,DIGITAL_ICT,True,4.0,True,1,5.519053876478318,19-189255,0.2932538123818885,MEDIUM,broad
19-105305,NAME:metropole nantes metropole,NAME_FALLBACK,2019-07-08,2019-07-08,2020-01-08,2026-07-13,,,DIGITAL_ICT,True,6.0,True,0,84.16557161629434,,,,broad
19-103125,NAME:cnieg,NAME_FALLBACK,2019-07-04,2019-11-20,2020-05-20,2026-07-13,72,72600,DIGITAL_ICT,True,6.0,True,1,10.446780551905388,20-64610,0.3658935611038107,MEDIUM,broad
19-109687,NAME:semitan mandataire de nantes metropole,NAME_FALLBACK,2019-07-17,2020-10-24,2021-04-24,2026-07-13,48,48140,DIGITAL_ICT,True,6.0,True,0,83.86990801576873,,,,broad
19-108933,NAME:ctre hosp universitaire angers,NAME_FALLBACK,2019-07-12,2019-07-12,2020-01-12,2026-07-13,,,DIGITAL_ICT,True,6.0,True,1,0.4599211563731931,19-117328,0.4573017958826106,MEDIUM,broad
19-105083,NAME:nantes metropole,NAME_FALLBACK,2019-07-10,2019-07-10,2020-01-10,2026-07-13,48,48000,DIGITAL_ICT,True,6.0,True,1,6.5374507227332455,20-11000,0.6019722602380566,POTENTIAL,broad
19-112016,NAME:ville de nantes,NAME_FALLBACK,2019-07-21,2019-07-21,2019-12-21,2026-07-13,92,92511,DIGITAL_ICT,True,5.0,True,1,4.533508541392904,19-182466,0.324104129731772,MEDIUM,broad
19-114079,NAME:baie de somme habitat,NAME_FALLBACK,2019-07-24,2019-12-13,2020-06-13,2026-07-13,72,72250,DIGITAL_ICT,True,6.0,True,0,83.63994743758212,,,,broad
19-107821,NAME:sdis49,NAME_FALLBACK,2019-07-12,2019-10-30,2020-02-29,2026-07-13,32,32412,DIGITAL_ICT,True,4.0,True,1,4.336399474375821,19-174440,0.2961660328280023,MEDIUM,broad
19-113409,NAME:communaute d agglomeration du niortais,NAME_FALLBACK,2019-07-19,2019-07-19,2020-01-19,2026-07-13,,,DIGITAL_ICT,True,6.0,True,1,7.7858081471747695,20-37796,0.3209824576621098,MEDIUM,broad
19-114994,NAME:ville du mans,NAME_FALLBACK,2019-07-23,2019-10-01,2020-03-01,2026-07-13,35,35300,DIGITAL_ICT,True,5.0,True,0,83.67279894875165,,,,broad
19-105444,SIRET:24720013200014,RAW_SIRET,2019-07-10,2019-11-10,2020-05-10,2026-07-13,48,48210,DIGITAL_ICT,True,6.0,True,1,12.28646517739816,20-91088,0.9055519053876476,HIGH,broad
19-110370,NAME:commune de nantes,NAME_FALLBACK,2019-07-19,2019-07-19,2020-01-19,2026-07-13,48,48000,DIGITAL_ICT,True,6.0,True,1,7.884362680683311,20-38676,0.7493313215835438,HIGH,broad
19-112517,SIRET:13001855900018,RAW_SIRET,2019-07-20,2019-10-11,2020-04-11,2026-07-13,71,71330,DIGITAL_ICT,True,6.0,True,0,83.77135348226018,,,,broad
19-118070,NAME:mauges communaute,NAME_FALLBACK,2019-07-29,2019-07-29,2020-01-29,2026-07-13,,,DIGITAL_ICT,True,6.0,True,1,7.35873850197109,20-35528,0.2979813187443495,POTENTIAL,broad
19-125250,NAME:commune de challans,NAME_FALLBACK,2019-08-15,2019-08-15,2019-12-15,2026-07-13,50,50312,DIGITAL_ICT,True,4.0,True,0,82.91721419185282,,,,broad
19-120297,NAME:le mans metropole - communaute urbaine,NAME_FALLBACK,2019-08-01,2019-10-25,2020-02-25,2026-07-13,32,32342,DIGITAL_ICT,True,4.0,True,0,83.37713534822602,,,,broad
19-109269,NAME:ville de nantes,NAME_FALLBACK,2019-08-02,2019-08-02,2020-01-02,2026-07-13,35,35300,DIGITAL_ICT,True,5.0,True,1,6.898817345597897,20-29934,0.3866971072800702,MEDIUM,broad
19-125270,NAME:ctre hosp universitaire angers,NAME_FALLBACK,2019-08-14,2019-08-14,2020-02-14,2026-07-13,72,72000,DIGITAL_ICT,True,6.0,True,1,1.4126149802890933,19-145845,0.4344769455840178,MEDIUM,broad
19-124888,NAME:departement de maine-et-loire,NAME_FALLBACK,2019-08-13,2019-08-13,2020-02-13,2026-07-13,33,33111,DIGITAL_ICT,True,6.0,True,0,82.98291721419186,,,,broad
19-119269,NAME:nantes metropole,NAME_FALLBACK,2019-08-02,2019-08-02,2020-02-02,2026-07-13,72,72250,DIGITAL_ICT,True,6.0,True,1,6.734559789750328,20-26585,0.6517656748268545,POTENTIAL,broad
19-123920,NAME:nantes metropole,NAME_FALLBACK,2019-08-09,2019-08-09,2020-02-09,2026-07-13,,,DIGITAL_ICT,True,6.0,True,1,6.110381077529566,20-21049,0.3857671318761241,POTENTIAL,broad
19-129278,NAME:conseil regional des pays de la loire,NAME_FALLBACK,2019-08-23,2020-01-21,2020-05-21,2026-07-13,30,30100,DIGITAL_ICT,True,4.0,True,1,9.32982917214192,20-70855,0.2986840602794808,MEDIUM,broad
19-131601,NAME:sdis 44,NAME_FALLBACK,2019-08-29,2019-08-29,2020-01-29,2026-07-13,35,35111,DIGITAL_ICT,True,5.0,True,1,8.869908015768726,20-67439,0.4600589240501475,POTENTIAL,broad
19-123696,NAME:cc du pays de mortagne,NAME_FALLBACK,2019-08-08,2019-08-08,2019-12-08,2026-07-13,30,30211,DIGITAL_ICT,True,4.0,True,1,1.1169513797634691,19-138231,0.839544459045116,HIGH,broad
19-128681,SIRET:23440003400026,RAW_SIRET,2019-08-24,2020-02-12,2020-08-12,2026-07-13,72,72000,DIGITAL_ICT,True,6.0,True,1,14.947437582128778,20-142015,0.5124846976960049,HIGH,broad
19-125363,NAME:gip esea nouvelle-aquitaine,NAME_FALLBACK,2019-08-13,2019-08-13,2020-02-13,2026-07-13,,,DIGITAL_ICT,True,6.0,True,0,82.98291721419186,,,,broad
19-130357,NAME:departement de la sarthe,NAME_FALLBACK,2019-08-27,2019-08-27,2020-02-27,2026-07-13,,,DIGITAL_ICT,True,6.0,True,1,5.7490144546649145,20-25157,0.3306928436655135,POTENTIAL,broad
19-130305,NAME:communaute de communes de grand lieu,NAME_FALLBACK,2019-08-27,2020-01-06,2020-06-06,2026-07-13,35,35120,DIGITAL_ICT,True,5.0,True,0,82.52299605781866,,,,broad
19-124424,NAME:chd vendee,NAME_FALLBACK,2019-08-11,2020-08-23,2021-02-23,2026-07-13,48,48000,DIGITAL_ICT,True,6.0,True,1,16.130091984231274,20-152502,0.672148867883624,HIGH,broad
19-131225,NAME:sdis 44,NAME_FALLBACK,2019-08-29,2019-08-29,2020-01-29,2026-07-13,35,35111,DIGITAL_ICT,True,5.0,True,1,0.0328515111695138,19-131092,0.3606592874528453,POTENTIAL,broad
19-123299,NAME:mindef ema dc sca pfaf co rennes,NAME_FALLBACK,2019-08-09,2019-12-07,2020-04-07,2026-07-13,32,32342,DIGITAL_ICT,True,4.0,True,0,83.1143232588699,,,,broad
19-131092,NAME:sdis 44,NAME_FALLBACK,2019-08-30,2020-01-05,2020-06-05,2026-07-13,35,35111,DIGITAL_ICT,True,5.0,True,1,8.83705650459921,20-67439,0.5218199057603633,HIGH,broad
19-142610,NAME:departement de maine-et-loire,NAME_FALLBACK,2019-09-20,2019-09-20,2020-01-20,2026-07-13,32,32400,DIGITAL_ICT,True,4.0,True,1,2.9894875164257555,19-185581,0.354110421657713,MEDIUM,broad
19-142286,NAME:commune de nantes,NAME_FALLBACK,2019-09-19,2019-09-19,2020-03-19,2026-07-13,,,DIGITAL_ICT,True,6.0,True,1,5.847568988173456,20-38676,0.3547632388113954,POTENTIAL,broad
19-143955,SIRET:23440003400026,RAW_SIRET,2019-09-24,2019-09-24,2020-01-24,2026-07-13,50,50324,DIGITAL_ICT,True,4.0,True,1,2.135348226018397,19-177480,0.9068117586718522,HIGH,broad
19-136771,NAME:commune de basse-goulaine,NAME_FALLBACK,2019-09-09,2019-09-09,2020-03-09,2026-07-13,,,DIGITAL_ICT,True,6.0,True,0,82.09592641261499,,,,broad
19-138013,NAME:chbr reg metiers artisanat nouv aquit,NAME_FALLBACK,2019-09-13,2020-04-02,2020-10-02,2026-07-13,48,48000,DIGITAL_ICT,True,6.0,True,0,81.96452036793693,,,,broad
19-138231,NAME:cc du pays de mortagne,NAME_FALLBACK,2019-09-11,2019-09-11,2020-01-11,2026-07-13,30,30211,DIGITAL_ICT,True,4.0,True,0,82.03022339027595,,,,broad
19-133510,NAME:departement de la vendee,NAME_FALLBACK,2019-09-03,2019-12-12,2020-06-12,2026-07-13,48,48219,DIGITAL_ICT,True,6.0,True,0,82.29303547963207,,,,broad
19-147471,NAME:universite d angers,NAME_FALLBACK,2019-09-30,2019-09-30,2020-03-30,2026-07-13,,,DIGITAL_ICT,True,6.0,True,0,81.4060446780552,,,,broad
19-142971,NAME:mairie de cordemais,NAME_FALLBACK,2019-09-22,2019-09-22,2020-02-22,2026-07-13,35,35120,DIGITAL_ICT,True,5.0,True,0,81.6688567674113,,,,broad
19-146419,SIRET:22720002900014,RAW_SIRET,2019-09-28,2020-02-12,2020-06-12,2026-07-13,32,32584,DIGITAL_ICT,True,4.0,True,0,81.47174770039422,,,,broad
19-136955,NAME:angers loire metropole,NAME_FALLBACK,2019-09-10,2019-09-10,2020-03-10,2026-07-13,72,72500,DIGITAL_ICT,True,6.0,True,1,5.781865965834428,20-31457,0.3025624875206757,POTENTIAL,broad
19-137030,SIRET:23440003400026,RAW_SIRET,2019-09-12,2020-03-04,2020-09-04,2026-07-13,48,48000,DIGITAL_ICT,True,6.0,True,1,11.957950065703022,20-110309,0.3574259205003237,POTENTIAL,broad
19-140517,NAME:communaute communes parthenay-gatine,NAME_FALLBACK,2019-09-18,2020-01-11,2020-05-11,2026-07-13,30,30120,DIGITAL_ICT,True,4.0,True,0,81.80026281208936,,,,broad
19-145053,NAME:departement de la sarthe,NAME_FALLBACK,2019-09-24,2019-09-24,2020-03-24,2026-07-13,72,72590,DIGITAL_ICT,True,6.0,True,1,1.8725361366622864,19-174809,0.7833138620360569,HIGH,broad
19-145845,NAME:ctre hosp universitaire angers,NAME_FALLBACK,2019-09-26,2019-09-26,2020-03-26,2026-07-13,72,72000,DIGITAL_ICT,True,6.0,True,1,5.683311432325887,20-40507,0.3100619611761786,POTENTIAL,broad
19-144868,SIRET:22850001300658,RAW_SIRET,2019-09-26,2020-05-12,2020-11-12,2026-07-13,48,48800,DIGITAL_ICT,True,6.0,True,1,13.206307490144546,20-133527,0.3374785820156338,POTENTIAL,broad
19-141668,NAME:sdis 85,NAME_FALLBACK,2019-09-19,2020-02-19,2020-07-19,2026-07-13,35,35110,DIGITAL_ICT,True,5.0,True,1,8.508541392904073,20-72017,0.4971302608781239,MEDIUM,broad
19-154710,NAME:ville de la roche sur yon,NAME_FALLBACK,2019-10-11,2019-10-11,2020-04-11,2026-07-13,72,72610,DIGITAL_ICT,True,6.0,True,0,81.04467805519054,,,,broad
19-152453,NAME:chd vendee,NAME_FALLBACK,2019-10-10,2020-01-22,2020-05-22,2026-07-13,32,32323,DIGITAL_ICT,True,4.0,True,1,3.4822601839684624,20-10180,0.7971112571178274,HIGH,broad
19-161349,NAME:cci metropolitaine bretagne ouest,NAME_FALLBACK,2019-10-25,2019-10-25,2020-04-25,2026-07-13,48,48470,DIGITAL_ICT,True,6.0,True,1,5.256241787122208,20-47343,0.4083736770124304,MEDIUM,broad
19-161914,NAME:cap atlantique,NAME_FALLBACK,2019-10-26,2019-10-26,2020-02-26,2026-07-13,30,30200,DIGITAL_ICT,True,4.0,True,0,80.55190538764784,,,,broad
19-165120,NAME:chu de nantes,NAME_FALLBACK,2019-10-30,2019-10-30,2020-02-29,2026-07-13,32,32344,DIGITAL_ICT,True,4.0,True,1,3.350854139290407,20-19986,0.3649127399720123,MEDIUM,broad
19-156877,NAME:ville d ancenis-saint-gereon,NAME_FALLBACK,2019-10-16,2019-10-16,2020-03-16,2026-07-13,35,35111,DIGITAL_ICT,True,5.0,True,0,80.88042049934297,,,,broad
19-147943,SIRET:23440003400026,RAW_SIRET,2019-10-02,2020-01-23,2020-07-23,2026-07-13,72,72700,DIGITAL_ICT,True,6.0,True,1,11.300919842312746,20-110309,0.3463647691724899,POTENTIAL,broad
19-151382,NAME:nantes metropole,NAME_FALLBACK,2019-10-09,2019-10-09,2020-04-09,2026-07-13,48,48000,DIGITAL_ICT,True,6.0,True,1,3.54796320630749,20-11000,0.5491058222058823,HIGH,broad
19-156899,NAME:nantes metropole,NAME_FALLBACK,2019-10-18,2020-01-25,2020-06-25,2026-07-13,35,35261,DIGITAL_ICT,True,5.0,True,1,9.034165571616294,20-91517,0.369038015714356,MEDIUM,broad
19-157359,SIRET:21440184600016,RAW_SIRET,2019-10-18,2020-03-22,2020-07-22,2026-07-13,32,32321,DIGITAL_ICT,True,4.0,True,1,10.64388961892247,20-109382,0.3487416081882918,MEDIUM,broad
19-159241,SIRET:13001309700071,RAW_SIRET,2019-10-20,2019-10-20,2020-04-20,2026-07-13,48,48190,DIGITAL_ICT,True,6.0,True,0,80.74901445466492,,,,broad
19-164716,NAME:conservatoire du littoral,NAME_FALLBACK,2019-10-31,2020-05-08,2020-11-08,2026-07-13,72,72315,DIGITAL_ICT,True,6.0,True,0,80.38764783180027,,,,broad
19-164854,NAME:ville de laval,NAME_FALLBACK,2019-10-31,2020-02-06,2020-06-06,2026-07-13,30,30192,DIGITAL_ICT,True,4.0,True,0,80.38764783180027,,,,broad
19-148074,NAME:oti du pays de st gilles croix de vie,NAME_FALLBACK,2019-10-01,2019-10-01,2020-10-01,2026-07-13,45,45212,DIGITAL_ICT,True,12.0,True,0,81.37319316688567,,,,broad
19-152025,NAME:communaute de communes de grand lieu,NAME_FALLBACK,2019-10-08,2019-12-19,2020-06-19,2026-07-13,33,33182,DIGITAL_ICT,True,6.0,True,0,81.14323258869908,,,,broad
19-157248,NAME:regie dept passages d eau de vendee,NAME_FALLBACK,2019-10-16,2019-10-16,2020-04-16,2026-07-13,72,72413,DIGITAL_ICT,True,6.0,True,0,80.88042049934297,,,,broad
19-160471,NAME:le mans metropole - communaute urbaine,NAME_FALLBACK,2019-10-22,2020-06-11,2020-12-11,2026-07-13,72,72322,DIGITAL_ICT,True,6.0,True,0,80.6833114323259,,,,broad
19-158679,NAME:nantes metropole,NAME_FALLBACK,2019-10-18,2019-10-18,2020-04-18,2026-07-13,,,DIGITAL_ICT,True,6.0,True,1,6.176084099868594,20-54283,0.339289272550996,POTENTIAL,broad
19-159320,NAME:departement de la sarthe,NAME_FALLBACK,2019-10-18,2019-10-18,2020-04-18,2026-07-13,,,DIGITAL_ICT,True,6.0,True,1,4.040735873850197,20-25157,0.2926736606877094,POTENTIAL,broad
19-155590,NAME:etablissement public du marais poitevi,NAME_FALLBACK,2019-10-16,2020-01-12,2020-07-12,2026-07-13,72,72212,DIGITAL_ICT,True,6.0,True,0,80.88042049934297,,,,broad
19-152227,SIRET:21720181300011,RAW_SIRET,2019-10-10,2020-06-20,2020-12-20,2026-07-13,72,72600,DIGITAL_ICT,True,6.0,True,0,81.07752956636006,,,,broad
19-164966,NAME:commune de nantes,NAME_FALLBACK,2019-10-30,2019-10-30,2020-10-30,2026-07-13,45,45311,DIGITAL_ICT,True,12.0,True,0,80.42049934296978,,,,broad
19-165780,NAME:oti du pays de st gilles croix de vie,NAME_FALLBACK,2019-10-31,2019-10-31,2020-10-31,2026-07-13,45,45212,DIGITAL_ICT,True,12.0,True,0,80.38764783180027,,,,broad
19-147530,NAME:universite de la rochelle,NAME_FALLBACK,2019-10-02,2019-10-30,2020-04-30,2026-07-13,48,48461,DIGITAL_ICT,True,6.0,True,0,81.34034165571616,,,,broad
19-160506,NAME:commune de mauges sur loire,NAME_FALLBACK,2019-10-24,2020-01-25,2020-06-25,2026-07-13,35,35710,DIGITAL_ICT,True,5.0,True,0,80.61760840998686,,,,broad
19-160018,NAME:lycee polyvalent leonard de vinci,NAME_FALLBACK,2019-10-21,2019-10-21,2020-02-21,2026-07-13,32,32321,DIGITAL_ICT,True,4.0,True,0,80.7161629434954,,,,broad
19-150176,NAME:chd vendee,NAME_FALLBACK,2019-10-05,2020-02-06,2020-08-06,2026-07-13,72,72000,DIGITAL_ICT,True,6.0,True,0,81.24178712220763,,,,broad
19-152807,SIRET:85101450600014,RAW_SIRET,2019-10-23,2019-10-23,2020-04-23,2026-07-13,71,71351,DIGITAL_ICT,True,6.0,True,0,80.65045992115637,,,,broad
19-163024,NAME:gie sesam vitale,NAME_FALLBACK,2019-10-27,2020-08-08,2021-02-08,2026-07-13,72,72253,DIGITAL_ICT,True,6.0,True,1,16.45860709592641,21-31568,0.3875667980727113,MEDIUM,broad
19-153997,NAME:commune de mauges sur loire,NAME_FALLBACK,2019-10-10,2019-10-10,2020-04-10,2026-07-13,48,48000,DIGITAL_ICT,True,6.0,True,0,81.07752956636006,,,,broad
19-174412,NAME:semitan,NAME_FALLBACK,2019-11-22,2020-07-30,2021-01-30,2026-07-13,72,72610,DIGITAL_ICT,True,6.0,True,1,14.947437582128778,21-23645,0.2826237406920718,POTENTIAL,broad
19-172484,NAME:spr pays de la loire,NAME_FALLBACK,2019-11-20,2020-06-17,2020-12-17,2026-07-13,72,72000,DIGITAL_ICT,True,6.0,True,0,79.73061760840999,,,,broad
19-177026,SIRET:13001232100050,RAW_SIRET,2019-11-27,2020-07-26,2020-11-26,2026-07-13,32,32412,DIGITAL_ICT,True,4.0,True,1,7.884362680683311,20-93724,0.3068844569687011,MEDIUM,broad
19-169357,NAME:ch le mans,NAME_FALLBACK,2019-11-08,2019-11-08,2020-05-08,2026-07-13,48,48210,DIGITAL_ICT,True,6.0,True,1,8.5742444152431,20-94462,0.5072592109874956,HIGH,broad
19-177021,NAME:le mans metropole - communaute urbaine,NAME_FALLBACK,2019-11-25,2020-06-15,2020-12-15,2026-07-13,48,48210,DIGITAL_ICT,True,6.0,True,0,79.56636005256242,,,,broad
19-175544,NAME:institut mines-telecom atlantique,NAME_FALLBACK,2019-11-21,2019-11-21,2020-05-21,2026-07-13,,,DIGITAL_ICT,True,6.0,True,0,79.69776609724047,,,,broad
19-173999,NAME:sembreizh societe,NAME_FALLBACK,2019-11-21,2019-11-21,2020-05-21,2026-07-13,72,72510,DIGITAL_ICT,True,6.0,True,0,79.69776609724047,,,,broad
19-175959,NAME:commune de beaupreau en mauges,NAME_FALLBACK,2019-11-24,2020-04-08,2020-08-08,2026-07-13,30,30200,DIGITAL_ICT,True,4.0,True,0,79.59921156373193,,,,broad
19-177480,SIRET:23440003400026,RAW_SIRET,2019-11-28,2020-03-25,2020-07-25,2026-07-13,50,50324,DIGITAL_ICT,True,4.0,True,1,9.526938239159,20-111698,0.2896540551648343,POTENTIAL,broad
19-166357,NAME:cdc du pays de saint gilles cx de vie,NAME_FALLBACK,2019-11-05,2019-11-05,2020-05-05,2026-07-13,48,48800,DIGITAL_ICT,True,6.0,True,0,80.2233902759527,,,,broad
19-174809,NAME:departement de la sarthe,NAME_FALLBACK,2019-11-20,2019-11-20,2020-05-20,2026-07-13,72,72590,DIGITAL_ICT,True,6.0,True,1,8.04862023653088,20-93634,0.3477028057861273,POTENTIAL,broad
19-178175,NAME:commune de saint nazaire,NAME_FALLBACK,2019-11-27,2020-03-23,2020-09-23,2026-07-13,48,48219,DIGITAL_ICT,True,6.0,True,1,14.783180026281208,21-24011,0.4350781688121208,MEDIUM,broad
19-169787,NAME:angers loire metropole,NAME_FALLBACK,2019-11-12,2019-11-12,2020-05-12,2026-07-13,,,DIGITAL_ICT,True,6.0,True,1,5.650459921156373,19-127477,0.3332256278035859,POTENTIAL,broad
19-169855,NAME:gie sesam vitale,NAME_FALLBACK,2019-11-12,2019-11-12,2020-05-12,2026-07-13,72,72314,DIGITAL_ICT,True,6.0,True,1,3.383705650459921,20-27358,0.5289648508917972,HIGH,broad
19-173933,NAME:sembreizh societe,NAME_FALLBACK,2019-11-21,2019-11-21,2020-05-21,2026-07-13,72,72411,DIGITAL_ICT,True,6.0,True,0,79.69776609724047,,,,broad
19-174098,NAME:conseil regional des pays de la loire,NAME_FALLBACK,2019-11-21,2020-03-14,2020-09-14,2026-07-13,72,72000,DIGITAL_ICT,True,6.0,True,1,10.808147174770038,20-125567,0.3263134637611902,POTENTIAL,broad
19-176592,NAME:gie sesam vitale,NAME_FALLBACK,2019-11-27,2021-03-27,2021-09-27,2026-07-13,72,72000,DIGITAL_ICT,True,6.0,True,0,79.5006570302234,,,,broad
19-169306,NAME:angers loire metropole,NAME_FALLBACK,2019-11-08,2019-11-08,2020-05-08,2026-07-13,72,72319,DIGITAL_ICT,True,6.0,True,1,0.1314060446780552,19-169787,0.4463512921594393,MEDIUM,broad
19-174440,NAME:sdis49,NAME_FALLBACK,2019-11-21,2020-01-07,2020-05-07,2026-07-13,32,32424,DIGITAL_ICT,True,4.0,True,0,79.69776609724047,,,,broad
19-166458,NAME:universite d angers,NAME_FALLBACK,2019-11-04,2019-12-12,2020-06-12,2026-07-13,,,DIGITAL_ICT,True,6.0,True,0,80.2562417871222,,,,broad
19-175998,NAME:communaute communes parthenay-gatine,NAME_FALLBACK,2019-11-24,2020-07-23,2021-07-23,2026-07-13,45,45212,DIGITAL_ICT,True,12.0,True,1,19.185282522996054,21-90254,0.4168359440399189,MEDIUM,broad
19-180074,NAME:mairie de coueron,NAME_FALLBACK,2019-12-02,2019-12-02,2020-06-02,2026-07-13,48,48450,DIGITAL_ICT,True,6.0,True,1,4.402102496714849,20-52194,0.372711372891828,MEDIUM,broad
19-184490,NAME:conseil regional des pays de la loire,NAME_FALLBACK,2019-12-13,2020-04-08,2020-10-08,2026-07-13,72,72222,DIGITAL_ICT,True,6.0,True,1,10.085413929040737,20-125567,0.3110539114631162,POTENTIAL,broad
19-187147,SIRET:21440184600016,RAW_SIRET,2019-12-18,2020-04-11,2020-10-11,2026-07-13,48,48219,DIGITAL_ICT,True,6.0,True,1,8.639947437582128,20-109382,0.3224105720465723,MEDIUM,broad
19-189603,NAME:nantes metropole,NAME_FALLBACK,2019-12-22,2019-12-22,2020-05-22,2026-07-13,64,64200,DIGITAL_ICT,True,5.0,True,1,4.993429697766097,20-66643,0.3708565010784218,POTENTIAL,broad
19-191665,NAME:nantes metropole,NAME_FALLBACK,2019-12-26,2019-12-26,2020-06-26,2026-07-13,72,72250,DIGITAL_ICT,True,6.0,True,1,4.862023653088042,20-66643,0.5822820209719124,HIGH,broad
19-180996,NAME:cte de cnes du pays d ancenis,NAME_FALLBACK,2019-12-03,2019-12-03,2020-06-03,2026-07-13,44,44115,DIGITAL_ICT,True,6.0,True,0,79.30354796320631,,,,broad
19-185581,NAME:departement de maine-et-loire,NAME_FALLBACK,2019-12-20,2019-12-20,2020-04-20,2026-07-13,32,32353,DIGITAL_ICT,True,4.0,True,0,78.74507227332457,,,,broad
19-190109,NAME:montrevault-sur-evre,NAME_FALLBACK,2019-12-20,2019-12-20,2020-05-20,2026-07-13,35,35261,DIGITAL_ICT,True,5.0,True,0,78.74507227332457,,,,broad
19-187630,SIRET:22850001300658,RAW_SIRET,2019-12-19,2020-04-18,2020-08-18,2026-07-13,32,32322,DIGITAL_ICT,True,4.0,True,0,78.77792378449409,,,,broad
19-189255,NAME:communaute de cnes terres de montaigu,NAME_FALLBACK,2019-12-21,2020-04-29,2020-08-29,2026-07-13,30,30120,DIGITAL_ICT,True,4.0,True,0,78.71222076215506,,,,broad
19-181049,NAME:cci de region bretagne,NAME_FALLBACK,2019-12-05,2020-11-06,2021-05-06,2026-07-13,72,72212,DIGITAL_ICT,True,6.0,True,1,16.228646517739815,21-48350,0.3071484888304862,MEDIUM,broad
19-183493,NAME:commune de beaufort en anjou,NAME_FALLBACK,2019-12-11,2020-03-21,2020-07-21,2026-07-13,32,32323,DIGITAL_ICT,True,4.0,True,0,79.0407358738502,,,,broad
19-190057,NAME:sdis 44,NAME_FALLBACK,2019-12-22,2019-12-22,2020-04-22,2026-07-13,30,30230,DIGITAL_ICT,True,4.0,True,1,3.6465177398160313,20-50911,0.3926838849552588,MEDIUM,broad
19-185562,NAME:commune de saint-herblain,NAME_FALLBACK,2019-12-12,2019-12-12,2020-06-12,2026-07-13,72,72250,DIGITAL_ICT,True,6.0,True,1,9.625492772667542,20-118247,0.5534380340117482,HIGH,broad
19-179524,NAME:commune de mauges sur loire,NAME_FALLBACK,2019-12-01,2020-03-19,2020-07-19,2026-07-13,32,32550,DIGITAL_ICT,True,4.0,True,0,79.36925098554534,,,,broad
19-180395,NAME:e-collectivites vendee,NAME_FALLBACK,2019-12-04,2020-05-13,2020-11-13,2026-07-13,48,48000,DIGITAL_ICT,True,6.0,True,0,79.27069645203679,,,,broad
19-184300,NAME:cdc du pays de saint gilles cx de vie,NAME_FALLBACK,2019-12-12,2020-02-13,2020-06-13,2026-07-13,32,32321,DIGITAL_ICT,True,4.0,True,0,79.00788436268068,,,,broad
19-185443,NAME:cte de cnes du pays d ancenis,NAME_FALLBACK,2019-12-12,2019-12-12,2020-06-12,2026-07-13,48,48730,DIGITAL_ICT,True,6.0,True,1,6.865965834428383,20-87459,0.2992740811450475,POTENTIAL,broad
19-189628,NAME:nantes metropole,NAME_FALLBACK,2019-12-20,2019-12-20,2020-06-20,2026-07-13,,,DIGITAL_ICT,True,6.0,True,1,5.059132720105125,20-66643,0.3462675514423291,POTENTIAL,broad
19-182466,NAME:ville de nantes,NAME_FALLBACK,2019-12-06,2019-12-06,2020-06-06,2026-07-13,,,DIGITAL_ICT,True,6.0,True,0,79.20499342969777,,,,broad
19-181393,SIRET:22850001300658,RAW_SIRET,2019-12-06,2020-04-24,2020-10-24,2026-07-13,72,72400,DIGITAL_ICT,True,6.0,True,1,10.873850197109066,20-133527,0.4040322814943193,POTENTIAL,broad
19-189641,NAME:communaute de cnes terres de montaigu,NAME_FALLBACK,2019-12-22,2020-08-07,2021-02-07,2026-07-13,72,72315,DIGITAL_ICT,True,6.0,True,0,78.67936925098554,,,,broad
19-190328,NAME:universite d angers,NAME_FALLBACK,2019-12-22,2020-06-14,2020-10-14,2026-07-13,32,32321,DIGITAL_ICT,True,4.0,True,0,78.67936925098554,,,,broad
19-187364,NAME:cc loir luce berce,NAME_FALLBACK,2019-12-17,2020-03-23,2021-03-23,2026-07-13,45,45210,DIGITAL_ICT,True,12.0,True,0,78.84362680683311,,,,broad
19-184042,NAME:commune de nantes,NAME_FALLBACK,2019-12-12,2019-12-12,2020-06-12,2026-07-13,44,44621,DIGITAL_ICT,True,6.0,True,1,5.486202365308804,20-68622,0.3568639497853681,MEDIUM,broad
19-191316,SIRET:21440184600016,RAW_SIRET,2019-12-25,2020-07-01,2021-01-01,2026-07-13,51,51610,DIGITAL_ICT,True,6.0,True,1,14.027595269382392,21-24367,0.3029635761001492,MEDIUM,broad
19-178825,NAME:commune de nantes,NAME_FALLBACK,2019-12-03,2019-12-03,2020-12-03,2026-07-13,45,45311,DIGITAL_ICT,True,12.0,True,1,13.66622864651774,21-8119,0.3071830742381294,POTENTIAL,broad
19-186303,NAME:commune de saint nazaire,NAME_FALLBACK,2019-12-13,2020-03-25,2020-09-25,2026-07-13,,,DIGITAL_ICT,True,6.0,True,0,78.97503285151117,,,,broad
20-4011,NAME:cnieg,NAME_FALLBACK,2020-01-12,2020-06-27,2020-12-27,2026-07-13,72,72224,DIGITAL_ICT,True,6.0,True,0,77.98948751642575,,,,broad
20-10119,SIRET:22850001300658,RAW_SIRET,2020-01-24,2020-12-20,2021-06-20,2026-07-13,72,72400,DIGITAL_ICT,True,6.0,True,0,77.59526938239159,,,,broad
20-12202,NAME:conseil regional des pays de la loire,NAME_FALLBACK,2020-01-26,2020-07-01,2021-01-01,2026-07-13,72,72000,DIGITAL_ICT,True,6.0,True,1,12.3850197109067,21-16505,0.4116540851828787,POTENTIAL,broad
20-10746,NAME:mairie de la chapelle sur erdre,NAME_FALLBACK,2020-01-23,2020-01-23,2020-07-23,2026-07-13,,,DIGITAL_ICT,True,6.0,True,0,77.6281208935611,,,,broad
20-13755,NAME:departement de la sarthe,NAME_FALLBACK,2020-01-28,2020-01-28,2020-07-28,2026-07-13,72,72220,DIGITAL_ICT,True,6.0,True,1,0.0985545335085413,20-15455,0.7149824791940429,HIGH,broad
20-5049,NAME:commune de nantes,NAME_FALLBACK,2020-01-13,2020-01-13,2020-07-13,2026-07-13,,,DIGITAL_ICT,True,6.0,True,1,6.3731931668856765,20-93913,0.345780354396177,POTENTIAL,broad
20-5957,SIRET:23440003400026,RAW_SIRET,2020-01-16,2020-01-16,2020-07-16,2026-07-13,72,72000,DIGITAL_ICT,True,6.0,True,1,10.183968462549275,20-142015,0.4789796088989405,MEDIUM,broad
20-4259,NAME:sydela,NAME_FALLBACK,2020-01-12,2020-04-01,2020-10-01,2026-07-13,48,48000,DIGITAL_ICT,True,6.0,True,0,77.98948751642575,,,,broad
20-6485,NAME:cnieg,NAME_FALLBACK,2020-01-19,2020-07-12,2021-01-12,2026-07-13,72,72250,DIGITAL_ICT,True,6.0,True,0,77.75952693823916,,,,broad
20-10180,NAME:chd vendee,NAME_FALLBACK,2020-01-24,2020-07-01,2020-11-01,2026-07-13,32,32323,DIGITAL_ICT,True,4.0,True,1,10.676741130091983,20-152502,0.2877451127384079,MEDIUM,broad
20-6019,NAME:cte de communes de la region de blain,NAME_FALLBACK,2020-01-14,2020-01-14,2020-07-14,2026-07-13,48,48000,DIGITAL_ICT,True,6.0,True,1,2.7923784494086727,20-50348,0.2835276694059936,MEDIUM,broad
20-8882,NAME:ville d angers,NAME_FALLBACK,2020-01-20,2020-01-20,2020-06-20,2026-07-13,35,35811,DIGITAL_ICT,True,5.0,True,0,77.72667542706965,,,,broad
20-13447,NAME:inra angers nantes,NAME_FALLBACK,2020-01-28,2020-11-05,2021-05-05,2026-07-13,72,72415,DIGITAL_ICT,True,6.0,True,0,77.46386333771353,,,,broad
20-2441,SIRET:21720181300011,RAW_SIRET,2020-01-10,2020-07-22,2020-11-22,2026-07-13,32,32353,DIGITAL_ICT,True,4.0,True,0,78.05519053876478,,,,broad
20-8874,NAME:ministere des affaires etrangeres,NAME_FALLBACK,2020-01-22,2020-11-06,2021-05-06,2026-07-13,72,72411,DIGITAL_ICT,True,6.0,True,0,77.66097240473061,,,,broad
20-12070,NAME:nantes metropole,NAME_FALLBACK,2020-01-26,2020-01-26,2020-07-26,2026-07-13,72,72250,DIGITAL_ICT,True,6.0,True,1,3.843626806833114,20-66643,0.544985439046751,HIGH,broad
20-8845,SIRET:23440003400026,RAW_SIRET,2020-01-22,2020-05-27,2020-10-27,2026-07-13,79,79530,DIGITAL_ICT,True,5.0,True,1,9.69119579500657,20-138135,0.3895415229622386,POTENTIAL,broad
20-11000,NAME:nantes metropole,NAME_FALLBACK,2020-01-25,2020-01-25,2020-07-25,2026-07-13,48,48000,DIGITAL_ICT,True,6.0,True,1,9.461235216819974,20-132336,0.5621152801220806,HIGH,broad
19-176963,NAME:angers loire metropole,NAME_FALLBACK,2020-01-06,2020-01-06,2020-07-06,2026-07-13,72,72212,DIGITAL_ICT,True,6.0,True,1,4.697766097240473,20-66280,0.5083439242269479,POTENTIAL,broad
20-8243,NAME:oti du pays de st gilles croix de vie,NAME_FALLBACK,2020-01-17,2020-01-17,2021-01-17,2026-07-13,45,45212,DIGITAL_ICT,True,12.0,True,0,77.82522996057818,,,,broad
20-9474,NAME:conseil departemental loire-atlantique,NAME_FALLBACK,2020-01-21,2020-01-21,2020-06-21,2026-07-13,35,35261,DIGITAL_ICT,True,5.0,True,0,77.69382391590013,,,,broad
20-15455,NAME:departement de la sarthe,NAME_FALLBACK,2020-01-31,2020-01-31,2020-07-31,2026-07-13,72,72220,DIGITAL_ICT,True,6.0,True,1,0.5913272010512484,20-25157,0.4651871784774604,POTENTIAL,broad
20-16042,NAME:departement de la sarthe,NAME_FALLBACK,2020-01-31,2020-01-31,2020-07-31,2026-07-13,72,72220,DIGITAL_ICT,True,6.0,True,1,0.5913272010512484,20-25157,0.7355146736749889,HIGH,broad
20-10269,NAME:angers loire metropole,NAME_FALLBACK,2020-01-30,2021-04-03,2021-10-03,2026-07-13,48,48627,DIGITAL_ICT,True,6.0,True,0,77.39816031537451,,,,broad
20-17802,SIRET:22850001300658,RAW_SIRET,2020-02-06,2020-12-02,2021-06-02,2026-07-13,72,72416,DIGITAL_ICT,True,6.0,True,0,77.1681997371879,,,,broad
20-23861,SIRET:28720026500018,RAW_SIRET,2020-02-16,2020-06-07,2020-11-07,2026-07-13,35,35120,DIGITAL_ICT,True,5.0,True,0,76.83968462549278,,,,broad
20-17362,NAME:vendee habitat - oph de vendee,NAME_FALLBACK,2020-02-04,2020-02-04,2020-08-04,2026-07-13,72,72310,DIGITAL_ICT,True,6.0,True,0,77.23390275952694,,,,broad
20-31194,NAME:commune de reze,NAME_FALLBACK,2020-02-28,2020-02-28,2020-08-28,2026-07-13,48,48822,DIGITAL_ICT,True,6.0,True,0,76.4454664914586,,,,broad
20-23104,NAME:reseau canope,NAME_FALLBACK,2020-02-15,2021-01-09,2021-07-09,2026-07-13,72,72000,DIGITAL_ICT,True,6.0,True,0,76.87253613666229,,,,broad
20-16671,NAME:gie sesam vitale,NAME_FALLBACK,2020-02-05,2021-01-29,2021-07-29,2026-07-13,72,72611,DIGITAL_ICT,True,6.0,True,1,16.918528252299605,21-91773,0.3938835893360312,MEDIUM,broad
20-25372,NAME:universite de nantes,NAME_FALLBACK,2020-02-20,2020-07-02,2020-12-02,2026-07-13,42,42990,DIGITAL_ICT,True,5.0,True,1,9.85545335085414,20-152526,0.6781738708302723,HIGH,broad
20-29934,NAME:ville de nantes,NAME_FALLBACK,2020-02-28,2020-02-28,2020-07-28,2026-07-13,35,35811,DIGITAL_ICT,True,5.0,True,0,76.4454664914586,,,,broad
20-19624,NAME:sdis de la sarthe,NAME_FALLBACK,2020-02-07,2020-06-11,2020-12-11,2026-07-13,,,DIGITAL_ICT,True,6.0,True,1,7.687253613666228,20-118393,0.3218711172916469,MEDIUM,broad
20-21049,NAME:nantes metropole,NAME_FALLBACK,2020-02-11,2020-02-11,2020-08-11,2026-07-13,,,DIGITAL_ICT,True,6.0,True,1,5.223390275952694,20-91517,0.3592883894410336,POTENTIAL,broad
20-26328,NAME:nantes metropole,NAME_FALLBACK,2020-02-21,2020-10-09,2021-04-09,2026-07-13,72,72130,DIGITAL_ICT,True,6.0,True,1,13.534822601839684,21-45579,0.3242157863000364,POTENTIAL,broad
20-26585,NAME:nantes metropole,NAME_FALLBACK,2020-02-23,2021-01-07,2021-07-07,2026-07-13,72,72250,DIGITAL_ICT,True,6.0,True,1,16.031537450722734,21-85842,0.4855845960739974,POTENTIAL,broad
20-20633,NAME:semitan,NAME_FALLBACK,2020-02-10,2020-02-10,2020-07-10,2026-07-13,35,35120,DIGITAL_ICT,True,5.0,True,0,77.03679369250986,,,,broad
20-22311,NAME:cte de communes du pays des herbiers,NAME_FALLBACK,2020-02-17,2020-02-17,2020-06-17,2026-07-13,30,30236,DIGITAL_ICT,True,4.0,True,0,76.80683311432325,,,,broad
20-20672,SIRET:22850001300658,RAW_SIRET,2020-02-12,2020-12-12,2021-06-12,2026-07-13,72,72400,DIGITAL_ICT,True,6.0,True,0,76.97109067017082,,,,broad
20-25276,NAME:nantes metropole,NAME_FALLBACK,2020-02-21,2021-01-01,2021-05-01,2026-07-13,30,30121,DIGITAL_ICT,True,4.0,True,1,13.534822601839684,21-45579,0.6235366471756081,HIGH,broad
20-27109,NAME:ville de bouguenais,NAME_FALLBACK,2020-02-23,2020-03-19,2020-07-19,2026-07-13,32,32400,DIGITAL_ICT,True,4.0,True,1,2.463863337713535,20-61130,0.8614454664914586,HIGH,broad
20-28158,NAME:sgami ouest,NAME_FALLBACK,2020-02-26,2020-08-30,2021-01-30,2026-07-13,35,35113,DIGITAL_ICT,True,5.0,True,0,76.51116951379764,,,,broad
20-23004,NAME:chd vendee,NAME_FALLBACK,2020-02-13,2020-02-13,2020-08-13,2026-07-13,71,71000,DIGITAL_ICT,True,6.0,True,0,76.93823915900131,,,,broad
20-19709,NAME:cc sud vendee littoral,NAME_FALLBACK,2020-02-07,2020-02-07,2020-08-07,2026-07-13,,,DIGITAL_ICT,True,6.0,True,0,77.1353482260184,,,,broad
20-19986,NAME:chu de nantes,NAME_FALLBACK,2020-02-09,2020-02-09,2020-06-09,2026-07-13,32,32510,DIGITAL_ICT,True,4.0,True,1,5.026281208935611,20-88353,0.3232776131903485,POTENTIAL,broad
20-23136,NAME:ferme experimentale laitiere des trino,NAME_FALLBACK,2020-02-15,2020-04-30,2020-10-30,2026-07-13,16,16000,DIGITAL_ICT,True,6.0,True,0,76.87253613666229,,,,broad
20-27358,NAME:gie sesam vitale,NAME_FALLBACK,2020-02-23,2021-01-15,2021-07-15,2026-07-13,72,72314,DIGITAL_ICT,True,6.0,True,1,16.327201051248355,21-91773,0.3549430573806395,POTENTIAL,broad
20-27417,NAME:chu de nantes,NAME_FALLBACK,2020-02-23,2020-02-23,2020-08-23,2026-07-13,33,33696,DIGITAL_ICT,True,6.0,True,1,3.350854139290407,20-70773,0.6704294624289888,HIGH,broad
20-21590,NAME:institut mines-telecom atlantique,NAME_FALLBACK,2020-02-11,2020-02-11,2020-08-11,2026-07-13,,,DIGITAL_ICT,True,6.0,True,0,77.00394218134034,,,,broad
20-15000,NAME:cci nantes saint-nazaire,NAME_FALLBACK,2020-02-01,2020-02-01,2020-08-01,2026-07-13,72,72212,DIGITAL_ICT,True,6.0,True,1,5.978975032851511,20-97380,0.37,MEDIUM,broad
20-29244,NAME:commune de nantes,NAME_FALLBACK,2020-02-27,2020-02-27,2020-07-27,2026-07-13,35,35300,DIGITAL_ICT,True,5.0,True,1,4.894875164257556,20-93913,0.8958731409440199,HIGH,broad
20-25157,NAME:departement de la sarthe,NAME_FALLBACK,2020-02-18,2020-02-18,2020-08-18,2026-07-13,72,72220,DIGITAL_ICT,True,6.0,True,1,5.091984231274639,20-93634,0.427694845349014,MEDIUM,broad
20-19626,NAME:sdis de la sarthe,NAME_FALLBACK,2020-02-07,2020-06-11,2020-12-11,2026-07-13,,,DIGITAL_ICT,True,6.0,True,1,7.687253613666228,20-118393,0.367223410621912,MEDIUM,broad
20-21555,NAME:epcc esbanm,NAME_FALLBACK,2020-02-12,2020-02-12,2020-08-12,2026-07-13,48,48800,DIGITAL_ICT,True,6.0,True,0,76.97109067017082,,,,broad
20-17796,NAME:cc vendee grand littoral,NAME_FALLBACK,2020-02-04,2020-02-04,2020-08-04,2026-07-13,,,DIGITAL_ICT,True,6.0,True,0,77.23390275952694,,,,broad
20-31457,NAME:angers loire metropole,NAME_FALLBACK,2020-03-04,2020-08-26,2020-12-26,2026-07-13,30,30197,DIGITAL_ICT,True,4.0,True,0,76.28120893561103,,,,broad
20-32737,SIRET:23440003400026,RAW_SIRET,2020-03-05,2021-01-02,2021-07-02,2026-07-13,72,72212,DIGITAL_ICT,True,6.0,True,1,18.65965834428384,21-126684,0.36301173394741,POTENTIAL,broad
20-35774,NAME:conseil departemental loire-atlantique,NAME_FALLBACK,2020-03-11,2020-11-26,2021-05-26,2026-07-13,72,72600,DIGITAL_ICT,True,6.0,True,1,14.98028909329829,21-77546,0.5336819229707408,HIGH,broad
20-35779,SIRET:22850001300658,RAW_SIRET,2020-03-11,2020-08-14,2020-12-14,2026-07-13,50,50312,DIGITAL_ICT,True,4.0,True,1,8.541392904073588,20-144067,0.4502661617277157,MEDIUM,broad
20-37940,NAME:nantes metropole,NAME_FALLBACK,2020-03-14,2020-03-14,2020-08-14,2026-07-13,79,79132,DIGITAL_ICT,True,5.0,True,1,4.1721419185282524,20-91517,0.3497117528161892,POTENTIAL,broad
20-40507,NAME:ctre hosp universitaire angers,NAME_FALLBACK,2020-03-17,2020-03-17,2020-07-17,2026-07-13,50,50324,DIGITAL_ICT,True,4.0,True,1,2.7923784494086727,20-74255,0.9093539202803328,HIGH,broad
20-32603,NAME:departement de la mayenne,NAME_FALLBACK,2020-03-03,2020-03-03,2020-09-03,2026-07-13,,,DIGITAL_ICT,True,6.0,True,1,0.5256241787122208,20-42809,0.4600394218134033,MEDIUM,broad
20-35694,NAME:universite de nantes,NAME_FALLBACK,2020-03-09,2020-05-25,2020-11-25,2026-07-13,,,DIGITAL_ICT,True,6.0,True,1,9.264126149802893,20-152526,0.3774170171438199,MEDIUM,broad
20-36881,NAME:vendee grand littoral,NAME_FALLBACK,2020-03-11,2020-03-11,2020-09-11,2026-07-13,,,DIGITAL_ICT,True,6.0,True,1,0.6241787122207622,20-46786,0.394409765349502,MEDIUM,broad
20-45001,SIRET:45151864100035,RAW_SIRET,2020-03-27,2020-06-13,2020-10-13,2026-07-13,32,32221,DIGITAL_ICT,True,4.0,True,1,3.4822601839684624,20-88562,0.4657851014936198,MEDIUM,broad
20-35528,NAME:mauges communaute,NAME_FALLBACK,2020-03-09,2020-08-03,2021-02-03,2026-07-13,,,DIGITAL_ICT,True,6.0,True,0,76.11695137976346,,,,broad
20-46786,NAME:vendee grand littoral,NAME_FALLBACK,2020-03-30,2020-03-30,2020-09-30,2026-07-13,,,DIGITAL_ICT,True,6.0,True,0,75.42706964520367,,,,broad
20-38676,NAME:commune de nantes,NAME_FALLBACK,2020-03-15,2020-03-15,2020-09-15,2026-07-13,48,48000,DIGITAL_ICT,True,6.0,True,1,6.274638633377135,20-115620,0.3152836826420102,MEDIUM,broad
20-32203,NAME:nantes metropole,NAME_FALLBACK,2020-03-06,2020-03-06,2020-09-06,2026-07-13,72,72227,DIGITAL_ICT,True,6.0,True,1,10.446780551905388,21-7561,0.4594399193447939,POTENTIAL,broad
20-42809,NAME:departement de la mayenne,NAME_FALLBACK,2020-03-19,2020-03-19,2020-08-19,2026-07-13,79,79933,DIGITAL_ICT,True,5.0,True,0,75.78843626806834,,,,broad
20-34799,NAME:ecole nationale superieure maritime,NAME_FALLBACK,2020-03-08,2020-03-08,2020-09-08,2026-07-13,48,48190,DIGITAL_ICT,True,6.0,True,0,76.14980289093299,,,,broad
20-28749,NAME:commune de nantes,NAME_FALLBACK,2020-03-11,2020-03-11,2020-07-11,2026-07-13,32,32323,DIGITAL_ICT,True,4.0,True,1,4.467805519053877,20-93913,0.4669393184176972,MEDIUM,broad
20-31844,NAME:universite de nantes,NAME_FALLBACK,2020-03-04,2020-06-17,2020-12-17,2026-07-13,72,72261,DIGITAL_ICT,True,6.0,True,1,11.268068331143231,21-19011,0.4240599714594309,MEDIUM,broad
20-38453,NAME:laval agglomeration,NAME_FALLBACK,2020-03-15,2020-07-02,2020-11-02,2026-07-13,30,30121,DIGITAL_ICT,True,4.0,True,0,75.91984231274638,,,,broad
20-34392,NAME:nantes metropole,NAME_FALLBACK,2020-03-11,2020-03-11,2020-09-11,2026-07-13,72,72250,DIGITAL_ICT,True,6.0,True,1,1.4126149802890933,20-54283,0.7669973718791063,HIGH,broad
20-37796,NAME:communaute d agglomeration du niortais,NAME_FALLBACK,2020-03-12,2020-03-12,2020-09-12,2026-07-13,72,72267,DIGITAL_ICT,True,6.0,True,1,10.808147174770038,21-16407,0.4605550329533279,POTENTIAL,broad
20-39206,NAME:ctre hosp universitaire angers,NAME_FALLBACK,2020-03-16,2020-03-16,2020-07-16,2026-07-13,50,50324,DIGITAL_ICT,True,4.0,True,1,2.8252299605781865,20-74255,0.9107227332457292,HIGH,broad
20-58079,SIRET:22850001300658,RAW_SIRET,2020-04-30,2020-10-03,2021-03-03,2026-07-13,79,79512,DIGITAL_ICT,True,5.0,True,0,74.40867279894876,,,,broad
20-56877,NAME:ville d ecouflant,NAME_FALLBACK,2020-04-24,2020-04-24,2020-08-24,2026-07-13,32,32323,DIGITAL_ICT,True,4.0,True,0,74.60578186596584,,,,broad
20-48471,NAME:sonadev gie,NAME_FALLBACK,2020-04-03,2020-04-03,2020-10-03,2026-07-13,,,DIGITAL_ICT,True,6.0,True,0,75.29566360052563,,,,broad
20-45942,SIRET:22490001900015,RAW_SIRET,2020-04-12,2020-08-02,2020-12-02,2026-07-13,30,30192,DIGITAL_ICT,True,4.0,True,0,75.0,,,,broad
20-47300,SIRET:19490970100303,RAW_SIRET,2020-04-02,2020-10-14,2021-04-14,2026-07-13,48,48730,DIGITAL_ICT,True,6.0,True,0,75.32851511169514,,,,broad
20-47918,NAME:oniris,NAME_FALLBACK,2020-04-04,2020-08-05,2020-12-05,2026-07-13,30,30120,DIGITAL_ICT,True,4.0,True,0,75.26281208935612,,,,broad
20-52846,NAME:sdis de la mayenne,NAME_FALLBACK,2020-04-17,2020-12-12,2021-05-12,2026-07-13,35,35110,DIGITAL_ICT,True,5.0,True,0,74.83574244415243,,,,broad
20-54283,NAME:nantes metropole,NAME_FALLBACK,2020-04-23,2020-04-23,2020-10-23,2026-07-13,72,72250,DIGITAL_ICT,True,6.0,True,1,0.9526938239159,20-66643,0.4067512979802078,POTENTIAL,broad
20-53038,NAME:ville de thouare-sur-loire,NAME_FALLBACK,2020-04-16,2020-04-16,2020-08-16,2026-07-13,30,30230,DIGITAL_ICT,True,4.0,True,0,74.86859395532194,,,,broad
20-49879,NAME:vendee eau,NAME_FALLBACK,2020-04-07,2020-04-07,2020-09-07,2026-07-13,38,38221,DIGITAL_ICT,True,5.0,True,1,0.8869908015768725,20-59788,0.7875295663600526,HIGH,broad
20-48491,NAME:ville de saumur,NAME_FALLBACK,2020-04-03,2020-04-03,2020-10-03,2026-07-13,,,DIGITAL_ICT,True,6.0,True,0,75.29566360052563,,,,broad
20-51762,NAME:srd,NAME_FALLBACK,2020-04-18,2020-09-19,2021-03-19,2026-07-13,72,72514,DIGITAL_ICT,True,6.0,True,0,74.80289093298292,,,,broad
20-56147,NAME:commune de ombree d anjou,NAME_FALLBACK,2020-04-23,2020-04-23,2020-08-23,2026-07-13,32,32400,DIGITAL_ICT,True,4.0,True,0,74.63863337713535,,,,broad
20-50348,NAME:cte de communes de la region de blain,NAME_FALLBACK,2020-04-08,2020-08-14,2021-02-14,2026-07-13,72,72000,DIGITAL_ICT,True,6.0,True,1,9.625492772667542,21-11865,0.6486539089871541,HIGH,broad
20-50911,NAME:sdis 44,NAME_FALLBACK,2020-04-11,2020-08-08,2021-02-08,2026-07-13,48,48820,DIGITAL_ICT,True,6.0,True,1,11.202365308804204,21-36555,0.3196528311955271,MEDIUM,broad
20-49949,NAME:nantes metropole,NAME_FALLBACK,2020-04-30,2020-10-15,2021-04-15,2026-07-13,48,48822,DIGITAL_ICT,True,6.0,True,1,11.498028909329827,21-48340,0.3643150913755585,POTENTIAL,broad
20-47343,NAME:cci metropolitaine bretagne ouest,NAME_FALLBACK,2020-04-02,2020-04-02,2020-10-02,2026-07-13,48,48100,DIGITAL_ICT,True,6.0,True,0,75.32851511169514,,,,broad
20-52194,NAME:mairie de coueron,NAME_FALLBACK,2020-04-14,2020-04-14,2020-10-14,2026-07-13,,,DIGITAL_ICT,True,6.0,True,0,74.93429697766098,,,,broad
20-47774,NAME:mauges communaute,NAME_FALLBACK,2020-04-01,2020-08-03,2021-02-03,2026-07-13,,,DIGITAL_ICT,True,6.0,True,0,75.36136662286465,,,,broad
20-54010,NAME:adoma,NAME_FALLBACK,2020-04-19,2020-04-19,2020-08-19,2026-07-13,32,32344,DIGITAL_ICT,True,4.0,True,0,74.77003942181341,,,,broad
20-54626,NAME:reseau canope,NAME_FALLBACK,2020-04-22,2020-04-22,2020-10-22,2026-07-13,48,48445,DIGITAL_ICT,True,6.0,True,0,74.67148488830486,,,,broad
20-47606,NAME:ch le mans,NAME_FALLBACK,2020-04-01,2020-04-01,2020-10-01,2026-07-13,44,44522,DIGITAL_ICT,True,6.0,True,1,5.7490144546649145,20-115241,0.318606713931965,POTENTIAL,broad
20-49221,SIRET:22850001300658,RAW_SIRET,2020-04-08,2020-11-29,2021-05-29,2026-07-13,72,72262,DIGITAL_ICT,True,6.0,True,1,8.409986859395532,20-155309,0.358101346651843,MEDIUM,broad
20-50446,NAME:chu de nantes,NAME_FALLBACK,2020-04-10,2021-02-10,2021-08-10,2026-07-13,72,72000,DIGITAL_ICT,True,6.0,True,1,16.327201051248355,21-113953,0.3644624933759337,POTENTIAL,broad
20-48669,NAME:ville d orvault,NAME_FALLBACK,2020-04-03,2020-04-03,2020-10-03,2026-07-13,72,72322,DIGITAL_ICT,True,6.0,True,0,75.29566360052563,,,,broad
20-68352,NAME:conseil departemental loire-atlantique,NAME_FALLBACK,2020-05-28,2020-05-28,2020-11-28,2026-07-13,72,72611,DIGITAL_ICT,True,6.0,True,1,3.7779237844940874,20-114714,0.5207974157488399,HIGH,broad
20-47368,NAME:angers loire metropole,NAME_FALLBACK,2020-05-26,2020-05-26,2020-11-26,2026-07-13,71,71351,DIGITAL_ICT,True,6.0,True,0,73.5545335085414,,,,broad
20-68370,NAME:synd dep d energie et d eqpt de vendee,NAME_FALLBACK,2020-05-26,2020-05-26,2020-11-26,2026-07-13,72,72316,DIGITAL_ICT,True,6.0,True,0,73.5545335085414,,,,broad
20-63872,NAME:ville de morlaix,NAME_FALLBACK,2020-05-14,2020-05-14,2020-11-14,2026-07-13,,,DIGITAL_ICT,True,6.0,True,0,73.94875164257556,,,,broad
20-60923,SIRET:45151864100035,RAW_SIRET,2020-05-08,2021-02-18,2021-06-18,2026-07-13,32,32342,DIGITAL_ICT,True,4.0,True,0,74.14586070959264,,,,broad
20-57925,NAME:la roche-sur-yon agglomeration,NAME_FALLBACK,2020-05-07,2020-10-03,2021-02-03,2026-07-13,32,32522,DIGITAL_ICT,True,4.0,True,1,8.081471747700395,20-158667,0.294114497996472,MEDIUM,broad
20-65753,SIRET:23440003400026,RAW_SIRET,2020-05-20,2020-08-05,2021-02-05,2026-07-13,48,48810,DIGITAL_ICT,True,6.0,True,1,3.8107752956636,20-111698,0.4530043771605851,MEDIUM,broad
20-59913,NAME:conseil departemental loire-atlantique,NAME_FALLBACK,2020-05-04,2020-05-04,2020-11-04,2026-07-13,72,72268,DIGITAL_ICT,True,6.0,True,1,4.040735873850197,20-107502,0.3554589187409598,POTENTIAL,broad
19-127477,NAME:angers loire metropole,NAME_FALLBACK,2020-05-02,2021-03-20,2021-09-20,2026-07-13,72,72212,DIGITAL_ICT,True,6.0,True,1,13.76478318002628,21-83160,0.3151913784665484,POTENTIAL,broad
20-62727,NAME:chu de nantes,NAME_FALLBACK,2020-05-14,2021-01-24,2021-07-24,2026-07-13,72,72318,DIGITAL_ICT,True,6.0,True,1,15.210249671484888,21-113953,0.3372058037606931,POTENTIAL,broad
20-65717,NAME:association e-toile,NAME_FALLBACK,2020-05-20,2020-05-20,2020-11-20,2026-07-13,72,72000,DIGITAL_ICT,True,6.0,True,0,73.75164257555848,,,,broad
20-66643,NAME:nantes metropole,NAME_FALLBACK,2020-05-22,2020-05-22,2020-11-22,2026-07-13,72,72250,DIGITAL_ICT,True,6.0,True,1,7.917214191852825,21-7561,0.4571207927403291,POTENTIAL,broad
20-68923,NAME:chu de nantes,NAME_FALLBACK,2020-05-29,2020-05-29,2020-11-29,2026-07-13,72,72321,DIGITAL_ICT,True,6.0,True,1,4.106438896189225,20-118996,0.3030625073231905,POTENTIAL,broad
20-70265,SIRET:22850001300658,RAW_SIRET,2020-05-31,2020-11-26,2021-04-26,2026-07-13,35,35261,DIGITAL_ICT,True,5.0,True,0,73.39027595269383,,,,broad
20-61243,NAME:angers nantes opera syndicat mixte,NAME_FALLBACK,2020-05-07,2020-05-07,2020-11-07,2026-07-13,,,DIGITAL_ICT,True,6.0,True,1,4.993429697766097,20-122198,0.5717609405084199,HIGH,broad
20-63787,NAME:lycee livet,NAME_FALLBACK,2020-05-14,2020-05-14,2020-09-14,2026-07-13,30,30230,DIGITAL_ICT,True,4.0,True,0,73.94875164257556,,,,broad
20-60975,NAME:angers nantes opera syndicat mixte,NAME_FALLBACK,2020-05-19,2020-05-19,2020-11-19,2026-07-13,48,48451,DIGITAL_ICT,True,6.0,True,1,4.599211563731932,20-122198,0.645335184923663,HIGH,broad
20-59734,NAME:gpm de nantes - st nazaire,NAME_FALLBACK,2020-05-06,2020-10-01,2021-02-01,2026-07-13,30,30200,DIGITAL_ICT,True,4.0,True,0,74.21156373193166,,,,broad
20-67439,NAME:sdis 44,NAME_FALLBACK,2020-05-25,2020-05-25,2020-10-25,2026-07-13,35,35112,DIGITAL_ICT,True,5.0,True,1,9.921156373193169,21-38984,0.309884150227204,MEDIUM,broad
20-66280,NAME:angers loire metropole,NAME_FALLBACK,2020-05-28,2021-04-18,2021-10-18,2026-07-13,72,72212,DIGITAL_ICT,True,6.0,True,1,12.91064388961892,21-83160,0.2871485988333185,POTENTIAL,broad
20-70268,NAME:commune de saint nazaire,NAME_FALLBACK,2020-05-29,2020-10-01,2021-04-01,2026-07-13,72,72700,DIGITAL_ICT,True,6.0,True,0,73.45597897503285,,,,broad
20-61130,NAME:ville de bouguenais,NAME_FALLBACK,2020-05-08,2020-10-25,2021-02-25,2026-07-13,32,32400,DIGITAL_ICT,True,4.0,True,1,9.986859395532194,21-30471,0.3599115780029277,POTENTIAL,broad
20-61728,SIRET:22850001300658,RAW_SIRET,2020-05-09,2020-11-26,2021-05-26,2026-07-13,72,72212,DIGITAL_ICT,True,6.0,True,0,74.11300919842313,,,,broad
20-59788,NAME:vendee eau,NAME_FALLBACK,2020-05-04,2020-05-04,2020-10-04,2026-07-13,38,38221,DIGITAL_ICT,True,5.0,True,0,74.2772667542707,,,,broad
20-60892,NAME:angers nantes opera syndicat mixte,NAME_FALLBACK,2020-05-06,2020-05-06,2020-11-06,2026-07-13,,,DIGITAL_ICT,True,6.0,True,1,5.026281208935611,20-122198,0.5731297534738162,HIGH,broad
20-51119,NAME:ca pornic agglo pays de retz,NAME_FALLBACK,2020-05-11,2020-05-11,2020-11-11,2026-07-13,,,DIGITAL_ICT,True,6.0,True,1,5.88042049934297,20-135282,0.3888024413652645,MEDIUM,broad
20-68622,NAME:commune de nantes,NAME_FALLBACK,2020-05-27,2020-05-27,2020-11-27,2026-07-13,,,DIGITAL_ICT,True,6.0,True,0,73.52168199737189,,,,broad
20-64610,NAME:cnieg,NAME_FALLBACK,2020-05-17,2020-10-21,2021-04-21,2026-07-13,72,72220,DIGITAL_ICT,True,6.0,True,0,73.85019710906701,,,,broad
20-67250,NAME:rectorat de l academie de nantes,NAME_FALLBACK,2020-05-22,2020-05-22,2020-09-22,2026-07-13,32,32544,DIGITAL_ICT,True,4.0,True,1,4.50065703022339,20-122021,0.3183379102172889,MEDIUM,broad
20-77272,NAME:universite du maine,NAME_FALLBACK,2020-06-16,2020-10-28,2021-03-28,2026-07-13,42,42612,DIGITAL_ICT,True,5.0,True,0,72.8646517739816,,,,broad
20-79138,NAME:agce pour l enst fr a l etranger,NAME_FALLBACK,2020-06-19,2020-06-19,2020-10-19,2026-07-13,32,32410,DIGITAL_ICT,True,4.0,True,0,72.76609724047306,,,,broad
20-71610,NAME:metropole nantes metropole,NAME_FALLBACK,2020-06-07,2020-06-07,2020-12-07,2026-07-13,72,72310,DIGITAL_ICT,True,6.0,True,0,73.16031537450722,,,,broad
20-75569,NAME:crous de nantes,NAME_FALLBACK,2020-06-14,2020-11-14,2021-05-14,2026-07-13,72,72150,DIGITAL_ICT,True,6.0,True,0,72.93035479632063,,,,broad
20-72791,SIRET:88324710800011,RAW_SIRET,2020-06-07,2020-10-10,2021-04-10,2026-07-13,72,72224,DIGITAL_ICT,True,6.0,True,1,15.538764783180026,21-126360,0.7727770477441961,HIGH,broad
20-74255,NAME:ctre hosp universitaire angers,NAME_FALLBACK,2020-06-10,2020-06-10,2020-10-10,2026-07-13,50,50324,DIGITAL_ICT,True,4.0,True,0,73.06176084099869,,,,broad
20-70855,NAME:conseil regional des pays de la loire,NAME_FALLBACK,2020-06-02,2020-06-02,2020-10-02,2026-07-13,32,32353,DIGITAL_ICT,True,4.0,True,1,3.7450722733245727,20-116086,0.3006534934582012,POTENTIAL,broad
20-72017,NAME:sdis 85,NAME_FALLBACK,2020-06-04,2020-06-04,2020-11-04,2026-07-13,35,35112,DIGITAL_ICT,True,5.0,True,1,5.256241787122208,20-137315,0.3991642460665687,MEDIUM,broad
20-82730,NAME:soc publique reg abe de fontevraud,NAME_FALLBACK,2020-06-29,2020-06-29,2020-10-29,2026-07-13,30,30200,DIGITAL_ICT,True,4.0,True,0,72.43758212877792,,,,broad
20-71496,SIRET:22850001300658,RAW_SIRET,2020-06-05,2021-02-19,2021-07-19,2026-07-13,79,79980,DIGITAL_ICT,True,5.0,True,0,73.22601839684626,,,,broad
20-70680,SIRET:22490001900015,RAW_SIRET,2020-06-06,2020-08-02,2020-12-02,2026-07-13,32,32400,DIGITAL_ICT,True,4.0,True,0,73.19316688567675,,,,broad
20-72064,NAME:dir ouest,NAME_FALLBACK,2020-06-06,2020-06-06,2020-10-06,2026-07-13,32,32344,DIGITAL_ICT,True,4.0,True,0,73.19316688567675,,,,broad
20-76288,NAME:laval agglomeration,NAME_FALLBACK,2020-06-17,2020-06-17,2020-11-17,2026-07-13,35,35261,DIGITAL_ICT,True,5.0,True,0,72.8318002628121,,,,broad
20-78012,NAME:nantes metropole,NAME_FALLBACK,2020-06-18,2020-06-18,2020-12-18,2026-07-13,48,48761,DIGITAL_ICT,True,6.0,True,1,4.697766097240473,20-132336,0.3566129680244711,POTENTIAL,broad
20-70773,NAME:chu de nantes,NAME_FALLBACK,2020-06-04,2021-02-14,2021-08-14,2026-07-13,33,33696,DIGITAL_ICT,True,6.0,True,1,14.520367936925098,21-113953,0.3433362846818173,POTENTIAL,broad
20-75743,NAME:cte de communes d erdre et gesvres,NAME_FALLBACK,2020-06-12,2020-06-12,2020-12-12,2026-07-13,,,DIGITAL_ICT,True,6.0,True,0,72.99605781865966,,,,broad
20-78232,NAME:departement de maine-et-loire,NAME_FALLBACK,2020-06-18,2020-06-18,2020-12-18,2026-07-13,,,DIGITAL_ICT,True,6.0,True,0,72.79894875164257,,,,broad
20-81059,NAME:mauges communaute,NAME_FALLBACK,2020-06-24,2020-06-24,2020-12-24,2026-07-13,48,48444,DIGITAL_ICT,True,6.0,True,0,72.60183968462549,,,,broad
20-85738,NAME:le mans metropole - communaute urbaine,NAME_FALLBACK,2020-07-03,2020-11-24,2021-05-24,2026-07-13,71,71336,DIGITAL_ICT,True,6.0,True,0,72.30617608409987,,,,broad
20-89025,SIRET:20008976100015,RAW_SIRET,2020-07-12,2021-01-01,2021-06-01,2026-07-13,64,64200,DIGITAL_ICT,True,5.0,True,0,72.01051248357425,,,,broad
20-91088,SIRET:24720013200014,RAW_SIRET,2020-07-18,2021-05-23,2021-11-23,2026-07-13,48,48210,DIGITAL_ICT,True,6.0,True,1,18.561103810775293,22-16534,0.4250670328439022,MEDIUM,broad
20-85492,NAME:angers loire metropole,NAME_FALLBACK,2020-07-22,2021-01-07,2021-05-07,2026-07-13,32,32424,DIGITAL_ICT,True,4.0,True,0,71.6819973718791,,,,broad
20-93724,SIRET:13001232100050,RAW_SIRET,2020-07-24,2020-12-17,2021-06-17,2026-07-13,72,72500,DIGITAL_ICT,True,6.0,True,0,71.61629434954008,,,,broad
20-94462,NAME:ch le mans,NAME_FALLBACK,2020-07-26,2020-10-10,2021-04-10,2026-07-13,48,48210,DIGITAL_ICT,True,6.0,True,1,7.818659658344283,21-37354,0.4692106048587098,MEDIUM,broad
20-88363,NAME:departement de la mayenne,NAME_FALLBACK,2020-07-09,2020-07-09,2021-01-09,2026-07-13,72,72212,DIGITAL_ICT,True,6.0,True,1,9.32982917214192,21-51989,0.3693557250213875,POTENTIAL,broad
20-96647,SIRET:21440143200015,RAW_SIRET,2020-07-31,2020-11-06,2021-05-06,2026-07-13,48,48620,DIGITAL_ICT,True,6.0,True,0,71.38633377135348,,,,broad
20-84141,SIRET:24610066300011,RAW_SIRET,2020-07-03,2020-11-12,2021-05-12,2026-07-13,72,72514,DIGITAL_ICT,True,6.0,True,0,72.30617608409987,,,,broad
20-96600,NAME:universite de nantes,NAME_FALLBACK,2020-07-29,2020-10-16,2021-04-16,2026-07-13,72,72312,DIGITAL_ICT,True,6.0,True,1,7.391590013140604,21-32441,0.3434602186173143,POTENTIAL,broad
20-95675,NAME:departement de maine-et-loire,NAME_FALLBACK,2020-07-28,2020-07-28,2021-01-28,2026-07-13,,,DIGITAL_ICT,True,6.0,True,0,71.48488830486203,,,,broad
20-85580,NAME:communaute de communes vie et boulogne,NAME_FALLBACK,2020-07-05,2020-07-05,2021-01-05,2026-07-13,72,72514,DIGITAL_ICT,True,6.0,True,0,72.24047306176084,,,,broad
20-94120,SIRET:13001232100050,RAW_SIRET,2020-07-25,2021-02-04,2021-08-04,2026-07-13,72,72268,DIGITAL_ICT,True,6.0,True,0,71.58344283837056,,,,broad
20-95579,NAME:cte de cnes du pays d ancenis,NAME_FALLBACK,2020-07-29,2021-02-24,2021-07-24,2026-07-13,38,38221,DIGITAL_ICT,True,5.0,True,1,11.300919842312746,21-95316,0.359534134591086,MEDIUM,broad
20-86183,NAME:dragages ports,NAME_FALLBACK,2020-07-06,2020-07-06,2020-12-06,2026-07-13,35,35100,DIGITAL_ICT,True,5.0,True,0,72.20762155059133,,,,broad
20-91479,NAME:vendee eau,NAME_FALLBACK,2020-07-19,2021-01-24,2021-07-24,2026-07-13,72,72514,DIGITAL_ICT,True,6.0,True,0,71.78055190538765,,,,broad
20-93634,NAME:departement de la sarthe,NAME_FALLBACK,2020-07-22,2020-07-22,2021-01-22,2026-07-13,72,72267,DIGITAL_ICT,True,6.0,True,0,71.6819973718791,,,,broad
20-88353,NAME:chu de nantes,NAME_FALLBACK,2020-07-11,2020-07-11,2021-01-11,2026-07-13,33,33696,DIGITAL_ICT,True,6.0,True,1,6.668856767411301,21-13248,0.3313088684133046,POTENTIAL,broad
20-91517,NAME:nantes metropole,NAME_FALLBACK,2020-07-19,2021-03-06,2022-03-06,2026-07-13,80,80511,DIGITAL_ICT,True,12.0,True,1,19.97371879106439,22-39891,0.4002268830544146,POTENTIAL,broad
20-93913,NAME:commune de nantes,NAME_FALLBACK,2020-07-25,2020-07-25,2020-12-25,2026-07-13,35,35300,DIGITAL_ICT,True,5.0,True,1,6.307490144546649,21-15253,0.2946849676830773,POTENTIAL,broad
20-87459,NAME:cte de cnes du pays d ancenis,NAME_FALLBACK,2020-07-08,2020-07-08,2020-11-08,2026-07-13,30,30213,DIGITAL_ICT,True,4.0,True,0,72.1419185282523,,,,broad
20-91116,NAME:conseil departemental loire-atlantique,NAME_FALLBACK,2020-07-16,2020-07-16,2021-01-16,2026-07-13,85,85147,DIGITAL_ICT,True,6.0,True,0,71.87910643889619,,,,broad
20-91874,NAME:dragages ports,NAME_FALLBACK,2020-07-17,2020-07-17,2021-01-17,2026-07-13,72,72220,DIGITAL_ICT,True,6.0,True,0,71.84625492772668,,,,broad
20-97584,NAME:gie sesam vitale,NAME_FALLBACK,2020-07-31,2020-07-31,2021-01-31,2026-07-13,72,72700,DIGITAL_ICT,True,6.0,True,1,7.325886990801576,21-31568,0.3166162943495401,POTENTIAL,broad
20-91196,NAME:espacil habitat,NAME_FALLBACK,2020-07-19,2020-07-19,2021-01-19,2026-07-13,72,72000,DIGITAL_ICT,True,6.0,True,0,71.78055190538765,,,,broad
20-86796,NAME:nantes metropole,NAME_FALLBACK,2020-07-07,2020-07-07,2021-01-07,2026-07-13,72,72316,DIGITAL_ICT,True,6.0,True,1,1.7082785808147174,20-106651,0.5058223666703761,HIGH,broad
20-96618,NAME:ch le mans,NAME_FALLBACK,2020-07-29,2020-08-13,2021-02-13,2026-07-13,48,48611,DIGITAL_ICT,True,6.0,True,1,1.8396846254927728,20-115241,0.6115956002827738,HIGH,broad
20-87505,NAME:commune de saint nazaire,NAME_FALLBACK,2020-07-08,2020-08-24,2021-02-24,2026-07-13,,,DIGITAL_ICT,True,6.0,True,1,7.424441524310118,21-24011,0.3367575724385915,MEDIUM,broad
20-88562,SIRET:45151864100035,RAW_SIRET,2020-07-11,2021-02-12,2021-06-12,2026-07-13,32,32523,DIGITAL_ICT,True,4.0,True,0,72.04336399474376,,,,broad
20-89169,NAME:caf de la sarthe,NAME_FALLBACK,2020-07-12,2020-07-12,2020-11-12,2026-07-13,30,30237,DIGITAL_ICT,True,4.0,True,0,72.01051248357425,,,,broad
20-101410,NAME:comsopgn,NAME_FALLBACK,2020-08-15,2020-08-15,2020-12-15,2026-07-13,32,32520,DIGITAL_ICT,True,4.0,True,0,70.89356110381078,,,,broad
20-106379,NAME:universite d angers,NAME_FALLBACK,2020-08-29,2020-10-24,2021-04-24,2026-07-13,48,48821,DIGITAL_ICT,True,6.0,True,1,7.09592641261498,21-43310,0.4035773419258872,MEDIUM,broad
20-98264,NAME:nantes metropole,NAME_FALLBACK,2020-08-05,2020-08-05,2021-02-05,2026-07-13,72,72224,DIGITAL_ICT,True,6.0,True,1,5.45335085413929,21-7561,0.4653613666228646,POTENTIAL,broad
20-105702,SIRET:20007186800158,RAW_SIRET,2020-08-28,2021-02-04,2021-08-04,2026-07-13,72,72212,DIGITAL_ICT,True,6.0,True,0,70.4664914586071,,,,broad
20-97380,NAME:cci nantes saint-nazaire,NAME_FALLBACK,2020-08-01,2020-12-11,2021-06-11,2026-07-13,72,72400,DIGITAL_ICT,True,6.0,True,1,10.019710906701707,21-72712,0.6425578349554795,HIGH,broad
20-103852,NAME:ch le mans,NAME_FALLBACK,2020-08-22,2020-10-21,2021-04-21,2026-07-13,48,48450,DIGITAL_ICT,True,6.0,True,1,6.931668856767411,21-37354,0.4657827898401648,MEDIUM,broad
20-100172,NAME:communaute urbaine d alencon,NAME_FALLBACK,2020-08-07,2020-08-07,2021-02-07,2026-07-13,72,72220,DIGITAL_ICT,True,6.0,True,1,7.063074901445466,21-31971,0.3897505012787397,MEDIUM,broad
20-98214,NAME:nantes metropole,NAME_FALLBACK,2020-08-05,2020-08-05,2021-02-05,2026-07-13,72,72224,DIGITAL_ICT,True,6.0,True,1,5.45335085413929,21-7561,0.4653613666228646,POTENTIAL,broad
20-104420,NAME:commune de chemille en anjou,NAME_FALLBACK,2020-08-21,2020-08-21,2021-02-21,2026-07-13,,,DIGITAL_ICT,True,6.0,True,1,2.0696452036793693,20-131075,0.5243736311870346,HIGH,broad
20-106651,NAME:nantes metropole,NAME_FALLBACK,2020-08-28,2020-08-28,2021-02-28,2026-07-13,,,DIGITAL_ICT,True,6.0,True,1,5.223390275952694,21-13474,0.3172096748352119,POTENTIAL,broad
20-98937,SIRET:24440061000055,RAW_SIRET,2020-08-06,2021-01-07,2021-06-07,2026-07-13,35,35113,DIGITAL_ICT,True,5.0,True,0,71.1892247043364,,,,broad
20-114106,NAME:universite d angers,NAME_FALLBACK,2020-09-19,2020-09-19,2021-03-19,2026-07-13,72,72267,DIGITAL_ICT,True,6.0,True,1,5.88042049934297,21-35440,0.3089467141724741,POTENTIAL,broad
20-114632,NAME:la roche-sur-yon agglomeration,NAME_FALLBACK,2020-09-21,2020-11-02,2021-04-02,2026-07-13,22,22440,DIGITAL_ICT,True,5.0,True,1,7.227332457293035,21-55981,0.2788833454240619,POTENTIAL,broad
20-115620,NAME:commune de nantes,NAME_FALLBACK,2020-09-22,2020-09-22,2021-03-22,2026-07-13,72,72600,DIGITAL_ICT,True,6.0,True,1,4.369250985545335,21-15253,0.2802474171932785,POTENTIAL,broad
20-118393,NAME:sdis de la sarthe,NAME_FALLBACK,2020-09-28,2021-02-23,2021-08-23,2026-07-13,48,48820,DIGITAL_ICT,True,6.0,True,1,10.676741130091983,21-113588,0.3327753559776228,MEDIUM,broad
20-118247,NAME:commune de saint-herblain,NAME_FALLBACK,2020-09-30,2021-01-08,2021-07-08,2026-07-13,72,72250,DIGITAL_ICT,True,6.0,True,1,8.278580814717477,21-76512,0.6435752729174666,HIGH,broad
20-107792,NAME:com d agglo reg nazairienne estuaire,NAME_FALLBACK,2020-09-01,2021-01-12,2021-07-12,2026-07-13,72,72220,DIGITAL_ICT,True,6.0,True,0,70.33508541392904,,,,broad
20-111698,SIRET:23440003400026,RAW_SIRET,2020-09-13,2020-12-12,2021-04-12,2026-07-13,32,32412,DIGITAL_ICT,True,4.0,True,1,7.522996057818659,21-57207,0.3297038398383918,POTENTIAL,broad
20-114714,NAME:conseil departemental loire-atlantique,NAME_FALLBACK,2020-09-20,2021-02-06,2021-08-06,2026-07-13,72,72611,DIGITAL_ICT,True,6.0,True,1,8.639947437582128,21-77546,0.5400724429619234,HIGH,broad
20-116086,NAME:conseil regional des pays de la loire,NAME_FALLBACK,2020-09-24,2020-09-24,2021-03-24,2026-07-13,71,71240,DIGITAL_ICT,True,6.0,True,1,5.781865965834428,21-35651,0.3110797258668608,POTENTIAL,broad
20-111877,NAME:universite de nantes,NAME_FALLBACK,2020-09-11,2020-12-15,2021-06-15,2026-07-13,72,72268,DIGITAL_ICT,True,6.0,True,1,4.993429697766097,21-19011,0.3281499014609045,POTENTIAL,broad
20-107502,NAME:conseil departemental loire-atlantique,NAME_FALLBACK,2020-09-04,2020-09-04,2021-03-04,2026-07-13,72,72253,DIGITAL_ICT,True,6.0,True,1,6.438896189224704,21-35939,0.3553912776503096,POTENTIAL,broad
20-109382,SIRET:21440184600016,RAW_SIRET,2020-09-06,2020-12-10,2021-04-10,2026-07-13,30,30230,DIGITAL_ICT,True,4.0,True,1,5.617608409986859,21-24367,0.6282874145315446,HIGH,broad
20-115005,NAME:pole emploi pays de la loire,NAME_FALLBACK,2020-09-21,2020-09-21,2021-03-21,2026-07-13,,,DIGITAL_ICT,True,6.0,True,0,69.67805519053877,,,,broad
20-117677,NAME:conseil departemental loire-atlantique,NAME_FALLBACK,2020-09-27,2021-02-07,2021-06-07,2026-07-13,30,30230,DIGITAL_ICT,True,4.0,True,1,8.442838370565045,21-78393,0.4033978852702353,POTENTIAL,broad
20-114032,NAME:ville de carquefou,NAME_FALLBACK,2020-09-17,2020-09-17,2021-02-17,2026-07-13,35,35113,DIGITAL_ICT,True,5.0,True,1,5.223390275952694,21-25043,0.3057041256386364,MEDIUM,broad
20-115241,NAME:ch le mans,NAME_FALLBACK,2020-09-23,2021-02-18,2021-08-18,2026-07-13,48,48611,DIGITAL_ICT,True,6.0,True,1,12.877792378449408,21-139293,0.3198841806037502,POTENTIAL,broad
20-115663,NAME:nantes metropole,NAME_FALLBACK,2020-09-22,2020-09-22,2021-03-22,2026-07-13,72,72600,DIGITAL_ICT,True,6.0,True,1,3.876478318002628,21-7561,0.3143310085792281,POTENTIAL,broad
20-119246,NAME:la roche-sur-yon agglomeration,NAME_FALLBACK,2020-09-30,2020-11-02,2021-05-02,2026-07-13,,,DIGITAL_ICT,True,6.0,True,1,6.931668856767411,21-55981,0.3417348565935756,MEDIUM,broad
20-110309,SIRET:23440003400026,RAW_SIRET,2020-09-10,2021-01-24,2021-07-24,2026-07-13,72,72220,DIGITAL_ICT,True,6.0,True,1,11.695137976346912,21-116891,0.3939500632872639,POTENTIAL,broad
20-107439,NAME:centre hospitalier de laval 53,NAME_FALLBACK,2020-09-01,2020-09-01,2021-03-01,2026-07-13,,,DIGITAL_ICT,True,6.0,True,0,70.33508541392904,,,,broad
20-129474,NAME:spr pays de la loire,NAME_FALLBACK,2020-10-21,2020-10-21,2021-04-21,2026-07-13,,,DIGITAL_ICT,True,6.0,True,0,68.69250985545335,,,,broad
20-130533,NAME:communaute urbaine d alencon,NAME_FALLBACK,2020-10-23,2020-10-23,2021-10-23,2026-07-13,45,45311,DIGITAL_ICT,True,12.0,True,0,68.62680683311433,,,,broad
20-122193,NAME:la roche-sur-yon agglomeration,NAME_FALLBACK,2020-10-16,2020-10-16,2021-04-16,2026-07-13,,,DIGITAL_ICT,True,6.0,True,1,6.40604467805519,21-55981,0.4554706982497418,MEDIUM,broad
20-121660,NAME:departement de la mayenne,NAME_FALLBACK,2020-10-06,2020-10-06,2021-04-06,2026-07-13,72,72267,DIGITAL_ICT,True,6.0,True,1,6.40604467805519,21-51989,0.5968274387221892,POTENTIAL,broad
20-130599,NAME:ville d alencon,NAME_FALLBACK,2020-10-23,2020-10-23,2021-10-23,2026-07-13,45,45311,DIGITAL_ICT,True,12.0,True,0,68.62680683311433,,,,broad
20-119807,NAME:ca saumur val de loire,NAME_FALLBACK,2020-10-01,2020-10-01,2021-02-01,2026-07-13,32,32321,DIGITAL_ICT,True,4.0,True,0,69.34954007884363,,,,broad
20-120545,NAME:dir interdepartementale des rte ouest,NAME_FALLBACK,2020-10-04,2020-12-25,2021-04-25,2026-07-13,32,32560,DIGITAL_ICT,True,4.0,True,1,6.636005256241787,21-53955,0.3184322810120428,MEDIUM,broad
20-125567,NAME:conseil regional des pays de la loire,NAME_FALLBACK,2020-10-15,2021-03-21,2021-09-21,2026-07-13,48,48800,DIGITAL_ICT,True,6.0,True,1,7.194480946123521,21-67771,0.4689189786165352,MEDIUM,broad
20-124045,SIRET:23440003400026,RAW_SIRET,2020-10-11,2021-02-10,2021-08-10,2026-07-13,72,72250,DIGITAL_ICT,True,6.0,True,1,11.4323258869908,21-126684,0.67757997535735,HIGH,broad
20-130827,SIRET:37977417700016,RAW_SIRET,2020-10-25,2021-02-10,2021-08-10,2026-07-13,72,72514,DIGITAL_ICT,True,6.0,True,0,68.5611038107753,,,,broad
20-118996,NAME:chu de nantes,NAME_FALLBACK,2020-10-01,2021-02-24,2021-08-24,2026-07-13,72,72611,DIGITAL_ICT,True,6.0,True,1,4.894875164257556,21-26465,0.6001203878106143,HIGH,broad
20-122021,NAME:rectorat de l academie de nantes,NAME_FALLBACK,2020-10-06,2020-10-06,2021-02-06,2026-07-13,50,50312,DIGITAL_ICT,True,4.0,True,1,7.818659658344283,21-73723,0.5820815966863322,HIGH,broad
20-123845,NAME:commune du croisic,NAME_FALLBACK,2020-10-09,2020-10-09,2021-04-09,2026-07-13,48,48800,DIGITAL_ICT,True,6.0,True,0,69.08672798948751,,,,broad
20-131816,NAME:etablissement public foncier bretagne,NAME_FALLBACK,2020-10-29,2020-10-29,2021-02-28,2026-07-13,50,50322,DIGITAL_ICT,True,4.0,True,0,68.42969776609723,,,,broad
20-122198,NAME:angers nantes opera syndicat mixte,NAME_FALLBACK,2020-10-06,2020-10-06,2021-04-06,2026-07-13,48,48481,DIGITAL_ICT,True,6.0,True,0,69.18528252299606,,,,broad
20-126566,NAME:chambre reg agri pays de la loire,NAME_FALLBACK,2020-10-15,2020-10-15,2021-04-15,2026-07-13,72,72212,DIGITAL_ICT,True,6.0,True,0,68.88961892247043,,,,broad
20-120789,NAME:semitan,NAME_FALLBACK,2020-10-02,2020-10-02,2021-04-02,2026-07-13,72,72212,DIGITAL_ICT,True,6.0,True,1,6.438896189224704,21-51020,0.3233876470761946,POTENTIAL,broad
20-131075,NAME:commune de chemille en anjou,NAME_FALLBACK,2020-10-23,2020-10-23,2021-04-23,2026-07-13,,,DIGITAL_ICT,True,6.0,True,0,68.62680683311433,,,,broad
20-124795,NAME:sde35,NAME_FALLBACK,2020-10-12,2020-10-12,2021-04-12,2026-07-13,48,48800,DIGITAL_ICT,True,6.0,True,0,68.98817345597898,,,,broad
20-128054,NAME:communaute d agglomeration du niortais,NAME_FALLBACK,2020-10-19,2020-10-19,2021-04-19,2026-07-13,72,72000,DIGITAL_ICT,True,6.0,True,1,4.862023653088042,21-35196,0.434481841254253,MEDIUM,broad
20-135282,NAME:ca pornic agglo pays de retz,NAME_FALLBACK,2020-11-06,2020-11-06,2021-05-06,2026-07-13,48,48000,DIGITAL_ICT,True,6.0,True,0,68.16688567674113,,,,broad
20-132336,NAME:nantes metropole,NAME_FALLBACK,2020-11-08,2020-11-08,2021-05-08,2026-07-13,48,48000,DIGITAL_ICT,True,6.0,True,1,6.997371879106439,21-78352,0.6024999494789798,HIGH,broad
20-133527,SIRET:22850001300658,RAW_SIRET,2020-11-01,2021-03-26,2021-09-26,2026-07-13,72,72267,DIGITAL_ICT,True,6.0,True,0,68.3311432325887,,,,broad
20-144067,SIRET:22850001300658,RAW_SIRET,2020-11-26,2021-03-28,2021-09-28,2026-07-13,72,72315,DIGITAL_ICT,True,6.0,True,0,67.50985545335085,,,,broad
20-137315,NAME:sdis 85,NAME_FALLBACK,2020-11-11,2021-04-17,2021-08-17,2026-07-13,32,32500,DIGITAL_ICT,True,4.0,True,0,68.00262812089356,,,,broad
20-142015,SIRET:23440003400026,RAW_SIRET,2020-11-21,2020-11-21,2021-05-21,2026-07-13,72,72000,DIGITAL_ICT,True,6.0,True,1,9.32982917214192,21-116891,0.7410954762576875,HIGH,broad
20-139000,NAME:nantes metropole,NAME_FALLBACK,2020-11-27,2020-11-27,2021-05-27,2026-07-13,,,DIGITAL_ICT,True,6.0,True,1,1.7082785808147174,21-7561,0.4750987410480619,MEDIUM,broad
20-138135,SIRET:23440003400026,RAW_SIRET,2020-11-12,2021-02-28,2021-06-28,2026-07-13,32,32543,DIGITAL_ICT,True,4.0,True,1,9.625492772667542,21-116891,0.3015891613443903,POTENTIAL,broad
20-142134,NAME:nantes metropole,NAME_FALLBACK,2020-11-20,2020-11-20,2021-03-20,2026-07-13,32,32351,DIGITAL_ICT,True,4.0,True,1,6.5374507227332455,21-76634,0.3431783245245475,POTENTIAL,broad
20-134550,NAME:ville de bouguenais,NAME_FALLBACK,2020-11-03,2021-02-12,2022-02-12,2026-07-13,45,45262,DIGITAL_ICT,True,12.0,True,1,15.210249671484888,22-19299,0.3763596548577876,MEDIUM,broad
20-140005,NAME:lycee polyvalent leonard de vinci,NAME_FALLBACK,2020-11-16,2020-11-16,2021-03-16,2026-07-13,32,32321,DIGITAL_ICT,True,4.0,True,0,67.83837056504599,,,,broad
20-135543,NAME:departement de la vendee,NAME_FALLBACK,2020-11-04,2021-03-12,2021-09-12,2026-07-13,72,72212,DIGITAL_ICT,True,6.0,True,1,11.662286465177395,21-143328,0.494191093434156,POTENTIAL,broad
20-134920,NAME:semitan mandataire de nantes metropole,NAME_FALLBACK,2020-11-05,2021-05-08,2021-09-08,2026-07-13,32,32323,DIGITAL_ICT,True,4.0,True,0,68.19973718791064,,,,broad
20-136269,NAME:chu de nantes,NAME_FALLBACK,2020-11-08,2021-03-26,2021-07-26,2026-07-13,32,32324,DIGITAL_ICT,True,4.0,True,1,9.362680683311432,21-113953,0.2933722954400164,POTENTIAL,broad
20-143279,NAME:ville de nantes,NAME_FALLBACK,2020-12-08,2020-12-08,2021-06-08,2026-07-13,,,DIGITAL_ICT,True,6.0,True,0,67.11563731931669,,,,broad
20-148947,NAME:cnfpt delegation des pays de la loire,NAME_FALLBACK,2020-12-07,2020-12-07,2021-12-07,2026-07-13,80,80530,DIGITAL_ICT,True,12.0,True,0,67.1484888304862,,,,broad
20-156321,NAME:commune de saint-herblain,NAME_FALLBACK,2020-12-21,2020-12-21,2021-04-21,2026-07-13,32,32420,DIGITAL_ICT,True,4.0,True,1,3.3180026281208934,21-42297,0.4228428668085666,POTENTIAL,broad
20-155373,NAME:ca agglomeration du choletais,NAME_FALLBACK,2020-12-18,2020-12-18,2021-06-18,2026-07-13,,,DIGITAL_ICT,True,6.0,True,0,66.78712220762155,,,,broad
20-152526,NAME:universite de nantes,NAME_FALLBACK,2020-12-16,2021-06-04,2021-11-04,2026-07-13,42,42000,DIGITAL_ICT,True,5.0,True,0,66.85282522996057,,,,broad
20-153801,NAME:ccir pays de la loire,NAME_FALLBACK,2020-12-18,2021-03-07,2021-09-07,2026-07-13,48,48441,DIGITAL_ICT,True,6.0,True,0,66.78712220762155,,,,broad
20-152653,SIRET:22530001100015,RAW_SIRET,2020-12-17,2021-03-21,2021-09-21,2026-07-13,72,72222,DIGITAL_ICT,True,6.0,True,1,7.35873850197109,21-104870,0.42093353640783,POTENTIAL,broad
20-152502,NAME:chd vendee,NAME_FALLBACK,2020-12-14,2020-12-14,2021-06-14,2026-07-13,48,48000,DIGITAL_ICT,True,6.0,True,0,66.91852825229961,,,,broad
20-158264,NAME:museum national d histoire naturelle,NAME_FALLBACK,2020-12-28,2020-12-28,2021-06-28,2026-07-13,72,72314,DIGITAL_ICT,True,6.0,True,0,66.45860709592641,,,,broad
20-149342,NAME:museum national d histoire naturelle,NAME_FALLBACK,2020-12-08,2020-12-08,2021-06-08,2026-07-13,72,72314,DIGITAL_ICT,True,6.0,True,1,0.657030223390276,20-158264,0.7382522996057816,HIGH,broad
20-146391,NAME:la roche-sur-yon agglomeration,NAME_FALLBACK,2020-12-04,2020-12-04,2023-06-04,2026-07-13,66,66515,DIGITAL_ICT,True,30.0,True,0,67.24704336399475,,,,broad
20-150854,NAME:ch le mans,NAME_FALLBACK,2020-12-10,2020-12-10,2021-04-10,2026-07-13,32,32323,DIGITAL_ICT,True,4.0,True,1,2.7923784494086727,21-28963,0.3245770731182812,POTENTIAL,broad
20-150503,SIRET:22720002900014,RAW_SIRET,2020-12-11,2021-05-12,2021-09-12,2026-07-13,50,50312,DIGITAL_ICT,True,4.0,True,1,10.151116951379764,21-138241,0.3252562661202736,POTENTIAL,broad
20-153528,NAME:cte de cnes du pays d ancenis,NAME_FALLBACK,2020-12-18,2021-07-08,2022-01-08,2026-07-13,48,48000,DIGITAL_ICT,True,6.0,True,0,66.78712220762155,,,,broad
20-155309,SIRET:22850001300658,RAW_SIRET,2020-12-20,2021-04-03,2021-10-03,2026-07-13,72,72267,DIGITAL_ICT,True,6.0,True,0,66.72141918528253,,,,broad
21-5111,SIRET:20003329800015,RAW_SIRET,2021-01-15,2021-05-07,2021-09-07,2026-07-13,30,30192,DIGITAL_ICT,True,4.0,True,0,65.86727989487517,,,,broad
21-12893,SIRET:22530001100015,RAW_SIRET,2021-01-30,2021-05-12,2021-09-12,2026-07-13,30,30200,DIGITAL_ICT,True,4.0,True,1,8.968462549277266,21-145116,0.7542969776609724,HIGH,broad
21-4157,NAME:saint nazaire agglomeration tourisme,NAME_FALLBACK,2021-01-11,2021-01-11,2021-06-11,2026-07-13,35,35512,DIGITAL_ICT,True,5.0,True,1,1.6425755584756898,21-28206,0.3150190380186818,POTENTIAL,broad
21-13248,NAME:chu de nantes,NAME_FALLBACK,2021-01-30,2021-01-30,2021-06-30,2026-07-13,92,92312,DIGITAL_ICT,True,5.0,True,1,4.270696452036794,21-78563,0.2880243935961539,POTENTIAL,broad
21-7561,NAME:nantes metropole,NAME_FALLBACK,2021-01-18,2021-01-18,2021-07-18,2026-07-13,72,72227,DIGITAL_ICT,True,6.0,True,1,5.091984231274639,21-85552,0.4352378457667642,POTENTIAL,broad
21-10110,NAME:ville de laval,NAME_FALLBACK,2021-01-22,2021-01-22,2021-07-22,2026-07-13,,,DIGITAL_ICT,True,6.0,True,1,0.7884362680683311,21-21301,0.4750963644327637,MEDIUM,broad
21-11178,NAME:saint nazaire agglomeration tourisme,NAME_FALLBACK,2021-01-25,2021-01-25,2021-05-25,2026-07-13,32,32321,DIGITAL_ICT,True,4.0,True,1,1.1826544021024967,21-28206,0.5450197109067014,HIGH,broad
21-4564,NAME:ecole centrale de nantes,NAME_FALLBACK,2021-01-12,2021-01-12,2021-07-12,2026-07-13,48,48000,DIGITAL_ICT,True,6.0,True,0,65.9658344283837,,,,broad
21-11209,NAME:reseau canope,NAME_FALLBACK,2021-01-25,2021-01-25,2021-07-25,2026-07-13,72,72413,DIGITAL_ICT,True,6.0,True,0,65.53876478318003,,,,broad
20-158667,NAME:la roche-sur-yon agglomeration,NAME_FALLBACK,2021-01-08,2021-01-08,2021-05-08,2026-07-13,30,30230,DIGITAL_ICT,True,4.0,True,1,3.6465177398160313,21-55981,0.3157824857584111,MEDIUM,broad
21-8751,NAME:centre de gestion de la fonction publi,NAME_FALLBACK,2021-01-22,2021-01-22,2021-07-22,2026-07-13,72,72610,DIGITAL_ICT,True,6.0,True,0,65.63731931668856,,,,broad
21-8119,NAME:commune de nantes,NAME_FALLBACK,2021-01-22,2021-01-22,2022-01-22,2026-07-13,45,45262,DIGITAL_ICT,True,12.0,True,0,65.63731931668856,,,,broad
21-11865,NAME:cte de communes de la region de blain,NAME_FALLBACK,2021-01-26,2021-07-12,2022-01-12,2026-07-13,72,72000,DIGITAL_ICT,True,6.0,True,1,8.804204993429698,21-141238,0.5081272660589387,HIGH,broad
21-20759,NAME:arafer,NAME_FALLBACK,2021-02-12,2021-06-07,2021-12-07,2026-07-13,72,72413,DIGITAL_ICT,True,6.0,True,0,64.94743758212877,,,,broad
21-24011,NAME:commune de saint nazaire,NAME_FALLBACK,2021-02-19,2021-04-21,2021-10-21,2026-07-13,48,48219,DIGITAL_ICT,True,6.0,True,0,64.71747700394218,,,,broad
21-25617,SIRET:22720002900014,RAW_SIRET,2021-02-26,2021-06-03,2022-06-03,2026-07-13,45,45314,DIGITAL_ICT,True,12.0,True,1,13.534822601839684,22-54720,0.357454311995396,POTENTIAL,broad
21-26465,NAME:chu de nantes,NAME_FALLBACK,2021-02-27,2021-07-07,2022-01-07,2026-07-13,72,72611,DIGITAL_ICT,True,6.0,True,1,9.592641261498027,21-165631,0.2882069430444318,POTENTIAL,broad
21-13699,NAME:communaute de communes de sable,NAME_FALLBACK,2021-02-03,2021-02-03,2021-08-03,2026-07-13,48,48800,DIGITAL_ICT,True,6.0,True,1,0.2956636005256242,21-20640,0.7094420381563717,HIGH,broad
21-19011,NAME:universite de nantes,NAME_FALLBACK,2021-02-10,2021-05-03,2021-11-03,2026-07-13,72,72260,DIGITAL_ICT,True,6.0,True,0,65.01314060446781,,,,broad
21-23456,NAME:commune de nantes,NAME_FALLBACK,2021-02-19,2021-02-19,2021-06-19,2026-07-13,30,30230,DIGITAL_ICT,True,4.0,True,0,64.71747700394218,,,,broad
21-25043,NAME:ville de carquefou,NAME_FALLBACK,2021-02-23,2021-06-17,2021-10-17,2026-07-13,32,32342,DIGITAL_ICT,True,4.0,True,0,64.58607095926412,,,,broad
21-13474,NAME:nantes metropole,NAME_FALLBACK,2021-02-03,2021-05-16,2021-11-16,2026-07-13,72,72260,DIGITAL_ICT,True,6.0,True,1,9.494086727989488,21-153479,0.3573376966987561,POTENTIAL,broad
21-23641,NAME:universite d angers,NAME_FALLBACK,2021-02-19,2021-03-16,2021-07-16,2026-07-13,32,32415,DIGITAL_ICT,True,4.0,True,1,0.8541392904073587,21-35440,0.5786197663743211,HIGH,broad
21-24037,NAME:departement de la mayenne,NAME_FALLBACK,2021-02-19,2021-02-19,2021-08-19,2026-07-13,,,DIGITAL_ICT,True,6.0,True,1,6.340341655716163,21-117209,0.3269765872277398,MEDIUM,broad
21-16505,NAME:conseil regional des pays de la loire,NAME_FALLBACK,2021-02-06,2021-08-04,2022-02-04,2026-07-13,72,72315,DIGITAL_ICT,True,6.0,True,1,11.662286465177395,22-13142,0.4102818889485651,MEDIUM,broad
21-16248,NAME:ifth,NAME_FALLBACK,2021-02-04,2021-02-04,2021-08-04,2026-07-13,72,72230,DIGITAL_ICT,True,6.0,True,0,65.21024967148489,,,,broad
21-17328,NAME:universite d angers,NAME_FALLBACK,2021-02-05,2021-03-16,2021-07-16,2026-07-13,32,32415,DIGITAL_ICT,True,4.0,True,1,0.4599211563731931,21-23641,0.7587844940867281,HIGH,broad
21-24515,NAME:ifth,NAME_FALLBACK,2021-02-22,2021-02-22,2021-06-22,2026-07-13,30,30230,DIGITAL_ICT,True,4.0,True,1,0.7227332457293035,21-35279,0.8258563293911518,HIGH,broad
21-22700,SIRET:11000601200014,RAW_SIRET,2021-02-19,2022-01-16,2022-07-16,2026-07-13,72,72000,DIGITAL_ICT,True,6.0,True,0,64.71747700394218,,,,broad
21-24367,SIRET:21440184600016,RAW_SIRET,2021-02-24,2022-02-04,2022-06-04,2026-07-13,30,30230,DIGITAL_ICT,True,4.0,True,1,16.327201051248355,22-94408,0.3139377832511821,MEDIUM,broad
21-26779,SIRET:23440003400026,RAW_SIRET,2021-02-28,2021-12-03,2022-06-03,2026-07-13,72,72250,DIGITAL_ICT,True,6.0,True,1,14.520367936925098,22-69952,0.392877102250331,POTENTIAL,broad
21-23643,NAME:vendee habitat - oph de vendee,NAME_FALLBACK,2021-02-19,2021-02-19,2021-08-19,2026-07-13,48,48000,DIGITAL_ICT,True,6.0,True,0,64.71747700394218,,,,broad
21-25169,NAME:orchestre national des pays de la loir,NAME_FALLBACK,2021-02-23,2021-02-23,2021-08-23,2026-07-13,48,48450,DIGITAL_ICT,True,6.0,True,0,64.58607095926412,,,,broad
21-16407,NAME:communaute d agglomeration du niortais,NAME_FALLBACK,2021-02-04,2021-02-04,2021-08-04,2026-07-13,72,72267,DIGITAL_ICT,True,6.0,True,1,4.862023653088042,21-89893,0.3528679792743243,MEDIUM,broad
21-21301,NAME:ville de laval,NAME_FALLBACK,2021-02-15,2021-02-15,2021-08-15,2026-07-13,,,DIGITAL_ICT,True,6.0,True,0,64.84888304862024,,,,broad
21-15299,NAME:chu de nantes,NAME_FALLBACK,2021-02-04,2021-02-04,2021-08-04,2026-07-13,72,72212,DIGITAL_ICT,True,6.0,True,1,6.471747700394218,21-113953,0.4242926903019454,POTENTIAL,broad
21-19596,SIRET:21610001600015,RAW_SIRET,2021-02-13,2021-07-03,2022-01-03,2026-07-13,72,72400,DIGITAL_ICT,True,6.0,True,0,64.91458607095926,,,,broad
21-22622,NAME:siri 49,NAME_FALLBACK,2021-02-19,2021-06-11,2021-11-11,2026-07-13,64,64200,DIGITAL_ICT,True,5.0,True,0,64.71747700394218,,,,broad
21-14518,NAME:communaute d agglomeration du niortais,NAME_FALLBACK,2021-02-01,2021-02-01,2021-06-01,2026-07-13,32,32428,DIGITAL_ICT,True,4.0,True,1,4.960578186596584,21-89893,0.3121060234956261,MEDIUM,broad
21-14714,NAME:universite de nantes,NAME_FALLBACK,2021-02-01,2021-02-01,2021-08-01,2026-07-13,48,48000,DIGITAL_ICT,True,6.0,True,1,3.088042049934297,21-61224,0.8409132720105126,HIGH,broad
21-15253,NAME:commune de nantes,NAME_FALLBACK,2021-02-02,2021-02-02,2021-08-02,2026-07-13,,,DIGITAL_ICT,True,6.0,True,0,65.27595269382391,,,,broad
21-20640,NAME:communaute de communes de sable,NAME_FALLBACK,2021-02-12,2021-02-12,2021-08-12,2026-07-13,48,48800,DIGITAL_ICT,True,6.0,True,0,64.94743758212877,,,,broad
21-23645,NAME:semitan,NAME_FALLBACK,2021-02-19,2021-02-19,2021-08-19,2026-07-13,48,48952,DIGITAL_ICT,True,6.0,True,1,1.8396846254927728,21-51020,0.7888983793254489,HIGH,broad
21-29866,NAME:conseil departemental loire-atlantique,NAME_FALLBACK,2021-03-07,2021-07-01,2021-11-01,2026-07-13,30,30122,DIGITAL_ICT,True,4.0,True,0,64.19185282522996,,,,broad
21-35279,NAME:ifth,NAME_FALLBACK,2021-03-16,2021-03-16,2021-07-16,2026-07-13,30,30230,DIGITAL_ICT,True,4.0,True,0,63.89618922470434,,,,broad
21-36555,NAME:sdis 44,NAME_FALLBACK,2021-03-18,2021-03-18,2021-09-18,2026-07-13,48,48450,DIGITAL_ICT,True,6.0,True,0,63.83048620236531,,,,broad
21-28436,SIRET:20006895500018,RAW_SIRET,2021-03-04,2021-07-09,2021-11-09,2026-07-13,30,30200,DIGITAL_ICT,True,4.0,True,0,64.2904073587385,,,,broad
21-28206,NAME:saint nazaire agglomeration tourisme,NAME_FALLBACK,2021-03-02,2021-03-02,2021-09-02,2026-07-13,31,31500,DIGITAL_ICT,True,6.0,True,0,64.35611038107753,,,,broad
21-34147,NAME:ville de bouguenais,NAME_FALLBACK,2021-03-15,2021-06-03,2022-06-03,2026-07-13,45,45331,DIGITAL_ICT,True,12.0,True,1,17.1484888304862,22-113250,0.3098896271619588,MEDIUM,broad
21-40444,NAME:ville de saint sebastien sur loire,NAME_FALLBACK,2021-03-25,2021-03-25,2021-09-25,2026-07-13,72,72267,DIGITAL_ICT,True,6.0,True,1,8.04862023653088,21-154866,0.5292030007762438,HIGH,broad
21-36205,NAME:conseil departemental loire-atlantique,NAME_FALLBACK,2021-03-20,2021-03-20,2021-09-20,2026-07-13,72,72000,DIGITAL_ICT,True,6.0,True,1,1.149802890932983,21-53968,0.545623818376014,HIGH,broad
21-37354,NAME:ch le mans,NAME_FALLBACK,2021-03-21,2021-09-03,2022-03-03,2026-07-13,48,48219,DIGITAL_ICT,True,6.0,True,1,11.826544021024969,22-39260,0.3569263195713725,MEDIUM,broad
21-42540,NAME:ville de bouguenais,NAME_FALLBACK,2021-03-30,2021-06-18,2022-06-18,2026-07-13,45,45262,DIGITAL_ICT,True,12.0,True,1,16.655716162943495,22-113250,0.3341993824322716,MEDIUM,broad
21-40300,NAME:unicancer achats,NAME_FALLBACK,2021-03-27,2021-03-27,2021-07-27,2026-07-13,30,30230,DIGITAL_ICT,True,4.0,True,0,63.534822601839686,,,,broad
21-35196,NAME:communaute d agglomeration du niortais,NAME_FALLBACK,2021-03-16,2021-03-16,2021-09-16,2026-07-13,72,72500,DIGITAL_ICT,True,6.0,True,1,3.54796320630749,21-89893,0.6752811291665493,HIGH,broad
21-35440,NAME:universite d angers,NAME_FALLBACK,2021-03-17,2021-04-30,2021-08-30,2026-07-13,32,32415,DIGITAL_ICT,True,4.0,True,1,10.939553219448094,22-22098,0.3822107845096592,MEDIUM,broad
21-36213,NAME:communaute communes parthenay-gatine,NAME_FALLBACK,2021-03-18,2021-03-18,2021-09-18,2026-07-13,48,48800,DIGITAL_ICT,True,6.0,True,0,63.83048620236531,,,,broad
21-37472,NAME:podeliha,NAME_FALLBACK,2021-03-19,2021-03-19,2021-09-19,2026-07-13,48,48000,DIGITAL_ICT,True,6.0,True,0,63.797634691195796,,,,broad
21-32692,SIRET:45405749800031,RAW_SIRET,2021-03-13,2021-03-13,2021-09-13,2026-07-13,72,72611,DIGITAL_ICT,True,6.0,True,0,63.99474375821288,,,,broad
21-35651,NAME:conseil regional des pays de la loire,NAME_FALLBACK,2021-03-19,2021-03-19,2021-09-19,2026-07-13,72,72246,DIGITAL_ICT,True,6.0,True,1,6.471747700394218,21-130956,0.3977397180335651,POTENTIAL,broad
21-35939,NAME:conseil departemental loire-atlantique,NAME_FALLBACK,2021-03-19,2021-03-19,2021-09-19,2026-07-13,72,72514,DIGITAL_ICT,True,6.0,True,1,2.759526938239159,21-78393,0.5747705207162073,HIGH,broad
21-31336,NAME:com d agglo reg nazairienne estuaire,NAME_FALLBACK,2021-03-09,2021-10-22,2022-04-22,2026-07-13,71,71356,DIGITAL_ICT,True,6.0,True,0,64.12614980289094,,,,broad
21-30471,NAME:ville de bouguenais,NAME_FALLBACK,2021-03-08,2021-06-03,2022-06-03,2026-07-13,45,45331,DIGITAL_ICT,True,12.0,True,1,17.378449408672797,22-113250,0.3098896271619588,MEDIUM,broad
21-32441,NAME:universite de nantes,NAME_FALLBACK,2021-03-11,2021-06-02,2021-12-02,2026-07-13,,,DIGITAL_ICT,True,6.0,True,0,64.0604467805519,,,,broad
21-42527,NAME:universite de nantes,NAME_FALLBACK,2021-03-30,2021-06-02,2021-11-02,2026-07-13,79,79419,DIGITAL_ICT,True,5.0,True,0,63.436268068331145,,,,broad
21-27874,SIRET:24720013200014,RAW_SIRET,2021-03-03,2021-05-23,2021-11-23,2026-07-13,72,72250,DIGITAL_ICT,True,6.0,True,1,8.278580814717477,21-148611,0.3322054314498467,POTENTIAL,broad
21-30450,NAME:crdc le lieu unique,NAME_FALLBACK,2021-03-11,2021-03-11,2021-07-11,2026-07-13,32,32351,DIGITAL_ICT,True,4.0,True,0,64.0604467805519,,,,broad
21-37673,NAME:ville de nantes,NAME_FALLBACK,2021-03-24,2021-03-24,2021-08-24,2026-07-13,79,79415,DIGITAL_ICT,True,5.0,True,0,63.633377135348226,,,,broad
21-31568,NAME:gie sesam vitale,NAME_FALLBACK,2021-03-11,2021-03-11,2021-09-11,2026-07-13,72,72267,DIGITAL_ICT,True,6.0,True,1,3.7779237844940874,21-91773,0.3355519053876478,POTENTIAL,broad
21-41109,NAME:ville de nantes,NAME_FALLBACK,2021-03-26,2021-03-26,2021-09-26,2026-07-13,,,DIGITAL_ICT,True,6.0,True,1,6.208935611038108,21-129937,0.3331559351730179,MEDIUM,broad
21-39936,NAME:mairie de saint etienne de montluc,NAME_FALLBACK,2021-03-27,2021-06-30,2021-10-30,2026-07-13,32,32323,DIGITAL_ICT,True,4.0,True,0,63.534822601839686,,,,broad
21-31971,NAME:communaute urbaine d alencon,NAME_FALLBACK,2021-03-10,2021-03-10,2021-07-10,2026-07-13,50,50312,DIGITAL_ICT,True,4.0,True,0,64.09329829172142,,,,broad
21-38984,NAME:sdis 44,NAME_FALLBACK,2021-03-23,2021-03-23,2021-08-23,2026-07-13,35,35113,DIGITAL_ICT,True,5.0,True,0,63.66622864651774,,,,broad
21-42477,NAME:ville de laval,NAME_FALLBACK,2021-03-30,2021-03-30,2021-09-30,2026-07-13,,,DIGITAL_ICT,True,6.0,True,0,63.436268068331145,,,,broad
21-29764,NAME:montrevault-sur-evre,NAME_FALLBACK,2021-03-05,2021-03-05,2021-09-05,2026-07-13,,,DIGITAL_ICT,True,6.0,True,0,64.257555847569,,,,broad
21-28963,NAME:ch le mans,NAME_FALLBACK,2021-03-05,2022-01-21,2022-05-21,2026-07-13,32,32500,DIGITAL_ICT,True,4.0,True,1,14.421813403416555,22-69458,0.4522404609240113,POTENTIAL,broad
21-29818,SIRET:52926090300016,RAW_SIRET,2021-03-07,2021-05-13,2021-09-13,2026-07-13,32,32342,DIGITAL_ICT,True,4.0,True,1,11.695137976346912,22-28887,0.7727770477441962,HIGH,broad
21-44911,SIRET:27490003400019,RAW_SIRET,2021-04-04,2021-08-15,2021-12-15,2026-07-13,30,30200,DIGITAL_ICT,True,4.0,True,0,63.272010512483575,,,,broad
21-45579,NAME:nantes metropole,NAME_FALLBACK,2021-04-08,2021-04-08,2021-08-08,2026-07-13,30,30121,DIGITAL_ICT,True,4.0,True,1,3.219448094612352,21-96114,0.3497000028855375,POTENTIAL,broad
21-50635,NAME:gie sesam vitale,NAME_FALLBACK,2021-04-17,2022-04-15,2022-10-15,2026-07-13,72,72262,DIGITAL_ICT,True,6.0,True,1,19.579500657030223,22-159813,0.3015593517301795,MEDIUM,broad
21-48350,NAME:cci de region bretagne,NAME_FALLBACK,2021-04-12,2021-04-12,2021-10-12,2026-07-13,,,DIGITAL_ICT,True,6.0,True,0,63.009198423127465,,,,broad
21-55981,NAME:la roche-sur-yon agglomeration,NAME_FALLBACK,2021-04-29,2021-08-10,2022-07-10,2026-07-13,39,39130,DIGITAL_ICT,True,11.0,True,0,62.450722733245726,,,,broad
21-50004,NAME:comcom estuaire et sillon,NAME_FALLBACK,2021-04-16,2021-08-04,2022-02-04,2026-07-13,72,72500,DIGITAL_ICT,True,6.0,True,0,62.877792378449406,,,,broad
21-51104,NAME:gie sesam vitale,NAME_FALLBACK,2021-04-18,2022-04-15,2022-10-15,2026-07-13,72,72223,DIGITAL_ICT,True,6.0,True,1,19.54664914586071,22-159813,0.4588643045938742,MEDIUM,broad
21-48340,NAME:nantes metropole,NAME_FALLBACK,2021-04-15,2021-04-15,2021-08-15,2026-07-13,32,32400,DIGITAL_ICT,True,4.0,True,1,2.6609724047306176,21-92788,0.3060956876615541,POTENTIAL,broad
21-53955,NAME:dir interdepartementale des rte ouest,NAME_FALLBACK,2021-04-24,2021-09-16,2022-03-16,2026-07-13,72,72224,DIGITAL_ICT,True,6.0,True,0,62.614980289093296,,,,broad
21-53968,NAME:conseil departemental loire-atlantique,NAME_FALLBACK,2021-04-24,2021-04-24,2021-10-24,2026-07-13,72,72000,DIGITAL_ICT,True,6.0,True,0,62.614980289093296,,,,broad
21-46780,NAME:semitan,NAME_FALLBACK,2021-04-08,2021-04-08,2021-10-08,2026-07-13,75,75310,DIGITAL_ICT,True,6.0,True,0,63.14060446780552,,,,broad
21-49378,NAME:institut public ocens,NAME_FALLBACK,2021-04-13,2021-04-13,2021-08-13,2026-07-13,30,30121,DIGITAL_ICT,True,4.0,True,0,62.97634691195795,,,,broad
21-57276,NAME:syndicat mixte chere don isac,NAME_FALLBACK,2021-04-29,2021-04-29,2021-10-29,2026-07-13,,,DIGITAL_ICT,True,6.0,True,0,62.450722733245726,,,,broad
21-47236,SIRET:19753471200017,RAW_SIRET,2021-04-10,2021-04-10,2021-08-10,2026-07-13,32,32321,DIGITAL_ICT,True,4.0,True,0,63.074901445466494,,,,broad
21-49520,NAME:communaute communes parthenay-gatine,NAME_FALLBACK,2021-04-13,2021-04-13,2021-08-13,2026-07-13,32,32400,DIGITAL_ICT,True,4.0,True,0,62.97634691195795,,,,broad
21-45622,NAME:chu de nantes,NAME_FALLBACK,2021-04-08,2021-07-29,2022-01-29,2026-07-13,48,48000,DIGITAL_ICT,True,6.0,True,0,63.14060446780552,,,,broad
21-46043,NAME:conseil regional des pays de la loire,NAME_FALLBACK,2021-04-09,2021-07-09,2022-01-09,2026-07-13,72,72416,DIGITAL_ICT,True,6.0,True,1,9.625492772667542,22-13142,0.399232263501624,POTENTIAL,broad
21-57207,SIRET:23440003400026,RAW_SIRET,2021-04-30,2021-04-30,2021-09-30,2026-07-13,35,35111,DIGITAL_ICT,True,5.0,True,1,4.829172141918528,21-126684,0.3446439338245351,POTENTIAL,broad
21-44149,NAME:sdis 85,NAME_FALLBACK,2021-04-01,2021-04-01,2021-10-01,2026-07-13,72,72000,DIGITAL_ICT,True,6.0,True,0,63.370565045992116,,,,broad
21-47350,NAME:departement de la sarthe,NAME_FALLBACK,2021-04-08,2021-04-08,2021-10-08,2026-07-13,71,71335,DIGITAL_ICT,True,6.0,True,0,63.14060446780552,,,,broad
21-51020,NAME:semitan,NAME_FALLBACK,2021-04-16,2021-04-16,2021-10-16,2026-07-13,48,48952,DIGITAL_ICT,True,6.0,True,1,6.997371879106439,21-150948,0.3345416777168729,MEDIUM,broad
21-53976,NAME:departement de la mayenne,NAME_FALLBACK,2021-04-22,2021-04-22,2021-10-22,2026-07-13,72,72267,DIGITAL_ICT,True,6.0,True,1,8.771353482260183,22-7862,0.3218545498791911,POTENTIAL,broad
21-54745,NAME:universite de nantes,NAME_FALLBACK,2021-04-23,2021-07-09,2022-01-09,2026-07-13,85,85311,DIGITAL_ICT,True,6.0,True,0,62.647831800262814,,,,broad
21-43310,NAME:universite d angers,NAME_FALLBACK,2021-04-02,2021-12-22,2022-06-22,2026-07-13,48,48814,DIGITAL_ICT,True,6.0,True,0,63.337713534822605,,,,broad
21-44088,NAME:communaute de communes de sable,NAME_FALLBACK,2021-04-04,2021-06-23,2021-11-23,2026-07-13,35,35113,DIGITAL_ICT,True,5.0,True,0,63.272010512483575,,,,broad
21-54966,SIRET:25440253000029,RAW_SIRET,2021-04-25,2021-04-25,2021-10-25,2026-07-13,72,72500,DIGITAL_ICT,True,6.0,True,1,9.067017082785808,22-11807,0.3082554677087179,MEDIUM,broad
21-51989,NAME:departement de la mayenne,NAME_FALLBACK,2021-04-19,2021-04-19,2021-10-19,2026-07-13,72,72267,DIGITAL_ICT,True,6.0,True,1,0.0985545335085413,21-53976,0.3891050837980722,POTENTIAL,broad
21-52732,NAME:ars pays de la loire,NAME_FALLBACK,2021-04-20,2021-04-20,2021-08-20,2026-07-13,32,32232,DIGITAL_ICT,True,4.0,True,0,62.746386333771355,,,,broad
21-42297,NAME:commune de saint-herblain,NAME_FALLBACK,2021-04-01,2021-08-05,2021-12-05,2026-07-13,32,32342,DIGITAL_ICT,True,4.0,True,1,8.04862023653088,21-157863,0.3841804321602061,MEDIUM,broad
21-45078,NAME:siri 49,NAME_FALLBACK,2021-04-04,2021-12-08,2022-06-08,2026-07-13,48,48822,DIGITAL_ICT,True,6.0,True,0,63.272010512483575,,,,broad
21-51441,SIRET:37977417700016,RAW_SIRET,2021-04-18,2021-04-18,2021-10-18,2026-07-13,72,72000,DIGITAL_ICT,True,6.0,True,0,62.812089356110384,,,,broad
21-51620,NAME:conseil departemental loire-atlantique,NAME_FALLBACK,2021-04-18,2021-04-18,2021-10-18,2026-07-13,72,72500,DIGITAL_ICT,True,6.0,True,0,62.812089356110384,,,,broad
21-57326,NAME:departement de maine-et-loire,NAME_FALLBACK,2021-04-29,2021-04-29,2021-10-29,2026-07-13,,,DIGITAL_ICT,True,6.0,True,1,0.8541392904073587,21-69523,0.4710532192075096,MEDIUM,broad
21-60810,NAME:mairie de coueron,NAME_FALLBACK,2021-05-05,2021-05-05,2021-09-05,2026-07-13,32,32424,DIGITAL_ICT,True,4.0,True,0,62.253613666228645,,,,broad
21-61224,NAME:universite de nantes,NAME_FALLBACK,2021-05-06,2021-05-06,2021-11-06,2026-07-13,48,48000,DIGITAL_ICT,True,6.0,True,1,2.2010512483574245,21-96695,0.4857821779190568,MEDIUM,broad
21-68348,SIRET:18007003900557,RAW_SIRET,2021-05-22,2022-02-10,2022-06-10,2026-07-13,32,32232,DIGITAL_ICT,True,4.0,True,0,61.69513797634691,,,,broad
21-62119,NAME:mairie de blain,NAME_FALLBACK,2021-05-09,2021-09-23,2022-03-23,2026-07-13,48,48000,DIGITAL_ICT,True,6.0,True,0,62.122207621550594,,,,broad
21-64504,SIRET:26530023600014,RAW_SIRET,2021-05-14,2021-12-16,2022-06-16,2026-07-13,48,48000,DIGITAL_ICT,True,6.0,True,0,61.957950065703024,,,,broad
21-69124,NAME:conseil departemental loire-atlantique,NAME_FALLBACK,2021-05-23,2021-05-23,2021-10-23,2026-07-13,35,35113,DIGITAL_ICT,True,5.0,True,0,61.662286465177395,,,,broad
21-66086,NAME:regie dept passages d eau de vendee,NAME_FALLBACK,2021-05-17,2021-05-17,2021-11-17,2026-07-13,72,72600,DIGITAL_ICT,True,6.0,True,1,4.730617608409987,21-135182,0.3168604441344443,MEDIUM,broad
21-62138,NAME:conseil regional des pays de la loire,NAME_FALLBACK,2021-05-07,2021-05-07,2021-10-07,2026-07-13,35,35111,DIGITAL_ICT,True,5.0,True,1,4.862023653088042,21-130956,0.3091393756837541,POTENTIAL,broad
21-69523,NAME:departement de maine-et-loire,NAME_FALLBACK,2021-05-25,2021-05-25,2021-11-25,2026-07-13,,,DIGITAL_ICT,True,6.0,True,1,6.208935611038108,21-156075,0.3343723374464317,POTENTIAL,broad
21-60721,NAME:nantes metropole,NAME_FALLBACK,2021-05-05,2021-05-05,2021-11-05,2026-07-13,,,DIGITAL_ICT,True,6.0,True,1,5.88042049934297,21-145412,0.3364769960599478,POTENTIAL,broad
21-67958,SIRET:24440064400013,RAW_SIRET,2021-05-22,2021-10-17,2022-04-17,2026-07-13,72,72200,DIGITAL_ICT,True,6.0,True,1,8.869908015768726,22-24405,0.3377028218422658,POTENTIAL,broad
21-58722,NAME:chu de nantes,NAME_FALLBACK,2021-05-02,2021-07-07,2021-11-07,2026-07-13,50,50610,DIGITAL_ICT,True,4.0,True,1,7.063074901445466,21-159824,0.2805118006346262,POTENTIAL,broad
21-67771,NAME:conseil regional des pays de la loire,NAME_FALLBACK,2021-05-22,2021-10-15,2022-04-15,2026-07-13,48,48800,DIGITAL_ICT,True,6.0,True,1,8.968462549277266,22-25102,0.3034175260947381,POTENTIAL,broad
21-69582,NAME:ville de cholet,NAME_FALLBACK,2021-05-27,2021-08-29,2022-02-28,2026-07-13,48,48900,DIGITAL_ICT,True,6.0,True,0,61.530880420499344,,,,broad
21-71012,NAME:ville de sable sur sarthe,NAME_FALLBACK,2021-05-27,2021-05-27,2021-11-27,2026-07-13,72,72212,DIGITAL_ICT,True,6.0,True,1,1.5111695137976346,21-96769,0.7711038107752957,HIGH,broad
21-71538,NAME:commune de saint-herblain,NAME_FALLBACK,2021-05-27,2021-05-27,2021-11-27,2026-07-13,48,48160,DIGITAL_ICT,True,6.0,True,1,3.350854139290407,21-119536,0.3779242992749093,POTENTIAL,broad
21-71956,NAME:departement de la mayenne,NAME_FALLBACK,2021-05-28,2021-05-28,2021-11-28,2026-07-13,,,DIGITAL_ICT,True,6.0,True,1,7.588699080157687,22-7862,0.2842793881461593,POTENTIAL,broad
21-67011,NAME:synd dep d energie et d eqpt de vendee,NAME_FALLBACK,2021-05-20,2022-03-03,2022-09-03,2026-07-13,72,72000,DIGITAL_ICT,True,6.0,True,0,61.76084099868594,,,,broad
21-69590,NAME:laval agglomeration,NAME_FALLBACK,2021-05-25,2021-05-25,2021-11-25,2026-07-13,,,DIGITAL_ICT,True,6.0,True,1,5.551905387647832,21-148591,0.3728415635244685,MEDIUM,broad
21-83807,NAME:centre de gestion fpt loire-atlantique,NAME_FALLBACK,2021-06-18,2021-06-18,2021-12-18,2026-07-13,,,DIGITAL_ICT,True,6.0,True,0,60.80814717477004,,,,broad
21-73723,NAME:rectorat de l academie de nantes,NAME_FALLBACK,2021-06-01,2021-06-01,2021-10-01,2026-07-13,50,50312,DIGITAL_ICT,True,4.0,True,1,4.204993429697766,21-134527,0.3770780826173253,MEDIUM,broad
21-85842,NAME:nantes metropole,NAME_FALLBACK,2021-06-25,2021-06-25,2021-12-25,2026-07-13,72,72253,DIGITAL_ICT,True,6.0,True,1,8.015768725361367,22-26998,0.4179962432544706,MEDIUM,broad
21-87461,SIRET:24720013200014,RAW_SIRET,2021-06-27,2021-10-31,2022-02-28,2026-07-13,30,30230,DIGITAL_ICT,True,4.0,True,1,7.260183968462549,22-16534,0.3215000802298794,POTENTIAL,broad
21-88219,SIRET:22720002900014,RAW_SIRET,2021-06-30,2021-11-21,2022-05-21,2026-07-13,72,72250,DIGITAL_ICT,True,6.0,True,1,9.986859395532194,22-60784,0.4624760263252996,POTENTIAL,broad
21-76512,NAME:commune de saint-herblain,NAME_FALLBACK,2021-06-09,2021-11-06,2022-05-06,2026-07-13,72,72250,DIGITAL_ICT,True,6.0,True,1,12.91064388961892,22-95583,0.32702744191123,POTENTIAL,broad
21-76925,NAME:chu de nantes,NAME_FALLBACK,2021-06-09,2021-12-02,2022-06-02,2026-07-13,72,72267,DIGITAL_ICT,True,6.0,True,0,61.10381077529566,,,,broad
21-78101,SIRET:24720013200014,RAW_SIRET,2021-06-11,2021-12-29,2022-11-29,2026-07-13,39,39300,DIGITAL_ICT,True,11.0,True,1,18.69250985545335,22-171933,0.8070375068189556,HIGH,broad
21-83160,NAME:angers loire metropole,NAME_FALLBACK,2021-06-25,2021-06-25,2021-12-25,2026-07-13,72,72267,DIGITAL_ICT,True,6.0,True,1,6.471747700394218,21-162690,0.3009701486589135,POTENTIAL,broad
21-82605,SIRET:11004301500012,RAW_SIRET,2021-06-18,2021-06-18,2021-12-18,2026-07-13,72,72253,DIGITAL_ICT,True,6.0,True,0,60.80814717477004,,,,broad
21-77546,NAME:conseil departemental loire-atlantique,NAME_FALLBACK,2021-06-10,2021-06-10,2021-12-10,2026-07-13,72,72611,DIGITAL_ICT,True,6.0,True,0,61.07095926412615,,,,broad
21-90254,NAME:communaute communes parthenay-gatine,NAME_FALLBACK,2021-06-30,2021-06-30,2021-12-30,2026-07-13,55,55321,DIGITAL_ICT,True,6.0,True,0,60.41392904073587,,,,broad
21-77056,NAME:destination rennes tourisme congres,NAME_FALLBACK,2021-06-07,2021-06-07,2021-12-07,2026-07-13,72,72200,DIGITAL_ICT,True,6.0,True,0,61.16951379763469,,,,broad
21-78352,NAME:nantes metropole,NAME_FALLBACK,2021-06-09,2021-06-09,2021-12-09,2026-07-13,48,48000,DIGITAL_ICT,True,6.0,True,1,4.533508541392904,21-143183,0.571622588943071,HIGH,broad
21-81812,NAME:cc loire layon aubance,NAME_FALLBACK,2021-06-17,2021-11-05,2022-05-05,2026-07-13,48,48800,DIGITAL_ICT,True,6.0,True,0,60.84099868593955,,,,broad
21-82013,SIRET:13002591900015,RAW_SIRET,2021-06-18,2021-10-13,2022-04-13,2026-07-13,72,72310,DIGITAL_ICT,True,6.0,True,1,12.81208935611038,22-98745,0.4054380201489268,MEDIUM,broad
21-86124,NAME:sydela,NAME_FALLBACK,2021-06-23,2021-06-23,2021-10-23,2026-07-13,32,32523,DIGITAL_ICT,True,4.0,True,1,5.519053876478318,21-161507,0.8264816030566384,HIGH,broad
21-86403,NAME:departement de la vendee,NAME_FALLBACK,2021-06-23,2021-12-10,2022-06-10,2026-07-13,72,72261,DIGITAL_ICT,True,6.0,True,0,60.64388961892247,,,,broad
21-83144,NAME:cmar pays de la loire,NAME_FALLBACK,2021-06-19,2021-12-08,2022-04-08,2026-07-13,30,30200,DIGITAL_ICT,True,4.0,True,1,9.494086727989488,22-48493,0.4678874241468372,MEDIUM,broad
21-86231,NAME:gie sesam vitale,NAME_FALLBACK,2021-06-25,2022-06-10,2022-12-10,2026-07-13,72,72500,DIGITAL_ICT,True,6.0,True,1,17.31274638633377,22-159813,0.3617871222076215,MEDIUM,broad
21-88699,NAME:semitan,NAME_FALLBACK,2021-06-30,2022-02-20,2022-08-20,2026-07-13,72,72000,DIGITAL_ICT,True,6.0,True,1,12.943495400788436,22-104764,0.339886114761279,POTENTIAL,broad
21-77933,SIRET:83095506800044,RAW_SIRET,2021-06-10,2021-08-27,2022-02-27,2026-07-13,72,72212,DIGITAL_ICT,True,6.0,True,0,61.07095926412615,,,,broad
21-74412,NAME:angers loire metropole,NAME_FALLBACK,2021-06-11,2021-06-11,2021-12-11,2026-07-13,72,72267,DIGITAL_ICT,True,6.0,True,1,0.4599211563731931,21-83160,0.4558425822809061,MEDIUM,broad
21-88585,NAME:ensa nantes,NAME_FALLBACK,2021-06-30,2021-10-30,2022-02-28,2026-07-13,32,32321,DIGITAL_ICT,True,4.0,True,0,60.41392904073587,,,,broad
21-88617,SIRET:20007187600011,RAW_SIRET,2021-06-30,2021-06-30,2021-12-30,2026-07-13,48,48000,DIGITAL_ICT,True,6.0,True,0,60.41392904073587,,,,broad
21-80765,NAME:conseil departemental loire-atlantique,NAME_FALLBACK,2021-06-14,2021-06-14,2021-12-14,2026-07-13,,,DIGITAL_ICT,True,6.0,True,0,60.939553219448094,,,,broad
21-85552,NAME:nantes metropole,NAME_FALLBACK,2021-06-22,2021-06-22,2021-12-22,2026-07-13,72,72212,DIGITAL_ICT,True,6.0,True,1,8.114323258869907,22-26998,0.3735233071645246,POTENTIAL,broad
21-84240,NAME:comcom des vallees du haut-anjou,NAME_FALLBACK,2021-06-18,2022-01-18,2022-07-18,2026-07-13,,,DIGITAL_ICT,True,6.0,True,0,60.80814717477004,,,,broad
21-72712,NAME:cci nantes saint-nazaire,NAME_FALLBACK,2021-06-02,2022-01-19,2022-07-19,2026-07-13,72,72400,DIGITAL_ICT,True,6.0,True,0,61.33377135348226,,,,broad
21-78393,NAME:conseil departemental loire-atlantique,NAME_FALLBACK,2021-06-11,2021-06-11,2021-12-11,2026-07-13,72,72514,DIGITAL_ICT,True,6.0,True,0,61.038107752956634,,,,broad
21-79975,SIRET:80259603100012,RAW_SIRET,2021-06-13,2021-06-13,2021-12-13,2026-07-13,72,72260,DIGITAL_ICT,True,6.0,True,0,60.97240473061761,,,,broad
21-86348,NAME:semitan,NAME_FALLBACK,2021-06-25,2022-01-30,2022-07-30,2026-07-13,72,72000,DIGITAL_ICT,True,6.0,True,1,15.900131406044675,22-141031,0.4075999450201611,POTENTIAL,broad
21-75719,NAME:ville d angers,NAME_FALLBACK,2021-06-04,2021-06-04,2021-12-04,2026-07-13,48,48952,DIGITAL_ICT,True,6.0,True,0,61.26806833114323,,,,broad
21-76081,NAME:nantes metropole,NAME_FALLBACK,2021-06-04,2021-06-04,2021-12-04,2026-07-13,72,72000,DIGITAL_ICT,True,6.0,True,1,3.219448094612352,21-122032,0.4948655675938704,MEDIUM,broad
21-76634,NAME:nantes metropole,NAME_FALLBACK,2021-06-07,2021-06-07,2021-10-07,2026-07-13,32,32321,DIGITAL_ICT,True,4.0,True,1,6.307490144546649,21-163822,0.4017233571909185,POTENTIAL,broad
21-76694,NAME:caisse primaire assur maladie maine lo,NAME_FALLBACK,2021-06-07,2021-06-07,2021-11-07,2026-07-13,79,79993,DIGITAL_ICT,True,5.0,True,0,61.16951379763469,,,,broad
21-78563,NAME:chu de nantes,NAME_FALLBACK,2021-06-09,2021-06-09,2021-12-09,2026-07-13,72,72261,DIGITAL_ICT,True,6.0,True,1,2.759526938239159,21-117615,0.3624758197986042,POTENTIAL,broad
21-91773,NAME:gie sesam vitale,NAME_FALLBACK,2021-07-04,2021-07-04,2022-01-04,2026-07-13,72,72212,DIGITAL_ICT,True,6.0,True,1,10.74244415243101,22-74813,0.3689903264145078,POTENTIAL,broad
21-95316,NAME:cte de cnes du pays d ancenis,NAME_FALLBACK,2021-07-08,2021-07-08,2022-01-08,2026-07-13,,,DIGITAL_ICT,True,6.0,True,0,60.15111695137976,,,,broad
21-99109,NAME:centre hospitalier de laval 53,NAME_FALLBACK,2021-07-18,2021-11-19,2022-03-19,2026-07-13,30,30200,DIGITAL_ICT,True,4.0,True,0,59.82260183968462,,,,broad
21-102565,NAME:ville de bouguenais,NAME_FALLBACK,2021-07-24,2021-11-25,2022-04-25,2026-07-13,35,35120,DIGITAL_ICT,True,5.0,True,0,59.62549277266754,,,,broad
21-90937,NAME:mairie de la chapelle sur erdre,NAME_FALLBACK,2021-07-01,2021-07-01,2022-01-01,2026-07-13,48,48210,DIGITAL_ICT,True,6.0,True,0,60.38107752956636,,,,broad
21-99793,NAME:sgami ouest,NAME_FALLBACK,2021-07-16,2021-07-16,2021-11-16,2026-07-13,32,32561,DIGITAL_ICT,True,4.0,True,0,59.88830486202365,,,,broad
21-93999,NAME:commune de ombree d anjou,NAME_FALLBACK,2021-07-09,2021-07-09,2021-12-09,2026-07-13,35,35260,DIGITAL_ICT,True,5.0,True,0,60.11826544021025,,,,broad
21-96114,NAME:nantes metropole,NAME_FALLBACK,2021-07-15,2021-07-15,2022-01-15,2026-07-13,48,48326,DIGITAL_ICT,True,6.0,True,1,4.007884362680684,21-150402,0.5405287628346509,HIGH,broad
21-99709,NAME:universite d angers,NAME_FALLBACK,2021-07-18,2022-12-15,2023-06-15,2026-07-13,72,72000,DIGITAL_ICT,True,6.0,True,0,59.82260183968462,,,,broad
21-93672,NAME:ca saumur val de loire,NAME_FALLBACK,2021-07-06,2021-07-06,2021-11-06,2026-07-13,32,32400,DIGITAL_ICT,True,4.0,True,0,60.21681997371879,,,,broad
21-104861,NAME:destination rennes tourisme congres,NAME_FALLBACK,2021-07-27,2021-07-27,2021-11-27,2026-07-13,32,32321,DIGITAL_ICT,True,4.0,True,0,59.526938239159,,,,broad
21-96695,NAME:universite de nantes,NAME_FALLBACK,2021-07-12,2021-10-07,2022-04-07,2026-07-13,48,48000,DIGITAL_ICT,True,6.0,True,0,60.01971090670171,,,,broad
21-96769,NAME:ville de sable sur sarthe,NAME_FALLBACK,2021-07-12,2021-07-12,2022-01-12,2026-07-13,72,72212,DIGITAL_ICT,True,6.0,True,0,60.01971090670171,,,,broad
21-97121,NAME:grand lieu communaute,NAME_FALLBACK,2021-07-14,2021-10-14,2022-04-14,2026-07-13,72,72250,DIGITAL_ICT,True,6.0,True,0,59.95400788436268,,,,broad
21-89559,NAME:conseil regional des pays de la loire,NAME_FALLBACK,2021-07-01,2021-07-01,2022-01-01,2026-07-13,71,71310,DIGITAL_ICT,True,6.0,True,1,6.636005256241787,22-8616,0.286858619951465,POTENTIAL,broad
21-104870,SIRET:22530001100015,RAW_SIRET,2021-07-29,2021-11-11,2022-05-11,2026-07-13,72,72268,DIGITAL_ICT,True,6.0,True,1,10.578186596583445,22-83349,0.8152188554741514,HIGH,broad
21-93968,NAME:ville de parthenay,NAME_FALLBACK,2021-07-07,2021-07-07,2021-12-07,2026-07-13,35,35111,DIGITAL_ICT,True,5.0,True,0,60.18396846254928,,,,broad
21-104443,NAME:dir reg envir amenagement logt bretagn,NAME_FALLBACK,2021-07-29,2021-07-29,2021-12-29,2026-07-13,35,35100,DIGITAL_ICT,True,5.0,True,0,59.46123521681997,,,,broad
21-89893,NAME:communaute d agglomeration du niortais,NAME_FALLBACK,2021-07-02,2021-09-22,2022-03-22,2026-07-13,72,72500,DIGITAL_ICT,True,6.0,True,0,60.34822601839684,,,,broad
21-92363,NAME:soc publique reg abe de fontevraud,NAME_FALLBACK,2021-07-05,2021-07-05,2021-11-05,2026-07-13,32,32323,DIGITAL_ICT,True,4.0,True,0,60.2496714848883,,,,broad
21-93803,NAME:sem cenovia,NAME_FALLBACK,2021-07-06,2021-09-30,2022-03-30,2026-07-13,72,72224,DIGITAL_ICT,True,6.0,True,0,60.21681997371879,,,,broad
21-99965,NAME:cc ocean marais de monts,NAME_FALLBACK,2021-07-19,2021-07-19,2021-11-19,2026-07-13,32,32323,DIGITAL_ICT,True,4.0,True,1,2.102496714848883,21-126270,0.3069184512487063,MEDIUM,broad
21-97876,NAME:nantes metropole,NAME_FALLBACK,2021-07-15,2021-07-15,2022-01-15,2026-07-13,48,48000,DIGITAL_ICT,True,6.0,True,1,3.350854139290407,21-143183,0.5026595249449064,HIGH,broad
21-101248,SIRET:21440184600016,RAW_SIRET,2021-07-22,2021-11-06,2022-05-06,2026-07-13,48,48600,DIGITAL_ICT,True,6.0,True,0,59.69119579500657,,,,broad
21-103501,NAME:departement de la sarthe,NAME_FALLBACK,2021-07-23,2021-07-23,2022-01-23,2026-07-13,72,72224,DIGITAL_ICT,True,6.0,True,1,4.139290407358739,21-156574,0.6425514951782969,HIGH,broad
21-92788,NAME:nantes metropole,NAME_FALLBACK,2021-07-05,2021-07-05,2022-01-05,2026-07-13,,,DIGITAL_ICT,True,6.0,True,1,6.307490144546649,22-6934,0.3509499263820935,POTENTIAL,broad
21-105103,NAME:cc vendee grand littoral,NAME_FALLBACK,2021-07-28,2021-07-28,2022-01-28,2026-07-13,,,DIGITAL_ICT,True,6.0,True,0,59.49408672798949,,,,broad
21-111863,NAME:conseil departemental loire-atlantique,NAME_FALLBACK,2021-08-13,2021-08-13,2022-02-13,2026-07-13,,,DIGITAL_ICT,True,6.0,True,0,58.96846254927727,,,,broad
21-117209,NAME:departement de la mayenne,NAME_FALLBACK,2021-08-31,2021-08-31,2022-02-28,2026-07-13,,,DIGITAL_ICT,True,6.0,True,1,7.194480946123521,22-49221,0.3401539580164677,POTENTIAL,broad
21-113588,NAME:sdis de la sarthe,NAME_FALLBACK,2021-08-19,2021-12-13,2022-12-13,2026-07-13,45,45310,DIGITAL_ICT,True,12.0,True,0,58.77135348226018,,,,broad
21-115415,NAME:conseil regional des pays de la loire,NAME_FALLBACK,2021-08-25,2021-08-25,2021-12-25,2026-07-13,30,30000,DIGITAL_ICT,True,4.0,True,1,1.2483574244415243,21-130956,0.3338750309371477,POTENTIAL,broad
21-117127,NAME:sce departemental incendie et secours,NAME_FALLBACK,2021-08-31,2021-08-31,2021-12-31,2026-07-13,30,30000,DIGITAL_ICT,True,4.0,True,0,58.37713534822602,,,,broad
21-117466,NAME:centre hospitalier de laval 53,NAME_FALLBACK,2021-08-31,2021-12-06,2022-06-06,2026-07-13,,,DIGITAL_ICT,True,6.0,True,0,58.37713534822602,,,,broad
21-113571,NAME:sdis49,NAME_FALLBACK,2021-08-19,2022-01-12,2022-07-12,2026-07-13,72,72400,DIGITAL_ICT,True,6.0,True,0,58.77135348226018,,,,broad
20-7510,NAME:cdc du pays de saint gilles cx de vie,NAME_FALLBACK,2021-08-06,2021-08-06,2022-02-06,2026-07-13,48,48900,DIGITAL_ICT,True,6.0,True,0,59.19842312746386,,,,broad
21-113953,NAME:chu de nantes,NAME_FALLBACK,2021-08-20,2021-08-20,2022-02-20,2026-07-13,72,72267,DIGITAL_ICT,True,6.0,True,1,0.3942181340341655,21-117615,0.7245641699518177,HIGH,broad
21-111036,NAME:ville de bouguenais,NAME_FALLBACK,2021-08-13,2021-11-20,2022-03-20,2026-07-13,30,30230,DIGITAL_ICT,True,4.0,True,1,5.913272010512483,22-19299,0.3748406812122983,MEDIUM,broad
21-114338,NAME:cc du pays de st fulgent les essarts,NAME_FALLBACK,2021-08-24,2021-08-24,2022-02-24,2026-07-13,72,72224,DIGITAL_ICT,True,6.0,True,0,58.60709592641261,,,,broad
21-117181,NAME:satt ouest valorisation,NAME_FALLBACK,2021-08-31,2021-08-31,2022-02-28,2026-07-13,72,72262,DIGITAL_ICT,True,6.0,True,1,7.687253613666228,22-57715,0.4847213786395903,MEDIUM,broad
21-121431,NAME:ville d angers,NAME_FALLBACK,2021-09-30,2021-09-30,2022-01-30,2026-07-13,32,32270,DIGITAL_ICT,True,4.0,True,1,4.139290407358739,22-12758,0.3045247481384143,MEDIUM,broad
21-126270,NAME:cc ocean marais de monts,NAME_FALLBACK,2021-09-21,2021-09-21,2022-01-21,2026-07-13,32,32550,DIGITAL_ICT,True,4.0,True,0,57.68725361366623,,,,broad
21-120100,NAME:ville de larmor-plage,NAME_FALLBACK,2021-09-10,2021-09-10,2022-02-10,2026-07-13,35,35261,DIGITAL_ICT,True,5.0,True,0,58.04862023653088,,,,broad
21-118513,NAME:communautedecommunesentrebeauceetperch,NAME_FALLBACK,2021-09-02,2021-09-02,2022-03-02,2026-07-13,,,DIGITAL_ICT,True,6.0,True,0,58.31143232588699,,,,broad
21-119536,NAME:commune de saint-herblain,NAME_FALLBACK,2021-09-06,2021-09-06,2022-03-06,2026-07-13,72,72413,DIGITAL_ICT,True,6.0,True,1,2.8580814717477003,21-157863,0.3464036563370696,MEDIUM,broad
21-124267,NAME:medde dgac scn ssim,NAME_FALLBACK,2021-09-18,2022-03-31,2022-09-30,2026-07-13,72,72253,DIGITAL_ICT,True,6.0,True,0,57.78580814717477,,,,broad
21-125536,NAME:crous de nantes,NAME_FALLBACK,2021-09-22,2021-09-22,2022-03-22,2026-07-13,72,72500,DIGITAL_ICT,True,6.0,True,1,5.781865965834428,22-38732,0.6109726001786382,HIGH,broad
21-128976,SIRET:32782217700025,RAW_SIRET,2021-09-29,2022-02-24,2022-08-24,2026-07-13,72,72220,DIGITAL_ICT,True,6.0,True,0,57.42444152431012,,,,broad
21-122032,NAME:nantes metropole,NAME_FALLBACK,2021-09-10,2022-01-12,2022-07-12,2026-07-13,72,72000,DIGITAL_ICT,True,6.0,True,1,11.76084099868594,22-118191,0.553405585728509,HIGH,broad
21-126092,NAME:ca les sables d olonne agglomeration,NAME_FALLBACK,2021-09-23,2022-04-24,2022-10-24,2026-07-13,72,72212,DIGITAL_ICT,True,6.0,True,0,57.6215505913272,,,,broad
21-126684,SIRET:23440003400026,RAW_SIRET,2021-09-24,2022-08-31,2023-02-28,2026-07-13,72,72250,DIGITAL_ICT,True,6.0,True,1,16.130091984231274,23-12419,0.4275667980727113,POTENTIAL,broad
21-124382,NAME:clisson sevre et maine agglo,NAME_FALLBACK,2021-09-16,2021-09-16,2022-01-16,2026-07-13,32,32321,DIGITAL_ICT,True,4.0,True,0,57.8515111695138,,,,broad
21-124527,NAME:gpm de nantes - st nazaire,NAME_FALLBACK,2021-09-16,2021-09-16,2022-03-16,2026-07-13,48,48332,DIGITAL_ICT,True,6.0,True,1,0.4270696452036793,21-130046,0.7300394218134036,HIGH,broad
21-117615,NAME:chu de nantes,NAME_FALLBACK,2021-09-01,2021-09-01,2022-03-01,2026-07-13,72,72267,DIGITAL_ICT,True,6.0,True,1,7.030223390275952,22-47598,0.3351802628087797,MEDIUM,broad
21-121452,NAME:cc vendee grand littoral,NAME_FALLBACK,2021-09-11,2022-01-22,2022-07-22,2026-07-13,31,31682,DIGITAL_ICT,True,6.0,True,0,58.01576872536137,,,,broad
21-125688,NAME:vendee expansion,NAME_FALLBACK,2021-09-22,2021-12-15,2022-06-15,2026-07-13,72,72000,DIGITAL_ICT,True,6.0,True,1,9.42838370565046,22-93332,0.3884432682315582,MEDIUM,broad
21-130046,NAME:gpm de nantes - st nazaire,NAME_FALLBACK,2021-09-29,2021-09-29,2022-03-29,2026-07-13,48,48332,DIGITAL_ICT,True,6.0,True,1,9.09986859395532,22-92345,0.3030503211515222,MEDIUM,broad
21-125843,NAME:universite du maine,NAME_FALLBACK,2021-09-22,2022-01-13,2022-05-13,2026-07-13,30,30195,DIGITAL_ICT,True,4.0,True,1,6.077529566360052,22-43560,0.3177249795447442,MEDIUM,broad
21-122276,NAME:universite d angers,NAME_FALLBACK,2021-09-15,2021-12-03,2022-06-03,2026-07-13,48,48900,DIGITAL_ICT,True,6.0,True,0,57.88436268068331,,,,broad
21-126360,SIRET:88324710800011,RAW_SIRET,2021-09-23,2021-11-21,2022-05-21,2026-07-13,72,72224,DIGITAL_ICT,True,6.0,True,0,57.6215505913272,,,,broad
21-124087,NAME:ville d orvault,NAME_FALLBACK,2021-09-16,2021-09-16,2022-02-16,2026-07-13,35,35121,DIGITAL_ICT,True,5.0,True,0,57.8515111695138,,,,broad
21-125738,NAME:commune de saint nazaire,NAME_FALLBACK,2021-09-20,2021-09-20,2022-03-20,2026-07-13,75,75200,DIGITAL_ICT,True,6.0,True,1,2.628120893561104,21-161861,0.797998029217847,HIGH,broad
21-123168,NAME:commune du cellier,NAME_FALLBACK,2021-09-14,2021-09-14,2022-03-14,2026-07-13,,,DIGITAL_ICT,True,6.0,True,0,57.91721419185283,,,,broad
21-116891,SIRET:23440003400026,RAW_SIRET,2021-09-01,2022-01-15,2022-07-15,2026-07-13,72,72000,DIGITAL_ICT,True,6.0,True,1,8.442838370565045,22-69952,0.5806675710764831,HIGH,broad
21-118586,NAME:ch le mans,NAME_FALLBACK,2021-09-05,2022-01-21,2022-06-21,2026-07-13,35,35113,DIGITAL_ICT,True,5.0,True,1,8.147174770039422,22-66076,0.4821010724266827,POTENTIAL,broad
21-138925,NAME:cdc du pays de saint gilles cx de vie,NAME_FALLBACK,2021-10-18,2021-10-18,2022-04-18,2026-07-13,,,DIGITAL_ICT,True,6.0,True,1,0.5584756898817346,21-147552,0.4579130075493906,MEDIUM,broad
21-130332,SIRET:28870852200017,RAW_SIRET,2021-10-01,2021-10-01,2022-04-01,2026-07-13,72,72310,DIGITAL_ICT,True,6.0,True,0,57.35873850197109,,,,broad
21-130369,NAME:commune de saint-herblain,NAME_FALLBACK,2021-10-01,2021-10-01,2022-04-01,2026-07-13,72,72267,DIGITAL_ICT,True,6.0,True,1,2.0367936925098555,21-157863,0.795742444152431,HIGH,broad
21-130956,NAME:conseil regional des pays de la loire,NAME_FALLBACK,2021-10-02,2022-05-27,2022-10-27,2026-07-13,79,79800,DIGITAL_ICT,True,5.0,True,1,12.64783180026281,22-141355,0.3061666060101997,POTENTIAL,broad
21-144057,NAME:sdis49,NAME_FALLBACK,2021-10-26,2021-10-26,2022-02-26,2026-07-13,32,32300,DIGITAL_ICT,True,4.0,True,0,56.53745072273325,,,,broad
21-143328,NAME:departement de la vendee,NAME_FALLBACK,2021-10-25,2022-03-31,2022-09-30,2026-07-13,72,72212,DIGITAL_ICT,True,6.0,True,0,56.57030223390276,,,,broad
21-137487,NAME:vendee expansion,NAME_FALLBACK,2021-10-15,2021-12-15,2022-06-15,2026-07-13,72,72500,DIGITAL_ICT,True,6.0,True,1,8.672798948751643,22-93332,0.6791774637771764,HIGH,broad
21-139413,NAME:mairie de la chapelle sur erdre,NAME_FALLBACK,2021-10-20,2021-10-20,2022-02-20,2026-07-13,30,30236,DIGITAL_ICT,True,4.0,True,0,56.73455978975033,,,,broad
21-129937,NAME:ville de nantes,NAME_FALLBACK,2021-10-01,2021-10-01,2022-04-01,2026-07-13,72,72000,DIGITAL_ICT,True,6.0,True,1,5.650459921156373,22-41834,0.3263118703460359,MEDIUM,broad
21-141864,NAME:ccir pays de la loire,NAME_FALLBACK,2021-10-24,2021-10-24,2022-02-24,2026-07-13,30,30214,DIGITAL_ICT,True,4.0,True,0,56.60315374507228,,,,broad
21-139944,NAME:ca pornic agglo pays de retz,NAME_FALLBACK,2021-10-29,2022-02-03,2022-06-03,2026-07-13,30,30200,DIGITAL_ICT,True,4.0,True,0,56.43889618922471,,,,broad
21-143444,NAME:departement de la vendee,NAME_FALLBACK,2021-10-26,2022-03-31,2022-09-30,2026-07-13,72,72212,DIGITAL_ICT,True,6.0,True,0,56.53745072273325,,,,broad
21-138241,SIRET:22720002900014,RAW_SIRET,2021-10-16,2022-01-26,2022-07-26,2026-07-13,72,72267,DIGITAL_ICT,True,6.0,True,1,7.917214191852825,22-83128,0.4962659493472476,MEDIUM,broad
21-138343,SIRET:20008247700015,RAW_SIRET,2021-10-17,2021-10-17,2022-04-17,2026-07-13,48,48800,DIGITAL_ICT,True,6.0,True,0,56.83311432325887,,,,broad
21-143183,NAME:nantes metropole,NAME_FALLBACK,2021-10-25,2021-10-25,2022-04-25,2026-07-13,48,48000,DIGITAL_ICT,True,6.0,True,1,0.8212877792378449,21-153479,0.4750963644327639,MEDIUM,broad
21-139293,NAME:ch le mans,NAME_FALLBACK,2021-10-20,2022-03-18,2022-09-18,2026-07-13,48,48000,DIGITAL_ICT,True,6.0,True,0,56.73455978975033,,,,broad
21-132073,NAME:sde35,NAME_FALLBACK,2021-10-01,2021-10-01,2022-04-01,2026-07-13,48,48000,DIGITAL_ICT,True,6.0,True,0,57.35873850197109,,,,broad
21-135182,NAME:regie dept passages d eau de vendee,NAME_FALLBACK,2021-10-08,2021-10-08,2022-04-08,2026-07-13,72,72500,DIGITAL_ICT,True,6.0,True,0,57.1287779237845,,,,broad
21-137261,NAME:commune de cesson sevigne,NAME_FALLBACK,2021-10-13,2021-10-13,2022-04-13,2026-07-13,71,71315,DIGITAL_ICT,True,6.0,True,1,5.617608409986859,22-46783,0.3008381143405296,MEDIUM,broad
21-138338,NAME:cc pays de fontenay vendee,NAME_FALLBACK,2021-10-15,2021-10-15,2022-04-15,2026-07-13,,,DIGITAL_ICT,True,6.0,True,0,56.8988173455979,,,,broad
21-144079,NAME:ecole national sup d arts et metiers,NAME_FALLBACK,2021-10-28,2021-10-28,2022-02-28,2026-07-13,32,32571,DIGITAL_ICT,True,4.0,True,0,56.47174770039422,,,,broad
21-144087,SIRET:88324710800011,RAW_SIRET,2021-10-28,2022-06-15,2022-12-15,2026-07-13,72,72224,DIGITAL_ICT,True,6.0,True,0,56.47174770039422,,,,broad
21-141754,NAME:vendee grand littoral,NAME_FALLBACK,2021-10-21,2021-10-21,2022-10-21,2026-07-13,45,45421,DIGITAL_ICT,True,12.0,True,0,56.70170827858082,,,,broad
21-145116,SIRET:22530001100015,RAW_SIRET,2021-10-30,2022-03-02,2022-07-02,2026-07-13,30,30230,DIGITAL_ICT,True,4.0,True,1,8.147174770039422,22-94102,0.4165195703902887,POTENTIAL,broad
21-141238,NAME:cte de communes de la region de blain,NAME_FALLBACK,2021-10-21,2022-01-06,2022-07-06,2026-07-13,72,72000,DIGITAL_ICT,True,6.0,True,0,56.70170827858082,,,,broad
21-133549,NAME:chu de nantes,NAME_FALLBACK,2021-10-08,2022-03-17,2022-08-17,2026-07-13,79,79530,DIGITAL_ICT,True,5.0,True,1,10.775295663600524,22-118151,0.2974031824940227,MEDIUM,broad
21-143481,NAME:sca pfaf so,NAME_FALLBACK,2021-10-26,2021-10-26,2022-02-26,2026-07-13,32,32323,DIGITAL_ICT,True,4.0,True,0,56.53745072273325,,,,broad
21-145412,NAME:nantes metropole,NAME_FALLBACK,2021-10-31,2021-10-31,2022-02-28,2026-07-13,30,30200,DIGITAL_ICT,True,4.0,True,1,3.8107752956636,22-26998,0.3241691151807529,POTENTIAL,broad
21-142703,NAME:chambre reg agri pays de la loire,NAME_FALLBACK,2021-10-27,2021-10-27,2022-04-27,2026-07-13,72,72212,DIGITAL_ICT,True,6.0,True,0,56.50459921156373,,,,broad
21-134527,NAME:rectorat de l academie de nantes,NAME_FALLBACK,2021-10-07,2021-10-07,2022-04-07,2026-07-13,,,DIGITAL_ICT,True,6.0,True,0,57.16162943495401,,,,broad
21-133662,NAME:e-collectivites vendee,NAME_FALLBACK,2021-10-08,2021-10-08,2022-02-08,2026-07-13,30,30200,DIGITAL_ICT,True,4.0,True,0,57.1287779237845,,,,broad
21-133433,NAME:syndicat mixte pour le dvlpt numerique,NAME_FALLBACK,2021-10-05,2021-10-05,2022-04-05,2026-07-13,72,72700,DIGITAL_ICT,True,6.0,True,0,57.22733245729304,,,,broad
21-146075,NAME:ville de thouare-sur-loire,NAME_FALLBACK,2021-10-31,2021-10-31,2022-04-30,2026-07-13,72,72222,DIGITAL_ICT,True,6.0,True,0,56.37319316688568,,,,broad
21-155528,SIRET:78645126000024,RAW_SIRET,2021-11-26,2022-06-19,2022-12-19,2026-07-13,48,48110,DIGITAL_ICT,True,6.0,True,0,55.51905387647832,,,,broad
21-150948,NAME:semitan,NAME_FALLBACK,2021-11-15,2021-11-15,2022-05-15,2026-07-13,72,72500,DIGITAL_ICT,True,6.0,True,1,5.847568988173456,22-66848,0.4258935611038107,POTENTIAL,broad
21-152470,NAME:ville de nantes,NAME_FALLBACK,2021-11-17,2021-11-17,2022-03-17,2026-07-13,32,32320,DIGITAL_ICT,True,4.0,True,1,4.106438896189225,22-41834,0.3411870490911348,MEDIUM,broad
21-146611,NAME:departement de maine-et-loire,NAME_FALLBACK,2021-11-03,2021-11-03,2022-11-03,2026-07-13,45,45223,DIGITAL_ICT,True,12.0,True,0,56.27463863337714,,,,broad
21-153479,NAME:nantes metropole,NAME_FALLBACK,2021-11-19,2021-11-19,2022-05-19,2026-07-13,,,DIGITAL_ICT,True,6.0,True,1,4.763469119579501,22-52027,0.3583369455973371,POTENTIAL,broad
21-147552,NAME:cdc du pays de saint gilles cx de vie,NAME_FALLBACK,2021-11-04,2021-11-04,2022-05-04,2026-07-13,,,DIGITAL_ICT,True,6.0,True,0,56.24178712220762,,,,broad
21-148700,NAME:ch le mans,NAME_FALLBACK,2021-11-10,2022-01-27,2022-05-27,2026-07-13,32,32500,DIGITAL_ICT,True,4.0,True,1,6.208935611038108,22-69458,0.4306872229988367,POTENTIAL,broad
21-156348,SIRET:22530001100015,RAW_SIRET,2021-11-27,2022-03-20,2022-09-20,2026-07-13,72,72268,DIGITAL_ICT,True,6.0,True,1,10.151116951379764,22-130851,0.6763282464622488,HIGH,broad
21-155128,NAME:cd 44,NAME_FALLBACK,2021-11-23,2021-11-23,2022-04-23,2026-07-13,38,38582,DIGITAL_ICT,True,5.0,True,0,55.61760840998686,,,,broad
21-155377,NAME:reseau canope,NAME_FALLBACK,2021-11-24,2021-11-24,2022-05-24,2026-07-13,48,48445,DIGITAL_ICT,True,6.0,True,0,55.584756898817346,,,,broad
21-156574,NAME:departement de la sarthe,NAME_FALLBACK,2021-11-26,2021-11-26,2022-05-26,2026-07-13,72,72224,DIGITAL_ICT,True,6.0,True,0,55.51905387647832,,,,broad
21-147677,NAME:metropole nantes metropole,NAME_FALLBACK,2021-11-06,2021-11-06,2022-04-06,2026-07-13,79,79824,DIGITAL_ICT,True,5.0,True,1,5.091984231274639,22-50379,0.3063107263431107,MEDIUM,broad
21-150615,NAME:institut regional administration lyon,NAME_FALLBACK,2021-11-14,2021-11-14,2022-05-14,2026-07-13,72,72200,DIGITAL_ICT,True,6.0,True,0,55.913272010512486,,,,broad
21-152380,NAME:gie des epl de vendee,NAME_FALLBACK,2021-11-17,2021-11-17,2022-05-17,2026-07-13,48,48200,DIGITAL_ICT,True,6.0,True,0,55.814717477003946,,,,broad
21-148591,NAME:laval agglomeration,NAME_FALLBACK,2021-11-10,2021-11-10,2022-03-10,2026-07-13,32,32342,DIGITAL_ICT,True,4.0,True,1,2.5295663600525624,22-12003,0.7887416854842435,HIGH,broad
21-150402,NAME:nantes metropole,NAME_FALLBACK,2021-11-14,2021-11-14,2022-05-14,2026-07-13,48,48326,DIGITAL_ICT,True,6.0,True,1,5.026281208935611,22-54446,0.3102931350925105,POTENTIAL,broad
21-146751,NAME:sdis 29,NAME_FALLBACK,2021-11-05,2021-11-05,2022-11-05,2026-07-13,80,80420,DIGITAL_ICT,True,12.0,True,0,56.20893561103811,,,,broad
21-154866,NAME:ville de saint sebastien sur loire,NAME_FALLBACK,2021-11-25,2022-05-18,2022-11-18,2026-07-13,72,72267,DIGITAL_ICT,True,6.0,True,0,55.551905387647835,,,,broad
21-155430,SIRET:77560485300041,RAW_SIRET,2021-11-26,2021-11-26,2022-05-26,2026-07-13,48,48921,DIGITAL_ICT,True,6.0,True,1,2.9894875164257555,22-29187,0.2891014074484456,POTENTIAL,broad
21-156687,NAME:communaute de cnes terres de montaigu,NAME_FALLBACK,2021-11-28,2021-11-28,2022-05-28,2026-07-13,72,72212,DIGITAL_ICT,True,6.0,True,0,55.45335085413929,,,,broad
21-153063,NAME:cd 44,NAME_FALLBACK,2021-11-18,2021-11-18,2022-11-18,2026-07-13,80,80200,DIGITAL_ICT,True,12.0,True,0,55.78186596583443,,,,broad
21-156783,NAME:ctre hosp universitaire angers,NAME_FALLBACK,2021-11-26,2021-11-26,2022-05-26,2026-07-13,72,72000,DIGITAL_ICT,True,6.0,True,0,55.51905387647832,,,,broad
21-157771,NAME:rectorat de l academie de nantes,NAME_FALLBACK,2021-11-30,2021-11-30,2022-05-30,2026-07-13,,,DIGITAL_ICT,True,6.0,True,0,55.387647831800265,,,,broad
21-148611,SIRET:24720013200014,RAW_SIRET,2021-11-10,2022-03-13,2023-02-13,2026-07-13,39,39300,DIGITAL_ICT,True,11.0,True,1,13.699080157687254,22-171933,0.7933493771649914,HIGH,broad
21-151331,NAME:fondation partenariale polytech,NAME_FALLBACK,2021-11-17,2021-11-17,2022-05-17,2026-07-13,72,72212,DIGITAL_ICT,True,6.0,True,0,55.814717477003946,,,,broad
21-155709,NAME:dirisi,NAME_FALLBACK,2021-11-26,2021-11-26,2022-05-26,2026-07-13,72,72210,DIGITAL_ICT,True,6.0,True,0,55.51905387647832,,,,broad
21-156075,NAME:departement de maine-et-loire,NAME_FALLBACK,2021-11-30,2021-11-30,2022-04-30,2026-07-13,35,35000,DIGITAL_ICT,True,5.0,True,0,55.387647831800265,,,,broad
21-148535,NAME:ecole centrale de nantes,NAME_FALLBACK,2021-11-08,2021-11-08,2022-05-08,2026-07-13,,,DIGITAL_ICT,True,6.0,True,1,4.92772667542707,22-49146,0.3075257282848326,MEDIUM,broad
21-157552,SIRET:22720002900014,RAW_SIRET,2021-12-01,2021-12-01,2022-06-01,2026-07-13,48,48430,DIGITAL_ICT,True,6.0,True,1,3.712220762155059,22-43134,0.4078757474411495,POTENTIAL,broad
21-161904,SIRET:22440002800011,RAW_SIRET,2021-12-11,2022-04-07,2022-10-07,2026-07-13,72,72611,DIGITAL_ICT,True,6.0,True,1,6.603153745072273,22-90329,0.5936937320192692,HIGH,broad
21-163566,NAME:nantes metropole,NAME_FALLBACK,2021-12-13,2021-12-13,2022-06-13,2026-07-13,,,DIGITAL_ICT,True,6.0,True,1,1.0183968462549278,22-6934,0.4241309877796995,MEDIUM,broad
21-163822,NAME:nantes metropole,NAME_FALLBACK,2021-12-16,2022-03-03,2022-07-03,2026-07-13,32,32323,DIGITAL_ICT,True,4.0,True,1,7.227332457293035,22-102623,0.6515223657271234,HIGH,broad
21-167647,NAME:geves,NAME_FALLBACK,2021-12-23,2021-12-23,2022-06-23,2026-07-13,48,48313,DIGITAL_ICT,True,6.0,True,1,6.307490144546649,22-92446,0.3563118703460359,MEDIUM,broad
21-170414,SIRET:24720013200014,RAW_SIRET,2021-12-30,2022-05-06,2022-09-06,2026-07-13,50,50334,DIGITAL_ICT,True,4.0,True,1,8.015768725361367,22-116324,0.3790957460092038,MEDIUM,broad
21-168225,NAME:ville de saint hilaire de riez,NAME_FALLBACK,2021-12-21,2021-12-21,2022-04-21,2026-07-13,32,32342,DIGITAL_ICT,True,4.0,True,0,54.697766097240475,,,,broad
21-157863,NAME:commune de saint-herblain,NAME_FALLBACK,2021-12-02,2022-02-26,2022-08-26,2026-07-13,72,72267,DIGITAL_ICT,True,6.0,True,1,7.128777923784494,22-95583,0.3403614575298287,MEDIUM,broad
21-161507,NAME:sydela,NAME_FALLBACK,2021-12-08,2022-02-17,2022-06-17,2026-07-13,32,32523,DIGITAL_ICT,True,4.0,True,0,55.124835742444155,,,,broad
21-165631,NAME:chu de nantes,NAME_FALLBACK,2021-12-16,2021-12-16,2022-12-16,2026-07-13,45,45331,DIGITAL_ICT,True,12.0,True,1,12.91064388961892,23-6398,0.2852625491575489,MEDIUM,broad
21-162413,NAME:ville d avrille,NAME_FALLBACK,2021-12-10,2021-12-10,2022-04-10,2026-07-13,32,32323,DIGITAL_ICT,True,4.0,True,0,55.059132720105126,,,,broad
21-159824,NAME:chu de nantes,NAME_FALLBACK,2021-12-03,2021-12-03,2022-12-03,2026-07-13,45,45331,DIGITAL_ICT,True,12.0,True,0,55.289093298291725,,,,broad
21-160384,NAME:vendee expansion,NAME_FALLBACK,2021-12-06,2021-12-06,2022-06-06,2026-07-13,72,72500,DIGITAL_ICT,True,6.0,True,1,6.964520367936925,22-93332,0.6067205372088005,HIGH,broad
21-170353,NAME:ch le mans,NAME_FALLBACK,2021-12-30,2022-06-15,2022-12-15,2026-07-13,48,48311,DIGITAL_ICT,True,6.0,True,1,11.498028909329827,22-165707,0.3165995526230384,MEDIUM,broad
21-161861,NAME:commune de saint nazaire,NAME_FALLBACK,2021-12-09,2022-03-02,2022-09-02,2026-07-13,75,75200,DIGITAL_ICT,True,6.0,True,0,55.09198423127464,,,,broad
21-162690,NAME:angers loire metropole,NAME_FALLBACK,2022-01-08,2022-04-21,2022-08-21,2026-07-13,30,30121,DIGITAL_ICT,True,4.0,True,1,8.081471747700395,22-120791,0.2827648383214715,MEDIUM,broad
22-2168,SIRET:21440114300018,RAW_SIRET,2022-01-06,2022-01-06,2022-06-06,2026-07-13,35,35121,DIGITAL_ICT,True,5.0,True,1,7.982917214191852,22-119618,0.2859026123528456,MEDIUM,broad
22-6934,NAME:nantes metropole,NAME_FALLBACK,2022-01-13,2022-01-13,2022-07-13,2026-07-13,,,DIGITAL_ICT,True,6.0,True,1,6.307490144546649,22-94454,0.3284279514970883,POTENTIAL,broad
22-7862,NAME:departement de la mayenne,NAME_FALLBACK,2022-01-14,2022-01-14,2022-07-14,2026-07-13,72,72212,DIGITAL_ICT,True,6.0,True,1,2.726675427069645,22-49221,0.4594823686006808,MEDIUM,broad
22-8616,NAME:conseil regional des pays de la loire,NAME_FALLBACK,2022-01-19,2022-05-25,2022-11-25,2026-07-13,72,72212,DIGITAL_ICT,True,6.0,True,0,53.745072273324574,,,,broad
22-7823,NAME:la cite des congres de nantes,NAME_FALLBACK,2022-01-16,2022-05-25,2022-09-25,2026-07-13,32,32424,DIGITAL_ICT,True,4.0,True,1,7.293035479632063,22-115191,0.4865527586845961,MEDIUM,broad
22-15926,SIRET:21850096500015,RAW_SIRET,2022-01-31,2022-01-31,2022-05-31,2026-07-13,32,32323,DIGITAL_ICT,True,4.0,True,0,53.350854139290405,,,,broad
22-2872,NAME:centre hospitalier de laval 53,NAME_FALLBACK,2022-01-06,2022-03-18,2022-09-18,2026-07-13,,,DIGITAL_ICT,True,6.0,True,0,54.172141918528254,,,,broad
22-12003,NAME:laval agglomeration,NAME_FALLBACK,2022-01-26,2022-01-26,2022-05-26,2026-07-13,32,32342,DIGITAL_ICT,True,4.0,True,0,53.515111695137975,,,,broad
22-2032,NAME:oniris,NAME_FALLBACK,2022-01-07,2022-11-26,2023-05-26,2026-07-13,48,48000,DIGITAL_ICT,True,6.0,True,0,54.139290407358736,,,,broad
22-11807,SIRET:25440253000029,RAW_SIRET,2022-01-26,2022-01-26,2022-07-26,2026-07-13,75,75310,DIGITAL_ICT,True,6.0,True,0,53.515111695137975,,,,broad
22-10801,NAME:cci nantes saint-nazaire,NAME_FALLBACK,2022-01-22,2022-04-27,2022-10-27,2026-07-13,48,48822,DIGITAL_ICT,True,6.0,True,0,53.646517739816034,,,,broad
22-13674,NAME:ville de nantes,NAME_FALLBACK,2022-01-28,2022-06-04,2022-11-04,2026-07-13,92,92511,DIGITAL_ICT,True,5.0,True,1,14.060446780551905,23-39978,0.3773859621776721,MEDIUM,broad
22-8860,SIRET:24440064400013,RAW_SIRET,2022-01-18,2022-07-11,2023-01-11,2026-07-13,48,48311,DIGITAL_ICT,True,6.0,True,1,12.582128777923783,23-16355,0.3825290218312935,POTENTIAL,broad
22-1668,SIRET:19851390500028,RAW_SIRET,2022-01-05,2022-01-05,2022-05-05,2026-07-13,32,32321,DIGITAL_ICT,True,4.0,True,0,54.204993429697765,,,,broad
22-13142,NAME:conseil regional des pays de la loire,NAME_FALLBACK,2022-01-27,2022-08-24,2023-02-24,2026-07-13,72,72242,DIGITAL_ICT,True,6.0,True,0,53.482260183968464,,,,broad
22-17294,SIRET:26490003600015,RAW_SIRET,2022-02-02,2022-02-02,2022-08-02,2026-07-13,85,85121,DIGITAL_ICT,True,6.0,True,1,6.668856767411301,22-114884,0.319886114761279,MEDIUM,broad
22-25855,SIRET:38105376800028,RAW_SIRET,2022-02-20,2022-07-21,2022-11-21,2026-07-13,32,32321,DIGITAL_ICT,True,4.0,True,0,52.69382391590013,,,,broad
22-24441,NAME:semitan mandataire de nantes metropole,NAME_FALLBACK,2022-02-18,2022-08-21,2023-02-21,2026-07-13,72,72212,DIGITAL_ICT,True,6.0,True,1,8.015768725361367,22-135485,0.3802671922908453,MEDIUM,broad
22-16811,SIRET:22490001900015,RAW_SIRET,2022-02-10,2022-02-10,2022-08-10,2026-07-13,48,48440,DIGITAL_ICT,True,6.0,True,1,7.621550591327201,22-127882,0.3760860076787892,MEDIUM,broad
22-17628,SIRET:24440055200026,RAW_SIRET,2022-02-03,2022-02-03,2022-08-03,2026-07-13,48,48000,DIGITAL_ICT,True,6.0,True,0,53.252299605781864,,,,broad
22-21111,NAME:communaute de communes sevre et loire,NAME_FALLBACK,2022-02-11,2022-05-25,2022-09-25,2026-07-13,30,30200,DIGITAL_ICT,True,4.0,True,0,52.989487516425754,,,,broad
22-25102,NAME:conseil regional des pays de la loire,NAME_FALLBACK,2022-02-19,2022-08-27,2023-02-27,2026-07-13,48,48900,DIGITAL_ICT,True,6.0,True,0,52.726675427069644,,,,broad
22-26998,NAME:nantes metropole,NAME_FALLBACK,2022-02-24,2022-02-24,2022-08-24,2026-07-13,72,72250,DIGITAL_ICT,True,6.0,True,1,5.354796320630749,22-108057,0.6606466946212526,HIGH,broad
22-28887,SIRET:52926090300016,RAW_SIRET,2022-02-26,2022-04-30,2022-08-30,2026-07-13,32,32342,DIGITAL_ICT,True,4.0,True,0,52.49671484888305,,,,broad
22-19299,NAME:ville de bouguenais,NAME_FALLBACK,2022-02-09,2022-07-13,2023-01-13,2026-07-13,48,48800,DIGITAL_ICT,True,6.0,True,1,10.90670170827858,23-2072,0.3774561917717773,MEDIUM,broad
22-20320,SIRET:23440003400026,RAW_SIRET,2022-02-10,2022-06-17,2022-12-17,2026-07-13,72,72262,DIGITAL_ICT,True,6.0,True,1,9.921156373193169,22-162091,0.4212477650307415,POTENTIAL,broad
22-18098,SIRET:24440040400020,RAW_SIRET,2022-02-03,2022-02-03,2022-08-03,2026-07-13,48,48000,DIGITAL_ICT,True,6.0,True,0,53.252299605781864,,,,broad
22-17983,NAME:la roche-sur-yon agglomeration,NAME_FALLBACK,2022-02-08,2022-02-08,2022-07-08,2026-07-13,79,79990,DIGITAL_ICT,True,5.0,True,0,53.088042049934295,,,,broad
22-24571,SIRET:23350001600040,RAW_SIRET,2022-02-16,2022-02-16,2022-08-16,2026-07-13,72,72224,DIGITAL_ICT,True,6.0,True,0,52.825229960578184,,,,broad
22-24752,NAME:commune les sables d olonne,NAME_FALLBACK,2022-02-20,2023-01-05,2023-07-05,2026-07-13,71,71200,DIGITAL_ICT,True,6.0,True,0,52.69382391590013,,,,broad
22-28562,NAME:mayenne tres haut debit,NAME_FALLBACK,2022-02-26,2022-02-26,2022-08-26,2026-07-13,71,71316,DIGITAL_ICT,True,6.0,True,0,52.49671484888305,,,,broad
22-28144,SIRET:54665016900057,RAW_SIRET,2022-02-23,2022-02-23,2022-08-23,2026-07-13,72,72500,DIGITAL_ICT,True,6.0,True,0,52.59526938239159,,,,broad
22-19646,NAME:rectorat de l academie de nantes,NAME_FALLBACK,2022-02-09,2022-05-12,2022-11-12,2026-07-13,72,72267,DIGITAL_ICT,True,6.0,True,0,53.05519053876478,,,,broad
22-15069,NAME:angers loire metropole,NAME_FALLBACK,2022-02-06,2022-05-18,2022-09-18,2026-07-13,32,32342,DIGITAL_ICT,True,4.0,True,1,7.128777923784494,22-120791,0.4247658429188157,MEDIUM,broad
22-17397,NAME:chd vendee,NAME_FALLBACK,2022-02-02,2022-02-02,2022-08-02,2026-07-13,85,85121,DIGITAL_ICT,True,6.0,True,0,53.28515111695138,,,,broad
22-12758,NAME:ville d angers,NAME_FALLBACK,2022-02-03,2022-06-24,2022-11-24,2026-07-13,35,35811,DIGITAL_ICT,True,5.0,True,1,14.126149802890932,23-47137,0.4734213592534814,MEDIUM,broad
22-21573,SIRET:24440040400129,RAW_SIRET,2022-02-10,2022-02-10,2022-08-10,2026-07-13,72,72320,DIGITAL_ICT,True,6.0,True,1,6.636005256241787,22-48708,0.3896974015487963,POTENTIAL,broad
22-24405,SIRET:24440064400013,RAW_SIRET,2022-02-16,2022-05-02,2022-11-02,2026-07-13,72,72416,DIGITAL_ICT,True,6.0,True,1,8.31143232588699,22-143289,0.3539830817292315,MEDIUM,broad
22-24902,NAME:angers loire metropole,NAME_FALLBACK,2022-02-21,2022-02-21,2022-08-21,2026-07-13,48,48800,DIGITAL_ICT,True,6.0,True,1,6.636005256241787,22-120791,0.2836536688802542,MEDIUM,broad
22-27265,SIRET:77560485300041,RAW_SIRET,2022-02-22,2022-02-22,2022-08-22,2026-07-13,72,72227,DIGITAL_ICT,True,6.0,True,0,52.6281208935611,,,,broad
22-29187,SIRET:77560485300041,RAW_SIRET,2022-02-25,2022-02-25,2022-08-25,2026-07-13,48,48321,DIGITAL_ICT,True,6.0,True,0,52.52956636005256,,,,broad
22-16199,NAME:reseau canope,NAME_FALLBACK,2022-02-03,2022-02-03,2022-08-03,2026-07-13,71,71621,DIGITAL_ICT,True,6.0,True,0,53.252299605781864,,,,broad
22-16534,SIRET:24720013200014,RAW_SIRET,2022-02-03,2023-02-01,2023-08-01,2026-07-13,48,48450,DIGITAL_ICT,True,6.0,True,1,18.626806833114323,23-117420,0.4025718613013619,MEDIUM,broad
22-17364,NAME:sdis 44,NAME_FALLBACK,2022-02-04,2022-03-16,2022-09-16,2026-07-13,48,48000,DIGITAL_ICT,True,6.0,True,1,1.3797634691195797,22-39410,0.7108760402978536,HIGH,broad
22-22098,NAME:universite d angers,NAME_FALLBACK,2022-02-13,2022-05-27,2022-09-27,2026-07-13,32,32415,DIGITAL_ICT,True,4.0,True,1,7.161629434954008,22-125236,0.3297321630049866,MEDIUM,broad
22-32770,SIRET:23440003400026,RAW_SIRET,2022-03-05,2022-03-05,2022-09-05,2026-07-13,48,48442,DIGITAL_ICT,True,6.0,True,1,8.21287779237845,22-150264,0.3624146358765149,POTENTIAL,broad
22-40744,SIRET:23440003400026,RAW_SIRET,2022-03-20,2022-08-04,2023-02-04,2026-07-13,48,48000,DIGITAL_ICT,True,6.0,True,1,8.672798948751643,22-162091,0.5729657808219606,POTENTIAL,broad
22-30678,SIRET:22530001100015,RAW_SIRET,2022-03-01,2022-03-01,2022-09-01,2026-07-13,72,72322,DIGITAL_ICT,True,6.0,True,1,5.814717477003942,22-114731,0.4051647732628396,POTENTIAL,broad
22-32913,NAME:cci de maine et loire,NAME_FALLBACK,2022-03-05,2022-03-05,2022-07-05,2026-07-13,32,32321,DIGITAL_ICT,True,4.0,True,0,52.26675427069645,,,,broad
22-41834,NAME:ville de nantes,NAME_FALLBACK,2022-03-22,2022-03-22,2022-09-22,2026-07-13,,,DIGITAL_ICT,True,6.0,True,0,51.70827858081472,,,,broad
22-39410,NAME:sdis 44,NAME_FALLBACK,2022-03-18,2022-03-18,2022-09-18,2026-07-13,48,48000,DIGITAL_ICT,True,6.0,True,1,7.7858081471747695,22-150236,0.3647594070253928,MEDIUM,broad
22-40753,SIRET:18009202500121,RAW_SIRET,2022-03-20,2022-03-20,2022-08-20,2026-07-13,42,42638,DIGITAL_ICT,True,5.0,True,0,51.77398160315374,,,,broad
22-43560,NAME:universite du maine,NAME_FALLBACK,2022-03-26,2022-07-06,2022-11-06,2026-07-13,30,30237,DIGITAL_ICT,True,4.0,True,0,51.57687253613666,,,,broad
22-44037,SIRET:11000201100044,RAW_SIRET,2022-03-25,2022-03-25,2022-09-25,2026-07-13,72,72250,DIGITAL_ICT,True,6.0,True,1,3.580814717477004,22-97632,0.2795262081090895,MEDIUM,broad
22-38732,NAME:crous de nantes,NAME_FALLBACK,2022-03-17,2022-06-15,2022-12-15,2026-07-13,72,72500,DIGITAL_ICT,True,6.0,True,0,51.87253613666228,,,,broad
22-34888,NAME:nantes metropole,NAME_FALLBACK,2022-03-11,2022-03-11,2022-09-11,2026-07-13,71,71351,DIGITAL_ICT,True,6.0,True,1,5.781865965834428,22-118191,0.4057965995476867,MEDIUM,broad
22-35904,NAME:commune de nantes,NAME_FALLBACK,2022-03-12,2022-03-12,2022-08-12,2026-07-13,38,38720,DIGITAL_ICT,True,5.0,True,0,52.03679369250985,,,,broad
22-35499,SIRET:19490970100303,RAW_SIRET,2022-03-10,2022-06-10,2022-12-10,2026-07-13,48,48780,DIGITAL_ICT,True,6.0,True,1,8.114323258869907,22-150817,0.3460044924621881,MEDIUM,broad
22-41246,SIRET:24440055200026,RAW_SIRET,2022-03-21,2022-03-21,2022-07-21,2026-07-13,32,32351,DIGITAL_ICT,True,4.0,True,0,51.74113009198423,,,,broad
22-39891,NAME:nantes metropole,NAME_FALLBACK,2022-03-19,2022-03-19,2022-09-19,2026-07-13,72,72316,DIGITAL_ICT,True,6.0,True,1,5.519053876478318,22-118191,0.4553208737776816,POTENTIAL,broad
22-43134,SIRET:22720002900014,RAW_SIRET,2022-03-24,2022-03-24,2022-09-24,2026-07-13,48,48333,DIGITAL_ICT,True,6.0,True,0,51.64257555847569,,,,broad
22-40106,NAME:commune de loire authion,NAME_FALLBACK,2022-03-17,2022-03-17,2022-09-17,2026-07-13,,,DIGITAL_ICT,True,6.0,True,0,51.87253613666228,,,,broad
22-39212,NAME:nantes metropole,NAME_FALLBACK,2022-03-18,2022-03-18,2022-09-18,2026-07-13,72,72413,DIGITAL_ICT,True,6.0,True,1,5.091984231274639,22-111359,0.4954764735350186,MEDIUM,broad
22-37294,SIRET:43287759500020,RAW_SIRET,2022-03-16,2022-03-16,2022-07-16,2026-07-13,32,32210,DIGITAL_ICT,True,4.0,True,0,51.9053876478318,,,,broad
22-31357,NAME:la roche-sur-yon agglomeration,NAME_FALLBACK,2022-03-04,2022-05-25,2022-09-25,2026-07-13,50,50312,DIGITAL_ICT,True,4.0,True,0,52.299605781865964,,,,broad
22-39260,NAME:ch le mans,NAME_FALLBACK,2022-03-16,2022-03-16,2022-07-16,2026-07-13,32,32523,DIGITAL_ICT,True,4.0,True,1,2.0696452036793693,22-69458,0.3211062876861716,POTENTIAL,broad
22-39342,SIRET:43287759500020,RAW_SIRET,2022-03-16,2022-03-16,2022-09-16,2026-07-13,72,72000,DIGITAL_ICT,True,6.0,True,0,51.9053876478318,,,,broad
22-39639,SIRET:22530001100015,RAW_SIRET,2022-03-17,2022-03-17,2022-09-17,2026-07-13,72,72212,DIGITAL_ICT,True,6.0,True,1,5.978975032851511,22-123803,0.5967596049452663,POTENTIAL,broad
22-38397,NAME:groupement d interet public pix,NAME_FALLBACK,2022-03-17,2022-03-17,2022-09-17,2026-07-13,72,72000,DIGITAL_ICT,True,6.0,True,0,51.87253613666228,,,,broad
22-40191,NAME:gie sesam vitale,NAME_FALLBACK,2022-03-19,2023-05-05,2023-11-05,2026-07-13,72,72268,DIGITAL_ICT,True,6.0,True,0,51.80683311432326,,,,broad
22-41300,NAME:urssaf des pays de la loire,NAME_FALLBACK,2022-03-23,2022-06-26,2022-12-26,2026-07-13,72,72222,DIGITAL_ICT,True,6.0,True,0,51.6754270696452,,,,broad
22-29878,SIRET:23440003400026,RAW_SIRET,2022-03-02,2022-08-31,2023-02-28,2026-07-13,48,48000,DIGITAL_ICT,True,6.0,True,1,9.264126149802893,22-162091,0.6270782611467222,HIGH,broad
22-39590,SIRET:20003329800015,RAW_SIRET,2022-03-19,2022-06-26,2022-10-26,2026-07-13,30,30230,DIGITAL_ICT,True,4.0,True,0,51.80683311432326,,,,broad
22-50772,SIRET:21440162200011,RAW_SIRET,2022-04-07,2022-04-07,2022-08-07,2026-07-13,32,32400,DIGITAL_ICT,True,4.0,True,0,51.1826544021025,,,,broad
22-60784,SIRET:22720002900014,RAW_SIRET,2022-04-30,2022-09-04,2023-03-04,2026-07-13,72,72220,DIGITAL_ICT,True,6.0,True,1,11.85939553219448,23-56040,0.3435062783025263,MEDIUM,broad
22-53246,NAME:commune de saint mars du desert,NAME_FALLBACK,2022-04-14,2022-04-14,2022-09-14,2026-07-13,35,35120,DIGITAL_ICT,True,5.0,True,0,50.9526938239159,,,,broad
22-54720,SIRET:22720002900014,RAW_SIRET,2022-04-14,2022-04-14,2023-04-14,2026-07-13,45,45110,DIGITAL_ICT,True,12.0,True,1,12.3850197109067,23-56040,0.3879408431909091,MEDIUM,broad
22-58011,SIRET:28490001600023,RAW_SIRET,2022-04-22,2022-08-25,2023-01-25,2026-07-13,35,35111,DIGITAL_ICT,True,5.0,True,1,10.348226018396844,23-29827,0.3053591997713831,MEDIUM,broad
22-47598,NAME:chu de nantes,NAME_FALLBACK,2022-04-03,2022-04-03,2022-10-03,2026-07-13,33,33696,DIGITAL_ICT,True,6.0,True,1,4.960578186596584,22-118151,0.3272406886099299,MEDIUM,broad
22-51860,SIRET:22850001300658,RAW_SIRET,2022-04-10,2022-09-17,2023-03-17,2026-07-13,72,72413,DIGITAL_ICT,True,6.0,True,1,11.563731931668856,23-41648,0.4243868695788898,MEDIUM,broad
22-50187,SIRET:26720048300019,RAW_SIRET,2022-04-06,2022-04-06,2022-08-06,2026-07-13,32,32500,DIGITAL_ICT,True,4.0,True,0,51.21550591327201,,,,broad
22-50996,SIRET:18440128900022,RAW_SIRET,2022-04-07,2022-04-07,2022-10-07,2026-07-13,72,72415,DIGITAL_ICT,True,6.0,True,0,51.1826544021025,,,,broad
22-49221,NAME:departement de la mayenne,NAME_FALLBACK,2022-04-07,2022-04-07,2022-10-07,2026-07-13,72,72212,DIGITAL_ICT,True,6.0,True,1,5.223390275952694,22-122955,0.3211402420064611,MEDIUM,broad
22-49163,SIRET:24720068600100,RAW_SIRET,2022-04-05,2022-04-05,2022-08-05,2026-07-13,30,30200,DIGITAL_ICT,True,4.0,True,0,51.24835742444152,,,,broad
22-48008,NAME:unicancer achats,NAME_FALLBACK,2022-04-03,2022-12-24,2023-06-24,2026-07-13,75,75310,DIGITAL_ICT,True,6.0,True,1,14.027595269382392,23-75513,0.286572459663485,MEDIUM,broad
22-49146,NAME:ecole centrale de nantes,NAME_FALLBACK,2022-04-07,2022-08-03,2022-12-03,2026-07-13,30,30200,DIGITAL_ICT,True,4.0,True,0,51.1826544021025,,,,broad
22-50379,NAME:metropole nantes metropole,NAME_FALLBACK,2022-04-10,2022-04-10,2022-10-10,2026-07-13,48,48000,DIGITAL_ICT,True,6.0,True,0,51.08409986859395,,,,broad
22-52158,SIRET:22440002800011,RAW_SIRET,2022-04-11,2022-04-11,2022-10-11,2026-07-13,72,72268,DIGITAL_ICT,True,6.0,True,1,0.5913272010512484,22-61807,0.464733294055223,MEDIUM,broad
22-55032,SIRET:22440002800011,RAW_SIRET,2022-04-17,2022-04-17,2022-10-17,2026-07-13,72,72268,DIGITAL_ICT,True,6.0,True,1,0.3942181340341655,22-61807,0.4514551914735765,MEDIUM,broad
22-46783,NAME:commune de cesson sevigne,NAME_FALLBACK,2022-04-02,2022-07-24,2022-11-24,2026-07-13,32,32500,DIGITAL_ICT,True,4.0,True,0,51.34691195795006,,,,broad
22-46762,NAME:territoire d energie de mayenne,NAME_FALLBACK,2022-04-02,2022-06-15,2022-12-15,2026-07-13,48,48900,DIGITAL_ICT,True,6.0,True,0,51.34691195795006,,,,broad
22-51225,NAME:cci pays de la loire,NAME_FALLBACK,2022-04-10,2022-07-03,2022-12-03,2026-07-13,38,38652,DIGITAL_ICT,True,5.0,True,1,8.015768725361367,22-162295,0.3021845627931976,POTENTIAL,broad
22-42168,SIRET:24490001500011,RAW_SIRET,2022-04-08,2022-04-08,2022-10-08,2026-07-13,72,72421,DIGITAL_ICT,True,6.0,True,1,6.438896189224704,22-141594,0.3941998132863397,MEDIUM,broad
22-54446,NAME:nantes metropole,NAME_FALLBACK,2022-04-16,2022-04-16,2022-09-16,2026-07-13,79,79530,DIGITAL_ICT,True,5.0,True,1,4.139290407358739,22-111359,0.336728897364807,POTENTIAL,broad
22-58525,SIRET:24440053700035,RAW_SIRET,2022-04-27,2022-10-09,2023-04-09,2026-07-13,72,72253,DIGITAL_ICT,True,6.0,True,0,50.52562417871222,,,,broad
22-59884,SIRET:19490970100303,RAW_SIRET,2022-04-29,2022-11-10,2023-03-10,2026-07-13,30,30121,DIGITAL_ICT,True,4.0,True,0,50.45992115637319,,,,broad
22-48493,NAME:cmar pays de la loire,NAME_FALLBACK,2022-04-04,2022-06-27,2022-12-27,2026-07-13,,,DIGITAL_ICT,True,6.0,True,1,6.767411300919842,22-143552,0.3404281748660852,MEDIUM,broad
22-54094,SIRET:21440109300015,RAW_SIRET,2022-04-16,2022-09-02,2023-03-02,2026-07-13,72,72320,DIGITAL_ICT,True,6.0,True,1,11.85939553219448,23-48831,0.3011306002494082,POTENTIAL,broad
22-54330,SIRET:28720026500018,RAW_SIRET,2022-04-14,2022-04-14,2022-08-14,2026-07-13,50,50330,DIGITAL_ICT,True,4.0,True,1,7.851511169513797,22-163117,0.319739980378582,MEDIUM,broad
22-50687,NAME:mairie de coueron,NAME_FALLBACK,2022-04-07,2022-04-07,2022-10-07,2026-07-13,,,DIGITAL_ICT,True,6.0,True,0,51.1826544021025,,,,broad
22-52027,NAME:nantes metropole,NAME_FALLBACK,2022-04-13,2022-04-13,2022-10-13,2026-07-13,72,72227,DIGITAL_ICT,True,6.0,True,1,7.687253613666228,22-157410,0.5530716381347047,POTENTIAL,broad
22-54705,SIRET:30122243600034,RAW_SIRET,2022-04-16,2022-05-25,2022-11-25,2026-07-13,72,72262,DIGITAL_ICT,True,6.0,True,0,50.88699080157687,,,,broad
22-53631,SIRET:24490001500011,RAW_SIRET,2022-04-13,2022-04-13,2022-08-13,2026-07-13,32,32412,DIGITAL_ICT,True,4.0,True,0,50.98554533508541,,,,broad
22-57715,NAME:satt ouest valorisation,NAME_FALLBACK,2022-04-22,2022-04-22,2022-10-22,2026-07-13,,,DIGITAL_ICT,True,6.0,True,0,50.68988173455979,,,,broad
22-58061,SIRET:21850222700018,RAW_SIRET,2022-04-25,2022-04-25,2022-08-25,2026-07-13,32,32321,DIGITAL_ICT,True,4.0,True,0,50.59132720105125,,,,broad
22-61807,SIRET:22440002800011,RAW_SIRET,2022-04-29,2022-04-29,2022-10-29,2026-07-13,72,72268,DIGITAL_ICT,True,6.0,True,1,4.566360052562418,22-123056,0.3640237621636436,POTENTIAL,broad
22-72719,NAME:ville d angers,NAME_FALLBACK,2022-05-22,2022-08-31,2023-01-31,2026-07-13,35,35811,DIGITAL_ICT,True,5.0,True,1,10.578186596583445,23-47137,0.5741265132810642,HIGH,broad
22-74356,NAME:semitan,NAME_FALLBACK,2022-05-26,2022-10-16,2023-04-16,2026-07-13,72,72600,DIGITAL_ICT,True,6.0,True,1,10.611038107752956,23-48532,0.3722229372742381,MEDIUM,broad
22-63296,SIRET:22850001300658,RAW_SIRET,2022-05-05,2022-10-20,2023-02-20,2026-07-13,30,30125,DIGITAL_ICT,True,4.0,True,1,10.74244415243101,23-41648,0.3315726998550717,POTENTIAL,broad
22-71838,SIRET:24440045300035,RAW_SIRET,2022-05-19,2022-08-25,2023-02-25,2026-07-13,48,48900,DIGITAL_ICT,True,6.0,True,0,49.80289093298292,,,,broad
22-74813,NAME:gie sesam vitale,NAME_FALLBACK,2022-05-27,2023-05-06,2023-11-06,2026-07-13,72,72000,DIGITAL_ICT,True,6.0,True,1,14.750328515111695,23-115723,0.3643570383005797,MEDIUM,broad
22-72105,NAME:departement du finistere,NAME_FALLBACK,2022-05-20,2022-05-20,2022-11-20,2026-07-13,,,DIGITAL_ICT,True,6.0,True,0,49.7700394218134,,,,broad
22-64366,NAME:commune d avrille,NAME_FALLBACK,2022-05-05,2022-05-05,2022-11-05,2026-07-13,,,DIGITAL_ICT,True,6.0,True,0,50.26281208935611,,,,broad
22-66076,NAME:ch le mans,NAME_FALLBACK,2022-05-11,2022-05-18,2022-09-18,2026-07-13,32,32323,DIGITAL_ICT,True,4.0,True,1,0.2299605781865965,22-69458,0.7064239214869554,HIGH,broad
22-68207,NAME:universite de rennes 1,NAME_FALLBACK,2022-05-14,2022-05-14,2022-11-14,2026-07-13,72,72000,DIGITAL_ICT,True,6.0,True,0,49.96714848883049,,,,broad
22-69132,SIRET:21720003900014,RAW_SIRET,2022-05-15,2022-08-28,2022-12-28,2026-07-13,30,30200,DIGITAL_ICT,True,4.0,True,0,49.93429697766097,,,,broad
22-67015,SIRET:05720113900045,RAW_SIRET,2022-05-10,2022-05-10,2022-11-10,2026-07-13,72,72500,DIGITAL_ICT,True,6.0,True,0,50.09855453350854,,,,broad
22-69242,SIRET:24440040400129,RAW_SIRET,2022-05-14,2022-05-14,2022-11-14,2026-07-13,48,48000,DIGITAL_ICT,True,6.0,True,1,5.354796320630749,22-142509,0.6622664423221235,HIGH,broad
22-69952,SIRET:23440003400026,RAW_SIRET,2022-05-16,2022-05-16,2022-11-16,2026-07-13,72,72000,DIGITAL_ICT,True,6.0,True,1,8.935611038107753,23-20260,0.5396899443514122,HIGH,broad
22-64763,NAME:lycee professionnel leonard de vinci,NAME_FALLBACK,2022-05-13,2022-05-13,2022-11-13,2026-07-13,,,DIGITAL_ICT,True,6.0,True,0,50.0,,,,broad
22-74630,SIRET:31468496000045,RAW_SIRET,2022-05-25,2022-05-25,2022-09-25,2026-07-13,32,32424,DIGITAL_ICT,True,4.0,True,1,2.759526938239159,22-112462,0.3036760514269845,MEDIUM,broad
22-64560,NAME:insee,NAME_FALLBACK,2022-05-07,2022-08-27,2023-02-27,2026-07-13,72,72310,DIGITAL_ICT,True,6.0,True,0,50.19710906701708,,,,broad
22-51760,SIRET:24490001500011,RAW_SIRET,2022-05-04,2022-05-04,2022-09-04,2026-07-13,32,32352,DIGITAL_ICT,True,4.0,True,1,5.5847568988173455,22-141594,0.2886015893644235,MEDIUM,broad
22-63613,SIRET:20006001000010,RAW_SIRET,2022-05-04,2022-05-04,2022-11-04,2026-07-13,48,48450,DIGITAL_ICT,True,6.0,True,0,50.29566360052562,,,,broad
22-68396,SIRET:13002974700016,RAW_SIRET,2022-05-14,2022-07-20,2022-11-20,2026-07-13,50,50324,DIGITAL_ICT,True,4.0,True,0,49.96714848883049,,,,broad
22-69458,NAME:ch le mans,NAME_FALLBACK,2022-05-18,2022-10-23,2023-02-23,2026-07-13,32,32323,DIGITAL_ICT,True,4.0,True,0,49.83574244415243,,,,broad
22-70562,SIRET:21440018600018,RAW_SIRET,2022-05-17,2022-05-17,2022-09-17,2026-07-13,30,30200,DIGITAL_ICT,True,4.0,True,0,49.86859395532194,,,,broad
22-72517,SIRET:23440003400026,RAW_SIRET,2022-05-22,2022-05-22,2022-11-22,2026-07-13,48,48000,DIGITAL_ICT,True,6.0,True,1,6.603153745072273,22-162091,0.8698328585893068,HIGH,broad
22-73400,SIRET:20008322800011,RAW_SIRET,2022-05-23,2022-05-23,2022-11-23,2026-07-13,72,72500,DIGITAL_ICT,True,6.0,True,0,49.67148488830486,,,,broad
22-73557,SIRET:26490003600015,RAW_SIRET,2022-05-23,2022-05-23,2022-11-23,2026-07-13,75,75310,DIGITAL_ICT,True,6.0,True,0,49.67148488830486,,,,broad
22-69543,NAME:departement de la mayenne,NAME_FALLBACK,2022-05-16,2022-05-16,2022-11-16,2026-07-13,,,DIGITAL_ICT,True,6.0,True,1,3.942181340341656,22-122955,0.4617191725302487,MEDIUM,broad
22-61804,SIRET:21720181300011,RAW_SIRET,2022-05-01,2022-07-28,2022-11-28,2026-07-13,50,50312,DIGITAL_ICT,True,4.0,True,1,5.486202365308804,22-137172,0.3008590922919921,MEDIUM,broad
22-66848,NAME:semitan,NAME_FALLBACK,2022-05-12,2022-10-16,2023-04-16,2026-07-13,72,72514,DIGITAL_ICT,True,6.0,True,1,11.070959264126149,23-48532,0.3850706069976917,POTENTIAL,broad
22-90330,SIRET:86080007700098,RAW_SIRET,2022-06-30,2022-10-08,2023-04-08,2026-07-13,72,72611,DIGITAL_ICT,True,6.0,True,0,48.42312746386334,,,,broad
22-90329,SIRET:22440002800011,RAW_SIRET,2022-06-30,2023-02-25,2023-08-25,2026-07-13,72,72611,DIGITAL_ICT,True,6.0,True,1,19.185282522996054,24-13163,0.5388797868169515,POTENTIAL,broad
22-77622,SIRET:22720002900014,RAW_SIRET,2022-06-03,2022-10-06,2023-04-06,2026-07-13,72,72500,DIGITAL_ICT,True,6.0,True,1,10.74244415243101,23-56040,0.4386047208790647,MEDIUM,broad
22-83349,SIRET:22530001100015,RAW_SIRET,2022-06-16,2022-10-05,2023-04-05,2026-07-13,72,72268,DIGITAL_ICT,True,6.0,True,1,12.483574244415244,23-90833,0.71871203294246,HIGH,broad
22-85365,SIRET:23440003400026,RAW_SIRET,2022-06-19,2023-02-17,2023-08-17,2026-07-13,48,48000,DIGITAL_ICT,True,6.0,True,1,13.107752956636006,23-104062,0.3694718464284804,POTENTIAL,broad
22-83864,SIRET:26440013600018,RAW_SIRET,2022-06-15,2022-06-15,2022-12-15,2026-07-13,48,48000,DIGITAL_ICT,True,6.0,True,0,48.91590013140605,,,,broad
22-84979,SIRET:19490970100303,RAW_SIRET,2022-06-19,2022-11-06,2023-03-06,2026-07-13,32,32424,DIGITAL_ICT,True,4.0,True,1,2.9566360052562417,22-124106,0.4209983217007843,MEDIUM,broad
22-85384,SIRET:21440190300155,RAW_SIRET,2022-06-17,2022-06-17,2022-12-17,2026-07-13,48,48780,DIGITAL_ICT,True,6.0,True,0,48.85019710906702,,,,broad
22-89869,NAME:caisse primaire assur maladie maine lo,NAME_FALLBACK,2022-06-28,2022-06-28,2022-12-28,2026-07-13,,,DIGITAL_ICT,True,6.0,True,0,48.48883048620237,,,,broad
22-88894,SIRET:24440040400129,RAW_SIRET,2022-06-24,2022-06-24,2022-12-24,2026-07-13,48,48000,DIGITAL_ICT,True,6.0,True,1,4.007884362680684,22-142509,0.6070822270349335,HIGH,broad
22-87044,NAME:ubs,NAME_FALLBACK,2022-06-21,2022-06-21,2022-12-21,2026-07-13,,,DIGITAL_ICT,True,6.0,True,0,48.71879106438896,,,,broad
22-77846,SIRET:22440002800011,RAW_SIRET,2022-06-04,2022-10-09,2023-02-09,2026-07-13,50,50312,DIGITAL_ICT,True,4.0,True,1,10.38107752956636,23-51088,0.3408580354723255,POTENTIAL,broad
22-78339,SIRET:38105376800028,RAW_SIRET,2022-06-02,2022-06-02,2022-12-02,2026-07-13,72,72315,DIGITAL_ICT,True,6.0,True,0,49.34296977660972,,,,broad
22-82130,NAME:chambre agriculture pays de la loire,NAME_FALLBACK,2022-06-15,2022-11-17,2023-04-17,2026-07-13,79,79810,DIGITAL_ICT,True,5.0,True,0,48.91590013140605,,,,broad
22-76804,NAME:cmar pays de la loire,NAME_FALLBACK,2022-06-02,2022-06-02,2022-11-02,2026-07-13,79,79411,DIGITAL_ICT,True,5.0,True,1,4.829172141918528,22-143552,0.361510979091341,MEDIUM,broad
22-79348,SIRET:21440109300015,RAW_SIRET,2022-06-07,2022-06-07,2023-06-07,2026-07-13,45,45421,DIGITAL_ICT,True,12.0,True,0,49.17871222076216,,,,broad
22-84327,NAME:conseil regional des pays de la loire,NAME_FALLBACK,2022-06-18,2022-06-18,2022-10-18,2026-07-13,30,30230,DIGITAL_ICT,True,4.0,True,1,4.139290407358739,22-141355,0.3092277305517196,POTENTIAL,broad
22-82985,SIRET:84042319800018,RAW_SIRET,2022-06-14,2022-06-14,2022-12-14,2026-07-13,72,72212,DIGITAL_ICT,True,6.0,True,0,48.94875164257556,,,,broad
22-77601,SIRET:23440003400026,RAW_SIRET,2022-06-03,2023-01-27,2024-01-27,2026-07-13,80,80310,DIGITAL_ICT,True,12.0,True,1,18.42969776609724,23-174149,0.2951422252858199,POTENTIAL,broad
22-87982,SIRET:26440013600018,RAW_SIRET,2022-06-23,2022-06-23,2022-12-23,2026-07-13,72,72267,DIGITAL_ICT,True,6.0,True,0,48.65308804204994,,,,broad
22-77057,SIRET:19490970100303,RAW_SIRET,2022-06-03,2022-12-25,2023-06-25,2026-07-13,48,48110,DIGITAL_ICT,True,6.0,True,0,49.31011826544021,,,,broad
22-78265,SIRET:21440201800011,RAW_SIRET,2022-06-02,2022-06-02,2022-10-02,2026-07-13,32,32323,DIGITAL_ICT,True,4.0,True,0,49.34296977660972,,,,broad
22-83128,SIRET:22720002900014,RAW_SIRET,2022-06-14,2022-11-07,2023-05-07,2026-07-13,72,72224,DIGITAL_ICT,True,6.0,True,1,15.735873850197107,23-139972,0.5312255166142189,HIGH,broad
22-81224,SIRET:21490007800012,RAW_SIRET,2022-06-15,2022-06-15,2022-12-15,2026-07-13,09,09310,DIGITAL_ICT,True,6.0,True,0,48.91590013140605,,,,broad
22-84578,NAME:universite gustave eiffel,NAME_FALLBACK,2022-06-16,2022-06-16,2022-12-16,2026-07-13,,,DIGITAL_ICT,True,6.0,True,0,48.88304862023653,,,,broad
22-83444,NAME:la cite des congres de nantes,NAME_FALLBACK,2022-06-16,2022-12-02,2023-06-02,2026-07-13,48,48822,DIGITAL_ICT,True,6.0,True,0,48.88304862023653,,,,broad
22-104764,NAME:semitan,NAME_FALLBACK,2022-07-29,2022-12-09,2023-06-09,2026-07-13,72,72212,DIGITAL_ICT,True,6.0,True,1,10.151116951379764,23-74653,0.606135564946019,POTENTIAL,broad
22-94408,SIRET:21440184600016,RAW_SIRET,2022-07-06,2022-10-20,2023-04-20,2026-07-13,72,72510,DIGITAL_ICT,True,6.0,True,1,8.804204993429698,23-43274,0.3975197521037985,MEDIUM,broad
22-95663,SIRET:22440002800011,RAW_SIRET,2022-07-09,2022-07-09,2022-12-09,2026-07-13,35,35113,DIGITAL_ICT,True,5.0,True,1,9.231274638633376,23-51088,0.3576203488242274,POTENTIAL,broad
22-102777,NAME:universite de rennes 1,NAME_FALLBACK,2022-07-24,2023-11-30,2024-03-30,2026-07-13,30,30200,DIGITAL_ICT,True,4.0,True,0,47.63469119579501,,,,broad
22-105581,NAME:st gilles croix de vie agglomeration,NAME_FALLBACK,2022-07-31,2023-01-14,2023-05-14,2026-07-13,30,30230,DIGITAL_ICT,True,4.0,True,1,4.697766097240473,22-167195,0.6396561756062407,HIGH,broad
22-89206,SIRET:81282783000017,RAW_SIRET,2022-07-04,2022-07-04,2023-01-04,2026-07-13,71,71311,DIGITAL_ICT,True,6.0,True,0,48.29172141918528,,,,broad
22-95583,NAME:commune de saint-herblain,NAME_FALLBACK,2022-07-07,2022-07-07,2023-01-07,2026-07-13,,,DIGITAL_ICT,True,6.0,True,0,48.19316688567674,,,,broad
22-94809,SIRET:24440064400013,RAW_SIRET,2022-07-08,2023-01-05,2023-07-05,2026-07-13,48,48160,DIGITAL_ICT,True,6.0,True,1,10.512483574244415,23-70584,0.7505225013666931,HIGH,broad
22-97632,SIRET:11000201100044,RAW_SIRET,2022-07-12,2022-10-24,2023-04-24,2026-07-13,,,DIGITAL_ICT,True,6.0,True,0,48.02890932982917,,,,broad
22-100677,NAME:vendee eau,NAME_FALLBACK,2022-07-21,2022-11-19,2023-05-19,2026-07-13,72,72000,DIGITAL_ICT,True,6.0,True,1,10.085413929040737,23-70292,0.3363723931201592,POTENTIAL,broad
22-103042,NAME:e-collectivites vendee,NAME_FALLBACK,2022-07-24,2022-07-24,2023-01-24,2026-07-13,48,48730,DIGITAL_ICT,True,6.0,True,0,47.63469119579501,,,,broad
22-102191,NAME:rectorat division scus,NAME_FALLBACK,2022-07-24,2022-07-24,2022-11-24,2026-07-13,32,32321,DIGITAL_ICT,True,4.0,True,0,47.63469119579501,,,,broad
22-102718,SIRET:20007807900015,RAW_SIRET,2022-07-24,2023-01-05,2023-07-05,2026-07-13,72,72500,DIGITAL_ICT,True,6.0,True,0,47.63469119579501,,,,broad
22-105832,SIRET:22850001300658,RAW_SIRET,2022-07-28,2022-10-21,2023-04-21,2026-07-13,72,72212,DIGITAL_ICT,True,6.0,True,1,7.982917214191852,23-41648,0.4371484888304862,MEDIUM,broad
22-93332,NAME:vendee expansion,NAME_FALLBACK,2022-07-06,2022-10-02,2023-04-02,2026-07-13,72,72500,DIGITAL_ICT,True,6.0,True,0,48.22601839684626,,,,broad
22-98192,SIRET:22850001300658,RAW_SIRET,2022-07-12,2023-02-09,2023-08-09,2026-07-13,72,72600,DIGITAL_ICT,True,6.0,True,1,11.4323258869908,23-87983,0.3034167005015218,POTENTIAL,broad
22-102371,NAME:commune de vallons-de-l erdre,NAME_FALLBACK,2022-07-24,2022-07-24,2023-01-24,2026-07-13,72,72500,DIGITAL_ICT,True,6.0,True,0,47.63469119579501,,,,broad
22-105844,NAME:acoss,NAME_FALLBACK,2022-07-30,2022-07-30,2023-01-30,2026-07-13,77,77310,DIGITAL_ICT,True,6.0,True,0,47.437582128777926,,,,broad
22-95015,NAME:conseil regional des pays de la loire,NAME_FALLBACK,2022-07-09,2022-07-09,2022-11-09,2026-07-13,32,32322,DIGITAL_ICT,True,4.0,True,1,2.562417871222076,22-127675,0.4311575752698703,MEDIUM,broad
22-95969,SIRET:19490970100303,RAW_SIRET,2022-07-10,2023-03-04,2023-07-04,2026-07-13,32,32320,DIGITAL_ICT,True,4.0,True,0,48.0946123521682,,,,broad
22-94454,NAME:nantes metropole,NAME_FALLBACK,2022-07-24,2023-02-08,2023-08-08,2026-07-13,72,72242,DIGITAL_ICT,True,6.0,True,1,11.925098554533507,23-102643,0.3591488182299039,POTENTIAL,broad
22-102623,NAME:nantes metropole,NAME_FALLBACK,2022-07-24,2022-07-24,2022-11-24,2026-07-13,32,32323,DIGITAL_ICT,True,4.0,True,1,3.9093298291721417,22-153504,0.3180614661559311,POTENTIAL,broad
22-105384,SIRET:24720013200014,RAW_SIRET,2022-07-30,2023-02-05,2024-01-05,2026-07-13,39,39300,DIGITAL_ICT,True,11.0,True,1,20.49934296977661,24-43365,0.708304826841958,POTENTIAL,broad
22-95027,NAME:gie sesam vitale,NAME_FALLBACK,2022-07-09,2023-06-29,2023-12-29,2026-07-13,72,72000,DIGITAL_ICT,True,6.0,True,1,13.3377135348226,23-115723,0.3669230919231313,MEDIUM,broad
22-98745,SIRET:13002591900015,RAW_SIRET,2022-07-13,2022-07-13,2023-01-13,2026-07-13,72,72316,DIGITAL_ICT,True,6.0,True,0,47.99605781865966,,,,broad
22-94145,NAME:commune les sables d olonne,NAME_FALLBACK,2022-07-07,2022-07-07,2023-01-07,2026-07-13,71,71200,DIGITAL_ICT,True,6.0,True,0,48.19316688567674,,,,broad
22-98112,NAME:oniris,NAME_FALLBACK,2022-07-14,2022-07-14,2023-01-14,2026-07-13,72,72230,DIGITAL_ICT,True,6.0,True,0,47.96320630749015,,,,broad
22-92446,NAME:geves,NAME_FALLBACK,2022-07-03,2023-02-25,2023-08-25,2026-07-13,48,48450,DIGITAL_ICT,True,6.0,True,0,48.3245729303548,,,,broad
22-94102,SIRET:22530001100015,RAW_SIRET,2022-07-05,2022-07-05,2023-01-05,2026-07-13,72,72267,DIGITAL_ICT,True,6.0,True,1,5.157687253613666,22-162095,0.4948169581273667,POTENTIAL,broad
22-92531,NAME:cc challans gois communaute,NAME_FALLBACK,2022-07-06,2022-10-06,2023-02-06,2026-07-13,30,30230,DIGITAL_ICT,True,4.0,True,0,48.22601839684626,,,,broad
22-99431,NAME:ctre hosp universitaire angers,NAME_FALLBACK,2022-07-17,2022-07-17,2022-12-17,2026-07-13,79,79131,DIGITAL_ICT,True,5.0,True,1,2.9894875164257555,22-138398,0.2887762723171475,MEDIUM,broad
22-101575,SIRET:18450301900012,RAW_SIRET,2022-07-20,2022-07-20,2023-01-20,2026-07-13,72,72316,DIGITAL_ICT,True,6.0,True,0,47.76609724047306,,,,broad
22-92345,NAME:gpm de nantes - st nazaire,NAME_FALLBACK,2022-07-03,2022-10-09,2023-04-09,2026-07-13,48,48321,DIGITAL_ICT,True,6.0,True,0,48.3245729303548,,,,broad
22-94904,SIRET:24440040400129,RAW_SIRET,2022-07-07,2022-07-07,2023-01-07,2026-07-13,72,72000,DIGITAL_ICT,True,6.0,True,1,4.599211563731932,22-156333,0.3592152862895333,POTENTIAL,broad
22-98278,SIRET:89982886700015,RAW_SIRET,2022-07-12,2022-07-12,2023-01-12,2026-07-13,72,72222,DIGITAL_ICT,True,6.0,True,0,48.02890932982917,,,,broad
22-116324,SIRET:24720013200014,RAW_SIRET,2022-08-31,2023-02-04,2023-08-04,2026-07-13,48,48600,DIGITAL_ICT,True,6.0,True,1,11.76084099868594,23-117420,0.4628804518949214,MEDIUM,broad
22-108149,SIRET:24720013200014,RAW_SIRET,2022-08-05,2022-11-09,2023-03-09,2026-07-13,32,32510,DIGITAL_ICT,True,4.0,True,0,47.24047306176084,,,,broad
22-115191,NAME:la cite des congres de nantes,NAME_FALLBACK,2022-08-26,2023-01-28,2023-05-28,2026-07-13,32,32321,DIGITAL_ICT,True,4.0,True,0,46.550591327201055,,,,broad
22-111359,NAME:nantes metropole,NAME_FALLBACK,2022-08-20,2022-08-20,2023-02-20,2026-07-13,72,72415,DIGITAL_ICT,True,6.0,True,1,11.038107752956636,23-102643,0.4267875040486796,POTENTIAL,broad
22-113812,NAME:semitan mandataire de nantes metropole,NAME_FALLBACK,2022-08-24,2023-02-19,2023-08-19,2026-07-13,72,72246,DIGITAL_ICT,True,6.0,True,0,46.61629434954008,,,,broad
22-114884,SIRET:26490003600015,RAW_SIRET,2022-08-24,2022-08-24,2023-02-24,2026-07-13,48,48180,DIGITAL_ICT,True,6.0,True,0,46.61629434954008,,,,broad
22-115287,NAME:semitan,NAME_FALLBACK,2022-08-27,2023-01-05,2023-07-05,2026-07-13,48,48822,DIGITAL_ICT,True,6.0,True,1,10.74244415243101,23-101593,0.3494678055190539,MEDIUM,broad
22-48708,SIRET:24440040400129,RAW_SIRET,2022-08-31,2022-08-31,2023-02-28,2026-07-13,72,72243,DIGITAL_ICT,True,6.0,True,1,2.7923784494086727,22-156333,0.6700036443328666,HIGH,broad
22-114731,SIRET:22530001100015,RAW_SIRET,2022-08-25,2023-01-28,2023-07-28,2026-07-13,72,72212,DIGITAL_ICT,True,6.0,True,1,15.210249671484888,23-168051,0.4772317623523224,POTENTIAL,broad
22-113250,NAME:ville de bouguenais,NAME_FALLBACK,2022-08-19,2022-11-14,2023-05-14,2026-07-13,,,DIGITAL_ICT,True,6.0,True,0,46.78055190538765,,,,broad
22-113895,SIRET:21440143200015,RAW_SIRET,2022-08-22,2022-08-22,2022-12-22,2026-07-13,50,50312,DIGITAL_ICT,True,4.0,True,1,1.938239159001314,22-140992,0.2787903451375122,POTENTIAL,broad
22-114141,SIRET:21350051500019,RAW_SIRET,2022-08-24,2022-12-16,2023-04-16,2026-07-13,30,30200,DIGITAL_ICT,True,4.0,True,0,46.61629434954008,,,,broad
22-109768,SIRET:20002377800018,RAW_SIRET,2022-08-08,2022-08-08,2022-12-08,2026-07-13,32,32424,DIGITAL_ICT,True,4.0,True,0,47.1419185282523,,,,broad
22-108057,NAME:nantes metropole,NAME_FALLBACK,2022-08-06,2022-08-06,2023-02-06,2026-07-13,72,72250,DIGITAL_ICT,True,6.0,True,1,7.325886990801576,23-34705,0.4029040583800789,POTENTIAL,broad
22-112462,SIRET:31468496000045,RAW_SIRET,2022-08-17,2022-08-17,2023-02-17,2026-07-13,72,72222,DIGITAL_ICT,True,6.0,True,0,46.846254927726676,,,,broad
22-121609,NAME:agence regionale de sante ars,NAME_FALLBACK,2022-09-11,2022-09-11,2023-03-11,2026-07-13,72,72000,DIGITAL_ICT,True,6.0,True,0,46.024967148488834,,,,broad
22-130653,SIRET:26490115800016,RAW_SIRET,2022-09-29,2022-09-29,2023-03-29,2026-07-13,48,48900,DIGITAL_ICT,True,6.0,True,0,45.433639947437584,,,,broad
22-118151,NAME:chu de nantes,NAME_FALLBACK,2022-09-01,2022-09-01,2023-03-01,2026-07-13,48,48150,DIGITAL_ICT,True,6.0,True,1,6.964520367936925,23-42778,0.3344183590767629,POTENTIAL,broad
22-118673,SIRET:20007186800158,RAW_SIRET,2022-09-02,2022-12-02,2023-06-02,2026-07-13,48,48160,DIGITAL_ICT,True,6.0,True,0,46.320630749014455,,,,broad
22-118191,NAME:nantes metropole,NAME_FALLBACK,2022-09-03,2022-09-03,2023-03-03,2026-07-13,72,72000,DIGITAL_ICT,True,6.0,True,1,3.4822601839684624,22-165917,0.5116588928813228,HIGH,broad
22-123214,NAME:bibliotheque nationale de france,NAME_FALLBACK,2022-09-16,2022-12-11,2023-05-11,2026-07-13,38,38651,DIGITAL_ICT,True,5.0,True,0,45.860709592641264,,,,broad
22-125236,NAME:universite d angers,NAME_FALLBACK,2022-09-19,2023-01-18,2023-07-18,2026-07-13,,,DIGITAL_ICT,True,6.0,True,0,45.76215505913272,,,,broad
22-126683,SIRET:48332191500017,RAW_SIRET,2022-09-21,2022-09-21,2023-03-21,2026-07-13,48,48110,DIGITAL_ICT,True,6.0,True,0,45.696452036793694,,,,broad
22-124634,SIRET:21720095500011,RAW_SIRET,2022-09-16,2022-09-16,2023-01-16,2026-07-13,32,32500,DIGITAL_ICT,True,4.0,True,0,45.860709592641264,,,,broad
22-126767,SIRET:22440002800011,RAW_SIRET,2022-09-23,2023-02-09,2023-06-09,2026-07-13,30,30125,DIGITAL_ICT,True,4.0,True,1,8.377135348226018,23-76444,0.4150598731772016,MEDIUM,broad
22-121588,SIRET:28490001600023,RAW_SIRET,2022-09-09,2022-12-23,2023-06-23,2026-07-13,72,72250,DIGITAL_ICT,True,6.0,True,0,46.090670170827856,,,,broad
22-120001,SIRET:22440002800011,RAW_SIRET,2022-09-06,2022-09-06,2023-01-06,2026-07-13,32,32354,DIGITAL_ICT,True,4.0,True,1,0.4927726675427069,22-126881,0.5094482084430393,HIGH,broad
22-121360,SIRET:22530001100015,RAW_SIRET,2022-09-09,2022-09-09,2023-03-09,2026-07-13,72,72224,DIGITAL_ICT,True,6.0,True,1,8.21287779237845,23-66104,0.377355039710904,POTENTIAL,broad
22-122955,NAME:departement de la mayenne,NAME_FALLBACK,2022-09-13,2022-09-13,2023-03-13,2026-07-13,,,DIGITAL_ICT,True,6.0,True,1,5.978975032851511,23-34018,0.4234085726507356,POTENTIAL,broad
22-119618,SIRET:21440114300018,RAW_SIRET,2022-09-06,2022-09-06,2023-03-06,2026-07-13,71,71221,DIGITAL_ICT,True,6.0,True,0,46.1892247043364,,,,broad
22-120791,NAME:angers loire metropole,NAME_FALLBACK,2022-09-11,2023-02-23,2023-06-23,2026-07-13,32,32321,DIGITAL_ICT,True,4.0,True,0,46.024967148488834,,,,broad
22-124106,SIRET:19490970100303,RAW_SIRET,2022-09-17,2022-09-17,2023-01-17,2026-07-13,32,32424,DIGITAL_ICT,True,4.0,True,1,1.8396846254927728,22-150817,0.3499667865881144,POTENTIAL,broad
22-127882,SIRET:22490001900015,RAW_SIRET,2022-09-30,2022-09-30,2023-03-30,2026-07-13,48,48000,DIGITAL_ICT,True,6.0,True,1,6.208935611038108,23-43054,0.3498729242323235,POTENTIAL,broad
22-123056,SIRET:22440002800011,RAW_SIRET,2022-09-15,2023-02-15,2023-08-15,2026-07-13,72,72600,DIGITAL_ICT,True,6.0,True,1,12.187910643889618,23-131760,0.3085829255417935,POTENTIAL,broad
22-126881,SIRET:22440002800011,RAW_SIRET,2022-09-21,2022-09-21,2023-01-21,2026-07-13,32,32354,DIGITAL_ICT,True,4.0,True,1,2.463863337713535,22-160850,0.4121100109420739,MEDIUM,broad
22-123803,SIRET:22530001100015,RAW_SIRET,2022-09-15,2022-09-15,2023-03-15,2026-07-13,72,72212,DIGITAL_ICT,True,6.0,True,1,8.015768725361367,23-66104,0.4708397319079607,MEDIUM,broad
22-128689,SIRET:20006947400019,RAW_SIRET,2022-09-26,2022-09-26,2023-01-26,2026-07-13,30,30200,DIGITAL_ICT,True,4.0,True,0,45.532194480946124,,,,broad
22-128177,NAME:vendee,NAME_FALLBACK,2022-09-28,2022-12-15,2023-06-15,2026-07-13,72,72500,DIGITAL_ICT,True,6.0,True,0,45.466491458607095,,,,broad
22-118541,SIRET:12006401900074,RAW_SIRET,2022-09-02,2022-09-02,2023-03-02,2026-07-13,72,72267,DIGITAL_ICT,True,6.0,True,0,46.320630749014455,,,,broad
22-121498,SIRET:79781903400043,RAW_SIRET,2022-09-09,2022-09-09,2023-03-09,2026-07-13,72,72268,DIGITAL_ICT,True,6.0,True,0,46.090670170827856,,,,broad
22-122079,SIRET:22440002800011,RAW_SIRET,2022-09-12,2022-09-12,2023-02-12,2026-07-13,79,79530,DIGITAL_ICT,True,5.0,True,1,5.289093298291721,23-24028,0.4218383253457086,MEDIUM,broad
22-127675,NAME:conseil regional des pays de la loire,NAME_FALLBACK,2022-09-25,2023-03-12,2023-07-12,2026-07-13,32,32321,DIGITAL_ICT,True,4.0,True,1,9.362680683311432,23-94478,0.3111904501620776,MEDIUM,broad
22-120139,NAME:ministere des affaires etrangeres,NAME_FALLBACK,2022-09-08,2023-05-08,2023-11-08,2026-07-13,72,72250,DIGITAL_ICT,True,6.0,True,0,46.123521681997374,,,,broad
22-122102,SIRET:21440158000011,RAW_SIRET,2022-09-12,2022-09-12,2023-01-12,2026-07-13,32,32420,DIGITAL_ICT,True,4.0,True,0,45.992115637319316,,,,broad
22-130851,SIRET:22530001100015,RAW_SIRET,2022-10-02,2023-01-08,2023-07-08,2026-07-13,72,72268,DIGITAL_ICT,True,6.0,True,1,8.935611038107753,23-90833,0.7949368212188296,HIGH,broad
22-136844,SIRET:24720013200014,RAW_SIRET,2022-10-14,2024-01-05,2024-07-05,2026-07-13,72,72700,DIGITAL_ICT,True,6.0,True,1,21.45203679369251,24-88815,0.3785173017958826,POTENTIAL,broad
22-141252,NAME:reseau canope,NAME_FALLBACK,2022-10-20,2022-10-20,2023-04-20,2026-07-13,72,72212,DIGITAL_ICT,True,6.0,True,0,44.74375821287779,,,,broad
22-143552,NAME:cmar pays de la loire,NAME_FALLBACK,2022-10-27,2023-03-22,2023-07-22,2026-07-13,32,32412,DIGITAL_ICT,True,4.0,True,0,44.513797634691194,,,,broad
22-137740,NAME:cnam,NAME_FALLBACK,2022-10-15,2022-10-15,2023-03-15,2026-07-13,79,79520,DIGITAL_ICT,True,5.0,True,0,44.90801576872536,,,,broad
22-144549,SIRET:21440109300015,RAW_SIRET,2022-10-26,2022-10-26,2023-04-26,2026-07-13,71,71241,DIGITAL_ICT,True,6.0,True,1,5.519053876478318,23-48831,0.3377559280640314,POTENTIAL,broad
22-145708,NAME:semitan mandataire de nantes metropole,NAME_FALLBACK,2022-10-30,2023-04-01,2023-10-01,2026-07-13,72,72246,DIGITAL_ICT,True,6.0,True,0,44.415243101182654,,,,broad
22-132102,SIRET:21720264700012,RAW_SIRET,2022-10-03,2022-10-03,2023-10-03,2026-07-13,45,45210,DIGITAL_ICT,True,12.0,True,0,45.302233902759525,,,,broad
22-130701,SIRET:13002523200013,RAW_SIRET,2022-10-01,2022-10-01,2023-04-01,2026-07-13,48,48180,DIGITAL_ICT,True,6.0,True,0,45.367936925098554,,,,broad
22-134715,SIRET:22440002800011,RAW_SIRET,2022-10-07,2022-10-07,2023-04-07,2026-07-13,48,48931,DIGITAL_ICT,True,6.0,True,1,6.274638633377135,23-51088,0.3376806833114323,MEDIUM,broad
22-133794,NAME:nantes metropole,NAME_FALLBACK,2022-10-08,2022-10-08,2023-04-08,2026-07-13,72,72224,DIGITAL_ICT,True,6.0,True,1,5.256241787122208,23-34705,0.4354552044794235,POTENTIAL,broad
22-135583,SIRET:21440143200015,RAW_SIRET,2022-10-10,2022-10-10,2023-10-10,2026-07-13,45,45310,DIGITAL_ICT,True,12.0,True,0,45.07227332457293,,,,broad
22-142509,SIRET:24440040400129,RAW_SIRET,2022-10-24,2022-10-24,2023-04-24,2026-07-13,48,48000,DIGITAL_ICT,True,6.0,True,1,7.522996057818659,23-78413,0.3884575715037763,POTENTIAL,broad
22-143289,SIRET:24440064400013,RAW_SIRET,2022-10-27,2023-03-04,2023-09-04,2026-07-13,48,48600,DIGITAL_ICT,True,6.0,True,1,9.461235216819974,23-113446,0.3904225996944128,MEDIUM,broad
22-136155,SIRET:22850001300765,RAW_SIRET,2022-10-11,2023-03-03,2023-09-03,2026-07-13,72,72416,DIGITAL_ICT,True,6.0,True,0,45.039421813403415,,,,broad
22-139769,SIRET:20005359300014,RAW_SIRET,2022-10-18,2022-10-18,2023-02-18,2026-07-13,32,32550,DIGITAL_ICT,True,4.0,True,1,6.931668856767411,23-66268,0.3218746478506065,MEDIUM,broad
22-135485,NAME:semitan mandataire de nantes metropole,NAME_FALLBACK,2022-10-20,2023-05-05,2023-11-05,2026-07-13,72,72212,DIGITAL_ICT,True,6.0,True,0,44.74375821287779,,,,broad
22-141594,SIRET:24490001500011,RAW_SIRET,2022-10-21,2022-10-21,2023-04-21,2026-07-13,72,72319,DIGITAL_ICT,True,6.0,True,1,5.026281208935611,23-37581,0.4036857983431106,MEDIUM,broad
22-141031,NAME:semitan,NAME_FALLBACK,2022-10-22,2023-04-08,2023-10-08,2026-07-13,72,72610,DIGITAL_ICT,True,6.0,True,1,13.797634691195794,23-174031,0.2828150070537295,MEDIUM,broad
22-145122,NAME:ville de coulaines,NAME_FALLBACK,2022-10-27,2022-10-27,2023-04-27,2026-07-13,,,DIGITAL_ICT,True,6.0,True,0,44.513797634691194,,,,broad
22-134805,SIRET:22440002800011,RAW_SIRET,2022-10-09,2023-08-06,2024-01-06,2026-07-13,79,79340,DIGITAL_ICT,True,5.0,True,1,14.19185282522996,23-174764,0.3233251410385037,POTENTIAL,broad
22-137172,SIRET:21720181300011,RAW_SIRET,2022-10-15,2023-01-14,2023-07-14,2026-07-13,72,72267,DIGITAL_ICT,True,6.0,True,1,8.081471747700395,23-83529,0.3376739945065369,MEDIUM,broad
22-138409,NAME:eptb vilaine,NAME_FALLBACK,2022-10-18,2022-10-18,2023-04-18,2026-07-13,,,DIGITAL_ICT,True,6.0,True,1,1.149802890932983,22-154906,0.4834639857960617,MEDIUM,broad
22-137807,NAME:gie des epl de vendee,NAME_FALLBACK,2022-10-14,2022-10-14,2023-04-14,2026-07-13,72,72500,DIGITAL_ICT,True,6.0,True,1,2.1681997371879107,22-166987,0.561239501459182,HIGH,broad
22-131126,SIRET:19490970100303,RAW_SIRET,2022-10-02,2023-01-19,2023-05-19,2026-07-13,32,32415,DIGITAL_ICT,True,4.0,True,0,45.33508541392904,,,,broad
22-138398,NAME:ctre hosp universitaire angers,NAME_FALLBACK,2022-10-16,2023-02-08,2023-07-08,2026-07-13,79,79540,DIGITAL_ICT,True,5.0,True,1,8.73850197109067,23-96123,0.4165805398532393,MEDIUM,broad
22-138435,SIRET:24720009000014,RAW_SIRET,2022-10-16,2023-01-25,2023-05-25,2026-07-13,30,30192,DIGITAL_ICT,True,4.0,True,0,44.875164257555845,,,,broad
22-141355,NAME:conseil regional des pays de la loire,NAME_FALLBACK,2022-10-22,2023-07-07,2024-01-07,2026-07-13,71,71310,DIGITAL_ICT,True,6.0,True,0,44.678055190538764,,,,broad
22-140992,SIRET:21440143200015,RAW_SIRET,2022-10-20,2022-10-20,2023-04-20,2026-07-13,72,72610,DIGITAL_ICT,True,6.0,True,0,44.74375821287779,,,,broad
22-150567,NAME:geves,NAME_FALLBACK,2022-11-12,2023-07-25,2023-12-25,2026-07-13,35,35113,DIGITAL_ICT,True,5.0,True,0,43.98817345597897,,,,broad
22-153148,SIRET:23440003400026,RAW_SIRET,2022-11-19,2022-11-19,2023-05-19,2026-07-13,72,72319,DIGITAL_ICT,True,6.0,True,1,5.716162943495401,23-63743,0.4597590589805361,POTENTIAL,broad
22-153504,NAME:nantes metropole,NAME_FALLBACK,2022-11-20,2022-11-20,2023-05-20,2026-07-13,48,48000,DIGITAL_ICT,True,6.0,True,1,10.11826544021025,23-125766,0.4910783033884208,POTENTIAL,broad
22-156333,SIRET:24440040400129,RAW_SIRET,2022-11-24,2022-11-24,2023-05-24,2026-07-13,72,72243,DIGITAL_ICT,True,6.0,True,1,5.289093298291721,23-60788,0.4609528111209527,MEDIUM,broad
22-146829,NAME:l opcommerce,NAME_FALLBACK,2022-11-04,2022-11-04,2023-11-04,2026-07-13,80,80500,DIGITAL_ICT,True,12.0,True,0,44.250985545335084,,,,broad
22-150236,NAME:sdis 44,NAME_FALLBACK,2022-11-10,2022-11-10,2023-05-10,2026-07-13,,,DIGITAL_ICT,True,6.0,True,0,44.053876478318,,,,broad
22-150892,NAME:ville de coulaines,NAME_FALLBACK,2022-11-10,2022-11-10,2023-05-10,2026-07-13,,,DIGITAL_ICT,True,6.0,True,0,44.053876478318,,,,broad
22-154906,NAME:eptb vilaine,NAME_FALLBACK,2022-11-22,2022-11-22,2023-05-22,2026-07-13,,,DIGITAL_ICT,True,6.0,True,0,43.659658344283834,,,,broad
22-157032,SIRET:26530023600014,RAW_SIRET,2022-11-27,2023-02-04,2023-06-04,2026-07-13,32,32000,DIGITAL_ICT,True,4.0,True,1,6.734559789750328,23-85576,0.4160094079259694,POTENTIAL,broad
22-146330,NAME:vendee,NAME_FALLBACK,2022-11-02,2023-02-02,2023-08-02,2026-07-13,72,72500,DIGITAL_ICT,True,6.0,True,1,4.894875164257556,23-41937,0.3965157769536218,MEDIUM,broad
22-150264,SIRET:23440003400026,RAW_SIRET,2022-11-10,2022-11-10,2023-05-10,2026-07-13,48,48000,DIGITAL_ICT,True,6.0,True,1,0.9526938239159,22-162091,0.4732939071669967,MEDIUM,broad
22-150817,SIRET:19490970100303,RAW_SIRET,2022-11-12,2023-12-13,2024-04-13,2026-07-13,32,32321,DIGITAL_ICT,True,4.0,True,0,43.98817345597897,,,,broad
22-154717,NAME:nantes metropole,NAME_FALLBACK,2022-11-23,2022-11-23,2023-05-23,2026-07-13,48,48000,DIGITAL_ICT,True,6.0,True,1,10.019710906701707,23-125766,0.5411413875169615,HIGH,broad
22-159813,NAME:gie sesam vitale,NAME_FALLBACK,2022-12-04,2023-05-06,2023-11-06,2026-07-13,72,72600,DIGITAL_ICT,True,6.0,True,1,8.47568988173456,23-115723,0.7586734304499803,HIGH,broad
22-163117,SIRET:28720026500018,RAW_SIRET,2022-12-09,2023-03-24,2023-08-24,2026-07-13,35,35111,DIGITAL_ICT,True,5.0,True,1,6.176084099868594,23-81527,0.2904563204044532,MEDIUM,broad
22-162609,SIRET:24490001500060,RAW_SIRET,2022-12-09,2022-12-09,2023-06-09,2026-07-13,48,48813,DIGITAL_ICT,True,6.0,True,0,43.1011826544021,,,,broad
22-162295,NAME:cci pays de la loire,NAME_FALLBACK,2022-12-10,2023-03-12,2023-09-12,2026-07-13,72,72130,DIGITAL_ICT,True,6.0,True,0,43.06833114323259,,,,broad
22-162095,SIRET:22530001100015,RAW_SIRET,2022-12-09,2023-03-02,2023-09-02,2026-07-13,72,72268,DIGITAL_ICT,True,6.0,True,1,5.223390275952694,23-66104,0.4532290692581537,POTENTIAL,broad
22-162091,SIRET:23440003400026,RAW_SIRET,2022-12-09,2023-06-07,2023-12-07,2026-07-13,48,48000,DIGITAL_ICT,True,6.0,True,1,12.220762155059132,23-174149,0.3398479748357751,POTENTIAL,broad
22-163372,SIRET:21440184600016,RAW_SIRET,2022-12-09,2023-05-04,2023-11-04,2026-07-13,48,48219,DIGITAL_ICT,True,6.0,True,1,9.42838370565046,23-130718,0.3790453924864256,MEDIUM,broad
22-165925,SIRET:20005042500012,RAW_SIRET,2022-12-15,2022-12-15,2023-06-15,2026-07-13,72,72416,DIGITAL_ICT,True,6.0,True,1,11.23521681997372,23-163953,0.438958333898828,MEDIUM,broad
22-166698,SIRET:22850001300658,RAW_SIRET,2022-12-18,2023-05-14,2023-11-14,2026-07-13,72,72267,DIGITAL_ICT,True,6.0,True,0,42.80551905387648,,,,broad
22-165707,NAME:ch le mans,NAME_FALLBACK,2022-12-15,2022-12-15,2023-06-15,2026-07-13,72,72250,DIGITAL_ICT,True,6.0,True,1,7.35873850197109,23-105797,0.32160081287017,MEDIUM,broad
22-165917,NAME:nantes metropole,NAME_FALLBACK,2022-12-18,2022-12-18,2023-06-18,2026-07-13,72,72000,DIGITAL_ICT,True,6.0,True,1,10.052562417871222,23-144303,0.5142546717827481,HIGH,broad
22-166987,NAME:gie des epl de vendee,NAME_FALLBACK,2022-12-19,2022-12-19,2023-06-19,2026-07-13,72,72500,DIGITAL_ICT,True,6.0,True,0,42.77266754270696,,,,broad
22-160820,SIRET:20007326000016,RAW_SIRET,2022-12-05,2022-12-05,2023-06-05,2026-07-13,72,72200,DIGITAL_ICT,True,6.0,True,0,43.23258869908016,,,,broad
22-163107,NAME:commune de nantes,NAME_FALLBACK,2022-12-09,2023-03-23,2024-03-23,2026-07-13,45,45261,DIGITAL_ICT,True,12.0,True,0,43.1011826544021,,,,broad
22-165672,SIRET:25490130900032,RAW_SIRET,2022-12-17,2022-12-17,2023-06-17,2026-07-13,48,48000,DIGITAL_ICT,True,6.0,True,1,2.5295663600525624,23-28773,0.856274638633377,HIGH,broad
22-166133,NAME:gie des epl de vendee,NAME_FALLBACK,2022-12-18,2022-12-18,2023-06-18,2026-07-13,48,48000,DIGITAL_ICT,True,6.0,True,0,42.80551905387648,,,,broad
22-167195,NAME:st gilles croix de vie agglomeration,NAME_FALLBACK,2022-12-21,2023-04-20,2023-08-20,2026-07-13,30,30230,DIGITAL_ICT,True,4.0,True,1,8.5742444152431,23-125744,0.3152552947119812,POTENTIAL,broad
22-157410,NAME:nantes metropole,NAME_FALLBACK,2022-12-03,2022-12-03,2023-06-03,2026-07-13,72,72227,DIGITAL_ICT,True,6.0,True,1,4.829172141918528,23-58292,0.3972577765644264,MEDIUM,broad
22-163765,SIRET:20005433600017,RAW_SIRET,2022-12-12,2022-12-12,2023-05-12,2026-07-13,35,35123,DIGITAL_ICT,True,5.0,True,1,4.040735873850197,23-49047,0.4215262405207918,MEDIUM,broad
22-164942,NAME:syndicat d eau de l anjou,NAME_FALLBACK,2022-12-16,2022-12-16,2023-06-16,2026-07-13,71,71316,DIGITAL_ICT,True,6.0,True,0,42.8712220762155,,,,broad
22-160850,SIRET:22440002800011,RAW_SIRET,2022-12-05,2022-12-05,2023-04-05,2026-07-13,32,32321,DIGITAL_ICT,True,4.0,True,1,4.336399474375821,23-51088,0.3401335854823881,MEDIUM,broad
22-165686,SIRET:21440184600016,RAW_SIRET,2022-12-15,2023-04-03,2023-10-03,2026-07-13,72,72416,DIGITAL_ICT,True,6.0,True,1,9.231274638633376,23-130718,0.3436146202628974,MEDIUM,broad
22-166149,NAME:gie des epl de vendee,NAME_FALLBACK,2022-12-18,2023-03-03,2023-09-03,2026-07-13,48,48620,DIGITAL_ICT,True,6.0,True,0,42.80551905387648,,,,broad
22-168942,NAME:spr pays de la loire,NAME_FALLBACK,2022-12-23,2023-06-04,2023-12-04,2026-07-13,71,71316,DIGITAL_ICT,True,6.0,True,0,42.64126149802891,,,,broad
23-7811,SIRET:21610001600015,RAW_SIRET,2023-01-17,2023-01-17,2024-01-17,2026-07-13,45,45311,DIGITAL_ICT,True,12.0,True,0,41.81997371879106,,,,broad
23-2072,NAME:ville de bouguenais,NAME_FALLBACK,2023-01-07,2023-04-22,2023-10-22,2026-07-13,72,72212,DIGITAL_ICT,True,6.0,True,0,42.1484888304862,,,,broad
23-5727,NAME:cci pays de la loire,NAME_FALLBACK,2023-01-14,2023-04-05,2023-10-05,2026-07-13,72,72610,DIGITAL_ICT,True,6.0,True,0,41.91852825229961,,,,broad
23-217,NAME:ville d orvault,NAME_FALLBACK,2023-01-02,2023-01-02,2023-07-02,2026-07-13,,,DIGITAL_ICT,True,6.0,True,0,42.31274638633377,,,,broad
23-3092,SIRET:24440040400129,RAW_SIRET,2023-01-12,2023-01-12,2023-06-12,2026-07-13,79,79540,DIGITAL_ICT,True,5.0,True,1,5.321944809461235,23-82058,0.3979833322257338,MEDIUM,broad
23-6460,SIRET:77560485300041,RAW_SIRET,2023-01-13,2023-01-13,2023-05-13,2026-07-13,32,32230,DIGITAL_ICT,True,4.0,True,0,41.95137976346912,,,,broad
23-12403,SIRET:25850022200033,RAW_SIRET,2023-01-26,2023-01-26,2023-07-26,2026-07-13,48,48000,DIGITAL_ICT,True,6.0,True,1,5.913272010512483,23-106340,0.3514406620483524,MEDIUM,broad
23-6087,SIRET:21850191400566,RAW_SIRET,2023-01-13,2023-01-13,2023-07-13,2026-07-13,72,72413,DIGITAL_ICT,True,6.0,True,0,41.95137976346912,,,,broad
23-12419,SIRET:23440003400026,RAW_SIRET,2023-01-28,2023-06-18,2023-12-18,2026-07-13,72,72212,DIGITAL_ICT,True,6.0,True,1,10.578186596583445,23-174149,0.4672623740692071,POTENTIAL,broad
23-13321,NAME:cc ocean marais de monts,NAME_FALLBACK,2023-01-29,2023-06-04,2023-12-04,2026-07-13,72,72220,DIGITAL_ICT,True,6.0,True,0,41.4257555847569,,,,broad
22-171933,SIRET:24720013200014,RAW_SIRET,2023-01-01,2023-01-01,2023-12-01,2026-07-13,39,39300,DIGITAL_ICT,True,11.0,True,1,15.407358738501973,24-43365,0.6603963730530836,POTENTIAL,broad
23-8217,NAME:sdis49,NAME_FALLBACK,2023-01-19,2023-06-30,2023-10-30,2026-07-13,32,32500,DIGITAL_ICT,True,4.0,True,1,8.114323258869907,23-132683,0.2911690919665792,POTENTIAL,broad
23-6398,NAME:chu de nantes,NAME_FALLBACK,2023-01-13,2023-01-13,2023-05-13,2026-07-13,32,32546,DIGITAL_ICT,True,4.0,True,1,3.975032851511169,23-65504,0.322007246581612,POTENTIAL,broad
23-8152,SIRET:24610066300011,RAW_SIRET,2023-01-17,2023-01-17,2024-01-17,2026-07-13,45,45311,DIGITAL_ICT,True,12.0,True,0,41.81997371879106,,,,broad
23-11523,SIRET:21440184600016,RAW_SIRET,2023-01-26,2023-05-06,2023-09-06,2026-07-13,50,50313,DIGITAL_ICT,True,4.0,True,1,7.851511169513797,23-130718,0.3332987932345418,POTENTIAL,broad
23-13316,NAME:cc ocean marais de monts,NAME_FALLBACK,2023-01-29,2023-06-24,2023-10-24,2026-07-13,30,30000,DIGITAL_ICT,True,4.0,True,0,41.4257555847569,,,,broad
23-3611,SIRET:20008776100015,RAW_SIRET,2023-01-11,2023-04-21,2023-08-21,2026-07-13,30,30200,DIGITAL_ICT,True,4.0,True,0,42.01708278580815,,,,broad
23-21660,SIRET:21720364500015,RAW_SIRET,2023-02-14,2023-02-14,2024-02-14,2026-07-13,45,45210,DIGITAL_ICT,True,12.0,True,0,40.90013140604468,,,,broad
23-24849,SIRET:21440184600016,RAW_SIRET,2023-02-21,2023-07-18,2024-01-18,2026-07-13,72,72416,DIGITAL_ICT,True,6.0,True,1,11.59658344283837,24-15971,0.3377598193104322,POTENTIAL,broad
23-25993,NAME:communaute d agglomeration du niortais,NAME_FALLBACK,2023-02-25,2023-02-25,2023-07-25,2026-07-13,79,79800,DIGITAL_ICT,True,5.0,True,0,40.53876478318003,,,,broad
23-14004,SIRET:21440184600016,RAW_SIRET,2023-02-01,2023-05-06,2023-09-06,2026-07-13,32,32342,DIGITAL_ICT,True,4.0,True,1,5.978975032851511,23-110154,0.6704981538587189,HIGH,broad
23-16483,SIRET:79820357600029,RAW_SIRET,2023-02-03,2023-02-03,2023-08-03,2026-07-13,72,72246,DIGITAL_ICT,True,6.0,True,0,41.26149802890933,,,,broad
23-19634,SIRET:24440064400013,RAW_SIRET,2023-02-11,2023-06-28,2023-11-28,2026-07-13,35,35262,DIGITAL_ICT,True,5.0,True,0,40.99868593955322,,,,broad
23-24020,NAME:ville de cholet,NAME_FALLBACK,2023-02-23,2023-05-17,2023-10-17,2026-07-13,35,35262,DIGITAL_ICT,True,5.0,True,0,40.60446780551906,,,,broad
23-24753,NAME:sdis49,NAME_FALLBACK,2023-02-23,2023-04-22,2023-08-22,2026-07-13,32,32230,DIGITAL_ICT,True,4.0,True,1,4.664914586070959,23-99733,0.84030046543682,HIGH,broad
23-18685,NAME:communaute de communes baugeois vallee,NAME_FALLBACK,2023-02-11,2023-02-11,2023-08-11,2026-07-13,72,72500,DIGITAL_ICT,True,6.0,True,0,40.99868593955322,,,,broad
23-20260,SIRET:23440003400026,RAW_SIRET,2023-02-12,2023-02-12,2023-08-12,2026-07-13,72,72000,DIGITAL_ICT,True,6.0,True,1,7.522996057818659,23-134735,0.5882678467998349,POTENTIAL,broad
23-20884,NAME:cnieg,NAME_FALLBACK,2023-02-15,2023-11-08,2024-05-08,2026-07-13,72,72500,DIGITAL_ICT,True,6.0,True,0,40.86727989487517,,,,broad
23-22379,NAME:ctre hosp universitaire angers,NAME_FALLBACK,2023-02-18,2023-09-14,2024-01-14,2026-07-13,32,32360,DIGITAL_ICT,True,4.0,True,0,40.76872536136662,,,,broad
23-23775,NAME:departement de la mayenne,NAME_FALLBACK,2023-02-20,2023-02-20,2023-08-20,2026-07-13,,,DIGITAL_ICT,True,6.0,True,1,0.7227332457293035,23-34018,0.4723587385019711,MEDIUM,broad
23-16355,SIRET:24440064400013,RAW_SIRET,2023-02-05,2023-07-20,2024-01-20,2026-07-13,48,48627,DIGITAL_ICT,True,6.0,True,0,41.1957950065703,,,,broad
23-24028,SIRET:22440002800011,RAW_SIRET,2023-02-20,2023-02-20,2023-07-20,2026-07-13,35,35261,DIGITAL_ICT,True,5.0,True,1,3.4494086727989486,23-76444,0.2884034165571616,POTENTIAL,broad
23-25410,SIRET:24560046500133,RAW_SIRET,2023-02-24,2023-06-24,2023-12-24,2026-07-13,72,72000,DIGITAL_ICT,True,6.0,True,0,40.57161629434954,,,,broad
23-29518,NAME:vendee grand littoral,NAME_FALLBACK,2023-03-03,2023-03-03,2023-09-03,2026-07-13,,,DIGITAL_ICT,True,6.0,True,0,40.34165571616295,,,,broad
23-23753,NAME:angers loire metropole,NAME_FALLBACK,2023-03-08,2023-11-22,2024-05-22,2026-07-13,72,72200,DIGITAL_ICT,True,6.0,True,0,40.17739816031538,,,,broad
23-31575,NAME:ville de nantes,NAME_FALLBACK,2023-03-10,2023-09-15,2024-03-15,2026-07-13,72,72312,DIGITAL_ICT,True,6.0,True,1,14.45466491458607,24-59713,0.2790977185344488,MEDIUM,broad
23-34705,NAME:nantes metropole,NAME_FALLBACK,2023-03-17,2023-03-17,2023-09-17,2026-07-13,72,72267,DIGITAL_ICT,True,6.0,True,1,7.128777923784494,23-144303,0.3944523033200259,POTENTIAL,broad
23-39981,NAME:depafi,NAME_FALLBACK,2023-03-26,2023-10-21,2024-02-21,2026-07-13,32,32344,DIGITAL_ICT,True,4.0,True,0,39.58607095926413,,,,broad
23-37255,SIRET:13002974700016,RAW_SIRET,2023-03-20,2023-07-18,2024-01-18,2026-07-13,85,85311,DIGITAL_ICT,True,6.0,True,0,39.78318002628121,,,,broad
23-37068,NAME:nantes metropole,NAME_FALLBACK,2023-03-22,2023-10-07,2024-04-07,2026-07-13,72,72243,DIGITAL_ICT,True,6.0,True,1,12.450722733245728,24-39718,0.4345317395721282,POTENTIAL,broad
23-43274,SIRET:21440184600016,RAW_SIRET,2023-03-31,2023-07-31,2024-01-31,2026-07-13,72,72220,DIGITAL_ICT,True,6.0,True,1,10.348226018396844,24-15971,0.3376806833114323,POTENTIAL,broad
23-42045,SIRET:77560485100041,RAW_SIRET,2023-03-31,2023-03-31,2023-09-30,2026-07-13,48,48951,DIGITAL_ICT,True,6.0,True,0,39.42181340341656,,,,broad
23-28773,SIRET:25490130900032,RAW_SIRET,2023-03-04,2023-06-14,2023-12-14,2026-07-13,48,48000,DIGITAL_ICT,True,6.0,True,0,40.30880420499343,,,,broad
23-30906,NAME:societe d equipement de la touraine,NAME_FALLBACK,2023-03-09,2023-03-09,2024-03-09,2026-07-13,45,45300,DIGITAL_ICT,True,12.0,True,1,8.5742444152431,23-164280,0.7284425444233535,HIGH,broad
23-31869,NAME:vendee eau,NAME_FALLBACK,2023-03-11,2023-05-25,2023-09-25,2026-07-13,30,30000,DIGITAL_ICT,True,4.0,True,0,40.07884362680684,,,,broad
23-37461,NAME:adoma,NAME_FALLBACK,2023-03-22,2023-03-22,2023-08-22,2026-07-13,79,79540,DIGITAL_ICT,True,5.0,True,0,39.71747700394218,,,,broad
23-38410,SIRET:21490035900016,RAW_SIRET,2023-03-28,2023-03-28,2023-07-28,2026-07-13,32,32323,DIGITAL_ICT,True,4.0,True,0,39.5203679369251,,,,broad
23-31948,SIRET:52926090300016,RAW_SIRET,2023-03-11,2023-05-13,2023-09-13,2026-07-13,32,32323,DIGITAL_ICT,True,4.0,True,1,10.74244415243101,24-11486,0.8069973718791065,POTENTIAL,broad
23-33058,NAME:spl eau du bassin rennais,NAME_FALLBACK,2023-03-12,2023-03-12,2023-09-12,2026-07-13,72,72600,DIGITAL_ICT,True,6.0,True,0,40.04599211563732,,,,broad
23-29827,SIRET:28490001600023,RAW_SIRET,2023-03-03,2023-06-28,2024-06-28,2026-07-13,45,45311,DIGITAL_ICT,True,12.0,True,0,40.34165571616295,,,,broad
23-38767,NAME:gie sesam vitale,NAME_FALLBACK,2023-03-24,2023-03-24,2023-09-24,2026-07-13,72,72700,DIGITAL_ICT,True,6.0,True,1,4.862023653088042,23-115723,0.3207227332457293,MEDIUM,broad
23-41937,NAME:vendee,NAME_FALLBACK,2023-03-31,2023-07-06,2024-01-06,2026-07-13,72,72000,DIGITAL_ICT,True,6.0,True,0,39.42181340341656,,,,broad
23-38908,NAME:nantes metropole,NAME_FALLBACK,2023-03-26,2023-03-26,2023-07-26,2026-07-13,30,30200,DIGITAL_ICT,True,4.0,True,1,3.876478318002628,23-102643,0.3100332220396335,MEDIUM,broad
23-32316,SIRET:20004131700013,RAW_SIRET,2023-03-09,2023-03-09,2023-07-09,2026-07-13,32,32000,DIGITAL_ICT,True,4.0,True,0,40.14454664914586,,,,broad
23-30054,SIRET:22490001900015,RAW_SIRET,2023-03-07,2023-03-07,2023-08-07,2026-07-13,35,35000,DIGITAL_ICT,True,5.0,True,1,4.664914586070959,23-106776,0.3389276145486557,MEDIUM,broad
23-34854,SIRET:24440040400129,RAW_SIRET,2023-03-15,2023-03-15,2023-09-15,2026-07-13,72,72150,DIGITAL_ICT,True,6.0,True,1,7.09592641261498,23-144744,0.3151276442996474,POTENTIAL,broad
23-37581,SIRET:24490001500011,RAW_SIRET,2023-03-23,2023-03-23,2023-09-23,2026-07-13,72,72210,DIGITAL_ICT,True,6.0,True,1,4.1721419185282524,23-108318,0.3325560367648466,MEDIUM,broad
23-34018,NAME:departement de la mayenne,NAME_FALLBACK,2023-03-14,2023-03-14,2023-09-14,2026-07-13,71,71620,DIGITAL_ICT,True,6.0,True,0,39.98028909329829,,,,broad
23-41648,SIRET:22850001300658,RAW_SIRET,2023-03-28,2023-09-25,2024-03-25,2026-07-13,72,72220,DIGITAL_ICT,True,6.0,True,1,13.042049934296976,24-50203,0.4261405562227596,MEDIUM,broad
23-40733,NAME:universite de nantes,NAME_FALLBACK,2023-03-29,2023-07-01,2024-01-01,2026-07-13,72,72500,DIGITAL_ICT,True,6.0,True,0,39.48751642575559,,,,broad
23-48831,SIRET:21440109300015,RAW_SIRET,2023-04-12,2023-04-12,2023-08-12,2026-07-13,32,32322,DIGITAL_ICT,True,4.0,True,1,5.289093298291721,23-130386,0.3631838905796128,MEDIUM,broad
23-53533,SIRET:24850025800046,RAW_SIRET,2023-04-19,2023-04-19,2023-10-19,2026-07-13,72,72413,DIGITAL_ICT,True,6.0,True,0,38.797634691195796,,,,broad
23-44436,NAME:universite de nantes,NAME_FALLBACK,2023-04-05,2024-01-06,2024-07-06,2026-07-13,48,48161,DIGITAL_ICT,True,6.0,True,0,39.25755584756899,,,,broad
23-39978,NAME:ville de nantes,NAME_FALLBACK,2023-04-01,2023-07-09,2023-12-09,2026-07-13,22,22113,DIGITAL_ICT,True,5.0,True,0,39.388961892247046,,,,broad
23-43939,NAME:angers loire metropole,NAME_FALLBACK,2023-04-06,2023-12-17,2024-06-17,2026-07-13,72,72210,DIGITAL_ICT,True,6.0,True,0,39.224704336399476,,,,broad
23-45575,NAME:conseil regional des pays de la loire,NAME_FALLBACK,2023-04-07,2023-04-07,2023-09-07,2026-07-13,92,92111,DIGITAL_ICT,True,5.0,True,1,6.14323258869908,23-140453,0.2821170336156803,MEDIUM,broad
23-48446,SIRET:21440215800015,RAW_SIRET,2023-04-11,2023-04-11,2023-09-11,2026-07-13,35,35113,DIGITAL_ICT,True,5.0,True,0,39.060446780551906,,,,broad
23-50514,SIRET:21440184600016,RAW_SIRET,2023-04-14,2023-09-07,2024-03-07,2026-07-13,48,48219,DIGITAL_ICT,True,6.0,True,1,10.775295663600524,24-27405,0.3580793458370642,POTENTIAL,broad
23-56541,NAME:ville de lagord,NAME_FALLBACK,2023-04-27,2023-08-31,2024-02-29,2026-07-13,72,72500,DIGITAL_ICT,True,6.0,True,0,38.534822601839686,,,,broad
23-57565,NAME:vendee,NAME_FALLBACK,2023-04-28,2023-07-05,2023-11-05,2026-07-13,30,30237,DIGITAL_ICT,True,4.0,True,0,38.50197109067017,,,,broad
23-37612,SIRET:21440109300015,RAW_SIRET,2023-04-12,2023-04-12,2023-09-12,2026-07-13,79,79530,DIGITAL_ICT,True,5.0,True,1,5.289093298291721,23-130386,0.3432339957589339,MEDIUM,broad
23-49047,SIRET:20005433600017,RAW_SIRET,2023-04-14,2023-08-12,2023-12-12,2026-07-13,32,32500,DIGITAL_ICT,True,4.0,True,1,11.268068331143231,24-33909,0.4302754562206115,MEDIUM,broad
23-56040,SIRET:22720002900014,RAW_SIRET,2023-04-26,2023-04-26,2023-10-26,2026-07-13,72,72100,DIGITAL_ICT,True,6.0,True,1,5.354796320630749,23-139972,0.437482177988722,POTENTIAL,broad
23-58813,SIRET:50804739600033,RAW_SIRET,2023-04-28,2023-04-28,2023-10-28,2026-07-13,72,72212,DIGITAL_ICT,True,6.0,True,0,38.50197109067017,,,,broad
23-47137,NAME:ville d angers,NAME_FALLBACK,2023-04-09,2023-08-10,2024-01-10,2026-07-13,35,35321,DIGITAL_ICT,True,5.0,True,0,39.126149802890936,,,,broad
23-53540,SIRET:21850288800017,RAW_SIRET,2023-04-21,2023-04-21,2023-08-21,2026-07-13,30,30230,DIGITAL_ICT,True,4.0,True,0,38.73193166885677,,,,broad
23-56091,NAME:ubs,NAME_FALLBACK,2023-04-26,2023-04-26,2023-08-26,2026-07-13,32,32321,DIGITAL_ICT,True,4.0,True,1,2.59526938239159,23-98709,0.634266767254458,HIGH,broad
23-42712,NAME:mairie de blain,NAME_FALLBACK,2023-04-01,2023-04-01,2023-08-01,2026-07-13,50,50312,DIGITAL_ICT,True,4.0,True,0,39.388961892247046,,,,broad
23-43183,SIRET:22850001300658,RAW_SIRET,2023-04-02,2023-07-15,2023-12-15,2026-07-13,79,79512,DIGITAL_ICT,True,5.0,True,0,39.35611038107753,,,,broad
23-43763,NAME:cnieg,NAME_FALLBACK,2023-04-02,2023-07-15,2024-01-15,2026-07-13,72,72610,DIGITAL_ICT,True,6.0,True,0,39.35611038107753,,,,broad
23-48532,NAME:semitan,NAME_FALLBACK,2023-04-14,2023-12-17,2024-06-17,2026-07-13,72,72212,DIGITAL_ICT,True,6.0,True,1,13.797634691195794,24-66729,0.417607677835241,MEDIUM,broad
23-49217,SIRET:23440003400026,RAW_SIRET,2023-04-14,2023-04-14,2023-10-14,2026-07-13,72,72500,DIGITAL_ICT,True,6.0,True,1,2.9894875164257555,23-98718,0.8538067441363826,HIGH,broad
23-51088,SIRET:22440002800011,RAW_SIRET,2023-04-16,2023-11-05,2024-04-05,2026-07-13,35,35120,DIGITAL_ICT,True,5.0,True,1,9.756898817345595,24-14769,0.3318096145492244,POTENTIAL,broad
23-45378,SIRET:26850242400016,RAW_SIRET,2023-04-04,2023-04-04,2023-09-04,2026-07-13,35,35113,DIGITAL_ICT,True,5.0,True,1,2.8252299605781865,23-90619,0.2784296330505444,MEDIUM,broad
23-45351,NAME:ecole national sup d arts et metiers,NAME_FALLBACK,2023-04-04,2023-07-31,2024-01-31,2026-07-13,,,DIGITAL_ICT,True,6.0,True,0,39.2904073587385,,,,broad
23-42778,NAME:chu de nantes,NAME_FALLBACK,2023-04-01,2023-04-01,2023-10-01,2026-07-13,72,72212,DIGITAL_ICT,True,6.0,True,1,1.4126149802890933,23-65504,0.3235644996766501,MEDIUM,broad
23-43054,SIRET:22490001900015,RAW_SIRET,2023-04-07,2023-06-21,2023-12-21,2026-07-13,72,72268,DIGITAL_ICT,True,6.0,True,0,39.19185282522996,,,,broad
23-58292,NAME:nantes metropole,NAME_FALLBACK,2023-04-29,2023-04-29,2023-10-29,2026-07-13,72,72267,DIGITAL_ICT,True,6.0,True,1,5.716162943495401,23-144303,0.4294976999736405,MEDIUM,broad
23-53208,SIRET:21440074900013,RAW_SIRET,2023-04-19,2023-04-19,2023-10-19,2026-07-13,72,72250,DIGITAL_ICT,True,6.0,True,0,38.797634691195796,,,,broad
23-50647,NAME:clisson sevre et maine agglo,NAME_FALLBACK,2023-04-16,2023-07-27,2023-11-27,2026-07-13,30,30000,DIGITAL_ICT,True,4.0,True,0,38.89618922470434,,,,broad
23-65880,SIRET:18440128900022,RAW_SIRET,2023-05-15,2023-05-15,2023-11-15,2026-07-13,72,72212,DIGITAL_ICT,True,6.0,True,0,37.943495400788436,,,,broad
23-65926,SIRET:21440184600016,RAW_SIRET,2023-05-15,2023-09-26,2024-03-26,2026-07-13,48,48600,DIGITAL_ICT,True,6.0,True,1,9.756898817345595,24-27405,0.3407543044912556,POTENTIAL,broad
23-69310,SIRET:23440003400026,RAW_SIRET,2023-05-22,2024-01-05,2024-07-05,2026-07-13,72,72210,DIGITAL_ICT,True,6.0,True,1,13.731931668856769,24-81981,0.3969012228035811,MEDIUM,broad
23-73010,SIRET:24490088200097,RAW_SIRET,2023-05-30,2023-10-19,2024-04-19,2026-07-13,72,72500,DIGITAL_ICT,True,6.0,True,0,37.450722733245726,,,,broad
23-59845,SIRET:13002974700016,RAW_SIRET,2023-05-02,2023-10-03,2024-04-03,2026-07-13,48,48000,DIGITAL_ICT,True,6.0,True,0,38.370565045992116,,,,broad
23-60788,SIRET:24440040400129,RAW_SIRET,2023-05-04,2023-05-04,2023-11-04,2026-07-13,72,72267,DIGITAL_ICT,True,6.0,True,1,5.45335085413929,23-144744,0.33464290020095,POTENTIAL,broad
23-61473,NAME:ministere des affaires etrangeres,NAME_FALLBACK,2023-05-06,2023-11-30,2024-05-30,2026-07-13,72,72267,DIGITAL_ICT,True,6.0,True,0,38.23915900131406,,,,broad
23-63743,SIRET:23440003400026,RAW_SIRET,2023-05-12,2023-05-12,2023-11-12,2026-07-13,72,72000,DIGITAL_ICT,True,6.0,True,1,4.599211563731932,23-134735,0.5927316680968829,HIGH,broad
23-69565,SIRET:26720016000013,RAW_SIRET,2023-05-23,2023-05-23,2023-11-23,2026-07-13,72,72400,DIGITAL_ICT,True,6.0,True,1,5.814717477003942,23-160919,0.4392137680907727,MEDIUM,broad
23-61217,NAME:ctre hosp universitaire angers,NAME_FALLBACK,2023-05-06,2023-05-06,2023-11-06,2026-07-13,72,72413,DIGITAL_ICT,True,6.0,True,0,38.23915900131406,,,,broad
23-62267,NAME:sdis49,NAME_FALLBACK,2023-05-07,2023-05-07,2023-09-07,2026-07-13,32,32323,DIGITAL_ICT,True,4.0,True,1,4.402102496714849,23-129683,0.3274029992534876,POTENTIAL,broad
23-65504,NAME:chu de nantes,NAME_FALLBACK,2023-05-14,2023-05-14,2023-11-14,2026-07-13,72,72210,DIGITAL_ICT,True,6.0,True,1,10.348226018396844,24-34440,0.4667584911759563,MEDIUM,broad
23-66268,SIRET:20005359300014,RAW_SIRET,2023-05-17,2023-09-07,2024-01-07,2026-07-13,32,32323,DIGITAL_ICT,True,4.0,True,0,37.877792378449406,,,,broad
23-68037,SIRET:24440061000055,RAW_SIRET,2023-05-19,2023-08-06,2023-12-06,2026-07-13,30,30200,DIGITAL_ICT,True,4.0,True,1,4.993429697766097,23-144302,0.5927108956309642,HIGH,broad
23-70292,NAME:vendee eau,NAME_FALLBACK,2023-05-24,2023-05-24,2023-11-24,2026-07-13,,,DIGITAL_ICT,True,6.0,True,0,37.647831800262814,,,,broad
23-63313,NAME:cci pays de la loire,NAME_FALLBACK,2023-05-12,2023-05-12,2023-09-12,2026-07-13,30,30200,DIGITAL_ICT,True,4.0,True,0,38.042049934296976,,,,broad
23-66104,SIRET:22530001100015,RAW_SIRET,2023-05-17,2023-09-23,2024-03-23,2026-07-13,72,72267,DIGITAL_ICT,True,6.0,True,1,6.504599211563732,23-168051,0.4269207938538958,MEDIUM,broad
23-65423,SIRET:39172288100052,RAW_SIRET,2023-05-12,2023-05-12,2023-11-12,2026-07-13,72,72415,DIGITAL_ICT,True,6.0,True,0,38.042049934296976,,,,broad
23-66550,NAME:universite de nantes,NAME_FALLBACK,2023-05-18,2023-09-06,2024-01-06,2026-07-13,30,30121,DIGITAL_ICT,True,4.0,True,0,37.844940867279895,,,,broad
23-70584,SIRET:24440064400013,RAW_SIRET,2023-05-24,2023-09-07,2024-03-07,2026-07-13,48,48160,DIGITAL_ICT,True,6.0,True,0,37.647831800262814,,,,broad
23-61810,SIRET:26530023600014,RAW_SIRET,2023-05-05,2023-10-18,2024-04-18,2026-07-13,72,72150,DIGITAL_ICT,True,6.0,True,0,38.272010512483575,,,,broad
23-63763,SIRET:23440003400026,RAW_SIRET,2023-05-12,2023-05-12,2023-11-12,2026-07-13,72,72000,DIGITAL_ICT,True,6.0,True,1,4.599211563731932,23-134735,0.5921800875010274,HIGH,broad
23-65866,SIRET:53961650800021,RAW_SIRET,2023-05-15,2023-10-10,2024-02-10,2026-07-13,30,30200,DIGITAL_ICT,True,4.0,True,0,37.943495400788436,,,,broad
23-69649,NAME:vendee eau,NAME_FALLBACK,2023-05-23,2023-05-23,2023-11-23,2026-07-13,,,DIGITAL_ICT,True,6.0,True,1,0.0328515111695138,23-70292,0.4000697467173696,MEDIUM,broad
23-83727,NAME:territoire energie loire atlantique,NAME_FALLBACK,2023-06-19,2023-09-20,2024-01-20,2026-07-13,32,32523,DIGITAL_ICT,True,4.0,True,0,36.793692509855454,,,,broad
23-82058,SIRET:24440040400129,RAW_SIRET,2023-06-23,2023-06-23,2023-11-23,2026-07-13,79,79111,DIGITAL_ICT,True,5.0,True,1,5.978975032851511,23-175562,0.3755972685293437,MEDIUM,broad
23-90092,NAME:chd vendee,NAME_FALLBACK,2023-06-28,2023-06-28,2023-12-28,2026-07-13,,,DIGITAL_ICT,True,6.0,True,1,0.0328515111695138,23-90557,0.4408760402978537,MEDIUM,broad
23-89659,NAME:universite gustave eiffel,NAME_FALLBACK,2023-06-30,2023-06-30,2023-12-30,2026-07-13,48,48461,DIGITAL_ICT,True,6.0,True,0,36.4323258869908,,,,broad
23-78413,SIRET:24440040400129,RAW_SIRET,2023-06-10,2023-06-10,2023-12-10,2026-07-13,48,48920,DIGITAL_ICT,True,6.0,True,1,4.23784494086728,23-144744,0.3426885739736257,POTENTIAL,broad
23-81527,SIRET:28720026500018,RAW_SIRET,2023-06-15,2023-06-15,2023-12-15,2026-07-13,48,48700,DIGITAL_ICT,True,6.0,True,0,36.925098554533506,,,,broad
23-75958,SIRET:31468496000045,RAW_SIRET,2023-06-05,2023-06-05,2023-12-05,2026-07-13,72,72500,DIGITAL_ICT,True,6.0,True,1,4.6320630749014455,23-149641,0.2925098554533508,MEDIUM,broad
23-87983,SIRET:22850001300658,RAW_SIRET,2023-06-25,2023-06-25,2023-10-25,2026-07-13,32,32420,DIGITAL_ICT,True,4.0,True,0,36.59658344283837,,,,broad
23-90619,SIRET:26850242400016,RAW_SIRET,2023-06-29,2023-06-29,2023-11-29,2026-07-13,42,42612,DIGITAL_ICT,True,5.0,True,0,36.465177398160314,,,,broad
23-83529,SIRET:21720181300011,RAW_SIRET,2023-06-18,2023-06-18,2023-10-18,2026-07-13,32,32353,DIGITAL_ICT,True,4.0,True,0,36.826544021024965,,,,broad
23-85576,SIRET:26530023600014,RAW_SIRET,2023-06-20,2023-11-21,2024-05-21,2026-07-13,72,72212,DIGITAL_ICT,True,6.0,True,0,36.76084099868594,,,,broad
23-74653,NAME:semitan,NAME_FALLBACK,2023-06-03,2023-11-04,2024-05-04,2026-07-13,72,72212,DIGITAL_ICT,True,6.0,True,1,6.438896189224704,23-174031,0.7683661848445029,HIGH,broad
23-73693,SIRET:23440003400026,RAW_SIRET,2023-06-02,2023-10-11,2024-04-11,2026-07-13,72,72221,DIGITAL_ICT,True,6.0,True,1,6.471747700394218,23-174149,0.3157141078945927,POTENTIAL,broad
23-74379,NAME:semitan,NAME_FALLBACK,2023-06-03,2023-06-03,2023-12-03,2026-07-13,72,72212,DIGITAL_ICT,True,6.0,True,1,6.438896189224704,23-174031,0.5922054314498466,HIGH,broad
23-86585,SIRET:20007190000019,RAW_SIRET,2023-06-22,2023-06-22,2023-10-22,2026-07-13,32,32000,DIGITAL_ICT,True,4.0,True,0,36.69513797634691,,,,broad
23-90557,NAME:chd vendee,NAME_FALLBACK,2023-06-29,2023-06-29,2023-11-29,2026-07-13,42,42612,DIGITAL_ICT,True,5.0,True,0,36.465177398160314,,,,broad
23-89292,SIRET:18004301001485,RAW_SIRET,2023-06-29,2023-06-29,2023-12-29,2026-07-13,72,72212,DIGITAL_ICT,True,6.0,True,0,36.465177398160314,,,,broad
23-76010,NAME:nantes metropole,NAME_FALLBACK,2023-06-07,2023-06-07,2023-11-07,2026-07-13,79,79512,DIGITAL_ICT,True,5.0,True,1,4.369250985545335,23-144516,0.3591566389806018,MEDIUM,broad
23-81892,SIRET:23350001600040,RAW_SIRET,2023-06-14,2023-06-14,2023-12-14,2026-07-13,72,72212,DIGITAL_ICT,True,6.0,True,0,36.957950065703024,,,,broad
23-85344,NAME:universite gustave eiffel,NAME_FALLBACK,2023-06-23,2023-06-23,2023-10-23,2026-07-13,32,32232,DIGITAL_ICT,True,4.0,True,0,36.662286465177395,,,,broad
23-85790,NAME:universite gustave eiffel,NAME_FALLBACK,2023-06-23,2023-06-23,2023-10-23,2026-07-13,32,32232,DIGITAL_ICT,True,4.0,True,0,36.662286465177395,,,,broad
23-72834,SIRET:27490003400019,RAW_SIRET,2023-06-01,2023-10-15,2024-04-15,2026-07-13,72,72500,DIGITAL_ICT,True,6.0,True,0,37.385019710906704,,,,broad
23-73840,NAME:dir ouest,NAME_FALLBACK,2023-06-02,2023-12-20,2024-06-20,2026-07-13,72,72000,DIGITAL_ICT,True,6.0,True,0,37.352168199737186,,,,broad
23-75513,NAME:unicancer achats,NAME_FALLBACK,2023-06-04,2023-06-04,2023-12-04,2026-07-13,72,72611,DIGITAL_ICT,True,6.0,True,0,37.28646517739816,,,,broad
23-76444,SIRET:22440002800011,RAW_SIRET,2023-06-05,2023-06-05,2023-12-05,2026-07-13,71,71241,DIGITAL_ICT,True,6.0,True,1,5.814717477003942,23-166646,0.4731092075571553,MEDIUM,broad
23-91696,NAME:gpm de nantes - st nazaire,NAME_FALLBACK,2023-07-02,2023-07-02,2024-01-02,2026-07-13,72,72241,DIGITAL_ICT,True,6.0,True,0,36.366622864651774,,,,broad
23-106340,SIRET:25850022200033,RAW_SIRET,2023-07-25,2023-12-29,2024-04-29,2026-07-13,30,30200,DIGITAL_ICT,True,4.0,True,0,35.611038107752954,,,,broad
23-106736,NAME:gcs e-sante pays de la loire,NAME_FALLBACK,2023-07-28,2023-07-28,2024-01-28,2026-07-13,72,72212,DIGITAL_ICT,True,6.0,True,1,2.923784494086728,23-148858,0.6971100698672674,HIGH,broad
23-96447,SIRET:21850191400317,RAW_SIRET,2023-07-07,2023-10-27,2024-02-27,2026-07-13,30,30237,DIGITAL_ICT,True,4.0,True,0,36.202365308804204,,,,broad
23-98718,SIRET:23440003400026,RAW_SIRET,2023-07-14,2023-07-14,2024-01-14,2026-07-13,72,72500,DIGITAL_ICT,True,6.0,True,1,5.091984231274639,23-174149,0.3713694301940968,POTENTIAL,broad
23-98812,SIRET:23440003400026,RAW_SIRET,2023-07-14,2023-07-14,2023-12-14,2026-07-13,92,92400,DIGITAL_ICT,True,5.0,True,1,5.091984231274639,23-174149,0.348369975283554,POTENTIAL,broad
23-103126,NAME:ubs,NAME_FALLBACK,2023-07-19,2023-07-19,2024-01-19,2026-07-13,,,DIGITAL_ICT,True,6.0,True,0,35.80814717477004,,,,broad
23-103740,SIRET:13003051300019,RAW_SIRET,2023-07-20,2023-07-20,2023-12-20,2026-07-13,42,42612,DIGITAL_ICT,True,5.0,True,1,8.771353482260183,24-42752,0.3214793510181022,MEDIUM,broad
23-102666,NAME:dirisi,NAME_FALLBACK,2023-07-21,2023-12-09,2024-06-09,2026-07-13,72,72000,DIGITAL_ICT,True,6.0,True,0,35.74244415243101,,,,broad
23-106776,SIRET:22490001900015,RAW_SIRET,2023-07-27,2023-07-27,2024-01-27,2026-07-13,48,48311,DIGITAL_ICT,True,6.0,True,0,35.54533508541393,,,,broad
23-96123,NAME:ctre hosp universitaire angers,NAME_FALLBACK,2023-07-09,2023-07-09,2023-12-09,2026-07-13,35,35113,DIGITAL_ICT,True,5.0,True,0,36.136662286465175,,,,broad
23-102275,NAME:sdis49,NAME_FALLBACK,2023-07-20,2023-07-20,2023-12-20,2026-07-13,35,35110,DIGITAL_ICT,True,5.0,True,0,35.775295663600524,,,,broad
23-104062,SIRET:23440003400026,RAW_SIRET,2023-07-23,2023-07-23,2023-11-23,2026-07-13,32,32321,DIGITAL_ICT,True,4.0,True,1,3.843626806833114,23-160148,0.356104118045909,POTENTIAL,broad
23-105797,NAME:ch le mans,NAME_FALLBACK,2023-07-27,2023-11-17,2024-05-17,2026-07-13,72,72413,DIGITAL_ICT,True,6.0,True,0,35.54533508541393,,,,broad
23-107376,SIRET:21440190300155,RAW_SIRET,2023-07-27,2023-11-29,2024-04-29,2026-07-13,35,35111,DIGITAL_ICT,True,5.0,True,0,35.54533508541393,,,,broad
23-108318,SIRET:24490001500011,RAW_SIRET,2023-07-28,2023-07-28,2024-01-28,2026-07-13,72,72500,DIGITAL_ICT,True,6.0,True,0,35.51248357424441,,,,broad
23-98097,SIRET:20007190000019,RAW_SIRET,2023-07-11,2023-07-11,2024-01-11,2026-07-13,48,48822,DIGITAL_ICT,True,6.0,True,0,36.07095926412615,,,,broad
23-101767,SIRET:24850062100011,RAW_SIRET,2023-07-20,2023-07-20,2024-01-20,2026-07-13,72,72212,DIGITAL_ICT,True,6.0,True,0,35.775295663600524,,,,broad
23-93422,NAME:ville de nantes,NAME_FALLBACK,2023-07-06,2023-07-06,2023-12-06,2026-07-13,79,79415,DIGITAL_ICT,True,5.0,True,0,36.23521681997372,,,,broad
23-94696,SIRET:19440029700025,RAW_SIRET,2023-07-06,2023-07-06,2023-12-06,2026-07-13,42,42612,DIGITAL_ICT,True,5.0,True,0,36.23521681997372,,,,broad
23-99733,NAME:sdis49,NAME_FALLBACK,2023-07-15,2023-11-29,2024-03-29,2026-07-13,32,32230,DIGITAL_ICT,True,4.0,True,0,35.939553219448094,,,,broad
23-104721,NAME:chu de nantes,NAME_FALLBACK,2023-07-21,2023-07-21,2024-01-21,2026-07-13,,,DIGITAL_ICT,True,6.0,True,0,35.74244415243101,,,,broad
23-93496,SIRET:24720013200014,RAW_SIRET,2023-07-06,2024-01-06,2024-07-06,2026-07-13,72,72260,DIGITAL_ICT,True,6.0,True,1,12.746386333771351,24-88815,0.785133985194142,HIGH,broad
23-94478,NAME:conseil regional des pays de la loire,NAME_FALLBACK,2023-07-07,2024-01-10,2024-06-10,2026-07-13,35,35113,DIGITAL_ICT,True,5.0,True,0,36.202365308804204,,,,broad
23-108368,SIRET:25720243200015,RAW_SIRET,2023-07-30,2023-07-30,2024-01-30,2026-07-13,71,71241,DIGITAL_ICT,True,6.0,True,0,35.44678055190539,,,,broad
23-98709,NAME:ubs,NAME_FALLBACK,2023-07-14,2023-07-14,2023-11-14,2026-07-13,32,32321,DIGITAL_ICT,True,4.0,True,0,35.97240473061761,,,,broad
23-102643,NAME:nantes metropole,NAME_FALLBACK,2023-07-22,2023-07-22,2024-01-22,2026-07-13,72,72415,DIGITAL_ICT,True,6.0,True,1,2.9566360052562417,23-144303,0.3031914136981478,POTENTIAL,broad
23-108546,SIRET:20004248900019,RAW_SIRET,2023-07-28,2023-07-28,2024-01-28,2026-07-13,72,72316,DIGITAL_ICT,True,6.0,True,1,6.898817345597897,24-21999,0.3744108628996934,MEDIUM,broad
23-108336,NAME:dsi de pole emploi,NAME_FALLBACK,2023-07-30,2023-07-30,2024-01-30,2026-07-13,72,72000,DIGITAL_ICT,True,6.0,True,0,35.44678055190539,,,,broad
23-96611,SIRET:77560485300041,RAW_SIRET,2023-07-07,2023-07-07,2024-01-07,2026-07-13,72,72246,DIGITAL_ICT,True,6.0,True,0,36.202365308804204,,,,broad
23-91361,NAME:territoire energie loire atlantique,NAME_FALLBACK,2023-07-08,2023-12-08,2024-06-08,2026-07-13,72,72000,DIGITAL_ICT,True,6.0,True,0,36.16951379763469,,,,broad
23-99938,SIRET:39172288100052,RAW_SIRET,2023-07-13,2023-07-13,2024-01-13,2026-07-13,72,72267,DIGITAL_ICT,True,6.0,True,0,36.00525624178712,,,,broad
23-92003,SIRET:83095506800044,RAW_SIRET,2023-07-02,2023-09-17,2024-03-17,2026-07-13,72,72413,DIGITAL_ICT,True,6.0,True,1,9.526938239159,24-44676,0.3128768056236163,POTENTIAL,broad
23-91904,NAME:metropole nantes metropole,NAME_FALLBACK,2023-07-07,2023-07-07,2023-11-07,2026-07-13,50,50312,DIGITAL_ICT,True,4.0,True,0,36.202365308804204,,,,broad
23-96562,NAME:groupement d interet public arronax,NAME_FALLBACK,2023-07-07,2023-07-07,2024-01-07,2026-07-13,,,DIGITAL_ICT,True,6.0,True,0,36.202365308804204,,,,broad
23-90833,SIRET:22530001100015,RAW_SIRET,2023-07-01,2023-09-23,2024-03-23,2026-07-13,72,72267,DIGITAL_ICT,True,6.0,True,1,5.026281208935611,23-168051,0.3253231588121993,MEDIUM,broad
23-97779,SIRET:20007187600011,RAW_SIRET,2023-07-13,2023-07-13,2023-11-13,2026-07-13,30,30000,DIGITAL_ICT,True,4.0,True,0,36.00525624178712,,,,broad
23-101411,SIRET:77560485300041,RAW_SIRET,2023-07-17,2023-07-17,2024-01-17,2026-07-13,72,72212,DIGITAL_ICT,True,6.0,True,0,35.873850197109064,,,,broad
23-101593,NAME:semitan,NAME_FALLBACK,2023-07-20,2023-07-20,2024-01-20,2026-07-13,48,48000,DIGITAL_ICT,True,6.0,True,1,6.340341655716163,24-10209,0.2976806833114323,POTENTIAL,broad
23-110154,SIRET:21440184600016,RAW_SIRET,2023-08-02,2023-08-02,2023-12-02,2026-07-13,32,32342,DIGITAL_ICT,True,4.0,True,1,6.274638633377135,24-15971,0.4010059261416492,POTENTIAL,broad
23-117420,SIRET:24720013200014,RAW_SIRET,2023-08-24,2023-08-24,2024-02-24,2026-07-13,48,48820,DIGITAL_ICT,True,6.0,True,1,8.015768725361367,24-47720,0.348157986308453,POTENTIAL,broad
23-120616,SIRET:24440045300035,RAW_SIRET,2023-08-29,2023-12-20,2024-06-20,2026-07-13,48,48000,DIGITAL_ICT,True,6.0,True,0,34.46123521681997,,,,broad
23-115723,NAME:gie sesam vitale,NAME_FALLBACK,2023-08-19,2024-01-14,2024-07-14,2026-07-13,72,72600,DIGITAL_ICT,True,6.0,True,0,34.78975032851511,,,,broad
23-118676,SIRET:20006947400019,RAW_SIRET,2023-08-24,2023-08-24,2024-08-24,2026-07-13,45,45112,DIGITAL_ICT,True,12.0,True,0,34.62549277266754,,,,broad
23-120222,SIRET:24720013200014,RAW_SIRET,2023-08-31,2023-10-01,2024-04-01,2026-07-13,72,72600,DIGITAL_ICT,True,6.0,True,1,2.135348226018397,23-154026,0.7960468681559352,HIGH,broad
23-109005,SIRET:79924570900016,RAW_SIRET,2023-08-01,2023-08-01,2024-02-01,2026-07-13,48,48000,DIGITAL_ICT,True,6.0,True,1,2.0039421813403417,23-108932,0.3895021983479459,MEDIUM,broad
23-114119,NAME:ville des sables d olonne,NAME_FALLBACK,2023-08-12,2023-08-12,2026-02-12,2026-07-13,66,66515,DIGITAL_ICT,True,30.0,True,0,35.01971090670171,,,,broad
23-117051,SIRET:18000501900047,RAW_SIRET,2023-08-23,2023-11-19,2024-05-19,2026-07-13,72,72514,DIGITAL_ICT,True,6.0,True,0,34.65834428383705,,,,broad
23-109930,SIRET:79924570900016,RAW_SIRET,2023-08-01,2023-08-01,2023-12-01,2026-07-13,32,32323,DIGITAL_ICT,True,4.0,True,1,2.0039421813403417,23-108932,0.676502409110819,HIGH,broad
23-113446,SIRET:24440064400013,RAW_SIRET,2023-08-11,2023-11-09,2024-05-09,2026-07-13,48,48161,DIGITAL_ICT,True,6.0,True,0,35.05256241787122,,,,broad
23-114065,NAME:ca les sables d olonne agglomeration,NAME_FALLBACK,2023-08-12,2023-08-12,2026-02-12,2026-07-13,66,66515,DIGITAL_ICT,True,30.0,True,0,35.01971090670171,,,,broad
23-117688,NAME:sdis 44,NAME_FALLBACK,2023-08-24,2023-12-16,2024-05-16,2026-07-13,35,35113,DIGITAL_ICT,True,5.0,True,0,34.62549277266754,,,,broad
23-118784,SIRET:21440162200011,RAW_SIRET,2023-08-24,2023-08-24,2024-02-24,2026-07-13,72,72250,DIGITAL_ICT,True,6.0,True,1,10.315374507227332,24-76881,0.4762935039553252,MEDIUM,broad
23-120120,NAME:ville de la roche sur yon,NAME_FALLBACK,2023-08-29,2023-08-29,2024-02-29,2026-07-13,,,DIGITAL_ICT,True,6.0,True,0,34.46123521681997,,,,broad
23-111566,NAME:museum national d histoire naturelle,NAME_FALLBACK,2023-08-06,2023-08-06,2024-08-06,2026-07-13,45,45213,DIGITAL_ICT,True,12.0,True,0,35.21681997371879,,,,broad
23-125744,NAME:st gilles croix de vie agglomeration,NAME_FALLBACK,2023-09-08,2023-09-08,2024-03-08,2026-07-13,,,DIGITAL_ICT,True,6.0,True,1,0.3942181340341655,23-130844,0.441626215343615,MEDIUM,broad
23-130386,SIRET:21440109300015,RAW_SIRET,2023-09-20,2023-09-20,2024-01-20,2026-07-13,32,32540,DIGITAL_ICT,True,4.0,True,0,33.73850197109067,,,,broad
23-134735,SIRET:23440003400026,RAW_SIRET,2023-09-29,2023-09-29,2024-03-29,2026-07-13,72,72000,DIGITAL_ICT,True,6.0,True,0,33.44283837056505,,,,broad
23-124271,NAME:eple renan,NAME_FALLBACK,2023-09-08,2023-09-08,2024-01-08,2026-07-13,30,30192,DIGITAL_ICT,True,4.0,True,0,34.13272010512483,,,,broad
23-128913,NAME:prefecture 85,NAME_FALLBACK,2023-09-17,2023-09-17,2024-03-17,2026-07-13,72,72512,DIGITAL_ICT,True,6.0,True,0,33.83705650459921,,,,broad
23-129683,NAME:sdis49,NAME_FALLBACK,2023-09-18,2023-09-18,2024-03-18,2026-07-13,,,DIGITAL_ICT,True,6.0,True,1,0.164257555847569,23-132683,0.4477201051248357,MEDIUM,broad
23-130718,SIRET:21440184600016,RAW_SIRET,2023-09-22,2023-09-22,2024-03-22,2026-07-13,48,48611,DIGITAL_ICT,True,6.0,True,1,5.486202365308804,24-27405,0.3426368717298899,POTENTIAL,broad
23-132683,NAME:sdis49,NAME_FALLBACK,2023-09-23,2023-09-23,2024-03-23,2026-07-13,,,DIGITAL_ICT,True,6.0,True,0,33.63994743758213,,,,broad
23-125766,NAME:nantes metropole,NAME_FALLBACK,2023-09-24,2023-09-24,2024-03-24,2026-07-13,48,48000,DIGITAL_ICT,True,6.0,True,1,5.913272010512483,24-34987,0.6188711360322154,HIGH,broad
23-130844,NAME:st gilles croix de vie agglomeration,NAME_FALLBACK,2023-09-20,2023-09-20,2024-03-20,2026-07-13,,,DIGITAL_ICT,True,6.0,True,0,33.73850197109067,,,,broad
23-127328,NAME:territoire energie loire atlantique,NAME_FALLBACK,2023-09-17,2023-12-08,2024-06-08,2026-07-13,72,72512,DIGITAL_ICT,True,6.0,True,0,33.83705650459921,,,,broad
23-125681,SIRET:21350051500019,RAW_SIRET,2023-09-10,2024-01-10,2024-05-10,2026-07-13,32,32323,DIGITAL_ICT,True,4.0,True,0,34.06701708278581,,,,broad
23-133104,SIRET:00718051600135,RAW_SIRET,2023-09-25,2023-09-25,2024-01-25,2026-07-13,32,32232,DIGITAL_ICT,True,4.0,True,0,33.5742444152431,,,,broad
23-135203,SIRET:79002001000019,RAW_SIRET,2023-09-28,2023-09-28,2024-03-28,2026-07-13,72,72322,DIGITAL_ICT,True,6.0,True,0,33.47568988173456,,,,broad
23-132830,NAME:nantes metropole,NAME_FALLBACK,2023-09-29,2023-09-29,2024-03-29,2026-07-13,48,48000,DIGITAL_ICT,True,6.0,True,1,5.7490144546649145,24-34987,0.6514829545811915,HIGH,broad
23-124057,NAME:departement de maine-et-loire,NAME_FALLBACK,2023-09-29,2023-09-29,2024-03-29,2026-07-13,,,DIGITAL_ICT,True,6.0,True,0,33.44283837056505,,,,broad
23-122162,SIRET:50519064500018,RAW_SIRET,2023-09-03,2023-09-03,2024-01-03,2026-07-13,32,32321,DIGITAL_ICT,True,4.0,True,1,3.7450722733245727,23-179864,0.6128539165500073,HIGH,broad
23-131022,SIRET:17440430100015,RAW_SIRET,2023-09-20,2023-09-20,2024-03-20,2026-07-13,48,48921,DIGITAL_ICT,True,6.0,True,0,33.73850197109067,,,,broad
23-131760,SIRET:22440002800011,RAW_SIRET,2023-09-21,2023-09-21,2024-02-21,2026-07-13,79,79600,DIGITAL_ICT,True,5.0,True,1,4.566360052562418,24-14769,0.4110189446572121,POTENTIAL,broad
23-133151,NAME:syndicat bassin versant de grand lieu,NAME_FALLBACK,2023-09-25,2023-09-25,2024-03-25,2026-07-13,,,DIGITAL_ICT,True,6.0,True,0,33.5742444152431,,,,broad
23-144744,SIRET:24440040400129,RAW_SIRET,2023-10-17,2023-10-17,2024-04-17,2026-07-13,48,48761,DIGITAL_ICT,True,6.0,True,0,32.8515111695138,,,,broad
23-149615,NAME:centre hospitalier de laval 53,NAME_FALLBACK,2023-10-24,2024-04-17,2024-10-17,2026-07-13,,,DIGITAL_ICT,True,6.0,True,0,32.6215505913272,,,,broad
23-150941,SIRET:26530023600014,RAW_SIRET,2023-10-26,2024-01-25,2024-06-25,2026-07-13,35,35111,DIGITAL_ICT,True,5.0,True,0,32.55584756898817,,,,broad
23-148858,NAME:gcs e-sante pays de la loire,NAME_FALLBACK,2023-10-25,2023-10-25,2024-04-25,2026-07-13,72,72212,DIGITAL_ICT,True,6.0,True,0,32.58869908015769,,,,broad
23-108932,SIRET:79924570900016,RAW_SIRET,2023-10-01,2023-11-29,2024-03-29,2026-07-13,32,32570,DIGITAL_ICT,True,4.0,True,0,33.37713534822602,,,,broad
23-137663,SIRET:22720002900014,RAW_SIRET,2023-10-05,2023-10-05,2024-02-05,2026-07-13,30,30230,DIGITAL_ICT,True,4.0,True,0,33.24572930354796,,,,broad
23-139415,SIRET:25610222900018,RAW_SIRET,2023-10-06,2023-10-06,2024-10-06,2026-07-13,45,45112,DIGITAL_ICT,True,12.0,True,0,33.21287779237845,,,,broad
23-139799,SIRET:25440253000029,RAW_SIRET,2023-10-06,2023-10-06,2024-02-06,2026-07-13,32,32523,DIGITAL_ICT,True,4.0,True,0,33.21287779237845,,,,broad
23-140453,NAME:conseil regional des pays de la loire,NAME_FALLBACK,2023-10-11,2023-10-11,2024-02-11,2026-07-13,30,30121,DIGITAL_ICT,True,4.0,True,0,33.04862023653088,,,,broad
23-144302,SIRET:24440061000055,RAW_SIRET,2023-10-18,2024-01-11,2024-05-11,2026-07-13,30,30200,DIGITAL_ICT,True,4.0,True,1,8.31143232588699,24-74484,0.290552785590546,MEDIUM,broad
23-137583,SIRET:25440109400068,RAW_SIRET,2023-10-03,2023-10-03,2024-02-03,2026-07-13,50,50312,DIGITAL_ICT,True,4.0,True,0,33.31143232588699,,,,broad
23-139196,NAME:ville de laval,NAME_FALLBACK,2023-10-08,2023-10-08,2024-02-08,2026-07-13,30,30192,DIGITAL_ICT,True,4.0,True,0,33.14717477003942,,,,broad
23-140591,SIRET:13001855900018,RAW_SIRET,2023-10-11,2023-12-06,2024-06-06,2026-07-13,71,71316,DIGITAL_ICT,True,6.0,True,0,33.04862023653088,,,,broad
23-143770,SIRET:24440061000055,RAW_SIRET,2023-10-15,2024-01-11,2024-07-11,2026-07-13,48,48900,DIGITAL_ICT,True,6.0,True,1,8.409986859395532,24-74484,0.3443579468020247,MEDIUM,broad
23-149641,SIRET:31468496000045,RAW_SIRET,2023-10-24,2023-10-24,2024-04-24,2026-07-13,48,48218,DIGITAL_ICT,True,6.0,True,0,32.6215505913272,,,,broad
23-144303,NAME:nantes metropole,NAME_FALLBACK,2023-10-20,2023-10-20,2024-04-20,2026-07-13,72,72000,DIGITAL_ICT,True,6.0,True,1,5.486202365308804,24-39718,0.3618424712681049,POTENTIAL,broad
23-139972,SIRET:22720002900014,RAW_SIRET,2023-10-06,2023-10-06,2024-04-06,2026-07-13,72,72224,DIGITAL_ICT,True,6.0,True,0,33.21287779237845,,,,broad
23-150115,SIRET:21850222700018,RAW_SIRET,2023-10-25,2023-10-25,2024-10-25,2026-07-13,45,45210,DIGITAL_ICT,True,12.0,True,0,32.58869908015769,,,,broad
23-137061,SIRET:21440043400012,RAW_SIRET,2023-10-03,2023-10-03,2024-02-03,2026-07-13,32,32342,DIGITAL_ICT,True,4.0,True,0,33.31143232588699,,,,broad
23-144516,NAME:nantes metropole,NAME_FALLBACK,2023-10-18,2023-10-18,2024-03-18,2026-07-13,79,79111,DIGITAL_ICT,True,5.0,True,1,4.894875164257556,24-31691,0.3157804430409534,POTENTIAL,broad
23-140699,NAME:3rd anjou,NAME_FALLBACK,2023-10-15,2023-10-15,2024-02-15,2026-07-13,50,50312,DIGITAL_ICT,True,4.0,True,0,32.91721419185283,,,,broad
23-145268,SIRET:24440040400129,RAW_SIRET,2023-10-17,2023-10-17,2024-10-17,2026-07-13,45,45421,DIGITAL_ICT,True,12.0,True,1,12.02365308804205,24-117855,0.3595838064398752,POTENTIAL,broad
23-149508,NAME:epmp,NAME_FALLBACK,2023-10-26,2023-12-24,2024-06-24,2026-07-13,72,72212,DIGITAL_ICT,True,6.0,True,0,32.55584756898817,,,,broad
23-138104,NAME:communaute d agglomeration du niortais,NAME_FALLBACK,2023-10-06,2023-12-28,2024-06-28,2026-07-13,48,48822,DIGITAL_ICT,True,6.0,True,0,33.21287779237845,,,,broad
23-143373,SIRET:52411092100037,RAW_SIRET,2023-10-13,2023-10-13,2024-02-13,2026-07-13,30,30200,DIGITAL_ICT,True,4.0,True,0,32.98291721419185,,,,broad
23-160919,SIRET:26720016000013,RAW_SIRET,2023-11-16,2023-11-16,2024-05-16,2026-07-13,72,72000,DIGITAL_ICT,True,6.0,True,1,5.716162943495401,24-54167,0.4020365961772484,POTENTIAL,broad
23-163865,NAME:centre de gestion fpt loire-atlantique,NAME_FALLBACK,2023-11-22,2023-11-22,2024-05-22,2026-07-13,,,DIGITAL_ICT,True,6.0,True,0,31.668856767411302,,,,broad
23-153863,SIRET:20006763500132,RAW_SIRET,2023-11-02,2023-11-02,2024-05-02,2026-07-13,72,72500,DIGITAL_ICT,True,6.0,True,0,32.32588699080158,,,,broad
23-154026,SIRET:24720013200014,RAW_SIRET,2023-11-04,2023-11-04,2024-05-04,2026-07-13,72,72600,DIGITAL_ICT,True,6.0,True,1,5.650459921156373,24-47720,0.4361365332455277,POTENTIAL,broad
23-155345,SIRET:26530023600014,RAW_SIRET,2023-11-06,2024-03-25,2025-03-25,2026-07-13,45,45421,DIGITAL_ICT,True,12.0,True,0,32.19448094612352,,,,broad
23-153499,NAME:conseil general d ille-et-vilaine,NAME_FALLBACK,2023-11-02,2023-11-02,2024-05-02,2026-07-13,,,DIGITAL_ICT,True,6.0,True,0,32.32588699080158,,,,broad
23-159292,NAME:l institut agro,NAME_FALLBACK,2023-11-16,2023-11-16,2024-03-16,2026-07-13,30,30237,DIGITAL_ICT,True,4.0,True,0,31.865965834428383,,,,broad
23-160148,SIRET:23440003400026,RAW_SIRET,2023-11-17,2023-11-17,2024-05-17,2026-07-13,72,72260,DIGITAL_ICT,True,6.0,True,1,0.9526938239159,23-174149,0.5135801563347306,HIGH,broad
23-164333,SIRET:20006947400019,RAW_SIRET,2023-11-23,2023-11-23,2024-03-23,2026-07-13,30,30200,DIGITAL_ICT,True,4.0,True,0,31.636005256241788,,,,broad
23-166646,SIRET:22440002800011,RAW_SIRET,2023-11-29,2023-11-29,2024-05-29,2026-07-13,72,72227,DIGITAL_ICT,True,6.0,True,1,6.241787122207621,24-65111,0.4000670259517017,MEDIUM,broad
23-163699,SIRET:22440002800011,RAW_SIRET,2023-11-22,2023-11-22,2024-05-22,2026-07-13,72,72420,DIGITAL_ICT,True,6.0,True,1,6.471747700394218,24-65111,0.3940914543886807,POTENTIAL,broad
23-164555,SIRET:79754898900020,RAW_SIRET,2023-11-23,2023-11-23,2024-11-23,2026-07-13,45,45210,DIGITAL_ICT,True,12.0,True,0,31.636005256241788,,,,broad
23-166952,NAME:centre communal d action sociale,NAME_FALLBACK,2023-11-29,2023-11-29,2024-05-29,2026-07-13,,,DIGITAL_ICT,True,6.0,True,0,31.438896189224703,,,,broad
23-164280,NAME:societe d equipement de la touraine,NAME_FALLBACK,2023-11-25,2023-11-25,2024-11-25,2026-07-13,45,45300,DIGITAL_ICT,True,12.0,True,0,31.57030223390276,,,,broad
23-165825,NAME:cte de cnes chateaubriant-derval,NAME_FALLBACK,2023-11-29,2023-11-29,2024-04-29,2026-07-13,22,22110,DIGITAL_ICT,True,5.0,True,0,31.438896189224703,,,,broad
23-159358,NAME:ville d orvault,NAME_FALLBACK,2023-11-16,2023-11-16,2024-03-16,2026-07-13,30,30120,DIGITAL_ICT,True,4.0,True,1,3.350854139290407,24-23826,0.2880266016717381,MEDIUM,broad
23-161829,NAME:e-collectivites vendee,NAME_FALLBACK,2023-11-19,2023-11-19,2024-05-19,2026-07-13,72,72268,DIGITAL_ICT,True,6.0,True,0,31.767411300919843,,,,broad
23-163953,SIRET:20005042500012,RAW_SIRET,2023-11-22,2023-11-22,2024-05-22,2026-07-13,72,72416,DIGITAL_ICT,True,6.0,True,0,31.668856767411302,,,,broad
23-165823,SIRET:21350051500019,RAW_SIRET,2023-11-27,2023-11-27,2024-05-27,2026-07-13,48,48900,DIGITAL_ICT,True,6.0,True,0,31.504599211563733,,,,broad
23-169082,SIRET:24720013200014,RAW_SIRET,2023-12-07,2023-12-07,2024-06-07,2026-07-13,72,72314,DIGITAL_ICT,True,6.0,True,1,7.687253613666228,24-88815,0.3651041138688,POTENTIAL,broad
23-176813,NAME:nantes metropole,NAME_FALLBACK,2023-12-20,2023-12-20,2024-04-20,2026-07-13,32,32321,DIGITAL_ICT,True,4.0,True,1,3.4822601839684624,24-39718,0.2906254669755239,POTENTIAL,broad
23-180715,SIRET:24530035500030,RAW_SIRET,2023-12-30,2023-12-30,2024-06-30,2026-07-13,48,48800,DIGITAL_ICT,True,6.0,True,0,30.420499342969777,,,,broad
23-174001,SIRET:53961650800021,RAW_SIRET,2023-12-14,2023-12-14,2024-06-14,2026-07-13,72,72243,DIGITAL_ICT,True,6.0,True,0,30.946123521681997,,,,broad
23-163465,NAME:cariforef,NAME_FALLBACK,2023-12-16,2023-12-16,2024-06-16,2026-07-13,72,72500,DIGITAL_ICT,True,6.0,True,0,30.88042049934297,,,,broad
23-175562,SIRET:24440040400129,RAW_SIRET,2023-12-22,2023-12-22,2024-05-22,2026-07-13,79,79530,DIGITAL_ICT,True,5.0,True,1,6.14323258869908,24-73665,0.3069188988588924,POTENTIAL,broad
23-174244,NAME:sdis 44,NAME_FALLBACK,2023-12-16,2023-12-16,2024-04-16,2026-07-13,30,30230,DIGITAL_ICT,True,4.0,True,0,30.88042049934297,,,,broad
23-171468,SIRET:21440162200011,RAW_SIRET,2023-12-08,2023-12-08,2024-06-08,2026-07-13,72,72400,DIGITAL_ICT,True,6.0,True,1,6.83311432325887,24-76881,0.4622225037497154,MEDIUM,broad
23-174149,SIRET:23440003400026,RAW_SIRET,2023-12-16,2023-12-16,2024-06-16,2026-07-13,72,72260,DIGITAL_ICT,True,6.0,True,1,6.898817345597897,24-81981,0.3166269031267731,MEDIUM,broad
23-178440,SIRET:19691861900012,RAW_SIRET,2023-12-21,2023-12-21,2024-06-21,2026-07-13,48,48000,DIGITAL_ICT,True,6.0,True,0,30.7161629434954,,,,broad
23-180779,SIRET:22530001100015,RAW_SIRET,2023-12-28,2023-12-28,2024-04-28,2026-07-13,32,32322,DIGITAL_ICT,True,4.0,True,0,30.486202365308806,,,,broad
23-167185,NAME:acoss,NAME_FALLBACK,2023-12-02,2023-12-02,2024-04-02,2026-07-13,50,50750,DIGITAL_ICT,True,4.0,True,0,31.340341655716163,,,,broad
23-168941,NAME:ch le mans,NAME_FALLBACK,2023-12-06,2023-12-15,2024-06-15,2026-07-13,72,72000,DIGITAL_ICT,True,6.0,True,0,31.208935611038108,,,,broad
23-159290,NAME:angers loire metropole,NAME_FALLBACK,2023-12-02,2023-12-02,2024-05-02,2026-07-13,35,35261,DIGITAL_ICT,True,5.0,True,0,31.340341655716163,,,,broad
23-169673,NAME:nantes metropole,NAME_FALLBACK,2023-12-08,2023-12-08,2024-06-08,2026-07-13,,,DIGITAL_ICT,True,6.0,True,1,6.636005256241787,24-75502,0.3234669838591575,MEDIUM,broad
23-174453,SIRET:20007326000016,RAW_SIRET,2023-12-15,2023-12-15,2024-04-15,2026-07-13,30,30200,DIGITAL_ICT,True,4.0,True,0,30.913272010512483,,,,broad
23-174031,NAME:semitan,NAME_FALLBACK,2023-12-16,2023-12-16,2024-06-16,2026-07-13,72,72212,DIGITAL_ICT,True,6.0,True,1,5.716162943495401,24-66729,0.4216589375679455,MEDIUM,broad
23-179864,SIRET:50519064500018,RAW_SIRET,2023-12-26,2023-12-26,2024-04-26,2026-07-13,32,32342,DIGITAL_ICT,True,4.0,True,0,30.55190538764783,,,,broad
23-174764,SIRET:22440002800011,RAW_SIRET,2023-12-15,2023-12-15,2024-06-15,2026-07-13,72,72267,DIGITAL_ICT,True,6.0,True,1,5.716162943495401,24-65111,0.3994824723308167,MEDIUM,broad
23-178040,SIRET:20004131700013,RAW_SIRET,2023-12-21,2023-12-21,2024-06-21,2026-07-13,71,71354,DIGITAL_ICT,True,6.0,True,0,30.7161629434954,,,,broad
23-180915,NAME:oph habitat drouais,NAME_FALLBACK,2023-12-29,2023-12-29,2024-04-29,2026-07-13,50,50324,DIGITAL_ICT,True,4.0,True,0,30.45335085413929,,,,broad
23-171265,NAME:sce departemental incendie et secours,NAME_FALLBACK,2023-12-08,2024-03-12,2025-03-12,2026-07-13,45,45311,DIGITAL_ICT,True,12.0,True,0,31.14323258869908,,,,broad
23-175390,SIRET:21850222700018,RAW_SIRET,2023-12-18,2023-12-18,2024-12-18,2026-07-13,45,45210,DIGITAL_ICT,True,12.0,True,0,30.814717477003942,,,,broad
23-175855,SIRET:48825683500023,RAW_SIRET,2023-12-20,2023-12-20,2024-06-20,2026-07-13,71,71351,DIGITAL_ICT,True,6.0,True,0,30.749014454664916,,,,broad
23-168051,SIRET:22530001100015,RAW_SIRET,2023-12-01,2023-12-01,2024-06-01,2026-07-13,72,72212,DIGITAL_ICT,True,6.0,True,1,7.293035479632063,24-80068,0.4397977977374837,MEDIUM,broad
24-5187,NAME:ville d ombree d anjou 49,NAME_FALLBACK,2024-01-16,2024-01-16,2025-01-16,2026-07-13,45,45112,DIGITAL_ICT,True,12.0,True,0,29.86202365308804,,,,broad
24-10209,NAME:semitan,NAME_FALLBACK,2024-01-29,2024-01-29,2027-01-29,2026-07-13,72,72212,DIGITAL_ICT,True,36.0,False,0,29.43495400788436,,,,broad
24-10367,NAME:mairie de reze,NAME_FALLBACK,2024-01-29,2024-01-29,2025-01-29,2026-07-13,48,48900,DIGITAL_ICT,True,12.0,False,0,29.43495400788436,,,,broad
24-3636,SIRET:24490001500045,RAW_SIRET,2024-01-10,2024-01-10,2024-07-10,2026-07-13,48,48921,DIGITAL_ICT,True,6.0,True,0,30.059132720105126,,,,broad
24-6718,NAME:service public local,NAME_FALLBACK,2024-01-22,2024-01-22,2028-01-22,2026-07-13,72,72260,DIGITAL_ICT,True,48.0,False,0,29.66491458607096,,,,broad
24-7943,SIRET:52926090300016,RAW_SIRET,2024-01-25,2024-08-31,2025-02-28,2026-07-13,72,72500,DIGITAL_ICT,True,6.0,True,0,29.566360052562416,,,,broad
24-3414,SIRET:80259603100012,RAW_SIRET,2024-01-11,2024-01-11,2024-07-11,2026-07-13,72,72600,DIGITAL_ICT,True,6.0,True,0,30.02628120893561,,,,broad
24-7715,NAME:ville de saint-herblain,NAME_FALLBACK,2024-01-23,2024-01-23,2028-01-23,2026-07-13,72,72250,DIGITAL_ICT,True,48.0,False,0,29.632063074901446,,,,broad
24-9080,NAME:ville des sables d olonne,NAME_FALLBACK,2024-01-26,2024-01-26,2024-05-26,2026-07-13,32,32354,DIGITAL_ICT,True,4.0,False,0,29.533508541392905,,,,broad
24-1266,SIRET:20008323600014,RAW_SIRET,2024-01-04,2024-01-04,2024-07-04,2026-07-13,72,72253,DIGITAL_ICT,True,6.0,True,0,30.256241787122207,,,,broad
24-10697,NAME:mairie,NAME_FALLBACK,2024-01-30,2024-01-30,2028-01-30,2026-07-13,72,72400,DIGITAL_ICT,True,48.0,False,0,29.40210249671485,,,,broad
24-5775,NAME:ville de saint-herblain,NAME_FALLBACK,2024-01-18,2024-01-18,2026-01-18,2026-07-13,79,79311,DIGITAL_ICT,True,24.0,False,0,29.796320630749015,,,,broad
24-6675,NAME:cnfpt - delegation pays de la loire,NAME_FALLBACK,2024-01-19,2024-01-19,2028-01-19,2026-07-13,80,80530,DIGITAL_ICT,True,48.0,False,0,29.7634691195795,,,,broad
24-15971,SIRET:21440184600016,RAW_SIRET,2024-02-09,2024-10-06,2025-02-06,2026-07-13,32,32321,DIGITAL_ICT,True,4.0,False,0,29.07358738501971,,,,broad
24-16910,NAME:departement de la vendee,NAME_FALLBACK,2024-02-09,2024-05-24,2028-05-24,2026-07-13,72,72212,DIGITAL_ICT,True,48.0,False,0,29.07358738501971,,,,broad
24-12133,SIRET:17440005100010,RAW_SIRET,2024-02-02,2024-02-02,2024-05-02,2026-07-13,72,72514,DIGITAL_ICT,True,3.0,False,1,3.876478318002628,24-62208,0.3905998816268483,POTENTIAL,broad
24-21384,NAME:mairie de noirmoutier en l ile,NAME_FALLBACK,2024-02-20,2024-02-20,2024-05-20,2026-07-13,72,72300,DIGITAL_ICT,True,3.0,False,0,28.71222076215506,,,,broad
24-21719,SIRET:20008776100015,RAW_SIRET,2024-02-22,2024-02-22,2024-06-22,2026-07-13,64,64200,DIGITAL_ICT,True,4.0,False,0,28.64651773981603,,,,broad
24-14906,NAME:conseil departemental de la mayenne,NAME_FALLBACK,2024-02-06,2024-02-06,2028-02-06,2026-07-13,32,32322,DIGITAL_ICT,True,48.0,False,0,29.17214191852825,,,,broad
24-17454,SIRET:13002928300012,RAW_SIRET,2024-02-14,2024-06-04,2024-12-04,2026-07-13,72,72261,DIGITAL_ICT,True,6.0,True,0,28.90932982917214,,,,broad
24-13163,SIRET:22440002800011,RAW_SIRET,2024-02-04,2024-09-28,2025-03-28,2026-07-13,72,72611,DIGITAL_ICT,True,6.0,False,0,29.23784494086728,,,,broad
24-14769,SIRET:22440002800011,RAW_SIRET,2024-02-07,2024-09-28,2025-03-28,2026-07-13,72,72611,DIGITAL_ICT,True,6.0,False,0,29.13929040735874,,,,broad
24-21999,SIRET:20004248900019,RAW_SIRET,2024-02-23,2024-02-23,2024-06-23,2026-07-13,72,72000,DIGITAL_ICT,True,4.0,False,0,28.61366622864652,,,,broad
24-24049,SIRET:17440005100010,RAW_SIRET,2024-02-28,2024-06-06,2024-12-06,2026-07-13,32,32510,DIGITAL_ICT,True,6.0,False,1,9.658344283837057,24-141111,0.3470546862605044,POTENTIAL,broad
24-16545,NAME:grand port maritime de nantes saint-nazaire,NAME_FALLBACK,2024-02-09,2024-02-09,2024-08-09,2026-07-13,48,48450,DIGITAL_ICT,True,6.0,True,0,29.07358738501971,,,,broad
24-16750,SIRET:28850001000013,RAW_SIRET,2024-02-11,2024-05-08,2024-11-08,2026-07-13,48,48000,DIGITAL_ICT,True,6.0,False,1,4.533508541392904,24-74644,0.2899254201112862,MEDIUM,broad
24-16801,SIRET:17350111500013,RAW_SIRET,2024-02-11,2024-02-11,2024-08-11,2026-07-13,32,32000,DIGITAL_ICT,True,6.0,False,0,29.007884362680684,,,,broad
24-14341,NAME:conseil departemental loire atlantique,NAME_FALLBACK,2024-02-05,2024-02-05,2025-02-05,2026-07-13,79,79512,DIGITAL_ICT,True,12.0,False,1,12.746386333771351,25-22758,0.3249992601571116,POTENTIAL,broad
24-15317,NAME:syndicat mixte interregional mission val de loire,NAME_FALLBACK,2024-02-07,2024-02-07,2024-08-07,2026-07-13,,,DIGITAL_ICT,True,6.0,True,0,29.13929040735874,,,,broad
24-24412,NAME:centre hospitalier de laval 53,NAME_FALLBACK,2024-02-27,2024-02-27,2024-06-27,2026-07-13,32,32000,DIGITAL_ICT,True,4.0,True,0,28.482260183968464,,,,broad
24-19872,SIRET:17440005100010,RAW_SIRET,2024-02-18,2024-06-06,2024-12-06,2026-07-13,32,32510,DIGITAL_ICT,True,6.0,False,1,9.986859395532194,24-141111,0.3470546862605044,POTENTIAL,broad
24-23826,NAME:ville d orvault,NAME_FALLBACK,2024-02-26,2024-02-26,2027-02-26,2026-07-13,45,45421,DIGITAL_ICT,True,36.0,False,0,28.515111695137975,,,,broad
24-17661,NAME:inrae centre pays de la loire,NAME_FALLBACK,2024-02-13,2024-06-25,2028-06-25,2026-07-13,72,72415,DIGITAL_ICT,True,48.0,False,0,28.942181340341655,,,,broad
24-14092,NAME:semitan,NAME_FALLBACK,2024-02-05,2024-02-05,2026-02-05,2026-07-13,72,72250,DIGITAL_ICT,True,24.0,False,0,29.204993429697765,,,,broad
24-22909,SIRET:25850022200033,RAW_SIRET,2024-02-25,2024-02-25,2027-02-25,2026-07-13,72,72410,DIGITAL_ICT,True,36.0,False,0,28.54796320630749,,,,broad
24-21851,NAME:pouvoir adjudicateur,NAME_FALLBACK,2024-02-21,2024-02-21,2024-08-21,2026-07-13,48,48481,DIGITAL_ICT,True,6.0,True,0,28.679369250985545,,,,broad
24-11486,SIRET:52926090300016,RAW_SIRET,2024-02-01,2024-04-17,2024-08-17,2026-07-13,32,32323,DIGITAL_ICT,True,4.0,True,1,1.149802890932983,24-27192,0.7768834866403854,HIGH,broad
24-11668,SIRET:21850047800209,RAW_SIRET,2024-02-01,2024-02-01,2024-06-01,2026-07-13,32,32342,DIGITAL_ICT,True,4.0,False,0,29.33639947437582,,,,broad
24-14889,SIRET:52921080900016,RAW_SIRET,2024-02-08,2024-02-08,2024-08-08,2026-07-13,72,72224,DIGITAL_ICT,True,6.0,True,0,29.106438896189225,,,,broad
24-24144,NAME:communaute de communes sud vendee littoral,NAME_FALLBACK,2024-02-27,2024-02-27,2028-02-27,2026-07-13,48,48900,DIGITAL_ICT,True,48.0,False,0,28.482260183968464,,,,broad
24-27664,NAME:caisse d allocations familiales de loire-atlantique 22 rue de malville 44937 nantes cedex 9,NAME_FALLBACK,2024-03-06,2024-06-12,2025-06-12,2026-07-13,,,DIGITAL_ICT,True,12.0,False,0,28.219448094612353,,,,broad
24-30502,NAME:traitement des dechets,NAME_FALLBACK,2024-03-13,2024-03-13,2027-03-13,2026-07-13,90,90711,DIGITAL_ICT,True,36.0,False,0,27.989487516425754,,,,broad
24-27192,SIRET:52926090300016,RAW_SIRET,2024-03-07,2024-04-17,2024-08-17,2026-07-13,32,32323,DIGITAL_ICT,True,4.0,True,0,28.18659658344284,,,,broad
24-36876,SIRET:17440005100010,RAW_SIRET,2024-03-29,2024-07-10,2024-10-10,2026-07-13,30,30230,DIGITAL_ICT,True,3.0,False,1,5.7490144546649145,24-106137,0.3226237406920718,POTENTIAL,broad
24-37718,NAME:commune de coulaines,NAME_FALLBACK,2024-03-29,2024-03-29,2028-03-29,2026-07-13,30,30230,DIGITAL_ICT,True,48.0,False,0,27.463863337713533,,,,broad
24-28797,NAME:universite d angers,NAME_FALLBACK,2024-03-08,2024-05-31,2025-05-31,2026-07-13,42,42632,DIGITAL_ICT,True,12.0,False,1,14.126149802890932,25-53206,0.2839925536574682,POTENTIAL,broad
24-27405,SIRET:21440184600016,RAW_SIRET,2024-03-07,2024-10-06,2025-02-06,2026-07-13,32,32321,DIGITAL_ICT,True,4.0,False,0,28.18659658344284,,,,broad
24-37419,SIRET:21440143200015,RAW_SIRET,2024-03-30,2024-03-30,2024-07-30,2026-07-13,98,98351,DIGITAL_ICT,True,4.0,True,1,2.463863337713535,24-68165,0.2902519951845027,MEDIUM,broad
24-33909,SIRET:20005433600017,RAW_SIRET,2024-03-22,2024-07-19,2024-11-19,2026-07-13,32,32524,DIGITAL_ICT,True,4.0,True,0,27.693823915900133,,,,broad
24-34440,NAME:chu de nantes,NAME_FALLBACK,2024-03-24,2024-03-24,2024-09-24,2026-07-13,72,72225,DIGITAL_ICT,True,6.0,True,1,3.088042049934297,24-74429,0.3134927235739589,MEDIUM,broad
24-29281,SIRET:17350111500864,RAW_SIRET,2024-03-12,2024-07-25,2024-11-25,2026-07-13,48,48820,DIGITAL_ICT,True,4.0,False,0,28.02233902759527,,,,broad
24-31691,NAME:nantes metropole,NAME_FALLBACK,2024-03-15,2024-03-15,2024-09-15,2026-07-13,72,72212,DIGITAL_ICT,True,6.0,True,1,7.128777923784494,24-119150,0.3617333413134656,POTENTIAL,broad
24-36186,SIRET:21440143200015,RAW_SIRET,2024-03-28,2024-03-28,2024-07-28,2026-07-13,98,98351,DIGITAL_ICT,True,4.0,True,1,0.0657030223390276,24-37419,0.8357424441524309,HIGH,broad
24-28889,NAME:syndicat d eau de l anjou 49,NAME_FALLBACK,2024-03-08,2024-03-08,2028-03-08,2026-07-13,48,48000,DIGITAL_ICT,True,48.0,False,0,28.153745072273324,,,,broad
24-29089,SIRET:17440005100010,RAW_SIRET,2024-03-12,2024-07-11,2024-11-11,2026-07-13,48,48000,DIGITAL_ICT,True,4.0,False,1,9.231274638633376,24-141111,0.3705105642477313,POTENTIAL,broad
24-34106,SIRET:47865038500014,RAW_SIRET,2024-03-22,2024-07-19,2024-10-19,2026-07-13,72,72224,DIGITAL_ICT,True,3.0,False,0,27.693823915900133,,,,broad
24-29106,NAME:commune d avrille,NAME_FALLBACK,2024-03-11,2024-03-11,2025-03-11,2026-07-13,72,72413,DIGITAL_ICT,True,12.0,False,0,28.055190538764784,,,,broad
24-29651,NAME:service des ressources numeriques,NAME_FALLBACK,2024-03-12,2024-03-12,2028-03-12,2026-07-13,79,79111,DIGITAL_ICT,True,48.0,False,0,28.02233902759527,,,,broad
24-30786,NAME:communaute d agglomeration du niortais,NAME_FALLBACK,2024-03-14,2024-03-14,2028-03-14,2026-07-13,72,72250,DIGITAL_ICT,True,48.0,False,0,27.956636005256243,,,,broad
24-26079,SIRET:24720009000014,RAW_SIRET,2024-03-03,2024-03-03,2024-07-03,2026-07-13,35,35260,DIGITAL_ICT,True,4.0,False,0,28.318002628120894,,,,broad
24-27595,SIRET:17440005100010,RAW_SIRET,2024-03-07,2025-03-13,2025-09-13,2026-07-13,72,72611,DIGITAL_ICT,True,6.0,False,1,19.513797634691198,25-117061,0.3580457157746169,POTENTIAL,broad
24-27614,SIRET:17440005100010,RAW_SIRET,2024-03-07,2025-04-18,2025-10-18,2026-07-13,72,72314,DIGITAL_ICT,True,6.0,False,1,19.513797634691198,25-117061,0.4079294095634207,MEDIUM,broad
24-34987,NAME:nantes metropole,NAME_FALLBACK,2024-03-22,2024-03-22,2024-09-22,2026-07-13,48,48000,DIGITAL_ICT,True,6.0,True,1,7.588699080157687,24-127528,0.5660001761868394,HIGH,broad
24-35294,NAME:ministere de l economie des finances et de la souverainete industrielle et numerique secretariat general service des achats des finances - sous-direction de la gestion financiere et des achats bureau des achats mutualises de l administration centrale,NAME_FALLBACK,2024-03-25,2024-03-25,2028-03-25,2026-07-13,45,45311,DIGITAL_ICT,True,48.0,False,0,27.59526938239159,,,,broad
24-35694,SIRET:21440109300015,RAW_SIRET,2024-03-27,2024-03-27,2024-08-27,2026-07-13,79,79810,DIGITAL_ICT,True,5.0,True,0,27.529566360052563,,,,broad
24-41504,NAME:commune de loire-authion 49,NAME_FALLBACK,2024-04-09,2024-04-09,2024-08-09,2026-07-13,,,DIGITAL_ICT,True,4.0,False,0,27.102496714848883,,,,broad
24-39769,NAME:mairie de saint-herblain,NAME_FALLBACK,2024-04-04,2024-04-04,2028-04-04,2026-07-13,72,72400,DIGITAL_ICT,True,48.0,False,0,27.266754270696453,,,,broad
24-49175,NAME:podeliha,NAME_FALLBACK,2024-04-25,2024-04-25,2028-04-25,2026-07-13,48,48931,DIGITAL_ICT,True,48.0,False,0,26.576872536136662,,,,broad
24-47243,NAME:departement de la sarthe,NAME_FALLBACK,2024-04-19,2024-04-19,2027-04-19,2026-07-13,50,50800,DIGITAL_ICT,True,36.0,False,0,26.773981603153747,,,,broad
24-47715,NAME:departement de la vendee,NAME_FALLBACK,2024-04-22,2025-03-19,2029-03-19,2026-07-13,72,72251,DIGITAL_ICT,True,48.0,False,0,26.675427069645202,,,,broad
24-39278,SIRET:20002377800018,RAW_SIRET,2024-04-05,2024-04-05,2025-04-05,2026-07-13,32,32342,DIGITAL_ICT,True,12.0,False,0,27.233902759526938,,,,broad
24-41497,SIRET:13002068800011,RAW_SIRET,2024-04-10,2024-09-13,2025-01-13,2026-07-13,30,30200,DIGITAL_ICT,True,4.0,False,0,27.069645203679368,,,,broad
24-43365,SIRET:24720013200014,RAW_SIRET,2024-04-14,2024-10-04,2025-02-04,2026-07-13,39,39300,DIGITAL_ICT,True,4.0,False,0,26.938239159001313,,,,broad
24-45124,SIRET:13000686900015,RAW_SIRET,2024-04-18,2024-04-18,2024-10-18,2026-07-13,48,48000,DIGITAL_ICT,True,6.0,False,0,26.806833114323258,,,,broad
24-46266,SIRET:26720016000013,RAW_SIRET,2024-04-19,2025-02-02,2025-08-02,2026-07-13,72,72267,DIGITAL_ICT,True,6.0,False,0,26.773981603153747,,,,broad
24-47720,SIRET:24720013200014,RAW_SIRET,2024-04-24,2024-10-22,2025-02-22,2026-07-13,35,35113,DIGITAL_ICT,True,4.0,False,0,26.609724047306177,,,,broad
24-38859,NAME:chambre d agriculture de region pays de la loire,NAME_FALLBACK,2024-04-03,2024-04-03,2024-10-03,2026-07-13,72,72212,DIGITAL_ICT,True,6.0,True,0,27.299605781865967,,,,broad
24-39718,NAME:nantes metropole,NAME_FALLBACK,2024-04-04,2024-04-04,2028-04-04,2026-07-13,72,72200,DIGITAL_ICT,True,48.0,False,0,27.266754270696453,,,,broad
24-50448,SIRET:20006542300010,RAW_SIRET,2024-04-28,2024-04-28,2024-08-28,2026-07-13,38,38652,DIGITAL_ICT,True,4.0,False,0,26.47831800262812,,,,broad
24-41081,SIRET:20007023300016,RAW_SIRET,2024-04-10,2024-04-10,2024-09-10,2026-07-13,30,30236,DIGITAL_ICT,True,5.0,False,0,27.069645203679368,,,,broad
24-42752,SIRET:13003051300019,RAW_SIRET,2024-04-12,2024-04-12,2024-08-12,2026-07-13,48,48921,DIGITAL_ICT,True,4.0,False,1,5.5847568988173455,24-110066,0.3012730333785767,POTENTIAL,broad
24-38551,NAME:chu de nantes,NAME_FALLBACK,2024-04-02,2024-04-02,2025-04-02,2026-07-13,72,72267,DIGITAL_ICT,True,12.0,False,0,27.33245729303548,,,,broad
24-49936,NAME:ville de lucon 85,NAME_FALLBACK,2024-04-26,2024-06-21,2024-12-21,2026-07-13,72,72150,DIGITAL_ICT,True,6.0,True,0,26.544021024967147,,,,broad
24-40455,NAME:centre culturel de rencontre d ambronay,NAME_FALLBACK,2024-04-05,2024-04-05,2024-10-05,2026-07-13,72,72252,DIGITAL_ICT,True,6.0,True,0,27.233902759526938,,,,broad
24-45430,NAME:le mans metropole,NAME_FALLBACK,2024-04-17,2024-12-27,2025-12-27,2026-07-13,72,72268,DIGITAL_ICT,True,12.0,False,1,22.07621550591327,26-16813,0.5711757027434834,HIGH,broad
24-46149,NAME:chu angers etablissement support du groupement hospitalier de territoire de maine et loire,NAME_FALLBACK,2024-04-19,2024-10-08,2025-02-08,2026-07-13,50,50324,DIGITAL_ICT,True,4.0,False,0,26.773981603153747,,,,broad
24-40517,SIRET:21440143200015,RAW_SIRET,2024-04-07,2024-10-18,2025-02-18,2026-07-13,35,35113,DIGITAL_ICT,True,4.0,False,0,27.168199737187912,,,,broad
24-44676,SIRET:83095506800044,RAW_SIRET,2024-04-17,2024-04-17,2024-08-17,2026-07-13,32,32351,DIGITAL_ICT,True,4.0,False,1,0.9198423127463864,24-55356,0.7234849417456423,HIGH,broad
24-38617,NAME:syndicat departemental d energie et d equipement de la vendee 85,NAME_FALLBACK,2024-04-02,2024-04-02,2026-04-02,2026-07-13,72,72212,DIGITAL_ICT,True,24.0,False,0,27.33245729303548,,,,broad
24-42667,SIRET:24490001500011,RAW_SIRET,2024-04-12,2024-04-12,2024-08-12,2026-07-13,30,30197,DIGITAL_ICT,True,4.0,False,0,27.003942181340342,,,,broad
24-44276,NAME:universite gustave eiffel,NAME_FALLBACK,2024-04-15,2024-04-15,2024-09-15,2026-07-13,35,35125,DIGITAL_ICT,True,5.0,True,0,26.9053876478318,,,,broad
24-46423,NAME:cte de cnes du pays d ancenis,NAME_FALLBACK,2024-04-18,2024-06-27,2026-12-27,2026-07-13,66,66510,DIGITAL_ICT,True,30.0,False,0,26.806833114323258,,,,broad
24-46742,SIRET:22490001900015,RAW_SIRET,2024-04-21,2024-04-21,2024-08-21,2026-07-13,30,30192,DIGITAL_ICT,True,4.0,False,0,26.708278580814717,,,,broad
24-48331,SIRET:17440005100010,RAW_SIRET,2024-04-25,2024-10-12,2025-04-12,2026-07-13,33,33696,DIGITAL_ICT,True,6.0,False,1,12.056504599211562,25-47444,0.3952393600221998,POTENTIAL,broad
24-50203,SIRET:22850001300658,RAW_SIRET,2024-04-28,2024-10-17,2025-02-17,2026-07-13,72,72212,DIGITAL_ICT,True,4.0,False,0,26.47831800262812,,,,broad
24-54167,SIRET:26720016000013,RAW_SIRET,2024-05-08,2025-02-02,2025-08-02,2026-07-13,72,72267,DIGITAL_ICT,True,6.0,False,0,26.149802890932982,,,,broad
24-61004,NAME:chu angers etablissement support du groupement hospitalier de territoire de maine et loire,NAME_FALLBACK,2024-05-28,2024-10-02,2025-02-02,2026-07-13,50,50324,DIGITAL_ICT,True,4.0,False,0,25.492772667542706,,,,broad
24-56228,SIRET:21440109300015,RAW_SIRET,2024-05-16,2024-05-16,2024-10-16,2026-07-13,35,35811,DIGITAL_ICT,True,5.0,True,0,25.88699080157687,,,,broad
24-51482,NAME:chu angers etablissement support du groupement hospitalier de territoire de maine et loire,NAME_FALLBACK,2024-05-02,2024-10-02,2025-02-02,2026-07-13,50,50324,DIGITAL_ICT,True,4.0,False,0,26.346911957950066,,,,broad
24-56091,NAME:ville de saint gilles croix de vie 85,NAME_FALLBACK,2024-05-14,2024-05-14,2024-10-14,2026-07-13,42,42416,DIGITAL_ICT,True,5.0,True,0,25.9526938239159,,,,broad
24-62208,SIRET:17440005100010,RAW_SIRET,2024-05-30,2024-05-30,2024-11-30,2026-07-13,72,72243,DIGITAL_ICT,True,6.0,True,1,3.383705650459921,24-102167,0.3692989872319048,POTENTIAL,broad
24-62548,SIRET:17350005900014,RAW_SIRET,2024-05-31,2024-05-31,2024-11-30,2026-07-13,48,48820,DIGITAL_ICT,True,6.0,False,1,0.8869908015768725,24-74174,0.7864651773981602,HIGH,broad
24-61655,SIRET:20007116500167,RAW_SIRET,2024-05-29,2024-05-29,2024-11-29,2026-07-13,32,32321,DIGITAL_ICT,True,6.0,False,0,25.459921156373195,,,,broad
24-61757,SIRET:17440005100010,RAW_SIRET,2024-05-30,2024-09-20,2025-01-20,2026-07-13,32,32571,DIGITAL_ICT,True,4.0,False,1,6.668856767411301,24-141949,0.3147291525611271,POTENTIAL,broad
24-50959,SIRET:92084215000012,RAW_SIRET,2024-05-01,2024-11-17,2025-04-17,2026-07-13,32,32424,DIGITAL_ICT,True,5.0,False,0,26.37976346911958,,,,broad
24-53062,NAME:la roche sur yon agglomeration 85,NAME_FALLBACK,2024-05-03,2024-05-03,2026-05-03,2026-07-13,30,30230,DIGITAL_ICT,True,24.0,False,0,26.31406044678055,,,,broad
24-55286,NAME:ville de bouguenais,NAME_FALLBACK,2024-05-13,2024-07-26,2028-07-26,2026-07-13,48,48730,DIGITAL_ICT,True,48.0,False,0,25.985545335085416,,,,broad
24-55627,SIRET:24720013200014,RAW_SIRET,2024-05-15,2024-10-04,2025-02-04,2026-07-13,39,39300,DIGITAL_ICT,True,4.0,False,0,25.919842312746386,,,,broad
24-56081,NAME:conseil economique social et environnemental ceser des pays de la loire,NAME_FALLBACK,2024-05-14,2024-05-14,2024-11-14,2026-07-13,72,72000,DIGITAL_ICT,True,6.0,True,0,25.9526938239159,,,,broad
24-59713,NAME:ville de nantes,NAME_FALLBACK,2024-05-23,2024-05-23,2024-11-23,2026-07-13,72,72243,DIGITAL_ICT,True,6.0,True,0,25.657030223390276,,,,broad
24-55863,SIRET:24720013200014,RAW_SIRET,2024-05-15,2024-10-22,2025-02-22,2026-07-13,35,35113,DIGITAL_ICT,True,4.0,False,0,25.919842312746386,,,,broad
24-58661,SIRET:92084215000012,RAW_SIRET,2024-05-23,2024-05-23,2024-11-23,2026-07-13,71,71318,DIGITAL_ICT,True,6.0,True,0,25.657030223390276,,,,broad
24-51821,SIRET:18440128900022,RAW_SIRET,2024-05-02,2024-05-02,2024-11-02,2026-07-13,72,72251,DIGITAL_ICT,True,6.0,True,1,7.391590013140604,24-139412,0.3184398100861059,MEDIUM,broad
24-54505,NAME:enseignement superieur et recherche,NAME_FALLBACK,2024-05-07,2024-05-07,2024-09-07,2026-07-13,32,32523,DIGITAL_ICT,True,4.0,True,0,26.182654402102497,,,,broad
24-55356,SIRET:83095506800044,RAW_SIRET,2024-05-15,2024-05-15,2024-09-15,2026-07-13,32,32351,DIGITAL_ICT,True,4.0,False,0,25.919842312746386,,,,broad
24-56222,NAME:commune de precigne,NAME_FALLBACK,2024-05-14,2024-05-14,2024-09-14,2026-07-13,32,32333,DIGITAL_ICT,True,4.0,True,0,25.9526938239159,,,,broad
24-57634,SIRET:22220001600327,RAW_SIRET,2024-05-19,2024-05-19,2024-10-19,2026-07-13,79,79530,DIGITAL_ICT,True,5.0,True,1,0.7555847568988173,24-67023,0.3723651123860091,MEDIUM,broad
24-57965,SIRET:17440000200039,RAW_SIRET,2024-05-19,2024-05-19,2024-11-19,2026-07-13,72,72000,DIGITAL_ICT,True,6.0,True,0,25.78843626806833,,,,broad
24-58562,NAME:centre de gestion de la fonction publique territoriale de la vendee 85,NAME_FALLBACK,2024-05-21,2024-05-21,2025-05-21,2026-07-13,72,72246,DIGITAL_ICT,True,12.0,False,0,25.722733245729305,,,,broad
24-60252,SIRET:22440002800011,RAW_SIRET,2024-05-26,2024-05-26,2024-09-26,2026-07-13,79,79540,DIGITAL_ICT,True,4.0,False,1,0.9198423127463864,24-72692,0.8699627682873411,HIGH,broad
24-59660,SIRET:28720026500018,RAW_SIRET,2024-05-24,2025-02-26,2025-08-26,2026-07-13,35,35111,DIGITAL_ICT,True,6.0,False,0,25.62417871222076,,,,broad
24-57038,SIRET:22850001300658,RAW_SIRET,2024-05-17,2024-11-29,2025-03-29,2026-07-13,50,50312,DIGITAL_ICT,True,4.0,False,0,25.85413929040736,,,,broad
24-57425,NAME:communaute lesneven cote des legendes,NAME_FALLBACK,2024-05-16,2024-05-16,2024-11-16,2026-07-13,72,72413,DIGITAL_ICT,True,6.0,True,0,25.88699080157687,,,,broad
24-57852,SIRET:17440005100010,RAW_SIRET,2024-05-19,2024-10-12,2025-04-12,2026-07-13,33,33696,DIGITAL_ICT,True,6.0,False,1,11.268068331143231,25-47444,0.3952393600221998,POTENTIAL,broad
24-63865,SIRET:13000170400589,RAW_SIRET,2024-06-04,2024-06-04,2025-02-04,2026-07-13,72,72319,DIGITAL_ICT,True,8.0,False,0,25.26281208935611,,,,broad
24-65111,SIRET:22440002800011,RAW_SIRET,2024-06-06,2024-10-02,2025-02-02,2026-07-13,72,72611,DIGITAL_ICT,True,4.0,False,0,25.197109067017085,,,,broad
24-66226,NAME:chu angers etablissement support du groupement hospitalier de territoire de maine et loire,NAME_FALLBACK,2024-06-09,2025-01-09,2025-07-09,2026-07-13,48,48000,DIGITAL_ICT,True,6.0,False,0,25.09855453350854,,,,broad
24-68355,NAME:angers loire metropole 49,NAME_FALLBACK,2024-06-12,2024-06-12,2027-06-12,2026-07-13,72,72310,DIGITAL_ICT,True,36.0,False,0,25.0,,,,broad
24-68461,SIRET:17750005500013,RAW_SIRET,2024-06-14,2024-06-14,2024-12-14,2026-07-13,72,72212,DIGITAL_ICT,True,6.0,True,0,24.93429697766097,,,,broad
24-74022,SIRET:24720013200014,RAW_SIRET,2024-06-26,2025-02-14,2025-06-14,2026-07-13,30,30200,DIGITAL_ICT,True,4.0,False,0,24.540078843626805,,,,broad
24-74484,SIRET:24440061000055,RAW_SIRET,2024-06-27,2025-03-09,2025-08-09,2026-07-13,35,35113,DIGITAL_ICT,True,5.0,False,0,24.507227332457294,,,,broad
24-74968,NAME:commune d avrille,NAME_FALLBACK,2024-06-27,2024-06-27,2025-06-27,2026-07-13,72,72413,DIGITAL_ICT,True,12.0,False,0,24.507227332457294,,,,broad
24-73665,SIRET:24440040400129,RAW_SIRET,2024-06-26,2024-06-26,2024-11-26,2026-07-13,72,72250,DIGITAL_ICT,True,5.0,False,1,0.5256241787122208,24-81519,0.8124726237406918,HIGH,broad
24-62964,SIRET:92084215000012,RAW_SIRET,2024-06-01,2024-11-17,2025-04-17,2026-07-13,32,32424,DIGITAL_ICT,True,5.0,False,0,25.36136662286465,,,,broad
24-67295,NAME:departement de la vendee,NAME_FALLBACK,2024-06-10,2024-09-10,2026-09-10,2026-07-13,72,72212,DIGITAL_ICT,True,24.0,False,0,25.06570302233903,,,,broad
24-71416,NAME:ville de nantes et nantes metropole,NAME_FALLBACK,2024-06-19,2024-06-19,2024-11-19,2026-07-13,35,35815,DIGITAL_ICT,True,5.0,True,0,24.770039421813404,,,,broad
24-74996,SIRET:39172288100052,RAW_SIRET,2024-06-28,2025-04-27,2025-10-27,2026-07-13,72,72600,DIGITAL_ICT,True,6.0,False,1,16.392904073587385,25-124768,0.4832538958837741,MEDIUM,broad
24-65481,NAME:redon agglomeration,NAME_FALLBACK,2024-06-05,2024-06-05,2026-06-05,2026-07-13,48,48620,DIGITAL_ICT,True,24.0,False,1,23.160315374507228,26-47097,0.3081324999432457,MEDIUM,broad
24-66059,SIRET:83095506800044,RAW_SIRET,2024-06-08,2024-06-08,2024-10-08,2026-07-13,72,72212,DIGITAL_ICT,True,4.0,False,0,25.131406044678055,,,,broad
24-68165,SIRET:21440143200015,RAW_SIRET,2024-06-13,2024-11-06,2025-05-06,2026-07-13,32,32540,DIGITAL_ICT,True,6.0,False,0,24.967148488830485,,,,broad
24-68807,NAME:chu angers etablissement support du groupement hospitalier de territoire de maine et loire,NAME_FALLBACK,2024-06-14,2024-10-02,2025-02-02,2026-07-13,50,50324,DIGITAL_ICT,True,4.0,False,0,24.93429697766097,,,,broad
24-69165,SIRET:22850001300658,RAW_SIRET,2024-06-16,2024-11-29,2025-03-29,2026-07-13,50,50312,DIGITAL_ICT,True,4.0,False,0,24.868593955321945,,,,broad
24-70590,NAME:office publique de la biodiversite,NAME_FALLBACK,2024-06-18,2024-06-18,2024-12-18,2026-07-13,72,72310,DIGITAL_ICT,True,6.0,True,0,24.802890932982915,,,,broad
24-71687,SIRET:13002953100055,RAW_SIRET,2024-06-21,2024-06-21,2024-09-21,2026-07-13,48,48600,DIGITAL_ICT,True,3.0,False,0,24.704336399474375,,,,broad
24-66729,NAME:semitan,NAME_FALLBACK,2024-06-07,2024-06-07,2029-06-07,2026-07-13,72,72227,DIGITAL_ICT,True,60.0,False,0,25.16425755584757,,,,broad
24-74174,SIRET:17350005900014,RAW_SIRET,2024-06-27,2024-06-27,2024-12-27,2026-07-13,48,48820,DIGITAL_ICT,True,6.0,False,0,24.507227332457294,,,,broad
24-74340,NAME:mairie de saint etienne de montluc,NAME_FALLBACK,2024-06-26,2024-06-26,2028-06-26,2026-07-13,72,72500,DIGITAL_ICT,True,48.0,False,0,24.540078843626805,,,,broad
24-74429,NAME:chu de nantes,NAME_FALLBACK,2024-06-26,2024-06-26,2025-06-26,2026-07-13,72,72261,DIGITAL_ICT,True,12.0,False,0,24.540078843626805,,,,broad
24-74644,SIRET:28850001000013,RAW_SIRET,2024-06-28,2024-12-03,2025-06-03,2026-07-13,32,32570,DIGITAL_ICT,True,6.0,False,0,24.47437582128778,,,,broad
24-67770,NAME:chu de nantes,NAME_FALLBACK,2024-06-11,2024-06-11,2024-12-11,2026-07-13,72,72421,DIGITAL_ICT,True,6.0,True,0,25.032851511169515,,,,broad
24-70105,SIRET:22850001300658,RAW_SIRET,2024-06-18,2025-01-02,2025-05-02,2026-07-13,79,79980,DIGITAL_ICT,True,4.0,False,0,24.802890932982915,,,,broad
24-66818,SIRET:17440005100010,RAW_SIRET,2024-06-09,2024-09-18,2025-03-18,2026-07-13,32,32412,DIGITAL_ICT,True,6.0,False,1,8.5742444152431,25-21094,0.3760462821863539,POTENTIAL,broad
24-67023,SIRET:22220001600327,RAW_SIRET,2024-06-11,2024-06-11,2024-11-11,2026-07-13,22,22113,DIGITAL_ICT,True,5.0,True,0,25.032851511169515,,,,broad
24-71921,NAME:chu angers etablissement support du groupement hospitalier de territoire de maine et loire,NAME_FALLBACK,2024-06-21,2024-10-08,2025-02-08,2026-07-13,50,50324,DIGITAL_ICT,True,4.0,False,0,24.704336399474375,,,,broad
24-75502,NAME:nantes metropole,NAME_FALLBACK,2024-06-27,2024-06-27,2024-12-27,2026-07-13,72,72227,DIGITAL_ICT,True,6.0,True,0,24.507227332457294,,,,broad
24-68064,NAME:securite sociale coordonnateur caf de maine-et-loire,NAME_FALLBACK,2024-06-12,2024-06-12,2025-06-12,2026-07-13,72,72250,DIGITAL_ICT,True,12.0,False,0,25.0,,,,broad
24-69922,SIRET:18440128900386,RAW_SIRET,2024-06-18,2024-06-18,2024-12-18,2026-07-13,48,48821,DIGITAL_ICT,True,6.0,True,0,24.802890932982915,,,,broad
24-72692,SIRET:22440002800011,RAW_SIRET,2024-06-23,2024-06-23,2024-10-23,2026-07-13,79,79540,DIGITAL_ICT,True,4.0,False,0,24.63863337713535,,,,broad
24-75543,NAME:c s t b,NAME_FALLBACK,2024-06-28,2024-06-28,2025-02-28,2026-07-13,45,45110,DIGITAL_ICT,True,8.0,False,0,24.47437582128778,,,,broad
24-81981,SIRET:23440003400026,RAW_SIRET,2024-07-13,2025-04-30,2025-08-30,2026-07-13,79,79540,DIGITAL_ICT,True,4.0,False,1,12.680683311432324,25-88454,0.3745029151349336,POTENTIAL,broad
24-77664,NAME:ville de carquefou,NAME_FALLBACK,2024-07-03,2024-07-03,2028-07-03,2026-07-13,35,35113,DIGITAL_ICT,True,48.0,False,0,24.31011826544021,,,,broad
24-78276,NAME:mairie de cordemais,NAME_FALLBACK,2024-07-04,2024-07-04,2025-01-04,2026-07-13,72,72500,DIGITAL_ICT,True,6.0,True,0,24.277266754270695,,,,broad
24-80969,SIRET:13002622200013,RAW_SIRET,2024-07-11,2024-11-28,2025-03-28,2026-07-13,32,32321,DIGITAL_ICT,True,4.0,False,0,24.0473061760841,,,,broad
24-82336,SIRET:45151864100035,RAW_SIRET,2024-07-14,2024-07-14,2024-10-14,2026-07-13,72,72411,DIGITAL_ICT,True,3.0,False,0,23.94875164257556,,,,broad
24-86017,NAME:institut public ocens,NAME_FALLBACK,2024-07-19,2024-07-19,2025-01-19,2026-07-13,72,72000,DIGITAL_ICT,True,6.0,True,0,23.78449408672799,,,,broad
24-86406,SIRET:39172288100052,RAW_SIRET,2024-07-23,2025-02-07,2025-08-07,2026-07-13,48,48000,DIGITAL_ICT,True,6.0,False,1,8.902759526938238,25-44681,0.7345680696599227,POTENTIAL,broad
24-83533,SIRET:21850128600015,RAW_SIRET,2024-07-17,2024-07-17,2024-11-17,2026-07-13,72,72500,DIGITAL_ICT,True,4.0,False,1,8.5742444152431,25-37560,0.5111038107752957,HIGH,broad
24-81519,SIRET:24440040400129,RAW_SIRET,2024-07-12,2024-07-12,2024-12-12,2026-07-13,72,72250,DIGITAL_ICT,True,5.0,False,1,5.091984231274639,24-139939,0.6530404826071591,HIGH,broad
24-83982,NAME:grand port maritime de nantes saint nazaire 18 quai ernest renaud nantes 44186,NAME_FALLBACK,2024-07-16,2024-07-16,2025-01-16,2026-07-13,72,72242,DIGITAL_ICT,True,6.0,True,0,23.88304862023653,,,,broad
24-80068,SIRET:22530001100015,RAW_SIRET,2024-07-10,2024-11-19,2025-03-19,2026-07-13,72,72421,DIGITAL_ICT,True,4.0,False,0,24.080157687253614,,,,broad
24-80509,SIRET:49279054800019,RAW_SIRET,2024-07-10,2024-12-21,2025-06-21,2026-07-13,72,72000,DIGITAL_ICT,True,6.0,False,0,24.080157687253614,,,,broad
24-81620,NAME:ville de saint sebastien sur loire,NAME_FALLBACK,2024-07-11,2024-09-24,2029-09-24,2026-07-13,72,72700,DIGITAL_ICT,True,60.0,False,0,24.0473061760841,,,,broad
24-88815,SIRET:24720013200014,RAW_SIRET,2024-07-28,2025-08-02,2025-12-02,2026-07-13,72,72260,DIGITAL_ICT,True,4.0,False,0,23.488830486202364,,,,broad
24-80097,SIRET:19440100600011,RAW_SIRET,2024-07-10,2024-07-10,2025-01-10,2026-07-13,31,31710,DIGITAL_ICT,True,6.0,True,0,24.080157687253614,,,,broad
24-81192,SIRET:45151864100035,RAW_SIRET,2024-07-12,2024-07-12,2024-11-12,2026-07-13,35,35631,DIGITAL_ICT,True,4.0,False,1,0.0657030223390276,24-82336,0.306010368989281,MEDIUM,broad
24-82099,NAME:grand port maritime de nantes saint nazaire 18 quai ernest renaud nantes 44186,NAME_FALLBACK,2024-07-11,2024-07-11,2025-01-11,2026-07-13,72,72242,DIGITAL_ICT,True,6.0,True,1,0.164257555847569,24-83982,0.3661260188703058,MEDIUM,broad
24-83640,SIRET:80355563000018,RAW_SIRET,2024-07-17,2024-11-14,2025-03-14,2026-07-13,72,72000,DIGITAL_ICT,True,4.0,False,1,9.888304862023652,25-53516,0.6925876203034181,HIGH,broad
24-90120,NAME:chambre de commerce et d industrie charente-maritime,NAME_FALLBACK,2024-07-30,2024-07-30,2024-11-30,2026-07-13,32,32424,DIGITAL_ICT,True,4.0,True,0,23.423127463863338,,,,broad
24-80432,SIRET:24440040400129,RAW_SIRET,2024-07-10,2024-07-10,2025-01-10,2026-07-13,72,72222,DIGITAL_ICT,True,6.0,True,1,5.157687253613666,24-139939,0.440742498125682,POTENTIAL,broad
24-83734,SIRET:19490970100303,RAW_SIRET,2024-07-17,2024-11-24,2025-05-24,2026-07-13,48,48931,DIGITAL_ICT,True,6.0,False,0,23.850197109067018,,,,broad
24-76658,SIRET:18004301001485,RAW_SIRET,2024-07-03,2024-07-03,2025-01-03,2026-07-13,72,72000,DIGITAL_ICT,True,6.0,True,0,24.31011826544021,,,,broad
24-76881,SIRET:21440162200011,RAW_SIRET,2024-07-03,2024-11-23,2025-05-23,2026-07-13,72,72250,DIGITAL_ICT,True,6.0,False,1,14.520367936925098,25-103197,0.5593012700445689,HIGH,broad
24-77946,SIRET:28440002500011,RAW_SIRET,2024-07-05,2025-01-05,2029-01-05,2026-07-13,72,72500,DIGITAL_ICT,True,48.0,False,0,24.244415243101184,,,,broad
24-95642,NAME:france velo tourisme,NAME_FALLBACK,2024-08-19,2024-08-19,2025-02-19,2026-07-13,72,72000,DIGITAL_ICT,True,6.0,True,0,22.766097240473062,,,,broad
24-97797,NAME:conseil departemental loire atlantique,NAME_FALLBACK,2024-08-26,2024-08-26,2025-08-26,2026-07-13,80,80533,DIGITAL_ICT,True,12.0,False,0,22.536136662286467,,,,broad
24-90280,SIRET:17440005100010,RAW_SIRET,2024-08-01,2024-08-01,2025-02-01,2026-07-13,72,72250,DIGITAL_ICT,True,6.0,True,1,1.314060446780552,24-102167,0.8028909329829171,HIGH,broad
24-95293,SIRET:11000201100044,RAW_SIRET,2024-08-18,2024-08-18,2025-02-18,2026-07-13,72,72000,DIGITAL_ICT,True,6.0,True,0,22.798948751642577,,,,broad
24-98721,SIRET:19490970100303,RAW_SIRET,2024-08-30,2024-12-21,2025-06-21,2026-07-13,48,48921,DIGITAL_ICT,True,6.0,False,0,22.40473061760841,,,,broad
24-98940,NAME:le mans metropole,NAME_FALLBACK,2024-08-29,2024-11-25,2028-11-25,2026-07-13,72,72413,DIGITAL_ICT,True,48.0,False,0,22.437582128777922,,,,broad
24-95066,SIRET:77811608700165,RAW_SIRET,2024-08-16,2024-12-01,2025-03-01,2026-07-13,30,30200,DIGITAL_ICT,True,3.0,False,0,22.864651773981603,,,,broad
24-95874,NAME:sdis de la sarthe,NAME_FALLBACK,2024-08-20,2024-08-20,2027-08-20,2026-07-13,72,72250,DIGITAL_ICT,True,36.0,False,0,22.733245729303547,,,,broad
24-94748,SIRET:24440040400129,RAW_SIRET,2024-08-15,2024-08-15,2025-02-15,2026-07-13,48,48000,DIGITAL_ICT,True,6.0,True,1,0.8869908015768725,24-102689,0.7850963644327638,HIGH,broad
24-103305,NAME:syndicat d eau de l anjou 49,NAME_FALLBACK,2024-09-11,2024-09-11,2028-09-11,2026-07-13,48,48150,DIGITAL_ICT,True,48.0,False,0,22.010512483574246,,,,broad
24-107602,NAME:conseil departemental loire atlantique,NAME_FALLBACK,2024-09-24,2024-09-24,2025-03-24,2026-07-13,48,48422,DIGITAL_ICT,True,6.0,False,1,0.7227332457293035,24-117088,0.7423587385019712,HIGH,broad
24-110230,SIRET:57585049000021,RAW_SIRET,2024-09-29,2025-07-09,2025-11-09,2026-07-13,98,98390,DIGITAL_ICT,True,4.0,False,0,21.419185282522996,,,,broad
24-100737,NAME:semitan,NAME_FALLBACK,2024-09-04,2024-09-04,2026-09-04,2026-07-13,30,30233,DIGITAL_ICT,True,24.0,False,0,22.24047306176084,,,,broad
24-104536,NAME:conseil departemental loire atlantique,NAME_FALLBACK,2024-09-13,2024-09-13,2025-10-13,2026-07-13,92,92521,DIGITAL_ICT,True,13.0,False,0,21.944809461235216,,,,broad
24-104541,NAME:conseil departemental loire atlantique,NAME_FALLBACK,2024-09-15,2024-09-15,2025-03-15,2026-07-13,48,48422,DIGITAL_ICT,True,6.0,False,1,1.0183968462549278,24-117088,0.7546780551905388,POTENTIAL,broad
24-105167,NAME:conseil departemental de la mayenne,NAME_FALLBACK,2024-09-16,2024-09-16,2026-03-16,2026-07-13,39,39154,DIGITAL_ICT,True,18.0,False,1,18.101182654402105,26-28872,0.3046524838325855,POTENTIAL,broad
24-106137,SIRET:17440005100010,RAW_SIRET,2024-09-20,2025-02-25,2025-08-25,2026-07-13,72,72611,DIGITAL_ICT,True,6.0,False,1,13.042049934296976,25-117061,0.3315306297273929,POTENTIAL,broad
24-106530,SIRET:12001002000028,RAW_SIRET,2024-09-20,2024-09-20,2024-12-20,2026-07-13,35,35111,DIGITAL_ICT,True,3.0,False,1,8.015768725361367,25-56786,0.4405716162943495,MEDIUM,broad
24-106601,NAME:grand port maritime de nantes saint nazaire,NAME_FALLBACK,2024-09-19,2024-09-19,2025-02-19,2026-07-13,92,92312,DIGITAL_ICT,True,5.0,True,0,21.747700394218136,,,,broad
24-99140,SIRET:22370001400010,RAW_SIRET,2024-09-01,2024-09-01,2025-01-01,2026-07-13,92,92500,DIGITAL_ICT,True,4.0,False,0,22.339027595269382,,,,broad
24-99892,SIRET:13002622200013,RAW_SIRET,2024-09-04,2024-11-28,2025-03-28,2026-07-13,32,32321,DIGITAL_ICT,True,4.0,False,0,22.24047306176084,,,,broad
24-100465,SIRET:24440040400129,RAW_SIRET,2024-09-05,2024-09-05,2028-09-05,2026-07-13,72,72000,DIGITAL_ICT,True,48.0,False,0,22.207621550591327,,,,broad
24-108447,NAME:conseil departemental loire atlantique,NAME_FALLBACK,2024-09-26,2025-02-07,2025-06-07,2026-07-13,30,30230,DIGITAL_ICT,True,4.0,False,1,7.687253613666228,25-55152,0.6476326260289469,HIGH,broad
24-110005,NAME:pays de saint gilles croix de vie agglomeration 85,NAME_FALLBACK,2024-09-27,2024-09-27,2028-09-27,2026-07-13,,,DIGITAL_ICT,True,48.0,False,0,21.484888304862025,,,,broad
24-102689,SIRET:24440040400129,RAW_SIRET,2024-09-11,2024-09-11,2025-02-11,2026-07-13,48,48000,DIGITAL_ICT,True,5.0,False,1,3.219448094612352,24-141388,0.5747152869031975,HIGH,broad
24-104153,NAME:service public local,NAME_FALLBACK,2024-09-13,2024-09-13,2026-09-13,2026-07-13,72,72415,DIGITAL_ICT,True,24.0,False,0,21.944809461235216,,,,broad
24-102164,SIRET:23440003400026,RAW_SIRET,2024-09-10,2025-04-30,2025-08-30,2026-07-13,79,79540,DIGITAL_ICT,True,4.0,False,1,10.74244415243101,25-88454,0.3745029151349336,POTENTIAL,broad
24-108390,NAME:frg02,NAME_FALLBACK,2024-09-24,2024-09-24,2025-03-24,2026-07-13,48,48000,DIGITAL_ICT,True,6.0,True,0,21.583442838370566,,,,broad
24-104157,NAME:atlantic eau,NAME_FALLBACK,2024-09-13,2024-12-05,2025-06-05,2026-07-13,30,30200,DIGITAL_ICT,True,6.0,False,0,21.944809461235216,,,,broad
24-110261,SIRET:24440040400129,RAW_SIRET,2024-09-29,2024-09-29,2025-03-29,2026-07-13,48,48000,DIGITAL_ICT,True,6.0,True,1,2.628120893561104,24-141388,0.5272125699557133,HIGH,broad
24-102022,SIRET:31468496000045,RAW_SIRET,2024-09-08,2025-01-26,2025-05-26,2026-07-13,72,72246,DIGITAL_ICT,True,4.0,False,0,22.109067017082786,,,,broad
24-102167,SIRET:17440005100010,RAW_SIRET,2024-09-10,2024-09-10,2025-02-10,2026-07-13,72,72250,DIGITAL_ICT,True,5.0,False,1,6.83311432325887,25-38470,0.4020628167553014,POTENTIAL,broad
24-110066,SIRET:13003051300019,RAW_SIRET,2024-09-29,2024-09-29,2025-01-29,2026-07-13,34,34711,DIGITAL_ICT,True,4.0,False,1,2.463863337713535,24-139192,0.9241612151838448,HIGH,broad
24-102330,NAME:communaute de communes du pays sabolien,NAME_FALLBACK,2024-09-09,2024-09-09,2028-09-09,2026-07-13,48,48900,DIGITAL_ICT,True,48.0,False,0,22.07621550591327,,,,broad
24-103072,NAME:caisse d assurance maladie du val d oise,NAME_FALLBACK,2024-09-10,2024-09-10,2024-10-10,2026-07-13,32,32232,DIGITAL_ICT,True,1.0,False,0,22.043363994743757,,,,broad
24-110276,NAME:universite de rennes,NAME_FALLBACK,2024-09-27,2024-09-27,2026-03-27,2026-07-13,,,DIGITAL_ICT,True,18.0,False,1,20.43363994743758,26-57794,0.2798181940667256,MEDIUM,broad
24-121081,NAME:region des pays de la loire,NAME_FALLBACK,2024-10-23,2024-10-23,2026-10-23,2026-07-13,50,50324,DIGITAL_ICT,True,24.0,False,0,20.630749014454665,,,,broad
24-123750,SIRET:77811608700157,RAW_SIRET,2024-10-31,2025-01-28,2025-04-28,2026-07-13,72,72500,DIGITAL_ICT,True,3.0,False,0,20.367936925098554,,,,broad
24-120482,NAME:sieml syndicat intercommunal d energies de maine-et-loire,NAME_FALLBACK,2024-10-22,2024-10-22,2026-10-22,2026-07-13,38,38300,DIGITAL_ICT,True,24.0,False,0,20.66360052562418,,,,broad
24-117333,NAME:mairie de blain,NAME_FALLBACK,2024-10-15,2024-10-15,2025-04-15,2026-07-13,,,DIGITAL_ICT,True,6.0,True,0,20.893561103810775,,,,broad
24-117855,SIRET:24440040400129,RAW_SIRET,2024-10-17,2024-10-17,2025-03-17,2026-07-13,72,72250,DIGITAL_ICT,True,5.0,False,1,1.9053876478318,24-139939,0.6589873636217601,HIGH,broad
24-116007,SIRET:11000201100044,RAW_SIRET,2024-10-13,2024-10-13,2025-01-13,2026-07-13,48,48000,DIGITAL_ICT,True,3.0,False,0,20.959264126149804,,,,broad
24-117582,SIRET:20004131700013,RAW_SIRET,2024-10-17,2025-01-10,2025-07-10,2026-07-13,72,72230,DIGITAL_ICT,True,6.0,False,0,20.82785808147175,,,,broad
24-111919,SIRET:24850058900085,RAW_SIRET,2024-10-04,2024-10-04,2025-02-04,2026-07-13,72,72500,DIGITAL_ICT,True,4.0,False,1,1.0840998685939554,24-125547,0.8768068331143232,HIGH,broad
24-120512,SIRET:18009225600023,RAW_SIRET,2024-10-23,2024-10-23,2025-04-23,2026-07-13,71,71241,DIGITAL_ICT,True,6.0,False,0,20.630749014454665,,,,broad
24-112365,SIRET:24440040400129,RAW_SIRET,2024-10-05,2024-10-05,2028-10-05,2026-07-13,72,72000,DIGITAL_ICT,True,48.0,False,0,21.222076215505915,,,,broad
24-114946,SIRET:13003051300019,RAW_SIRET,2024-10-11,2024-10-11,2025-02-11,2026-07-13,32,32300,DIGITAL_ICT,True,4.0,False,1,2.0696452036793693,24-139192,0.298455985182058,MEDIUM,broad
24-115034,NAME:mairie de reze,NAME_FALLBACK,2024-10-09,2024-10-09,2025-10-09,2026-07-13,72,72222,DIGITAL_ICT,True,12.0,False,0,21.09067017082786,,,,broad
24-111365,NAME:le mans metropole,NAME_FALLBACK,2024-10-01,2025-03-20,2029-03-20,2026-07-13,35,35261,DIGITAL_ICT,True,48.0,False,0,21.35348226018397,,,,broad
24-121883,SIRET:19350097200016,RAW_SIRET,2024-10-26,2024-10-26,2025-02-26,2026-07-13,50,50700,DIGITAL_ICT,True,4.0,False,0,20.532194480946124,,,,broad
24-122943,SIRET:23440003400026,RAW_SIRET,2024-10-29,2025-04-04,2025-08-04,2026-07-13,90,90500,DIGITAL_ICT,True,4.0,False,1,9.132720105124836,25-88454,0.35660522999183,POTENTIAL,broad
24-116379,NAME:audencia eesc,NAME_FALLBACK,2024-10-15,2025-01-09,2025-05-09,2026-07-13,72,72600,DIGITAL_ICT,True,4.0,False,1,9.526938239159,25-87479,0.3406835133933295,POTENTIAL,broad
24-116796,NAME:conseil departemental de la mayenne,NAME_FALLBACK,2024-10-14,2024-10-14,2026-04-14,2026-07-13,39,39154,DIGITAL_ICT,True,18.0,False,1,18.462549277266756,26-42512,0.2909643541786214,POTENTIAL,broad
24-118232,SIRET:18009202500121,RAW_SIRET,2024-10-18,2024-10-18,2025-02-18,2026-07-13,35,35261,DIGITAL_ICT,True,4.0,False,1,0.2299605781865965,24-121412,0.4419941544179721,MEDIUM,broad
24-122891,NAME:le mans metropole,NAME_FALLBACK,2024-10-29,2025-06-26,2025-10-26,2026-07-13,72,72315,DIGITAL_ICT,True,4.0,False,0,20.433639947437584,,,,broad
24-123922,NAME:gie loire ocean,NAME_FALLBACK,2024-10-30,2024-10-30,2028-10-30,2026-07-13,48,48000,DIGITAL_ICT,True,48.0,False,0,20.40078843626807,,,,broad
24-121511,NAME:le mans metropole,NAME_FALLBACK,2024-10-25,2025-06-26,2025-10-26,2026-07-13,72,72315,DIGITAL_ICT,True,4.0,False,0,20.56504599211564,,,,broad
24-121412,SIRET:18009202500121,RAW_SIRET,2024-10-25,2025-01-29,2025-04-29,2026-07-13,35,35125,DIGITAL_ICT,True,3.0,False,0,20.56504599211564,,,,broad
24-117088,NAME:conseil departemental loire atlantique,NAME_FALLBACK,2024-10-16,2024-10-16,2025-04-16,2026-07-13,48,48422,DIGITAL_ICT,True,6.0,False,1,7.030223390275952,25-55152,0.3928539541793805,POTENTIAL,broad
24-111199,SIRET:21370261600011,RAW_SIRET,2024-10-03,2024-10-03,2025-04-03,2026-07-13,35,35121,DIGITAL_ICT,True,6.0,False,1,3.1865965834428382,25-1120,0.8836508979413055,HIGH,broad
24-112213,NAME:departement de la vendee,NAME_FALLBACK,2024-10-04,2025-01-21,2025-05-21,2026-07-13,35,35261,DIGITAL_ICT,True,4.0,False,1,4.993429697766097,25-24140,0.535843999793558,HIGH,broad
24-119150,NAME:nantes metropole,NAME_FALLBACK,2024-10-18,2024-10-18,2025-04-18,2026-07-13,72,72150,DIGITAL_ICT,True,6.0,True,1,6.110381077529566,25-45593,0.3738667563114016,MEDIUM,broad
24-119371,NAME:le mans metropole,NAME_FALLBACK,2024-10-18,2025-02-21,2028-02-21,2026-07-13,72,72212,DIGITAL_ICT,True,36.0,False,0,20.795006570302235,,,,broad
24-134460,NAME:lycee public leonard de vinci,NAME_FALLBACK,2024-11-28,2024-11-28,2025-03-28,2026-07-13,32,32321,DIGITAL_ICT,True,4.0,True,0,19.44809461235217,,,,broad
24-129367,NAME:syndicat mixte pour le developpement numerique,NAME_FALLBACK,2024-11-16,2024-11-16,2025-03-16,2026-07-13,72,72700,DIGITAL_ICT,True,4.0,False,0,19.842312746386334,,,,broad
24-131879,SIRET:24440040400129,RAW_SIRET,2024-11-22,2024-11-22,2025-04-22,2026-07-13,64,64212,DIGITAL_ICT,True,5.0,False,1,1.8396846254927728,25-5091,0.865105109755235,HIGH,broad
24-132450,SIRET:12001201800111,RAW_SIRET,2024-11-24,2024-11-24,2025-05-24,2026-07-13,75,75231,DIGITAL_ICT,True,6.0,True,1,6.3731931668856765,25-63023,0.3322054314498467,MEDIUM,broad
24-126812,NAME:nantes metropole,NAME_FALLBACK,2024-11-07,2024-11-07,2025-04-07,2026-07-13,79,79540,DIGITAL_ICT,True,5.0,True,1,6.865965834428383,25-62715,0.5153110137685968,HIGH,broad
24-127069,NAME:universite d angers,NAME_FALLBACK,2024-11-07,2025-02-17,2025-06-17,2026-07-13,45,45453,DIGITAL_ICT,True,4.0,False,1,6.110381077529566,25-53206,0.2951066080328238,POTENTIAL,broad
24-127156,NAME:mairie de saint-herblain,NAME_FALLBACK,2024-11-08,2024-11-08,2025-05-08,2026-07-13,48,48217,DIGITAL_ICT,True,6.0,True,1,7.7858081471747695,25-75379,0.3431527320136211,MEDIUM,broad
24-127528,NAME:nantes metropole,NAME_FALLBACK,2024-11-08,2024-11-08,2025-05-08,2026-07-13,48,48000,DIGITAL_ICT,True,6.0,True,1,5.4204993429697765,25-45593,0.3342948709039194,POTENTIAL,broad
24-130324,SIRET:23440003400026,RAW_SIRET,2024-11-19,2025-04-04,2025-08-04,2026-07-13,90,90500,DIGITAL_ICT,True,4.0,False,1,8.442838370565045,25-88454,0.35660522999183,POTENTIAL,broad
24-132338,NAME:conseil departemental de la mayenne,NAME_FALLBACK,2024-11-24,2025-03-20,2025-07-20,2026-07-13,72,72262,DIGITAL_ICT,True,4.0,False,1,5.716162943495401,25-54937,0.4133153355790136,POTENTIAL,broad
24-127981,NAME:conseil departemental de la mayenne,NAME_FALLBACK,2024-11-13,2025-03-19,2025-07-19,2026-07-13,72,72415,DIGITAL_ICT,True,4.0,False,1,6.077529566360052,25-54937,0.3109004750062593,MEDIUM,broad
24-127394,SIRET:51532951400035,RAW_SIRET,2024-11-10,2025-02-12,2025-06-12,2026-07-13,72,72000,DIGITAL_ICT,True,4.0,False,0,20.03942181340342,,,,broad
24-133497,NAME:ville de la baule escoublac,NAME_FALLBACK,2024-11-28,2025-04-02,2025-08-02,2026-07-13,35,35260,DIGITAL_ICT,True,4.0,False,0,19.44809461235217,,,,broad
24-131094,SIRET:24490001500011,RAW_SIRET,2024-11-21,2024-11-21,2025-05-21,2026-07-13,71,71351,DIGITAL_ICT,True,6.0,False,1,1.5768725361366622,25-925,0.8179478756022776,HIGH,broad
24-125134,NAME:ville d alencon,NAME_FALLBACK,2024-11-04,2024-11-04,2025-07-04,2026-07-13,,,DIGITAL_ICT,True,8.0,False,0,20.2365308804205,,,,broad
24-132709,NAME:ville de saint herbalin,NAME_FALLBACK,2024-11-25,2024-11-25,2025-05-25,2026-07-13,48,48214,DIGITAL_ICT,True,6.0,True,0,19.54664914586071,,,,broad
24-125547,SIRET:24850058900085,RAW_SIRET,2024-11-06,2024-11-06,2025-03-06,2026-07-13,72,72500,DIGITAL_ICT,True,4.0,False,0,20.170827858081473,,,,broad
24-132180,NAME:conseil departemental de la mayenne,NAME_FALLBACK,2024-11-24,2025-03-19,2025-07-19,2026-07-13,72,72415,DIGITAL_ICT,True,4.0,False,1,5.716162943495401,25-54937,0.3109004750062593,MEDIUM,broad
24-141949,SIRET:17440005100010,RAW_SIRET,2024-12-19,2025-07-26,2029-11-26,2026-07-13,48,48430,DIGITAL_ICT,True,52.0,False,0,18.758212877792378,,,,broad
24-143106,SIRET:54665016900057,RAW_SIRET,2024-12-21,2024-12-21,2025-03-21,2026-07-13,72,72500,DIGITAL_ICT,True,3.0,False,0,18.692509855453352,,,,broad
24-140072,SIRET:24440040400129,RAW_SIRET,2024-12-15,2024-12-15,2025-05-15,2026-07-13,72,72314,DIGITAL_ICT,True,5.0,False,1,4.730617608409987,25-51370,0.4412138922092252,POTENTIAL,broad
24-138072,NAME:ville de bouguenais,NAME_FALLBACK,2024-12-09,2025-04-09,2025-10-09,2026-07-13,48,48161,DIGITAL_ICT,True,6.0,True,0,19.086727989487517,,,,broad
24-139939,SIRET:24440040400129,RAW_SIRET,2024-12-14,2024-12-14,2025-05-14,2026-07-13,72,72250,DIGITAL_ICT,True,5.0,False,1,7.457293035479632,25-86184,0.549692913152159,POTENTIAL,broad
24-140261,NAME:departement de la vendee,NAME_FALLBACK,2024-12-15,2025-03-07,2025-07-07,2026-07-13,72,72267,DIGITAL_ICT,True,4.0,False,1,0.9198423127463864,25-3181,0.719088918090232,HIGH,broad
24-141111,SIRET:17440005100010,RAW_SIRET,2024-12-18,2025-07-26,2029-11-26,2026-07-13,48,48430,DIGITAL_ICT,True,52.0,False,0,18.791064388961892,,,,broad
24-142269,SIRET:12001201800111,RAW_SIRET,2024-12-20,2024-12-20,2025-09-20,2026-07-13,35,35113,DIGITAL_ICT,True,9.0,False,1,5.519053876478318,25-63023,0.6964713859501888,HIGH,broad
24-145551,SIRET:12001201800111,RAW_SIRET,2024-12-29,2024-12-29,2029-12-29,2026-07-13,32,32210,DIGITAL_ICT,True,60.0,False,0,18.42969776609724,,,,broad
24-143497,NAME:ville de saint barthelemy d anjou 49,NAME_FALLBACK,2024-12-20,2024-12-20,2028-12-20,2026-07-13,32,32500,DIGITAL_ICT,True,48.0,False,0,18.725361366622863,,,,broad
24-136390,NAME:le mans metropole,NAME_FALLBACK,2024-12-06,2025-03-27,2025-07-27,2026-07-13,90,90722,DIGITAL_ICT,True,4.0,False,1,6.898817345597897,25-75427,0.2785173017958826,MEDIUM,broad
24-138588,SIRET:19350937900015,RAW_SIRET,2024-12-11,2024-12-11,2025-04-11,2026-07-13,32,32321,DIGITAL_ICT,True,4.0,False,0,19.021024967148488,,,,broad
24-138890,NAME:societe publique regionale abbaye de fontevraud,NAME_FALLBACK,2024-12-11,2024-12-11,2025-03-11,2026-07-13,32,32323,DIGITAL_ICT,True,3.0,False,1,3.0223390275952693,25-27783,0.5508136146303708,POTENTIAL,broad
24-141319,NAME:cnieg caisse nationale des industries electriques et gazieres,NAME_FALLBACK,2024-12-18,2025-05-25,2025-11-25,2026-07-13,72,72220,DIGITAL_ICT,True,6.0,False,0,18.791064388961892,,,,broad
24-144326,NAME:commune de cesson-sevigne,NAME_FALLBACK,2024-12-23,2024-12-23,2025-06-23,2026-07-13,48,48217,DIGITAL_ICT,True,6.0,True,0,18.626806833114323,,,,broad
24-139412,SIRET:18440128900022,RAW_SIRET,2024-12-13,2024-12-13,2025-04-13,2026-07-13,32,32420,DIGITAL_ICT,True,4.0,False,0,18.955321944809462,,,,broad
24-139818,NAME:ville de saint nazaire,NAME_FALLBACK,2024-12-12,2025-04-03,2029-04-03,2026-07-13,72,72212,DIGITAL_ICT,True,48.0,False,0,18.988173455978973,,,,broad
24-140762,SIRET:13002974700016,RAW_SIRET,2024-12-17,2024-12-17,2025-06-17,2026-07-13,35,35113,DIGITAL_ICT,True,6.0,False,1,6.438896189224704,25-73236,0.3659356601305306,MEDIUM,broad
24-140663,SIRET:20005889900010,RAW_SIRET,2024-12-17,2025-04-23,2025-08-23,2026-07-13,72,72514,DIGITAL_ICT,True,4.0,False,0,18.823915900131407,,,,broad
24-142222,NAME:spl le mans evenements,NAME_FALLBACK,2024-12-20,2025-03-19,2025-07-19,2026-07-13,72,72700,DIGITAL_ICT,True,4.0,False,0,18.725361366622863,,,,broad
24-142589,SIRET:39172288100052,RAW_SIRET,2024-12-20,2024-12-20,2028-12-20,2026-07-13,72,72212,DIGITAL_ICT,True,48.0,False,0,18.725361366622863,,,,broad
24-139192,SIRET:13003051300019,RAW_SIRET,2024-12-13,2024-12-13,2025-04-13,2026-07-13,34,34711,DIGITAL_ICT,True,4.0,False,0,18.955321944809462,,,,broad
24-136086,NAME:conseil departemental de la mayenne,NAME_FALLBACK,2024-12-05,2025-03-20,2025-07-20,2026-07-13,72,72222,DIGITAL_ICT,True,4.0,False,1,5.354796320630749,25-54937,0.3795193569353258,MEDIUM,broad
24-138333,NAME:conseil departemental de la mayenne,NAME_FALLBACK,2024-12-10,2024-12-10,2025-06-10,2026-07-13,,,DIGITAL_ICT,True,6.0,True,1,5.19053876478318,25-54937,0.3092406155746654,MEDIUM,broad
24-138492,SIRET:20005361900017,RAW_SIRET,2024-12-11,2025-02-26,2025-06-26,2026-07-13,30,30200,DIGITAL_ICT,True,4.0,False,0,19.021024967148488,,,,broad
24-138709,SIRET:19753472000010,RAW_SIRET,2024-12-12,2024-12-12,2025-04-12,2026-07-13,30,30200,DIGITAL_ICT,True,4.0,False,1,1.8396846254927728,25-13176,0.6753336362339107,HIGH,broad
24-140255,SIRET:24440040400129,RAW_SIRET,2024-12-15,2024-12-15,2025-05-15,2026-07-13,48,48822,DIGITAL_ICT,True,5.0,False,1,4.730617608409987,25-51370,0.3836274248560023,POTENTIAL,broad
24-141388,SIRET:24440040400129,RAW_SIRET,2024-12-18,2024-12-18,2028-12-18,2026-07-13,48,48000,DIGITAL_ICT,True,48.0,False,0,18.791064388961892,,,,broad
25-4360,NAME:communaute urbaine d alencon,NAME_FALLBACK,2025-01-14,2025-01-14,2026-01-14,2026-07-13,45,45311,DIGITAL_ICT,True,12.0,False,0,17.90407358738502,,,,broad
25-4760,NAME:departement de maine-et-loire,NAME_FALLBACK,2025-01-15,2025-01-15,2025-07-15,2026-07-13,48,48000,DIGITAL_ICT,True,6.0,True,1,4.073587385019711,25-55756,0.3596579154552019,POTENTIAL,broad
25-1120,SIRET:21370261600011,RAW_SIRET,2025-01-08,2025-01-08,2025-07-08,2026-07-13,35,35121,DIGITAL_ICT,True,6.0,False,0,18.101182654402102,,,,broad
25-5729,SIRET:23440003400026,RAW_SIRET,2025-01-18,2025-06-19,2025-10-19,2026-07-13,48,48813,DIGITAL_ICT,True,4.0,False,1,9.198423127463863,25-118828,0.3432041001479072,POTENTIAL,broad
25-2153,NAME:ville de murs erigne 49,NAME_FALLBACK,2025-01-08,2025-01-08,2029-01-08,2026-07-13,30,30200,DIGITAL_ICT,True,48.0,False,0,18.101182654402102,,,,broad
25-5047,NAME:angers loire metropole 49,NAME_FALLBACK,2025-01-15,2025-01-15,2029-01-15,2026-07-13,48,48421,DIGITAL_ICT,True,48.0,False,0,17.871222076215506,,,,broad
25-1181,SIRET:12002701600563,RAW_SIRET,2025-01-08,2025-01-08,2025-07-08,2026-07-13,72,72000,DIGITAL_ICT,True,6.0,False,1,0.0328515111695138,25-2044,0.7536136662286465,HIGH,broad
25-4351,NAME:ville d alencon,NAME_FALLBACK,2025-01-14,2025-01-14,2026-01-14,2026-07-13,45,45311,DIGITAL_ICT,True,12.0,False,0,17.90407358738502,,,,broad
25-2044,SIRET:12002701600563,RAW_SIRET,2025-01-09,2025-01-09,2025-07-09,2026-07-13,72,72000,DIGITAL_ICT,True,6.0,False,0,18.068331143232587,,,,broad
25-9700,NAME:ville de laval,NAME_FALLBACK,2025-01-27,2025-01-27,2029-01-27,2026-07-13,50,50313,DIGITAL_ICT,True,48.0,False,0,17.47700394218134,,,,broad
25-3181,NAME:departement de la vendee,NAME_FALLBACK,2025-01-12,2025-03-07,2025-07-07,2026-07-13,72,72267,DIGITAL_ICT,True,4.0,False,1,5.913272010512483,25-78625,0.3236688315173607,POTENTIAL,broad
25-925,SIRET:24490001500011,RAW_SIRET,2025-01-08,2025-01-08,2025-07-08,2026-07-13,71,71351,DIGITAL_ICT,True,6.0,False,1,5.519053876478318,25-70695,0.3322054314498467,MEDIUM,broad
25-6327,SIRET:24440055200026,RAW_SIRET,2025-01-19,2025-07-02,2025-12-02,2026-07-13,72,72000,DIGITAL_ICT,True,5.0,False,1,5.387647831800263,25-73652,0.7893021935261548,HIGH,broad
25-6663,NAME:communaute de communes baugeois vallee,NAME_FALLBACK,2025-01-20,2025-01-20,2029-01-20,2026-07-13,48,48000,DIGITAL_ICT,True,48.0,False,0,17.706964520367936,,,,broad
25-7959,NAME:conseil departemental de la mayenne,NAME_FALLBACK,2025-01-22,2025-01-22,2029-01-22,2026-07-13,72,72212,DIGITAL_ICT,True,48.0,False,0,17.64126149802891,,,,broad
25-7967,NAME:semitan,NAME_FALLBACK,2025-01-22,2025-01-22,2025-07-22,2026-07-13,72,72221,DIGITAL_ICT,True,6.0,False,1,7.325886990801576,25-97524,0.4348691344586958,MEDIUM,broad
25-5328,SIRET:23350001600040,RAW_SIRET,2025-01-17,2025-01-17,2025-05-17,2026-07-13,42,42600,DIGITAL_ICT,True,4.0,False,1,3.4494086727989486,25-49175,0.4384908422620609,MEDIUM,broad
25-7000,NAME:cenovia cites,NAME_FALLBACK,2025-01-20,2025-01-20,2025-08-20,2026-07-13,72,72243,DIGITAL_ICT,True,7.0,False,0,17.706964520367936,,,,broad
25-839,SIRET:39172288100052,RAW_SIRET,2025-01-07,2025-01-07,2029-01-07,2026-07-13,72,72212,DIGITAL_ICT,True,48.0,False,0,18.134034165571617,,,,broad
25-9558,SIRET:23350001600040,RAW_SIRET,2025-01-28,2025-05-11,2025-09-11,2026-07-13,32,32321,DIGITAL_ICT,True,4.0,False,0,17.444152431011826,,,,broad
25-7906,NAME:epcc les quinconces l espal,NAME_FALLBACK,2025-01-22,2025-03-26,2025-07-26,2026-07-13,32,32570,DIGITAL_ICT,True,4.0,True,0,17.64126149802891,,,,broad
25-3474,NAME:ville de saint nazaire,NAME_FALLBACK,2025-01-12,2025-04-13,2025-08-13,2026-07-13,48,48214,DIGITAL_ICT,True,4.0,False,0,17.969776609724047,,,,broad
25-6053,NAME:territoire d energie loire-atlantique,NAME_FALLBACK,2025-01-19,2025-05-18,2025-11-18,2026-07-13,72,72222,DIGITAL_ICT,True,6.0,False,1,12.155059132720105,26-8489,0.4022945999277593,MEDIUM,broad
25-7333,SIRET:53820845500021,RAW_SIRET,2025-01-22,2025-09-25,2027-09-25,2026-07-13,72,72212,DIGITAL_ICT,True,24.0,False,0,17.64126149802891,,,,broad
25-2262,NAME:ville de saint nazaire,NAME_FALLBACK,2025-01-10,2025-04-18,2025-08-18,2026-07-13,72,72243,DIGITAL_ICT,True,4.0,False,1,3.055190538764783,25-41441,0.5628356738846239,HIGH,broad
25-5091,SIRET:24440040400129,RAW_SIRET,2025-01-17,2025-01-17,2025-06-17,2026-07-13,64,64212,DIGITAL_ICT,True,5.0,False,1,5.486202365308804,25-74706,0.3346799210078959,POTENTIAL,broad
25-3764,NAME:insa rennes enseignement superieur et recherche,NAME_FALLBACK,2025-01-13,2025-01-13,2025-03-13,2026-07-13,38,38515,DIGITAL_ICT,True,2.0,False,0,17.936925098554532,,,,broad
25-7776,NAME:audencia eesc,NAME_FALLBACK,2025-01-22,2025-01-22,2030-01-22,2026-07-13,72,72212,DIGITAL_ICT,True,60.0,False,0,17.64126149802891,,,,broad
25-17738,SIRET:24440040400129,RAW_SIRET,2025-02-16,2025-02-16,2025-07-16,2026-07-13,32,32400,DIGITAL_ICT,True,5.0,False,1,6.603153745072273,25-98294,0.41301830825813,POTENTIAL,broad
25-18490,NAME:communaute de communes pays de fontenay-vendee,NAME_FALLBACK,2025-02-17,2025-02-17,2026-01-17,2026-07-13,39,39150,DIGITAL_ICT,True,11.0,True,0,16.78712220762155,,,,broad
25-14530,NAME:ecole des beaux arts nantes saint-nazaire,NAME_FALLBACK,2025-02-06,2025-02-06,2025-08-06,2026-07-13,48,48822,DIGITAL_ICT,True,6.0,True,0,17.1484888304862,,,,broad
25-21094,SIRET:17440005100010,RAW_SIRET,2025-02-25,2025-07-27,2026-01-27,2026-07-13,42,42961,DIGITAL_ICT,True,6.0,False,1,10.512483574244415,26-2995,0.3327748123107531,MEDIUM,broad
25-13579,NAME:conseil departemental de la mayenne,NAME_FALLBACK,2025-02-06,2025-05-07,2025-09-07,2026-07-13,72,72267,DIGITAL_ICT,True,4.0,False,1,10.11826544021025,25-135982,0.4833848285878128,MEDIUM,broad
25-22758,NAME:conseil departemental loire atlantique,NAME_FALLBACK,2025-02-27,2025-02-27,2026-02-27,2026-07-13,,,DIGITAL_ICT,True,12.0,False,1,11.793692509855452,26-17888,0.3568185875855503,POTENTIAL,broad
25-12266,NAME:territoire d energie loire-atlantique,NAME_FALLBACK,2025-02-03,2025-03-31,2026-09-30,2026-07-13,72,72224,DIGITAL_ICT,True,18.0,False,0,17.247043363994745,,,,broad
25-13176,SIRET:19753472000010,RAW_SIRET,2025-02-06,2025-02-06,2025-06-06,2026-07-13,30,30200,DIGITAL_ICT,True,4.0,False,1,4.993429697766097,25-76566,0.644475976578703,HIGH,broad
25-15910,NAME:le mans metropole,NAME_FALLBACK,2025-02-12,2025-10-23,2026-02-23,2026-07-13,72,72250,DIGITAL_ICT,True,4.0,False,1,12.187910643889618,26-16813,0.4278006155388862,POTENTIAL,broad
25-15261,NAME:universite d angers,NAME_FALLBACK,2025-02-11,2025-10-21,2026-04-21,2026-07-13,32,32424,DIGITAL_ICT,True,6.0,False,0,16.984231274638635,,,,broad
25-16623,SIRET:39172288100052,RAW_SIRET,2025-02-13,2026-02-22,2030-02-22,2026-07-13,72,72223,DIGITAL_ICT,True,48.0,False,0,16.918528252299605,,,,broad
25-17357,NAME:grand port maritime,NAME_FALLBACK,2025-02-13,2025-09-19,2026-03-19,2026-07-13,72,72310,DIGITAL_ICT,True,6.0,True,0,16.918528252299605,,,,broad
25-20498,NAME:conseil departemental de la mayenne,NAME_FALLBACK,2025-02-21,2025-02-21,2025-08-21,2026-07-13,,,DIGITAL_ICT,True,6.0,True,1,11.4323258869908,26-11967,0.2887069383209766,MEDIUM,broad
25-13122,NAME:cte de cnes du pays d ancenis,NAME_FALLBACK,2025-02-04,2025-02-04,2029-02-04,2026-07-13,71,71620,DIGITAL_ICT,True,48.0,False,0,17.21419185282523,,,,broad
25-14799,NAME:societe publique regionale abbaye de fontevraud,NAME_FALLBACK,2025-02-09,2025-06-05,2025-08-05,2026-07-13,32,32323,DIGITAL_ICT,True,2.0,False,1,1.0512483574244416,25-27783,0.7615221200175208,HIGH,broad
25-20873,SIRET:24440040400129,RAW_SIRET,2025-02-23,2025-02-23,2025-07-23,2026-07-13,22,22200,DIGITAL_ICT,True,5.0,False,1,5.124835742444152,25-86184,0.3480201954608706,POTENTIAL,broad
25-18090,NAME:insa rennes,NAME_FALLBACK,2025-02-14,2025-02-14,2028-02-14,2026-07-13,71,71000,DIGITAL_ICT,True,36.0,False,0,16.88567674113009,,,,broad
25-19380,NAME:mairie de saint-herblain,NAME_FALLBACK,2025-02-19,2025-02-19,2025-08-19,2026-07-13,48,48900,DIGITAL_ICT,True,6.0,True,0,16.721419185282524,,,,broad
25-20325,NAME:dp-25-5,NAME_FALLBACK,2025-02-20,2025-02-20,2025-08-20,2026-07-13,72,72415,DIGITAL_ICT,True,6.0,True,0,16.68856767411301,,,,broad
25-28394,NAME:conseil departemental loire atlantique,NAME_FALLBACK,2025-03-14,2025-07-18,2025-11-18,2026-07-13,72,72268,DIGITAL_ICT,True,4.0,False,1,10.052562417871222,26-3380,0.6311012497639992,HIGH,broad
25-33463,SIRET:17440005100010,RAW_SIRET,2025-03-26,2025-03-26,2025-09-26,2026-07-13,72,72600,DIGITAL_ICT,True,6.0,False,1,8.114323258869907,25-130935,0.4241734502589186,POTENTIAL,broad
25-26359,NAME:conseil departemental de la mayenne,NAME_FALLBACK,2025-03-09,2025-07-02,2025-11-02,2026-07-13,30,30200,DIGITAL_ICT,True,4.0,False,1,8.73850197109067,25-131747,0.6576091651295577,HIGH,broad
25-28616,SIRET:79820357600029,RAW_SIRET,2025-03-14,2025-03-14,2031-03-14,2026-07-13,72,72610,DIGITAL_ICT,True,72.0,False,0,15.965834428383706,,,,broad
25-26250,SIRET:17440005100010,RAW_SIRET,2025-03-09,2025-07-01,2026-01-01,2026-07-13,72,72500,DIGITAL_ICT,True,6.0,False,1,8.672798948751643,25-130935,0.3656103847684384,POTENTIAL,broad
25-27146,SIRET:28530001800030,RAW_SIRET,2025-03-12,2025-09-16,2026-01-16,2026-07-13,35,35110,DIGITAL_ICT,True,4.0,False,0,16.031537450722734,,,,broad
25-35036,NAME:audencia eesc,NAME_FALLBACK,2025-03-28,2025-03-28,2026-03-28,2026-07-13,72,72212,DIGITAL_ICT,True,12.0,False,1,10.052562417871222,26-9132,0.3777507484007429,MEDIUM,broad
25-26751,NAME:commune du croisic,NAME_FALLBACK,2025-03-10,2025-03-10,2027-03-10,2026-07-13,30,30200,DIGITAL_ICT,True,24.0,False,0,16.09724047306176,,,,broad
25-23877,SIRET:20007187600011,RAW_SIRET,2025-03-04,2025-03-04,2025-07-04,2026-07-13,72,72514,DIGITAL_ICT,True,4.0,False,0,16.294349540078844,,,,broad
25-24140,NAME:departement de la vendee,NAME_FALLBACK,2025-03-05,2025-07-25,2025-11-25,2026-07-13,35,35261,DIGITAL_ICT,True,4.0,False,0,16.26149802890933,,,,broad
25-24896,NAME:semitan,NAME_FALLBACK,2025-03-06,2025-08-14,2025-12-14,2026-07-13,79,79631,DIGITAL_ICT,True,4.0,False,0,16.228646517739815,,,,broad
25-33226,NAME:angers loire metropole 49,NAME_FALLBACK,2025-03-24,2025-03-24,2029-03-24,2026-07-13,48,48321,DIGITAL_ICT,True,48.0,False,0,15.637319316688568,,,,broad
25-34793,SIRET:39172288100052,RAW_SIRET,2025-03-28,2026-02-15,2031-02-15,2026-07-13,48,48000,DIGITAL_ICT,True,60.0,False,0,15.505913272010513,,,,broad
25-25051,SIRET:23440003400026,RAW_SIRET,2025-03-06,2025-08-02,2026-01-02,2026-07-13,92,92512,DIGITAL_ICT,True,5.0,False,1,10.545335085413928,26-6662,0.3301250522722767,POTENTIAL,broad
25-28646,SIRET:17440005100010,RAW_SIRET,2025-03-14,2025-03-14,2025-09-14,2026-07-13,79,79540,DIGITAL_ICT,True,6.0,False,1,7.293035479632063,25-117061,0.3044211294353257,POTENTIAL,broad
25-30804,NAME:departement de la sarthe,NAME_FALLBACK,2025-03-18,2025-07-07,2029-07-07,2026-07-13,72,72611,DIGITAL_ICT,True,48.0,False,0,15.834428383705651,,,,broad
25-33563,NAME:etablissement public a caractere administratif,NAME_FALLBACK,2025-03-25,2025-03-25,2027-03-25,2026-07-13,72,72250,DIGITAL_ICT,True,24.0,False,0,15.604467805519054,,,,broad
25-35355,NAME:metropole,NAME_FALLBACK,2025-03-28,2025-03-28,2025-07-28,2026-07-13,32,32232,DIGITAL_ICT,True,4.0,True,0,15.505913272010513,,,,broad
25-35958,NAME:creps des pays de la loire,NAME_FALLBACK,2025-03-31,2025-05-22,2026-02-22,2026-07-13,48,48000,DIGITAL_ICT,True,9.0,False,0,15.407358738501971,,,,broad
25-25127,NAME:centre hospitalier de laval 53,NAME_FALLBACK,2025-03-05,2025-03-05,2025-07-05,2026-07-13,32,32321,DIGITAL_ICT,True,4.0,True,0,16.26149802890933,,,,broad
25-34950,NAME:ecole nationale superieure d arts et metiers,NAME_FALLBACK,2025-03-27,2025-03-27,2025-09-27,2026-07-13,48,48190,DIGITAL_ICT,True,6.0,True,0,15.538764783180026,,,,broad
25-30282,SIRET:23440003400026,RAW_SIRET,2025-03-19,2025-08-02,2026-01-02,2026-07-13,92,92512,DIGITAL_ICT,True,5.0,False,1,10.11826544021025,26-6662,0.3301250522722767,POTENTIAL,broad
25-30074,NAME:cnieg caisse nationale des industries electriques et gazieres,NAME_FALLBACK,2025-03-19,2025-08-10,2026-02-10,2026-07-13,72,72220,DIGITAL_ICT,True,6.0,False,0,15.801576872536137,,,,broad
25-30335,NAME:conseil departemental de la mayenne,NAME_FALLBACK,2025-03-18,2025-03-18,2029-03-18,2026-07-13,72,72268,DIGITAL_ICT,True,48.0,False,0,15.834428383705651,,,,broad
25-27783,NAME:societe publique regionale abbaye de fontevraud,NAME_FALLBACK,2025-03-13,2025-06-05,2025-08-05,2026-07-13,32,32323,DIGITAL_ICT,True,2.0,False,0,15.99868593955322,,,,broad
25-32752,SIRET:24850058900317,RAW_SIRET,2025-03-25,2025-03-25,2025-07-25,2026-07-13,30,30230,DIGITAL_ICT,True,4.0,False,0,15.604467805519054,,,,broad
25-33262,SIRET:18450021300014,RAW_SIRET,2025-03-26,2025-03-26,2025-07-26,2026-07-13,35,35111,DIGITAL_ICT,True,4.0,False,0,15.57161629434954,,,,broad
25-44713,NAME:departement du finistere 32 boulevard dupleix 29196 quimper,NAME_FALLBACK,2025-04-18,2025-04-18,2025-10-18,2026-07-13,,,DIGITAL_ICT,True,6.0,True,0,14.816031537450723,,,,broad
25-45593,NAME:nantes metropole,NAME_FALLBACK,2025-04-22,2025-04-22,2025-10-22,2026-07-13,72,72600,DIGITAL_ICT,True,6.0,True,1,7.457293035479632,25-134329,0.3168863307076539,POTENTIAL,broad
25-48468,SIRET:24440043800127,RAW_SIRET,2025-04-30,2025-04-30,2025-10-30,2026-07-13,72,72250,DIGITAL_ICT,True,6.0,False,1,0.1314060446780552,25-49952,0.7549824791940428,HIGH,broad
25-49286,NAME:territoire d energie loire-atlantique,NAME_FALLBACK,2025-04-30,2025-08-28,2026-08-28,2026-07-13,30,30230,DIGITAL_ICT,True,12.0,False,0,14.421813403416557,,,,broad
25-38048,NAME:ville de saint nazaire,NAME_FALLBACK,2025-04-03,2025-04-03,2029-04-03,2026-07-13,72,72250,DIGITAL_ICT,True,48.0,False,0,15.30880420499343,,,,broad
25-42228,NAME:universite de rennes,NAME_FALLBACK,2025-04-14,2025-04-14,2030-04-14,2026-07-13,72,72000,DIGITAL_ICT,True,60.0,False,0,14.947437582128778,,,,broad
25-44681,SIRET:39172288100052,RAW_SIRET,2025-04-20,2026-02-15,2031-02-15,2026-07-13,48,48000,DIGITAL_ICT,True,60.0,False,0,14.750328515111695,,,,broad
25-44864,NAME:formation numerique et bureautique,NAME_FALLBACK,2025-04-18,2025-04-18,2025-12-18,2026-07-13,80,80500,DIGITAL_ICT,True,8.0,False,0,14.816031537450723,,,,broad
25-37134,NAME:mte dgpr srn service central vigicrues,NAME_FALLBACK,2025-04-03,2025-04-03,2025-10-03,2026-07-13,32,32260,DIGITAL_ICT,True,6.0,False,0,15.30880420499343,,,,broad
25-39078,NAME:mairie de reze,NAME_FALLBACK,2025-04-07,2025-04-07,2026-04-07,2026-07-13,35,35111,DIGITAL_ICT,True,12.0,False,0,15.177398160315375,,,,broad
25-41441,NAME:ville de saint nazaire,NAME_FALLBACK,2025-04-13,2025-07-30,2025-11-30,2026-07-13,72,72243,DIGITAL_ICT,True,4.0,False,1,5.913272010512483,25-113300,0.3863777103516028,MEDIUM,broad
25-37048,SIRET:24850066200015,RAW_SIRET,2025-04-03,2025-04-03,2025-08-03,2026-07-13,30,30200,DIGITAL_ICT,True,4.0,False,0,15.30880420499343,,,,broad
25-37275,SIRET:13001044000019,RAW_SIRET,2025-04-04,2025-06-29,2025-12-29,2026-07-13,48,48952,DIGITAL_ICT,True,6.0,False,0,15.275952693823916,,,,broad
25-43777,NAME:universite du mans,NAME_FALLBACK,2025-04-16,2025-04-16,2025-08-16,2026-07-13,32,32321,DIGITAL_ICT,True,4.0,True,0,14.88173455978975,,,,broad
25-47444,SIRET:17440005100010,RAW_SIRET,2025-04-27,2025-04-27,2026-01-27,2026-07-13,33,33120,DIGITAL_ICT,True,9.0,False,1,8.508541392904073,26-2995,0.3300724999214365,POTENTIAL,broad
25-47175,NAME:departement de la sarthe,NAME_FALLBACK,2025-04-27,2025-10-08,2026-02-08,2026-07-13,45,45314,DIGITAL_ICT,True,4.0,False,0,14.520367936925098,,,,broad
25-36671,SIRET:25440253000011,RAW_SIRET,2025-04-03,2025-04-03,2025-05-03,2026-07-13,72,72500,DIGITAL_ICT,True,1.0,False,1,1.3469119579500657,25-53540,0.4069602150997482,MEDIUM,broad
25-38470,SIRET:17440005100010,RAW_SIRET,2025-04-06,2025-06-18,2025-10-18,2026-07-13,72,72268,DIGITAL_ICT,True,4.0,False,1,6.5374507227332455,25-117061,0.4692485227036658,POTENTIAL,broad
25-39459,SIRET:19440100600011,RAW_SIRET,2025-04-09,2025-07-02,2025-11-02,2026-07-13,32,32323,DIGITAL_ICT,True,4.0,False,1,5.059132720105125,25-100139,0.3172395428509559,MEDIUM,broad
25-39819,NAME:commune de saint jean de monts 85,NAME_FALLBACK,2025-04-08,2025-04-08,2025-08-08,2026-07-13,30,30121,DIGITAL_ICT,True,4.0,True,0,15.14454664914586,,,,broad
25-44025,NAME:ville de carquefou,NAME_FALLBACK,2025-04-17,2025-04-17,2025-08-17,2026-07-13,32,32342,DIGITAL_ICT,True,4.0,True,1,2.0696452036793693,25-68958,0.6507178543802885,HIGH,broad
25-45972,SIRET:23440003400026,RAW_SIRET,2025-04-24,2025-04-24,2025-08-24,2026-07-13,72,72500,DIGITAL_ICT,True,4.0,False,1,0.9198423127463864,25-57091,0.8713315812527375,HIGH,broad
25-46089,NAME:communaute de communes chateaubriant derval 44,NAME_FALLBACK,2025-04-23,2025-04-23,2028-04-23,2026-07-13,34,34430,DIGITAL_ICT,True,36.0,False,0,14.651773981603153,,,,broad
25-38136,NAME:departement de maine-et-loire,NAME_FALLBACK,2025-04-04,2025-04-04,2025-08-04,2026-07-13,32,32353,DIGITAL_ICT,True,4.0,True,0,15.275952693823916,,,,broad
25-40327,NAME:ville de saint nazaire,NAME_FALLBACK,2025-04-10,2025-07-12,2025-12-12,2026-07-13,30,30230,DIGITAL_ICT,True,5.0,False,1,10.315374507227332,26-16633,0.5434228868542494,HIGH,broad
25-46078,SIRET:17440005100010,RAW_SIRET,2025-04-24,2025-04-24,2027-04-24,2026-07-13,72,72000,DIGITAL_ICT,True,24.0,False,0,14.61892247043364,,,,broad
25-37560,SIRET:21850128600015,RAW_SIRET,2025-04-04,2025-04-04,2025-08-04,2026-07-13,50,50312,DIGITAL_ICT,True,4.0,False,0,15.275952693823916,,,,broad
25-47868,NAME:geo vendee 85,NAME_FALLBACK,2025-04-28,2025-04-28,2026-04-28,2026-07-13,48,48612,DIGITAL_ICT,True,12.0,False,0,14.487516425755585,,,,broad
25-54937,NAME:conseil departemental de la mayenne,NAME_FALLBACK,2025-05-17,2025-10-30,2026-02-28,2026-07-13,72,72268,DIGITAL_ICT,True,4.0,False,1,9.00131406044678,26-15866,0.6515423438929653,POTENTIAL,broad
25-55756,NAME:departement de maine-et-loire,NAME_FALLBACK,2025-05-19,2025-05-19,2025-09-19,2026-07-13,30,30000,DIGITAL_ICT,True,4.0,True,0,13.797634691195794,,,,broad
25-49175,SIRET:23350001600040,RAW_SIRET,2025-05-02,2025-05-02,2025-10-02,2026-07-13,30,30200,DIGITAL_ICT,True,5.0,False,0,14.35611038107753,,,,broad
25-50360,NAME:region pays de la loire,NAME_FALLBACK,2025-05-05,2025-05-05,2026-05-05,2026-07-13,80,80530,DIGITAL_ICT,True,12.0,False,0,14.257555847568987,,,,broad
25-50686,NAME:ville de saint nazaire,NAME_FALLBACK,2025-05-07,2025-10-02,2026-03-02,2026-07-13,79,79132,DIGITAL_ICT,True,5.0,False,1,9.42838370565046,26-16633,0.3467602155653368,MEDIUM,broad
25-50885,NAME:mairie,NAME_FALLBACK,2025-05-05,2025-05-05,2029-05-05,2026-07-13,72,72413,DIGITAL_ICT,True,48.0,False,0,14.257555847568987,,,,broad
25-52714,SIRET:23440003400026,RAW_SIRET,2025-05-11,2025-05-11,2025-09-11,2026-07-13,72,72212,DIGITAL_ICT,True,4.0,False,1,5.683311432325887,25-121114,0.530397886339865,POTENTIAL,broad
25-53516,SIRET:80355563000018,RAW_SIRET,2025-05-14,2025-07-25,2025-11-25,2026-07-13,72,72000,DIGITAL_ICT,True,4.0,False,0,13.961892247043364,,,,broad
25-55152,NAME:conseil departemental loire atlantique,NAME_FALLBACK,2025-05-18,2025-11-07,2026-04-07,2026-07-13,30,30230,DIGITAL_ICT,True,5.0,False,1,11.629434954007884,26-45351,0.3469239763594002,POTENTIAL,broad
25-49952,SIRET:24440043800127,RAW_SIRET,2025-05-04,2025-05-04,2025-11-04,2026-07-13,72,72250,DIGITAL_ICT,True,6.0,False,0,14.290407358738502,,,,broad
25-51253,NAME:communaute d agglomeration saumur val de loire 49,NAME_FALLBACK,2025-05-06,2025-05-06,2029-05-06,2026-07-13,32,32400,DIGITAL_ICT,True,48.0,False,0,14.224704336399475,,,,broad
25-57823,NAME:le mans metropole,NAME_FALLBACK,2025-05-22,2025-09-05,2026-09-05,2026-07-13,72,72413,DIGITAL_ICT,True,12.0,False,0,13.699080157687254,,,,broad
25-58107,SIRET:83095506800044,RAW_SIRET,2025-05-25,2025-05-25,2025-09-25,2026-07-13,72,72322,DIGITAL_ICT,True,4.0,False,1,5.650459921156373,25-125277,0.3163620356215873,MEDIUM,broad
25-55905,SIRET:21440020200013,RAW_SIRET,2025-05-20,2025-11-02,2026-03-02,2026-07-13,30,30230,DIGITAL_ICT,True,4.0,False,0,13.764783180026281,,,,broad
25-51236,SIRET:24440040400129,RAW_SIRET,2025-05-07,2025-05-07,2025-10-07,2026-07-13,72,72260,DIGITAL_ICT,True,5.0,False,1,2.726675427069645,25-86184,0.4964383741903292,MEDIUM,broad
25-51463,SIRET:24440040400129,RAW_SIRET,2025-05-08,2025-05-08,2025-10-08,2026-07-13,72,72253,DIGITAL_ICT,True,5.0,False,1,2.693823915900132,25-86184,0.4388754922050276,POTENTIAL,broad
25-53206,NAME:universite d angers,NAME_FALLBACK,2025-05-12,2025-09-08,2029-09-08,2026-07-13,72,72500,DIGITAL_ICT,True,48.0,False,0,14.027595269382392,,,,broad
25-53540,SIRET:25440253000011,RAW_SIRET,2025-05-14,2025-05-14,2025-11-14,2026-07-13,72,72212,DIGITAL_ICT,True,6.0,False,1,7.884362680683311,26-1571,0.4372251801230381,MEDIUM,broad
25-53904,NAME:communaute de communes pays de fontenay-vendee,NAME_FALLBACK,2025-05-14,2025-05-14,2025-11-14,2026-07-13,,,DIGITAL_ICT,True,6.0,True,0,13.961892247043364,,,,broad
25-56786,SIRET:12001002000028,RAW_SIRET,2025-05-22,2025-05-22,2025-08-22,2026-07-13,35,35111,DIGITAL_ICT,True,3.0,False,0,13.699080157687254,,,,broad
25-60097,NAME:ville de clisson 3 grande rue de la trinite 44190 clisson,NAME_FALLBACK,2025-05-27,2025-05-27,2028-05-27,2026-07-13,30,30200,DIGITAL_ICT,True,36.0,False,0,13.534822601839684,,,,broad
25-48827,SIRET:24440040400129,RAW_SIRET,2025-05-01,2025-05-01,2025-10-01,2026-07-13,72,72260,DIGITAL_ICT,True,5.0,False,1,0.1971090670170827,25-51236,0.798784494086728,POTENTIAL,broad
25-49867,SIRET:24440040400129,RAW_SIRET,2025-05-02,2025-05-02,2025-10-02,2026-07-13,72,72260,DIGITAL_ICT,True,5.0,False,1,0.164257555847569,25-51236,0.7974156811213315,HIGH,broad
25-51370,SIRET:24440040400129,RAW_SIRET,2025-05-08,2025-05-08,2025-10-08,2026-07-13,72,72415,DIGITAL_ICT,True,5.0,False,1,8.73850197109067,26-9688,0.4208324469120889,POTENTIAL,broad
25-56613,SIRET:39172288100052,RAW_SIRET,2025-05-21,2025-11-06,2029-11-06,2026-07-13,72,72000,DIGITAL_ICT,True,48.0,False,0,13.731931668856767,,,,broad
25-57091,SIRET:23440003400026,RAW_SIRET,2025-05-22,2025-05-22,2025-09-22,2026-07-13,72,72500,DIGITAL_ICT,True,4.0,False,1,5.124835742444152,25-118828,0.3648291721419185,POTENTIAL,broad
25-50085,NAME:conseil departemental loire atlantique,NAME_FALLBACK,2025-05-04,2025-10-05,2026-02-05,2026-07-13,72,72600,DIGITAL_ICT,True,4.0,False,1,8.5742444152431,26-5966,0.4890982120199675,POTENTIAL,broad
25-50565,NAME:mairie,NAME_FALLBACK,2025-05-05,2025-05-05,2029-05-05,2026-07-13,72,72413,DIGITAL_ICT,True,48.0,False,0,14.257555847568987,,,,broad
25-51378,SIRET:18440132100015,RAW_SIRET,2025-05-08,2025-05-08,2029-05-08,2026-07-13,79,79822,DIGITAL_ICT,True,48.0,False,0,14.159001314060447,,,,broad
25-51412,NAME:gie fontevraud,NAME_FALLBACK,2025-05-06,2025-05-06,2031-05-06,2026-07-13,48,48450,DIGITAL_ICT,True,72.0,False,0,14.224704336399475,,,,broad
25-53705,NAME:formation logiciels metiers,NAME_FALLBACK,2025-05-13,2025-05-13,2029-05-13,2026-07-13,80,80500,DIGITAL_ICT,True,48.0,False,0,13.994743758212877,,,,broad
25-58342,NAME:mairie de montoir de bretagne,NAME_FALLBACK,2025-05-25,2025-05-25,2025-09-25,2026-07-13,32,32342,DIGITAL_ICT,True,4.0,False,0,13.600525624178712,,,,broad
25-51896,NAME:region pays de la loire,NAME_FALLBACK,2025-05-07,2025-05-07,2026-05-07,2026-07-13,80,80530,DIGITAL_ICT,True,12.0,False,0,14.19185282522996,,,,broad
25-60425,SIRET:20006763500132,RAW_SIRET,2025-05-30,2025-05-30,2025-11-30,2026-07-13,30,30000,DIGITAL_ICT,True,6.0,False,0,13.436268068331144,,,,broad
25-65181,SIRET:13001954000025,RAW_SIRET,2025-06-12,2025-11-27,2026-05-27,2026-07-13,72,72267,DIGITAL_ICT,True,6.0,False,1,7.982917214191852,26-13734,0.469673303266899,MEDIUM,broad
25-73368,NAME:ville de bouguenais,NAME_FALLBACK,2025-06-30,2025-11-17,2029-11-17,2026-07-13,32,32400,DIGITAL_ICT,True,48.0,False,0,12.417871222076215,,,,broad
25-71246,SIRET:17440005100010,RAW_SIRET,2025-06-26,2025-10-23,2026-02-23,2026-07-13,30,30192,DIGITAL_ICT,True,4.0,False,1,6.5374507227332455,26-2995,0.3605575569852352,MEDIUM,broad
25-68958,NAME:ville de carquefou,NAME_FALLBACK,2025-06-19,2025-06-19,2025-10-19,2026-07-13,32,32342,DIGITAL_ICT,True,4.0,True,0,12.779237844940868,,,,broad
25-69413,NAME:lycee des metiers chevrollier-greta,NAME_FALLBACK,2025-06-19,2025-06-19,2025-12-19,2026-07-13,,,DIGITAL_ICT,True,6.0,True,0,12.779237844940868,,,,broad
25-69675,NAME:territoire d energie loire-atlantique,NAME_FALLBACK,2025-06-20,2025-12-01,2026-12-01,2026-07-13,72,72224,DIGITAL_ICT,True,12.0,False,0,12.746386333771353,,,,broad
25-72941,NAME:cci de maine et loire,NAME_FALLBACK,2025-06-27,2025-06-27,2025-12-27,2026-07-13,,,DIGITAL_ICT,True,6.0,True,0,12.516425755584757,,,,broad
25-63519,NAME:ville de saint sebastien sur loire,NAME_FALLBACK,2025-06-05,2025-07-18,2026-07-18,2026-07-13,48,48920,DIGITAL_ICT,True,12.0,False,0,13.23915900131406,,,,broad
25-71451,SIRET:13000190200068,RAW_SIRET,2025-06-26,2025-06-26,2025-12-26,2026-07-13,32,32260,DIGITAL_ICT,True,6.0,False,0,12.54927726675427,,,,broad
25-66012,NAME:ville de saint herblain,NAME_FALLBACK,2025-06-12,2025-06-12,2025-12-12,2026-07-13,72,72317,DIGITAL_ICT,True,6.0,True,0,13.009198423127463,,,,broad
25-61834,NAME:ville du mans,NAME_FALLBACK,2025-06-04,2025-11-01,2026-03-01,2026-07-13,35,35811,DIGITAL_ICT,True,4.0,False,1,9.09986859395532,26-23621,0.3846095564845141,POTENTIAL,broad
25-62715,NAME:nantes metropole,NAME_FALLBACK,2025-06-04,2025-06-04,2027-06-04,2026-07-13,,,DIGITAL_ICT,True,24.0,False,0,13.272010512483574,,,,broad
25-63108,NAME:conseil departemental loire atlantique,NAME_FALLBACK,2025-06-06,2025-11-07,2026-04-07,2026-07-13,45,45311,DIGITAL_ICT,True,5.0,False,1,11.00525624178712,26-45351,0.3733940612067665,POTENTIAL,broad
25-64543,NAME:grand port maritime de nantes saint-nazaire,NAME_FALLBACK,2025-06-10,2025-06-10,2028-06-10,2026-07-13,48,48321,DIGITAL_ICT,True,36.0,False,0,13.074901445466491,,,,broad
25-70695,SIRET:24490001500011,RAW_SIRET,2025-06-25,2025-06-25,2025-11-25,2026-07-13,72,72224,DIGITAL_ICT,True,5.0,False,1,6.734559789750328,26-4494,0.3397464858425616,POTENTIAL,broad
25-61977,SIRET:23440003400026,RAW_SIRET,2025-06-04,2025-06-04,2025-11-04,2026-07-13,32,32570,DIGITAL_ICT,True,5.0,False,1,4.894875164257556,25-121114,0.3505091431468677,POTENTIAL,broad
25-73669,NAME:mairie de saint etienne de montluc,NAME_FALLBACK,2025-06-30,2025-06-30,2029-06-30,2026-07-13,,,DIGITAL_ICT,True,48.0,False,0,12.417871222076215,,,,broad
25-66488,SIRET:21440162200011,RAW_SIRET,2025-06-15,2025-11-14,2026-05-14,2026-07-13,32,32342,DIGITAL_ICT,True,6.0,False,0,12.910643889618923,,,,broad
25-63325,SIRET:05720113900045,RAW_SIRET,2025-06-06,2025-06-06,2025-10-06,2026-07-13,72,72268,DIGITAL_ICT,True,4.0,False,0,13.206307490144546,,,,broad
25-65174,NAME:departement de maine-et-loire,NAME_FALLBACK,2025-06-11,2025-06-11,2025-11-11,2026-07-13,79,79540,DIGITAL_ICT,True,5.0,True,0,13.042049934296978,,,,broad
25-66441,NAME:imt atlantique,NAME_FALLBACK,2025-06-13,2025-06-13,2025-12-13,2026-07-13,,,DIGITAL_ICT,True,6.0,True,0,12.97634691195795,,,,broad
25-63023,SIRET:12001201800111,RAW_SIRET,2025-06-06,2025-12-17,2026-06-17,2026-07-13,35,35113,DIGITAL_ICT,True,6.0,False,0,13.206307490144546,,,,broad
25-61612,NAME:syndicat mixte e-collectivites vendee,NAME_FALLBACK,2025-06-02,2025-06-02,2028-06-02,2026-07-13,48,48613,DIGITAL_ICT,True,36.0,False,0,13.337713534822601,,,,broad
25-70394,SIRET:24440050300110,RAW_SIRET,2025-06-25,2025-06-25,2029-06-25,2026-07-13,50,50324,DIGITAL_ICT,True,48.0,False,0,12.582128777923785,,,,broad
25-86689,NAME:acquisition maintenance et hebergement d un outil de visualisation de la strategie environnementale et energetique pour le patrimoine bati de la ville et metropole de nantes et mission d accompagnement pour la mise en oeuvre,NAME_FALLBACK,2025-07-29,2025-09-22,2029-09-22,2026-07-13,48,48000,DIGITAL_ICT,True,48.0,False,0,11.465177398160316,,,,broad
25-73914,NAME:universite d angers,NAME_FALLBACK,2025-07-01,2025-12-02,2029-12-02,2026-07-13,72,72268,DIGITAL_ICT,True,48.0,False,0,12.385019710906702,,,,broad
25-78625,NAME:departement de la vendee,NAME_FALLBACK,2025-07-11,2025-11-14,2026-03-14,2026-07-13,32,32550,DIGITAL_ICT,True,4.0,False,1,6.734559789750328,26-10534,0.3548050065637404,POTENTIAL,broad
25-86195,NAME:departement de la vendee,NAME_FALLBACK,2025-07-29,2026-04-03,2026-10-03,2026-07-13,32,32342,DIGITAL_ICT,True,6.0,False,0,11.465177398160316,,,,broad
25-75379,NAME:mairie de saint-herblain,NAME_FALLBACK,2025-07-03,2025-07-03,2029-07-03,2026-07-13,35,35321,DIGITAL_ICT,True,48.0,False,0,12.319316688567675,,,,broad
25-74452,NAME:departement de maine-et-loire,NAME_FALLBACK,2025-07-01,2025-07-01,2026-01-01,2026-07-13,71,71000,DIGITAL_ICT,True,6.0,True,0,12.385019710906702,,,,broad
25-78182,NAME:service public administratif,NAME_FALLBACK,2025-07-09,2025-07-09,2025-11-09,2026-07-13,32,32342,DIGITAL_ICT,True,4.0,True,0,12.122207621550592,,,,broad
25-78668,SIRET:13002591900015,RAW_SIRET,2025-07-11,2025-07-11,2026-01-11,2026-07-13,72,72310,DIGITAL_ICT,True,6.0,False,1,4.533508541392904,25-130089,0.6301831806949806,HIGH,broad
25-74485,SIRET:21490328800014,RAW_SIRET,2025-07-03,2025-07-03,2025-11-03,2026-07-13,32,32323,DIGITAL_ICT,True,4.0,False,1,0.2628120893561104,25-78511,0.6168771490416683,HIGH,broad
25-80306,SIRET:23440003400026,RAW_SIRET,2025-07-16,2025-07-16,2025-12-16,2026-07-13,79,79800,DIGITAL_ICT,True,5.0,False,1,4.336399474375821,25-129489,0.3243304715264886,POTENTIAL,broad
25-73811,NAME:departement de la sarthe,NAME_FALLBACK,2025-07-02,2026-01-10,2026-05-10,2026-07-13,72,72212,DIGITAL_ICT,True,4.0,False,0,12.352168199737187,,,,broad
25-82602,NAME:ville de nantes,NAME_FALLBACK,2025-07-18,2025-07-18,2026-01-18,2026-07-13,72,72243,DIGITAL_ICT,True,6.0,True,0,11.826544021024967,,,,broad
25-76566,SIRET:19753472000010,RAW_SIRET,2025-07-08,2025-07-08,2025-11-08,2026-07-13,48,48190,DIGITAL_ICT,True,4.0,False,1,3.1537450722733245,25-113007,0.6556392460040572,POTENTIAL,broad
25-84924,NAME:groupement de commandes nantes metropole coordonnateur ville de nantes,NAME_FALLBACK,2025-07-24,2025-07-24,2025-11-24,2026-07-13,32,32321,DIGITAL_ICT,True,4.0,True,0,11.629434954007884,,,,broad
25-73652,SIRET:24440055200026,RAW_SIRET,2025-07-02,2025-10-26,2026-03-26,2026-07-13,72,72000,DIGITAL_ICT,True,5.0,False,0,12.352168199737187,,,,broad
25-73236,SIRET:13002974700016,RAW_SIRET,2025-07-01,2025-07-01,2026-01-01,2026-07-13,72,72224,DIGITAL_ICT,True,6.0,False,0,12.385019710906702,,,,broad
25-83123,NAME:communaute de communes sud vendee littoral,NAME_FALLBACK,2025-07-21,2025-07-21,2025-08-21,2026-07-13,48,48800,DIGITAL_ICT,True,1.0,False,1,2.33245729303548,25-108260,0.7944346972311733,HIGH,broad
25-78511,SIRET:21490328800014,RAW_SIRET,2025-07-11,2025-07-11,2025-11-11,2026-07-13,32,32323,DIGITAL_ICT,True,4.0,False,0,12.056504599211564,,,,broad
25-75427,NAME:le mans metropole,NAME_FALLBACK,2025-07-04,2025-11-08,2026-03-08,2026-07-13,32,32342,DIGITAL_ICT,True,4.0,False,1,7.522996057818659,26-16813,0.2853613666228646,POTENTIAL,broad
25-74714,NAME:ensam,NAME_FALLBACK,2025-07-02,2025-07-02,2025-12-02,2026-07-13,,,DIGITAL_ICT,True,5.0,False,0,12.352168199737187,,,,broad
25-86184,SIRET:24440040400129,RAW_SIRET,2025-07-29,2025-07-29,2025-12-29,2026-07-13,72,72250,DIGITAL_ICT,True,5.0,False,1,4.369250985545335,25-134888,0.449524843081219,POTENTIAL,broad
25-76317,SIRET:39172288100052,RAW_SIRET,2025-07-06,2025-10-24,2029-10-24,2026-07-13,72,72253,DIGITAL_ICT,True,48.0,False,0,12.220762155059132,,,,broad
25-76461,SIRET:39172288100052,RAW_SIRET,2025-07-06,2026-04-29,2030-04-29,2026-07-13,72,72500,DIGITAL_ICT,True,48.0,False,0,12.220762155059132,,,,broad
25-74706,SIRET:24440040400129,RAW_SIRET,2025-07-03,2025-07-03,2025-12-03,2026-07-13,72,72243,DIGITAL_ICT,True,5.0,False,1,5.223390275952694,25-134888,0.4685374004469259,MEDIUM,broad
25-78846,NAME:syndicat intercommunal d energies de maine-et-loire,NAME_FALLBACK,2025-07-10,2025-07-10,2026-07-10,2026-07-13,38,38295,DIGITAL_ICT,True,12.0,False,0,12.089356110381077,,,,broad
25-79177,SIRET:20007191800011,RAW_SIRET,2025-07-12,2025-07-12,2025-11-12,2026-07-13,30,30200,DIGITAL_ICT,True,4.0,False,0,12.02365308804205,,,,broad
25-81759,NAME:lycee des metiers chevrollier-greta-cfa 49,NAME_FALLBACK,2025-07-17,2025-07-17,2029-07-17,2026-07-13,30,30200,DIGITAL_ICT,True,48.0,False,0,11.859395532194482,,,,broad
25-83518,NAME:communaute de communes sevre et loire,NAME_FALLBACK,2025-07-22,2025-07-22,2029-07-22,2026-07-13,72,72250,DIGITAL_ICT,True,48.0,False,0,11.695137976346912,,,,broad
25-91547,NAME:departement de la sarthe,NAME_FALLBACK,2025-08-13,2026-01-10,2026-05-10,2026-07-13,72,72212,DIGITAL_ICT,True,4.0,False,0,10.972404730617608,,,,broad
25-95477,SIRET:26440013600471,RAW_SIRET,2025-08-28,2025-08-28,2026-02-28,2026-07-13,72,72267,DIGITAL_ICT,True,6.0,False,0,10.479632063074902,,,,broad
25-90009,NAME:nantes metropole,NAME_FALLBACK,2025-08-06,2025-08-06,2026-02-06,2026-07-13,72,72227,DIGITAL_ICT,True,6.0,True,1,4.829172141918528,25-143446,0.2842855579303176,POTENTIAL,broad
25-95444,SIRET:26440013600471,RAW_SIRET,2025-08-28,2025-08-28,2026-02-28,2026-07-13,72,72267,DIGITAL_ICT,True,6.0,False,0,10.479632063074902,,,,broad
25-88046,NAME:audencia eesc,NAME_FALLBACK,2025-08-02,2025-11-26,2026-03-26,2026-07-13,32,32321,DIGITAL_ICT,True,4.0,False,0,11.33377135348226,,,,broad
25-87479,NAME:audencia eesc,NAME_FALLBACK,2025-08-01,2026-01-28,2031-01-28,2026-07-13,72,72212,DIGITAL_ICT,True,60.0,False,0,11.366622864651774,,,,broad
25-88454,SIRET:23440003400026,RAW_SIRET,2025-08-03,2025-08-03,2026-02-03,2026-07-13,72,72150,DIGITAL_ICT,True,6.0,False,1,9.067017082785808,26-45220,0.3462238873510095,POTENTIAL,broad
25-108065,NAME:universite de rennes,NAME_FALLBACK,2025-09-30,2025-09-30,2027-09-30,2026-07-13,,,DIGITAL_ICT,True,24.0,False,0,9.395532194480946,,,,broad
25-105779,NAME:communaute de communes sud vendee littoral,NAME_FALLBACK,2025-09-23,2025-09-23,2026-01-23,2026-07-13,32,32424,DIGITAL_ICT,True,4.0,True,0,9.625492772667542,,,,broad
25-97524,NAME:semitan,NAME_FALLBACK,2025-09-02,2025-09-02,2027-03-02,2026-07-13,72,72224,DIGITAL_ICT,True,18.0,False,0,10.315374507227332,,,,broad
25-105200,SIRET:20006734600011,RAW_SIRET,2025-09-24,2025-09-24,2026-01-24,2026-07-13,30,30200,DIGITAL_ICT,True,4.0,False,0,9.592641261498029,,,,broad
25-98294,SIRET:24440040400129,RAW_SIRET,2025-09-05,2025-09-05,2026-02-05,2026-07-13,32,32441,DIGITAL_ICT,True,5.0,False,1,6.274638633377135,26-26807,0.3734625720375655,POTENTIAL,broad
25-103197,SIRET:21440162200011,RAW_SIRET,2025-09-18,2026-01-22,2026-07-22,2026-07-13,72,72250,DIGITAL_ICT,True,6.0,False,0,9.789750328515112,,,,broad
25-106742,SIRET:18440128900386,RAW_SIRET,2025-09-27,2025-12-07,2026-04-07,2026-07-13,32,32424,DIGITAL_ICT,True,4.0,False,0,9.494086727989487,,,,broad
25-98193,NAME:departement de la sarthe,NAME_FALLBACK,2025-09-03,2025-09-03,2029-09-03,2026-07-13,79,79540,DIGITAL_ICT,True,48.0,False,0,10.28252299605782,,,,broad
25-101388,NAME:departement de la sarthe,NAME_FALLBACK,2025-09-11,2025-09-11,2029-09-11,2026-07-13,72,72611,DIGITAL_ICT,True,48.0,False,0,10.01971090670171,,,,broad
25-100139,SIRET:19440100600011,RAW_SIRET,2025-09-10,2025-09-10,2026-01-10,2026-07-13,48,48325,DIGITAL_ICT,True,4.0,False,0,10.052562417871222,,,,broad
25-106850,NAME:ville de saint nazaire,NAME_FALLBACK,2025-09-27,2025-09-27,2026-02-27,2026-07-13,72,72700,DIGITAL_ICT,True,5.0,False,1,0.2628120893561104,25-109757,0.7615221200175206,HIGH,broad
25-98834,SIRET:24490001500011,RAW_SIRET,2025-09-07,2026-03-22,2026-09-22,2026-07-13,48,48000,DIGITAL_ICT,True,6.0,False,0,10.151116951379764,,,,broad
25-99444,NAME:chu nantes,NAME_FALLBACK,2025-09-08,2025-09-08,2026-03-08,2026-07-13,,,DIGITAL_ICT,True,6.0,False,1,8.83705650459921,26-55163,0.2869766179571726,MEDIUM,broad
25-108260,NAME:communaute de communes sud vendee littoral,NAME_FALLBACK,2025-09-30,2025-09-30,2028-10-30,2026-07-13,48,48800,DIGITAL_ICT,True,37.0,False,0,9.395532194480946,,,,broad
25-99983,NAME:rectorat de nantes,NAME_FALLBACK,2025-09-09,2025-09-09,2027-09-09,2026-07-13,72,72000,DIGITAL_ICT,True,24.0,False,0,10.085413929040737,,,,broad
25-103241,SIRET:12001201800111,RAW_SIRET,2025-09-18,2025-09-18,2029-09-18,2026-07-13,35,35120,DIGITAL_ICT,True,48.0,False,0,9.789750328515112,,,,broad
25-101313,SIRET:21440109300015,RAW_SIRET,2025-09-13,2025-09-13,2026-02-13,2026-07-13,35,35300,DIGITAL_ICT,True,5.0,False,1,6.636005256241787,26-33969,0.6952219130317142,POTENTIAL,broad
25-101881,NAME:sdis de la sarthe,NAME_FALLBACK,2025-09-12,2025-09-12,2030-09-12,2026-07-13,32,32320,DIGITAL_ICT,True,60.0,False,0,9.986859395532194,,,,broad
25-100736,NAME:departement de la sarthe,NAME_FALLBACK,2025-09-12,2025-12-03,2026-04-03,2026-07-13,72,72267,DIGITAL_ICT,True,4.0,False,0,9.986859395532194,,,,broad
25-111133,SIRET:13002974700016,RAW_SIRET,2025-10-08,2026-07-01,2027-01-01,2026-07-13,71,71000,DIGITAL_ICT,True,6.0,True,0,9.132720105124836,,,,broad
25-117061,SIRET:17440005100010,RAW_SIRET,2025-10-22,2025-10-22,2026-03-22,2026-07-13,72,72224,DIGITAL_ICT,True,5.0,False,1,1.2155059132720103,25-130935,0.3279894707897275,MEDIUM,broad
25-117784,SIRET:21530130000012,RAW_SIRET,2025-10-22,2025-10-22,2026-02-22,2026-07-13,30,30192,DIGITAL_ICT,True,4.0,False,0,8.672798948751643,,,,broad
25-120678,NAME:commune de pornic,NAME_FALLBACK,2025-10-29,2025-10-29,2028-10-29,2026-07-13,32,32323,DIGITAL_ICT,True,36.0,False,0,8.442838370565045,,,,broad
25-121049,NAME:cap atlantique,NAME_FALLBACK,2025-10-31,2026-03-08,2026-09-08,2026-07-13,72,72243,DIGITAL_ICT,True,6.0,False,0,8.377135348226018,,,,broad
25-108467,SIRET:19720916600010,RAW_SIRET,2025-10-02,2025-10-02,2026-01-02,2026-07-13,30,30192,DIGITAL_ICT,True,3.0,False,1,5.289093298291721,26-24820,0.3289799072714197,MEDIUM,broad
25-109757,NAME:ville de saint nazaire,NAME_FALLBACK,2025-10-05,2025-10-05,2026-03-05,2026-07-13,72,72700,DIGITAL_ICT,True,5.0,False,1,4.467805519053877,26-16633,0.2926257064335592,MEDIUM,broad
25-111645,SIRET:23440003400026,RAW_SIRET,2025-10-09,2025-10-09,2026-02-09,2026-07-13,80,80533,DIGITAL_ICT,True,4.0,False,1,3.416557161629435,26-6662,0.3271818636920508,POTENTIAL,broad
25-119617,SIRET:19753472000010,RAW_SIRET,2025-10-28,2025-10-28,2026-02-28,2026-07-13,48,48190,DIGITAL_ICT,True,4.0,False,1,1.445466491458607,25-135765,0.5463998560956971,HIGH,broad
25-119460,SIRET:25850022200033,RAW_SIRET,2025-10-26,2025-10-26,2026-08-26,2026-07-13,72,72511,DIGITAL_ICT,True,10.0,False,1,7.260183968462549,26-54160,0.3010157487529723,MEDIUM,broad
25-111161,NAME:frg02,NAME_FALLBACK,2025-10-07,2025-10-07,2026-03-07,2026-07-13,35,35120,DIGITAL_ICT,True,5.0,True,0,9.165571616294349,,,,broad
25-110155,NAME:ville de saint gilles croix de vie 85,NAME_FALLBACK,2025-10-03,2025-10-03,2028-10-03,2026-07-13,32,32342,DIGITAL_ICT,True,36.0,False,0,9.296977660972404,,,,broad
25-119712,NAME:ville du mans,NAME_FALLBACK,2025-10-27,2026-06-19,2030-06-19,2026-07-13,48,48330,DIGITAL_ICT,True,48.0,False,0,8.508541392904073,,,,broad
25-121229,SIRET:24440040400129,RAW_SIRET,2025-10-31,2025-10-31,2026-03-31,2026-07-13,72,72500,DIGITAL_ICT,True,5.0,False,1,2.9566360052562417,26-9688,0.3464155838578585,POTENTIAL,broad
25-109666,SIRET:21440109300015,RAW_SIRET,2025-10-04,2025-10-04,2026-03-04,2026-07-13,32,32323,DIGITAL_ICT,True,5.0,False,1,1.281208935611038,25-125088,0.8466929478756021,HIGH,broad
25-113007,SIRET:19753472000010,RAW_SIRET,2025-10-12,2026-01-15,2026-05-15,2026-07-13,48,48190,DIGITAL_ICT,True,4.0,False,1,1.971090670170828,25-135765,0.4459909314467967,MEDIUM,broad
25-113300,NAME:ville de saint nazaire,NAME_FALLBACK,2025-10-10,2026-03-16,2027-03-16,2026-07-13,72,72267,DIGITAL_ICT,True,12.0,False,0,9.067017082785808,,,,broad
25-114696,NAME:cte de cnes du pays d ancenis,NAME_FALLBACK,2025-10-15,2025-12-30,2029-12-30,2026-07-13,72,72514,DIGITAL_ICT,True,48.0,False,0,8.902759526938238,,,,broad
25-121114,SIRET:23440003400026,RAW_SIRET,2025-10-31,2025-10-31,2026-02-28,2026-07-13,72,72212,DIGITAL_ICT,True,4.0,False,1,0.8212877792378449,25-129489,0.8699627682873412,HIGH,broad
25-117215,NAME:sarthe culture,NAME_FALLBACK,2025-10-21,2025-11-04,2029-05-04,2026-07-13,,,DIGITAL_ICT,True,42.0,False,0,8.705650459921156,,,,broad
25-118828,SIRET:23440003400026,RAW_SIRET,2025-10-25,2025-10-25,2026-02-25,2026-07-13,72,72000,DIGITAL_ICT,True,4.0,False,1,6.340341655716163,26-45220,0.4707861732686128,MEDIUM,broad
25-110291,SIRET:24440040400129,RAW_SIRET,2025-10-05,2025-10-05,2026-03-05,2026-07-13,72,72500,DIGITAL_ICT,True,5.0,False,1,0.8541392904073587,25-121229,0.8288983793254489,HIGH,broad
25-118417,NAME:ville d angers 49,NAME_FALLBACK,2025-10-23,2025-10-23,2029-10-23,2026-07-13,35,35120,DIGITAL_ICT,True,48.0,False,0,8.639947437582128,,,,broad
25-118527,NAME:ville de saint nazaire,NAME_FALLBACK,2025-10-24,2026-03-19,2026-08-19,2026-07-13,79,79212,DIGITAL_ICT,True,5.0,False,0,8.607095926412615,,,,broad
25-118713,SIRET:21440020200013,RAW_SIRET,2025-10-25,2026-02-27,2026-06-27,2026-07-13,48,48000,DIGITAL_ICT,True,4.0,False,0,8.5742444152431,,,,broad
25-111245,SIRET:24440040400129,RAW_SIRET,2025-10-08,2025-10-08,2026-03-08,2026-07-13,72,72000,DIGITAL_ICT,True,5.0,False,1,3.712220762155059,26-9688,0.3639273483480237,POTENTIAL,broad
25-116573,NAME:sdis de la sarthe,NAME_FALLBACK,2025-10-20,2025-10-20,2029-10-20,2026-07-13,35,35111,DIGITAL_ICT,True,48.0,False,0,8.73850197109067,,,,broad
25-112426,SIRET:12001201800111,RAW_SIRET,2025-10-10,2025-10-10,2029-10-10,2026-07-13,35,35120,DIGITAL_ICT,True,48.0,False,0,9.067017082785808,,,,broad
25-114027,NAME:ville de saint nazaire,NAME_FALLBACK,2025-10-15,2026-03-19,2026-08-19,2026-07-13,79,79212,DIGITAL_ICT,True,5.0,False,0,8.902759526938238,,,,broad
25-121913,SIRET:20007155300016,RAW_SIRET,2025-11-02,2025-11-02,2026-04-02,2026-07-13,32,32342,DIGITAL_ICT,True,5.0,False,0,8.31143232588699,,,,broad
25-129657,SIRET:25490130900032,RAW_SIRET,2025-11-25,2026-03-15,2026-06-15,2026-07-13,72,72212,DIGITAL_ICT,True,3.0,False,0,7.555847568988174,,,,broad
25-121683,SIRET:54665016900057,RAW_SIRET,2025-11-02,2025-11-02,2026-02-02,2026-07-13,72,72000,DIGITAL_ICT,True,3.0,False,1,4.007884362680684,26-21262,0.3822173786571089,MEDIUM,broad
25-122865,NAME:ville de nantes,NAME_FALLBACK,2025-11-04,2025-11-04,2026-11-04,2026-07-13,45,45000,DIGITAL_ICT,True,12.0,True,0,8.245729303547963,,,,broad
25-124768,SIRET:39172288100052,RAW_SIRET,2025-11-09,2025-11-09,2029-11-09,2026-07-13,72,72000,DIGITAL_ICT,True,48.0,False,0,8.081471747700395,,,,broad
25-125088,SIRET:21440109300015,RAW_SIRET,2025-11-12,2025-11-12,2026-04-12,2026-07-13,32,32323,DIGITAL_ICT,True,5.0,False,1,4.664914586070959,26-33969,0.537989129248088,POTENTIAL,broad
25-128632,NAME:conseil departemental loire atlantique,NAME_FALLBACK,2025-11-21,2025-11-21,2026-05-21,2026-07-13,72,72253,DIGITAL_ICT,True,6.0,True,1,0.8541392904073587,25-138294,0.7478339903635567,HIGH,broad
25-128548,NAME:region des pays de la loire,NAME_FALLBACK,2025-11-20,2025-11-20,2026-05-20,2026-07-13,72,72000,DIGITAL_ICT,True,6.0,True,1,6.438896189224704,26-55110,0.2982724129958021,MEDIUM,broad
25-130867,SIRET:19753472000010,RAW_SIRET,2025-11-28,2026-04-09,2026-08-09,2026-07-13,48,48219,DIGITAL_ICT,True,4.0,False,0,7.457293035479632,,,,broad
25-131747,NAME:conseil departemental de la mayenne,NAME_FALLBACK,2025-11-30,2026-03-11,2026-07-11,2026-07-13,30,30200,DIGITAL_ICT,True,4.0,False,1,7.063074901445466,26-66594,0.3091302476967417,POTENTIAL,broad
25-125277,SIRET:83095506800044,RAW_SIRET,2025-11-13,2026-01-09,2026-05-09,2026-07-13,48,48000,DIGITAL_ICT,True,4.0,False,1,2.0039421813403417,26-3165,0.7875933129757526,HIGH,broad
25-130935,SIRET:17440005100010,RAW_SIRET,2025-11-28,2025-11-28,2026-04-28,2026-07-13,72,72250,DIGITAL_ICT,True,5.0,False,0,7.457293035479632,,,,broad
25-124007,NAME:ville d orvault,NAME_FALLBACK,2025-11-06,2025-11-06,2026-04-06,2026-07-13,35,35121,DIGITAL_ICT,True,5.0,True,1,1.281208935611038,25-137684,0.6796183509995588,HIGH,broad
25-128195,SIRET:13002591900015,RAW_SIRET,2025-11-20,2025-11-20,2026-04-20,2026-07-13,72,72314,DIGITAL_ICT,True,5.0,False,1,0.1971090670170827,25-130089,0.342490332766617,MEDIUM,broad
25-129489,SIRET:23440003400026,RAW_SIRET,2025-11-25,2025-11-25,2026-03-25,2026-07-13,72,72212,DIGITAL_ICT,True,4.0,False,1,5.321944809461235,26-45220,0.4224336675005241,MEDIUM,broad
25-129855,NAME:chu nantes,NAME_FALLBACK,2025-11-24,2025-11-24,2026-11-24,2026-07-13,,,DIGITAL_ICT,True,12.0,False,0,7.588699080157688,,,,broad
25-130089,SIRET:13002591900015,RAW_SIRET,2025-11-26,2026-05-22,2026-09-22,2026-07-13,72,72310,DIGITAL_ICT,True,4.0,False,0,7.52299605781866,,,,broad
25-123316,NAME:sarthe culture,NAME_FALLBACK,2025-11-05,2026-04-02,2029-10-02,2026-07-13,,,DIGITAL_ICT,True,42.0,False,0,8.21287779237845,,,,broad
25-130050,SIRET:13002068800011,RAW_SIRET,2025-11-26,2026-07-04,2031-07-04,2026-07-13,72,72500,DIGITAL_ICT,True,60.0,False,0,7.52299605781866,,,,broad
25-130200,SIRET:11000201100044,RAW_SIRET,2025-11-26,2025-11-26,2032-11-26,2026-07-13,32,32223,DIGITAL_ICT,True,84.0,False,0,7.52299605781866,,,,broad
25-138044,SIRET:19753472000010,RAW_SIRET,2025-12-17,2026-03-25,2026-06-25,2026-07-13,71,71631,DIGITAL_ICT,True,3.0,False,0,6.83311432325887,,,,broad
25-143446,NAME:nantes metropole,NAME_FALLBACK,2025-12-31,2025-12-31,2029-12-31,2026-07-13,79,79824,DIGITAL_ICT,True,48.0,False,0,6.3731931668856765,,,,broad
25-140907,SIRET:52400775400038,RAW_SIRET,2025-12-23,2026-06-05,2026-11-05,2026-07-13,48,48470,DIGITAL_ICT,True,5.0,False,0,6.636005256241787,,,,broad
25-134289,SIRET:79820357600029,RAW_SIRET,2025-12-07,2025-12-07,2033-12-07,2026-07-13,72,72000,DIGITAL_ICT,True,96.0,False,0,7.1616294349540075,,,,broad
25-141997,NAME:mairie de thouare-sur-loire,NAME_FALLBACK,2025-12-23,2025-12-23,2026-12-23,2026-07-13,72,72514,DIGITAL_ICT,True,12.0,False,0,6.636005256241787,,,,broad
25-138294,NAME:conseil departemental loire atlantique,NAME_FALLBACK,2025-12-17,2025-12-17,2026-06-17,2026-07-13,72,72253,DIGITAL_ICT,True,6.0,True,1,4.6320630749014455,26-45351,0.3206918090026948,POTENTIAL,broad
25-135765,SIRET:19753472000010,RAW_SIRET,2025-12-11,2026-01-23,2026-05-23,2026-07-13,48,48190,DIGITAL_ICT,True,4.0,False,0,7.030223390275952,,,,broad
25-137164,SIRET:24440040400129,RAW_SIRET,2025-12-14,2025-12-14,2026-05-14,2026-07-13,48,48000,DIGITAL_ICT,True,5.0,False,1,6.14323258869908,26-60182,0.3704516501171432,POTENTIAL,broad
25-134329,NAME:nantes metropole,NAME_FALLBACK,2025-12-05,2025-12-05,2030-07-05,2026-07-13,48,48000,DIGITAL_ICT,True,55.0,False,0,7.227332457293035,,,,broad
25-139865,SIRET:18440128900386,RAW_SIRET,2025-12-20,2026-03-27,2026-07-27,2026-07-13,72,72268,DIGITAL_ICT,True,4.0,False,0,6.734559789750328,,,,broad
25-135680,SIRET:92084215000012,RAW_SIRET,2025-12-11,2026-05-22,2026-10-22,2026-07-13,32,32424,DIGITAL_ICT,True,5.0,False,0,7.030223390275952,,,,broad
25-135711,SIRET:24440040400129,RAW_SIRET,2025-12-11,2025-12-11,2026-05-11,2026-07-13,48,48920,DIGITAL_ICT,True,5.0,False,1,6.241787122207621,26-60182,0.422645962425478,POTENTIAL,broad
25-137684,NAME:ville d orvault,NAME_FALLBACK,2025-12-15,2025-12-15,2026-05-15,2026-07-13,35,35121,DIGITAL_ICT,True,5.0,True,0,6.898817345597897,,,,broad
25-141819,NAME:conseil departemental loire atlantique,NAME_FALLBACK,2025-12-24,2026-06-25,2026-11-25,2026-07-13,72,72212,DIGITAL_ICT,True,5.0,False,0,6.603153745072273,,,,broad
25-134888,SIRET:24440040400129,RAW_SIRET,2025-12-09,2025-12-09,2026-05-09,2026-07-13,72,72227,DIGITAL_ICT,True,5.0,False,1,6.011826544021025,26-56462,0.4428534298197449,POTENTIAL,broad
25-135982,NAME:conseil departemental de la mayenne,NAME_FALLBACK,2025-12-11,2026-02-11,2026-06-11,2026-07-13,72,72268,DIGITAL_ICT,True,4.0,False,1,4.664914586070959,26-44140,0.6369484817434761,POTENTIAL,broad
25-142895,NAME:semitan mandataire de nantes metropole,NAME_FALLBACK,2025-12-31,2026-03-20,2026-07-20,2026-07-13,34,34996,DIGITAL_ICT,True,4.0,False,0,6.3731931668856765,,,,broad
25-140719,NAME:mairie de st herblain,NAME_FALLBACK,2025-12-19,2025-12-19,2026-06-19,2026-07-13,48,48900,DIGITAL_ICT,True,6.0,True,1,5.88042049934297,26-59246,0.6911685630782083,HIGH,broad
26-3165,SIRET:83095506800044,RAW_SIRET,2026-01-13,2026-01-13,2026-05-13,2026-07-13,48,48000,DIGITAL_ICT,True,4.0,False,0,5.946123521681997,,,,broad
26-5966,NAME:conseil departemental loire atlantique,NAME_FALLBACK,2026-01-20,2026-06-25,2026-11-25,2026-07-13,72,72212,DIGITAL_ICT,True,5.0,False,0,5.716162943495401,,,,broad
26-6152,SIRET:77562907400011,RAW_SIRET,2026-01-20,2026-03-28,2026-08-28,2026-07-13,72,72600,DIGITAL_ICT,True,5.0,False,0,5.716162943495401,,,,broad
26-2529,NAME:spl le mans evenements,NAME_FALLBACK,2026-01-09,2026-04-20,2026-10-20,2026-07-13,,,DIGITAL_ICT,True,6.0,True,0,6.077529566360052,,,,broad
26-3580,NAME:societe publique regionale abbaye de fontevraud,NAME_FALLBACK,2026-01-12,2026-01-12,2032-01-12,2026-07-13,72,72212,DIGITAL_ICT,True,72.0,False,0,5.978975032851511,,,,broad
26-4494,SIRET:24490001500011,RAW_SIRET,2026-01-16,2026-03-24,2026-09-24,2026-07-13,72,72319,DIGITAL_ICT,True,6.0,False,0,5.847568988173456,,,,broad
26-4412,SIRET:21440067300015,RAW_SIRET,2026-01-15,2026-01-15,2026-04-15,2026-07-13,90,90911,DIGITAL_ICT,True,3.0,False,0,5.88042049934297,,,,broad
26-6827,NAME:le mans metropole,NAME_FALLBACK,2026-01-20,2026-06-17,2034-06-17,2026-07-13,72,72224,DIGITAL_ICT,True,96.0,False,0,5.716162943495401,,,,broad
26-8703,SIRET:24490001500011,RAW_SIRET,2026-01-27,2026-01-27,2026-07-27,2026-07-13,48,48952,DIGITAL_ICT,True,6.0,False,1,5.19053876478318,26-65847,0.3258140770483146,MEDIUM,broad
26-6662,SIRET:23440003400026,RAW_SIRET,2026-01-21,2026-05-21,2026-09-21,2026-07-13,32,32322,DIGITAL_ICT,True,4.0,False,1,5.617608409986859,26-68796,0.3183936173555614,MEDIUM,broad
26-474,SIRET:20006895500018,RAW_SIRET,2026-01-07,2026-01-07,2026-05-07,2026-07-13,30,30200,DIGITAL_ICT,True,4.0,False,0,6.14323258869908,,,,broad
26-3380,NAME:conseil departemental loire atlantique,NAME_FALLBACK,2026-01-14,2026-06-14,2026-10-14,2026-07-13,72,72268,DIGITAL_ICT,True,4.0,False,0,5.913272010512483,,,,broad
26-8489,NAME:territoire d energie loire-atlantique,NAME_FALLBACK,2026-01-24,2026-04-30,2028-04-30,2026-07-13,72,72224,DIGITAL_ICT,True,24.0,False,0,5.5847568988173455,,,,broad
26-8488,SIRET:21973304500013,RAW_SIRET,2026-01-25,2026-01-25,2026-05-25,2026-07-13,32,32323,DIGITAL_ICT,True,4.0,False,0,5.551905387647832,,,,broad
26-2995,SIRET:17440005100010,RAW_SIRET,2026-01-11,2026-04-19,2026-10-19,2026-07-13,30,30200,DIGITAL_ICT,True,6.0,False,0,6.011826544021025,,,,broad
26-6849,NAME:nantes universite,NAME_FALLBACK,2026-01-20,2026-01-20,2026-07-20,2026-07-13,85,85311,DIGITAL_ICT,True,6.0,True,0,5.716162943495401,,,,broad
26-10403,NAME:conseil departemental de la mayenne,NAME_FALLBACK,2026-01-29,2026-01-29,2030-01-29,2026-07-13,72,72514,DIGITAL_ICT,True,48.0,False,0,5.4204993429697765,,,,broad
26-1571,SIRET:25440253000011,RAW_SIRET,2026-01-09,2026-01-09,2026-07-09,2026-07-13,72,72260,DIGITAL_ICT,True,6.0,False,1,5.5847568988173455,26-63482,0.3364086154595557,MEDIUM,broad
26-9132,NAME:audencia eesc,NAME_FALLBACK,2026-01-28,2026-06-25,2027-06-25,2026-07-13,72,72262,DIGITAL_ICT,True,12.0,False,0,5.45335085413929,,,,broad
26-10000,NAME:smvsa,NAME_FALLBACK,2026-01-29,2026-01-29,2026-06-29,2026-07-13,35,35120,DIGITAL_ICT,True,5.0,True,0,5.4204993429697765,,,,broad
26-7971,NAME:universite d angers,NAME_FALLBACK,2026-01-24,2026-01-24,2026-07-24,2026-07-13,72,72212,DIGITAL_ICT,True,6.0,False,1,0.3942181340341655,26-11970,0.7286706088480068,HIGH,broad
26-9688,SIRET:24440040400129,RAW_SIRET,2026-01-29,2026-01-29,2026-06-29,2026-07-13,72,72413,DIGITAL_ICT,True,5.0,False,1,4.336399474375821,26-56462,0.5025856271426853,HIGH,broad
26-15866,NAME:conseil departemental de la mayenne,NAME_FALLBACK,2026-02-15,2026-02-15,2026-06-15,2026-07-13,72,72268,DIGITAL_ICT,True,4.0,False,1,2.3981603153745072,26-42512,0.8956657906263688,HIGH,broad
26-15878,NAME:departement de la vendee,NAME_FALLBACK,2026-02-15,2026-02-15,2026-06-15,2026-07-13,32,32342,DIGITAL_ICT,True,4.0,False,1,1.773981603153745,26-35891,0.3644040472417506,MEDIUM,broad
26-18712,SIRET:17440430100015,RAW_SIRET,2026-02-24,2026-02-24,2026-05-24,2026-07-13,72,72268,DIGITAL_ICT,True,3.0,False,0,4.566360052562418,,,,broad
26-17888,NAME:conseil departemental loire atlantique,NAME_FALLBACK,2026-02-21,2026-06-14,2026-10-14,2026-07-13,72,72267,DIGITAL_ICT,True,4.0,False,0,4.664914586070959,,,,broad
26-16633,NAME:ville de saint nazaire,NAME_FALLBACK,2026-02-18,2026-06-24,2026-11-24,2026-07-13,30,30230,DIGITAL_ICT,True,5.0,False,0,4.763469119579501,,,,broad
26-16813,NAME:le mans metropole,NAME_FALLBACK,2026-02-18,2026-02-18,2031-02-18,2026-07-13,72,72268,DIGITAL_ICT,True,60.0,False,0,4.763469119579501,,,,broad
26-17385,NAME:communaute d etablissements geriatriques de la vallee de la sarthe,NAME_FALLBACK,2026-02-18,2026-02-18,2030-02-18,2026-07-13,,,DIGITAL_ICT,True,48.0,False,0,4.763469119579501,,,,broad
26-12297,SIRET:75300061100032,RAW_SIRET,2026-02-06,2026-02-06,2026-04-06,2026-07-13,72,72212,DIGITAL_ICT,True,2.0,False,0,5.157687253613666,,,,broad
26-13734,SIRET:13001954000025,RAW_SIRET,2026-02-10,2026-02-10,2026-08-10,2026-07-13,72,72267,DIGITAL_ICT,True,6.0,False,0,5.026281208935611,,,,broad
26-10534,NAME:departement de la vendee,NAME_FALLBACK,2026-02-01,2026-07-03,2026-11-03,2026-07-13,32,32232,DIGITAL_ICT,True,4.0,False,0,5.321944809461235,,,,broad
26-11967,NAME:conseil departemental de la mayenne,NAME_FALLBACK,2026-02-04,2026-02-04,2030-02-04,2026-07-13,72,72268,DIGITAL_ICT,True,48.0,False,0,5.223390275952694,,,,broad
26-20134,NAME:conservatoire national des arts et metiers,NAME_FALLBACK,2026-02-27,2026-02-27,2026-06-27,2026-07-13,32,32321,DIGITAL_ICT,True,4.0,False,1,0.5256241787122208,26-26706,0.8176434515987734,HIGH,broad
26-11970,NAME:universite d angers,NAME_FALLBACK,2026-02-05,2026-02-05,2026-08-05,2026-07-13,72,72212,DIGITAL_ICT,True,6.0,False,0,5.19053876478318,,,,broad
26-16483,NAME:pays de saint gilles croix de vie agglomeration 85,NAME_FALLBACK,2026-02-16,2026-02-16,2026-08-16,2026-07-13,48,48450,DIGITAL_ICT,True,6.0,True,0,4.829172141918528,,,,broad
26-16442,NAME:societe publique regionale abbaye de fontevraud,NAME_FALLBACK,2026-02-18,2026-02-18,2026-04-18,2026-07-13,32,32323,DIGITAL_ICT,True,2.0,False,1,1.1169513797634691,26-29615,0.9257796758650898,HIGH,broad
26-20284,SIRET:24440040400129,RAW_SIRET,2026-02-28,2026-02-28,2026-08-28,2026-07-13,71,71351,DIGITAL_ICT,True,6.0,False,1,3.350854139290407,26-56462,0.3838880880663613,POTENTIAL,broad
26-21262,SIRET:54665016900057,RAW_SIRET,2026-03-04,2026-07-05,2026-10-05,2026-07-13,72,72230,DIGITAL_ICT,True,3.0,False,1,4.204993429697766,26-68497,0.2977092736300678,MEDIUM,broad
26-28225,NAME:saintes grandes rives - l agglo,NAME_FALLBACK,2026-03-18,2026-03-18,2027-03-18,2026-07-13,35,35261,DIGITAL_ICT,True,12.0,False,0,3.8436268068331145,,,,broad
26-26706,NAME:conservatoire national des arts et metiers,NAME_FALLBACK,2026-03-15,2026-03-15,2026-07-15,2026-07-13,32,32321,DIGITAL_ICT,True,4.0,False,0,3.942181340341656,,,,broad
26-23402,SIRET:13002974700016,RAW_SIRET,2026-03-08,2026-03-08,2026-07-08,2026-07-13,50,50324,DIGITAL_ICT,True,4.0,False,0,4.1721419185282524,,,,broad
26-31969,NAME:angers loire metropole 49,NAME_FALLBACK,2026-03-27,2026-03-27,2032-03-27,2026-07-13,72,72415,DIGITAL_ICT,True,72.0,False,0,3.54796320630749,,,,broad
26-28296,SIRET:23440003400026,RAW_SIRET,2026-03-19,2026-03-19,2026-07-19,2026-07-13,71,71316,DIGITAL_ICT,True,4.0,False,1,3.7450722733245727,26-68796,0.3455290022271435,POTENTIAL,broad
26-23151,NAME:departement de la vendee,NAME_FALLBACK,2026-03-05,2026-03-05,2028-03-05,2026-07-13,72,72261,DIGITAL_ICT,True,24.0,False,0,4.270696452036794,,,,broad
26-30515,NAME:syndicat mixte e-collectivites,NAME_FALLBACK,2026-03-24,2026-03-24,2026-07-24,2026-07-13,30,30000,DIGITAL_ICT,True,4.0,True,1,1.445466491458607,26-46704,0.5424101900555263,HIGH,broad
26-24820,SIRET:19720916600010,RAW_SIRET,2026-03-12,2026-03-12,2026-06-12,2026-07-13,30,30237,DIGITAL_ICT,True,3.0,False,0,4.040735873850197,,,,broad
26-27691,SIRET:18000501900047,RAW_SIRET,2026-03-18,2026-03-18,2030-03-18,2026-07-13,72,72000,DIGITAL_ICT,True,48.0,False,0,3.8436268068331145,,,,broad
26-29212,NAME:semitan,NAME_FALLBACK,2026-03-22,2026-03-22,2032-03-22,2026-07-13,32,32500,DIGITAL_ICT,True,72.0,False,0,3.712220762155059,,,,broad
26-29624,NAME:mauges communaute,NAME_FALLBACK,2026-03-23,2026-03-23,2026-09-23,2026-07-13,48,48600,DIGITAL_ICT,True,6.0,True,0,3.679369250985545,,,,broad
26-29615,NAME:societe publique regionale abbaye de fontevraud,NAME_FALLBACK,2026-03-24,2026-03-24,2026-05-24,2026-07-13,32,32323,DIGITAL_ICT,True,2.0,False,0,3.6465177398160313,,,,broad
26-31691,SIRET:24490001500011,RAW_SIRET,2026-03-28,2026-03-28,2026-07-28,2026-07-13,72,72267,DIGITAL_ICT,True,4.0,False,1,3.219448094612352,26-65847,0.342651704337178,MEDIUM,broad
26-23621,NAME:ville du mans,NAME_FALLBACK,2026-03-08,2026-03-08,2026-07-08,2026-07-13,50,50312,DIGITAL_ICT,True,4.0,False,1,3.580814717477004,26-62679,0.3411567689623992,MEDIUM,broad
26-26807,SIRET:24440040400129,RAW_SIRET,2026-03-15,2026-03-15,2030-03-15,2026-07-13,35,35111,DIGITAL_ICT,True,48.0,False,0,3.942181340341656,,,,broad
26-24368,NAME:ville de la baule escoublac,NAME_FALLBACK,2026-03-11,2026-06-25,2026-12-25,2026-07-13,72,72212,DIGITAL_ICT,True,6.0,False,0,4.073587385019711,,,,broad
26-21120,NAME:ville du mans,NAME_FALLBACK,2026-03-02,2026-07-08,2030-07-08,2026-07-13,,,DIGITAL_ICT,True,48.0,False,0,4.369250985545335,,,,broad
26-28872,NAME:conseil departemental de la mayenne,NAME_FALLBACK,2026-03-21,2026-03-21,2026-07-21,2026-07-13,72,72268,DIGITAL_ICT,True,4.0,False,1,1.281208935611038,26-42512,0.8463885238720981,HIGH,broad
26-25929,NAME:ville d orvault,NAME_FALLBACK,2026-03-12,2026-03-12,2026-09-12,2026-07-13,48,48952,DIGITAL_ICT,True,6.0,True,0,4.040735873850197,,,,broad
26-35207,NAME:conseil departemental loire atlantique,NAME_FALLBACK,2026-04-09,2026-04-09,2026-08-09,2026-07-13,72,72700,DIGITAL_ICT,True,4.0,False,1,0.9198423127463864,26-45351,0.349076509617694,MEDIUM,broad
26-40955,NAME:angers loire metropole 49,NAME_FALLBACK,2026-04-22,2026-04-22,2029-04-22,2026-07-13,72,72314,DIGITAL_ICT,True,36.0,False,0,2.6938239159001314,,,,broad
26-43788,NAME:nantes metropole,NAME_FALLBACK,2026-04-30,2026-04-30,2030-04-30,2026-07-13,48,48000,DIGITAL_ICT,True,48.0,False,0,2.431011826544021,,,,broad
26-33353,NAME:loire-atlantique developpement - gie,NAME_FALLBACK,2026-04-02,2026-04-02,2026-08-02,2026-07-13,72,72514,DIGITAL_ICT,True,4.0,False,0,3.350854139290407,,,,broad
26-33969,SIRET:21440109300015,RAW_SIRET,2026-04-03,2026-04-03,2026-09-03,2026-07-13,35,35300,DIGITAL_ICT,True,5.0,False,1,0.657030223390276,26-40548,0.8179478756022778,HIGH,broad
26-34821,NAME:communaute d agglomeration saumur val de loire 49,NAME_FALLBACK,2026-04-03,2026-04-03,2026-08-03,2026-07-13,32,32321,DIGITAL_ICT,True,4.0,True,0,3.3180026281208934,,,,broad
26-41056,NAME:mairie de st herblain,NAME_FALLBACK,2026-04-22,2026-04-22,2026-10-22,2026-07-13,48,48952,DIGITAL_ICT,True,6.0,True,1,1.8068331143232588,26-59246,0.3365070791429233,MEDIUM,broad
26-42512,NAME:conseil departemental de la mayenne,NAME_FALLBACK,2026-04-29,2026-04-29,2026-07-29,2026-07-13,72,72268,DIGITAL_ICT,True,3.0,False,1,0.0985545335085413,26-44140,0.5327063431177199,HIGH,broad
26-35891,NAME:departement de la vendee,NAME_FALLBACK,2026-04-10,2026-04-10,2026-08-10,2026-07-13,32,32321,DIGITAL_ICT,True,4.0,False,0,3.088042049934297,,,,broad
26-40548,SIRET:21440109300015,RAW_SIRET,2026-04-23,2026-04-23,2026-09-23,2026-07-13,35,35300,DIGITAL_ICT,True,5.0,False,0,2.6609724047306176,,,,broad
26-35274,NAME:syclea 85,NAME_FALLBACK,2026-04-07,2026-04-07,2030-04-07,2026-07-13,48,48000,DIGITAL_ICT,True,48.0,False,0,3.1865965834428382,,,,broad
26-34117,SIRET:20007326000016,RAW_SIRET,2026-04-04,2026-04-04,2026-08-04,2026-07-13,72,72000,DIGITAL_ICT,True,4.0,False,0,3.2851511169513796,,,,broad
26-33900,SIRET:20003329800015,RAW_SIRET,2026-04-03,2026-04-03,2026-08-03,2026-07-13,30,30230,DIGITAL_ICT,True,4.0,False,0,3.3180026281208934,,,,broad
26-32976,SIRET:11001001400014,RAW_SIRET,2026-04-01,2026-04-01,2026-10-01,2026-07-13,72,72267,DIGITAL_ICT,True,6.0,False,1,2.7923784494086727,26-62132,0.865128697357741,HIGH,broad
26-35148,SIRET:20007187600011,RAW_SIRET,2026-04-08,2026-04-08,2030-04-08,2026-07-13,32,32581,DIGITAL_ICT,True,48.0,False,0,3.1537450722733245,,,,broad
26-43462,NAME:cenovia,NAME_FALLBACK,2026-04-30,2026-04-30,2026-08-30,2026-07-13,32,32323,DIGITAL_ICT,True,4.0,False,0,2.431011826544021,,,,broad
26-33573,NAME:nantes metropole,NAME_FALLBACK,2026-04-01,2026-04-01,2030-04-01,2026-07-13,48,48000,DIGITAL_ICT,True,48.0,False,0,3.383705650459921,,,,broad
26-39035,SIRET:23440003400026,RAW_SIRET,2026-04-18,2026-04-18,2026-08-18,2026-07-13,32,32510,DIGITAL_ICT,True,4.0,False,1,2.759526938239159,26-68796,0.5801620646361015,HIGH,broad
26-39178,SIRET:52411092100037,RAW_SIRET,2026-04-19,2026-04-19,2026-08-19,2026-07-13,48,48442,DIGITAL_ICT,True,4.0,False,0,2.7923784494086727,,,,broad
26-50474,NAME:megalis,NAME_FALLBACK,2026-05-21,2026-05-21,2026-10-21,2026-07-13,35,35121,DIGITAL_ICT,True,5.0,True,0,1.7411300919842312,,,,broad
26-45351,NAME:conseil departemental loire atlantique,NAME_FALLBACK,2026-05-07,2026-05-07,2027-05-07,2026-07-13,72,72611,DIGITAL_ICT,True,12.0,False,0,2.2010512483574245,,,,broad
26-48132,SIRET:39172288100052,RAW_SIRET,2026-05-15,2026-05-15,2029-05-15,2026-07-13,72,72253,DIGITAL_ICT,True,36.0,False,0,1.9382391590013142,,,,broad
26-47097,NAME:redon agglomeration,NAME_FALLBACK,2026-05-11,2026-05-11,2030-05-11,2026-07-13,,,DIGITAL_ICT,True,48.0,False,0,2.0696452036793693,,,,broad
26-46442,SIRET:18009202500121,RAW_SIRET,2026-05-09,2026-05-09,2026-10-09,2026-07-13,38,38340,DIGITAL_ICT,True,5.0,False,0,2.135348226018397,,,,broad
26-43783,SIRET:20007154600010,RAW_SIRET,2026-05-02,2026-05-02,2026-11-02,2026-07-13,72,72310,DIGITAL_ICT,True,6.0,False,0,2.3653088042049935,,,,broad
26-47287,NAME:commune de bouaye,NAME_FALLBACK,2026-05-12,2026-05-12,2026-11-12,2026-07-13,,,DIGITAL_ICT,True,6.0,True,0,2.0367936925098555,,,,broad
26-48875,NAME:cmar pays de loire,NAME_FALLBACK,2026-05-18,2026-05-18,2026-11-18,2026-07-13,,,DIGITAL_ICT,True,6.0,False,0,1.8396846254927726,,,,broad
26-50956,SIRET:24440040400129,RAW_SIRET,2026-05-24,2026-05-24,2026-10-24,2026-07-13,32,32323,DIGITAL_ICT,True,5.0,False,0,1.6425755584756898,,,,broad
26-46996,NAME:conseil departemental de la mayenne,NAME_FALLBACK,2026-05-11,2026-05-11,2030-05-11,2026-07-13,72,72810,DIGITAL_ICT,True,48.0,False,0,2.0696452036793693,,,,broad
26-52382,NAME:ville de vertou,NAME_FALLBACK,2026-05-28,2026-05-28,2026-10-28,2026-07-13,35,35113,DIGITAL_ICT,True,5.0,True,0,1.5111695137976346,,,,broad
26-47453,NAME:departement de la vendee,NAME_FALLBACK,2026-05-13,2026-05-13,2026-09-13,2026-07-13,72,72400,DIGITAL_ICT,True,4.0,False,0,2.0039421813403417,,,,broad
26-44000,NAME:ville de saint nazaire,NAME_FALLBACK,2026-05-02,2026-05-02,2026-09-02,2026-07-13,48,48333,DIGITAL_ICT,True,4.0,False,0,2.3653088042049935,,,,broad
26-44226,SIRET:13001044000019,RAW_SIRET,2026-05-02,2026-05-02,2026-11-02,2026-07-13,72,72500,DIGITAL_ICT,True,6.0,False,0,2.3653088042049935,,,,broad
26-49296,SIRET:28440001700018,RAW_SIRET,2026-05-20,2026-05-20,2026-09-20,2026-07-13,48,48000,DIGITAL_ICT,True,4.0,False,0,1.773981603153745,,,,broad
26-53177,NAME:departement du maine et loire,NAME_FALLBACK,2026-05-29,2026-05-29,2029-12-29,2026-07-13,72,72268,DIGITAL_ICT,True,43.0,False,0,1.4783180026281209,,,,broad
26-52332,NAME:conseil departemental de la mayenne,NAME_FALLBACK,2026-05-29,2026-05-29,2026-09-29,2026-07-13,72,72262,DIGITAL_ICT,True,4.0,False,1,1.149802890932983,26-66290,0.3121644808540803,MEDIUM,broad
26-45220,SIRET:23440003400026,RAW_SIRET,2026-05-06,2026-05-06,2026-09-06,2026-07-13,72,72262,DIGITAL_ICT,True,4.0,False,0,2.2339027595269383,,,,broad
26-46704,NAME:syndicat mixte e-collectivites,NAME_FALLBACK,2026-05-07,2026-05-07,2026-11-07,2026-07-13,30,30000,DIGITAL_ICT,True,6.0,False,0,2.2010512483574245,,,,broad
26-52573,NAME:trivalis 85,NAME_FALLBACK,2026-05-28,2026-05-28,2026-08-28,2026-07-13,,,DIGITAL_ICT,True,3.0,False,0,1.5111695137976346,,,,broad
26-44140,NAME:conseil departemental de la mayenne,NAME_FALLBACK,2026-05-02,2026-05-02,2026-08-02,2026-07-13,72,72268,DIGITAL_ICT,True,3.0,False,1,0.8869908015768725,26-52332,0.4059842990462471,POTENTIAL,broad
26-48762,NAME:conseil departemental de la mayenne,NAME_FALLBACK,2026-05-19,2026-05-19,2026-09-19,2026-07-13,72,72262,DIGITAL_ICT,True,4.0,False,1,0.328515111695138,26-52332,0.8053241349102058,HIGH,broad
26-59707,NAME:gip loire estuaire,NAME_FALLBACK,2026-06-16,2026-06-16,2028-06-16,2026-07-13,71,71351,DIGITAL_ICT,True,24.0,False,0,0.8869908015768725,,,,broad
26-54561,NAME:insee,NAME_FALLBACK,2026-06-04,2026-06-04,2026-12-04,2026-07-13,72,72000,DIGITAL_ICT,True,6.0,False,0,1.281208935611038,,,,broad
26-53578,NAME:universite rennes 2,NAME_FALLBACK,2026-06-01,2026-06-01,2026-12-01,2026-07-13,72,72212,DIGITAL_ICT,True,6.0,True,0,1.3797634691195795,,,,broad
26-63482,SIRET:25440253000011,RAW_SIRET,2026-06-28,2026-06-28,2026-10-28,2026-07-13,50,50332,DIGITAL_ICT,True,4.0,False,0,0.492772667542707,,,,broad
26-63347,SIRET:25490051700049,RAW_SIRET,2026-06-28,2026-06-28,2026-10-28,2026-07-13,32,32323,DIGITAL_ICT,True,4.0,False,0,0.492772667542707,,,,broad
26-58549,NAME:universite d angers,NAME_FALLBACK,2026-06-14,2026-06-14,2026-12-14,2026-07-13,48,48921,DIGITAL_ICT,True,6.0,False,0,0.9526938239159002,,,,broad
26-61953,NAME:centre hospitalier de cholet,NAME_FALLBACK,2026-06-23,2026-06-23,2026-10-23,2026-07-13,32,32000,DIGITAL_ICT,True,4.0,True,0,0.657030223390276,,,,broad
26-55163,NAME:chu nantes,NAME_FALLBACK,2026-06-04,2026-06-04,2027-06-04,2026-07-13,,,DIGITAL_ICT,True,12.0,False,0,1.281208935611038,,,,broad
26-55110,NAME:region des pays de la loire,NAME_FALLBACK,2026-06-04,2026-06-04,2027-06-04,2026-07-13,48,48440,DIGITAL_ICT,True,12.0,False,0,1.281208935611038,,,,broad
26-58615,SIRET:38105376800028,RAW_SIRET,2026-06-14,2026-06-14,2026-10-14,2026-07-13,32,32321,DIGITAL_ICT,True,4.0,False,0,0.9526938239159002,,,,broad
26-60185,NAME:nantes metropole,NAME_FALLBACK,2026-06-17,2026-06-17,2030-06-17,2026-07-13,48,48000,DIGITAL_ICT,True,48.0,False,0,0.8541392904073587,,,,broad
26-57794,NAME:universite de rennes,NAME_FALLBACK,2026-06-11,2026-06-11,2026-10-11,2026-07-13,42,42621,DIGITAL_ICT,True,4.0,False,0,1.0512483574244416,,,,broad
26-59246,NAME:mairie de st herblain,NAME_FALLBACK,2026-06-16,2026-06-16,2030-06-16,2026-07-13,48,48900,DIGITAL_ICT,True,48.0,False,0,0.8869908015768725,,,,broad
26-53592,NAME:commune de fontenay le comte,NAME_FALLBACK,2026-06-01,2026-06-01,2029-06-01,2026-07-13,32,32323,DIGITAL_ICT,True,36.0,False,0,1.3797634691195795,,,,broad
26-62679,NAME:ville du mans,NAME_FALLBACK,2026-06-25,2026-06-25,2026-10-25,2026-07-13,79,79980,DIGITAL_ICT,True,4.0,False,0,0.5913272010512484,,,,broad
26-54227,SIRET:13003051300019,RAW_SIRET,2026-06-04,2026-06-04,2026-10-04,2026-07-13,72,72212,DIGITAL_ICT,True,4.0,False,0,1.281208935611038,,,,broad
26-55852,SIRET:26490003600015,RAW_SIRET,2026-06-07,2026-06-07,2026-10-07,2026-07-13,79,79540,DIGITAL_ICT,True,4.0,False,0,1.1826544021024967,,,,broad
26-60199,NAME:ville de saint nazaire,NAME_FALLBACK,2026-06-17,2026-06-17,2030-06-17,2026-07-13,72,72314,DIGITAL_ICT,True,48.0,False,0,0.8541392904073587,,,,broad
26-60330,NAME:mairie de reze,NAME_FALLBACK,2026-06-18,2026-06-18,2029-06-18,2026-07-13,32,32342,DIGITAL_ICT,True,36.0,False,0,0.8212877792378449,,,,broad
26-54160,SIRET:25850022200033,RAW_SIRET,2026-06-04,2026-06-04,2033-06-04,2026-07-13,72,72212,DIGITAL_ICT,True,84.0,False,0,1.281208935611038,,,,broad
26-61592,SIRET:24440040400129,RAW_SIRET,2026-06-24,2026-06-24,2026-11-24,2026-07-13,72,72267,DIGITAL_ICT,True,5.0,False,0,0.6241787122207622,,,,broad
26-62132,SIRET:11001001400014,RAW_SIRET,2026-06-25,2026-06-25,2026-12-25,2026-07-13,72,72267,DIGITAL_ICT,True,6.0,False,0,0.5913272010512484,,,,broad
26-62538,SIRET:85403311500015,RAW_SIRET,2026-06-25,2026-06-25,2030-06-25,2026-07-13,72,72220,DIGITAL_ICT,True,48.0,False,0,0.5913272010512484,,,,broad
26-58495,NAME:insa rennes,NAME_FALLBACK,2026-06-12,2026-06-12,2027-12-12,2026-07-13,45,45262,DIGITAL_ICT,True,18.0,False,0,1.0183968462549278,,,,broad
26-54710,SIRET:24440043800127,RAW_SIRET,2026-06-05,2026-06-05,2026-11-05,2026-07-13,32,32323,DIGITAL_ICT,True,5.0,False,0,1.2483574244415243,,,,broad
26-60182,SIRET:24440040400129,RAW_SIRET,2026-06-19,2026-06-19,2026-11-19,2026-07-13,48,48326,DIGITAL_ICT,True,5.0,False,0,0.7884362680683311,,,,broad
26-56462,SIRET:24440040400129,RAW_SIRET,2026-06-10,2026-06-10,2026-11-10,2026-07-13,72,72267,DIGITAL_ICT,True,5.0,False,1,0.4599211563731931,26-61592,0.4379171058585293,MEDIUM,broad
26-68796,SIRET:23440003400026,RAW_SIRET,2026-07-11,2026-07-11,2026-11-11,2026-07-13,32,32000,DIGITAL_ICT,True,4.0,False,0,0.0657030223390276,,,,broad
26-66594,NAME:conseil departemental de la mayenne,NAME_FALLBACK,2026-07-03,2026-07-03,2030-07-03,2026-07-13,48,48421,DIGITAL_ICT,True,48.0,False,0,0.328515111695138,,,,broad
26-67753,NAME:commune de fontenay le comte,NAME_FALLBACK,2026-07-07,2026-07-07,2029-07-07,2026-07-13,32,32323,DIGITAL_ICT,True,36.0,False,0,0.19710906701708278,,,,broad
26-68031,NAME:lycee polyvalent robert garnier,NAME_FALLBACK,2026-07-08,2026-07-08,2026-12-08,2026-07-13,42,42632,DIGITAL_ICT,True,5.0,True,0,0.164257555847569,,,,broad
26-68497,SIRET:54665016900057,RAW_SIRET,2026-07-10,2026-07-10,2026-11-10,2026-07-13,72,72500,DIGITAL_ICT,True,4.0,False,0,0.09855453350854139,,,,broad
26-66290,NAME:conseil departemental de la mayenne,NAME_FALLBACK,2026-07-03,2026-07-03,2027-07-03,2026-07-13,72,72242,DIGITAL_ICT,True,12.0,False,0,0.328515111695138,,,,broad
26-66699,NAME:lycee des metiers chevrollier-greta,NAME_FALLBACK,2026-07-06,2026-07-06,2026-12-06,2026-07-13,42,42636,DIGITAL_ICT,True,5.0,True,0,0.22996057818659657,,,,broad
26-68117,SIRET:45072478600030,RAW_SIRET,2026-07-09,2026-07-09,2026-11-09,2026-07-13,30,30121,DIGITAL_ICT,True,4.0,False,0,0.1314060446780552,,,,broad
26-68148,SIRET:20004131700013,RAW_SIRET,2026-07-09,2026-07-09,2027-01-09,2026-07-13,72,72267,DIGITAL_ICT,True,6.0,False,0,0.1314060446780552,,,,broad
26-68729,NAME:corepem,NAME_FALLBACK,2026-07-09,2026-07-09,2028-03-09,2026-07-13,,,DIGITAL_ICT,True,20.0,False,0,0.1314060446780552,,,,broad
26-65847,SIRET:24490001500011,RAW_SIRET,2026-07-04,2026-07-04,2027-01-04,2026-07-13,35,35321,DIGITAL_ICT,True,6.0,False,0,0.2956636005256242,,,,broad
