environment_family,environment,horizon_months,horizon_label,source_universe,stratum_dim,stratum_value,n_sources,zero_candidate_rate,mean_candidate_count,median_candidate_count,p75_candidate_count,p90_candidate_count,p95_candidate_count,p99_candidate_count,max_candidate_count,median_time_to_first_candidate_days,p90_time_to_first_candidate_days,median_candidate_notice_family_count,p90_candidate_notice_family_count,cap_reached_rate,median_top1_top2_similarity_margin,buyer_identifier_source,buyer_key_type,buyer_activity_tier,schema_family,publication_year,cpv_division,duration_availability,digital_segment
ambient_future_environment,all_future_notices,6,future_6m,all_appel_offre_sources,overall,overall,58292,0.0,3643.5363514719,3715.0,3888.0,4048.0,4113.0,4307.0,4342,1.0,1.0,,,0.0,,,,,,,,,
ambient_future_environment,all_future_notices,12,future_12m,all_appel_offre_sources,overall,overall,58292,0.0,7124.974764976326,7399.0,7725.0,7838.0,7963.0,8057.0,8107,1.0,1.0,,,0.0,,,,,,,,,
ambient_future_environment,all_future_notices,24,future_24m,all_appel_offre_sources,overall,overall,58292,0.0,13623.806542921842,14772.0,15217.0,15681.0,15728.0,15800.0,15868,1.0,1.0,,,0.0,,,,,,,,,
ambient_future_environment,all_future_notices,36,future_36m,all_appel_offre_sources,overall,overall,58292,0.0,19444.5978350374,22120.0,22737.0,23347.0,23442.0,23482.0,23520,1.0,1.0,,,0.0,,,,,,,,,
ambient_future_environment,all_future_notices,60,future_60m,all_appel_offre_sources,overall,overall,58292,0.0,29150.903949083924,36444.0,37717.0,38038.0,38306.0,38528.09,38558,1.0,1.0,,,0.0,,,,,,,,,
buyer_compatible_environment,alias_compatible_boamp_key,6,future_6m,all_appel_offre_sources,overall,overall,58292,0.11497289507994236,26.205294036917586,10.0,34.0,72.0,106.0,196.0,237,8.0,71.0,,,0.0,,,,,,,,,
buyer_compatible_environment,alias_compatible_boamp_key,12,future_12m,all_appel_offre_sources,overall,overall,58292,0.08795375008577506,49.45350991559734,18.0,64.0,135.0,205.0,386.0,426,8.0,88.0,,,0.0,,,,,,,,,
buyer_compatible_environment,alias_compatible_boamp_key,24,future_24m,all_appel_offre_sources,overall,overall,58292,0.07445275509503876,88.39990050092636,29.0,109.0,244.0,387.0,768.0,827,9.0,98.0,,,0.0,,,,,,,,,
buyer_compatible_environment,alias_compatible_boamp_key,36,future_36m,all_appel_offre_sources,overall,overall,58292,0.070129691895972,118.90192479242435,36.0,141.0,337.0,496.0,1120.0,1212,9.0,101.0,,,0.0,,,,,,,,,
buyer_compatible_environment,alias_compatible_boamp_key,60,future_60m,all_appel_offre_sources,overall,overall,58292,0.06680161943319839,161.11799217731422,42.0,180.0,465.0,662.0,1685.539999999979,1897,9.0,104.0,,,0.0,,,,,,,,,
buyer_compatible_environment,alias_compatible_l2_key,6,future_6m,production_digital_appel_offre_sources,overall,overall,3159,0.46058879392212726,1.7606837606837606,1.0,2.0,5.0,7.0,12.0,18,41.0,134.0,,,0.0,,,,,,,,,
buyer_compatible_environment,alias_compatible_l2_key,12,future_12m,production_digital_appel_offre_sources,overall,overall,3159,0.36657169990503324,3.271604938271605,1.0,5.0,9.0,14.0,23.0,30,52.0,228.0,,,0.0,,,,,,,,,
buyer_compatible_environment,alias_compatible_l2_key,24,future_24m,production_digital_appel_offre_sources,overall,overall,3159,0.301994301994302,5.856283634061412,2.0,7.5,16.0,24.0,43.0,49,63.0,342.60000000000014,,,0.0,,,,,,,,,
buyer_compatible_environment,alias_compatible_l2_key,36,future_36m,production_digital_appel_offre_sources,overall,overall,3159,0.27508705286483065,7.8968027856916745,3.0,10.0,22.0,31.0,65.0,71,68.0,416.2999999999997,,,0.0,,,,,,,,,
buyer_compatible_environment,alias_compatible_l2_key,60,future_60m,production_digital_appel_offre_sources,overall,overall,3159,0.2551440329218107,10.819246597024375,3.0,13.0,31.0,42.0,103.0,110,71.0,502.8000000000002,,,0.0,,,,,,,,,
buyer_compatible_environment,same_normalized_name,6,future_6m,all_appel_offre_sources,overall,overall,58292,0.0991559733754203,31.8660879709051,13.0,45.0,86.90000000000146,133.0,196.0,237,7.0,64.0,,,0.0,,,,,,,,,
buyer_compatible_environment,same_normalized_name,12,future_12m,all_appel_offre_sources,overall,overall,58292,0.07587662114869966,60.36860975777122,23.0,86.0,160.0,265.0,386.0,426,7.0,78.0,,,0.0,,,,,,,,,
buyer_compatible_environment,same_normalized_name,24,future_24m,all_appel_offre_sources,overall,overall,58292,0.06395388732587662,109.58565497838468,38.0,153.0,288.0,531.0,768.0,827,7.0,87.0,,,0.0,,,,,,,,,
buyer_compatible_environment,same_normalized_name,36,future_36m,all_appel_offre_sources,overall,overall,58292,0.060660124888492414,149.73891786179922,48.0,195.0,407.0,768.0,1120.0,1212,7.0,89.0,,,0.0,,,,,,,,,
buyer_compatible_environment,same_normalized_name,60,future_60m,all_appel_offre_sources,overall,overall,58292,0.057932477870033625,209.65671104096617,58.0,237.0,583.9000000000015,943.4499999999971,1712.4499999999825,1897,7.0,91.0,,,0.0,,,,,,,,,
buyer_compatible_environment,same_siren,6,future_6m,all_appel_offre_sources,overall,overall,58292,0.77921498661909,5.90911274274343,0.0,0.0,15.0,45.0,105.08999999999651,207,9.0,81.0,,,0.0,,,,,,,,,
buyer_compatible_environment,same_siren,12,future_12m,all_appel_offre_sources,overall,overall,58292,0.7713751458176079,10.82591093117409,0.0,0.0,26.0,83.0,194.0,304,10.0,99.0,,,0.0,,,,,,,,,
buyer_compatible_environment,same_siren,24,future_24m,all_appel_offre_sources,overall,overall,58292,0.7678069031771083,18.109569066081107,0.0,0.0,42.0,138.0,320.0,467,10.0,110.0,,,0.0,,,,,,,,,
buyer_compatible_environment,same_siren,36,future_36m,all_appel_offre_sources,overall,overall,58292,0.7665717422630893,23.030844712825086,0.0,0.0,51.0,179.0,391.0,607,10.0,113.0,,,0.0,,,,,,,,,
buyer_compatible_environment,same_siren,60,future_60m,all_appel_offre_sources,overall,overall,58292,0.7654566664379332,29.04753654017704,0.0,0.0,56.0,222.0,537.0,831,10.0,117.0,,,0.0,,,,,,,,,
buyer_compatible_environment,same_siret,6,future_6m,all_appel_offre_sources,overall,overall,58292,0.7814279832567076,5.6888252247306665,0.0,0.0,14.0,43.0,104.0,207,9.0,85.0,,,0.0,,,,,,,,,
buyer_compatible_environment,same_siret,12,future_12m,all_appel_offre_sources,overall,overall,58292,0.7732107321759418,10.409524463048102,0.0,0.0,23.0,81.0,190.0,304,10.0,104.0,,,0.0,,,,,,,,,
buyer_compatible_environment,same_siret,24,future_24m,all_appel_offre_sources,overall,overall,58292,0.7695052494338845,17.382196527825432,0.0,0.0,38.0,136.0,313.0,467,11.0,114.0,,,0.0,,,,,,,,,
buyer_compatible_environment,same_siret,36,future_36m,all_appel_offre_sources,overall,overall,58292,0.7682357784944761,22.061226240307416,0.0,0.0,46.0,174.0,383.0,607,11.0,119.0,,,0.0,,,,,,,,,
buyer_compatible_environment,same_siret,60,future_60m,all_appel_offre_sources,overall,overall,58292,0.7672064777327935,27.805822411308583,0.0,0.0,51.0,211.0,516.0,831,11.0,123.0,,,0.0,,,,,,,,,
production_candidate_environment,production_boamp_only,6,expected_end_plus_minus_6m_cap30,production_digital_appel_offre_sources,overall,overall,3159,0.6087369420702754,1.9427033871478316,0.0,2.0,6.0,10.0,22.0,30,1041.0,1519.5,0.0,6.0,0.0,0.08271847224585341,,,,,,,,
production_candidate_environment,production_enriched,6,expected_end_plus_minus_6m_cap30,production_digital_appel_offre_sources,overall,overall,3159,0.5238999683444128,2.6046217157328266,0.0,3.0,8.0,14.0,22.0,30,1103.5,1517.4,0.0,7.200000000000273,0.0,0.0781802021205862,,,,,,,,
ambient_future_environment,all_future_notices,6,future_6m,all_appel_offre_sources,buyer_identifier_source,NONE,43636,0.0,3632.7491979099827,3672.0,3854.0,4012.0,4088.0,4307.0,4342,1.0,1.0,,,0.0,,NONE,,,,,,,
ambient_future_environment,all_future_notices,6,future_6m,all_appel_offre_sources,buyer_identifier_source,RAW_SIRET_FIELD,14656,0.0,3675.653452510917,3801.0,3986.0,4084.0,4176.0,4311.0,4339,1.0,1.0,,,0.0,,RAW_SIRET_FIELD,,,,,,,
ambient_future_environment,all_future_notices,12,future_12m,all_appel_offre_sources,buyer_identifier_source,NONE,43636,0.0,7129.807704647539,7248.0,7661.0,7797.0,7854.0,8040.0,8107,1.0,1.0,,,0.0,,NONE,,,,,,,
ambient_future_environment,all_future_notices,12,future_12m,all_appel_offre_sources,buyer_identifier_source,RAW_SIRET_FIELD,14656,0.0,7110.585425764192,7695.0,7816.0,7980.0,8031.0,8075.0,8107,1.0,1.0,,,0.0,,RAW_SIRET_FIELD,,,,,,,
ambient_future_environment,all_future_notices,24,future_24m,all_appel_offre_sources,buyer_identifier_source,NONE,43636,0.0,13767.064625538545,14707.0,15107.0,15601.0,15698.0,15785.0,15868,1.0,1.0,,,0.0,,NONE,,,,,,,
ambient_future_environment,all_future_notices,24,future_24m,all_appel_offre_sources,buyer_identifier_source,RAW_SIRET_FIELD,14656,0.0,13197.277497270743,15147.0,15653.0,15728.0,15763.0,15820.0,15868,1.0,1.0,,,0.0,,RAW_SIRET_FIELD,,,,,,,
ambient_future_environment,all_future_notices,36,future_36m,all_appel_offre_sources,buyer_identifier_source,NONE,43636,0.0,19942.48943532863,22127.0,22327.0,23261.0,23401.0,23470.0,23520,1.0,1.0,,,0.0,,NONE,,,,,,,
ambient_future_environment,all_future_notices,36,future_36m,all_appel_offre_sources,buyer_identifier_source,RAW_SIRET_FIELD,14656,0.0,17962.201692139737,22043.0,23264.0,23448.0,23469.0,23499.0,23520,1.0,1.0,,,0.0,,RAW_SIRET_FIELD,,,,,,,
ambient_future_environment,all_future_notices,60,future_60m,all_appel_offre_sources,buyer_identifier_source,NONE,43636,0.0,31209.069598496655,36622.0,37789.0,38101.0,38356.0,38530.0,38558,1.0,1.0,,,0.0,,NONE,,,,,,,
ambient_future_environment,all_future_notices,60,future_60m,all_appel_offre_sources,buyer_identifier_source,RAW_SIRET_FIELD,14656,0.0,23023.030294759825,24057.0,33712.0,37753.0,38018.0,38494.0,38558,1.0,1.0,,,0.0,,RAW_SIRET_FIELD,,,,,,,
buyer_compatible_environment,alias_compatible_boamp_key,6,future_6m,all_appel_offre_sources,buyer_identifier_source,NONE,43636,0.10970299752497938,27.4073242277019,11.0,34.0,74.0,109.0,203.0,237,7.0,66.0,,,0.0,,NONE,,,,,,,
buyer_compatible_environment,alias_compatible_boamp_key,6,future_6m,all_appel_offre_sources,buyer_identifier_source,RAW_SIRET_FIELD,14656,0.1306632096069869,22.62643286026201,8.0,33.0,67.0,99.0,133.45000000000073,207,9.0,85.0,,,0.0,,RAW_SIRET_FIELD,,,,,,,
buyer_compatible_environment,alias_compatible_boamp_key,12,future_12m,all_appel_offre_sources,buyer_identifier_source,NONE,43636,0.08458612155101293,52.15766798056651,20.0,65.0,138.0,213.0,391.0,426,8.0,82.0,,,0.0,,NONE,,,,,,,
buyer_compatible_environment,alias_compatible_boamp_key,12,future_12m,all_appel_offre_sources,buyer_identifier_source,RAW_SIRET_FIELD,14656,0.09798034934497817,41.402292576419214,13.0,60.0,126.0,174.0,244.0,304,10.0,104.0,,,0.0,,RAW_SIRET_FIELD,,,,,,,
buyer_compatible_environment,alias_compatible_boamp_key,24,future_24m,all_appel_offre_sources,buyer_identifier_source,NONE,43636,0.07150059583829865,94.87038225318544,33.0,113.0,258.0,417.0,787.0,827,8.0,91.0,,,0.0,,NONE,,,,,,,
buyer_compatible_environment,alias_compatible_boamp_key,24,future_24m,all_appel_offre_sources,buyer_identifier_source,RAW_SIRET_FIELD,14656,0.08324235807860263,69.13503002183405,20.0,101.0,221.0,286.0,416.0,467,11.0,114.0,,,0.0,,RAW_SIRET_FIELD,,,,,,,
buyer_compatible_environment,alias_compatible_boamp_key,36,future_36m,all_appel_offre_sources,buyer_identifier_source,NONE,43636,0.06742139517829315,129.36653222110183,41.0,144.0,355.0,604.0,1149.6500000000015,1212,8.0,95.0,,,0.0,,NONE,,,,,,,
buyer_compatible_environment,alias_compatible_boamp_key,36,future_36m,all_appel_offre_sources,buyer_identifier_source,RAW_SIRET_FIELD,14656,0.07819323144104803,87.74515556768559,24.0,127.0,298.5,364.25,483.0,607,11.0,119.0,,,0.0,,RAW_SIRET_FIELD,,,,,,,
buyer_compatible_environment,alias_compatible_boamp_key,60,future_60m,all_appel_offre_sources,buyer_identifier_source,NONE,43636,0.0643505362544688,178.08765698047483,49.0,189.0,498.0,833.0,1779.6500000000015,1897,8.0,97.0,,,0.0,,NONE,,,,,,,
buyer_compatible_environment,alias_compatible_boamp_key,60,future_60m,all_appel_offre_sources,buyer_identifier_source,RAW_SIRET_FIELD,14656,0.07409934497816593,110.59340884279476,27.0,145.0,387.0,495.25,634.0,831,11.0,123.0,,,0.0,,RAW_SIRET_FIELD,,,,,,,
buyer_compatible_environment,alias_compatible_l2_key,6,future_6m,production_digital_appel_offre_sources,buyer_identifier_source,DIRECT_BOAMP_SIRET,686,0.4956268221574344,1.3819241982507289,1.0,2.0,4.0,6.0,9.0,12,49.0,148.5,,,0.0,,DIRECT_BOAMP_SIRET,,,,,,,
buyer_compatible_environment,alias_compatible_l2_key,6,future_6m,production_digital_appel_offre_sources,buyer_identifier_source,DIRECT_BOAMP_SIRET_CONFLICT_FLAGGED,27,0.37037037037037035,1.7407407407407407,1.0,3.0,4.400000000000002,5.0,5.739999999999998,6,27.0,129.8,,,0.0,,DIRECT_BOAMP_SIRET_CONFLICT_FLAGGED,,,,,,,
buyer_compatible_environment,alias_compatible_l2_key,6,future_6m,production_digital_appel_offre_sources,buyer_identifier_source,DIRECT_ENRICHMENT_NOTICE_JOIN,296,0.5675675675675675,1.0810810810810811,0.0,2.0,4.0,5.0,7.0,8,42.5,124.6,,,0.0,,DIRECT_ENRICHMENT_NOTICE_JOIN,,,,,,,
buyer_compatible_environment,alias_compatible_l2_key,6,future_6m,production_digital_appel_offre_sources,buyer_identifier_source,NAME_FALLBACK,1231,0.5280259951259139,1.9512591389114542,0.0,2.0,7.0,10.0,14.0,18,34.0,125.0,,,0.0,,NAME_FALLBACK,,,,,,,
buyer_compatible_environment,alias_compatible_l2_key,6,future_6m,production_digital_appel_offre_sources,buyer_identifier_source,UNIQUE_NAME_DEPARTMENT_ALIAS,919,0.31229597388465724,2.0076169749727963,1.0,3.0,5.0,6.0,9.0,12,43.0,133.79999999999995,,,0.0,,UNIQUE_NAME_DEPARTMENT_ALIAS,,,,,,,
buyer_compatible_environment,alias_compatible_l2_key,12,future_12m,production_digital_appel_offre_sources,buyer_identifier_source,DIRECT_BOAMP_SIRET,686,0.42128279883381925,2.4679300291545188,1.0,4.0,8.0,9.0,13.0,14,57.0,213.80000000000007,,,0.0,,DIRECT_BOAMP_SIRET,,,,,,,
buyer_compatible_environment,alias_compatible_l2_key,12,future_12m,production_digital_appel_offre_sources,buyer_identifier_source,DIRECT_BOAMP_SIRET_CONFLICT_FLAGGED,27,0.3333333333333333,3.2962962962962963,2.0,7.0,7.400000000000002,8.0,8.0,8,27.0,155.9,,,0.0,,DIRECT_BOAMP_SIRET_CONFLICT_FLAGGED,,,,,,,
buyer_compatible_environment,alias_compatible_l2_key,12,future_12m,production_digital_appel_offre_sources,buyer_identifier_source,DIRECT_ENRICHMENT_NOTICE_JOIN,296,0.4797297297297297,1.75,1.0,3.0,6.0,8.0,9.050000000000011,10,60.0,214.90000000000012,,,0.0,,DIRECT_ENRICHMENT_NOTICE_JOIN,,,,,,,
buyer_compatible_environment,alias_compatible_l2_key,12,future_12m,production_digital_appel_offre_sources,buyer_identifier_source,NAME_FALLBACK,1231,0.44110479285134035,3.712428919577579,1.0,3.0,16.0,20.0,26.0,30,45.0,238.0,,,0.0,,NAME_FALLBACK,,,,,,,
buyer_compatible_environment,alias_compatible_l2_key,12,future_12m,production_digital_appel_offre_sources,buyer_identifier_source,UNIQUE_NAME_DEPARTMENT_ALIAS,919,0.19042437431991294,3.7704026115342764,3.0,6.0,9.0,11.0,14.0,18,56.0,234.0,,,0.0,,UNIQUE_NAME_DEPARTMENT_ALIAS,,,,,,,
buyer_compatible_environment,alias_compatible_l2_key,24,future_24m,production_digital_appel_offre_sources,buyer_identifier_source,DIRECT_BOAMP_SIRET,686,0.36151603498542273,4.290087463556851,1.0,6.75,14.0,16.0,21.0,23,66.5,350.20000000000005,,,0.0,,DIRECT_BOAMP_SIRET,,,,,,,
buyer_compatible_environment,alias_compatible_l2_key,24,future_24m,production_digital_appel_offre_sources,buyer_identifier_source,DIRECT_BOAMP_SIRET_CONFLICT_FLAGGED,27,0.3333333333333333,4.555555555555555,2.0,8.5,12.400000000000002,13.7,14.739999999999998,15,27.0,155.9,,,0.0,,DIRECT_BOAMP_SIRET_CONFLICT_FLAGGED,,,,,,,
buyer_compatible_environment,alias_compatible_l2_key,24,future_24m,production_digital_appel_offre_sources,buyer_identifier_source,DIRECT_ENRICHMENT_NOTICE_JOIN,296,0.42905405405405406,2.516891891891892,1.0,3.0,8.0,11.25,17.05000000000001,20,68.0,329.6,,,0.0,,DIRECT_ENRICHMENT_NOTICE_JOIN,,,,,,,
buyer_compatible_environment,alias_compatible_l2_key,24,future_24m,production_digital_appel_offre_sources,buyer_identifier_source,NAME_FALLBACK,1231,0.3655564581640942,6.694557270511779,1.0,5.0,34.0,41.0,46.0,49,59.0,386.0,,,0.0,,NAME_FALLBACK,,,,,,,
buyer_compatible_environment,alias_compatible_l2_key,24,future_24m,production_digital_appel_offre_sources,buyer_identifier_source,UNIQUE_NAME_DEPARTMENT_ALIAS,919,0.1305767138193689,7.016322089227421,5.0,11.0,17.0,20.0,24.0,28,64.0,300.0,,,0.0,,UNIQUE_NAME_DEPARTMENT_ALIAS,,,,,,,
buyer_compatible_environment,alias_compatible_l2_key,36,future_36m,production_digital_appel_offre_sources,buyer_identifier_source,DIRECT_BOAMP_SIRET,686,0.33090379008746357,5.739067055393586,2.0,9.0,20.0,24.0,27.0,29,73.0,448.59999999999974,,,0.0,,DIRECT_BOAMP_SIRET,,,,,,,
buyer_compatible_environment,alias_compatible_l2_key,36,future_36m,production_digital_appel_offre_sources,buyer_identifier_source,DIRECT_BOAMP_SIRET_CONFLICT_FLAGGED,27,0.3333333333333333,4.555555555555555,2.0,8.5,12.400000000000002,13.7,14.739999999999998,15,27.0,155.9,,,0.0,,DIRECT_BOAMP_SIRET_CONFLICT_FLAGGED,,,,,,,
buyer_compatible_environment,alias_compatible_l2_key,36,future_36m,production_digital_appel_offre_sources,buyer_identifier_source,DIRECT_ENRICHMENT_NOTICE_JOIN,296,0.42905405405405406,2.5777027027027026,1.0,3.0,8.0,12.0,19.05000000000001,22,68.0,329.6,,,0.0,,DIRECT_ENRICHMENT_NOTICE_JOIN,,,,,,,
buyer_compatible_environment,alias_compatible_l2_key,36,future_36m,production_digital_appel_offre_sources,buyer_identifier_source,NAME_FALLBACK,1231,0.3379366368805849,9.109666937449228,2.0,6.0,43.0,60.0,66.0,71,64.0,473.0000000000001,,,0.0,,NAME_FALLBACK,,,,,,,
buyer_compatible_environment,alias_compatible_l2_key,36,future_36m,production_digital_appel_offre_sources,buyer_identifier_source,UNIQUE_NAME_DEPARTMENT_ALIAS,919,0.09793253536452666,9.694232861806311,7.0,15.0,23.0,28.0,33.0,36,69.0,372.20000000000005,,,0.0,,UNIQUE_NAME_DEPARTMENT_ALIAS,,,,,,,
buyer_compatible_environment,alias_compatible_l2_key,60,future_60m,production_digital_appel_offre_sources,buyer_identifier_source,DIRECT_BOAMP_SIRET,686,0.31486880466472306,7.543731778425656,2.0,10.0,25.0,35.0,42.0,44,76.5,526.3000000000001,,,0.0,,DIRECT_BOAMP_SIRET,,,,,,,
buyer_compatible_environment,alias_compatible_l2_key,60,future_60m,production_digital_appel_offre_sources,buyer_identifier_source,DIRECT_BOAMP_SIRET_CONFLICT_FLAGGED,27,0.3333333333333333,4.555555555555555,2.0,8.5,12.400000000000002,13.7,14.739999999999998,15,27.0,155.9,,,0.0,,DIRECT_BOAMP_SIRET_CONFLICT_FLAGGED,,,,,,,
buyer_compatible_environment,alias_compatible_l2_key,60,future_60m,production_digital_appel_offre_sources,buyer_identifier_source,DIRECT_ENRICHMENT_NOTICE_JOIN,296,0.42905405405405406,2.5777027027027026,1.0,3.0,8.0,12.0,19.05000000000001,22,68.0,329.6,,,0.0,,DIRECT_ENRICHMENT_NOTICE_JOIN,,,,,,,
buyer_compatible_environment,alias_compatible_l2_key,60,future_60m,production_digital_appel_offre_sources,buyer_identifier_source,NAME_FALLBACK,1231,0.31762794476035744,12.54021121039805,2.0,7.0,43.0,94.0,106.0,110,70.5,528.6000000000001,,,0.0,,NAME_FALLBACK,,,,,,,
buyer_compatible_environment,alias_compatible_l2_key,60,future_60m,production_digital_appel_offre_sources,buyer_identifier_source,UNIQUE_NAME_DEPARTMENT_ALIAS,919,0.06855277475516866,13.797606093579978,10.0,22.0,34.0,39.0,46.0,48,71.0,496.0,,,0.0,,UNIQUE_NAME_DEPARTMENT_ALIAS,,,,,,,
buyer_compatible_environment,same_normalized_name,6,future_6m,all_appel_offre_sources,buyer_identifier_source,NONE,43636,0.0959299660830507,32.17322852690439,13.0,45.0,86.0,137.0,203.0,237,7.0,63.0,,,0.0,,NONE,,,,,,,
buyer_compatible_environment,same_normalized_name,6,future_6m,all_appel_offre_sources,buyer_identifier_source,RAW_SIRET_FIELD,14656,0.10876091703056769,30.951623908296945,12.0,48.0,87.0,121.0,178.0,206,7.0,70.0,,,0.0,,RAW_SIRET_FIELD,,,,,,,
buyer_compatible_environment,same_normalized_name,12,future_12m,all_appel_offre_sources,buyer_identifier_source,NONE,43636,0.07292144101200844,61.72942066183885,24.0,86.0,161.0,278.0,391.0,426,7.0,76.0,,,0.0,,NONE,,,,,,,
buyer_compatible_environment,same_normalized_name,12,future_12m,all_appel_offre_sources,buyer_identifier_source,RAW_SIRET_FIELD,14656,0.08467521834061136,56.31700327510917,19.0,89.0,159.0,235.0,340.0,379,7.0,85.0,,,0.0,,RAW_SIRET_FIELD,,,,,,,
buyer_compatible_environment,same_normalized_name,24,future_24m,all_appel_offre_sources,buyer_identifier_source,NONE,43636,0.06047758731322761,114.58751947932899,41.0,156.0,292.0,551.0,787.0,827,7.0,84.40000000000146,,,0.0,,NONE,,,,,,,
buyer_compatible_environment,same_normalized_name,24,future_24m,all_appel_offre_sources,buyer_identifier_source,RAW_SIRET_FIELD,14656,0.07430403930131005,94.69336790393012,28.0,143.0,282.0,363.0,621.0,712,7.0,92.0,,,0.0,,RAW_SIRET_FIELD,,,,,,,
buyer_compatible_environment,same_normalized_name,36,future_36m,all_appel_offre_sources,buyer_identifier_source,NONE,43636,0.056765056375469795,159.7423686864057,53.0,203.0,418.0,824.0,1149.6500000000015,1212,7.0,87.0,,,0.0,,NONE,,,,,,,
buyer_compatible_environment,same_normalized_name,36,future_36m,all_appel_offre_sources,buyer_identifier_source,RAW_SIRET_FIELD,14656,0.07225709606986899,119.95517194323143,32.0,169.0,371.0,491.0,842.9000000000015,996,7.0,95.0,,,0.0,,RAW_SIRET_FIELD,,,,,,,
buyer_compatible_environment,same_normalized_name,60,future_60m,all_appel_offre_sources,buyer_identifier_source,NONE,43636,0.05371711430928591,229.64946374553122,67.0,260.0,632.0,1314.0,1779.6500000000015,1897,7.0,90.0,,,0.0,,NONE,,,,,,,
buyer_compatible_environment,same_normalized_name,60,future_60m,all_appel_offre_sources,buyer_identifier_source,RAW_SIRET_FIELD,14656,0.07048307860262008,150.13134552401746,35.0,180.0,478.5,704.25,1238.9000000000015,1403,7.0,96.0,,,0.0,,RAW_SIRET_FIELD,,,,,,,
buyer_compatible_environment,same_siren,6,future_6m,all_appel_offre_sources,buyer_identifier_source,NONE,43636,1.0,0.0,0.0,0.0,0.0,0.0,0.0,0,,,,,0.0,,NONE,,,,,,,
buyer_compatible_environment,same_siren,6,future_6m,all_appel_offre_sources,buyer_identifier_source,RAW_SIRET_FIELD,14656,0.1218613537117904,23.502592794759824,9.0,34.0,69.0,100.0,133.45000000000073,207,9.0,81.0,,,0.0,,RAW_SIRET_FIELD,,,,,,,
buyer_compatible_environment,same_siren,12,future_12m,all_appel_offre_sources,buyer_identifier_source,NONE,43636,1.0,0.0,0.0,0.0,0.0,0.0,0.0,0,,,,,0.0,,NONE,,,,,,,
buyer_compatible_environment,same_siren,12,future_12m,all_appel_offre_sources,buyer_identifier_source,RAW_SIRET_FIELD,14656,0.09067958515283843,43.05840611353712,15.0,61.0,130.0,178.0,244.0,304,10.0,99.0,,,0.0,,RAW_SIRET_FIELD,,,,,,,
buyer_compatible_environment,same_siren,24,future_24m,all_appel_offre_sources,buyer_identifier_source,NONE,43636,1.0,0.0,0.0,0.0,0.0,0.0,0.0,0,,,,,0.0,,NONE,,,,,,,
buyer_compatible_environment,same_siren,24,future_24m,all_appel_offre_sources,buyer_identifier_source,RAW_SIRET_FIELD,14656,0.07648744541484716,72.02804312227074,23.0,105.0,227.0,289.0,416.0,467,10.0,110.0,,,0.0,,RAW_SIRET_FIELD,,,,,,,
buyer_compatible_environment,same_siren,36,future_36m,all_appel_offre_sources,buyer_identifier_source,NONE,43636,1.0,0.0,0.0,0.0,0.0,0.0,0.0,0,,,,,0.0,,NONE,,,,,,,
buyer_compatible_environment,same_siren,36,future_36m,all_appel_offre_sources,buyer_identifier_source,RAW_SIRET_FIELD,14656,0.07157478165938864,91.60166484716157,27.0,134.0,310.0,377.0,498.0,607,10.0,113.0,,,0.0,,RAW_SIRET_FIELD,,,,,,,
buyer_compatible_environment,same_siren,60,future_60m,all_appel_offre_sources,buyer_identifier_source,NONE,43636,1.0,0.0,0.0,0.0,0.0,0.0,0.0,0,,,,,0.0,,NONE,,,,,,,
buyer_compatible_environment,same_siren,60,future_60m,all_appel_offre_sources,buyer_identifier_source,RAW_SIRET_FIELD,14656,0.06713973799126638,115.53213700873363,31.0,153.0,398.5,511.0,642.4500000000007,831,10.0,117.0,,,0.0,,RAW_SIRET_FIELD,,,,,,,
buyer_compatible_environment,same_siret,6,future_6m,all_appel_offre_sources,buyer_identifier_source,NONE,43636,1.0,0.0,0.0,0.0,0.0,0.0,0.0,0,,,,,0.0,,NONE,,,,,,,
buyer_compatible_environment,same_siret,6,future_6m,all_appel_offre_sources,buyer_identifier_source,RAW_SIRET_FIELD,14656,0.1306632096069869,22.62643286026201,8.0,33.0,67.0,99.0,133.45000000000073,207,9.0,85.0,,,0.0,,RAW_SIRET_FIELD,,,,,,,
buyer_compatible_environment,same_siret,12,future_12m,all_appel_offre_sources,buyer_identifier_source,NONE,43636,1.0,0.0,0.0,0.0,0.0,0.0,0.0,0,,,,,0.0,,NONE,,,,,,,
buyer_compatible_environment,same_siret,12,future_12m,all_appel_offre_sources,buyer_identifier_source,RAW_SIRET_FIELD,14656,0.09798034934497817,41.402292576419214,13.0,60.0,126.0,174.0,244.0,304,10.0,104.0,,,0.0,,RAW_SIRET_FIELD,,,,,,,
buyer_compatible_environment,same_siret,24,future_24m,all_appel_offre_sources,buyer_identifier_source,NONE,43636,1.0,0.0,0.0,0.0,0.0,0.0,0.0,0,,,,,0.0,,NONE,,,,,,,
buyer_compatible_environment,same_siret,24,future_24m,all_appel_offre_sources,buyer_identifier_source,RAW_SIRET_FIELD,14656,0.08324235807860263,69.13503002183405,20.0,101.0,221.0,286.0,416.0,467,11.0,114.0,,,0.0,,RAW_SIRET_FIELD,,,,,,,
buyer_compatible_environment,same_siret,36,future_36m,all_appel_offre_sources,buyer_identifier_source,NONE,43636,1.0,0.0,0.0,0.0,0.0,0.0,0.0,0,,,,,0.0,,NONE,,,,,,,
buyer_compatible_environment,same_siret,36,future_36m,all_appel_offre_sources,buyer_identifier_source,RAW_SIRET_FIELD,14656,0.07819323144104803,87.74515556768559,24.0,127.0,298.5,364.25,483.0,607,11.0,119.0,,,0.0,,RAW_SIRET_FIELD,,,,,,,
buyer_compatible_environment,same_siret,60,future_60m,all_appel_offre_sources,buyer_identifier_source,NONE,43636,1.0,0.0,0.0,0.0,0.0,0.0,0.0,0,,,,,0.0,,NONE,,,,,,,
buyer_compatible_environment,same_siret,60,future_60m,all_appel_offre_sources,buyer_identifier_source,RAW_SIRET_FIELD,14656,0.07409934497816593,110.59340884279476,27.0,145.0,387.0,495.25,634.0,831,11.0,123.0,,,0.0,,RAW_SIRET_FIELD,,,,,,,
production_candidate_environment,production_boamp_only,6,expected_end_plus_minus_6m_cap30,production_digital_appel_offre_sources,buyer_identifier_source,NONE,2446,0.580130825838103,2.1455437448896157,0.0,2.0,7.0,11.0,22.0,30,1066.0,1511.0,0.0,6.0,0.0,0.0880228597463346,NONE,,,,,,,
production_candidate_environment,production_boamp_only,6,expected_end_plus_minus_6m_cap30,production_digital_appel_offre_sources,buyer_identifier_source,RAW_SIRET_FIELD,713,0.7068723702664796,1.246844319775596,0.0,1.0,5.0,7.0,11.0,14,965.0,1540.8000000000002,0.0,4.0,0.0,0.0622265632079778,RAW_SIRET_FIELD,,,,,,,
production_candidate_environment,production_enriched,6,expected_end_plus_minus_6m_cap30,production_digital_appel_offre_sources,buyer_identifier_source,DIRECT_BOAMP_SIRET,686,0.5699708454810496,2.3192419825072887,0.0,3.0,8.0,13.0,17.0,22,1059.0,1516.8000000000002,0.0,6.0,0.0,0.0746563813771208,DIRECT_BOAMP_SIRET,,,,,,,
production_candidate_environment,production_enriched,6,expected_end_plus_minus_6m_cap30,production_digital_appel_offre_sources,buyer_identifier_source,DIRECT_BOAMP_SIRET_CONFLICT_FLAGGED,27,0.37037037037037035,2.8518518518518516,1.0,6.0,8.0,8.7,9.0,9,113.0,278.4,1.0,7.400000000000002,0.0,0.0501887898571534,DIRECT_BOAMP_SIRET_CONFLICT_FLAGGED,,,,,,,
production_candidate_environment,production_enriched,6,expected_end_plus_minus_6m_cap30,production_digital_appel_offre_sources,buyer_identifier_source,DIRECT_ENRICHMENT_NOTICE_JOIN,296,0.7837837837837838,0.7195945945945946,0.0,0.0,2.0,5.0,8.0,14,155.0,491.1000000000002,0.0,2.0,0.0,0.08829564779910046,DIRECT_ENRICHMENT_NOTICE_JOIN,,,,,,,
production_candidate_environment,production_enriched,6,expected_end_plus_minus_6m_cap30,production_digital_appel_offre_sources,buyer_identifier_source,NAME_FALLBACK,1231,0.6393176279447603,2.4516653127538586,0.0,1.0,10.0,18.0,24.0,30,926.5,1478.0,0.0,10.0,0.0,0.09526929853551575,NAME_FALLBACK,,,,,,,
production_candidate_environment,production_enriched,6,expected_end_plus_minus_6m_cap30,production_digital_appel_offre_sources,buyer_identifier_source,UNIQUE_NAME_DEPARTMENT_ALIAS,919,0.25571273122959737,3.622415669205658,2.0,5.0,9.0,13.0,17.0,21,1296.5,1554.4,2.0,8.0,0.0,0.0703561883261319,UNIQUE_NAME_DEPARTMENT_ALIAS,,,,,,,
ambient_future_environment,all_future_notices,6,future_6m,all_appel_offre_sources,buyer_key_type,NAME_FALLBACK,43636,0.0,3632.7491979099827,3672.0,3854.0,4012.0,4088.0,4307.0,4342,1.0,1.0,,,0.0,,,NAME_FALLBACK,,,,,,
ambient_future_environment,all_future_notices,6,future_6m,all_appel_offre_sources,buyer_key_type,RAW_SIRET,14656,0.0,3675.653452510917,3801.0,3986.0,4084.0,4176.0,4311.0,4339,1.0,1.0,,,0.0,,,RAW_SIRET,,,,,,
ambient_future_environment,all_future_notices,12,future_12m,all_appel_offre_sources,buyer_key_type,NAME_FALLBACK,43636,0.0,7129.807704647539,7248.0,7661.0,7797.0,7854.0,8040.0,8107,1.0,1.0,,,0.0,,,NAME_FALLBACK,,,,,,
ambient_future_environment,all_future_notices,12,future_12m,all_appel_offre_sources,buyer_key_type,RAW_SIRET,14656,0.0,7110.585425764192,7695.0,7816.0,7980.0,8031.0,8075.0,8107,1.0,1.0,,,0.0,,,RAW_SIRET,,,,,,
ambient_future_environment,all_future_notices,24,future_24m,all_appel_offre_sources,buyer_key_type,NAME_FALLBACK,43636,0.0,13767.064625538545,14707.0,15107.0,15601.0,15698.0,15785.0,15868,1.0,1.0,,,0.0,,,NAME_FALLBACK,,,,,,
ambient_future_environment,all_future_notices,24,future_24m,all_appel_offre_sources,buyer_key_type,RAW_SIRET,14656,0.0,13197.277497270743,15147.0,15653.0,15728.0,15763.0,15820.0,15868,1.0,1.0,,,0.0,,,RAW_SIRET,,,,,,
ambient_future_environment,all_future_notices,36,future_36m,all_appel_offre_sources,buyer_key_type,NAME_FALLBACK,43636,0.0,19942.48943532863,22127.0,22327.0,23261.0,23401.0,23470.0,23520,1.0,1.0,,,0.0,,,NAME_FALLBACK,,,,,,
ambient_future_environment,all_future_notices,36,future_36m,all_appel_offre_sources,buyer_key_type,RAW_SIRET,14656,0.0,17962.201692139737,22043.0,23264.0,23448.0,23469.0,23499.0,23520,1.0,1.0,,,0.0,,,RAW_SIRET,,,,,,
ambient_future_environment,all_future_notices,60,future_60m,all_appel_offre_sources,buyer_key_type,NAME_FALLBACK,43636,0.0,31209.069598496655,36622.0,37789.0,38101.0,38356.0,38530.0,38558,1.0,1.0,,,0.0,,,NAME_FALLBACK,,,,,,
ambient_future_environment,all_future_notices,60,future_60m,all_appel_offre_sources,buyer_key_type,RAW_SIRET,14656,0.0,23023.030294759825,24057.0,33712.0,37753.0,38018.0,38494.0,38558,1.0,1.0,,,0.0,,,RAW_SIRET,,,,,,
buyer_compatible_environment,alias_compatible_boamp_key,6,future_6m,all_appel_offre_sources,buyer_key_type,NAME_FALLBACK,43636,0.10970299752497938,27.4073242277019,11.0,34.0,74.0,109.0,203.0,237,7.0,66.0,,,0.0,,,NAME_FALLBACK,,,,,,
buyer_compatible_environment,alias_compatible_boamp_key,6,future_6m,all_appel_offre_sources,buyer_key_type,RAW_SIRET,14656,0.1306632096069869,22.62643286026201,8.0,33.0,67.0,99.0,133.45000000000073,207,9.0,85.0,,,0.0,,,RAW_SIRET,,,,,,
buyer_compatible_environment,alias_compatible_boamp_key,12,future_12m,all_appel_offre_sources,buyer_key_type,NAME_FALLBACK,43636,0.08458612155101293,52.15766798056651,20.0,65.0,138.0,213.0,391.0,426,8.0,82.0,,,0.0,,,NAME_FALLBACK,,,,,,
buyer_compatible_environment,alias_compatible_boamp_key,12,future_12m,all_appel_offre_sources,buyer_key_type,RAW_SIRET,14656,0.09798034934497817,41.402292576419214,13.0,60.0,126.0,174.0,244.0,304,10.0,104.0,,,0.0,,,RAW_SIRET,,,,,,
buyer_compatible_environment,alias_compatible_boamp_key,24,future_24m,all_appel_offre_sources,buyer_key_type,NAME_FALLBACK,43636,0.07150059583829865,94.87038225318544,33.0,113.0,258.0,417.0,787.0,827,8.0,91.0,,,0.0,,,NAME_FALLBACK,,,,,,
buyer_compatible_environment,alias_compatible_boamp_key,24,future_24m,all_appel_offre_sources,buyer_key_type,RAW_SIRET,14656,0.08324235807860263,69.13503002183405,20.0,101.0,221.0,286.0,416.0,467,11.0,114.0,,,0.0,,,RAW_SIRET,,,,,,
buyer_compatible_environment,alias_compatible_boamp_key,36,future_36m,all_appel_offre_sources,buyer_key_type,NAME_FALLBACK,43636,0.06742139517829315,129.36653222110183,41.0,144.0,355.0,604.0,1149.6500000000015,1212,8.0,95.0,,,0.0,,,NAME_FALLBACK,,,,,,
buyer_compatible_environment,alias_compatible_boamp_key,36,future_36m,all_appel_offre_sources,buyer_key_type,RAW_SIRET,14656,0.07819323144104803,87.74515556768559,24.0,127.0,298.5,364.25,483.0,607,11.0,119.0,,,0.0,,,RAW_SIRET,,,,,,
buyer_compatible_environment,alias_compatible_boamp_key,60,future_60m,all_appel_offre_sources,buyer_key_type,NAME_FALLBACK,43636,0.0643505362544688,178.08765698047483,49.0,189.0,498.0,833.0,1779.6500000000015,1897,8.0,97.0,,,0.0,,,NAME_FALLBACK,,,,,,
buyer_compatible_environment,alias_compatible_boamp_key,60,future_60m,all_appel_offre_sources,buyer_key_type,RAW_SIRET,14656,0.07409934497816593,110.59340884279476,27.0,145.0,387.0,495.25,634.0,831,11.0,123.0,,,0.0,,,RAW_SIRET,,,,,,
buyer_compatible_environment,alias_compatible_l2_key,6,future_6m,production_digital_appel_offre_sources,buyer_key_type,NAME_FALLBACK,2446,0.4517579721995094,1.867130008176615,1.0,3.0,6.0,8.0,13.0,18,39.0,127.0,,,0.0,,,NAME_FALLBACK,,,,,,
buyer_compatible_environment,alias_compatible_l2_key,6,future_6m,production_digital_appel_offre_sources,buyer_key_type,RAW_SIRET,713,0.4908835904628331,1.3955119214586256,1.0,2.0,4.0,6.0,9.0,12,48.0,148.8,,,0.0,,,RAW_SIRET,,,,,,
buyer_compatible_environment,alias_compatible_l2_key,12,future_12m,production_digital_appel_offre_sources,buyer_key_type,NAME_FALLBACK,2446,0.3515944399018806,3.4967293540474245,1.0,5.0,10.0,16.0,23.0,30,50.0,234.0,,,0.0,,,NAME_FALLBACK,,,,,,
buyer_compatible_environment,alias_compatible_l2_key,12,future_12m,production_digital_appel_offre_sources,buyer_key_type,RAW_SIRET,713,0.4179523141654979,2.4992987377279103,1.0,4.0,8.0,9.0,12.879999999999995,14,56.0,212.20000000000005,,,0.0,,,RAW_SIRET,,,,,,
buyer_compatible_environment,alias_compatible_l2_key,24,future_24m,production_digital_appel_offre_sources,buyer_key_type,NAME_FALLBACK,2446,0.2849550286181521,6.309893704006542,2.0,8.0,18.0,34.75,44.0,49,63.0,343.2000000000003,,,0.0,,,NAME_FALLBACK,,,,,,
buyer_compatible_environment,alias_compatible_l2_key,24,future_24m,production_digital_appel_offre_sources,buyer_key_type,RAW_SIRET,713,0.36044880785413747,4.300140252454418,1.0,7.0,14.0,16.0,21.0,23,64.0,342.5,,,0.0,,,RAW_SIRET,,,,,,
buyer_compatible_environment,alias_compatible_l2_key,36,future_36m,production_digital_appel_offre_sources,buyer_key_type,NAME_FALLBACK,2446,0.258789860997547,8.538838920686835,3.0,10.0,23.0,43.75,65.0,71,68.0,405.79999999999995,,,0.0,,,NAME_FALLBACK,,,,,,
buyer_compatible_environment,alias_compatible_l2_key,36,future_36m,production_digital_appel_offre_sources,buyer_key_type,RAW_SIRET,713,0.33099579242636745,5.694249649368864,2.0,9.0,20.0,24.0,27.0,29,70.0,438.2000000000001,,,0.0,,,RAW_SIRET,,,,,,
buyer_compatible_environment,alias_compatible_l2_key,60,future_60m,production_digital_appel_offre_sources,buyer_key_type,NAME_FALLBACK,2446,0.23753066230580538,11.807031888798038,4.0,13.75,33.0,47.0,104.0,110,71.0,499.8000000000004,,,0.0,,,NAME_FALLBACK,,,,,,
buyer_compatible_environment,alias_compatible_l2_key,60,future_60m,production_digital_appel_offre_sources,buyer_key_type,RAW_SIRET,713,0.3155680224403927,7.4305750350631135,2.0,10.0,24.800000000000068,34.39999999999998,42.0,44,73.5,514.5000000000002,,,0.0,,,RAW_SIRET,,,,,,
buyer_compatible_environment,same_normalized_name,6,future_6m,all_appel_offre_sources,buyer_key_type,NAME_FALLBACK,43636,0.0959299660830507,32.17322852690439,13.0,45.0,86.0,137.0,203.0,237,7.0,63.0,,,0.0,,,NAME_FALLBACK,,,,,,
buyer_compatible_environment,same_normalized_name,6,future_6m,all_appel_offre_sources,buyer_key_type,RAW_SIRET,14656,0.10876091703056769,30.951623908296945,12.0,48.0,87.0,121.0,178.0,206,7.0,70.0,,,0.0,,,RAW_SIRET,,,,,,
buyer_compatible_environment,same_normalized_name,12,future_12m,all_appel_offre_sources,buyer_key_type,NAME_FALLBACK,43636,0.07292144101200844,61.72942066183885,24.0,86.0,161.0,278.0,391.0,426,7.0,76.0,,,0.0,,,NAME_FALLBACK,,,,,,
buyer_compatible_environment,same_normalized_name,12,future_12m,all_appel_offre_sources,buyer_key_type,RAW_SIRET,14656,0.08467521834061136,56.31700327510917,19.0,89.0,159.0,235.0,340.0,379,7.0,85.0,,,0.0,,,RAW_SIRET,,,,,,
buyer_compatible_environment,same_normalized_name,24,future_24m,all_appel_offre_sources,buyer_key_type,NAME_FALLBACK,43636,0.06047758731322761,114.58751947932899,41.0,156.0,292.0,551.0,787.0,827,7.0,84.40000000000146,,,0.0,,,NAME_FALLBACK,,,,,,
buyer_compatible_environment,same_normalized_name,24,future_24m,all_appel_offre_sources,buyer_key_type,RAW_SIRET,14656,0.07430403930131005,94.69336790393012,28.0,143.0,282.0,363.0,621.0,712,7.0,92.0,,,0.0,,,RAW_SIRET,,,,,,
buyer_compatible_environment,same_normalized_name,36,future_36m,all_appel_offre_sources,buyer_key_type,NAME_FALLBACK,43636,0.056765056375469795,159.7423686864057,53.0,203.0,418.0,824.0,1149.6500000000015,1212,7.0,87.0,,,0.0,,,NAME_FALLBACK,,,,,,
buyer_compatible_environment,same_normalized_name,36,future_36m,all_appel_offre_sources,buyer_key_type,RAW_SIRET,14656,0.07225709606986899,119.95517194323143,32.0,169.0,371.0,491.0,842.9000000000015,996,7.0,95.0,,,0.0,,,RAW_SIRET,,,,,,
buyer_compatible_environment,same_normalized_name,60,future_60m,all_appel_offre_sources,buyer_key_type,NAME_FALLBACK,43636,0.05371711430928591,229.64946374553122,67.0,260.0,632.0,1314.0,1779.6500000000015,1897,7.0,90.0,,,0.0,,,NAME_FALLBACK,,,,,,
buyer_compatible_environment,same_normalized_name,60,future_60m,all_appel_offre_sources,buyer_key_type,RAW_SIRET,14656,0.07048307860262008,150.13134552401746,35.0,180.0,478.5,704.25,1238.9000000000015,1403,7.0,96.0,,,0.0,,,RAW_SIRET,,,,,,
buyer_compatible_environment,same_siren,6,future_6m,all_appel_offre_sources,buyer_key_type,NAME_FALLBACK,43636,1.0,0.0,0.0,0.0,0.0,0.0,0.0,0,,,,,0.0,,,NAME_FALLBACK,,,,,,
buyer_compatible_environment,same_siren,6,future_6m,all_appel_offre_sources,buyer_key_type,RAW_SIRET,14656,0.1218613537117904,23.502592794759824,9.0,34.0,69.0,100.0,133.45000000000073,207,9.0,81.0,,,0.0,,,RAW_SIRET,,,,,,
buyer_compatible_environment,same_siren,12,future_12m,all_appel_offre_sources,buyer_key_type,NAME_FALLBACK,43636,1.0,0.0,0.0,0.0,0.0,0.0,0.0,0,,,,,0.0,,,NAME_FALLBACK,,,,,,
buyer_compatible_environment,same_siren,12,future_12m,all_appel_offre_sources,buyer_key_type,RAW_SIRET,14656,0.09067958515283843,43.05840611353712,15.0,61.0,130.0,178.0,244.0,304,10.0,99.0,,,0.0,,,RAW_SIRET,,,,,,
buyer_compatible_environment,same_siren,24,future_24m,all_appel_offre_sources,buyer_key_type,NAME_FALLBACK,43636,1.0,0.0,0.0,0.0,0.0,0.0,0.0,0,,,,,0.0,,,NAME_FALLBACK,,,,,,
buyer_compatible_environment,same_siren,24,future_24m,all_appel_offre_sources,buyer_key_type,RAW_SIRET,14656,0.07648744541484716,72.02804312227074,23.0,105.0,227.0,289.0,416.0,467,10.0,110.0,,,0.0,,,RAW_SIRET,,,,,,
buyer_compatible_environment,same_siren,36,future_36m,all_appel_offre_sources,buyer_key_type,NAME_FALLBACK,43636,1.0,0.0,0.0,0.0,0.0,0.0,0.0,0,,,,,0.0,,,NAME_FALLBACK,,,,,,
buyer_compatible_environment,same_siren,36,future_36m,all_appel_offre_sources,buyer_key_type,RAW_SIRET,14656,0.07157478165938864,91.60166484716157,27.0,134.0,310.0,377.0,498.0,607,10.0,113.0,,,0.0,,,RAW_SIRET,,,,,,
buyer_compatible_environment,same_siren,60,future_60m,all_appel_offre_sources,buyer_key_type,NAME_FALLBACK,43636,1.0,0.0,0.0,0.0,0.0,0.0,0.0,0,,,,,0.0,,,NAME_FALLBACK,,,,,,
buyer_compatible_environment,same_siren,60,future_60m,all_appel_offre_sources,buyer_key_type,RAW_SIRET,14656,0.06713973799126638,115.53213700873363,31.0,153.0,398.5,511.0,642.4500000000007,831,10.0,117.0,,,0.0,,,RAW_SIRET,,,,,,
buyer_compatible_environment,same_siret,6,future_6m,all_appel_offre_sources,buyer_key_type,NAME_FALLBACK,43636,1.0,0.0,0.0,0.0,0.0,0.0,0.0,0,,,,,0.0,,,NAME_FALLBACK,,,,,,
buyer_compatible_environment,same_siret,6,future_6m,all_appel_offre_sources,buyer_key_type,RAW_SIRET,14656,0.1306632096069869,22.62643286026201,8.0,33.0,67.0,99.0,133.45000000000073,207,9.0,85.0,,,0.0,,,RAW_SIRET,,,,,,
buyer_compatible_environment,same_siret,12,future_12m,all_appel_offre_sources,buyer_key_type,NAME_FALLBACK,43636,1.0,0.0,0.0,0.0,0.0,0.0,0.0,0,,,,,0.0,,,NAME_FALLBACK,,,,,,
buyer_compatible_environment,same_siret,12,future_12m,all_appel_offre_sources,buyer_key_type,RAW_SIRET,14656,0.09798034934497817,41.402292576419214,13.0,60.0,126.0,174.0,244.0,304,10.0,104.0,,,0.0,,,RAW_SIRET,,,,,,
buyer_compatible_environment,same_siret,24,future_24m,all_appel_offre_sources,buyer_key_type,NAME_FALLBACK,43636,1.0,0.0,0.0,0.0,0.0,0.0,0.0,0,,,,,0.0,,,NAME_FALLBACK,,,,,,
buyer_compatible_environment,same_siret,24,future_24m,all_appel_offre_sources,buyer_key_type,RAW_SIRET,14656,0.08324235807860263,69.13503002183405,20.0,101.0,221.0,286.0,416.0,467,11.0,114.0,,,0.0,,,RAW_SIRET,,,,,,
buyer_compatible_environment,same_siret,36,future_36m,all_appel_offre_sources,buyer_key_type,NAME_FALLBACK,43636,1.0,0.0,0.0,0.0,0.0,0.0,0.0,0,,,,,0.0,,,NAME_FALLBACK,,,,,,
buyer_compatible_environment,same_siret,36,future_36m,all_appel_offre_sources,buyer_key_type,RAW_SIRET,14656,0.07819323144104803,87.74515556768559,24.0,127.0,298.5,364.25,483.0,607,11.0,119.0,,,0.0,,,RAW_SIRET,,,,,,
buyer_compatible_environment,same_siret,60,future_60m,all_appel_offre_sources,buyer_key_type,NAME_FALLBACK,43636,1.0,0.0,0.0,0.0,0.0,0.0,0.0,0,,,,,0.0,,,NAME_FALLBACK,,,,,,
buyer_compatible_environment,same_siret,60,future_60m,all_appel_offre_sources,buyer_key_type,RAW_SIRET,14656,0.07409934497816593,110.59340884279476,27.0,145.0,387.0,495.25,634.0,831,11.0,123.0,,,0.0,,,RAW_SIRET,,,,,,
production_candidate_environment,production_boamp_only,6,expected_end_plus_minus_6m_cap30,production_digital_appel_offre_sources,buyer_key_type,NAME_FALLBACK,2446,0.580130825838103,2.1455437448896157,0.0,2.0,7.0,11.0,22.0,30,1066.0,1511.0,0.0,6.0,0.0,0.0880228597463346,,NAME_FALLBACK,,,,,,
production_candidate_environment,production_boamp_only,6,expected_end_plus_minus_6m_cap30,production_digital_appel_offre_sources,buyer_key_type,RAW_SIRET,713,0.7068723702664796,1.246844319775596,0.0,1.0,5.0,7.0,11.0,14,965.0,1540.8000000000002,0.0,4.0,0.0,0.0622265632079778,,RAW_SIRET,,,,,,
production_candidate_environment,production_enriched,6,expected_end_plus_minus_6m_cap30,production_digital_appel_offre_sources,buyer_key_type,NAME_FALLBACK,2446,0.5126737530662305,2.6819296811120195,0.0,3.0,8.0,14.0,22.0,30,1143.5,1518.9,0.0,8.0,0.0,0.07916603020908965,,NAME_FALLBACK,,,,,,
production_candidate_environment,production_enriched,6,expected_end_plus_minus_6m_cap30,production_digital_appel_offre_sources,buyer_key_type,RAW_SIRET,713,0.5624123422159888,2.3394109396914446,0.0,3.0,8.0,12.399999999999977,17.0,22,1041.5,1511.2000000000003,0.0,7.0,0.0,0.07126080916306984,,RAW_SIRET,,,,,,
ambient_future_environment,all_future_notices,6,future_6m,all_appel_offre_sources,buyer_activity_tier,1 (single),1709,0.0,3578.2802808660035,3729.0,3912.0,4072.4,4140.6,4273.6,4333,1.0,1.0,,,0.0,,,,1 (single),,,,,
ambient_future_environment,all_future_notices,6,future_6m,all_appel_offre_sources,buyer_activity_tier,2-5,3894,0.0,3599.725988700565,3707.0,3886.0,4053.0,4123.0,4300.490000000002,4339,1.0,1.0,,,0.0,,,,2-5,,,,,
ambient_future_environment,all_future_notices,6,future_6m,all_appel_offre_sources,buyer_activity_tier,21+,45763,0.0,3650.3672617616853,3713.0,3887.0,4045.0,4113.0,4311.0,4342,1.0,1.0,,,0.0,,,,21+,,,,,
ambient_future_environment,all_future_notices,6,future_6m,all_appel_offre_sources,buyer_activity_tier,6-20,6926,0.0,3639.1351429396477,3725.0,3901.0,4058.0,4117.0,4286.75,4342,1.0,1.0,,,0.0,,,,6-20,,,,,
ambient_future_environment,all_future_notices,12,future_12m,all_appel_offre_sources,buyer_activity_tier,1 (single),1709,0.0,6850.428905792862,7514.0,7728.0,7835.0,7940.0,8043.0,8105,1.0,1.0,,,0.0,,,,1 (single),,,,,
ambient_future_environment,all_future_notices,12,future_12m,all_appel_offre_sources,buyer_activity_tier,2-5,3894,0.0,6976.710837185414,7393.0,7737.0,7848.700000000001,7978.0,8058.07,8107,1.0,1.0,,,0.0,,,,2-5,,,,,
ambient_future_environment,all_future_notices,12,future_12m,all_appel_offre_sources,buyer_activity_tier,21+,45763,0.0,7154.910823154077,7390.0,7722.0,7836.0,7962.0,8057.0,8107,1.0,1.0,,,0.0,,,,21+,,,,,
ambient_future_environment,all_future_notices,12,future_12m,all_appel_offre_sources,buyer_activity_tier,6-20,6926,0.0,7078.277505053422,7435.0,7739.0,7852.0,7972.5,8057.0,8107,1.0,1.0,,,0.0,,,,6-20,,,,,
ambient_future_environment,all_future_notices,24,future_24m,all_appel_offre_sources,buyer_activity_tier,1 (single),1709,0.0,12240.04564072557,14413.0,15195.0,15656.0,15717.0,15802.92,15857,1.0,1.0,,,0.0,,,,1 (single),,,,,
ambient_future_environment,all_future_notices,24,future_24m,all_appel_offre_sources,buyer_activity_tier,2-5,3894,0.0,12934.247303543914,14612.0,15217.0,15680.0,15728.0,15792.0,15868,1.0,1.0,,,0.0,,,,2-5,,,,,
ambient_future_environment,all_future_notices,24,future_24m,all_appel_offre_sources,buyer_activity_tier,21+,45763,0.0,13797.011297336276,14793.0,15213.0,15680.0,15728.0,15799.0,15868,1.0,1.0,,,0.0,,,,21+,,,,,
ambient_future_environment,all_future_notices,24,future_24m,all_appel_offre_sources,buyer_activity_tier,6-20,6926,0.0,13208.505053421888,14731.5,15348.0,15689.0,15734.0,15802.0,15868,1.0,1.0,,,0.0,,,,6-20,,,,,
ambient_future_environment,all_future_notices,36,future_36m,all_appel_offre_sources,buyer_activity_tier,1 (single),1709,0.0,16088.9520187244,18725.0,22193.0,23274.2,23431.2,23483.84,23514,1.0,1.0,,,0.0,,,,1 (single),,,,,
ambient_future_environment,all_future_notices,36,future_36m,all_appel_offre_sources,buyer_activity_tier,2-5,3894,0.0,17903.245762711864,21894.0,22307.75,23350.0,23445.0,23487.0,23520,1.0,1.0,,,0.0,,,,2-5,,,,,
ambient_future_environment,all_future_notices,36,future_36m,all_appel_offre_sources,buyer_activity_tier,21+,45763,0.0,19872.685182352554,22142.0,22769.0,23347.0,23440.0,23481.379999999997,23520,1.0,1.0,,,0.0,,,,21+,,,,,
ambient_future_environment,all_future_notices,36,future_36m,all_appel_offre_sources,buyer_activity_tier,6-20,6926,0.0,18310.64784868611,21996.5,22692.0,23365.5,23445.0,23484.75,23518,1.0,1.0,,,0.0,,,,6-20,,,,,
ambient_future_environment,all_future_notices,60,future_60m,all_appel_offre_sources,buyer_activity_tier,1 (single),1709,0.0,21721.495026331188,18725.0,36450.0,37724.0,37917.6,38366.6,38537,1.0,1.0,,,0.0,,,,1 (single),,,,,
ambient_future_environment,all_future_notices,60,future_60m,all_appel_offre_sources,buyer_activity_tier,2-5,3894,0.0,25707.41910631741,32291.0,36850.0,37842.0,38087.0,38462.0,38547,1.0,1.0,,,0.0,,,,2-5,,,,,
ambient_future_environment,all_future_notices,60,future_60m,all_appel_offre_sources,buyer_activity_tier,21+,45763,0.0,30165.886327382384,36521.0,37749.0,38087.0,38343.0,38529.0,38558,1.0,1.0,,,0.0,,,,21+,,,,,
ambient_future_environment,all_future_notices,60,future_60m,all_appel_offre_sources,buyer_activity_tier,6-20,6926,0.0,26213.732601790354,32677.0,36907.0,37913.0,38240.0,38526.0,38553,1.0,1.0,,,0.0,,,,6-20,,,,,
buyer_compatible_environment,alias_compatible_boamp_key,6,future_6m,all_appel_offre_sources,buyer_activity_tier,1 (single),1709,1.0,0.0,0.0,0.0,0.0,0.0,0.0,0,,,,,0.0,,,,1 (single),,,,,
buyer_compatible_environment,alias_compatible_boamp_key,6,future_6m,all_appel_offre_sources,buyer_activity_tier,2-5,3894,0.5467385721623009,0.6029789419619929,0.0,1.0,2.0,2.0,3.0,4,62.0,144.0,,,0.0,,,,2-5,,,,,
buyer_compatible_environment,alias_compatible_boamp_key,6,future_6m,all_appel_offre_sources,buyer_activity_tier,21+,45763,0.024211699407818543,33.030024255402836,17.0,44.0,85.0,112.0,202.0,237,7.0,48.0,,,0.0,,,,21+,,,,,
buyer_compatible_environment,alias_compatible_boamp_key,6,future_6m,all_appel_offre_sources,buyer_activity_tier,6-20,6926,0.25353739532197517,1.971989604389258,1.0,3.0,5.0,6.0,8.0,17,42.5,132.10000000000036,,,0.0,,,,6-20,,,,,
buyer_compatible_environment,alias_compatible_boamp_key,12,future_12m,all_appel_offre_sources,buyer_activity_tier,1 (single),1709,1.0,0.0,0.0,0.0,0.0,0.0,0.0,0,,,,,0.0,,,,1 (single),,,,,
buyer_compatible_environment,alias_compatible_boamp_key,12,future_12m,all_appel_offre_sources,buyer_activity_tier,2-5,3894,0.42604006163328195,0.8335901386748844,1.0,1.0,2.0,3.0,4.0,4,87.0,255.0,,,0.0,,,,2-5,,,,,
buyer_compatible_environment,alias_compatible_boamp_key,12,future_12m,all_appel_offre_sources,buyer_activity_tier,21+,45763,0.014334724559141665,62.45337936761139,32.0,83.0,159.0,218.0,390.0,426,7.0,52.0,,,0.0,,,,21+,,,,,
buyer_compatible_environment,alias_compatible_boamp_key,12,future_12m,all_appel_offre_sources,buyer_activity_tier,6-20,6926,0.15925498123014728,3.0961593993647125,2.0,4.0,7.0,9.0,12.0,18,53.0,197.0,,,0.0,,,,6-20,,,,,
buyer_compatible_environment,alias_compatible_boamp_key,24,future_24m,all_appel_offre_sources,buyer_activity_tier,1 (single),1709,1.0,0.0,0.0,0.0,0.0,0.0,0.0,0,,,,,0.0,,,,1 (single),,,,,
buyer_compatible_environment,alias_compatible_boamp_key,24,future_24m,all_appel_offre_sources,buyer_activity_tier,2-5,3894,0.35901386748844377,1.010015408320493,1.0,2.0,2.0,3.0,4.0,4,99.0,371.0,,,0.0,,,,2-5,,,,,
buyer_compatible_environment,alias_compatible_boamp_key,24,future_24m,all_appel_offre_sources,buyer_activity_tier,21+,45763,0.010117343705613705,111.86421344754496,53.0,146.0,278.8000000000029,418.0,785.0,827,7.0,54.0,,,0.0,,,,21+,,,,,
buyer_compatible_environment,alias_compatible_boamp_key,24,future_24m,all_appel_offre_sources,buyer_activity_tier,6-20,6926,0.11117528154779094,4.307248050822986,4.0,6.0,9.0,11.0,15.0,19,57.0,259.5,,,0.0,,,,6-20,,,,,
buyer_compatible_environment,alias_compatible_boamp_key,36,future_36m,all_appel_offre_sources,buyer_activity_tier,1 (single),1709,1.0,0.0,0.0,0.0,0.0,0.0,0.0,0,,,,,0.0,,,,1 (single),,,,,
buyer_compatible_environment,alias_compatible_boamp_key,36,future_36m,all_appel_offre_sources,buyer_activity_tier,2-5,3894,0.3310220852593734,1.0916795069337442,1.0,2.0,3.0,3.0,4.0,4,105.0,446.7999999999997,,,0.0,,,,2-5,,,,,
buyer_compatible_environment,alias_compatible_boamp_key,36,future_36m,all_appel_offre_sources,buyer_activity_tier,21+,45763,0.009396237134803226,150.6206979437537,67.0,190.0,384.0,595.0,1143.3799999999974,1212,7.0,54.0,,,0.0,,,,21+,,,,,
buyer_compatible_environment,alias_compatible_boamp_key,36,future_36m,all_appel_offre_sources,buyer_activity_tier,6-20,6926,0.09529309846953508,4.898209644816633,4.0,7.0,10.0,13.0,16.0,19,59.0,293.0,,,0.0,,,,6-20,,,,,
buyer_compatible_environment,alias_compatible_boamp_key,60,future_60m,all_appel_offre_sources,buyer_activity_tier,1 (single),1709,1.0,0.0,0.0,0.0,0.0,0.0,0.0,0,,,,,0.0,,,,1 (single),,,,,
buyer_compatible_environment,alias_compatible_boamp_key,60,future_60m,all_appel_offre_sources,buyer_activity_tier,2-5,3894,0.30328710837185413,1.182074987159733,1.0,2.0,3.0,3.0,4.0,4,110.0,610.6000000000004,,,0.0,,,,2-5,,,,,
buyer_compatible_environment,alias_compatible_boamp_key,60,future_60m,all_appel_offre_sources,buyer_activity_tier,21+,45763,0.009002906277997508,204.29834145488712,81.0,243.0,530.0,804.9000000000015,1757.0,1897,7.0,54.0,,,0.0,,,,21+,,,,,
buyer_compatible_environment,alias_compatible_boamp_key,60,future_60m,all_appel_offre_sources,buyer_activity_tier,6-20,6926,0.08547502165752238,5.483973433439215,5.0,8.0,12.0,14.0,17.0,19,60.0,316.0,,,0.0,,,,6-20,,,,,
buyer_compatible_environment,alias_compatible_l2_key,6,future_6m,production_digital_appel_offre_sources,buyer_activity_tier,1 (single),66,0.8787878787878788,0.42424242424242425,0.0,0.0,1.0,4.0,5.349999999999994,6,15.0,67.39999999999998,,,0.0,,,,1 (single),,,,,
buyer_compatible_environment,alias_compatible_l2_key,6,future_6m,production_digital_appel_offre_sources,buyer_activity_tier,2-5,160,0.84375,0.2,0.0,0.0,1.0,1.0,2.0,6,50.0,135.00000000000006,,,0.0,,,,2-5,,,,,
buyer_compatible_environment,alias_compatible_l2_key,6,future_6m,production_digital_appel_offre_sources,buyer_activity_tier,21+,2648,0.38935045317220546,2.0494712990936557,1.0,3.0,6.0,8.0,13.0,18,40.0,134.0,,,0.0,,,,21+,,,,,
buyer_compatible_environment,alias_compatible_l2_key,6,future_6m,production_digital_appel_offre_sources,buyer_activity_tier,6-20,285,0.8105263157894737,0.2631578947368421,0.0,0.0,1.0,1.0,3.0,5,42.0,141.10000000000002,,,0.0,,,,6-20,,,,,
buyer_compatible_environment,alias_compatible_l2_key,12,future_12m,production_digital_appel_offre_sources,buyer_activity_tier,1 (single),66,0.8484848484848485,0.7424242424242424,0.0,0.0,1.5,6.75,9.349999999999994,10,27.0,264.4,,,0.0,,,,1 (single),,,,,
buyer_compatible_environment,alias_compatible_l2_key,12,future_12m,production_digital_appel_offre_sources,buyer_activity_tier,2-5,160,0.8125,0.30625,0.0,0.0,1.0,1.0,3.4099999999999966,9,71.5,209.8,,,0.0,,,,2-5,,,,,
buyer_compatible_environment,alias_compatible_l2_key,12,future_12m,production_digital_appel_offre_sources,buyer_activity_tier,21+,2648,0.28512084592145015,3.825906344410876,2.0,5.0,10.0,16.0,23.0,30,51.0,226.79999999999995,,,0.0,,,,21+,,,,,
buyer_compatible_environment,alias_compatible_l2_key,12,future_12m,production_digital_appel_offre_sources,buyer_activity_tier,6-20,285,0.7614035087719299,0.3719298245614035,0.0,0.0,1.0,2.0,4.0,5,71.5,250.80000000000015,,,0.0,,,,6-20,,,,,
buyer_compatible_environment,alias_compatible_l2_key,24,future_24m,production_digital_appel_offre_sources,buyer_activity_tier,1 (single),66,0.8484848484848485,0.9393939393939394,0.0,0.0,1.5,6.75,13.799999999999955,19,27.0,264.4,,,0.0,,,,1 (single),,,,,
buyer_compatible_environment,alias_compatible_l2_key,24,future_24m,production_digital_appel_offre_sources,buyer_activity_tier,2-5,160,0.75625,0.4625,0.0,0.0,1.0,2.0,4.409999999999997,20,97.0,424.40000000000026,,,0.0,,,,2-5,,,,,
buyer_compatible_environment,alias_compatible_l2_key,24,future_24m,production_digital_appel_offre_sources,buyer_activity_tier,21+,2648,0.2212990936555891,6.878398791540786,3.0,9.0,18.0,29.0,44.0,49,60.0,328.0,,,0.0,,,,21+,,,,,
buyer_compatible_environment,alias_compatible_l2_key,24,future_24m,production_digital_appel_offre_sources,buyer_activity_tier,6-20,285,0.6701754385964912,0.5263157894736842,0.0,1.0,2.0,2.0,4.160000000000025,8,139.0,501.90000000000003,,,0.0,,,,6-20,,,,,
buyer_compatible_environment,alias_compatible_l2_key,36,future_36m,production_digital_appel_offre_sources,buyer_activity_tier,1 (single),66,0.8484848484848485,0.9696969696969697,0.0,0.0,1.5,6.75,14.499999999999943,21,27.0,264.4,,,0.0,,,,1 (single),,,,,
buyer_compatible_environment,alias_compatible_l2_key,36,future_36m,production_digital_appel_offre_sources,buyer_activity_tier,2-5,160,0.74375,0.5125,0.0,1.0,1.0,2.0,4.409999999999997,22,114.0,497.0,,,0.0,,,,2-5,,,,,
buyer_compatible_environment,alias_compatible_l2_key,36,future_36m,production_digital_appel_offre_sources,buyer_activity_tier,21+,2648,0.19373111782477342,9.297583081570997,4.0,12.0,24.0,35.0,65.0,71,65.0,388.60000000000014,,,0.0,,,,21+,,,,,
buyer_compatible_environment,alias_compatible_l2_key,36,future_36m,production_digital_appel_offre_sources,buyer_activity_tier,6-20,285,0.6350877192982456,0.631578947368421,0.0,1.0,2.0,3.0,5.0,9,164.0,709.7000000000002,,,0.0,,,,6-20,,,,,
buyer_compatible_environment,alias_compatible_l2_key,60,future_60m,production_digital_appel_offre_sources,buyer_activity_tier,1 (single),66,0.8484848484848485,0.9696969696969697,0.0,0.0,1.5,6.75,14.499999999999943,21,27.0,264.4,,,0.0,,,,1 (single),,,,,
buyer_compatible_environment,alias_compatible_l2_key,60,future_60m,production_digital_appel_offre_sources,buyer_activity_tier,2-5,160,0.725,0.5625,0.0,1.0,1.0,2.0,4.409999999999997,22,132.0,814.2000000000012,,,0.0,,,,2-5,,,,,
buyer_compatible_environment,alias_compatible_l2_key,60,future_60m,production_digital_appel_offre_sources,buyer_activity_tier,21+,2648,0.17371601208459214,12.772658610271904,5.0,16.0,34.0,46.0,103.0,110,68.0,471.5999999999999,,,0.0,,,,21+,,,,,
buyer_compatible_environment,alias_compatible_l2_key,60,future_60m,production_digital_appel_offre_sources,buyer_activity_tier,6-20,285,0.6105263157894737,0.7087719298245614,0.0,1.0,2.0,3.0,5.160000000000025,9,197.0,888.0,,,0.0,,,,6-20,,,,,
buyer_compatible_environment,same_normalized_name,6,future_6m,all_appel_offre_sources,buyer_activity_tier,1 (single),1709,0.906377998829725,0.6319485078993563,0.0,0.0,0.0,1.0,10.920000000000073,179,39.5,138.29999999999998,,,0.0,,,,1 (single),,,,,
buyer_compatible_environment,same_normalized_name,6,future_6m,all_appel_offre_sources,buyer_activity_tier,2-5,3894,0.4830508474576271,1.3667180277349769,1.0,1.0,3.0,4.0,14.0,194,51.0,139.0,,,0.0,,,,2-5,,,,,
buyer_compatible_environment,same_normalized_name,6,future_6m,all_appel_offre_sources,buyer_activity_tier,21+,45763,0.019950615125756615,39.85499202412429,21.0,55.0,105.0,145.0,202.0,237,5.0,42.0,,,0.0,,,,21+,,,,,
buyer_compatible_environment,same_normalized_name,6,future_6m,all_appel_offre_sources,buyer_activity_tier,6-20,6926,0.20747906439503322,3.9347386658966212,2.0,4.0,7.0,11.0,37.75,205,34.0,126.0,,,0.0,,,,6-20,,,,,
buyer_compatible_environment,same_normalized_name,12,future_12m,all_appel_offre_sources,buyer_activity_tier,1 (single),1709,0.8888238736102985,1.069631363370392,0.0,0.0,1.0,2.0,20.920000000000073,292,56.0,222.2,,,0.0,,,,1 (single),,,,,
buyer_compatible_environment,same_normalized_name,12,future_12m,all_appel_offre_sources,buyer_activity_tier,2-5,3894,0.3644067796610169,2.1831022085259373,1.0,2.0,3.0,6.0,25.070000000000164,344,74.0,241.5999999999999,,,0.0,,,,2-5,,,,,
buyer_compatible_environment,same_normalized_name,12,future_12m,all_appel_offre_sources,buyer_activity_tier,21+,45763,0.012368070275113083,75.6585451128641,39.0,106.0,194.0,288.0,390.0,426,5.0,44.0,,,0.0,,,,21+,,,,,
buyer_compatible_environment,same_normalized_name,12,future_12m,all_appel_offre_sources,buyer_activity_tier,6-20,6926,0.13268842044470114,6.687265376840889,3.0,6.0,12.0,18.0,64.75,353,41.0,171.0,,,0.0,,,,6-20,,,,,
buyer_compatible_environment,same_normalized_name,24,future_24m,all_appel_offre_sources,buyer_activity_tier,1 (single),1709,0.8654183733177296,1.5541252194265653,0.0,0.0,1.0,3.0,30.0,292,89.5,476.99999999999994,,,0.0,,,,1 (single),,,,,
buyer_compatible_environment,same_normalized_name,24,future_24m,all_appel_offre_sources,buyer_activity_tier,2-5,3894,0.3009758602978942,3.235747303543914,1.0,2.0,4.0,8.0,46.0,654,86.0,351.9000000000001,,,0.0,,,,2-5,,,,,
buyer_compatible_environment,same_normalized_name,24,future_24m,all_appel_offre_sources,buyer_activity_tier,21+,45763,0.009789567991608942,137.71793807224176,65.0,194.0,334.8000000000029,558.0,785.0,827,5.0,46.0,,,0.0,,,,21+,,,,,
buyer_compatible_environment,same_normalized_name,24,future_24m,all_appel_offre_sources,buyer_activity_tier,6-20,6926,0.09081721051111753,10.153768408894022,5.0,9.0,17.0,27.0,107.0,680,45.0,224.0,,,0.0,,,,6-20,,,,,
buyer_compatible_environment,same_normalized_name,36,future_36m,all_appel_offre_sources,buyer_activity_tier,1 (single),1709,0.8583967232299591,1.8232884727911058,0.0,0.0,1.0,4.0,34.600000000000364,292,99.5,589.8,,,0.0,,,,1 (single),,,,,
buyer_compatible_environment,same_normalized_name,36,future_36m,all_appel_offre_sources,buyer_activity_tier,2-5,3894,0.2755521314843349,3.8120184899845917,1.0,3.0,5.0,9.0,54.0,898,90.0,415.0,,,0.0,,,,2-5,,,,,
buyer_compatible_environment,same_normalized_name,36,future_36m,all_appel_offre_sources,buyer_activity_tier,21+,45763,0.009527347420405131,188.56287830780326,82.0,264.0,466.0,832.0,1143.3799999999974,1212,5.0,46.0,,,0.0,,,,21+,,,,,
buyer_compatible_environment,same_normalized_name,36,future_36m,all_appel_offre_sources,buyer_activity_tier,6-20,6926,0.08085475021657522,11.75541438059486,5.0,10.0,20.0,33.0,128.0,693,46.0,243.5,,,0.0,,,,6-20,,,,,
buyer_compatible_environment,same_normalized_name,60,future_60m,all_appel_offre_sources,buyer_activity_tier,1 (single),1709,0.844938560561732,2.0257460503218256,0.0,0.0,1.0,5.0,49.52000000000044,292,116.0,881.4,,,0.0,,,,1 (single),,,,,
buyer_compatible_environment,same_normalized_name,60,future_60m,all_appel_offre_sources,buyer_activity_tier,2-5,3894,0.2539804827940421,4.344889573703133,1.0,3.0,6.0,10.0,58.0,1399,94.0,512.5999999999999,,,0.0,,,,2-5,,,,,
buyer_compatible_environment,same_normalized_name,60,future_60m,all_appel_offre_sources,buyer_activity_tier,21+,45763,0.009243275134934335,264.6059480366235,105.0,345.0,684.0,1312.9000000000015,1760.0,1897,5.0,46.0,,,0.0,,,,21+,,,,,
buyer_compatible_environment,same_normalized_name,60,future_60m,all_appel_offre_sources,buyer_activity_tier,6-20,6926,0.07522379439792087,13.249494657811146,6.0,12.0,23.0,37.0,153.0,693,47.0,257.60000000000036,,,0.0,,,,6-20,,,,,
buyer_compatible_environment,same_siren,6,future_6m,all_appel_offre_sources,buyer_activity_tier,1 (single),1709,0.9842012873025161,0.21240491515506144,0.0,0.0,0.0,0.0,4.0,106,14.0,87.80000000000001,,,0.0,,,,1 (single),,,,,
buyer_compatible_environment,same_siren,6,future_6m,all_appel_offre_sources,buyer_activity_tier,2-5,3894,0.837442218798151,0.42860811504879304,0.0,0.0,1.0,2.0,6.0,119,60.0,145.80000000000007,,,0.0,,,,2-5,,,,,
buyer_compatible_environment,same_siren,6,future_6m,all_appel_offre_sources,buyer_activity_tier,21+,45763,0.7704914450538645,7.294408146319078,0.0,0.0,23.0,53.0,109.0,207,7.0,50.0,,,0.0,,,,21+,,,,,
buyer_compatible_environment,same_siren,6,future_6m,all_appel_offre_sources,buyer_activity_tier,6-20,6926,0.7535373953219752,1.242853017614785,0.0,0.0,3.0,5.0,18.0,121,37.0,128.4000000000001,,,0.0,,,,6-20,,,,,
buyer_compatible_environment,same_siren,12,future_12m,all_appel_offre_sources,buyer_activity_tier,1 (single),1709,0.981275599765945,0.3534230544177882,0.0,0.0,0.0,0.0,6.0,173,27.5,207.60000000000005,,,0.0,,,,1 (single),,,,,
buyer_compatible_environment,same_siren,12,future_12m,all_appel_offre_sources,buyer_activity_tier,2-5,3894,0.8002054442732409,0.6651258346173601,0.0,0.0,1.0,2.0,8.0,210,85.0,245.30000000000007,,,0.0,,,,2-5,,,,,
buyer_compatible_environment,same_siren,12,future_12m,all_appel_offre_sources,buyer_activity_tier,21+,45763,0.7681096081987632,13.394314183947731,0.0,0.0,42.0,97.0,208.0,304,7.0,55.0,,,0.0,,,,21+,,,,,
buyer_compatible_environment,same_siren,12,future_12m,all_appel_offre_sources,buyer_activity_tier,6-20,6926,0.7249494657811146,2.152180190586197,0.0,1.0,5.0,7.0,43.0,217,48.0,188.20000000000027,,,0.0,,,,6-20,,,,,
buyer_compatible_environment,same_siren,24,future_24m,all_appel_offre_sources,buyer_activity_tier,1 (single),1709,0.9801053247513165,0.44938560561732005,0.0,0.0,0.0,0.0,8.0,173,29.0,241.0,,,0.0,,,,1 (single),,,,,
buyer_compatible_environment,same_siren,24,future_24m,all_appel_offre_sources,buyer_activity_tier,2-5,3894,0.7806882383153569,0.9946070878274268,0.0,0.0,1.0,3.0,12.070000000000164,396,95.0,356.10000000000014,,,0.0,,,,2-5,,,,,
buyer_compatible_environment,same_siren,24,future_24m,all_appel_offre_sources,buyer_activity_tier,21+,45763,0.7673010947708848,22.44837532504425,0.0,0.0,69.0,174.0,344.3799999999974,467,7.0,56.0,,,0.0,,,,21+,,,,,
buyer_compatible_environment,same_siren,24,future_24m,all_appel_offre_sources,buyer_activity_tier,6-20,6926,0.711521801905862,3.4214553855038985,0.0,1.0,7.0,11.0,60.25,410,53.0,232.0,,,0.0,,,,6-20,,,,,
buyer_compatible_environment,same_siren,36,future_36m,all_appel_offre_sources,buyer_activity_tier,1 (single),1709,0.9801053247513165,0.5096547688706846,0.0,0.0,0.0,0.0,9.920000000000073,173,29.0,241.0,,,0.0,,,,1 (single),,,,,
buyer_compatible_environment,same_siren,36,future_36m,all_appel_offre_sources,buyer_activity_tier,2-5,3894,0.7727272727272727,1.2090395480225988,0.0,0.0,2.0,3.0,17.070000000000164,396,100.0,421.80000000000007,,,0.0,,,,2-5,,,,,
buyer_compatible_environment,same_siren,36,future_36m,all_appel_offre_sources,buyer_activity_tier,21+,45763,0.767082577628215,28.573126761794462,0.0,0.0,85.0,219.90000000000146,413.3799999999974,607,7.0,57.0,,,0.0,,,,21+,,,,,
buyer_compatible_environment,same_siren,36,future_36m,all_appel_offre_sources,buyer_activity_tier,6-20,6926,0.7070459139474444,4.236644527866012,0.0,2.0,8.0,13.0,76.0,492,55.0,256.20000000000005,,,0.0,,,,6-20,,,,,
buyer_compatible_environment,same_siren,60,future_60m,all_appel_offre_sources,buyer_activity_tier,1 (single),1709,0.9765944997074313,0.5956699824458748,0.0,0.0,0.0,0.0,10.920000000000073,173,52.0,1213.0,,,0.0,,,,1 (single),,,,,
buyer_compatible_environment,same_siren,60,future_60m,all_appel_offre_sources,buyer_activity_tier,2-5,3894,0.7645095017976374,1.4761171032357474,0.0,0.0,2.0,3.0,22.0,648,105.0,548.8,,,0.0,,,,2-5,,,,,
buyer_compatible_environment,same_siren,60,future_60m,all_appel_offre_sources,buyer_activity_tier,21+,45763,0.766951467342613,36.11441557590193,0.0,0.0,97.0,281.0,558.0,831,7.0,57.0,,,0.0,,,,21+,,,,,
buyer_compatible_environment,same_siren,60,future_60m,all_appel_offre_sources,buyer_activity_tier,6-20,6926,0.7040138608143228,4.875685821542016,0.0,2.0,9.0,14.0,84.0,646,56.0,274.0,,,0.0,,,,6-20,,,,,
buyer_compatible_environment,same_siret,6,future_6m,all_appel_offre_sources,buyer_activity_tier,1 (single),1709,1.0,0.0,0.0,0.0,0.0,0.0,0.0,0,,,,,0.0,,,,1 (single),,,,,
buyer_compatible_environment,same_siret,6,future_6m,all_appel_offre_sources,buyer_activity_tier,2-5,3894,0.8469440164355418,0.20107858243451462,0.0,0.0,1.0,1.0,2.0,4,72.5,149.0,,,0.0,,,,2-5,,,,,
buyer_compatible_environment,same_siret,6,future_6m,all_appel_offre_sources,buyer_activity_tier,21+,45763,0.7708410724821362,7.136769879597054,0.0,0.0,22.0,51.0,108.0,207,7.0,52.0,,,0.0,,,,21+,,,,,
buyer_compatible_environment,same_siret,6,future_6m,all_appel_offre_sources,buyer_activity_tier,6-20,6926,0.7606121859659255,0.6107421311002021,0.0,0.0,2.0,4.0,6.0,14,45.5,134.0,,,0.0,,,,6-20,,,,,
buyer_compatible_environment,same_siret,12,future_12m,all_appel_offre_sources,buyer_activity_tier,1 (single),1709,1.0,0.0,0.0,0.0,0.0,0.0,0.0,0,,,,,0.0,,,,1 (single),,,,,
buyer_compatible_environment,same_siret,12,future_12m,all_appel_offre_sources,buyer_activity_tier,2-5,3894,0.8084232152028762,0.26938880328710835,0.0,0.0,1.0,2.0,3.0,4,94.0,253.0,,,0.0,,,,2-5,,,,,
buyer_compatible_environment,same_siret,12,future_12m,all_appel_offre_sources,buyer_activity_tier,21+,45763,0.768437383912768,13.091711644778533,0.0,0.0,40.0,95.0,202.0,304,7.0,56.0,,,0.0,,,,21+,,,,,
buyer_compatible_environment,same_siret,12,future_12m,all_appel_offre_sources,buyer_activity_tier,6-20,6926,0.7289922032919434,0.9568293387236501,0.0,1.0,4.0,5.0,9.0,15,56.0,198.0,,,0.0,,,,6-20,,,,,
buyer_compatible_environment,same_siret,24,future_24m,all_appel_offre_sources,buyer_activity_tier,1 (single),1709,1.0,0.0,0.0,0.0,0.0,0.0,0.0,0,,,,,0.0,,,,1 (single),,,,,
buyer_compatible_environment,same_siret,24,future_24m,all_appel_offre_sources,buyer_activity_tier,2-5,3894,0.7886492039034412,0.3233179250128403,0.0,0.0,1.0,2.0,3.0,4,104.0,359.80000000000007,,,0.0,,,,2-5,,,,,
buyer_compatible_environment,same_siret,24,future_24m,all_appel_offre_sources,buyer_activity_tier,21+,45763,0.7674977601992876,21.910058344077093,0.0,0.0,66.0,171.0,340.0,467,7.0,58.100000000000364,,,0.0,,,,21+,,,,,
buyer_compatible_environment,same_siret,24,future_24m,all_appel_offre_sources,buyer_activity_tier,6-20,6926,0.7151313889691019,1.3447877562806816,0.0,1.0,5.0,8.0,12.0,18,62.0,241.79999999999995,,,0.0,,,,6-20,,,,,
buyer_compatible_environment,same_siret,36,future_36m,all_appel_offre_sources,buyer_activity_tier,1 (single),1709,1.0,0.0,0.0,0.0,0.0,0.0,0.0,0,,,,,0.0,,,,1 (single),,,,,
buyer_compatible_environment,same_siret,36,future_36m,all_appel_offre_sources,buyer_activity_tier,2-5,3894,0.7806882383153569,0.35105290190035954,0.0,0.0,1.0,2.0,3.0,4,108.0,422.10000000000014,,,0.0,,,,2-5,,,,,
buyer_compatible_environment,same_siret,36,future_36m,all_appel_offre_sources,buyer_activity_tier,21+,45763,0.7673010947708848,27.838297314424317,0.0,0.0,82.80000000000291,217.90000000000146,407.0,607,7.0,59.0,,,0.0,,,,21+,,,,,
buyer_compatible_environment,same_siret,36,future_36m,all_appel_offre_sources,buyer_activity_tier,6-20,6926,0.7102223505630956,1.5394166907305804,0.0,2.0,6.0,9.0,14.0,19,64.0,272.4000000000001,,,0.0,,,,6-20,,,,,
buyer_compatible_environment,same_siret,60,future_60m,all_appel_offre_sources,buyer_activity_tier,1 (single),1709,1.0,0.0,0.0,0.0,0.0,0.0,0.0,0,,,,,0.0,,,,1 (single),,,,,
buyer_compatible_environment,same_siret,60,future_60m,all_appel_offre_sources,buyer_activity_tier,2-5,3894,0.7727272727272727,0.3828967642526965,0.0,0.0,2.0,2.0,4.0,4,112.0,545.6000000000001,,,0.0,,,,2-5,,,,,
buyer_compatible_environment,same_siret,60,future_60m,all_appel_offre_sources,buyer_activity_tier,21+,45763,0.7671699844852828,35.126477722177306,0.0,0.0,94.0,277.0,539.0,831,7.0,59.0,,,0.0,,,,21+,,,,,
buyer_compatible_environment,same_siret,60,future_60m,all_appel_offre_sources,buyer_activity_tier,6-20,6926,0.7069015304649148,1.7142650880739243,0.0,2.0,7.0,10.0,15.0,19,65.0,293.0,,,0.0,,,,6-20,,,,,
production_candidate_environment,production_boamp_only,6,expected_end_plus_minus_6m_cap30,production_digital_appel_offre_sources,buyer_activity_tier,1 (single),66,1.0,0.0,0.0,0.0,0.0,0.0,0.0,0,,,0.0,0.0,0.0,,,,1 (single),,,,,
production_candidate_environment,production_boamp_only,6,expected_end_plus_minus_6m_cap30,production_digital_appel_offre_sources,buyer_activity_tier,2-5,160,0.93125,0.06875,0.0,0.0,0.0,1.0,1.0,1,243.0,1411.0,0.0,0.0,0.0,0.4836136662286464,,,2-5,,,,,
production_candidate_environment,production_boamp_only,6,expected_end_plus_minus_6m_cap30,production_digital_appel_offre_sources,buyer_activity_tier,21+,2648,0.5472054380664653,2.300226586102719,0.0,3.0,7.0,11.0,22.0,30,1067.0,1523.0,0.0,7.0,0.0,0.0789307012202858,,,21+,,,,,
production_candidate_environment,production_boamp_only,6,expected_end_plus_minus_6m_cap30,production_digital_appel_offre_sources,buyer_activity_tier,6-20,285,0.9087719298245615,0.12280701754385964,0.0,0.0,0.0,1.0,3.0,3,232.5,1372.5,0.0,0.0,0.0,0.3166706387392543,,,6-20,,,,,
production_candidate_environment,production_enriched,6,expected_end_plus_minus_6m_cap30,production_digital_appel_offre_sources,buyer_activity_tier,1 (single),66,0.9545454545454546,0.24242424242424243,0.0,0.0,0.0,0.0,5.549999999999926,14,97.0,865.8000000000001,0.0,0.0,0.0,0.3641836626906726,,,1 (single),,,,,
production_candidate_environment,production_enriched,6,expected_end_plus_minus_6m_cap30,production_digital_appel_offre_sources,buyer_activity_tier,2-5,160,0.90625,0.175,0.0,0.0,0.0,1.0,1.4099999999999966,13,254.0,1358.6,0.0,0.0,0.0,0.3680421223106888,,,2-5,,,,,
production_candidate_environment,production_enriched,6,expected_end_plus_minus_6m_cap30,production_digital_appel_offre_sources,buyer_activity_tier,21+,2648,0.4543051359516616,3.06797583081571,1.0,4.0,10.0,15.0,22.0,30,1137.0,1520.2000000000003,1.0,8.300000000000182,0.0,0.072829077589781,,,21+,,,,,
production_candidate_environment,production_enriched,6,expected_end_plus_minus_6m_cap30,production_digital_appel_offre_sources,buyer_activity_tier,6-20,285,0.856140350877193,0.21052631578947367,0.0,0.0,1.0,1.0,3.0,4,319.0,1482.0,0.0,1.0,0.0,0.2840646840653654,,,6-20,,,,,
ambient_future_environment,all_future_notices,6,future_6m,all_appel_offre_sources,schema_family,EFORMS,6821,0.0,3367.8028148365343,3707.0,3882.0,4081.0,4153.0,4246.0,4277,1.0,1.0,,,0.0,,,,,EFORMS,,,,
ambient_future_environment,all_future_notices,6,future_6m,all_appel_offre_sources,schema_family,LEGACY,51471,0.0,3680.076897670533,3716.0,3889.0,4045.0,4106.0,4312.0,4342,1.0,1.0,,,0.0,,,,,LEGACY,,,,
ambient_future_environment,all_future_notices,12,future_12m,all_appel_offre_sources,schema_family,EFORMS,6821,0.0,6027.235302741534,7436.0,7718.0,7784.0,7799.0,7844.0,7866,1.0,1.0,,,0.0,,,,,EFORMS,,,,
ambient_future_environment,all_future_notices,12,future_12m,all_appel_offre_sources,schema_family,LEGACY,51471,0.0,7270.448543840221,7397.0,7726.0,7852.0,7979.0,8058.0,8107,1.0,1.0,,,0.0,,,,,LEGACY,,,,
ambient_future_environment,all_future_notices,24,future_24m,all_appel_offre_sources,schema_family,EFORMS,6821,0.0,8969.00263890925,9312.0,14082.0,15157.0,15228.0,15389.600000000002,15416,1.0,1.0,,,0.0,,,,,EFORMS,,,,
ambient_future_environment,all_future_notices,24,future_24m,all_appel_offre_sources,schema_family,LEGACY,51471,0.0,14240.666860950827,14826.0,15374.0,15690.0,15735.0,15803.0,15868,1.0,1.0,,,0.0,,,,,LEGACY,,,,
ambient_future_environment,all_future_notices,36,future_36m,all_appel_offre_sources,schema_family,EFORMS,6821,0.0,9323.7924058056,9312.0,14082.0,16857.0,17849.0,18594.0,18788,1.0,1.0,,,0.0,,,,,EFORMS,,,,
ambient_future_environment,all_future_notices,36,future_36m,all_appel_offre_sources,schema_family,LEGACY,51471,0.0,20785.819374016435,22162.0,23024.0,23393.0,23446.0,23486.0,23520,1.0,1.0,,,0.0,,,,,LEGACY,,,,
ambient_future_environment,all_future_notices,60,future_60m,all_appel_offre_sources,schema_family,EFORMS,6821,0.0,9323.7924058056,9312.0,14082.0,16857.0,17849.0,18594.0,18788,1.0,1.0,,,0.0,,,,,EFORMS,,,,
ambient_future_environment,all_future_notices,60,future_60m,all_appel_offre_sources,schema_family,LEGACY,51471,0.0,31778.4170698063,36582.0,37766.5,38091.0,38349.0,38530.0,38558,1.0,1.0,,,0.0,,,,,LEGACY,,,,
buyer_compatible_environment,alias_compatible_boamp_key,6,future_6m,all_appel_offre_sources,schema_family,EFORMS,6821,0.13385134144553584,25.44993402726873,8.0,34.0,80.0,107.0,151.0,207,7.0,74.0,,,0.0,,,,,EFORMS,,,,
buyer_compatible_environment,alias_compatible_boamp_key,6,future_6m,all_appel_offre_sources,schema_family,LEGACY,51471,0.11247110023119815,26.305395271123544,11.0,34.0,71.0,105.0,199.0,237,8.0,70.0,,,0.0,,,,,LEGACY,,,,
buyer_compatible_environment,alias_compatible_boamp_key,12,future_12m,all_appel_offre_sources,schema_family,EFORMS,6821,0.10966133997947515,42.309045594487614,12.0,52.0,142.0,197.0,272.0,304,7.0,90.0,,,0.0,,,,,EFORMS,,,,
buyer_compatible_environment,alias_compatible_boamp_key,12,future_12m,all_appel_offre_sources,schema_family,LEGACY,51471,0.08507703366944493,50.40030308328962,19.0,65.0,134.0,206.0,388.0,426,8.0,88.0,,,0.0,,,,,LEGACY,,,,
buyer_compatible_environment,alias_compatible_boamp_key,24,future_24m,all_appel_offre_sources,schema_family,EFORMS,6821,0.10409030933880663,57.62747397742267,15.0,67.0,181.0,287.0,408.0,465,8.0,93.0,,,0.0,,,,,EFORMS,,,,
buyer_compatible_environment,alias_compatible_boamp_key,24,future_24m,all_appel_offre_sources,schema_family,LEGACY,51471,0.07052515008451361,92.47790017679858,32.0,116.0,251.0,403.0,782.0,827,9.0,98.0,,,0.0,,,,,LEGACY,,,,
buyer_compatible_environment,alias_compatible_boamp_key,36,future_36m,all_appel_offre_sources,schema_family,EFORMS,6821,0.10379709719982408,59.14836534232517,16.0,67.0,182.0,294.0,447.8000000000002,513,8.0,93.0,,,0.0,,,,,EFORMS,,,,
buyer_compatible_environment,alias_compatible_boamp_key,36,future_36m,all_appel_offre_sources,schema_family,LEGACY,51471,0.06566804608420275,126.82053972139651,41.0,150.0,349.0,561.0,1126.0,1212,9.0,102.0,,,0.0,,,,,LEGACY,,,,
buyer_compatible_environment,alias_compatible_boamp_key,60,future_60m,all_appel_offre_sources,schema_family,EFORMS,6821,0.10379709719982408,59.14836534232517,16.0,67.0,182.0,294.0,447.8000000000002,513,8.0,93.0,,,0.0,,,,,EFORMS,,,,
buyer_compatible_environment,alias_compatible_boamp_key,60,future_60m,all_appel_offre_sources,schema_family,LEGACY,51471,0.06189893337996153,174.6311320938004,49.0,199.0,494.0,704.5,1746.0,1897,9.0,105.0,,,0.0,,,,,LEGACY,,,,
buyer_compatible_environment,alias_compatible_l2_key,6,future_6m,production_digital_appel_offre_sources,schema_family,EFORMS,211,0.4976303317535545,1.4028436018957346,1.0,2.0,4.0,6.0,8.0,9,30.0,142.5,,,0.0,,,,,EFORMS,,,,
buyer_compatible_environment,alias_compatible_l2_key,6,future_6m,production_digital_appel_offre_sources,schema_family,LEGACY,2948,0.45793758480325647,1.7862957937584802,1.0,2.0,5.0,8.0,12.0,18,41.0,134.0,,,0.0,,,,,LEGACY,,,,
buyer_compatible_environment,alias_compatible_l2_key,12,future_12m,production_digital_appel_offre_sources,schema_family,EFORMS,211,0.4597156398104265,2.175355450236967,1.0,4.0,7.0,8.0,11.900000000000006,14,35.5,161.7,,,0.0,,,,,EFORMS,,,,
buyer_compatible_environment,alias_compatible_l2_key,12,future_12m,production_digital_appel_offre_sources,schema_family,LEGACY,2948,0.35990502035278155,3.350067842605156,1.0,5.0,10.0,14.0,23.0,30,53.0,234.0,,,0.0,,,,,LEGACY,,,,
buyer_compatible_environment,alias_compatible_l2_key,24,future_24m,production_digital_appel_offre_sources,schema_family,EFORMS,211,0.44549763033175355,2.895734597156398,1.0,4.0,9.0,13.0,18.900000000000006,21,37.0,180.0,,,0.0,,,,,EFORMS,,,,
buyer_compatible_environment,alias_compatible_l2_key,24,future_24m,production_digital_appel_offre_sources,schema_family,LEGACY,2948,0.29172320217096337,6.068181818181818,2.0,8.0,17.0,25.0,43.5300000000002,49,64.0,354.5999999999999,,,0.0,,,,,LEGACY,,,,
buyer_compatible_environment,alias_compatible_l2_key,36,future_36m,production_digital_appel_offre_sources,schema_family,EFORMS,211,0.44549763033175355,2.9004739336492893,1.0,4.0,9.0,13.0,18.900000000000006,21,37.0,180.0,,,0.0,,,,,EFORMS,,,,
buyer_compatible_environment,alias_compatible_l2_key,36,future_36m,production_digital_appel_offre_sources,schema_family,LEGACY,2948,0.2628900949796472,8.254409769335142,3.0,10.0,23.0,32.0,65.0,71,70.0,436.5999999999999,,,0.0,,,,,LEGACY,,,,
buyer_compatible_environment,alias_compatible_l2_key,60,future_60m,production_digital_appel_offre_sources,schema_family,EFORMS,211,0.44549763033175355,2.9004739336492893,1.0,4.0,9.0,13.0,18.900000000000006,21,37.0,180.0,,,0.0,,,,,EFORMS,,,,
buyer_compatible_environment,alias_compatible_l2_key,60,future_60m,production_digital_appel_offre_sources,schema_family,LEGACY,2948,0.24151967435549526,11.386024423337856,3.5,14.0,32.0,43.65000000000009,103.0,110,73.0,516.5,,,0.0,,,,,LEGACY,,,,
buyer_compatible_environment,same_normalized_name,6,future_6m,all_appel_offre_sources,schema_family,EFORMS,6821,0.13707667497434395,28.448321360504323,9.0,39.0,76.0,136.0,183.0,206,7.0,70.0,,,0.0,,,,,EFORMS,,,,
buyer_compatible_environment,same_normalized_name,6,future_6m,all_appel_offre_sources,schema_family,LEGACY,51471,0.09413067552602436,32.319014590740416,13.0,46.0,88.0,133.0,199.0,237,7.0,63.0,,,0.0,,,,,LEGACY,,,,
buyer_compatible_environment,same_normalized_name,12,future_12m,all_appel_offre_sources,schema_family,EFORMS,6821,0.11361970385573963,49.68318428382935,14.0,63.0,141.0,226.0,351.0,379,7.0,88.0,,,0.0,,,,,EFORMS,,,,
buyer_compatible_environment,same_normalized_name,12,future_12m,all_appel_offre_sources,schema_family,LEGACY,51471,0.07087486157253599,61.78465543704222,24.0,88.0,164.0,269.0,388.0,426,7.0,77.0,,,0.0,,,,,LEGACY,,,,
buyer_compatible_environment,same_normalized_name,24,future_24m,all_appel_offre_sources,schema_family,EFORMS,6821,0.10702243072863217,72.87787714411377,18.0,85.0,224.0,321.0,666.0,712,7.0,92.0,,,0.0,,,,,EFORMS,,,,
buyer_compatible_environment,same_normalized_name,24,future_24m,all_appel_offre_sources,schema_family,LEGACY,51471,0.05824639117172777,114.45021468399682,42.0,163.0,297.0,544.0,782.0,827,7.0,86.0,,,0.0,,,,,LEGACY,,,,
buyer_compatible_environment,same_normalized_name,36,future_36m,all_appel_offre_sources,schema_family,EFORMS,6821,0.10687582465914089,75.66735082832429,18.0,87.0,238.0,347.0,671.8000000000002,853,7.0,92.0,,,0.0,,,,,EFORMS,,,,
buyer_compatible_environment,same_normalized_name,36,future_36m,all_appel_offre_sources,schema_family,LEGACY,51471,0.05453556371549027,159.55497270307552,54.0,216.0,420.0,789.0,1126.0,1212,7.0,89.0,,,0.0,,,,,LEGACY,,,,
buyer_compatible_environment,same_normalized_name,60,future_60m,all_appel_offre_sources,schema_family,EFORMS,6821,0.10687582465914089,75.66735082832429,18.0,87.0,238.0,347.0,671.8000000000002,853,7.0,92.0,,,0.0,,,,,EFORMS,,,,
buyer_compatible_environment,same_normalized_name,60,future_60m,all_appel_offre_sources,schema_family,LEGACY,51471,0.05144644557129257,227.41314526626644,67.0,273.0,633.0,1170.0,1753.0,1897,7.0,91.0,,,0.0,,,,,LEGACY,,,,
buyer_compatible_environment,same_siren,6,future_6m,all_appel_offre_sources,schema_family,EFORMS,6821,0.3222401407418267,19.63260518985486,4.0,20.0,70.0,107.0,151.0,207,8.0,77.0,,,0.0,,,,,EFORMS,,,,
buyer_compatible_environment,same_siren,6,future_6m,all_appel_offre_sources,schema_family,LEGACY,51471,0.8397738532377456,4.090458704901789,0.0,0.0,7.0,32.0,82.0,144,9.0,84.0,,,0.0,,,,,LEGACY,,,,
buyer_compatible_environment,same_siren,12,future_12m,all_appel_offre_sources,schema_family,EFORMS,6821,0.30318135170796073,32.78258319894444,6.0,29.0,122.0,199.0,272.0,304,8.0,91.0,,,0.0,,,,,EFORMS,,,,
buyer_compatible_environment,same_siren,12,future_12m,all_appel_offre_sources,schema_family,LEGACY,51471,0.8334207612053389,7.916185813370636,0.0,0.0,13.0,62.0,156.0,250,10.0,104.0,,,0.0,,,,,LEGACY,,,,
buyer_compatible_environment,same_siren,24,future_24m,all_appel_offre_sources,schema_family,EFORMS,6821,0.2987831696232224,46.04794018472365,7.0,37.0,147.0,284.0,408.8000000000002,465,9.0,94.0,,,0.0,,,,,EFORMS,,,,
buyer_compatible_environment,same_siren,24,future_24m,all_appel_offre_sources,schema_family,LEGACY,51471,0.8299625031571176,14.407141885722057,0.0,0.0,22.0,115.0,275.0,467,11.0,119.0,,,0.0,,,,,LEGACY,,,,
buyer_compatible_environment,same_siren,36,future_36m,all_appel_offre_sources,schema_family,EFORMS,6821,0.29848995748423984,47.623075795337925,7.0,38.0,152.0,291.0,458.0,513,9.0,94.0,,,0.0,,,,,EFORMS,,,,
buyer_compatible_environment,same_siren,36,future_36m,all_appel_offre_sources,schema_family,LEGACY,51471,0.8286025140370306,19.7718521108974,0.0,0.0,30.0,158.0,381.0,607,11.0,126.0,,,0.0,,,,,LEGACY,,,,
buyer_compatible_environment,same_siren,60,future_60m,all_appel_offre_sources,schema_family,EFORMS,6821,0.29848995748423984,47.623075795337925,7.0,38.0,152.0,291.0,458.0,513,9.0,94.0,,,0.0,,,,,EFORMS,,,,
buyer_compatible_environment,same_siren,60,future_60m,all_appel_offre_sources,schema_family,LEGACY,51471,0.8273396669969497,26.585883312933497,0.0,0.0,36.0,204.0,544.3000000000029,831,11.0,133.0,,,0.0,,,,,LEGACY,,,,
buyer_compatible_environment,same_siret,6,future_6m,all_appel_offre_sources,schema_family,EFORMS,6821,0.33147632311977715,18.75311537897669,3.0,19.0,66.0,105.0,151.0,207,8.0,82.0,,,0.0,,,,,EFORMS,,,,
buyer_compatible_environment,same_siret,6,future_6m,all_appel_offre_sources,schema_family,LEGACY,51471,0.8410561286938276,3.9575294826212817,0.0,0.0,6.0,31.0,81.0,144,10.0,87.0,,,0.0,,,,,LEGACY,,,,
buyer_compatible_environment,same_siret,12,future_12m,all_appel_offre_sources,schema_family,EFORMS,6821,0.310218443043542,31.241460196452135,5.0,27.0,115.0,187.0,272.0,304,9.0,97.0,,,0.0,,,,,EFORMS,,,,
buyer_compatible_environment,same_siret,12,future_12m,all_appel_offre_sources,schema_family,LEGACY,51471,0.8345670377494123,7.648850809193527,0.0,0.0,12.0,62.0,155.0,250,11.0,108.0,,,0.0,,,,,LEGACY,,,,
buyer_compatible_environment,same_siret,24,future_24m,all_appel_offre_sources,schema_family,EFORMS,6821,0.3053804427503299,43.82671162586131,6.0,33.0,142.0,275.0,408.0,465,9.0,102.0,,,0.0,,,,,EFORMS,,,,
buyer_compatible_environment,same_siret,24,future_24m,all_appel_offre_sources,schema_family,LEGACY,51471,0.8310116376211848,13.877736978104176,0.0,0.0,20.0,110.0,270.0,467,11.0,123.0,,,0.0,,,,,LEGACY,,,,
buyer_compatible_environment,same_siret,36,future_36m,all_appel_offre_sources,schema_family,EFORMS,6821,0.3050872306113473,45.343204808679076,6.0,34.0,145.0,281.0,447.8000000000002,513,9.0,102.0,,,0.0,,,,,EFORMS,,,,
buyer_compatible_environment,same_siret,36,future_36m,all_appel_offre_sources,schema_family,LEGACY,51471,0.8296127916690952,18.975869907326455,0.0,0.0,27.0,150.0,366.0,607,12.0,131.0,,,0.0,,,,,LEGACY,,,,
buyer_compatible_environment,same_siret,60,future_60m,all_appel_offre_sources,schema_family,EFORMS,6821,0.3050872306113473,45.343204808679076,6.0,34.0,145.0,281.0,447.8000000000002,513,9.0,102.0,,,0.0,,,,,EFORMS,,,,
buyer_compatible_environment,same_siret,60,future_60m,all_appel_offre_sources,schema_family,LEGACY,51471,0.8284470867090206,25.48174700316683,0.0,0.0,32.0,190.0,529.0,831,12.0,139.0,,,0.0,,,,,LEGACY,,,,
production_candidate_environment,production_boamp_only,6,expected_end_plus_minus_6m_cap30,production_digital_appel_offre_sources,schema_family,EFORMS,211,0.5639810426540285,1.7630331753554502,0.0,2.0,7.0,8.0,9.900000000000006,14,85.0,242.70000000000002,0.0,6.0,0.0,0.061678641357739705,,,,EFORMS,,,,
production_candidate_environment,production_boamp_only,6,expected_end_plus_minus_6m_cap30,production_digital_appel_offre_sources,schema_family,LEGACY,2948,0.6119402985074627,1.955563093622795,0.0,2.0,6.0,10.0,22.0,30,1158.0,1527.4,0.0,6.0,0.0,0.0841898273321493,,,,LEGACY,,,,
production_candidate_environment,production_enriched,6,expected_end_plus_minus_6m_cap30,production_digital_appel_offre_sources,schema_family,EFORMS,211,0.46919431279620855,2.8578199052132702,1.0,4.0,9.0,14.5,20.700000000000017,22,75.5,251.10000000000005,1.0,8.0,0.0,0.0724076596894431,,,,EFORMS,,,,
production_candidate_environment,production_enriched,6,expected_end_plus_minus_6m_cap30,production_digital_appel_offre_sources,schema_family,LEGACY,2948,0.5278154681139756,2.5864993215739482,0.0,3.0,8.0,14.0,22.0,30,1258.5,1524.9,0.0,7.0,0.0,0.0787721837244661,,,,LEGACY,,,,
ambient_future_environment,all_future_notices,6,future_6m,all_appel_offre_sources,publication_year,2015,4362,0.0,3501.0804676753783,3493.0,3635.0,3726.0,3744.0,3804.0,3830,1.0,3.0,,,0.0,,,,,,2015.0,,,
ambient_future_environment,all_future_notices,6,future_6m,all_appel_offre_sources,publication_year,2016,4957,0.0,3556.414161791406,3566.0,3665.0,3737.0,3760.0,3817.0,3820,1.0,1.0,,,0.0,,,,,,2016.0,,,
ambient_future_environment,all_future_notices,6,future_6m,all_appel_offre_sources,publication_year,2017,5039,0.0,3589.130581464576,3595.0,3657.0,3841.0,3876.0,3889.0,3896,1.0,1.0,,,0.0,,,,,,2017.0,,,
ambient_future_environment,all_future_notices,6,future_6m,all_appel_offre_sources,publication_year,2018,5121,0.0,3704.9998047256395,3635.0,3896.0,4023.0,4051.0,4088.0,4181,1.0,1.0,,,0.0,,,,,,2018.0,,,
ambient_future_environment,all_future_notices,6,future_6m,all_appel_offre_sources,publication_year,2019,5506,0.0,3861.1541954231748,3821.0,3931.0,4248.0,4314.0,4332.0,4342,1.0,1.0,,,0.0,,,,,,2019.0,,,
ambient_future_environment,all_future_notices,6,future_6m,all_appel_offre_sources,publication_year,2020,4679,0.0,3532.394742466339,3511.0,3800.0,3854.0,3866.0,3890.0,3932,1.0,1.0,,,0.0,,,,,,2020.0,,,
ambient_future_environment,all_future_notices,6,future_6m,all_appel_offre_sources,publication_year,2021,5029,0.0,3718.3557367269837,3677.0,3840.0,3992.0,4003.0,4015.0,4096,1.0,1.0,,,0.0,,,,,,2021.0,,,
ambient_future_environment,all_future_notices,6,future_6m,all_appel_offre_sources,publication_year,2022,5106,0.0,3881.8993341167256,3876.0,4001.0,4105.0,4189.0,4227.0,4236,1.0,1.0,,,0.0,,,,,,2022.0,,,
ambient_future_environment,all_future_notices,6,future_6m,all_appel_offre_sources,publication_year,2023,5209,0.0,3996.912651180649,3997.0,4070.0,4223.0,4295.0,4333.0,4339,1.0,1.0,,,0.0,,,,,,2023.0,,,
ambient_future_environment,all_future_notices,6,future_6m,all_appel_offre_sources,publication_year,2024,5305,0.0,3850.045051837889,3802.0,4029.0,4113.0,4142.0,4174.0,4188,1.0,1.0,,,0.0,,,,,,2024.0,,,
ambient_future_environment,all_future_notices,6,future_6m,all_appel_offre_sources,publication_year,2025,5483,0.0,3739.179463797191,3723.0,3852.0,4123.0,4231.0,4269.0,4277,1.0,1.0,,,0.0,,,,,,2025.0,,,
ambient_future_environment,all_future_notices,6,future_6m,all_appel_offre_sources,publication_year,2026,2496,0.0,1752.6935096153845,1712.0,2667.0,3260.0,3462.0,3560.0,3582,1.0,1.0,,,0.0,,,,,,2026.0,,,
ambient_future_environment,all_future_notices,12,future_12m,all_appel_offre_sources,publication_year,2015,4362,0.0,7000.765474552957,6986.0,7016.0,7161.0,7181.0,7224.0,7228,1.0,3.0,,,0.0,,,,,,2015.0,,,
ambient_future_environment,all_future_notices,12,future_12m,all_appel_offre_sources,publication_year,2016,4957,0.0,7135.573330643534,7157.0,7191.0,7214.0,7222.0,7241.399999999996,7278,1.0,1.0,,,0.0,,,,,,2016.0,,,
ambient_future_environment,all_future_notices,12,future_12m,all_appel_offre_sources,publication_year,2017,5039,0.0,7149.581464576305,7142.0,7179.0,7212.0,7226.0,7240.0,7245,1.0,1.0,,,0.0,,,,,,2017.0,,,
ambient_future_environment,all_future_notices,12,future_12m,all_appel_offre_sources,publication_year,2018,5121,0.0,7570.290763522749,7606.0,7766.0,7797.0,7808.0,7824.0,7838,1.0,1.0,,,0.0,,,,,,2018.0,,,
ambient_future_environment,all_future_notices,12,future_12m,all_appel_offre_sources,publication_year,2019,5506,0.0,7431.958227388303,7460.0,7748.0,7824.0,7835.0,7846.0,7861,1.0,1.0,,,0.0,,,,,,2019.0,,,
ambient_future_environment,all_future_notices,12,future_12m,all_appel_offre_sources,publication_year,2020,4679,0.0,7179.079290446677,7165.0,7365.0,7409.0,7423.0,7436.0,7451,1.0,1.0,,,0.0,,,,,,2020.0,,,
ambient_future_environment,all_future_notices,12,future_12m,all_appel_offre_sources,publication_year,2021,5029,0.0,7513.300457347385,7539.0,7590.0,7658.0,7682.0,7724.0,7734,1.0,1.0,,,0.0,,,,,,2021.0,,,
ambient_future_environment,all_future_notices,12,future_12m,all_appel_offre_sources,publication_year,2022,5106,0.0,7854.969251860556,7812.0,7991.0,8042.0,8055.0,8075.0,8091,1.0,1.0,,,0.0,,,,,,2022.0,,,
ambient_future_environment,all_future_notices,12,future_12m,all_appel_offre_sources,publication_year,2023,5209,0.0,7837.1597235553845,7867.0,7973.0,8036.0,8063.0,8090.0,8107,1.0,1.0,,,0.0,,,,,,2023.0,,,
ambient_future_environment,all_future_notices,12,future_12m,all_appel_offre_sources,publication_year,2024,5305,0.0,7732.187935909519,7734.0,7785.0,7823.200000000003,7839.0,7860.0,7866,1.0,1.0,,,0.0,,,,,,2024.0,,,
ambient_future_environment,all_future_notices,12,future_12m,all_appel_offre_sources,publication_year,2025,5483,0.0,6565.93452489513,7112.0,7490.5,7670.0,7729.0,7764.0,7815,1.0,1.0,,,0.0,,,,,,2025.0,,,
ambient_future_environment,all_future_notices,12,future_12m,all_appel_offre_sources,publication_year,2026,2496,0.0,1754.5180288461538,1712.0,2667.0,3260.0,3462.0,3653.0,3717,1.0,1.0,,,0.0,,,,,,2026.0,,,
ambient_future_environment,all_future_notices,24,future_24m,all_appel_offre_sources,publication_year,2015,4362,0.0,14180.299403943145,14170.0,14207.0,14258.0,14275.0,14300.0,14312,1.0,3.0,,,0.0,,,,,,2015.0,,,
ambient_future_environment,all_future_notices,24,future_24m,all_appel_offre_sources,publication_year,2016,4957,0.0,14307.085737341135,14312.0,14354.0,14401.0,14415.0,14448.0,14484,1.0,1.0,,,0.0,,,,,,2016.0,,,
ambient_future_environment,all_future_notices,24,future_24m,all_appel_offre_sources,publication_year,2017,5039,0.0,14738.639214129787,14740.0,14925.0,14976.0,15000.0,15058.0,15076,1.0,1.0,,,0.0,,,,,,2017.0,,,
ambient_future_environment,all_future_notices,24,future_24m,all_appel_offre_sources,publication_year,2018,5121,0.0,15013.929701230229,15027.0,15116.0,15189.0,15213.0,15254.8,15273,1.0,1.0,,,0.0,,,,,,2018.0,,,
ambient_future_environment,all_future_notices,24,future_24m,all_appel_offre_sources,publication_year,2019,5506,0.0,14621.018343625135,14618.0,14755.0,14818.0,14851.0,14895.0,14925,1.0,1.0,,,0.0,,,,,,2019.0,,,
ambient_future_environment,all_future_notices,24,future_24m,all_appel_offre_sources,publication_year,2020,4679,0.0,14717.477879888866,14726.0,14979.0,15089.0,15100.0,15129.0,15143,1.0,1.0,,,0.0,,,,,,2020.0,,,
ambient_future_environment,all_future_notices,24,future_24m,all_appel_offre_sources,publication_year,2021,5029,0.0,15390.682441837344,15352.0,15601.0,15721.0,15763.0,15819.0,15826,1.0,1.0,,,0.0,,,,,,2021.0,,,
ambient_future_environment,all_future_notices,24,future_24m,all_appel_offre_sources,publication_year,2022,5106,0.0,15715.093027810419,15719.0,15760.0,15799.0,15820.0,15851.0,15868,1.0,1.0,,,0.0,,,,,,2022.0,,,
ambient_future_environment,all_future_notices,24,future_24m,all_appel_offre_sources,publication_year,2023,5209,0.0,15589.090228450757,15624.0,15687.0,15716.0,15733.0,15758.0,15766,1.0,1.0,,,0.0,,,,,,2023.0,,,
ambient_future_environment,all_future_notices,24,future_24m,all_appel_offre_sources,publication_year,2024,5305,0.0,14287.978699340245,14866.0,15180.0,15324.0,15374.0,15406.0,15416,1.0,1.0,,,0.0,,,,,,2024.0,,,
ambient_future_environment,all_future_notices,24,future_24m,all_appel_offre_sources,publication_year,2025,5483,0.0,7631.208462520518,7676.0,9519.0,10676.0,11083.0,11389.0,11522,1.0,1.0,,,0.0,,,,,,2025.0,,,
ambient_future_environment,all_future_notices,24,future_24m,all_appel_offre_sources,publication_year,2026,2496,0.0,1754.5180288461538,1712.0,2667.0,3260.0,3462.0,3653.0,3717,1.0,1.0,,,0.0,,,,,,2026.0,,,
ambient_future_environment,all_future_notices,36,future_36m,all_appel_offre_sources,publication_year,2015,4362,0.0,21327.414488766623,21317.0,21362.0,21439.0,21466.0,21509.0,21546,1.0,3.0,,,0.0,,,,,,2015.0,,,
ambient_future_environment,all_future_notices,36,future_36m,all_appel_offre_sources,publication_year,2016,4957,0.0,21877.430098850113,21912.0,22092.0,22179.0,22193.0,22221.0,22243,1.0,1.0,,,0.0,,,,,,2016.0,,,
ambient_future_environment,all_future_notices,36,future_36m,all_appel_offre_sources,publication_year,2017,5039,0.0,22164.6072633459,22171.0,22274.0,22346.0,22398.0,22440.0,22445,1.0,1.0,,,0.0,,,,,,2017.0,,,
ambient_future_environment,all_future_notices,36,future_36m,all_appel_offre_sources,publication_year,2018,5121,0.0,22186.787150947082,22202.0,22235.0,22265.0,22281.0,22303.0,22327,1.0,1.0,,,0.0,,,,,,2018.0,,,
ambient_future_environment,all_future_notices,36,future_36m,all_appel_offre_sources,publication_year,2019,5506,0.0,22132.76861605521,22144.0,22177.0,22208.0,22228.0,22266.0,22311,1.0,1.0,,,0.0,,,,,,2019.0,,,
ambient_future_environment,all_future_notices,36,future_36m,all_appel_offre_sources,publication_year,2020,4679,0.0,22577.089976490704,22536.0,22973.0,23130.0,23156.0,23182.0,23190,1.0,1.0,,,0.0,,,,,,2020.0,,,
ambient_future_environment,all_future_notices,36,future_36m,all_appel_offre_sources,publication_year,2021,5029,0.0,23230.397096838336,23229.0,23297.0,23331.0,23353.0,23396.0,23427,1.0,1.0,,,0.0,,,,,,2021.0,,,
ambient_future_environment,all_future_notices,36,future_36m,all_appel_offre_sources,publication_year,2022,5106,0.0,23446.42812377595,23446.0,23468.0,23486.0,23498.0,23513.0,23520,1.0,1.0,,,0.0,,,,,,2022.0,,,
ambient_future_environment,all_future_notices,36,future_36m,all_appel_offre_sources,publication_year,2023,5209,0.0,22120.144941447496,22728.0,23195.0,23339.0,23375.0,23421.0,23448,1.0,1.0,,,0.0,,,,,,2023.0,,,
ambient_future_environment,all_future_notices,36,future_36m,all_appel_offre_sources,publication_year,2024,5305,0.0,15304.904052780395,15365.0,17149.0,18235.00000000001,18594.0,18944.0,19067,1.0,1.0,,,0.0,,,,,,2024.0,,,
ambient_future_environment,all_future_notices,36,future_36m,all_appel_offre_sources,publication_year,2025,5483,0.0,7631.208462520518,7676.0,9519.0,10676.0,11083.0,11389.0,11522,1.0,1.0,,,0.0,,,,,,2025.0,,,
ambient_future_environment,all_future_notices,36,future_36m,all_appel_offre_sources,publication_year,2026,2496,0.0,1754.5180288461538,1712.0,2667.0,3260.0,3462.0,3653.0,3717,1.0,1.0,,,0.0,,,,,,2026.0,,,
ambient_future_environment,all_future_notices,60,future_60m,all_appel_offre_sources,publication_year,2015,4362,0.0,36313.81017881705,36252.0,36482.25,36596.0,36622.0,36646.0,36673,1.0,3.0,,,0.0,,,,,,2015.0,,,
ambient_future_environment,all_future_notices,60,future_60m,all_appel_offre_sources,publication_year,2016,4957,0.0,36472.46661287069,36488.0,36582.0,36615.0,36621.0,36640.0,36660,1.0,1.0,,,0.0,,,,,,2016.0,,,
ambient_future_environment,all_future_notices,60,future_60m,all_appel_offre_sources,publication_year,2017,5039,0.0,36849.54673546339,36871.0,36933.0,37056.0,37096.0,37153.0,37186,1.0,1.0,,,0.0,,,,,,2017.0,,,
ambient_future_environment,all_future_notices,60,future_60m,all_appel_offre_sources,publication_year,2018,5121,0.0,37559.32024995118,37532.0,37812.0,37923.0,37971.0,38009.0,38065,1.0,1.0,,,0.0,,,,,,2018.0,,,
ambient_future_environment,all_future_notices,60,future_60m,all_appel_offre_sources,publication_year,2019,5506,0.0,37831.61096985107,37823.0,37902.0,37969.0,37989.0,38073.0,38093,1.0,1.0,,,0.0,,,,,,2019.0,,,
ambient_future_environment,all_future_notices,60,future_60m,all_appel_offre_sources,publication_year,2020,4679,0.0,38143.07950416756,38149.0,38438.0,38527.0,38537.0,38545.0,38558,1.0,1.0,,,0.0,,,,,,2020.0,,,
ambient_future_environment,all_future_notices,60,future_60m,all_appel_offre_sources,publication_year,2021,5029,0.0,37531.671902962815,38089.0,38331.0,38501.0,38518.0,38536.0,38549,1.0,1.0,,,0.0,,,,,,2021.0,,,
ambient_future_environment,all_future_notices,60,future_60m,all_appel_offre_sources,publication_year,2022,5106,0.0,31066.81981981982,31130.0,32998.0,34033.0,34393.0,34760.0,34874,1.0,1.0,,,0.0,,,,,,2022.0,,,
ambient_future_environment,all_future_notices,60,future_60m,all_appel_offre_sources,publication_year,2023,5209,0.0,23129.871952390095,23174.0,25098.0,26274.0,26689.0,27055.0,27163,1.0,1.0,,,0.0,,,,,,2023.0,,,
ambient_future_environment,all_future_notices,60,future_60m,all_appel_offre_sources,publication_year,2024,5305,0.0,15304.904052780395,15365.0,17149.0,18235.00000000001,18594.0,18944.0,19067,1.0,1.0,,,0.0,,,,,,2024.0,,,
ambient_future_environment,all_future_notices,60,future_60m,all_appel_offre_sources,publication_year,2025,5483,0.0,7631.208462520518,7676.0,9519.0,10676.0,11083.0,11389.0,11522,1.0,1.0,,,0.0,,,,,,2025.0,,,
ambient_future_environment,all_future_notices,60,future_60m,all_appel_offre_sources,publication_year,2026,2496,0.0,1754.5180288461538,1712.0,2667.0,3260.0,3462.0,3653.0,3717,1.0,1.0,,,0.0,,,,,,2026.0,,,
buyer_compatible_environment,alias_compatible_boamp_key,6,future_6m,all_appel_offre_sources,publication_year,2015,4362,0.10797799174690509,26.5259055479138,12.0,37.0,69.0,94.94999999999982,171.39000000000033,209,7.0,68.0,,,0.0,,,,,,2015.0,,,
buyer_compatible_environment,alias_compatible_boamp_key,6,future_6m,all_appel_offre_sources,publication_year,2016,4957,0.09158765382287674,29.81904377647771,11.0,38.0,72.0,163.0,214.0,222,8.0,73.0,,,0.0,,,,,,2016.0,,,
buyer_compatible_environment,alias_compatible_boamp_key,6,future_6m,all_appel_offre_sources,publication_year,2017,5039,0.08612820003969042,31.137725739233975,15.0,39.0,72.0,163.0,216.0,230,7.0,69.0,,,0.0,,,,,,2017.0,,,
buyer_compatible_environment,alias_compatible_boamp_key,6,future_6m,all_appel_offre_sources,publication_year,2018,5121,0.08670181605155243,35.81976176528022,16.0,42.0,98.0,193.0,225.0,235,7.0,66.0,,,0.0,,,,,,2018.0,,,
buyer_compatible_environment,alias_compatible_boamp_key,6,future_6m,all_appel_offre_sources,publication_year,2019,5506,0.07918634217217581,33.02960406828914,16.0,46.0,84.0,133.0,204.7499999999991,237,7.0,62.0,,,0.0,,,,,,2019.0,,,
buyer_compatible_environment,alias_compatible_boamp_key,6,future_6m,all_appel_offre_sources,publication_year,2020,4679,0.069245565291729,31.279119469972215,16.0,41.0,93.0,121.0,180.0,189,7.0,61.0,,,0.0,,,,,,2020.0,,,
buyer_compatible_environment,alias_compatible_boamp_key,6,future_6m,all_appel_offre_sources,publication_year,2021,5029,0.09127063034400477,24.51978524557566,12.0,33.0,67.0,98.0,146.0,187,7.0,67.0,,,0.0,,,,,,2021.0,,,
buyer_compatible_environment,alias_compatible_boamp_key,6,future_6m,all_appel_offre_sources,publication_year,2022,5106,0.11261261261261261,22.02056404230317,8.0,30.0,73.0,98.0,112.0,123,10.0,78.0,,,0.0,,,,,,2022.0,,,
buyer_compatible_environment,alias_compatible_boamp_key,6,future_6m,all_appel_offre_sources,publication_year,2023,5209,0.12881551161451335,20.15070071030908,7.0,25.0,65.0,89.0,118.92000000000007,144,10.0,77.0,,,0.0,,,,,,2023.0,,,
buyer_compatible_environment,alias_compatible_boamp_key,6,future_6m,all_appel_offre_sources,publication_year,2024,5305,0.1704052780395853,21.09990574929312,6.0,24.0,66.60000000000036,104.0,157.0,207,10.0,84.0,,,0.0,,,,,,2024.0,,,
buyer_compatible_environment,alias_compatible_boamp_key,6,future_6m,all_appel_offre_sources,publication_year,2025,5483,0.16195513405070217,21.11015867225971,7.0,28.0,67.0,98.0,111.0,119,9.0,81.0,,,0.0,,,,,,2025.0,,,
buyer_compatible_environment,alias_compatible_boamp_key,6,future_6m,all_appel_offre_sources,publication_year,2026,2496,0.25721153846153844,10.854967948717949,3.0,13.0,35.0,50.0,81.05000000000018,103,7.0,49.0,,,0.0,,,,,,2026.0,,,
buyer_compatible_environment,alias_compatible_boamp_key,12,future_12m,all_appel_offre_sources,publication_year,2015,4362,0.07634112792297111,52.55066483264557,22.0,70.0,130.0,192.0,366.0,373,8.0,91.0,,,0.0,,,,,,2015.0,,,
buyer_compatible_environment,alias_compatible_boamp_key,12,future_12m,all_appel_offre_sources,publication_year,2016,4957,0.06758119830542667,57.434133548517245,21.0,72.0,131.0,374.1999999999998,387.0,392,8.0,87.0,,,0.0,,,,,,2016.0,,,
buyer_compatible_environment,alias_compatible_boamp_key,12,future_12m,all_appel_offre_sources,publication_year,2017,5039,0.06112323873784481,62.04346100416749,28.0,78.0,133.0,372.0,412.0,425,7.0,86.0,,,0.0,,,,,,2017.0,,,
buyer_compatible_environment,alias_compatible_boamp_key,12,future_12m,all_appel_offre_sources,publication_year,2018,5121,0.05819175942198789,70.6108181995704,30.0,82.0,206.0,392.0,421.0,426,7.0,83.0,,,0.0,,,,,,2018.0,,,
buyer_compatible_environment,alias_compatible_boamp_key,12,future_12m,all_appel_offre_sources,publication_year,2019,5506,0.053577915001816204,62.650926262259354,30.0,87.0,169.5,228.0,378.0,393,7.0,77.0,,,0.0,,,,,,2019.0,,,
buyer_compatible_environment,alias_compatible_boamp_key,12,future_12m,all_appel_offre_sources,publication_year,2020,4679,0.04210301346441547,61.42573199401581,32.0,78.0,192.0,240.0,322.4400000000005,332,7.0,81.0,,,0.0,,,,,,2020.0,,,
buyer_compatible_environment,alias_compatible_boamp_key,12,future_12m,all_appel_offre_sources,publication_year,2021,5029,0.06959634122091868,44.10101411811493,19.0,61.0,119.19999999999982,171.0,265.0,286,8.0,82.0,,,0.0,,,,,,2021.0,,,
buyer_compatible_environment,alias_compatible_boamp_key,12,future_12m,all_appel_offre_sources,publication_year,2022,5106,0.07579318448883667,43.80141010575793,16.0,64.0,144.0,198.0,218.0,245,11.0,100.19999999999982,,,0.0,,,,,,2022.0,,,
buyer_compatible_environment,alias_compatible_boamp_key,12,future_12m,all_appel_offre_sources,publication_year,2023,5209,0.10347475523133039,34.885390669994244,11.0,42.0,109.0,153.0,239.0,250,10.0,92.0,,,0.0,,,,,,2023.0,,,
buyer_compatible_environment,alias_compatible_boamp_key,12,future_12m,all_appel_offre_sources,publication_year,2024,5305,0.1353440150801131,39.11272384542884,11.0,47.0,130.0,195.80000000000018,274.0,304,11.0,106.0,,,0.0,,,,,,2024.0,,,
buyer_compatible_environment,alias_compatible_boamp_key,12,future_12m,all_appel_offre_sources,publication_year,2025,5483,0.13222688309319716,36.55973007477658,11.0,48.0,125.0,152.89999999999964,208.1800000000003,222,10.0,98.30000000000018,,,0.0,,,,,,2025.0,,,
buyer_compatible_environment,alias_compatible_boamp_key,12,future_12m,all_appel_offre_sources,publication_year,2026,2496,0.25721153846153844,10.862580128205128,3.0,13.0,35.0,50.0,81.05000000000018,107,7.0,49.0,,,0.0,,,,,,2026.0,,,
buyer_compatible_environment,alias_compatible_boamp_key,24,future_24m,all_appel_offre_sources,publication_year,2015,4362,0.05937643282897753,100.88033012379643,39.0,128.0,250.9000000000001,401.0,743.0,759,8.0,103.0,,,0.0,,,,,,2015.0,,,
buyer_compatible_environment,alias_compatible_boamp_key,24,future_24m,all_appel_offre_sources,publication_year,2016,4957,0.05184587452087956,112.1400040346984,38.0,138.0,243.0,761.0,789.4399999999996,808,9.0,98.0,,,0.0,,,,,,2016.0,,,
buyer_compatible_environment,alias_compatible_boamp_key,24,future_24m,all_appel_offre_sources,publication_year,2017,5039,0.04743004564397698,124.60885096249255,53.0,143.0,287.0,790.0999999999995,815.0,827,8.0,96.10000000000036,,,0.0,,,,,,2017.0,,,
buyer_compatible_environment,alias_compatible_boamp_key,24,future_24m,all_appel_offre_sources,publication_year,2018,5121,0.0466705721538762,134.14801796524117,54.0,175.0,411.0,702.0,796.0,815,7.0,90.90000000000055,,,0.0,,,,,,2018.0,,,
buyer_compatible_environment,alias_compatible_boamp_key,24,future_24m,all_appel_offre_sources,publication_year,2019,5506,0.03995641118779513,119.2266618234653,57.0,164.0,317.5,428.0,683.0,703,7.0,85.0,,,0.0,,,,,,2019.0,,,
buyer_compatible_environment,alias_compatible_boamp_key,24,future_24m,all_appel_offre_sources,publication_year,2020,4679,0.027569993588373583,107.39346014105578,55.0,147.0,283.1999999999998,412.09999999999945,572.0,592,7.0,94.0,,,0.0,,,,,,2020.0,,,
buyer_compatible_environment,alias_compatible_boamp_key,24,future_24m,all_appel_offre_sources,publication_year,2021,5029,0.056074766355140186,79.24557566116525,31.0,101.0,237.19999999999982,349.0,475.72000000000025,504,8.0,91.0,,,0.0,,,,,,2021.0,,,
buyer_compatible_environment,alias_compatible_boamp_key,24,future_24m,all_appel_offre_sources,publication_year,2022,5106,0.0536623580101841,77.78084606345476,26.0,98.0,250.5,360.75,435.0,467,12.0,119.0,,,0.0,,,,,,2022.0,,,
buyer_compatible_environment,alias_compatible_boamp_key,24,future_24m,all_appel_offre_sources,publication_year,2023,5209,0.08715684392397773,52.7475523133039,16.0,68.0,160.0,269.0,341.84000000000015,396,11.0,104.0,,,0.0,,,,,,2023.0,,,
buyer_compatible_environment,alias_compatible_boamp_key,24,future_24m,all_appel_offre_sources,publication_year,2024,5305,0.12007540056550424,66.77323279924599,18.0,79.0,243.0,336.8000000000002,420.0,465,11.0,120.30000000000018,,,0.0,,,,,,2024.0,,,
buyer_compatible_environment,alias_compatible_boamp_key,24,future_24m,all_appel_offre_sources,publication_year,2025,5483,0.12912639066204631,42.216852088272844,12.0,56.0,139.0,185.0,265.1800000000003,313,10.0,101.0,,,0.0,,,,,,2025.0,,,
buyer_compatible_environment,alias_compatible_boamp_key,24,future_24m,all_appel_offre_sources,publication_year,2026,2496,0.25721153846153844,10.862580128205128,3.0,13.0,35.0,50.0,81.05000000000018,107,7.0,49.0,,,0.0,,,,,,2026.0,,,
buyer_compatible_environment,alias_compatible_boamp_key,36,future_36m,all_appel_offre_sources,publication_year,2015,4362,0.051811095827602016,147.08849151765244,50.0,183.75,359.9000000000001,613.0,1152.0,1174,8.0,109.0,,,0.0,,,,,,2015.0,,,
buyer_compatible_environment,alias_compatible_boamp_key,36,future_36m,all_appel_offre_sources,publication_year,2016,4957,0.04720597135364132,166.39741779301997,54.0,190.0,391.0,1180.0,1199.0,1212,9.0,101.0,,,0.0,,,,,,2016.0,,,
buyer_compatible_environment,alias_compatible_boamp_key,36,future_36m,all_appel_offre_sources,publication_year,2017,5039,0.04346100416749355,180.15618178209962,71.0,206.0,423.1999999999998,1112.0999999999995,1179.0,1198,8.0,99.0,,,0.0,,,,,,2017.0,,,
buyer_compatible_environment,alias_compatible_boamp_key,36,future_36m,all_appel_offre_sources,publication_year,2018,5121,0.04237453622339387,191.6207771919547,74.0,253.0,604.0,1002.0,1101.8000000000002,1119,8.0,93.69999999999982,,,0.0,,,,,,2018.0,,,
buyer_compatible_environment,alias_compatible_boamp_key,36,future_36m,all_appel_offre_sources,publication_year,2019,5506,0.034144569560479475,162.70686523792227,73.0,227.0,413.0,590.0,948.0,987,7.0,89.0,,,0.0,,,,,,2019.0,,,
buyer_compatible_environment,alias_compatible_boamp_key,36,future_36m,all_appel_offre_sources,publication_year,2020,4679,0.024577901260953196,144.07779440051294,69.0,200.0,402.0,539.0999999999995,786.4400000000005,812,8.0,96.0,,,0.0,,,,,,2020.0,,,
buyer_compatible_environment,alias_compatible_boamp_key,36,future_36m,all_appel_offre_sources,publication_year,2021,5029,0.04951282561145357,106.16066812487573,40.0,130.0,314.1999999999998,548.5999999999995,669.0,707,8.0,95.0,,,0.0,,,,,,2021.0,,,
buyer_compatible_environment,alias_compatible_boamp_key,36,future_36m,all_appel_offre_sources,publication_year,2022,5106,0.0481786133960047,94.9557383470427,31.0,124.0,320.0,427.5,539.0,572,12.0,125.0,,,0.0,,,,,,2022.0,,,
buyer_compatible_environment,alias_compatible_boamp_key,36,future_36m,all_appel_offre_sources,publication_year,2023,5209,0.0800537531196007,67.66212324822423,20.0,81.0,193.0,364.0,477.0,499,11.0,109.0,,,0.0,,,,,,2023.0,,,
buyer_compatible_environment,alias_compatible_boamp_key,36,future_36m,all_appel_offre_sources,publication_year,2024,5305,0.11819038642789821,70.82601319509897,19.0,80.0,254.0,340.8000000000002,459.96000000000004,513,11.0,122.0,,,0.0,,,,,,2024.0,,,
buyer_compatible_environment,alias_compatible_boamp_key,36,future_36m,all_appel_offre_sources,publication_year,2025,5483,0.12912639066204631,42.216852088272844,12.0,56.0,139.0,185.0,265.1800000000003,313,10.0,101.0,,,0.0,,,,,,2025.0,,,
buyer_compatible_environment,alias_compatible_boamp_key,36,future_36m,all_appel_offre_sources,publication_year,2026,2496,0.25721153846153844,10.862580128205128,3.0,13.0,35.0,50.0,81.05000000000018,107,7.0,49.0,,,0.0,,,,,,2026.0,,,
buyer_compatible_environment,alias_compatible_boamp_key,60,future_60m,all_appel_offre_sources,publication_year,2015,4362,0.04562127464465841,232.46354883081156,68.0,273.0,617.0,1044.0,1882.0,1897,9.0,117.0,,,0.0,,,,,,2015.0,,,
buyer_compatible_environment,alias_compatible_boamp_key,60,future_60m,all_appel_offre_sources,publication_year,2016,4957,0.04196086342545895,258.1700625378253,77.0,298.0,636.4000000000005,1791.0,1871.0,1880,9.0,105.0,,,0.0,,,,,,2016.0,,,
buyer_compatible_environment,alias_compatible_boamp_key,60,future_60m,all_appel_offre_sources,publication_year,2017,5039,0.03849970232188926,269.27763445128,94.0,328.5,689.0,1623.0999999999995,1751.0,1779,8.0,103.0,,,0.0,,,,,,2017.0,,,
buyer_compatible_environment,alias_compatible_boamp_key,60,future_60m,all_appel_offre_sources,publication_year,2018,5121,0.03710212849052919,270.4022651825815,97.0,403.0,694.0,1431.0,1581.0,1617,8.0,98.0,,,0.0,,,,,,2018.0,,,
buyer_compatible_environment,alias_compatible_boamp_key,60,future_60m,all_appel_offre_sources,publication_year,2019,5506,0.02996730839084635,223.83962949509626,91.0,321.0,567.5,812.0,1351.749999999999,1408,7.0,94.0,,,0.0,,,,,,2019.0,,,
buyer_compatible_environment,alias_compatible_boamp_key,60,future_60m,all_appel_offre_sources,publication_year,2020,4679,0.021372088053002777,188.3466552682197,85.0,256.0,478.0,784.4999999999973,1120.0,1159,8.0,98.0,,,0.0,,,,,,2020.0,,,
buyer_compatible_environment,alias_compatible_boamp_key,60,future_60m,all_appel_offre_sources,publication_year,2021,5029,0.04295088486776695,134.44203619009744,47.0,181.0,355.1999999999998,606.0,939.7200000000003,994,8.0,100.0,,,0.0,,,,,,2021.0,,,
buyer_compatible_environment,alias_compatible_boamp_key,60,future_60m,all_appel_offre_sources,publication_year,2022,5106,0.045436741088915,110.84625930278104,37.0,143.75,322.0,544.0,699.8999999999996,767,12.0,127.0,,,0.0,,,,,,2022.0,,,
buyer_compatible_environment,alias_compatible_boamp_key,60,future_60m,all_appel_offre_sources,publication_year,2023,5209,0.07928585141101939,70.33403724323287,21.0,82.0,202.19999999999982,379.0,519.9200000000001,556,11.0,110.0,,,0.0,,,,,,2023.0,,,
buyer_compatible_environment,alias_compatible_boamp_key,60,future_60m,all_appel_offre_sources,publication_year,2024,5305,0.11819038642789821,70.82601319509897,19.0,80.0,254.0,340.8000000000002,459.96000000000004,513,11.0,122.0,,,0.0,,,,,,2024.0,,,
buyer_compatible_environment,alias_compatible_boamp_key,60,future_60m,all_appel_offre_sources,publication_year,2025,5483,0.12912639066204631,42.216852088272844,12.0,56.0,139.0,185.0,265.1800000000003,313,10.0,101.0,,,0.0,,,,,,2025.0,,,
buyer_compatible_environment,alias_compatible_boamp_key,60,future_60m,all_appel_offre_sources,publication_year,2026,2496,0.25721153846153844,10.862580128205128,3.0,13.0,35.0,50.0,81.05000000000018,107,7.0,49.0,,,0.0,,,,,,2026.0,,,
buyer_compatible_environment,alias_compatible_l2_key,6,future_6m,production_digital_appel_offre_sources,publication_year,2015,266,0.41729323308270677,1.7481203007518797,1.0,2.0,4.0,7.0,12.0,12,46.0,127.99999999999997,,,0.0,,,,,,2015.0,,,
buyer_compatible_environment,alias_compatible_l2_key,6,future_6m,production_digital_appel_offre_sources,publication_year,2016,308,0.41233766233766234,1.9805194805194806,1.0,3.0,6.0,7.0,12.930000000000007,14,40.0,126.0,,,0.0,,,,,,2016.0,,,
buyer_compatible_environment,alias_compatible_l2_key,6,future_6m,production_digital_appel_offre_sources,publication_year,2017,322,0.38819875776397517,2.6645962732919255,1.0,4.0,8.0,11.0,15.79000000000002,18,38.0,123.0,,,0.0,,,,,,2017.0,,,
buyer_compatible_environment,alias_compatible_l2_key,6,future_6m,production_digital_appel_offre_sources,publication_year,2018,307,0.41042345276872966,2.0977198697068404,1.0,3.0,6.0,8.0,13.0,16,35.0,125.0,,,0.0,,,,,,2018.0,,,
buyer_compatible_environment,alias_compatible_l2_key,6,future_6m,production_digital_appel_offre_sources,publication_year,2019,314,0.4394904458598726,1.9076433121019107,1.0,3.0,6.0,8.0,12.870000000000005,15,37.5,116.0,,,0.0,,,,,,2019.0,,,
buyer_compatible_environment,alias_compatible_l2_key,6,future_6m,production_digital_appel_offre_sources,publication_year,2020,259,0.4247104247104247,1.9845559845559846,1.0,3.0,5.0,8.0,12.419999999999987,14,40.0,140.20000000000002,,,0.0,,,,,,2020.0,,,
buyer_compatible_environment,alias_compatible_l2_key,6,future_6m,production_digital_appel_offre_sources,publication_year,2021,306,0.4477124183006536,1.761437908496732,1.0,2.0,5.0,9.0,11.0,12,43.0,136.0,,,0.0,,,,,,2021.0,,,
buyer_compatible_environment,alias_compatible_l2_key,6,future_6m,production_digital_appel_offre_sources,publication_year,2022,305,0.47540983606557374,1.639344262295082,1.0,2.0,5.600000000000023,7.0,9.0,12,43.0,149.2,,,0.0,,,,,,2022.0,,,
buyer_compatible_environment,alias_compatible_l2_key,6,future_6m,production_digital_appel_offre_sources,publication_year,2023,283,0.5371024734982333,1.0671378091872792,0.0,1.0,4.0,4.899999999999977,6.360000000000014,9,50.0,141.0,,,0.0,,,,,,2023.0,,,
buyer_compatible_environment,alias_compatible_l2_key,6,future_6m,production_digital_appel_offre_sources,publication_year,2024,210,0.5666666666666667,1.319047619047619,0.0,2.0,4.0,6.0,8.0,9,31.0,122.0,,,0.0,,,,,,2024.0,,,
buyer_compatible_environment,alias_compatible_l2_key,6,future_6m,production_digital_appel_offre_sources,publication_year,2025,189,0.48677248677248675,1.216931216931217,1.0,2.0,4.0,5.0,6.0,7,43.0,151.4,,,0.0,,,,,,2025.0,,,
buyer_compatible_environment,alias_compatible_l2_key,6,future_6m,production_digital_appel_offre_sources,publication_year,2026,90,0.8111111111111111,0.26666666666666666,0.0,0.0,1.0,1.5499999999999972,3.0,3,36.0,99.6,,,0.0,,,,,,2026.0,,,
buyer_compatible_environment,alias_compatible_l2_key,12,future_12m,production_digital_appel_offre_sources,publication_year,2015,266,0.31203007518796994,3.56390977443609,2.0,5.0,10.0,12.0,22.0,23,61.0,220.0000000000001,,,0.0,,,,,,2015.0,,,
buyer_compatible_environment,alias_compatible_l2_key,12,future_12m,production_digital_appel_offre_sources,publication_year,2016,308,0.2857142857142857,3.8993506493506493,2.0,6.0,10.300000000000011,16.0,19.0,20,55.0,259.0,,,0.0,,,,,,2016.0,,,
buyer_compatible_environment,alias_compatible_l2_key,12,future_12m,production_digital_appel_offre_sources,publication_year,2017,322,0.32298136645962733,5.068322981366459,2.0,8.0,12.900000000000034,25.0,29.0,30,47.0,174.90000000000003,,,0.0,,,,,,2017.0,,,
buyer_compatible_environment,alias_compatible_l2_key,12,future_12m,production_digital_appel_offre_sources,publication_year,2018,307,0.2996742671009772,3.8697068403908794,2.0,5.5,11.0,17.0,20.939999999999998,23,43.0,235.6,,,0.0,,,,,,2018.0,,,
buyer_compatible_environment,alias_compatible_l2_key,12,future_12m,production_digital_appel_offre_sources,publication_year,2019,314,0.3343949044585987,3.640127388535032,2.0,5.0,9.0,19.049999999999898,23.0,24,48.0,244.60000000000014,,,0.0,,,,,,2019.0,,,
buyer_compatible_environment,alias_compatible_l2_key,12,future_12m,production_digital_appel_offre_sources,publication_year,2020,259,0.3127413127413127,3.9536679536679538,2.0,6.0,10.200000000000017,17.099999999999994,20.419999999999987,22,50.0,235.90000000000003,,,0.0,,,,,,2020.0,,,
buyer_compatible_environment,alias_compatible_l2_key,12,future_12m,production_digital_appel_offre_sources,publication_year,2021,306,0.3627450980392157,3.065359477124183,1.0,4.0,8.0,16.0,20.94999999999999,22,51.0,215.39999999999998,,,0.0,,,,,,2021.0,,,
buyer_compatible_environment,alias_compatible_l2_key,12,future_12m,production_digital_appel_offre_sources,publication_year,2022,305,0.3737704918032787,3.0131147540983605,1.0,4.0,10.600000000000023,12.800000000000011,14.0,16,57.0,237.0,,,0.0,,,,,,2022.0,,,
buyer_compatible_environment,alias_compatible_l2_key,12,future_12m,production_digital_appel_offre_sources,publication_year,2023,283,0.45229681978798586,1.696113074204947,1.0,2.0,5.0,7.0,10.180000000000007,12,62.0,219.59999999999997,,,0.0,,,,,,2023.0,,,
buyer_compatible_environment,alias_compatible_l2_key,12,future_12m,production_digital_appel_offre_sources,publication_year,2024,210,0.4714285714285714,2.2666666666666666,1.0,3.75,8.0,9.0,11.909999999999997,14,48.0,218.0,,,0.0,,,,,,2024.0,,,
buyer_compatible_environment,alias_compatible_l2_key,12,future_12m,production_digital_appel_offre_sources,publication_year,2025,189,0.42328042328042326,1.9153439153439153,1.0,3.0,6.0,7.599999999999994,9.120000000000005,10,51.0,191.40000000000003,,,0.0,,,,,,2025.0,,,
buyer_compatible_environment,alias_compatible_l2_key,12,future_12m,production_digital_appel_offre_sources,publication_year,2026,90,0.8111111111111111,0.26666666666666666,0.0,0.0,1.0,1.5499999999999972,3.0,3,36.0,99.6,,,0.0,,,,,,2026.0,,,
buyer_compatible_environment,alias_compatible_l2_key,24,future_24m,production_digital_appel_offre_sources,publication_year,2015,266,0.2593984962406015,6.616541353383458,3.0,8.0,18.0,21.0,41.0,43,67.0,294.8,,,0.0,,,,,,2015.0,,,
buyer_compatible_environment,alias_compatible_l2_key,24,future_24m,production_digital_appel_offre_sources,publication_year,2016,308,0.23376623376623376,8.227272727272727,3.0,11.25,23.30000000000001,44.0,46.0,47,61.5,308.5,,,0.0,,,,,,2016.0,,,
buyer_compatible_environment,alias_compatible_l2_key,24,future_24m,production_digital_appel_offre_sources,publication_year,2017,322,0.2360248447204969,8.5527950310559,3.0,13.0,20.900000000000034,42.0,46.0,49,57.5,378.0,,,0.0,,,,,,2017.0,,,
buyer_compatible_environment,alias_compatible_l2_key,24,future_24m,production_digital_appel_offre_sources,publication_year,2018,307,0.2247557003257329,7.771986970684039,3.0,12.0,17.400000000000034,40.0,42.0,44,56.0,354.6,,,0.0,,,,,,2018.0,,,
buyer_compatible_environment,alias_compatible_l2_key,24,future_24m,production_digital_appel_offre_sources,publication_year,2019,314,0.24203821656050956,6.560509554140127,3.0,10.0,15.0,37.349999999999966,41.870000000000005,44,64.0,387.6,,,0.0,,,,,,2019.0,,,
buyer_compatible_environment,alias_compatible_l2_key,24,future_24m,production_digital_appel_offre_sources,publication_year,2020,259,0.22007722007722008,7.382239382239383,3.0,9.0,17.200000000000017,35.099999999999994,39.41999999999999,42,74.0,385.5,,,0.0,,,,,,2020.0,,,
buyer_compatible_environment,alias_compatible_l2_key,24,future_24m,production_digital_appel_offre_sources,publication_year,2021,306,0.3006535947712418,5.258169934640523,2.0,7.0,12.0,29.0,35.94999999999999,37,59.5,335.2000000000001,,,0.0,,,,,,2021.0,,,
buyer_compatible_environment,alias_compatible_l2_key,24,future_24m,production_digital_appel_offre_sources,publication_year,2022,305,0.2983606557377049,4.950819672131147,2.0,7.0,16.600000000000023,20.0,24.95999999999998,28,74.0,374.1,,,0.0,,,,,,2022.0,,,
buyer_compatible_environment,alias_compatible_l2_key,24,future_24m,production_digital_appel_offre_sources,publication_year,2023,283,0.4134275618374558,2.6713780918727914,1.0,3.0,8.800000000000011,11.899999999999977,18.0,19,66.0,309.5,,,0.0,,,,,,2023.0,,,
buyer_compatible_environment,alias_compatible_l2_key,24,future_24m,production_digital_appel_offre_sources,publication_year,2024,210,0.4,3.757142857142857,1.0,5.0,13.0,16.549999999999983,19.909999999999997,21,55.5,378.5,,,0.0,,,,,,2024.0,,,
buyer_compatible_environment,alias_compatible_l2_key,24,future_24m,production_digital_appel_offre_sources,publication_year,2025,189,0.4126984126984127,2.1481481481481484,1.0,3.0,7.0,8.599999999999994,11.120000000000005,12,57.0,197.0,,,0.0,,,,,,2025.0,,,
buyer_compatible_environment,alias_compatible_l2_key,24,future_24m,production_digital_appel_offre_sources,publication_year,2026,90,0.8111111111111111,0.26666666666666666,0.0,0.0,1.0,1.5499999999999972,3.0,3,36.0,99.6,,,0.0,,,,,,2026.0,,,
buyer_compatible_environment,alias_compatible_l2_key,36,future_36m,production_digital_appel_offre_sources,publication_year,2015,266,0.22932330827067668,9.74436090225564,4.0,10.0,29.0,33.75,66.0,66,70.0,372.79999999999995,,,0.0,,,,,,2015.0,,,
buyer_compatible_environment,alias_compatible_l2_key,36,future_36m,production_digital_appel_offre_sources,publication_year,2016,308,0.21103896103896103,11.36038961038961,4.0,17.0,31.30000000000001,62.0,65.0,67,69.0,333.00000000000006,,,0.0,,,,,,2016.0,,,
buyer_compatible_environment,alias_compatible_l2_key,36,future_36m,production_digital_appel_offre_sources,publication_year,2017,322,0.1956521739130435,12.114906832298137,4.0,16.75,28.0,65.0,69.0,71,64.0,466.60000000000014,,,0.0,,,,,,2017.0,,,
buyer_compatible_environment,alias_compatible_l2_key,36,future_36m,production_digital_appel_offre_sources,publication_year,2018,307,0.18566775244299674,11.09771986970684,4.0,18.0,25.0,58.0,60.94,63,65.5,450.6999999999998,,,0.0,,,,,,2018.0,,,
buyer_compatible_environment,alias_compatible_l2_key,36,future_36m,production_digital_appel_offre_sources,publication_year,2019,314,0.21019108280254778,9.305732484076433,4.0,12.75,20.0,57.349999999999966,60.0,61,70.0,453.20000000000016,,,0.0,,,,,,2019.0,,,
buyer_compatible_environment,alias_compatible_l2_key,36,future_36m,production_digital_appel_offre_sources,publication_year,2020,259,0.17374517374517376,10.123552123552123,4.0,12.0,27.0,50.0,54.839999999999975,58,80.0,522.6000000000001,,,0.0,,,,,,2020.0,,,
buyer_compatible_environment,alias_compatible_l2_key,36,future_36m,production_digital_appel_offre_sources,publication_year,2021,306,0.2647058823529412,6.61437908496732,2.0,8.0,16.0,32.75,44.94999999999999,48,67.0,486.1999999999999,,,0.0,,,,,,2021.0,,,
buyer_compatible_environment,alias_compatible_l2_key,36,future_36m,production_digital_appel_offre_sources,publication_year,2022,305,0.28524590163934427,5.891803278688524,2.0,8.0,20.0,24.0,27.0,28,78.0,401.6,,,0.0,,,,,,2022.0,,,
buyer_compatible_environment,alias_compatible_l2_key,36,future_36m,production_digital_appel_offre_sources,publication_year,2023,283,0.38515901060070673,3.335689045936396,1.0,4.0,9.0,17.799999999999955,25.0,26,70.0,372.1,,,0.0,,,,,,2023.0,,,
buyer_compatible_environment,alias_compatible_l2_key,36,future_36m,production_digital_appel_offre_sources,publication_year,2024,210,0.4,3.8476190476190477,1.0,5.0,13.099999999999994,16.549999999999983,20.909999999999997,22,55.5,378.5,,,0.0,,,,,,2024.0,,,
buyer_compatible_environment,alias_compatible_l2_key,36,future_36m,production_digital_appel_offre_sources,publication_year,2025,189,0.4126984126984127,2.1481481481481484,1.0,3.0,7.0,8.599999999999994,11.120000000000005,12,57.0,197.0,,,0.0,,,,,,2025.0,,,
buyer_compatible_environment,alias_compatible_l2_key,36,future_36m,production_digital_appel_offre_sources,publication_year,2026,90,0.8111111111111111,0.26666666666666666,0.0,0.0,1.0,1.5499999999999972,3.0,3,36.0,99.6,,,0.0,,,,,,2026.0,,,
buyer_compatible_environment,alias_compatible_l2_key,60,future_60m,production_digital_appel_offre_sources,publication_year,2015,266,0.20300751879699247,14.672932330827068,5.5,14.75,39.0,48.0,106.35000000000002,107,74.0,457.10000000000014,,,0.0,,,,,,2015.0,,,
buyer_compatible_environment,alias_compatible_l2_key,60,future_60m,production_digital_appel_offre_sources,publication_year,2016,308,0.17532467532467533,17.40909090909091,6.0,24.0,43.30000000000001,101.64999999999998,104.0,107,74.0,575.3000000000013,,,0.0,,,,,,2016.0,,,
buyer_compatible_environment,alias_compatible_l2_key,60,future_60m,production_digital_appel_offre_sources,publication_year,2017,322,0.18322981366459629,18.38198757763975,7.0,28.0,40.0,101.0,107.79000000000002,110,65.0,518.0000000000002,,,0.0,,,,,,2017.0,,,
buyer_compatible_environment,alias_compatible_l2_key,60,future_60m,production_digital_appel_offre_sources,publication_year,2018,307,0.15309446254071662,16.514657980456025,6.0,23.5,40.0,89.69999999999999,95.94,99,73.5,531.1999999999999,,,0.0,,,,,,2018.0,,,
buyer_compatible_environment,alias_compatible_l2_key,60,future_60m,production_digital_appel_offre_sources,publication_year,2019,314,0.18471337579617833,12.643312101910828,6.0,16.0,25.0,71.34999999999997,83.87,87,71.5,585.5,,,0.0,,,,,,2019.0,,,
buyer_compatible_environment,alias_compatible_l2_key,60,future_60m,production_digital_appel_offre_sources,publication_year,2020,259,0.1583011583011583,12.714285714285714,6.0,15.5,38.20000000000002,57.099999999999994,66.83999999999997,70,82.5,535.8000000000001,,,0.0,,,,,,2020.0,,,
buyer_compatible_environment,alias_compatible_l2_key,60,future_60m,production_digital_appel_offre_sources,publication_year,2021,306,0.22875816993464052,7.957516339869281,3.0,11.0,22.0,36.75,44.94999999999999,48,71.5,690.0,,,0.0,,,,,,2021.0,,,
buyer_compatible_environment,alias_compatible_l2_key,60,future_60m,production_digital_appel_offre_sources,publication_year,2022,305,0.25901639344262295,6.613114754098361,3.0,9.0,21.0,28.0,34.0,36,90.0,486.5,,,0.0,,,,,,2022.0,,,
buyer_compatible_environment,alias_compatible_l2_key,60,future_60m,production_digital_appel_offre_sources,publication_year,2023,283,0.38515901060070673,3.431095406360424,1.0,4.0,9.800000000000011,17.899999999999977,26.180000000000007,29,70.0,372.1,,,0.0,,,,,,2023.0,,,
buyer_compatible_environment,alias_compatible_l2_key,60,future_60m,production_digital_appel_offre_sources,publication_year,2024,210,0.4,3.8476190476190477,1.0,5.0,13.099999999999994,16.549999999999983,20.909999999999997,22,55.5,378.5,,,0.0,,,,,,2024.0,,,
buyer_compatible_environment,alias_compatible_l2_key,60,future_60m,production_digital_appel_offre_sources,publication_year,2025,189,0.4126984126984127,2.1481481481481484,1.0,3.0,7.0,8.599999999999994,11.120000000000005,12,57.0,197.0,,,0.0,,,,,,2025.0,,,
buyer_compatible_environment,alias_compatible_l2_key,60,future_60m,production_digital_appel_offre_sources,publication_year,2026,90,0.8111111111111111,0.26666666666666666,0.0,0.0,1.0,1.5499999999999972,3.0,3,36.0,99.6,,,0.0,,,,,,2026.0,,,
buyer_compatible_environment,same_normalized_name,6,future_6m,all_appel_offre_sources,publication_year,2015,4362,0.10018340210912426,29.85557083906465,13.0,45.0,81.0,116.0,171.39000000000033,209,7.0,65.59999999999991,,,0.0,,,,,,2015.0,,,
buyer_compatible_environment,same_normalized_name,6,future_6m,all_appel_offre_sources,publication_year,2016,4957,0.0839217268509179,33.129110349001415,12.0,46.0,86.0,163.0,214.0,222,7.0,71.0,,,0.0,,,,,,2016.0,,,
buyer_compatible_environment,same_normalized_name,6,future_6m,all_appel_offre_sources,publication_year,2017,5039,0.07918237745584442,34.974201230402855,15.0,48.0,86.0,163.0,216.0,230,6.0,65.0,,,0.0,,,,,,2017.0,,,
buyer_compatible_environment,same_normalized_name,6,future_6m,all_appel_offre_sources,publication_year,2018,5121,0.07654754930677601,39.87092364772506,16.0,55.0,120.0,193.0,225.0,235,6.0,63.0,,,0.0,,,,,,2018.0,,,
buyer_compatible_environment,same_normalized_name,6,future_6m,all_appel_offre_sources,publication_year,2019,5506,0.06828913912095895,38.63875771885216,18.0,58.0,99.0,158.0,204.7499999999991,237,6.0,58.0,,,0.0,,,,,,2019.0,,,
buyer_compatible_environment,same_normalized_name,6,future_6m,all_appel_offre_sources,publication_year,2020,4679,0.06069673007052789,36.577473819192136,18.0,51.0,103.19999999999982,144.0,182.0,197,6.0,57.59999999999991,,,0.0,,,,,,2020.0,,,
buyer_compatible_environment,same_normalized_name,6,future_6m,all_appel_offre_sources,publication_year,2021,5029,0.07059057466693179,31.008749254324915,14.0,46.0,88.0,114.59999999999945,156.0,187,7.0,64.0,,,0.0,,,,,,2021.0,,,
buyer_compatible_environment,same_normalized_name,6,future_6m,all_appel_offre_sources,publication_year,2022,5106,0.07403055229142186,31.91186839012926,14.0,45.0,99.0,122.75,150.0,163,7.0,63.0,,,0.0,,,,,,2022.0,,,
buyer_compatible_environment,same_normalized_name,6,future_6m,all_appel_offre_sources,publication_year,2023,5209,0.09464388558264542,28.361105778460356,12.0,40.0,73.0,128.0,160.92000000000007,173,7.0,59.0,,,0.0,,,,,,2023.0,,,
buyer_compatible_environment,same_normalized_name,6,future_6m,all_appel_offre_sources,publication_year,2024,5305,0.15570216776625825,26.972290292177192,9.0,35.0,70.0,140.0,180.0,191,8.0,77.0,,,0.0,,,,,,2024.0,,,
buyer_compatible_environment,same_normalized_name,6,future_6m,all_appel_offre_sources,publication_year,2025,5483,0.15593653109611527,27.902608061280322,9.0,33.0,77.0,142.6999999999989,187.0,206,7.0,70.0,,,0.0,,,,,,2025.0,,,
buyer_compatible_environment,same_normalized_name,6,future_6m,all_appel_offre_sources,publication_year,2026,2496,0.22796474358974358,14.457532051282051,4.0,18.0,44.5,64.25,110.0,154,6.0,43.0,,,0.0,,,,,,2026.0,,,
buyer_compatible_environment,same_normalized_name,12,future_12m,all_appel_offre_sources,publication_year,2015,4362,0.07083906464924347,58.650618982118296,24.0,82.0,165.0,239.0,366.0,373,7.0,86.80000000000018,,,0.0,,,,,,2015.0,,,
buyer_compatible_environment,same_normalized_name,12,future_12m,all_appel_offre_sources,publication_year,2016,4957,0.06092394593504136,64.10127092999798,23.0,90.0,161.0,374.1999999999998,387.0,392,8.0,84.0,,,0.0,,,,,,2016.0,,,
buyer_compatible_environment,same_normalized_name,12,future_12m,all_appel_offre_sources,publication_year,2017,5039,0.05596348481841635,69.70589402659257,29.0,96.0,162.0,372.0,412.0,425,7.0,81.0,,,0.0,,,,,,2017.0,,,
buyer_compatible_environment,same_normalized_name,12,future_12m,all_appel_offre_sources,publication_year,2018,5121,0.05077133372388205,79.12595196250733,32.0,117.0,227.0,392.0,421.0,426,7.0,78.0,,,0.0,,,,,,2018.0,,,
buyer_compatible_environment,same_normalized_name,12,future_12m,all_appel_offre_sources,publication_year,2019,5506,0.04540501271340356,73.71758082092263,34.0,109.0,191.0,303.0,378.0,393,6.0,69.0,,,0.0,,,,,,2019.0,,,
buyer_compatible_environment,same_normalized_name,12,future_12m,all_appel_offre_sources,publication_year,2020,4679,0.035263945287454586,71.80765120752298,35.0,104.5,199.0,297.0,322.4400000000005,332,6.0,75.0,,,0.0,,,,,,2020.0,,,
buyer_compatible_environment,same_normalized_name,12,future_12m,all_appel_offre_sources,publication_year,2021,5029,0.05010936567906144,59.65301252734142,27.0,87.0,173.0,238.0,271.0,286,7.0,75.0,,,0.0,,,,,,2021.0,,,
buyer_compatible_environment,same_normalized_name,12,future_12m,all_appel_offre_sources,publication_year,2022,5106,0.04857030943987466,62.609283196239716,28.0,91.0,189.0,257.0,285.0,294,7.0,78.0,,,0.0,,,,,,2022.0,,,
buyer_compatible_environment,same_normalized_name,12,future_12m,all_appel_offre_sources,publication_year,2023,5209,0.07966980226531004,46.75830293722404,17.0,62.0,127.0,211.59999999999945,312.0,325,7.0,68.0,,,0.0,,,,,,2023.0,,,
buyer_compatible_environment,same_normalized_name,12,future_12m,all_appel_offre_sources,publication_year,2024,5305,0.12535344015080113,53.25956644674835,16.0,68.0,137.0,251.0,364.0,380,9.0,98.0,,,0.0,,,,,,2024.0,,,
buyer_compatible_environment,same_normalized_name,12,future_12m,all_appel_offre_sources,publication_year,2025,5483,0.12876162684661682,48.3684114535838,14.0,55.0,146.0,212.0,351.0,379,8.0,89.0,,,0.0,,,,,,2025.0,,,
buyer_compatible_environment,same_normalized_name,12,future_12m,all_appel_offre_sources,publication_year,2026,2496,0.22796474358974358,14.465544871794872,4.0,18.0,44.5,64.25,110.0,154,6.0,43.0,,,0.0,,,,,,2026.0,,,
buyer_compatible_environment,same_normalized_name,24,future_24m,all_appel_offre_sources,publication_year,2015,4362,0.05318661164603393,112.29527739569005,42.0,154.0,291.8000000000002,481.0,743.0,759,7.0,101.0,,,0.0,,,,,,2015.0,,,
buyer_compatible_environment,same_normalized_name,24,future_24m,all_appel_offre_sources,publication_year,2016,4957,0.04478515230986484,125.80149283841033,40.0,177.0,321.0,761.0,789.4399999999996,808,8.0,95.0,,,0.0,,,,,,2016.0,,,
buyer_compatible_environment,same_normalized_name,24,future_24m,all_appel_offre_sources,publication_year,2017,5039,0.04306410001984521,140.34451280015875,55.0,195.5,367.1999999999998,790.0999999999995,815.0,827,7.0,89.0,,,0.0,,,,,,2017.0,,,
buyer_compatible_environment,same_normalized_name,24,future_24m,all_appel_offre_sources,publication_year,2018,5121,0.04139816442101152,151.98633079476664,56.0,226.0,418.0,702.0,796.0,815,7.0,83.0,,,0.0,,,,,,2018.0,,,
buyer_compatible_environment,same_normalized_name,24,future_24m,all_appel_offre_sources,publication_year,2019,5506,0.03323646930621141,140.6205957137668,66.0,210.0,364.0,566.0,683.0,703,6.0,77.80000000000018,,,0.0,,,,,,2019.0,,,
buyer_compatible_environment,same_normalized_name,24,future_24m,all_appel_offre_sources,publication_year,2020,4679,0.020944646291942724,134.07565719170762,65.0,198.0,332.1999999999998,538.0999999999995,581.0,592,7.0,86.0,,,0.0,,,,,,2020.0,,,
buyer_compatible_environment,same_normalized_name,24,future_24m,all_appel_offre_sources,publication_year,2021,5029,0.037184330880890834,117.42732153509644,50.0,166.0,329.0,497.0,553.0,563,7.0,84.0,,,0.0,,,,,,2021.0,,,
buyer_compatible_environment,same_normalized_name,24,future_24m,all_appel_offre_sources,publication_year,2022,5106,0.0354484919702311,106.58147277712496,47.0,152.0,287.5,435.5,594.0,618,7.0,86.0,,,0.0,,,,,,2022.0,,,
buyer_compatible_environment,same_normalized_name,24,future_24m,all_appel_offre_sources,publication_year,2023,5209,0.06872720291802649,74.24841620272605,22.0,81.0,193.0,270.0,662.0,706,7.0,77.0,,,0.0,,,,,,2023.0,,,
buyer_compatible_environment,same_normalized_name,24,future_24m,all_appel_offre_sources,publication_year,2024,5305,0.10857681432610744,98.64938737040528,27.0,117.0,288.0,464.0,686.0,712,9.0,110.0,,,0.0,,,,,,2024.0,,,
buyer_compatible_environment,same_normalized_name,24,future_24m,all_appel_offre_sources,publication_year,2025,5483,0.12639066204632501,55.89531278497173,16.0,66.0,169.0,242.0,466.0,536,8.0,91.0,,,0.0,,,,,,2025.0,,,
buyer_compatible_environment,same_normalized_name,24,future_24m,all_appel_offre_sources,publication_year,2026,2496,0.22796474358974358,14.465544871794872,4.0,18.0,44.5,64.25,110.0,154,6.0,43.0,,,0.0,,,,,,2026.0,,,
buyer_compatible_environment,same_normalized_name,36,future_36m,all_appel_offre_sources,publication_year,2015,4362,0.04585052728106373,164.05318661164603,54.0,213.0,391.0,755.9499999999998,1152.0,1174,8.0,105.0,,,0.0,,,,,,2015.0,,,
buyer_compatible_environment,same_normalized_name,36,future_36m,all_appel_offre_sources,publication_year,2016,4957,0.040548718983256,187.61226548315514,58.0,260.0,465.0,1180.0,1199.0,1212,8.0,98.0,,,0.0,,,,,,2016.0,,,
buyer_compatible_environment,same_normalized_name,36,future_36m,all_appel_offre_sources,publication_year,2017,5039,0.03849970232188926,204.68843024409605,74.0,298.0,562.0,1112.0999999999995,1179.0,1198,7.0,92.0,,,0.0,,,,,,2017.0,,,
buyer_compatible_environment,same_normalized_name,36,future_36m,all_appel_offre_sources,publication_year,2018,5121,0.03788322593243507,217.8746338605741,78.0,313.0,610.0,1002.0,1101.8000000000002,1119,7.0,84.40000000000055,,,0.0,,,,,,2018.0,,,
buyer_compatible_environment,same_normalized_name,36,future_36m,all_appel_offre_sources,publication_year,2019,5506,0.029240828187431893,199.8018525245187,93.0,309.75,519.5,792.0,953.9499999999998,987,6.0,79.0,,,0.0,,,,,,2019.0,,,
buyer_compatible_environment,same_normalized_name,36,future_36m,all_appel_offre_sources,publication_year,2020,4679,0.01731139132293225,196.2654413336183,89.0,283.0,537.0,790.0,862.0,869,7.0,90.0,,,0.0,,,,,,2020.0,,,
buyer_compatible_environment,same_normalized_name,36,future_36m,all_appel_offre_sources,publication_year,2021,5029,0.032809703718433086,162.12408033406243,68.0,236.0,467.0,667.7999999999984,857.0,886,7.0,86.0,,,0.0,,,,,,2021.0,,,
buyer_compatible_environment,same_normalized_name,36,future_36m,all_appel_offre_sources,publication_year,2022,5106,0.03231492361927144,133.7822169996083,54.5,175.75,336.0,443.0,938.0,996,7.0,90.0,,,0.0,,,,,,2022.0,,,
buyer_compatible_environment,same_normalized_name,36,future_36m,all_appel_offre_sources,publication_year,2023,5209,0.06527164522941063,98.97062775964676,26.0,92.0,238.0,405.59999999999945,976.0,997,7.0,79.0,,,0.0,,,,,,2023.0,,,
buyer_compatible_environment,same_normalized_name,36,future_36m,all_appel_offre_sources,publication_year,2024,5305,0.10801131008482563,105.72271442035816,28.0,126.0,315.60000000000036,522.8000000000002,789.0,859,9.0,110.0,,,0.0,,,,,,2024.0,,,
buyer_compatible_environment,same_normalized_name,36,future_36m,all_appel_offre_sources,publication_year,2025,5483,0.12639066204632501,55.89531278497173,16.0,66.0,169.0,242.0,466.0,536,8.0,91.0,,,0.0,,,,,,2025.0,,,
buyer_compatible_environment,same_normalized_name,36,future_36m,all_appel_offre_sources,publication_year,2026,2496,0.22796474358974358,14.465544871794872,4.0,18.0,44.5,64.25,110.0,154,6.0,43.0,,,0.0,,,,,,2026.0,,,
buyer_compatible_environment,same_normalized_name,60,future_60m,all_appel_offre_sources,publication_year,2015,4362,0.0405777166437414,261.0337001375516,74.0,291.75,671.9000000000001,1329.0,1882.0,1897,8.0,111.0,,,0.0,,,,,,2015.0,,,
buyer_compatible_environment,same_normalized_name,60,future_60m,all_appel_offre_sources,publication_year,2016,4957,0.03611055073633246,294.4728666532177,82.0,417.0,825.0,1791.0,1871.0,1880,8.0,100.0,,,0.0,,,,,,2016.0,,,
buyer_compatible_environment,same_normalized_name,60,future_60m,all_appel_offre_sources,publication_year,2017,5039,0.03373685255010915,314.1716610438579,104.0,471.0,844.0,1672.0999999999995,1756.62,1779,7.0,97.0,,,0.0,,,,,,2017.0,,,
buyer_compatible_environment,same_normalized_name,60,future_60m,all_appel_offre_sources,publication_year,2018,5121,0.033391915641476276,333.48603788322595,121.0,523.0,880.0,1555.0,1648.0,1673,7.0,88.0,,,0.0,,,,,,2018.0,,,
buyer_compatible_environment,same_normalized_name,60,future_60m,all_appel_offre_sources,publication_year,2019,5506,0.02615328732292045,305.01471122411914,132.0,466.0,739.0,1247.5,1517.0,1544,6.0,81.90000000000055,,,0.0,,,,,,2019.0,,,
buyer_compatible_environment,same_normalized_name,60,future_60m,all_appel_offre_sources,publication_year,2020,4679,0.01346441547339175,275.3626843342595,121.0,376.0,736.0,1038.0,1527.2200000000003,1554,7.0,92.0,,,0.0,,,,,,2020.0,,,
buyer_compatible_environment,same_normalized_name,60,future_60m,all_appel_offre_sources,publication_year,2021,5029,0.02923046331278584,217.6432690395705,82.0,286.0,560.1999999999998,737.0,1524.0,1549,7.0,89.0,,,0.0,,,,,,2021.0,,,
buyer_compatible_environment,same_normalized_name,60,future_60m,all_appel_offre_sources,publication_year,2022,5106,0.030160595377986682,162.62299255777518,59.0,192.0,409.0,585.75,1351.9499999999998,1419,7.0,91.90000000000055,,,0.0,,,,,,2022.0,,,
buyer_compatible_environment,same_normalized_name,60,future_60m,all_appel_offre_sources,publication_year,2023,5209,0.06469571894797466,102.88577462084854,26.0,94.0,240.0,436.0,1074.8400000000001,1154,7.0,79.0,,,0.0,,,,,,2023.0,,,
buyer_compatible_environment,same_normalized_name,60,future_60m,all_appel_offre_sources,publication_year,2024,5305,0.10801131008482563,105.72271442035816,28.0,126.0,315.60000000000036,522.8000000000002,789.0,859,9.0,110.0,,,0.0,,,,,,2024.0,,,
buyer_compatible_environment,same_normalized_name,60,future_60m,all_appel_offre_sources,publication_year,2025,5483,0.12639066204632501,55.89531278497173,16.0,66.0,169.0,242.0,466.0,536,8.0,91.0,,,0.0,,,,,,2025.0,,,
buyer_compatible_environment,same_normalized_name,60,future_60m,all_appel_offre_sources,publication_year,2026,2496,0.22796474358974358,14.465544871794872,4.0,18.0,44.5,64.25,110.0,154,6.0,43.0,,,0.0,,,,,,2026.0,,,
buyer_compatible_environment,same_siren,6,future_6m,all_appel_offre_sources,publication_year,2015,4362,0.9348922512608895,1.6487849610270517,0.0,0.0,0.0,3.0,49.0,58,7.0,95.0,,,0.0,,,,,,2015.0,,,
buyer_compatible_environment,same_siren,6,future_6m,all_appel_offre_sources,publication_year,2016,4957,0.9380673794633851,1.3754286867056686,0.0,0.0,0.0,2.0,45.0,59,11.0,108.40000000000003,,,0.0,,,,,,2016.0,,,
buyer_compatible_environment,same_siren,6,future_6m,all_appel_offre_sources,publication_year,2017,5039,0.9372891446715618,1.346100416749355,0.0,0.0,0.0,2.0,43.0,59,10.0,107.0,,,0.0,,,,,,2017.0,,,
buyer_compatible_environment,same_siren,6,future_6m,all_appel_offre_sources,publication_year,2018,5121,0.9271626635422769,1.4868189806678382,0.0,0.0,0.0,3.0,46.0,57,12.0,101.80000000000001,,,0.0,,,,,,2018.0,,,
buyer_compatible_environment,same_siren,6,future_6m,all_appel_offre_sources,publication_year,2019,5506,0.9081002542680712,2.3668725027243007,0.0,0.0,0.0,21.0,57.94999999999982,81,8.0,99.5,,,0.0,,,,,,2019.0,,,
buyer_compatible_environment,same_siren,6,future_6m,all_appel_offre_sources,publication_year,2020,4679,0.8965590938234665,2.5736268433425944,0.0,0.0,1.0,21.0,58.0,79,8.0,98.69999999999999,,,0.0,,,,,,2020.0,,,
buyer_compatible_environment,same_siren,6,future_6m,all_appel_offre_sources,publication_year,2021,5029,0.8810896798568304,2.8832769934380593,0.0,0.0,2.0,22.0,66.0,104,12.0,98.0,,,0.0,,,,,,2021.0,,,
buyer_compatible_environment,same_siren,6,future_6m,all_appel_offre_sources,publication_year,2022,5106,0.4962788875832354,13.622992557775166,1.0,11.0,53.5,89.0,109.0,119,9.0,70.0,,,0.0,,,,,,2022.0,,,
buyer_compatible_environment,same_siren,6,future_6m,all_appel_offre_sources,publication_year,2023,5209,0.4709157227874832,13.842196198886542,1.0,13.0,56.0,76.0,118.92000000000007,144,9.0,74.5,,,0.0,,,,,,2023.0,,,
buyer_compatible_environment,same_siren,6,future_6m,all_appel_offre_sources,publication_year,2024,5305,0.6,13.183223374175306,0.0,7.0,36.0,102.0,157.0,207,8.0,81.80000000000018,,,0.0,,,,,,2024.0,,,
buyer_compatible_environment,same_siren,6,future_6m,all_appel_offre_sources,publication_year,2025,5483,0.6706182746671531,9.731533831843882,0.0,4.0,30.800000000000182,73.89999999999964,117.0,126,9.0,85.0,,,0.0,,,,,,2025.0,,,
buyer_compatible_environment,same_siren,6,future_6m,all_appel_offre_sources,publication_year,2026,2496,0.7011217948717948,4.613381410256411,0.0,1.0,13.0,32.0,73.0,103,7.0,53.0,,,0.0,,,,,,2026.0,,,
buyer_compatible_environment,same_siren,12,future_12m,all_appel_offre_sources,publication_year,2015,4362,0.9312242090784044,3.207932141219624,0.0,0.0,0.0,5.0,93.0,104,8.0,123.30000000000007,,,0.0,,,,,,2015.0,,,
buyer_compatible_environment,same_siren,12,future_12m,all_appel_offre_sources,publication_year,2016,4957,0.9348396207383498,2.6318337704256605,0.0,0.0,0.0,4.0,90.0,105,12.0,137.0,,,0.0,,,,,,2016.0,,,
buyer_compatible_environment,same_siren,12,future_12m,all_appel_offre_sources,publication_year,2017,5039,0.9343123635641992,2.6802937090692596,0.0,0.0,0.0,4.0,84.61999999999989,102,12.0,126.0,,,0.0,,,,,,2017.0,,,
buyer_compatible_environment,same_siren,12,future_12m,all_appel_offre_sources,publication_year,2018,5121,0.923061901972271,3.1058387033782466,0.0,0.0,0.0,6.0,100.0,109,13.0,132.0,,,0.0,,,,,,2018.0,,,
buyer_compatible_environment,same_siren,12,future_12m,all_appel_offre_sources,publication_year,2019,5506,0.9042862332001453,4.708136578278242,0.0,0.0,0.0,39.0,118.0,140,9.0,110.0,,,0.0,,,,,,2019.0,,,
buyer_compatible_environment,same_siren,12,future_12m,all_appel_offre_sources,publication_year,2020,4679,0.8931395597349862,4.902329557597778,0.0,0.0,1.0,39.0,122.0,134,9.0,115.10000000000002,,,0.0,,,,,,2020.0,,,
buyer_compatible_environment,same_siren,12,future_12m,all_appel_offre_sources,publication_year,2021,5029,0.8751242791807516,6.705905746669318,0.0,0.0,5.0,58.0,152.0,212,14.0,114.0,,,0.0,,,,,,2021.0,,,
buyer_compatible_environment,same_siren,12,future_12m,all_appel_offre_sources,publication_year,2022,5106,0.47532314923619273,27.284567175871523,1.0,20.0,107.5,167.0,214.94999999999982,245,10.0,95.0,,,0.0,,,,,,2022.0,,,
buyer_compatible_environment,same_siren,12,future_12m,all_appel_offre_sources,publication_year,2023,5209,0.45536571318871183,24.493376847763486,2.0,23.0,92.0,133.0,239.0,250,9.0,89.0,,,0.0,,,,,,2023.0,,,
buyer_compatible_environment,same_siren,12,future_12m,all_appel_offre_sources,publication_year,2024,5305,0.5877474081055608,22.880113100848256,0.0,12.0,59.0,187.0,274.0,304,8.0,97.0,,,0.0,,,,,,2024.0,,,
buyer_compatible_environment,same_siren,12,future_12m,all_appel_offre_sources,publication_year,2025,5483,0.658033923034835,16.820353820900966,0.0,6.0,54.0,133.0,211.0,234,10.0,103.0,,,0.0,,,,,,2025.0,,,
buyer_compatible_environment,same_siren,12,future_12m,all_appel_offre_sources,publication_year,2026,2496,0.7011217948717948,4.616586538461538,0.0,1.0,13.0,32.0,73.0,107,7.0,53.0,,,0.0,,,,,,2026.0,,,
buyer_compatible_environment,same_siren,24,future_24m,all_appel_offre_sources,publication_year,2015,4362,0.9303071985327831,6.057083906464924,0.0,0.0,0.0,8.0,180.0,197,8.0,133.39999999999998,,,0.0,,,,,,2015.0,,,
buyer_compatible_environment,same_siren,24,future_24m,all_appel_offre_sources,publication_year,2016,4957,0.9336292112164616,5.172079887028445,0.0,0.0,0.0,6.0,181.0,200,13.0,148.39999999999998,,,0.0,,,,,,2016.0,,,
buyer_compatible_environment,same_siren,24,future_24m,all_appel_offre_sources,publication_year,2017,5039,0.9327247469736059,5.641198650525898,0.0,0.0,0.0,6.0,185.0,208,14.0,145.39999999999998,,,0.0,,,,,,2017.0,,,
buyer_compatible_environment,same_siren,24,future_24m,all_appel_offre_sources,publication_year,2018,5121,0.9218902558094122,6.641866822886155,0.0,0.0,0.0,10.0,214.0,233,14.0,142.10000000000002,,,0.0,,,,,,2018.0,,,
buyer_compatible_environment,same_siren,24,future_24m,all_appel_offre_sources,publication_year,2019,5506,0.9026516527424627,8.968579731202325,0.0,0.0,0.0,72.0,235.0,251,9.0,120.0,,,0.0,,,,,,2019.0,,,
buyer_compatible_environment,same_siren,24,future_24m,all_appel_offre_sources,publication_year,2020,4679,0.8905749091686258,10.880743748664244,0.0,0.0,3.0,91.69999999999618,243.0,275,10.0,129.60000000000014,,,0.0,,,,,,2020.0,,,
buyer_compatible_environment,same_siren,24,future_24m,all_appel_offre_sources,publication_year,2021,5029,0.8731358122887254,15.543845694969178,0.0,0.0,9.0,146.0,332.72000000000025,422,14.0,120.9000000000002,,,0.0,,,,,,2021.0,,,
buyer_compatible_environment,same_siren,24,future_24m,all_appel_offre_sources,publication_year,2022,5106,0.4618096357226792,50.130630630630634,2.0,42.0,208.5,279.75,435.0,467,11.0,115.30000000000018,,,0.0,,,,,,2022.0,,,
buyer_compatible_environment,same_siren,24,future_24m,all_appel_offre_sources,publication_year,2023,5209,0.4451910155500096,36.483586100979075,3.0,40.0,119.0,199.0,329.0,396,10.0,98.09999999999991,,,0.0,,,,,,2023.0,,,
buyer_compatible_environment,same_siren,24,future_24m,all_appel_offre_sources,publication_year,2024,5305,0.5824693685202639,37.4684260131951,0.0,18.0,103.0,327.8000000000002,420.0,465,8.0,106.60000000000014,,,0.0,,,,,,2024.0,,,
buyer_compatible_environment,same_siren,24,future_24m,all_appel_offre_sources,publication_year,2025,5483,0.6574867773116907,19.401787342695606,0.0,7.0,64.0,145.89999999999964,255.0,329,10.0,104.0,,,0.0,,,,,,2025.0,,,
buyer_compatible_environment,same_siren,24,future_24m,all_appel_offre_sources,publication_year,2026,2496,0.7011217948717948,4.616586538461538,0.0,1.0,13.0,32.0,73.0,107,7.0,53.0,,,0.0,,,,,,2026.0,,,
buyer_compatible_environment,same_siren,36,future_36m,all_appel_offre_sources,publication_year,2015,4362,0.9303071985327831,8.905547913801009,0.0,0.0,0.0,9.949999999999818,274.0,287,8.0,133.39999999999998,,,0.0,,,,,,2015.0,,,
buyer_compatible_environment,same_siren,36,future_36m,all_appel_offre_sources,publication_year,2016,4957,0.9330240064555174,7.925559814403873,0.0,0.0,0.0,8.0,274.4399999999996,298,13.0,151.90000000000003,,,0.0,,,,,,2016.0,,,
buyer_compatible_environment,same_siren,36,future_36m,all_appel_offre_sources,publication_year,2017,5039,0.9323278428259575,9.018456042865648,0.0,0.0,0.0,7.0,308.0,331,14.0,149.0,,,0.0,,,,,,2017.0,,,
buyer_compatible_environment,same_siren,36,future_36m,all_appel_offre_sources,publication_year,2018,5121,0.9209138840070299,9.946690099589924,0.0,0.0,0.0,17.0,327.0,349,14.0,152.80000000000007,,,0.0,,,,,,2018.0,,,
buyer_compatible_environment,same_siren,36,future_36m,all_appel_offre_sources,publication_year,2019,5506,0.900653832183073,14.409916454776607,0.0,0.0,0.0,126.75,356.0,401,9.0,132.40000000000003,,,0.0,,,,,,2019.0,,,
buyer_compatible_environment,same_siren,36,future_36m,all_appel_offre_sources,publication_year,2020,4679,0.8895063047659756,19.128232528318016,0.0,0.0,5.0,189.09999999999945,408.0,518,10.0,131.80000000000007,,,0.0,,,,,,2020.0,,,
buyer_compatible_environment,same_siren,36,future_36m,all_appel_offre_sources,publication_year,2021,5029,0.8719427321535096,23.004971167230064,0.0,0.0,13.0,233.1999999999989,527.0,607,14.0,126.0,,,0.0,,,,,,2021.0,,,
buyer_compatible_environment,same_siren,36,future_36m,all_appel_offre_sources,publication_year,2022,5106,0.4580885233059146,61.10673717195456,3.0,52.75,239.0,347.0,478.0,572,11.0,124.0,,,0.0,,,,,,2022.0,,,
buyer_compatible_environment,same_siren,36,future_36m,all_appel_offre_sources,publication_year,2023,5209,0.4415434824342484,46.739681320790936,3.0,51.0,150.0,229.59999999999945,494.0,524,10.0,105.0,,,0.0,,,,,,2023.0,,,
buyer_compatible_environment,same_siren,36,future_36m,all_appel_offre_sources,publication_year,2024,5305,0.5820923656927427,39.60131950989632,0.0,19.0,111.0,333.8000000000002,466.9200000000001,513,8.0,107.0,,,0.0,,,,,,2024.0,,,
buyer_compatible_environment,same_siren,36,future_36m,all_appel_offre_sources,publication_year,2025,5483,0.6574867773116907,19.401787342695606,0.0,7.0,64.0,145.89999999999964,255.0,329,10.0,104.0,,,0.0,,,,,,2025.0,,,
buyer_compatible_environment,same_siren,36,future_36m,all_appel_offre_sources,publication_year,2026,2496,0.7011217948717948,4.616586538461538,0.0,1.0,13.0,32.0,73.0,107,7.0,53.0,,,0.0,,,,,,2026.0,,,
buyer_compatible_environment,same_siren,60,future_60m,all_appel_offre_sources,publication_year,2015,4362,0.9293901879871619,15.8232462173315,0.0,0.0,0.0,15.949999999999818,493.0,510,8.0,138.3,,,0.0,,,,,,2015.0,,,
buyer_compatible_environment,same_siren,60,future_60m,all_appel_offre_sources,publication_year,2016,4957,0.9318135969336292,14.158361912447045,0.0,0.0,0.0,11.0,498.0,542,13.5,167.3,,,0.0,,,,,,2016.0,,,
buyer_compatible_environment,same_siren,60,future_60m,all_appel_offre_sources,publication_year,2017,5039,0.9305417741615399,16.119666600515977,0.0,0.0,0.0,12.0,543.6199999999999,587,15.0,178.5000000000001,,,0.0,,,,,,2017.0,,,
buyer_compatible_environment,same_siren,60,future_60m,all_appel_offre_sources,publication_year,2018,5121,0.9181800429603593,20.343097051357155,0.0,0.0,0.0,36.0,603.8000000000002,748,15.0,199.79999999999995,,,0.0,,,,,,2018.0,,,
buyer_compatible_environment,same_siren,60,future_60m,all_appel_offre_sources,publication_year,2019,5506,0.8992008717762441,28.705593897566292,0.0,0.0,1.0,265.75,636.9499999999998,831,10.0,151.0,,,0.0,,,,,,2019.0,,,
buyer_compatible_environment,same_siren,60,future_60m,all_appel_offre_sources,publication_year,2020,4679,0.8890788630049156,28.351570848471894,0.0,0.0,8.0,254.1999999999989,613.4800000000214,797,10.0,136.2,,,0.0,,,,,,2020.0,,,
buyer_compatible_environment,same_siren,60,future_60m,all_appel_offre_sources,publication_year,2021,5029,0.8703519586398887,26.291111552992643,0.0,0.0,17.0,235.0,597.0,673,14.0,144.89999999999998,,,0.0,,,,,,2021.0,,,
buyer_compatible_environment,same_siren,60,future_60m,all_appel_offre_sources,publication_year,2022,5106,0.45593419506462984,71.22757540148845,3.0,63.0,254.0,413.0,592.0,650,11.0,129.0,,,0.0,,,,,,2022.0,,,
buyer_compatible_environment,same_siren,60,future_60m,all_appel_offre_sources,publication_year,2023,5209,0.44096755615281247,48.76694183144558,3.0,52.0,155.0,239.59999999999945,523.7600000000002,585,10.0,105.90000000000009,,,0.0,,,,,,2023.0,,,
buyer_compatible_environment,same_siren,60,future_60m,all_appel_offre_sources,publication_year,2024,5305,0.5820923656927427,39.60131950989632,0.0,19.0,111.0,333.8000000000002,466.9200000000001,513,8.0,107.0,,,0.0,,,,,,2024.0,,,
buyer_compatible_environment,same_siren,60,future_60m,all_appel_offre_sources,publication_year,2025,5483,0.6574867773116907,19.401787342695606,0.0,7.0,64.0,145.89999999999964,255.0,329,10.0,104.0,,,0.0,,,,,,2025.0,,,
buyer_compatible_environment,same_siren,60,future_60m,all_appel_offre_sources,publication_year,2026,2496,0.7011217948717948,4.616586538461538,0.0,1.0,13.0,32.0,73.0,107,7.0,53.0,,,0.0,,,,,,2026.0,,,
buyer_compatible_environment,same_siret,6,future_6m,all_appel_offre_sources,publication_year,2015,4362,0.9348922512608895,1.6485557083906466,0.0,0.0,0.0,3.0,49.0,58,7.0,95.0,,,0.0,,,,,,2015.0,,,
buyer_compatible_environment,same_siret,6,future_6m,all_appel_offre_sources,publication_year,2016,4957,0.9382691143836999,1.3722009279806335,0.0,0.0,0.0,2.0,45.0,59,11.0,108.5,,,0.0,,,,,,2016.0,,,
buyer_compatible_environment,same_siret,6,future_6m,all_appel_offre_sources,publication_year,2017,5039,0.937487596745386,1.3048223853939274,0.0,0.0,0.0,2.0,41.0,59,11.0,107.20000000000005,,,0.0,,,,,,2017.0,,,
buyer_compatible_environment,same_siret,6,future_6m,all_appel_offre_sources,publication_year,2018,5121,0.9271626635422769,1.4465924624096855,0.0,0.0,0.0,3.0,43.80000000000018,56,13.0,101.80000000000001,,,0.0,,,,,,2018.0,,,
buyer_compatible_environment,same_siret,6,future_6m,all_appel_offre_sources,publication_year,2019,5506,0.9088267344714857,2.2497275699237194,0.0,0.0,0.0,17.75,53.0,81,8.0,96.80000000000007,,,0.0,,,,,,2019.0,,,
buyer_compatible_environment,same_siret,6,future_6m,all_appel_offre_sources,publication_year,2020,4679,0.8967728147039966,2.4836503526394527,0.0,0.0,1.0,20.099999999999454,53.0,76,8.0,99.0,,,0.0,,,,,,2020.0,,,
buyer_compatible_environment,same_siret,6,future_6m,all_appel_offre_sources,publication_year,2021,5029,0.8820839133028435,2.810896798568304,0.0,0.0,2.0,21.0,63.720000000000255,104,12.0,98.80000000000007,,,0.0,,,,,,2021.0,,,
buyer_compatible_environment,same_siret,6,future_6m,all_appel_offre_sources,publication_year,2022,5106,0.5017626321974148,13.1707794751273,0.0,10.0,53.0,89.0,109.0,119,10.0,76.0,,,0.0,,,,,,2022.0,,,
buyer_compatible_environment,same_siret,6,future_6m,all_appel_offre_sources,publication_year,2023,5209,0.47590708389326164,13.338452678057209,1.0,12.0,55.0,71.0,118.92000000000007,144,10.0,78.0,,,0.0,,,,,,2023.0,,,
buyer_compatible_environment,same_siret,6,future_6m,all_appel_offre_sources,publication_year,2024,5305,0.6043355325164939,12.720829406220547,0.0,6.0,34.0,100.0,157.0,207,8.0,86.0,,,0.0,,,,,,2024.0,,,
buyer_compatible_environment,same_siret,6,future_6m,all_appel_offre_sources,publication_year,2025,5483,0.6759073499908809,9.161590370235272,0.0,3.0,28.0,70.0,110.0,119,9.0,88.0,,,0.0,,,,,,2025.0,,,
buyer_compatible_environment,same_siret,6,future_6m,all_appel_offre_sources,publication_year,2026,2496,0.7055288461538461,4.425480769230769,0.0,1.0,12.0,30.0,69.10000000000036,103,7.0,56.0,,,0.0,,,,,,2026.0,,,
buyer_compatible_environment,same_siret,12,future_12m,all_appel_offre_sources,publication_year,2015,4362,0.9312242090784044,3.207015130674003,0.0,0.0,0.0,4.949999999999818,93.0,104,8.0,123.30000000000007,,,0.0,,,,,,2015.0,,,
buyer_compatible_environment,same_siret,12,future_12m,all_appel_offre_sources,publication_year,2016,4957,0.9350413556586645,2.611055073633246,0.0,0.0,0.0,4.0,88.0,104,12.5,137.0,,,0.0,,,,,,2016.0,,,
buyer_compatible_environment,same_siret,12,future_12m,all_appel_offre_sources,publication_year,2017,5039,0.9343123635641992,2.599722167096646,0.0,0.0,0.0,4.0,82.0,98,13.0,128.0,,,0.0,,,,,,2017.0,,,
buyer_compatible_environment,same_siret,12,future_12m,all_appel_offre_sources,publication_year,2018,5121,0.9232571763327475,2.991212653778559,0.0,0.0,0.0,6.0,89.0,107,14.0,131.8,,,0.0,,,,,,2018.0,,,
buyer_compatible_environment,same_siret,12,future_12m,all_appel_offre_sources,publication_year,2019,5506,0.9050127134035597,4.480748274609517,0.0,0.0,0.0,38.0,114.0,140,9.0,109.0,,,0.0,,,,,,2019.0,,,
buyer_compatible_environment,same_siret,12,future_12m,all_appel_offre_sources,publication_year,2020,4679,0.8933532806155161,4.731139132293225,0.0,0.0,1.0,38.0,116.22000000000025,125,9.0,116.39999999999998,,,0.0,,,,,,2020.0,,,
buyer_compatible_environment,same_siret,12,future_12m,all_appel_offre_sources,publication_year,2021,5029,0.8761185126267648,6.555975343010539,0.0,0.0,4.0,57.0,152.0,212,14.0,114.80000000000007,,,0.0,,,,,,2021.0,,,
buyer_compatible_environment,same_siret,12,future_12m,all_appel_offre_sources,publication_year,2022,5106,0.4792401096748923,26.30846063454759,1.0,18.0,106.5,167.0,214.94999999999982,245,11.0,103.0,,,0.0,,,,,,2022.0,,,
buyer_compatible_environment,same_siret,12,future_12m,all_appel_offre_sources,publication_year,2023,5209,0.46016509886734497,23.578038011134574,1.0,21.0,90.19999999999982,126.0,239.0,250,10.0,94.0,,,0.0,,,,,,2023.0,,,
buyer_compatible_environment,same_siret,12,future_12m,all_appel_offre_sources,publication_year,2024,5305,0.590951932139491,21.958341187558908,0.0,11.0,57.0,177.80000000000018,274.0,304,9.0,104.0,,,0.0,,,,,,2024.0,,,
buyer_compatible_environment,same_siret,12,future_12m,all_appel_offre_sources,publication_year,2025,5483,0.6620463250045595,15.862119277767645,0.0,5.0,50.0,130.0,197.1800000000003,222,10.0,110.0,,,0.0,,,,,,2025.0,,,
buyer_compatible_environment,same_siret,12,future_12m,all_appel_offre_sources,publication_year,2026,2496,0.7055288461538461,4.428685897435898,0.0,1.0,12.0,30.0,69.10000000000036,107,7.0,56.0,,,0.0,,,,,,2026.0,,,
buyer_compatible_environment,same_siret,24,future_24m,all_appel_offre_sources,publication_year,2015,4362,0.9303071985327831,6.032783127005961,0.0,0.0,0.0,8.0,180.0,197,8.0,133.39999999999998,,,0.0,,,,,,2015.0,,,
buyer_compatible_environment,same_siret,24,future_24m,all_appel_offre_sources,publication_year,2016,4957,0.9338309461367763,5.1141819648981235,0.0,0.0,0.0,6.0,180.0,194,13.0,148.60000000000002,,,0.0,,,,,,2016.0,,,
buyer_compatible_environment,same_siret,24,future_24m,all_appel_offre_sources,publication_year,2017,5039,0.9327247469736059,5.432625520936694,0.0,0.0,0.0,6.0,178.6199999999999,189,14.0,147.39999999999998,,,0.0,,,,,,2017.0,,,
buyer_compatible_environment,same_siret,24,future_24m,all_appel_offre_sources,publication_year,2018,5121,0.9222808045303652,6.384495215778168,0.0,0.0,0.0,10.0,194.0,233,14.0,140.0,,,0.0,,,,,,2018.0,,,
buyer_compatible_environment,same_siret,24,future_24m,all_appel_offre_sources,publication_year,2019,5506,0.9033781329458772,8.504722121322194,0.0,0.0,0.0,71.0,224.0,239,9.0,119.0,,,0.0,,,,,,2019.0,,,
buyer_compatible_environment,same_siret,24,future_24m,all_appel_offre_sources,publication_year,2020,4679,0.8907886300491558,10.545201966232101,0.0,0.0,2.0,89.0,230.0,275,10.0,130.0,,,0.0,,,,,,2020.0,,,
buyer_compatible_environment,same_siret,24,future_24m,all_appel_offre_sources,publication_year,2021,5029,0.8739311990455358,15.192682441837343,0.0,0.0,8.0,145.0,332.72000000000025,422,14.0,125.10000000000014,,,0.0,,,,,,2021.0,,,
buyer_compatible_environment,same_siret,24,future_24m,all_appel_offre_sources,publication_year,2022,5106,0.46494320407363887,48.232275754014886,2.0,35.0,204.0,276.0,435.0,467,12.0,127.90000000000009,,,0.0,,,,,,2022.0,,,
buyer_compatible_environment,same_siret,24,future_24m,all_appel_offre_sources,publication_year,2023,5209,0.44999040122864276,34.8170474179305,2.0,35.0,116.0,196.0,323.84000000000015,396,11.0,105.0,,,0.0,,,,,,2023.0,,,
buyer_compatible_environment,same_siret,24,future_24m,all_appel_offre_sources,publication_year,2024,5305,0.5851083883129123,35.780207351555134,0.0,16.0,100.0,317.0,420.0,465,9.0,112.0,,,0.0,,,,,,2024.0,,,
buyer_compatible_environment,same_siret,24,future_24m,all_appel_offre_sources,publication_year,2025,5483,0.6613167973737005,18.316797373700528,0.0,6.0,59.0,139.89999999999964,240.1800000000003,313,10.0,111.0,,,0.0,,,,,,2025.0,,,
buyer_compatible_environment,same_siret,24,future_24m,all_appel_offre_sources,publication_year,2026,2496,0.7055288461538461,4.428685897435898,0.0,1.0,12.0,30.0,69.10000000000036,107,7.0,56.0,,,0.0,,,,,,2026.0,,,
buyer_compatible_environment,same_siret,36,future_36m,all_appel_offre_sources,publication_year,2015,4362,0.9303071985327831,8.8447959651536,0.0,0.0,0.0,9.949999999999818,271.0,280,8.0,133.39999999999998,,,0.0,,,,,,2015.0,,,
buyer_compatible_environment,same_siret,36,future_36m,all_appel_offre_sources,publication_year,2016,4957,0.9332257413758321,7.772443009885011,0.0,0.0,0.0,8.0,272.0,283,13.0,152.0,,,0.0,,,,,,2016.0,,,
buyer_compatible_environment,same_siret,36,future_36m,all_appel_offre_sources,publication_year,2017,5039,0.9323278428259575,8.657670172653305,0.0,0.0,0.0,7.0,287.0,319,15.0,151.0,,,0.0,,,,,,2017.0,,,
buyer_compatible_environment,same_siret,36,future_36m,all_appel_offre_sources,publication_year,2018,5121,0.9213044327279828,9.56141378636985,0.0,0.0,0.0,16.0,312.8000000000002,332,14.0,148.20000000000005,,,0.0,,,,,,2018.0,,,
buyer_compatible_environment,same_siret,36,future_36m,all_appel_offre_sources,publication_year,2019,5506,0.9013803123864874,13.726298583363603,0.0,0.0,0.0,122.75,339.9499999999998,401,10.0,132.0,,,0.0,,,,,,2019.0,,,
buyer_compatible_environment,same_siret,36,future_36m,all_appel_offre_sources,publication_year,2020,4679,0.8897200256465057,18.570207309254116,0.0,0.0,4.0,184.1999999999989,393.5400000000018,518,10.0,134.5,,,0.0,,,,,,2020.0,,,
buyer_compatible_environment,same_siret,36,future_36m,all_appel_offre_sources,publication_year,2021,5029,0.8731358122887254,22.459335852058064,0.0,0.0,11.0,230.1999999999989,527.0,607,14.0,130.60000000000014,,,0.0,,,,,,2021.0,,,
buyer_compatible_environment,same_siret,36,future_36m,all_appel_offre_sources,publication_year,2022,5106,0.46102624363493927,58.3376419898159,2.0,46.0,233.0,346.0,472.7999999999993,572,12.0,139.0,,,0.0,,,,,,2022.0,,,
buyer_compatible_environment,same_siret,36,future_36m,all_appel_offre_sources,publication_year,2023,5209,0.44576694183144555,44.3181032827798,2.0,44.0,143.0,224.59999999999945,472.0,499,11.0,111.0,,,0.0,,,,,,2023.0,,,
buyer_compatible_environment,same_siret,36,future_36m,all_appel_offre_sources,publication_year,2024,5305,0.5847313854853912,37.826390197926486,0.0,17.0,106.0,317.8000000000002,459.96000000000004,513,9.0,114.0,,,0.0,,,,,,2024.0,,,
buyer_compatible_environment,same_siret,36,future_36m,all_appel_offre_sources,publication_year,2025,5483,0.6613167973737005,18.316797373700528,0.0,6.0,59.0,139.89999999999964,240.1800000000003,313,10.0,111.0,,,0.0,,,,,,2025.0,,,
buyer_compatible_environment,same_siret,36,future_36m,all_appel_offre_sources,publication_year,2026,2496,0.7055288461538461,4.428685897435898,0.0,1.0,12.0,30.0,69.10000000000036,107,7.0,56.0,,,0.0,,,,,,2026.0,,,
buyer_compatible_environment,same_siret,60,future_60m,all_appel_offre_sources,publication_year,2015,4362,0.9293901879871619,15.551811095827603,0.0,0.0,0.0,15.0,478.0,496,8.0,138.3,,,0.0,,,,,,2015.0,,,
buyer_compatible_environment,same_siret,60,future_60m,all_appel_offre_sources,publication_year,2016,4957,0.9322170667742586,13.806939681258825,0.0,0.0,0.0,11.0,494.0,505,13.5,167.5,,,0.0,,,,,,2016.0,,,
buyer_compatible_environment,same_siret,60,future_60m,all_appel_offre_sources,publication_year,2017,5039,0.9305417741615399,15.488390553681286,0.0,0.0,0.0,11.0,520.0,587,15.0,184.10000000000025,,,0.0,,,,,,2017.0,,,
buyer_compatible_environment,same_siret,60,future_60m,all_appel_offre_sources,publication_year,2018,5121,0.9189611404022652,19.669986330794767,0.0,0.0,0.0,33.0,556.0,748,15.0,184.80000000000007,,,0.0,,,,,,2018.0,,,
buyer_compatible_environment,same_siret,60,future_60m,all_appel_offre_sources,publication_year,2019,5506,0.8997457319288049,27.466945150744642,0.0,0.0,1.0,257.25,585.9499999999998,831,10.0,152.80000000000007,,,0.0,,,,,,2019.0,,,
buyer_compatible_environment,same_siret,60,future_60m,all_appel_offre_sources,publication_year,2020,4679,0.8895063047659756,27.525967086984398,0.0,0.0,7.0,249.09999999999945,579.1600000000326,797,10.0,136.40000000000003,,,0.0,,,,,,2020.0,,,
buyer_compatible_environment,same_siret,60,future_60m,all_appel_offre_sources,publication_year,2021,5029,0.871743885464307,25.662756015112347,0.0,0.0,15.0,232.59999999999945,597.0,673,14.0,144.60000000000002,,,0.0,,,,,,2021.0,,,
buyer_compatible_environment,same_siret,60,future_60m,all_appel_offre_sources,publication_year,2022,5106,0.4590677634155895,67.35428907168037,3.0,53.75,244.0,410.75,571.9499999999998,616,12.0,144.0,,,0.0,,,,,,2022.0,,,
buyer_compatible_environment,same_siret,60,future_60m,all_appel_offre_sources,publication_year,2023,5209,0.4451910155500096,46.19946246880399,3.0,44.0,148.0,233.0,494.7600000000002,556,11.0,112.0,,,0.0,,,,,,2023.0,,,
buyer_compatible_environment,same_siret,60,future_60m,all_appel_offre_sources,publication_year,2024,5305,0.5847313854853912,37.826390197926486,0.0,17.0,106.0,317.8000000000002,459.96000000000004,513,9.0,114.0,,,0.0,,,,,,2024.0,,,
buyer_compatible_environment,same_siret,60,future_60m,all_appel_offre_sources,publication_year,2025,5483,0.6613167973737005,18.316797373700528,0.0,6.0,59.0,139.89999999999964,240.1800000000003,313,10.0,111.0,,,0.0,,,,,,2025.0,,,
buyer_compatible_environment,same_siret,60,future_60m,all_appel_offre_sources,publication_year,2026,2496,0.7055288461538461,4.428685897435898,0.0,1.0,12.0,30.0,69.10000000000036,107,7.0,56.0,,,0.0,,,,,,2026.0,,,
production_candidate_environment,production_boamp_only,6,expected_end_plus_minus_6m_cap30,production_digital_appel_offre_sources,publication_year,2015,266,0.4323308270676692,2.8684210526315788,1.0,3.0,8.0,12.0,22.350000000000023,24,1294.0,1536.0,1.0,7.5,0.0,0.0813902816403587,,,,,2015.0,,,
production_candidate_environment,production_boamp_only,6,expected_end_plus_minus_6m_cap30,production_digital_appel_offre_sources,publication_year,2016,308,0.4253246753246753,3.2045454545454546,1.0,4.0,9.0,17.0,24.0,30,1279.0,1528.2,1.0,9.0,0.0,0.0843719309219801,,,,,2016.0,,,
production_candidate_environment,production_boamp_only,6,expected_end_plus_minus_6m_cap30,production_digital_appel_offre_sources,publication_year,2017,322,0.40683229813664595,3.841614906832298,1.0,5.0,10.0,19.0,28.79000000000002,30,1284.0,1520.0,1.0,10.0,0.0,0.0771708688501793,,,,,2017.0,,,
production_candidate_environment,production_boamp_only,6,expected_end_plus_minus_6m_cap30,production_digital_appel_offre_sources,publication_year,2018,307,0.49185667752442996,3.0716612377850163,1.0,4.0,11.0,16.0,20.0,23,1190.5,1548.5,1.0,10.400000000000034,0.0,0.0831353810318934,,,,,2018.0,,,
production_candidate_environment,production_boamp_only,6,expected_end_plus_minus_6m_cap30,production_digital_appel_offre_sources,publication_year,2019,314,0.4745222929936306,2.3184713375796178,1.0,3.0,6.0,10.699999999999932,22.870000000000005,24,1225.0,1495.4,1.0,5.0,0.0,0.0731975620565096,,,,,2019.0,,,
production_candidate_environment,production_boamp_only,6,expected_end_plus_minus_6m_cap30,production_digital_appel_offre_sources,publication_year,2020,259,0.5791505791505791,1.8725868725868726,0.0,2.0,6.0,9.099999999999994,17.419999999999987,21,1091.0,1532.8,0.0,6.0,0.0,0.0972709363823014,,,,,2020.0,,,
production_candidate_environment,production_boamp_only,6,expected_end_plus_minus_6m_cap30,production_digital_appel_offre_sources,publication_year,2021,306,0.6895424836601307,1.0980392156862746,0.0,1.0,4.0,6.0,14.899999999999977,22,829.0,1528.0,0.0,4.0,0.0,0.1080083613961975,,,,,2021.0,,,
production_candidate_environment,production_boamp_only,6,expected_end_plus_minus_6m_cap30,production_digital_appel_offre_sources,publication_year,2022,305,0.8032786885245902,0.5442622950819672,0.0,0.0,2.0,3.0,5.9599999999999795,16,1226.5,1384.5,0.0,2.0,0.0,0.08044077616777745,,,,,2022.0,,,
production_candidate_environment,production_boamp_only,6,expected_end_plus_minus_6m_cap30,production_digital_appel_offre_sources,publication_year,2023,283,0.9363957597173145,0.17667844522968199,0.0,0.0,0.0,1.0,4.360000000000014,11,289.5,778.6000000000001,0.0,0.0,0.0,0.1545264946863275,,,,,2023.0,,,
production_candidate_environment,production_boamp_only,6,expected_end_plus_minus_6m_cap30,production_digital_appel_offre_sources,publication_year,2024,210,0.7619047619047619,1.1666666666666667,0.0,0.0,7.0,8.0,10.0,14,120.5,431.0,0.0,5.0,0.0,0.0436696193834084,,,,,2024.0,,,
production_candidate_environment,production_boamp_only,6,expected_end_plus_minus_6m_cap30,production_digital_appel_offre_sources,publication_year,2025,189,0.7195767195767195,0.9523809523809523,0.0,1.0,4.0,6.0,8.0,8,108.0,263.20000000000005,0.0,4.0,0.0,0.0641282294788539,,,,,2025.0,,,
production_candidate_environment,production_boamp_only,6,expected_end_plus_minus_6m_cap30,production_digital_appel_offre_sources,publication_year,2026,90,0.8777777777777778,0.18888888888888888,0.0,0.0,1.0,1.0,3.0,3,85.0,119.0,0.0,1.0,0.0,0.2336722150479133,,,,,2026.0,,,
production_candidate_environment,production_enriched,6,expected_end_plus_minus_6m_cap30,production_digital_appel_offre_sources,publication_year,2015,266,0.41353383458646614,3.345864661654135,1.0,4.0,10.0,16.0,22.0,24,1294.5,1519.5,1.0,8.5,0.0,0.07735121153388225,,,,,2015.0,,,
production_candidate_environment,production_enriched,6,expected_end_plus_minus_6m_cap30,production_digital_appel_offre_sources,publication_year,2016,308,0.39285714285714285,3.7987012987012987,1.0,5.0,13.0,17.0,24.0,28,1281.0,1523.8,1.0,13.0,0.0,0.0954534166289884,,,,,2016.0,,,
production_candidate_environment,production_enriched,6,expected_end_plus_minus_6m_cap30,production_digital_appel_offre_sources,publication_year,2017,322,0.37888198757763975,4.624223602484472,2.0,6.0,15.900000000000034,18.94999999999999,28.0,30,1284.0,1510.3,1.5,15.0,0.0,0.0645318300076779,,,,,2017.0,,,
production_candidate_environment,production_enriched,6,expected_end_plus_minus_6m_cap30,production_digital_appel_offre_sources,publication_year,2018,307,0.42671009771986973,3.960912052117264,1.0,6.0,14.0,16.69999999999999,20.0,23,1282.0,1537.5,1.0,14.0,0.0,0.0702484757857367,,,,,2018.0,,,
production_candidate_environment,production_enriched,6,expected_end_plus_minus_6m_cap30,production_digital_appel_offre_sources,publication_year,2019,314,0.40445859872611467,3.1082802547770703,1.0,4.75,8.0,12.0,22.870000000000005,24,1272.0,1518.8000000000002,1.0,7.0,0.0,0.06216020938685,,,,,2019.0,,,
production_candidate_environment,production_enriched,6,expected_end_plus_minus_6m_cap30,production_digital_appel_offre_sources,publication_year,2020,259,0.4517374517374517,2.6833976833976836,1.0,4.0,9.0,10.0,17.419999999999987,21,1284.0,1587.8,1.0,7.0,0.0,0.0785059413657484,,,,,2020.0,,,
production_candidate_environment,production_enriched,6,expected_end_plus_minus_6m_cap30,production_digital_appel_offre_sources,publication_year,2021,306,0.5098039215686274,1.8758169934640523,0.0,3.0,6.0,8.0,14.949999999999989,22,1298.5,1541.8,0.0,5.0,0.0,0.09750824534073395,,,,,2021.0,,,
production_candidate_environment,production_enriched,6,expected_end_plus_minus_6m_cap30,production_digital_appel_offre_sources,publication_year,2022,305,0.6098360655737705,1.2459016393442623,0.0,1.0,4.0,5.0,11.95999999999998,16,1243.0,1414.4,0.0,4.0,0.0,0.0917377359767545,,,,,2022.0,,,
production_candidate_environment,production_enriched,6,expected_end_plus_minus_6m_cap30,production_digital_appel_offre_sources,publication_year,2023,283,0.8586572438162544,0.4452296819787986,0.0,0.0,1.0,2.0,8.0,17,534.0,992.0,0.0,1.0,0.0,0.1663463877569632,,,,,2023.0,,,
production_candidate_environment,production_enriched,6,expected_end_plus_minus_6m_cap30,production_digital_appel_offre_sources,publication_year,2024,210,0.6666666666666666,1.861904761904762,0.0,2.0,7.0,10.0,20.639999999999986,22,131.0,447.3000000000001,0.0,7.0,0.0,0.0724076596894431,,,,,2024.0,,,
production_candidate_environment,production_enriched,6,expected_end_plus_minus_6m_cap30,production_digital_appel_offre_sources,publication_year,2025,189,0.656084656084656,1.5767195767195767,0.0,2.0,6.0,8.0,17.0,18,77.0,262.4,0.0,5.0,0.0,0.0759961916579763,,,,,2025.0,,,
production_candidate_environment,production_enriched,6,expected_end_plus_minus_6m_cap30,production_digital_appel_offre_sources,publication_year,2026,90,0.8666666666666667,0.25555555555555554,0.0,0.0,1.0,1.5499999999999972,4.109999999999999,5,41.0,118.0,0.0,1.0,0.0,0.21166094553803783,,,,,2026.0,,,
ambient_future_environment,all_future_notices,6,future_6m,all_appel_offre_sources,cpv_division,03,180,0.0,3648.2,3728.5,3906.0,4028.4,4075.0,4207.660000000001,4317,1.0,1.0,,,0.0,,,,,,,03,,
ambient_future_environment,all_future_notices,6,future_6m,all_appel_offre_sources,cpv_division,09,598,0.0,3664.454849498328,3703.0,3896.75,4045.3,4105.3,4310.0599999999995,4333,1.0,1.0,,,0.0,,,,,,,09,,
ambient_future_environment,all_future_notices,6,future_6m,all_appel_offre_sources,cpv_division,14,69,0.0,3628.231884057971,3655.0,3810.0,3982.2000000000003,4071.0,4116.879999999999,4174,1.0,1.0,,,0.0,,,,,,,14,,
ambient_future_environment,all_future_notices,6,future_6m,all_appel_offre_sources,cpv_division,15,739,0.0,3628.4560216508794,3709.0,3876.0,4014.4,4091.1,4265.58,4328,1.0,1.0,,,0.0,,,,,,,15,,
ambient_future_environment,all_future_notices,6,future_6m,all_appel_offre_sources,cpv_division,16,132,0.0,3607.2651515151515,3771.0,3947.5,4054.9,4168.0,4265.28,4297,1.0,1.0,,,0.0,,,,,,,16,,
ambient_future_environment,all_future_notices,6,future_6m,all_appel_offre_sources,cpv_division,18,313,0.0,3683.5303514376997,3709.0,3879.0,4038.6,4114.8,4265.88,4331,1.0,1.0,,,0.0,,,,,,,18,,
ambient_future_environment,all_future_notices,6,future_6m,all_appel_offre_sources,cpv_division,19,76,0.0,3480.6315789473683,3614.0,3820.75,3937.5,4022.0,4093.75,4144,1.0,1.0,,,0.0,,,,,,,19,,
ambient_future_environment,all_future_notices,6,future_6m,all_appel_offre_sources,cpv_division,22,222,0.0,3648.238738738739,3715.0,3882.5,4000.9,4065.7,4329.16,4339,1.0,1.0,,,0.0,,,,,,,22,,
ambient_future_environment,all_future_notices,6,future_6m,all_appel_offre_sources,cpv_division,24,231,0.0,3586.3506493506493,3708.0,3859.0,4034.0,4090.5,4250.7,4318,1.0,1.0,,,0.0,,,,,,,24,,
ambient_future_environment,all_future_notices,6,future_6m,all_appel_offre_sources,cpv_division,30,841,0.0,3630.5862068965516,3711.0,3881.0,4046.0,4121.0,4318.6,4334,1.0,1.0,,,0.0,,,,,,,30,,
ambient_future_environment,all_future_notices,6,future_6m,all_appel_offre_sources,cpv_division,31,412,0.0,3671.5485436893205,3714.5,3892.75,4003.9,4072.9,4295.46,4321,1.0,1.0,,,0.0,,,,,,,31,,
ambient_future_environment,all_future_notices,6,future_6m,all_appel_offre_sources,cpv_division,32,437,0.0,3608.4599542334095,3710.0,3882.0,4038.0,4121.4,4292.0,4337,1.0,1.0,,,0.0,,,,,,,32,,
ambient_future_environment,all_future_notices,6,future_6m,all_appel_offre_sources,cpv_division,33,947,0.0,3602.129883843717,3664.0,3855.0,3998.2,4080.3999999999996,4317.08,4334,1.0,1.0,,,0.0,,,,,,,33,,
ambient_future_environment,all_future_notices,6,future_6m,all_appel_offre_sources,cpv_division,34,1432,0.0,3655.141759776536,3729.0,3900.0,4046.9,4113.0,4320.14,4342,1.0,1.0,,,0.0,,,,,,,34,,
ambient_future_environment,all_future_notices,6,future_6m,all_appel_offre_sources,cpv_division,35,187,0.0,3616.5561497326203,3695.0,3846.0,4046.8,4115.1,4300.68,4333,1.0,1.0,,,0.0,,,,,,,35,,
ambient_future_environment,all_future_notices,6,future_6m,all_appel_offre_sources,cpv_division,37,197,0.0,3602.0659898477156,3744.0,3874.0,4035.2,4170.8,4312.16,4321,1.0,1.0,,,0.0,,,,,,,37,,
ambient_future_environment,all_future_notices,6,future_6m,all_appel_offre_sources,cpv_division,38,493,0.0,3690.782961460446,3727.0,3925.0,4067.8,4176.8,4314.4,4331,1.0,1.0,,,0.0,,,,,,,38,,
ambient_future_environment,all_future_notices,6,future_6m,all_appel_offre_sources,cpv_division,39,1266,0.0,3642.667456556082,3713.0,3898.5,4053.5,4136.0,4287.0,4333,1.0,1.0,,,0.0,,,,,,,39,,
ambient_future_environment,all_future_notices,6,future_6m,all_appel_offre_sources,cpv_division,41,20,0.0,3679.2,3744.5,4020.75,4054.7,4089.75,4253.15,4294,1.0,1.0,,,0.0,,,,,,,41,,
ambient_future_environment,all_future_notices,6,future_6m,all_appel_offre_sources,cpv_division,42,512,0.0,3621.638671875,3717.5,3899.0,4025.3,4128.0,4309.46,4327,1.0,1.0,,,0.0,,,,,,,42,,
ambient_future_environment,all_future_notices,6,future_6m,all_appel_offre_sources,cpv_division,43,115,0.0,3688.7652173913043,3729.0,3878.0,4010.4,4096.599999999999,4325.26,4334,1.0,1.0,,,0.0,,,,,,,43,,
ambient_future_environment,all_future_notices,6,future_6m,all_appel_offre_sources,cpv_division,44,1050,0.0,3659.672380952381,3722.5,3895.0,4056.1,4124.0,4313.02,4339,1.0,1.0,,,0.0,,,,,,,44,,
ambient_future_environment,all_future_notices,6,future_6m,all_appel_offre_sources,cpv_division,45,12527,0.0,3659.7725712461083,3740.0,3921.0,4070.0,4144.0,4311.0,4342,1.0,1.0,,,0.0,,,,,,,45,,
ambient_future_environment,all_future_notices,6,future_6m,all_appel_offre_sources,cpv_division,48,514,0.0,3636.8326848249026,3701.0,3871.75,4028.7,4089.35,4310.67,4339,1.0,1.0,,,0.0,,,,,,,48,,
ambient_future_environment,all_future_notices,6,future_6m,all_appel_offre_sources,cpv_division,50,2108,0.0,3625.862428842505,3729.0,3909.0,4059.0,4149.8499999999985,4294.93,4339,1.0,1.0,,,0.0,,,,,,,50,,
ambient_future_environment,all_future_notices,6,future_6m,all_appel_offre_sources,cpv_division,51,75,0.0,3630.9733333333334,3751.0,3965.5,4034.0,4068.3,4145.14,4174,1.0,1.0,,,0.0,,,,,,,51,,
ambient_future_environment,all_future_notices,6,future_6m,all_appel_offre_sources,cpv_division,55,772,0.0,3636.8044041450776,3730.5,3875.0,4054.0,4121.9,4308.45,4339,1.0,1.0,,,0.0,,,,,,,55,,
ambient_future_environment,all_future_notices,6,future_6m,all_appel_offre_sources,cpv_division,60,729,0.0,3601.3113854595335,3728.0,3904.0,4044.2,4133.8,4310.64,4336,1.0,1.0,,,0.0,,,,,,,60,,
ambient_future_environment,all_future_notices,6,future_6m,all_appel_offre_sources,cpv_division,63,181,0.0,3625.7016574585637,3740.0,3899.0,4067.0,4090.0,4276.4,4331,1.0,1.0,,,0.0,,,,,,,63,,
ambient_future_environment,all_future_notices,6,future_6m,all_appel_offre_sources,cpv_division,64,389,0.0,3655.7480719794344,3679.0,3851.0,4008.6,4093.3999999999996,4286.12,4322,1.0,1.0,,,0.0,,,,,,,64,,
ambient_future_environment,all_future_notices,6,future_6m,all_appel_offre_sources,cpv_division,65,169,0.0,3727.715976331361,3741.0,3957.0,4084.8,4132.4,4170.5199999999995,4331,1.0,1.0,,,0.0,,,,,,,65,,
ambient_future_environment,all_future_notices,6,future_6m,all_appel_offre_sources,cpv_division,66,1706,0.0,3547.1148886283704,3670.5,3844.5,3980.0,4043.5,4185.400000000001,4342,1.0,1.0,,,0.0,,,,,,,66,,
ambient_future_environment,all_future_notices,6,future_6m,all_appel_offre_sources,cpv_division,70,130,0.0,3561.130769230769,3678.0,3909.75,4091.5,4133.25,4241.36,4307,1.0,1.0,,,0.0,,,,,,,70,,
ambient_future_environment,all_future_notices,6,future_6m,all_appel_offre_sources,cpv_division,71,6260,0.0,3668.988338658147,3747.0,3922.0,4070.0,4144.0999999999985,4307.0,4337,1.0,1.0,,,0.0,,,,,,,71,,
ambient_future_environment,all_future_notices,6,future_6m,all_appel_offre_sources,cpv_division,72,1076,0.0,3638.6542750929366,3711.0,3882.0,4057.5,4104.5,4308.25,4341,1.0,1.0,,,0.0,,,,,,,72,,
ambient_future_environment,all_future_notices,6,future_6m,all_appel_offre_sources,cpv_division,73,47,0.0,3672.0851063829787,3707.0,3791.0,3982.7999999999997,4093.6,4179.72,4234,1.0,1.0,,,0.0,,,,,,,73,,
ambient_future_environment,all_future_notices,6,future_6m,all_appel_offre_sources,cpv_division,75,349,0.0,3642.7421203438394,3769.0,3941.0,4075.6,4189.0,4308.24,4333,1.0,1.0,,,0.0,,,,,,,75,,
ambient_future_environment,all_future_notices,6,future_6m,all_appel_offre_sources,cpv_division,76,1,0.0,3933.0,3933.0,3933.0,3933.0,3933.0,3933.0,3933,1.0,1.0,,,0.0,,,,,,,76,,
ambient_future_environment,all_future_notices,6,future_6m,all_appel_offre_sources,cpv_division,77,741,0.0,3643.8987854251013,3770.0,3950.0,4071.0,4186.0,4316.8,4339,1.0,1.0,,,0.0,,,,,,,77,,
ambient_future_environment,all_future_notices,6,future_6m,all_appel_offre_sources,cpv_division,79,2894,0.0,3651.0995162404975,3736.0,3908.75,4062.0,4128.0,4311.07,4336,1.0,1.0,,,0.0,,,,,,,79,,
ambient_future_environment,all_future_notices,6,future_6m,all_appel_offre_sources,cpv_division,80,581,0.0,3651.075731497418,3708.0,3886.0,4028.0,4087.0,4270.0,4334,1.0,1.0,,,0.0,,,,,,,80,,
ambient_future_environment,all_future_notices,6,future_6m,all_appel_offre_sources,cpv_division,85,416,0.0,3595.8798076923076,3709.5,3891.75,4037.5,4105.5,4274.0,4331,1.0,1.0,,,0.0,,,,,,,85,,
ambient_future_environment,all_future_notices,6,future_6m,all_appel_offre_sources,cpv_division,90,2769,0.0,3609.3178042614663,3716.0,3895.0,4047.4000000000005,4101.2,4289.240000000002,4342,1.0,1.0,,,0.0,,,,,,,90,,
ambient_future_environment,all_future_notices,6,future_6m,all_appel_offre_sources,cpv_division,92,628,0.0,3704.109872611465,3756.0,3921.5,4069.3,4173.0,4316.1900000000005,4342,1.0,1.0,,,0.0,,,,,,,92,,
ambient_future_environment,all_future_notices,6,future_6m,all_appel_offre_sources,cpv_division,98,301,0.0,3597.8837209302324,3727.0,3919.0,4030.0,4105.0,4211.0,4300,1.0,1.0,,,0.0,,,,,,,98,,
ambient_future_environment,all_future_notices,6,future_6m,all_appel_offre_sources,cpv_division,nan,12460,0.0,3641.4752006420545,3642.0,3825.0,3994.0,4072.0,4299.41,4342,1.0,1.0,,,0.0,,,,,,,,,
ambient_future_environment,all_future_notices,12,future_12m,all_appel_offre_sources,cpv_division,03,180,0.0,7200.977777777778,7387.0,7741.25,7837.8,7922.05,8034.1,8064,1.0,1.0,,,0.0,,,,,,,03,,
ambient_future_environment,all_future_notices,12,future_12m,all_appel_offre_sources,cpv_division,09,598,0.0,7165.153846153846,7411.5,7744.0,7842.900000000001,7954.0,8052.0,8087,1.0,1.0,,,0.0,,,,,,,09,,
ambient_future_environment,all_future_notices,12,future_12m,all_appel_offre_sources,cpv_division,14,69,0.0,7199.31884057971,7291.0,7669.0,7831.4,7924.799999999999,7986.16,8012,1.0,1.0,,,0.0,,,,,,,14,,
ambient_future_environment,all_future_notices,12,future_12m,all_appel_offre_sources,cpv_division,15,739,0.0,7098.765899864682,7374.0,7725.0,7827.0,7932.8,8063.0,8105,1.0,1.0,,,0.0,,,,,,,15,,
ambient_future_environment,all_future_notices,12,future_12m,all_appel_offre_sources,cpv_division,16,132,0.0,6966.621212121212,7558.0,7747.0,7838.7,7953.099999999999,8024.9,8032,1.0,1.0,,,0.0,,,,,,,16,,
ambient_future_environment,all_future_notices,12,future_12m,all_appel_offre_sources,cpv_division,18,313,0.0,7166.300319488818,7406.0,7709.0,7837.0,7954.0,8061.8,8087,1.0,1.0,,,0.0,,,,,,,18,,
ambient_future_environment,all_future_notices,12,future_12m,all_appel_offre_sources,cpv_division,19,76,0.0,6812.289473684211,7196.5,7597.75,7788.5,7839.75,8047.75,8083,1.0,1.0,,,0.0,,,,,,,19,,
ambient_future_environment,all_future_notices,12,future_12m,all_appel_offre_sources,cpv_division,22,222,0.0,7180.252252252252,7409.0,7729.5,7851.5,8001.9,8052.0,8091,1.0,1.0,,,0.0,,,,,,,22,,
ambient_future_environment,all_future_notices,12,future_12m,all_appel_offre_sources,cpv_division,24,231,0.0,6905.818181818182,7351.0,7711.0,7835.0,7960.0,8047.9,8079,1.0,1.0,,,0.0,,,,,,,24,,
ambient_future_environment,all_future_notices,12,future_12m,all_appel_offre_sources,cpv_division,30,841,0.0,7123.2818073721755,7379.0,7728.0,7839.0,7980.0,8078.6,8107,1.0,1.0,,,0.0,,,,,,,30,,
ambient_future_environment,all_future_notices,12,future_12m,all_appel_offre_sources,cpv_division,31,412,0.0,7177.388349514563,7318.0,7695.0,7825.0,7901.75,8049.45,8107,1.0,1.0,,,0.0,,,,,,,31,,
ambient_future_environment,all_future_notices,12,future_12m,all_appel_offre_sources,cpv_division,32,437,0.0,7076.915331807781,7377.0,7725.0,7836.8,7950.4,8053.96,8079,1.0,1.0,,,0.0,,,,,,,32,,
ambient_future_environment,all_future_notices,12,future_12m,all_appel_offre_sources,cpv_division,33,947,0.0,7053.4551214361145,7217.0,7650.0,7803.4,7887.7,8046.4,8107,1.0,1.0,,,0.0,,,,,,,33,,
ambient_future_environment,all_future_notices,12,future_12m,all_appel_offre_sources,cpv_division,34,1432,0.0,7116.020949720671,7397.5,7733.0,7840.0,7953.45,8057.0,8079,1.0,1.0,,,0.0,,,,,,,34,,
ambient_future_environment,all_future_notices,12,future_12m,all_appel_offre_sources,cpv_division,35,187,0.0,7068.4812834224595,7208.0,7731.5,7828.0,7917.2,8058.7,8090,1.0,1.0,,,0.0,,,,,,,35,,
ambient_future_environment,all_future_notices,12,future_12m,all_appel_offre_sources,cpv_division,37,197,0.0,7001.725888324873,7404.0,7695.0,7788.0,7848.4,8019.5599999999995,8060,1.0,1.0,,,0.0,,,,,,,37,,
ambient_future_environment,all_future_notices,12,future_12m,all_appel_offre_sources,cpv_division,38,493,0.0,7261.697768762678,7440.0,7780.0,7902.0,8005.4,8075.0,8088,1.0,1.0,,,0.0,,,,,,,38,,
ambient_future_environment,all_future_notices,12,future_12m,all_appel_offre_sources,cpv_division,39,1266,0.0,7096.129541864139,7403.0,7718.0,7837.0,7987.5,8064.75,8105,1.0,1.0,,,0.0,,,,,,,39,,
ambient_future_environment,all_future_notices,12,future_12m,all_appel_offre_sources,cpv_division,41,20,0.0,6985.1,7523.5,7794.0,7835.8,7852.05,7989.61,8024,1.0,1.0,,,0.0,,,,,,,41,,
ambient_future_environment,all_future_notices,12,future_12m,all_appel_offre_sources,cpv_division,42,512,0.0,7056.337890625,7406.0,7722.0,7839.0,7958.15,8041.89,8060,1.0,1.0,,,0.0,,,,,,,42,,
ambient_future_environment,all_future_notices,12,future_12m,all_appel_offre_sources,cpv_division,43,115,0.0,7248.947826086956,7431.0,7667.5,7877.400000000001,7996.9,8021.3,8057,1.0,1.0,,,0.0,,,,,,,43,,
ambient_future_environment,all_future_notices,12,future_12m,all_appel_offre_sources,cpv_division,44,1050,0.0,7149.069523809524,7400.0,7734.75,7852.0,7972.55,8051.51,8087,1.0,1.0,,,0.0,,,,,,,44,,
ambient_future_environment,all_future_notices,12,future_12m,all_appel_offre_sources,cpv_division,45,12527,0.0,7125.4254011335515,7478.0,7744.0,7859.0,7980.0,8060.0,8107,1.0,1.0,,,0.0,,,,,,,45,,
ambient_future_environment,all_future_notices,12,future_12m,all_appel_offre_sources,cpv_division,48,514,0.0,7144.544747081712,7363.0,7722.0,7814.0,7933.75,8032.0,8063,1.0,1.0,,,0.0,,,,,,,48,,
ambient_future_environment,all_future_notices,12,future_12m,all_appel_offre_sources,cpv_division,50,2108,0.0,7019.193548387097,7421.0,7729.0,7843.0,7979.65,8052.0,8107,1.0,1.0,,,0.0,,,,,,,50,,
ambient_future_environment,all_future_notices,12,future_12m,all_appel_offre_sources,cpv_division,51,75,0.0,7000.573333333334,7564.0,7783.0,7837.6,7934.5,8031.46,8047,1.0,1.0,,,0.0,,,,,,,51,,
ambient_future_environment,all_future_notices,12,future_12m,all_appel_offre_sources,cpv_division,55,772,0.0,7101.922279792746,7407.0,7728.0,7845.8,7971.0,8066.0,8107,1.0,1.0,,,0.0,,,,,,,55,,
ambient_future_environment,all_future_notices,12,future_12m,all_appel_offre_sources,cpv_division,60,729,0.0,7010.064471879286,7431.0,7725.0,7836.4,7971.0,8055.0,8075,1.0,1.0,,,0.0,,,,,,,60,,
ambient_future_environment,all_future_notices,12,future_12m,all_appel_offre_sources,cpv_division,63,181,0.0,7029.309392265193,7431.0,7718.0,7842.0,7981.0,8052.4,8072,1.0,1.0,,,0.0,,,,,,,63,,
ambient_future_environment,all_future_notices,12,future_12m,all_appel_offre_sources,cpv_division,64,389,0.0,7254.658097686375,7354.0,7695.0,7821.2,7881.6,8055.24,8078,1.0,1.0,,,0.0,,,,,,,64,,
ambient_future_environment,all_future_notices,12,future_12m,all_appel_offre_sources,cpv_division,65,169,0.0,7304.142011834319,7378.0,7758.0,7993.2,8056.2,8067.64,8087,1.0,1.0,,,0.0,,,,,,,65,,
ambient_future_environment,all_future_notices,12,future_12m,all_appel_offre_sources,cpv_division,66,1706,0.0,7029.475381008207,7384.0,7718.0,7839.0,7926.0,8036.0,8083,1.0,1.0,,,0.0,,,,,,,66,,
ambient_future_environment,all_future_notices,12,future_12m,all_appel_offre_sources,cpv_division,70,130,0.0,6888.415384615385,7514.0,7783.75,7836.900000000001,7934.7,8054.23,8105,1.0,1.0,,,0.0,,,,,,,70,,
ambient_future_environment,all_future_notices,12,future_12m,all_appel_offre_sources,cpv_division,71,6260,0.0,7137.338338658147,7523.0,7748.0,7871.0,7988.0,8066.0,8107,1.0,1.0,,,0.0,,,,,,,71,,
ambient_future_environment,all_future_notices,12,future_12m,all_appel_offre_sources,cpv_division,72,1076,0.0,7100.543680297398,7416.5,7744.25,7866.0,7964.5,8055.0,8083,1.0,1.0,,,0.0,,,,,,,72,,
ambient_future_environment,all_future_notices,12,future_12m,all_appel_offre_sources,cpv_division,73,47,0.0,7326.31914893617,7473.0,7628.5,7756.2,7790.6,7933.44,8019,1.0,1.0,,,0.0,,,,,,,73,,
ambient_future_environment,all_future_notices,12,future_12m,all_appel_offre_sources,cpv_division,75,349,0.0,7058.790830945559,7484.0,7737.0,7895.4,7997.8,8059.0,8105,1.0,1.0,,,0.0,,,,,,,75,,
ambient_future_environment,all_future_notices,12,future_12m,all_appel_offre_sources,cpv_division,76,1,0.0,7788.0,7788.0,7788.0,7788.0,7788.0,7788.0,7788,1.0,1.0,,,0.0,,,,,,,76,,
ambient_future_environment,all_future_notices,12,future_12m,all_appel_offre_sources,cpv_division,77,741,0.0,6920.059379217274,7438.0,7742.0,7874.0,8000.0,8057.6,8080,1.0,1.0,,,0.0,,,,,,,77,,
ambient_future_environment,all_future_notices,12,future_12m,all_appel_offre_sources,cpv_division,79,2894,0.0,7116.546302695231,7436.0,7746.0,7866.0,7991.0,8059.280000000001,8105,1.0,1.0,,,0.0,,,,,,,79,,
ambient_future_environment,all_future_notices,12,future_12m,all_appel_offre_sources,cpv_division,80,581,0.0,7162.631669535284,7374.0,7718.0,7806.0,7962.0,8052.0,8107,1.0,1.0,,,0.0,,,,,,,80,,
ambient_future_environment,all_future_notices,12,future_12m,all_appel_offre_sources,cpv_division,85,416,0.0,6977.521634615385,7418.5,7737.0,7824.0,7974.25,8068.55,8105,1.0,1.0,,,0.0,,,,,,,85,,
ambient_future_environment,all_future_notices,12,future_12m,all_appel_offre_sources,cpv_division,90,2769,0.0,6999.179848320693,7423.0,7732.0,7841.0,7970.0,8057.32,8105,1.0,1.0,,,0.0,,,,,,,90,,
ambient_future_environment,all_future_notices,12,future_12m,all_appel_offre_sources,cpv_division,92,628,0.0,7188.37898089172,7512.5,7741.5,7851.5,7993.3,8055.1900000000005,8078,1.0,1.0,,,0.0,,,,,,,92,,
ambient_future_environment,all_future_notices,12,future_12m,all_appel_offre_sources,cpv_division,98,301,0.0,7010.199335548173,7532.0,7721.0,7841.0,8000.0,8059.0,8105,1.0,1.0,,,0.0,,,,,,,98,,
ambient_future_environment,all_future_notices,12,future_12m,all_appel_offre_sources,cpv_division,nan,12460,0.0,7213.208988764045,7205.0,7619.0,7796.0,7855.0,8037.23,8107,1.0,1.0,,,0.0,,,,,,,,,
ambient_future_environment,all_future_notices,24,future_24m,all_appel_offre_sources,cpv_division,03,180,0.0,13793.33888888889,14793.0,15207.0,15647.0,15702.9,15773.36,15838,1.0,1.0,,,0.0,,,,,,,03,,
ambient_future_environment,all_future_notices,24,future_24m,all_appel_offre_sources,cpv_division,09,598,0.0,13605.551839464883,14807.5,15379.0,15680.6,15722.15,15775.24,15836,1.0,1.0,,,0.0,,,,,,,09,,
ambient_future_environment,all_future_notices,24,future_24m,all_appel_offre_sources,cpv_division,14,69,0.0,14231.565217391304,14758.0,15225.0,15681.2,15715.0,15730.56,15736,1.0,1.0,,,0.0,,,,,,,14,,
ambient_future_environment,all_future_notices,24,future_24m,all_appel_offre_sources,cpv_division,15,739,0.0,13410.14749661705,14691.0,15183.5,15682.4,15731.2,15785.62,15835,1.0,1.0,,,0.0,,,,,,,15,,
ambient_future_environment,all_future_notices,24,future_24m,all_appel_offre_sources,cpv_division,16,132,0.0,13150.65909090909,14822.5,15413.75,15687.9,15748.15,15789.77,15820,1.0,1.0,,,0.0,,,,,,,16,,
ambient_future_environment,all_future_notices,24,future_24m,all_appel_offre_sources,cpv_division,18,313,0.0,13464.52715654952,14822.0,15233.0,15640.6,15712.8,15792.72,15851,1.0,1.0,,,0.0,,,,,,,18,,
ambient_future_environment,all_future_notices,24,future_24m,all_appel_offre_sources,cpv_division,19,76,0.0,13116.947368421053,14560.0,15093.75,15519.5,15715.25,15767.25,15783,1.0,1.0,,,0.0,,,,,,,19,,
ambient_future_environment,all_future_notices,24,future_24m,all_appel_offre_sources,cpv_division,22,222,0.0,13771.995495495496,14784.0,15261.0,15693.0,15714.95,15800.35,15836,1.0,1.0,,,0.0,,,,,,,22,,
ambient_future_environment,all_future_notices,24,future_24m,all_appel_offre_sources,cpv_division,24,231,0.0,12831.17748917749,14681.0,15120.0,15688.0,15725.0,15768.699999999999,15814,1.0,1.0,,,0.0,,,,,,,24,,
ambient_future_environment,all_future_notices,24,future_24m,all_appel_offre_sources,cpv_division,30,841,0.0,13670.370986920332,14751.0,15220.0,15693.0,15731.0,15799.2,15868,1.0,1.0,,,0.0,,,,,,,30,,
ambient_future_environment,all_future_notices,24,future_24m,all_appel_offre_sources,cpv_division,31,412,0.0,13690.521844660194,14764.0,15142.5,15624.7,15692.25,15787.45,15829,1.0,1.0,,,0.0,,,,,,,31,,
ambient_future_environment,all_future_notices,24,future_24m,all_appel_offre_sources,cpv_division,32,437,0.0,13553.645308924486,14772.0,15233.0,15687.0,15735.2,15800.2,15835,1.0,1.0,,,0.0,,,,,,,32,,
ambient_future_environment,all_future_notices,24,future_24m,all_appel_offre_sources,cpv_division,33,947,0.0,13576.18373812038,14608.0,15094.0,15631.2,15706.7,15773.0,15848,1.0,1.0,,,0.0,,,,,,,33,,
ambient_future_environment,all_future_notices,24,future_24m,all_appel_offre_sources,cpv_division,34,1432,0.0,13564.754888268157,14751.5,15214.0,15677.0,15722.45,15796.76,15868,1.0,1.0,,,0.0,,,,,,,34,,
ambient_future_environment,all_future_notices,24,future_24m,all_appel_offre_sources,cpv_division,35,187,0.0,13473.652406417112,14492.0,15024.5,15578.8,15690.5,15773.539999999999,15810,1.0,1.0,,,0.0,,,,,,,35,,
ambient_future_environment,all_future_notices,24,future_24m,all_appel_offre_sources,cpv_division,37,197,0.0,13394.604060913705,14738.0,15315.0,15619.2,15705.0,15807.88,15829,1.0,1.0,,,0.0,,,,,,,37,,
ambient_future_environment,all_future_notices,24,future_24m,all_appel_offre_sources,cpv_division,38,493,0.0,13733.19878296146,14795.0,15228.0,15684.0,15712.0,15793.08,15848,1.0,1.0,,,0.0,,,,,,,38,,
ambient_future_environment,all_future_notices,24,future_24m,all_appel_offre_sources,cpv_division,39,1266,0.0,13440.154028436018,14780.0,15197.25,15679.5,15719.0,15791.35,15830,1.0,1.0,,,0.0,,,,,,,39,,
ambient_future_environment,all_future_notices,24,future_24m,all_appel_offre_sources,cpv_division,41,20,0.0,13274.0,14845.0,15061.75,15656.0,15712.85,15756.17,15767,1.0,1.0,,,0.0,,,,,,,41,,
ambient_future_environment,all_future_notices,24,future_24m,all_appel_offre_sources,cpv_division,42,512,0.0,13472.357421875,14729.0,15209.5,15679.6,15724.7,15806.56,15848,1.0,1.0,,,0.0,,,,,,,42,,
ambient_future_environment,all_future_notices,24,future_24m,all_appel_offre_sources,cpv_division,43,115,0.0,13972.504347826087,14800.0,15411.5,15651.8,15708.1,15775.16,15830,1.0,1.0,,,0.0,,,,,,,43,,
ambient_future_environment,all_future_notices,24,future_24m,all_appel_offre_sources,cpv_division,44,1050,0.0,13688.15142857143,14756.0,15202.0,15688.1,15736.0,15801.0,15868,1.0,1.0,,,0.0,,,,,,,44,,
ambient_future_environment,all_future_notices,24,future_24m,all_appel_offre_sources,cpv_division,45,12527,0.0,13515.843937095873,14822.0,15390.0,15690.4,15737.0,15806.0,15868,1.0,1.0,,,0.0,,,,,,,45,,
ambient_future_environment,all_future_notices,24,future_24m,all_appel_offre_sources,cpv_division,48,514,0.0,13839.782101167315,14755.0,15192.5,15679.4,15736.0,15802.61,15837,1.0,1.0,,,0.0,,,,,,,48,,
ambient_future_environment,all_future_notices,24,future_24m,all_appel_offre_sources,cpv_division,50,2108,0.0,13200.435483870968,14760.0,15216.25,15670.5,15723.65,15792.0,15868,1.0,1.0,,,0.0,,,,,,,50,,
ambient_future_environment,all_future_notices,24,future_24m,all_appel_offre_sources,cpv_division,51,75,0.0,12635.36,14872.0,15415.5,15675.0,15726.5,15771.84,15797,1.0,1.0,,,0.0,,,,,,,51,,
ambient_future_environment,all_future_notices,24,future_24m,all_appel_offre_sources,cpv_division,55,772,0.0,13481.433937823835,14742.5,15224.0,15691.0,15723.0,15789.29,15857,1.0,1.0,,,0.0,,,,,,,55,,
ambient_future_environment,all_future_notices,24,future_24m,all_appel_offre_sources,cpv_division,60,729,0.0,13374.9670781893,14772.0,15360.0,15690.0,15730.2,15795.0,15857,1.0,1.0,,,0.0,,,,,,,60,,
ambient_future_environment,all_future_notices,24,future_24m,all_appel_offre_sources,cpv_division,63,181,0.0,13132.972375690608,14769.0,15225.0,15670.0,15718.0,15759.0,15806,1.0,1.0,,,0.0,,,,,,,63,,
ambient_future_environment,all_future_notices,24,future_24m,all_appel_offre_sources,cpv_division,64,389,0.0,14221.64267352185,14735.0,15171.0,15649.2,15721.6,15783.04,15810,1.0,1.0,,,0.0,,,,,,,64,,
ambient_future_environment,all_future_notices,24,future_24m,all_appel_offre_sources,cpv_division,65,169,0.0,13718.615384615385,14704.0,15358.0,15684.0,15730.2,15766.84,15798,1.0,1.0,,,0.0,,,,,,,65,,
ambient_future_environment,all_future_notices,24,future_24m,all_appel_offre_sources,cpv_division,66,1706,0.0,13255.420281359906,14736.0,15370.75,15648.5,15708.75,15773.95,15834,1.0,1.0,,,0.0,,,,,,,66,,
ambient_future_environment,all_future_notices,24,future_24m,all_appel_offre_sources,cpv_division,70,130,0.0,12733.63076923077,14815.0,15401.0,15688.2,15722.1,15796.48,15827,1.0,1.0,,,0.0,,,,,,,70,,
ambient_future_environment,all_future_notices,24,future_24m,all_appel_offre_sources,cpv_division,71,6260,0.0,13469.942971246006,14846.0,15434.25,15698.1,15742.0,15804.23,15868,1.0,1.0,,,0.0,,,,,,,71,,
ambient_future_environment,all_future_notices,24,future_24m,all_appel_offre_sources,cpv_division,72,1076,0.0,13498.340148698884,14828.5,15376.75,15691.0,15729.25,15780.0,15868,1.0,1.0,,,0.0,,,,,,,72,,
ambient_future_environment,all_future_notices,24,future_24m,all_appel_offre_sources,cpv_division,73,47,0.0,14336.893617021276,15031.0,15306.0,15629.2,15673.8,15763.28,15801,1.0,1.0,,,0.0,,,,,,,73,,
ambient_future_environment,all_future_notices,24,future_24m,all_appel_offre_sources,cpv_division,75,349,0.0,13388.260744985673,14847.0,15481.0,15699.0,15770.8,15829.72,15857,1.0,1.0,,,0.0,,,,,,,75,,
ambient_future_environment,all_future_notices,24,future_24m,all_appel_offre_sources,cpv_division,76,1,0.0,13666.0,13666.0,13666.0,13666.0,13666.0,13666.0,13666,1.0,1.0,,,0.0,,,,,,,76,,
ambient_future_environment,all_future_notices,24,future_24m,all_appel_offre_sources,cpv_division,77,741,0.0,12863.462887989204,14824.0,15376.0,15685.0,15731.0,15800.0,15857,1.0,1.0,,,0.0,,,,,,,77,,
ambient_future_environment,all_future_notices,24,future_24m,all_appel_offre_sources,cpv_division,79,2894,0.0,13514.766758811335,14822.0,15388.25,15688.0,15731.0,15797.0,15857,1.0,1.0,,,0.0,,,,,,,79,,
ambient_future_environment,all_future_notices,24,future_24m,all_appel_offre_sources,cpv_division,80,581,0.0,13826.306368330464,14743.0,15191.0,15650.0,15720.0,15806.2,15817,1.0,1.0,,,0.0,,,,,,,80,,
ambient_future_environment,all_future_notices,24,future_24m,all_appel_offre_sources,cpv_division,85,416,0.0,13036.771634615385,14802.5,15312.0,15694.5,15733.5,15807.8,15828,1.0,1.0,,,0.0,,,,,,,85,,
ambient_future_environment,all_future_notices,24,future_24m,all_appel_offre_sources,cpv_division,90,2769,0.0,13180.717226435536,14803.0,15321.0,15689.0,15733.0,15792.32,15868,1.0,1.0,,,0.0,,,,,,,90,,
ambient_future_environment,all_future_notices,24,future_24m,all_appel_offre_sources,cpv_division,92,628,0.0,13633.839171974523,14847.5,15397.0,15705.3,15744.0,15827.11,15865,1.0,1.0,,,0.0,,,,,,,92,,
ambient_future_environment,all_future_notices,24,future_24m,all_appel_offre_sources,cpv_division,98,301,0.0,13213.295681063122,14829.0,15406.0,15665.0,15702.0,15803.0,15828,1.0,1.0,,,0.0,,,,,,,98,,
ambient_future_environment,all_future_notices,24,future_24m,all_appel_offre_sources,cpv_division,nan,12460,0.0,14209.688523274479,14685.0,15066.0,15595.0,15710.0,15798.0,15868,1.0,1.0,,,0.0,,,,,,,,,
ambient_future_environment,all_future_notices,36,future_36m,all_appel_offre_sources,cpv_division,03,180,0.0,19597.283333333333,22091.5,22526.75,23318.3,23440.2,23490.26,23514,1.0,1.0,,,0.0,,,,,,,03,,
ambient_future_environment,all_future_notices,36,future_36m,all_appel_offre_sources,cpv_division,09,598,0.0,19367.46153846154,22095.5,22734.75,23406.6,23449.0,23476.03,23494,1.0,1.0,,,0.0,,,,,,,09,,
ambient_future_environment,all_future_notices,36,future_36m,all_appel_offre_sources,cpv_division,14,69,0.0,20443.101449275364,22050.0,22253.0,23223.2,23355.4,23456.76,23469,1.0,1.0,,,0.0,,,,,,,14,,
ambient_future_environment,all_future_notices,36,future_36m,all_appel_offre_sources,cpv_division,15,739,0.0,18917.53450608931,22078.0,22643.0,23320.0,23433.1,23494.0,23518,1.0,1.0,,,0.0,,,,,,,15,,
ambient_future_environment,all_future_notices,36,future_36m,all_appel_offre_sources,cpv_division,16,132,0.0,18388.719696969696,22104.0,22973.5,23397.7,23431.8,23466.76,23476,1.0,1.0,,,0.0,,,,,,,16,,
ambient_future_environment,all_future_notices,36,future_36m,all_appel_offre_sources,cpv_division,18,313,0.0,18946.287539936104,22075.0,23028.0,23332.0,23430.0,23495.36,23514,1.0,1.0,,,0.0,,,,,,,18,,
ambient_future_environment,all_future_notices,36,future_36m,all_appel_offre_sources,cpv_division,19,76,0.0,18959.0,22002.5,22275.75,23154.0,23345.75,23477.5,23482,1.0,1.0,,,0.0,,,,,,,19,,
ambient_future_environment,all_future_notices,36,future_36m,all_appel_offre_sources,cpv_division,22,222,0.0,19767.292792792792,22148.5,23000.25,23423.9,23456.9,23502.37,23507,1.0,1.0,,,0.0,,,,,,,22,,
ambient_future_environment,all_future_notices,36,future_36m,all_appel_offre_sources,cpv_division,24,231,0.0,18035.974025974025,22099.0,22746.0,23324.0,23442.0,23491.0,23518,1.0,1.0,,,0.0,,,,,,,24,,
ambient_future_environment,all_future_notices,36,future_36m,all_appel_offre_sources,cpv_division,30,841,0.0,19645.030915576695,22131.0,22874.0,23393.0,23445.0,23477.6,23518,1.0,1.0,,,0.0,,,,,,,30,,
ambient_future_environment,all_future_notices,36,future_36m,all_appel_offre_sources,cpv_division,31,412,0.0,19541.558252427185,22088.5,22445.0,23227.7,23410.35,23463.56,23504,1.0,1.0,,,0.0,,,,,,,31,,
ambient_future_environment,all_future_notices,36,future_36m,all_appel_offre_sources,cpv_division,32,437,0.0,19446.272311212815,22131.0,22742.0,23378.8,23450.0,23495.48,23518,1.0,1.0,,,0.0,,,,,,,32,,
ambient_future_environment,all_future_notices,36,future_36m,all_appel_offre_sources,cpv_division,33,947,0.0,19656.70221752904,22110.0,22309.5,23272.4,23414.7,23464.0,23507,1.0,1.0,,,0.0,,,,,,,33,,
ambient_future_environment,all_future_notices,36,future_36m,all_appel_offre_sources,cpv_division,34,1432,0.0,19277.412709497206,22105.0,22494.25,23324.0,23438.45,23476.69,23512,1.0,1.0,,,0.0,,,,,,,34,,
ambient_future_environment,all_future_notices,36,future_36m,all_appel_offre_sources,cpv_division,35,187,0.0,19191.14438502674,22053.0,22258.0,23279.4,23326.7,23444.7,23476,1.0,1.0,,,0.0,,,,,,,35,,
ambient_future_environment,all_future_notices,36,future_36m,all_appel_offre_sources,cpv_division,37,197,0.0,18844.939086294416,22054.0,22289.0,23272.4,23376.4,23452.56,23496,1.0,1.0,,,0.0,,,,,,,37,,
ambient_future_environment,all_future_notices,36,future_36m,all_appel_offre_sources,cpv_division,38,493,0.0,19220.24746450304,22116.0,22758.0,23398.8,23449.0,23478.2,23504,1.0,1.0,,,0.0,,,,,,,38,,
ambient_future_environment,all_future_notices,36,future_36m,all_appel_offre_sources,cpv_division,39,1266,0.0,18975.00157977883,22073.0,22659.0,23323.0,23428.0,23471.1,23500,1.0,1.0,,,0.0,,,,,,,39,,
ambient_future_environment,all_future_notices,36,future_36m,all_appel_offre_sources,cpv_division,41,20,0.0,19202.5,22201.5,22259.75,23433.0,23461.9,23490.78,23498,1.0,1.0,,,0.0,,,,,,,41,,
ambient_future_environment,all_future_notices,36,future_36m,all_appel_offre_sources,cpv_division,42,512,0.0,19355.591796875,22137.0,22751.5,23374.0,23434.0,23486.23,23507,1.0,1.0,,,0.0,,,,,,,42,,
ambient_future_environment,all_future_notices,36,future_36m,all_appel_offre_sources,cpv_division,43,115,0.0,20317.721739130433,22159.0,23045.5,23342.2,23434.3,23466.44,23501,1.0,1.0,,,0.0,,,,,,,43,,
ambient_future_environment,all_future_notices,36,future_36m,all_appel_offre_sources,cpv_division,44,1050,0.0,19647.02666666667,22146.0,22751.25,23400.2,23449.55,23489.0,23514,1.0,1.0,,,0.0,,,,,,,44,,
ambient_future_environment,all_future_notices,36,future_36m,all_appel_offre_sources,cpv_division,45,12527,0.0,19061.25999840345,22133.0,22999.0,23390.0,23448.0,23487.0,23520,1.0,1.0,,,0.0,,,,,,,45,,
ambient_future_environment,all_future_notices,36,future_36m,all_appel_offre_sources,cpv_division,48,514,0.0,19942.43579766537,22117.0,22729.5,23405.7,23441.4,23475.09,23500,1.0,1.0,,,0.0,,,,,,,48,,
ambient_future_environment,all_future_notices,36,future_36m,all_appel_offre_sources,cpv_division,50,2108,0.0,18472.79981024668,22072.5,22788.75,23357.0,23448.0,23488.0,23514,1.0,1.0,,,0.0,,,,,,,50,,
ambient_future_environment,all_future_notices,36,future_36m,all_appel_offre_sources,cpv_division,51,75,0.0,17353.413333333334,22031.0,22664.0,23311.8,23442.3,23474.1,23500,1.0,1.0,,,0.0,,,,,,,51,,
ambient_future_environment,all_future_notices,36,future_36m,all_appel_offre_sources,cpv_division,55,772,0.0,19110.151554404147,22117.5,23016.75,23346.6,23439.0,23476.29,23514,1.0,1.0,,,0.0,,,,,,,55,,
ambient_future_environment,all_future_notices,36,future_36m,all_appel_offre_sources,cpv_division,60,729,0.0,18952.283950617282,22099.0,22834.0,23394.0,23443.0,23479.16,23498,1.0,1.0,,,0.0,,,,,,,60,,
ambient_future_environment,all_future_notices,36,future_36m,all_appel_offre_sources,cpv_division,63,181,0.0,18358.86740331492,22080.0,22612.0,23250.0,23383.0,23439.0,23478,1.0,1.0,,,0.0,,,,,,,63,,
ambient_future_environment,all_future_notices,36,future_36m,all_appel_offre_sources,cpv_division,64,389,0.0,20727.55526992288,22153.0,22788.0,23311.8,23395.0,23452.0,23489,1.0,1.0,,,0.0,,,,,,,64,,
ambient_future_environment,all_future_notices,36,future_36m,all_appel_offre_sources,cpv_division,65,169,0.0,19495.650887573964,22138.0,23135.0,23440.0,23455.8,23483.12,23512,1.0,1.0,,,0.0,,,,,,,65,,
ambient_future_environment,all_future_notices,36,future_36m,all_appel_offre_sources,cpv_division,66,1706,0.0,18653.42614302462,22043.0,22649.0,23318.0,23439.0,23488.95,23509,1.0,1.0,,,0.0,,,,,,,66,,
ambient_future_environment,all_future_notices,36,future_36m,all_appel_offre_sources,cpv_division,70,130,0.0,17747.684615384616,22051.0,22736.25,23402.4,23443.3,23494.0,23509,1.0,1.0,,,0.0,,,,,,,70,,
ambient_future_environment,all_future_notices,36,future_36m,all_appel_offre_sources,cpv_division,71,6260,0.0,18920.70111821086,22119.0,23090.0,23413.0,23449.0,23486.0,23518,1.0,1.0,,,0.0,,,,,,,71,,
ambient_future_environment,all_future_notices,36,future_36m,all_appel_offre_sources,cpv_division,72,1076,0.0,19102.67100371747,22126.0,22960.0,23383.0,23444.0,23479.75,23514,1.0,1.0,,,0.0,,,,,,,72,,
ambient_future_environment,all_future_notices,36,future_36m,all_appel_offre_sources,cpv_division,73,47,0.0,20535.957446808512,22159.0,23199.5,23314.2,23387.6,23445.72,23454,1.0,1.0,,,0.0,,,,,,,73,,
ambient_future_environment,all_future_notices,36,future_36m,all_appel_offre_sources,cpv_division,75,349,0.0,19097.381088825216,22172.0,23149.0,23420.0,23450.8,23494.0,23501,1.0,1.0,,,0.0,,,,,,,75,,
ambient_future_environment,all_future_notices,36,future_36m,all_appel_offre_sources,cpv_division,76,1,0.0,13666.0,13666.0,13666.0,13666.0,13666.0,13666.0,13666,1.0,1.0,,,0.0,,,,,,,76,,
ambient_future_environment,all_future_notices,36,future_36m,all_appel_offre_sources,cpv_division,77,741,0.0,17980.819163292846,22057.0,22788.0,23410.0,23445.0,23489.6,23512,1.0,1.0,,,0.0,,,,,,,77,,
ambient_future_environment,all_future_notices,36,future_36m,all_appel_offre_sources,cpv_division,79,2894,0.0,19108.86834830684,22126.0,23023.75,23376.100000000002,23446.0,23485.07,23520,1.0,1.0,,,0.0,,,,,,,79,,
ambient_future_environment,all_future_notices,36,future_36m,all_appel_offre_sources,cpv_division,80,581,0.0,19866.559380378658,22138.0,22437.0,23331.0,23437.0,23486.4,23507,1.0,1.0,,,0.0,,,,,,,80,,
ambient_future_environment,all_future_notices,36,future_36m,all_appel_offre_sources,cpv_division,85,416,0.0,18311.98798076923,22061.0,23068.75,23320.0,23425.25,23476.85,23499,1.0,1.0,,,0.0,,,,,,,85,,
ambient_future_environment,all_future_notices,36,future_36m,all_appel_offre_sources,cpv_division,90,2769,0.0,18594.711809317443,22121.0,23038.0,23398.0,23446.0,23480.32,23514,1.0,1.0,,,0.0,,,,,,,90,,
ambient_future_environment,all_future_notices,36,future_36m,all_appel_offre_sources,cpv_division,92,628,0.0,19257.192675159236,22144.0,23094.75,23414.9,23446.65,23487.11,23520,1.0,1.0,,,0.0,,,,,,,92,,
ambient_future_environment,all_future_notices,36,future_36m,all_appel_offre_sources,cpv_division,98,301,0.0,18349.943521594683,22034.0,22838.0,23354.0,23437.0,23470.0,23489,1.0,1.0,,,0.0,,,,,,,98,,
ambient_future_environment,all_future_notices,36,future_36m,all_appel_offre_sources,cpv_division,nan,12460,0.0,20953.13908507223,22131.0,22281.0,23218.0,23413.0,23477.0,23520,1.0,1.0,,,0.0,,,,,,,,,
ambient_future_environment,all_future_notices,60,future_60m,all_appel_offre_sources,cpv_division,03,180,0.0,28985.73888888889,36243.0,37717.0,38083.1,38243.55,38529.26,38542,1.0,1.0,,,0.0,,,,,,,03,,
ambient_future_environment,all_future_notices,60,future_60m,all_appel_offre_sources,cpv_division,09,598,0.0,28670.446488294314,36220.5,37667.25,37993.0,38268.5,38467.3,38542,1.0,1.0,,,0.0,,,,,,,09,,
ambient_future_environment,all_future_notices,60,future_60m,all_appel_offre_sources,cpv_division,14,69,0.0,30696.159420289856,36465.0,37239.0,37884.2,38042.4,38328.759999999995,38511,1.0,1.0,,,0.0,,,,,,,14,,
ambient_future_environment,all_future_notices,60,future_60m,all_appel_offre_sources,cpv_division,15,739,0.0,28133.305818673885,36215.0,37536.0,37976.4,38280.2,38519.86,38545,1.0,1.0,,,0.0,,,,,,,15,,
ambient_future_environment,all_future_notices,60,future_60m,all_appel_offre_sources,cpv_division,16,132,0.0,26506.992424242424,33460.5,37684.5,37935.7,38243.049999999996,38517.69,38536,1.0,1.0,,,0.0,,,,,,,16,,
ambient_future_environment,all_future_notices,60,future_60m,all_appel_offre_sources,cpv_division,18,313,0.0,27841.0607028754,36233.0,37726.0,38240.8,38443.2,38526.76,38544,1.0,1.0,,,0.0,,,,,,,18,,
ambient_future_environment,all_future_notices,60,future_60m,all_appel_offre_sources,cpv_division,19,76,0.0,29382.434210526317,36473.5,37407.25,38104.5,38358.75,38523.75,38535,1.0,1.0,,,0.0,,,,,,,19,,
ambient_future_environment,all_future_notices,60,future_60m,all_appel_offre_sources,cpv_division,22,222,0.0,29654.6981981982,36417.0,37661.75,38079.2,38297.65,38472.8,38542,1.0,1.0,,,0.0,,,,,,,22,,
ambient_future_environment,all_future_notices,60,future_60m,all_appel_offre_sources,cpv_division,24,231,0.0,26814.138528138526,36171.0,37444.0,38101.0,38440.0,38530.7,38538,1.0,1.0,,,0.0,,,,,,,24,,
ambient_future_environment,all_future_notices,60,future_60m,all_appel_offre_sources,cpv_division,30,841,0.0,29704.852556480382,36460.0,37668.0,37989.0,38309.0,38521.6,38549,1.0,1.0,,,0.0,,,,,,,30,,
ambient_future_environment,all_future_notices,60,future_60m,all_appel_offre_sources,cpv_division,31,412,0.0,29620.587378640776,36477.5,37726.75,38197.3,38463.0,38529.0,38538,1.0,1.0,,,0.0,,,,,,,31,,
ambient_future_environment,all_future_notices,60,future_60m,all_appel_offre_sources,cpv_division,32,437,0.0,29285.82837528604,36419.0,37706.0,37996.8,38299.4,38525.64,38544,1.0,1.0,,,0.0,,,,,,,32,,
ambient_future_environment,all_future_notices,60,future_60m,all_appel_offre_sources,cpv_division,33,947,0.0,30460.53009503696,36520.0,37716.0,38011.4,38274.9,38508.7,38540,1.0,1.0,,,0.0,,,,,,,33,,
ambient_future_environment,all_future_notices,60,future_60m,all_appel_offre_sources,cpv_division,34,1432,0.0,28639.999301675976,36398.5,37727.5,37995.7,38297.45,38522.28,38558,1.0,1.0,,,0.0,,,,,,,34,,
ambient_future_environment,all_future_notices,60,future_60m,all_appel_offre_sources,cpv_division,35,187,0.0,29193.625668449196,36520.0,37736.0,37973.4,38117.4,38348.9,38516,1.0,1.0,,,0.0,,,,,,,35,,
ambient_future_environment,all_future_notices,60,future_60m,all_appel_offre_sources,cpv_division,37,197,0.0,27663.040609137057,36269.0,37729.0,37978.8,38153.0,38529.12,38540,1.0,1.0,,,0.0,,,,,,,37,,
ambient_future_environment,all_future_notices,60,future_60m,all_appel_offre_sources,cpv_division,38,493,0.0,27746.34685598377,36104.0,37532.0,37970.6,38338.8,38517.72,38549,1.0,1.0,,,0.0,,,,,,,38,,
ambient_future_environment,all_future_notices,60,future_60m,all_appel_offre_sources,cpv_division,39,1266,0.0,28055.078988941546,36330.0,37669.0,38033.5,38348.0,38527.75,38551,1.0,1.0,,,0.0,,,,,,,39,,
ambient_future_environment,all_future_notices,60,future_60m,all_appel_offre_sources,cpv_division,41,20,0.0,29512.65,36763.5,37887.75,37969.7,37998.15,38334.83,38419,1.0,1.0,,,0.0,,,,,,,41,,
ambient_future_environment,all_future_notices,60,future_60m,all_appel_offre_sources,cpv_division,42,512,0.0,29372.59375,36480.5,37741.5,37963.8,38287.45,38521.9,38558,1.0,1.0,,,0.0,,,,,,,42,,
ambient_future_environment,all_future_notices,60,future_60m,all_appel_offre_sources,cpv_division,43,115,0.0,30737.08695652174,36515.0,37787.5,38082.8,38126.6,38513.34,38551,1.0,1.0,,,0.0,,,,,,,43,,
ambient_future_environment,all_future_notices,60,future_60m,all_appel_offre_sources,cpv_division,44,1050,0.0,29688.179047619047,36461.0,37727.5,38020.0,38268.1,38527.02,38558,1.0,1.0,,,0.0,,,,,,,44,,
ambient_future_environment,all_future_notices,60,future_60m,all_appel_offre_sources,cpv_division,45,12527,0.0,27860.370958729145,36150.0,37721.0,38081.0,38325.0,38529.0,38553,1.0,1.0,,,0.0,,,,,,,45,,
ambient_future_environment,all_future_notices,60,future_60m,all_appel_offre_sources,cpv_division,48,514,0.0,30505.184824902724,36510.5,37719.75,38011.5,38288.4,38527.66,38544,1.0,1.0,,,0.0,,,,,,,48,,
ambient_future_environment,all_future_notices,60,future_60m,all_appel_offre_sources,cpv_division,50,2108,0.0,26931.471537001897,36065.0,37522.75,38080.0,38349.0,38530.93,38558,1.0,1.0,,,0.0,,,,,,,50,,
ambient_future_environment,all_future_notices,60,future_60m,all_appel_offre_sources,cpv_division,51,75,0.0,24502.506666666668,28756.0,37090.5,37916.8,38091.5,38515.36,38542,1.0,1.0,,,0.0,,,,,,,51,,
ambient_future_environment,all_future_notices,60,future_60m,all_appel_offre_sources,cpv_division,55,772,0.0,28312.588082901555,36367.0,37497.75,38058.9,38285.05,38514.77,38546,1.0,1.0,,,0.0,,,,,,,55,,
ambient_future_environment,all_future_notices,60,future_60m,all_appel_offre_sources,cpv_division,60,729,0.0,27841.522633744855,36120.0,37344.0,38071.2,38307.8,38523.88,38540,1.0,1.0,,,0.0,,,,,,,60,,
ambient_future_environment,all_future_notices,60,future_60m,all_appel_offre_sources,cpv_division,63,181,0.0,26518.591160220996,35786.0,37225.0,38009.0,38311.0,38522.0,38536,1.0,1.0,,,0.0,,,,,,,63,,
ambient_future_environment,all_future_notices,60,future_60m,all_appel_offre_sources,cpv_division,64,389,0.0,32068.85861182519,36600.0,37793.0,38106.0,38365.0,38520.48,38551,1.0,1.0,,,0.0,,,,,,,64,,
ambient_future_environment,all_future_notices,60,future_60m,all_appel_offre_sources,cpv_division,65,169,0.0,28753.662721893492,36239.0,37153.0,38001.8,38302.8,38527.28,38541,1.0,1.0,,,0.0,,,,,,,65,,
ambient_future_environment,all_future_notices,60,future_60m,all_appel_offre_sources,cpv_division,66,1706,0.0,27252.737397420868,36148.0,37311.0,37990.5,38266.75,38487.0,38545,1.0,1.0,,,0.0,,,,,,,66,,
ambient_future_environment,all_future_notices,60,future_60m,all_appel_offre_sources,cpv_division,70,130,0.0,25375.26153846154,30824.5,37626.5,38024.5,38274.95,38529.0,38540,1.0,1.0,,,0.0,,,,,,,70,,
ambient_future_environment,all_future_notices,60,future_60m,all_appel_offre_sources,cpv_division,71,6260,0.0,27266.263099041535,34147.0,37534.0,38018.0,38325.0,38528.0,38553,1.0,1.0,,,0.0,,,,,,,71,,
ambient_future_environment,all_future_notices,60,future_60m,all_appel_offre_sources,cpv_division,72,1076,0.0,28086.8187732342,36230.5,37637.0,38083.0,38276.25,38514.0,38544,1.0,1.0,,,0.0,,,,,,,72,,
ambient_future_environment,all_future_notices,60,future_60m,all_appel_offre_sources,cpv_division,73,47,0.0,31916.44680851064,36858.0,37574.0,38186.8,38337.0,38364.4,38369,1.0,1.0,,,0.0,,,,,,,73,,
ambient_future_environment,all_future_notices,60,future_60m,all_appel_offre_sources,cpv_division,75,349,0.0,28227.31805157593,36156.0,37745.0,38106.6,38362.2,38536.08,38547,1.0,1.0,,,0.0,,,,,,,75,,
ambient_future_environment,all_future_notices,60,future_60m,all_appel_offre_sources,cpv_division,76,1,0.0,13666.0,13666.0,13666.0,13666.0,13666.0,13666.0,13666,1.0,1.0,,,0.0,,,,,,,76,,
ambient_future_environment,all_future_notices,60,future_60m,all_appel_offre_sources,cpv_division,77,741,0.0,25835.990553306343,31700.0,37524.0,37990.0,38348.0,38522.2,38541,1.0,1.0,,,0.0,,,,,,,77,,
ambient_future_environment,all_future_notices,60,future_60m,all_appel_offre_sources,cpv_division,79,2894,0.0,28023.602626123014,36190.0,37677.0,38033.0,38333.0,38530.0,38558,1.0,1.0,,,0.0,,,,,,,79,,
ambient_future_environment,all_future_notices,60,future_60m,all_appel_offre_sources,cpv_division,80,581,0.0,30208.893287435458,36551.0,37786.0,37994.0,38266.0,38521.0,38544,1.0,1.0,,,0.0,,,,,,,80,,
ambient_future_environment,all_future_notices,60,future_60m,all_appel_offre_sources,cpv_division,85,416,0.0,26922.44230769231,35892.0,37587.25,38148.0,38439.75,38534.85,38558,1.0,1.0,,,0.0,,,,,,,85,,
ambient_future_environment,all_future_notices,60,future_60m,all_appel_offre_sources,cpv_division,90,2769,0.0,27343.648970747563,36138.0,37676.0,38086.2,38367.0,38532.64,38547,1.0,1.0,,,0.0,,,,,,,90,,
ambient_future_environment,all_future_notices,60,future_60m,all_appel_offre_sources,cpv_division,92,628,0.0,28249.585987261147,36218.5,37729.0,38081.0,38343.85,38535.0,38549,1.0,1.0,,,0.0,,,,,,,92,,
ambient_future_environment,all_future_notices,60,future_60m,all_appel_offre_sources,cpv_division,98,301,0.0,26009.86046511628,31249.0,37239.0,38019.0,38277.0,38524.0,38538,1.0,1.0,,,0.0,,,,,,,98,,
ambient_future_environment,all_future_notices,60,future_60m,all_appel_offre_sources,cpv_division,nan,12460,0.0,33431.55008025682,36644.0,37745.0,37992.0,38279.05,38527.0,38553,1.0,1.0,,,0.0,,,,,,,,,
buyer_compatible_environment,alias_compatible_boamp_key,6,future_6m,all_appel_offre_sources,cpv_division,03,180,0.06666666666666667,23.116666666666667,11.0,33.25,62.0,72.04999999999998,113.42000000000002,119,9.0,59.60000000000002,,,0.0,,,,,,,03,,
buyer_compatible_environment,alias_compatible_boamp_key,6,future_6m,all_appel_offre_sources,cpv_division,09,598,0.13210702341137123,17.91973244147157,5.0,16.0,55.0,92.0,179.05999999999995,226,16.0,87.0,,,0.0,,,,,,,09,,
buyer_compatible_environment,alias_compatible_boamp_key,6,future_6m,all_appel_offre_sources,cpv_division,14,69,0.043478260869565216,42.0,24.0,57.0,78.60000000000004,168.7999999999999,216.95999999999998,219,6.0,46.5,,,0.0,,,,,,,14,,
buyer_compatible_environment,alias_compatible_boamp_key,6,future_6m,all_appel_offre_sources,cpv_division,15,739,0.19079837618403248,15.31529093369418,5.0,22.0,48.0,59.10000000000002,90.0,140,13.0,109.30000000000007,,,0.0,,,,,,,15,,
buyer_compatible_environment,alias_compatible_boamp_key,6,future_6m,all_appel_offre_sources,cpv_division,16,132,0.11363636363636363,27.333333333333332,12.0,43.0,73.9,106.79999999999995,120.13999999999999,170,7.0,74.4,,,0.0,,,,,,,16,,
buyer_compatible_environment,alias_compatible_boamp_key,6,future_6m,all_appel_offre_sources,cpv_division,18,313,0.06070287539936102,24.738019169329075,12.0,36.0,63.60000000000002,84.0,133.5999999999999,193,8.5,62.0,,,0.0,,,,,,,18,,
buyer_compatible_environment,alias_compatible_boamp_key,6,future_6m,all_appel_offre_sources,cpv_division,19,76,0.09210526315789473,26.855263157894736,15.0,45.0,65.5,81.0,102.5,113,8.0,57.000000000000014,,,0.0,,,,,,,19,,
buyer_compatible_environment,alias_compatible_boamp_key,6,future_6m,all_appel_offre_sources,cpv_division,22,222,0.07207207207207207,29.13963963963964,19.0,40.0,65.0,99.89999999999998,158.5399999999998,219,7.0,45.0,,,0.0,,,,,,,22,,
buyer_compatible_environment,alias_compatible_boamp_key,6,future_6m,all_appel_offre_sources,cpv_division,24,231,0.03463203463203463,33.58008658008658,22.0,48.0,78.0,107.0,169.7,195,5.0,34.60000000000002,,,0.0,,,,,,,24,,
buyer_compatible_environment,alias_compatible_boamp_key,6,future_6m,all_appel_offre_sources,cpv_division,30,841,0.0713436385255648,22.87039239001189,11.0,30.0,57.0,89.0,150.60000000000002,216,9.0,73.0,,,0.0,,,,,,,30,,
buyer_compatible_environment,alias_compatible_boamp_key,6,future_6m,all_appel_offre_sources,cpv_division,31,412,0.08737864077669903,25.24271844660194,10.0,33.0,68.90000000000003,101.34999999999997,160.1199999999999,228,9.0,70.5,,,0.0,,,,,,,31,,
buyer_compatible_environment,alias_compatible_boamp_key,6,future_6m,all_appel_offre_sources,cpv_division,32,437,0.10983981693363844,25.162471395881006,11.0,36.0,68.0,97.19999999999999,168.83999999999992,203,8.0,59.39999999999998,,,0.0,,,,,,,32,,
buyer_compatible_environment,alias_compatible_boamp_key,6,future_6m,all_appel_offre_sources,cpv_division,33,947,0.06335797254487856,36.553326293558605,34.0,56.0,73.0,82.0,122.07999999999993,205,4.0,27.0,,,0.0,,,,,,,33,,
buyer_compatible_environment,alias_compatible_boamp_key,6,future_6m,all_appel_offre_sources,cpv_division,34,1432,0.06215083798882681,27.881284916201118,14.0,38.0,70.90000000000009,104.90000000000009,192.3800000000001,229,8.0,68.0,,,0.0,,,,,,,34,,
buyer_compatible_environment,alias_compatible_boamp_key,6,future_6m,all_appel_offre_sources,cpv_division,35,187,0.08021390374331551,27.219251336898395,13.0,44.5,73.60000000000002,95.0,155.59999999999945,222,8.0,60.900000000000006,,,0.0,,,,,,,35,,
buyer_compatible_environment,alias_compatible_boamp_key,6,future_6m,all_appel_offre_sources,cpv_division,37,197,0.08121827411167512,24.81218274111675,17.0,37.0,55.80000000000001,75.19999999999999,124.27999999999975,207,7.0,45.0,,,0.0,,,,,,,37,,
buyer_compatible_environment,alias_compatible_boamp_key,6,future_6m,all_appel_offre_sources,cpv_division,38,493,0.07707910750507099,21.602434077079106,10.0,31.0,54.0,69.0,149.0,208,10.0,69.0,,,0.0,,,,,,,38,,
buyer_compatible_environment,alias_compatible_boamp_key,6,future_6m,all_appel_offre_sources,cpv_division,39,1266,0.07661927330173776,27.03791469194313,15.0,42.0,69.0,95.75,139.14999999999918,228,7.0,64.20000000000005,,,0.0,,,,,,,39,,
buyer_compatible_environment,alias_compatible_boamp_key,6,future_6m,all_appel_offre_sources,cpv_division,41,20,0.3,11.6,9.0,21.5,27.400000000000006,31.300000000000004,35.85999999999999,37,9.5,38.40000000000001,,,0.0,,,,,,,41,,
buyer_compatible_environment,alias_compatible_boamp_key,6,future_6m,all_appel_offre_sources,cpv_division,42,512,0.0859375,26.802734375,16.0,40.0,64.90000000000003,88.0,115.66999999999996,204,8.0,49.60000000000002,,,0.0,,,,,,,42,,
buyer_compatible_environment,alias_compatible_boamp_key,6,future_6m,all_appel_offre_sources,cpv_division,43,115,0.06956521739130435,28.85217391304348,15.0,43.5,81.40000000000012,95.89999999999999,183.57999999999998,216,7.0,51.20000000000002,,,0.0,,,,,,,43,,
buyer_compatible_environment,alias_compatible_boamp_key,6,future_6m,all_appel_offre_sources,cpv_division,44,1050,0.08285714285714285,31.43904761904762,17.0,40.0,85.0,109.0,201.03999999999996,229,6.0,52.80000000000007,,,0.0,,,,,,,44,,
buyer_compatible_environment,alias_compatible_boamp_key,6,future_6m,all_appel_offre_sources,cpv_division,45,12527,0.12309411670791091,21.847369681487987,9.0,29.0,60.0,88.0,165.73999999999978,232,8.0,66.0,,,0.0,,,,,,,45,,
buyer_compatible_environment,alias_compatible_boamp_key,6,future_6m,all_appel_offre_sources,cpv_division,48,514,0.07198443579766536,35.523346303501945,17.0,51.75,95.69999999999999,140.0999999999998,193.87,224,6.0,53.0,,,0.0,,,,,,,48,,
buyer_compatible_environment,alias_compatible_boamp_key,6,future_6m,all_appel_offre_sources,cpv_division,50,2108,0.06736242884250475,26.663662239089184,14.0,38.0,67.29999999999995,99.0,160.92999999999984,232,7.0,66.0,,,0.0,,,,,,,50,,
buyer_compatible_environment,alias_compatible_boamp_key,6,future_6m,all_appel_offre_sources,cpv_division,51,75,0.05333333333333334,29.373333333333335,16.0,45.5,68.80000000000003,103.79999999999998,164.7200000000001,181,6.0,47.0,,,0.0,,,,,,,51,,
buyer_compatible_environment,alias_compatible_boamp_key,6,future_6m,all_appel_offre_sources,cpv_division,55,772,0.29922279792746115,10.817357512953368,2.0,8.25,33.0,52.44999999999993,118.73999999999978,187,23.0,120.0,,,0.0,,,,,,,55,,
buyer_compatible_environment,alias_compatible_boamp_key,6,future_6m,all_appel_offre_sources,cpv_division,60,729,0.10699588477366255,27.36076817558299,12.0,38.0,77.20000000000005,98.0,180.0,215,7.0,63.0,,,0.0,,,,,,,60,,
buyer_compatible_environment,alias_compatible_boamp_key,6,future_6m,all_appel_offre_sources,cpv_division,63,181,0.11049723756906077,34.55801104972376,11.0,59.0,96.0,109.0,203.99999999999972,230,7.0,74.0,,,0.0,,,,,,,63,,
buyer_compatible_environment,alias_compatible_boamp_key,6,future_6m,all_appel_offre_sources,cpv_division,64,389,0.08226221079691516,22.67866323907455,8.0,30.0,64.19999999999999,82.59999999999997,181.80000000000007,223,10.0,92.0,,,0.0,,,,,,,64,,
buyer_compatible_environment,alias_compatible_boamp_key,6,future_6m,all_appel_offre_sources,cpv_division,65,169,0.23668639053254437,16.680473372781066,4.0,19.0,42.80000000000015,100.0,113.32,180,17.0,100.60000000000004,,,0.0,,,,,,,65,,
buyer_compatible_environment,alias_compatible_boamp_key,6,future_6m,all_appel_offre_sources,cpv_division,66,1706,0.2403282532239156,11.386283704572099,3.0,11.0,35.0,55.75,107.85000000000014,227,18.0,116.0,,,0.0,,,,,,,66,,
buyer_compatible_environment,alias_compatible_boamp_key,6,future_6m,all_appel_offre_sources,cpv_division,70,130,0.12307692307692308,28.692307692307693,10.0,39.0,95.20000000000002,106.1,152.38999999999993,161,7.0,54.20000000000002,,,0.0,,,,,,,70,,
buyer_compatible_environment,alias_compatible_boamp_key,6,future_6m,all_appel_offre_sources,cpv_division,71,6260,0.11661341853035144,29.803194888178915,12.0,43.0,92.0,110.0,189.0,230,7.0,74.0,,,0.0,,,,,,,71,,
buyer_compatible_environment,alias_compatible_boamp_key,6,future_6m,all_appel_offre_sources,cpv_division,72,1076,0.08643122676579926,36.80762081784387,19.0,55.25,99.5,120.25,200.75,233,6.0,61.600000000000136,,,0.0,,,,,,,72,,
buyer_compatible_environment,alias_compatible_boamp_key,6,future_6m,all_appel_offre_sources,cpv_division,73,47,0.1276595744680851,16.425531914893618,6.0,22.5,39.599999999999994,63.099999999999945,91.63999999999999,99,10.0,82.0,,,0.0,,,,,,,73,,
buyer_compatible_environment,alias_compatible_boamp_key,6,future_6m,all_appel_offre_sources,cpv_division,75,349,0.11461318051575932,25.95702005730659,11.0,34.0,69.39999999999998,101.39999999999986,167.03999999999996,220,8.0,74.39999999999992,,,0.0,,,,,,,75,,
buyer_compatible_environment,alias_compatible_boamp_key,6,future_6m,all_appel_offre_sources,cpv_division,76,1,0.0,6.0,6.0,6.0,6.0,6.0,6.0,6,83.0,83.0,,,0.0,,,,,,,76,,
buyer_compatible_environment,alias_compatible_boamp_key,6,future_6m,all_appel_offre_sources,cpv_division,77,741,0.10121457489878542,21.647773279352226,7.0,24.0,64.0,100.0,170.20000000000005,208,11.0,85.0,,,0.0,,,,,,,77,,
buyer_compatible_environment,alias_compatible_boamp_key,6,future_6m,all_appel_offre_sources,cpv_division,79,2894,0.10124395300621976,33.99654457498272,16.0,50.0,96.0,121.0,201.0,235,6.0,63.0,,,0.0,,,,,,,79,,
buyer_compatible_environment,alias_compatible_boamp_key,6,future_6m,all_appel_offre_sources,cpv_division,80,581,0.0981067125645439,29.464716006884682,11.0,45.0,93.0,106.0,173.00000000000023,219,7.0,63.69999999999999,,,0.0,,,,,,,80,,
buyer_compatible_environment,alias_compatible_boamp_key,6,future_6m,all_appel_offre_sources,cpv_division,85,416,0.13221153846153846,26.879807692307693,16.0,43.0,74.0,90.0,111.70000000000005,162,6.0,63.0,,,0.0,,,,,,,85,,
buyer_compatible_environment,alias_compatible_boamp_key,6,future_6m,all_appel_offre_sources,cpv_division,90,2769,0.10581437342000723,19.941495124593715,7.0,22.0,55.0,93.0,180.0,230,12.0,91.0,,,0.0,,,,,,,90,,
buyer_compatible_environment,alias_compatible_boamp_key,6,future_6m,all_appel_offre_sources,cpv_division,92,628,0.12420382165605096,27.191082802547772,11.0,37.25,83.30000000000007,105.64999999999998,191.92000000000007,234,8.0,73.10000000000002,,,0.0,,,,,,,92,,
buyer_compatible_environment,alias_compatible_boamp_key,6,future_6m,all_appel_offre_sources,cpv_division,98,301,0.09634551495016612,22.435215946843854,9.0,30.0,55.0,100.0,180.0,201,10.0,101.60000000000002,,,0.0,,,,,,,98,,
buyer_compatible_environment,alias_compatible_boamp_key,6,future_6m,all_appel_offre_sources,cpv_division,nan,12460,0.12014446227929373,29.93980738362761,11.0,33.0,87.0,161.0,217.0,237,7.0,62.0,,,0.0,,,,,,,,,
buyer_compatible_environment,alias_compatible_boamp_key,12,future_12m,all_appel_offre_sources,cpv_division,03,180,0.05,42.75555555555555,20.0,65.0,117.1,138.74999999999974,204.15000000000012,222,9.0,72.0,,,0.0,,,,,,,03,,
buyer_compatible_environment,alias_compatible_boamp_key,12,future_12m,all_appel_offre_sources,cpv_division,09,598,0.09364548494983277,33.968227424749166,9.0,30.0,101.0,189.5999999999999,378.05999999999995,424,18.0,104.0,,,0.0,,,,,,,09,,
buyer_compatible_environment,alias_compatible_boamp_key,12,future_12m,all_appel_offre_sources,cpv_division,14,69,0.028985507246376812,80.71014492753623,50.0,101.0,160.0000000000001,371.3999999999999,408.4399999999999,420,6.0,47.8,,,0.0,,,,,,,14,,
buyer_compatible_environment,alias_compatible_boamp_key,12,future_12m,all_appel_offre_sources,cpv_division,15,739,0.15696887686062247,27.844384303112314,8.0,38.0,90.0,109.0,172.0,258,15.0,132.60000000000014,,,0.0,,,,,,,15,,
buyer_compatible_environment,alias_compatible_boamp_key,12,future_12m,all_appel_offre_sources,cpv_division,16,132,0.09090909090909091,52.333333333333336,24.5,75.0,140.70000000000002,203.89999999999998,235.69,390,7.0,88.90000000000008,,,0.0,,,,,,,16,,
buyer_compatible_environment,alias_compatible_boamp_key,12,future_12m,all_appel_offre_sources,cpv_division,18,313,0.04792332268370607,45.670926517571885,21.0,66.0,117.80000000000001,161.9999999999999,237.31999999999994,345,9.0,67.30000000000001,,,0.0,,,,,,,18,,
buyer_compatible_environment,alias_compatible_boamp_key,12,future_12m,all_appel_offre_sources,cpv_division,19,76,0.07894736842105263,51.578947368421055,30.5,76.75,141.5,173.0,191.0,215,8.0,61.80000000000001,,,0.0,,,,,,,19,,
buyer_compatible_environment,alias_compatible_boamp_key,12,future_12m,all_appel_offre_sources,cpv_division,22,222,0.06306306306306306,54.450450450450454,32.5,82.25,123.9,194.95,274.26999999999987,381,7.0,50.200000000000045,,,0.0,,,,,,,22,,
buyer_compatible_environment,alias_compatible_boamp_key,12,future_12m,all_appel_offre_sources,cpv_division,24,231,0.030303030303030304,63.722943722943725,40.0,90.0,150.0,212.0,379.79999999999995,421,5.0,36.400000000000034,,,0.0,,,,,,,24,,
buyer_compatible_environment,alias_compatible_boamp_key,12,future_12m,all_appel_offre_sources,cpv_division,30,841,0.054696789536266346,42.43281807372176,20.0,56.0,111.0,175.0,272.20000000000005,397,9.0,80.0,,,0.0,,,,,,,30,,
buyer_compatible_environment,alias_compatible_boamp_key,12,future_12m,all_appel_offre_sources,cpv_division,31,412,0.06553398058252427,46.4247572815534,18.0,61.0,128.60000000000014,197.24999999999994,292.66999999999996,387,9.0,80.60000000000002,,,0.0,,,,,,,31,,
buyer_compatible_environment,alias_compatible_boamp_key,12,future_12m,all_appel_offre_sources,cpv_division,32,437,0.08695652173913043,46.58123569794051,19.0,66.0,122.40000000000003,184.7999999999999,335.1199999999992,421,9.0,82.59999999999997,,,0.0,,,,,,,32,,
buyer_compatible_environment,alias_compatible_boamp_key,12,future_12m,all_appel_offre_sources,cpv_division,33,947,0.046462513199577615,69.40232312565998,66.0,108.0,134.39999999999998,157.69999999999993,231.01999999999953,304,5.0,31.0,,,0.0,,,,,,,33,,
buyer_compatible_environment,alias_compatible_boamp_key,12,future_12m,all_appel_offre_sources,cpv_division,34,1432,0.04539106145251397,52.47835195530726,23.0,69.25,135.80000000000018,204.45000000000005,384.0,426,8.0,73.40000000000009,,,0.0,,,,,,,34,,
buyer_compatible_environment,alias_compatible_boamp_key,12,future_12m,all_appel_offre_sources,cpv_division,35,187,0.06951871657754011,49.705882352941174,22.0,72.0,131.00000000000003,182.09999999999962,313.4199999999993,384,8.0,67.40000000000003,,,0.0,,,,,,,35,,
buyer_compatible_environment,alias_compatible_boamp_key,12,future_12m,all_appel_offre_sources,cpv_division,37,197,0.07106598984771574,45.609137055837564,30.0,65.0,113.80000000000001,136.0,231.91999999999942,316,7.0,47.80000000000001,,,0.0,,,,,,,37,,
buyer_compatible_environment,alias_compatible_boamp_key,12,future_12m,all_appel_offre_sources,cpv_division,38,493,0.05476673427991886,40.14604462474645,19.0,58.0,103.80000000000001,130.39999999999998,272.4799999999999,391,10.0,78.0,,,0.0,,,,,,,38,,
buyer_compatible_environment,alias_compatible_boamp_key,12,future_12m,all_appel_offre_sources,cpv_division,39,1266,0.06003159557661927,50.2654028436019,26.0,74.75,126.0,171.75,261.49999999999545,421,8.0,72.10000000000014,,,0.0,,,,,,,39,,
buyer_compatible_environment,alias_compatible_boamp_key,12,future_12m,all_appel_offre_sources,cpv_division,41,20,0.25,18.6,13.0,36.75,41.400000000000006,45.80000000000001,57.95999999999998,61,11.0,68.39999999999998,,,0.0,,,,,,,41,,
buyer_compatible_environment,alias_compatible_boamp_key,12,future_12m,all_appel_offre_sources,cpv_division,42,512,0.07421875,50.08203125,28.0,77.25,127.90000000000003,165.24999999999994,228.2299999999999,373,8.0,55.69999999999999,,,0.0,,,,,,,42,,
buyer_compatible_environment,alias_compatible_boamp_key,12,future_12m,all_appel_offre_sources,cpv_division,43,115,0.06086956521739131,54.88695652173913,32.0,86.5,121.20000000000002,185.79999999999993,381.38,391,7.0,53.3,,,0.0,,,,,,,43,,
buyer_compatible_environment,alias_compatible_boamp_key,12,future_12m,all_appel_offre_sources,cpv_division,44,1050,0.06095238095238095,58.999047619047616,32.0,75.0,162.0,212.0,383.51,422,6.0,64.5,,,0.0,,,,,,,44,,
buyer_compatible_environment,alias_compatible_boamp_key,12,future_12m,all_appel_offre_sources,cpv_division,45,12527,0.09754929352598388,40.83531571804902,15.0,54.0,114.0,161.0,308.7399999999998,426,9.0,81.0,,,0.0,,,,,,,45,,
buyer_compatible_environment,alias_compatible_boamp_key,12,future_12m,all_appel_offre_sources,cpv_division,48,514,0.04669260700389105,69.12451361867704,31.5,98.75,200.7,257.74999999999915,414.22,423,7.0,66.10000000000002,,,0.0,,,,,,,48,,
buyer_compatible_environment,alias_compatible_boamp_key,12,future_12m,all_appel_offre_sources,cpv_division,50,2108,0.04981024667931689,49.55360531309298,23.5,71.0,127.29999999999995,184.64999999999986,324.0,420,8.0,77.79999999999995,,,0.0,,,,,,,50,,
buyer_compatible_environment,alias_compatible_boamp_key,12,future_12m,all_appel_offre_sources,cpv_division,51,75,0.05333333333333334,56.06666666666667,22.0,73.0,156.2000000000002,189.89999999999992,342.0200000000004,399,6.0,47.0,,,0.0,,,,,,,51,,
buyer_compatible_environment,alias_compatible_boamp_key,12,future_12m,all_appel_offre_sources,cpv_division,55,772,0.24870466321243523,19.862694300518136,3.0,15.0,60.799999999999955,103.3499999999998,231.28999999999996,332,28.0,157.10000000000002,,,0.0,,,,,,,55,,
buyer_compatible_environment,alias_compatible_boamp_key,12,future_12m,all_appel_offre_sources,cpv_division,60,729,0.09465020576131687,51.72290809327846,23.0,74.0,145.4000000000001,205.0000000000001,285.0,409,7.0,73.10000000000002,,,0.0,,,,,,,60,,
buyer_compatible_environment,alias_compatible_boamp_key,12,future_12m,all_appel_offre_sources,cpv_division,63,181,0.08839779005524862,63.20441988950276,24.0,117.0,176.0,203.0,375.7999999999998,424,7.0,83.59999999999997,,,0.0,,,,,,,63,,
buyer_compatible_environment,alias_compatible_boamp_key,12,future_12m,all_appel_offre_sources,cpv_division,64,389,0.06426735218508997,43.27249357326478,16.0,59.0,124.19999999999999,166.0,317.3200000000003,385,11.0,103.69999999999999,,,0.0,,,,,,,64,,
buyer_compatible_environment,alias_compatible_boamp_key,12,future_12m,all_appel_offre_sources,cpv_division,65,169,0.14201183431952663,31.035502958579883,7.0,43.0,74.60000000000056,178.79999999999987,211.07999999999987,290,21.0,205.39999999999995,,,0.0,,,,,,,65,,
buyer_compatible_environment,alias_compatible_boamp_key,12,future_12m,all_appel_offre_sources,cpv_division,66,1706,0.18347010550996484,21.050410316529895,4.0,19.0,65.5,107.5,211.0,399,22.0,152.79999999999995,,,0.0,,,,,,,66,,
buyer_compatible_environment,alias_compatible_boamp_key,12,future_12m,all_appel_offre_sources,cpv_division,70,130,0.09230769230769231,52.261538461538464,17.0,80.75,158.3,173.84999999999997,324.5199999999999,329,7.0,76.59999999999997,,,0.0,,,,,,,70,,
buyer_compatible_environment,alias_compatible_boamp_key,12,future_12m,all_appel_offre_sources,cpv_division,71,6260,0.07955271565495207,55.96341853035144,21.0,79.0,174.0,215.0,381.0,424,7.0,100.0,,,0.0,,,,,,,71,,
buyer_compatible_environment,alias_compatible_boamp_key,12,future_12m,all_appel_offre_sources,cpv_division,72,1076,0.0604089219330855,69.49442379182156,36.0,104.0,193.5,230.25,394.75,426,6.0,80.0,,,0.0,,,,,,,72,,
buyer_compatible_environment,alias_compatible_boamp_key,12,future_12m,all_appel_offre_sources,cpv_division,73,47,0.0851063829787234,33.170212765957444,11.0,40.0,87.39999999999998,130.19999999999987,209.43999999999997,226,11.0,100.20000000000007,,,0.0,,,,,,,73,,
buyer_compatible_environment,alias_compatible_boamp_key,12,future_12m,all_appel_offre_sources,cpv_division,75,349,0.09169054441260745,49.04584527220631,21.0,64.0,135.39999999999998,200.99999999999983,360.75999999999976,386,9.0,95.2000000000001,,,0.0,,,,,,,75,,
buyer_compatible_environment,alias_compatible_boamp_key,12,future_12m,all_appel_offre_sources,cpv_division,76,1,0.0,10.0,10.0,10.0,10.0,10.0,10.0,10,83.0,83.0,,,0.0,,,,,,,76,,
buyer_compatible_environment,alias_compatible_boamp_key,12,future_12m,all_appel_offre_sources,cpv_division,77,741,0.07557354925775979,40.314439946018894,12.0,41.0,122.0,191.0,360.80000000000007,419,12.0,92.60000000000002,,,0.0,,,,,,,77,,
buyer_compatible_environment,alias_compatible_boamp_key,12,future_12m,all_appel_offre_sources,cpv_division,79,2894,0.08051140290255701,63.973047684865236,27.0,92.75,188.0,223.0,391.07000000000016,422,7.0,77.0,,,0.0,,,,,,,79,,
buyer_compatible_environment,alias_compatible_boamp_key,12,future_12m,all_appel_offre_sources,cpv_division,80,581,0.0757314974182444,55.225473321858864,19.0,82.0,168.0,211.0,317.4000000000008,415,8.0,90.2000000000001,,,0.0,,,,,,,80,,
buyer_compatible_environment,alias_compatible_boamp_key,12,future_12m,all_appel_offre_sources,cpv_division,85,416,0.10817307692307693,50.20913461538461,25.0,76.0,134.5,184.5,219.4000000000001,386,7.0,77.0,,,0.0,,,,,,,85,,
buyer_compatible_environment,alias_compatible_boamp_key,12,future_12m,all_appel_offre_sources,cpv_division,90,2769,0.0765619357168653,37.19790538100397,12.0,40.0,102.0,170.5999999999999,368.920000000001,424,13.0,105.0,,,0.0,,,,,,,90,,
buyer_compatible_environment,alias_compatible_boamp_key,12,future_12m,all_appel_offre_sources,cpv_division,92,628,0.09076433121019108,51.482484076433124,19.0,72.0,152.9000000000002,210.64999999999998,388.4100000000003,425,8.0,97.0,,,0.0,,,,,,,92,,
buyer_compatible_environment,alias_compatible_boamp_key,12,future_12m,all_appel_offre_sources,cpv_division,98,301,0.07641196013289037,40.96013289036545,16.0,60.0,98.0,160.0,310.0,418,10.0,115.50000000000006,,,0.0,,,,,,,98,,
buyer_compatible_environment,alias_compatible_boamp_key,12,future_12m,all_appel_offre_sources,cpv_division,nan,12460,0.09237560192616373,57.80040128410915,20.0,63.0,160.0,318.0,412.0,426,8.0,80.0,,,0.0,,,,,,,,,
buyer_compatible_environment,alias_compatible_boamp_key,24,future_24m,all_appel_offre_sources,cpv_division,03,180,0.03333333333333333,74.71666666666667,35.0,121.0,210.59999999999997,229.8999999999997,324.63,423,10.0,79.50000000000009,,,0.0,,,,,,,03,,
buyer_compatible_environment,alias_compatible_boamp_key,24,future_24m,all_appel_offre_sources,cpv_division,09,598,0.08695652173913043,61.259197324414714,13.0,52.0,181.50000000000034,324.7999999999997,738.3599999999997,802,18.0,114.5,,,0.0,,,,,,,09,,
buyer_compatible_environment,alias_compatible_boamp_key,24,future_24m,all_appel_offre_sources,cpv_division,14,69,0.028985507246376812,148.17391304347825,99.0,184.0,302.8000000000001,720.1999999999997,806.8799999999999,813,6.0,47.8,,,0.0,,,,,,,14,,
buyer_compatible_environment,alias_compatible_boamp_key,24,future_24m,all_appel_offre_sources,cpv_division,15,739,0.13802435723951287,48.05683355886333,13.0,60.0,153.60000000000014,210.0,280.24,419,16.0,147.0,,,0.0,,,,,,,15,,
buyer_compatible_environment,alias_compatible_boamp_key,24,future_24m,all_appel_offre_sources,cpv_division,16,132,0.08333333333333333,94.54545454545455,42.5,126.5,256.0000000000001,392.69999999999993,428.69,812,7.0,97.0,,,0.0,,,,,,,16,,
buyer_compatible_environment,alias_compatible_boamp_key,24,future_24m,all_appel_offre_sources,cpv_division,18,313,0.04472843450479233,78.43450479233226,32.0,111.0,214.80000000000007,263.1999999999997,444.43999999999994,729,9.0,68.39999999999998,,,0.0,,,,,,,18,,
buyer_compatible_environment,alias_compatible_boamp_key,24,future_24m,all_appel_offre_sources,cpv_division,19,76,0.06578947368421052,89.63157894736842,54.5,157.0,215.5,295.0,333.75,438,8.0,69.0,,,0.0,,,,,,,19,,
buyer_compatible_environment,alias_compatible_boamp_key,24,future_24m,all_appel_offre_sources,cpv_division,22,222,0.05405405405405406,96.27027027027027,53.5,134.75,234.1000000000001,389.94999999999953,459.0199999999997,792,7.0,56.99999999999994,,,0.0,,,,,,,22,,
buyer_compatible_environment,alias_compatible_boamp_key,24,future_24m,all_appel_offre_sources,cpv_division,24,231,0.030303030303030304,113.3073593073593,66.0,163.0,278.0,335.5,758.9999999999997,797,5.0,36.400000000000034,,,0.0,,,,,,,24,,
buyer_compatible_environment,alias_compatible_boamp_key,24,future_24m,all_appel_offre_sources,cpv_division,30,841,0.04637336504161712,75.45541022592153,32.0,101.0,205.0,284.0,430.6,824,10.0,84.89999999999998,,,0.0,,,,,,,30,,
buyer_compatible_environment,alias_compatible_boamp_key,24,future_24m,all_appel_offre_sources,cpv_division,31,412,0.06310679611650485,83.24271844660194,29.0,113.75,241.7000000000001,348.9499999999999,503.6199999999992,738,9.0,82.0,,,0.0,,,,,,,31,,
buyer_compatible_environment,alias_compatible_boamp_key,24,future_24m,all_appel_offre_sources,cpv_division,32,437,0.06178489702517163,81.60411899313502,28.0,115.0,223.40000000000003,308.39999999999975,610.799999999998,806,9.0,103.60000000000014,,,0.0,,,,,,,32,,
buyer_compatible_environment,alias_compatible_boamp_key,24,future_24m,all_appel_offre_sources,cpv_division,33,947,0.03695881731784583,125.26399155227033,114.0,212.5,260.0,282.0,376.6999999999998,465,5.0,33.89999999999998,,,0.0,,,,,,,33,,
buyer_compatible_environment,alias_compatible_boamp_key,24,future_24m,all_appel_offre_sources,cpv_division,34,1432,0.0356145251396648,93.10125698324022,39.0,120.25,244.9000000000001,371.0,743.0700000000002,810,8.0,82.0,,,0.0,,,,,,,34,,
buyer_compatible_environment,alias_compatible_boamp_key,24,future_24m,all_appel_offre_sources,cpv_division,35,187,0.06417112299465241,88.78609625668449,33.0,139.0,221.60000000000002,313.69999999999953,626.1999999999989,745,8.0,68.6,,,0.0,,,,,,,35,,
buyer_compatible_environment,alias_compatible_boamp_key,24,future_24m,all_appel_offre_sources,cpv_division,37,197,0.05583756345177665,79.83248730964468,48.0,113.0,194.8,266.0,414.0799999999996,707,7.0,54.5,,,0.0,,,,,,,37,,
buyer_compatible_environment,alias_compatible_boamp_key,24,future_24m,all_appel_offre_sources,cpv_division,38,493,0.0486815415821501,69.42799188640974,30.0,90.0,193.0,237.79999999999984,427.5599999999999,804,10.0,80.19999999999999,,,0.0,,,,,,,38,,
buyer_compatible_environment,alias_compatible_boamp_key,24,future_24m,all_appel_offre_sources,cpv_division,39,1266,0.05292259083728278,87.44233807266983,41.0,123.0,232.0,296.25,479.249999999995,823,8.0,77.0,,,0.0,,,,,,,39,,
buyer_compatible_environment,alias_compatible_boamp_key,24,future_24m,all_appel_offre_sources,cpv_division,41,20,0.2,33.0,18.5,57.25,74.20000000000005,103.05,103.81,104,12.5,223.5,,,0.0,,,,,,,41,,
buyer_compatible_environment,alias_compatible_boamp_key,24,future_24m,all_appel_offre_sources,cpv_division,42,512,0.064453125,89.166015625,47.0,138.5,232.0,285.9,436.44999999999993,679,8.0,64.59999999999997,,,0.0,,,,,,,42,,
buyer_compatible_environment,alias_compatible_boamp_key,24,future_24m,all_appel_offre_sources,cpv_division,43,115,0.06086956521739131,100.08695652173913,64.0,132.5,227.00000000000006,304.1999999999998,757.36,785,7.0,53.3,,,0.0,,,,,,,43,,
buyer_compatible_environment,alias_compatible_boamp_key,24,future_24m,all_appel_offre_sources,cpv_division,44,1050,0.04857142857142857,105.07809523809524,54.0,132.0,261.1,395.54999999999995,776.1599999999999,816,7.0,75.40000000000009,,,0.0,,,,,,,44,,
buyer_compatible_environment,alias_compatible_boamp_key,24,future_24m,all_appel_offre_sources,cpv_division,45,12527,0.0842180889279157,71.55655783507623,25.0,91.0,204.39999999999964,286.0,568.6999999999989,823,9.0,90.0,,,0.0,,,,,,,45,,
buyer_compatible_environment,alias_compatible_boamp_key,24,future_24m,all_appel_offre_sources,cpv_division,48,514,0.04085603112840467,127.3385214007782,54.5,179.0,358.0,446.64999999999935,798.7,817,7.0,68.0,,,0.0,,,,,,,48,,
buyer_compatible_environment,alias_compatible_boamp_key,24,future_24m,all_appel_offre_sources,cpv_division,50,2108,0.04316888045540797,87.01660341555977,36.0,126.25,228.29999999999995,321.64999999999986,659.1099999999956,814,8.0,83.40000000000009,,,0.0,,,,,,,50,,
buyer_compatible_environment,alias_compatible_boamp_key,24,future_24m,all_appel_offre_sources,cpv_division,51,75,0.05333333333333334,98.05333333333333,39.0,148.5,245.40000000000012,353.9,692.6000000000008,811,6.0,47.0,,,0.0,,,,,,,51,,
buyer_compatible_environment,alias_compatible_boamp_key,24,future_24m,all_appel_offre_sources,cpv_division,55,772,0.21632124352331605,33.659326424870464,4.0,22.25,102.89999999999998,174.3499999999998,409.1899999999996,657,31.0,192.20000000000005,,,0.0,,,,,,,55,,
buyer_compatible_environment,alias_compatible_boamp_key,24,future_24m,all_appel_offre_sources,cpv_division,60,729,0.0823045267489712,90.99725651577504,38.0,122.0,256.20000000000005,404.0000000000001,444.0,813,7.0,83.60000000000014,,,0.0,,,,,,,60,,
buyer_compatible_environment,alias_compatible_boamp_key,24,future_24m,all_appel_offre_sources,cpv_division,63,181,0.06629834254143646,106.4475138121547,40.0,150.0,288.0,409.0,720.1999999999989,812,7.0,104.00000000000017,,,0.0,,,,,,,63,,
buyer_compatible_environment,alias_compatible_boamp_key,24,future_24m,all_appel_offre_sources,cpv_division,64,389,0.043701799485861184,78.92030848329048,28.0,102.0,224.0,292.7999999999997,610.4000000000004,793,11.0,112.90000000000003,,,0.0,,,,,,,64,,
buyer_compatible_environment,alias_compatible_boamp_key,24,future_24m,all_appel_offre_sources,cpv_division,65,169,0.11834319526627218,49.562130177514796,12.0,60.0,138.40000000000106,230.39999999999978,408.64,504,21.0,228.00000000000009,,,0.0,,,,,,,65,,
buyer_compatible_environment,alias_compatible_boamp_key,24,future_24m,all_appel_offre_sources,cpv_division,66,1706,0.1541617819460727,36.36342321219226,7.0,29.75,113.5,201.25,358.85000000000014,807,24.0,185.79999999999995,,,0.0,,,,,,,66,,
buyer_compatible_environment,alias_compatible_boamp_key,24,future_24m,all_appel_offre_sources,cpv_division,70,130,0.08461538461538462,88.70769230769231,31.0,134.75,268.00000000000017,306.1,544.13,648,7.0,86.00000000000001,,,0.0,,,,,,,70,,
buyer_compatible_environment,alias_compatible_boamp_key,24,future_24m,all_appel_offre_sources,cpv_division,71,6260,0.065814696485623,98.20191693290735,32.0,132.0,296.0,410.0,766.4099999999999,823,8.0,110.0,,,0.0,,,,,,,71,,
buyer_compatible_environment,alias_compatible_boamp_key,24,future_24m,all_appel_offre_sources,cpv_division,72,1076,0.05111524163568773,122.49721189591078,58.5,179.5,301.0,425.25,786.25,818,6.0,87.0,,,0.0,,,,,,,72,,
buyer_compatible_environment,alias_compatible_boamp_key,24,future_24m,all_appel_offre_sources,cpv_division,73,47,0.0425531914893617,59.61702127659574,23.0,67.0,147.39999999999998,275.09999999999997,379.81999999999994,418,11.0,134.40000000000003,,,0.0,,,,,,,73,,
buyer_compatible_environment,alias_compatible_boamp_key,24,future_24m,all_appel_offre_sources,cpv_division,75,349,0.07449856733524356,86.70487106017193,32.0,102.0,247.39999999999998,346.39999999999884,688.6399999999999,804,9.0,100.0,,,0.0,,,,,,,75,,
buyer_compatible_environment,alias_compatible_boamp_key,24,future_24m,all_appel_offre_sources,cpv_division,76,1,0.0,11.0,11.0,11.0,11.0,11.0,11.0,11,83.0,83.0,,,0.0,,,,,,,76,,
buyer_compatible_environment,alias_compatible_boamp_key,24,future_24m,all_appel_offre_sources,cpv_division,77,741,0.06072874493927125,70.29284750337382,21.0,71.0,201.0,372.0,734.6000000000003,813,12.0,102.5,,,0.0,,,,,,,77,,
buyer_compatible_environment,alias_compatible_boamp_key,24,future_24m,all_appel_offre_sources,cpv_division,79,2894,0.0691085003455425,113.78265376641328,43.0,161.0,308.1000000000008,419.6999999999998,796.1400000000003,824,7.0,85.70000000000027,,,0.0,,,,,,,79,,
buyer_compatible_environment,alias_compatible_boamp_key,24,future_24m,all_appel_offre_sources,cpv_division,80,581,0.06712564543889846,97.86919104991394,31.0,139.0,293.0,412.0,559.8000000000029,812,8.0,95.90000000000003,,,0.0,,,,,,,80,,
buyer_compatible_environment,alias_compatible_boamp_key,24,future_24m,all_appel_offre_sources,cpv_division,85,416,0.08653846153846154,86.35576923076923,39.0,147.0,226.5,302.75,411.2500000000001,810,7.0,97.10000000000002,,,0.0,,,,,,,85,,
buyer_compatible_environment,alias_compatible_boamp_key,24,future_24m,all_appel_offre_sources,cpv_division,90,2769,0.06608884073672806,64.99169375225713,17.0,70.0,180.0,282.5999999999999,721.5600000000013,820,13.0,112.0,,,0.0,,,,,,,90,,
buyer_compatible_environment,alias_compatible_boamp_key,24,future_24m,all_appel_offre_sources,cpv_division,92,628,0.08121019108280254,90.05891719745223,28.5,125.25,261.40000000000055,395.29999999999995,710.3000000000002,814,9.0,104.39999999999998,,,0.0,,,,,,,92,,
buyer_compatible_environment,alias_compatible_boamp_key,24,future_24m,all_appel_offre_sources,cpv_division,98,301,0.07308970099667775,69.66777408637874,21.0,89.0,181.0,287.0,569.0,788,10.0,119.20000000000002,,,0.0,,,,,,,98,,
buyer_compatible_environment,alias_compatible_boamp_key,24,future_24m,all_appel_offre_sources,cpv_division,nan,12460,0.07624398073836276,108.09719101123595,34.0,114.0,293.10000000000036,624.0,802.0,827,8.0,93.0,,,0.0,,,,,,,,,
buyer_compatible_environment,alias_compatible_boamp_key,36,future_36m,all_appel_offre_sources,cpv_division,03,180,0.03333333333333333,101.81666666666666,48.0,155.0,297.1,349.4499999999998,447.7100000000004,560,10.0,79.50000000000009,,,0.0,,,,,,,03,,
buyer_compatible_environment,alias_compatible_boamp_key,36,future_36m,all_appel_offre_sources,cpv_division,09,598,0.08361204013377926,83.14046822742475,17.0,70.0,262.0,395.15,1078.4199999999996,1198,18.0,115.30000000000001,,,0.0,,,,,,,09,,
buyer_compatible_environment,alias_compatible_boamp_key,36,future_36m,all_appel_offre_sources,cpv_division,14,69,0.028985507246376812,204.52173913043478,104.0,274.0,394.8000000000001,1050.1999999999991,1146.4799999999996,1190,6.0,47.8,,,0.0,,,,,,,14,,
buyer_compatible_environment,alias_compatible_boamp_key,36,future_36m,all_appel_offre_sources,cpv_division,15,739,0.12719891745602166,63.38700947225981,16.0,79.5,226.0,306.0,391.62,638,16.0,158.60000000000002,,,0.0,,,,,,,15,,
buyer_compatible_environment,alias_compatible_boamp_key,36,future_36m,all_appel_offre_sources,cpv_division,16,132,0.08333333333333333,125.5909090909091,45.5,179.0,353.00000000000017,509.3499999999995,626.0,1117,7.0,97.0,,,0.0,,,,,,,16,,
buyer_compatible_environment,alias_compatible_boamp_key,36,future_36m,all_appel_offre_sources,cpv_division,18,313,0.04153354632587859,102.99680511182109,40.0,141.0,297.6000000000001,374.5999999999997,608.8399999999997,1127,9.0,70.20000000000005,,,0.0,,,,,,,18,,
buyer_compatible_environment,alias_compatible_boamp_key,36,future_36m,all_appel_offre_sources,cpv_division,19,76,0.06578947368421052,123.8157894736842,65.5,193.25,337.0,389.0,470.75,647,8.0,69.0,,,0.0,,,,,,,19,,
buyer_compatible_environment,alias_compatible_boamp_key,36,future_36m,all_appel_offre_sources,cpv_division,22,222,0.04504504504504504,129.22972972972974,77.0,190.75,309.6,465.0,657.1699999999998,1185,7.5,66.9,,,0.0,,,,,,,22,,
buyer_compatible_environment,alias_compatible_boamp_key,36,future_36m,all_appel_offre_sources,cpv_division,24,231,0.030303030303030304,150.1818181818182,75.0,237.5,387.0,430.0,1112.9999999999995,1191,5.0,36.400000000000034,,,0.0,,,,,,,24,,
buyer_compatible_environment,alias_compatible_boamp_key,36,future_36m,all_appel_offre_sources,cpv_division,30,841,0.04042806183115339,100.80856123662306,40.0,128.0,294.0,389.0,648.8000000000001,1193,10.0,89.79999999999995,,,0.0,,,,,,,30,,
buyer_compatible_environment,alias_compatible_boamp_key,36,future_36m,all_appel_offre_sources,cpv_division,31,412,0.05825242718446602,110.58009708737865,40.0,143.0,330.0,418.9,706.3299999999987,1123,9.0,88.90000000000003,,,0.0,,,,,,,31,,
buyer_compatible_environment,alias_compatible_boamp_key,36,future_36m,all_appel_offre_sources,cpv_division,32,437,0.059496567505720827,108.50572082379863,31.0,139.0,303.40000000000003,410.9999999999999,847.7999999999973,1188,9.0,109.0,,,0.0,,,,,,,32,,
buyer_compatible_environment,alias_compatible_boamp_key,36,future_36m,all_appel_offre_sources,cpv_division,33,947,0.03484688489968321,170.14889123548048,139.0,308.5,388.0,408.69999999999993,432.53999999999996,615,5.0,34.0,,,0.0,,,,,,,33,,
buyer_compatible_environment,alias_compatible_boamp_key,36,future_36m,all_appel_offre_sources,cpv_division,34,1432,0.03282122905027933,125.33379888268156,47.0,156.25,347.0,439.9000000000001,1089.7600000000002,1207,8.0,83.0,,,0.0,,,,,,,34,,
buyer_compatible_environment,alias_compatible_boamp_key,36,future_36m,all_appel_offre_sources,cpv_division,35,187,0.053475935828877004,117.70588235294117,47.0,177.5,326.6,371.1999999999998,857.1199999999978,1126,8.0,77.0,,,0.0,,,,,,,35,,
buyer_compatible_environment,alias_compatible_boamp_key,36,future_36m,all_appel_offre_sources,cpv_division,37,197,0.050761421319796954,108.44670050761421,60.0,153.0,262.0,385.7999999999999,516.7199999999989,1096,7.0,61.00000000000003,,,0.0,,,,,,,37,,
buyer_compatible_environment,alias_compatible_boamp_key,36,future_36m,all_appel_offre_sources,cpv_division,38,493,0.04665314401622718,93.49695740365111,40.0,113.0,250.6000000000002,339.4,553.8399999999984,1205,10.0,81.0,,,0.0,,,,,,,38,,
buyer_compatible_environment,alias_compatible_boamp_key,36,future_36m,all_appel_offre_sources,cpv_division,39,1266,0.05134281200631911,116.53396524486571,49.0,148.0,331.0,406.25,676.099999999994,1191,8.0,78.0,,,0.0,,,,,,,39,,
buyer_compatible_environment,alias_compatible_boamp_key,36,future_36m,all_appel_offre_sources,cpv_division,41,20,0.2,41.6,23.0,61.5,121.10000000000005,149.1,150.62,151,12.5,223.5,,,0.0,,,,,,,41,,
buyer_compatible_environment,alias_compatible_boamp_key,36,future_36m,all_appel_offre_sources,cpv_division,42,512,0.060546875,119.994140625,59.0,183.25,343.0,407.0,635.7899999999998,944,8.0,68.0,,,0.0,,,,,,,42,,
buyer_compatible_environment,alias_compatible_boamp_key,36,future_36m,all_appel_offre_sources,cpv_division,43,115,0.06086956521739131,142.8695652173913,77.0,179.5,306.6000000000003,531.7999999999998,1174.3,1212,7.0,53.3,,,0.0,,,,,,,43,,
buyer_compatible_environment,alias_compatible_boamp_key,36,future_36m,all_appel_offre_sources,cpv_division,44,1050,0.047619047619047616,139.83714285714285,69.0,177.0,344.30000000000007,496.54999999999995,1123.0,1208,7.0,77.10000000000002,,,0.0,,,,,,,44,,
buyer_compatible_environment,alias_compatible_boamp_key,36,future_36m,all_appel_offre_sources,cpv_division,45,12527,0.0802267103057396,94.26486788536761,30.0,119.0,260.0,393.0,778.6199999999972,1211,10.0,93.0,,,0.0,,,,,,,45,,
buyer_compatible_environment,alias_compatible_boamp_key,36,future_36m,all_appel_offre_sources,cpv_division,48,514,0.04085603112840467,175.44357976653697,67.5,236.0,447.6999999999999,652.05,1151.83,1212,7.0,68.0,,,0.0,,,,,,,48,,
buyer_compatible_environment,alias_compatible_boamp_key,36,future_36m,all_appel_offre_sources,cpv_division,50,2108,0.03984819734345351,115.5370018975332,43.0,154.0,327.0,418.0,903.8699999999903,1200,8.0,86.0,,,0.0,,,,,,,50,,
buyer_compatible_environment,alias_compatible_boamp_key,36,future_36m,all_appel_offre_sources,cpv_division,51,75,0.04,123.25333333333333,54.0,173.0,318.40000000000026,417.49999999999994,934.4400000000012,1115,6.0,47.0,,,0.0,,,,,,,51,,
buyer_compatible_environment,alias_compatible_boamp_key,36,future_36m,all_appel_offre_sources,cpv_division,55,772,0.20595854922279794,43.77590673575129,5.0,28.0,136.5999999999999,230.89999999999986,571.3699999999981,899,32.0,206.0,,,0.0,,,,,,,55,,
buyer_compatible_environment,alias_compatible_boamp_key,36,future_36m,all_appel_offre_sources,cpv_division,60,729,0.07681755829903979,119.50617283950618,44.0,165.0,344.0,481.0,649.1600000000001,1200,7.0,86.80000000000007,,,0.0,,,,,,,60,,
buyer_compatible_environment,alias_compatible_boamp_key,36,future_36m,all_appel_offre_sources,cpv_division,63,181,0.06629834254143646,138.40331491712706,51.0,188.0,390.0,496.0,1025.7999999999986,1183,7.0,104.00000000000017,,,0.0,,,,,,,63,,
buyer_compatible_environment,alias_compatible_boamp_key,36,future_36m,all_appel_offre_sources,cpv_division,64,389,0.043701799485861184,106.54755784061696,36.0,134.0,326.59999999999997,393.79999999999956,836.0400000000008,1193,11.0,112.90000000000003,,,0.0,,,,,,,64,,
buyer_compatible_environment,alias_compatible_boamp_key,36,future_36m,all_appel_offre_sources,cpv_division,65,169,0.11834319526627218,63.828402366863905,14.0,61.0,182.40000000000012,335.79999999999995,630.64,712,21.0,228.00000000000009,,,0.0,,,,,,,65,,
buyer_compatible_environment,alias_compatible_boamp_key,36,future_36m,all_appel_offre_sources,cpv_division,66,1706,0.14536928487690504,47.723329425556855,8.0,36.75,144.5,265.25,424.05000000000086,1188,24.0,192.29999999999995,,,0.0,,,,,,,66,,
buyer_compatible_environment,alias_compatible_boamp_key,36,future_36m,all_appel_offre_sources,cpv_division,70,130,0.08461538461538462,117.56923076923077,33.0,153.5,399.50000000000006,432.55,750.8399999999999,864,7.0,86.00000000000001,,,0.0,,,,,,,70,,
buyer_compatible_environment,alias_compatible_boamp_key,36,future_36m,all_appel_offre_sources,cpv_division,71,6260,0.06261980830670927,129.34840255591055,38.0,163.25,389.0,555.0499999999993,1118.4099999999999,1212,8.0,114.0,,,0.0,,,,,,,71,,
buyer_compatible_environment,alias_compatible_boamp_key,36,future_36m,all_appel_offre_sources,cpv_division,72,1076,0.046468401486988845,163.56970260223048,66.5,232.0,402.0,616.25,1128.25,1208,7.0,89.0,,,0.0,,,,,,,72,,
buyer_compatible_environment,alias_compatible_boamp_key,36,future_36m,all_appel_offre_sources,cpv_division,73,47,0.0425531914893617,72.87234042553192,28.0,88.5,165.99999999999991,303.29999999999984,471.0799999999998,564,11.0,134.40000000000003,,,0.0,,,,,,,73,,
buyer_compatible_environment,alias_compatible_boamp_key,36,future_36m,all_appel_offre_sources,cpv_division,75,349,0.07163323782234957,116.22636103151862,40.0,139.0,308.3999999999999,453.39999999999884,954.1599999999999,1186,9.0,102.79999999999995,,,0.0,,,,,,,75,,
buyer_compatible_environment,alias_compatible_boamp_key,36,future_36m,all_appel_offre_sources,cpv_division,76,1,0.0,11.0,11.0,11.0,11.0,11.0,11.0,11,83.0,83.0,,,0.0,,,,,,,76,,
buyer_compatible_environment,alias_compatible_boamp_key,36,future_36m,all_appel_offre_sources,cpv_division,77,741,0.058029689608636977,92.53036437246963,24.0,90.0,248.0,438.0,1104.2000000000007,1187,12.0,104.0,,,0.0,,,,,,,77,,
buyer_compatible_environment,alias_compatible_boamp_key,36,future_36m,all_appel_offre_sources,cpv_division,79,2894,0.06530753282653766,152.1458189357291,55.0,210.0,402.0,607.3499999999999,1126.0,1198,7.0,90.59999999999991,,,0.0,,,,,,,79,,
buyer_compatible_environment,alias_compatible_boamp_key,36,future_36m,all_appel_offre_sources,cpv_division,80,581,0.06540447504302926,133.37177280550773,34.0,183.0,411.0,584.0,769.2000000000035,1151,8.0,97.60000000000002,,,0.0,,,,,,,80,,
buyer_compatible_environment,alias_compatible_boamp_key,36,future_36m,all_appel_offre_sources,cpv_division,85,416,0.08173076923076923,111.36298076923077,50.0,170.0,331.0,389.25,623.0500000000003,1129,7.0,104.30000000000024,,,0.0,,,,,,,85,,
buyer_compatible_environment,alias_compatible_boamp_key,36,future_36m,all_appel_offre_sources,cpv_division,90,2769,0.062116287468400144,85.9967497291441,21.0,86.0,243.20000000000027,400.0,1097.6400000000003,1192,13.0,115.0,,,0.0,,,,,,,90,,
buyer_compatible_environment,alias_compatible_boamp_key,36,future_36m,all_appel_offre_sources,cpv_division,92,628,0.07961783439490445,118.82484076433121,39.0,148.25,339.7000000000006,518.4499999999997,1017.9500000000003,1188,9.0,105.30000000000007,,,0.0,,,,,,,92,,
buyer_compatible_environment,alias_compatible_boamp_key,36,future_36m,all_appel_offre_sources,cpv_division,98,301,0.07308970099667775,90.34883720930233,26.0,108.0,249.0,381.0,765.0,1207,10.0,119.20000000000002,,,0.0,,,,,,,98,,
buyer_compatible_environment,alias_compatible_boamp_key,36,future_36m,all_appel_offre_sources,cpv_division,nan,12460,0.07006420545746389,150.75810593900482,43.0,150.0,414.0,841.0499999999993,1185.0,1211,8.0,98.0,,,0.0,,,,,,,,,
buyer_compatible_environment,alias_compatible_boamp_key,60,future_60m,all_appel_offre_sources,cpv_division,03,180,0.03333333333333333,135.53333333333333,62.5,202.25,427.99999999999994,491.2999999999999,638.1800000000005,688,10.0,79.50000000000009,,,0.0,,,,,,,03,,
buyer_compatible_environment,alias_compatible_boamp_key,60,future_60m,all_appel_offre_sources,cpv_division,09,598,0.0802675585284281,114.72408026755853,23.0,90.0,319.30000000000075,552.4499999999999,1523.309999999998,1877,18.0,117.20000000000005,,,0.0,,,,,,,09,,
buyer_compatible_environment,alias_compatible_boamp_key,60,future_60m,all_appel_offre_sources,cpv_division,14,69,0.028985507246376812,298.768115942029,104.0,426.0,619.8000000000006,1524.9999999999984,1840.6399999999996,1876,6.0,47.8,,,0.0,,,,,,,14,,
buyer_compatible_environment,alias_compatible_boamp_key,60,future_60m,all_appel_offre_sources,cpv_division,15,739,0.11907983761840325,85.82949932341002,19.0,92.0,287.2000000000003,450.20000000000005,633.24,1063,17.0,164.0,,,0.0,,,,,,,15,,
buyer_compatible_environment,alias_compatible_boamp_key,60,future_60m,all_appel_offre_sources,cpv_division,16,132,0.07575757575757576,163.63636363636363,51.5,208.5,494.5,601.4499999999996,1042.1799999999998,1662,7.0,97.9,,,0.0,,,,,,,16,,
buyer_compatible_environment,alias_compatible_boamp_key,60,future_60m,all_appel_offre_sources,cpv_division,18,313,0.04153354632587859,138.08306709265176,49.0,172.0,428.40000000000003,532.5999999999998,995.5599999999989,1890,9.0,70.20000000000005,,,0.0,,,,,,,18,,
buyer_compatible_environment,alias_compatible_boamp_key,60,future_60m,all_appel_offre_sources,cpv_division,19,76,0.05263157894736842,168.22368421052633,66.0,219.5,492.0,607.0,817.25,1022,8.5,86.09999999999997,,,0.0,,,,,,,19,,
buyer_compatible_environment,alias_compatible_boamp_key,60,future_60m,all_appel_offre_sources,cpv_division,22,222,0.04054054054054054,172.0990990990991,90.0,255.25,457.40000000000003,544.7999999999997,1022.4299999999998,1780,8.0,71.00000000000006,,,0.0,,,,,,,22,,
buyer_compatible_environment,alias_compatible_boamp_key,60,future_60m,all_appel_offre_sources,cpv_division,24,231,0.030303030303030304,200.55411255411255,83.0,281.5,522.0,621.5,1749.799999999997,1866,5.0,36.400000000000034,,,0.0,,,,,,,24,,
buyer_compatible_environment,alias_compatible_boamp_key,60,future_60m,all_appel_offre_sources,cpv_division,30,841,0.04042806183115339,135.81569560047564,45.0,165.0,373.0,554.0,1040.0,1875,10.0,89.79999999999995,,,0.0,,,,,,,30,,
buyer_compatible_environment,alias_compatible_boamp_key,60,future_60m,all_appel_offre_sources,cpv_division,31,412,0.055825242718446605,150.54368932038835,47.0,199.0,460.7000000000001,538.9499999999998,1035.2599999999995,1897,9.0,91.0,,,0.0,,,,,,,31,,
buyer_compatible_environment,alias_compatible_boamp_key,60,future_60m,all_appel_offre_sources,cpv_division,32,437,0.057208237986270026,147.0091533180778,37.0,181.0,454.00000000000034,558.9999999999999,1217.5999999999967,1836,9.0,109.90000000000003,,,0.0,,,,,,,32,,
buyer_compatible_environment,alias_compatible_boamp_key,60,future_60m,all_appel_offre_sources,cpv_division,33,947,0.03484688489968321,235.10031678986272,156.0,431.0,564.0,663.6999999999999,689.0,695,5.0,34.0,,,0.0,,,,,,,33,,
buyer_compatible_environment,alias_compatible_boamp_key,60,future_60m,all_appel_offre_sources,cpv_division,34,1432,0.03212290502793296,173.20251396648044,56.0,214.25,489.0,704.3500000000001,1595.640000000003,1897,8.0,83.5,,,0.0,,,,,,,34,,
buyer_compatible_environment,alias_compatible_boamp_key,60,future_60m,all_appel_offre_sources,cpv_division,35,187,0.053475935828877004,164.048128342246,56.0,196.5,484.6000000000001,576.8,1224.799999999997,1868,8.0,77.0,,,0.0,,,,,,,35,,
buyer_compatible_environment,alias_compatible_boamp_key,60,future_60m,all_appel_offre_sources,cpv_division,37,197,0.050761421319796954,149.39593908629442,71.0,205.0,416.20000000000005,535.3999999999994,677.3999999999977,1894,7.0,61.00000000000003,,,0.0,,,,,,,37,,
buyer_compatible_environment,alias_compatible_boamp_key,60,future_60m,all_appel_offre_sources,cpv_division,38,493,0.04665314401622718,127.48478701825557,47.0,147.0,341.0,499.1999999999998,832.039999999997,1892,10.0,81.0,,,0.0,,,,,,,38,,
buyer_compatible_environment,alias_compatible_boamp_key,60,future_60m,all_appel_offre_sources,cpv_division,39,1266,0.04818325434439179,156.1777251184834,55.0,197.75,473.0,586.75,1044.4499999999994,1837,8.0,81.20000000000027,,,0.0,,,,,,,39,,
buyer_compatible_environment,alias_compatible_boamp_key,60,future_60m,all_appel_offre_sources,cpv_division,41,20,0.2,56.55,36.5,65.5,178.60000000000008,238.1,239.62,240,12.5,223.5,,,0.0,,,,,,,41,,
buyer_compatible_environment,alias_compatible_boamp_key,60,future_60m,all_appel_offre_sources,cpv_division,42,512,0.060546875,163.43359375,68.0,221.25,496.80000000000007,635.9,944.1799999999992,1345,8.0,68.0,,,0.0,,,,,,,42,,
buyer_compatible_environment,alias_compatible_boamp_key,60,future_60m,all_appel_offre_sources,cpv_division,43,115,0.06086956521739131,203.26956521739132,82.0,228.0,506.20000000000005,744.8999999999996,1866.9,1876,7.0,53.3,,,0.0,,,,,,,43,,
buyer_compatible_environment,alias_compatible_boamp_key,60,future_60m,all_appel_offre_sources,cpv_division,44,1050,0.04380952380952381,191.0457142857143,83.0,244.0,472.0,626.2999999999997,1825.04,1893,7.0,79.70000000000005,,,0.0,,,,,,,44,,
buyer_compatible_environment,alias_compatible_boamp_key,60,future_60m,all_appel_offre_sources,cpv_division,45,12527,0.0773529176977728,123.27372874590884,35.0,145.5,335.0,522.6999999999989,1108.0599999999959,1896,10.0,96.0,,,0.0,,,,,,,45,,
buyer_compatible_environment,alias_compatible_boamp_key,60,future_60m,all_appel_offre_sources,cpv_division,48,514,0.03501945525291829,246.65369649805447,79.5,308.75,667.6999999999998,1018.3499999999999,1831.3200000000002,1884,7.0,74.5,,,0.0,,,,,,,48,,
buyer_compatible_environment,alias_compatible_boamp_key,60,future_60m,all_appel_offre_sources,cpv_division,50,2108,0.03842504743833017,155.74240986717268,50.5,199.0,461.0,607.0,1283.7999999999902,1897,8.0,87.40000000000009,,,0.0,,,,,,,50,,
buyer_compatible_environment,alias_compatible_boamp_key,60,future_60m,all_appel_offre_sources,cpv_division,51,75,0.04,155.48,54.0,227.5,372.20000000000005,470.69999999999993,1359.040000000002,1658,6.0,47.0,,,0.0,,,,,,,51,,
buyer_compatible_environment,alias_compatible_boamp_key,60,future_60m,all_appel_offre_sources,cpv_division,55,772,0.18652849740932642,57.3160621761658,6.0,36.0,182.69999999999993,303.24999999999966,677.29,1275,34.0,262.30000000000075,,,0.0,,,,,,,55,,
buyer_compatible_environment,alias_compatible_boamp_key,60,future_60m,all_appel_offre_sources,cpv_division,60,729,0.06995884773662552,158.16186556927298,51.0,200.0,451.60000000000014,602.2000000000002,1048.0,1877,7.0,89.30000000000007,,,0.0,,,,,,,60,,
buyer_compatible_environment,alias_compatible_boamp_key,60,future_60m,all_appel_offre_sources,cpv_division,63,181,0.06077348066298342,178.91160220994476,62.0,239.0,469.0,657.0,1471.9999999999977,1796,7.5,112.0,,,0.0,,,,,,,63,,
buyer_compatible_environment,alias_compatible_boamp_key,60,future_60m,all_appel_offre_sources,cpv_division,64,389,0.038560411311053984,149.426735218509,45.0,171.0,468.59999999999997,578.9999999999995,1200.320000000001,1872,11.5,119.39999999999998,,,0.0,,,,,,,64,,
buyer_compatible_environment,alias_compatible_boamp_key,60,future_60m,all_appel_offre_sources,cpv_division,65,169,0.11834319526627218,88.06508875739645,16.0,81.0,245.60000000000005,410.19999999999925,1018.5199999999995,1062,21.0,228.00000000000009,,,0.0,,,,,,,65,,
buyer_compatible_environment,alias_compatible_boamp_key,60,future_60m,all_appel_offre_sources,cpv_division,66,1706,0.13716295427901523,63.59906213364596,10.0,43.0,185.0,347.75,659.4000000000015,1875,25.0,198.0,,,0.0,,,,,,,66,,
buyer_compatible_environment,alias_compatible_boamp_key,60,future_60m,all_appel_offre_sources,cpv_division,70,130,0.08461538461538462,150.27692307692308,46.0,169.0,447.50000000000006,622.8999999999997,1055.42,1245,7.0,86.00000000000001,,,0.0,,,,,,,70,,
buyer_compatible_environment,alias_compatible_boamp_key,60,future_60m,all_appel_offre_sources,cpv_division,71,6260,0.058945686900958465,167.27523961661342,44.0,202.25,488.10000000000036,693.0,1642.0499999999993,1884,8.0,118.0,,,0.0,,,,,,,71,,
buyer_compatible_environment,alias_compatible_boamp_key,60,future_60m,all_appel_offre_sources,cpv_division,72,1076,0.04553903345724907,221.3336431226766,78.0,298.0,607.0,950.75,1680.0,1875,7.0,89.79999999999995,,,0.0,,,,,,,72,,
buyer_compatible_environment,alias_compatible_boamp_key,60,future_60m,all_appel_offre_sources,cpv_division,73,47,0.0425531914893617,85.80851063829788,28.0,103.5,198.4,303.29999999999984,558.5599999999997,726,11.0,134.40000000000003,,,0.0,,,,,,,73,,
buyer_compatible_environment,alias_compatible_boamp_key,60,future_60m,all_appel_offre_sources,cpv_division,75,349,0.0659025787965616,162.5214899713467,44.0,182.0,457.79999999999995,637.5999999999999,1365.3999999999996,1856,9.0,104.0,,,0.0,,,,,,,75,,
buyer_compatible_environment,alias_compatible_boamp_key,60,future_60m,all_appel_offre_sources,cpv_division,76,1,0.0,11.0,11.0,11.0,11.0,11.0,11.0,11,83.0,83.0,,,0.0,,,,,,,76,,
buyer_compatible_environment,alias_compatible_boamp_key,60,future_60m,all_appel_offre_sources,cpv_division,77,741,0.05398110661268556,121.66396761133603,27.0,113.0,357.0,568.0,1614.8000000000022,1886,12.0,106.0,,,0.0,,,,,,,77,,
buyer_compatible_environment,alias_compatible_boamp_key,60,future_60m,all_appel_offre_sources,cpv_division,79,2894,0.0635798203178991,205.9813407049067,65.0,278.75,546.0,860.7499999999995,1746.0700000000002,1892,7.0,92.09999999999991,,,0.0,,,,,,,79,,
buyer_compatible_environment,alias_compatible_boamp_key,60,future_60m,all_appel_offre_sources,cpv_division,80,581,0.06196213425129088,184.5800344234079,39.0,227.0,597.0,755.0,1084.8000000000059,1860,8.0,99.0,,,0.0,,,,,,,80,,
buyer_compatible_environment,alias_compatible_boamp_key,60,future_60m,all_appel_offre_sources,cpv_division,85,416,0.06971153846153846,145.58894230769232,56.5,203.5,424.5,551.5,1028.4000000000024,1682,7.0,116.40000000000003,,,0.0,,,,,,,85,,
buyer_compatible_environment,alias_compatible_boamp_key,60,future_60m,all_appel_offre_sources,cpv_division,90,2769,0.05850487540628386,114.17515348501264,25.0,100.0,283.0,550.0,1584.5600000000095,1893,14.0,117.40000000000009,,,0.0,,,,,,,90,,
buyer_compatible_environment,alias_compatible_boamp_key,60,future_60m,all_appel_offre_sources,cpv_division,92,628,0.07484076433121019,156.71656050955414,48.5,182.25,463.0,671.0999999999992,1446.4900000000002,1842,9.0,108.0,,,0.0,,,,,,,92,,
buyer_compatible_environment,alias_compatible_boamp_key,60,future_60m,all_appel_offre_sources,cpv_division,98,301,0.06976744186046512,117.15282392026577,33.0,131.0,299.0,490.0,1083.0,1867,10.5,120.29999999999998,,,0.0,,,,,,,98,,
buyer_compatible_environment,alias_compatible_boamp_key,60,future_60m,all_appel_offre_sources,cpv_division,nan,12460,0.06701444622792938,213.33507223113963,53.0,203.25,597.1000000000004,1213.0,1860.4099999999999,1896,8.0,101.0,,,0.0,,,,,,,,,
buyer_compatible_environment,alias_compatible_l2_key,6,future_6m,production_digital_appel_offre_sources,cpv_division,09,1,1.0,0.0,0.0,0.0,0.0,0.0,0.0,0,,,,,0.0,,,,,,,09,,
buyer_compatible_environment,alias_compatible_l2_key,6,future_6m,production_digital_appel_offre_sources,cpv_division,16,1,1.0,0.0,0.0,0.0,0.0,0.0,0.0,0,,,,,0.0,,,,,,,16,,
buyer_compatible_environment,alias_compatible_l2_key,6,future_6m,production_digital_appel_offre_sources,cpv_division,22,5,0.4,1.8,1.0,4.0,4.0,4.0,4.0,4,67.0,90.2,,,0.0,,,,,,,22,,
buyer_compatible_environment,alias_compatible_l2_key,6,future_6m,production_digital_appel_offre_sources,cpv_division,30,234,0.5641025641025641,0.9957264957264957,0.0,1.0,3.0,4.0,11.0,14,56.0,157.70000000000002,,,0.0,,,,,,,30,,
buyer_compatible_environment,alias_compatible_l2_key,6,future_6m,production_digital_appel_offre_sources,cpv_division,31,6,0.5,0.8333333333333334,0.5,1.0,2.0,2.5,2.9000000000000004,3,48.0,48.0,,,0.0,,,,,,,31,,
buyer_compatible_environment,alias_compatible_l2_key,6,future_6m,production_digital_appel_offre_sources,cpv_division,32,376,0.523936170212766,1.3643617021276595,0.0,2.0,4.5,6.25,9.25,12,50.0,136.20000000000002,,,0.0,,,,,,,32,,
buyer_compatible_environment,alias_compatible_l2_key,6,future_6m,production_digital_appel_offre_sources,cpv_division,33,13,0.15384615384615385,1.8461538461538463,2.0,2.0,3.0,3.799999999999997,4.759999999999998,5,47.0,151.0,,,0.0,,,,,,,33,,
buyer_compatible_environment,alias_compatible_l2_key,6,future_6m,production_digital_appel_offre_sources,cpv_division,34,5,0.4,0.8,1.0,1.0,1.6,1.7999999999999998,1.96,2,75.0,87.8,,,0.0,,,,,,,34,,
buyer_compatible_environment,alias_compatible_l2_key,6,future_6m,production_digital_appel_offre_sources,cpv_division,35,158,0.5126582278481012,1.2848101265822784,0.0,2.0,4.0,6.0,8.430000000000007,12,45.0,131.60000000000008,,,0.0,,,,,,,35,,
buyer_compatible_environment,alias_compatible_l2_key,6,future_6m,production_digital_appel_offre_sources,cpv_division,38,15,0.6,0.8,0.0,1.0,1.5999999999999996,3.1999999999999957,5.439999999999998,6,73.5,143.5,,,0.0,,,,,,,38,,
buyer_compatible_environment,alias_compatible_l2_key,6,future_6m,production_digital_appel_offre_sources,cpv_division,39,12,0.3333333333333333,2.25,1.5,2.5,6.700000000000001,7.449999999999999,7.890000000000001,8,36.0,60.8,,,0.0,,,,,,,39,,
buyer_compatible_environment,alias_compatible_l2_key,6,future_6m,production_digital_appel_offre_sources,cpv_division,42,21,0.6190476190476191,1.0952380952380953,0.0,1.0,4.0,6.0,6.0,6,54.0,98.0,,,0.0,,,,,,,42,,
buyer_compatible_environment,alias_compatible_l2_key,6,future_6m,production_digital_appel_offre_sources,cpv_division,43,1,0.0,2.0,2.0,2.0,2.0,2.0,2.0,2,83.0,83.0,,,0.0,,,,,,,43,,
buyer_compatible_environment,alias_compatible_l2_key,6,future_6m,production_digital_appel_offre_sources,cpv_division,44,6,0.16666666666666666,2.1666666666666665,1.5,3.5,4.5,4.75,4.95,5,32.0,137.6,,,0.0,,,,,,,44,,
buyer_compatible_environment,alias_compatible_l2_key,6,future_6m,production_digital_appel_offre_sources,cpv_division,45,89,0.5730337078651685,1.247191011235955,0.0,2.0,4.200000000000003,6.0,7.480000000000018,11,39.5,125.60000000000001,,,0.0,,,,,,,45,,
buyer_compatible_environment,alias_compatible_l2_key,6,future_6m,production_digital_appel_offre_sources,cpv_division,48,485,0.4329896907216495,2.024742268041237,1.0,3.0,6.0,8.0,14.0,18,38.0,133.2,,,0.0,,,,,,,48,,
buyer_compatible_environment,alias_compatible_l2_key,6,future_6m,production_digital_appel_offre_sources,cpv_division,50,63,0.5396825396825397,1.3174603174603174,0.0,2.0,4.0,5.0,6.52000000000001,9,30.0,118.39999999999999,,,0.0,,,,,,,50,,
buyer_compatible_environment,alias_compatible_l2_key,6,future_6m,production_digital_appel_offre_sources,cpv_division,51,1,1.0,0.0,0.0,0.0,0.0,0.0,0.0,0,,,,,0.0,,,,,,,51,,
buyer_compatible_environment,alias_compatible_l2_key,6,future_6m,production_digital_appel_offre_sources,cpv_division,55,1,1.0,0.0,0.0,0.0,0.0,0.0,0.0,0,,,,,0.0,,,,,,,55,,
buyer_compatible_environment,alias_compatible_l2_key,6,future_6m,production_digital_appel_offre_sources,cpv_division,64,12,0.3333333333333333,3.8333333333333335,1.0,6.0,11.700000000000001,12.899999999999999,13.780000000000001,14,40.5,98.89999999999999,,,0.0,,,,,,,64,,
buyer_compatible_environment,alias_compatible_l2_key,6,future_6m,production_digital_appel_offre_sources,cpv_division,65,1,1.0,0.0,0.0,0.0,0.0,0.0,0.0,0,,,,,0.0,,,,,,,65,,
buyer_compatible_environment,alias_compatible_l2_key,6,future_6m,production_digital_appel_offre_sources,cpv_division,66,6,0.3333333333333333,1.8333333333333333,1.5,3.5,4.0,4.0,4.0,4,83.0,142.70000000000002,,,0.0,,,,,,,66,,
buyer_compatible_environment,alias_compatible_l2_key,6,future_6m,production_digital_appel_offre_sources,cpv_division,71,64,0.578125,1.171875,0.0,2.0,4.0,4.0,8.369999999999997,9,55.0,157.40000000000003,,,0.0,,,,,,,71,,
buyer_compatible_environment,alias_compatible_l2_key,6,future_6m,production_digital_appel_offre_sources,cpv_division,72,974,0.3891170431211499,2.1858316221765914,1.0,3.0,6.0,8.349999999999909,12.269999999999982,17,38.0,124.0,,,0.0,,,,,,,72,,
buyer_compatible_environment,alias_compatible_l2_key,6,future_6m,production_digital_appel_offre_sources,cpv_division,75,8,0.5,0.75,0.5,1.0,1.5999999999999996,2.299999999999999,2.8599999999999994,3,86.5,111.9,,,0.0,,,,,,,75,,
buyer_compatible_environment,alias_compatible_l2_key,6,future_6m,production_digital_appel_offre_sources,cpv_division,77,1,1.0,0.0,0.0,0.0,0.0,0.0,0.0,0,,,,,0.0,,,,,,,77,,
buyer_compatible_environment,alias_compatible_l2_key,6,future_6m,production_digital_appel_offre_sources,cpv_division,79,75,0.26666666666666666,2.32,2.0,3.0,5.6000000000000085,7.299999999999997,9.52000000000001,11,49.0,148.2,,,0.0,,,,,,,79,,
buyer_compatible_environment,alias_compatible_l2_key,6,future_6m,production_digital_appel_offre_sources,cpv_division,80,20,0.45,1.9,1.0,4.0,5.100000000000001,6.100000000000001,7.619999999999997,8,18.0,59.0,,,0.0,,,,,,,80,,
buyer_compatible_environment,alias_compatible_l2_key,6,future_6m,production_digital_appel_offre_sources,cpv_division,85,7,0.42857142857142855,1.0,1.0,1.5,2.4000000000000004,2.6999999999999993,2.9399999999999995,3,46.5,92.00000000000001,,,0.0,,,,,,,85,,
buyer_compatible_environment,alias_compatible_l2_key,6,future_6m,production_digital_appel_offre_sources,cpv_division,90,8,0.375,1.5,2.0,2.25,3.0,3.0,3.0,3,76.0,101.0,,,0.0,,,,,,,90,,
buyer_compatible_environment,alias_compatible_l2_key,6,future_6m,production_digital_appel_offre_sources,cpv_division,92,16,0.125,2.25,2.0,3.25,5.0,6.0,6.0,6,19.5,113.90000000000002,,,0.0,,,,,,,92,,
buyer_compatible_environment,alias_compatible_l2_key,6,future_6m,production_digital_appel_offre_sources,cpv_division,98,3,0.6666666666666666,0.3333333333333333,0.0,0.5,0.8,0.8999999999999999,0.98,1,2.0,2.0,,,0.0,,,,,,,98,,
buyer_compatible_environment,alias_compatible_l2_key,6,future_6m,production_digital_appel_offre_sources,cpv_division,nan,471,0.5159235668789809,1.6624203821656052,0.0,2.0,5.0,8.0,14.0,15,37.5,133.20000000000005,,,0.0,,,,,,,,,
buyer_compatible_environment,alias_compatible_l2_key,12,future_12m,production_digital_appel_offre_sources,cpv_division,09,1,1.0,0.0,0.0,0.0,0.0,0.0,0.0,0,,,,,0.0,,,,,,,09,,
buyer_compatible_environment,alias_compatible_l2_key,12,future_12m,production_digital_appel_offre_sources,cpv_division,16,1,1.0,0.0,0.0,0.0,0.0,0.0,0.0,0,,,,,0.0,,,,,,,16,,
buyer_compatible_environment,alias_compatible_l2_key,12,future_12m,production_digital_appel_offre_sources,cpv_division,22,5,0.4,2.8,1.0,5.0,6.800000000000001,7.3999999999999995,7.88,8,67.0,90.2,,,0.0,,,,,,,22,,
buyer_compatible_environment,alias_compatible_l2_key,12,future_12m,production_digital_appel_offre_sources,cpv_division,30,234,0.452991452991453,1.9188034188034189,1.0,2.0,5.0,7.349999999999994,18.339999999999975,28,78.0,243.0,,,0.0,,,,,,,30,,
buyer_compatible_environment,alias_compatible_l2_key,12,future_12m,production_digital_appel_offre_sources,cpv_division,31,6,0.5,1.5,0.5,1.75,4.0,5.0,5.800000000000001,6,48.0,48.0,,,0.0,,,,,,,31,,
buyer_compatible_environment,alias_compatible_l2_key,12,future_12m,production_digital_appel_offre_sources,cpv_division,32,376,0.43617021276595747,2.5,1.0,3.0,8.0,10.25,20.0,27,62.0,234.90000000000006,,,0.0,,,,,,,32,,
buyer_compatible_environment,alias_compatible_l2_key,12,future_12m,production_digital_appel_offre_sources,cpv_division,33,13,0.15384615384615385,4.6923076923076925,4.0,8.0,8.8,9.0,9.0,9,47.0,151.0,,,0.0,,,,,,,33,,
buyer_compatible_environment,alias_compatible_l2_key,12,future_12m,production_digital_appel_offre_sources,cpv_division,34,5,0.4,0.8,1.0,1.0,1.6,1.7999999999999998,1.96,2,75.0,87.8,,,0.0,,,,,,,34,,
buyer_compatible_environment,alias_compatible_l2_key,12,future_12m,production_digital_appel_offre_sources,cpv_division,35,158,0.37341772151898733,2.430379746835443,1.0,3.0,7.0,9.0,16.860000000000014,22,63.0,265.6000000000001,,,0.0,,,,,,,35,,
buyer_compatible_environment,alias_compatible_l2_key,12,future_12m,production_digital_appel_offre_sources,cpv_division,38,15,0.4,1.4,1.0,2.0,2.5999999999999996,4.499999999999995,7.299999999999997,8,142.0,263.2,,,0.0,,,,,,,38,,
buyer_compatible_environment,alias_compatible_l2_key,12,future_12m,production_digital_appel_offre_sources,cpv_division,39,12,0.08333333333333333,3.6666666666666665,3.0,5.25,7.800000000000001,8.45,8.89,9,42.0,251.0,,,0.0,,,,,,,39,,
buyer_compatible_environment,alias_compatible_l2_key,12,future_12m,production_digital_appel_offre_sources,cpv_division,42,21,0.5238095238095238,2.380952380952381,0.0,3.0,8.0,11.0,11.0,11,75.0,254.99999999999997,,,0.0,,,,,,,42,,
buyer_compatible_environment,alias_compatible_l2_key,12,future_12m,production_digital_appel_offre_sources,cpv_division,43,1,0.0,3.0,3.0,3.0,3.0,3.0,3.0,3,83.0,83.0,,,0.0,,,,,,,43,,
buyer_compatible_environment,alias_compatible_l2_key,12,future_12m,production_digital_appel_offre_sources,cpv_division,44,6,0.16666666666666666,4.833333333333333,6.0,6.75,7.0,7.0,7.0,7,32.0,137.6,,,0.0,,,,,,,44,,
buyer_compatible_environment,alias_compatible_l2_key,12,future_12m,production_digital_appel_offre_sources,cpv_division,45,89,0.5056179775280899,2.146067415730337,0.0,3.0,8.0,10.0,12.600000000000023,17,56.0,190.20000000000002,,,0.0,,,,,,,45,,
buyer_compatible_environment,alias_compatible_l2_key,12,future_12m,production_digital_appel_offre_sources,cpv_division,48,485,0.32577319587628867,3.839175257731959,2.0,5.0,11.0,16.0,24.159999999999968,29,54.0,254.80000000000007,,,0.0,,,,,,,48,,
buyer_compatible_environment,alias_compatible_l2_key,12,future_12m,production_digital_appel_offre_sources,cpv_division,50,63,0.4126984126984127,2.3015873015873014,1.0,3.5,7.800000000000004,8.0,10.760000000000005,12,47.0,267.3999999999999,,,0.0,,,,,,,50,,
buyer_compatible_environment,alias_compatible_l2_key,12,future_12m,production_digital_appel_offre_sources,cpv_division,51,1,0.0,1.0,1.0,1.0,1.0,1.0,1.0,1,256.0,256.0,,,0.0,,,,,,,51,,
buyer_compatible_environment,alias_compatible_l2_key,12,future_12m,production_digital_appel_offre_sources,cpv_division,55,1,1.0,0.0,0.0,0.0,0.0,0.0,0.0,0,,,,,0.0,,,,,,,55,,
buyer_compatible_environment,alias_compatible_l2_key,12,future_12m,production_digital_appel_offre_sources,cpv_division,64,12,0.3333333333333333,5.833333333333333,2.0,8.25,16.200000000000003,19.699999999999996,22.340000000000003,23,40.5,98.89999999999999,,,0.0,,,,,,,64,,
buyer_compatible_environment,alias_compatible_l2_key,12,future_12m,production_digital_appel_offre_sources,cpv_division,65,1,1.0,0.0,0.0,0.0,0.0,0.0,0.0,0,,,,,0.0,,,,,,,65,,
buyer_compatible_environment,alias_compatible_l2_key,12,future_12m,production_digital_appel_offre_sources,cpv_division,66,6,0.16666666666666666,3.0,1.5,5.0,7.0,7.5,7.9,8,86.0,242.0,,,0.0,,,,,,,66,,
buyer_compatible_environment,alias_compatible_l2_key,12,future_12m,production_digital_appel_offre_sources,cpv_division,71,64,0.453125,2.203125,1.0,3.0,7.0,9.849999999999994,14.369999999999997,15,102.0,259.6,,,0.0,,,,,,,71,,
buyer_compatible_environment,alias_compatible_l2_key,12,future_12m,production_digital_appel_offre_sources,cpv_division,72,974,0.3069815195071869,3.970225872689938,2.0,6.0,11.0,15.0,22.269999999999982,29,44.0,205.20000000000016,,,0.0,,,,,,,72,,
buyer_compatible_environment,alias_compatible_l2_key,12,future_12m,production_digital_appel_offre_sources,cpv_division,75,8,0.5,0.875,0.5,1.0,1.8999999999999995,2.9499999999999984,3.789999999999999,4,86.5,111.9,,,0.0,,,,,,,75,,
buyer_compatible_environment,alias_compatible_l2_key,12,future_12m,production_digital_appel_offre_sources,cpv_division,77,1,1.0,0.0,0.0,0.0,0.0,0.0,0.0,0,,,,,0.0,,,,,,,77,,
buyer_compatible_environment,alias_compatible_l2_key,12,future_12m,production_digital_appel_offre_sources,cpv_division,79,75,0.21333333333333335,4.586666666666667,3.0,6.0,9.600000000000009,17.299999999999997,21.56000000000003,26,56.0,161.0,,,0.0,,,,,,,79,,
buyer_compatible_environment,alias_compatible_l2_key,12,future_12m,production_digital_appel_offre_sources,cpv_division,80,20,0.4,3.95,1.0,9.0,10.100000000000001,11.450000000000006,18.28999999999999,20,20.0,128.30000000000004,,,0.0,,,,,,,80,,
buyer_compatible_environment,alias_compatible_l2_key,12,future_12m,production_digital_appel_offre_sources,cpv_division,85,7,0.42857142857142855,2.4285714285714284,1.0,2.0,6.0000000000000036,8.999999999999993,11.399999999999995,12,46.5,92.00000000000001,,,0.0,,,,,,,85,,
buyer_compatible_environment,alias_compatible_l2_key,12,future_12m,production_digital_appel_offre_sources,cpv_division,90,8,0.375,2.625,3.0,5.0,5.0,5.0,5.0,5,76.0,101.0,,,0.0,,,,,,,90,,
buyer_compatible_environment,alias_compatible_l2_key,12,future_12m,production_digital_appel_offre_sources,cpv_division,92,16,0.0625,4.0,4.0,5.25,7.0,8.75,10.549999999999999,11,26.0,135.79999999999998,,,0.0,,,,,,,92,,
buyer_compatible_environment,alias_compatible_l2_key,12,future_12m,production_digital_appel_offre_sources,cpv_division,98,3,0.6666666666666666,0.3333333333333333,0.0,0.5,0.8,0.8999999999999999,0.98,1,2.0,2.0,,,0.0,,,,,,,98,,
buyer_compatible_environment,alias_compatible_l2_key,12,future_12m,production_digital_appel_offre_sources,cpv_division,nan,471,0.4182590233545648,3.1825902335456475,1.0,3.0,9.0,17.5,26.600000000000023,30,50.0,241.2000000000001,,,0.0,,,,,,,,,
buyer_compatible_environment,alias_compatible_l2_key,24,future_24m,production_digital_appel_offre_sources,cpv_division,09,1,1.0,0.0,0.0,0.0,0.0,0.0,0.0,0,,,,,0.0,,,,,,,09,,
buyer_compatible_environment,alias_compatible_l2_key,24,future_24m,production_digital_appel_offre_sources,cpv_division,16,1,1.0,0.0,0.0,0.0,0.0,0.0,0.0,0,,,,,0.0,,,,,,,16,,
buyer_compatible_environment,alias_compatible_l2_key,24,future_24m,production_digital_appel_offre_sources,cpv_division,22,5,0.2,4.0,1.0,7.0,9.4,10.2,10.84,11,81.5,386.50000000000006,,,0.0,,,,,,,22,,
buyer_compatible_environment,alias_compatible_l2_key,24,future_24m,production_digital_appel_offre_sources,cpv_division,30,234,0.3888888888888889,3.4871794871794872,1.0,3.0,9.700000000000017,13.349999999999994,37.66999999999999,48,94.0,367.59999999999997,,,0.0,,,,,,,30,,
buyer_compatible_environment,alias_compatible_l2_key,24,future_24m,production_digital_appel_offre_sources,cpv_division,31,6,0.3333333333333333,2.3333333333333335,1.5,2.0,5.5,7.25,8.650000000000002,9,48.0,313.30000000000007,,,0.0,,,,,,,31,,
buyer_compatible_environment,alias_compatible_l2_key,24,future_24m,production_digital_appel_offre_sources,cpv_division,32,376,0.34308510638297873,4.4361702127659575,1.0,5.0,14.0,18.0,39.0,46,77.0,417.2000000000002,,,0.0,,,,,,,32,,
buyer_compatible_environment,alias_compatible_l2_key,24,future_24m,production_digital_appel_offre_sources,cpv_division,33,13,0.15384615384615385,8.076923076923077,6.0,12.0,15.8,17.199999999999996,18.639999999999997,19,47.0,151.0,,,0.0,,,,,,,33,,
buyer_compatible_environment,alias_compatible_l2_key,24,future_24m,production_digital_appel_offre_sources,cpv_division,34,5,0.4,0.8,1.0,1.0,1.6,1.7999999999999998,1.96,2,75.0,87.8,,,0.0,,,,,,,34,,
buyer_compatible_environment,alias_compatible_l2_key,24,future_24m,production_digital_appel_offre_sources,cpv_division,35,158,0.31645569620253167,4.430379746835443,2.0,5.0,11.300000000000011,17.150000000000006,38.43000000000001,41,86.5,348.5999999999999,,,0.0,,,,,,,35,,
buyer_compatible_environment,alias_compatible_l2_key,24,future_24m,production_digital_appel_offre_sources,cpv_division,38,15,0.3333333333333333,1.8666666666666667,1.0,2.0,4.199999999999999,6.499999999999995,9.299999999999997,10,143.5,286.4,,,0.0,,,,,,,38,,
buyer_compatible_environment,alias_compatible_l2_key,24,future_24m,production_digital_appel_offre_sources,cpv_division,39,12,0.0,6.25,5.0,11.25,12.9,13.45,13.89,14,46.0,281.6,,,0.0,,,,,,,39,,
buyer_compatible_environment,alias_compatible_l2_key,24,future_24m,production_digital_appel_offre_sources,cpv_division,42,21,0.38095238095238093,4.095238095238095,2.0,7.0,11.0,19.0,20.6,21,95.0,457.8,,,0.0,,,,,,,42,,
buyer_compatible_environment,alias_compatible_l2_key,24,future_24m,production_digital_appel_offre_sources,cpv_division,43,1,0.0,3.0,3.0,3.0,3.0,3.0,3.0,3,83.0,83.0,,,0.0,,,,,,,43,,
buyer_compatible_environment,alias_compatible_l2_key,24,future_24m,production_digital_appel_offre_sources,cpv_division,44,6,0.16666666666666666,8.166666666666666,9.0,11.5,13.0,13.5,13.9,14,32.0,137.6,,,0.0,,,,,,,44,,
buyer_compatible_environment,alias_compatible_l2_key,24,future_24m,production_digital_appel_offre_sources,cpv_division,45,89,0.42696629213483145,3.7752808988764044,1.0,5.0,12.200000000000003,15.599999999999994,23.240000000000123,47,66.0,408.0,,,0.0,,,,,,,45,,
buyer_compatible_environment,alias_compatible_l2_key,24,future_24m,production_digital_appel_offre_sources,cpv_division,48,485,0.25773195876288657,6.923711340206186,3.0,10.0,18.0,34.799999999999955,43.0,46,67.5,349.5000000000001,,,0.0,,,,,,,48,,
buyer_compatible_environment,alias_compatible_l2_key,24,future_24m,production_digital_appel_offre_sources,cpv_division,50,63,0.36507936507936506,3.9523809523809526,2.0,5.0,11.0,15.0,18.760000000000005,20,49.0,335.70000000000005,,,0.0,,,,,,,50,,
buyer_compatible_environment,alias_compatible_l2_key,24,future_24m,production_digital_appel_offre_sources,cpv_division,51,1,0.0,3.0,3.0,3.0,3.0,3.0,3.0,3,256.0,256.0,,,0.0,,,,,,,51,,
buyer_compatible_environment,alias_compatible_l2_key,24,future_24m,production_digital_appel_offre_sources,cpv_division,55,1,1.0,0.0,0.0,0.0,0.0,0.0,0.0,0,,,,,0.0,,,,,,,55,,
buyer_compatible_environment,alias_compatible_l2_key,24,future_24m,production_digital_appel_offre_sources,cpv_division,64,12,0.25,11.25,3.0,13.0,40.30000000000001,43.9,44.78,45,44.0,188.20000000000005,,,0.0,,,,,,,64,,
buyer_compatible_environment,alias_compatible_l2_key,24,future_24m,production_digital_appel_offre_sources,cpv_division,65,1,1.0,0.0,0.0,0.0,0.0,0.0,0.0,0,,,,,0.0,,,,,,,65,,
buyer_compatible_environment,alias_compatible_l2_key,24,future_24m,production_digital_appel_offre_sources,cpv_division,66,6,0.16666666666666666,5.833333333333333,3.0,10.75,14.0,14.5,14.9,15,86.0,242.0,,,0.0,,,,,,,66,,
buyer_compatible_environment,alias_compatible_l2_key,24,future_24m,production_digital_appel_offre_sources,cpv_division,71,64,0.390625,4.203125,1.5,5.25,12.700000000000003,19.94999999999996,24.739999999999995,26,106.0,338.0000000000001,,,0.0,,,,,,,71,,
buyer_compatible_environment,alias_compatible_l2_key,24,future_24m,production_digital_appel_offre_sources,cpv_division,72,974,0.2587268993839836,7.04312114989733,3.0,10.0,19.0,26.0,42.26999999999998,46,49.0,266.39999999999986,,,0.0,,,,,,,72,,
buyer_compatible_environment,alias_compatible_l2_key,24,future_24m,production_digital_appel_offre_sources,cpv_division,75,8,0.25,1.875,1.0,1.25,4.099999999999999,6.549999999999996,8.509999999999998,9,106.5,522.5,,,0.0,,,,,,,75,,
buyer_compatible_environment,alias_compatible_l2_key,24,future_24m,production_digital_appel_offre_sources,cpv_division,77,1,0.0,1.0,1.0,1.0,1.0,1.0,1.0,1,490.0,490.0,,,0.0,,,,,,,77,,
buyer_compatible_environment,alias_compatible_l2_key,24,future_24m,production_digital_appel_offre_sources,cpv_division,79,75,0.14666666666666667,8.453333333333333,4.0,11.0,20.800000000000026,36.599999999999994,42.0,42,60.5,217.00000000000006,,,0.0,,,,,,,79,,
buyer_compatible_environment,alias_compatible_l2_key,24,future_24m,production_digital_appel_offre_sources,cpv_division,80,20,0.35,5.75,1.5,9.5,17.200000000000003,19.75000000000001,31.14999999999998,34,22.0,184.80000000000004,,,0.0,,,,,,,80,,
buyer_compatible_environment,alias_compatible_l2_key,24,future_24m,production_digital_appel_offre_sources,cpv_division,85,7,0.2857142857142857,3.142857142857143,2.0,3.0,7.600000000000003,10.299999999999994,12.459999999999996,13,50.0,350.6,,,0.0,,,,,,,85,,
buyer_compatible_environment,alias_compatible_l2_key,24,future_24m,production_digital_appel_offre_sources,cpv_division,90,8,0.375,4.75,5.0,8.25,9.6,10.299999999999999,10.86,11,76.0,101.0,,,0.0,,,,,,,90,,
buyer_compatible_environment,alias_compatible_l2_key,24,future_24m,production_digital_appel_offre_sources,cpv_division,92,16,0.0625,6.9375,6.5,7.75,12.0,14.5,15.7,16,26.0,135.79999999999998,,,0.0,,,,,,,92,,
buyer_compatible_environment,alias_compatible_l2_key,24,future_24m,production_digital_appel_offre_sources,cpv_division,98,3,0.6666666666666666,0.3333333333333333,0.0,0.5,0.8,0.8999999999999999,0.98,1,2.0,2.0,,,0.0,,,,,,,98,,
buyer_compatible_environment,alias_compatible_l2_key,24,future_24m,production_digital_appel_offre_sources,cpv_division,nan,471,0.3481953290870488,5.83864118895966,1.0,5.0,16.0,40.0,46.0,49,63.0,372.40000000000003,,,0.0,,,,,,,,,
buyer_compatible_environment,alias_compatible_l2_key,36,future_36m,production_digital_appel_offre_sources,cpv_division,09,1,1.0,0.0,0.0,0.0,0.0,0.0,0.0,0,,,,,0.0,,,,,,,09,,
buyer_compatible_environment,alias_compatible_l2_key,36,future_36m,production_digital_appel_offre_sources,cpv_division,16,1,1.0,0.0,0.0,0.0,0.0,0.0,0.0,0,,,,,0.0,,,,,,,16,,
buyer_compatible_environment,alias_compatible_l2_key,36,future_36m,production_digital_appel_offre_sources,cpv_division,22,5,0.2,4.0,1.0,7.0,9.4,10.2,10.84,11,81.5,386.50000000000006,,,0.0,,,,,,,22,,
buyer_compatible_environment,alias_compatible_l2_key,36,future_36m,production_digital_appel_offre_sources,cpv_division,30,234,0.3504273504273504,4.760683760683761,2.0,5.0,13.700000000000017,20.0,51.3599999999999,70,108.5,425.9000000000001,,,0.0,,,,,,,30,,
buyer_compatible_environment,alias_compatible_l2_key,36,future_36m,production_digital_appel_offre_sources,cpv_division,31,6,0.3333333333333333,2.8333333333333335,1.5,3.5,7.0,8.5,9.700000000000001,10,48.0,313.30000000000007,,,0.0,,,,,,,31,,
buyer_compatible_environment,alias_compatible_l2_key,36,future_36m,production_digital_appel_offre_sources,cpv_division,32,376,0.31117021276595747,5.8111702127659575,2.0,6.0,18.0,24.25,58.25,65,83.0,505.2000000000001,,,0.0,,,,,,,32,,
buyer_compatible_environment,alias_compatible_l2_key,36,future_36m,production_digital_appel_offre_sources,cpv_division,33,13,0.15384615384615385,10.0,9.0,12.0,19.8,20.799999999999997,21.759999999999998,22,47.0,151.0,,,0.0,,,,,,,33,,
buyer_compatible_environment,alias_compatible_l2_key,36,future_36m,production_digital_appel_offre_sources,cpv_division,34,5,0.4,0.8,1.0,1.0,1.6,1.7999999999999998,1.96,2,75.0,87.8,,,0.0,,,,,,,34,,
buyer_compatible_environment,alias_compatible_l2_key,36,future_36m,production_digital_appel_offre_sources,cpv_division,35,158,0.2911392405063291,6.2025316455696204,2.0,7.75,17.30000000000001,23.150000000000006,58.43000000000001,65,95.5,398.5,,,0.0,,,,,,,35,,
buyer_compatible_environment,alias_compatible_l2_key,36,future_36m,production_digital_appel_offre_sources,cpv_division,38,15,0.3333333333333333,2.466666666666667,2.0,3.0,4.6,7.69999999999999,12.739999999999995,14,143.5,286.4,,,0.0,,,,,,,38,,
buyer_compatible_environment,alias_compatible_l2_key,36,future_36m,production_digital_appel_offre_sources,cpv_division,39,12,0.0,7.25,5.0,13.25,14.9,15.45,15.89,16,46.0,281.6,,,0.0,,,,,,,39,,
buyer_compatible_environment,alias_compatible_l2_key,36,future_36m,production_digital_appel_offre_sources,cpv_division,42,21,0.3333333333333333,5.190476190476191,2.0,8.0,11.0,28.0,28.8,29,100.0,493.80000000000007,,,0.0,,,,,,,42,,
buyer_compatible_environment,alias_compatible_l2_key,36,future_36m,production_digital_appel_offre_sources,cpv_division,43,1,0.0,4.0,4.0,4.0,4.0,4.0,4.0,4,83.0,83.0,,,0.0,,,,,,,43,,
buyer_compatible_environment,alias_compatible_l2_key,36,future_36m,production_digital_appel_offre_sources,cpv_division,44,6,0.16666666666666666,9.666666666666666,11.5,14.25,15.0,15.0,15.0,15,32.0,137.6,,,0.0,,,,,,,44,,
buyer_compatible_environment,alias_compatible_l2_key,36,future_36m,production_digital_appel_offre_sources,cpv_division,45,89,0.4044943820224719,4.808988764044944,1.0,6.0,15.400000000000006,18.0,29.680000000000177,64,69.0,493.6000000000001,,,0.0,,,,,,,45,,
buyer_compatible_environment,alias_compatible_l2_key,36,future_36m,production_digital_appel_offre_sources,cpv_division,48,485,0.2329896907216495,9.461855670103093,3.0,12.0,25.0,47.399999999999636,66.0,68,71.0,405.90000000000003,,,0.0,,,,,,,48,,
buyer_compatible_environment,alias_compatible_l2_key,36,future_36m,production_digital_appel_offre_sources,cpv_division,50,63,0.3333333333333333,5.2063492063492065,2.0,7.0,14.0,21.699999999999996,23.760000000000005,25,50.5,386.99999999999994,,,0.0,,,,,,,50,,
buyer_compatible_environment,alias_compatible_l2_key,36,future_36m,production_digital_appel_offre_sources,cpv_division,51,1,0.0,6.0,6.0,6.0,6.0,6.0,6.0,6,256.0,256.0,,,0.0,,,,,,,51,,
buyer_compatible_environment,alias_compatible_l2_key,36,future_36m,production_digital_appel_offre_sources,cpv_division,55,1,1.0,0.0,0.0,0.0,0.0,0.0,0.0,0,,,,,0.0,,,,,,,55,,
buyer_compatible_environment,alias_compatible_l2_key,36,future_36m,production_digital_appel_offre_sources,cpv_division,64,12,0.16666666666666666,14.416666666666666,3.0,13.0,55.600000000000016,62.25,64.45,65,45.5,513.0999999999998,,,0.0,,,,,,,64,,
buyer_compatible_environment,alias_compatible_l2_key,36,future_36m,production_digital_appel_offre_sources,cpv_division,65,1,1.0,0.0,0.0,0.0,0.0,0.0,0.0,0,,,,,0.0,,,,,,,65,,
buyer_compatible_environment,alias_compatible_l2_key,36,future_36m,production_digital_appel_offre_sources,cpv_division,66,6,0.16666666666666666,7.0,3.0,13.75,17.5,17.75,17.95,18,86.0,242.0,,,0.0,,,,,,,66,,
buyer_compatible_environment,alias_compatible_l2_key,36,future_36m,production_digital_appel_offre_sources,cpv_division,71,64,0.375,5.6875,1.5,9.0,20.10000000000001,25.69999999999999,30.369999999999997,31,107.0,374.0,,,0.0,,,,,,,71,,
buyer_compatible_environment,alias_compatible_l2_key,36,future_36m,production_digital_appel_offre_sources,cpv_division,72,974,0.23819301848049282,9.383983572895277,4.0,13.0,25.0,33.0,65.0,70,50.0,328.9,,,0.0,,,,,,,72,,
buyer_compatible_environment,alias_compatible_l2_key,36,future_36m,production_digital_appel_offre_sources,cpv_division,75,8,0.25,2.75,1.0,1.25,6.1999999999999975,11.099999999999993,15.019999999999996,16,106.5,522.5,,,0.0,,,,,,,75,,
buyer_compatible_environment,alias_compatible_l2_key,36,future_36m,production_digital_appel_offre_sources,cpv_division,77,1,0.0,1.0,1.0,1.0,1.0,1.0,1.0,1,490.0,490.0,,,0.0,,,,,,,77,,
buyer_compatible_environment,alias_compatible_l2_key,36,future_36m,production_digital_appel_offre_sources,cpv_division,79,75,0.14666666666666667,11.906666666666666,6.0,14.0,25.0,57.599999999999994,65.0,65,60.5,217.00000000000006,,,0.0,,,,,,,79,,
buyer_compatible_environment,alias_compatible_l2_key,36,future_36m,production_digital_appel_offre_sources,cpv_division,80,20,0.3,7.35,1.5,9.5,23.500000000000007,29.050000000000015,45.00999999999998,49,22.0,479.8000000000004,,,0.0,,,,,,,80,,
buyer_compatible_environment,alias_compatible_l2_key,36,future_36m,production_digital_appel_offre_sources,cpv_division,85,7,0.14285714285714285,4.285714285714286,3.0,5.0,8.200000000000003,10.599999999999994,12.519999999999996,13,80.0,635.0,,,0.0,,,,,,,85,,
buyer_compatible_environment,alias_compatible_l2_key,36,future_36m,production_digital_appel_offre_sources,cpv_division,90,8,0.375,6.0,5.5,9.5,12.799999999999999,14.899999999999997,16.58,17,76.0,101.0,,,0.0,,,,,,,90,,
buyer_compatible_environment,alias_compatible_l2_key,36,future_36m,production_digital_appel_offre_sources,cpv_division,92,16,0.0625,9.8125,9.0,11.0,16.5,21.0,30.599999999999994,33,26.0,135.79999999999998,,,0.0,,,,,,,92,,
buyer_compatible_environment,alias_compatible_l2_key,36,future_36m,production_digital_appel_offre_sources,cpv_division,98,3,0.6666666666666666,0.3333333333333333,0.0,0.5,0.8,0.8999999999999999,0.98,1,2.0,2.0,,,0.0,,,,,,,98,,
buyer_compatible_environment,alias_compatible_l2_key,36,future_36m,production_digital_appel_offre_sources,cpv_division,nan,471,0.3078556263269639,8.13588110403397,2.0,7.0,23.0,58.0,67.0,71,72.0,518.0,,,0.0,,,,,,,,,
buyer_compatible_environment,alias_compatible_l2_key,60,future_60m,production_digital_appel_offre_sources,cpv_division,09,1,1.0,0.0,0.0,0.0,0.0,0.0,0.0,0,,,,,0.0,,,,,,,09,,
buyer_compatible_environment,alias_compatible_l2_key,60,future_60m,production_digital_appel_offre_sources,cpv_division,16,1,1.0,0.0,0.0,0.0,0.0,0.0,0.0,0,,,,,0.0,,,,,,,16,,
buyer_compatible_environment,alias_compatible_l2_key,60,future_60m,production_digital_appel_offre_sources,cpv_division,22,5,0.2,4.2,1.0,8.0,9.8,10.399999999999999,10.879999999999999,11,81.5,386.50000000000006,,,0.0,,,,,,,22,,
buyer_compatible_environment,alias_compatible_l2_key,60,future_60m,production_digital_appel_offre_sources,cpv_division,30,234,0.3162393162393162,6.32051282051282,2.0,6.0,16.0,26.0,59.39999999999975,110,133.0,736.4999999999999,,,0.0,,,,,,,30,,
buyer_compatible_environment,alias_compatible_l2_key,60,future_60m,production_digital_appel_offre_sources,cpv_division,31,6,0.3333333333333333,3.8333333333333335,2.5,4.75,9.0,11.0,12.600000000000001,13,48.0,313.30000000000007,,,0.0,,,,,,,31,,
buyer_compatible_environment,alias_compatible_l2_key,60,future_60m,production_digital_appel_offre_sources,cpv_division,32,376,0.2872340425531915,7.704787234042553,2.0,9.0,21.0,33.25,84.5,104,85.0,584.8000000000003,,,0.0,,,,,,,32,,
buyer_compatible_environment,alias_compatible_l2_key,60,future_60m,production_digital_appel_offre_sources,cpv_division,33,13,0.15384615384615385,12.538461538461538,11.0,17.0,23.8,25.599999999999994,27.519999999999996,28,47.0,151.0,,,0.0,,,,,,,33,,
buyer_compatible_environment,alias_compatible_l2_key,60,future_60m,production_digital_appel_offre_sources,cpv_division,34,5,0.4,0.8,1.0,1.0,1.6,1.7999999999999998,1.96,2,75.0,87.8,,,0.0,,,,,,,34,,
buyer_compatible_environment,alias_compatible_l2_key,60,future_60m,production_digital_appel_offre_sources,cpv_division,35,158,0.26582278481012656,8.677215189873417,3.0,10.75,25.0,30.0,80.0200000000001,103,96.5,487.0,,,0.0,,,,,,,35,,
buyer_compatible_environment,alias_compatible_l2_key,60,future_60m,production_digital_appel_offre_sources,cpv_division,38,15,0.3333333333333333,3.6666666666666665,2.0,4.5,6.6,11.499999999999984,19.89999999999999,22,143.5,286.4,,,0.0,,,,,,,38,,
buyer_compatible_environment,alias_compatible_l2_key,60,future_60m,production_digital_appel_offre_sources,cpv_division,39,12,0.0,7.916666666666667,8.0,13.25,14.9,15.899999999999999,16.78,17,46.0,281.6,,,0.0,,,,,,,39,,
buyer_compatible_environment,alias_compatible_l2_key,60,future_60m,production_digital_appel_offre_sources,cpv_division,42,21,0.2857142857142857,6.619047619047619,2.0,8.0,14.0,36.0,37.6,38,105.0,859.7999999999997,,,0.0,,,,,,,42,,
buyer_compatible_environment,alias_compatible_l2_key,60,future_60m,production_digital_appel_offre_sources,cpv_division,43,1,0.0,10.0,10.0,10.0,10.0,10.0,10.0,10,83.0,83.0,,,0.0,,,,,,,43,,
buyer_compatible_environment,alias_compatible_l2_key,60,future_60m,production_digital_appel_offre_sources,cpv_division,44,6,0.16666666666666666,11.833333333333334,15.0,17.0,17.5,17.75,17.95,18,32.0,137.6,,,0.0,,,,,,,44,,
buyer_compatible_environment,alias_compatible_l2_key,60,future_60m,production_digital_appel_offre_sources,cpv_division,45,89,0.3595505617977528,6.46067415730337,2.0,7.0,19.400000000000006,25.99999999999997,45.68000000000029,102,89.0,693.3999999999997,,,0.0,,,,,,,45,,
buyer_compatible_environment,alias_compatible_l2_key,60,future_60m,production_digital_appel_offre_sources,cpv_division,48,485,0.21649484536082475,13.218556701030927,4.0,16.0,36.0,50.19999999999982,103.0,107,73.0,475.20000000000005,,,0.0,,,,,,,48,,
buyer_compatible_environment,alias_compatible_l2_key,60,future_60m,production_digital_appel_offre_sources,cpv_division,50,63,0.30158730158730157,6.73015873015873,3.0,8.5,19.0,25.599999999999994,41.0,41,58.0,554.3000000000001,,,0.0,,,,,,,50,,
buyer_compatible_environment,alias_compatible_l2_key,60,future_60m,production_digital_appel_offre_sources,cpv_division,51,1,0.0,14.0,14.0,14.0,14.0,14.0,14.0,14,256.0,256.0,,,0.0,,,,,,,51,,
buyer_compatible_environment,alias_compatible_l2_key,60,future_60m,production_digital_appel_offre_sources,cpv_division,55,1,1.0,0.0,0.0,0.0,0.0,0.0,0.0,0,,,,,0.0,,,,,,,55,,
buyer_compatible_environment,alias_compatible_l2_key,60,future_60m,production_digital_appel_offre_sources,cpv_division,64,12,0.16666666666666666,18.666666666666668,3.0,13.0,66.40000000000002,86.39999999999998,100.48000000000002,104,45.5,513.0999999999998,,,0.0,,,,,,,64,,
buyer_compatible_environment,alias_compatible_l2_key,60,future_60m,production_digital_appel_offre_sources,cpv_division,65,1,1.0,0.0,0.0,0.0,0.0,0.0,0.0,0,,,,,0.0,,,,,,,65,,
buyer_compatible_environment,alias_compatible_l2_key,60,future_60m,production_digital_appel_offre_sources,cpv_division,66,6,0.16666666666666666,11.0,3.5,23.0,29.0,29.0,29.0,29,86.0,242.0,,,0.0,,,,,,,66,,
buyer_compatible_environment,alias_compatible_l2_key,60,future_60m,production_digital_appel_offre_sources,cpv_division,71,64,0.296875,8.0,2.0,12.25,24.80000000000001,40.099999999999966,43.739999999999995,45,137.0,1210.4000000000005,,,0.0,,,,,,,71,,
buyer_compatible_environment,alias_compatible_l2_key,60,future_60m,production_digital_appel_offre_sources,cpv_division,72,974,0.22792607802874743,12.789527720739219,5.0,17.0,36.0,44.34999999999991,101.53999999999996,108,51.5,369.9,,,0.0,,,,,,,72,,
buyer_compatible_environment,alias_compatible_l2_key,60,future_60m,production_digital_appel_offre_sources,cpv_division,75,8,0.25,3.625,1.0,2.25,8.399999999999997,14.69999999999999,19.739999999999995,21,106.5,522.5,,,0.0,,,,,,,75,,
buyer_compatible_environment,alias_compatible_l2_key,60,future_60m,production_digital_appel_offre_sources,cpv_division,77,1,0.0,1.0,1.0,1.0,1.0,1.0,1.0,1,490.0,490.0,,,0.0,,,,,,,77,,
buyer_compatible_environment,alias_compatible_l2_key,60,future_60m,production_digital_appel_offre_sources,cpv_division,79,75,0.14666666666666667,16.186666666666667,7.0,20.5,35.000000000000085,90.09999999999998,104.0,104,60.5,217.00000000000006,,,0.0,,,,,,,79,,
buyer_compatible_environment,alias_compatible_l2_key,60,future_60m,production_digital_appel_offre_sources,cpv_division,80,20,0.3,8.7,3.0,9.5,29.80000000000001,37.95000000000002,52.38999999999997,56,22.0,479.8000000000004,,,0.0,,,,,,,80,,
buyer_compatible_environment,alias_compatible_l2_key,60,future_60m,production_digital_appel_offre_sources,cpv_division,85,7,0.14285714285714285,4.857142857142857,3.0,6.5,9.400000000000002,11.199999999999996,12.639999999999997,13,80.0,635.0,,,0.0,,,,,,,85,,
buyer_compatible_environment,alias_compatible_l2_key,60,future_60m,production_digital_appel_offre_sources,cpv_division,90,8,0.375,7.5,5.5,10.75,18.4,21.199999999999996,23.439999999999998,24,76.0,101.0,,,0.0,,,,,,,90,,
buyer_compatible_environment,alias_compatible_l2_key,60,future_60m,production_digital_appel_offre_sources,cpv_division,92,16,0.0625,12.375,10.5,16.25,20.0,28.0,42.39999999999999,46,26.0,135.79999999999998,,,0.0,,,,,,,92,,
buyer_compatible_environment,alias_compatible_l2_key,60,future_60m,production_digital_appel_offre_sources,cpv_division,98,3,0.6666666666666666,0.3333333333333333,0.0,0.5,0.8,0.8999999999999999,0.98,1,2.0,2.0,,,0.0,,,,,,,98,,
buyer_compatible_environment,alias_compatible_l2_key,60,future_60m,production_digital_appel_offre_sources,cpv_division,nan,471,0.2823779193205945,11.583864118895965,2.0,10.0,31.0,86.5,106.30000000000001,109,80.5,642.7000000000003,,,0.0,,,,,,,,,
buyer_compatible_environment,same_normalized_name,6,future_6m,all_appel_offre_sources,cpv_division,03,180,0.05555555555555555,27.233333333333334,13.5,42.0,62.29999999999998,96.14999999999995,163.62000000000018,193,9.0,61.49999999999997,,,0.0,,,,,,,03,,
buyer_compatible_environment,same_normalized_name,6,future_6m,all_appel_offre_sources,cpv_division,09,598,0.09531772575250837,21.471571906354516,6.0,19.0,65.30000000000007,107.59999999999991,179.05999999999995,226,13.0,87.0,,,0.0,,,,,,,09,,
buyer_compatible_environment,same_normalized_name,6,future_6m,all_appel_offre_sources,cpv_division,14,69,0.014492753623188406,49.710144927536234,42.0,68.0,111.2000000000001,168.7999999999999,216.95999999999998,219,5.0,26.60000000000001,,,0.0,,,,,,,14,,
buyer_compatible_environment,same_normalized_name,6,future_6m,all_appel_offre_sources,cpv_division,15,739,0.16102841677943167,17.125845737483086,6.0,25.0,51.200000000000045,64.0,89.48000000000002,171,12.0,110.10000000000002,,,0.0,,,,,,,15,,
buyer_compatible_environment,same_normalized_name,6,future_6m,all_appel_offre_sources,cpv_division,16,132,0.08333333333333333,34.628787878787875,18.0,60.25,86.60000000000002,118.24999999999994,134.69,170,5.0,65.0,,,0.0,,,,,,,16,,
buyer_compatible_environment,same_normalized_name,6,future_6m,all_appel_offre_sources,cpv_division,18,313,0.06070287539936102,28.757188498402556,14.0,43.0,72.0,93.19999999999993,170.19999999999993,188,6.0,53.69999999999999,,,0.0,,,,,,,18,,
buyer_compatible_environment,same_normalized_name,6,future_6m,all_appel_offre_sources,cpv_division,19,76,0.039473684210526314,33.13157894736842,17.0,54.25,77.0,87.75,139.0,139,7.0,42.999999999999986,,,0.0,,,,,,,19,,
buyer_compatible_environment,same_normalized_name,6,future_6m,all_appel_offre_sources,cpv_division,22,222,0.04954954954954955,35.5990990990991,23.5,52.75,77.0,115.79999999999995,165.63999999999987,219,5.0,41.0,,,0.0,,,,,,,22,,
buyer_compatible_environment,same_normalized_name,6,future_6m,all_appel_offre_sources,cpv_division,24,231,0.025974025974025976,38.874458874458874,30.0,55.0,81.0,113.0,189.5999999999999,195,5.0,34.19999999999999,,,0.0,,,,,,,24,,
buyer_compatible_environment,same_normalized_name,6,future_6m,all_appel_offre_sources,cpv_division,30,841,0.06302021403091558,26.843043995243757,13.0,39.0,68.0,104.0,149.60000000000002,216,8.0,61.600000000000136,,,0.0,,,,,,,30,,
buyer_compatible_environment,same_normalized_name,6,future_6m,all_appel_offre_sources,cpv_division,31,412,0.0703883495145631,29.402912621359224,13.0,41.0,82.0,117.44999999999999,162.56999999999982,228,7.0,61.60000000000002,,,0.0,,,,,,,31,,
buyer_compatible_environment,same_normalized_name,6,future_6m,all_appel_offre_sources,cpv_division,32,437,0.09382151029748284,29.897025171624716,13.0,46.0,77.40000000000003,112.19999999999999,171.64,203,7.0,54.0,,,0.0,,,,,,,32,,
buyer_compatible_environment,same_normalized_name,6,future_6m,all_appel_offre_sources,cpv_division,33,947,0.057022175290390706,37.29778247096093,40.0,57.0,73.0,81.0,93.53999999999996,119,4.0,28.800000000000068,,,0.0,,,,,,,33,,
buyer_compatible_environment,same_normalized_name,6,future_6m,all_appel_offre_sources,cpv_division,34,1432,0.04539106145251397,33.775837988826815,17.0,51.0,86.0,123.45000000000005,200.76000000000022,229,7.0,58.0,,,0.0,,,,,,,34,,
buyer_compatible_environment,same_normalized_name,6,future_6m,all_appel_offre_sources,cpv_division,35,187,0.09090909090909091,32.75401069518717,16.0,50.5,83.00000000000003,108.39999999999998,155.59999999999945,222,7.0,39.29999999999998,,,0.0,,,,,,,35,,
buyer_compatible_environment,same_normalized_name,6,future_6m,all_appel_offre_sources,cpv_division,37,197,0.05583756345177665,29.6497461928934,23.0,46.0,60.60000000000002,75.19999999999999,144.4399999999999,158,5.0,40.0,,,0.0,,,,,,,37,,
buyer_compatible_environment,same_normalized_name,6,future_6m,all_appel_offre_sources,cpv_division,38,493,0.07302231237322515,27.6815415821501,15.0,43.0,63.0,78.39999999999998,183.0,208,7.0,56.0,,,0.0,,,,,,,38,,
buyer_compatible_environment,same_normalized_name,6,future_6m,all_appel_offre_sources,cpv_division,39,1266,0.07109004739336493,33.71169036334913,17.0,53.0,83.5,120.75,178.44999999999936,228,6.0,55.0,,,0.0,,,,,,,39,,
buyer_compatible_environment,same_normalized_name,6,future_6m,all_appel_offre_sources,cpv_division,41,20,0.2,17.1,16.5,26.0,29.300000000000033,50.45,57.28999999999999,59,6.0,50.0,,,0.0,,,,,,,41,,
buyer_compatible_environment,same_normalized_name,6,future_6m,all_appel_offre_sources,cpv_division,42,512,0.064453125,30.982421875,20.0,49.0,74.0,95.89999999999998,128.77999999999997,198,6.0,47.19999999999999,,,0.0,,,,,,,42,,
buyer_compatible_environment,same_normalized_name,6,future_6m,all_appel_offre_sources,cpv_division,43,115,0.05217391304347826,36.36521739130435,22.0,53.0,87.60000000000001,113.69999999999997,185.67999999999998,216,6.0,47.60000000000001,,,0.0,,,,,,,43,,
buyer_compatible_environment,same_normalized_name,6,future_6m,all_appel_offre_sources,cpv_division,44,1050,0.06190476190476191,37.27428571428572,22.0,48.75,96.0,144.54999999999995,201.03999999999996,229,6.0,48.0,,,0.0,,,,,,,44,,
buyer_compatible_environment,same_normalized_name,6,future_6m,all_appel_offre_sources,cpv_division,45,12527,0.10760756765386764,28.795322104254808,12.0,41.0,77.0,119.0,184.0,232,7.0,60.0,,,0.0,,,,,,,45,,
buyer_compatible_environment,same_normalized_name,6,future_6m,all_appel_offre_sources,cpv_division,48,514,0.05058365758754864,45.0,23.0,62.75,133.0,159.34999999999997,193.87,224,5.0,41.30000000000001,,,0.0,,,,,,,48,,
buyer_compatible_environment,same_normalized_name,6,future_6m,all_appel_offre_sources,cpv_division,50,2108,0.06404174573055028,31.413662239089184,17.0,47.0,78.0,112.64999999999986,168.92999999999984,232,6.0,60.799999999999955,,,0.0,,,,,,,50,,
buyer_compatible_environment,same_normalized_name,6,future_6m,all_appel_offre_sources,cpv_division,51,75,0.08,37.18666666666667,14.0,55.0,109.0,157.6,181.26,182,4.0,43.2,,,0.0,,,,,,,51,,
buyer_compatible_environment,same_normalized_name,6,future_6m,all_appel_offre_sources,cpv_division,55,772,0.2551813471502591,12.746113989637307,2.0,10.0,44.0,60.0,123.86999999999989,195,19.0,116.60000000000002,,,0.0,,,,,,,55,,
buyer_compatible_environment,same_normalized_name,6,future_6m,all_appel_offre_sources,cpv_division,60,729,0.08916323731138547,31.622770919067214,15.0,43.0,91.20000000000005,120.60000000000002,176.40000000000055,215,6.0,55.40000000000009,,,0.0,,,,,,,60,,
buyer_compatible_environment,same_normalized_name,6,future_6m,all_appel_offre_sources,cpv_division,63,181,0.06629834254143646,41.72375690607735,21.0,67.0,115.0,128.0,203.99999999999972,230,5.0,70.40000000000012,,,0.0,,,,,,,63,,
buyer_compatible_environment,same_normalized_name,6,future_6m,all_appel_offre_sources,cpv_division,64,389,0.056555269922879174,28.4987146529563,10.0,43.0,75.19999999999999,98.59999999999997,187.96000000000004,223,9.0,85.60000000000014,,,0.0,,,,,,,64,,
buyer_compatible_environment,same_normalized_name,6,future_6m,all_appel_offre_sources,cpv_division,65,169,0.20118343195266272,19.745562130177515,5.0,21.0,50.400000000000034,101.79999999999998,186.0,195,16.0,90.80000000000007,,,0.0,,,,,,,65,,
buyer_compatible_environment,same_normalized_name,6,future_6m,all_appel_offre_sources,cpv_division,66,1706,0.20457209847596716,13.992966002344666,4.0,13.0,46.0,65.0,133.0,227,16.0,111.40000000000009,,,0.0,,,,,,,66,,
buyer_compatible_environment,same_normalized_name,6,future_6m,all_appel_offre_sources,cpv_division,70,130,0.1,37.53076923076923,13.0,53.75,125.40000000000003,148.75,175.09999999999994,184,6.0,52.400000000000034,,,0.0,,,,,,,70,,
buyer_compatible_environment,same_normalized_name,6,future_6m,all_appel_offre_sources,cpv_division,71,6260,0.10798722044728434,37.384345047923325,15.0,55.25,116.0,145.04999999999927,195.0,230,6.0,65.0,,,0.0,,,,,,,71,,
buyer_compatible_environment,same_normalized_name,6,future_6m,all_appel_offre_sources,cpv_division,72,1076,0.062267657992565055,46.52695167286245,26.0,68.0,134.0,163.0,201.5,233,5.0,56.0,,,0.0,,,,,,,72,,
buyer_compatible_environment,same_normalized_name,6,future_6m,all_appel_offre_sources,cpv_division,73,47,0.06382978723404255,23.04255319148936,7.0,31.5,60.999999999999986,67.69999999999999,140.31999999999994,167,8.5,71.10000000000004,,,0.0,,,,,,,73,,
buyer_compatible_environment,same_normalized_name,6,future_6m,all_appel_offre_sources,cpv_division,75,349,0.11461318051575932,34.43553008595988,15.0,48.0,97.0,137.59999999999997,183.5999999999999,220,7.0,72.0,,,0.0,,,,,,,75,,
buyer_compatible_environment,same_normalized_name,6,future_6m,all_appel_offre_sources,cpv_division,76,1,0.0,6.0,6.0,6.0,6.0,6.0,6.0,6,83.0,83.0,,,0.0,,,,,,,76,,
buyer_compatible_environment,same_normalized_name,6,future_6m,all_appel_offre_sources,cpv_division,77,741,0.08097165991902834,25.082321187584345,9.0,31.0,72.0,101.0,172.80000000000007,208,9.0,71.0,,,0.0,,,,,,,77,,
buyer_compatible_environment,same_normalized_name,6,future_6m,all_appel_offre_sources,cpv_division,79,2894,0.08949550794747754,43.88251554941258,21.0,65.0,128.0,159.0,201.0,235,5.0,57.0,,,0.0,,,,,,,79,,
buyer_compatible_environment,same_normalized_name,6,future_6m,all_appel_offre_sources,cpv_division,80,581,0.0774526678141136,37.641996557659205,13.0,58.0,120.0,137.0,186.20000000000005,219,6.0,60.5,,,0.0,,,,,,,80,,
buyer_compatible_environment,same_normalized_name,6,future_6m,all_appel_offre_sources,cpv_division,85,416,0.0889423076923077,31.670673076923077,20.0,50.0,77.0,93.75,148.55000000000007,182,6.0,59.599999999999966,,,0.0,,,,,,,85,,
buyer_compatible_environment,same_normalized_name,6,future_6m,all_appel_offre_sources,cpv_division,90,2769,0.08956301914048392,24.22426868905742,9.0,26.0,65.0,107.0,189.64000000000033,230,9.0,77.0,,,0.0,,,,,,,90,,
buyer_compatible_environment,same_normalized_name,6,future_6m,all_appel_offre_sources,cpv_division,92,628,0.10668789808917198,35.56528662420382,14.0,49.0,115.0,141.0,194.0,234,6.0,70.0,,,0.0,,,,,,,92,,
buyer_compatible_environment,same_normalized_name,6,future_6m,all_appel_offre_sources,cpv_division,98,301,0.08970099667774087,27.737541528239202,13.0,40.0,77.0,111.0,180.0,201,7.0,78.70000000000002,,,0.0,,,,,,,98,,
buyer_compatible_environment,same_normalized_name,6,future_6m,all_appel_offre_sources,cpv_division,nan,12460,0.10457463884430176,33.66107544141252,13.0,44.0,94.0,163.0,217.0,237,7.0,58.0,,,0.0,,,,,,,,,
buyer_compatible_environment,same_normalized_name,12,future_12m,all_appel_offre_sources,cpv_division,03,180,0.03888888888888889,51.05555555555556,23.5,79.25,118.29999999999998,153.14999999999995,320.83000000000015,343,9.0,72.40000000000009,,,0.0,,,,,,,03,,
buyer_compatible_environment,same_normalized_name,12,future_12m,all_appel_offre_sources,cpv_division,09,598,0.07190635451505016,41.26254180602007,11.0,35.0,130.0,213.44999999999993,378.05999999999995,424,15.0,95.20000000000005,,,0.0,,,,,,,09,,
buyer_compatible_environment,same_normalized_name,12,future_12m,all_appel_offre_sources,cpv_division,14,69,0.014492753623188406,97.28985507246377,81.0,115.0,203.60000000000016,371.3999999999999,408.4399999999999,420,5.0,26.60000000000001,,,0.0,,,,,,,14,,
buyer_compatible_environment,same_normalized_name,12,future_12m,all_appel_offre_sources,cpv_division,15,739,0.12584573748308525,31.626522327469555,10.0,43.0,99.20000000000005,118.10000000000002,175.62,254,13.0,132.0,,,0.0,,,,,,,15,,
buyer_compatible_environment,same_normalized_name,12,future_12m,all_appel_offre_sources,cpv_division,16,132,0.05303030303030303,63.5,31.0,104.75,156.00000000000006,235.45,269.28,390,6.0,75.0,,,0.0,,,,,,,16,,
buyer_compatible_environment,same_normalized_name,12,future_12m,all_appel_offre_sources,cpv_division,18,313,0.051118210862619806,53.07667731629393,24.0,81.0,131.60000000000002,184.5999999999998,310.7199999999999,370,7.0,58.80000000000007,,,0.0,,,,,,,18,,
buyer_compatible_environment,same_normalized_name,12,future_12m,all_appel_offre_sources,cpv_division,19,76,0.039473684210526314,63.723684210526315,31.5,110.5,172.5,176.5,269.25,273,7.0,42.999999999999986,,,0.0,,,,,,,19,,
buyer_compatible_environment,same_normalized_name,12,future_12m,all_appel_offre_sources,cpv_division,22,222,0.04504504504504504,66.34234234234235,39.0,99.75,133.9,229.04999999999978,298.4399999999997,381,5.5,42.80000000000001,,,0.0,,,,,,,22,,
buyer_compatible_environment,same_normalized_name,12,future_12m,all_appel_offre_sources,cpv_division,24,231,0.021645021645021644,73.82251082251082,45.0,106.5,162.0,217.0,379.79999999999995,421,5.0,35.5,,,0.0,,,,,,,24,,
buyer_compatible_environment,same_normalized_name,12,future_12m,all_appel_offre_sources,cpv_division,30,841,0.04994054696789536,50.82520808561237,22.0,71.0,130.0,204.0,297.0,397,8.0,75.0,,,0.0,,,,,,,30,,
buyer_compatible_environment,same_normalized_name,12,future_12m,all_appel_offre_sources,cpv_division,31,412,0.055825242718446605,54.019417475728154,22.0,83.25,152.30000000000024,219.89999999999998,307.2399999999998,387,8.0,68.19999999999999,,,0.0,,,,,,,31,,
buyer_compatible_environment,same_normalized_name,12,future_12m,all_appel_offre_sources,cpv_division,32,437,0.06636155606407322,56.1441647597254,23.0,82.0,137.2000000000001,226.1999999999997,355.28,421,7.0,74.20000000000005,,,0.0,,,,,,,32,,
buyer_compatible_environment,same_normalized_name,12,future_12m,all_appel_offre_sources,cpv_division,33,947,0.0454065469904963,71.30939809926082,77.0,111.0,136.0,155.69999999999993,177.0,223,4.0,31.0,,,0.0,,,,,,,33,,
buyer_compatible_environment,same_normalized_name,12,future_12m,all_appel_offre_sources,cpv_division,34,1432,0.031424581005586594,64.12360335195531,29.0,96.0,160.9000000000001,251.0,384.0,426,7.0,64.0,,,0.0,,,,,,,34,,
buyer_compatible_environment,same_normalized_name,12,future_12m,all_appel_offre_sources,cpv_division,35,187,0.06417112299465241,59.98930481283423,30.0,97.0,147.00000000000006,222.39999999999986,313.4199999999993,384,7.0,46.0,,,0.0,,,,,,,35,,
buyer_compatible_environment,same_normalized_name,12,future_12m,all_appel_offre_sources,cpv_division,37,197,0.04060913705583756,56.065989847715734,43.0,86.0,123.60000000000002,136.0,290.0799999999998,327,5.0,47.20000000000002,,,0.0,,,,,,,37,,
buyer_compatible_environment,same_normalized_name,12,future_12m,all_appel_offre_sources,cpv_division,38,493,0.056795131845841784,52.350912778904664,28.0,78.0,119.60000000000002,161.19999999999993,316.9599999999994,391,7.0,64.00000000000011,,,0.0,,,,,,,38,,
buyer_compatible_environment,same_normalized_name,12,future_12m,all_appel_offre_sources,cpv_division,39,1266,0.05687203791469194,63.61058451816746,31.5,99.75,158.5,238.75,350.699999999998,421,6.0,65.0,,,0.0,,,,,,,39,,
buyer_compatible_environment,same_normalized_name,12,future_12m,all_appel_offre_sources,cpv_division,41,20,0.15,28.9,29.5,42.25,66.5,72.50000000000003,95.29999999999995,101,6.0,69.20000000000002,,,0.0,,,,,,,41,,
buyer_compatible_environment,same_normalized_name,12,future_12m,all_appel_offre_sources,cpv_division,42,512,0.056640625,58.369140625,37.0,93.0,142.7000000000001,175.0,283.66999999999996,373,7.0,49.80000000000001,,,0.0,,,,,,,42,,
buyer_compatible_environment,same_normalized_name,12,future_12m,all_appel_offre_sources,cpv_division,43,115,0.043478260869565216,70.18260869565218,41.0,103.5,169.00000000000006,216.2999999999999,381.38,391,6.5,50.300000000000026,,,0.0,,,,,,,43,,
buyer_compatible_environment,same_normalized_name,12,future_12m,all_appel_offre_sources,cpv_division,44,1050,0.045714285714285714,70.52952380952381,41.5,99.0,176.10000000000002,265.54999999999995,383.51,422,6.0,59.799999999999955,,,0.0,,,,,,,44,,
buyer_compatible_environment,same_normalized_name,12,future_12m,all_appel_offre_sources,cpv_division,45,12527,0.08661291610122136,53.81974934142253,21.0,77.0,142.0,232.6999999999989,364.0,426,7.0,70.0,,,0.0,,,,,,,45,,
buyer_compatible_environment,same_normalized_name,12,future_12m,all_appel_offre_sources,cpv_division,48,514,0.033073929961089495,87.76848249027238,44.5,116.75,274.7,324.34999999999997,414.22,423,5.0,51.400000000000034,,,0.0,,,,,,,48,,
buyer_compatible_environment,same_normalized_name,12,future_12m,all_appel_offre_sources,cpv_division,50,2108,0.04981024667931689,58.76138519924098,28.5,88.0,149.0,203.64999999999986,343.92999999999984,420,6.0,66.79999999999995,,,0.0,,,,,,,50,,
buyer_compatible_environment,same_normalized_name,12,future_12m,all_appel_offre_sources,cpv_division,51,75,0.05333333333333334,70.58666666666667,26.0,100.5,203.20000000000022,317.79999999999995,348.68000000000035,399,4.0,47.0,,,0.0,,,,,,,51,,
buyer_compatible_environment,same_normalized_name,12,future_12m,all_appel_offre_sources,cpv_division,55,772,0.21373056994818654,23.559585492227978,4.0,18.0,85.89999999999998,115.3499999999998,246.57999999999993,348,23.0,138.0,,,0.0,,,,,,,55,,
buyer_compatible_environment,same_normalized_name,12,future_12m,all_appel_offre_sources,cpv_division,60,729,0.07956104252400549,60.07544581618656,27.0,84.0,169.0,247.60000000000002,297.72,409,6.0,66.0,,,0.0,,,,,,,60,,
buyer_compatible_environment,same_normalized_name,12,future_12m,all_appel_offre_sources,cpv_division,63,181,0.055248618784530384,77.40883977900552,37.0,134.0,200.0,256.0,375.7999999999998,424,5.0,79.0,,,0.0,,,,,,,63,,
buyer_compatible_environment,same_normalized_name,12,future_12m,all_appel_offre_sources,cpv_division,64,389,0.033419023136246784,54.34447300771208,21.0,83.0,140.0,190.19999999999993,371.24,385,9.0,94.0,,,0.0,,,,,,,64,,
buyer_compatible_environment,same_normalized_name,12,future_12m,all_appel_offre_sources,cpv_division,65,169,0.1242603550295858,37.23076923076923,9.0,44.0,101.20000000000002,160.99999999999994,338.55999999999995,376,18.0,149.60000000000002,,,0.0,,,,,,,65,,
buyer_compatible_environment,same_normalized_name,12,future_12m,all_appel_offre_sources,cpv_division,66,1706,0.1541617819460727,26.271395076201642,6.0,23.75,90.0,119.0,259.95000000000005,399,18.0,146.0,,,0.0,,,,,,,66,,
buyer_compatible_environment,same_normalized_name,12,future_12m,all_appel_offre_sources,cpv_division,70,130,0.06153846153846154,69.41538461538461,23.0,113.75,197.50000000000006,300.75,333.26,351,6.0,83.80000000000007,,,0.0,,,,,,,70,,
buyer_compatible_environment,same_normalized_name,12,future_12m,all_appel_offre_sources,cpv_division,71,6260,0.07252396166134185,70.2496805111821,27.0,103.0,227.10000000000036,287.0,381.0,424,6.0,92.0,,,0.0,,,,,,,71,,
buyer_compatible_environment,same_normalized_name,12,future_12m,all_appel_offre_sources,cpv_division,72,1076,0.047397769516728624,87.76301115241635,46.0,127.0,263.5,314.5,394.75,426,5.0,64.0,,,0.0,,,,,,,72,,
buyer_compatible_environment,same_normalized_name,12,future_12m,all_appel_offre_sources,cpv_division,73,47,0.06382978723404255,45.08510638297872,15.0,52.5,110.8,129.99999999999991,323.43999999999994,340,8.5,71.10000000000004,,,0.0,,,,,,,73,,
buyer_compatible_environment,same_normalized_name,12,future_12m,all_appel_offre_sources,cpv_division,75,349,0.09455587392550144,65.378223495702,29.0,91.0,174.7999999999999,288.39999999999986,373.55999999999995,386,7.0,87.0,,,0.0,,,,,,,75,,
buyer_compatible_environment,same_normalized_name,12,future_12m,all_appel_offre_sources,cpv_division,76,1,0.0,12.0,12.0,12.0,12.0,12.0,12.0,12,83.0,83.0,,,0.0,,,,,,,76,,
buyer_compatible_environment,same_normalized_name,12,future_12m,all_appel_offre_sources,cpv_division,77,741,0.0620782726045884,46.89203778677463,17.0,53.0,137.0,195.0,360.80000000000007,419,9.0,83.60000000000002,,,0.0,,,,,,,77,,
buyer_compatible_environment,same_normalized_name,12,future_12m,all_appel_offre_sources,cpv_division,79,2894,0.07083621285418107,83.07325501036628,35.0,122.0,255.70000000000027,308.0,391.07000000000016,422,5.0,68.0,,,0.0,,,,,,,79,,
buyer_compatible_environment,same_normalized_name,12,future_12m,all_appel_offre_sources,cpv_division,80,581,0.058519793459552494,70.86746987951807,22.0,113.0,241.0,274.0,358.0000000000002,415,6.0,84.80000000000007,,,0.0,,,,,,,80,,
buyer_compatible_environment,same_normalized_name,12,future_12m,all_appel_offre_sources,cpv_division,85,416,0.08413461538461539,59.79807692307692,29.5,98.25,136.5,185.75,320.8500000000005,386,6.0,62.0,,,0.0,,,,,,,85,,
buyer_compatible_environment,same_normalized_name,12,future_12m,all_appel_offre_sources,cpv_division,90,2769,0.06500541711809317,45.84398699891658,15.0,49.0,123.0,199.0,373.0,424,10.0,92.20000000000027,,,0.0,,,,,,,90,,
buyer_compatible_environment,same_normalized_name,12,future_12m,all_appel_offre_sources,cpv_division,92,628,0.0732484076433121,67.98089171974522,24.0,96.25,228.8000000000004,290.65,388.6800000000003,425,7.0,94.89999999999998,,,0.0,,,,,,,92,,
buyer_compatible_environment,same_normalized_name,12,future_12m,all_appel_offre_sources,cpv_division,98,301,0.07308970099667775,51.3421926910299,20.0,79.0,130.0,198.0,319.0,418,7.0,88.20000000000002,,,0.0,,,,,,,98,,
buyer_compatible_environment,same_normalized_name,12,future_12m,all_appel_offre_sources,cpv_division,nan,12460,0.07969502407704655,65.18194221508828,24.0,85.0,176.0,321.09999999999854,412.0,426,7.0,73.0,,,0.0,,,,,,,,,
buyer_compatible_environment,same_normalized_name,24,future_24m,all_appel_offre_sources,cpv_division,03,180,0.027777777777777776,88.44444444444444,41.0,150.75,215.2,282.04999999999995,448.040000000001,658,10.0,78.99999999999997,,,0.0,,,,,,,03,,
buyer_compatible_environment,same_normalized_name,24,future_24m,all_appel_offre_sources,cpv_division,09,598,0.06354515050167224,76.22909698996655,17.0,63.75,234.30000000000007,356.15,738.3599999999997,802,15.0,101.0,,,0.0,,,,,,,09,,
buyer_compatible_environment,same_normalized_name,24,future_24m,all_appel_offre_sources,cpv_division,14,69,0.014492753623188406,187.4927536231884,134.0,241.0,403.20000000000016,720.1999999999997,806.8799999999999,813,5.0,26.60000000000001,,,0.0,,,,,,,14,,
buyer_compatible_environment,same_normalized_name,24,future_24m,all_appel_offre_sources,cpv_division,15,739,0.10690121786197564,56.0446549391069,17.0,69.0,191.20000000000005,233.10000000000002,294.86,513,14.0,146.10000000000002,,,0.0,,,,,,,15,,
buyer_compatible_environment,same_normalized_name,24,future_24m,all_appel_offre_sources,cpv_division,16,132,0.05303030303030303,116.04545454545455,54.0,193.0,271.8,417.0,559.42,812,6.0,75.0,,,0.0,,,,,,,16,,
buyer_compatible_environment,same_normalized_name,24,future_24m,all_appel_offre_sources,cpv_division,18,313,0.04153354632587859,92.83386581469648,39.0,141.0,242.80000000000007,317.1999999999998,590.1199999999998,729,7.0,62.0,,,0.0,,,,,,,18,,
buyer_compatible_environment,same_normalized_name,24,future_24m,all_appel_offre_sources,cpv_division,19,76,0.039473684210526314,112.94736842105263,55.0,206.25,294.5,328.5,560.75,572,7.0,42.999999999999986,,,0.0,,,,,,,19,,
buyer_compatible_environment,same_normalized_name,24,future_24m,all_appel_offre_sources,cpv_division,22,222,0.036036036036036036,119.73423423423424,65.5,182.75,250.0,418.69999999999993,557.37,792,6.0,47.500000000000085,,,0.0,,,,,,,22,,
buyer_compatible_environment,same_normalized_name,24,future_24m,all_appel_offre_sources,cpv_division,24,231,0.021645021645021644,130.8917748917749,74.0,207.5,300.0,389.0,758.9999999999997,797,5.0,35.5,,,0.0,,,,,,,24,,
buyer_compatible_environment,same_normalized_name,24,future_24m,all_appel_offre_sources,cpv_division,30,841,0.04518430439952437,92.06302021403091,40.0,117.0,247.0,350.0,558.0,824,8.0,77.0,,,0.0,,,,,,,30,,
buyer_compatible_environment,same_normalized_name,24,future_24m,all_appel_offre_sources,cpv_division,31,412,0.050970873786407765,100.18203883495146,38.0,145.5,286.30000000000024,397.29999999999984,610.7199999999993,738,8.0,70.0,,,0.0,,,,,,,31,,
buyer_compatible_environment,same_normalized_name,24,future_24m,all_appel_offre_sources,cpv_division,32,437,0.04805491990846682,99.64302059496568,36.0,157.0,248.80000000000024,370.9999999999998,688.5999999999995,806,7.0,91.0,,,0.0,,,,,,,32,,
buyer_compatible_environment,same_normalized_name,24,future_24m,all_appel_offre_sources,cpv_division,33,947,0.03695881731784583,132.22386483632525,134.0,219.0,263.0,290.0,329.0,415,4.5,33.0,,,0.0,,,,,,,33,,
buyer_compatible_environment,same_normalized_name,24,future_24m,all_appel_offre_sources,cpv_division,34,1432,0.027932960893854747,116.00418994413408,48.0,164.0,317.9000000000001,469.0,743.0700000000002,810,7.0,65.90000000000009,,,0.0,,,,,,,34,,
buyer_compatible_environment,same_normalized_name,24,future_24m,all_appel_offre_sources,cpv_division,35,187,0.06417112299465241,107.97860962566845,50.0,159.0,273.80000000000007,434.4999999999995,626.1999999999989,745,7.0,46.0,,,0.0,,,,,,,35,,
buyer_compatible_environment,same_normalized_name,24,future_24m,all_appel_offre_sources,cpv_division,37,197,0.030456852791878174,103.00507614213198,72.0,170.0,224.4,277.3999999999999,542.399999999999,707,5.0,48.0,,,0.0,,,,,,,37,,
buyer_compatible_environment,same_normalized_name,24,future_24m,all_appel_offre_sources,cpv_division,38,493,0.05273833671399594,91.96957403651116,49.0,138.0,220.00000000000006,288.4,554.4799999999991,804,7.0,67.40000000000003,,,0.0,,,,,,,38,,
buyer_compatible_environment,same_normalized_name,24,future_24m,all_appel_offre_sources,cpv_division,39,1266,0.04976303317535545,113.11927330173776,51.0,177.0,279.5,469.75,591.8999999999987,823,7.0,68.79999999999995,,,0.0,,,,,,,39,,
buyer_compatible_environment,same_normalized_name,24,future_24m,all_appel_offre_sources,cpv_division,41,20,0.1,49.7,47.5,78.5,112.1,114.20000000000002,132.43999999999997,137,7.0,168.5000000000002,,,0.0,,,,,,,41,,
buyer_compatible_environment,same_normalized_name,24,future_24m,all_appel_offre_sources,cpv_division,42,512,0.05078125,104.1484375,60.0,159.0,265.0,325.45,547.67,679,7.0,53.5,,,0.0,,,,,,,42,,
buyer_compatible_environment,same_normalized_name,24,future_24m,all_appel_offre_sources,cpv_division,43,115,0.043478260869565216,130.2521739130435,72.0,204.5,323.6,406.8999999999995,757.36,785,6.5,50.300000000000026,,,0.0,,,,,,,43,,
buyer_compatible_environment,same_normalized_name,24,future_24m,all_appel_offre_sources,cpv_division,44,1050,0.037142857142857144,127.5,68.0,177.75,321.20000000000005,494.0999999999999,776.1599999999999,816,6.0,63.0,,,0.0,,,,,,,44,,
buyer_compatible_environment,same_normalized_name,24,future_24m,all_appel_offre_sources,cpv_division,45,12527,0.07431946994491898,95.73856470024747,34.0,131.0,261.0,381.0,683.0,823,7.0,78.0,,,0.0,,,,,,,45,,
buyer_compatible_environment,same_normalized_name,24,future_24m,all_appel_offre_sources,cpv_division,48,514,0.029182879377431907,162.67898832684824,76.0,221.75,548.4,631.7499999999998,798.7,817,5.0,53.0,,,0.0,,,,,,,48,,
buyer_compatible_environment,same_normalized_name,24,future_24m,all_appel_offre_sources,cpv_division,50,2108,0.04411764705882353,106.23055028462998,46.5,162.0,276.29999999999995,385.8499999999988,672.9299999999998,814,6.0,70.0,,,0.0,,,,,,,50,,
buyer_compatible_environment,same_normalized_name,24,future_24m,all_appel_offre_sources,cpv_division,51,75,0.05333333333333334,124.44,38.0,179.5,324.40000000000003,545.9999999999995,719.2400000000007,811,4.0,47.0,,,0.0,,,,,,,51,,
buyer_compatible_environment,same_normalized_name,24,future_24m,all_appel_offre_sources,cpv_division,55,772,0.18134715025906736,41.788860103626945,6.0,28.25,158.89999999999998,210.89999999999986,484.5099999999993,657,25.0,171.5999999999999,,,0.0,,,,,,,55,,
buyer_compatible_environment,same_normalized_name,24,future_24m,all_appel_offre_sources,cpv_division,60,729,0.07270233196159122,108.09190672153635,48.0,160.0,302.20000000000005,489.0000000000001,577.0400000000002,813,6.0,71.0,,,0.0,,,,,,,60,,
buyer_compatible_environment,same_normalized_name,24,future_24m,all_appel_offre_sources,cpv_division,63,181,0.049723756906077346,136.09944751381215,54.0,225.0,329.0,511.0,720.1999999999989,812,5.0,79.9,,,0.0,,,,,,,63,,
buyer_compatible_environment,same_normalized_name,24,future_24m,all_appel_offre_sources,cpv_division,64,389,0.02056555269922879,101.11568123393316,36.0,150.0,273.4,386.59999999999997,628.8800000000003,793,10.0,104.0,,,0.0,,,,,,,64,,
buyer_compatible_environment,same_normalized_name,24,future_24m,all_appel_offre_sources,cpv_division,65,169,0.10650887573964497,59.218934911242606,14.0,96.0,146.00000000000009,269.1999999999998,517.2399999999996,569,19.0,200.0,,,0.0,,,,,,,65,,
buyer_compatible_environment,same_normalized_name,24,future_24m,all_appel_offre_sources,cpv_division,66,1706,0.1283704572098476,46.65357561547479,10.0,40.0,167.5,232.0,523.950000000001,807,20.0,168.4000000000001,,,0.0,,,,,,,66,,
buyer_compatible_environment,same_normalized_name,24,future_24m,all_appel_offre_sources,cpv_division,70,130,0.05384615384615385,119.70769230769231,44.0,173.0,307.3,574.0,657.2299999999999,688,6.0,88.99999999999999,,,0.0,,,,,,,70,,
buyer_compatible_environment,same_normalized_name,24,future_24m,all_appel_offre_sources,cpv_division,71,6260,0.05942492012779553,125.83849840255591,41.0,175.0,403.0,554.0499999999993,766.4099999999999,823,6.0,102.30000000000018,,,0.0,,,,,,,71,,
buyer_compatible_environment,same_normalized_name,24,future_24m,all_appel_offre_sources,cpv_division,72,1076,0.041821561338289966,157.54646840148698,63.5,236.0,513.5,593.75,786.25,818,5.0,65.0,,,0.0,,,,,,,72,,
buyer_compatible_environment,same_normalized_name,24,future_24m,all_appel_offre_sources,cpv_division,73,47,0.0425531914893617,81.23404255319149,28.0,74.0,204.6,276.9999999999996,624.9199999999998,693,9.0,78.60000000000001,,,0.0,,,,,,,73,,
buyer_compatible_environment,same_normalized_name,24,future_24m,all_appel_offre_sources,cpv_division,75,349,0.07449856733524356,117.67335243553009,44.0,167.0,298.59999999999997,553.1999999999999,690.0799999999999,804,7.0,96.40000000000003,,,0.0,,,,,,,75,,
buyer_compatible_environment,same_normalized_name,24,future_24m,all_appel_offre_sources,cpv_division,76,1,0.0,21.0,21.0,21.0,21.0,21.0,21.0,21,83.0,83.0,,,0.0,,,,,,,76,,
buyer_compatible_environment,same_normalized_name,24,future_24m,all_appel_offre_sources,cpv_division,77,741,0.04993252361673414,82.97975708502024,29.0,89.0,258.0,345.0,734.6000000000003,813,9.5,88.0,,,0.0,,,,,,,77,,
buyer_compatible_environment,same_normalized_name,24,future_24m,all_appel_offre_sources,cpv_division,79,2894,0.058396682791983415,150.3939184519696,55.0,219.0,491.0,578.3499999999999,796.1400000000003,824,5.0,77.0,,,0.0,,,,,,,79,,
buyer_compatible_environment,same_normalized_name,24,future_24m,all_appel_offre_sources,cpv_division,80,581,0.05679862306368331,127.12564543889845,33.0,206.0,433.0,540.0,671.0000000000018,812,6.0,86.60000000000002,,,0.0,,,,,,,80,,
buyer_compatible_environment,same_normalized_name,24,future_24m,all_appel_offre_sources,cpv_division,85,416,0.0625,106.89182692307692,40.0,189.25,246.5,326.0,631.1500000000004,810,6.0,77.0,,,0.0,,,,,,,85,,
buyer_compatible_environment,same_normalized_name,24,future_24m,all_appel_offre_sources,cpv_division,90,2769,0.055615745756590826,81.47128927410617,23.0,89.0,232.20000000000027,353.7999999999997,721.5600000000013,820,10.0,97.0,,,0.0,,,,,,,90,,
buyer_compatible_environment,same_normalized_name,24,future_24m,all_appel_offre_sources,cpv_division,92,628,0.06687898089171974,124.07643312101911,40.0,182.0,393.6000000000015,570.0,711.9200000000001,814,7.0,98.5,,,0.0,,,,,,,92,,
buyer_compatible_environment,same_normalized_name,24,future_24m,all_appel_offre_sources,cpv_division,98,301,0.06976744186046512,92.35548172757476,30.0,125.0,217.0,381.0,671.0,788,7.5,89.0,,,0.0,,,,,,,98,,
buyer_compatible_environment,same_normalized_name,24,future_24m,all_appel_offre_sources,cpv_division,nan,12460,0.06508828250401284,122.92247191011236,42.0,160.0,319.0,649.0499999999993,802.0,827,7.0,84.0,,,0.0,,,,,,,,,
buyer_compatible_environment,same_normalized_name,36,future_36m,all_appel_offre_sources,cpv_division,03,180,0.027777777777777776,118.96111111111111,54.0,179.75,306.2,363.4499999999998,510.5000000000028,945,10.0,78.99999999999997,,,0.0,,,,,,,03,,
buyer_compatible_environment,same_normalized_name,36,future_36m,all_appel_offre_sources,cpv_division,09,598,0.06020066889632107,104.24916387959867,22.0,87.75,323.60000000000014,479.34999999999934,1078.4199999999996,1198,15.5,101.0,,,0.0,,,,,,,09,,
buyer_compatible_environment,same_normalized_name,36,future_36m,all_appel_offre_sources,cpv_division,14,69,0.014492753623188406,259.7391304347826,181.0,345.0,519.8,1061.7999999999993,1146.4799999999996,1190,5.0,26.60000000000001,,,0.0,,,,,,,14,,
buyer_compatible_environment,same_normalized_name,36,future_36m,all_appel_offre_sources,cpv_division,15,739,0.10148849797023005,76.25981055480379,20.0,84.0,285.0,325.1,424.1,796,14.0,148.70000000000005,,,0.0,,,,,,,15,,
buyer_compatible_environment,same_normalized_name,36,future_36m,all_appel_offre_sources,cpv_division,16,132,0.05303030303030303,159.1439393939394,59.5,273.0,403.4000000000002,555.4999999999999,870.8899999999999,1117,6.0,75.0,,,0.0,,,,,,,16,,
buyer_compatible_environment,same_normalized_name,36,future_36m,all_appel_offre_sources,cpv_division,18,313,0.04153354632587859,123.50159744408946,47.0,167.0,320.6,420.4,788.64,1127,7.0,62.0,,,0.0,,,,,,,18,,
buyer_compatible_environment,same_normalized_name,36,future_36m,all_appel_offre_sources,cpv_division,19,76,0.039473684210526314,157.07894736842104,61.5,285.5,396.0,493.25,825.0,846,7.0,42.999999999999986,,,0.0,,,,,,,19,,
buyer_compatible_environment,same_normalized_name,36,future_36m,all_appel_offre_sources,cpv_division,22,222,0.02702702702702703,166.5045045045045,90.0,261.0,398.00000000000006,607.6999999999999,857.2699999999999,1185,6.0,52.5,,,0.0,,,,,,,22,,
buyer_compatible_environment,same_normalized_name,36,future_36m,all_appel_offre_sources,cpv_division,24,231,0.021645021645021644,173.92207792207793,93.0,282.0,403.0,497.0,1112.9999999999995,1191,5.0,35.5,,,0.0,,,,,,,24,,
buyer_compatible_environment,same_normalized_name,36,future_36m,all_appel_offre_sources,cpv_division,30,841,0.04280618311533888,126.21046373365041,53.0,155.0,357.0,499.0,854.6000000000001,1193,8.0,78.60000000000002,,,0.0,,,,,,,30,,
buyer_compatible_environment,same_normalized_name,36,future_36m,all_appel_offre_sources,cpv_division,31,412,0.04854368932038835,139.11893203883494,49.5,196.0,405.90000000000003,559.3999999999996,881.89,1123,8.0,70.0,,,0.0,,,,,,,31,,
buyer_compatible_environment,same_normalized_name,36,future_36m,all_appel_offre_sources,cpv_division,32,437,0.04805491990846682,135.72311212814645,45.0,200.0,338.0000000000005,468.99999999999994,930.64,1188,7.0,91.0,,,0.0,,,,,,,32,,
buyer_compatible_environment,same_normalized_name,36,future_36m,all_appel_offre_sources,cpv_division,33,947,0.0337909186906019,184.3907074973601,161.0,327.0,398.4,423.69999999999993,469.53999999999996,615,5.0,34.0,,,0.0,,,,,,,33,,
buyer_compatible_environment,same_normalized_name,36,future_36m,all_appel_offre_sources,cpv_division,34,1432,0.02723463687150838,159.5558659217877,61.0,213.25,449.8000000000002,565.45,1089.7600000000002,1207,7.0,66.79999999999995,,,0.0,,,,,,,34,,
buyer_compatible_environment,same_normalized_name,36,future_36m,all_appel_offre_sources,cpv_division,35,187,0.053475935828877004,143.80213903743316,68.0,210.0,349.60000000000014,489.09999999999997,894.9599999999984,1126,7.0,47.80000000000001,,,0.0,,,,,,,35,,
buyer_compatible_environment,same_normalized_name,36,future_36m,all_appel_offre_sources,cpv_division,37,197,0.025380710659898477,140.96446700507613,91.0,251.0,320.20000000000005,401.2,760.9599999999992,1096,5.0,51.60000000000002,,,0.0,,,,,,,37,,
buyer_compatible_environment,same_normalized_name,36,future_36m,all_appel_offre_sources,cpv_division,38,493,0.05273833671399594,124.89452332657201,67.0,194.0,308.0,407.4,784.1999999999989,1205,7.0,67.40000000000003,,,0.0,,,,,,,38,,
buyer_compatible_environment,same_normalized_name,36,future_36m,all_appel_offre_sources,cpv_division,39,1266,0.04897314375987362,152.94075829383885,62.0,247.0,406.5,572.25,854.6999999999998,1191,7.0,69.70000000000005,,,0.0,,,,,,,39,,
buyer_compatible_environment,same_normalized_name,36,future_36m,all_appel_offre_sources,cpv_division,41,20,0.1,58.55,49.0,96.25,139.30000000000004,160.1,161.62,162,7.0,168.5000000000002,,,0.0,,,,,,,41,,
buyer_compatible_environment,same_normalized_name,36,future_36m,all_appel_offre_sources,cpv_division,42,512,0.048828125,143.22265625,75.5,218.5,382.4000000000002,466.45,828.2299999999999,949,7.0,55.400000000000034,,,0.0,,,,,,,42,,
buyer_compatible_environment,same_normalized_name,36,future_36m,all_appel_offre_sources,cpv_division,43,115,0.043478260869565216,185.8521739130435,85.0,266.5,481.8000000000002,658.8999999999995,1174.3,1212,6.5,50.300000000000026,,,0.0,,,,,,,43,,
buyer_compatible_environment,same_normalized_name,36,future_36m,all_appel_offre_sources,cpv_division,44,1050,0.03619047619047619,172.3409523809524,82.0,235.0,413.0,731.9499999999996,1123.0,1208,6.0,63.0,,,0.0,,,,,,,44,,
buyer_compatible_environment,same_normalized_name,36,future_36m,all_appel_offre_sources,cpv_division,45,12527,0.07072722918496048,128.76857986748624,42.0,162.0,357.0,518.6999999999989,971.0,1211,7.0,81.0,,,0.0,,,,,,,45,,
buyer_compatible_environment,same_normalized_name,36,future_36m,all_appel_offre_sources,cpv_division,48,514,0.027237354085603113,225.2976653696498,92.0,295.75,823.4,908.4499999999998,1151.83,1212,5.5,53.200000000000045,,,0.0,,,,,,,48,,
buyer_compatible_environment,same_normalized_name,36,future_36m,all_appel_offre_sources,cpv_division,50,2108,0.04411764705882353,144.41081593927893,55.0,212.0,405.0,506.0,965.9299999999998,1200,6.0,70.0,,,0.0,,,,,,,50,,
buyer_compatible_environment,same_normalized_name,36,future_36m,all_appel_offre_sources,cpv_division,51,75,0.04,164.06666666666666,50.0,243.5,427.00000000000017,784.5,992.1600000000009,1115,4.5,55.09999999999999,,,0.0,,,,,,,51,,
buyer_compatible_environment,same_normalized_name,36,future_36m,all_appel_offre_sources,cpv_division,55,772,0.17357512953367876,56.729274611398964,7.0,39.25,215.0999999999998,292.89999999999986,658.6699999999955,922,26.0,181.30000000000007,,,0.0,,,,,,,55,,
buyer_compatible_environment,same_normalized_name,36,future_36m,all_appel_offre_sources,cpv_division,60,729,0.06858710562414266,145.88477366255145,59.0,197.0,383.0,711.4000000000013,852.72,1200,6.0,74.20000000000005,,,0.0,,,,,,,60,,
buyer_compatible_environment,same_normalized_name,36,future_36m,all_appel_offre_sources,cpv_division,63,181,0.04419889502762431,182.41436464088397,59.0,264.0,471.0,788.0,1025.7999999999986,1183,5.0,88.00000000000011,,,0.0,,,,,,,63,,
buyer_compatible_environment,same_normalized_name,36,future_36m,all_appel_offre_sources,cpv_division,64,389,0.017994858611825194,137.9922879177378,48.0,175.0,402.4,510.99999999999966,982.12,1193,10.0,105.80000000000007,,,0.0,,,,,,,64,,
buyer_compatible_environment,same_normalized_name,36,future_36m,all_appel_offre_sources,cpv_division,65,169,0.10059171597633136,77.05325443786982,16.0,96.0,178.60000000000005,345.79999999999995,780.5999999999999,848,19.5,208.10000000000005,,,0.0,,,,,,,65,,
buyer_compatible_environment,same_normalized_name,36,future_36m,all_appel_offre_sources,cpv_division,66,1706,0.12133645955451348,62.22274325908558,12.0,50.75,227.0,328.75,647.2000000000016,1188,20.0,176.20000000000005,,,0.0,,,,,,,66,,
buyer_compatible_environment,same_normalized_name,36,future_36m,all_appel_offre_sources,cpv_division,70,130,0.05384615384615385,159.75384615384615,59.0,179.75,442.8000000000002,830.6499999999999,952.1999999999998,982,6.0,88.99999999999999,,,0.0,,,,,,,70,,
buyer_compatible_environment,same_normalized_name,36,future_36m,all_appel_offre_sources,cpv_division,71,6260,0.05766773162939297,168.2635782747604,50.0,227.0,510.0,796.0,1118.4099999999999,1212,6.0,105.0,,,0.0,,,,,,,71,,
buyer_compatible_environment,same_normalized_name,36,future_36m,all_appel_offre_sources,cpv_division,72,1076,0.0362453531598513,214.87360594795538,73.5,315.25,692.5,860.0,1128.25,1208,5.0,67.39999999999998,,,0.0,,,,,,,72,,
buyer_compatible_environment,same_normalized_name,36,future_36m,all_appel_offre_sources,cpv_division,73,47,0.0425531914893617,98.91489361702128,31.0,105.5,248.0,290.49999999999983,790.5799999999999,803,9.0,78.60000000000001,,,0.0,,,,,,,73,,
buyer_compatible_environment,same_normalized_name,36,future_36m,all_appel_offre_sources,cpv_division,75,349,0.07449856733524356,158.65902578796562,61.0,201.0,411.99999999999994,788.3999999999996,969.7599999999998,1186,7.0,96.40000000000003,,,0.0,,,,,,,75,,
buyer_compatible_environment,same_normalized_name,36,future_36m,all_appel_offre_sources,cpv_division,76,1,0.0,21.0,21.0,21.0,21.0,21.0,21.0,21,83.0,83.0,,,0.0,,,,,,,76,,
buyer_compatible_environment,same_normalized_name,36,future_36m,all_appel_offre_sources,cpv_division,77,741,0.04993252361673414,112.582995951417,33.0,112.0,326.0,511.0,1104.2000000000007,1187,9.5,88.0,,,0.0,,,,,,,77,,
buyer_compatible_environment,same_normalized_name,36,future_36m,all_appel_offre_sources,cpv_division,79,2894,0.057014512785072566,202.9612992398065,71.0,297.0,723.1000000000008,848.3499999999999,1126.0,1198,5.0,77.0,,,0.0,,,,,,,79,,
buyer_compatible_environment,same_normalized_name,36,future_36m,all_appel_offre_sources,cpv_division,80,581,0.055077452667814115,175.43545611015492,41.0,285.0,502.0,790.0,969.0,1151,6.0,88.59999999999997,,,0.0,,,,,,,80,,
buyer_compatible_environment,same_normalized_name,36,future_36m,all_appel_offre_sources,cpv_division,85,416,0.057692307692307696,143.51201923076923,53.5,262.25,359.5,439.5,800.85,1129,6.0,78.80000000000007,,,0.0,,,,,,,85,,
buyer_compatible_environment,same_normalized_name,36,future_36m,all_appel_offre_sources,cpv_division,90,2769,0.05344889851932105,108.26435536294692,28.0,115.0,320.2000000000003,477.5999999999999,1097.6400000000003,1192,10.0,98.0,,,0.0,,,,,,,90,,
buyer_compatible_environment,same_normalized_name,36,future_36m,all_appel_offre_sources,cpv_division,92,628,0.06369426751592357,168.76273885350318,54.0,242.25,497.50000000000375,849.0,1017.9500000000003,1188,7.0,100.60000000000014,,,0.0,,,,,,,92,,
buyer_compatible_environment,same_normalized_name,36,future_36m,all_appel_offre_sources,cpv_division,98,301,0.06976744186046512,121.33887043189368,39.0,150.0,304.0,520.0,910.0,1207,7.5,89.0,,,0.0,,,,,,,98,,
buyer_compatible_environment,same_normalized_name,36,future_36m,all_appel_offre_sources,cpv_division,nan,12460,0.059630818619582665,173.961797752809,55.0,211.0,442.0,913.0,1185.0,1211,7.0,89.0,,,0.0,,,,,,,,,
buyer_compatible_environment,same_normalized_name,60,future_60m,all_appel_offre_sources,cpv_division,03,180,0.027777777777777776,161.0888888888889,77.0,241.5,463.0,509.09999999999997,738.8100000000021,1111,10.0,78.99999999999997,,,0.0,,,,,,,03,,
buyer_compatible_environment,same_normalized_name,60,future_60m,all_appel_offre_sources,cpv_division,09,598,0.05852842809364549,146.44147157190636,28.0,124.0,435.2000000000003,714.8999999999999,1618.2299999999989,1877,16.0,102.60000000000002,,,0.0,,,,,,,09,,
buyer_compatible_environment,same_normalized_name,60,future_60m,all_appel_offre_sources,cpv_division,14,69,0.014492753623188406,370.536231884058,219.0,478.0,823.0000000000001,1616.799999999999,1840.6399999999996,1876,5.0,26.60000000000001,,,0.0,,,,,,,14,,
buyer_compatible_environment,same_normalized_name,60,future_60m,all_appel_offre_sources,cpv_division,15,739,0.09742895805142084,107.87686062246279,23.0,110.0,458.20000000000005,523.0,705.86,1354,15.0,151.19999999999993,,,0.0,,,,,,,15,,
buyer_compatible_environment,same_normalized_name,60,future_60m,all_appel_offre_sources,cpv_division,16,132,0.045454545454545456,213.67424242424244,66.0,378.0,531.1,641.1499999999996,1348.6599999999999,1694,6.0,78.0,,,0.0,,,,,,,16,,
buyer_compatible_environment,same_normalized_name,60,future_60m,all_appel_offre_sources,cpv_division,18,313,0.04153354632587859,168.75079872204472,57.0,219.0,474.20000000000005,641.0,1304.3599999999988,1890,7.0,62.0,,,0.0,,,,,,,18,,
buyer_compatible_environment,same_normalized_name,60,future_60m,all_appel_offre_sources,cpv_division,19,76,0.02631578947368421,216.25,69.5,328.0,607.0,725.5,1313.75,1340,7.0,46.80000000000001,,,0.0,,,,,,,19,,
buyer_compatible_environment,same_normalized_name,60,future_60m,all_appel_offre_sources,cpv_division,22,222,0.02702702702702703,237.78378378378378,109.0,339.5,546.1,732.95,1502.7799999999993,1780,6.0,52.5,,,0.0,,,,,,,22,,
buyer_compatible_environment,same_normalized_name,60,future_60m,all_appel_offre_sources,cpv_division,24,231,0.021645021645021644,236.62770562770564,109.0,389.0,617.0,761.0,1774.6999999999978,1866,5.0,35.5,,,0.0,,,,,,,24,,
buyer_compatible_environment,same_normalized_name,60,future_60m,all_appel_offre_sources,cpv_division,30,841,0.04280618311533888,177.87395957193817,60.0,193.0,506.0,738.0,1467.2000000000003,1875,8.0,78.60000000000002,,,0.0,,,,,,,30,,
buyer_compatible_environment,same_normalized_name,60,future_60m,all_appel_offre_sources,cpv_division,31,412,0.04611650485436893,196.89077669902912,57.5,245.25,590.000000000001,807.5999999999995,1468.2699999999995,1897,8.0,72.40000000000003,,,0.0,,,,,,,31,,
buyer_compatible_environment,same_normalized_name,60,future_60m,all_appel_offre_sources,cpv_division,32,437,0.04805491990846682,191.90160183066362,54.0,243.0,509.40000000000003,738.9999999999999,1525.6,1836,7.0,91.0,,,0.0,,,,,,,32,,
buyer_compatible_environment,same_normalized_name,60,future_60m,all_appel_offre_sources,cpv_division,33,947,0.0337909186906019,264.80042238648366,186.0,495.0,628.9999999999999,685.0,735.54,834,5.0,34.0,,,0.0,,,,,,,33,,
buyer_compatible_environment,same_normalized_name,60,future_60m,all_appel_offre_sources,cpv_division,34,1432,0.02723463687150838,227.49162011173183,72.0,286.0,695.6000000000004,894.1500000000003,1658.4600000000019,1897,7.0,66.79999999999995,,,0.0,,,,,,,34,,
buyer_compatible_environment,same_normalized_name,60,future_60m,all_appel_offre_sources,cpv_division,35,187,0.053475935828877004,203.46524064171123,97.0,266.5,531.4000000000001,688.0999999999997,1482.639999999999,1868,7.0,47.80000000000001,,,0.0,,,,,,,35,,
buyer_compatible_environment,same_normalized_name,60,future_60m,all_appel_offre_sources,cpv_division,37,197,0.025380710659898477,200.16243654822335,112.0,302.0,473.6,624.1999999999998,779.7599999999954,1894,5.0,51.60000000000002,,,0.0,,,,,,,37,,
buyer_compatible_environment,same_normalized_name,60,future_60m,all_appel_offre_sources,cpv_division,38,493,0.05273833671399594,172.58215010141987,81.0,229.0,456.8,598.1999999999997,1185.1999999999973,1892,7.0,67.40000000000003,,,0.0,,,,,,,38,,
buyer_compatible_environment,same_normalized_name,60,future_60m,all_appel_offre_sources,cpv_division,39,1266,0.04660347551342812,208.3088467614534,76.0,268.75,584.0,777.5,1475.549999999997,1837,7.0,70.40000000000009,,,0.0,,,,,,,39,,
buyer_compatible_environment,same_normalized_name,60,future_60m,all_appel_offre_sources,cpv_division,41,20,0.1,80.55,75.0,109.5,156.90000000000023,300.1,301.62,302,7.0,168.5000000000002,,,0.0,,,,,,,41,,
buyer_compatible_environment,same_normalized_name,60,future_60m,all_appel_offre_sources,cpv_division,42,512,0.046875,202.103515625,88.5,281.0,621.6000000000015,749.25,1322.4499999999998,1516,7.0,56.60000000000002,,,0.0,,,,,,,42,,
buyer_compatible_environment,same_normalized_name,60,future_60m,all_appel_offre_sources,cpv_division,43,115,0.043478260869565216,263.4086956521739,87.0,376.5,762.2000000000014,993.8999999999992,1866.9,1876,6.5,50.300000000000026,,,0.0,,,,,,,43,,
buyer_compatible_environment,same_normalized_name,60,future_60m,all_appel_offre_sources,cpv_division,44,1050,0.03333333333333333,240.66095238095238,102.5,301.5,610.1,852.6999999999994,1825.04,1893,6.0,65.60000000000002,,,0.0,,,,,,,44,,
buyer_compatible_environment,same_normalized_name,60,future_60m,all_appel_offre_sources,cpv_division,45,12527,0.06785343657699369,174.8031452063543,49.0,201.0,518.0,739.0,1519.0,1896,7.0,83.0,,,0.0,,,,,,,45,,
buyer_compatible_environment,same_normalized_name,60,future_60m,all_appel_offre_sources,cpv_division,48,514,0.02529182879377432,323.3891050583658,115.5,415.5,1183.8,1477.7499999999998,1831.3200000000002,1884,6.0,55.0,,,0.0,,,,,,,48,,
buyer_compatible_environment,same_normalized_name,60,future_60m,all_appel_offre_sources,cpv_division,50,2108,0.04269449715370019,201.26660341555979,63.5,269.25,560.5999999999999,824.6499999999999,1522.7199999999993,1897,6.0,71.0,,,0.0,,,,,,,50,,
buyer_compatible_environment,same_normalized_name,60,future_60m,all_appel_offre_sources,cpv_division,51,75,0.04,224.92,55.0,253.5,675.8000000000017,1058.4999999999989,1537.340000000001,1692,4.5,55.09999999999999,,,0.0,,,,,,,51,,
buyer_compatible_environment,same_normalized_name,60,future_60m,all_appel_offre_sources,cpv_division,55,772,0.15155440414507773,78.60362694300518,9.0,49.0,258.89999999999975,462.89999999999986,799.7799999999934,1535,28.0,227.20000000000016,,,0.0,,,,,,,55,,
buyer_compatible_environment,same_normalized_name,60,future_60m,all_appel_offre_sources,cpv_division,60,729,0.06310013717421124,200.94787379972564,66.0,241.0,553.0,875.8000000000012,1356.4800000000002,1877,6.0,80.00000000000034,,,0.0,,,,,,,60,,
buyer_compatible_environment,same_normalized_name,60,future_60m,all_appel_offre_sources,cpv_division,63,181,0.04419889502762431,243.6243093922652,77.0,362.0,657.0,1142.0,1580.3999999999985,1796,5.0,88.00000000000011,,,0.0,,,,,,,63,,
buyer_compatible_environment,same_normalized_name,60,future_60m,all_appel_offre_sources,cpv_division,64,389,0.015424164524421594,194.17480719794344,68.0,208.0,576.4,725.5999999999992,1539.48,1872,10.0,108.40000000000003,,,0.0,,,,,,,64,,
buyer_compatible_environment,same_normalized_name,60,future_60m,all_appel_offre_sources,cpv_division,65,169,0.10059171597633136,109.80473372781066,24.0,105.0,282.40000000000003,558.9999999999999,1348.32,1551,19.5,208.10000000000005,,,0.0,,,,,,,65,,
buyer_compatible_environment,same_normalized_name,60,future_60m,all_appel_offre_sources,cpv_division,66,1706,0.11723329425556858,85.51817116060961,15.0,60.0,264.5,463.75,866.0500000000009,1875,20.0,182.5,,,0.0,,,,,,,66,,
buyer_compatible_environment,same_normalized_name,60,future_60m,all_appel_offre_sources,cpv_division,70,130,0.05384615384615385,210.66153846153847,75.0,219.75,708.1,885.0999999999996,1495.62,1512,6.0,88.99999999999999,,,0.0,,,,,,,70,,
buyer_compatible_environment,same_normalized_name,60,future_60m,all_appel_offre_sources,cpv_division,71,6260,0.055431309904153354,224.14041533546325,60.0,260.25,667.2000000000007,1157.0999999999985,1687.6399999999994,1884,6.0,106.80000000000018,,,0.0,,,,,,,71,,
buyer_compatible_environment,same_normalized_name,60,future_60m,all_appel_offre_sources,cpv_division,72,1076,0.03531598513011153,301.5343866171004,85.0,458.75,821.5,1338.25,1707.5,1875,5.0,68.30000000000007,,,0.0,,,,,,,72,,
buyer_compatible_environment,same_normalized_name,60,future_60m,all_appel_offre_sources,cpv_division,73,47,0.0425531914893617,116.14893617021276,31.0,132.5,254.2,362.7999999999996,997.3999999999996,1163,9.0,78.60000000000001,,,0.0,,,,,,,73,,
buyer_compatible_environment,same_normalized_name,60,future_60m,all_appel_offre_sources,cpv_division,75,349,0.07163323782234957,224.69340974212034,79.0,235.0,627.5999999999999,1265.399999999999,1521.6399999999999,1856,7.5,97.69999999999999,,,0.0,,,,,,,75,,
buyer_compatible_environment,same_normalized_name,60,future_60m,all_appel_offre_sources,cpv_division,76,1,0.0,21.0,21.0,21.0,21.0,21.0,21.0,21,83.0,83.0,,,0.0,,,,,,,76,,
buyer_compatible_environment,same_normalized_name,60,future_60m,all_appel_offre_sources,cpv_division,77,741,0.04723346828609987,154.47908232118758,37.0,144.0,470.0,734.0,1672.6000000000013,1886,10.0,89.0,,,0.0,,,,,,,77,,
buyer_compatible_environment,same_normalized_name,60,future_60m,all_appel_offre_sources,cpv_division,79,2894,0.05425017277125086,280.10158949550794,85.0,384.75,828.7000000000003,1328.35,1754.0700000000002,1892,6.0,80.0,,,0.0,,,,,,,79,,
buyer_compatible_environment,same_normalized_name,60,future_60m,all_appel_offre_sources,cpv_division,80,581,0.05335628227194492,247.77969018932873,48.0,395.0,721.0,1301.0,1519.6000000000001,1860,6.5,91.10000000000002,,,0.0,,,,,,,80,,
buyer_compatible_environment,same_normalized_name,60,future_60m,all_appel_offre_sources,cpv_division,85,416,0.052884615384615384,197.11298076923077,62.5,353.75,545.5,684.75,1335.9000000000003,1709,6.0,85.09999999999997,,,0.0,,,,,,,85,,
buyer_compatible_environment,same_normalized_name,60,future_60m,all_appel_offre_sources,cpv_division,90,2769,0.05236547490068617,146.92993860599495,36.0,141.0,436.40000000000055,656.5999999999999,1651.920000000005,1893,10.0,99.0,,,0.0,,,,,,,90,,
buyer_compatible_environment,same_normalized_name,60,future_60m,all_appel_offre_sources,cpv_division,92,628,0.0589171974522293,229.55891719745222,68.0,284.75,619.0000000000048,1279.5499999999997,1568.7600000000002,1842,7.0,104.0,,,0.0,,,,,,,92,,
buyer_compatible_environment,same_normalized_name,60,future_60m,all_appel_offre_sources,cpv_division,98,301,0.06312292358803986,159.99003322259136,44.0,185.0,476.0,679.0,1481.0,1867,8.0,91.70000000000002,,,0.0,,,,,,,98,,
buyer_compatible_environment,same_normalized_name,60,future_60m,all_appel_offre_sources,cpv_division,nan,12460,0.0565008025682183,257.75634028892455,70.0,269.25,662.2000000000007,1515.0,1860.4099999999999,1896,7.0,92.0,,,0.0,,,,,,,,,
buyer_compatible_environment,same_siren,6,future_6m,all_appel_offre_sources,cpv_division,03,180,0.7111111111111111,8.655555555555555,0.0,3.0,38.599999999999966,61.04999999999998,119.42000000000002,125,8.5,102.5,,,0.0,,,,,,,03,,
buyer_compatible_environment,same_siren,6,future_6m,all_appel_offre_sources,cpv_division,09,598,0.6806020066889632,5.785953177257525,0.0,2.0,10.300000000000068,39.14999999999998,104.02999999999997,151,19.0,91.0,,,0.0,,,,,,,09,,
buyer_compatible_environment,same_siren,6,future_6m,all_appel_offre_sources,cpv_division,14,69,0.5072463768115942,15.420289855072463,0.0,23.0,58.400000000000006,64.79999999999998,75.32,76,6.5,50.4,,,0.0,,,,,,,14,,
buyer_compatible_environment,same_siren,6,future_6m,all_appel_offre_sources,cpv_division,15,739,0.7510148849797023,4.075778078484438,0.0,0.0,11.0,26.0,78.68000000000006,140,22.0,136.50000000000009,,,0.0,,,,,,,15,,
buyer_compatible_environment,same_siren,6,future_6m,all_appel_offre_sources,cpv_division,16,132,0.6893939393939394,8.143939393939394,0.0,4.0,28.80000000000001,50.14999999999992,79.03999999999996,109,8.0,97.0,,,0.0,,,,,,,16,,
buyer_compatible_environment,same_siren,6,future_6m,all_appel_offre_sources,cpv_division,18,313,0.6038338658146964,10.894568690095847,0.0,6.0,43.60000000000002,60.999999999999886,115.15999999999997,193,9.0,69.4,,,0.0,,,,,,,18,,
buyer_compatible_environment,same_siren,6,future_6m,all_appel_offre_sources,cpv_division,19,76,0.6842105263157895,6.947368421052632,0.0,3.25,32.0,44.5,62.25,63,9.0,50.49999999999997,,,0.0,,,,,,,19,,
buyer_compatible_environment,same_siren,6,future_6m,all_appel_offre_sources,cpv_division,22,222,0.7657657657657657,7.099099099099099,0.0,0.0,24.80000000000001,42.94999999999999,95.37999999999982,164,9.0,36.8,,,0.0,,,,,,,22,,
buyer_compatible_environment,same_siren,6,future_6m,all_appel_offre_sources,cpv_division,24,231,0.6796536796536796,12.012987012987013,0.0,6.5,45.0,77.0,118.39999999999998,138,5.0,27.10000000000001,,,0.0,,,,,,,24,,
buyer_compatible_environment,same_siren,6,future_6m,all_appel_offre_sources,cpv_division,30,841,0.7122473246135553,6.858501783590963,0.0,2.0,20.0,47.0,117.60000000000002,161,11.0,73.9,,,0.0,,,,,,,30,,
buyer_compatible_environment,same_siren,6,future_6m,all_appel_offre_sources,cpv_division,31,412,0.7184466019417476,8.04126213592233,0.0,1.0,22.0,53.0,117.55999999999995,189,8.0,75.5,,,0.0,,,,,,,31,,
buyer_compatible_environment,same_siren,6,future_6m,all_appel_offre_sources,cpv_division,32,437,0.7254004576659039,6.983981693363845,0.0,2.0,18.400000000000034,41.19999999999999,107.83999999999992,187,11.0,70.70000000000006,,,0.0,,,,,,,32,,
buyer_compatible_environment,same_siren,6,future_6m,all_appel_offre_sources,cpv_division,33,947,0.7888067581837381,7.626187961985217,0.0,0.0,26.0,56.0,122.07999999999993,205,5.0,32.19999999999999,,,0.0,,,,,,,33,,
buyer_compatible_environment,same_siren,6,future_6m,all_appel_offre_sources,cpv_division,34,1432,0.6787709497206704,9.456005586592179,0.0,4.0,39.90000000000009,59.0,111.69000000000005,165,8.0,78.20000000000005,,,0.0,,,,,,,34,,
buyer_compatible_environment,same_siren,6,future_6m,all_appel_offre_sources,cpv_division,35,187,0.7379679144385026,6.197860962566845,0.0,1.0,17.80000000000001,45.69999999999999,86.39999999999986,110,8.0,80.80000000000005,,,0.0,,,,,,,35,,
buyer_compatible_environment,same_siren,6,future_6m,all_appel_offre_sources,cpv_division,37,197,0.7258883248730964,5.101522842639594,0.0,1.0,18.0,23.39999999999992,42.39999999999992,207,12.5,58.90000000000005,,,0.0,,,,,,,37,,
buyer_compatible_environment,same_siren,6,future_6m,all_appel_offre_sources,cpv_division,38,493,0.6774847870182555,7.296146044624747,0.0,4.0,22.0,43.999999999999886,111.55999999999989,169,11.0,66.0,,,0.0,,,,,,,38,,
buyer_compatible_environment,same_siren,6,future_6m,all_appel_offre_sources,cpv_division,39,1266,0.6927330173775671,9.192733017377567,0.0,4.0,36.0,58.0,105.34999999999991,136,7.0,66.0,,,0.0,,,,,,,39,,
buyer_compatible_environment,same_siren,6,future_6m,all_appel_offre_sources,cpv_division,41,20,0.9,1.0,0.0,0.0,1.0000000000000142,10.0,10.0,10,7.0,7.8,,,0.0,,,,,,,41,,
buyer_compatible_environment,same_siren,6,future_6m,all_appel_offre_sources,cpv_division,42,512,0.767578125,6.251953125,0.0,0.0,17.0,37.349999999999966,105.77999999999997,204,11.0,54.80000000000001,,,0.0,,,,,,,42,,
buyer_compatible_environment,same_siren,6,future_6m,all_appel_offre_sources,cpv_division,43,115,0.6782608695652174,9.008695652173913,0.0,6.0,44.0,49.3,65.86,98,7.0,47.599999999999994,,,0.0,,,,,,,43,,
buyer_compatible_environment,same_siren,6,future_6m,all_appel_offre_sources,cpv_division,44,1050,0.7228571428571429,9.717142857142857,0.0,2.0,36.0,68.54999999999995,119.50999999999999,204,7.0,61.0,,,0.0,,,,,,,44,,
buyer_compatible_environment,same_siren,6,future_6m,all_appel_offre_sources,cpv_division,45,12527,0.782230382374072,4.943402251137543,0.0,0.0,12.0,36.0,93.0,171,9.0,66.0,,,0.0,,,,,,,45,,
buyer_compatible_environment,same_siren,6,future_6m,all_appel_offre_sources,cpv_division,48,514,0.7607003891050583,8.517509727626459,0.0,0.0,31.0,60.349999999999966,111.48000000000002,158,6.0,40.8,,,0.0,,,,,,,48,,
buyer_compatible_environment,same_siren,6,future_6m,all_appel_offre_sources,cpv_division,50,2108,0.6740986717267552,9.045066413662239,0.0,4.0,33.0,57.0,112.0,207,9.0,69.39999999999998,,,0.0,,,,,,,50,,
buyer_compatible_environment,same_siren,6,future_6m,all_appel_offre_sources,cpv_division,51,75,0.6133333333333333,11.826666666666666,0.0,9.0,46.000000000000085,71.49999999999999,107.90000000000008,119,6.0,36.599999999999994,,,0.0,,,,,,,51,,
buyer_compatible_environment,same_siren,6,future_6m,all_appel_offre_sources,cpv_division,55,772,0.7668393782383419,4.191709844559585,0.0,0.0,7.0,23.449999999999932,100.73999999999978,175,17.0,119.29999999999998,,,0.0,,,,,,,55,,
buyer_compatible_environment,same_siren,6,future_6m,all_appel_offre_sources,cpv_division,60,729,0.700960219478738,9.978052126200275,0.0,3.0,40.0,65.20000000000005,123.16000000000008,199,7.0,74.50000000000006,,,0.0,,,,,,,60,,
buyer_compatible_environment,same_siren,6,future_6m,all_appel_offre_sources,cpv_division,63,181,0.7016574585635359,11.375690607734807,0.0,3.0,51.0,80.0,121.79999999999933,195,7.0,56.60000000000002,,,0.0,,,,,,,63,,
buyer_compatible_environment,same_siren,6,future_6m,all_appel_offre_sources,cpv_division,64,389,0.7017994858611826,9.105398457583547,0.0,3.0,39.0,58.19999999999993,112.60000000000002,143,7.0,71.0,,,0.0,,,,,,,64,,
buyer_compatible_environment,same_siren,6,future_6m,all_appel_offre_sources,cpv_division,65,169,0.7869822485207101,5.502958579881657,0.0,0.0,5.0,21.599999999999994,112.63999999999999,116,18.0,131.0,,,0.0,,,,,,,65,,
buyer_compatible_environment,same_siren,6,future_6m,all_appel_offre_sources,cpv_division,66,1706,0.7139507620164126,3.9677608440797187,0.0,1.0,7.0,21.75,79.95000000000005,125,22.5,123.90000000000003,,,0.0,,,,,,,66,,
buyer_compatible_environment,same_siren,6,future_6m,all_appel_offre_sources,cpv_division,70,130,0.6461538461538462,12.184615384615384,0.0,5.5,48.20000000000002,90.04999999999997,107.71,111,6.0,41.5,,,0.0,,,,,,,70,,
buyer_compatible_environment,same_siren,6,future_6m,all_appel_offre_sources,cpv_division,71,6260,0.6821086261980831,9.745047923322684,0.0,3.25,37.100000000000364,66.0,114.0,204,7.0,85.0,,,0.0,,,,,,,71,,
buyer_compatible_environment,same_siren,6,future_6m,all_appel_offre_sources,cpv_division,72,1076,0.7137546468401487,10.909851301115241,0.0,2.0,44.0,75.25,117.5,199,6.0,85.90000000000003,,,0.0,,,,,,,72,,
buyer_compatible_environment,same_siren,6,future_6m,all_appel_offre_sources,cpv_division,73,47,0.851063829787234,3.9361702127659575,0.0,0.0,3.799999999999997,13.699999999999953,78.29999999999995,99,22.0,96.60000000000001,,,0.0,,,,,,,73,,
buyer_compatible_environment,same_siren,6,future_6m,all_appel_offre_sources,cpv_division,75,349,0.667621776504298,8.624641833810887,0.0,3.0,31.0,53.99999999999983,118.07999999999993,141,9.0,90.0,,,0.0,,,,,,,75,,
buyer_compatible_environment,same_siren,6,future_6m,all_appel_offre_sources,cpv_division,76,1,1.0,0.0,0.0,0.0,0.0,0.0,0.0,0,,,,,0.0,,,,,,,76,,
buyer_compatible_environment,same_siren,6,future_6m,all_appel_offre_sources,cpv_division,77,741,0.6410256410256411,7.35357624831309,0.0,3.0,20.0,52.0,106.40000000000009,144,14.0,86.5,,,0.0,,,,,,,77,,
buyer_compatible_environment,same_siren,6,future_6m,all_appel_offre_sources,cpv_division,79,2894,0.6993780234968902,10.90946786454734,0.0,3.0,44.0,77.0,119.07000000000016,186,6.0,65.0,,,0.0,,,,,,,79,,
buyer_compatible_environment,same_siren,6,future_6m,all_appel_offre_sources,cpv_division,80,581,0.7710843373493976,8.184165232358003,0.0,0.0,27.0,60.0,110.40000000000009,142,7.0,48.599999999999994,,,0.0,,,,,,,80,,
buyer_compatible_environment,same_siren,6,future_6m,all_appel_offre_sources,cpv_division,85,416,0.7115384615384616,8.391826923076923,0.0,3.0,33.0,55.0,94.80000000000018,134,6.0,56.0,,,0.0,,,,,,,85,,
buyer_compatible_environment,same_siren,6,future_6m,all_appel_offre_sources,cpv_division,90,2769,0.6724449259660528,6.911520404478151,0.0,2.0,17.0,48.0,113.32000000000016,199,14.0,98.39999999999998,,,0.0,,,,,,,90,,
buyer_compatible_environment,same_siren,6,future_6m,all_appel_offre_sources,cpv_division,92,628,0.7261146496815286,8.606687898089172,0.0,2.0,30.300000000000068,54.299999999999955,112.73000000000002,193,8.0,57.400000000000034,,,0.0,,,,,,,92,,
buyer_compatible_environment,same_siren,6,future_6m,all_appel_offre_sources,cpv_division,98,301,0.6511627906976745,8.498338870431894,0.0,4.0,23.0,49.0,123.0,138,8.0,100.40000000000003,,,0.0,,,,,,,98,,
buyer_compatible_environment,same_siren,6,future_6m,all_appel_offre_sources,cpv_division,nan,12460,0.9873996789727126,0.10296950240770465,0.0,0.0,0.0,0.0,2.0,59,17.0,96.80000000000001,,,0.0,,,,,,,,,
buyer_compatible_environment,same_siren,12,future_12m,all_appel_offre_sources,cpv_division,03,180,0.7055555555555556,15.016666666666667,0.0,4.25,48.89999999999989,115.44999999999985,182.51000000000025,214,9.0,105.4,,,0.0,,,,,,,03,,
buyer_compatible_environment,same_siren,12,future_12m,all_appel_offre_sources,cpv_division,09,598,0.6638795986622074,10.73913043478261,0.0,3.0,22.0,71.44999999999993,210.02999999999997,274,21.0,119.0,,,0.0,,,,,,,09,,
buyer_compatible_environment,same_siren,12,future_12m,all_appel_offre_sources,cpv_division,14,69,0.5072463768115942,29.18840579710145,0.0,46.0,103.60000000000001,121.79999999999995,136.35999999999984,152,6.5,50.4,,,0.0,,,,,,,14,,
buyer_compatible_environment,same_siren,12,future_12m,all_appel_offre_sources,cpv_division,15,739,0.7415426251691475,6.939106901217862,0.0,1.0,15.200000000000045,44.10000000000002,122.34000000000003,258,23.0,147.0,,,0.0,,,,,,,15,,
buyer_compatible_environment,same_siren,12,future_12m,all_appel_offre_sources,cpv_division,16,132,0.6818181818181818,14.924242424242424,0.0,12.0,50.50000000000003,97.59999999999991,138.69999999999993,218,9.0,97.9,,,0.0,,,,,,,16,,
buyer_compatible_environment,same_siren,12,future_12m,all_appel_offre_sources,cpv_division,18,313,0.597444089456869,19.73482428115016,0.0,11.0,76.60000000000002,116.0,214.67999999999995,294,9.0,72.0,,,0.0,,,,,,,18,,
buyer_compatible_environment,same_siren,12,future_12m,all_appel_offre_sources,cpv_division,19,76,0.6842105263157895,14.368421052631579,0.0,5.0,63.0,80.5,165.25,166,9.0,50.49999999999997,,,0.0,,,,,,,19,,
buyer_compatible_environment,same_siren,12,future_12m,all_appel_offre_sources,cpv_division,22,222,0.7657657657657657,13.527027027027026,0.0,0.0,46.400000000000034,90.0,187.5399999999998,277,9.0,36.8,,,0.0,,,,,,,22,,
buyer_compatible_environment,same_siren,12,future_12m,all_appel_offre_sources,cpv_division,24,231,0.6796536796536796,21.83116883116883,0.0,10.0,75.0,149.5,226.5999999999999,242,5.0,27.10000000000001,,,0.0,,,,,,,24,,
buyer_compatible_environment,same_siren,12,future_12m,all_appel_offre_sources,cpv_division,30,841,0.7063020214030915,12.734839476813317,0.0,4.0,40.0,84.0,195.40000000000043,274,11.0,81.60000000000002,,,0.0,,,,,,,30,,
buyer_compatible_environment,same_siren,12,future_12m,all_appel_offre_sources,cpv_division,31,412,0.7135922330097088,14.174757281553399,0.0,2.0,40.80000000000007,93.89999999999998,238.89,290,8.0,82.39999999999998,,,0.0,,,,,,,31,,
buyer_compatible_environment,same_siren,12,future_12m,all_appel_offre_sources,cpv_division,32,437,0.7139588100686499,12.016018306636155,0.0,3.0,35.0,66.19999999999999,214.91999999999996,290,12.0,88.20000000000002,,,0.0,,,,,,,32,,
buyer_compatible_environment,same_siren,12,future_12m,all_appel_offre_sources,cpv_division,33,947,0.7835269271383316,13.286166842661034,0.0,0.0,46.39999999999998,89.39999999999986,231.01999999999953,304,5.0,39.79999999999998,,,0.0,,,,,,,33,,
buyer_compatible_environment,same_siren,12,future_12m,all_appel_offre_sources,cpv_division,34,1432,0.672486033519553,17.61103351955307,0.0,7.0,76.80000000000018,111.0,209.0,278,8.0,86.19999999999999,,,0.0,,,,,,,34,,
buyer_compatible_environment,same_siren,12,future_12m,all_appel_offre_sources,cpv_division,35,187,0.732620320855615,10.679144385026738,0.0,1.5,27.400000000000034,80.69999999999999,151.27999999999997,192,8.5,96.1,,,0.0,,,,,,,35,,
buyer_compatible_environment,same_siren,12,future_12m,all_appel_offre_sources,cpv_division,37,197,0.7055837563451777,8.888324873096447,0.0,4.0,29.400000000000006,44.99999999999994,101.4799999999999,302,14.5,116.20000000000019,,,0.0,,,,,,,37,,
buyer_compatible_environment,same_siren,12,future_12m,all_appel_offre_sources,cpv_division,38,493,0.6693711967545639,13.115618661257606,0.0,7.0,36.60000000000002,86.19999999999993,181.79999999999944,278,12.0,79.40000000000003,,,0.0,,,,,,,38,,
buyer_compatible_environment,same_siren,12,future_12m,all_appel_offre_sources,cpv_division,39,1266,0.6864139020537124,16.479462875197473,0.0,7.0,63.0,107.75,180.44999999999936,244,7.0,87.00000000000017,,,0.0,,,,,,,39,,
buyer_compatible_environment,same_siren,12,future_12m,all_appel_offre_sources,cpv_division,41,20,0.85,1.7,0.0,0.0,2.3000000000000185,14.250000000000004,18.049999999999994,19,8.0,216.8,,,0.0,,,,,,,41,,
buyer_compatible_environment,same_siren,12,future_12m,all_appel_offre_sources,cpv_division,42,512,0.763671875,11.484375,0.0,0.0,32.900000000000034,82.44999999999999,190.55999999999995,299,11.0,59.0,,,0.0,,,,,,,42,,
buyer_compatible_environment,same_siren,12,future_12m,all_appel_offre_sources,cpv_division,43,115,0.6782608695652174,17.243478260869566,0.0,8.0,90.0,92.3,124.58,168,7.0,47.599999999999994,,,0.0,,,,,,,43,,
buyer_compatible_environment,same_siren,12,future_12m,all_appel_offre_sources,cpv_division,44,1050,0.7152380952380952,17.78857142857143,0.0,3.0,69.40000000000009,120.09999999999991,225.62999999999988,299,7.0,78.39999999999998,,,0.0,,,,,,,44,,
buyer_compatible_environment,same_siren,12,future_12m,all_appel_offre_sources,cpv_division,45,12527,0.7759240041510338,9.104174982038796,0.0,0.0,21.0,64.0,165.0,278,10.0,80.0,,,0.0,,,,,,,45,,
buyer_compatible_environment,same_siren,12,future_12m,all_appel_offre_sources,cpv_division,48,514,0.7568093385214008,16.398832684824903,0.0,0.0,66.69999999999999,112.0,210.87,274,6.0,45.80000000000007,,,0.0,,,,,,,48,,
buyer_compatible_environment,same_siren,12,future_12m,all_appel_offre_sources,cpv_division,50,2108,0.6669829222011385,16.432637571157496,0.0,6.0,59.0,106.0,214.85999999999967,303,9.0,84.0,,,0.0,,,,,,,50,,
buyer_compatible_environment,same_siren,12,future_12m,all_appel_offre_sources,cpv_division,51,75,0.6133333333333333,23.466666666666665,0.0,18.5,93.40000000000012,151.39999999999992,201.96000000000024,236,6.0,36.599999999999994,,,0.0,,,,,,,51,,
buyer_compatible_environment,same_siren,12,future_12m,all_appel_offre_sources,cpv_division,55,772,0.7383419689119171,7.676165803108808,0.0,1.0,12.0,40.0,170.95999999999913,282,23.5,193.9,,,0.0,,,,,,,55,,
buyer_compatible_environment,same_siren,12,future_12m,all_appel_offre_sources,cpv_division,60,729,0.6982167352537723,18.108367626886146,0.0,4.0,74.20000000000005,134.0,220.9600000000005,294,7.0,81.29999999999998,,,0.0,,,,,,,60,,
buyer_compatible_environment,same_siren,12,future_12m,all_appel_offre_sources,cpv_division,63,181,0.6961325966850829,20.07734806629834,0.0,4.0,63.0,148.0,217.99999999999915,292,7.0,64.4,,,0.0,,,,,,,63,,
buyer_compatible_environment,same_siren,12,future_12m,all_appel_offre_sources,cpv_division,64,389,0.6966580976863753,17.568123393316196,0.0,5.0,73.0,115.59999999999997,213.04000000000008,261,7.0,93.09999999999998,,,0.0,,,,,,,64,,
buyer_compatible_environment,same_siren,12,future_12m,all_appel_offre_sources,cpv_division,65,169,0.7633136094674556,9.887573964497042,0.0,0.0,8.0,45.19999999999999,200.27999999999997,236,28.0,174.60000000000008,,,0.0,,,,,,,65,,
buyer_compatible_environment,same_siren,12,future_12m,all_appel_offre_sources,cpv_division,66,1706,0.6910902696365768,7.1957796014068,0.0,1.0,13.0,39.75,151.85000000000014,238,27.0,159.60000000000014,,,0.0,,,,,,,66,,
buyer_compatible_environment,same_siren,12,future_12m,all_appel_offre_sources,cpv_division,70,130,0.6153846153846154,20.953846153846154,0.0,9.25,89.20000000000002,134.89999999999995,179.42,213,9.0,77.00000000000013,,,0.0,,,,,,,70,,
buyer_compatible_environment,same_siren,12,future_12m,all_appel_offre_sources,cpv_division,71,6260,0.6666134185303514,17.896006389776357,0.0,6.0,64.10000000000036,127.0,227.0,299,8.0,110.0,,,0.0,,,,,,,71,,
buyer_compatible_environment,same_siren,12,future_12m,all_appel_offre_sources,cpv_division,72,1076,0.699814126394052,20.144052044609666,0.0,3.0,85.5,138.75,213.0,294,6.0,111.0,,,0.0,,,,,,,72,,
buyer_compatible_environment,same_siren,12,future_12m,all_appel_offre_sources,cpv_division,73,47,0.8085106382978723,8.46808510638298,0.0,0.0,13.799999999999983,31.39999999999995,154.11999999999995,190,56.0,210.20000000000002,,,0.0,,,,,,,73,,
buyer_compatible_environment,same_siren,12,future_12m,all_appel_offre_sources,cpv_division,75,349,0.66189111747851,15.64756446991404,0.0,5.0,57.19999999999999,93.39999999999986,224.0,248,9.0,99.3,,,0.0,,,,,,,75,,
buyer_compatible_environment,same_siren,12,future_12m,all_appel_offre_sources,cpv_division,76,1,1.0,0.0,0.0,0.0,0.0,0.0,0.0,0,,,,,0.0,,,,,,,76,,
buyer_compatible_environment,same_siren,12,future_12m,all_appel_offre_sources,cpv_division,77,741,0.6275303643724697,13.65991902834008,0.0,6.0,37.0,101.0,187.00000000000023,263,14.0,98.0,,,0.0,,,,,,,77,,
buyer_compatible_environment,same_siren,12,future_12m,all_appel_offre_sources,cpv_division,79,2894,0.6903939184519696,20.294056668970285,0.0,5.75,83.0,143.3499999999999,231.28000000000065,291,7.0,77.0,,,0.0,,,,,,,79,,
buyer_compatible_environment,same_siren,12,future_12m,all_appel_offre_sources,cpv_division,80,581,0.7641996557659209,14.919104991394148,0.0,0.0,51.0,132.0,208.60000000000036,248,7.0,90.80000000000001,,,0.0,,,,,,,80,,
buyer_compatible_environment,same_siren,12,future_12m,all_appel_offre_sources,cpv_division,85,416,0.6971153846153846,15.783653846153847,0.0,6.0,57.0,102.0,197.20000000000027,252,6.0,90.5,,,0.0,,,,,,,85,,
buyer_compatible_environment,same_siren,12,future_12m,all_appel_offre_sources,cpv_division,90,2769,0.6605272661610689,12.613217768147345,0.0,4.0,28.0,88.19999999999982,214.32000000000016,294,15.0,112.0,,,0.0,,,,,,,90,,
buyer_compatible_environment,same_siren,12,future_12m,all_appel_offre_sources,cpv_division,92,628,0.714968152866242,15.590764331210192,0.0,3.25,55.30000000000007,95.64999999999998,227.76000000000022,294,9.0,86.40000000000003,,,0.0,,,,,,,92,,
buyer_compatible_environment,same_siren,12,future_12m,all_appel_offre_sources,cpv_division,98,301,0.6445182724252492,14.631229235880399,0.0,6.0,43.0,96.0,192.0,246,8.0,103.4,,,0.0,,,,,,,98,,
buyer_compatible_environment,same_siren,12,future_12m,all_appel_offre_sources,cpv_division,nan,12460,0.9867576243980738,0.18812199036918137,0.0,0.0,0.0,0.0,3.0,134,19.0,123.39999999999995,,,0.0,,,,,,,,,
buyer_compatible_environment,same_siren,24,future_24m,all_appel_offre_sources,cpv_division,03,180,0.6944444444444444,24.761111111111113,0.0,7.25,81.39999999999992,194.1999999999996,262.26000000000005,343,11.0,128.4,,,0.0,,,,,,,03,,
buyer_compatible_environment,same_siren,24,future_24m,all_appel_offre_sources,cpv_division,09,598,0.6605351170568562,18.660535117056856,0.0,4.0,36.600000000000136,108.49999999999977,348.3299999999997,460,21.0,128.60000000000014,,,0.0,,,,,,,09,,
buyer_compatible_environment,same_siren,24,future_24m,all_appel_offre_sources,cpv_division,14,69,0.5072463768115942,53.2463768115942,0.0,105.0,187.0,223.0,254.2399999999996,293,6.5,50.4,,,0.0,,,,,,,14,,
buyer_compatible_environment,same_siren,24,future_24m,all_appel_offre_sources,cpv_division,15,739,0.7334235453315291,10.99594046008119,0.0,1.0,18.0,76.10000000000002,196.62,384,27.0,162.80000000000004,,,0.0,,,,,,,15,,
buyer_compatible_environment,same_siren,24,future_24m,all_appel_offre_sources,cpv_division,16,132,0.6742424242424242,24.643939393939394,0.0,16.25,84.70000000000002,154.14999999999992,242.14,374,10.0,106.00000000000004,,,0.0,,,,,,,16,,
buyer_compatible_environment,same_siren,24,future_24m,all_appel_offre_sources,cpv_division,18,313,0.597444089456869,32.584664536741215,0.0,17.0,142.60000000000025,199.79999999999995,388.7599999999999,454,9.0,72.0,,,0.0,,,,,,,18,,
buyer_compatible_environment,same_siren,24,future_24m,all_appel_offre_sources,cpv_division,19,76,0.6710526315789473,26.5,0.0,9.0,133.0,169.0,205.75,217,9.0,80.80000000000004,,,0.0,,,,,,,19,,
buyer_compatible_environment,same_siren,24,future_24m,all_appel_offre_sources,cpv_division,22,222,0.7657657657657657,24.13063063063063,0.0,0.0,89.60000000000002,156.04999999999978,337.65999999999957,429,9.0,36.8,,,0.0,,,,,,,22,,
buyer_compatible_environment,same_siren,24,future_24m,all_appel_offre_sources,cpv_division,24,231,0.6796536796536796,37.515151515151516,0.0,13.0,157.0,245.0,394.09999999999997,449,5.0,27.10000000000001,,,0.0,,,,,,,24,,
buyer_compatible_environment,same_siren,24,future_24m,all_appel_offre_sources,cpv_division,30,841,0.703923900118906,22.101070154577883,0.0,5.0,64.0,167.0,331.80000000000007,424,11.0,86.2000000000001,,,0.0,,,,,,,30,,
buyer_compatible_environment,same_siren,24,future_24m,all_appel_offre_sources,cpv_division,31,412,0.7135922330097088,22.725728155339805,0.0,3.0,50.0,176.45,356.78,452,8.0,82.39999999999998,,,0.0,,,,,,,31,,
buyer_compatible_environment,same_siren,24,future_24m,all_appel_offre_sources,cpv_division,32,437,0.7116704805491991,19.336384439359268,0.0,3.0,51.0,117.39999999999992,318.0799999999997,462,12.0,99.5,,,0.0,,,,,,,32,,
buyer_compatible_environment,same_siren,24,future_24m,all_appel_offre_sources,cpv_division,33,947,0.781414994720169,20.06335797254488,0.0,0.0,73.0,144.69999999999993,321.6799999999985,465,5.0,43.60000000000002,,,0.0,,,,,,,33,,
buyer_compatible_environment,same_siren,24,future_24m,all_appel_offre_sources,cpv_division,34,1432,0.6675977653631285,30.33659217877095,0.0,11.0,123.90000000000009,223.45000000000005,338.69000000000005,459,9.0,89.5,,,0.0,,,,,,,34,,
buyer_compatible_environment,same_siren,24,future_24m,all_appel_offre_sources,cpv_division,35,187,0.732620320855615,16.71657754010695,0.0,2.0,53.20000000000002,135.5999999999999,234.55999999999995,326,8.5,96.1,,,0.0,,,,,,,35,,
buyer_compatible_environment,same_siren,24,future_24m,all_appel_offre_sources,cpv_division,37,197,0.700507614213198,14.48223350253807,0.0,6.0,48.400000000000006,67.79999999999995,144.79999999999984,464,16.0,152.60000000000008,,,0.0,,,,,,,37,,
buyer_compatible_environment,same_siren,24,future_24m,all_appel_offre_sources,cpv_division,38,493,0.6673427991886409,21.375253549695742,0.0,11.0,62.60000000000002,148.19999999999993,281.9599999999998,434,12.0,80.0,,,0.0,,,,,,,38,,
buyer_compatible_environment,same_siren,24,future_24m,all_appel_offre_sources,cpv_division,39,1266,0.6824644549763034,27.88862559241706,0.0,10.0,109.5,181.0,328.0,460,7.0,98.80000000000007,,,0.0,,,,,,,39,,
buyer_compatible_environment,same_siren,24,future_24m,all_appel_offre_sources,cpv_division,41,20,0.85,4.8,0.0,0.0,8.100000000000016,20.650000000000038,60.929999999999936,71,8.0,216.8,,,0.0,,,,,,,41,,
buyer_compatible_environment,same_siren,24,future_24m,all_appel_offre_sources,cpv_division,42,512,0.755859375,20.763671875,0.0,0.0,53.7000000000001,164.69999999999993,371.1599999999994,461,12.0,83.40000000000008,,,0.0,,,,,,,42,,
buyer_compatible_environment,same_siren,24,future_24m,all_appel_offre_sources,cpv_division,43,115,0.6695652173913044,33.017391304347825,0.0,12.0,164.80000000000007,190.3,270.52,288,7.0,52.400000000000034,,,0.0,,,,,,,43,,
buyer_compatible_environment,same_siren,24,future_24m,all_appel_offre_sources,cpv_division,44,1050,0.7142857142857143,29.617142857142856,0.0,5.0,114.10000000000002,210.64999999999986,397.5899999999999,461,7.0,80.10000000000002,,,0.0,,,,,,,44,,
buyer_compatible_environment,same_siren,24,future_24m,all_appel_offre_sources,cpv_division,45,12527,0.7722519358186317,15.649077991538277,0.0,0.0,36.0,108.69999999999891,282.0,465,11.0,90.0,,,0.0,,,,,,,45,,
buyer_compatible_environment,same_siren,24,future_24m,all_appel_offre_sources,cpv_division,48,514,0.7529182879377432,28.132295719844358,0.0,0.0,104.69999999999999,224.0,372.9200000000001,459,7.0,53.80000000000001,,,0.0,,,,,,,48,,
buyer_compatible_environment,same_siren,24,future_24m,all_appel_offre_sources,cpv_division,50,2108,0.6650853889943074,27.498576850094878,0.0,9.0,96.0,189.0,371.0,465,9.0,88.0,,,0.0,,,,,,,50,,
buyer_compatible_environment,same_siren,24,future_24m,all_appel_offre_sources,cpv_division,51,75,0.6133333333333333,39.84,0.0,24.0,159.80000000000015,248.3999999999999,365.8800000000002,394,6.0,36.599999999999994,,,0.0,,,,,,,51,,
buyer_compatible_environment,same_siren,24,future_24m,all_appel_offre_sources,cpv_division,55,772,0.7266839378238342,12.183937823834198,0.0,1.0,17.899999999999977,73.0,267.4399999999987,439,32.0,270.0,,,0.0,,,,,,,55,,
buyer_compatible_environment,same_siren,24,future_24m,all_appel_offre_sources,cpv_division,60,729,0.6941015089163237,30.593964334705074,0.0,6.0,121.20000000000005,228.60000000000002,380.44000000000074,456,7.0,88.40000000000003,,,0.0,,,,,,,60,,
buyer_compatible_environment,same_siren,24,future_24m,all_appel_offre_sources,cpv_division,63,181,0.6961325966850829,30.535911602209946,0.0,5.0,119.0,215.0,372.3999999999991,453,7.0,64.4,,,0.0,,,,,,,63,,
buyer_compatible_environment,same_siren,24,future_24m,all_appel_offre_sources,cpv_division,64,389,0.6838046272493573,30.97686375321337,0.0,6.0,143.79999999999995,198.99999999999966,362.6,408,8.0,129.6,,,0.0,,,,,,,64,,
buyer_compatible_environment,same_siren,24,future_24m,all_appel_offre_sources,cpv_division,65,169,0.757396449704142,12.982248520710058,0.0,0.0,14.200000000000017,73.59999999999988,235.7999999999994,350,29.0,216.0,,,0.0,,,,,,,65,,
buyer_compatible_environment,same_siren,24,future_24m,all_appel_offre_sources,cpv_division,66,1706,0.675263774912075,11.605509964830011,0.0,2.0,20.0,61.75,244.60000000000036,391,30.0,196.0,,,0.0,,,,,,,66,,
buyer_compatible_environment,same_siren,24,future_24m,all_appel_offre_sources,cpv_division,70,130,0.6153846153846154,34.00769230769231,0.0,10.0,157.30000000000018,203.1,285.26,393,9.0,77.00000000000013,,,0.0,,,,,,,70,,
buyer_compatible_environment,same_siren,24,future_24m,all_appel_offre_sources,cpv_division,71,6260,0.6616613418530352,29.39552715654952,0.0,9.0,104.0,214.0,384.40999999999985,465,8.0,121.0,,,0.0,,,,,,,71,,
buyer_compatible_environment,same_siren,24,future_24m,all_appel_offre_sources,cpv_division,72,1076,0.6960966542750929,33.21933085501859,0.0,5.25,147.5,238.5,350.5,456,6.0,115.80000000000007,,,0.0,,,,,,,72,,
buyer_compatible_environment,same_siren,24,future_24m,all_appel_offre_sources,cpv_division,73,47,0.8085106382978723,16.97872340425532,0.0,0.0,25.399999999999956,59.79999999999994,307.85999999999996,335,56.0,210.20000000000002,,,0.0,,,,,,,73,,
buyer_compatible_environment,same_siren,24,future_24m,all_appel_offre_sources,cpv_division,75,349,0.6561604584527221,25.39541547277937,0.0,10.0,84.79999999999995,147.99999999999966,310.0,393,9.5,104.0,,,0.0,,,,,,,75,,
buyer_compatible_environment,same_siren,24,future_24m,all_appel_offre_sources,cpv_division,76,1,1.0,0.0,0.0,0.0,0.0,0.0,0.0,0,,,,,0.0,,,,,,,76,,
buyer_compatible_environment,same_siren,24,future_24m,all_appel_offre_sources,cpv_division,77,741,0.6221322537112011,22.951417004048583,0.0,8.0,53.0,154.0,370.6,467,14.5,104.29999999999998,,,0.0,,,,,,,77,,
buyer_compatible_environment,same_siren,24,future_24m,all_appel_offre_sources,cpv_division,79,2894,0.6879751209398756,33.90843123704216,0.0,9.0,139.0,235.0,389.3500000000008,456,7.0,83.00000000000034,,,0.0,,,,,,,79,,
buyer_compatible_environment,same_siren,24,future_24m,all_appel_offre_sources,cpv_division,80,581,0.7607573149741824,23.779690189328743,0.0,0.0,81.0,193.0,310.60000000000036,412,7.0,92.4,,,0.0,,,,,,,80,,
buyer_compatible_environment,same_siren,24,future_24m,all_appel_offre_sources,cpv_division,85,416,0.6899038461538461,26.473557692307693,0.0,7.5,93.0,167.25,352.40000000000055,404,6.0,108.00000000000003,,,0.0,,,,,,,85,,
buyer_compatible_environment,same_siren,24,future_24m,all_appel_offre_sources,cpv_division,90,2769,0.6561935716865295,21.083423618634885,0.0,5.0,47.20000000000027,144.5999999999999,388.32000000000016,459,15.0,117.89999999999998,,,0.0,,,,,,,90,,
buyer_compatible_environment,same_siren,24,future_24m,all_appel_offre_sources,cpv_division,92,628,0.7117834394904459,25.59235668789809,0.0,5.25,76.0,191.54999999999984,350.0,454,9.0,89.0,,,0.0,,,,,,,92,,
buyer_compatible_environment,same_siren,24,future_24m,all_appel_offre_sources,cpv_division,98,301,0.6411960132890365,23.102990033222593,0.0,9.0,68.0,146.0,306.0,409,8.5,109.69999999999995,,,0.0,,,,,,,98,,
buyer_compatible_environment,same_siren,24,future_24m,all_appel_offre_sources,cpv_division,nan,12460,0.9862760834670947,0.3615569823434992,0.0,0.0,0.0,0.0,5.0,343,19.0,152.0,,,0.0,,,,,,,,,
buyer_compatible_environment,same_siren,36,future_36m,all_appel_offre_sources,cpv_division,03,180,0.6944444444444444,33.78888888888889,0.0,8.0,112.99999999999994,267.9499999999997,388.47,513,11.0,128.4,,,0.0,,,,,,,03,,
buyer_compatible_environment,same_siren,36,future_36m,all_appel_offre_sources,cpv_division,09,598,0.6605351170568562,23.55685618729097,0.0,6.0,46.30000000000007,145.44999999999993,389.1199999999999,506,21.0,128.60000000000014,,,0.0,,,,,,,09,,
buyer_compatible_environment,same_siren,36,future_36m,all_appel_offre_sources,cpv_division,14,69,0.5072463768115942,76.1159420289855,0.0,150.0,292.2,365.19999999999993,387.0,387,6.5,50.4,,,0.0,,,,,,,14,,
buyer_compatible_environment,same_siren,36,future_36m,all_appel_offre_sources,cpv_division,15,739,0.7266576454668471,13.163734776725304,0.0,1.0,24.0,89.20000000000005,267.0,402,28.5,173.0,,,0.0,,,,,,,15,,
buyer_compatible_environment,same_siren,36,future_36m,all_appel_offre_sources,cpv_division,16,132,0.6742424242424242,32.72727272727273,0.0,22.25,122.3000000000001,179.0,415.7899999999998,455,10.0,106.00000000000004,,,0.0,,,,,,,16,,
buyer_compatible_environment,same_siren,36,future_36m,all_appel_offre_sources,cpv_division,18,313,0.597444089456869,41.35782747603834,0.0,19.0,171.8,293.0,445.9599999999997,549,9.0,72.0,,,0.0,,,,,,,18,,
buyer_compatible_environment,same_siren,36,future_36m,all_appel_offre_sources,cpv_division,19,76,0.6710526315789473,37.25,0.0,9.0,187.0,211.25,349.75,412,9.0,80.80000000000004,,,0.0,,,,,,,19,,
buyer_compatible_environment,same_siren,36,future_36m,all_appel_offre_sources,cpv_division,22,222,0.7657657657657657,31.13963963963964,0.0,0.0,111.70000000000007,221.74999999999994,392.15999999999997,465,9.0,36.8,,,0.0,,,,,,,22,,
buyer_compatible_environment,same_siren,36,future_36m,all_appel_offre_sources,cpv_division,24,231,0.6796536796536796,47.476190476190474,0.0,13.0,227.0,306.0,493.49999999999994,604,5.0,27.10000000000001,,,0.0,,,,,,,24,,
buyer_compatible_environment,same_siren,36,future_36m,all_appel_offre_sources,cpv_division,30,841,0.7027348394768134,28.621878715814507,0.0,6.0,82.0,232.0,378.2000000000005,575,11.0,91.29999999999998,,,0.0,,,,,,,30,,
buyer_compatible_environment,same_siren,36,future_36m,all_appel_offre_sources,cpv_division,31,412,0.7087378640776699,28.54368932038835,0.0,4.0,62.50000000000017,257.45,416.01999999999975,490,8.5,91.50000000000004,,,0.0,,,,,,,31,,
buyer_compatible_environment,same_siren,36,future_36m,all_appel_offre_sources,cpv_division,32,437,0.7116704805491991,24.157894736842106,0.0,4.0,72.40000000000003,177.0,357.4799999999999,488,12.0,99.5,,,0.0,,,,,,,32,,
buyer_compatible_environment,same_siren,36,future_36m,all_appel_offre_sources,cpv_division,33,947,0.781414994720169,23.552270327349525,0.0,0.0,88.0,172.1999999999996,366.0199999999995,513,5.0,43.60000000000002,,,0.0,,,,,,,33,,
buyer_compatible_environment,same_siren,36,future_36m,all_appel_offre_sources,cpv_division,34,1432,0.6668994413407822,39.97486033519553,0.0,13.0,174.0,296.45000000000005,421.4500000000003,602,9.0,90.40000000000003,,,0.0,,,,,,,34,,
buyer_compatible_environment,same_siren,36,future_36m,all_appel_offre_sources,cpv_division,35,187,0.732620320855615,21.235294117647058,0.0,2.0,59.60000000000002,150.99999999999966,337.37999999999977,380,8.5,96.1,,,0.0,,,,,,,35,,
buyer_compatible_environment,same_siren,36,future_36m,all_appel_offre_sources,cpv_division,37,197,0.700507614213198,19.17766497461929,0.0,6.0,60.400000000000006,99.59999999999968,207.23999999999975,511,16.0,152.60000000000008,,,0.0,,,,,,,37,,
buyer_compatible_environment,same_siren,36,future_36m,all_appel_offre_sources,cpv_division,38,493,0.665314401622718,27.892494929006084,0.0,13.0,75.80000000000001,180.9999999999999,405.6399999999995,546,12.0,80.6,,,0.0,,,,,,,38,,
buyer_compatible_environment,same_siren,36,future_36m,all_appel_offre_sources,cpv_division,39,1266,0.6808846761453397,36.503159557661924,0.0,11.0,136.0,257.75,388.6999999999998,591,7.0,100.39999999999998,,,0.0,,,,,,,39,,
buyer_compatible_environment,same_siren,36,future_36m,all_appel_offre_sources,cpv_division,41,20,0.85,7.4,0.0,0.0,10.100000000000016,24.95000000000007,100.18999999999987,119,8.0,216.8,,,0.0,,,,,,,41,,
buyer_compatible_environment,same_siren,36,future_36m,all_appel_offre_sources,cpv_division,42,512,0.75390625,27.37109375,0.0,0.0,67.80000000000007,215.45,442.6999999999996,534,12.0,89.0,,,0.0,,,,,,,42,,
buyer_compatible_environment,same_siren,36,future_36m,all_appel_offre_sources,cpv_division,43,115,0.6695652173913044,50.10434782608696,0.0,18.5,259.6,291.5999999999999,463.2,518,7.0,52.400000000000034,,,0.0,,,,,,,43,,
buyer_compatible_environment,same_siren,36,future_36m,all_appel_offre_sources,cpv_division,44,1050,0.7142857142857143,36.71809523809524,0.0,6.0,146.10000000000002,249.0,457.05999999999995,570,7.0,80.10000000000002,,,0.0,,,,,,,44,,
buyer_compatible_environment,same_siren,36,future_36m,all_appel_offre_sources,cpv_division,45,12527,0.7710545222319789,20.350123732737288,0.0,0.0,46.0,146.0,381.0,607,11.0,96.0,,,0.0,,,,,,,45,,
buyer_compatible_environment,same_siren,36,future_36m,all_appel_offre_sources,cpv_division,48,514,0.7529182879377432,36.75875486381323,0.0,0.0,135.09999999999997,328.1999999999996,449.57000000000005,554,7.0,53.80000000000001,,,0.0,,,,,,,48,,
buyer_compatible_environment,same_siren,36,future_36m,all_appel_offre_sources,cpv_division,50,2108,0.6636622390891841,34.93263757115749,0.0,10.0,110.29999999999995,270.9499999999996,438.579999999999,602,9.0,91.20000000000005,,,0.0,,,,,,,50,,
buyer_compatible_environment,same_siren,36,future_36m,all_appel_offre_sources,cpv_division,51,75,0.6133333333333333,50.053333333333335,0.0,24.5,187.60000000000005,336.2999999999999,455.34000000000003,462,6.0,36.599999999999994,,,0.0,,,,,,,51,,
buyer_compatible_environment,same_siren,36,future_36m,all_appel_offre_sources,cpv_division,55,772,0.7215025906735751,14.63860103626943,0.0,1.0,20.0,96.94999999999925,333.6399999999994,476,35.0,283.9999999999999,,,0.0,,,,,,,55,,
buyer_compatible_environment,same_siren,36,future_36m,all_appel_offre_sources,cpv_division,60,729,0.6927297668038409,38.25377229080933,0.0,6.0,164.80000000000018,303.0000000000001,428.2000000000003,503,7.0,93.2000000000001,,,0.0,,,,,,,60,,
buyer_compatible_environment,same_siren,36,future_36m,all_appel_offre_sources,cpv_division,63,181,0.6961325966850829,36.95580110497237,0.0,9.0,128.0,227.0,455.5999999999998,496,7.0,64.4,,,0.0,,,,,,,63,,
buyer_compatible_environment,same_siren,36,future_36m,all_appel_offre_sources,cpv_division,64,389,0.6838046272493573,41.426735218508995,0.0,9.0,171.5999999999998,306.1999999999994,408.96000000000004,594,8.0,129.6,,,0.0,,,,,,,64,,
buyer_compatible_environment,same_siren,36,future_36m,all_appel_offre_sources,cpv_division,65,169,0.757396449704142,13.479289940828401,0.0,0.0,17.200000000000017,73.59999999999988,235.7999999999994,350,29.0,216.0,,,0.0,,,,,,,65,,
buyer_compatible_environment,same_siren,36,future_36m,all_appel_offre_sources,cpv_division,66,1706,0.671746776084408,14.382180539273154,0.0,2.0,22.5,75.0,332.8000000000002,605,31.5,205.30000000000007,,,0.0,,,,,,,66,,
buyer_compatible_environment,same_siren,36,future_36m,all_appel_offre_sources,cpv_division,70,130,0.6153846153846154,44.5,0.0,12.25,192.70000000000005,303.5499999999999,427.26,458,9.0,77.00000000000013,,,0.0,,,,,,,70,,
buyer_compatible_environment,same_siren,36,future_36m,all_appel_offre_sources,cpv_division,71,6260,0.6597444089456869,36.56533546325878,0.0,11.0,129.0,294.0499999999993,454.4599999999991,606,8.0,125.10000000000014,,,0.0,,,,,,,71,,
buyer_compatible_environment,same_siren,36,future_36m,all_appel_offre_sources,cpv_division,72,1076,0.6951672862453532,42.38475836431227,0.0,6.0,189.0,325.25,412.5,541,6.0,117.30000000000001,,,0.0,,,,,,,72,,
buyer_compatible_environment,same_siren,36,future_36m,all_appel_offre_sources,cpv_division,73,47,0.8085106382978723,20.04255319148936,0.0,0.0,47.999999999999936,89.19999999999997,322.43999999999994,362,56.0,210.20000000000002,,,0.0,,,,,,,73,,
buyer_compatible_environment,same_siren,36,future_36m,all_appel_offre_sources,cpv_division,75,349,0.6561604584527221,32.00286532951289,0.0,15.0,120.0,212.7999999999999,339.1199999999999,490,9.5,104.0,,,0.0,,,,,,,75,,
buyer_compatible_environment,same_siren,36,future_36m,all_appel_offre_sources,cpv_division,76,1,1.0,0.0,0.0,0.0,0.0,0.0,0.0,0,,,,,0.0,,,,,,,76,,
buyer_compatible_environment,same_siren,36,future_36m,all_appel_offre_sources,cpv_division,77,741,0.6194331983805668,28.423751686909583,0.0,11.0,74.0,206.0,412.20000000000005,482,15.0,107.9,,,0.0,,,,,,,77,,
buyer_compatible_environment,same_siren,36,future_36m,all_appel_offre_sources,cpv_division,79,2894,0.6859018659295093,43.26779543883898,0.0,10.75,192.0,316.0,443.0,604,7.0,90.20000000000005,,,0.0,,,,,,,79,,
buyer_compatible_environment,same_siren,36,future_36m,all_appel_offre_sources,cpv_division,80,581,0.7590361445783133,30.08261617900172,0.0,0.0,88.0,287.0,368.4000000000001,584,7.5,94.20000000000002,,,0.0,,,,,,,80,,
buyer_compatible_environment,same_siren,36,future_36m,all_appel_offre_sources,cpv_division,85,416,0.6899038461538461,31.91346153846154,0.0,9.25,140.0,218.25,387.70000000000005,417,6.0,108.00000000000003,,,0.0,,,,,,,85,,
buyer_compatible_environment,same_siren,36,future_36m,all_appel_offre_sources,cpv_division,90,2769,0.6540267244492597,26.211628746840013,0.0,6.0,56.400000000000546,202.79999999999973,445.9600000000005,603,15.0,123.0,,,0.0,,,,,,,90,,
buyer_compatible_environment,same_siren,36,future_36m,all_appel_offre_sources,cpv_division,92,628,0.7117834394904459,31.78980891719745,0.0,5.25,94.50000000000034,233.2499999999999,386.73,494,9.0,89.0,,,0.0,,,,,,,92,,
buyer_compatible_environment,same_siren,36,future_36m,all_appel_offre_sources,cpv_division,98,301,0.6411960132890365,28.637873754152825,0.0,12.0,83.0,174.0,409.0,604,8.5,109.69999999999995,,,0.0,,,,,,,98,,
buyer_compatible_environment,same_siren,36,future_36m,all_appel_offre_sources,cpv_division,nan,12460,0.986115569823435,0.5333868378812199,0.0,0.0,0.0,0.0,5.0,512,19.0,156.20000000000005,,,0.0,,,,,,,,,
buyer_compatible_environment,same_siren,60,future_60m,all_appel_offre_sources,cpv_division,03,180,0.6944444444444444,42.6,0.0,8.25,126.19999999999993,318.2999999999992,531.0500000000001,608,11.0,128.4,,,0.0,,,,,,,03,,
buyer_compatible_environment,same_siren,60,future_60m,all_appel_offre_sources,cpv_division,09,598,0.6605351170568562,31.857859531772576,0.0,7.0,60.80000000000041,254.5999999999999,544.03,686,21.0,128.60000000000014,,,0.0,,,,,,,09,,
buyer_compatible_environment,same_siren,60,future_60m,all_appel_offre_sources,cpv_division,14,69,0.5072463768115942,119.28985507246377,0.0,150.0,505.2000000000001,536.4,818.52,826,6.5,50.4,,,0.0,,,,,,,14,,
buyer_compatible_environment,same_siren,60,future_60m,all_appel_offre_sources,cpv_division,15,739,0.7198917456021651,16.197564276048716,0.0,1.0,28.0,104.0,342.20000000000005,544,30.0,251.4000000000008,,,0.0,,,,,,,15,,
buyer_compatible_environment,same_siren,60,future_60m,all_appel_offre_sources,cpv_division,16,132,0.6742424242424242,44.333333333333336,0.0,26.75,122.3000000000001,243.0499999999999,590.2199999999997,702,10.0,106.00000000000004,,,0.0,,,,,,,16,,
buyer_compatible_environment,same_siren,60,future_60m,all_appel_offre_sources,cpv_division,18,313,0.597444089456869,52.945686900958464,0.0,21.0,176.80000000000007,443.7999999999996,562.1999999999999,787,9.0,72.0,,,0.0,,,,,,,18,,
buyer_compatible_environment,same_siren,60,future_60m,all_appel_offre_sources,cpv_division,19,76,0.6710526315789473,52.43421052631579,0.0,9.5,193.5,353.75,575.0,749,9.0,80.80000000000004,,,0.0,,,,,,,19,,
buyer_compatible_environment,same_siren,60,future_60m,all_appel_offre_sources,cpv_division,22,222,0.7612612612612613,39.6036036036036,0.0,0.0,112.50000000000003,322.6499999999999,465.0,563,9.0,65.00000000000014,,,0.0,,,,,,,22,,
buyer_compatible_environment,same_siren,60,future_60m,all_appel_offre_sources,cpv_division,24,231,0.6796536796536796,57.58008658008658,0.0,14.0,255.0,404.0,614.1999999999999,789,5.0,27.10000000000001,,,0.0,,,,,,,24,,
buyer_compatible_environment,same_siren,60,future_60m,all_appel_offre_sources,cpv_division,30,841,0.7027348394768134,37.08680142687277,0.0,7.0,87.0,294.0,571.2000000000005,732,11.0,91.29999999999998,,,0.0,,,,,,,30,,
buyer_compatible_environment,same_siren,60,future_60m,all_appel_offre_sources,cpv_division,31,412,0.7087378640776699,37.99514563106796,0.0,4.25,73.90000000000003,325.1999999999998,546.4599999999998,772,8.5,91.50000000000004,,,0.0,,,,,,,31,,
buyer_compatible_environment,same_siren,60,future_60m,all_appel_offre_sources,cpv_division,32,437,0.7093821510297483,30.51029748283753,0.0,4.0,91.40000000000003,236.19999999999993,487.28,598,12.0,111.60000000000002,,,0.0,,,,,,,32,,
buyer_compatible_environment,same_siren,60,future_60m,all_appel_offre_sources,cpv_division,33,947,0.781414994720169,27.085533262935588,0.0,0.0,93.0,194.39999999999986,450.53999999999996,637,5.0,43.60000000000002,,,0.0,,,,,,,33,,
buyer_compatible_environment,same_siren,60,future_60m,all_appel_offre_sources,cpv_division,34,1432,0.6662011173184358,56.85614525139665,0.0,14.0,230.0,451.9000000000001,714.0700000000002,831,9.0,91.30000000000001,,,0.0,,,,,,,34,,
buyer_compatible_environment,same_siren,60,future_60m,all_appel_offre_sources,cpv_division,35,187,0.7272727272727273,30.203208556149733,0.0,2.0,62.0,179.59999999999968,547.8999999999995,629,9.0,97.0,,,0.0,,,,,,,35,,
buyer_compatible_environment,same_siren,60,future_60m,all_appel_offre_sources,cpv_division,37,197,0.700507614213198,24.218274111675125,0.0,6.0,68.20000000000002,153.19999999999987,287.5199999999997,511,16.0,152.60000000000008,,,0.0,,,,,,,37,,
buyer_compatible_environment,same_siren,60,future_60m,all_appel_offre_sources,cpv_division,38,493,0.665314401622718,36.72008113590264,0.0,14.0,93.80000000000001,252.19999999999993,553.7599999999993,817,12.0,80.6,,,0.0,,,,,,,38,,
buyer_compatible_environment,same_siren,60,future_60m,all_appel_offre_sources,cpv_division,39,1266,0.6808846761453397,48.75513428120063,0.0,12.0,168.5,348.0,561.3499999999999,828,7.0,100.39999999999998,,,0.0,,,,,,,39,,
buyer_compatible_environment,same_siren,60,future_60m,all_appel_offre_sources,cpv_division,41,20,0.85,10.5,0.0,0.0,10.900000000000027,35.2500000000001,145.44999999999982,173,8.0,216.8,,,0.0,,,,,,,41,,
buyer_compatible_environment,same_siren,60,future_60m,all_appel_offre_sources,cpv_division,42,512,0.75390625,37.673828125,0.0,0.0,71.7000000000001,249.94999999999965,643.3399999999999,830,12.0,89.0,,,0.0,,,,,,,42,,
buyer_compatible_environment,same_siren,60,future_60m,all_appel_offre_sources,cpv_division,43,115,0.6695652173913044,74.23478260869565,0.0,21.5,424.8000000000015,509.7,672.42,708,7.0,52.400000000000034,,,0.0,,,,,,,43,,
buyer_compatible_environment,same_siren,60,future_60m,all_appel_offre_sources,cpv_division,44,1050,0.7142857142857143,47.132380952380956,0.0,6.75,168.70000000000016,348.0999999999999,602.5699999999999,802,7.0,80.10000000000002,,,0.0,,,,,,,44,,
buyer_compatible_environment,same_siren,60,future_60m,all_appel_offre_sources,cpv_division,45,12527,0.7704957292248743,24.89478725951944,0.0,0.0,51.0,169.6999999999989,508.7399999999998,826,11.0,97.0,,,0.0,,,,,,,45,,
buyer_compatible_environment,same_siren,60,future_60m,all_appel_offre_sources,cpv_division,48,514,0.7490272373540856,48.85214007782101,0.0,0.75,157.09999999999997,386.59999999999945,620.48,811,7.0,60.60000000000001,,,0.0,,,,,,,48,,
buyer_compatible_environment,same_siren,60,future_60m,all_appel_offre_sources,cpv_division,50,2108,0.6622390891840607,45.036053130929794,0.0,11.0,123.59999999999991,363.59999999999945,610.0,824,9.0,93.0,,,0.0,,,,,,,50,,
buyer_compatible_environment,same_siren,60,future_60m,all_appel_offre_sources,cpv_division,51,75,0.6133333333333333,62.86666666666667,0.0,24.5,282.2000000000001,393.4999999999998,509.98000000000036,564,6.0,36.599999999999994,,,0.0,,,,,,,51,,
buyer_compatible_environment,same_siren,60,future_60m,all_appel_offre_sources,cpv_division,55,772,0.7085492227979274,18.30440414507772,0.0,2.0,20.899999999999977,140.59999999999945,362.7699999999995,783,39.0,378.1999999999998,,,0.0,,,,,,,55,,
buyer_compatible_environment,same_siren,60,future_60m,all_appel_offre_sources,cpv_division,60,729,0.691358024691358,48.174211248285324,0.0,6.0,222.00000000000023,362.60000000000025,570.9200000000003,828,7.0,96.19999999999999,,,0.0,,,,,,,60,,
buyer_compatible_environment,same_siren,60,future_60m,all_appel_offre_sources,cpv_division,63,181,0.6906077348066298,43.392265193370164,0.0,9.0,152.0,312.0,473.5999999999998,496,7.5,72.0,,,0.0,,,,,,,63,,
buyer_compatible_environment,same_siren,60,future_60m,all_appel_offre_sources,cpv_division,64,389,0.6786632390745502,58.976863753213365,0.0,11.0,257.99999999999983,464.3999999999978,607.44,792,8.0,135.60000000000002,,,0.0,,,,,,,64,,
buyer_compatible_environment,same_siren,60,future_60m,all_appel_offre_sources,cpv_division,65,169,0.757396449704142,13.840236686390533,0.0,0.0,22.200000000000017,73.59999999999988,235.7999999999994,350,29.0,216.0,,,0.0,,,,,,,65,,
buyer_compatible_environment,same_siren,60,future_60m,all_appel_offre_sources,cpv_division,66,1706,0.6670574443141852,18.470691676436108,0.0,3.0,27.0,92.75,397.7500000000002,828,33.0,224.90000000000003,,,0.0,,,,,,,66,,
buyer_compatible_environment,same_siren,60,future_60m,all_appel_offre_sources,cpv_division,70,130,0.6153846153846154,55.76923076923077,0.0,14.75,215.10000000000002,411.55,602.13,609,9.0,77.00000000000013,,,0.0,,,,,,,70,,
buyer_compatible_environment,same_siren,60,future_60m,all_appel_offre_sources,cpv_division,71,6260,0.6584664536741214,43.75479233226837,0.0,12.0,141.0,331.0499999999993,569.4099999999999,826,9.0,133.0,,,0.0,,,,,,,71,,
buyer_compatible_environment,same_siren,60,future_60m,all_appel_offre_sources,cpv_division,72,1076,0.6951672862453532,52.82063197026022,0.0,7.0,240.0,392.25,586.75,656,6.0,117.30000000000001,,,0.0,,,,,,,72,,
buyer_compatible_environment,same_siren,60,future_60m,all_appel_offre_sources,cpv_division,73,47,0.8085106382978723,25.25531914893617,0.0,0.0,57.599999999999916,197.7,322.43999999999994,362,56.0,210.20000000000002,,,0.0,,,,,,,73,,
buyer_compatible_environment,same_siren,60,future_60m,all_appel_offre_sources,cpv_division,75,349,0.6532951289398281,44.18624641833811,0.0,19.0,178.59999999999997,315.3999999999997,480.59999999999945,662,10.0,104.0,,,0.0,,,,,,,75,,
buyer_compatible_environment,same_siren,60,future_60m,all_appel_offre_sources,cpv_division,76,1,1.0,0.0,0.0,0.0,0.0,0.0,0.0,0,,,,,0.0,,,,,,,76,,
buyer_compatible_environment,same_siren,60,future_60m,all_appel_offre_sources,cpv_division,77,741,0.6167341430499326,36.57624831309042,0.0,13.0,82.0,265.0,536.0,827,15.5,109.70000000000002,,,0.0,,,,,,,77,,
buyer_compatible_environment,same_siren,60,future_60m,all_appel_offre_sources,cpv_division,79,2894,0.6852107809260539,55.213545266067726,0.0,11.75,239.0,423.0499999999997,598.0,779,7.0,91.0,,,0.0,,,,,,,79,,
buyer_compatible_environment,same_siren,60,future_60m,all_appel_offre_sources,cpv_division,80,581,0.7590361445783133,39.42512908777969,0.0,0.0,132.0,339.0,548.6000000000004,610,7.5,94.20000000000002,,,0.0,,,,,,,80,,
buyer_compatible_environment,same_siren,60,future_60m,all_appel_offre_sources,cpv_division,85,416,0.6899038461538461,36.79086538461539,0.0,10.0,143.5,231.75,489.3500000000016,631,6.0,108.00000000000003,,,0.0,,,,,,,85,,
buyer_compatible_environment,same_siren,60,future_60m,all_appel_offre_sources,cpv_division,90,2769,0.6514987360057782,32.382087396171904,0.0,8.0,60.0,244.5999999999999,574.2400000000011,805,15.0,128.20000000000005,,,0.0,,,,,,,90,,
buyer_compatible_environment,same_siren,60,future_60m,all_appel_offre_sources,cpv_division,92,628,0.7117834394904459,38.802547770700635,0.0,6.0,104.6000000000015,271.54999999999984,588.1100000000001,647,9.0,89.0,,,0.0,,,,,,,92,,
buyer_compatible_environment,same_siren,60,future_60m,all_appel_offre_sources,cpv_division,98,301,0.6411960132890365,34.67774086378738,0.0,14.0,107.0,229.0,498.0,773,8.5,109.69999999999995,,,0.0,,,,,,,98,,
buyer_compatible_environment,same_siren,60,future_60m,all_appel_offre_sources,cpv_division,nan,12460,0.9859550561797753,0.6512841091492777,0.0,0.0,0.0,0.0,5.0,598,20.0,182.39999999999978,,,0.0,,,,,,,,,
buyer_compatible_environment,same_siret,6,future_6m,all_appel_offre_sources,cpv_division,03,180,0.7111111111111111,8.455555555555556,0.0,3.0,38.599999999999966,61.0,112.63000000000002,119,8.5,102.5,,,0.0,,,,,,,03,,
buyer_compatible_environment,same_siret,6,future_6m,all_appel_offre_sources,cpv_division,09,598,0.6806020066889632,5.6638795986622075,0.0,2.0,10.0,39.14999999999998,100.11999999999989,151,19.0,91.0,,,0.0,,,,,,,09,,
buyer_compatible_environment,same_siret,6,future_6m,all_appel_offre_sources,cpv_division,14,69,0.5217391304347826,14.91304347826087,0.0,23.0,55.400000000000006,64.79999999999998,75.32,76,7.0,50.6,,,0.0,,,,,,,14,,
buyer_compatible_environment,same_siret,6,future_6m,all_appel_offre_sources,cpv_division,15,739,0.7510148849797023,4.062246278755074,0.0,0.0,11.0,26.0,78.68000000000006,140,22.0,136.50000000000009,,,0.0,,,,,,,15,,
buyer_compatible_environment,same_siret,6,future_6m,all_appel_offre_sources,cpv_division,16,132,0.6893939393939394,8.075757575757576,0.0,4.0,28.80000000000001,47.44999999999999,79.03999999999996,109,8.0,97.0,,,0.0,,,,,,,16,,
buyer_compatible_environment,same_siret,6,future_6m,all_appel_offre_sources,cpv_division,18,313,0.6038338658146964,10.699680511182109,0.0,6.0,43.60000000000002,60.999999999999886,113.91999999999996,193,9.0,69.4,,,0.0,,,,,,,18,,
buyer_compatible_environment,same_siret,6,future_6m,all_appel_offre_sources,cpv_division,19,76,0.6842105263157895,6.776315789473684,0.0,3.25,31.5,44.5,62.25,63,9.5,59.5,,,0.0,,,,,,,19,,
buyer_compatible_environment,same_siret,6,future_6m,all_appel_offre_sources,cpv_division,22,222,0.7657657657657657,6.986486486486487,0.0,0.0,24.80000000000001,42.89999999999998,95.37999999999982,164,9.5,36.8,,,0.0,,,,,,,22,,
buyer_compatible_environment,same_siret,6,future_6m,all_appel_offre_sources,cpv_division,24,231,0.683982683982684,10.848484848484848,0.0,5.0,42.0,70.0,113.0,138,6.0,36.999999999999986,,,0.0,,,,,,,24,,
buyer_compatible_environment,same_siret,6,future_6m,all_appel_offre_sources,cpv_division,30,841,0.713436385255648,6.718192627824019,0.0,2.0,19.0,44.0,113.00000000000011,161,11.0,77.0,,,0.0,,,,,,,30,,
buyer_compatible_environment,same_siret,6,future_6m,all_appel_offre_sources,cpv_division,31,412,0.720873786407767,7.927184466019417,0.0,1.0,22.0,53.0,117.55999999999995,189,8.0,75.80000000000003,,,0.0,,,,,,,31,,
buyer_compatible_environment,same_siret,6,future_6m,all_appel_offre_sources,cpv_division,32,437,0.7322654462242563,6.794050343249428,0.0,1.0,17.400000000000034,41.19999999999999,104.0,187,11.0,61.400000000000006,,,0.0,,,,,,,32,,
buyer_compatible_environment,same_siret,6,future_6m,all_appel_offre_sources,cpv_division,33,947,0.7909186906019008,7.034846884899683,0.0,0.0,23.0,40.0,122.07999999999993,205,6.0,34.30000000000001,,,0.0,,,,,,,33,,
buyer_compatible_environment,same_siret,6,future_6m,all_appel_offre_sources,cpv_division,34,1432,0.6836592178770949,9.141759776536313,0.0,3.0,39.0,58.450000000000045,110.69000000000005,165,8.0,84.0,,,0.0,,,,,,,34,,
buyer_compatible_environment,same_siret,6,future_6m,all_appel_offre_sources,cpv_division,35,187,0.7379679144385026,6.112299465240642,0.0,1.0,17.80000000000001,45.69999999999999,86.39999999999986,110,8.0,80.80000000000005,,,0.0,,,,,,,35,,
buyer_compatible_environment,same_siret,6,future_6m,all_appel_offre_sources,cpv_division,37,197,0.7258883248730964,5.025380710659898,0.0,1.0,16.80000000000001,22.0,42.39999999999992,207,12.5,58.90000000000005,,,0.0,,,,,,,37,,
buyer_compatible_environment,same_siret,6,future_6m,all_appel_offre_sources,cpv_division,38,493,0.6815415821501014,5.703853955375253,0.0,4.0,15.0,26.399999999999977,79.35999999999933,169,13.0,75.80000000000001,,,0.0,,,,,,,38,,
buyer_compatible_environment,same_siret,6,future_6m,all_appel_offre_sources,cpv_division,39,1266,0.693522906793049,8.990521327014218,0.0,4.0,35.0,56.75,105.34999999999991,136,7.0,71.60000000000002,,,0.0,,,,,,,39,,
buyer_compatible_environment,same_siret,6,future_6m,all_appel_offre_sources,cpv_division,41,20,0.9,1.0,0.0,0.0,1.0000000000000142,10.0,10.0,10,7.0,7.8,,,0.0,,,,,,,41,,
buyer_compatible_environment,same_siret,6,future_6m,all_appel_offre_sources,cpv_division,42,512,0.7734375,6.080078125,0.0,0.0,15.900000000000034,37.349999999999966,105.77999999999997,204,11.0,53.0,,,0.0,,,,,,,42,,
buyer_compatible_environment,same_siret,6,future_6m,all_appel_offre_sources,cpv_division,43,115,0.6782608695652174,8.71304347826087,0.0,3.5,44.0,48.3,64.3,98,7.0,47.599999999999994,,,0.0,,,,,,,43,,
buyer_compatible_environment,same_siret,6,future_6m,all_appel_offre_sources,cpv_division,44,1050,0.7238095238095238,9.194285714285714,0.0,2.0,36.0,66.0,115.50999999999999,204,7.0,61.10000000000002,,,0.0,,,,,,,44,,
buyer_compatible_environment,same_siret,6,future_6m,all_appel_offre_sources,cpv_division,45,12527,0.784066416540273,4.782789175381176,0.0,0.0,11.0,35.0,93.0,171,10.0,70.59999999999991,,,0.0,,,,,,,45,,
buyer_compatible_environment,same_siret,6,future_6m,all_appel_offre_sources,cpv_division,48,514,0.7626459143968871,8.182879377431906,0.0,0.0,30.0,60.349999999999966,108.0,158,7.0,49.0,,,0.0,,,,,,,48,,
buyer_compatible_environment,same_siret,6,future_6m,all_appel_offre_sources,cpv_division,50,2108,0.676944971537002,8.70920303605313,0.0,4.0,30.299999999999955,55.649999999999864,111.92999999999984,207,9.0,78.0,,,0.0,,,,,,,50,,
buyer_compatible_environment,same_siret,6,future_6m,all_appel_offre_sources,cpv_division,51,75,0.6133333333333333,11.546666666666667,0.0,9.0,44.80000000000007,67.89999999999999,103.46000000000011,119,6.0,36.599999999999994,,,0.0,,,,,,,51,,
buyer_compatible_environment,same_siret,6,future_6m,all_appel_offre_sources,cpv_division,55,772,0.7668393782383419,4.137305699481865,0.0,0.0,7.0,23.449999999999932,99.86999999999989,175,18.0,119.29999999999998,,,0.0,,,,,,,55,,
buyer_compatible_environment,same_siret,6,future_6m,all_appel_offre_sources,cpv_division,60,729,0.7050754458161865,9.761316872427983,0.0,2.0,36.600000000000136,64.0,123.16000000000008,199,7.0,82.19999999999999,,,0.0,,,,,,,60,,
buyer_compatible_environment,same_siret,6,future_6m,all_appel_offre_sources,cpv_division,63,181,0.7071823204419889,11.259668508287293,0.0,2.0,51.0,80.0,121.79999999999933,195,7.0,57.400000000000034,,,0.0,,,,,,,63,,
buyer_compatible_environment,same_siret,6,future_6m,all_appel_offre_sources,cpv_division,64,389,0.7043701799485861,8.915167095115681,0.0,2.0,39.0,56.599999999999966,109.12,143,7.0,71.60000000000005,,,0.0,,,,,,,64,,
buyer_compatible_environment,same_siret,6,future_6m,all_appel_offre_sources,cpv_division,65,169,0.7928994082840237,5.355029585798817,0.0,0.0,5.0,21.0,108.23999999999995,114,20.0,134.60000000000005,,,0.0,,,,,,,65,,
buyer_compatible_environment,same_siret,6,future_6m,all_appel_offre_sources,cpv_division,66,1706,0.7145369284876905,3.851699882766706,0.0,1.0,7.0,19.75,78.60000000000036,122,23.0,127.2000000000001,,,0.0,,,,,,,66,,
buyer_compatible_environment,same_siret,6,future_6m,all_appel_offre_sources,cpv_division,70,130,0.6461538461538462,11.830769230769231,0.0,3.75,48.0,90.04999999999997,106.41999999999999,108,7.5,56.0,,,0.0,,,,,,,70,,
buyer_compatible_environment,same_siret,6,future_6m,all_appel_offre_sources,cpv_division,71,6260,0.6861022364217252,9.385303514376997,0.0,3.0,36.0,65.0,111.40999999999985,204,8.0,88.60000000000014,,,0.0,,,,,,,71,,
buyer_compatible_environment,same_siret,6,future_6m,all_appel_offre_sources,cpv_division,72,1076,0.7146840148698885,10.578066914498141,0.0,2.0,43.5,75.25,111.25,199,6.0,88.40000000000003,,,0.0,,,,,,,72,,
buyer_compatible_environment,same_siret,6,future_6m,all_appel_offre_sources,cpv_division,73,47,0.851063829787234,3.9361702127659575,0.0,0.0,3.799999999999997,13.699999999999953,78.29999999999995,99,22.0,96.60000000000001,,,0.0,,,,,,,73,,
buyer_compatible_environment,same_siret,6,future_6m,all_appel_offre_sources,cpv_division,75,349,0.673352435530086,8.375358166189113,0.0,3.0,30.19999999999999,53.99999999999983,113.03999999999996,141,9.0,95.20000000000002,,,0.0,,,,,,,75,,
buyer_compatible_environment,same_siret,6,future_6m,all_appel_offre_sources,cpv_division,76,1,1.0,0.0,0.0,0.0,0.0,0.0,0.0,0,,,,,0.0,,,,,,,76,,
buyer_compatible_environment,same_siret,6,future_6m,all_appel_offre_sources,cpv_division,77,741,0.6464237516869096,7.164642375168691,0.0,3.0,20.0,49.0,106.40000000000009,144,14.0,89.9,,,0.0,,,,,,,77,,
buyer_compatible_environment,same_siret,6,future_6m,all_appel_offre_sources,cpv_division,79,2894,0.7017968210089841,10.558396682791983,0.0,3.0,42.70000000000027,73.34999999999991,115.07000000000016,186,6.0,65.0,,,0.0,,,,,,,79,,
buyer_compatible_environment,same_siret,6,future_6m,all_appel_offre_sources,cpv_division,80,581,0.7779690189328744,7.967297762478485,0.0,0.0,24.0,60.0,110.40000000000009,142,7.0,62.20000000000002,,,0.0,,,,,,,80,,
buyer_compatible_environment,same_siret,6,future_6m,all_appel_offre_sources,cpv_division,85,416,0.7139423076923077,8.15625,0.0,2.25,33.0,53.5,93.75000000000034,134,6.0,54.400000000000006,,,0.0,,,,,,,85,,
buyer_compatible_environment,same_siret,6,future_6m,all_appel_offre_sources,cpv_division,90,2769,0.6782231852654388,6.375947995666306,0.0,2.0,15.0,45.0,110.0,199,15.0,104.0,,,0.0,,,,,,,90,,
buyer_compatible_environment,same_siret,6,future_6m,all_appel_offre_sources,cpv_division,92,628,0.7277070063694268,8.479299363057326,0.0,2.0,30.300000000000068,53.0,109.46000000000004,193,8.0,58.0,,,0.0,,,,,,,92,,
buyer_compatible_environment,same_siret,6,future_6m,all_appel_offre_sources,cpv_division,98,301,0.6611295681063123,8.345514950166113,0.0,3.0,23.0,49.0,123.0,138,8.0,102.9,,,0.0,,,,,,,98,,
buyer_compatible_environment,same_siret,6,future_6m,all_appel_offre_sources,cpv_division,nan,12460,0.9878009630818619,0.09117174959871589,0.0,0.0,0.0,0.0,1.0,59,21.0,108.9,,,0.0,,,,,,,,,
buyer_compatible_environment,same_siret,12,future_12m,all_appel_offre_sources,cpv_division,03,180,0.7055555555555556,14.605555555555556,0.0,4.25,48.89999999999989,109.34999999999988,179.57000000000014,201,9.0,105.4,,,0.0,,,,,,,03,,
buyer_compatible_environment,same_siret,12,future_12m,all_appel_offre_sources,cpv_division,09,598,0.6638795986622074,10.494983277591974,0.0,3.0,21.300000000000068,71.44999999999993,209.02999999999997,274,21.0,119.0,,,0.0,,,,,,,09,,
buyer_compatible_environment,same_siret,12,future_12m,all_appel_offre_sources,cpv_division,14,69,0.5072463768115942,27.753623188405797,0.0,46.0,99.2,117.6,136.35999999999984,152,7.0,85.99999999999997,,,0.0,,,,,,,14,,
buyer_compatible_environment,same_siret,12,future_12m,all_appel_offre_sources,cpv_division,15,739,0.7415426251691475,6.914749661705007,0.0,1.0,15.200000000000045,44.10000000000002,117.24000000000001,258,23.0,147.0,,,0.0,,,,,,,15,,
buyer_compatible_environment,same_siret,12,future_12m,all_appel_offre_sources,cpv_division,16,132,0.6818181818181818,14.772727272727273,0.0,12.0,50.50000000000003,97.59999999999991,138.69999999999993,218,9.0,97.9,,,0.0,,,,,,,16,,
buyer_compatible_environment,same_siret,12,future_12m,all_appel_offre_sources,cpv_division,18,313,0.597444089456869,19.34185303514377,0.0,11.0,76.60000000000002,115.39999999999998,214.67999999999995,294,9.5,72.0,,,0.0,,,,,,,18,,
buyer_compatible_environment,same_siret,12,future_12m,all_appel_offre_sources,cpv_division,19,76,0.6842105263157895,13.960526315789474,0.0,4.5,61.5,80.5,165.25,166,9.5,59.5,,,0.0,,,,,,,19,,
buyer_compatible_environment,same_siret,12,future_12m,all_appel_offre_sources,cpv_division,22,222,0.7657657657657657,13.31981981981982,0.0,0.0,46.400000000000034,90.0,187.5399999999998,277,9.5,36.8,,,0.0,,,,,,,22,,
buyer_compatible_environment,same_siret,12,future_12m,all_appel_offre_sources,cpv_division,24,231,0.6796536796536796,19.675324675324674,0.0,7.5,67.0,141.5,218.5999999999999,242,6.5,40.80000000000001,,,0.0,,,,,,,24,,
buyer_compatible_environment,same_siret,12,future_12m,all_appel_offre_sources,cpv_division,30,841,0.7074910820451843,12.435196195005945,0.0,3.0,36.0,84.0,187.60000000000014,274,11.0,89.5,,,0.0,,,,,,,30,,
buyer_compatible_environment,same_siret,12,future_12m,all_appel_offre_sources,cpv_division,31,412,0.7160194174757282,13.973300970873787,0.0,2.0,38.0,92.44999999999999,238.89,290,9.0,83.20000000000005,,,0.0,,,,,,,31,,
buyer_compatible_environment,same_siret,12,future_12m,all_appel_offre_sources,cpv_division,32,437,0.7208237986270023,11.68649885583524,0.0,2.0,30.800000000000068,66.19999999999999,210.1199999999999,290,11.5,88.80000000000001,,,0.0,,,,,,,32,,
buyer_compatible_environment,same_siret,12,future_12m,all_appel_offre_sources,cpv_division,33,947,0.7845828933474129,12.110876451953537,0.0,0.0,38.39999999999998,72.0999999999998,231.01999999999953,304,6.0,50.90000000000012,,,0.0,,,,,,,33,,
buyer_compatible_environment,same_siret,12,future_12m,all_appel_offre_sources,cpv_division,34,1432,0.6759776536312849,17.064245810055866,0.0,6.0,75.0,108.45000000000005,205.2100000000005,278,9.0,90.69999999999999,,,0.0,,,,,,,34,,
buyer_compatible_environment,same_siret,12,future_12m,all_appel_offre_sources,cpv_division,35,187,0.732620320855615,10.53475935828877,0.0,1.5,27.400000000000034,80.69999999999999,151.27999999999997,192,8.5,96.1,,,0.0,,,,,,,35,,
buyer_compatible_environment,same_siret,12,future_12m,all_appel_offre_sources,cpv_division,37,197,0.7157360406091371,8.786802030456853,0.0,4.0,29.0,44.99999999999994,101.4799999999999,302,13.0,82.0,,,0.0,,,,,,,37,,
buyer_compatible_environment,same_siret,12,future_12m,all_appel_offre_sources,cpv_division,38,493,0.6713995943204868,10.188640973630832,0.0,6.0,25.80000000000001,49.19999999999993,147.39999999999952,278,14.0,81.0,,,0.0,,,,,,,38,,
buyer_compatible_environment,same_siret,12,future_12m,all_appel_offre_sources,cpv_division,39,1266,0.6872037914691943,16.108214849921012,0.0,6.0,62.0,102.75,180.44999999999936,244,7.0,95.5,,,0.0,,,,,,,39,,
buyer_compatible_environment,same_siret,12,future_12m,all_appel_offre_sources,cpv_division,41,20,0.9,1.65,0.0,0.0,1.40000000000002,14.250000000000004,18.049999999999994,19,7.0,7.8,,,0.0,,,,,,,41,,
buyer_compatible_environment,same_siret,12,future_12m,all_appel_offre_sources,cpv_division,42,512,0.76953125,11.154296875,0.0,0.0,30.0,80.34999999999997,190.55999999999995,299,11.5,58.3,,,0.0,,,,,,,42,,
buyer_compatible_environment,same_siret,12,future_12m,all_appel_offre_sources,cpv_division,43,115,0.6782608695652174,16.73913043478261,0.0,4.0,89.20000000000002,92.3,121.02,168,7.0,47.599999999999994,,,0.0,,,,,,,43,,
buyer_compatible_environment,same_siret,12,future_12m,all_appel_offre_sources,cpv_division,44,1050,0.7161904761904762,16.847619047619048,0.0,3.0,66.0,111.09999999999991,219.01999999999998,299,7.0,78.60000000000002,,,0.0,,,,,,,44,,
buyer_compatible_environment,same_siret,12,future_12m,all_appel_offre_sources,cpv_division,45,12527,0.7775205555999042,8.803863654506266,0.0,0.0,19.0,64.0,165.0,278,11.0,84.40000000000009,,,0.0,,,,,,,45,,
buyer_compatible_environment,same_siret,12,future_12m,all_appel_offre_sources,cpv_division,48,514,0.7568093385214008,15.663424124513618,0.0,0.0,65.09999999999997,111.34999999999997,200.0,274,7.0,58.00000000000004,,,0.0,,,,,,,48,,
buyer_compatible_environment,same_siret,12,future_12m,all_appel_offre_sources,cpv_division,50,2108,0.6693548387096774,15.779411764705882,0.0,6.0,55.299999999999955,102.64999999999986,214.85999999999967,303,10.0,91.0,,,0.0,,,,,,,50,,
buyer_compatible_environment,same_siret,12,future_12m,all_appel_offre_sources,cpv_division,51,75,0.6133333333333333,23.04,0.0,18.5,91.6000000000001,149.89999999999992,194.5600000000003,236,6.0,36.599999999999994,,,0.0,,,,,,,51,,
buyer_compatible_environment,same_siret,12,future_12m,all_appel_offre_sources,cpv_division,55,772,0.7396373056994818,7.575129533678757,0.0,1.0,12.0,40.0,170.95999999999913,282,25.0,193.0,,,0.0,,,,,,,55,,
buyer_compatible_environment,same_siret,12,future_12m,all_appel_offre_sources,cpv_division,60,729,0.7023319615912208,17.733882030178325,0.0,3.0,72.40000000000009,132.60000000000002,220.9600000000005,294,7.0,87.20000000000002,,,0.0,,,,,,,60,,
buyer_compatible_environment,same_siret,12,future_12m,all_appel_offre_sources,cpv_division,63,181,0.7016574585635359,19.883977900552487,0.0,3.0,63.0,148.0,217.99999999999915,292,7.0,65.30000000000003,,,0.0,,,,,,,63,,
buyer_compatible_environment,same_siret,12,future_12m,all_appel_offre_sources,cpv_division,64,389,0.699228791773779,17.177377892030847,0.0,5.0,73.0,112.5999999999998,207.20000000000005,261,7.0,93.80000000000004,,,0.0,,,,,,,64,,
buyer_compatible_environment,same_siret,12,future_12m,all_appel_offre_sources,cpv_division,65,169,0.7633136094674556,9.609467455621301,0.0,0.0,8.0,44.79999999999998,194.91999999999996,224,29.0,223.90000000000012,,,0.0,,,,,,,65,,
buyer_compatible_environment,same_siret,12,future_12m,all_appel_offre_sources,cpv_division,66,1706,0.6910902696365768,6.967760844079718,0.0,1.0,12.5,36.75,148.4500000000005,238,28.0,167.40000000000003,,,0.0,,,,,,,66,,
buyer_compatible_environment,same_siret,12,future_12m,all_appel_offre_sources,cpv_division,70,130,0.6230769230769231,20.29230769230769,0.0,6.25,89.10000000000001,134.89999999999995,169.70999999999998,201,9.0,95.80000000000004,,,0.0,,,,,,,70,,
buyer_compatible_environment,same_siret,12,future_12m,all_appel_offre_sources,cpv_division,71,6260,0.6698083067092652,17.225878594249203,0.0,5.0,62.0,122.0,219.0,299,9.0,116.40000000000009,,,0.0,,,,,,,71,,
buyer_compatible_environment,same_siret,12,future_12m,all_appel_offre_sources,cpv_division,72,1076,0.699814126394052,19.49628252788104,0.0,3.0,82.0,135.75,201.25,294,7.0,112.80000000000001,,,0.0,,,,,,,72,,
buyer_compatible_environment,same_siret,12,future_12m,all_appel_offre_sources,cpv_division,73,47,0.8085106382978723,8.46808510638298,0.0,0.0,13.799999999999983,31.39999999999995,154.11999999999995,190,56.0,210.20000000000002,,,0.0,,,,,,,73,,
buyer_compatible_environment,same_siret,12,future_12m,all_appel_offre_sources,cpv_division,75,349,0.667621776504298,15.160458452722063,0.0,5.0,57.19999999999999,93.39999999999986,212.0,248,9.0,99.5,,,0.0,,,,,,,75,,
buyer_compatible_environment,same_siret,12,future_12m,all_appel_offre_sources,cpv_division,76,1,1.0,0.0,0.0,0.0,0.0,0.0,0.0,0,,,,,0.0,,,,,,,76,,
buyer_compatible_environment,same_siret,12,future_12m,all_appel_offre_sources,cpv_division,77,741,0.6329284750337382,13.298245614035087,0.0,6.0,37.0,100.0,185.8000000000003,263,14.5,102.0,,,0.0,,,,,,,77,,
buyer_compatible_environment,same_siret,12,future_12m,all_appel_offre_sources,cpv_division,79,2894,0.6921216309606082,19.615411195577057,0.0,5.0,80.0,140.0,229.07000000000016,291,7.0,77.0,,,0.0,,,,,,,79,,
buyer_compatible_environment,same_siret,12,future_12m,all_appel_offre_sources,cpv_division,80,581,0.7710843373493976,14.504302925989673,0.0,0.0,51.0,132.0,207.80000000000018,248,8.0,92.0,,,0.0,,,,,,,80,,
buyer_compatible_environment,same_siret,12,future_12m,all_appel_offre_sources,cpv_division,85,416,0.6971153846153846,15.28125,0.0,5.0,57.0,101.0,186.85000000000002,252,6.0,97.5,,,0.0,,,,,,,85,,
buyer_compatible_environment,same_siret,12,future_12m,all_appel_offre_sources,cpv_division,90,2769,0.6648609606356085,11.604911520404478,0.0,3.0,25.0,81.0,204.0,294,16.0,117.0,,,0.0,,,,,,,90,,
buyer_compatible_environment,same_siret,12,future_12m,all_appel_offre_sources,cpv_division,92,628,0.7165605095541401,15.343949044585987,0.0,3.0,55.0,95.0,221.92000000000007,294,9.0,86.60000000000002,,,0.0,,,,,,,92,,
buyer_compatible_environment,same_siret,12,future_12m,all_appel_offre_sources,cpv_division,98,301,0.654485049833887,14.352159468438538,0.0,6.0,43.0,96.0,191.0,246,8.0,117.30000000000005,,,0.0,,,,,,,98,,
buyer_compatible_environment,same_siret,12,future_12m,all_appel_offre_sources,cpv_division,nan,12460,0.9870786516853932,0.1654895666131621,0.0,0.0,0.0,0.0,3.0,126,24.0,141.0,,,0.0,,,,,,,,,
buyer_compatible_environment,same_siret,24,future_24m,all_appel_offre_sources,cpv_division,03,180,0.6944444444444444,24.083333333333332,0.0,7.25,81.39999999999992,193.09999999999997,257.5200000000001,324,11.0,128.4,,,0.0,,,,,,,03,,
buyer_compatible_environment,same_siret,24,future_24m,all_appel_offre_sources,cpv_division,09,598,0.6605351170568562,18.163879598662206,0.0,4.0,34.600000000000136,107.44999999999993,348.3299999999997,460,22.0,128.60000000000014,,,0.0,,,,,,,09,,
buyer_compatible_environment,same_siret,24,future_24m,all_appel_offre_sources,cpv_division,14,69,0.5072463768115942,50.30434782608695,0.0,99.0,180.8,219.2,245.39999999999952,293,7.0,85.99999999999997,,,0.0,,,,,,,14,,
buyer_compatible_environment,same_siret,24,future_24m,all_appel_offre_sources,cpv_division,15,739,0.7334235453315291,10.929634641407308,0.0,1.0,18.0,76.10000000000002,196.62,384,27.0,162.80000000000004,,,0.0,,,,,,,15,,
buyer_compatible_environment,same_siret,24,future_24m,all_appel_offre_sources,cpv_division,16,132,0.6742424242424242,24.416666666666668,0.0,16.25,84.70000000000002,154.14999999999992,233.65999999999997,374,10.0,106.00000000000004,,,0.0,,,,,,,16,,
buyer_compatible_environment,same_siret,24,future_24m,all_appel_offre_sources,cpv_division,18,313,0.597444089456869,31.881789137380192,0.0,16.0,142.60000000000025,196.79999999999984,367.4799999999999,454,9.5,72.0,,,0.0,,,,,,,18,,
buyer_compatible_environment,same_siret,24,future_24m,all_appel_offre_sources,cpv_division,19,76,0.6710526315789473,25.486842105263158,0.0,9.0,132.5,169.0,205.75,217,10.0,80.80000000000004,,,0.0,,,,,,,19,,
buyer_compatible_environment,same_siret,24,future_24m,all_appel_offre_sources,cpv_division,22,222,0.7657657657657657,23.54054054054054,0.0,0.0,89.60000000000002,156.04999999999978,337.65999999999957,429,9.5,36.8,,,0.0,,,,,,,22,,
buyer_compatible_environment,same_siret,24,future_24m,all_appel_offre_sources,cpv_division,24,231,0.6796536796536796,34.17748917748918,0.0,12.0,147.0,244.0,386.2999999999998,449,6.5,40.80000000000001,,,0.0,,,,,,,24,,
buyer_compatible_environment,same_siret,24,future_24m,all_appel_offre_sources,cpv_division,30,841,0.7051129607609988,21.56242568370987,0.0,4.0,62.0,167.0,331.80000000000007,424,11.0,98.60000000000002,,,0.0,,,,,,,30,,
buyer_compatible_environment,same_siret,24,future_24m,all_appel_offre_sources,cpv_division,31,412,0.7160194174757282,22.449029126213592,0.0,2.25,50.0,176.45,356.78,452,9.0,83.20000000000005,,,0.0,,,,,,,31,,
buyer_compatible_environment,same_siret,24,future_24m,all_appel_offre_sources,cpv_division,32,437,0.7185354691075515,18.79862700228833,0.0,3.0,49.80000000000007,117.39999999999992,318.0799999999997,462,12.0,105.79999999999994,,,0.0,,,,,,,32,,
buyer_compatible_environment,same_siret,24,future_24m,all_appel_offre_sources,cpv_division,33,947,0.7824709609292503,17.906019007391762,0.0,0.0,56.0,130.69999999999993,321.6799999999985,465,6.0,55.0,,,0.0,,,,,,,33,,
buyer_compatible_environment,same_siret,24,future_24m,all_appel_offre_sources,cpv_division,34,1432,0.6696927374301676,29.433659217877096,0.0,10.0,123.0,219.45000000000005,338.69000000000005,459,9.0,101.00000000000006,,,0.0,,,,,,,34,,
buyer_compatible_environment,same_siret,24,future_24m,all_appel_offre_sources,cpv_division,35,187,0.732620320855615,16.449197860962567,0.0,2.0,53.20000000000002,135.5999999999999,214.83999999999992,326,8.5,96.1,,,0.0,,,,,,,35,,
buyer_compatible_environment,same_siret,24,future_24m,all_appel_offre_sources,cpv_division,37,197,0.7106598984771574,14.304568527918782,0.0,6.0,47.80000000000001,67.79999999999995,144.79999999999984,464,13.0,101.19999999999999,,,0.0,,,,,,,37,,
buyer_compatible_environment,same_siret,24,future_24m,all_appel_offre_sources,cpv_division,38,493,0.6693711967545639,16.734279918864097,0.0,10.0,41.80000000000001,88.0,273.6399999999999,434,14.0,83.40000000000003,,,0.0,,,,,,,38,,
buyer_compatible_environment,same_siret,24,future_24m,all_appel_offre_sources,cpv_division,39,1266,0.6832543443917851,27.19826224328594,0.0,8.0,106.5,181.0,320.849999999999,460,7.0,101.0,,,0.0,,,,,,,39,,
buyer_compatible_environment,same_siret,24,future_24m,all_appel_offre_sources,cpv_division,41,20,0.9,4.45,0.0,0.0,1.8000000000000256,20.650000000000038,60.929999999999936,71,7.0,7.8,,,0.0,,,,,,,41,,
buyer_compatible_environment,same_siret,24,future_24m,all_appel_offre_sources,cpv_division,42,512,0.763671875,20.111328125,0.0,0.0,43.900000000000034,164.69999999999993,371.1599999999994,461,12.0,72.0,,,0.0,,,,,,,42,,
buyer_compatible_environment,same_siret,24,future_24m,all_appel_offre_sources,cpv_division,43,115,0.6782608695652174,31.904347826086955,0.0,10.5,164.80000000000007,185.89999999999998,268.7,288,7.0,47.599999999999994,,,0.0,,,,,,,43,,
buyer_compatible_environment,same_siret,24,future_24m,all_appel_offre_sources,cpv_division,44,1050,0.7142857142857143,28.257142857142856,0.0,4.0,112.0,194.0,394.15999999999985,461,7.0,81.20000000000005,,,0.0,,,,,,,44,,
buyer_compatible_environment,same_siret,24,future_24m,all_appel_offre_sources,cpv_division,45,12527,0.7734493494052845,15.069290332880977,0.0,0.0,32.0,106.0,276.0,465,11.0,98.0,,,0.0,,,,,,,45,,
buyer_compatible_environment,same_siret,24,future_24m,all_appel_offre_sources,cpv_division,48,514,0.7529182879377432,26.632295719844358,0.0,0.0,99.69999999999999,221.34999999999997,355.5300000000001,459,7.0,71.00000000000011,,,0.0,,,,,,,48,,
buyer_compatible_environment,same_siret,24,future_24m,all_appel_offre_sources,cpv_division,50,2108,0.6674573055028463,26.30550284629981,0.0,8.0,87.0,183.29999999999973,370.8599999999997,465,10.0,93.0,,,0.0,,,,,,,50,,
buyer_compatible_environment,same_siret,24,future_24m,all_appel_offre_sources,cpv_division,51,75,0.6133333333333333,38.82666666666667,0.0,24.0,159.80000000000015,241.19999999999996,360.1600000000001,372,6.0,36.599999999999994,,,0.0,,,,,,,51,,
buyer_compatible_environment,same_siret,24,future_24m,all_appel_offre_sources,cpv_division,55,772,0.7266839378238342,12.023316062176166,0.0,1.0,17.899999999999977,73.0,267.4399999999987,439,35.0,270.0,,,0.0,,,,,,,55,,
buyer_compatible_environment,same_siret,24,future_24m,all_appel_offre_sources,cpv_division,60,729,0.6968449931412894,29.92729766803841,0.0,5.0,121.20000000000005,227.60000000000002,371.8000000000004,456,8.0,99.0,,,0.0,,,,,,,60,,
buyer_compatible_environment,same_siret,24,future_24m,all_appel_offre_sources,cpv_division,63,181,0.6961325966850829,30.193370165745858,0.0,5.0,119.0,215.0,372.3999999999991,453,7.0,72.80000000000001,,,0.0,,,,,,,63,,
buyer_compatible_environment,same_siret,24,future_24m,all_appel_offre_sources,cpv_division,64,389,0.6889460154241646,30.267352185089976,0.0,6.0,143.79999999999995,193.19999999999993,362.6,387,7.0,128.0,,,0.0,,,,,,,64,,
buyer_compatible_environment,same_siret,24,future_24m,all_appel_offre_sources,cpv_division,65,169,0.757396449704142,12.633136094674557,0.0,0.0,14.200000000000017,72.99999999999989,235.11999999999938,334,29.0,295.0,,,0.0,,,,,,,65,,
buyer_compatible_environment,same_siret,24,future_24m,all_appel_offre_sources,cpv_division,66,1706,0.6764361078546307,11.206916764361079,0.0,2.0,19.0,58.25,234.80000000000018,380,32.5,196.0,,,0.0,,,,,,,66,,
buyer_compatible_environment,same_siret,24,future_24m,all_appel_offre_sources,cpv_division,70,130,0.6230769230769231,32.84615384615385,0.0,7.0,156.40000000000012,200.2,280.90999999999985,371,9.0,95.80000000000004,,,0.0,,,,,,,70,,
buyer_compatible_environment,same_siret,24,future_24m,all_appel_offre_sources,cpv_division,71,6260,0.6645367412140575,28.21884984025559,0.0,7.0,100.10000000000036,207.0,372.0,465,9.0,131.0,,,0.0,,,,,,,71,,
buyer_compatible_environment,same_siret,24,future_24m,all_appel_offre_sources,cpv_division,72,1076,0.6960966542750929,32.14312267657993,0.0,5.0,145.5,222.5,346.75,456,7.0,118.40000000000003,,,0.0,,,,,,,72,,
buyer_compatible_environment,same_siret,24,future_24m,all_appel_offre_sources,cpv_division,73,47,0.8085106382978723,16.97872340425532,0.0,0.0,25.399999999999956,59.79999999999994,307.85999999999996,335,56.0,210.20000000000002,,,0.0,,,,,,,73,,
buyer_compatible_environment,same_siret,24,future_24m,all_appel_offre_sources,cpv_division,75,349,0.66189111747851,24.49570200573066,0.0,8.0,79.99999999999994,147.99999999999966,294.0,371,9.0,104.0,,,0.0,,,,,,,75,,
buyer_compatible_environment,same_siret,24,future_24m,all_appel_offre_sources,cpv_division,76,1,1.0,0.0,0.0,0.0,0.0,0.0,0.0,0,,,,,0.0,,,,,,,76,,
buyer_compatible_environment,same_siret,24,future_24m,all_appel_offre_sources,cpv_division,77,741,0.6275303643724697,22.295546558704455,0.0,8.0,52.0,154.0,370.6,467,16.0,107.5,,,0.0,,,,,,,77,,
buyer_compatible_environment,same_siret,24,future_24m,all_appel_offre_sources,cpv_division,79,2894,0.6900483759502419,32.74153420870767,0.0,7.0,139.0,229.0,376.0,456,7.0,84.0,,,0.0,,,,,,,79,,
buyer_compatible_environment,same_siret,24,future_24m,all_appel_offre_sources,cpv_division,80,581,0.7676419965576592,23.16867469879518,0.0,0.0,74.0,192.0,306.20000000000005,412,8.0,95.20000000000002,,,0.0,,,,,,,80,,
buyer_compatible_environment,same_siret,24,future_24m,all_appel_offre_sources,cpv_division,85,416,0.6899038461538461,25.67548076923077,0.0,6.0,91.5,167.25,349.8500000000005,381,6.0,116.2,,,0.0,,,,,,,85,,
buyer_compatible_environment,same_siret,24,future_24m,all_appel_offre_sources,cpv_division,90,2769,0.6608884073672806,19.464788732394368,0.0,4.0,44.0,140.5999999999999,372.6400000000003,459,16.0,123.20000000000005,,,0.0,,,,,,,90,,
buyer_compatible_environment,same_siret,24,future_24m,all_appel_offre_sources,cpv_division,92,628,0.7133757961783439,25.133757961783438,0.0,4.25,76.0,188.29999999999995,345.6800000000003,454,9.0,99.1,,,0.0,,,,,,,92,,
buyer_compatible_environment,same_siret,24,future_24m,all_appel_offre_sources,cpv_division,98,301,0.6511627906976745,22.564784053156146,0.0,9.0,66.0,146.0,306.0,386,8.0,125.40000000000003,,,0.0,,,,,,,98,,
buyer_compatible_environment,same_siret,24,future_24m,all_appel_offre_sources,cpv_division,nan,12460,0.9864365971107544,0.32664526484751205,0.0,0.0,0.0,0.0,3.0,324,28.0,185.20000000000027,,,0.0,,,,,,,,,
buyer_compatible_environment,same_siret,36,future_36m,all_appel_offre_sources,cpv_division,03,180,0.6944444444444444,32.76111111111111,0.0,8.0,112.49999999999997,267.3499999999999,364.05000000000007,488,11.0,128.4,,,0.0,,,,,,,03,,
buyer_compatible_environment,same_siret,36,future_36m,all_appel_offre_sources,cpv_division,09,598,0.6605351170568562,22.837792642140467,0.0,6.0,45.30000000000007,138.5999999999999,372.50999999999954,506,22.0,128.60000000000014,,,0.0,,,,,,,09,,
buyer_compatible_environment,same_siret,36,future_36m,all_appel_offre_sources,cpv_division,14,69,0.5072463768115942,71.43478260869566,0.0,99.0,276.0,348.79999999999984,382.91999999999996,387,7.0,85.99999999999997,,,0.0,,,,,,,14,,
buyer_compatible_environment,same_siret,36,future_36m,all_appel_offre_sources,cpv_division,15,739,0.7266576454668471,13.058186738836266,0.0,1.0,24.0,89.20000000000005,267.0,402,28.5,173.0,,,0.0,,,,,,,15,,
buyer_compatible_environment,same_siret,36,future_36m,all_appel_offre_sources,cpv_division,16,132,0.6742424242424242,32.446969696969695,0.0,22.25,122.3000000000001,179.0,407.41999999999973,455,10.0,106.00000000000004,,,0.0,,,,,,,16,,
buyer_compatible_environment,same_siret,36,future_36m,all_appel_offre_sources,cpv_division,18,313,0.597444089456869,40.38019169329073,0.0,18.0,171.8,280.5999999999999,421.5599999999997,549,9.5,72.0,,,0.0,,,,,,,18,,
buyer_compatible_environment,same_siret,36,future_36m,all_appel_offre_sources,cpv_division,19,76,0.6710526315789473,36.05263157894737,0.0,9.0,187.0,211.25,349.75,412,10.0,80.80000000000004,,,0.0,,,,,,,19,,
buyer_compatible_environment,same_siret,36,future_36m,all_appel_offre_sources,cpv_division,22,222,0.7657657657657657,30.396396396396398,0.0,0.0,111.70000000000007,221.74999999999994,392.15999999999997,465,9.5,36.8,,,0.0,,,,,,,22,,
buyer_compatible_environment,same_siret,36,future_36m,all_appel_offre_sources,cpv_division,24,231,0.6796536796536796,43.324675324675326,0.0,12.0,205.0,292.5,493.49999999999994,604,6.5,40.80000000000001,,,0.0,,,,,,,24,,
buyer_compatible_environment,same_siret,36,future_36m,all_appel_offre_sources,cpv_division,30,841,0.703923900118906,27.898929845422117,0.0,5.0,76.0,228.0,361.8000000000002,575,11.0,100.20000000000002,,,0.0,,,,,,,30,,
buyer_compatible_environment,same_siret,36,future_36m,all_appel_offre_sources,cpv_division,31,412,0.7111650485436893,28.16747572815534,0.0,3.0,62.50000000000017,257.45,416.01999999999975,490,9.0,92.00000000000001,,,0.0,,,,,,,31,,
buyer_compatible_environment,same_siret,36,future_36m,all_appel_offre_sources,cpv_division,32,437,0.7162471395881007,23.54004576659039,0.0,3.0,70.2000000000001,169.7999999999999,346.87999999999977,488,12.0,112.80000000000001,,,0.0,,,,,,,32,,
buyer_compatible_environment,same_siret,36,future_36m,all_appel_offre_sources,cpv_division,33,947,0.7824709609292503,20.625131995776137,0.0,0.0,70.0,148.0,328.15999999999804,513,6.0,55.0,,,0.0,,,,,,,33,,
buyer_compatible_environment,same_siret,36,future_36m,all_appel_offre_sources,cpv_division,34,1432,0.6689944134078212,38.77304469273743,0.0,11.0,161.80000000000018,281.7000000000003,412.0400000000009,602,9.5,102.69999999999999,,,0.0,,,,,,,34,,
buyer_compatible_environment,same_siret,36,future_36m,all_appel_offre_sources,cpv_division,35,187,0.732620320855615,20.855614973262032,0.0,2.0,58.400000000000006,150.99999999999966,322.9599999999998,353,8.5,96.1,,,0.0,,,,,,,35,,
buyer_compatible_environment,same_siret,36,future_36m,all_appel_offre_sources,cpv_division,37,197,0.7106598984771574,18.97969543147208,0.0,6.0,60.400000000000006,98.99999999999972,207.23999999999975,511,13.0,101.19999999999999,,,0.0,,,,,,,37,,
buyer_compatible_environment,same_siret,36,future_36m,all_appel_offre_sources,cpv_division,38,493,0.6673427991886409,21.709939148073023,0.0,11.0,50.200000000000045,111.39999999999986,387.23999999999916,546,14.0,86.10000000000005,,,0.0,,,,,,,38,,
buyer_compatible_environment,same_siret,36,future_36m,all_appel_offre_sources,cpv_division,39,1266,0.6824644549763034,35.47472353870458,0.0,9.0,129.0,257.0,385.39999999999964,591,7.5,101.90000000000003,,,0.0,,,,,,,39,,
buyer_compatible_environment,same_siret,36,future_36m,all_appel_offre_sources,cpv_division,41,20,0.9,6.9,0.0,0.0,2.0000000000000284,24.90000000000007,99.37999999999988,118,7.0,7.8,,,0.0,,,,,,,41,,
buyer_compatible_environment,same_siret,36,future_36m,all_appel_offre_sources,cpv_division,42,512,0.76171875,26.1640625,0.0,0.0,60.600000000000136,215.45,442.6999999999996,534,12.0,77.40000000000003,,,0.0,,,,,,,42,,
buyer_compatible_environment,same_siret,36,future_36m,all_appel_offre_sources,cpv_division,43,115,0.6782608695652174,48.55652173913043,0.0,17.5,259.6,283.6,445.44,518,7.0,47.599999999999994,,,0.0,,,,,,,43,,
buyer_compatible_environment,same_siret,36,future_36m,all_appel_offre_sources,cpv_division,44,1050,0.7142857142857143,35.205714285714286,0.0,5.0,140.20000000000005,243.54999999999995,453.0,570,7.0,81.20000000000005,,,0.0,,,,,,,44,,
buyer_compatible_environment,same_siret,36,future_36m,all_appel_offre_sources,cpv_division,45,12527,0.7721721082461882,19.49636784545382,0.0,0.0,39.0,139.0,365.0,607,11.0,102.0,,,0.0,,,,,,,45,,
buyer_compatible_environment,same_siret,36,future_36m,all_appel_offre_sources,cpv_division,48,514,0.7529182879377432,34.463035019455255,0.0,0.0,122.89999999999992,311.0499999999999,438.57000000000005,554,7.0,71.00000000000011,,,0.0,,,,,,,48,,
buyer_compatible_environment,same_siret,36,future_36m,all_appel_offre_sources,cpv_division,50,2108,0.6660341555977229,33.26802656546489,0.0,9.0,104.29999999999995,260.2999999999997,438.579999999999,602,10.0,94.0,,,0.0,,,,,,,50,,
buyer_compatible_environment,same_siret,36,future_36m,all_appel_offre_sources,cpv_division,51,75,0.6133333333333333,48.84,0.0,24.5,182.40000000000003,309.69999999999993,436.84000000000015,462,6.0,36.599999999999994,,,0.0,,,,,,,51,,
buyer_compatible_environment,same_siret,36,future_36m,all_appel_offre_sources,cpv_division,55,772,0.7215025906735751,14.41839378238342,0.0,1.0,20.0,96.94999999999925,319.7699999999995,476,36.0,283.9999999999999,,,0.0,,,,,,,55,,
buyer_compatible_environment,same_siret,36,future_36m,all_appel_offre_sources,cpv_division,60,729,0.6954732510288066,37.40603566529492,0.0,5.0,164.80000000000018,295.8000000000002,428.2000000000003,503,8.0,101.70000000000002,,,0.0,,,,,,,60,,
buyer_compatible_environment,same_siret,36,future_36m,all_appel_offre_sources,cpv_division,63,181,0.6961325966850829,36.50828729281768,0.0,5.0,128.0,227.0,455.5999999999998,496,7.0,72.80000000000001,,,0.0,,,,,,,63,,
buyer_compatible_environment,same_siret,36,future_36m,all_appel_offre_sources,cpv_division,64,389,0.6889460154241646,40.51670951156812,0.0,6.0,171.5999999999998,299.1999999999996,407.0,594,7.0,128.0,,,0.0,,,,,,,64,,
buyer_compatible_environment,same_siret,36,future_36m,all_appel_offre_sources,cpv_division,65,169,0.757396449704142,13.053254437869823,0.0,0.0,16.200000000000017,72.99999999999989,235.11999999999938,334,29.0,295.0,,,0.0,,,,,,,65,,
buyer_compatible_environment,same_siret,36,future_36m,all_appel_offre_sources,cpv_division,66,1706,0.6729191090269636,13.861078546307152,0.0,2.0,22.0,69.0,321.8000000000002,605,33.0,202.90000000000003,,,0.0,,,,,,,66,,
buyer_compatible_environment,same_siret,36,future_36m,all_appel_offre_sources,cpv_division,70,130,0.6230769230769231,42.96923076923077,0.0,11.5,192.70000000000005,293.4999999999999,406.13,433,9.0,95.80000000000004,,,0.0,,,,,,,70,,
buyer_compatible_environment,same_siret,36,future_36m,all_appel_offre_sources,cpv_division,71,6260,0.6626198083067093,35.0202875399361,0.0,8.0,123.0,280.0,443.0,606,9.0,136.80000000000018,,,0.0,,,,,,,71,,
buyer_compatible_environment,same_siret,36,future_36m,all_appel_offre_sources,cpv_division,72,1076,0.6951672862453532,41.04646840148699,0.0,6.0,181.0,315.75,393.0,541,7.0,119.30000000000001,,,0.0,,,,,,,72,,
buyer_compatible_environment,same_siret,36,future_36m,all_appel_offre_sources,cpv_division,73,47,0.8085106382978723,20.04255319148936,0.0,0.0,47.999999999999936,89.19999999999997,322.43999999999994,362,56.0,210.20000000000002,,,0.0,,,,,,,73,,
buyer_compatible_environment,same_siret,36,future_36m,all_appel_offre_sources,cpv_division,75,349,0.6590257879656161,30.630372492836678,0.0,10.0,118.19999999999999,212.7999999999999,331.1999999999998,468,9.0,104.0,,,0.0,,,,,,,75,,
buyer_compatible_environment,same_siret,36,future_36m,all_appel_offre_sources,cpv_division,76,1,1.0,0.0,0.0,0.0,0.0,0.0,0.0,0,,,,,0.0,,,,,,,76,,
buyer_compatible_environment,same_siret,36,future_36m,all_appel_offre_sources,cpv_division,77,741,0.6248313090418354,27.564102564102566,0.0,10.0,71.0,206.0,412.20000000000005,482,16.0,109.30000000000001,,,0.0,,,,,,,77,,
buyer_compatible_environment,same_siret,36,future_36m,all_appel_offre_sources,cpv_division,79,2894,0.6883206634416034,41.79958534899793,0.0,9.0,190.0,312.3499999999999,440.1400000000003,604,7.0,91.0,,,0.0,,,,,,,79,,
buyer_compatible_environment,same_siret,36,future_36m,all_appel_offre_sources,cpv_division,80,581,0.7676419965576592,29.34595524956971,0.0,0.0,88.0,272.0,365.60000000000014,584,8.0,95.20000000000002,,,0.0,,,,,,,80,,
buyer_compatible_environment,same_siret,36,future_36m,all_appel_offre_sources,cpv_division,85,416,0.6899038461538461,30.64903846153846,0.0,6.0,131.0,206.25,379.35000000000025,394,6.0,116.2,,,0.0,,,,,,,85,,
buyer_compatible_environment,same_siret,36,future_36m,all_appel_offre_sources,cpv_division,90,2769,0.6583604189237992,24.35933550018057,0.0,5.0,49.0,182.5999999999999,428.32000000000016,603,17.0,133.0,,,0.0,,,,,,,90,,
buyer_compatible_environment,same_siret,36,future_36m,all_appel_offre_sources,cpv_division,92,628,0.7133757961783439,31.15764331210191,0.0,5.0,94.50000000000034,227.54999999999984,382.22000000000025,494,9.0,99.1,,,0.0,,,,,,,92,,
buyer_compatible_environment,same_siret,36,future_36m,all_appel_offre_sources,cpv_division,98,301,0.6511627906976745,27.86378737541528,0.0,10.0,72.0,174.0,386.0,604,8.0,125.40000000000003,,,0.0,,,,,,,98,,
buyer_compatible_environment,same_siret,36,future_36m,all_appel_offre_sources,cpv_division,nan,12460,0.9861958266452648,0.49173354735152486,0.0,0.0,0.0,0.0,4.0,487,28.0,228.60000000000002,,,0.0,,,,,,,,,
buyer_compatible_environment,same_siret,60,future_60m,all_appel_offre_sources,cpv_division,03,180,0.6944444444444444,41.07222222222222,0.0,8.25,118.99999999999989,318.2999999999992,498.68000000000006,556,11.0,128.4,,,0.0,,,,,,,03,,
buyer_compatible_environment,same_siret,60,future_60m,all_appel_offre_sources,cpv_division,09,598,0.6605351170568562,30.745819397993312,0.0,6.75,57.600000000000136,223.39999999999918,530.4499999999996,686,22.0,128.60000000000014,,,0.0,,,,,,,09,,
buyer_compatible_environment,same_siret,60,future_60m,all_appel_offre_sources,cpv_division,14,69,0.5072463768115942,111.97101449275362,0.0,99.0,473.4000000000001,500.2,818.52,826,7.0,85.99999999999997,,,0.0,,,,,,,14,,
buyer_compatible_environment,same_siret,60,future_60m,all_appel_offre_sources,cpv_division,15,739,0.7198917456021651,15.89445196211096,0.0,1.0,26.200000000000045,104.0,342.20000000000005,501,30.0,251.4000000000008,,,0.0,,,,,,,15,,
buyer_compatible_environment,same_siret,60,future_60m,all_appel_offre_sources,cpv_division,16,132,0.6742424242424242,43.878787878787875,0.0,26.75,122.3000000000001,243.0499999999999,555.7199999999998,702,10.0,106.00000000000004,,,0.0,,,,,,,16,,
buyer_compatible_environment,same_siret,60,future_60m,all_appel_offre_sources,cpv_division,18,313,0.597444089456869,51.539936102236425,0.0,21.0,176.80000000000007,420.5999999999997,536.92,787,9.5,72.0,,,0.0,,,,,,,18,,
buyer_compatible_environment,same_siret,60,future_60m,all_appel_offre_sources,cpv_division,19,76,0.6710526315789473,51.23684210526316,0.0,9.25,193.5,353.75,575.0,749,10.0,80.80000000000004,,,0.0,,,,,,,19,,
buyer_compatible_environment,same_siret,60,future_60m,all_appel_offre_sources,cpv_division,22,222,0.7612612612612613,38.6981981981982,0.0,0.0,112.50000000000003,319.79999999999995,465.0,522,10.0,65.00000000000014,,,0.0,,,,,,,22,,
buyer_compatible_environment,same_siret,60,future_60m,all_appel_offre_sources,cpv_division,24,231,0.6796536796536796,52.311688311688314,0.0,12.5,205.0,359.0,608.7999999999997,789,6.5,40.80000000000001,,,0.0,,,,,,,24,,
buyer_compatible_environment,same_siret,60,future_60m,all_appel_offre_sources,cpv_division,30,841,0.703923900118906,36.06420927467301,0.0,6.0,85.0,288.0,540.2,732,11.0,100.20000000000002,,,0.0,,,,,,,30,,
buyer_compatible_environment,same_siret,60,future_60m,all_appel_offre_sources,cpv_division,31,412,0.7111650485436893,37.54611650485437,0.0,3.0,72.7000000000001,325.1999999999998,530.9199999999996,772,9.0,92.00000000000001,,,0.0,,,,,,,31,,
buyer_compatible_environment,same_siret,60,future_60m,all_appel_offre_sources,cpv_division,32,437,0.7139588100686499,29.794050343249427,0.0,4.0,90.40000000000003,208.3999999999998,487.28,553,12.0,114.60000000000001,,,0.0,,,,,,,32,,
buyer_compatible_environment,same_siret,60,future_60m,all_appel_offre_sources,cpv_division,33,947,0.7824709609292503,23.20274551214361,0.0,0.0,74.39999999999998,159.0999999999998,385.3199999999997,513,6.0,55.0,,,0.0,,,,,,,33,,
buyer_compatible_environment,same_siret,60,future_60m,all_appel_offre_sources,cpv_division,34,1432,0.6682960893854749,55.358938547486034,0.0,12.0,225.80000000000018,446.9000000000001,714.0700000000002,831,10.0,103.0,,,0.0,,,,,,,34,,
buyer_compatible_environment,same_siret,60,future_60m,all_appel_offre_sources,cpv_division,35,187,0.732620320855615,29.481283422459892,0.0,2.0,60.20000000000002,179.59999999999968,537.8799999999994,578,8.5,96.1,,,0.0,,,,,,,35,,
buyer_compatible_environment,same_siret,60,future_60m,all_appel_offre_sources,cpv_division,37,197,0.7106598984771574,23.98984771573604,0.0,6.0,68.20000000000002,153.19999999999987,287.5199999999997,511,13.0,101.19999999999999,,,0.0,,,,,,,37,,
buyer_compatible_environment,same_siret,60,future_60m,all_appel_offre_sources,cpv_division,38,493,0.6673427991886409,28.302231237322516,0.0,11.0,66.60000000000002,133.79999999999995,496.6399999999999,817,14.0,86.10000000000005,,,0.0,,,,,,,38,,
buyer_compatible_environment,same_siret,60,future_60m,all_appel_offre_sources,cpv_division,39,1266,0.6824644549763034,47.48657187993681,0.0,10.0,157.5,341.75,559.3999999999996,828,7.5,101.90000000000003,,,0.0,,,,,,,39,,
buyer_compatible_environment,same_siret,60,future_60m,all_appel_offre_sources,cpv_division,41,20,0.9,10.0,0.0,0.0,2.80000000000004,35.2000000000001,144.63999999999982,172,7.0,7.8,,,0.0,,,,,,,41,,
buyer_compatible_environment,same_siret,60,future_60m,all_appel_offre_sources,cpv_division,42,512,0.76171875,35.923828125,0.0,0.0,67.50000000000017,228.84999999999985,637.67,830,12.0,77.40000000000003,,,0.0,,,,,,,42,,
buyer_compatible_environment,same_siret,60,future_60m,all_appel_offre_sources,cpv_division,43,115,0.6782608695652174,71.90434782608696,0.0,20.0,407.4000000000012,505.6,665.6999999999999,708,7.0,47.599999999999994,,,0.0,,,,,,,43,,
buyer_compatible_environment,same_siret,60,future_60m,all_appel_offre_sources,cpv_division,44,1050,0.7142857142857143,45.39523809523809,0.0,6.0,155.4000000000001,341.54999999999995,565.51,802,7.0,81.20000000000005,,,0.0,,,,,,,44,,
buyer_compatible_environment,same_siret,60,future_60m,all_appel_offre_sources,cpv_division,45,12527,0.7717729703839706,23.789335036321546,0.0,0.0,44.0,163.6999999999989,490.0,826,11.0,103.20000000000027,,,0.0,,,,,,,45,,
buyer_compatible_environment,same_siret,60,future_60m,all_appel_offre_sources,cpv_division,48,514,0.7490272373540856,45.36770428015564,0.0,0.75,132.39999999999998,367.39999999999986,569.74,811,7.0,86.80000000000004,,,0.0,,,,,,,48,,
buyer_compatible_environment,same_siret,60,future_60m,all_appel_offre_sources,cpv_division,50,2108,0.6646110056925996,42.70445920303605,0.0,10.0,112.89999999999986,348.9499999999996,584.7199999999993,824,10.0,95.0,,,0.0,,,,,,,50,,
buyer_compatible_environment,same_siret,60,future_60m,all_appel_offre_sources,cpv_division,51,75,0.6133333333333333,61.413333333333334,0.0,24.5,282.2000000000001,385.99999999999983,498.8000000000002,521,6.0,36.599999999999994,,,0.0,,,,,,,51,,
buyer_compatible_environment,same_siret,60,future_60m,all_appel_offre_sources,cpv_division,55,772,0.7085492227979274,18.025906735751295,0.0,2.0,20.899999999999977,140.59999999999945,357.5799999999999,783,45.0,412.79999999999984,,,0.0,,,,,,,55,,
buyer_compatible_environment,same_siret,60,future_60m,all_appel_offre_sources,cpv_division,60,729,0.6941015089163237,47.06310013717421,0.0,5.0,210.6000000000006,362.60000000000025,551.8800000000001,828,8.0,102.0,,,0.0,,,,,,,60,,
buyer_compatible_environment,same_siret,60,future_60m,all_appel_offre_sources,cpv_division,63,181,0.6961325966850829,42.889502762430936,0.0,5.0,152.0,312.0,473.5999999999998,496,7.0,72.80000000000001,,,0.0,,,,,,,63,,
buyer_compatible_environment,same_siret,60,future_60m,all_appel_offre_sources,cpv_division,64,389,0.6863753213367609,57.64781491002571,0.0,7.0,248.3999999999997,443.5999999999979,587.5200000000001,792,7.5,129.8,,,0.0,,,,,,,64,,
buyer_compatible_environment,same_siret,60,future_60m,all_appel_offre_sources,cpv_division,65,169,0.757396449704142,13.29585798816568,0.0,0.0,21.200000000000017,72.99999999999989,235.11999999999938,334,29.0,295.0,,,0.0,,,,,,,65,,
buyer_compatible_environment,same_siret,60,future_60m,all_appel_offre_sources,cpv_division,66,1706,0.6676436107854631,17.7063305978898,0.0,3.0,27.0,91.25,391.95000000000095,828,35.0,219.80000000000024,,,0.0,,,,,,,66,,
buyer_compatible_environment,same_siret,60,future_60m,all_appel_offre_sources,cpv_division,70,130,0.6230769230769231,53.96923076923077,0.0,13.0,215.10000000000002,411.55,566.0699999999999,580,9.0,95.80000000000004,,,0.0,,,,,,,70,,
buyer_compatible_environment,same_siret,60,future_60m,all_appel_offre_sources,cpv_division,71,6260,0.6613418530351438,41.884504792332265,0.0,9.0,134.0,327.0,556.4099999999999,826,9.0,141.20000000000027,,,0.0,,,,,,,71,,
buyer_compatible_environment,same_siret,60,future_60m,all_appel_offre_sources,cpv_division,72,1076,0.6951672862453532,51.11617100371747,0.0,6.0,222.5,388.75,548.0,656,7.0,119.30000000000001,,,0.0,,,,,,,72,,
buyer_compatible_environment,same_siret,60,future_60m,all_appel_offre_sources,cpv_division,73,47,0.8085106382978723,25.25531914893617,0.0,0.0,57.599999999999916,197.7,322.43999999999994,362,56.0,210.20000000000002,,,0.0,,,,,,,73,,
buyer_compatible_environment,same_siret,60,future_60m,all_appel_offre_sources,cpv_division,75,349,0.6561604584527221,42.372492836676216,0.0,12.0,173.99999999999994,300.5999999999998,480.59999999999945,662,9.5,104.60000000000005,,,0.0,,,,,,,75,,
buyer_compatible_environment,same_siret,60,future_60m,all_appel_offre_sources,cpv_division,76,1,1.0,0.0,0.0,0.0,0.0,0.0,0.0,0,,,,,0.0,,,,,,,76,,
buyer_compatible_environment,same_siret,60,future_60m,all_appel_offre_sources,cpv_division,77,741,0.6221322537112011,35.51686909581647,0.0,11.0,80.0,261.0,536.0,827,16.0,113.29999999999998,,,0.0,,,,,,,77,,
buyer_compatible_environment,same_siret,60,future_60m,all_appel_offre_sources,cpv_division,79,2894,0.6879751209398756,53.431237042156184,0.0,9.0,231.70000000000027,419.3499999999999,574.0,779,7.0,92.60000000000014,,,0.0,,,,,,,79,,
buyer_compatible_environment,same_siret,60,future_60m,all_appel_offre_sources,cpv_division,80,581,0.76592082616179,38.51290877796902,0.0,0.0,132.0,339.0,548.6000000000004,610,8.0,100.5,,,0.0,,,,,,,80,,
buyer_compatible_environment,same_siret,60,future_60m,all_appel_offre_sources,cpv_division,85,416,0.6899038461538461,35.25480769230769,0.0,6.5,140.0,227.25,465.550000000001,583,6.0,116.2,,,0.0,,,,,,,85,,
buyer_compatible_environment,same_siret,60,future_60m,all_appel_offre_sources,cpv_division,90,2769,0.6561935716865295,30.255687973997833,0.0,6.0,52.0,226.39999999999918,555.6000000000008,805,17.0,137.79999999999995,,,0.0,,,,,,,90,,
buyer_compatible_environment,same_siret,60,future_60m,all_appel_offre_sources,cpv_division,92,628,0.7133757961783439,37.96656050955414,0.0,5.25,104.6000000000015,271.54999999999984,551.0300000000002,614,9.0,99.1,,,0.0,,,,,,,92,,
buyer_compatible_environment,same_siret,60,future_60m,all_appel_offre_sources,cpv_division,98,301,0.6511627906976745,33.415282392026576,0.0,10.0,105.0,227.0,498.0,773,8.0,125.40000000000003,,,0.0,,,,,,,98,,
buyer_compatible_environment,same_siret,60,future_60m,all_appel_offre_sources,cpv_division,nan,12460,0.9860353130016052,0.6043338683788122,0.0,0.0,0.0,0.0,5.0,569,28.5,254.9000000000003,,,0.0,,,,,,,,,
production_candidate_environment,production_boamp_only,6,expected_end_plus_minus_6m_cap30,production_digital_appel_offre_sources,cpv_division,09,1,1.0,0.0,0.0,0.0,0.0,0.0,0.0,0,,,0.0,0.0,0.0,,,,,,,09,,
production_candidate_environment,production_boamp_only,6,expected_end_plus_minus_6m_cap30,production_digital_appel_offre_sources,cpv_division,16,1,1.0,0.0,0.0,0.0,0.0,0.0,0.0,0,,,0.0,0.0,0.0,,,,,,,16,,
production_candidate_environment,production_boamp_only,6,expected_end_plus_minus_6m_cap30,production_digital_appel_offre_sources,cpv_division,22,3,0.3333333333333333,1.3333333333333333,1.0,2.0,2.6,2.8,2.96,3,246.0,383.6,1.0,2.6,0.0,0.12769270416407236,,,,,,22,,
production_candidate_environment,production_boamp_only,6,expected_end_plus_minus_6m_cap30,production_digital_appel_offre_sources,cpv_division,30,203,0.6551724137931034,1.4334975369458127,0.0,1.0,4.800000000000011,8.899999999999977,14.95999999999998,19,749.0,920.1,0.0,4.0,0.0,0.09928098402980555,,,,,,30,,
production_candidate_environment,production_boamp_only,6,expected_end_plus_minus_6m_cap30,production_digital_appel_offre_sources,cpv_division,31,5,0.4,1.8,1.0,2.0,4.4,5.199999999999999,5.84,6,48.0,359.20000000000005,1.0,3.8000000000000003,0.0,0.1263080702442666,,,,,,31,,
production_candidate_environment,production_boamp_only,6,expected_end_plus_minus_6m_cap30,production_digital_appel_offre_sources,cpv_division,32,370,0.6972972972972973,1.1513513513513514,0.0,1.0,3.0,6.0,17.0,22,1068.5,1273.6,0.0,3.0,0.0,0.08461916738827871,,,,,,32,,
production_candidate_environment,production_boamp_only,6,expected_end_plus_minus_6m_cap30,production_digital_appel_offre_sources,cpv_division,33,10,0.2,4.4,3.5,8.0,9.1,9.549999999999999,9.91,10,77.0,195.89999999999998,3.5,9.0,0.0,0.08627113504141334,,,,,,33,,
production_candidate_environment,production_boamp_only,6,expected_end_plus_minus_6m_cap30,production_digital_appel_offre_sources,cpv_division,34,2,1.0,0.0,0.0,0.0,0.0,0.0,0.0,0,,,0.0,0.0,0.0,,,,,,,34,,
production_candidate_environment,production_boamp_only,6,expected_end_plus_minus_6m_cap30,production_digital_appel_offre_sources,cpv_division,35,157,0.6496815286624203,1.2229299363057324,0.0,1.0,3.4000000000000057,6.0,12.879999999999995,22,1445.0,1561.4,0.0,3.4000000000000057,0.0,0.109456154368604,,,,,,35,,
production_candidate_environment,production_boamp_only,6,expected_end_plus_minus_6m_cap30,production_digital_appel_offre_sources,cpv_division,38,13,0.6153846153846154,0.9230769230769231,0.0,2.0,2.8000000000000007,3.3999999999999986,3.879999999999999,4,326.0,461.6,0.0,2.8000000000000007,0.0,0.0664853373177899,,,,,,38,,
production_candidate_environment,production_boamp_only,6,expected_end_plus_minus_6m_cap30,production_digital_appel_offre_sources,cpv_division,39,10,0.3,3.4,3.0,5.75,8.0,8.0,8.0,8,569.0,661.2,2.0,7.0,0.0,0.0222139448812177,,,,,,39,,
production_candidate_environment,production_boamp_only,6,expected_end_plus_minus_6m_cap30,production_digital_appel_offre_sources,cpv_division,42,19,0.5789473684210527,2.3157894736842106,0.0,2.0,9.599999999999998,12.099999999999998,12.82,13,285.0,470.2,0.0,7.9999999999999964,0.0,0.0589280733895133,,,,,,42,,
production_candidate_environment,production_boamp_only,6,expected_end_plus_minus_6m_cap30,production_digital_appel_offre_sources,cpv_division,43,1,0.0,2.0,2.0,2.0,2.0,2.0,2.0,2,131.0,131.0,2.0,2.0,0.0,0.368025057114102,,,,,,43,,
production_candidate_environment,production_boamp_only,6,expected_end_plus_minus_6m_cap30,production_digital_appel_offre_sources,cpv_division,44,6,0.16666666666666666,4.833333333333333,6.0,6.75,7.0,7.0,7.0,7,32.0,137.6,5.5,7.0,0.0,0.0418996611110831,,,,,,44,,
production_candidate_environment,production_boamp_only,6,expected_end_plus_minus_6m_cap30,production_digital_appel_offre_sources,cpv_division,45,87,0.5862068965517241,1.9195402298850575,0.0,2.0,6.0,8.400000000000006,13.66000000000001,30,316.0,488.5,0.0,4.400000000000006,0.0,0.059674387095814546,,,,,,45,,
production_candidate_environment,production_boamp_only,6,expected_end_plus_minus_6m_cap30,production_digital_appel_offre_sources,cpv_division,48,466,0.6416309012875536,1.9678111587982832,0.0,2.0,7.0,10.75,22.0,24,1418.0,1623.4,0.0,6.0,0.0,0.0704454169109268,,,,,,48,,
production_candidate_environment,production_boamp_only,6,expected_end_plus_minus_6m_cap30,production_digital_appel_offre_sources,cpv_division,50,50,0.64,1.42,0.0,1.0,4.100000000000001,8.099999999999994,11.529999999999994,13,1042.5,1292.5,0.0,4.100000000000001,0.0,0.05468793299322605,,,,,,50,,
production_candidate_environment,production_boamp_only,6,expected_end_plus_minus_6m_cap30,production_digital_appel_offre_sources,cpv_division,51,1,0.0,2.0,2.0,2.0,2.0,2.0,2.0,2,256.0,256.0,2.0,2.0,0.0,0.0959568654597361,,,,,,51,,
production_candidate_environment,production_boamp_only,6,expected_end_plus_minus_6m_cap30,production_digital_appel_offre_sources,cpv_division,55,1,1.0,0.0,0.0,0.0,0.0,0.0,0.0,0,,,0.0,0.0,0.0,,,,,,,55,,
production_candidate_environment,production_boamp_only,6,expected_end_plus_minus_6m_cap30,production_digital_appel_offre_sources,cpv_division,64,9,0.4444444444444444,5.777777777777778,1.0,10.0,18.200000000000003,20.599999999999998,22.52,23,122.0,227.6,1.0,16.0,0.0,0.0636836239261725,,,,,,64,,
production_candidate_environment,production_boamp_only,6,expected_end_plus_minus_6m_cap30,production_digital_appel_offre_sources,cpv_division,65,1,1.0,0.0,0.0,0.0,0.0,0.0,0.0,0,,,0.0,0.0,0.0,,,,,,,65,,
production_candidate_environment,production_boamp_only,6,expected_end_plus_minus_6m_cap30,production_digital_appel_offre_sources,cpv_division,66,6,0.6666666666666666,1.8333333333333333,0.0,2.25,5.5,6.75,7.750000000000001,8,1008.5,1092.9,0.0,5.5,0.0,0.0621167164000182,,,,,,66,,
production_candidate_environment,production_boamp_only,6,expected_end_plus_minus_6m_cap30,production_digital_appel_offre_sources,cpv_division,71,56,0.6964285714285714,1.4642857142857142,0.0,1.0,6.0,8.0,9.350000000000009,11,987.0,1184.8,0.0,6.0,0.0,0.0585870947280583,,,,,,71,,
production_candidate_environment,production_boamp_only,6,expected_end_plus_minus_6m_cap30,production_digital_appel_offre_sources,cpv_division,72,889,0.6670416197975253,1.768278965129359,0.0,2.0,6.0,10.0,19.120000000000005,24,1421.0,1598.5,0.0,5.0,0.0,0.0837932249403894,,,,,,72,,
production_candidate_environment,production_boamp_only,6,expected_end_plus_minus_6m_cap30,production_digital_appel_offre_sources,cpv_division,75,7,0.2857142857142857,1.1428571428571428,1.0,1.0,2.200000000000001,3.099999999999998,3.8199999999999985,4,93.0,304.20000000000005,1.0,2.200000000000001,0.0,0.230787854517227,,,,,,75,,
production_candidate_environment,production_boamp_only,6,expected_end_plus_minus_6m_cap30,production_digital_appel_offre_sources,cpv_division,77,1,1.0,0.0,0.0,0.0,0.0,0.0,0.0,0,,,0.0,0.0,0.0,,,,,,,77,,
production_candidate_environment,production_boamp_only,6,expected_end_plus_minus_6m_cap30,production_digital_appel_offre_sources,cpv_division,79,59,0.6610169491525424,2.7796610169491527,0.0,3.0,10.0,18.19999999999999,22.0,22,1444.5,1591.4,0.0,9.200000000000003,0.0,0.04547287946226805,,,,,,79,,
production_candidate_environment,production_boamp_only,6,expected_end_plus_minus_6m_cap30,production_digital_appel_offre_sources,cpv_division,80,19,0.7368421052631579,2.210526315789474,0.0,1.0,6.399999999999995,12.699999999999985,17.740000000000002,19,418.0,553.8,0.0,6.399999999999995,0.0,0.0270493189734787,,,,,,80,,
production_candidate_environment,production_boamp_only,6,expected_end_plus_minus_6m_cap30,production_digital_appel_offre_sources,cpv_division,85,7,0.5714285714285714,2.142857142857143,0.0,1.5,6.0000000000000036,8.999999999999993,11.399999999999995,12,80.0,104.0,0.0,6.0000000000000036,0.0,0.067071835304424,,,,,,85,,
production_candidate_environment,production_boamp_only,6,expected_end_plus_minus_6m_cap30,production_digital_appel_offre_sources,cpv_division,90,4,0.25,1.5,1.0,1.75,3.1000000000000005,3.549999999999999,3.9099999999999993,4,1154.0,1207.6,1.0,3.1000000000000005,0.0,0.1297906283829164,,,,,,90,,
production_candidate_environment,production_boamp_only,6,expected_end_plus_minus_6m_cap30,production_digital_appel_offre_sources,cpv_division,92,13,0.15384615384615385,3.0,2.0,3.0,4.800000000000001,7.79999999999999,11.159999999999993,12,406.0,523.0,2.0,3.8000000000000007,0.0,0.0598069910243102,,,,,,92,,
production_candidate_environment,production_boamp_only,6,expected_end_plus_minus_6m_cap30,production_digital_appel_offre_sources,cpv_division,nan,682,0.4560117302052786,2.7888563049853374,1.0,3.0,8.0,16.0,23.18999999999994,30,69.0,275.0,1.0,7.0,0.0,0.0929111502848152,,,,,,,,
production_candidate_environment,production_enriched,6,expected_end_plus_minus_6m_cap30,production_digital_appel_offre_sources,cpv_division,09,1,1.0,0.0,0.0,0.0,0.0,0.0,0.0,0,,,0.0,0.0,0.0,,,,,,,09,,
production_candidate_environment,production_enriched,6,expected_end_plus_minus_6m_cap30,production_digital_appel_offre_sources,cpv_division,16,1,1.0,0.0,0.0,0.0,0.0,0.0,0.0,0,,,0.0,0.0,0.0,,,,,,,16,,
production_candidate_environment,production_enriched,6,expected_end_plus_minus_6m_cap30,production_digital_appel_offre_sources,cpv_division,22,3,0.3333333333333333,1.3333333333333333,1.0,2.0,2.6,2.8,2.96,3,246.0,383.6,1.0,2.6,0.0,0.12769270416407236,,,,,,22,,
production_candidate_environment,production_enriched,6,expected_end_plus_minus_6m_cap30,production_digital_appel_offre_sources,cpv_division,30,203,0.5517241379310345,2.206896551724138,0.0,2.0,8.0,12.899999999999977,17.0,21,734.0,884.0,0.0,7.0,0.0,0.0802844789371826,,,,,,30,,
production_candidate_environment,production_enriched,6,expected_end_plus_minus_6m_cap30,production_digital_appel_offre_sources,cpv_division,31,5,0.4,1.8,1.0,2.0,4.4,5.199999999999999,5.84,6,48.0,359.20000000000005,1.0,3.8000000000000003,0.0,0.1263080702442666,,,,,,31,,
production_candidate_environment,production_enriched,6,expected_end_plus_minus_6m_cap30,production_digital_appel_offre_sources,cpv_division,32,370,0.6027027027027027,1.8,0.0,2.0,5.0,9.0,17.0,22,1056.0,1253.8,0.0,5.0,0.0,0.0769520701103366,,,,,,32,,
production_candidate_environment,production_enriched,6,expected_end_plus_minus_6m_cap30,production_digital_appel_offre_sources,cpv_division,33,10,0.2,5.1,5.5,8.75,9.1,9.549999999999999,9.91,10,60.0,195.89999999999998,5.5,9.0,0.0,0.0798759739520826,,,,,,33,,
production_candidate_environment,production_enriched,6,expected_end_plus_minus_6m_cap30,production_digital_appel_offre_sources,cpv_division,34,2,1.0,0.0,0.0,0.0,0.0,0.0,0.0,0,,,0.0,0.0,0.0,,,,,,,34,,
production_candidate_environment,production_enriched,6,expected_end_plus_minus_6m_cap30,production_digital_appel_offre_sources,cpv_division,35,157,0.5859872611464968,1.643312101910828,0.0,2.0,5.0,9.0,15.319999999999993,22,1437.0,1611.6000000000001,0.0,5.0,0.0,0.1075322695844639,,,,,,35,,
production_candidate_environment,production_enriched,6,expected_end_plus_minus_6m_cap30,production_digital_appel_offre_sources,cpv_division,38,13,0.46153846153846156,1.4615384615384615,1.0,3.0,3.8000000000000007,4.0,4.0,4,326.0,516.8000000000001,1.0,3.8000000000000007,0.0,0.0656591382403724,,,,,,38,,
production_candidate_environment,production_enriched,6,expected_end_plus_minus_6m_cap30,production_digital_appel_offre_sources,cpv_division,39,10,0.3,4.7,5.5,8.0,8.0,8.0,8.0,8,569.0,661.2,4.5,7.0,0.0,0.0222139448812177,,,,,,39,,
production_candidate_environment,production_enriched,6,expected_end_plus_minus_6m_cap30,production_digital_appel_offre_sources,cpv_division,42,19,0.5263157894736842,2.3684210526315788,0.0,2.0,9.599999999999998,12.099999999999998,12.82,13,354.0,492.4,0.0,7.9999999999999964,0.0,0.0804682898290842,,,,,,42,,
production_candidate_environment,production_enriched,6,expected_end_plus_minus_6m_cap30,production_digital_appel_offre_sources,cpv_division,43,1,0.0,4.0,4.0,4.0,4.0,4.0,4.0,4,122.0,122.0,4.0,4.0,0.0,0.3680250571141019,,,,,,43,,
production_candidate_environment,production_enriched,6,expected_end_plus_minus_6m_cap30,production_digital_appel_offre_sources,cpv_division,44,6,0.16666666666666666,4.833333333333333,6.0,6.75,7.0,7.0,7.0,7,32.0,137.6,5.5,7.0,0.0,0.0418996611110831,,,,,,44,,
production_candidate_environment,production_enriched,6,expected_end_plus_minus_6m_cap30,production_digital_appel_offre_sources,cpv_division,45,87,0.5287356321839081,2.1494252873563218,0.0,3.0,6.0,8.400000000000006,18.540000000000006,28,324.0,477.0,0.0,5.0,0.0,0.0739857867542292,,,,,,45,,
production_candidate_environment,production_enriched,6,expected_end_plus_minus_6m_cap30,production_digital_appel_offre_sources,cpv_division,48,466,0.5536480686695279,2.671673819742489,0.0,3.0,10.0,14.0,22.0,24,1413.0,1602.3,0.0,9.0,0.0,0.074593227300434,,,,,,48,,
production_candidate_environment,production_enriched,6,expected_end_plus_minus_6m_cap30,production_digital_appel_offre_sources,cpv_division,50,50,0.5,1.96,0.5,3.0,5.200000000000003,9.099999999999994,14.039999999999992,16,1072.0,1263.8,0.5,4.100000000000001,0.0,0.1051733870371924,,,,,,50,,
production_candidate_environment,production_enriched,6,expected_end_plus_minus_6m_cap30,production_digital_appel_offre_sources,cpv_division,51,1,0.0,2.0,2.0,2.0,2.0,2.0,2.0,2,256.0,256.0,2.0,2.0,0.0,0.0959568654597361,,,,,,51,,
production_candidate_environment,production_enriched,6,expected_end_plus_minus_6m_cap30,production_digital_appel_offre_sources,cpv_division,55,1,1.0,0.0,0.0,0.0,0.0,0.0,0.0,0,,,0.0,0.0,0.0,,,,,,,55,,
production_candidate_environment,production_enriched,6,expected_end_plus_minus_6m_cap30,production_digital_appel_offre_sources,cpv_division,64,9,0.4444444444444444,5.777777777777778,1.0,10.0,18.200000000000003,20.599999999999998,22.52,23,122.0,227.6,1.0,16.0,0.0,0.0636836239261725,,,,,,64,,
production_candidate_environment,production_enriched,6,expected_end_plus_minus_6m_cap30,production_digital_appel_offre_sources,cpv_division,65,1,1.0,0.0,0.0,0.0,0.0,0.0,0.0,0,,,0.0,0.0,0.0,,,,,,,65,,
production_candidate_environment,production_enriched,6,expected_end_plus_minus_6m_cap30,production_digital_appel_offre_sources,cpv_division,66,6,0.6666666666666666,3.0,0.0,2.25,9.0,12.0,14.400000000000002,15,1001.5,1091.5,0.0,9.0,0.0,0.043389307795644455,,,,,,66,,
production_candidate_environment,production_enriched,6,expected_end_plus_minus_6m_cap30,production_digital_appel_offre_sources,cpv_division,71,56,0.5535714285714286,2.625,0.0,5.0,8.0,13.25,14.450000000000003,15,996.0,1163.0,0.0,6.0,0.0,0.0621350827645969,,,,,,71,,
production_candidate_environment,production_enriched,6,expected_end_plus_minus_6m_cap30,production_digital_appel_offre_sources,cpv_division,72,889,0.5590551181102362,2.577052868391451,0.0,4.0,8.0,13.0,19.0,24,1418.0,1592.0,0.0,7.0,0.0,0.0690752228787557,,,,,,72,,
production_candidate_environment,production_enriched,6,expected_end_plus_minus_6m_cap30,production_digital_appel_offre_sources,cpv_division,75,7,0.2857142857142857,1.1428571428571428,1.0,1.0,2.200000000000001,3.099999999999998,3.8199999999999985,4,93.0,304.20000000000005,1.0,2.200000000000001,0.0,0.230787854517227,,,,,,75,,
production_candidate_environment,production_enriched,6,expected_end_plus_minus_6m_cap30,production_digital_appel_offre_sources,cpv_division,77,1,1.0,0.0,0.0,0.0,0.0,0.0,0.0,0,,,0.0,0.0,0.0,,,,,,,77,,
production_candidate_environment,production_enriched,6,expected_end_plus_minus_6m_cap30,production_digital_appel_offre_sources,cpv_division,79,59,0.5423728813559322,3.288135593220339,0.0,4.5,10.400000000000006,18.099999999999994,22.0,22,1435.0,1607.4,0.0,10.400000000000006,0.0,0.0949914006203001,,,,,,79,,
production_candidate_environment,production_enriched,6,expected_end_plus_minus_6m_cap30,production_digital_appel_offre_sources,cpv_division,80,19,0.5789473684210527,3.5789473684210527,0.0,4.5,12.399999999999999,14.49999999999999,18.1,19,204.0,437.5,0.0,12.399999999999999,0.0,0.0251578506772198,,,,,,80,,
production_candidate_environment,production_enriched,6,expected_end_plus_minus_6m_cap30,production_digital_appel_offre_sources,cpv_division,85,7,0.42857142857142855,2.4285714285714284,1.0,2.0,6.0000000000000036,8.999999999999993,11.399999999999995,12,65.0,101.0,1.0,6.0000000000000036,0.0,0.06944702251255525,,,,,,85,,
production_candidate_environment,production_enriched,6,expected_end_plus_minus_6m_cap30,production_digital_appel_offre_sources,cpv_division,90,4,0.25,4.75,1.0,5.0,12.200000000000003,14.599999999999994,16.519999999999996,17,1154.0,1207.6,1.0,12.200000000000003,0.0,0.1278339903635567,,,,,,90,,
production_candidate_environment,production_enriched,6,expected_end_plus_minus_6m_cap30,production_digital_appel_offre_sources,cpv_division,92,13,0.0,4.615384615384615,3.0,7.0,7.800000000000001,10.79999999999999,14.159999999999993,15,356.0,504.6000000000001,3.0,6.800000000000001,0.0,0.0598069910243102,,,,,,92,,
production_candidate_environment,production_enriched,6,expected_end_plus_minus_6m_cap30,production_digital_appel_offre_sources,cpv_division,nan,682,0.41348973607038125,3.2873900293255134,1.0,4.0,10.0,17.0,23.18999999999994,30,64.5,269.20000000000005,1.0,9.0,0.0,0.09288108778365095,,,,,,,,
ambient_future_environment,all_future_notices,6,future_6m,all_appel_offre_sources,duration_availability,declared_duration_observed,9870,0.0,3366.728672745694,3709.0,3899.0,4087.0,4161.0,4246.0,4277,1.0,1.0,,,0.0,,,,,,,,declared_duration_observed,
ambient_future_environment,all_future_notices,6,future_6m,all_appel_offre_sources,duration_availability,duration_imputed,2795,0.0,3688.4100178890876,3699.0,3868.0,4023.0,4084.0,4314.0,4341,1.0,1.0,,,0.0,,,,,,,,duration_imputed,
ambient_future_environment,all_future_notices,6,future_6m,all_appel_offre_sources,duration_availability,duration_missing,45627,0.0,3700.6663379139545,3717.0,3889.0,4041.0,4097.0,4314.0,4342,1.0,1.0,,,0.0,,,,,,,,duration_missing,
ambient_future_environment,all_future_notices,12,future_12m,all_appel_offre_sources,duration_availability,declared_duration_observed,9870,0.0,5980.317223910841,7358.0,7718.0,7785.0,7799.0,7844.3099999999995,7866,1.0,1.0,,,0.0,,,,,,,,declared_duration_observed,
ambient_future_environment,all_future_notices,12,future_12m,all_appel_offre_sources,duration_availability,duration_imputed,2795,0.0,7373.250089445438,7371.0,7725.0,7856.0,7971.0,8058.0,8090,1.0,1.0,,,0.0,,,,,,,,duration_imputed,
ambient_future_environment,all_future_notices,12,future_12m,all_appel_offre_sources,duration_availability,duration_missing,45627,0.0,7357.377517697854,7402.0,7728.0,7861.0,7987.0,8059.0,8107,1.0,1.0,,,0.0,,,,,,,,duration_missing,
ambient_future_environment,all_future_notices,24,future_24m,all_appel_offre_sources,duration_availability,declared_duration_observed,9870,0.0,8768.305977710233,8940.0,13611.0,15146.0,15228.0,15391.0,15416,1.0,1.0,,,0.0,,,,,,,,declared_duration_observed,
ambient_future_environment,all_future_notices,24,future_24m,all_appel_offre_sources,duration_availability,duration_imputed,2795,0.0,14734.392844364937,14851.0,15410.5,15694.0,15736.0,15798.06,15868,1.0,1.0,,,0.0,,,,,,,,duration_imputed,
ambient_future_environment,all_future_notices,24,future_24m,all_appel_offre_sources,duration_availability,duration_missing,45627,0.0,14606.113112849847,14854.0,15408.0,15694.0,15737.0,15806.0,15868,1.0,1.0,,,0.0,,,,,,,,duration_missing,
ambient_future_environment,all_future_notices,36,future_36m,all_appel_offre_sources,duration_availability,declared_duration_observed,9870,0.0,9105.44062816616,8940.0,13611.0,16842.0,17823.0,18613.0,18820,1.0,1.0,,,0.0,,,,,,,,declared_duration_observed,
ambient_future_environment,all_future_notices,36,future_36m,all_appel_offre_sources,duration_availability,duration_imputed,2795,0.0,21850.171735241503,22182.0,23104.0,23413.0,23446.3,23484.06,23520,1.0,1.0,,,0.0,,,,,,,,duration_imputed,
ambient_future_environment,all_future_notices,36,future_36m,all_appel_offre_sources,duration_availability,duration_missing,45627,0.0,21533.797269160805,22179.0,23100.0,23405.0,23449.0,23487.0,23520,1.0,1.0,,,0.0,,,,,,,,duration_missing,
ambient_future_environment,all_future_notices,60,future_60m,all_appel_offre_sources,duration_availability,declared_duration_observed,9870,0.0,9105.44062816616,8940.0,13611.0,16842.0,17823.0,18613.0,18820,1.0,1.0,,,0.0,,,,,,,,declared_duration_observed,
ambient_future_environment,all_future_notices,60,future_60m,all_appel_offre_sources,duration_availability,duration_imputed,2795,0.0,33966.74096601074,36647.0,37796.0,38090.2,38325.0,38525.06,38549,1.0,1.0,,,0.0,,,,,,,,duration_imputed,
ambient_future_environment,all_future_notices,60,future_60m,all_appel_offre_sources,duration_availability,duration_missing,45627,0.0,33192.11767155412,36622.0,37794.0,38105.0,38359.0,38531.0,38558,1.0,1.0,,,0.0,,,,,,,,duration_missing,
buyer_compatible_environment,alias_compatible_boamp_key,6,future_6m,all_appel_offre_sources,duration_availability,declared_duration_observed,9870,0.17325227963525835,20.382978723404257,6.0,25.0,65.0,100.0,121.0,207,8.0,76.0,,,0.0,,,,,,,,declared_duration_observed,
buyer_compatible_environment,alias_compatible_boamp_key,6,future_6m,all_appel_offre_sources,duration_availability,duration_imputed,2795,0.08228980322003578,33.002504472271916,15.0,46.0,89.0,123.0,200.0,233,7.0,58.0,,,0.0,,,,,,,,duration_imputed,
buyer_compatible_environment,alias_compatible_boamp_key,6,future_6m,all_appel_offre_sources,duration_availability,duration_missing,45627,0.10436802770289522,27.048392399237294,11.0,35.0,73.0,107.0,200.0,237,8.0,71.0,,,0.0,,,,,,,,duration_missing,
buyer_compatible_environment,alias_compatible_boamp_key,12,future_12m,all_appel_offre_sources,duration_availability,declared_duration_observed,9870,0.14954407294832828,34.15633232016211,10.0,41.0,112.0,163.0,224.0,304,9.0,91.0,,,0.0,,,,,,,,declared_duration_observed,
buyer_compatible_environment,alias_compatible_boamp_key,12,future_12m,all_appel_offre_sources,duration_availability,duration_imputed,2795,0.059033989266547404,63.88443649373882,29.0,89.0,167.5999999999999,224.89999999999918,401.1199999999999,426,7.0,71.0,,,0.0,,,,,,,,duration_imputed,
buyer_compatible_environment,alias_compatible_boamp_key,12,future_12m,all_appel_offre_sources,duration_availability,duration_missing,45627,0.07640213031757512,51.878580664957155,20.0,67.0,138.0,209.0,388.0,426,8.0,89.0,,,0.0,,,,,,,,duration_missing,
buyer_compatible_environment,alias_compatible_boamp_key,24,future_24m,all_appel_offre_sources,duration_availability,declared_duration_observed,9870,0.14295845997973658,46.48662613981763,12.0,50.0,149.0,227.0,374.0,465,9.0,96.0,,,0.0,,,,,,,,declared_duration_observed,
buyer_compatible_environment,alias_compatible_boamp_key,24,future_24m,all_appel_offre_sources,duration_availability,duration_imputed,2795,0.046511627906976744,119.26618962432916,51.0,159.0,295.5999999999999,430.0,790.2999999999997,825,7.0,81.0,,,0.0,,,,,,,,duration_imputed,
buyer_compatible_environment,alias_compatible_boamp_key,24,future_24m,all_appel_offre_sources,duration_availability,duration_missing,45627,0.06134525609836281,95.57575558331689,34.0,122.0,258.0,408.6999999999971,783.0,827,9.0,99.0,,,0.0,,,,,,,,duration_missing,
buyer_compatible_environment,alias_compatible_boamp_key,36,future_36m,all_appel_offre_sources,duration_availability,declared_duration_observed,9870,0.1425531914893617,47.718439716312055,12.0,51.0,150.0,230.0,402.619999999999,513,9.0,96.0,,,0.0,,,,,,,,declared_duration_observed,
buyer_compatible_environment,alias_compatible_boamp_key,36,future_36m,all_appel_offre_sources,duration_availability,duration_imputed,2795,0.04221824686940966,165.71055456171734,68.0,221.5,408.5999999999999,641.0,1167.0,1212,7.0,84.0,,,0.0,,,,,,,,duration_imputed,
buyer_compatible_environment,alias_compatible_boamp_key,36,future_36m,all_appel_offre_sources,duration_availability,duration_missing,45627,0.05617288009292743,131.43290157143795,44.0,158.0,361.0,567.0,1129.0,1212,9.0,103.0,,,0.0,,,,,,,,duration_missing,
buyer_compatible_environment,alias_compatible_boamp_key,60,future_60m,all_appel_offre_sources,duration_availability,declared_duration_observed,9870,0.1425531914893617,47.718439716312055,12.0,51.0,150.0,230.0,402.619999999999,513,9.0,96.0,,,0.0,,,,,,,,declared_duration_observed,
buyer_compatible_environment,alias_compatible_boamp_key,60,future_60m,all_appel_offre_sources,duration_availability,duration_imputed,2795,0.03935599284436494,231.895885509839,84.0,300.0,614.7999999999997,987.0999999999981,1812.3599999999997,1892,7.0,87.0,,,0.0,,,,,,,,duration_imputed,
buyer_compatible_environment,alias_compatible_boamp_key,60,future_60m,all_appel_offre_sources,duration_availability,duration_missing,45627,0.05209634646152497,181.31281916409145,54.0,211.0,502.0,735.0,1751.0,1897,9.0,107.0,,,0.0,,,,,,,,duration_missing,
buyer_compatible_environment,alias_compatible_l2_key,6,future_6m,production_digital_appel_offre_sources,duration_availability,declared_duration_observed,378,0.5687830687830688,1.1534391534391535,0.0,2.0,4.0,5.149999999999977,8.0,9,37.0,126.0,,,0.0,,,,,,,,declared_duration_observed,
buyer_compatible_environment,alias_compatible_l2_key,6,future_6m,production_digital_appel_offre_sources,duration_availability,duration_imputed,2781,0.44588277597986337,1.8432218626393384,1.0,3.0,5.0,8.0,12.199999999999818,18,41.0,136.0,,,0.0,,,,,,,,duration_imputed,
buyer_compatible_environment,alias_compatible_l2_key,12,future_12m,production_digital_appel_offre_sources,duration_availability,declared_duration_observed,378,0.4894179894179894,1.8624338624338623,1.0,3.0,6.0,8.0,11.0,14,49.0,216.60000000000002,,,0.0,,,,,,,,declared_duration_observed,
buyer_compatible_environment,alias_compatible_l2_key,12,future_12m,production_digital_appel_offre_sources,duration_availability,duration_imputed,2781,0.34987414599065086,3.4631427544048905,1.0,5.0,10.0,15.0,23.0,30,53.0,233.0,,,0.0,,,,,,,,duration_imputed,
buyer_compatible_environment,alias_compatible_l2_key,24,future_24m,production_digital_appel_offre_sources,duration_availability,declared_duration_observed,378,0.4576719576719577,2.5978835978835977,1.0,3.0,9.0,12.0,19.0,21,55.0,257.59999999999997,,,0.0,,,,,,,,declared_duration_observed,
buyer_compatible_environment,alias_compatible_l2_key,24,future_24m,production_digital_appel_offre_sources,duration_availability,duration_imputed,2781,0.280834232290543,6.299172959367134,2.0,8.0,17.0,28.0,44.0,49,64.0,354.2000000000003,,,0.0,,,,,,,,duration_imputed,
buyer_compatible_environment,alias_compatible_l2_key,36,future_36m,production_digital_appel_offre_sources,duration_availability,declared_duration_observed,378,0.4576719576719577,2.6375661375661377,1.0,3.0,9.0,12.0,19.230000000000018,22,55.0,257.59999999999997,,,0.0,,,,,,,,declared_duration_observed,
buyer_compatible_environment,alias_compatible_l2_key,36,future_36m,production_digital_appel_offre_sources,duration_availability,duration_imputed,2781,0.25026968716289105,8.611650485436893,3.0,11.0,24.0,33.0,65.0,71,70.0,440.60000000000014,,,0.0,,,,,,,,duration_imputed,
buyer_compatible_environment,alias_compatible_l2_key,60,future_60m,production_digital_appel_offre_sources,duration_availability,declared_duration_observed,378,0.4576719576719577,2.6375661375661377,1.0,3.0,9.0,12.0,19.230000000000018,22,55.0,257.59999999999997,,,0.0,,,,,,,,declared_duration_observed,
buyer_compatible_environment,alias_compatible_l2_key,60,future_60m,production_digital_appel_offre_sources,duration_availability,duration_imputed,2781,0.22761596548004315,11.931319669183747,4.0,15.0,33.0,44.0,103.0,110,73.0,525.0,,,0.0,,,,,,,,duration_imputed,
buyer_compatible_environment,same_normalized_name,6,future_6m,all_appel_offre_sources,duration_availability,declared_duration_observed,9870,0.16028368794326242,24.502634245187437,8.0,31.0,68.0,107.0,181.0,206,7.0,68.0,,,0.0,,,,,,,,declared_duration_observed,
buyer_compatible_environment,same_normalized_name,6,future_6m,all_appel_offre_sources,duration_availability,duration_imputed,2795,0.06583184257602863,41.0525939177102,20.0,58.0,120.0,153.29999999999973,200.0,233,5.0,51.0,,,0.0,,,,,,,,duration_imputed,
buyer_compatible_environment,same_normalized_name,6,future_6m,all_appel_offre_sources,duration_availability,duration_missing,45627,0.08797422578736275,32.896201810331604,14.0,46.0,89.0,134.6999999999971,201.0,237,7.0,64.0,,,0.0,,,,,,,,duration_missing,
buyer_compatible_environment,same_normalized_name,12,future_12m,all_appel_offre_sources,duration_availability,declared_duration_observed,9870,0.13850050658561297,42.21621073961499,12.0,52.0,126.0,171.0,346.0,379,7.0,84.0,,,0.0,,,,,,,,declared_duration_observed,
buyer_compatible_environment,same_normalized_name,12,future_12m,all_appel_offre_sources,duration_availability,duration_imputed,2795,0.049731663685152055,79.47155635062612,37.0,112.0,247.5999999999999,303.0,401.1199999999999,426,6.0,58.0,,,0.0,,,,,,,,duration_imputed,
buyer_compatible_environment,same_normalized_name,12,future_12m,all_appel_offre_sources,duration_availability,duration_missing,45627,0.0639314441010805,63.125123282267076,25.0,90.0,167.0,273.0,388.0,426,7.0,79.0,,,0.0,,,,,,,,duration_missing,
buyer_compatible_environment,same_normalized_name,24,future_24m,all_appel_offre_sources,duration_availability,declared_duration_observed,9870,0.1326241134751773,60.29371833839919,16.0,67.75,193.0,275.0,522.0,712,8.0,88.0,,,0.0,,,,,,,,declared_duration_observed,
buyer_compatible_environment,same_normalized_name,24,future_24m,all_appel_offre_sources,duration_availability,duration_imputed,2795,0.04042933810375671,149.57316636851522,63.0,215.0,482.1999999999998,587.0,790.2999999999997,825,6.0,64.0,,,0.0,,,,,,,,duration_imputed,
buyer_compatible_environment,same_normalized_name,24,future_24m,all_appel_offre_sources,duration_availability,duration_missing,45627,0.05054025029039823,117.79891292436496,44.0,168.0,309.0,548.6999999999971,783.0,827,7.0,88.0,,,0.0,,,,,,,,duration_missing,
buyer_compatible_environment,same_normalized_name,36,future_36m,all_appel_offre_sources,duration_availability,declared_duration_observed,9870,0.13242147922998987,62.43718338399189,16.0,69.0,197.0,284.0,538.3099999999995,852,8.0,88.80000000000018,,,0.0,,,,,,,,declared_duration_observed,
buyer_compatible_environment,same_normalized_name,36,future_36m,all_appel_offre_sources,duration_availability,duration_imputed,2795,0.03506261180679785,211.1355992844365,81.0,301.0,651.3999999999992,868.0,1167.0,1212,6.0,68.0,,,0.0,,,,,,,,duration_imputed,
buyer_compatible_environment,same_normalized_name,36,future_36m,all_appel_offre_sources,duration_availability,duration_missing,45627,0.04670480198128301,164.86295395270344,58.0,231.0,428.0,793.0,1129.0,1212,7.0,91.0,,,0.0,,,,,,,,duration_missing,
buyer_compatible_environment,same_normalized_name,60,future_60m,all_appel_offre_sources,duration_availability,declared_duration_observed,9870,0.13242147922998987,62.43718338399189,16.0,69.0,197.0,284.0,538.3099999999995,852,8.0,88.80000000000018,,,0.0,,,,,,,,declared_duration_observed,
buyer_compatible_environment,same_normalized_name,60,future_60m,all_appel_offre_sources,duration_availability,duration_imputed,2795,0.03363148479427549,306.23470483005366,111.0,447.0,829.5999999999999,1394.099999999998,1812.3599999999997,1892,6.0,68.0,,,0.0,,,,,,,,duration_imputed,
buyer_compatible_environment,same_normalized_name,60,future_60m,all_appel_offre_sources,duration_availability,duration_missing,45627,0.04330769062178096,235.58699892607447,74.0,291.0,641.0,1224.3999999999942,1756.0,1897,7.0,93.0,,,0.0,,,,,,,,duration_missing,
buyer_compatible_environment,same_siren,6,future_6m,all_appel_offre_sources,duration_availability,declared_duration_observed,9870,0.5862208713272543,11.785714285714286,0.0,6.0,38.100000000000364,84.0,123.0,207,8.0,77.0,,,0.0,,,,,,,,declared_duration_observed,
buyer_compatible_environment,same_siren,6,future_6m,all_appel_offre_sources,duration_availability,duration_imputed,2795,0.8125223613595707,5.8007155635062615,0.0,0.0,18.0,47.0,94.05999999999995,144,7.0,67.89999999999992,,,0.0,,,,,,,,duration_imputed,
buyer_compatible_environment,same_siren,6,future_6m,all_appel_offre_sources,duration_availability,duration_missing,45627,0.8189230061148004,4.644530650711202,0.0,0.0,10.0,36.0,88.0,207,9.0,84.0,,,0.0,,,,,,,,duration_missing,
buyer_compatible_environment,same_siren,12,future_12m,all_appel_offre_sources,duration_availability,declared_duration_observed,9870,0.5764944275582573,19.26585612968592,0.0,10.0,57.0,138.0,236.0,304,8.0,89.0,,,0.0,,,,,,,,declared_duration_observed,
buyer_compatible_environment,same_siren,12,future_12m,all_appel_offre_sources,duration_availability,duration_imputed,2795,0.8050089445438283,11.318067978533096,0.0,0.0,37.0,90.29999999999973,177.05999999999995,249,7.0,95.20000000000016,,,0.0,,,,,,,,duration_imputed,
buyer_compatible_environment,same_siren,12,future_12m,all_appel_offre_sources,duration_availability,duration_missing,45627,0.8114712779713766,8.97003966949394,0.0,0.0,18.0,72.0,167.0,302,10.0,105.0,,,0.0,,,,,,,,duration_missing,
buyer_compatible_environment,same_siren,24,future_24m,all_appel_offre_sources,duration_availability,declared_duration_observed,9870,0.5742654508611955,26.004154002026343,0.0,13.0,72.0,168.0,388.0,465,8.5,91.90000000000009,,,0.0,,,,,,,,declared_duration_observed,
buyer_compatible_environment,same_siren,24,future_24m,all_appel_offre_sources,duration_availability,duration_imputed,2795,0.8028622540250447,21.068336314847944,0.0,0.0,72.0,167.89999999999918,303.05999999999995,462,7.0,104.0,,,0.0,,,,,,,,duration_imputed,
buyer_compatible_environment,same_siren,24,future_24m,all_appel_offre_sources,duration_availability,duration_missing,45627,0.8075262454248581,16.220571153045345,0.0,0.0,31.0,129.0,290.73999999999796,467,11.0,120.0,,,0.0,,,,,,,,duration_missing,
buyer_compatible_environment,same_siren,36,future_36m,all_appel_offre_sources,duration_availability,declared_duration_observed,9870,0.5740628166160081,26.65369807497467,0.0,13.0,72.0,169.0,408.0,513,9.0,92.0,,,0.0,,,,,,,,declared_duration_observed,
buyer_compatible_environment,same_siren,36,future_36m,all_appel_offre_sources,duration_availability,duration_imputed,2795,0.8025044722719141,29.24830053667263,0.0,0.0,95.79999999999973,251.49999999999864,396.05999999999995,591,7.0,104.90000000000003,,,0.0,,,,,,,,duration_imputed,
buyer_compatible_environment,same_siren,36,future_36m,all_appel_offre_sources,duration_availability,duration_missing,45627,0.8060139829486926,21.866285313520503,0.0,0.0,40.0,177.0,391.0,607,11.0,128.0,,,0.0,,,,,,,,duration_missing,
buyer_compatible_environment,same_siren,60,future_60m,all_appel_offre_sources,duration_availability,declared_duration_observed,9870,0.5740628166160081,26.65369807497467,0.0,13.0,72.0,169.0,408.0,513,9.0,92.0,,,0.0,,,,,,,,declared_duration_observed,
buyer_compatible_environment,same_siren,60,future_60m,all_appel_offre_sources,duration_availability,duration_imputed,2795,0.8010733452593918,39.39212880143113,0.0,0.0,111.59999999999991,341.0,581.06,811,7.0,109.0,,,0.0,,,,,,,,duration_imputed,
buyer_compatible_environment,same_siren,60,future_60m,all_appel_offre_sources,duration_availability,duration_missing,45627,0.8046770552523725,28.931685186402788,0.0,0.0,49.0,229.0,547.739999999998,831,11.0,134.0,,,0.0,,,,,,,,duration_missing,
buyer_compatible_environment,same_siret,6,future_6m,all_appel_offre_sources,duration_availability,declared_duration_observed,9870,0.5916919959473151,11.287234042553191,0.0,6.0,36.0,79.0,121.0,207,8.0,83.0,,,0.0,,,,,,,,declared_duration_observed,
buyer_compatible_environment,same_siret,6,future_6m,all_appel_offre_sources,duration_availability,duration_imputed,2795,0.813953488372093,5.640071556350626,0.0,0.0,17.0,46.0,93.05999999999995,144,7.0,74.10000000000002,,,0.0,,,,,,,,duration_imputed,
buyer_compatible_environment,same_siret,6,future_6m,all_appel_offre_sources,duration_availability,duration_missing,45627,0.8204791022859272,4.480767966335722,0.0,0.0,8.0,35.0,87.0,207,10.0,87.0,,,0.0,,,,,,,,duration_missing,
buyer_compatible_environment,same_siret,12,future_12m,all_appel_offre_sources,duration_availability,declared_duration_observed,9870,0.5807497467071935,18.419250253292805,0.0,9.0,54.0,133.54999999999927,224.0,304,9.0,95.0,,,0.0,,,,,,,,declared_duration_observed,
buyer_compatible_environment,same_siret,12,future_12m,all_appel_offre_sources,duration_availability,duration_imputed,2795,0.80608228980322,10.971735241502683,0.0,0.0,34.0,90.0,177.05999999999995,249,7.0,102.90000000000003,,,0.0,,,,,,,,duration_imputed,
buyer_compatible_environment,same_siret,12,future_12m,all_appel_offre_sources,duration_availability,duration_missing,45627,0.8128301225151774,8.64242663335306,0.0,0.0,16.0,70.0,167.0,302,11.0,109.0,,,0.0,,,,,,,,duration_missing,
buyer_compatible_environment,same_siret,24,future_24m,all_appel_offre_sources,duration_availability,declared_duration_observed,9870,0.5782168186423505,24.87001013171226,0.0,11.0,67.0,161.54999999999927,372.0,465,9.0,98.80000000000018,,,0.0,,,,,,,,declared_duration_observed,
buyer_compatible_environment,same_siret,24,future_24m,all_appel_offre_sources,duration_availability,duration_imputed,2795,0.8039355992844365,20.35885509838998,0.0,0.0,66.59999999999991,166.29999999999973,298.17999999999984,462,8.0,108.60000000000002,,,0.0,,,,,,,,duration_imputed,
buyer_compatible_environment,same_siret,24,future_24m,all_appel_offre_sources,duration_availability,duration_missing,45627,0.8087755057312556,15.580095119118067,0.0,0.0,27.0,127.0,288.0,467,12.0,125.0,,,0.0,,,,,,,,duration_missing,
buyer_compatible_environment,same_siret,36,future_36m,all_appel_offre_sources,duration_availability,declared_duration_observed,9870,0.5780141843971631,25.493313069908815,0.0,11.0,68.0,163.54999999999927,394.0,513,9.0,99.0,,,0.0,,,,,,,,declared_duration_observed,
buyer_compatible_environment,same_siret,36,future_36m,all_appel_offre_sources,duration_availability,duration_imputed,2795,0.8032200357781754,28.227549194991056,0.0,0.0,86.0,246.1999999999989,384.2399999999998,591,8.0,111.0,,,0.0,,,,,,,,duration_imputed,
buyer_compatible_environment,same_siret,36,future_36m,all_appel_offre_sources,duration_availability,duration_missing,45627,0.8072413264076095,20.94106559712451,0.0,0.0,34.0,170.0,381.0,607,12.0,132.0,,,0.0,,,,,,,,duration_missing,
buyer_compatible_environment,same_siret,60,future_60m,all_appel_offre_sources,duration_availability,declared_duration_observed,9870,0.5780141843971631,25.493313069908815,0.0,11.0,68.0,163.54999999999927,394.0,513,9.0,99.0,,,0.0,,,,,,,,declared_duration_observed,
buyer_compatible_environment,same_siret,60,future_60m,all_appel_offre_sources,duration_availability,duration_imputed,2795,0.8021466905187835,37.90125223613596,0.0,0.0,107.0,336.79999999999836,554.1799999999998,811,8.0,113.60000000000002,,,0.0,,,,,,,,duration_imputed,
buyer_compatible_environment,same_siret,60,future_60m,all_appel_offre_sources,duration_availability,duration_missing,45627,0.805992066101212,27.687641089705657,0.0,0.0,42.0,218.0,532.739999999998,831,12.0,139.0,,,0.0,,,,,,,,duration_missing,
production_candidate_environment,production_boamp_only,6,expected_end_plus_minus_6m_cap30,production_digital_appel_offre_sources,duration_availability,declared_duration_observed,378,0.7116402116402116,1.126984126984127,0.0,1.0,5.0,7.0,9.230000000000018,14,108.0,345.40000000000003,0.0,5.0,0.0,0.0595033428071236,,,,,,,declared_duration_observed,
production_candidate_environment,production_boamp_only,6,expected_end_plus_minus_6m_cap30,production_digital_appel_offre_sources,duration_availability,duration_imputed,2781,0.594750089895721,2.0535778496943546,0.0,2.0,6.0,10.0,22.0,30,1210.0,1529.0,0.0,6.0,0.0,0.0843719309219801,,,,,,,duration_imputed,
production_candidate_environment,production_enriched,6,expected_end_plus_minus_6m_cap30,production_digital_appel_offre_sources,duration_availability,declared_duration_observed,378,0.6428571428571429,1.8174603174603174,0.0,2.0,6.300000000000011,10.0,17.230000000000018,22,105.0,364.4000000000001,0.0,6.0,0.0,0.071498250380615,,,,,,,declared_duration_observed,
production_candidate_environment,production_enriched,6,expected_end_plus_minus_6m_cap30,production_digital_appel_offre_sources,duration_availability,duration_imputed,2781,0.5077310320028766,2.711614527148508,0.0,3.0,9.0,14.0,22.0,30,1279.0,1526.4,0.0,8.0,0.0,0.079101402920291,,,,,,,duration_imputed,
ambient_future_environment,all_future_notices,6,future_6m,all_appel_offre_sources,digital_segment,DIGITAL_ICT,3380,0.0,3636.2615384615383,3705.0,3872.0,4041.0,4105.049999999999,4311.0,4341,1.0,1.0,,,0.0,,,,,,,,,DIGITAL_ICT
ambient_future_environment,all_future_notices,6,future_6m,all_appel_offre_sources,digital_segment,NON_DIGITAL,54912,0.0,3643.984138257576,3716.0,3889.0,4049.0,4114.0,4307.0,4342,1.0,1.0,,,0.0,,,,,,,,,NON_DIGITAL
ambient_future_environment,all_future_notices,12,future_12m,all_appel_offre_sources,digital_segment,DIGITAL_ICT,3380,0.0,7142.823372781065,7376.0,7726.0,7837.0,7952.0,8055.42,8090,1.0,1.0,,,0.0,,,,,,,,,DIGITAL_ICT
ambient_future_environment,all_future_notices,12,future_12m,all_appel_offre_sources,digital_segment,NON_DIGITAL,54912,0.0,7123.8761290792545,7399.0,7725.0,7838.0,7963.449999999997,8057.0,8107,1.0,1.0,,,0.0,,,,,,,,,NON_DIGITAL
ambient_future_environment,all_future_notices,24,future_24m,all_appel_offre_sources,digital_segment,DIGITAL_ICT,3380,0.0,13734.590532544378,14770.0,15216.25,15682.0,15729.05,15794.0,15868,1.0,1.0,,,0.0,,,,,,,,,DIGITAL_ICT
ambient_future_environment,all_future_notices,24,future_24m,all_appel_offre_sources,digital_segment,NON_DIGITAL,54912,0.0,13616.987452651516,14772.0,15217.0,15681.0,15728.0,15800.0,15868,1.0,1.0,,,0.0,,,,,,,,,NON_DIGITAL
ambient_future_environment,all_future_notices,36,future_36m,all_appel_offre_sources,digital_segment,DIGITAL_ICT,3380,0.0,19678.93284023669,22123.0,22689.0,23343.2,23440.0,23479.42,23520,1.0,1.0,,,0.0,,,,,,,,,DIGITAL_ICT
ambient_future_environment,all_future_notices,36,future_36m,all_appel_offre_sources,digital_segment,NON_DIGITAL,54912,0.0,19430.173805361304,22120.0,22738.0,23347.0,23442.0,23482.0,23520,1.0,1.0,,,0.0,,,,,,,,,NON_DIGITAL
ambient_future_environment,all_future_notices,60,future_60m,all_appel_offre_sources,digital_segment,DIGITAL_ICT,3380,0.0,29698.403550295858,36476.0,37706.0,38009.0,38277.05,38517.84,38549,1.0,1.0,,,0.0,,,,,,,,,DIGITAL_ICT
ambient_future_environment,all_future_notices,60,future_60m,all_appel_offre_sources,digital_segment,NON_DIGITAL,54912,0.0,29117.203689539627,36436.0,37717.0,38046.0,38309.0,38529.0,38558,1.0,1.0,,,0.0,,,,,,,,,NON_DIGITAL
buyer_compatible_environment,alias_compatible_boamp_key,6,future_6m,all_appel_offre_sources,digital_segment,DIGITAL_ICT,3380,0.0878698224852071,32.18846153846154,14.0,46.0,89.0,113.0,196.42000000000007,233,7.0,59.80000000000018,,,0.0,,,,,,,,,DIGITAL_ICT
buyer_compatible_environment,alias_compatible_boamp_key,6,future_6m,all_appel_offre_sources,digital_segment,NON_DIGITAL,54912,0.11664117132867133,25.837011946386948,10.0,33.0,71.0,105.0,195.0,237,8.0,72.0,,,0.0,,,,,,,,,NON_DIGITAL
buyer_compatible_environment,alias_compatible_boamp_key,12,future_12m,all_appel_offre_sources,digital_segment,DIGITAL_ICT,3380,0.06656804733727811,61.18195266272189,26.0,87.0,164.0999999999999,218.0,396.21000000000004,426,7.0,72.59999999999991,,,0.0,,,,,,,,,DIGITAL_ICT
buyer_compatible_environment,alias_compatible_boamp_key,12,future_12m,all_appel_offre_sources,digital_segment,NON_DIGITAL,54912,0.0892701048951049,48.73158872377623,18.0,62.0,134.0,203.0,385.0,426,8.0,89.0,,,0.0,,,,,,,,,NON_DIGITAL
buyer_compatible_environment,alias_compatible_boamp_key,24,future_24m,all_appel_offre_sources,digital_segment,DIGITAL_ICT,3380,0.05562130177514793,110.12485207100592,42.0,149.0,286.0,422.0499999999997,787.0,825,7.0,81.0,,,0.0,,,,,,,,,DIGITAL_ICT
buyer_compatible_environment,alias_compatible_boamp_key,24,future_24m,all_appel_offre_sources,digital_segment,NON_DIGITAL,54912,0.07561188811188811,87.0626638986014,29.0,107.0,241.0,381.0,766.0,827,9.0,99.0,,,0.0,,,,,,,,,NON_DIGITAL
buyer_compatible_environment,alias_compatible_boamp_key,36,future_36m,all_appel_offre_sources,digital_segment,DIGITAL_ICT,3380,0.05207100591715976,148.78402366863907,52.0,196.0,388.0,609.0,1150.63,1212,7.0,83.0,,,0.0,,,,,,,,,DIGITAL_ICT
buyer_compatible_environment,alias_compatible_boamp_key,36,future_36m,all_appel_offre_sources,digital_segment,NON_DIGITAL,54912,0.07124125874125874,117.06259105477855,35.0,138.0,333.0,487.4499999999971,1120.0,1212,9.0,102.0,,,0.0,,,,,,,,,NON_DIGITAL
buyer_compatible_environment,alias_compatible_boamp_key,60,future_60m,all_appel_offre_sources,digital_segment,DIGITAL_ICT,3380,0.04970414201183432,203.51420118343196,66.0,256.25,551.0,858.2999999999984,1747.8400000000001,1892,7.0,85.0,,,0.0,,,,,,,,,DIGITAL_ICT
buyer_compatible_environment,alias_compatible_boamp_key,60,future_60m,all_appel_offre_sources,digital_segment,NON_DIGITAL,54912,0.06785402097902098,158.50837703962705,41.0,176.0,459.0,653.4499999999971,1679.0,1897,9.0,105.0,,,0.0,,,,,,,,,NON_DIGITAL
buyer_compatible_environment,alias_compatible_l2_key,6,future_6m,production_digital_appel_offre_sources,digital_segment,DIGITAL_ICT,3159,0.46058879392212726,1.7606837606837606,1.0,2.0,5.0,7.0,12.0,18,41.0,134.0,,,0.0,,,,,,,,,DIGITAL_ICT
buyer_compatible_environment,alias_compatible_l2_key,12,future_12m,production_digital_appel_offre_sources,digital_segment,DIGITAL_ICT,3159,0.36657169990503324,3.271604938271605,1.0,5.0,9.0,14.0,23.0,30,52.0,228.0,,,0.0,,,,,,,,,DIGITAL_ICT
buyer_compatible_environment,alias_compatible_l2_key,24,future_24m,production_digital_appel_offre_sources,digital_segment,DIGITAL_ICT,3159,0.301994301994302,5.856283634061412,2.0,7.5,16.0,24.0,43.0,49,63.0,342.60000000000014,,,0.0,,,,,,,,,DIGITAL_ICT
buyer_compatible_environment,alias_compatible_l2_key,36,future_36m,production_digital_appel_offre_sources,digital_segment,DIGITAL_ICT,3159,0.27508705286483065,7.8968027856916745,3.0,10.0,22.0,31.0,65.0,71,68.0,416.2999999999997,,,0.0,,,,,,,,,DIGITAL_ICT
buyer_compatible_environment,alias_compatible_l2_key,60,future_60m,production_digital_appel_offre_sources,digital_segment,DIGITAL_ICT,3159,0.2551440329218107,10.819246597024375,3.0,13.0,31.0,42.0,103.0,110,71.0,502.8000000000002,,,0.0,,,,,,,,,DIGITAL_ICT
buyer_compatible_environment,same_normalized_name,6,future_6m,all_appel_offre_sources,digital_segment,DIGITAL_ICT,3380,0.0727810650887574,39.79940828402367,19.0,57.0,117.09999999999991,153.0,196.42000000000007,233,5.0,52.0,,,0.0,,,,,,,,,DIGITAL_ICT
buyer_compatible_environment,same_normalized_name,6,future_6m,all_appel_offre_sources,digital_segment,NON_DIGITAL,54912,0.10077942890442891,31.377768065268064,13.0,45.0,85.0,131.0,196.0,237,7.0,65.0,,,0.0,,,,,,,,,NON_DIGITAL
buyer_compatible_environment,same_normalized_name,12,future_12m,all_appel_offre_sources,digital_segment,DIGITAL_ICT,3380,0.05591715976331361,75.8887573964497,33.0,109.0,232.19999999999982,299.0499999999997,396.21000000000004,426,6.0,61.0,,,0.0,,,,,,,,,DIGITAL_ICT
buyer_compatible_environment,same_normalized_name,12,future_12m,all_appel_offre_sources,digital_segment,NON_DIGITAL,54912,0.07710518648018648,59.41329763986014,23.0,85.0,158.0,262.0,385.0,426,7.0,79.0,,,0.0,,,,,,,,,NON_DIGITAL
buyer_compatible_environment,same_normalized_name,24,future_24m,all_appel_offre_sources,digital_segment,DIGITAL_ICT,3380,0.04763313609467456,138.2207100591716,53.0,198.0,408.0,575.0499999999997,787.0,825,6.0,66.0,,,0.0,,,,,,,,,DIGITAL_ICT
buyer_compatible_environment,same_normalized_name,24,future_24m,all_appel_offre_sources,digital_segment,NON_DIGITAL,54912,0.06495847902097902,107.82308056526807,38.0,149.0,285.0,520.0,766.0,827,7.0,88.0,,,0.0,,,,,,,,,NON_DIGITAL
buyer_compatible_environment,same_normalized_name,36,future_36m,all_appel_offre_sources,digital_segment,DIGITAL_ICT,3380,0.04319526627218935,189.48047337278106,68.5,269.25,520.0999999999999,853.0,1150.63,1212,6.0,69.0,,,0.0,,,,,,,,,DIGITAL_ICT
buyer_compatible_environment,same_normalized_name,36,future_36m,all_appel_offre_sources,digital_segment,NON_DIGITAL,54912,0.061735139860139863,147.2927046911422,47.0,189.0,404.0,751.0,1120.0,1212,7.0,91.0,,,0.0,,,,,,,,,NON_DIGITAL
buyer_compatible_environment,same_normalized_name,60,future_60m,all_appel_offre_sources,digital_segment,DIGITAL_ICT,3380,0.042011834319526625,268.12011834319526,85.5,369.25,727.0999999999999,1330.0999999999995,1755.42,1892,6.0,70.0,,,0.0,,,,,,,,,DIGITAL_ICT
buyer_compatible_environment,same_normalized_name,60,future_60m,all_appel_offre_sources,digital_segment,NON_DIGITAL,54912,0.05891244172494173,206.05811115967367,56.0,230.0,572.0,907.0,1707.0,1897,7.0,92.0,,,0.0,,,,,,,,,NON_DIGITAL
buyer_compatible_environment,same_siren,6,future_6m,all_appel_offre_sources,digital_segment,DIGITAL_ICT,3380,0.764792899408284,7.754437869822485,0.0,0.0,27.0,58.0,110.0,199,7.0,77.0,,,0.0,,,,,,,,,DIGITAL_ICT
buyer_compatible_environment,same_siren,6,future_6m,all_appel_offre_sources,digital_segment,NON_DIGITAL,54912,0.7801027097902098,5.795527389277389,0.0,0.0,14.0,44.0,105.0,207,9.0,82.0,,,0.0,,,,,,,,,NON_DIGITAL
buyer_compatible_environment,same_siren,12,future_12m,all_appel_offre_sources,digital_segment,DIGITAL_ICT,3380,0.757396449704142,14.356213017751479,0.0,0.0,52.0,108.09999999999945,210.21000000000004,294,7.0,94.0,,,0.0,,,,,,,,,DIGITAL_ICT
buyer_compatible_environment,same_siren,12,future_12m,all_appel_offre_sources,digital_segment,NON_DIGITAL,54912,0.7722355769230769,10.60861013986014,0.0,0.0,25.0,81.0,192.0,304,10.0,100.0,,,0.0,,,,,,,,,NON_DIGITAL
buyer_compatible_environment,same_siren,24,future_24m,all_appel_offre_sources,digital_segment,DIGITAL_ICT,3380,0.7553254437869823,24.163609467455622,0.0,0.0,86.09999999999991,187.0,341.0,462,7.0,98.0,,,0.0,,,,,,,,,DIGITAL_ICT
buyer_compatible_environment,same_siren,24,future_24m,all_appel_offre_sources,digital_segment,NON_DIGITAL,54912,0.7685751748251748,17.736924533799534,0.0,0.0,41.0,135.0,315.8899999999994,467,10.0,110.0,,,0.0,,,,,,,,,NON_DIGITAL
buyer_compatible_environment,same_siren,36,future_36m,all_appel_offre_sources,digital_segment,DIGITAL_ICT,3380,0.7550295857988165,31.051775147928993,0.0,0.0,112.09999999999991,256.0,402.4200000000001,591,7.0,98.60000000000014,,,0.0,,,,,,,,,DIGITAL_ICT
buyer_compatible_environment,same_siren,36,future_36m,all_appel_offre_sources,digital_segment,NON_DIGITAL,54912,0.767282196969697,22.537132138694638,0.0,0.0,48.0,175.0,391.0,607,10.0,114.0,,,0.0,,,,,,,,,NON_DIGITAL
buyer_compatible_environment,same_siren,60,future_60m,all_appel_offre_sources,digital_segment,DIGITAL_ICT,3380,0.7538461538461538,39.439940828402364,0.0,0.0,119.09999999999991,325.0499999999997,570.4200000000001,811,7.0,103.89999999999998,,,0.0,,,,,,,,,DIGITAL_ICT
buyer_compatible_environment,same_siren,60,future_60m,all_appel_offre_sources,digital_segment,NON_DIGITAL,54912,0.7661713286713286,28.407852564102566,0.0,0.0,54.0,214.0,535.0,831,10.0,119.0,,,0.0,,,,,,,,,NON_DIGITAL
buyer_compatible_environment,same_siret,6,future_6m,all_appel_offre_sources,digital_segment,DIGITAL_ICT,3380,0.7665680473372781,7.545266272189349,0.0,0.0,26.0,56.0,108.0,199,7.0,80.0,,,0.0,,,,,,,,,DIGITAL_ICT
buyer_compatible_environment,same_siret,6,future_6m,all_appel_offre_sources,digital_segment,NON_DIGITAL,54912,0.7823426573426573,5.574555652680653,0.0,0.0,13.0,42.0,103.0,207,9.0,85.0,,,0.0,,,,,,,,,NON_DIGITAL
buyer_compatible_environment,same_siret,12,future_12m,all_appel_offre_sources,digital_segment,DIGITAL_ICT,3380,0.7585798816568048,13.935798816568047,0.0,0.0,50.0,105.0,200.0,294,7.0,98.0,,,0.0,,,,,,,,,DIGITAL_ICT
buyer_compatible_environment,same_siret,12,future_12m,all_appel_offre_sources,digital_segment,NON_DIGITAL,54912,0.7741113053613053,10.192471590909092,0.0,0.0,22.0,79.0,189.0,304,10.0,104.0,,,0.0,,,,,,,,,NON_DIGITAL
buyer_compatible_environment,same_siret,24,future_24m,all_appel_offre_sources,digital_segment,DIGITAL_ICT,3380,0.756508875739645,23.39644970414201,0.0,0.0,81.0,183.09999999999945,338.21000000000004,462,7.0,105.80000000000007,,,0.0,,,,,,,,,DIGITAL_ICT
buyer_compatible_environment,same_siret,24,future_24m,all_appel_offre_sources,digital_segment,NON_DIGITAL,54912,0.7703052156177156,17.01200101981352,0.0,0.0,36.0,131.0,308.0,467,11.0,115.0,,,0.0,,,,,,,,,NON_DIGITAL
buyer_compatible_environment,same_siret,36,future_36m,all_appel_offre_sources,digital_segment,DIGITAL_ICT,3380,0.7559171597633136,30.02337278106509,0.0,0.0,104.0,250.24999999999864,393.0,591,7.0,107.60000000000002,,,0.0,,,,,,,,,DIGITAL_ICT
buyer_compatible_environment,same_siret,36,future_36m,all_appel_offre_sources,digital_segment,NON_DIGITAL,54912,0.7689940268065268,21.571131993006993,0.0,0.0,43.0,166.0,382.0,607,11.0,120.0,,,0.0,,,,,,,,,NON_DIGITAL
buyer_compatible_environment,same_siret,60,future_60m,all_appel_offre_sources,digital_segment,DIGITAL_ICT,3380,0.7550295857988165,38.02278106508876,0.0,0.0,116.19999999999982,320.0499999999997,542.21,811,7.0,108.60000000000014,,,0.0,,,,,,,,,DIGITAL_ICT
buyer_compatible_environment,same_siret,60,future_60m,all_appel_offre_sources,digital_segment,NON_DIGITAL,54912,0.7679560023310024,27.176937645687644,0.0,0.0,49.0,201.0,511.8899999999994,831,11.0,124.89999999999964,,,0.0,,,,,,,,,NON_DIGITAL
production_candidate_environment,production_boamp_only,6,expected_end_plus_minus_6m_cap30,production_digital_appel_offre_sources,digital_segment,DIGITAL_ICT,3159,0.6087369420702754,1.9427033871478316,0.0,2.0,6.0,10.0,22.0,30,1041.0,1519.5,0.0,6.0,0.0,0.08271847224585341,,,,,,,,DIGITAL_ICT
production_candidate_environment,production_enriched,6,expected_end_plus_minus_6m_cap30,production_digital_appel_offre_sources,digital_segment,DIGITAL_ICT,3159,0.5238999683444128,2.6046217157328266,0.0,3.0,8.0,14.0,22.0,30,1103.5,1517.4,0.0,7.200000000000273,0.0,0.0781802021205862,,,,,,,,DIGITAL_ICT
