notice_id,publication_date,buyer_key_type,cpv_division,candidate_count
NOTICE-00000147,2020-02-08,NAME_FALLBACK,72,3
NOTICE-00000148,2020-08-04,NAME_FALLBACK,72,1
NOTICE-00000150,2020-09-27,NAME_FALLBACK,48,0
NOTICE-00000151,2022-07-15,NAME_FALLBACK,48,1
NOTICE-00000269,2022-06-23,RAW_SIRET,32,0
NOTICE-00000327,2018-04-08,RAW_SIRET,72,1
NOTICE-00000329,2019-01-13,RAW_SIRET,72,1
NOTICE-00000330,2019-08-27,RAW_SIRET,72,1
NOTICE-00000334,2020-03-04,NAME_FALLBACK,72,4
NOTICE-00000335,2021-01-27,NAME_FALLBACK,72,6
NOTICE-00000336,2022-03-01,NAME_FALLBACK,72,3
NOTICE-00000338,2020-04-21,RAW_SIRET,72,2
NOTICE-00000340,2021-03-04,RAW_SIRET,72,2
NOTICE-00000342,2022-01-20,RAW_SIRET,72,1
NOTICE-00000343,2023-01-01,RAW_SIRET,72,0
NOTICE-00000349,2018-05-14,NAME_FALLBACK,48,2
NOTICE-00000350,2021-10-09,NAME_FALLBACK,48,2
NOTICE-00000351,2021-01-06,NAME_FALLBACK,48,7
NOTICE-00000353,2021-07-29,NAME_FALLBACK,48,3
NOTICE-00000365,2021-04-05,RAW_SIRET,35,1
NOTICE-00000368,2018-02-07,NAME_FALLBACK,48,3
NOTICE-00000370,2018-09-02,NAME_FALLBACK,,4
NOTICE-00000373,2021-04-27,NAME_FALLBACK,48,4
NOTICE-00000374,2018-11-02,NAME_FALLBACK,72,3
NOTICE-00000375,2020-08-17,NAME_FALLBACK,72,8
NOTICE-00000376,2022-07-30,NAME_FALLBACK,72,2
NOTICE-00000379,2019-08-09,NAME_FALLBACK,72,2
NOTICE-00000380,2021-06-01,NAME_FALLBACK,72,3
NOTICE-00000381,2022-10-15,NAME_FALLBACK,72,1
NOTICE-00000382,2023-12-02,NAME_FALLBACK,72,0
NOTICE-00000383,2025-06-28,NAME_FALLBACK,72,0
NOTICE-00000386,2019-05-25,NAME_FALLBACK,32,4
NOTICE-00000388,2017-08-26,NAME_FALLBACK,32,2
NOTICE-00000389,2019-12-10,NAME_FALLBACK,32,3
NOTICE-00000391,2020-09-13,NAME_FALLBACK,32,7
NOTICE-00000393,2021-04-23,NAME_FALLBACK,32,5
NOTICE-00000397,2019-07-20,NAME_FALLBACK,48,3
NOTICE-00000399,2021-03-26,NAME_FALLBACK,48,6
NOTICE-00000400,2023-01-30,NAME_FALLBACK,48,1
NOTICE-00000402,2024-12-22,NAME_FALLBACK,48,1
NOTICE-00000414,2020-12-02,NAME_FALLBACK,72,0
NOTICE-00000415,2016-08-22,NAME_FALLBACK,72,1
NOTICE-00000423,2020-10-13,NAME_FALLBACK,48,0
NOTICE-00000425,2022-06-19,NAME_FALLBACK,48,0
NOTICE-00000428,2025-03-22,NAME_FALLBACK,48,0
NOTICE-00000435,2021-11-06,NAME_FALLBACK,48,1
NOTICE-00000436,2022-07-29,NAME_FALLBACK,48,1
NOTICE-00000438,2023-09-10,NAME_FALLBACK,48,0
NOTICE-00000439,2024-12-28,NAME_FALLBACK,48,0
NOTICE-00000440,2022-04-18,RAW_SIRET,72,1
NOTICE-00000442,2025-07-22,RAW_SIRET,72,0
NOTICE-00000444,2026-05-22,RAW_SIRET,72,0
NOTICE-00000445,2020-03-07,NAME_FALLBACK,72,0
NOTICE-00000446,2018-01-15,NAME_FALLBACK,72,0
NOTICE-00000447,2019-08-27,NAME_FALLBACK,72,1
NOTICE-00000448,2023-01-07,NAME_FALLBACK,72,2
NOTICE-00000450,2022-09-01,RAW_SIRET,32,0
NOTICE-00000451,2024-07-12,RAW_SIRET,32,0
NOTICE-00000452,2025-12-29,RAW_SIRET,32,1
NOTICE-00000453,2021-08-05,NAME_FALLBACK,72,2
NOTICE-00000455,2023-09-05,NAME_FALLBACK,72,1
NOTICE-00000493,2017-04-02,RAW_SIRET,48,0
NOTICE-00000494,2017-03-27,RAW_SIRET,32,1
NOTICE-00000583,2020-07-03,NAME_FALLBACK,72,0
NOTICE-00000585,2023-08-01,RAW_SIRET,32,0
NOTICE-00000587,2024-08-30,RAW_SIRET,32,1
NOTICE-00000589,2025-02-21,RAW_SIRET,32,0
NOTICE-00000631,2019-08-16,NAME_FALLBACK,72,1
NOTICE-00000633,2020-04-12,NAME_FALLBACK,72,0
NOTICE-00000637,2021-08-19,NAME_FALLBACK,72,0
NOTICE-00000639,2018-04-08,NAME_FALLBACK,48,0
NOTICE-00000664,2022-01-01,RAW_SIRET,72,1
NOTICE-00000665,2025-01-21,RAW_SIRET,72,0
NOTICE-00000666,2022-02-04,NAME_FALLBACK,72,2
NOTICE-00000668,2024-07-18,NAME_FALLBACK,72,1
NOTICE-00000672,2022-04-30,NAME_FALLBACK,48,1
NOTICE-00000674,2023-02-08,NAME_FALLBACK,48,0
NOTICE-00000675,2022-03-09,RAW_SIRET,72,0
NOTICE-00000676,2024-03-31,RAW_SIRET,,1
NOTICE-00000766,2024-09-03,NAME_FALLBACK,35,0
NOTICE-00000768,2025-09-14,NAME_FALLBACK,35,0
NOTICE-00000889,2017-02-12,NAME_FALLBACK,72,3
NOTICE-00000890,2018-02-07,NAME_FALLBACK,72,1
NOTICE-00000892,2019-04-16,NAME_FALLBACK,72,6
NOTICE-00000960,2024-02-18,NAME_FALLBACK,,0
NOTICE-00000984,2022-08-20,RAW_SIRET,32,1
NOTICE-00000985,2023-08-19,RAW_SIRET,32,0
NOTICE-00000987,2024-09-10,RAW_SIRET,32,1
NOTICE-00000989,2025-12-14,RAW_SIRET,32,0
NOTICE-00001040,2022-06-14,NAME_FALLBACK,72,4
NOTICE-00001042,2023-02-28,NAME_FALLBACK,,4
NOTICE-00001044,2023-09-30,NAME_FALLBACK,72,2
NOTICE-00001045,2023-12-16,NAME_FALLBACK,72,0
NOTICE-00001054,2021-02-06,NAME_FALLBACK,32,4
NOTICE-00001056,2020-07-21,RAW_SIRET,,0
NOTICE-00001061,2021-08-16,NAME_FALLBACK,48,6
NOTICE-00001063,2022-07-30,NAME_FALLBACK,48,3
NOTICE-00001064,2023-06-04,NAME_FALLBACK,48,3
NOTICE-00001066,2021-09-06,NAME_FALLBACK,32,5
NOTICE-00001068,2022-03-09,NAME_FALLBACK,32,5
NOTICE-00001071,2022-05-27,NAME_FALLBACK,72,4
NOTICE-00001072,2023-02-20,NAME_FALLBACK,,5
NOTICE-00001073,2023-10-13,NAME_FALLBACK,,1
NOTICE-00001074,2025-04-09,NAME_FALLBACK,72,0
NOTICE-00001075,2021-03-13,NAME_FALLBACK,48,4
NOTICE-00001076,2022-01-02,NAME_FALLBACK,48,4
NOTICE-00001648,2018-12-20,NAME_FALLBACK,72,3
NOTICE-00001649,2019-04-22,NAME_FALLBACK,72,2
NOTICE-00001650,2019-08-09,NAME_FALLBACK,72,1
NOTICE-00001651,2020-07-06,NAME_FALLBACK,72,0
NOTICE-00001661,2019-01-13,NAME_FALLBACK,48,1
NOTICE-00001663,2019-06-15,NAME_FALLBACK,48,0
NOTICE-00001861,2020-08-21,NAME_FALLBACK,32,1
NOTICE-00001862,2021-02-20,NAME_FALLBACK,32,0
NOTICE-00001864,2019-08-04,RAW_SIRET,72,0
NOTICE-00001869,2019-10-01,NAME_FALLBACK,72,1
NOTICE-00001872,2018-08-08,RAW_SIRET,48,0
NOTICE-00001874,2017-05-06,NAME_FALLBACK,,0
NOTICE-00001875,2018-05-23,NAME_FALLBACK,72,0
NOTICE-00001876,2019-08-13,NAME_FALLBACK,72,1
NOTICE-00001877,2021-05-27,NAME_FALLBACK,72,1
NOTICE-00002104,2018-12-22,NAME_FALLBACK,,0
NOTICE-00002105,2020-09-03,NAME_FALLBACK,,0
NOTICE-00002106,2022-06-18,NAME_FALLBACK,72,1
NOTICE-00002146,2022-03-30,RAW_SIRET,35,0
NOTICE-00002148,2024-12-17,RAW_SIRET,35,0
NOTICE-00002360,2018-12-17,NAME_FALLBACK,35,8
NOTICE-00002368,2022-03-14,RAW_SIRET,72,0
NOTICE-00002370,2025-08-20,RAW_SIRET,72,2
NOTICE-00002372,2024-06-09,RAW_SIRET,48,1
NOTICE-00002377,2018-11-29,NAME_FALLBACK,72,8
NOTICE-00002378,2019-02-11,NAME_FALLBACK,72,8
NOTICE-00002384,2023-11-16,RAW_SIRET,48,2
NOTICE-00002385,2026-04-19,RAW_SIRET,48,0
NOTICE-00002386,2023-03-02,NAME_FALLBACK,72,4
NOTICE-00002388,2023-10-09,NAME_FALLBACK,72,5
NOTICE-00002389,2024-09-24,NAME_FALLBACK,72,2
NOTICE-00002394,2023-10-03,NAME_FALLBACK,72,6
NOTICE-00002395,2025-08-21,NAME_FALLBACK,72,0
NOTICE-00002397,2023-12-15,NAME_FALLBACK,,4
NOTICE-00002398,2025-04-14,NAME_FALLBACK,72,0
NOTICE-00002399,2026-02-18,RAW_SIRET,32,1
NOTICE-00002403,2024-03-18,RAW_SIRET,32,2
NOTICE-00002406,2022-11-30,NAME_FALLBACK,35,7
NOTICE-00002408,2019-03-20,NAME_FALLBACK,32,7
NOTICE-00002410,2019-10-25,NAME_FALLBACK,32,9
NOTICE-00002411,2020-08-14,NAME_FALLBACK,32,6
NOTICE-00002412,2019-12-28,NAME_FALLBACK,32,7
NOTICE-00002413,2021-08-07,NAME_FALLBACK,32,6
NOTICE-00002414,2023-01-08,NAME_FALLBACK,32,6
NOTICE-00002419,2023-02-05,NAME_FALLBACK,72,5
NOTICE-00002420,2024-05-27,NAME_FALLBACK,72,3
NOTICE-00002423,2020-08-05,RAW_SIRET,48,1
NOTICE-00002424,2021-01-18,RAW_SIRET,48,0
NOTICE-00002729,2018-06-28,RAW_SIRET,32,0
NOTICE-00002817,2026-06-02,RAW_SIRET,72,0
NOTICE-00002974,2025-04-22,NAME_FALLBACK,72,0
NOTICE-00002980,2024-01-07,NAME_FALLBACK,72,0
NOTICE-00002982,2026-03-21,NAME_FALLBACK,72,0
NOTICE-00002983,2025-06-04,RAW_SIRET,35,0
NOTICE-00003034,2017-05-10,NAME_FALLBACK,72,0
NOTICE-00003035,2018-07-25,NAME_FALLBACK,72,0
NOTICE-00003036,2019-10-17,NAME_FALLBACK,,0
NOTICE-00003037,2020-12-11,NAME_FALLBACK,72,0
NOTICE-00003052,2015-07-04,NAME_FALLBACK,48,2
NOTICE-00003053,2015-12-20,NAME_FALLBACK,48,2
NOTICE-00003057,2016-12-15,NAME_FALLBACK,72,3
NOTICE-00003059,2018-06-21,NAME_FALLBACK,72,5
NOTICE-00003060,2020-08-25,NAME_FALLBACK,72,1
NOTICE-00003062,2023-07-05,NAME_FALLBACK,72,3
NOTICE-00003064,2016-02-21,NAME_FALLBACK,32,1
NOTICE-00003067,2017-03-19,RAW_SIRET,32,1
NOTICE-00003068,2017-11-19,RAW_SIRET,32,0
NOTICE-00003082,2017-12-01,NAME_FALLBACK,48,6
NOTICE-00003083,2019-07-12,NAME_FALLBACK,48,6
NOTICE-00003091,2018-03-29,NAME_FALLBACK,72,6
NOTICE-00003092,2019-02-24,NAME_FALLBACK,72,4
NOTICE-00003093,2019-09-09,NAME_FALLBACK,72,6
NOTICE-00003094,2020-02-05,NAME_FALLBACK,72,5
NOTICE-00003095,2020-06-03,NAME_FALLBACK,72,1
NOTICE-00003097,2018-10-11,NAME_FALLBACK,72,5
NOTICE-00003098,2018-09-16,NAME_FALLBACK,72,6
NOTICE-00003100,2020-05-08,NAME_FALLBACK,,3
NOTICE-00003101,2022-04-22,NAME_FALLBACK,72,1
NOTICE-00003102,2023-11-09,NAME_FALLBACK,72,2
NOTICE-00003106,2018-12-19,NAME_FALLBACK,48,3
NOTICE-00003107,2020-05-14,NAME_FALLBACK,48,2
NOTICE-00003109,2021-11-17,NAME_FALLBACK,48,2
NOTICE-00003110,2023-08-08,NAME_FALLBACK,,2
NOTICE-00003112,2021-07-15,NAME_FALLBACK,72,3
NOTICE-00003113,2022-07-03,NAME_FALLBACK,72,0
NOTICE-00003114,2024-10-24,NAME_FALLBACK,72,0
NOTICE-00003116,2020-02-10,NAME_FALLBACK,48,4
NOTICE-00003128,2024-04-15,RAW_SIRET,72,0
NOTICE-00003130,2024-07-15,RAW_SIRET,72,1
NOTICE-00003135,2022-01-15,RAW_SIRET,48,0
NOTICE-00003137,2023-11-13,RAW_SIRET,48,3
NOTICE-00003139,2026-02-11,RAW_SIRET,48,0
NOTICE-00003141,2024-08-06,RAW_SIRET,72,0
NOTICE-00003217,2023-06-19,RAW_SIRET,32,0
NOTICE-00003218,2018-12-04,NAME_FALLBACK,48,1
NOTICE-00003219,2019-09-18,NAME_FALLBACK,48,0
NOTICE-00003220,2021-05-02,NAME_FALLBACK,,1
NOTICE-00003221,2022-02-22,NAME_FALLBACK,,0
NOTICE-00003239,2022-03-08,RAW_SIRET,48,0
NOTICE-00003241,2024-06-22,RAW_SIRET,48,0
NOTICE-00003431,2023-03-18,NAME_FALLBACK,48,0
NOTICE-00003432,2021-04-08,NAME_FALLBACK,72,1
NOTICE-00003434,2021-11-29,NAME_FALLBACK,72,1
NOTICE-00003436,2022-05-01,NAME_FALLBACK,72,1
NOTICE-00003517,2017-12-24,NAME_FALLBACK,72,0
NOTICE-00003567,2019-12-21,NAME_FALLBACK,48,1
NOTICE-00003568,2020-08-11,NAME_FALLBACK,,1
NOTICE-00003569,2021-06-06,NAME_FALLBACK,,0
NOTICE-00003570,2019-02-01,NAME_FALLBACK,72,1
NOTICE-00003595,2017-08-23,NAME_FALLBACK,72,0
NOTICE-00003652,2019-07-20,NAME_FALLBACK,48,0
NOTICE-00003653,2020-12-18,NAME_FALLBACK,48,1
NOTICE-00003654,2021-12-10,NAME_FALLBACK,48,0
NOTICE-00003761,2020-10-12,NAME_FALLBACK,72,17
NOTICE-00003816,2018-10-24,NAME_FALLBACK,48,0
NOTICE-00003817,2019-12-17,NAME_FALLBACK,48,0
NOTICE-00003821,2022-01-04,NAME_FALLBACK,48,1
NOTICE-00003827,2024-06-20,RAW_SIRET,35,0
NOTICE-00003829,2025-10-13,RAW_SIRET,35,0
NOTICE-00003832,2022-12-20,NAME_FALLBACK,32,1
NOTICE-00003833,2023-05-10,NAME_FALLBACK,32,0
NOTICE-00003931,2020-07-19,NAME_FALLBACK,72,1
NOTICE-00003932,2021-04-19,NAME_FALLBACK,72,0
NOTICE-00003998,2021-03-12,NAME_FALLBACK,72,0
NOTICE-00004031,2018-11-27,NAME_FALLBACK,72,1
NOTICE-00004032,2019-06-11,NAME_FALLBACK,72,0
NOTICE-00004036,2020-09-20,NAME_FALLBACK,32,3
NOTICE-00004037,2021-05-04,NAME_FALLBACK,32,1
NOTICE-00004039,2021-09-15,NAME_FALLBACK,32,0
NOTICE-00004095,2022-11-11,RAW_SIRET,72,0
NOTICE-00004097,2024-07-13,RAW_SIRET,72,1
NOTICE-00004099,2025-12-12,RAW_SIRET,72,0
NOTICE-00004100,2022-02-17,NAME_FALLBACK,48,1
NOTICE-00004101,2023-06-29,NAME_FALLBACK,48,0
NOTICE-00004102,2024-12-10,NAME_FALLBACK,48,0
NOTICE-00004103,2022-04-26,NAME_FALLBACK,,0
NOTICE-00004105,2018-07-05,NAME_FALLBACK,48,1
NOTICE-00004107,2019-02-22,NAME_FALLBACK,48,0
NOTICE-00004113,2026-05-06,NAME_FALLBACK,48,0
NOTICE-00004139,2021-02-11,NAME_FALLBACK,32,2
NOTICE-00004140,2022-08-08,NAME_FALLBACK,32,1
NOTICE-00004142,2023-05-29,NAME_FALLBACK,32,0
NOTICE-00004156,2020-08-06,NAME_FALLBACK,35,6
NOTICE-00004167,2020-05-21,NAME_FALLBACK,72,6
NOTICE-00004169,2020-12-14,NAME_FALLBACK,,4
NOTICE-00004170,2021-03-09,NAME_FALLBACK,,4
NOTICE-00004171,2021-06-02,NAME_FALLBACK,72,3
NOTICE-00004174,2022-07-06,NAME_FALLBACK,32,3
NOTICE-00004175,2023-07-05,NAME_FALLBACK,32,0
NOTICE-00004176,2021-09-06,NAME_FALLBACK,35,3
NOTICE-00004177,2022-12-21,NAME_FALLBACK,35,1
NOTICE-00004179,2024-07-25,NAME_FALLBACK,35,1
NOTICE-00004180,2026-01-03,NAME_FALLBACK,35,1
NOTICE-00004187,2022-02-03,NAME_FALLBACK,32,3
NOTICE-00004189,2025-01-21,NAME_FALLBACK,32,2
NOTICE-00004195,2020-10-17,NAME_FALLBACK,72,7
NOTICE-00004203,2020-10-31,NAME_FALLBACK,32,6
NOTICE-00004204,2022-07-31,NAME_FALLBACK,32,2
NOTICE-00004205,2026-02-03,NAME_FALLBACK,32,0
NOTICE-00004208,2021-09-05,NAME_FALLBACK,72,4
NOTICE-00004212,2019-01-14,NAME_FALLBACK,72,1
NOTICE-00004214,2019-11-28,NAME_FALLBACK,72,5
NOTICE-00004215,2020-11-07,NAME_FALLBACK,72,5
NOTICE-00004349,2018-11-11,NAME_FALLBACK,72,0
NOTICE-00004351,2020-05-28,NAME_FALLBACK,72,0
NOTICE-00004353,2022-01-12,NAME_FALLBACK,72,0
NOTICE-00004354,2018-09-18,NAME_FALLBACK,32,1
NOTICE-00004431,2019-04-06,NAME_FALLBACK,72,0
NOTICE-00004432,2021-03-17,NAME_FALLBACK,72,1
NOTICE-00004433,2022-01-21,NAME_FALLBACK,,1
NOTICE-00004434,2020-10-10,RAW_SIRET,32,0
NOTICE-00004436,2022-12-09,RAW_SIRET,32,0
NOTICE-00004437,2025-05-10,RAW_SIRET,32,0
NOTICE-00004479,2019-10-31,NAME_FALLBACK,,2
NOTICE-00004481,2020-04-12,NAME_FALLBACK,72,1
NOTICE-00004482,2020-09-28,NAME_FALLBACK,72,0
NOTICE-00004805,2022-08-21,NAME_FALLBACK,,7
NOTICE-00004815,2021-08-21,RAW_SIRET,72,6
NOTICE-00004817,2023-05-08,RAW_SIRET,72,10
NOTICE-00004819,2024-03-04,RAW_SIRET,72,6
NOTICE-00004820,2025-03-13,RAW_SIRET,,1
NOTICE-00004826,2020-05-28,NAME_FALLBACK,48,6
NOTICE-00004828,2021-01-02,NAME_FALLBACK,48,9
NOTICE-00004839,2023-08-22,RAW_SIRET,48,7
NOTICE-00004841,2025-05-17,RAW_SIRET,48,1
NOTICE-00004842,2023-05-25,NAME_FALLBACK,35,6
NOTICE-00004844,2025-07-19,NAME_FALLBACK,35,3
NOTICE-00004846,2023-03-27,RAW_SIRET,72,12
NOTICE-00004847,2022-05-13,RAW_SIRET,,8
NOTICE-00004848,2022-11-18,RAW_SIRET,,10
NOTICE-00004855,2019-04-28,NAME_FALLBACK,72,5
NOTICE-00004857,2019-09-17,NAME_FALLBACK,32,7
NOTICE-00004859,2021-10-16,RAW_SIRET,32,4
NOTICE-00004861,2023-04-24,RAW_SIRET,32,10
NOTICE-00004863,2024-10-28,RAW_SIRET,32,3
NOTICE-00004865,2020-05-08,NAME_FALLBACK,48,9
NOTICE-00004867,2023-12-01,RAW_SIRET,35,7
NOTICE-00004868,2024-09-04,RAW_SIRET,35,4
NOTICE-00004869,2022-04-12,RAW_SIRET,,5
NOTICE-00004873,2021-08-01,NAME_FALLBACK,72,8
NOTICE-00004875,2022-01-07,NAME_FALLBACK,72,7
NOTICE-00004876,2022-08-26,NAME_FALLBACK,72,6
NOTICE-00004877,2023-07-07,RAW_SIRET,48,8
NOTICE-00004878,2024-08-23,RAW_SIRET,48,5
NOTICE-00004879,2023-09-18,NAME_FALLBACK,72,4
NOTICE-00004880,2024-05-25,NAME_FALLBACK,72,5
NOTICE-00004881,2025-01-10,NAME_FALLBACK,72,2
NOTICE-00004882,2025-11-12,NAME_FALLBACK,72,0
NOTICE-00004887,2019-08-24,NAME_FALLBACK,72,8
NOTICE-00004888,2020-11-02,NAME_FALLBACK,72,8
NOTICE-00004889,2023-01-16,NAME_FALLBACK,72,6
NOTICE-00004891,2020-06-02,RAW_SIRET,48,0
NOTICE-00004893,2021-09-03,RAW_SIRET,,5
NOTICE-00004894,2023-04-19,RAW_SIRET,48,11
NOTICE-00004895,2024-06-01,RAW_SIRET,48,0
NOTICE-00004897,2019-05-28,NAME_FALLBACK,72,8
NOTICE-00004898,2020-03-28,NAME_FALLBACK,72,9
NOTICE-00004903,2023-07-15,NAME_FALLBACK,48,4
NOTICE-00004904,2020-05-16,NAME_FALLBACK,32,8
NOTICE-00004905,2021-12-15,NAME_FALLBACK,32,8
NOTICE-00004910,2023-07-04,RAW_SIRET,72,9
NOTICE-00004911,2026-03-16,RAW_SIRET,72,0
NOTICE-00004913,2023-05-11,RAW_SIRET,72,9
NOTICE-00004915,2024-12-10,RAW_SIRET,72,2
NOTICE-00004916,2023-12-01,RAW_SIRET,,7
NOTICE-00004921,2022-01-16,RAW_SIRET,72,5
NOTICE-00004923,2022-12-14,RAW_SIRET,72,12
NOTICE-00004924,2023-08-30,RAW_SIRET,72,7
NOTICE-00004925,2024-05-07,RAW_SIRET,72,6
NOTICE-00004931,2021-07-08,NAME_FALLBACK,48,9
NOTICE-00004935,2020-05-27,NAME_FALLBACK,72,7
NOTICE-00004936,2022-04-27,NAME_FALLBACK,72,5
NOTICE-00004937,2020-11-19,NAME_FALLBACK,72,7
NOTICE-00004939,2021-06-01,NAME_FALLBACK,72,10
NOTICE-00004941,2022-02-05,NAME_FALLBACK,72,6
NOTICE-00004943,2022-10-06,NAME_FALLBACK,72,7
NOTICE-00004945,2022-01-24,NAME_FALLBACK,72,7
NOTICE-00004947,2022-12-15,NAME_FALLBACK,72,7
NOTICE-00004949,2026-01-06,NAME_FALLBACK,72,1
NOTICE-00004950,2022-07-23,RAW_SIRET,72,9
NOTICE-00004951,2023-12-11,RAW_SIRET,72,7
NOTICE-00004952,2019-04-25,NAME_FALLBACK,48,6
NOTICE-00004954,2020-07-26,NAME_FALLBACK,48,7
NOTICE-00004955,2021-10-03,NAME_FALLBACK,48,9
NOTICE-00004959,2021-12-12,NAME_FALLBACK,72,8
NOTICE-00004960,2023-06-16,NAME_FALLBACK,72,5
NOTICE-00004962,2024-12-15,NAME_FALLBACK,72,3
NOTICE-00004963,2026-05-21,NAME_FALLBACK,72,0
NOTICE-00004969,2020-02-12,NAME_FALLBACK,72,10
NOTICE-00004970,2021-01-14,NAME_FALLBACK,,9
NOTICE-00004973,2023-10-01,NAME_FALLBACK,48,3
NOTICE-00004980,2019-04-13,NAME_FALLBACK,32,7
NOTICE-00004984,2021-11-23,NAME_FALLBACK,32,9
NOTICE-00004987,2024-07-27,NAME_FALLBACK,32,1
NOTICE-00004989,2021-05-08,NAME_FALLBACK,72,11
NOTICE-00004990,2023-11-11,NAME_FALLBACK,72,2
NOTICE-00004991,2025-04-04,NAME_FALLBACK,72,3
NOTICE-00005031,2020-03-30,NAME_FALLBACK,35,0
NOTICE-00005034,2022-06-05,NAME_FALLBACK,35,1
NOTICE-00005039,2019-09-25,NAME_FALLBACK,48,0
NOTICE-00005040,2021-01-06,NAME_FALLBACK,48,1
NOTICE-00005370,2022-06-24,NAME_FALLBACK,72,1
NOTICE-00005372,2023-05-18,NAME_FALLBACK,72,1
NOTICE-00005373,2024-02-29,NAME_FALLBACK,72,0
NOTICE-00005375,2020-11-16,NAME_FALLBACK,72,0
NOTICE-00005380,2020-05-29,NAME_FALLBACK,48,0
NOTICE-00005383,2018-08-30,NAME_FALLBACK,72,1
NOTICE-00005388,2019-02-23,NAME_FALLBACK,35,0
NOTICE-00005399,2023-06-15,NAME_FALLBACK,72,0
NOTICE-00005415,2024-04-08,NAME_FALLBACK,48,0
NOTICE-00005416,2019-07-21,NAME_FALLBACK,72,1
NOTICE-00005417,2020-06-17,NAME_FALLBACK,72,0
NOTICE-00005419,2022-01-28,NAME_FALLBACK,,1
NOTICE-00005420,2022-07-27,NAME_FALLBACK,,0
NOTICE-00005428,2018-04-03,NAME_FALLBACK,,0
NOTICE-00005431,2022-11-15,NAME_FALLBACK,72,5
NOTICE-00005434,2023-11-07,NAME_FALLBACK,,2
NOTICE-00005436,2019-12-11,NAME_FALLBACK,72,4
NOTICE-00005437,2020-10-13,NAME_FALLBACK,72,4
NOTICE-00005439,2020-08-15,NAME_FALLBACK,72,6
NOTICE-00005441,2021-02-20,RAW_SIRET,48,0
NOTICE-00005442,2022-05-10,RAW_SIRET,,2
NOTICE-00005445,2021-02-09,NAME_FALLBACK,48,5
NOTICE-00005447,2022-02-18,NAME_FALLBACK,48,7
NOTICE-00005448,2022-11-21,NAME_FALLBACK,48,4
NOTICE-00005449,2022-08-02,RAW_SIRET,32,0
NOTICE-00005457,2021-03-22,NAME_FALLBACK,72,6
NOTICE-00005459,2022-11-03,NAME_FALLBACK,72,5
NOTICE-00005461,2018-04-01,NAME_FALLBACK,72,1
NOTICE-00005463,2020-04-22,NAME_FALLBACK,72,5
NOTICE-00005464,2021-07-11,NAME_FALLBACK,72,4
NOTICE-00005466,2021-06-21,NAME_FALLBACK,32,5
NOTICE-00005468,2022-03-22,NAME_FALLBACK,32,6
NOTICE-00005469,2023-04-07,NAME_FALLBACK,32,4
NOTICE-00005475,2019-11-17,NAME_FALLBACK,72,5
NOTICE-00005476,2020-09-24,NAME_FALLBACK,,5
NOTICE-00005477,2021-11-11,NAME_FALLBACK,48,5
NOTICE-00005479,2022-12-04,NAME_FALLBACK,48,3
NOTICE-00005481,2024-01-15,NAME_FALLBACK,48,1
NOTICE-00005482,2019-06-07,NAME_FALLBACK,48,4
NOTICE-00005483,2019-09-04,NAME_FALLBACK,32,4
NOTICE-00005485,2021-11-03,NAME_FALLBACK,32,6
NOTICE-00005486,2023-10-10,NAME_FALLBACK,32,3
NOTICE-00005487,2024-12-03,NAME_FALLBACK,32,1
NOTICE-00005489,2022-08-18,NAME_FALLBACK,35,6
NOTICE-00005495,2022-10-12,NAME_FALLBACK,32,6
NOTICE-00005496,2024-02-15,NAME_FALLBACK,32,1
NOTICE-00005498,2025-11-08,NAME_FALLBACK,32,0
NOTICE-00005500,2022-07-10,RAW_SIRET,72,1
NOTICE-00005501,2023-10-15,RAW_SIRET,72,0
NOTICE-00005503,2026-04-10,RAW_SIRET,72,0
NOTICE-00005509,2021-04-04,NAME_FALLBACK,72,1
NOTICE-00005511,2020-06-11,RAW_SIRET,48,0
NOTICE-00005515,2022-12-20,NAME_FALLBACK,72,1
NOTICE-00005517,2024-07-11,NAME_FALLBACK,72,1
NOTICE-00005518,2020-02-29,NAME_FALLBACK,72,0
NOTICE-00005519,2021-07-30,NAME_FALLBACK,72,0
NOTICE-00005520,2022-08-10,NAME_FALLBACK,72,1
NOTICE-00005522,2023-09-22,NAME_FALLBACK,,1
NOTICE-00005604,2023-01-01,RAW_SIRET,72,0
NOTICE-00005605,2022-12-23,RAW_SIRET,72,1
NOTICE-00005607,2019-03-12,NAME_FALLBACK,72,0
NOTICE-00005611,2021-02-22,NAME_FALLBACK,,0
NOTICE-00005612,2022-04-22,NAME_FALLBACK,72,0
NOTICE-00005623,2021-08-27,RAW_SIRET,32,0
NOTICE-00005625,2015-11-15,NAME_FALLBACK,72,2
NOTICE-00005627,2016-07-06,NAME_FALLBACK,72,1
NOTICE-00005629,2019-03-09,RAW_SIRET,72,0
NOTICE-00005630,2020-11-08,RAW_SIRET,72,0
NOTICE-00005631,2022-12-27,RAW_SIRET,72,0
NOTICE-00005632,2016-03-20,NAME_FALLBACK,35,2
NOTICE-00005634,2017-02-07,NAME_FALLBACK,35,0
NOTICE-00005635,2020-10-28,NAME_FALLBACK,35,0
NOTICE-00005637,2023-06-25,NAME_FALLBACK,35,0
NOTICE-00005639,2024-09-19,NAME_FALLBACK,35,0
NOTICE-00005675,2017-06-15,NAME_FALLBACK,35,1
NOTICE-00005677,2017-10-22,NAME_FALLBACK,48,0
NOTICE-00005834,2017-07-28,NAME_FALLBACK,48,1
NOTICE-00005836,2018-05-01,NAME_FALLBACK,48,0
NOTICE-00005853,2019-07-26,NAME_FALLBACK,,1
NOTICE-00005855,2021-05-28,NAME_FALLBACK,72,1
NOTICE-00005857,2020-07-14,NAME_FALLBACK,48,1
NOTICE-00005858,2021-10-13,NAME_FALLBACK,48,0
NOTICE-00005859,2022-10-29,NAME_FALLBACK,48,0
NOTICE-00005860,2023-11-09,NAME_FALLBACK,48,0
NOTICE-00005863,2016-04-09,NAME_FALLBACK,72,0
NOTICE-00005865,2017-06-21,NAME_FALLBACK,72,0
NOTICE-00005879,2024-07-10,RAW_SIRET,35,1
NOTICE-00005883,2021-12-26,RAW_SIRET,,0
NOTICE-00005884,2023-02-11,RAW_SIRET,72,0
NOTICE-00005886,2024-12-11,RAW_SIRET,,0
NOTICE-00005915,2021-09-18,NAME_FALLBACK,72,3
NOTICE-00005918,2024-10-11,RAW_SIRET,48,3
NOTICE-00005919,2025-06-25,RAW_SIRET,48,1
NOTICE-00005921,2026-02-21,RAW_SIRET,48,0
NOTICE-00005922,2024-03-19,RAW_SIRET,35,2
NOTICE-00005924,2025-03-22,RAW_SIRET,35,0
NOTICE-00005927,2020-06-15,NAME_FALLBACK,72,3
NOTICE-00005928,2023-01-31,NAME_FALLBACK,72,0
NOTICE-00005930,2024-08-22,NAME_FALLBACK,,1
NOTICE-00005944,2024-11-22,RAW_SIRET,35,2
NOTICE-00005947,2024-07-06,NAME_FALLBACK,32,1
NOTICE-00005953,2021-08-13,NAME_FALLBACK,72,0
NOTICE-00005954,2022-10-07,NAME_FALLBACK,72,0
NOTICE-00005956,2024-03-02,NAME_FALLBACK,72,1
NOTICE-00005958,2025-02-08,NAME_FALLBACK,72,0
NOTICE-00006013,2023-05-02,NAME_FALLBACK,48,0
NOTICE-00006017,2025-03-04,NAME_FALLBACK,48,1
NOTICE-00006019,2025-09-24,NAME_FALLBACK,48,0
NOTICE-00006090,2021-04-11,NAME_FALLBACK,72,2
NOTICE-00006091,2022-01-19,NAME_FALLBACK,72,0
NOTICE-00006194,2024-03-14,RAW_SIRET,35,1
NOTICE-00006196,2024-09-23,RAW_SIRET,35,0
NOTICE-00006197,2025-06-22,RAW_SIRET,35,1
NOTICE-00006199,2026-03-28,RAW_SIRET,35,0
NOTICE-00006210,2020-04-20,NAME_FALLBACK,32,0
NOTICE-00006233,2017-04-23,NAME_FALLBACK,72,0
NOTICE-00006327,2021-06-07,NAME_FALLBACK,48,2
NOTICE-00006329,2023-02-10,NAME_FALLBACK,48,1
NOTICE-00006373,2024-07-04,NAME_FALLBACK,,0
NOTICE-00006424,2021-06-24,NAME_FALLBACK,72,0
NOTICE-00006425,2024-08-19,NAME_FALLBACK,72,0
NOTICE-00006521,2020-04-11,RAW_SIRET,72,1
NOTICE-00006523,2021-02-24,RAW_SIRET,72,0
NOTICE-00006606,2022-03-16,RAW_SIRET,32,0
NOTICE-00006607,2024-07-28,RAW_SIRET,32,0
NOTICE-00006608,2025-04-21,RAW_SIRET,32,0
NOTICE-00006674,2024-03-05,NAME_FALLBACK,48,0
NOTICE-00006742,2024-10-31,RAW_SIRET,72,0
NOTICE-00006744,2025-11-14,NAME_FALLBACK,48,1
NOTICE-00006745,2026-06-30,NAME_FALLBACK,,0
NOTICE-00006746,2022-02-04,RAW_SIRET,48,0
NOTICE-00006747,2022-11-06,NAME_FALLBACK,32,0
NOTICE-00006824,2021-12-29,NAME_FALLBACK,72,0
NOTICE-00006827,2018-08-11,NAME_FALLBACK,72,0
NOTICE-00006828,2020-11-16,NAME_FALLBACK,,0
NOTICE-00006830,2023-04-28,RAW_SIRET,48,0
NOTICE-00006865,2020-04-05,NAME_FALLBACK,,3
NOTICE-00006866,2020-08-30,NAME_FALLBACK,72,3
NOTICE-00006868,2020-02-16,NAME_FALLBACK,48,0
NOTICE-00006870,2022-01-01,NAME_FALLBACK,48,0
NOTICE-00006871,2026-04-09,NAME_FALLBACK,48,0
NOTICE-00006941,2022-04-19,RAW_SIRET,32,1
NOTICE-00006942,2022-12-22,RAW_SIRET,32,0
NOTICE-00006971,2015-05-22,RAW_SIRET,35,0
NOTICE-00006972,2016-10-01,RAW_SIRET,35,0
NOTICE-00006974,2017-10-26,RAW_SIRET,35,0
NOTICE-00006975,2019-09-02,RAW_SIRET,35,0
NOTICE-00006980,2025-12-18,NAME_FALLBACK,32,0
NOTICE-00006981,2024-04-12,NAME_FALLBACK,32,0
NOTICE-00007009,2024-04-06,RAW_SIRET,72,0
NOTICE-00007014,2023-09-29,NAME_FALLBACK,72,1
NOTICE-00007016,2024-05-24,NAME_FALLBACK,72,0
NOTICE-00007024,2018-03-22,RAW_SIRET,48,1
NOTICE-00007028,2021-07-01,RAW_SIRET,48,0
NOTICE-00007030,2025-01-29,RAW_SIRET,48,0
NOTICE-00007032,2018-10-19,RAW_SIRET,72,0
NOTICE-00007033,2021-06-17,RAW_SIRET,72,1
NOTICE-00007035,2023-12-07,RAW_SIRET,72,0
NOTICE-00007040,2023-12-02,RAW_SIRET,72,0
NOTICE-00007041,2025-02-20,RAW_SIRET,72,0
NOTICE-00007042,2026-04-03,RAW_SIRET,72,0
NOTICE-00007043,2022-03-23,RAW_SIRET,48,1
NOTICE-00007045,2023-01-17,RAW_SIRET,,1
NOTICE-00007048,2025-01-20,NAME_FALLBACK,72,1
NOTICE-00007050,2025-09-25,NAME_FALLBACK,72,0
NOTICE-00007051,2021-05-30,RAW_SIRET,32,0
NOTICE-00007052,2022-06-19,RAW_SIRET,32,1
NOTICE-00007054,2022-11-21,RAW_SIRET,32,0
NOTICE-00007154,2021-10-30,NAME_FALLBACK,72,0
NOTICE-00007155,2024-09-30,NAME_FALLBACK,72,0
NOTICE-00007156,2026-02-23,NAME_FALLBACK,72,0
NOTICE-00007458,2021-04-24,NAME_FALLBACK,72,0
NOTICE-00007459,2024-04-12,NAME_FALLBACK,72,1
NOTICE-00007460,2025-04-13,NAME_FALLBACK,72,0
NOTICE-00007461,2019-11-27,NAME_FALLBACK,72,1
NOTICE-00007467,2020-05-14,NAME_FALLBACK,72,1
NOTICE-00007486,2023-08-21,RAW_SIRET,32,0
NOTICE-00007492,2022-09-19,NAME_FALLBACK,,1
NOTICE-00007498,2021-06-05,RAW_SIRET,48,0
NOTICE-00007500,2025-01-01,RAW_SIRET,,0
NOTICE-00007509,2018-11-18,NAME_FALLBACK,48,1
NOTICE-00007511,2019-12-11,NAME_FALLBACK,48,3
NOTICE-00007543,2021-05-19,NAME_FALLBACK,32,0
NOTICE-00007545,2015-07-15,NAME_FALLBACK,48,0
NOTICE-00007569,2021-01-27,RAW_SIRET,32,1
NOTICE-00007570,2021-11-21,RAW_SIRET,32,0
NOTICE-00007571,2021-04-02,NAME_FALLBACK,35,0
NOTICE-00007684,2021-05-07,NAME_FALLBACK,48,2
NOTICE-00007685,2022-02-17,NAME_FALLBACK,48,0
NOTICE-00007686,2023-09-20,NAME_FALLBACK,72,1
NOTICE-00007688,2024-04-10,NAME_FALLBACK,72,0
NOTICE-00007689,2025-09-26,NAME_FALLBACK,72,0
NOTICE-00007691,2021-11-28,NAME_FALLBACK,32,1
NOTICE-00007692,2023-07-13,NAME_FALLBACK,32,2
NOTICE-00007693,2025-10-11,NAME_FALLBACK,32,0
NOTICE-00007695,2023-09-10,RAW_SIRET,35,0
NOTICE-00007696,2019-09-21,RAW_SIRET,48,0
NOTICE-00007697,2021-10-27,RAW_SIRET,48,0
NOTICE-00008259,2024-06-17,NAME_FALLBACK,72,0
NOTICE-00008260,2026-03-26,NAME_FALLBACK,72,0
NOTICE-00008383,2022-11-10,NAME_FALLBACK,48,0
NOTICE-00008384,2025-02-04,NAME_FALLBACK,48,1
NOTICE-00008386,2025-11-29,NAME_FALLBACK,48,0
NOTICE-00008388,2018-10-31,NAME_FALLBACK,32,1
NOTICE-00008397,2023-09-10,NAME_FALLBACK,48,0
NOTICE-00008399,2025-04-22,NAME_FALLBACK,48,0
NOTICE-00008401,2020-08-23,NAME_FALLBACK,48,1
NOTICE-00008527,2022-12-07,NAME_FALLBACK,72,7
NOTICE-00008528,2025-01-17,NAME_FALLBACK,72,1
NOTICE-00008802,2019-08-31,NAME_FALLBACK,32,0
NOTICE-00008806,2022-08-03,NAME_FALLBACK,32,1
NOTICE-00008808,2019-07-09,NAME_FALLBACK,35,1
NOTICE-00008809,2023-02-24,NAME_FALLBACK,35,0
NOTICE-00008810,2025-04-18,NAME_FALLBACK,35,0
NOTICE-00008812,2018-11-30,NAME_FALLBACK,48,2
NOTICE-00008813,2020-03-20,NAME_FALLBACK,48,0
NOTICE-00008814,2021-06-25,NAME_FALLBACK,48,0
NOTICE-00008815,2023-03-25,NAME_FALLBACK,48,0
NOTICE-00008832,2022-04-08,NAME_FALLBACK,72,0
NOTICE-00008833,2024-02-25,NAME_FALLBACK,72,1
NOTICE-00008834,2025-04-19,NAME_FALLBACK,72,0
NOTICE-00008835,2022-09-21,RAW_SIRET,32,3
NOTICE-00008838,2024-09-03,RAW_SIRET,32,0
NOTICE-00008839,2022-05-04,RAW_SIRET,32,4
NOTICE-00008840,2022-12-16,RAW_SIRET,32,2
NOTICE-00008841,2023-11-24,RAW_SIRET,32,1
NOTICE-00008842,2026-06-24,RAW_SIRET,32,0
NOTICE-00008848,2021-06-24,NAME_FALLBACK,48,2
NOTICE-00008850,2022-02-27,NAME_FALLBACK,72,1
NOTICE-00008852,2022-05-30,RAW_SIRET,35,4
NOTICE-00008858,2022-03-13,RAW_SIRET,72,5
NOTICE-00008860,2022-12-08,RAW_SIRET,72,3
NOTICE-00008861,2023-05-24,RAW_SIRET,72,1
NOTICE-00008895,2019-08-31,NAME_FALLBACK,72,1
NOTICE-00008897,2022-04-10,NAME_FALLBACK,,1
NOTICE-00008899,2023-01-21,NAME_FALLBACK,72,1
NOTICE-00008905,2023-09-28,NAME_FALLBACK,,0
NOTICE-00008906,2024-11-23,NAME_FALLBACK,72,0
NOTICE-00008907,2026-03-04,NAME_FALLBACK,72,0
NOTICE-00008968,2022-01-19,NAME_FALLBACK,,0
NOTICE-00008969,2023-11-15,NAME_FALLBACK,72,0
NOTICE-00008976,2024-10-15,NAME_FALLBACK,35,0
NOTICE-00009002,2019-05-02,NAME_FALLBACK,72,4
NOTICE-00009003,2020-04-06,NAME_FALLBACK,72,1
NOTICE-00009004,2021-07-08,NAME_FALLBACK,72,3
NOTICE-00009010,2020-01-13,NAME_FALLBACK,32,3
NOTICE-00009011,2020-06-23,NAME_FALLBACK,32,0
NOTICE-00009018,2021-08-24,NAME_FALLBACK,32,2
NOTICE-00009020,2022-03-13,NAME_FALLBACK,32,1
NOTICE-00009022,2023-04-22,NAME_FALLBACK,32,1
NOTICE-00009026,2019-08-31,NAME_FALLBACK,72,4
NOTICE-00009027,2020-03-28,NAME_FALLBACK,72,2
NOTICE-00009029,2021-07-08,NAME_FALLBACK,,3
NOTICE-00009030,2022-06-29,NAME_FALLBACK,72,1
NOTICE-00009176,2022-08-23,RAW_SIRET,72,1
NOTICE-00009177,2022-09-24,NAME_FALLBACK,32,0
NOTICE-00009182,2022-09-14,RAW_SIRET,72,0
NOTICE-00009195,2020-05-23,NAME_FALLBACK,72,1
NOTICE-00009196,2021-03-04,NAME_FALLBACK,72,0
NOTICE-00009197,2022-08-25,NAME_FALLBACK,,0
NOTICE-00009205,2017-06-10,NAME_FALLBACK,32,0
NOTICE-00009206,2018-10-09,NAME_FALLBACK,32,0
NOTICE-00009334,2019-03-15,NAME_FALLBACK,32,2
NOTICE-00009336,2020-03-30,NAME_FALLBACK,32,2
NOTICE-00009337,2021-12-12,NAME_FALLBACK,32,1
NOTICE-00009339,2022-12-08,NAME_FALLBACK,32,0
NOTICE-00009365,2023-05-18,NAME_FALLBACK,32,1
NOTICE-00009454,2023-09-30,NAME_FALLBACK,32,1
NOTICE-00009456,2024-10-13,NAME_FALLBACK,32,0
NOTICE-00009458,2025-10-07,NAME_FALLBACK,32,0
NOTICE-00009459,2022-03-30,NAME_FALLBACK,72,0
NOTICE-00009460,2024-01-18,NAME_FALLBACK,72,1
NOTICE-00009461,2025-08-03,NAME_FALLBACK,72,0
NOTICE-00009463,2022-05-30,RAW_SIRET,72,0
NOTICE-00009465,2023-07-08,RAW_SIRET,72,1
NOTICE-00009466,2025-01-14,RAW_SIRET,72,0
NOTICE-00009467,2023-10-08,RAW_SIRET,72,0
NOTICE-00009468,2026-07-03,RAW_SIRET,72,0
NOTICE-00009570,2018-08-01,NAME_FALLBACK,32,0
NOTICE-00009628,2021-03-18,NAME_FALLBACK,32,2
NOTICE-00009630,2021-10-22,NAME_FALLBACK,32,2
NOTICE-00009632,2022-06-30,NAME_FALLBACK,32,2
NOTICE-00009634,2017-07-28,NAME_FALLBACK,72,3
NOTICE-00009635,2018-02-27,NAME_FALLBACK,72,1
NOTICE-00009636,2018-07-23,NAME_FALLBACK,72,2
NOTICE-00009638,2019-03-23,NAME_FALLBACK,72,1
NOTICE-00009639,2019-05-12,NAME_FALLBACK,35,0
NOTICE-00009640,2020-07-07,NAME_FALLBACK,35,2
NOTICE-00009642,2022-08-26,NAME_FALLBACK,35,1
NOTICE-00009643,2021-02-25,NAME_FALLBACK,72,3
NOTICE-00009815,2017-08-19,NAME_FALLBACK,,1
NOTICE-00009816,2019-12-28,NAME_FALLBACK,72,0
NOTICE-00009818,2017-10-01,NAME_FALLBACK,72,0
NOTICE-00009819,2021-08-01,NAME_FALLBACK,,1
NOTICE-00009821,2021-04-30,NAME_FALLBACK,72,1
NOTICE-00009822,2022-07-29,NAME_FALLBACK,72,0
NOTICE-00009823,2023-10-31,NAME_FALLBACK,72,1
NOTICE-00009825,2024-10-13,NAME_FALLBACK,72,0
NOTICE-00009826,2022-03-13,RAW_SIRET,48,0
NOTICE-00009827,2023-07-14,RAW_SIRET,48,0
NOTICE-00009829,2022-03-21,NAME_FALLBACK,72,1
NOTICE-00009830,2022-11-16,NAME_FALLBACK,72,1
NOTICE-00009831,2023-06-06,NAME_FALLBACK,72,0
NOTICE-00009836,2017-09-17,NAME_FALLBACK,72,7
NOTICE-00009859,2022-01-20,RAW_SIRET,72,4
NOTICE-00009860,2019-04-15,NAME_FALLBACK,,9
NOTICE-00009861,2021-05-02,NAME_FALLBACK,72,15
NOTICE-00009862,2022-06-18,NAME_FALLBACK,72,8
NOTICE-00009863,2023-05-10,NAME_FALLBACK,72,3
NOTICE-00009865,2024-06-24,NAME_FALLBACK,72,4
NOTICE-00009868,2022-12-09,RAW_SIRET,72,1
NOTICE-00009869,2023-10-02,RAW_SIRET,72,0
NOTICE-00009870,2024-10-27,RAW_SIRET,72,0
NOTICE-00009871,2018-08-03,NAME_FALLBACK,,9
NOTICE-00009872,2019-07-19,NAME_FALLBACK,48,9
NOTICE-00009875,2018-12-10,NAME_FALLBACK,48,8
NOTICE-00009876,2021-01-16,NAME_FALLBACK,,17
NOTICE-00009877,2022-05-05,NAME_FALLBACK,48,12
NOTICE-00009878,2024-03-25,NAME_FALLBACK,48,5
NOTICE-00009879,2018-01-27,NAME_FALLBACK,72,11
NOTICE-00009881,2021-09-22,NAME_FALLBACK,32,12
NOTICE-00009883,2022-06-17,NAME_FALLBACK,32,9
NOTICE-00009885,2023-01-29,NAME_FALLBACK,32,5
NOTICE-00009888,2021-08-21,NAME_FALLBACK,72,14
NOTICE-00009890,2022-05-30,NAME_FALLBACK,72,10
NOTICE-00009892,2023-02-21,NAME_FALLBACK,72,3
NOTICE-00009893,2023-11-10,NAME_FALLBACK,72,4
NOTICE-00009894,2022-01-28,RAW_SIRET,32,1
NOTICE-00009895,2022-11-24,RAW_SIRET,32,0
NOTICE-00009896,2025-02-10,RAW_SIRET,32,0
NOTICE-00009897,2017-05-29,NAME_FALLBACK,72,8
NOTICE-00009898,2019-10-05,NAME_FALLBACK,72,10
NOTICE-00009902,2017-05-13,NAME_FALLBACK,32,10
NOTICE-00009903,2018-04-12,NAME_FALLBACK,32,9
NOTICE-00009904,2020-02-28,NAME_FALLBACK,32,10
NOTICE-00009906,2021-05-14,NAME_FALLBACK,32,15
NOTICE-00009907,2021-03-18,NAME_FALLBACK,72,16
NOTICE-00009909,2023-11-16,NAME_FALLBACK,72,4
NOTICE-00009911,2021-04-26,NAME_FALLBACK,72,15
NOTICE-00009913,2021-02-03,NAME_FALLBACK,,17
NOTICE-00009914,2023-02-05,NAME_FALLBACK,48,4
NOTICE-00009915,2024-11-13,NAME_FALLBACK,48,2
NOTICE-00009916,2018-04-09,NAME_FALLBACK,32,10
NOTICE-00009917,2020-04-27,NAME_FALLBACK,32,10
NOTICE-00009919,2021-12-11,NAME_FALLBACK,32,13
NOTICE-00009921,2017-07-14,NAME_FALLBACK,32,7
NOTICE-00009924,2020-08-19,NAME_FALLBACK,32,15
NOTICE-00009925,2022-01-09,NAME_FALLBACK,32,12
NOTICE-00009932,2022-07-07,RAW_SIRET,48,1
NOTICE-00009934,2025-01-23,RAW_SIRET,48,0
NOTICE-00009936,2019-07-25,RAW_SIRET,72,2
NOTICE-00009937,2020-03-23,RAW_SIRET,,2
NOTICE-00009939,2021-03-30,RAW_SIRET,72,2
NOTICE-00009940,2022-03-06,RAW_SIRET,72,3
NOTICE-00009943,2019-06-27,NAME_FALLBACK,,10
NOTICE-00009945,2020-07-21,NAME_FALLBACK,72,14
NOTICE-00009947,2022-01-29,NAME_FALLBACK,72,13
NOTICE-00009949,2017-05-28,NAME_FALLBACK,,9
NOTICE-00009953,2018-04-13,NAME_FALLBACK,72,8
NOTICE-00009954,2021-06-30,NAME_FALLBACK,35,17
NOTICE-00009965,2022-05-23,NAME_FALLBACK,72,11
NOTICE-00009966,2023-01-11,NAME_FALLBACK,72,6
NOTICE-00009972,2019-11-06,NAME_FALLBACK,,11
NOTICE-00009973,2020-05-01,NAME_FALLBACK,72,10
NOTICE-00009975,2020-10-27,NAME_FALLBACK,72,16
NOTICE-00009977,2021-07-15,NAME_FALLBACK,,16
NOTICE-00009980,2019-11-15,NAME_FALLBACK,72,10
NOTICE-00009981,2021-05-15,NAME_FALLBACK,72,14
NOTICE-00009982,2018-12-23,NAME_FALLBACK,48,7
NOTICE-00009990,2021-03-29,NAME_FALLBACK,32,15
NOTICE-00009994,2021-09-09,NAME_FALLBACK,32,13
NOTICE-00009998,2018-04-19,NAME_FALLBACK,72,8
NOTICE-00009999,2020-03-08,NAME_FALLBACK,72,9
NOTICE-00010000,2021-06-01,NAME_FALLBACK,72,16
NOTICE-00010002,2020-06-13,RAW_SIRET,32,2
NOTICE-00010003,2018-03-21,NAME_FALLBACK,32,10
NOTICE-00010004,2018-11-14,NAME_FALLBACK,32,9
NOTICE-00010007,2019-03-27,NAME_FALLBACK,32,10
NOTICE-00010008,2019-07-14,RAW_SIRET,72,3
NOTICE-00010010,2020-12-09,RAW_SIRET,72,1
NOTICE-00010014,2018-09-19,NAME_FALLBACK,48,8
NOTICE-00010015,2020-01-02,NAME_FALLBACK,48,9
NOTICE-00010019,2021-08-10,NAME_FALLBACK,72,16
NOTICE-00010021,2022-04-02,NAME_FALLBACK,72,14
NOTICE-00010024,2017-05-07,NAME_FALLBACK,32,11
NOTICE-00010026,2022-04-04,RAW_SIRET,72,2
NOTICE-00010036,2022-05-22,NAME_FALLBACK,48,12
NOTICE-00010037,2022-07-17,NAME_FALLBACK,48,7
NOTICE-00010039,2020-03-13,NAME_FALLBACK,35,8
NOTICE-00010040,2021-08-15,NAME_FALLBACK,72,15
NOTICE-00010041,2022-11-19,NAME_FALLBACK,,8
NOTICE-00010043,2025-04-14,NAME_FALLBACK,72,0
NOTICE-00010044,2018-11-12,NAME_FALLBACK,72,9
NOTICE-00010046,2022-04-29,NAME_FALLBACK,72,13
NOTICE-00010047,2024-08-08,NAME_FALLBACK,72,2
NOTICE-00010158,2017-10-17,NAME_FALLBACK,32,1
NOTICE-00010160,2017-03-24,RAW_SIRET,72,1
NOTICE-00010162,2017-09-09,RAW_SIRET,72,0
NOTICE-00010163,2020-03-08,RAW_SIRET,72,1
NOTICE-00010164,2020-12-10,RAW_SIRET,72,0
NOTICE-00010165,2017-10-06,NAME_FALLBACK,48,2
NOTICE-00010167,2019-01-05,NAME_FALLBACK,48,1
NOTICE-00010168,2019-06-27,NAME_FALLBACK,,0
NOTICE-00010169,2022-08-09,NAME_FALLBACK,,0
NOTICE-00010170,2017-10-18,NAME_FALLBACK,72,0
NOTICE-00010175,2021-09-25,NAME_FALLBACK,32,1
NOTICE-00010184,2020-02-06,NAME_FALLBACK,72,1
NOTICE-00010185,2022-03-11,NAME_FALLBACK,72,1
NOTICE-00010186,2016-06-24,NAME_FALLBACK,32,0
NOTICE-00010187,2019-07-17,NAME_FALLBACK,48,1
NOTICE-00010189,2020-11-21,NAME_FALLBACK,48,0
NOTICE-00010190,2022-03-13,NAME_FALLBACK,,0
NOTICE-00010211,2021-04-29,NAME_FALLBACK,72,0
NOTICE-00010212,2025-01-15,NAME_FALLBACK,72,0
NOTICE-00010217,2018-01-31,NAME_FALLBACK,35,1
NOTICE-00010219,2018-10-24,NAME_FALLBACK,35,0
NOTICE-00010222,2023-04-16,NAME_FALLBACK,35,0
NOTICE-00010227,2024-01-18,RAW_SIRET,72,0
NOTICE-00010228,2025-06-15,RAW_SIRET,72,0
NOTICE-00010345,2021-03-13,NAME_FALLBACK,35,1
NOTICE-00010415,2019-06-09,NAME_FALLBACK,48,0
NOTICE-00010416,2020-07-03,NAME_FALLBACK,,0
NOTICE-00010418,2018-07-11,NAME_FALLBACK,72,1
NOTICE-00010419,2018-02-15,NAME_FALLBACK,72,1
NOTICE-00010420,2018-10-01,NAME_FALLBACK,72,0
NOTICE-00010422,2020-03-13,NAME_FALLBACK,72,0
NOTICE-00010574,2020-08-01,NAME_FALLBACK,72,0
NOTICE-00010575,2024-05-21,NAME_FALLBACK,72,0
NOTICE-00010625,2022-08-26,NAME_FALLBACK,72,0
NOTICE-00010627,2022-11-18,RAW_SIRET,48,2
NOTICE-00010628,2023-05-20,RAW_SIRET,48,1
NOTICE-00010629,2023-08-15,RAW_SIRET,48,0
NOTICE-00010631,2022-05-25,RAW_SIRET,72,3
NOTICE-00010633,2022-11-08,RAW_SIRET,72,3
NOTICE-00010634,2025-05-12,RAW_SIRET,72,0
NOTICE-00010664,2019-10-16,NAME_FALLBACK,32,0
NOTICE-00010669,2020-07-25,NAME_FALLBACK,48,0
NOTICE-00010670,2023-12-12,NAME_FALLBACK,48,0
NOTICE-00010671,2026-02-12,NAME_FALLBACK,48,0
NOTICE-00010864,2024-05-11,RAW_SIRET,72,0
NOTICE-00010867,2021-12-12,NAME_FALLBACK,32,0
NOTICE-00010868,2024-01-02,NAME_FALLBACK,32,0
NOTICE-00010883,2024-05-21,NAME_FALLBACK,,0
NOTICE-00010996,2018-01-26,RAW_SIRET,35,0
NOTICE-00011025,2018-11-18,NAME_FALLBACK,72,0
NOTICE-00011239,2020-10-12,NAME_FALLBACK,,1
NOTICE-00011286,2020-01-20,NAME_FALLBACK,35,1
NOTICE-00011292,2017-04-19,NAME_FALLBACK,72,0
NOTICE-00011293,2018-09-16,NAME_FALLBACK,72,0
NOTICE-00011294,2020-06-03,NAME_FALLBACK,72,0
NOTICE-00011296,2021-11-03,NAME_FALLBACK,72,0
NOTICE-00011399,2017-10-17,RAW_SIRET,72,0
NOTICE-00011400,2018-12-16,NAME_FALLBACK,48,1
NOTICE-00011402,2022-10-25,NAME_FALLBACK,48,0
NOTICE-00011403,2018-02-13,NAME_FALLBACK,48,3
NOTICE-00011405,2018-09-10,NAME_FALLBACK,48,2
NOTICE-00011406,2019-07-05,NAME_FALLBACK,48,0
NOTICE-00011414,2018-07-29,NAME_FALLBACK,72,3
NOTICE-00011439,2021-07-08,NAME_FALLBACK,32,1
NOTICE-00011441,2024-05-13,NAME_FALLBACK,32,0
NOTICE-00011442,2025-12-04,NAME_FALLBACK,32,0
NOTICE-00011443,2020-10-24,NAME_FALLBACK,72,2
NOTICE-00011447,2019-02-11,NAME_FALLBACK,35,3
NOTICE-00011449,2019-08-01,NAME_FALLBACK,72,2
NOTICE-00011450,2018-10-31,NAME_FALLBACK,72,3
NOTICE-00011452,2018-10-13,RAW_SIRET,48,0
NOTICE-00011455,2017-10-30,NAME_FALLBACK,48,2
NOTICE-00011699,2018-10-08,NAME_FALLBACK,72,2
NOTICE-00011700,2019-07-27,NAME_FALLBACK,72,4
NOTICE-00011701,2020-06-20,NAME_FALLBACK,72,1
NOTICE-00011712,2018-06-03,NAME_FALLBACK,32,3
NOTICE-00011715,2018-07-06,NAME_FALLBACK,48,2
NOTICE-00011716,2019-01-03,NAME_FALLBACK,48,3
NOTICE-00011718,2019-10-14,NAME_FALLBACK,48,3
NOTICE-00011719,2020-07-18,NAME_FALLBACK,,0
NOTICE-00011725,2019-12-29,NAME_FALLBACK,72,2
NOTICE-00011811,2018-11-20,NAME_FALLBACK,32,1
NOTICE-00011812,2019-10-24,NAME_FALLBACK,32,0
NOTICE-00011815,2018-07-27,NAME_FALLBACK,72,0
NOTICE-00011951,2019-01-21,NAME_FALLBACK,32,0
NOTICE-00011982,2020-07-25,NAME_FALLBACK,32,2
NOTICE-00011984,2021-05-09,NAME_FALLBACK,32,2
NOTICE-00011985,2021-10-05,NAME_FALLBACK,32,1
NOTICE-00011986,2022-08-06,NAME_FALLBACK,32,0
NOTICE-00012005,2021-08-21,NAME_FALLBACK,72,0
NOTICE-00012007,2023-04-08,NAME_FALLBACK,72,3
NOTICE-00012008,2024-03-24,NAME_FALLBACK,72,0
NOTICE-00012009,2025-03-06,NAME_FALLBACK,72,0
NOTICE-00012011,2023-05-22,NAME_FALLBACK,,2
NOTICE-00012013,2020-09-04,RAW_SIRET,72,0
NOTICE-00012014,2021-09-14,RAW_SIRET,72,1
NOTICE-00012016,2022-06-16,RAW_SIRET,,0
NOTICE-00012095,2019-06-10,RAW_SIRET,48,0
NOTICE-00012097,2020-08-18,RAW_SIRET,48,1
NOTICE-00012099,2021-01-11,RAW_SIRET,48,0
NOTICE-00012100,2022-02-02,RAW_SIRET,48,0
NOTICE-00012102,2020-02-25,NAME_FALLBACK,72,3
NOTICE-00012103,2021-04-09,NAME_FALLBACK,72,0
NOTICE-00012105,2019-09-28,NAME_FALLBACK,72,3
NOTICE-00012106,2020-12-30,NAME_FALLBACK,72,2
NOTICE-00012109,2020-03-26,NAME_FALLBACK,32,2
NOTICE-00012128,2024-02-22,RAW_SIRET,72,0
NOTICE-00012129,2026-02-23,RAW_SIRET,72,0
NOTICE-00012137,2018-06-20,NAME_FALLBACK,32,1
NOTICE-00012138,2018-09-03,NAME_FALLBACK,,1
NOTICE-00012324,2024-04-21,NAME_FALLBACK,35,2
NOTICE-00012325,2024-09-05,NAME_FALLBACK,35,0
NOTICE-00012326,2025-02-21,NAME_FALLBACK,35,1
NOTICE-00012327,2025-10-09,NAME_FALLBACK,35,0
NOTICE-00012513,2025-01-17,NAME_FALLBACK,32,0
NOTICE-00012515,2026-01-11,NAME_FALLBACK,32,0
NOTICE-00014642,2022-01-15,RAW_SIRET,32,0
NOTICE-00014643,2023-03-03,RAW_SIRET,32,0
NOTICE-00014646,2026-03-10,RAW_SIRET,32,0
NOTICE-00014726,2024-01-27,RAW_SIRET,72,0
NOTICE-00014728,2024-10-30,RAW_SIRET,72,0
NOTICE-00014916,2020-10-11,NAME_FALLBACK,72,1
NOTICE-00014917,2021-10-08,NAME_FALLBACK,72,0
NOTICE-00015088,2023-01-19,RAW_SIRET,32,0
NOTICE-00015147,2021-08-25,NAME_FALLBACK,32,0
NOTICE-00015148,2024-10-21,NAME_FALLBACK,32,1
NOTICE-00015189,2016-08-21,NAME_FALLBACK,72,1
NOTICE-00015190,2019-12-27,NAME_FALLBACK,,0
NOTICE-00015201,2016-04-24,NAME_FALLBACK,35,2
NOTICE-00015203,2016-03-21,NAME_FALLBACK,48,3
NOTICE-00015207,2017-03-11,NAME_FALLBACK,48,0
NOTICE-00015243,2017-01-27,NAME_FALLBACK,,0
NOTICE-00015315,2017-07-31,NAME_FALLBACK,72,0
NOTICE-00015316,2019-03-20,NAME_FALLBACK,72,0
NOTICE-00015317,2024-06-05,NAME_FALLBACK,72,0
NOTICE-00015318,2021-05-04,NAME_FALLBACK,48,0
NOTICE-00015320,2022-06-26,NAME_FALLBACK,48,0
NOTICE-00015321,2026-05-11,NAME_FALLBACK,35,0
NOTICE-00015330,2022-01-01,RAW_SIRET,72,1
NOTICE-00015331,2022-05-15,RAW_SIRET,72,0
NOTICE-00015358,2026-01-11,NAME_FALLBACK,32,0
NOTICE-00015378,2023-03-05,NAME_FALLBACK,32,0
NOTICE-00015432,2018-11-01,NAME_FALLBACK,35,1
NOTICE-00015434,2018-06-21,RAW_SIRET,48,0
NOTICE-00015435,2020-01-17,RAW_SIRET,48,0
NOTICE-00015436,2022-08-06,RAW_SIRET,48,0
NOTICE-00015491,2023-04-27,RAW_SIRET,,1
NOTICE-00015493,2024-02-21,RAW_SIRET,72,1
NOTICE-00015494,2025-01-03,RAW_SIRET,72,1
NOTICE-00015495,2025-12-03,RAW_SIRET,72,0
NOTICE-00015497,2019-10-24,NAME_FALLBACK,72,0
NOTICE-00015500,2022-09-05,NAME_FALLBACK,48,0
NOTICE-00015502,2026-02-18,NAME_FALLBACK,32,0
NOTICE-00015505,2024-03-28,NAME_FALLBACK,72,0
NOTICE-00015506,2025-11-14,NAME_FALLBACK,72,0
NOTICE-00015661,2019-08-20,NAME_FALLBACK,48,1
NOTICE-00015663,2022-03-22,NAME_FALLBACK,48,0
NOTICE-00017280,2020-04-06,NAME_FALLBACK,72,0
NOTICE-00017300,2021-10-09,NAME_FALLBACK,35,2
NOTICE-00017304,2023-01-30,NAME_FALLBACK,35,1
NOTICE-00017306,2024-01-13,NAME_FALLBACK,35,0
NOTICE-00017308,2019-09-16,NAME_FALLBACK,32,1
NOTICE-00017311,2020-10-26,NAME_FALLBACK,32,3
NOTICE-00017315,2020-05-09,NAME_FALLBACK,72,2
NOTICE-00017316,2020-12-24,NAME_FALLBACK,72,2
NOTICE-00017317,2021-10-18,NAME_FALLBACK,72,1
NOTICE-00017318,2022-09-17,NAME_FALLBACK,72,1
NOTICE-00017419,2020-11-14,NAME_FALLBACK,72,1
NOTICE-00017421,2022-04-16,NAME_FALLBACK,72,0
NOTICE-00017423,2024-01-10,NAME_FALLBACK,,1
NOTICE-00017425,2025-05-07,NAME_FALLBACK,72,0
NOTICE-00017427,2021-09-28,NAME_FALLBACK,72,1
NOTICE-00017428,2023-12-28,NAME_FALLBACK,72,1
NOTICE-00017434,2020-10-03,NAME_FALLBACK,48,0
NOTICE-00017435,2022-09-09,NAME_FALLBACK,48,0
NOTICE-00017466,2024-02-13,RAW_SIRET,72,0
NOTICE-00017468,2018-02-05,NAME_FALLBACK,35,0
NOTICE-00017471,2023-11-28,NAME_FALLBACK,35,2
NOTICE-00017578,2019-05-02,NAME_FALLBACK,72,1
NOTICE-00017579,2020-08-01,NAME_FALLBACK,72,2
NOTICE-00017581,2021-12-27,NAME_FALLBACK,72,1
NOTICE-00017582,2023-01-04,NAME_FALLBACK,72,0
NOTICE-00017631,2020-08-30,NAME_FALLBACK,48,0
NOTICE-00017633,2022-09-15,RAW_SIRET,72,0
NOTICE-00017735,2022-11-18,RAW_SIRET,32,0
NOTICE-00017737,2024-04-26,RAW_SIRET,32,0
NOTICE-00017739,2025-09-24,RAW_SIRET,32,0
NOTICE-00017758,2022-05-06,NAME_FALLBACK,32,1
NOTICE-00017759,2023-04-17,NAME_FALLBACK,32,0
NOTICE-00017821,2015-12-27,NAME_FALLBACK,72,1
NOTICE-00017823,2016-06-15,NAME_FALLBACK,72,1
NOTICE-00017825,2017-01-25,NAME_FALLBACK,72,0
NOTICE-00018080,2019-11-02,NAME_FALLBACK,35,0
NOTICE-00018082,2021-03-18,NAME_FALLBACK,35,0
NOTICE-00018162,2019-01-21,NAME_FALLBACK,72,0
NOTICE-00018163,2021-06-17,NAME_FALLBACK,72,0
NOTICE-00018214,2021-10-15,NAME_FALLBACK,72,2
NOTICE-00018216,2022-03-06,NAME_FALLBACK,72,1
NOTICE-00018217,2022-09-19,NAME_FALLBACK,72,0
NOTICE-00018506,2018-09-09,NAME_FALLBACK,,0
NOTICE-00018507,2022-02-01,NAME_FALLBACK,48,0
NOTICE-00018508,2024-05-26,NAME_FALLBACK,48,0
NOTICE-00018672,2022-01-23,RAW_SIRET,72,0
NOTICE-00018673,2025-07-28,NAME_FALLBACK,,0
NOTICE-00018767,2019-04-23,RAW_SIRET,72,1
NOTICE-00018769,2020-01-12,RAW_SIRET,72,0
NOTICE-00018770,2021-02-16,RAW_SIRET,72,0
NOTICE-00018771,2022-07-13,RAW_SIRET,72,0
NOTICE-00018773,2016-09-12,NAME_FALLBACK,32,0
NOTICE-00018775,2018-06-21,NAME_FALLBACK,32,0
NOTICE-00018832,2018-11-08,NAME_FALLBACK,72,0
NOTICE-00018833,2019-12-10,NAME_FALLBACK,72,0
NOTICE-00018926,2025-03-01,RAW_SIRET,48,0
NOTICE-00018928,2026-03-23,RAW_SIRET,48,0
NOTICE-00018942,2018-12-08,NAME_FALLBACK,72,0
NOTICE-00018943,2020-02-16,NAME_FALLBACK,72,0
NOTICE-00019042,2015-07-21,NAME_FALLBACK,72,0
NOTICE-00019044,2021-08-13,NAME_FALLBACK,72,0
NOTICE-00019046,2024-06-12,NAME_FALLBACK,72,0
NOTICE-00019401,2020-11-10,NAME_FALLBACK,48,3
NOTICE-00019402,2021-05-08,NAME_FALLBACK,,2
NOTICE-00019403,2022-03-06,NAME_FALLBACK,48,0
NOTICE-00019405,2024-03-15,RAW_SIRET,72,1
NOTICE-00019406,2025-09-02,RAW_SIRET,72,2
NOTICE-00019408,2026-03-05,RAW_SIRET,72,0
NOTICE-00019411,2021-08-20,RAW_SIRET,48,2
NOTICE-00019414,2021-05-29,NAME_FALLBACK,72,1
NOTICE-00019415,2024-01-29,RAW_SIRET,48,3
NOTICE-00019416,2024-09-11,RAW_SIRET,48,1
NOTICE-00019417,2025-05-03,RAW_SIRET,48,0
NOTICE-00019418,2025-12-13,RAW_SIRET,48,0
NOTICE-00019422,2020-05-20,NAME_FALLBACK,72,3
NOTICE-00019430,2022-08-16,RAW_SIRET,48,1
NOTICE-00019432,2023-03-07,RAW_SIRET,48,2
NOTICE-00019434,2023-08-25,RAW_SIRET,48,3
NOTICE-00019436,2024-04-09,RAW_SIRET,48,3
NOTICE-00019438,2024-01-24,NAME_FALLBACK,35,0
NOTICE-00019440,2024-10-09,NAME_FALLBACK,35,2
NOTICE-00019442,2025-08-28,NAME_FALLBACK,35,1
NOTICE-00019448,2023-04-23,NAME_FALLBACK,72,3
NOTICE-00019449,2025-02-18,NAME_FALLBACK,72,0
NOTICE-00019450,2020-11-29,NAME_FALLBACK,72,2
NOTICE-00019451,2023-07-26,NAME_FALLBACK,,2
NOTICE-00019452,2026-05-20,NAME_FALLBACK,72,0
NOTICE-00019455,2022-03-20,RAW_SIRET,72,2
NOTICE-00019465,2022-03-28,RAW_SIRET,48,1
NOTICE-00019466,2023-01-09,RAW_SIRET,48,0
NOTICE-00019478,2022-08-13,RAW_SIRET,32,1
NOTICE-00019480,2023-02-17,RAW_SIRET,32,0
NOTICE-00019482,2024-04-22,RAW_SIRET,32,0
NOTICE-00019484,2025-02-27,RAW_SIRET,72,1
NOTICE-00019485,2026-01-05,RAW_SIRET,72,0
NOTICE-00019486,2020-11-08,NAME_FALLBACK,72,1
NOTICE-00019488,2021-10-13,NAME_FALLBACK,72,3
NOTICE-00019489,2022-04-22,NAME_FALLBACK,72,2
NOTICE-00019491,2024-07-15,NAME_FALLBACK,72,2
NOTICE-00019560,2025-03-19,NAME_FALLBACK,,0
NOTICE-00019618,2019-11-18,NAME_FALLBACK,72,0
NOTICE-00019621,2022-11-20,NAME_FALLBACK,72,0
NOTICE-00019623,2024-04-28,NAME_FALLBACK,72,0
NOTICE-00019626,2024-03-25,RAW_SIRET,72,1
NOTICE-00019628,2025-01-03,RAW_SIRET,72,0
NOTICE-00019630,2019-01-30,NAME_FALLBACK,72,1
NOTICE-00019718,2015-11-19,NAME_FALLBACK,32,1
NOTICE-00019721,2023-01-08,NAME_FALLBACK,32,1
NOTICE-00019722,2016-02-28,NAME_FALLBACK,72,0
NOTICE-00019723,2020-05-15,NAME_FALLBACK,,1
NOTICE-00019724,2023-12-18,NAME_FALLBACK,72,0
NOTICE-00019766,2023-11-05,NAME_FALLBACK,72,2
NOTICE-00019768,2024-04-29,NAME_FALLBACK,72,0
NOTICE-00019770,2024-10-19,NAME_FALLBACK,72,1
NOTICE-00019771,2025-05-08,NAME_FALLBACK,72,0
NOTICE-00019794,2016-08-12,NAME_FALLBACK,72,0
NOTICE-00019859,2024-07-20,NAME_FALLBACK,32,0
NOTICE-00019930,2020-10-03,RAW_SIRET,32,0
NOTICE-00019931,2019-01-20,NAME_FALLBACK,48,0
NOTICE-00019932,2021-09-09,NAME_FALLBACK,48,0
NOTICE-00019947,2015-11-22,NAME_FALLBACK,72,2
NOTICE-00019949,2016-05-02,NAME_FALLBACK,72,1
NOTICE-00019951,2016-10-19,NAME_FALLBACK,72,0
NOTICE-00019960,2023-08-07,RAW_SIRET,,0
NOTICE-00019963,2024-06-24,NAME_FALLBACK,72,0
NOTICE-00019966,2022-06-06,RAW_SIRET,72,0
NOTICE-00019994,2019-10-25,NAME_FALLBACK,,0
NOTICE-00019996,2019-09-11,NAME_FALLBACK,48,1
NOTICE-00019997,2020-11-07,NAME_FALLBACK,48,0
NOTICE-00020107,2022-08-19,NAME_FALLBACK,,0
NOTICE-00020265,2019-10-22,NAME_FALLBACK,32,2
NOTICE-00020267,2015-11-22,NAME_FALLBACK,,0
NOTICE-00020271,2020-09-01,NAME_FALLBACK,48,1
NOTICE-00020307,2018-01-14,NAME_FALLBACK,72,1
NOTICE-00020308,2018-08-05,NAME_FALLBACK,,1
NOTICE-00020310,2019-06-06,NAME_FALLBACK,72,1
NOTICE-00020311,2020-03-25,NAME_FALLBACK,72,0
NOTICE-00020323,2020-06-12,NAME_FALLBACK,48,0
NOTICE-00020324,2022-11-10,NAME_FALLBACK,48,0
NOTICE-00020328,2022-07-21,RAW_SIRET,72,0
NOTICE-00020330,2024-01-19,RAW_SIRET,72,0
NOTICE-00020332,2026-01-19,RAW_SIRET,72,0
NOTICE-00020692,2020-07-23,NAME_FALLBACK,32,4
NOTICE-00020694,2022-04-23,NAME_FALLBACK,32,0
NOTICE-00020695,2020-10-16,NAME_FALLBACK,48,2
NOTICE-00020696,2025-11-26,RAW_SIRET,72,0
NOTICE-00020698,2023-05-02,NAME_FALLBACK,,3
NOTICE-00020700,2024-07-12,NAME_FALLBACK,72,0
NOTICE-00020702,2025-06-24,NAME_FALLBACK,72,1
NOTICE-00020704,2022-06-26,RAW_SIRET,48,1
NOTICE-00020705,2023-06-05,RAW_SIRET,48,1
NOTICE-00020707,2024-03-13,RAW_SIRET,48,0
NOTICE-00020708,2025-03-05,RAW_SIRET,48,0
NOTICE-00020710,2021-11-01,NAME_FALLBACK,35,2
NOTICE-00020730,2018-10-23,NAME_FALLBACK,72,1
NOTICE-00020732,2019-08-29,NAME_FALLBACK,72,1
NOTICE-00020733,2020-04-16,NAME_FALLBACK,72,0
NOTICE-00020914,2016-09-22,NAME_FALLBACK,72,1
NOTICE-00020915,2017-04-30,NAME_FALLBACK,72,1
NOTICE-00020916,2018-02-05,NAME_FALLBACK,72,0
NOTICE-00020918,2019-04-13,NAME_FALLBACK,72,0
NOTICE-00020969,2021-02-23,NAME_FALLBACK,72,1
NOTICE-00020971,2021-12-15,NAME_FALLBACK,72,1
NOTICE-00020973,2022-10-14,NAME_FALLBACK,72,1
NOTICE-00020974,2023-08-20,NAME_FALLBACK,,0
NOTICE-00021128,2021-12-12,NAME_FALLBACK,32,0
NOTICE-00021130,2022-08-10,RAW_SIRET,72,0
NOTICE-00021137,2023-02-14,RAW_SIRET,35,2
NOTICE-00021139,2023-09-18,RAW_SIRET,35,1
NOTICE-00021141,2024-01-31,RAW_SIRET,35,0
NOTICE-00021210,2018-02-16,NAME_FALLBACK,35,1
NOTICE-00021212,2021-06-10,NAME_FALLBACK,35,0
NOTICE-00021440,2020-07-31,NAME_FALLBACK,72,0
NOTICE-00021454,2020-06-28,NAME_FALLBACK,72,0
NOTICE-00021544,2021-06-21,NAME_FALLBACK,72,2
NOTICE-00021546,2022-02-27,NAME_FALLBACK,72,2
NOTICE-00021548,2020-07-11,NAME_FALLBACK,72,5
NOTICE-00021550,2021-07-28,NAME_FALLBACK,,1
NOTICE-00021551,2022-12-26,NAME_FALLBACK,72,1
NOTICE-00021553,2025-06-10,NAME_FALLBACK,72,1
NOTICE-00021557,2021-06-05,NAME_FALLBACK,72,4
NOTICE-00021558,2023-06-13,NAME_FALLBACK,72,1
NOTICE-00021560,2024-06-26,NAME_FALLBACK,72,2
NOTICE-00021561,2021-04-28,NAME_FALLBACK,32,5
NOTICE-00021562,2025-12-26,RAW_SIRET,72,0
NOTICE-00021633,2025-08-27,NAME_FALLBACK,48,0
NOTICE-00021634,2021-08-07,NAME_FALLBACK,48,1
NOTICE-00021635,2022-03-18,NAME_FALLBACK,48,0
NOTICE-00021654,2022-10-23,RAW_SIRET,72,2
NOTICE-00021655,2023-06-07,RAW_SIRET,72,2
NOTICE-00021656,2023-10-13,RAW_SIRET,72,1
NOTICE-00021657,2024-04-16,RAW_SIRET,72,1
NOTICE-00021660,2025-01-30,RAW_SIRET,32,0
NOTICE-00021705,2020-03-11,NAME_FALLBACK,48,0
NOTICE-00021706,2023-02-17,NAME_FALLBACK,48,0
NOTICE-00021707,2025-09-20,NAME_FALLBACK,48,1
NOTICE-00021771,2020-08-25,NAME_FALLBACK,48,0
NOTICE-00021772,2021-09-03,NAME_FALLBACK,48,0
NOTICE-00021774,2022-12-28,NAME_FALLBACK,48,0
NOTICE-00021776,2024-01-14,NAME_FALLBACK,48,0
NOTICE-00021841,2021-01-08,RAW_SIRET,72,0
NOTICE-00021843,2022-01-10,RAW_SIRET,,1
NOTICE-00021845,2022-07-10,RAW_SIRET,72,0
NOTICE-00021846,2025-03-29,RAW_SIRET,72,0
NOTICE-00021902,2021-02-26,NAME_FALLBACK,72,0
NOTICE-00021903,2022-08-26,NAME_FALLBACK,72,0
NOTICE-00021905,2020-07-22,NAME_FALLBACK,32,1
NOTICE-00021906,2022-10-29,NAME_FALLBACK,32,1
NOTICE-00021907,2024-11-17,NAME_FALLBACK,32,0
NOTICE-00021912,2021-04-18,NAME_FALLBACK,72,0
NOTICE-00021914,2023-03-31,NAME_FALLBACK,72,0
NOTICE-00021916,2025-01-20,NAME_FALLBACK,72,0
NOTICE-00024049,2016-10-10,NAME_FALLBACK,72,0
NOTICE-00024113,2020-07-04,NAME_FALLBACK,72,0
NOTICE-00024115,2020-02-08,NAME_FALLBACK,48,2
NOTICE-00024117,2022-07-15,NAME_FALLBACK,48,5
NOTICE-00024119,2023-11-13,NAME_FALLBACK,48,1
NOTICE-00024120,2025-08-25,NAME_FALLBACK,48,1
NOTICE-00024311,2026-02-23,NAME_FALLBACK,72,0
NOTICE-00024589,2021-10-05,NAME_FALLBACK,,0
NOTICE-00024592,2023-09-24,NAME_FALLBACK,,0
NOTICE-00024593,2024-09-26,NAME_FALLBACK,72,0
NOTICE-00024595,2020-02-05,NAME_FALLBACK,72,1
NOTICE-00024600,2017-11-12,NAME_FALLBACK,72,0
NOTICE-00024601,2018-11-29,NAME_FALLBACK,72,1
NOTICE-00024603,2019-09-25,NAME_FALLBACK,72,1
NOTICE-00024604,2021-01-06,NAME_FALLBACK,72,2
NOTICE-00024606,2021-06-28,NAME_FALLBACK,72,1
NOTICE-00024607,2023-01-03,NAME_FALLBACK,72,1
NOTICE-00024629,2016-05-01,NAME_FALLBACK,72,1
NOTICE-00024630,2017-07-02,NAME_FALLBACK,72,0
NOTICE-00024632,2018-11-11,NAME_FALLBACK,72,0
NOTICE-00024633,2019-12-22,NAME_FALLBACK,72,1
NOTICE-00024682,2022-11-20,RAW_SIRET,35,1
NOTICE-00024684,2023-11-19,RAW_SIRET,35,1
NOTICE-00024685,2024-10-29,RAW_SIRET,35,0
NOTICE-00024736,2023-04-28,NAME_FALLBACK,,2
NOTICE-00024737,2024-07-24,NAME_FALLBACK,,2
NOTICE-00024738,2025-07-23,NAME_FALLBACK,72,0
NOTICE-00024742,2018-08-14,NAME_FALLBACK,72,0
NOTICE-00024751,2025-05-08,RAW_SIRET,72,1
NOTICE-00024753,2026-02-26,RAW_SIRET,72,0
NOTICE-00024754,2018-08-09,NAME_FALLBACK,48,1
NOTICE-00024755,2020-09-05,NAME_FALLBACK,48,0
NOTICE-00024757,2024-08-16,NAME_FALLBACK,48,0
NOTICE-00024761,2023-02-05,NAME_FALLBACK,,3
NOTICE-00024762,2023-04-29,NAME_FALLBACK,,1
NOTICE-00024763,2023-07-05,NAME_FALLBACK,72,0
NOTICE-00024771,2016-12-06,NAME_FALLBACK,,0
NOTICE-00024772,2019-11-15,NAME_FALLBACK,72,1
NOTICE-00024773,2021-06-11,NAME_FALLBACK,72,0
NOTICE-00024860,2019-08-22,NAME_FALLBACK,72,0
NOTICE-00024862,2023-04-29,NAME_FALLBACK,72,0
NOTICE-00024863,2024-11-11,NAME_FALLBACK,72,0
NOTICE-00024865,2019-08-05,NAME_FALLBACK,72,1
NOTICE-00024904,2019-08-12,NAME_FALLBACK,72,1
NOTICE-00024905,2020-02-02,NAME_FALLBACK,72,0
NOTICE-00025510,2024-06-20,RAW_SIRET,48,0
NOTICE-00025527,2018-10-16,NAME_FALLBACK,72,1
NOTICE-00025528,2019-10-01,NAME_FALLBACK,,1
NOTICE-00025529,2020-08-05,NAME_FALLBACK,72,0
NOTICE-00025533,2021-09-11,NAME_FALLBACK,,0
NOTICE-00025534,2023-05-04,NAME_FALLBACK,48,1
NOTICE-00025535,2024-02-17,NAME_FALLBACK,48,0
NOTICE-00025536,2025-03-01,NAME_FALLBACK,48,0
NOTICE-00025627,2024-08-21,NAME_FALLBACK,48,0
NOTICE-00025628,2024-01-11,NAME_FALLBACK,72,2
NOTICE-00025629,2025-06-15,NAME_FALLBACK,72,3
NOTICE-00025631,2020-05-02,NAME_FALLBACK,48,2
NOTICE-00025632,2021-11-06,NAME_FALLBACK,48,1
NOTICE-00025633,2019-07-30,NAME_FALLBACK,72,2
NOTICE-00025634,2025-06-23,NAME_FALLBACK,72,2
NOTICE-00025637,2022-12-20,RAW_SIRET,32,1
NOTICE-00025638,2025-06-03,RAW_SIRET,32,0
NOTICE-00025640,2024-01-27,NAME_FALLBACK,32,1
NOTICE-00025642,2026-02-01,NAME_FALLBACK,32,1
NOTICE-00025646,2019-05-15,NAME_FALLBACK,48,3
NOTICE-00025647,2021-04-15,NAME_FALLBACK,,1
NOTICE-00025648,2023-12-19,NAME_FALLBACK,48,3
NOTICE-00025650,2025-12-31,NAME_FALLBACK,48,2
NOTICE-00025653,2026-04-17,RAW_SIRET,48,0
NOTICE-00025654,2023-10-25,RAW_SIRET,72,0
NOTICE-00025658,2019-04-09,NAME_FALLBACK,35,3
NOTICE-00025659,2019-12-22,NAME_FALLBACK,35,2
NOTICE-00025661,2020-08-31,NAME_FALLBACK,35,1
NOTICE-00025662,2022-09-12,NAME_FALLBACK,35,0
NOTICE-00025663,2025-03-11,NAME_FALLBACK,72,4
NOTICE-00025664,2026-04-30,NAME_FALLBACK,72,0
NOTICE-00025844,2022-06-03,NAME_FALLBACK,48,0
NOTICE-00025845,2024-12-23,RAW_SIRET,32,0
NOTICE-00025846,2025-07-26,RAW_SIRET,32,0
NOTICE-00025851,2026-01-05,NAME_FALLBACK,32,0
NOTICE-00025863,2023-01-17,RAW_SIRET,72,0
NOTICE-00025917,2017-05-30,NAME_FALLBACK,48,0
NOTICE-00025919,2024-03-26,NAME_FALLBACK,48,1
NOTICE-00025928,2022-12-25,NAME_FALLBACK,,0
NOTICE-00025929,2024-02-10,NAME_FALLBACK,72,1
NOTICE-00025931,2025-06-13,NAME_FALLBACK,72,0
NOTICE-00025934,2024-11-17,RAW_SIRET,72,0
NOTICE-00025935,2023-11-21,NAME_FALLBACK,72,0
NOTICE-00026004,2022-08-10,RAW_SIRET,48,1
NOTICE-00026005,2023-01-16,RAW_SIRET,48,0
NOTICE-00026285,2020-01-30,NAME_FALLBACK,72,0
NOTICE-00026425,2021-12-09,NAME_FALLBACK,32,2
NOTICE-00026426,2022-08-23,NAME_FALLBACK,32,2
NOTICE-00026427,2023-06-18,NAME_FALLBACK,32,0
NOTICE-00026428,2025-11-27,NAME_FALLBACK,72,0
NOTICE-00026437,2021-04-16,NAME_FALLBACK,72,0
NOTICE-00026681,2021-04-22,NAME_FALLBACK,48,1
NOTICE-00026683,2022-02-15,NAME_FALLBACK,48,0
NOTICE-00026684,2023-03-28,NAME_FALLBACK,48,0
NOTICE-00026685,2022-11-19,RAW_SIRET,72,0
NOTICE-00026867,2019-03-27,NAME_FALLBACK,,0
NOTICE-00026869,2018-05-30,NAME_FALLBACK,72,2
NOTICE-00026870,2018-08-06,NAME_FALLBACK,72,1
NOTICE-00026947,2021-03-26,NAME_FALLBACK,72,0
NOTICE-00027009,2025-06-07,NAME_FALLBACK,35,0
NOTICE-00027041,2019-06-19,NAME_FALLBACK,48,0
NOTICE-00027042,2017-11-30,NAME_FALLBACK,32,0
NOTICE-00027043,2021-12-08,NAME_FALLBACK,32,0
NOTICE-00027045,2020-03-10,RAW_SIRET,48,0
NOTICE-00027313,2020-08-28,NAME_FALLBACK,72,1
NOTICE-00027314,2021-11-06,NAME_FALLBACK,72,1
NOTICE-00027315,2023-05-09,NAME_FALLBACK,72,0
NOTICE-00027316,2024-11-25,NAME_FALLBACK,,0
NOTICE-00027475,2021-08-25,NAME_FALLBACK,72,1
NOTICE-00027477,2022-06-27,NAME_FALLBACK,72,0
NOTICE-00027479,2023-08-22,NAME_FALLBACK,,0
NOTICE-00027919,2022-07-26,RAW_SIRET,72,0
NOTICE-00027920,2024-07-27,RAW_SIRET,72,0
NOTICE-00027932,2020-08-17,NAME_FALLBACK,72,7
NOTICE-00027933,2024-01-04,NAME_FALLBACK,72,1
NOTICE-00027936,2020-07-15,NAME_FALLBACK,72,8
NOTICE-00027938,2021-10-14,NAME_FALLBACK,72,4
NOTICE-00027939,2022-07-07,NAME_FALLBACK,72,1
NOTICE-00027940,2023-12-05,NAME_FALLBACK,72,2
NOTICE-00027947,2020-05-29,RAW_SIRET,48,0
NOTICE-00027949,2020-02-24,NAME_FALLBACK,35,8
NOTICE-00027951,2021-05-03,NAME_FALLBACK,35,3
NOTICE-00027955,2019-12-21,RAW_SIRET,72,1
NOTICE-00027956,2021-08-23,RAW_SIRET,72,0
NOTICE-00027960,2020-06-20,NAME_FALLBACK,48,8
NOTICE-00027962,2021-07-04,NAME_FALLBACK,48,3
NOTICE-00027964,2022-07-19,NAME_FALLBACK,48,0
NOTICE-00027965,2023-09-01,NAME_FALLBACK,48,3
NOTICE-00027970,2020-03-10,NAME_FALLBACK,72,7
NOTICE-00027971,2020-09-15,NAME_FALLBACK,,5
NOTICE-00027972,2020-01-27,NAME_FALLBACK,72,9
NOTICE-00027973,2020-11-26,NAME_FALLBACK,72,5
NOTICE-00027975,2022-05-19,NAME_FALLBACK,72,2
NOTICE-00027977,2019-12-26,NAME_FALLBACK,72,9
NOTICE-00027978,2021-01-18,NAME_FALLBACK,,5
NOTICE-00027979,2021-12-06,NAME_FALLBACK,72,3
NOTICE-00027981,2020-09-07,NAME_FALLBACK,32,6
NOTICE-00028195,2018-09-09,NAME_FALLBACK,72,1
NOTICE-00028199,2022-08-13,NAME_FALLBACK,72,0
NOTICE-00028200,2024-06-01,NAME_FALLBACK,72,1
NOTICE-00028215,2017-12-04,NAME_FALLBACK,,0
NOTICE-00028218,2020-03-05,NAME_FALLBACK,35,0
NOTICE-00028220,2021-08-03,NAME_FALLBACK,35,0
NOTICE-00028222,2023-05-05,NAME_FALLBACK,35,0
NOTICE-00028223,2026-05-03,NAME_FALLBACK,35,0
NOTICE-00028226,2017-01-11,NAME_FALLBACK,,0
NOTICE-00028234,2021-03-12,NAME_FALLBACK,72,0
NOTICE-00028239,2024-12-31,RAW_SIRET,72,0
NOTICE-00028311,2019-08-07,NAME_FALLBACK,72,0
NOTICE-00028313,2020-08-23,NAME_FALLBACK,72,0
NOTICE-00028322,2024-03-02,NAME_FALLBACK,72,2
NOTICE-00028324,2024-09-05,NAME_FALLBACK,72,0
NOTICE-00028326,2025-03-26,NAME_FALLBACK,72,1
NOTICE-00028327,2025-09-28,NAME_FALLBACK,72,0
NOTICE-00028932,2026-06-29,NAME_FALLBACK,72,0
NOTICE-00028933,2026-03-26,RAW_SIRET,72,0
NOTICE-00028944,2021-12-04,NAME_FALLBACK,48,0
NOTICE-00028947,2023-12-28,NAME_FALLBACK,48,0
NOTICE-00028948,2021-03-12,NAME_FALLBACK,72,1
NOTICE-00028951,2025-01-26,NAME_FALLBACK,72,0
NOTICE-00028953,2026-03-28,NAME_FALLBACK,72,0
NOTICE-00028954,2019-04-22,NAME_FALLBACK,48,2
NOTICE-00028955,2017-05-12,NAME_FALLBACK,48,0
NOTICE-00028957,2019-06-16,NAME_FALLBACK,,0
NOTICE-00028959,2019-06-08,NAME_FALLBACK,72,1
NOTICE-00028961,2021-02-02,NAME_FALLBACK,,3
NOTICE-00029142,2018-09-02,NAME_FALLBACK,35,0
NOTICE-00029143,2021-11-01,NAME_FALLBACK,35,0
NOTICE-00029381,2023-10-03,RAW_SIRET,48,0
NOTICE-00029383,2024-09-20,NAME_FALLBACK,,0
NOTICE-00029430,2020-06-26,RAW_SIRET,48,0
NOTICE-00029490,2020-12-10,NAME_FALLBACK,72,2
NOTICE-00029491,2021-09-04,NAME_FALLBACK,72,2
NOTICE-00029492,2022-02-06,NAME_FALLBACK,72,1
NOTICE-00029494,2022-11-01,NAME_FALLBACK,,0
NOTICE-00029571,2018-10-30,NAME_FALLBACK,48,0
NOTICE-00029572,2024-03-23,NAME_FALLBACK,48,0
NOTICE-00029590,2018-02-09,RAW_SIRET,48,1
NOTICE-00029592,2018-10-26,RAW_SIRET,48,0
NOTICE-00029597,2016-08-10,NAME_FALLBACK,72,0
NOTICE-00029647,2025-05-05,NAME_FALLBACK,72,0
NOTICE-00029805,2021-05-20,NAME_FALLBACK,32,0
NOTICE-00030138,2019-05-17,NAME_FALLBACK,35,0
NOTICE-00030140,2023-09-27,NAME_FALLBACK,35,1
NOTICE-00030144,2017-08-30,RAW_SIRET,72,0
NOTICE-00030146,2020-08-17,RAW_SIRET,72,1
NOTICE-00030147,2021-07-17,RAW_SIRET,72,0
NOTICE-00030148,2022-08-30,RAW_SIRET,72,1
NOTICE-00030149,2023-06-01,RAW_SIRET,72,0
NOTICE-00030150,2021-01-24,NAME_FALLBACK,32,0
NOTICE-00030153,2023-07-16,NAME_FALLBACK,32,0
NOTICE-00030154,2024-11-13,NAME_FALLBACK,32,0
NOTICE-00030306,2021-01-12,NAME_FALLBACK,72,0
NOTICE-00030307,2022-08-15,NAME_FALLBACK,72,0
NOTICE-00030309,2024-09-02,NAME_FALLBACK,72,1
NOTICE-00030310,2022-02-09,RAW_SIRET,32,0
NOTICE-00030349,2019-02-21,NAME_FALLBACK,72,0
NOTICE-00030351,2020-12-04,NAME_FALLBACK,72,0
NOTICE-00030353,2024-02-13,NAME_FALLBACK,72,0
NOTICE-00030599,2019-07-09,NAME_FALLBACK,,0
NOTICE-00030601,2020-08-12,NAME_FALLBACK,48,0
NOTICE-00030602,2022-10-22,RAW_SIRET,35,1
NOTICE-00030605,2022-03-28,RAW_SIRET,72,2
NOTICE-00030606,2023-01-07,RAW_SIRET,72,0
NOTICE-00030836,2021-05-19,NAME_FALLBACK,32,0
NOTICE-00030837,2022-10-17,NAME_FALLBACK,32,0
NOTICE-00030838,2025-04-27,NAME_FALLBACK,32,0
NOTICE-00030990,2021-04-08,NAME_FALLBACK,48,1
NOTICE-00030991,2022-07-29,NAME_FALLBACK,48,1
NOTICE-00030992,2024-04-01,NAME_FALLBACK,48,1
NOTICE-00030994,2026-03-15,NAME_FALLBACK,48,0
NOTICE-00031103,2024-02-02,NAME_FALLBACK,32,0
NOTICE-00031104,2025-08-05,NAME_FALLBACK,32,0
NOTICE-00031106,2025-04-16,NAME_FALLBACK,48,2
NOTICE-00031117,2025-11-13,NAME_FALLBACK,72,0
NOTICE-00031132,2016-07-05,NAME_FALLBACK,,1
NOTICE-00031134,2017-06-12,NAME_FALLBACK,72,0
NOTICE-00031135,2018-07-27,NAME_FALLBACK,72,1
NOTICE-00031136,2019-08-12,NAME_FALLBACK,72,6
NOTICE-00031155,2020-05-26,NAME_FALLBACK,48,0
NOTICE-00031157,2021-11-02,NAME_FALLBACK,,0
NOTICE-00031158,2023-02-23,NAME_FALLBACK,,0
NOTICE-00031159,2024-08-14,NAME_FALLBACK,48,0
NOTICE-00031656,2021-12-05,NAME_FALLBACK,72,0
NOTICE-00031658,2024-05-31,RAW_SIRET,35,0
NOTICE-00031659,2025-11-15,RAW_SIRET,35,0
NOTICE-00031660,2024-11-05,RAW_SIRET,72,0
NOTICE-00031761,2022-03-11,NAME_FALLBACK,32,0
NOTICE-00031762,2024-01-16,NAME_FALLBACK,32,1
NOTICE-00031763,2025-09-01,NAME_FALLBACK,32,0
NOTICE-00031764,2023-01-04,RAW_SIRET,48,0
NOTICE-00031766,2023-05-29,NAME_FALLBACK,35,1
NOTICE-00031769,2024-09-17,NAME_FALLBACK,35,1
NOTICE-00031770,2026-04-12,RAW_SIRET,35,0
NOTICE-00031776,2025-02-19,RAW_SIRET,32,14
NOTICE-00031778,2026-02-19,RAW_SIRET,32,4
NOTICE-00031779,2025-06-19,NAME_FALLBACK,32,17
NOTICE-00031780,2026-01-01,NAME_FALLBACK,32,0
NOTICE-00031782,2024-09-01,NAME_FALLBACK,72,0
NOTICE-00031784,2023-09-09,NAME_FALLBACK,72,12
NOTICE-00031785,2025-02-28,NAME_FALLBACK,72,0
NOTICE-00031786,2026-06-01,NAME_FALLBACK,72,0
NOTICE-00031789,2022-05-06,NAME_FALLBACK,32,7
NOTICE-00031791,2023-01-12,NAME_FALLBACK,32,8
NOTICE-00031792,2023-07-16,NAME_FALLBACK,32,12
NOTICE-00031794,2026-03-17,NAME_FALLBACK,72,3
NOTICE-00031798,2022-02-03,RAW_SIRET,48,6
NOTICE-00031799,2022-10-24,RAW_SIRET,48,10
NOTICE-00031800,2023-08-19,RAW_SIRET,48,17
NOTICE-00031801,2024-01-28,RAW_SIRET,48,14
NOTICE-00031802,2025-04-23,NAME_FALLBACK,72,14
NOTICE-00031808,2026-04-11,NAME_FALLBACK,,2
NOTICE-00031811,2025-08-11,RAW_SIRET,72,0
NOTICE-00031813,2023-09-03,RAW_SIRET,72,18
NOTICE-00031815,2024-03-17,RAW_SIRET,72,18
NOTICE-00031816,2025-02-07,RAW_SIRET,72,0
NOTICE-00031819,2024-03-24,NAME_FALLBACK,72,0
NOTICE-00031821,2025-03-17,NAME_FALLBACK,72,19
NOTICE-00031822,2025-12-05,NAME_FALLBACK,,0
NOTICE-00031823,2025-08-29,NAME_FALLBACK,32,11
NOTICE-00031825,2024-07-22,RAW_SIRET,32,14
NOTICE-00031829,2023-07-15,RAW_SIRET,72,13
NOTICE-00031830,2024-08-24,RAW_SIRET,72,14
NOTICE-00031839,2024-09-24,NAME_FALLBACK,,20
NOTICE-00031841,2025-12-06,RAW_SIRET,32,9
NOTICE-00031844,2025-10-30,RAW_SIRET,48,12
NOTICE-00031845,2024-08-15,RAW_SIRET,32,0
NOTICE-00031846,2026-06-29,RAW_SIRET,32,0
NOTICE-00031849,2022-02-15,RAW_SIRET,72,5
NOTICE-00031852,2024-08-27,RAW_SIRET,32,9
NOTICE-00031853,2025-04-15,NAME_FALLBACK,32,0
NOTICE-00031854,2025-09-21,NAME_FALLBACK,32,10
NOTICE-00031855,2022-10-24,RAW_SIRET,72,10
NOTICE-00031858,2023-12-14,NAME_FALLBACK,48,15
NOTICE-00031859,2025-07-30,NAME_FALLBACK,48,12
NOTICE-00031860,2024-12-13,RAW_SIRET,72,7
NOTICE-00031863,2025-12-08,NAME_FALLBACK,32,6
NOTICE-00031869,2024-09-12,RAW_SIRET,35,4
NOTICE-00031870,2024-08-19,RAW_SIRET,48,12
NOTICE-00031871,2025-11-09,RAW_SIRET,48,0
NOTICE-00031873,2024-06-16,RAW_SIRET,72,17
NOTICE-00031882,2025-12-17,RAW_SIRET,72,0
NOTICE-00031884,2023-11-14,RAW_SIRET,72,21
NOTICE-00031887,2025-11-11,NAME_FALLBACK,,0
NOTICE-00031891,2025-06-17,RAW_SIRET,48,13
NOTICE-00031892,2026-04-24,RAW_SIRET,48,0
NOTICE-00031893,2021-11-12,NAME_FALLBACK,48,6
NOTICE-00031895,2022-11-01,RAW_SIRET,72,9
NOTICE-00031896,2023-11-24,RAW_SIRET,72,20
NOTICE-00031897,2025-10-05,RAW_SIRET,48,13
NOTICE-00031904,2025-04-12,NAME_FALLBACK,72,18
NOTICE-00031905,2026-06-17,RAW_SIRET,32,0
NOTICE-00031906,2022-08-17,NAME_FALLBACK,48,6
NOTICE-00031907,2024-03-03,NAME_FALLBACK,48,12
NOTICE-00031910,2025-12-16,RAW_SIRET,72,8
NOTICE-00031914,2023-11-06,NAME_FALLBACK,72,14
NOTICE-00031915,2025-03-30,NAME_FALLBACK,72,19
NOTICE-00031917,2024-10-21,RAW_SIRET,72,9
NOTICE-00031926,2022-01-29,RAW_SIRET,32,7
NOTICE-00031927,2023-04-12,RAW_SIRET,32,12
NOTICE-00031928,2024-07-26,RAW_SIRET,32,11
NOTICE-00031930,2022-11-08,RAW_SIRET,,8
NOTICE-00031933,2026-04-24,NAME_FALLBACK,35,1
NOTICE-00031934,2021-10-31,NAME_FALLBACK,72,6
NOTICE-00031936,2022-11-03,NAME_FALLBACK,72,7
NOTICE-00031937,2024-01-22,NAME_FALLBACK,72,14
NOTICE-00031939,2024-10-23,NAME_FALLBACK,72,11
NOTICE-00031943,2021-10-24,NAME_FALLBACK,32,7
NOTICE-00031946,2023-05-09,NAME_FALLBACK,32,11
NOTICE-00031947,2023-04-07,NAME_FALLBACK,32,11
NOTICE-00031948,2025-08-01,NAME_FALLBACK,48,13
NOTICE-00031949,2024-06-20,RAW_SIRET,72,16
NOTICE-00031951,2025-12-03,RAW_SIRET,72,10
NOTICE-00031954,2023-02-25,RAW_SIRET,32,11
NOTICE-00031956,2024-02-26,RAW_SIRET,32,20
NOTICE-00031957,2024-07-03,RAW_SIRET,32,14
NOTICE-00031958,2025-09-04,RAW_SIRET,32,14
NOTICE-00031961,2024-12-14,NAME_FALLBACK,,20
NOTICE-00031963,2022-08-14,NAME_FALLBACK,32,7
NOTICE-00031974,2024-01-09,RAW_SIRET,32,16
NOTICE-00031975,2025-05-30,RAW_SIRET,32,15
NOTICE-00031978,2023-06-06,RAW_SIRET,,10
NOTICE-00031980,2024-11-03,RAW_SIRET,72,7
NOTICE-00031982,2026-04-13,RAW_SIRET,72,2
NOTICE-00031986,2024-10-28,RAW_SIRET,32,6
NOTICE-00031987,2022-12-23,RAW_SIRET,35,9
NOTICE-00031990,2026-01-24,RAW_SIRET,35,6
NOTICE-00031992,2024-08-21,NAME_FALLBACK,72,20
NOTICE-00031996,2023-05-26,RAW_SIRET,48,11
NOTICE-00031997,2024-02-29,RAW_SIRET,,0
NOTICE-00031998,2026-02-02,RAW_SIRET,48,5
NOTICE-00032004,2024-04-17,NAME_FALLBACK,72,10
NOTICE-00032007,2021-12-09,NAME_FALLBACK,32,5
NOTICE-00032015,2024-02-13,NAME_FALLBACK,48,13
NOTICE-00032017,2025-08-03,NAME_FALLBACK,,12
NOTICE-00032022,2024-05-18,NAME_FALLBACK,72,16
NOTICE-00032023,2025-07-01,NAME_FALLBACK,72,16
NOTICE-00032024,2024-10-18,NAME_FALLBACK,48,20
NOTICE-00032026,2024-04-25,NAME_FALLBACK,35,17
NOTICE-00032029,2024-06-21,RAW_SIRET,32,13
NOTICE-00032031,2024-11-21,NAME_FALLBACK,32,0
NOTICE-00032033,2025-04-23,NAME_FALLBACK,32,14
NOTICE-00032035,2025-07-28,NAME_FALLBACK,32,14
NOTICE-00032036,2025-10-13,NAME_FALLBACK,32,0
NOTICE-00032038,2021-10-17,NAME_FALLBACK,72,8
NOTICE-00032040,2023-04-26,NAME_FALLBACK,72,12
NOTICE-00032041,2024-07-02,NAME_FALLBACK,,17
NOTICE-00032042,2026-01-28,NAME_FALLBACK,72,0
NOTICE-00032043,2025-04-23,NAME_FALLBACK,48,14
NOTICE-00032044,2023-08-23,NAME_FALLBACK,72,12
NOTICE-00032046,2022-07-24,NAME_FALLBACK,48,8
NOTICE-00032048,2024-07-18,RAW_SIRET,72,15
NOTICE-00032066,2021-07-19,NAME_FALLBACK,48,2
NOTICE-00032067,2023-09-23,NAME_FALLBACK,48,1
NOTICE-00032069,2020-07-02,NAME_FALLBACK,72,0
NOTICE-00032070,2021-11-14,NAME_FALLBACK,72,2
NOTICE-00032071,2022-11-15,NAME_FALLBACK,72,1
NOTICE-00032073,2024-01-30,NAME_FALLBACK,72,0
NOTICE-00032075,2019-12-27,NAME_FALLBACK,48,2
NOTICE-00032076,2020-01-31,RAW_SIRET,,0
NOTICE-00032077,2023-03-02,RAW_SIRET,48,1
NOTICE-00032079,2024-05-27,RAW_SIRET,48,0
NOTICE-00032081,2024-02-16,RAW_SIRET,32,1
NOTICE-00032083,2026-01-21,RAW_SIRET,32,0
NOTICE-00032087,2019-08-01,NAME_FALLBACK,32,5
NOTICE-00032089,2025-11-25,NAME_FALLBACK,32,0
NOTICE-00032090,2019-11-23,NAME_FALLBACK,72,4
NOTICE-00032093,2021-08-02,NAME_FALLBACK,35,1
NOTICE-00032094,2020-01-23,NAME_FALLBACK,,1
NOTICE-00032190,2016-04-08,NAME_FALLBACK,72,0
NOTICE-00032192,2019-11-01,NAME_FALLBACK,,3
NOTICE-00032194,2021-08-09,NAME_FALLBACK,72,3
NOTICE-00032196,2016-02-18,NAME_FALLBACK,72,1
NOTICE-00032197,2018-08-31,NAME_FALLBACK,72,0
NOTICE-00032828,2021-12-15,NAME_FALLBACK,35,0
NOTICE-00032830,2023-04-14,NAME_FALLBACK,35,0
NOTICE-00032832,2024-07-08,NAME_FALLBACK,35,0
NOTICE-00033691,2020-09-29,RAW_SIRET,32,0
NOTICE-00033695,2022-09-26,RAW_SIRET,32,0
NOTICE-00034456,2024-05-19,RAW_SIRET,35,1
NOTICE-00034457,2025-05-29,RAW_SIRET,35,0
NOTICE-00035617,2021-09-05,NAME_FALLBACK,48,1
NOTICE-00035618,2021-01-03,NAME_FALLBACK,72,3
NOTICE-00035619,2022-01-19,NAME_FALLBACK,72,2
NOTICE-00035620,2022-11-04,NAME_FALLBACK,72,1
NOTICE-00035622,2023-07-21,NAME_FALLBACK,72,2
NOTICE-00035624,2020-01-19,RAW_SIRET,48,0
NOTICE-00035625,2021-02-11,RAW_SIRET,48,1
NOTICE-00035626,2022-09-04,RAW_SIRET,48,1
NOTICE-00035627,2023-08-24,RAW_SIRET,48,0
NOTICE-00035632,2024-02-11,NAME_FALLBACK,35,0
NOTICE-00035634,2021-06-14,RAW_SIRET,32,0
NOTICE-00035635,2021-07-31,NAME_FALLBACK,48,2
NOTICE-00035637,2020-01-01,NAME_FALLBACK,35,1
NOTICE-00035639,2020-01-28,NAME_FALLBACK,,1
NOTICE-00035640,2021-06-07,NAME_FALLBACK,,3
NOTICE-00035641,2022-10-24,NAME_FALLBACK,48,2
NOTICE-00035642,2024-02-03,NAME_FALLBACK,,0
NOTICE-00035708,2021-03-19,RAW_SIRET,48,0
NOTICE-00035710,2023-12-29,RAW_SIRET,48,0
NOTICE-00036059,2018-01-01,NAME_FALLBACK,72,0
NOTICE-00036060,2020-08-02,NAME_FALLBACK,72,0
NOTICE-00036062,2024-01-19,NAME_FALLBACK,72,0
NOTICE-00036072,2017-11-17,RAW_SIRET,72,0
NOTICE-00036073,2019-02-08,RAW_SIRET,72,0
NOTICE-00036074,2021-09-17,RAW_SIRET,72,0
NOTICE-00036077,2019-08-18,NAME_FALLBACK,72,1
NOTICE-00036202,2020-04-24,NAME_FALLBACK,72,0
NOTICE-00036203,2022-11-12,NAME_FALLBACK,72,1
NOTICE-00036204,2023-04-17,NAME_FALLBACK,72,2
NOTICE-00036205,2024-03-09,NAME_FALLBACK,72,0
NOTICE-00036208,2025-04-25,NAME_FALLBACK,72,2
NOTICE-00036314,2018-03-21,RAW_SIRET,72,0
NOTICE-00036316,2020-03-05,RAW_SIRET,72,0
NOTICE-00036317,2018-08-13,NAME_FALLBACK,32,0
NOTICE-00036362,2018-01-28,NAME_FALLBACK,72,0
NOTICE-00036363,2019-02-05,NAME_FALLBACK,72,2
NOTICE-00036364,2019-10-07,NAME_FALLBACK,72,0
NOTICE-00036365,2019-02-08,NAME_FALLBACK,48,1
NOTICE-00036372,2021-06-09,NAME_FALLBACK,72,0
NOTICE-00036373,2023-02-19,NAME_FALLBACK,72,0
NOTICE-00036374,2024-08-09,NAME_FALLBACK,72,0
NOTICE-00036413,2019-05-10,NAME_FALLBACK,32,5
NOTICE-00036414,2020-10-29,NAME_FALLBACK,32,4
NOTICE-00036415,2022-03-23,NAME_FALLBACK,32,4
NOTICE-00036744,2019-11-05,NAME_FALLBACK,35,1
NOTICE-00036745,2020-12-28,NAME_FALLBACK,35,1
NOTICE-00036746,2021-11-23,NAME_FALLBACK,35,1
NOTICE-00036751,2021-07-11,NAME_FALLBACK,72,0
NOTICE-00036752,2024-06-30,NAME_FALLBACK,,1
NOTICE-00036754,2025-04-19,NAME_FALLBACK,,0
NOTICE-00036852,2024-10-05,NAME_FALLBACK,72,0
NOTICE-00037194,2023-12-21,NAME_FALLBACK,,1
NOTICE-00037245,2024-12-29,RAW_SIRET,48,0
NOTICE-00037304,2021-03-01,NAME_FALLBACK,72,1
NOTICE-00037305,2021-11-20,NAME_FALLBACK,72,0
NOTICE-00037307,2023-01-23,NAME_FALLBACK,72,1
NOTICE-00037308,2023-09-23,NAME_FALLBACK,72,0
NOTICE-00037363,2017-02-28,NAME_FALLBACK,72,0
NOTICE-00037415,2017-04-06,NAME_FALLBACK,72,0
NOTICE-00037416,2019-01-08,NAME_FALLBACK,72,0
NOTICE-00037484,2018-11-28,NAME_FALLBACK,48,0
NOTICE-00037752,2025-06-24,NAME_FALLBACK,48,1
NOTICE-00037756,2021-06-28,NAME_FALLBACK,32,1
NOTICE-00037766,2020-02-08,RAW_SIRET,72,0
NOTICE-00037768,2024-05-26,RAW_SIRET,72,0
NOTICE-00037769,2017-01-23,NAME_FALLBACK,32,1
NOTICE-00037770,2017-12-16,NAME_FALLBACK,32,0
NOTICE-00037783,2019-11-30,NAME_FALLBACK,72,1
NOTICE-00037784,2020-10-01,NAME_FALLBACK,32,0
NOTICE-00037785,2021-12-08,NAME_FALLBACK,32,0
NOTICE-00037786,2023-05-05,NAME_FALLBACK,32,0
NOTICE-00038148,2018-03-13,NAME_FALLBACK,72,2
NOTICE-00038149,2018-08-31,NAME_FALLBACK,72,0
NOTICE-00038170,2020-05-12,NAME_FALLBACK,72,0
NOTICE-00038171,2021-07-07,NAME_FALLBACK,72,1
NOTICE-00038172,2022-02-08,NAME_FALLBACK,,0
NOTICE-00038199,2020-02-13,RAW_SIRET,32,0
NOTICE-00038200,2021-06-03,RAW_SIRET,32,0
NOTICE-00038489,2017-10-15,NAME_FALLBACK,48,0
NOTICE-00038490,2019-05-01,NAME_FALLBACK,48,0
NOTICE-00038492,2020-12-19,NAME_FALLBACK,,0
NOTICE-00038493,2023-07-05,NAME_FALLBACK,48,0
NOTICE-00038529,2021-08-09,NAME_FALLBACK,48,0
NOTICE-00038530,2023-11-24,NAME_FALLBACK,48,0
NOTICE-00038544,2023-09-24,RAW_SIRET,72,0
NOTICE-00038545,2025-07-19,RAW_SIRET,,0
NOTICE-00038692,2021-01-05,RAW_SIRET,32,0
NOTICE-00038693,2023-09-21,RAW_SIRET,32,0
NOTICE-00038696,2018-09-04,NAME_FALLBACK,48,0
NOTICE-00038698,2021-03-28,NAME_FALLBACK,48,0
NOTICE-00038701,2025-03-30,NAME_FALLBACK,48,0
NOTICE-00038714,2018-07-14,NAME_FALLBACK,32,1
NOTICE-00038717,2020-12-14,NAME_FALLBACK,32,0
NOTICE-00038718,2016-05-29,NAME_FALLBACK,35,7
NOTICE-00038719,2020-09-21,NAME_FALLBACK,48,8
NOTICE-00038720,2021-10-18,NAME_FALLBACK,48,12
NOTICE-00038722,2017-06-01,NAME_FALLBACK,,10
NOTICE-00038724,2020-11-22,NAME_FALLBACK,72,9
NOTICE-00038726,2022-01-01,NAME_FALLBACK,72,9
NOTICE-00038728,2020-09-01,NAME_FALLBACK,72,10
NOTICE-00038730,2017-03-25,NAME_FALLBACK,72,11
NOTICE-00038732,2018-01-19,NAME_FALLBACK,72,11
NOTICE-00038734,2019-02-22,NAME_FALLBACK,48,23
NOTICE-00038738,2019-05-13,NAME_FALLBACK,72,28
NOTICE-00038739,2016-11-05,NAME_FALLBACK,35,9
NOTICE-00038741,2019-01-03,NAME_FALLBACK,72,25
NOTICE-00038743,2024-11-06,NAME_FALLBACK,72,0
NOTICE-00038744,2019-02-17,NAME_FALLBACK,32,25
NOTICE-00038755,2019-08-24,NAME_FALLBACK,72,23
NOTICE-00038758,2021-11-23,NAME_FALLBACK,72,10
NOTICE-00038759,2024-04-12,NAME_FALLBACK,,5
NOTICE-00038760,2019-08-03,NAME_FALLBACK,35,24
NOTICE-00038762,2020-12-12,NAME_FALLBACK,32,9
NOTICE-00038763,2019-02-04,NAME_FALLBACK,,24
NOTICE-00038765,2020-03-27,NAME_FALLBACK,72,19
NOTICE-00038766,2019-02-21,NAME_FALLBACK,72,24
NOTICE-00038767,2019-05-03,NAME_FALLBACK,72,29
NOTICE-00038768,2016-12-25,NAME_FALLBACK,,9
NOTICE-00038769,2019-06-04,NAME_FALLBACK,,26
NOTICE-00038770,2022-06-07,NAME_FALLBACK,72,6
NOTICE-00038771,2019-08-03,NAME_FALLBACK,72,24
NOTICE-00038773,2020-10-13,NAME_FALLBACK,72,7
NOTICE-00038779,2017-09-24,NAME_FALLBACK,72,9
NOTICE-00038780,2018-08-30,NAME_FALLBACK,72,23
NOTICE-00038781,2019-01-31,RAW_SIRET,48,0
NOTICE-00038783,2020-07-22,NAME_FALLBACK,72,10
NOTICE-00038784,2021-08-24,NAME_FALLBACK,72,14
NOTICE-00038785,2022-04-11,NAME_FALLBACK,72,7
NOTICE-00038786,2023-03-24,NAME_FALLBACK,72,6
NOTICE-00038792,2016-05-09,NAME_FALLBACK,72,8
NOTICE-00038800,2019-11-07,NAME_FALLBACK,72,25
NOTICE-00038801,2023-08-28,NAME_FALLBACK,72,4
NOTICE-00038808,2020-02-16,NAME_FALLBACK,72,20
NOTICE-00038809,2021-10-15,NAME_FALLBACK,72,13
NOTICE-00038810,2023-08-17,NAME_FALLBACK,72,6
NOTICE-00038815,2020-06-18,NAME_FALLBACK,32,10
NOTICE-00038817,2022-06-28,NAME_FALLBACK,32,5
NOTICE-00038818,2024-06-20,NAME_FALLBACK,32,4
NOTICE-00038820,2026-06-19,NAME_FALLBACK,32,0
NOTICE-00038825,2016-11-01,NAME_FALLBACK,35,10
NOTICE-00038826,2018-03-26,NAME_FALLBACK,35,14
NOTICE-00038827,2021-12-02,NAME_FALLBACK,35,9
NOTICE-00038829,2023-06-27,NAME_FALLBACK,35,6
NOTICE-00038831,2018-05-06,NAME_FALLBACK,32,15
NOTICE-00038833,2020-09-08,NAME_FALLBACK,72,9
NOTICE-00038835,2020-02-14,NAME_FALLBACK,35,21
NOTICE-00038838,2024-09-04,NAME_FALLBACK,35,0
NOTICE-00038847,2020-07-18,NAME_FALLBACK,32,11
NOTICE-00038848,2022-02-15,NAME_FALLBACK,32,6
NOTICE-00038850,2023-12-05,NAME_FALLBACK,32,6
NOTICE-00038852,2017-08-30,NAME_FALLBACK,72,10
NOTICE-00038853,2019-12-01,NAME_FALLBACK,72,25
NOTICE-00038854,2020-05-03,NAME_FALLBACK,48,12
NOTICE-00038855,2022-01-25,NAME_FALLBACK,48,8
NOTICE-00038857,2024-07-02,NAME_FALLBACK,48,3
NOTICE-00038870,2019-11-10,NAME_FALLBACK,48,25
NOTICE-00038872,2018-03-05,NAME_FALLBACK,72,15
NOTICE-00038873,2017-07-19,NAME_FALLBACK,32,10
NOTICE-00038875,2018-03-22,NAME_FALLBACK,32,15
NOTICE-00038877,2019-02-04,NAME_FALLBACK,32,24
NOTICE-00038878,2020-04-15,NAME_FALLBACK,32,14
NOTICE-00038880,2016-05-17,NAME_FALLBACK,32,8
NOTICE-00038882,2017-09-02,NAME_FALLBACK,32,9
NOTICE-00038893,2017-02-13,RAW_SIRET,72,1
NOTICE-00038895,2020-02-15,RAW_SIRET,,4
NOTICE-00038898,2017-05-16,NAME_FALLBACK,,11
NOTICE-00038899,2018-11-24,NAME_FALLBACK,48,23
NOTICE-00038900,2018-07-20,NAME_FALLBACK,72,20
NOTICE-00038901,2019-07-01,NAME_FALLBACK,72,25
NOTICE-00038902,2020-04-14,NAME_FALLBACK,72,15
NOTICE-00038907,2020-04-05,NAME_FALLBACK,,17
NOTICE-00038909,2024-10-16,NAME_FALLBACK,,3
NOTICE-00038910,2018-09-24,NAME_FALLBACK,72,22
NOTICE-00038911,2019-03-23,NAME_FALLBACK,72,23
NOTICE-00038915,2016-09-29,NAME_FALLBACK,35,11
NOTICE-00038916,2019-07-24,NAME_FALLBACK,72,26
NOTICE-00038918,2019-04-07,NAME_FALLBACK,72,25
NOTICE-00038919,2020-04-10,NAME_FALLBACK,72,16
NOTICE-00038921,2019-06-23,NAME_FALLBACK,72,26
NOTICE-00038922,2019-12-07,NAME_FALLBACK,72,24
NOTICE-00038923,2021-10-22,NAME_FALLBACK,72,11
NOTICE-00038926,2017-11-27,NAME_FALLBACK,48,10
NOTICE-00038928,2019-05-24,NAME_FALLBACK,48,28
NOTICE-00038936,2020-01-09,NAME_FALLBACK,72,23
NOTICE-00038938,2022-01-31,NAME_FALLBACK,72,7
NOTICE-00038939,2022-12-16,NAME_FALLBACK,72,7
NOTICE-00038940,2020-01-20,NAME_FALLBACK,32,22
NOTICE-00038941,2021-03-23,NAME_FALLBACK,72,12
NOTICE-00038943,2023-04-10,NAME_FALLBACK,72,5
NOTICE-00038945,2026-04-11,NAME_FALLBACK,72,0
NOTICE-00038949,2017-01-24,NAME_FALLBACK,72,9
NOTICE-00038953,2017-04-21,RAW_SIRET,48,0
NOTICE-00038956,2020-03-13,NAME_FALLBACK,72,19
NOTICE-00038957,2022-07-12,NAME_FALLBACK,72,4
NOTICE-00038960,2020-09-12,RAW_SIRET,72,2
NOTICE-00038962,2022-04-10,RAW_SIRET,72,1
NOTICE-00038964,2023-11-16,RAW_SIRET,,1
NOTICE-00038965,2024-08-10,RAW_SIRET,72,0
NOTICE-00038968,2019-12-20,NAME_FALLBACK,35,24
NOTICE-00038969,2020-11-09,NAME_FALLBACK,35,9
NOTICE-00038970,2022-06-20,NAME_FALLBACK,35,5
NOTICE-00038972,2023-08-28,NAME_FALLBACK,35,4
NOTICE-00038978,2021-01-26,RAW_SIRET,72,0
NOTICE-00038980,2022-08-12,RAW_SIRET,,0
NOTICE-00038983,2020-05-07,RAW_SIRET,72,3
NOTICE-00038985,2020-11-11,RAW_SIRET,72,1
NOTICE-00038987,2021-07-07,NAME_FALLBACK,48,15
NOTICE-00038995,2020-04-18,NAME_FALLBACK,72,13
NOTICE-00038998,2019-01-10,NAME_FALLBACK,72,25
NOTICE-00038999,2019-11-01,NAME_FALLBACK,72,26
NOTICE-00039003,2020-05-23,NAME_FALLBACK,,11
NOTICE-00039006,2020-04-05,NAME_FALLBACK,35,17
NOTICE-00039008,2018-10-09,NAME_FALLBACK,32,21
NOTICE-00039010,2019-05-27,NAME_FALLBACK,32,27
NOTICE-00039025,2021-11-27,NAME_FALLBACK,72,2
NOTICE-00039026,2020-10-20,RAW_SIRET,72,0
NOTICE-00039028,2022-11-26,RAW_SIRET,72,0
NOTICE-00039029,2024-05-28,RAW_SIRET,72,0
NOTICE-00039031,2025-10-18,RAW_SIRET,72,0
NOTICE-00039041,2021-09-30,NAME_FALLBACK,72,2
NOTICE-00039042,2022-04-12,NAME_FALLBACK,72,1
NOTICE-00039044,2022-11-10,NAME_FALLBACK,72,1
NOTICE-00039046,2023-06-28,NAME_FALLBACK,72,0
NOTICE-00039101,2026-05-05,NAME_FALLBACK,35,0
NOTICE-00039102,2022-11-25,NAME_FALLBACK,72,0
NOTICE-00039168,2021-07-28,NAME_FALLBACK,48,0
NOTICE-00039169,2023-02-02,NAME_FALLBACK,48,0
NOTICE-00039170,2024-02-08,NAME_FALLBACK,48,0
NOTICE-00039172,2025-06-27,RAW_SIRET,32,0
NOTICE-00039188,2019-09-29,NAME_FALLBACK,72,2
NOTICE-00039189,2020-12-23,NAME_FALLBACK,72,3
NOTICE-00039190,2022-09-30,NAME_FALLBACK,,0
NOTICE-00039339,2024-10-25,NAME_FALLBACK,48,0
NOTICE-00039340,2026-01-14,NAME_FALLBACK,48,0
NOTICE-00039345,2019-01-24,NAME_FALLBACK,32,0
NOTICE-00039347,2024-12-13,RAW_SIRET,72,0
NOTICE-00039348,2026-01-22,RAW_SIRET,72,1
NOTICE-00039351,2023-08-28,RAW_SIRET,35,0
NOTICE-00039353,2022-12-17,RAW_SIRET,72,1
NOTICE-00039354,2026-01-22,RAW_SIRET,72,0
NOTICE-00039356,2026-03-17,RAW_SIRET,72,0
NOTICE-00039453,2020-10-07,NAME_FALLBACK,32,1
NOTICE-00039454,2021-07-11,NAME_FALLBACK,32,0
NOTICE-00039456,2023-05-15,NAME_FALLBACK,32,1
NOTICE-00039458,2020-09-08,NAME_FALLBACK,32,2
NOTICE-00039461,2024-03-15,NAME_FALLBACK,32,0
NOTICE-00039599,2022-06-20,RAW_SIRET,,0
NOTICE-00039600,2023-07-20,RAW_SIRET,72,0
NOTICE-00039601,2025-04-21,RAW_SIRET,72,0
NOTICE-00039667,2023-10-18,NAME_FALLBACK,72,0
NOTICE-00039669,2025-09-26,NAME_FALLBACK,72,0
NOTICE-00039670,2025-08-07,NAME_FALLBACK,72,1
NOTICE-00039693,2020-11-14,NAME_FALLBACK,,1
NOTICE-00039694,2022-07-25,NAME_FALLBACK,48,1
NOTICE-00040646,2024-02-09,RAW_SIRET,32,0
NOTICE-00040721,2022-01-20,RAW_SIRET,72,0
NOTICE-00040742,2018-06-27,NAME_FALLBACK,72,0
NOTICE-00041111,2019-11-19,NAME_FALLBACK,35,2
NOTICE-00041457,2020-09-06,NAME_FALLBACK,48,0
NOTICE-00041599,2024-11-24,RAW_SIRET,48,4
NOTICE-00041602,2025-03-12,RAW_SIRET,32,1
NOTICE-00041603,2020-01-13,NAME_FALLBACK,72,3
NOTICE-00041604,2020-10-07,NAME_FALLBACK,72,5
NOTICE-00041605,2021-02-28,NAME_FALLBACK,72,3
NOTICE-00041606,2024-01-16,NAME_FALLBACK,72,4
NOTICE-00041609,2023-06-20,NAME_FALLBACK,32,3
NOTICE-00041611,2026-02-15,RAW_SIRET,32,0
NOTICE-00041617,2025-07-19,NAME_FALLBACK,,3
NOTICE-00041621,2023-02-03,NAME_FALLBACK,72,3
NOTICE-00041623,2026-02-27,RAW_SIRET,72,0
NOTICE-00041629,2026-02-08,NAME_FALLBACK,32,0
NOTICE-00041631,2024-06-05,NAME_FALLBACK,72,0
NOTICE-00041635,2021-01-27,NAME_FALLBACK,72,3
NOTICE-00041636,2022-02-04,NAME_FALLBACK,72,4
NOTICE-00041642,2022-08-01,NAME_FALLBACK,32,4
NOTICE-00041643,2019-05-23,NAME_FALLBACK,72,6
NOTICE-00041646,2019-07-12,NAME_FALLBACK,72,5
NOTICE-00041648,2019-08-28,NAME_FALLBACK,72,4
NOTICE-00041649,2019-11-09,NAME_FALLBACK,72,4
NOTICE-00041650,2019-09-15,NAME_FALLBACK,48,3
NOTICE-00041651,2023-02-16,RAW_SIRET,72,1
NOTICE-00041652,2024-03-15,RAW_SIRET,72,0
NOTICE-00041653,2024-12-21,RAW_SIRET,72,3
NOTICE-00041659,2024-06-22,NAME_FALLBACK,48,2
NOTICE-00041661,2025-03-02,NAME_FALLBACK,48,3
NOTICE-00041663,2025-12-03,NAME_FALLBACK,48,0
NOTICE-00041665,2026-03-31,NAME_FALLBACK,48,0
NOTICE-00041666,2021-04-17,NAME_FALLBACK,72,2
NOTICE-00041668,2022-08-29,RAW_SIRET,48,1
NOTICE-00041669,2023-08-31,RAW_SIRET,48,2
NOTICE-00041670,2024-06-25,RAW_SIRET,48,6
NOTICE-00041671,2025-03-25,RAW_SIRET,48,0
NOTICE-00041674,2022-11-15,NAME_FALLBACK,48,3
NOTICE-00041675,2023-06-11,NAME_FALLBACK,48,4
NOTICE-00041677,2024-02-16,NAME_FALLBACK,48,3
NOTICE-00041678,2024-09-14,NAME_FALLBACK,48,1
NOTICE-00041694,2019-07-18,RAW_SIRET,72,0
NOTICE-00041696,2021-04-18,RAW_SIRET,,0
NOTICE-00041697,2024-10-14,RAW_SIRET,72,0
NOTICE-00041698,2025-02-19,RAW_SIRET,72,2
NOTICE-00041702,2019-04-20,NAME_FALLBACK,72,7
NOTICE-00041703,2020-03-07,NAME_FALLBACK,72,4
NOTICE-00041704,2020-11-03,NAME_FALLBACK,72,4
NOTICE-00041705,2022-06-11,NAME_FALLBACK,72,4
NOTICE-00041708,2021-08-05,NAME_FALLBACK,32,3
NOTICE-00041709,2019-04-08,NAME_FALLBACK,32,0
NOTICE-00041713,2021-06-28,NAME_FALLBACK,32,1
NOTICE-00041716,2026-04-06,NAME_FALLBACK,32,0
NOTICE-00041717,2020-04-11,NAME_FALLBACK,72,1
NOTICE-00041718,2021-05-11,NAME_FALLBACK,72,2
NOTICE-00041720,2023-09-09,RAW_SIRET,,0
NOTICE-00041721,2025-05-02,RAW_SIRET,72,0
NOTICE-00041725,2018-06-14,NAME_FALLBACK,35,1
NOTICE-00041726,2021-03-05,NAME_FALLBACK,35,3
NOTICE-00041727,2023-10-10,NAME_FALLBACK,35,0
NOTICE-00041729,2025-12-28,NAME_FALLBACK,35,1
NOTICE-00041730,2022-01-13,NAME_FALLBACK,48,0
NOTICE-00041886,2020-05-17,NAME_FALLBACK,72,1
NOTICE-00041922,2024-07-03,RAW_SIRET,32,0
NOTICE-00041924,2025-08-02,RAW_SIRET,32,0
NOTICE-00041926,2021-04-17,NAME_FALLBACK,48,0
NOTICE-00041928,2022-08-12,NAME_FALLBACK,48,0
NOTICE-00041929,2023-12-26,NAME_FALLBACK,48,0
NOTICE-00041931,2025-01-17,NAME_FALLBACK,48,0
NOTICE-00042099,2015-04-18,NAME_FALLBACK,32,0
NOTICE-00042101,2018-10-29,NAME_FALLBACK,32,0
NOTICE-00042102,2019-12-01,NAME_FALLBACK,32,0
NOTICE-00042146,2019-06-14,RAW_SIRET,72,0
NOTICE-00042148,2019-03-09,NAME_FALLBACK,32,1
NOTICE-00042149,2021-04-13,NAME_FALLBACK,32,1
NOTICE-00042152,2019-06-18,NAME_FALLBACK,35,1
NOTICE-00042153,2020-06-01,NAME_FALLBACK,35,1
NOTICE-00042471,2025-07-11,RAW_SIRET,72,0
NOTICE-00042472,2023-07-03,NAME_FALLBACK,72,1
NOTICE-00042473,2024-04-14,NAME_FALLBACK,72,1
NOTICE-00042474,2024-12-28,NAME_FALLBACK,72,0
NOTICE-00042498,2019-03-12,NAME_FALLBACK,48,1
NOTICE-00042499,2020-02-10,NAME_FALLBACK,,0
NOTICE-00042547,2015-07-08,NAME_FALLBACK,32,0
NOTICE-00042548,2017-04-18,NAME_FALLBACK,32,0
NOTICE-00042549,2021-09-18,NAME_FALLBACK,35,1
NOTICE-00042551,2022-11-19,NAME_FALLBACK,35,1
NOTICE-00042552,2023-12-08,NAME_FALLBACK,35,1
NOTICE-00042553,2024-12-14,NAME_FALLBACK,35,0
NOTICE-00042556,2025-09-26,NAME_FALLBACK,48,1
NOTICE-00042557,2026-02-18,NAME_FALLBACK,48,0
NOTICE-00042871,2018-02-19,NAME_FALLBACK,48,2
NOTICE-00042872,2018-03-20,NAME_FALLBACK,32,1
NOTICE-00042877,2023-03-12,NAME_FALLBACK,48,3
NOTICE-00042879,2020-06-21,NAME_FALLBACK,48,2
NOTICE-00042881,2023-02-07,NAME_FALLBACK,,4
NOTICE-00042882,2024-11-02,NAME_FALLBACK,48,2
NOTICE-00042883,2026-05-23,NAME_FALLBACK,48,0
NOTICE-00042885,2021-03-20,NAME_FALLBACK,72,2
NOTICE-00042886,2021-09-26,NAME_FALLBACK,72,3
NOTICE-00042888,2022-08-29,NAME_FALLBACK,72,4
NOTICE-00042890,2023-04-24,NAME_FALLBACK,,2
NOTICE-00042921,2019-06-12,NAME_FALLBACK,72,1
NOTICE-00042922,2020-08-15,NAME_FALLBACK,72,1
NOTICE-00042923,2022-07-26,NAME_FALLBACK,,0
NOTICE-00042924,2024-02-22,NAME_FALLBACK,72,0
NOTICE-00042972,2016-09-06,NAME_FALLBACK,,0
NOTICE-00042974,2018-02-19,NAME_FALLBACK,48,0
NOTICE-00043168,2019-12-09,NAME_FALLBACK,48,1
NOTICE-00043170,2021-06-06,NAME_FALLBACK,48,0
NOTICE-00043171,2020-05-22,NAME_FALLBACK,72,0
NOTICE-00043173,2022-08-08,NAME_FALLBACK,72,0
NOTICE-00043175,2024-01-28,NAME_FALLBACK,72,0
NOTICE-00043206,2026-02-09,NAME_FALLBACK,72,0
NOTICE-00043207,2025-10-31,RAW_SIRET,35,0
NOTICE-00043210,2017-01-30,NAME_FALLBACK,72,1
NOTICE-00043211,2017-09-17,NAME_FALLBACK,72,1
NOTICE-00043213,2019-07-29,NAME_FALLBACK,72,2
NOTICE-00043214,2020-05-25,NAME_FALLBACK,72,3
NOTICE-00043323,2021-07-24,NAME_FALLBACK,,0
NOTICE-00043622,2020-11-15,NAME_FALLBACK,72,2
NOTICE-00043623,2021-11-04,NAME_FALLBACK,72,0
NOTICE-00043626,2023-12-15,NAME_FALLBACK,72,0
NOTICE-00043627,2017-08-16,NAME_FALLBACK,48,0
NOTICE-00043628,2018-12-10,NAME_FALLBACK,48,0
NOTICE-00043629,2021-04-17,NAME_FALLBACK,,1
NOTICE-00043801,2024-07-08,RAW_SIRET,35,1
NOTICE-00043802,2025-01-16,RAW_SIRET,35,0
NOTICE-00043803,2025-11-12,RAW_SIRET,35,1
NOTICE-00043805,2026-05-03,RAW_SIRET,35,0
NOTICE-00044314,2021-02-07,NAME_FALLBACK,48,1
NOTICE-00044403,2022-01-27,NAME_FALLBACK,,1
NOTICE-00044404,2023-05-08,NAME_FALLBACK,72,1
NOTICE-00044406,2024-06-21,NAME_FALLBACK,72,0
NOTICE-00044407,2025-08-04,NAME_FALLBACK,72,0
NOTICE-00044441,2016-12-08,NAME_FALLBACK,72,0
NOTICE-00044443,2021-10-18,NAME_FALLBACK,,0
NOTICE-00044445,2022-12-19,NAME_FALLBACK,72,0
NOTICE-00044448,2019-05-28,NAME_FALLBACK,72,0
NOTICE-00044449,2015-12-03,NAME_FALLBACK,32,0
NOTICE-00044479,2020-05-25,NAME_FALLBACK,,0
NOTICE-00044484,2021-05-31,NAME_FALLBACK,35,0
NOTICE-00044486,2025-11-28,NAME_FALLBACK,35,0
NOTICE-00044488,2021-02-17,RAW_SIRET,32,0
NOTICE-00044490,2022-06-15,RAW_SIRET,32,0
NOTICE-00044506,2022-10-26,RAW_SIRET,72,1
NOTICE-00044508,2023-08-01,RAW_SIRET,72,0
NOTICE-00044556,2025-08-01,RAW_SIRET,72,0
NOTICE-00044558,2024-08-07,RAW_SIRET,72,0
NOTICE-00044636,2024-02-06,NAME_FALLBACK,35,0
NOTICE-00044683,2022-03-01,RAW_SIRET,48,1
NOTICE-00044684,2026-01-12,RAW_SIRET,48,0
NOTICE-00044686,2023-01-05,RAW_SIRET,48,0
NOTICE-00044688,2024-09-08,NAME_FALLBACK,35,0
NOTICE-00044694,2024-08-31,NAME_FALLBACK,72,0
NOTICE-00044696,2019-06-01,NAME_FALLBACK,72,1
NOTICE-00044697,2023-09-03,RAW_SIRET,48,0
NOTICE-00044698,2026-04-29,RAW_SIRET,48,0
NOTICE-00044746,2022-11-07,RAW_SIRET,72,1
NOTICE-00044747,2023-08-14,RAW_SIRET,72,0
NOTICE-00044823,2020-11-19,NAME_FALLBACK,72,0
NOTICE-00044824,2024-02-03,NAME_FALLBACK,72,0
NOTICE-00044826,2017-11-16,NAME_FALLBACK,72,1
NOTICE-00044831,2018-07-05,NAME_FALLBACK,,0
NOTICE-00044840,2017-07-21,NAME_FALLBACK,32,0
NOTICE-00044842,2019-05-07,NAME_FALLBACK,32,0
NOTICE-00044844,2022-02-11,NAME_FALLBACK,32,1
NOTICE-00044845,2024-05-31,NAME_FALLBACK,32,0
NOTICE-00044846,2017-04-16,NAME_FALLBACK,48,1
NOTICE-00044847,2019-02-17,NAME_FALLBACK,48,1
NOTICE-00044848,2022-04-05,NAME_FALLBACK,,0
NOTICE-00044849,2017-01-06,RAW_SIRET,72,0
NOTICE-00044850,2018-05-06,RAW_SIRET,72,1
NOTICE-00044851,2019-03-11,RAW_SIRET,72,0
NOTICE-00044853,2020-05-05,RAW_SIRET,72,0
NOTICE-00045037,2020-03-29,NAME_FALLBACK,,0
NOTICE-00045063,2015-03-22,NAME_FALLBACK,32,1
NOTICE-00045066,2015-11-20,NAME_FALLBACK,32,4
NOTICE-00045067,2016-05-05,NAME_FALLBACK,32,3
NOTICE-00045070,2016-10-13,NAME_FALLBACK,35,0
NOTICE-00045071,2016-05-15,NAME_FALLBACK,72,2
NOTICE-00045075,2016-08-27,NAME_FALLBACK,35,1
NOTICE-00045077,2020-06-30,NAME_FALLBACK,35,0
NOTICE-00045078,2023-07-13,NAME_FALLBACK,35,0
NOTICE-00045102,2019-04-07,NAME_FALLBACK,72,0
NOTICE-00045103,2017-09-10,NAME_FALLBACK,72,1
NOTICE-00045105,2018-04-13,NAME_FALLBACK,72,1
NOTICE-00045199,2022-12-28,RAW_SIRET,72,1
NOTICE-00045200,2025-06-26,RAW_SIRET,72,0
NOTICE-00045208,2022-06-26,RAW_SIRET,72,1
NOTICE-00045210,2023-08-26,RAW_SIRET,72,0
NOTICE-00045212,2025-01-23,RAW_SIRET,72,1
NOTICE-00045291,2022-02-12,RAW_SIRET,72,0
NOTICE-00045293,2023-11-26,RAW_SIRET,72,0
NOTICE-00045337,2022-05-19,RAW_SIRET,48,3
NOTICE-00045339,2022-08-16,RAW_SIRET,48,3
NOTICE-00045341,2023-03-19,RAW_SIRET,48,2
NOTICE-00045344,2023-12-21,RAW_SIRET,72,0
NOTICE-00045345,2022-09-27,RAW_SIRET,,2
NOTICE-00045347,2023-06-28,RAW_SIRET,72,1
NOTICE-00045566,2021-08-30,NAME_FALLBACK,,1
NOTICE-00045570,2020-12-27,RAW_SIRET,72,1
NOTICE-00045571,2021-07-28,RAW_SIRET,72,1
NOTICE-00045573,2022-03-01,RAW_SIRET,72,1
NOTICE-00045574,2022-08-30,RAW_SIRET,72,0
NOTICE-00045575,2022-01-30,NAME_FALLBACK,32,0
NOTICE-00045584,2025-11-09,NAME_FALLBACK,48,0
NOTICE-00045586,2020-06-04,NAME_FALLBACK,,1
NOTICE-00045598,2018-12-02,NAME_FALLBACK,48,0
NOTICE-00045600,2021-12-19,NAME_FALLBACK,48,1
NOTICE-00045659,2021-09-28,NAME_FALLBACK,35,1
NOTICE-00045660,2022-04-15,NAME_FALLBACK,35,0
NOTICE-00045674,2019-04-27,NAME_FALLBACK,72,1
NOTICE-00045675,2020-03-20,NAME_FALLBACK,,1
NOTICE-00045717,2025-12-30,NAME_FALLBACK,48,1
NOTICE-00045725,2025-04-19,RAW_SIRET,48,0
NOTICE-00045726,2025-03-12,RAW_SIRET,48,0
NOTICE-00045727,2020-07-24,NAME_FALLBACK,72,0
NOTICE-00045728,2023-04-07,NAME_FALLBACK,,0
NOTICE-00045729,2025-07-25,NAME_FALLBACK,72,0
NOTICE-00045748,2020-03-27,NAME_FALLBACK,72,0
NOTICE-00045749,2022-04-23,NAME_FALLBACK,72,0
NOTICE-00045758,2020-03-15,RAW_SIRET,72,1
NOTICE-00045759,2021-02-04,RAW_SIRET,72,0
NOTICE-00045762,2022-12-16,RAW_SIRET,72,0
NOTICE-00045794,2018-05-18,NAME_FALLBACK,48,0
NOTICE-00045938,2025-07-18,NAME_FALLBACK,48,0
NOTICE-00045940,2026-03-16,NAME_FALLBACK,48,0
NOTICE-00045941,2021-04-19,NAME_FALLBACK,35,2
NOTICE-00045942,2023-05-11,NAME_FALLBACK,,0
NOTICE-00045944,2024-10-17,NAME_FALLBACK,48,2
NOTICE-00045945,2024-10-20,NAME_FALLBACK,72,2
NOTICE-00045946,2026-02-14,NAME_FALLBACK,72,0
NOTICE-00045948,2025-04-26,NAME_FALLBACK,72,1
NOTICE-00046273,2021-04-05,NAME_FALLBACK,72,0
NOTICE-00046275,2025-12-08,RAW_SIRET,72,0
NOTICE-00046713,2016-04-22,NAME_FALLBACK,72,2
NOTICE-00046714,2018-01-27,NAME_FALLBACK,72,0
NOTICE-00046715,2020-02-10,NAME_FALLBACK,72,0
NOTICE-00046717,2021-10-03,NAME_FALLBACK,72,0
NOTICE-00046719,2016-01-26,NAME_FALLBACK,72,2
NOTICE-00046720,2016-07-19,NAME_FALLBACK,,1
NOTICE-00046721,2017-04-23,NAME_FALLBACK,72,1
NOTICE-00046722,2021-01-30,NAME_FALLBACK,32,0
NOTICE-00046723,2022-05-30,NAME_FALLBACK,32,0
NOTICE-00046724,2021-07-25,RAW_SIRET,48,1
NOTICE-00046725,2022-01-19,RAW_SIRET,48,0
NOTICE-00046742,2021-04-20,RAW_SIRET,35,0
NOTICE-00047007,2024-11-09,NAME_FALLBACK,32,0
NOTICE-00047010,2026-06-20,NAME_FALLBACK,32,0
NOTICE-00047083,2022-06-03,NAME_FALLBACK,72,0
NOTICE-00047109,2020-04-05,NAME_FALLBACK,,0
NOTICE-00047411,2024-05-05,NAME_FALLBACK,72,2
NOTICE-00047412,2025-03-17,NAME_FALLBACK,72,0
NOTICE-00047417,2026-04-23,NAME_FALLBACK,72,0
NOTICE-00047420,2023-06-19,NAME_FALLBACK,72,2
NOTICE-00047422,2024-04-24,NAME_FALLBACK,,4
NOTICE-00047423,2024-09-12,NAME_FALLBACK,72,1
NOTICE-00047424,2025-02-13,NAME_FALLBACK,72,1
NOTICE-00047440,2017-04-26,NAME_FALLBACK,72,0
NOTICE-00047443,2016-10-27,NAME_FALLBACK,72,1
NOTICE-00047446,2019-03-13,NAME_FALLBACK,72,1
NOTICE-00047447,2020-01-01,NAME_FALLBACK,72,0
NOTICE-00047584,2021-09-08,NAME_FALLBACK,,1
NOTICE-00047788,2023-09-26,RAW_SIRET,32,0
NOTICE-00047789,2025-07-20,RAW_SIRET,32,0
NOTICE-00047927,2025-01-27,NAME_FALLBACK,35,0
NOTICE-00048066,2016-10-02,NAME_FALLBACK,32,3
NOTICE-00048067,2016-09-06,NAME_FALLBACK,72,4
NOTICE-00048068,2019-01-10,NAME_FALLBACK,72,1
NOTICE-00048069,2020-02-22,NAME_FALLBACK,72,2
NOTICE-00048070,2020-12-17,NAME_FALLBACK,72,0
NOTICE-00048071,2016-11-06,NAME_FALLBACK,72,2
NOTICE-00048073,2017-07-10,NAME_FALLBACK,72,2
NOTICE-00048074,2018-03-01,NAME_FALLBACK,72,2
NOTICE-00048075,2019-07-19,NAME_FALLBACK,72,2
NOTICE-00048077,2016-07-01,NAME_FALLBACK,72,3
NOTICE-00048078,2017-08-22,NAME_FALLBACK,72,1
NOTICE-00048079,2018-12-11,NAME_FALLBACK,72,2
NOTICE-00048080,2020-03-12,NAME_FALLBACK,72,1
NOTICE-00048161,2025-10-29,NAME_FALLBACK,48,0
NOTICE-00048234,2022-10-10,RAW_SIRET,48,0
NOTICE-00048237,2021-03-04,NAME_FALLBACK,48,1
NOTICE-00048239,2021-08-03,NAME_FALLBACK,48,0
NOTICE-00048240,2020-08-18,RAW_SIRET,72,0
NOTICE-00048292,2018-03-11,NAME_FALLBACK,72,0
NOTICE-00048293,2022-09-27,NAME_FALLBACK,72,1
NOTICE-00048330,2019-12-06,NAME_FALLBACK,48,2
NOTICE-00048332,2020-10-28,NAME_FALLBACK,48,0
NOTICE-00048336,2016-06-12,NAME_FALLBACK,32,0
NOTICE-00048389,2016-07-24,NAME_FALLBACK,,0
NOTICE-00048396,2018-04-26,NAME_FALLBACK,32,4
NOTICE-00048398,2020-07-23,NAME_FALLBACK,32,4
NOTICE-00048399,2021-07-21,NAME_FALLBACK,32,3
NOTICE-00048405,2018-04-19,NAME_FALLBACK,72,5
NOTICE-00048406,2019-05-21,NAME_FALLBACK,,6
NOTICE-00048408,2021-03-21,NAME_FALLBACK,72,3
NOTICE-00048411,2022-03-08,RAW_SIRET,,0
NOTICE-00048413,2023-04-28,RAW_SIRET,72,0
NOTICE-00048442,2022-11-12,RAW_SIRET,72,0
NOTICE-00048443,2024-04-09,RAW_SIRET,72,2
NOTICE-00048444,2024-12-15,RAW_SIRET,72,0
NOTICE-00048445,2024-09-26,RAW_SIRET,32,1
NOTICE-00048447,2021-11-29,NAME_FALLBACK,72,2
NOTICE-00048448,2022-10-11,NAME_FALLBACK,,1
NOTICE-00048449,2023-08-30,NAME_FALLBACK,,0
NOTICE-00048472,2021-10-25,NAME_FALLBACK,72,2
NOTICE-00048980,2021-12-12,NAME_FALLBACK,72,0
NOTICE-00048982,2024-07-03,RAW_SIRET,48,1
NOTICE-00048984,2025-05-01,RAW_SIRET,48,0
NOTICE-00048990,2022-02-12,RAW_SIRET,32,0
NOTICE-00048993,2026-06-22,RAW_SIRET,32,0
NOTICE-00048996,2023-09-20,RAW_SIRET,,1
NOTICE-00049000,2017-07-03,NAME_FALLBACK,48,1
NOTICE-00049001,2018-07-01,NAME_FALLBACK,48,1
NOTICE-00049002,2020-11-22,NAME_FALLBACK,48,1
NOTICE-00049003,2021-09-28,NAME_FALLBACK,48,0
NOTICE-00049117,2015-12-14,NAME_FALLBACK,32,0
NOTICE-00049123,2023-03-22,NAME_FALLBACK,48,0
NOTICE-00049286,2019-12-07,NAME_FALLBACK,32,1
NOTICE-00049316,2021-12-26,NAME_FALLBACK,35,0
NOTICE-00049317,2024-09-03,NAME_FALLBACK,35,0
NOTICE-00049322,2020-09-02,NAME_FALLBACK,72,0
NOTICE-00049323,2022-07-12,NAME_FALLBACK,72,0
NOTICE-00049324,2019-10-20,NAME_FALLBACK,32,1
NOTICE-00049325,2015-12-07,NAME_FALLBACK,32,0
NOTICE-00049327,2017-01-09,NAME_FALLBACK,32,0
NOTICE-00049329,2018-07-30,NAME_FALLBACK,32,0
NOTICE-00049332,2021-05-23,NAME_FALLBACK,48,1
NOTICE-00049334,2022-01-24,NAME_FALLBACK,48,0
NOTICE-00049376,2019-04-05,NAME_FALLBACK,,2
NOTICE-00049378,2022-01-02,NAME_FALLBACK,72,0
NOTICE-00049380,2025-07-26,NAME_FALLBACK,72,0
NOTICE-00049381,2021-12-15,NAME_FALLBACK,48,1
NOTICE-00049382,2024-02-24,NAME_FALLBACK,48,1
NOTICE-00049384,2019-07-12,NAME_FALLBACK,48,2
NOTICE-00049386,2021-09-27,NAME_FALLBACK,48,2
NOTICE-00049387,2024-08-23,NAME_FALLBACK,,1
NOTICE-00049388,2020-05-06,NAME_FALLBACK,72,0
NOTICE-00049389,2021-06-16,NAME_FALLBACK,72,3
NOTICE-00049398,2018-10-09,NAME_FALLBACK,48,3
NOTICE-00049400,2019-10-09,NAME_FALLBACK,48,1
NOTICE-00050938,2018-08-10,NAME_FALLBACK,72,1
NOTICE-00050940,2018-12-13,NAME_FALLBACK,,0
NOTICE-00051187,2016-07-06,NAME_FALLBACK,48,0
NOTICE-00051188,2018-04-14,NAME_FALLBACK,48,0
NOTICE-00051199,2022-08-27,NAME_FALLBACK,32,0
NOTICE-00051200,2025-12-05,NAME_FALLBACK,32,0
NOTICE-00051201,2021-03-09,NAME_FALLBACK,72,1
NOTICE-00051203,2021-08-21,NAME_FALLBACK,72,1
NOTICE-00051204,2022-04-30,NAME_FALLBACK,72,1
NOTICE-00051206,2025-04-01,NAME_FALLBACK,72,1
NOTICE-00051404,2021-11-28,NAME_FALLBACK,72,0
NOTICE-00051405,2021-05-13,NAME_FALLBACK,72,2
NOTICE-00051408,2022-10-18,RAW_SIRET,72,0
NOTICE-00051411,2026-06-02,NAME_FALLBACK,35,0
NOTICE-00051460,2020-10-19,NAME_FALLBACK,72,3
NOTICE-00051464,2021-12-28,NAME_FALLBACK,72,0
NOTICE-00051466,2021-07-04,RAW_SIRET,72,0
NOTICE-00051467,2022-09-06,RAW_SIRET,72,0
NOTICE-00051469,2024-03-05,RAW_SIRET,72,0
NOTICE-00051471,2026-01-15,RAW_SIRET,72,0
NOTICE-00051472,2019-04-05,NAME_FALLBACK,32,1
NOTICE-00051474,2020-06-05,NAME_FALLBACK,48,2
NOTICE-00051475,2021-06-19,NAME_FALLBACK,48,1
NOTICE-00051476,2019-11-07,RAW_SIRET,32,1
NOTICE-00051478,2021-04-03,RAW_SIRET,32,0
NOTICE-00051480,2022-06-11,RAW_SIRET,32,0
NOTICE-00051483,2020-04-22,RAW_SIRET,48,1
NOTICE-00051486,2019-11-14,NAME_FALLBACK,72,1
NOTICE-00051487,2019-09-15,NAME_FALLBACK,72,1
NOTICE-00051488,2019-08-20,NAME_FALLBACK,35,2
NOTICE-00051491,2020-10-26,NAME_FALLBACK,35,0
NOTICE-00051561,2017-06-08,NAME_FALLBACK,32,0
NOTICE-00051791,2017-01-08,NAME_FALLBACK,35,0
NOTICE-00051896,2026-03-02,NAME_FALLBACK,72,0
NOTICE-00051897,2024-10-29,NAME_FALLBACK,48,0
NOTICE-00051898,2022-07-27,RAW_SIRET,48,1
NOTICE-00051899,2023-06-27,RAW_SIRET,48,0
NOTICE-00052049,2023-05-26,RAW_SIRET,72,0
NOTICE-00052144,2024-06-30,RAW_SIRET,48,0
NOTICE-00052400,2022-07-14,NAME_FALLBACK,32,0
NOTICE-00052402,2025-08-12,NAME_FALLBACK,35,0
NOTICE-00052548,2023-09-27,RAW_SIRET,72,1
NOTICE-00052549,2024-08-20,RAW_SIRET,72,0
NOTICE-00052623,2025-03-23,NAME_FALLBACK,48,2
NOTICE-00052624,2025-08-20,NAME_FALLBACK,48,1
NOTICE-00052625,2026-03-14,NAME_FALLBACK,48,0
NOTICE-00052671,2018-12-28,NAME_FALLBACK,72,1
NOTICE-00052672,2020-01-25,NAME_FALLBACK,72,0
NOTICE-00052677,2023-04-25,RAW_SIRET,,1
NOTICE-00052679,2023-07-26,RAW_SIRET,,0
NOTICE-00052680,2024-12-14,RAW_SIRET,72,0
NOTICE-00052697,2026-07-03,RAW_SIRET,48,0
NOTICE-00052698,2024-01-29,RAW_SIRET,72,2
NOTICE-00052699,2024-10-10,RAW_SIRET,72,2
NOTICE-00052700,2025-01-20,RAW_SIRET,,1
NOTICE-00052701,2025-03-11,RAW_SIRET,72,1
NOTICE-00052753,2018-06-21,NAME_FALLBACK,48,4
NOTICE-00052761,2019-09-29,NAME_FALLBACK,32,3
NOTICE-00052774,2021-08-03,NAME_FALLBACK,72,3
NOTICE-00052776,2022-05-25,NAME_FALLBACK,72,2
NOTICE-00052778,2024-01-19,NAME_FALLBACK,,1
NOTICE-00052779,2017-07-17,NAME_FALLBACK,48,6
NOTICE-00052781,2018-01-15,NAME_FALLBACK,48,5
NOTICE-00052784,2020-06-10,NAME_FALLBACK,48,3
NOTICE-00052909,2023-08-05,RAW_SIRET,72,0
NOTICE-00052910,2025-04-01,RAW_SIRET,72,0
NOTICE-00053004,2023-06-21,RAW_SIRET,,0
NOTICE-00053006,2025-01-18,RAW_SIRET,72,0
NOTICE-00053035,2018-12-26,RAW_SIRET,72,0
NOTICE-00053083,2026-07-10,RAW_SIRET,72,0
NOTICE-00053084,2022-11-11,NAME_FALLBACK,72,0
NOTICE-00053118,2015-12-05,NAME_FALLBACK,72,0
NOTICE-00053337,2018-06-26,RAW_SIRET,72,0
NOTICE-00053414,2019-11-30,NAME_FALLBACK,72,0
NOTICE-00053416,2022-01-05,NAME_FALLBACK,72,0
NOTICE-00053417,2024-09-11,NAME_FALLBACK,,1
NOTICE-00053425,2019-09-21,NAME_FALLBACK,72,2
NOTICE-00053427,2020-03-22,NAME_FALLBACK,72,1
NOTICE-00053428,2020-12-07,NAME_FALLBACK,72,1
NOTICE-00053429,2021-06-15,NAME_FALLBACK,72,0
NOTICE-00053433,2019-11-03,RAW_SIRET,72,0
NOTICE-00053435,2024-08-11,NAME_FALLBACK,,0
NOTICE-00053446,2017-08-18,NAME_FALLBACK,72,0
NOTICE-00053448,2019-11-19,NAME_FALLBACK,72,0
NOTICE-00053449,2021-01-14,NAME_FALLBACK,,0
NOTICE-00053450,2022-01-31,NAME_FALLBACK,72,0
NOTICE-00053471,2020-12-25,NAME_FALLBACK,72,0
NOTICE-00053472,2022-11-15,NAME_FALLBACK,72,0
NOTICE-00053473,2025-05-10,NAME_FALLBACK,72,0
NOTICE-00053552,2020-06-02,NAME_FALLBACK,,1
NOTICE-00053553,2021-06-16,NAME_FALLBACK,,0
NOTICE-00053556,2021-03-10,NAME_FALLBACK,32,1
NOTICE-00053681,2019-11-19,NAME_FALLBACK,72,2
NOTICE-00053682,2020-02-25,NAME_FALLBACK,,1
NOTICE-00053684,2020-10-18,NAME_FALLBACK,72,1
NOTICE-00053686,2021-04-01,NAME_FALLBACK,72,0
NOTICE-00053820,2020-02-09,NAME_FALLBACK,48,0
NOTICE-00053822,2021-09-29,NAME_FALLBACK,,1
NOTICE-00053824,2022-08-21,NAME_FALLBACK,72,0
NOTICE-00053826,2024-05-23,RAW_SIRET,,0
NOTICE-00053828,2022-09-28,RAW_SIRET,,1
NOTICE-00053829,2023-05-20,RAW_SIRET,72,0
NOTICE-00053943,2021-01-24,NAME_FALLBACK,72,5
NOTICE-00053945,2021-11-03,NAME_FALLBACK,32,3
NOTICE-00053946,2023-12-04,NAME_FALLBACK,32,1
NOTICE-00053948,2025-06-15,NAME_FALLBACK,32,0
NOTICE-00053966,2018-10-30,NAME_FALLBACK,48,6
NOTICE-00053967,2020-11-03,NAME_FALLBACK,72,6
NOTICE-00053969,2022-03-13,NAME_FALLBACK,72,3
NOTICE-00053970,2023-01-18,NAME_FALLBACK,72,1
NOTICE-00053971,2024-03-10,NAME_FALLBACK,72,0
NOTICE-00053975,2020-04-16,NAME_FALLBACK,72,7
NOTICE-00053976,2021-04-13,NAME_FALLBACK,72,5
NOTICE-00053978,2022-04-14,NAME_FALLBACK,72,2
NOTICE-00053979,2019-03-02,RAW_SIRET,48,0
NOTICE-00053980,2017-07-23,NAME_FALLBACK,,1
NOTICE-00053981,2019-09-06,NAME_FALLBACK,72,4
NOTICE-00053982,2021-02-15,NAME_FALLBACK,,4
NOTICE-00053987,2019-10-04,NAME_FALLBACK,32,3
NOTICE-00053988,2020-10-07,NAME_FALLBACK,32,7
NOTICE-00053993,2019-05-22,NAME_FALLBACK,72,5
NOTICE-00053994,2019-12-10,NAME_FALLBACK,72,5
NOTICE-00053996,2020-10-16,NAME_FALLBACK,72,6
NOTICE-00053997,2021-04-23,NAME_FALLBACK,72,4
NOTICE-00054002,2019-03-08,NAME_FALLBACK,72,6
NOTICE-00054006,2015-07-31,NAME_FALLBACK,32,4
NOTICE-00054008,2016-01-07,NAME_FALLBACK,32,3
NOTICE-00054010,2016-04-24,NAME_FALLBACK,32,4
NOTICE-00054011,2016-08-21,NAME_FALLBACK,32,3
NOTICE-00054012,2016-05-15,NAME_FALLBACK,72,3
NOTICE-00054018,2015-08-17,NAME_FALLBACK,72,3
NOTICE-00054019,2017-03-17,NAME_FALLBACK,32,2
NOTICE-00054023,2019-08-14,NAME_FALLBACK,72,5
NOTICE-00054024,2020-07-18,NAME_FALLBACK,72,7
NOTICE-00054026,2021-07-20,NAME_FALLBACK,,4
NOTICE-00054028,2022-06-27,NAME_FALLBACK,,1
NOTICE-00054074,2019-11-15,RAW_SIRET,72,0
NOTICE-00054078,2024-01-03,NAME_FALLBACK,32,0
NOTICE-00054080,2026-03-19,RAW_SIRET,72,0
NOTICE-00054198,2022-02-04,RAW_SIRET,48,0
NOTICE-00054252,2017-01-05,NAME_FALLBACK,32,0
NOTICE-00054253,2019-06-13,NAME_FALLBACK,32,0
NOTICE-00054255,2020-07-07,NAME_FALLBACK,32,0
NOTICE-00054353,2021-10-18,NAME_FALLBACK,72,0
NOTICE-00054458,2024-12-07,NAME_FALLBACK,72,4
NOTICE-00054460,2025-06-14,NAME_FALLBACK,,0
NOTICE-00054461,2026-05-13,NAME_FALLBACK,72,0
NOTICE-00054467,2024-11-07,RAW_SIRET,72,5
NOTICE-00054469,2025-04-05,RAW_SIRET,72,3
NOTICE-00054470,2025-09-03,RAW_SIRET,72,0
NOTICE-00054471,2026-06-20,RAW_SIRET,72,0
NOTICE-00054472,2026-03-29,NAME_FALLBACK,72,1
NOTICE-00054474,2018-04-27,NAME_FALLBACK,,3
NOTICE-00054476,2019-07-07,NAME_FALLBACK,72,4
NOTICE-00054477,2020-04-12,NAME_FALLBACK,72,5
NOTICE-00054482,2025-02-15,RAW_SIRET,72,3
NOTICE-00054483,2025-04-20,NAME_FALLBACK,48,0
NOTICE-00054487,2020-10-28,NAME_FALLBACK,72,5
NOTICE-00054488,2021-08-20,NAME_FALLBACK,72,2
NOTICE-00054489,2022-09-16,NAME_FALLBACK,72,0
NOTICE-00054493,2025-04-24,NAME_FALLBACK,72,2
NOTICE-00054499,2018-08-21,NAME_FALLBACK,72,6
NOTICE-00054501,2019-08-05,NAME_FALLBACK,72,4
NOTICE-00054502,2018-12-28,NAME_FALLBACK,72,4
NOTICE-00054503,2019-06-27,NAME_FALLBACK,72,5
NOTICE-00054506,2025-01-16,RAW_SIRET,72,4
NOTICE-00054507,2025-07-20,RAW_SIRET,72,3
NOTICE-00054513,2024-05-27,RAW_SIRET,72,4
NOTICE-00054519,2026-02-10,RAW_SIRET,72,1
NOTICE-00054521,2018-01-24,NAME_FALLBACK,72,8
NOTICE-00054522,2018-11-30,NAME_FALLBACK,,5
NOTICE-00054533,2018-02-08,NAME_FALLBACK,32,7
NOTICE-00054534,2020-02-09,NAME_FALLBACK,32,5
NOTICE-00054537,2020-05-08,NAME_FALLBACK,72,4
NOTICE-00054541,2018-02-15,NAME_FALLBACK,32,6
NOTICE-00054542,2020-12-21,NAME_FALLBACK,32,4
NOTICE-00054546,2021-08-26,NAME_FALLBACK,72,1
NOTICE-00054547,2022-06-12,NAME_FALLBACK,72,1
NOTICE-00054549,2025-05-09,NAME_FALLBACK,72,0
NOTICE-00054556,2020-04-01,NAME_FALLBACK,48,1
NOTICE-00054557,2020-12-24,NAME_FALLBACK,48,0
NOTICE-00054558,2017-12-29,NAME_FALLBACK,48,2
NOTICE-00054561,2018-12-11,NAME_FALLBACK,48,1
NOTICE-00054563,2019-07-04,NAME_FALLBACK,48,1
NOTICE-00054564,2019-02-25,RAW_SIRET,48,0
NOTICE-00054566,2016-08-21,RAW_SIRET,35,0
NOTICE-00054567,2018-02-08,RAW_SIRET,35,0
NOTICE-00054568,2019-05-11,RAW_SIRET,35,0
NOTICE-00054576,2018-10-18,NAME_FALLBACK,32,2
NOTICE-00054603,2019-01-05,NAME_FALLBACK,72,0
NOTICE-00054606,2020-06-04,NAME_FALLBACK,72,0
NOTICE-00054858,2017-04-06,NAME_FALLBACK,32,1
NOTICE-00054860,2018-01-29,NAME_FALLBACK,32,1
NOTICE-00054861,2016-10-05,NAME_FALLBACK,72,1
NOTICE-00054862,2018-06-24,NAME_FALLBACK,72,1
NOTICE-00054864,2019-06-20,NAME_FALLBACK,72,0
NOTICE-00054866,2021-03-06,NAME_FALLBACK,72,1
NOTICE-00054867,2022-04-29,NAME_FALLBACK,72,1
NOTICE-00054898,2022-07-23,NAME_FALLBACK,72,0
NOTICE-00054899,2024-07-13,NAME_FALLBACK,72,0
NOTICE-00055095,2021-07-02,NAME_FALLBACK,35,2
NOTICE-00055096,2022-02-12,NAME_FALLBACK,35,2
NOTICE-00055098,2022-09-24,NAME_FALLBACK,35,1
NOTICE-00055140,2020-01-27,NAME_FALLBACK,72,1
NOTICE-00055141,2021-10-25,NAME_FALLBACK,72,0
NOTICE-00055142,2023-11-15,NAME_FALLBACK,,1
NOTICE-00055143,2018-06-02,NAME_FALLBACK,48,2
NOTICE-00055145,2019-08-02,NAME_FALLBACK,48,1
NOTICE-00055238,2024-07-13,RAW_SIRET,48,0
NOTICE-00055239,2021-11-15,NAME_FALLBACK,,1
NOTICE-00055240,2025-03-01,NAME_FALLBACK,72,0
NOTICE-00055497,2024-05-09,RAW_SIRET,48,0
NOTICE-00055498,2024-10-15,RAW_SIRET,48,0
NOTICE-00055564,2016-04-08,NAME_FALLBACK,32,0
NOTICE-00055567,2021-05-11,NAME_FALLBACK,32,0
NOTICE-00055731,2023-04-10,NAME_FALLBACK,72,5
NOTICE-00055735,2019-08-26,NAME_FALLBACK,48,4
NOTICE-00055736,2020-05-12,NAME_FALLBACK,48,7
NOTICE-00055737,2020-11-23,NAME_FALLBACK,48,4
NOTICE-00055740,2019-10-18,NAME_FALLBACK,48,3
NOTICE-00055741,2020-12-26,NAME_FALLBACK,,3
NOTICE-00055743,2022-02-25,NAME_FALLBACK,48,3
NOTICE-00055745,2022-10-20,NAME_FALLBACK,48,5
NOTICE-00055749,2021-04-12,RAW_SIRET,,2
NOTICE-00055750,2026-02-18,RAW_SIRET,72,2
NOTICE-00055756,2022-01-08,RAW_SIRET,48,2
NOTICE-00055757,2018-03-05,RAW_SIRET,48,1
NOTICE-00055758,2018-07-13,RAW_SIRET,48,0
NOTICE-00055762,2022-03-18,NAME_FALLBACK,48,2
NOTICE-00055763,2022-01-25,RAW_SIRET,72,1
NOTICE-00055764,2018-04-13,NAME_FALLBACK,72,1
NOTICE-00055765,2018-10-15,NAME_FALLBACK,72,4
NOTICE-00055766,2019-04-25,NAME_FALLBACK,72,4
NOTICE-00055767,2019-07-31,NAME_FALLBACK,48,5
NOTICE-00055768,2020-07-05,NAME_FALLBACK,48,5
NOTICE-00055770,2020-05-22,NAME_FALLBACK,72,6
NOTICE-00055771,2023-04-27,NAME_FALLBACK,,4
NOTICE-00055776,2022-04-20,RAW_SIRET,72,0
NOTICE-00055777,2023-07-10,RAW_SIRET,72,2
NOTICE-00055778,2024-07-17,RAW_SIRET,72,3
NOTICE-00055780,2025-12-26,RAW_SIRET,72,3
NOTICE-00055783,2025-01-23,RAW_SIRET,72,4
NOTICE-00055785,2026-04-21,RAW_SIRET,72,0
NOTICE-00055794,2017-06-12,NAME_FALLBACK,72,1
NOTICE-00055796,2019-06-23,NAME_FALLBACK,72,5
NOTICE-00055798,2021-11-22,NAME_FALLBACK,72,5
NOTICE-00055799,2023-08-08,NAME_FALLBACK,,2
NOTICE-00055800,2025-01-05,NAME_FALLBACK,72,0
NOTICE-00055802,2026-02-28,NAME_FALLBACK,72,0
NOTICE-00055803,2025-07-23,RAW_SIRET,72,0
NOTICE-00055804,2024-04-14,RAW_SIRET,48,4
NOTICE-00055806,2025-01-31,RAW_SIRET,48,5
NOTICE-00055807,2025-07-08,RAW_SIRET,48,6
NOTICE-00055808,2026-03-18,RAW_SIRET,48,0
NOTICE-00055810,2023-10-14,RAW_SIRET,,3
NOTICE-00055811,2024-09-05,RAW_SIRET,72,5
NOTICE-00055812,2025-10-08,RAW_SIRET,72,4
NOTICE-00056068,2018-06-06,NAME_FALLBACK,48,5
NOTICE-00056070,2019-06-25,NAME_FALLBACK,48,5
NOTICE-00056078,2020-10-27,RAW_SIRET,,3
NOTICE-00056080,2021-05-23,RAW_SIRET,48,3
NOTICE-00056081,2023-03-12,RAW_SIRET,48,2
NOTICE-00056082,2024-08-02,RAW_SIRET,48,2
NOTICE-00056084,2021-07-07,NAME_FALLBACK,72,4
NOTICE-00056085,2023-08-26,NAME_FALLBACK,72,1
NOTICE-00056086,2025-05-24,NAME_FALLBACK,72,0
NOTICE-00056087,2022-03-27,NAME_FALLBACK,72,3
NOTICE-00056089,2023-02-17,NAME_FALLBACK,72,2
NOTICE-00056101,2019-08-10,NAME_FALLBACK,72,4
NOTICE-00056102,2020-05-03,NAME_FALLBACK,72,2
NOTICE-00056103,2016-06-01,NAME_FALLBACK,72,3
NOTICE-00056107,2021-05-27,NAME_FALLBACK,72,5
NOTICE-00056108,2022-12-18,NAME_FALLBACK,72,2
NOTICE-00056109,2024-09-19,NAME_FALLBACK,72,1
NOTICE-00056111,2021-09-25,RAW_SIRET,72,1
NOTICE-00056112,2022-12-16,RAW_SIRET,72,2
NOTICE-00056113,2024-01-07,RAW_SIRET,72,2
NOTICE-00056114,2025-01-06,RAW_SIRET,72,0
NOTICE-00056115,2020-08-28,RAW_SIRET,35,3
NOTICE-00056116,2021-07-17,RAW_SIRET,35,2
NOTICE-00056117,2024-11-05,RAW_SIRET,35,0
NOTICE-00056121,2022-02-05,RAW_SIRET,48,1
NOTICE-00056122,2023-07-08,RAW_SIRET,48,1
NOTICE-00056123,2017-06-06,NAME_FALLBACK,48,6
NOTICE-00056124,2019-04-10,NAME_FALLBACK,,5
NOTICE-00056126,2018-09-28,NAME_FALLBACK,72,6
NOTICE-00056129,2016-08-26,NAME_FALLBACK,72,3
NOTICE-00056130,2017-02-06,NAME_FALLBACK,72,5
NOTICE-00056131,2017-10-14,NAME_FALLBACK,72,6
NOTICE-00056132,2018-11-26,NAME_FALLBACK,72,6
NOTICE-00056133,2016-07-03,NAME_FALLBACK,32,3
NOTICE-00056491,2017-04-14,NAME_FALLBACK,35,1
NOTICE-00056492,2017-10-23,NAME_FALLBACK,35,1
NOTICE-00056493,2018-06-12,NAME_FALLBACK,35,0
NOTICE-00056494,2025-07-19,NAME_FALLBACK,72,0
NOTICE-00056497,2023-07-09,RAW_SIRET,,0
NOTICE-00056498,2025-10-19,NAME_FALLBACK,32,0
NOTICE-00056507,2022-04-22,NAME_FALLBACK,72,0
NOTICE-00056509,2023-04-24,NAME_FALLBACK,72,2
NOTICE-00056511,2025-05-01,NAME_FALLBACK,72,2
NOTICE-00056512,2025-05-03,RAW_SIRET,32,0
NOTICE-00056514,2023-08-25,NAME_FALLBACK,72,0
NOTICE-00056515,2024-10-04,NAME_FALLBACK,72,3
NOTICE-00056543,2020-05-22,NAME_FALLBACK,48,1
NOTICE-00056545,2021-12-01,NAME_FALLBACK,48,1
NOTICE-00056555,2018-04-20,NAME_FALLBACK,48,8
NOTICE-00056557,2023-08-13,NAME_FALLBACK,48,8
NOTICE-00056559,2020-05-27,NAME_FALLBACK,48,5
NOTICE-00056563,2018-07-17,NAME_FALLBACK,72,8
NOTICE-00056565,2017-09-16,NAME_FALLBACK,32,8
NOTICE-00056566,2024-09-23,NAME_FALLBACK,35,0
NOTICE-00056569,2022-11-12,NAME_FALLBACK,72,4
NOTICE-00056570,2023-11-16,NAME_FALLBACK,72,8
NOTICE-00056572,2023-07-21,NAME_FALLBACK,32,8
NOTICE-00056574,2019-06-04,NAME_FALLBACK,35,6
NOTICE-00056575,2018-10-25,NAME_FALLBACK,,6
NOTICE-00056577,2019-07-13,NAME_FALLBACK,48,5
NOTICE-00056579,2020-03-08,NAME_FALLBACK,48,5
NOTICE-00056580,2020-11-23,NAME_FALLBACK,48,4
NOTICE-00056591,2018-04-21,NAME_FALLBACK,72,7
NOTICE-00056592,2018-08-30,NAME_FALLBACK,72,7
NOTICE-00056596,2019-03-17,NAME_FALLBACK,32,5
NOTICE-00056599,2024-07-29,RAW_SIRET,35,4
NOTICE-00056601,2025-04-06,RAW_SIRET,35,7
NOTICE-00056603,2025-12-21,RAW_SIRET,35,4
NOTICE-00056604,2021-04-05,NAME_FALLBACK,,3
NOTICE-00056610,2017-10-20,NAME_FALLBACK,72,8
NOTICE-00056611,2018-12-29,NAME_FALLBACK,72,6
NOTICE-00056612,2019-10-02,NAME_FALLBACK,72,4
NOTICE-00056614,2021-06-23,RAW_SIRET,,2
NOTICE-00056616,2024-01-02,RAW_SIRET,48,5
NOTICE-00056617,2026-07-07,RAW_SIRET,48,0
NOTICE-00056620,2022-09-28,RAW_SIRET,72,4
NOTICE-00056621,2018-02-13,NAME_FALLBACK,72,10
NOTICE-00056623,2019-01-02,NAME_FALLBACK,72,5
NOTICE-00056624,2025-12-27,RAW_SIRET,72,3
NOTICE-00056626,2021-12-01,NAME_FALLBACK,72,4
NOTICE-00056627,2023-12-20,NAME_FALLBACK,,5
NOTICE-00056628,2023-03-02,RAW_SIRET,35,3
NOTICE-00056638,2023-03-17,RAW_SIRET,48,2
NOTICE-00056639,2024-06-27,RAW_SIRET,48,5
NOTICE-00056644,2024-10-24,RAW_SIRET,72,4
NOTICE-00056648,2018-04-11,NAME_FALLBACK,72,9
NOTICE-00056651,2021-04-25,NAME_FALLBACK,72,2
NOTICE-00056653,2023-12-10,NAME_FALLBACK,72,6
NOTICE-00056657,2024-08-19,RAW_SIRET,32,5
NOTICE-00056658,2025-09-30,RAW_SIRET,32,7
NOTICE-00056667,2018-10-14,NAME_FALLBACK,48,7
NOTICE-00056669,2019-12-22,NAME_FALLBACK,48,5
NOTICE-00056671,2024-05-25,RAW_SIRET,72,5
NOTICE-00056673,2025-10-01,RAW_SIRET,72,6
NOTICE-00056674,2018-02-24,NAME_FALLBACK,72,9
NOTICE-00056675,2020-04-05,NAME_FALLBACK,72,5
NOTICE-00056676,2023-11-21,NAME_FALLBACK,72,7
NOTICE-00056678,2022-12-01,RAW_SIRET,72,3
NOTICE-00056679,2020-12-01,NAME_FALLBACK,,4
NOTICE-00056680,2022-06-29,NAME_FALLBACK,48,3
NOTICE-00056682,2024-08-01,NAME_FALLBACK,48,2
NOTICE-00056685,2024-06-30,NAME_FALLBACK,48,3
NOTICE-00056686,2022-01-16,RAW_SIRET,32,3
NOTICE-00056688,2023-12-19,RAW_SIRET,32,6
NOTICE-00056689,2025-11-04,RAW_SIRET,32,5
NOTICE-00056691,2021-02-22,NAME_FALLBACK,,3
NOTICE-00056693,2022-03-26,NAME_FALLBACK,72,4
NOTICE-00056694,2023-01-09,NAME_FALLBACK,72,7
NOTICE-00056695,2024-01-13,NAME_FALLBACK,72,4
NOTICE-00056696,2025-01-19,RAW_SIRET,48,8
NOTICE-00056697,2026-01-03,RAW_SIRET,48,2
NOTICE-00056699,2019-08-14,RAW_SIRET,48,0
NOTICE-00056701,2021-11-02,RAW_SIRET,48,3
NOTICE-00056702,2022-08-28,RAW_SIRET,48,5
NOTICE-00056703,2023-02-19,RAW_SIRET,48,4
NOTICE-00056706,2022-09-13,NAME_FALLBACK,72,4
NOTICE-00056707,2023-10-21,NAME_FALLBACK,72,9
NOTICE-00056717,2024-09-09,NAME_FALLBACK,32,0
NOTICE-00056719,2026-01-12,RAW_SIRET,72,1
NOTICE-00056845,2026-04-05,NAME_FALLBACK,32,0
NOTICE-00057081,2017-07-01,NAME_FALLBACK,32,0
NOTICE-00057082,2019-04-01,NAME_FALLBACK,32,0
NOTICE-00057084,2021-12-27,NAME_FALLBACK,32,0
NOTICE-00057123,2018-10-26,NAME_FALLBACK,,0
NOTICE-00057124,2024-12-19,RAW_SIRET,72,0
NOTICE-00057130,2016-11-08,NAME_FALLBACK,35,1
NOTICE-00057132,2017-07-28,NAME_FALLBACK,35,2
NOTICE-00057133,2018-02-25,NAME_FALLBACK,35,1
NOTICE-00057160,2021-03-04,NAME_FALLBACK,72,2
NOTICE-00057161,2021-11-29,NAME_FALLBACK,72,0
NOTICE-00057162,2024-03-16,NAME_FALLBACK,72,2
NOTICE-00057164,2020-09-30,NAME_FALLBACK,72,2
NOTICE-00057166,2024-07-13,NAME_FALLBACK,72,1
NOTICE-00057168,2020-11-05,RAW_SIRET,72,0
NOTICE-00057169,2022-02-07,RAW_SIRET,72,0
NOTICE-00057171,2023-03-02,RAW_SIRET,72,2
NOTICE-00057172,2023-09-13,RAW_SIRET,48,4
NOTICE-00057173,2024-01-01,RAW_SIRET,48,3
NOTICE-00057174,2024-04-20,RAW_SIRET,48,2
NOTICE-00057175,2024-07-04,RAW_SIRET,48,0
NOTICE-00057177,2023-07-15,NAME_FALLBACK,32,2
NOTICE-00057180,2025-10-09,NAME_FALLBACK,32,0
NOTICE-00057190,2024-08-18,RAW_SIRET,72,0
NOTICE-00057196,2020-12-23,NAME_FALLBACK,72,3
NOTICE-00057198,2021-11-14,NAME_FALLBACK,72,1
NOTICE-00057199,2024-11-20,NAME_FALLBACK,,1
NOTICE-00057265,2025-08-27,RAW_SIRET,32,0
NOTICE-00057269,2020-03-06,NAME_FALLBACK,35,0
NOTICE-00057270,2021-06-19,NAME_FALLBACK,35,1
NOTICE-00057366,2017-02-12,NAME_FALLBACK,35,2
NOTICE-00057367,2017-11-18,NAME_FALLBACK,35,2
NOTICE-00057411,2019-10-01,NAME_FALLBACK,72,1
NOTICE-00057413,2021-07-24,NAME_FALLBACK,72,0
NOTICE-00057414,2023-12-04,NAME_FALLBACK,72,0
NOTICE-00057416,2018-01-01,NAME_FALLBACK,72,1
NOTICE-00057417,2018-11-17,NAME_FALLBACK,72,1
NOTICE-00057418,2020-02-19,NAME_FALLBACK,,0
NOTICE-00057534,2017-10-16,NAME_FALLBACK,,0
NOTICE-00057536,2018-11-28,NAME_FALLBACK,72,0
NOTICE-00057537,2024-12-23,RAW_SIRET,72,0
NOTICE-00057626,2020-03-16,NAME_FALLBACK,48,0
NOTICE-00057745,2022-03-18,RAW_SIRET,48,0
NOTICE-00057746,2023-07-25,RAW_SIRET,48,0
NOTICE-00057820,2022-10-23,RAW_SIRET,48,1
NOTICE-00057821,2023-10-12,RAW_SIRET,,0
NOTICE-00057923,2019-12-14,NAME_FALLBACK,,1
NOTICE-00058052,2022-09-28,NAME_FALLBACK,35,2
NOTICE-00058053,2024-02-26,NAME_FALLBACK,35,1
NOTICE-00058054,2024-11-22,NAME_FALLBACK,35,0
NOTICE-00058068,2024-11-27,RAW_SIRET,32,0
NOTICE-00058070,2021-11-08,NAME_FALLBACK,72,1
NOTICE-00058071,2022-12-14,NAME_FALLBACK,72,1
NOTICE-00058072,2023-09-02,NAME_FALLBACK,72,1
NOTICE-00058073,2021-03-21,RAW_SIRET,32,2
NOTICE-00058075,2021-12-23,RAW_SIRET,32,1
NOTICE-00058079,2020-02-04,RAW_SIRET,32,0
NOTICE-00058081,2021-07-10,RAW_SIRET,32,1
NOTICE-00058082,2022-12-07,RAW_SIRET,32,0
NOTICE-00058272,2020-02-16,NAME_FALLBACK,32,0
NOTICE-00058274,2021-06-29,NAME_FALLBACK,32,2
NOTICE-00058276,2019-04-22,NAME_FALLBACK,32,1
NOTICE-00058280,2021-08-05,NAME_FALLBACK,32,1
NOTICE-00058282,2023-11-08,NAME_FALLBACK,32,0
NOTICE-00058283,2025-11-21,NAME_FALLBACK,32,0
NOTICE-00058398,2025-09-23,NAME_FALLBACK,72,0
NOTICE-00058703,2021-07-17,NAME_FALLBACK,48,15
NOTICE-00058704,2025-09-20,NAME_FALLBACK,48,2
NOTICE-00058730,2025-01-31,NAME_FALLBACK,72,0
NOTICE-00059228,2020-10-16,NAME_FALLBACK,,0
NOTICE-00059603,2023-01-29,RAW_SIRET,32,0
NOTICE-00059635,2023-08-09,RAW_SIRET,32,1
NOTICE-00059637,2024-03-26,RAW_SIRET,32,0
NOTICE-00059639,2025-05-22,RAW_SIRET,32,0
NOTICE-00059641,2021-10-30,NAME_FALLBACK,32,0
NOTICE-00059795,2020-10-08,NAME_FALLBACK,32,1
NOTICE-00059796,2023-02-03,NAME_FALLBACK,32,1
NOTICE-00059797,2022-07-17,RAW_SIRET,72,2
NOTICE-00059798,2023-03-23,RAW_SIRET,72,2
NOTICE-00059800,2023-10-14,RAW_SIRET,72,0
NOTICE-00059801,2023-06-23,RAW_SIRET,72,1
NOTICE-00059803,2020-04-28,NAME_FALLBACK,48,1
NOTICE-00059805,2021-07-11,NAME_FALLBACK,48,0
NOTICE-00059807,2023-02-16,NAME_FALLBACK,48,0
NOTICE-00060000,2017-12-05,NAME_FALLBACK,32,0
NOTICE-00060014,2023-06-17,NAME_FALLBACK,35,0
NOTICE-00060079,2023-12-17,RAW_SIRET,72,0
NOTICE-00060081,2026-01-17,RAW_SIRET,72,0
NOTICE-00060090,2020-09-24,NAME_FALLBACK,72,1
NOTICE-00060091,2021-09-10,NAME_FALLBACK,72,0
NOTICE-00060094,2020-11-18,NAME_FALLBACK,35,1
NOTICE-00060096,2021-05-05,NAME_FALLBACK,35,1
NOTICE-00060098,2022-03-25,NAME_FALLBACK,35,1
NOTICE-00060099,2023-02-23,NAME_FALLBACK,35,0
NOTICE-00060630,2022-10-08,RAW_SIRET,32,1
NOTICE-00060631,2024-07-31,RAW_SIRET,32,0
NOTICE-00060633,2020-01-21,NAME_FALLBACK,48,0
NOTICE-00060642,2024-04-02,NAME_FALLBACK,32,1
NOTICE-00060644,2025-03-06,NAME_FALLBACK,32,1
NOTICE-00060645,2026-02-28,NAME_FALLBACK,32,0
NOTICE-00060647,2022-09-28,RAW_SIRET,72,2
NOTICE-00060648,2023-07-01,RAW_SIRET,72,2
NOTICE-00060650,2024-02-05,RAW_SIRET,72,1
NOTICE-00060659,2023-10-17,RAW_SIRET,32,2
NOTICE-00060661,2023-02-05,NAME_FALLBACK,72,0
NOTICE-00060702,2018-01-31,NAME_FALLBACK,72,0
NOTICE-00060828,2019-10-12,NAME_FALLBACK,,0
NOTICE-00060834,2024-04-22,RAW_SIRET,35,0
NOTICE-00060835,2026-02-19,RAW_SIRET,35,0
NOTICE-00060836,2019-12-09,NAME_FALLBACK,72,0
NOTICE-00060838,2022-05-03,NAME_FALLBACK,72,1
NOTICE-00060839,2023-03-18,NAME_FALLBACK,72,0
NOTICE-00060886,2024-02-15,RAW_SIRET,72,1
NOTICE-00060887,2024-10-31,RAW_SIRET,72,0
NOTICE-00061080,2026-01-04,NAME_FALLBACK,72,0
NOTICE-00061098,2018-11-13,RAW_SIRET,48,0
NOTICE-00061102,2016-07-24,NAME_FALLBACK,48,0
NOTICE-00061110,2020-08-05,NAME_FALLBACK,48,1
NOTICE-00061111,2021-04-26,NAME_FALLBACK,48,2
NOTICE-00061112,2021-11-22,NAME_FALLBACK,48,1
NOTICE-00061311,2021-04-10,NAME_FALLBACK,,2
NOTICE-00061313,2023-09-18,NAME_FALLBACK,72,0
NOTICE-00061314,2024-12-02,NAME_FALLBACK,72,0
NOTICE-00061488,2017-03-31,NAME_FALLBACK,48,0
NOTICE-00061489,2019-01-24,NAME_FALLBACK,48,1
NOTICE-00061490,2019-11-30,NAME_FALLBACK,72,0
NOTICE-00061491,2024-01-03,NAME_FALLBACK,72,1
NOTICE-00061657,2022-06-16,RAW_SIRET,48,1
NOTICE-00061662,2023-02-01,RAW_SIRET,32,0
NOTICE-00061679,2021-09-07,NAME_FALLBACK,32,1
NOTICE-00061681,2023-10-11,NAME_FALLBACK,32,2
NOTICE-00061682,2025-05-20,NAME_FALLBACK,32,0
NOTICE-00061684,2019-06-13,NAME_FALLBACK,72,0
NOTICE-00061685,2022-03-22,NAME_FALLBACK,72,0
NOTICE-00061687,2023-12-29,NAME_FALLBACK,72,1
NOTICE-00061689,2024-07-31,NAME_FALLBACK,72,1
NOTICE-00061706,2022-03-05,RAW_SIRET,48,0
NOTICE-00061708,2023-04-10,RAW_SIRET,48,0
NOTICE-00061710,2024-09-22,RAW_SIRET,48,0
NOTICE-00061711,2026-03-05,RAW_SIRET,48,0
NOTICE-00061794,2023-12-09,NAME_FALLBACK,72,0
NOTICE-00061795,2021-05-07,NAME_FALLBACK,32,0
NOTICE-00061878,2022-06-05,RAW_SIRET,72,1
NOTICE-00061880,2023-05-22,RAW_SIRET,,1
NOTICE-00061881,2024-01-27,RAW_SIRET,72,1
NOTICE-00061882,2024-09-13,RAW_SIRET,72,0
NOTICE-00061994,2021-09-17,NAME_FALLBACK,35,2
NOTICE-00061995,2025-10-02,NAME_FALLBACK,35,0
NOTICE-00061997,2021-06-05,NAME_FALLBACK,,4
NOTICE-00061999,2024-11-07,NAME_FALLBACK,48,2
NOTICE-00062000,2021-07-01,NAME_FALLBACK,,3
NOTICE-00062002,2021-04-12,NAME_FALLBACK,32,6
NOTICE-00062003,2021-10-27,NAME_FALLBACK,32,2
NOTICE-00062005,2022-03-29,NAME_FALLBACK,32,1
NOTICE-00062007,2022-09-24,NAME_FALLBACK,32,0
NOTICE-00062037,2020-08-17,NAME_FALLBACK,32,1
NOTICE-00062040,2024-02-22,NAME_FALLBACK,32,0
NOTICE-00062041,2025-08-20,NAME_FALLBACK,32,0
NOTICE-00062049,2021-12-10,NAME_FALLBACK,48,1
NOTICE-00062050,2022-12-18,NAME_FALLBACK,,1
NOTICE-00062051,2023-12-18,NAME_FALLBACK,48,1
NOTICE-00062257,2020-01-19,NAME_FALLBACK,72,1
NOTICE-00062258,2020-09-13,NAME_FALLBACK,72,0
NOTICE-00062261,2022-04-30,NAME_FALLBACK,72,1
NOTICE-00062263,2023-02-19,NAME_FALLBACK,48,0
NOTICE-00062265,2025-04-15,NAME_FALLBACK,48,0
NOTICE-00062557,2026-07-05,RAW_SIRET,32,0
NOTICE-00062584,2016-04-07,NAME_FALLBACK,32,0
NOTICE-00062585,2017-10-01,NAME_FALLBACK,32,0
NOTICE-00062614,2018-09-16,NAME_FALLBACK,72,0
NOTICE-00062616,2021-06-05,NAME_FALLBACK,72,4
NOTICE-00062617,2023-10-13,NAME_FALLBACK,72,0
NOTICE-00062619,2025-01-13,NAME_FALLBACK,72,1
NOTICE-00062631,2019-12-14,NAME_FALLBACK,72,2
NOTICE-00062716,2022-02-22,NAME_FALLBACK,48,0
NOTICE-00062719,2025-03-06,NAME_FALLBACK,48,0
NOTICE-00062720,2026-03-01,NAME_FALLBACK,,0
NOTICE-00062797,2025-04-24,NAME_FALLBACK,35,0
NOTICE-00062842,2023-11-14,NAME_FALLBACK,72,3
NOTICE-00062911,2020-01-21,NAME_FALLBACK,,1
NOTICE-00062912,2023-01-16,NAME_FALLBACK,72,0
NOTICE-00062913,2018-04-02,NAME_FALLBACK,72,0
NOTICE-00062915,2020-02-05,NAME_FALLBACK,72,0
NOTICE-00062920,2017-03-08,NAME_FALLBACK,72,0
NOTICE-00062922,2019-09-28,NAME_FALLBACK,,2
NOTICE-00063168,2024-05-19,NAME_FALLBACK,32,0
NOTICE-00063592,2020-01-04,NAME_FALLBACK,48,1
NOTICE-00063593,2023-03-11,NAME_FALLBACK,48,1
NOTICE-00063596,2019-11-19,NAME_FALLBACK,32,1
NOTICE-00063597,2019-10-02,NAME_FALLBACK,72,3
NOTICE-00063599,2019-08-23,NAME_FALLBACK,32,5
NOTICE-00063602,2019-11-05,NAME_FALLBACK,32,2
NOTICE-00063603,2021-07-01,NAME_FALLBACK,32,2
NOTICE-00063609,2019-09-26,NAME_FALLBACK,,4
NOTICE-00063611,2021-05-15,NAME_FALLBACK,72,3
NOTICE-00063612,2022-04-02,NAME_FALLBACK,72,3
NOTICE-00063613,2023-03-19,NAME_FALLBACK,72,0
NOTICE-00063614,2019-06-23,NAME_FALLBACK,48,7
NOTICE-00063616,2020-12-22,NAME_FALLBACK,,3
NOTICE-00063618,2021-09-14,NAME_FALLBACK,48,1
NOTICE-00063619,2022-09-20,NAME_FALLBACK,48,2
NOTICE-00063620,2022-10-09,NAME_FALLBACK,72,0
NOTICE-00063622,2026-04-05,NAME_FALLBACK,72,0
NOTICE-00063866,2024-02-10,NAME_FALLBACK,32,0
NOTICE-00063867,2025-06-18,NAME_FALLBACK,32,0
NOTICE-00063871,2025-02-13,RAW_SIRET,72,0
NOTICE-00063907,2017-02-04,RAW_SIRET,72,1
NOTICE-00063908,2017-08-02,RAW_SIRET,72,0
NOTICE-00063923,2018-05-12,NAME_FALLBACK,35,0
NOTICE-00063924,2021-09-05,NAME_FALLBACK,35,0
NOTICE-00064036,2022-06-24,NAME_FALLBACK,,0
NOTICE-00064096,2017-04-08,NAME_FALLBACK,72,1
NOTICE-00064097,2020-08-01,NAME_FALLBACK,72,1
NOTICE-00064098,2022-07-31,NAME_FALLBACK,72,1
NOTICE-00064100,2024-10-21,NAME_FALLBACK,72,0
NOTICE-00064102,2017-08-26,NAME_FALLBACK,72,0
NOTICE-00064104,2020-06-28,NAME_FALLBACK,,2
NOTICE-00064106,2022-08-14,NAME_FALLBACK,72,0
NOTICE-00064107,2019-09-30,NAME_FALLBACK,,3
NOTICE-00064108,2020-08-18,NAME_FALLBACK,72,0
NOTICE-00064119,2020-02-28,NAME_FALLBACK,48,0
NOTICE-00064121,2021-03-28,NAME_FALLBACK,48,2
NOTICE-00064122,2022-02-27,NAME_FALLBACK,48,0
NOTICE-00064138,2019-06-23,NAME_FALLBACK,72,0
NOTICE-00064140,2019-04-26,NAME_FALLBACK,72,1
NOTICE-00064193,2026-04-07,NAME_FALLBACK,72,1
NOTICE-00064198,2024-03-04,RAW_SIRET,32,0
NOTICE-00064199,2026-07-08,NAME_FALLBACK,72,0
NOTICE-00064579,2018-10-22,NAME_FALLBACK,48,0
NOTICE-00064580,2020-02-02,NAME_FALLBACK,48,0
NOTICE-00064583,2017-11-11,NAME_FALLBACK,32,1
NOTICE-00064607,2021-07-17,RAW_SIRET,72,0
NOTICE-00064608,2022-09-07,RAW_SIRET,72,0
NOTICE-00064609,2024-10-28,RAW_SIRET,72,1
NOTICE-00064611,2025-07-16,RAW_SIRET,72,0
NOTICE-00064638,2023-12-26,RAW_SIRET,72,0
NOTICE-00064642,2022-10-17,RAW_SIRET,72,0
NOTICE-00064643,2022-08-22,NAME_FALLBACK,35,0
NOTICE-00064645,2023-11-26,NAME_FALLBACK,35,2
NOTICE-00064646,2025-04-10,NAME_FALLBACK,35,1
NOTICE-00064654,2020-03-07,NAME_FALLBACK,72,0
NOTICE-00064655,2024-09-17,NAME_FALLBACK,,2
NOTICE-00064657,2024-09-01,NAME_FALLBACK,,3
NOTICE-00064658,2025-07-10,NAME_FALLBACK,72,0
NOTICE-00064863,2020-10-11,NAME_FALLBACK,32,0
NOTICE-00064865,2023-07-20,NAME_FALLBACK,32,0
NOTICE-00064866,2024-08-17,NAME_FALLBACK,32,0
NOTICE-00064873,2018-09-16,NAME_FALLBACK,32,0
NOTICE-00064874,2020-05-07,NAME_FALLBACK,32,0
NOTICE-00065095,2018-12-19,NAME_FALLBACK,72,1
NOTICE-00065096,2019-07-17,NAME_FALLBACK,72,0
NOTICE-00065097,2023-08-02,NAME_FALLBACK,72,0
NOTICE-00065202,2023-11-22,RAW_SIRET,35,4
NOTICE-00065209,2024-05-19,NAME_FALLBACK,72,0
NOTICE-00065211,2024-01-15,RAW_SIRET,48,2
NOTICE-00065213,2022-11-02,NAME_FALLBACK,35,2
NOTICE-00065214,2023-06-22,NAME_FALLBACK,32,2
NOTICE-00065216,2023-11-09,RAW_SIRET,32,5
NOTICE-00065222,2023-02-21,NAME_FALLBACK,72,1
NOTICE-00065224,2024-04-04,NAME_FALLBACK,72,1
NOTICE-00065226,2026-04-06,NAME_FALLBACK,72,0
NOTICE-00065230,2024-03-01,RAW_SIRET,48,0
NOTICE-00065232,2023-12-22,RAW_SIRET,35,3
NOTICE-00065236,2024-08-12,RAW_SIRET,48,0
NOTICE-00065242,2023-02-20,RAW_SIRET,48,4
NOTICE-00065265,2022-04-26,RAW_SIRET,48,1
NOTICE-00065266,2023-04-21,RAW_SIRET,48,0
NOTICE-00065267,2024-06-10,RAW_SIRET,48,0
NOTICE-00065414,2023-07-03,RAW_SIRET,72,0
NOTICE-00065415,2025-07-08,RAW_SIRET,72,0
NOTICE-00065488,2021-11-21,NAME_FALLBACK,48,0
NOTICE-00065489,2025-03-14,NAME_FALLBACK,48,0
NOTICE-00065531,2017-09-18,NAME_FALLBACK,72,2
NOTICE-00065532,2018-03-17,NAME_FALLBACK,72,1
NOTICE-00065533,2019-04-14,NAME_FALLBACK,72,1
NOTICE-00065535,2018-07-01,NAME_FALLBACK,35,1
NOTICE-00065797,2017-07-11,NAME_FALLBACK,32,0
NOTICE-00065799,2022-07-04,NAME_FALLBACK,32,2
NOTICE-00065801,2023-06-28,NAME_FALLBACK,32,2
NOTICE-00065802,2024-06-07,NAME_FALLBACK,32,1
NOTICE-00065961,2018-08-27,NAME_FALLBACK,48,3
NOTICE-00065963,2018-12-23,NAME_FALLBACK,48,2
NOTICE-00065964,2019-03-12,NAME_FALLBACK,,1
NOTICE-00065977,2020-09-16,NAME_FALLBACK,35,2
NOTICE-00065978,2022-05-30,NAME_FALLBACK,35,6
NOTICE-00065979,2025-01-05,NAME_FALLBACK,35,0
NOTICE-00066003,2018-08-20,RAW_SIRET,,0
NOTICE-00066004,2020-05-27,RAW_SIRET,72,0
NOTICE-00066005,2022-06-05,RAW_SIRET,72,0
NOTICE-00066006,2023-11-20,RAW_SIRET,72,0
NOTICE-00066013,2017-12-25,NAME_FALLBACK,48,0
NOTICE-00066016,2020-11-26,NAME_FALLBACK,48,0
NOTICE-00066018,2022-07-12,NAME_FALLBACK,48,0
NOTICE-00066023,2023-03-24,RAW_SIRET,35,0
NOTICE-00066026,2019-07-28,NAME_FALLBACK,48,1
NOTICE-00066028,2020-02-29,NAME_FALLBACK,,0
NOTICE-00066065,2023-01-03,NAME_FALLBACK,72,1
NOTICE-00066066,2023-09-14,NAME_FALLBACK,72,0
NOTICE-00066068,2025-01-21,NAME_FALLBACK,72,0
NOTICE-00066070,2020-12-07,NAME_FALLBACK,72,0
NOTICE-00066101,2023-04-16,RAW_SIRET,72,1
NOTICE-00066103,2021-12-13,RAW_SIRET,72,1
NOTICE-00066105,2022-05-05,RAW_SIRET,72,1
NOTICE-00066106,2023-06-24,RAW_SIRET,72,0
NOTICE-00066108,2024-07-04,RAW_SIRET,,0
NOTICE-00066116,2019-06-11,NAME_FALLBACK,72,4
NOTICE-00066117,2021-04-21,NAME_FALLBACK,72,4
NOTICE-00066119,2024-04-14,NAME_FALLBACK,72,0
NOTICE-00066127,2020-05-29,RAW_SIRET,72,0
NOTICE-00066128,2021-05-24,NAME_FALLBACK,48,1
NOTICE-00066133,2024-09-28,NAME_FALLBACK,48,0
NOTICE-00066134,2021-07-31,NAME_FALLBACK,72,0
NOTICE-00066136,2023-09-24,NAME_FALLBACK,72,0
NOTICE-00066137,2026-04-12,NAME_FALLBACK,72,0
NOTICE-00066364,2018-03-10,NAME_FALLBACK,72,2
NOTICE-00066365,2019-10-02,NAME_FALLBACK,72,0
NOTICE-00066367,2023-05-11,NAME_FALLBACK,72,0
NOTICE-00066368,2025-04-11,NAME_FALLBACK,72,0
NOTICE-00066528,2018-11-29,NAME_FALLBACK,35,6
NOTICE-00066530,2019-08-11,NAME_FALLBACK,35,4
NOTICE-00066531,2020-04-16,NAME_FALLBACK,35,2
NOTICE-00066533,2019-06-15,NAME_FALLBACK,48,5
NOTICE-00066535,2020-03-24,NAME_FALLBACK,48,3
NOTICE-00066538,2018-09-02,NAME_FALLBACK,,5
NOTICE-00066540,2019-09-28,NAME_FALLBACK,72,4
NOTICE-00066542,2021-03-11,NAME_FALLBACK,72,1
NOTICE-00066544,2022-02-10,NAME_FALLBACK,72,0
NOTICE-00066545,2019-04-17,NAME_FALLBACK,72,6
NOTICE-00066548,2023-06-29,NAME_FALLBACK,72,0
NOTICE-00066552,2019-07-22,RAW_SIRET,72,0
NOTICE-00066559,2017-12-25,NAME_FALLBACK,35,2
NOTICE-00066560,2019-01-14,NAME_FALLBACK,35,5
NOTICE-00066561,2019-11-22,NAME_FALLBACK,35,3
NOTICE-00066562,2020-09-28,NAME_FALLBACK,35,1
NOTICE-00066570,2018-10-10,NAME_FALLBACK,72,0
NOTICE-00066571,2024-01-07,NAME_FALLBACK,72,0
NOTICE-00066671,2023-01-04,NAME_FALLBACK,72,0
NOTICE-00066672,2025-05-03,RAW_SIRET,35,0
NOTICE-00066697,2018-05-08,NAME_FALLBACK,72,0
NOTICE-00066710,2018-03-14,NAME_FALLBACK,72,2
NOTICE-00066712,2017-01-09,RAW_SIRET,72,1
NOTICE-00066714,2017-12-16,RAW_SIRET,72,1
NOTICE-00066716,2018-11-16,RAW_SIRET,72,0
NOTICE-00066728,2019-07-29,NAME_FALLBACK,72,3
NOTICE-00066729,2020-01-06,NAME_FALLBACK,,1
NOTICE-00066758,2021-08-20,NAME_FALLBACK,48,1
NOTICE-00066759,2022-11-08,NAME_FALLBACK,48,1
NOTICE-00066761,2024-02-11,NAME_FALLBACK,48,1
NOTICE-00066762,2024-12-03,NAME_FALLBACK,48,0
NOTICE-00066806,2026-01-12,NAME_FALLBACK,72,0
NOTICE-00066807,2019-09-24,NAME_FALLBACK,72,2
NOTICE-00066809,2020-08-03,NAME_FALLBACK,72,2
NOTICE-00066811,2021-03-29,RAW_SIRET,72,3
NOTICE-00066812,2021-07-01,RAW_SIRET,72,2
NOTICE-00066814,2021-11-12,RAW_SIRET,,1
NOTICE-00066815,2021-12-20,RAW_SIRET,,0
NOTICE-00066817,2019-04-05,NAME_FALLBACK,48,1
NOTICE-00066818,2025-05-13,NAME_FALLBACK,32,2
NOTICE-00066824,2023-12-04,RAW_SIRET,72,1
NOTICE-00066825,2017-11-27,NAME_FALLBACK,,0
NOTICE-00066827,2019-03-02,NAME_FALLBACK,72,3
NOTICE-00066828,2020-06-05,NAME_FALLBACK,72,2
NOTICE-00066829,2021-01-26,NAME_FALLBACK,72,1
NOTICE-00066830,2021-07-12,NAME_FALLBACK,48,0
NOTICE-00066831,2023-04-08,NAME_FALLBACK,48,0
NOTICE-00066833,2025-05-15,NAME_FALLBACK,48,1
NOTICE-00066837,2024-10-07,RAW_SIRET,72,0
NOTICE-00066839,2024-11-22,NAME_FALLBACK,72,2
NOTICE-00066841,2019-03-04,NAME_FALLBACK,72,2
NOTICE-00066845,2023-03-07,RAW_SIRET,48,2
NOTICE-00066846,2024-12-05,RAW_SIRET,48,1
NOTICE-00066847,2026-03-02,RAW_SIRET,48,1
NOTICE-00066849,2024-01-27,NAME_FALLBACK,48,1
NOTICE-00066851,2021-12-06,RAW_SIRET,72,0
NOTICE-00066852,2023-07-02,RAW_SIRET,72,1
NOTICE-00066853,2025-07-02,RAW_SIRET,72,1
NOTICE-00066855,2026-02-28,NAME_FALLBACK,48,0
NOTICE-00066856,2024-01-28,RAW_SIRET,72,0
NOTICE-00066858,2026-05-10,RAW_SIRET,72,0
NOTICE-00066859,2024-11-12,NAME_FALLBACK,48,1
NOTICE-00066860,2025-09-17,NAME_FALLBACK,48,1
NOTICE-00066862,2022-02-22,NAME_FALLBACK,48,2
NOTICE-00066864,2020-12-26,NAME_FALLBACK,32,0
NOTICE-00066865,2022-03-20,NAME_FALLBACK,32,1
NOTICE-00066867,2023-09-28,NAME_FALLBACK,32,0
NOTICE-00066982,2025-08-22,NAME_FALLBACK,32,0
NOTICE-00067004,2017-08-16,NAME_FALLBACK,32,0
NOTICE-00067006,2020-02-14,NAME_FALLBACK,32,0
NOTICE-00067017,2023-02-24,RAW_SIRET,32,1
NOTICE-00067018,2023-12-26,RAW_SIRET,32,1
NOTICE-00067020,2024-07-07,RAW_SIRET,32,0
NOTICE-00067118,2024-02-17,NAME_FALLBACK,72,1
NOTICE-00067119,2025-10-22,NAME_FALLBACK,72,0
NOTICE-00067121,2019-06-20,NAME_FALLBACK,35,0
NOTICE-00067123,2022-01-12,RAW_SIRET,35,0
NOTICE-00067124,2023-05-20,RAW_SIRET,35,0
NOTICE-00067125,2024-11-24,RAW_SIRET,35,0
NOTICE-00067127,2016-02-24,NAME_FALLBACK,48,1
NOTICE-00067204,2024-03-29,NAME_FALLBACK,72,0
NOTICE-00067223,2018-08-07,RAW_SIRET,35,0
NOTICE-00067225,2019-01-10,NAME_FALLBACK,48,0
NOTICE-00067389,2016-12-11,NAME_FALLBACK,32,0
NOTICE-00067393,2021-07-20,NAME_FALLBACK,32,0
NOTICE-00067395,2023-04-27,NAME_FALLBACK,32,0
NOTICE-00067584,2023-09-09,RAW_SIRET,72,1
NOTICE-00067586,2024-06-19,RAW_SIRET,72,1
NOTICE-00067587,2025-01-28,RAW_SIRET,72,0
NOTICE-00067596,2018-02-04,NAME_FALLBACK,48,1
NOTICE-00067597,2020-08-27,NAME_FALLBACK,48,0
NOTICE-00067598,2023-04-06,NAME_FALLBACK,48,0
NOTICE-00067599,2016-12-31,NAME_FALLBACK,72,0
NOTICE-00067600,2018-10-28,NAME_FALLBACK,72,0
NOTICE-00067602,2023-02-18,NAME_FALLBACK,72,1
NOTICE-00067604,2020-04-15,NAME_FALLBACK,72,1
NOTICE-00067605,2021-10-17,NAME_FALLBACK,72,0
NOTICE-00067607,2023-01-26,NAME_FALLBACK,72,2
NOTICE-00067649,2024-08-15,RAW_SIRET,72,0
NOTICE-00067656,2024-02-16,RAW_SIRET,72,1
NOTICE-00067657,2025-02-05,RAW_SIRET,,0
NOTICE-00067659,2026-03-06,RAW_SIRET,72,0
NOTICE-00067661,2021-09-06,NAME_FALLBACK,32,1
NOTICE-00067665,2024-02-08,NAME_FALLBACK,72,0
NOTICE-00067666,2025-11-18,NAME_FALLBACK,72,0
NOTICE-00067668,2022-11-16,RAW_SIRET,35,2
NOTICE-00067676,2019-02-05,RAW_SIRET,32,0
NOTICE-00067677,2022-10-31,NAME_FALLBACK,72,1
NOTICE-00067678,2023-04-09,NAME_FALLBACK,72,1
NOTICE-00067689,2020-06-14,RAW_SIRET,72,1
NOTICE-00067690,2019-03-08,NAME_FALLBACK,48,0
NOTICE-00067692,2021-07-28,NAME_FALLBACK,48,2
NOTICE-00067693,2024-09-18,NAME_FALLBACK,48,1
NOTICE-00067697,2018-09-13,NAME_FALLBACK,,1
NOTICE-00067704,2022-05-28,NAME_FALLBACK,72,2
NOTICE-00067705,2024-10-26,NAME_FALLBACK,72,1
NOTICE-00067709,2019-12-23,RAW_SIRET,72,0
NOTICE-00067710,2022-08-11,RAW_SIRET,,0
NOTICE-00067711,2024-05-01,RAW_SIRET,72,0
NOTICE-00067712,2022-02-24,RAW_SIRET,35,1
NOTICE-00067713,2025-09-04,RAW_SIRET,35,1
NOTICE-00067714,2023-05-18,RAW_SIRET,48,2
NOTICE-00067716,2023-05-20,RAW_SIRET,48,1
NOTICE-00067717,2025-04-08,RAW_SIRET,48,1
NOTICE-00067719,2021-02-01,RAW_SIRET,72,0
NOTICE-00067726,2021-02-04,NAME_FALLBACK,72,2
NOTICE-00067728,2022-07-24,NAME_FALLBACK,72,1
NOTICE-00067730,2023-04-27,NAME_FALLBACK,72,0
NOTICE-00067732,2024-12-19,NAME_FALLBACK,72,0
NOTICE-00067734,2019-02-10,NAME_FALLBACK,48,0
NOTICE-00067735,2020-03-11,NAME_FALLBACK,48,2
NOTICE-00067737,2021-02-24,NAME_FALLBACK,,1
NOTICE-00067738,2022-01-16,NAME_FALLBACK,48,1
NOTICE-00067740,2020-03-31,RAW_SIRET,48,0
NOTICE-00067742,2021-11-03,RAW_SIRET,48,0
NOTICE-00067744,2023-08-07,RAW_SIRET,48,0
NOTICE-00067746,2024-09-07,RAW_SIRET,48,0
NOTICE-00067748,2021-05-19,NAME_FALLBACK,48,0
NOTICE-00067887,2023-12-20,RAW_SIRET,,0
NOTICE-00067889,2025-04-12,RAW_SIRET,35,0
NOTICE-00067915,2018-06-15,NAME_FALLBACK,72,1
NOTICE-00067916,2018-12-21,NAME_FALLBACK,72,2
NOTICE-00067917,2019-08-24,NAME_FALLBACK,72,1
NOTICE-00067955,2021-10-18,NAME_FALLBACK,48,0
NOTICE-00067963,2019-12-10,NAME_FALLBACK,72,1
NOTICE-00067964,2021-03-30,NAME_FALLBACK,,1
NOTICE-00067965,2020-01-09,NAME_FALLBACK,32,0
NOTICE-00067966,2021-04-17,NAME_FALLBACK,32,0
NOTICE-00068044,2020-03-16,NAME_FALLBACK,72,0
NOTICE-00068047,2022-02-21,NAME_FALLBACK,72,0
NOTICE-00068048,2023-06-02,NAME_FALLBACK,72,0
NOTICE-00068049,2021-08-14,NAME_FALLBACK,,1
NOTICE-00068091,2021-10-02,NAME_FALLBACK,35,0
NOTICE-00068092,2022-10-29,NAME_FALLBACK,48,0
NOTICE-00068093,2024-04-19,NAME_FALLBACK,48,0
NOTICE-00068105,2025-02-01,RAW_SIRET,48,0
NOTICE-00068160,2018-07-06,NAME_FALLBACK,72,0
NOTICE-00068162,2021-11-21,NAME_FALLBACK,72,0
NOTICE-00068349,2021-09-22,NAME_FALLBACK,32,0
NOTICE-00068356,2021-01-31,RAW_SIRET,72,0
NOTICE-00068358,2019-09-12,NAME_FALLBACK,,1
NOTICE-00068359,2020-08-10,NAME_FALLBACK,72,0
NOTICE-00068439,2019-08-27,NAME_FALLBACK,32,0
NOTICE-00068441,2021-03-26,NAME_FALLBACK,32,0
NOTICE-00068458,2019-11-21,NAME_FALLBACK,,1
NOTICE-00068460,2020-05-20,NAME_FALLBACK,72,2
NOTICE-00068461,2020-12-30,NAME_FALLBACK,72,1
NOTICE-00068463,2021-05-12,NAME_FALLBACK,72,0
NOTICE-00068465,2018-04-16,NAME_FALLBACK,72,1
NOTICE-00068467,2018-12-19,NAME_FALLBACK,48,0
NOTICE-00068469,2020-04-10,NAME_FALLBACK,48,0
NOTICE-00068476,2016-05-30,NAME_FALLBACK,32,1
NOTICE-00068477,2017-06-16,NAME_FALLBACK,32,3
NOTICE-00068478,2017-05-02,NAME_FALLBACK,72,4
NOTICE-00068480,2017-11-20,NAME_FALLBACK,,2
NOTICE-00068482,2018-04-03,NAME_FALLBACK,72,2
NOTICE-00068720,2017-07-27,NAME_FALLBACK,35,1
NOTICE-00068721,2018-07-18,NAME_FALLBACK,35,0
NOTICE-00068723,2019-10-20,NAME_FALLBACK,35,0
NOTICE-00068737,2019-12-29,NAME_FALLBACK,72,1
NOTICE-00068739,2020-10-27,NAME_FALLBACK,,0
NOTICE-00068885,2019-02-09,NAME_FALLBACK,48,0
NOTICE-00068897,2024-07-31,NAME_FALLBACK,32,1
NOTICE-00068958,2017-12-15,NAME_FALLBACK,72,0
NOTICE-00068960,2021-04-29,NAME_FALLBACK,72,0
NOTICE-00068961,2024-12-13,NAME_FALLBACK,72,0
NOTICE-00069020,2026-02-19,NAME_FALLBACK,,0
NOTICE-00069142,2023-01-09,RAW_SIRET,72,0
NOTICE-00069143,2024-02-04,RAW_SIRET,,0
NOTICE-00069341,2019-11-05,NAME_FALLBACK,72,3
NOTICE-00069345,2021-05-21,NAME_FALLBACK,48,5
NOTICE-00069354,2017-12-06,NAME_FALLBACK,72,6
NOTICE-00069356,2018-03-06,NAME_FALLBACK,72,4
NOTICE-00069489,2025-09-24,NAME_FALLBACK,,0
NOTICE-00069500,2018-07-20,NAME_FALLBACK,72,0
NOTICE-00069501,2021-12-10,NAME_FALLBACK,72,0
NOTICE-00069581,2021-02-25,NAME_FALLBACK,72,2
NOTICE-00069582,2023-05-31,NAME_FALLBACK,72,1
NOTICE-00069583,2025-01-02,NAME_FALLBACK,72,1
NOTICE-00069675,2024-12-19,NAME_FALLBACK,72,1
NOTICE-00069676,2025-01-30,NAME_FALLBACK,72,0
NOTICE-00069838,2019-10-04,NAME_FALLBACK,32,0
NOTICE-00069840,2023-09-19,NAME_FALLBACK,32,0
NOTICE-00069841,2026-03-17,NAME_FALLBACK,32,0
NOTICE-00069956,2019-02-26,NAME_FALLBACK,72,1
NOTICE-00069958,2019-08-13,NAME_FALLBACK,,0
NOTICE-00069960,2016-11-28,NAME_FALLBACK,72,3
NOTICE-00069961,2018-07-09,NAME_FALLBACK,72,1
NOTICE-00069962,2021-02-11,NAME_FALLBACK,72,0
NOTICE-00069966,2017-11-01,NAME_FALLBACK,72,2
NOTICE-00069968,2017-08-11,NAME_FALLBACK,32,4
NOTICE-00069969,2017-08-27,NAME_FALLBACK,72,3
NOTICE-00069970,2018-07-24,NAME_FALLBACK,72,0
NOTICE-00070039,2019-03-15,NAME_FALLBACK,48,0
NOTICE-00070040,2021-07-12,NAME_FALLBACK,48,0
NOTICE-00070163,2017-06-19,NAME_FALLBACK,35,0
NOTICE-00070318,2020-09-05,NAME_FALLBACK,72,0
NOTICE-00070322,2023-05-28,NAME_FALLBACK,32,0
NOTICE-00070333,2017-05-16,NAME_FALLBACK,72,2
NOTICE-00070334,2018-04-08,NAME_FALLBACK,72,0
NOTICE-00070335,2019-07-24,NAME_FALLBACK,72,0
NOTICE-00070337,2016-06-30,NAME_FALLBACK,72,2
NOTICE-00070338,2017-05-12,NAME_FALLBACK,72,3
NOTICE-00070339,2018-04-08,NAME_FALLBACK,72,0
NOTICE-00070341,2019-04-23,NAME_FALLBACK,,1
NOTICE-00070430,2021-10-15,NAME_FALLBACK,35,0
NOTICE-00070606,2023-09-12,RAW_SIRET,48,0
NOTICE-00071122,2020-04-11,NAME_FALLBACK,,0
NOTICE-00071123,2023-06-22,NAME_FALLBACK,72,2
NOTICE-00071156,2019-08-13,NAME_FALLBACK,35,1
NOTICE-00071160,2020-04-05,NAME_FALLBACK,35,0
NOTICE-00071164,2019-08-12,NAME_FALLBACK,48,2
NOTICE-00071178,2024-10-14,RAW_SIRET,48,0
NOTICE-00071180,2025-11-12,RAW_SIRET,48,0
NOTICE-00071331,2020-06-30,NAME_FALLBACK,72,6
NOTICE-00071333,2022-12-14,NAME_FALLBACK,72,2
NOTICE-00071334,2024-04-08,NAME_FALLBACK,72,2
NOTICE-00071335,2021-06-15,NAME_FALLBACK,48,3
NOTICE-00071336,2025-11-24,NAME_FALLBACK,48,0
NOTICE-00071337,2020-10-15,NAME_FALLBACK,72,5
NOTICE-00071339,2024-12-11,NAME_FALLBACK,72,2
NOTICE-00071516,2018-06-08,NAME_FALLBACK,,0
NOTICE-00071518,2021-09-27,NAME_FALLBACK,72,0
NOTICE-00071577,2022-02-15,RAW_SIRET,72,1
NOTICE-00071578,2025-09-13,RAW_SIRET,,0
NOTICE-00071579,2023-04-22,NAME_FALLBACK,72,0
NOTICE-00071580,2025-03-15,NAME_FALLBACK,72,1
NOTICE-00071581,2022-10-04,RAW_SIRET,72,1
NOTICE-00071583,2024-09-29,RAW_SIRET,72,0
NOTICE-00071585,2023-07-04,RAW_SIRET,,0
NOTICE-00071586,2025-12-18,NAME_FALLBACK,,0
NOTICE-00071601,2024-03-07,RAW_SIRET,72,0
NOTICE-00071647,2017-12-09,NAME_FALLBACK,48,1
NOTICE-00071665,2020-07-16,NAME_FALLBACK,35,0
NOTICE-00071667,2020-05-17,RAW_SIRET,48,1
NOTICE-00071669,2020-12-08,RAW_SIRET,48,0
NOTICE-00071670,2023-02-18,RAW_SIRET,,1
NOTICE-00071671,2023-11-30,RAW_SIRET,48,1
NOTICE-00071673,2024-08-31,RAW_SIRET,48,0
NOTICE-00071724,2020-05-29,NAME_FALLBACK,72,1
NOTICE-00071726,2021-03-02,NAME_FALLBACK,72,0
NOTICE-00071728,2018-04-24,NAME_FALLBACK,72,0
NOTICE-00071817,2023-07-12,NAME_FALLBACK,48,1
NOTICE-00071905,2022-12-21,NAME_FALLBACK,48,0
NOTICE-00071906,2024-06-13,RAW_SIRET,32,1
NOTICE-00071907,2025-05-28,RAW_SIRET,32,1
NOTICE-00071909,2026-04-16,RAW_SIRET,32,0
NOTICE-00071910,2024-08-17,NAME_FALLBACK,72,0
NOTICE-00072167,2022-01-18,NAME_FALLBACK,,0
NOTICE-00072169,2023-11-28,NAME_FALLBACK,72,0
NOTICE-00072252,2023-03-30,NAME_FALLBACK,72,0
NOTICE-00072254,2024-08-07,NAME_FALLBACK,72,1
NOTICE-00072255,2025-06-29,NAME_FALLBACK,72,0
NOTICE-00072256,2023-02-13,RAW_SIRET,72,1
NOTICE-00072258,2023-09-20,RAW_SIRET,72,1
NOTICE-00072259,2024-04-07,RAW_SIRET,72,1
NOTICE-00072261,2025-01-21,RAW_SIRET,72,0
NOTICE-00072263,2020-11-11,NAME_FALLBACK,48,4
NOTICE-00072265,2022-04-17,NAME_FALLBACK,48,2
NOTICE-00072267,2023-06-19,NAME_FALLBACK,48,3
NOTICE-00072271,2021-12-11,NAME_FALLBACK,72,4
NOTICE-00072272,2023-10-13,NAME_FALLBACK,,1
NOTICE-00072273,2025-04-03,NAME_FALLBACK,72,0
NOTICE-00072274,2022-10-21,RAW_SIRET,72,1
NOTICE-00072275,2023-11-26,RAW_SIRET,72,3
NOTICE-00072276,2024-09-08,RAW_SIRET,72,1
NOTICE-00072277,2025-10-08,RAW_SIRET,72,0
NOTICE-00072288,2020-12-25,NAME_FALLBACK,,4
NOTICE-00072289,2023-11-26,NAME_FALLBACK,,0
NOTICE-00072291,2026-01-12,NAME_FALLBACK,72,0
NOTICE-00072294,2021-02-25,NAME_FALLBACK,48,3
NOTICE-00072296,2024-10-13,RAW_SIRET,48,1
NOTICE-00072303,2022-11-17,RAW_SIRET,32,0
NOTICE-00072305,2024-09-27,RAW_SIRET,32,1
NOTICE-00072383,2017-08-26,NAME_FALLBACK,32,3
NOTICE-00072386,2018-01-04,NAME_FALLBACK,,1
NOTICE-00072393,2017-07-08,NAME_FALLBACK,48,5
NOTICE-00072396,2017-08-26,NAME_FALLBACK,48,3
NOTICE-00072397,2021-02-17,NAME_FALLBACK,48,3
NOTICE-00072398,2023-04-11,NAME_FALLBACK,48,0
NOTICE-00072399,2025-02-25,NAME_FALLBACK,48,0
NOTICE-00072402,2017-12-15,NAME_FALLBACK,48,2
NOTICE-00072403,2018-07-18,NAME_FALLBACK,48,1
NOTICE-00072405,2017-04-13,NAME_FALLBACK,48,6
NOTICE-00072406,2017-07-18,NAME_FALLBACK,32,5
NOTICE-00072652,2023-08-12,NAME_FALLBACK,,1
NOTICE-00072655,2022-12-01,RAW_SIRET,32,1
NOTICE-00072657,2023-06-08,RAW_SIRET,32,0
NOTICE-00072659,2024-11-20,RAW_SIRET,32,1
NOTICE-00072660,2025-04-10,RAW_SIRET,32,0
NOTICE-00073037,2015-07-07,NAME_FALLBACK,35,1
NOTICE-00073616,2016-06-24,NAME_FALLBACK,32,1
NOTICE-00073617,2017-04-18,NAME_FALLBACK,32,1
NOTICE-00073619,2018-03-23,NAME_FALLBACK,32,0
NOTICE-00073892,2017-08-18,NAME_FALLBACK,32,1
NOTICE-00073895,2017-07-01,NAME_FALLBACK,72,2
NOTICE-00073896,2018-01-07,NAME_FALLBACK,72,0
NOTICE-00074582,2020-10-24,NAME_FALLBACK,35,1
NOTICE-00074584,2021-09-07,NAME_FALLBACK,35,0
NOTICE-00074586,2024-03-12,NAME_FALLBACK,35,1
NOTICE-00074587,2025-01-13,NAME_FALLBACK,35,0
NOTICE-00074589,2023-01-01,RAW_SIRET,32,0
NOTICE-00074710,2024-12-24,RAW_SIRET,32,0
NOTICE-00074740,2023-01-27,RAW_SIRET,72,0
NOTICE-00074749,2021-03-15,NAME_FALLBACK,32,0
NOTICE-00074754,2023-05-28,RAW_SIRET,48,0
NOTICE-00074756,2023-01-10,RAW_SIRET,72,1
NOTICE-00074785,2022-03-10,RAW_SIRET,72,0
NOTICE-00074786,2024-02-25,RAW_SIRET,72,0
NOTICE-00074787,2025-07-05,RAW_SIRET,72,0
NOTICE-00074788,2018-08-07,NAME_FALLBACK,48,0
NOTICE-00074789,2020-05-04,NAME_FALLBACK,,0
NOTICE-00074791,2021-12-18,NAME_FALLBACK,,0
NOTICE-00074878,2021-04-14,NAME_FALLBACK,72,1
NOTICE-00074888,2021-10-20,RAW_SIRET,32,0
NOTICE-00074889,2021-05-17,NAME_FALLBACK,72,0
NOTICE-00074891,2023-12-07,NAME_FALLBACK,72,1
NOTICE-00074892,2024-06-25,NAME_FALLBACK,72,0
NOTICE-00074924,2025-09-29,RAW_SIRET,72,0
NOTICE-00075263,2020-09-19,NAME_FALLBACK,72,0
NOTICE-00075265,2022-01-24,NAME_FALLBACK,72,0
NOTICE-00075267,2023-03-20,NAME_FALLBACK,72,0
NOTICE-00075268,2024-09-16,NAME_FALLBACK,,0
NOTICE-00075270,2019-11-15,NAME_FALLBACK,48,1
NOTICE-00075272,2023-02-23,NAME_FALLBACK,48,1
NOTICE-00075273,2024-04-08,NAME_FALLBACK,48,0
NOTICE-00075351,2020-09-15,NAME_FALLBACK,72,0
NOTICE-00075352,2021-09-28,NAME_FALLBACK,,0
NOTICE-00075356,2017-10-15,NAME_FALLBACK,72,0
NOTICE-00075427,2026-01-29,RAW_SIRET,35,0
NOTICE-00075430,2022-08-19,RAW_SIRET,72,1
NOTICE-00075431,2023-01-31,RAW_SIRET,72,0
NOTICE-00075443,2025-09-19,NAME_FALLBACK,,0
NOTICE-00075447,2020-08-28,NAME_FALLBACK,32,0
NOTICE-00075454,2018-03-08,NAME_FALLBACK,35,0
NOTICE-00075683,2026-01-13,NAME_FALLBACK,72,0
NOTICE-00075686,2025-10-25,RAW_SIRET,32,0
NOTICE-00075709,2019-06-28,NAME_FALLBACK,48,6
NOTICE-00075710,2019-08-18,RAW_SIRET,35,0
NOTICE-00075712,2021-02-05,RAW_SIRET,35,0
NOTICE-00075713,2022-02-13,RAW_SIRET,35,0
NOTICE-00075719,2019-08-13,RAW_SIRET,72,1
NOTICE-00075720,2019-08-10,RAW_SIRET,72,2
NOTICE-00075721,2020-11-16,RAW_SIRET,72,1
NOTICE-00075724,2019-08-16,NAME_FALLBACK,,4
NOTICE-00075726,2019-12-24,NAME_FALLBACK,72,1
NOTICE-00075728,2022-05-02,NAME_FALLBACK,72,1
NOTICE-00075733,2019-11-19,NAME_FALLBACK,72,2
NOTICE-00075734,2020-06-10,NAME_FALLBACK,72,1
NOTICE-00075735,2021-11-30,NAME_FALLBACK,72,2
NOTICE-00075737,2022-10-03,NAME_FALLBACK,72,1
NOTICE-00075749,2019-10-25,NAME_FALLBACK,72,3
NOTICE-00075750,2021-10-21,NAME_FALLBACK,72,3
NOTICE-00075751,2019-08-09,NAME_FALLBACK,72,5
NOTICE-00075752,2019-06-09,NAME_FALLBACK,32,6
NOTICE-00075773,2021-12-05,NAME_FALLBACK,72,1
NOTICE-00075775,2024-01-23,NAME_FALLBACK,72,1
NOTICE-00075777,2021-03-14,NAME_FALLBACK,32,1
NOTICE-00075779,2022-10-20,NAME_FALLBACK,32,0
NOTICE-00075781,2024-02-05,NAME_FALLBACK,32,0
NOTICE-00075783,2019-04-04,RAW_SIRET,32,0
NOTICE-00075785,2026-01-02,RAW_SIRET,32,0
NOTICE-00075885,2023-02-20,RAW_SIRET,,1
NOTICE-00075887,2023-10-02,RAW_SIRET,48,1
NOTICE-00075889,2024-05-12,RAW_SIRET,,0
NOTICE-00075949,2021-04-08,NAME_FALLBACK,72,1
NOTICE-00075950,2026-06-10,NAME_FALLBACK,72,0
NOTICE-00075952,2019-07-14,NAME_FALLBACK,48,0
NOTICE-00075953,2021-10-05,NAME_FALLBACK,48,0
NOTICE-00075954,2024-01-15,NAME_FALLBACK,,1
NOTICE-00075956,2024-03-24,RAW_SIRET,72,0
NOTICE-00075957,2025-07-06,RAW_SIRET,72,0
NOTICE-00076060,2018-09-21,NAME_FALLBACK,72,0
NOTICE-00076061,2021-03-08,NAME_FALLBACK,72,0
NOTICE-00076067,2024-07-28,NAME_FALLBACK,32,0
NOTICE-00076068,2025-08-08,NAME_FALLBACK,32,0
NOTICE-00076069,2026-06-13,NAME_FALLBACK,32,0
NOTICE-00076083,2016-04-18,NAME_FALLBACK,72,1
NOTICE-00076084,2017-03-10,NAME_FALLBACK,72,0
NOTICE-00076090,2019-05-24,RAW_SIRET,72,0
NOTICE-00076124,2022-01-16,RAW_SIRET,72,0
NOTICE-00076125,2023-02-14,RAW_SIRET,72,1
NOTICE-00076126,2023-09-28,RAW_SIRET,72,0
NOTICE-00076128,2024-12-15,RAW_SIRET,72,0
NOTICE-00076130,2019-05-23,NAME_FALLBACK,48,1
NOTICE-00076131,2019-11-24,NAME_FALLBACK,72,1
NOTICE-00076132,2020-09-29,NAME_FALLBACK,72,0
NOTICE-00076222,2019-10-20,NAME_FALLBACK,,0
NOTICE-00076224,2021-04-16,NAME_FALLBACK,72,0
NOTICE-00076299,2022-10-04,RAW_SIRET,35,3
NOTICE-00076300,2023-06-10,RAW_SIRET,35,0
NOTICE-00076303,2022-11-17,RAW_SIRET,32,2
NOTICE-00076305,2023-03-14,RAW_SIRET,32,1
NOTICE-00076309,2024-01-29,NAME_FALLBACK,32,0
NOTICE-00076310,2025-04-28,NAME_FALLBACK,32,1
NOTICE-00076311,2025-12-03,NAME_FALLBACK,32,0
NOTICE-00076449,2020-10-29,NAME_FALLBACK,,0
NOTICE-00076451,2022-08-13,NAME_FALLBACK,72,0
NOTICE-00076574,2023-07-20,RAW_SIRET,72,0
NOTICE-00076739,2020-10-24,NAME_FALLBACK,48,1
NOTICE-00076740,2022-05-31,NAME_FALLBACK,48,0
NOTICE-00076742,2016-08-14,NAME_FALLBACK,72,1
NOTICE-00076744,2017-06-12,NAME_FALLBACK,,0
NOTICE-00076751,2018-11-20,NAME_FALLBACK,72,1
NOTICE-00076752,2019-07-16,NAME_FALLBACK,72,0
NOTICE-00076754,2020-09-07,NAME_FALLBACK,,2
NOTICE-00076756,2021-09-07,NAME_FALLBACK,72,1
NOTICE-00076776,2022-07-21,NAME_FALLBACK,48,3
NOTICE-00076780,2024-10-02,NAME_FALLBACK,48,5
NOTICE-00076781,2025-03-16,NAME_FALLBACK,48,0
NOTICE-00076785,2024-02-09,RAW_SIRET,32,4
NOTICE-00076787,2025-03-09,RAW_SIRET,32,3
NOTICE-00076790,2025-10-22,RAW_SIRET,72,3
NOTICE-00076794,2020-03-25,NAME_FALLBACK,72,5
NOTICE-00076796,2020-07-29,NAME_FALLBACK,72,4
NOTICE-00076797,2021-12-03,NAME_FALLBACK,72,6
NOTICE-00076799,2022-07-28,NAME_FALLBACK,72,2
NOTICE-00076802,2020-03-01,NAME_FALLBACK,72,6
NOTICE-00076804,2021-12-09,NAME_FALLBACK,72,5
NOTICE-00076806,2023-08-23,NAME_FALLBACK,72,3
NOTICE-00076809,2024-04-07,NAME_FALLBACK,48,4
NOTICE-00076814,2020-09-06,NAME_FALLBACK,48,3
NOTICE-00076819,2022-02-14,NAME_FALLBACK,72,4
NOTICE-00076822,2026-07-06,RAW_SIRET,32,0
NOTICE-00076823,2025-10-03,NAME_FALLBACK,48,0
NOTICE-00076825,2021-01-01,NAME_FALLBACK,48,5
NOTICE-00076826,2022-12-02,RAW_SIRET,72,3
NOTICE-00076827,2023-05-21,RAW_SIRET,72,5
NOTICE-00076828,2024-02-21,RAW_SIRET,72,0
NOTICE-00076832,2023-05-08,NAME_FALLBACK,48,5
NOTICE-00076834,2023-12-21,NAME_FALLBACK,,4
NOTICE-00076836,2024-12-06,NAME_FALLBACK,48,4
NOTICE-00076840,2024-03-16,RAW_SIRET,32,2
NOTICE-00076842,2026-03-20,RAW_SIRET,48,1
NOTICE-00076843,2021-11-01,NAME_FALLBACK,48,7
NOTICE-00076844,2021-10-17,NAME_FALLBACK,72,8
NOTICE-00076846,2022-04-22,NAME_FALLBACK,72,2
NOTICE-00076848,2025-04-01,NAME_FALLBACK,32,2
NOTICE-00076854,2023-05-06,RAW_SIRET,72,6
NOTICE-00076856,2024-05-05,RAW_SIRET,72,1
NOTICE-00076858,2025-04-01,RAW_SIRET,72,3
NOTICE-00076860,2025-10-25,RAW_SIRET,72,2
NOTICE-00076861,2022-11-20,RAW_SIRET,72,4
NOTICE-00076862,2023-10-15,RAW_SIRET,72,5
NOTICE-00076864,2024-05-28,RAW_SIRET,72,1
NOTICE-00076867,2021-02-27,NAME_FALLBACK,72,5
NOTICE-00076868,2023-05-17,NAME_FALLBACK,,4
NOTICE-00076869,2020-10-13,NAME_FALLBACK,72,2
NOTICE-00076870,2022-03-27,NAME_FALLBACK,72,3
NOTICE-00076872,2024-01-20,NAME_FALLBACK,72,2
NOTICE-00076873,2025-05-28,NAME_FALLBACK,72,0
NOTICE-00076891,2020-07-07,NAME_FALLBACK,72,1
NOTICE-00076892,2024-11-13,NAME_FALLBACK,72,3
NOTICE-00076893,2020-03-08,NAME_FALLBACK,48,4
NOTICE-00076895,2020-07-01,NAME_FALLBACK,32,2
NOTICE-00076897,2022-08-22,NAME_FALLBACK,32,1
NOTICE-00076899,2023-03-02,NAME_FALLBACK,32,2
NOTICE-00076902,2020-01-13,NAME_FALLBACK,35,4
NOTICE-00076905,2022-10-13,RAW_SIRET,72,0
NOTICE-00076906,2026-02-15,RAW_SIRET,72,0
NOTICE-00076907,2022-07-01,RAW_SIRET,,2
NOTICE-00076908,2025-10-01,RAW_SIRET,72,1
NOTICE-00076909,2022-07-31,NAME_FALLBACK,32,2
NOTICE-00076910,2025-03-22,NAME_FALLBACK,32,1
NOTICE-00076911,2020-06-18,NAME_FALLBACK,,3
NOTICE-00076916,2021-01-26,NAME_FALLBACK,72,1
NOTICE-00076917,2023-09-09,NAME_FALLBACK,72,1
NOTICE-00076919,2024-10-19,NAME_FALLBACK,72,4
NOTICE-00076921,2025-09-07,NAME_FALLBACK,72,0
NOTICE-00076922,2022-07-17,RAW_SIRET,32,1
NOTICE-00076923,2021-12-30,NAME_FALLBACK,72,2
NOTICE-00076924,2024-02-09,NAME_FALLBACK,72,3
NOTICE-00076926,2025-01-16,NAME_FALLBACK,72,2
NOTICE-00076994,2019-04-11,NAME_FALLBACK,,0
NOTICE-00076996,2019-01-19,RAW_SIRET,32,0
NOTICE-00076998,2020-03-08,RAW_SIRET,32,0
NOTICE-00077010,2021-08-18,NAME_FALLBACK,48,0
NOTICE-00077013,2023-03-06,RAW_SIRET,48,0
NOTICE-00077176,2022-02-05,RAW_SIRET,35,0
NOTICE-00077196,2021-07-18,RAW_SIRET,48,0
NOTICE-00077199,2022-07-25,RAW_SIRET,48,1
NOTICE-00077201,2023-05-15,RAW_SIRET,48,0
NOTICE-00077231,2021-05-10,NAME_FALLBACK,32,0
NOTICE-00077293,2019-11-13,NAME_FALLBACK,48,1
NOTICE-00077299,2017-02-26,RAW_SIRET,72,2
NOTICE-00077301,2017-01-14,RAW_SIRET,35,3
NOTICE-00077304,2016-11-08,NAME_FALLBACK,,15
NOTICE-00077306,2017-03-28,NAME_FALLBACK,72,11
NOTICE-00077308,2019-03-17,NAME_FALLBACK,72,2
NOTICE-00077315,2017-08-04,RAW_SIRET,72,2
NOTICE-00077316,2018-04-15,RAW_SIRET,,0
NOTICE-00077317,2020-08-11,RAW_SIRET,72,1
NOTICE-00077321,2017-02-27,NAME_FALLBACK,35,12
NOTICE-00077322,2017-06-08,NAME_FALLBACK,35,8
NOTICE-00077324,2017-07-14,NAME_FALLBACK,72,6
NOTICE-00077326,2016-12-21,NAME_FALLBACK,72,15
NOTICE-00077328,2017-11-25,NAME_FALLBACK,72,6
NOTICE-00077329,2018-08-29,NAME_FALLBACK,72,5
NOTICE-00077331,2019-06-11,NAME_FALLBACK,72,2
NOTICE-00077333,2017-02-24,NAME_FALLBACK,35,13
NOTICE-00077335,2017-04-03,NAME_FALLBACK,48,10
NOTICE-00077336,2018-09-06,NAME_FALLBACK,48,3
NOTICE-00077341,2018-11-19,NAME_FALLBACK,32,3
NOTICE-00077345,2017-11-22,RAW_SIRET,,1
NOTICE-00077346,2019-09-06,RAW_SIRET,,1
NOTICE-00077347,2021-04-10,RAW_SIRET,72,0
NOTICE-00077354,2017-11-27,NAME_FALLBACK,72,5
NOTICE-00077356,2016-11-23,NAME_FALLBACK,48,14
NOTICE-00077357,2018-09-01,NAME_FALLBACK,48,4
NOTICE-00077360,2017-06-17,NAME_FALLBACK,72,7
NOTICE-00077361,2021-01-01,NAME_FALLBACK,72,0
NOTICE-00077362,2023-07-23,NAME_FALLBACK,72,1
NOTICE-00077363,2025-02-28,NAME_FALLBACK,72,0
NOTICE-00077368,2017-11-01,NAME_FALLBACK,72,6
NOTICE-00077370,2017-08-05,NAME_FALLBACK,48,4
NOTICE-00077371,2017-07-27,NAME_FALLBACK,72,5
NOTICE-00077373,2016-10-20,NAME_FALLBACK,,16
NOTICE-00077374,2017-04-06,NAME_FALLBACK,,9
NOTICE-00077376,2020-03-29,NAME_FALLBACK,72,1
NOTICE-00077378,2022-05-17,NAME_FALLBACK,72,0
NOTICE-00077379,2024-02-24,NAME_FALLBACK,72,0
NOTICE-00077384,2016-10-26,NAME_FALLBACK,,15
NOTICE-00077385,2018-01-27,NAME_FALLBACK,72,4
NOTICE-00077386,2017-01-15,NAME_FALLBACK,72,13
NOTICE-00077388,2017-01-02,NAME_FALLBACK,72,14
NOTICE-00077438,2018-05-08,NAME_FALLBACK,48,1
NOTICE-00077439,2018-12-17,NAME_FALLBACK,48,1
NOTICE-00077441,2019-08-23,NAME_FALLBACK,48,0
NOTICE-00077471,2019-09-30,NAME_FALLBACK,72,0
NOTICE-00077473,2020-12-26,NAME_FALLBACK,72,0
NOTICE-00077474,2022-02-06,NAME_FALLBACK,72,0
NOTICE-00077475,2023-07-08,NAME_FALLBACK,72,0
NOTICE-00077811,2023-01-12,RAW_SIRET,32,2
NOTICE-00077813,2025-02-11,RAW_SIRET,32,1
NOTICE-00077814,2026-04-05,RAW_SIRET,32,0
NOTICE-00077816,2022-10-13,RAW_SIRET,32,3
NOTICE-00077819,2023-02-27,NAME_FALLBACK,32,2
NOTICE-00077820,2023-08-24,NAME_FALLBACK,32,1
NOTICE-00077821,2024-02-06,NAME_FALLBACK,32,0
NOTICE-00077823,2022-02-26,RAW_SIRET,32,3
NOTICE-00077824,2023-02-24,RAW_SIRET,32,1
NOTICE-00077825,2023-06-19,RAW_SIRET,32,0
NOTICE-00077827,2023-02-22,NAME_FALLBACK,32,3
NOTICE-00077833,2016-09-30,NAME_FALLBACK,72,0
NOTICE-00077836,2019-01-25,NAME_FALLBACK,72,0
NOTICE-00077838,2020-04-06,NAME_FALLBACK,72,1
NOTICE-00077842,2016-06-29,NAME_FALLBACK,72,1
NOTICE-00077846,2020-07-15,NAME_FALLBACK,72,0
NOTICE-00077847,2017-04-06,NAME_FALLBACK,35,1
NOTICE-00077848,2017-10-30,NAME_FALLBACK,35,1
NOTICE-00077849,2018-08-04,NAME_FALLBACK,35,0
NOTICE-00077850,2019-03-28,NAME_FALLBACK,48,1
NOTICE-00077851,2019-09-15,NAME_FALLBACK,48,2
NOTICE-00077852,2020-05-12,NAME_FALLBACK,48,1
NOTICE-00077853,2020-10-21,NAME_FALLBACK,48,0
NOTICE-00077892,2020-07-30,NAME_FALLBACK,48,3
NOTICE-00077894,2020-12-25,NAME_FALLBACK,48,3
NOTICE-00077896,2021-10-07,NAME_FALLBACK,48,3
NOTICE-00077898,2023-04-09,RAW_SIRET,72,1
NOTICE-00077901,2021-02-05,NAME_FALLBACK,32,2
NOTICE-00077902,2022-03-25,NAME_FALLBACK,32,1
NOTICE-00077904,2023-05-13,NAME_FALLBACK,32,2
NOTICE-00077908,2018-01-07,NAME_FALLBACK,35,2
NOTICE-00077913,2016-09-23,NAME_FALLBACK,72,0
NOTICE-00077916,2018-03-16,NAME_FALLBACK,,1
NOTICE-00077917,2018-12-23,NAME_FALLBACK,72,1
NOTICE-00077925,2023-10-21,RAW_SIRET,72,0
NOTICE-00077926,2023-07-28,NAME_FALLBACK,72,2
NOTICE-00077968,2015-08-20,NAME_FALLBACK,72,2
NOTICE-00077970,2016-05-17,NAME_FALLBACK,72,0
NOTICE-00077972,2017-11-17,NAME_FALLBACK,72,0
NOTICE-00077974,2019-07-09,NAME_FALLBACK,72,0
NOTICE-00077975,2015-07-28,NAME_FALLBACK,48,3
NOTICE-00077977,2015-11-18,NAME_FALLBACK,48,1
NOTICE-00078072,2024-01-29,RAW_SIRET,72,0
NOTICE-00078077,2026-02-08,NAME_FALLBACK,48,0
NOTICE-00078079,2021-10-24,NAME_FALLBACK,72,1
NOTICE-00078080,2022-06-08,NAME_FALLBACK,72,0
NOTICE-00078150,2016-09-22,NAME_FALLBACK,72,0
NOTICE-00078151,2018-08-15,NAME_FALLBACK,72,0
NOTICE-00078153,2020-07-23,NAME_FALLBACK,72,0
NOTICE-00078155,2022-09-18,NAME_FALLBACK,,0
NOTICE-00078190,2020-01-12,NAME_FALLBACK,72,2
NOTICE-00078193,2021-02-03,NAME_FALLBACK,35,1
NOTICE-00078194,2023-12-11,NAME_FALLBACK,35,2
NOTICE-00078201,2020-08-21,NAME_FALLBACK,35,3
NOTICE-00078204,2018-07-08,NAME_FALLBACK,,1
NOTICE-00078205,2021-04-17,NAME_FALLBACK,72,1
NOTICE-00078207,2024-06-14,NAME_FALLBACK,72,0
NOTICE-00078211,2023-01-23,NAME_FALLBACK,72,1
NOTICE-00078213,2025-07-09,NAME_FALLBACK,72,0
NOTICE-00078216,2024-10-10,RAW_SIRET,72,0
NOTICE-00078217,2022-05-12,RAW_SIRET,32,0
NOTICE-00078219,2024-08-08,RAW_SIRET,32,1
NOTICE-00078224,2020-11-10,NAME_FALLBACK,,2
NOTICE-00078225,2022-02-06,NAME_FALLBACK,48,1
NOTICE-00078229,2024-03-03,NAME_FALLBACK,48,1
NOTICE-00078374,2026-05-18,RAW_SIRET,72,0
NOTICE-00078429,2023-04-02,RAW_SIRET,72,0
NOTICE-00078438,2021-07-21,RAW_SIRET,72,0
NOTICE-00078440,2022-09-19,RAW_SIRET,,0
NOTICE-00078441,2023-10-20,RAW_SIRET,72,0
NOTICE-00078570,2019-03-09,NAME_FALLBACK,48,1
NOTICE-00078572,2020-01-17,NAME_FALLBACK,48,0
NOTICE-00078727,2021-07-10,NAME_FALLBACK,32,2
NOTICE-00078803,2025-07-07,NAME_FALLBACK,72,0
NOTICE-00078825,2022-01-06,RAW_SIRET,,1
NOTICE-00078827,2022-11-10,RAW_SIRET,48,0
NOTICE-00078861,2025-05-05,RAW_SIRET,32,0
NOTICE-00079183,2017-07-19,NAME_FALLBACK,48,8
NOTICE-00079184,2017-11-12,NAME_FALLBACK,48,9
NOTICE-00079185,2018-04-24,NAME_FALLBACK,48,9
NOTICE-00079186,2018-09-22,NAME_FALLBACK,72,8
NOTICE-00079189,2017-10-01,NAME_FALLBACK,32,9
NOTICE-00079190,2018-04-11,NAME_FALLBACK,32,10
NOTICE-00079192,2018-10-20,NAME_FALLBACK,32,8
NOTICE-00079194,2019-12-09,NAME_FALLBACK,32,8
NOTICE-00079197,2020-11-09,RAW_SIRET,35,1
NOTICE-00079199,2022-07-31,RAW_SIRET,35,0
NOTICE-00079200,2025-01-16,RAW_SIRET,35,0
NOTICE-00079201,2018-09-06,NAME_FALLBACK,35,8
NOTICE-00079202,2019-06-30,NAME_FALLBACK,35,10
NOTICE-00079203,2021-01-28,NAME_FALLBACK,48,5
NOTICE-00079205,2022-04-30,NAME_FALLBACK,48,8
NOTICE-00079206,2017-12-03,NAME_FALLBACK,48,8
NOTICE-00079208,2019-09-13,NAME_FALLBACK,72,11
NOTICE-00079210,2020-05-06,NAME_FALLBACK,72,6
NOTICE-00079211,2020-03-28,NAME_FALLBACK,72,8
NOTICE-00079215,2020-06-02,NAME_FALLBACK,72,5
NOTICE-00079216,2022-05-30,NAME_FALLBACK,,7
NOTICE-00079218,2017-08-31,NAME_FALLBACK,72,9
NOTICE-00079220,2019-05-16,NAME_FALLBACK,72,9
NOTICE-00079223,2020-06-05,NAME_FALLBACK,48,4
NOTICE-00079224,2021-08-10,NAME_FALLBACK,,5
NOTICE-00079225,2022-12-03,NAME_FALLBACK,48,6
NOTICE-00079227,2021-03-10,NAME_FALLBACK,48,4
NOTICE-00079232,2018-08-07,NAME_FALLBACK,72,10
NOTICE-00079235,2017-11-26,NAME_FALLBACK,32,8
NOTICE-00079238,2019-12-04,RAW_SIRET,48,2
NOTICE-00079239,2020-11-30,RAW_SIRET,48,0
NOTICE-00079240,2022-04-21,RAW_SIRET,48,1
NOTICE-00079250,2017-07-05,NAME_FALLBACK,48,9
NOTICE-00079252,2020-04-13,NAME_FALLBACK,48,7
NOTICE-00079253,2022-07-08,NAME_FALLBACK,48,6
NOTICE-00079254,2024-12-03,NAME_FALLBACK,48,2
NOTICE-00079256,2020-09-08,NAME_FALLBACK,72,5
NOTICE-00079258,2021-09-23,NAME_FALLBACK,72,5
NOTICE-00079260,2022-09-14,NAME_FALLBACK,72,5
NOTICE-00079261,2023-10-31,NAME_FALLBACK,72,4
NOTICE-00079262,2017-09-24,NAME_FALLBACK,32,10
NOTICE-00079263,2019-10-14,NAME_FALLBACK,32,10
NOTICE-00079265,2022-03-12,NAME_FALLBACK,32,9
NOTICE-00079266,2024-03-13,NAME_FALLBACK,32,2
NOTICE-00079269,2018-08-31,NAME_FALLBACK,72,9
NOTICE-00079270,2021-06-14,NAME_FALLBACK,72,6
NOTICE-00079422,2020-07-02,NAME_FALLBACK,35,0
NOTICE-00079425,2023-07-29,NAME_FALLBACK,72,0
NOTICE-00079459,2018-01-27,NAME_FALLBACK,72,1
NOTICE-00079460,2019-01-05,NAME_FALLBACK,72,5
NOTICE-00079461,2020-03-17,NAME_FALLBACK,72,6
NOTICE-00079463,2017-02-15,NAME_FALLBACK,32,8
NOTICE-00079464,2019-12-24,NAME_FALLBACK,48,8
NOTICE-00079466,2021-01-06,NAME_FALLBACK,48,1
NOTICE-00079467,2022-01-18,NAME_FALLBACK,48,3
NOTICE-00079468,2017-10-05,RAW_SIRET,72,2
NOTICE-00079469,2018-09-18,RAW_SIRET,72,1
NOTICE-00079472,2017-07-31,NAME_FALLBACK,32,3
NOTICE-00079474,2022-05-21,NAME_FALLBACK,32,1
NOTICE-00079475,2026-01-09,NAME_FALLBACK,32,0
NOTICE-00079480,2017-04-12,NAME_FALLBACK,72,6
NOTICE-00079481,2018-01-13,NAME_FALLBACK,72,2
NOTICE-00079489,2019-02-22,NAME_FALLBACK,,6
NOTICE-00079491,2019-11-25,NAME_FALLBACK,48,8
NOTICE-00079495,2017-07-28,NAME_FALLBACK,32,4
NOTICE-00079497,2019-09-15,NAME_FALLBACK,32,9
NOTICE-00079499,2020-05-23,NAME_FALLBACK,,4
NOTICE-00079505,2016-03-04,NAME_FALLBACK,35,3
NOTICE-00079506,2017-09-16,NAME_FALLBACK,72,2
NOTICE-00079508,2020-12-18,NAME_FALLBACK,72,2
NOTICE-00079509,2020-03-29,NAME_FALLBACK,72,5
NOTICE-00079511,2021-04-02,NAME_FALLBACK,72,3
NOTICE-00079514,2017-06-02,NAME_FALLBACK,35,5
NOTICE-00079515,2019-09-12,NAME_FALLBACK,48,10
NOTICE-00079517,2020-04-25,NAME_FALLBACK,48,5
NOTICE-00079518,2020-08-27,NAME_FALLBACK,48,3
NOTICE-00079520,2023-05-18,NAME_FALLBACK,48,1
NOTICE-00079524,2017-12-02,RAW_SIRET,32,2
NOTICE-00079525,2018-10-09,RAW_SIRET,32,0
NOTICE-00079526,2019-11-16,RAW_SIRET,32,0
NOTICE-00079527,2016-12-03,NAME_FALLBACK,72,7
NOTICE-00079532,2016-08-02,NAME_FALLBACK,32,7
NOTICE-00079533,2020-01-08,NAME_FALLBACK,32,8
NOTICE-00079534,2017-03-24,NAME_FALLBACK,72,7
NOTICE-00079536,2020-02-23,NAME_FALLBACK,72,7
NOTICE-00079538,2022-01-22,NAME_FALLBACK,72,2
NOTICE-00079541,2022-03-02,NAME_FALLBACK,35,1
NOTICE-00079542,2023-06-18,NAME_FALLBACK,35,0
NOTICE-00079544,2025-10-14,NAME_FALLBACK,35,1
NOTICE-00079676,2019-01-15,NAME_FALLBACK,32,0
NOTICE-00079691,2021-06-26,NAME_FALLBACK,35,0
NOTICE-00079694,2025-01-11,NAME_FALLBACK,35,0
NOTICE-00079695,2025-12-10,NAME_FALLBACK,35,0
NOTICE-00079734,2017-02-05,NAME_FALLBACK,32,0
NOTICE-00079735,2020-08-09,NAME_FALLBACK,32,0
NOTICE-00079736,2026-04-12,NAME_FALLBACK,32,0
NOTICE-00079967,2022-03-30,NAME_FALLBACK,32,0
NOTICE-00079969,2024-08-23,NAME_FALLBACK,32,0
NOTICE-00080032,2018-11-02,NAME_FALLBACK,32,2
NOTICE-00080036,2020-11-17,NAME_FALLBACK,72,1
NOTICE-00080039,2019-03-05,NAME_FALLBACK,48,1
NOTICE-00080041,2019-08-21,NAME_FALLBACK,48,1
NOTICE-00080042,2020-05-19,NAME_FALLBACK,48,2
NOTICE-00080043,2021-03-02,NAME_FALLBACK,48,1
NOTICE-00080045,2022-02-06,NAME_FALLBACK,32,0
NOTICE-00080048,2024-05-10,NAME_FALLBACK,48,0
NOTICE-00080049,2025-06-26,NAME_FALLBACK,48,0
NOTICE-00080544,2021-05-19,NAME_FALLBACK,,0
NOTICE-00080741,2019-05-10,NAME_FALLBACK,72,5
NOTICE-00080749,2020-07-18,NAME_FALLBACK,,0
NOTICE-00080801,2021-04-23,NAME_FALLBACK,72,0
NOTICE-00080802,2022-08-19,NAME_FALLBACK,72,0
NOTICE-00080803,2024-04-23,NAME_FALLBACK,72,0
NOTICE-00080805,2026-01-09,NAME_FALLBACK,72,0
NOTICE-00080819,2021-07-09,NAME_FALLBACK,35,0
NOTICE-00080828,2022-11-05,RAW_SIRET,72,0
NOTICE-00080831,2024-04-16,RAW_SIRET,72,0
NOTICE-00080833,2025-08-08,RAW_SIRET,72,0
NOTICE-00080845,2015-12-16,NAME_FALLBACK,72,1
NOTICE-00080847,2021-06-05,NAME_FALLBACK,72,0
NOTICE-00080851,2016-02-23,NAME_FALLBACK,32,0
NOTICE-00080852,2020-10-08,NAME_FALLBACK,32,1
NOTICE-00080854,2026-01-09,RAW_SIRET,72,0
NOTICE-00080859,2021-08-24,RAW_SIRET,48,0
NOTICE-00080860,2023-03-18,RAW_SIRET,48,0
NOTICE-00080862,2024-12-11,RAW_SIRET,48,0
NOTICE-00080874,2024-08-10,RAW_SIRET,72,1
NOTICE-00080875,2025-05-31,RAW_SIRET,72,1
NOTICE-00080876,2025-11-13,RAW_SIRET,72,0
NOTICE-00080878,2021-02-20,NAME_FALLBACK,72,0
NOTICE-00080891,2024-04-16,NAME_FALLBACK,72,0
NOTICE-00080970,2019-12-17,NAME_FALLBACK,72,0
NOTICE-00080971,2022-05-24,NAME_FALLBACK,72,0
NOTICE-00080973,2024-08-16,NAME_FALLBACK,,0
NOTICE-00081051,2017-03-24,NAME_FALLBACK,,0
NOTICE-00081052,2019-02-20,NAME_FALLBACK,72,1
NOTICE-00081054,2019-11-13,NAME_FALLBACK,72,0
NOTICE-00081125,2022-09-18,RAW_SIRET,,0
NOTICE-00081127,2024-03-28,RAW_SIRET,72,0
NOTICE-00081128,2022-10-18,NAME_FALLBACK,72,1
NOTICE-00081129,2023-05-24,NAME_FALLBACK,72,0
NOTICE-00081130,2024-12-08,NAME_FALLBACK,72,1
NOTICE-00081131,2025-11-09,NAME_FALLBACK,72,0
NOTICE-00081134,2026-07-07,NAME_FALLBACK,32,0
NOTICE-00081169,2017-11-05,NAME_FALLBACK,32,0
NOTICE-00081171,2021-06-07,NAME_FALLBACK,32,0
NOTICE-00081247,2024-03-08,NAME_FALLBACK,72,0
NOTICE-00081248,2026-03-16,NAME_FALLBACK,48,0
NOTICE-00081249,2024-05-08,RAW_SIRET,72,5
NOTICE-00081250,2025-02-09,RAW_SIRET,72,2
NOTICE-00081251,2025-03-24,NAME_FALLBACK,72,3
NOTICE-00081256,2023-10-23,RAW_SIRET,35,3
NOTICE-00081259,2025-09-03,RAW_SIRET,35,1
NOTICE-00081260,2022-05-05,NAME_FALLBACK,72,0
NOTICE-00081262,2022-01-26,RAW_SIRET,72,0
NOTICE-00081264,2024-05-28,RAW_SIRET,72,4
NOTICE-00081265,2026-03-05,RAW_SIRET,72,0
NOTICE-00081267,2022-02-04,NAME_FALLBACK,72,2
NOTICE-00081270,2022-04-17,NAME_FALLBACK,35,1
NOTICE-00081271,2023-06-05,NAME_FALLBACK,72,0
NOTICE-00081272,2024-06-28,NAME_FALLBACK,72,3
NOTICE-00081273,2025-02-17,NAME_FALLBACK,72,3
NOTICE-00081275,2025-11-08,NAME_FALLBACK,72,1
NOTICE-00081280,2025-05-31,NAME_FALLBACK,,2
NOTICE-00081281,2024-07-27,RAW_SIRET,72,3
NOTICE-00081282,2024-11-11,RAW_SIRET,72,2
NOTICE-00081283,2025-04-25,RAW_SIRET,72,1
NOTICE-00081284,2021-12-10,RAW_SIRET,72,1
NOTICE-00081338,2025-10-20,RAW_SIRET,72,1
NOTICE-00081340,2026-03-23,RAW_SIRET,72,0
NOTICE-00081415,2018-03-28,NAME_FALLBACK,72,0
NOTICE-00081417,2019-11-19,NAME_FALLBACK,72,0
NOTICE-00081418,2019-05-25,NAME_FALLBACK,48,1
NOTICE-00081420,2026-05-30,NAME_FALLBACK,48,0
NOTICE-00081743,2025-12-25,RAW_SIRET,32,0
NOTICE-00081788,2021-08-04,NAME_FALLBACK,72,1
NOTICE-00081790,2024-02-24,NAME_FALLBACK,72,0
NOTICE-00081791,2025-07-06,NAME_FALLBACK,72,0
NOTICE-00081792,2021-04-01,NAME_FALLBACK,48,1
NOTICE-00081794,2022-07-12,NAME_FALLBACK,,0
NOTICE-00081811,2021-11-02,NAME_FALLBACK,72,7
NOTICE-00081812,2021-11-08,NAME_FALLBACK,48,6
NOTICE-00081814,2022-09-12,NAME_FALLBACK,48,5
NOTICE-00081816,2021-11-29,NAME_FALLBACK,,5
NOTICE-00081818,2022-09-26,RAW_SIRET,,2
NOTICE-00081819,2023-05-03,RAW_SIRET,72,0
NOTICE-00081823,2022-09-25,NAME_FALLBACK,32,4
NOTICE-00081825,2022-12-31,NAME_FALLBACK,32,2
NOTICE-00081827,2024-06-08,NAME_FALLBACK,32,1
NOTICE-00081828,2025-10-05,NAME_FALLBACK,32,0
NOTICE-00081831,2024-05-10,NAME_FALLBACK,32,0
NOTICE-00081838,2021-12-06,NAME_FALLBACK,35,4
NOTICE-00081840,2022-09-09,NAME_FALLBACK,,6
NOTICE-00081842,2023-05-01,NAME_FALLBACK,48,2
NOTICE-00081843,2024-01-15,NAME_FALLBACK,48,4
NOTICE-00081845,2024-09-20,NAME_FALLBACK,48,1
NOTICE-00081846,2021-10-27,NAME_FALLBACK,72,7
NOTICE-00081847,2022-10-31,NAME_FALLBACK,72,3
NOTICE-00081849,2022-06-23,RAW_SIRET,72,3
NOTICE-00081850,2024-11-28,RAW_SIRET,72,1
NOTICE-00081853,2023-01-06,NAME_FALLBACK,72,1
NOTICE-00081854,2024-02-17,NAME_FALLBACK,72,3
NOTICE-00081856,2023-01-06,RAW_SIRET,72,1
NOTICE-00081857,2025-04-23,RAW_SIRET,72,1
NOTICE-00081858,2025-10-21,RAW_SIRET,72,0
NOTICE-00081895,2022-05-30,RAW_SIRET,35,0
NOTICE-00081897,2023-07-05,RAW_SIRET,35,0
NOTICE-00081899,2023-12-12,NAME_FALLBACK,32,0
NOTICE-00081901,2021-03-05,NAME_FALLBACK,32,0
NOTICE-00081906,2023-04-28,NAME_FALLBACK,32,1
NOTICE-00082352,2017-11-15,NAME_FALLBACK,72,1
NOTICE-00082353,2018-08-31,NAME_FALLBACK,72,0
NOTICE-00082354,2020-11-02,NAME_FALLBACK,72,1
NOTICE-00082355,2021-09-04,NAME_FALLBACK,72,0
NOTICE-00082533,2021-03-07,NAME_FALLBACK,72,1
NOTICE-00082535,2021-12-20,NAME_FALLBACK,72,1
NOTICE-00082536,2022-08-22,NAME_FALLBACK,72,1
NOTICE-00082538,2023-05-21,NAME_FALLBACK,32,0
NOTICE-00082540,2023-05-30,RAW_SIRET,48,0
NOTICE-00082563,2023-02-14,RAW_SIRET,48,0
NOTICE-00082564,2024-06-22,RAW_SIRET,48,0
NOTICE-00082565,2025-07-19,RAW_SIRET,48,0
NOTICE-00082591,2017-09-20,NAME_FALLBACK,72,1
NOTICE-00082592,2018-03-03,NAME_FALLBACK,72,0
NOTICE-00082593,2017-08-06,NAME_FALLBACK,48,2
NOTICE-00082624,2024-12-22,NAME_FALLBACK,72,0
NOTICE-00082643,2022-09-08,NAME_FALLBACK,72,1
NOTICE-00082645,2023-05-23,NAME_FALLBACK,,0
NOTICE-00082646,2024-10-24,NAME_FALLBACK,35,0
NOTICE-00082648,2026-02-12,NAME_FALLBACK,35,0
NOTICE-00082650,2025-04-05,RAW_SIRET,72,0
NOTICE-00082660,2022-11-26,RAW_SIRET,72,0
NOTICE-00082662,2022-01-26,RAW_SIRET,48,1
NOTICE-00082680,2024-01-04,NAME_FALLBACK,48,0
NOTICE-00082682,2026-03-12,NAME_FALLBACK,48,0
NOTICE-00082768,2019-11-17,NAME_FALLBACK,,1
NOTICE-00082769,2019-09-13,NAME_FALLBACK,32,2
NOTICE-00082770,2020-06-20,NAME_FALLBACK,32,1
NOTICE-00082772,2021-04-28,NAME_FALLBACK,32,0
NOTICE-00082774,2022-05-21,NAME_FALLBACK,32,0
NOTICE-00082775,2019-07-08,NAME_FALLBACK,32,3
NOTICE-00083031,2021-12-12,NAME_FALLBACK,35,0
NOTICE-00083035,2025-01-04,NAME_FALLBACK,35,0
NOTICE-00083223,2024-12-12,NAME_FALLBACK,48,2
NOTICE-00083225,2025-07-19,NAME_FALLBACK,48,2
NOTICE-00083226,2026-02-21,NAME_FALLBACK,48,1
NOTICE-00083227,2025-06-30,RAW_SIRET,48,0
NOTICE-00083228,2021-11-07,RAW_SIRET,32,0
NOTICE-00083229,2025-04-01,NAME_FALLBACK,35,0
NOTICE-00083230,2026-03-02,NAME_FALLBACK,35,0
NOTICE-00083251,2019-12-15,NAME_FALLBACK,32,0
NOTICE-00083252,2021-05-04,NAME_FALLBACK,32,0
NOTICE-00083314,2020-06-11,NAME_FALLBACK,72,0
NOTICE-00083316,2021-08-12,NAME_FALLBACK,,0
NOTICE-00083336,2018-07-11,NAME_FALLBACK,72,2
NOTICE-00083344,2018-08-07,NAME_FALLBACK,48,1
NOTICE-00083345,2019-06-05,NAME_FALLBACK,48,0
NOTICE-00083346,2022-05-19,NAME_FALLBACK,48,2
NOTICE-00083348,2023-02-15,NAME_FALLBACK,48,0
NOTICE-00083844,2021-07-17,NAME_FALLBACK,32,0
NOTICE-00083846,2022-10-26,NAME_FALLBACK,32,0
NOTICE-00083848,2023-11-15,NAME_FALLBACK,32,0
NOTICE-00083895,2016-10-11,NAME_FALLBACK,35,0
NOTICE-00083897,2018-09-01,NAME_FALLBACK,35,0
NOTICE-00083899,2020-07-18,NAME_FALLBACK,35,0
NOTICE-00083902,2016-11-01,RAW_SIRET,72,1
NOTICE-00083903,2017-05-22,RAW_SIRET,72,0
NOTICE-00083905,2018-10-06,RAW_SIRET,72,0
NOTICE-00083973,2021-10-02,NAME_FALLBACK,32,0
NOTICE-00083974,2018-07-11,NAME_FALLBACK,32,1
NOTICE-00083977,2022-01-06,RAW_SIRET,72,0
NOTICE-00083978,2023-11-10,RAW_SIRET,72,0
NOTICE-00083983,2020-12-30,NAME_FALLBACK,32,2
NOTICE-00083985,2021-12-15,NAME_FALLBACK,32,1
NOTICE-00083989,2023-03-12,NAME_FALLBACK,32,2
NOTICE-00083990,2020-08-20,NAME_FALLBACK,32,1
NOTICE-00083992,2021-12-09,NAME_FALLBACK,32,2
NOTICE-00083994,2023-03-29,NAME_FALLBACK,32,1
NOTICE-00083996,2024-03-09,NAME_FALLBACK,32,1
NOTICE-00083997,2018-04-27,NAME_FALLBACK,,0
NOTICE-00083999,2020-07-11,NAME_FALLBACK,,2
NOTICE-00084000,2022-04-07,NAME_FALLBACK,72,2
NOTICE-00084002,2024-05-31,NAME_FALLBACK,72,0
NOTICE-00084024,2016-12-10,NAME_FALLBACK,72,0
NOTICE-00084029,2024-02-02,RAW_SIRET,48,0
NOTICE-00084031,2025-07-10,RAW_SIRET,48,0
NOTICE-00084155,2022-11-18,RAW_SIRET,72,1
NOTICE-00084157,2023-11-13,RAW_SIRET,72,0
NOTICE-00084159,2026-03-24,RAW_SIRET,48,0
NOTICE-00084160,2026-06-26,RAW_SIRET,48,0
NOTICE-00084188,2025-08-06,NAME_FALLBACK,,1
NOTICE-00084189,2026-05-02,NAME_FALLBACK,72,0
NOTICE-00084205,2018-06-22,NAME_FALLBACK,72,0
NOTICE-00084231,2022-07-13,RAW_SIRET,48,1
NOTICE-00084232,2023-07-06,RAW_SIRET,48,1
NOTICE-00084234,2024-06-17,RAW_SIRET,48,0
NOTICE-00084333,2018-03-15,NAME_FALLBACK,32,1
NOTICE-00084334,2018-10-26,NAME_FALLBACK,32,0
NOTICE-00084352,2025-05-10,NAME_FALLBACK,32,0
NOTICE-00084354,2020-04-05,RAW_SIRET,48,0
NOTICE-00084371,2020-01-28,RAW_SIRET,72,1
NOTICE-00084372,2021-08-09,NAME_FALLBACK,72,4
NOTICE-00084375,2024-06-03,NAME_FALLBACK,72,8
NOTICE-00084376,2025-05-23,NAME_FALLBACK,72,0
NOTICE-00084377,2021-03-07,RAW_SIRET,72,2
NOTICE-00084378,2021-10-20,RAW_SIRET,72,2
NOTICE-00084380,2024-05-31,NAME_FALLBACK,72,5
NOTICE-00084383,2026-06-09,NAME_FALLBACK,72,0
NOTICE-00084386,2023-06-02,RAW_SIRET,72,5
NOTICE-00084387,2023-07-13,NAME_FALLBACK,72,10
NOTICE-00084389,2023-04-25,NAME_FALLBACK,72,7
NOTICE-00084390,2024-02-02,NAME_FALLBACK,72,9
NOTICE-00084391,2024-06-16,NAME_FALLBACK,72,4
NOTICE-00084392,2022-10-26,NAME_FALLBACK,48,6
NOTICE-00084393,2023-05-31,NAME_FALLBACK,48,8
NOTICE-00084395,2023-11-21,NAME_FALLBACK,48,10
NOTICE-00084397,2024-07-06,NAME_FALLBACK,48,0
NOTICE-00084398,2025-07-18,NAME_FALLBACK,32,4
NOTICE-00084400,2025-04-05,NAME_FALLBACK,32,4
NOTICE-00084402,2026-05-27,RAW_SIRET,48,0
NOTICE-00084407,2023-03-15,RAW_SIRET,72,5
NOTICE-00084409,2019-08-24,RAW_SIRET,72,2
NOTICE-00084411,2022-07-18,RAW_SIRET,72,6
NOTICE-00084412,2024-01-14,RAW_SIRET,72,5
NOTICE-00084415,2018-03-20,NAME_FALLBACK,72,5
NOTICE-00084417,2018-12-26,NAME_FALLBACK,72,5
NOTICE-00084418,2021-04-30,NAME_FALLBACK,72,5
NOTICE-00084420,2022-01-13,NAME_FALLBACK,72,6
NOTICE-00084434,2024-11-05,RAW_SIRET,72,6
NOTICE-00084438,2020-02-25,NAME_FALLBACK,35,6
NOTICE-00084440,2018-03-13,NAME_FALLBACK,72,6
NOTICE-00084441,2018-10-05,NAME_FALLBACK,72,5
NOTICE-00084443,2025-04-02,RAW_SIRET,72,4
NOTICE-00084445,2024-04-11,RAW_SIRET,72,6
NOTICE-00084446,2025-01-07,RAW_SIRET,72,5
NOTICE-00084448,2025-09-13,RAW_SIRET,72,5
NOTICE-00084450,2026-07-06,RAW_SIRET,72,0
NOTICE-00084454,2026-06-06,NAME_FALLBACK,35,1
NOTICE-00084455,2024-06-07,RAW_SIRET,35,5
NOTICE-00084457,2025-12-16,RAW_SIRET,35,4
NOTICE-00084458,2020-08-23,NAME_FALLBACK,72,8
NOTICE-00084460,2022-08-01,NAME_FALLBACK,72,8
NOTICE-00084462,2024-07-15,NAME_FALLBACK,,5
NOTICE-00084463,2025-12-21,NAME_FALLBACK,72,2
NOTICE-00084464,2024-05-17,NAME_FALLBACK,,6
NOTICE-00084466,2025-12-08,NAME_FALLBACK,72,3
NOTICE-00084468,2025-05-01,NAME_FALLBACK,72,2
NOTICE-00084470,2017-12-21,NAME_FALLBACK,32,5
NOTICE-00084471,2018-08-25,NAME_FALLBACK,32,4
NOTICE-00084473,2019-02-27,NAME_FALLBACK,32,6
NOTICE-00084474,2024-09-06,RAW_SIRET,72,5
NOTICE-00084477,2025-04-08,RAW_SIRET,72,3
NOTICE-00084481,2018-05-05,NAME_FALLBACK,35,4
NOTICE-00084482,2019-05-28,NAME_FALLBACK,35,5
NOTICE-00084483,2019-12-16,NAME_FALLBACK,35,7
NOTICE-00084485,2020-12-09,NAME_FALLBACK,35,7
NOTICE-00084491,2021-02-22,NAME_FALLBACK,72,7
NOTICE-00084493,2021-09-16,NAME_FALLBACK,72,4
NOTICE-00084496,2020-02-18,NAME_FALLBACK,72,6
NOTICE-00084497,2021-06-07,NAME_FALLBACK,72,5
NOTICE-00084498,2022-05-31,NAME_FALLBACK,72,7
NOTICE-00084499,2022-11-02,NAME_FALLBACK,72,5
NOTICE-00084500,2026-05-18,RAW_SIRET,48,2
NOTICE-00084506,2023-07-18,NAME_FALLBACK,48,10
NOTICE-00084508,2024-04-21,NAME_FALLBACK,48,8
NOTICE-00084509,2025-06-01,NAME_FALLBACK,48,3
NOTICE-00084511,2019-09-03,NAME_FALLBACK,72,7
NOTICE-00084513,2022-11-23,NAME_FALLBACK,72,5
NOTICE-00084517,2019-09-28,NAME_FALLBACK,72,6
NOTICE-00084519,2020-08-01,NAME_FALLBACK,72,8
NOTICE-00084520,2020-08-06,NAME_FALLBACK,72,7
NOTICE-00084521,2021-04-17,NAME_FALLBACK,72,6
NOTICE-00084522,2020-10-04,NAME_FALLBACK,72,8
NOTICE-00084523,2024-01-26,RAW_SIRET,48,5
NOTICE-00084527,2022-12-14,RAW_SIRET,,5
NOTICE-00084528,2025-07-28,RAW_SIRET,48,6
NOTICE-00084530,2026-02-22,RAW_SIRET,48,3
NOTICE-00084532,2019-05-02,RAW_SIRET,32,2
NOTICE-00084533,2020-05-14,RAW_SIRET,32,2
NOTICE-00084537,2021-03-08,RAW_SIRET,35,1
NOTICE-00084539,2023-06-30,RAW_SIRET,35,4
NOTICE-00084545,2024-08-31,NAME_FALLBACK,72,5
NOTICE-00084547,2022-03-25,RAW_SIRET,48,4
NOTICE-00084551,2021-08-08,NAME_FALLBACK,72,5
NOTICE-00084559,2022-09-04,NAME_FALLBACK,32,7
NOTICE-00084560,2024-04-21,NAME_FALLBACK,32,7
NOTICE-00084561,2022-12-18,RAW_SIRET,35,4
NOTICE-00084562,2023-06-03,RAW_SIRET,35,4
NOTICE-00084565,2022-08-18,RAW_SIRET,48,0
NOTICE-00084567,2023-12-13,RAW_SIRET,,0
NOTICE-00084568,2025-03-02,RAW_SIRET,48,0
NOTICE-00084637,2018-09-21,NAME_FALLBACK,72,0
NOTICE-00084638,2019-12-01,NAME_FALLBACK,72,0
NOTICE-00084639,2018-06-04,NAME_FALLBACK,72,1
NOTICE-00084640,2021-08-25,NAME_FALLBACK,72,0
NOTICE-00084641,2019-11-09,NAME_FALLBACK,72,1
NOTICE-00084643,2023-03-02,NAME_FALLBACK,72,0
NOTICE-00084654,2021-03-05,RAW_SIRET,32,0
NOTICE-00084656,2025-08-19,RAW_SIRET,32,0
NOTICE-00084659,2021-02-06,NAME_FALLBACK,72,1
NOTICE-00084660,2022-01-03,NAME_FALLBACK,72,0
NOTICE-00084662,2023-12-20,NAME_FALLBACK,72,0
NOTICE-00084663,2025-02-19,NAME_FALLBACK,72,0
NOTICE-00084682,2025-01-20,RAW_SIRET,,0
NOTICE-00084908,2021-03-31,NAME_FALLBACK,72,0
NOTICE-00084911,2022-05-28,NAME_FALLBACK,72,0
NOTICE-00085022,2021-03-08,NAME_FALLBACK,,1
NOTICE-00085024,2021-11-17,NAME_FALLBACK,72,1
NOTICE-00085034,2019-02-10,NAME_FALLBACK,32,0
NOTICE-00085035,2020-03-28,NAME_FALLBACK,32,0
NOTICE-00085260,2022-12-03,RAW_SIRET,,0
NOTICE-00085273,2025-01-04,NAME_FALLBACK,72,2
NOTICE-00085274,2026-03-04,NAME_FALLBACK,72,0
NOTICE-00085278,2025-06-19,NAME_FALLBACK,32,1
NOTICE-00085289,2021-11-22,RAW_SIRET,35,1
NOTICE-00085290,2022-05-26,RAW_SIRET,35,0
NOTICE-00085292,2024-07-08,RAW_SIRET,35,0
NOTICE-00085293,2025-04-09,RAW_SIRET,35,0
NOTICE-00085294,2022-08-27,NAME_FALLBACK,72,1
NOTICE-00085298,2021-11-11,NAME_FALLBACK,72,1
NOTICE-00085299,2023-03-23,NAME_FALLBACK,,0
NOTICE-00085301,2024-05-06,NAME_FALLBACK,72,2
NOTICE-00085312,2025-11-22,NAME_FALLBACK,48,2
NOTICE-00085314,2026-04-18,NAME_FALLBACK,48,0
NOTICE-00085317,2025-02-21,NAME_FALLBACK,32,1
NOTICE-00085318,2026-03-17,NAME_FALLBACK,32,1
NOTICE-00085319,2021-12-27,RAW_SIRET,72,1
NOTICE-00085320,2022-11-04,RAW_SIRET,72,1
NOTICE-00085322,2023-10-23,RAW_SIRET,72,0
NOTICE-00085323,2025-07-13,RAW_SIRET,72,0
NOTICE-00085812,2017-01-30,NAME_FALLBACK,48,0
NOTICE-00085813,2020-04-21,NAME_FALLBACK,32,1
NOTICE-00085815,2026-01-14,NAME_FALLBACK,35,0
NOTICE-00085816,2021-04-18,NAME_FALLBACK,72,0
NOTICE-00085818,2024-11-16,NAME_FALLBACK,48,0
NOTICE-00085828,2022-04-17,RAW_SIRET,35,3
NOTICE-00085829,2022-10-18,RAW_SIRET,35,1
NOTICE-00085830,2023-03-23,RAW_SIRET,35,0
NOTICE-00085833,2023-02-08,NAME_FALLBACK,32,2
NOTICE-00085834,2023-08-24,NAME_FALLBACK,32,2
NOTICE-00085835,2024-06-23,NAME_FALLBACK,32,1
NOTICE-00085836,2024-10-05,NAME_FALLBACK,32,0
NOTICE-00085838,2023-10-31,NAME_FALLBACK,32,2
NOTICE-00085840,2021-07-10,RAW_SIRET,35,1
NOTICE-00085842,2022-08-08,RAW_SIRET,35,2
NOTICE-00085909,2017-09-27,NAME_FALLBACK,72,0
NOTICE-00085912,2021-12-09,NAME_FALLBACK,,0
NOTICE-00085989,2024-03-20,RAW_SIRET,35,0
NOTICE-00086140,2015-10-20,NAME_FALLBACK,72,2
NOTICE-00086141,2016-04-04,NAME_FALLBACK,72,1
NOTICE-00086142,2016-11-14,NAME_FALLBACK,72,0
NOTICE-00086144,2016-02-05,NAME_FALLBACK,72,2
NOTICE-00086162,2020-07-08,NAME_FALLBACK,48,0
NOTICE-00086164,2023-04-18,NAME_FALLBACK,48,0
NOTICE-00086171,2017-10-20,NAME_FALLBACK,48,0
NOTICE-00086248,2020-11-18,NAME_FALLBACK,32,0
NOTICE-00086294,2018-10-05,NAME_FALLBACK,72,1
NOTICE-00086296,2020-05-18,NAME_FALLBACK,,1
NOTICE-00086297,2021-11-16,NAME_FALLBACK,,0
NOTICE-00086299,2023-04-22,NAME_FALLBACK,72,1
NOTICE-00086300,2016-08-19,RAW_SIRET,72,1
NOTICE-00086301,2017-08-04,RAW_SIRET,72,0
NOTICE-00086302,2017-07-26,NAME_FALLBACK,48,1
NOTICE-00086303,2018-06-19,NAME_FALLBACK,48,2
NOTICE-00086306,2019-12-29,NAME_FALLBACK,48,1
NOTICE-00086308,2018-10-15,NAME_FALLBACK,72,0
NOTICE-00086310,2021-02-11,NAME_FALLBACK,72,1
NOTICE-00086311,2024-01-23,NAME_FALLBACK,72,0
NOTICE-00086399,2017-06-13,NAME_FALLBACK,48,3
NOTICE-00086402,2017-06-11,NAME_FALLBACK,,4
NOTICE-00086403,2018-03-26,NAME_FALLBACK,48,7
NOTICE-00086405,2018-10-25,NAME_FALLBACK,72,4
NOTICE-00086406,2024-04-18,NAME_FALLBACK,72,1
NOTICE-00086530,2015-11-19,NAME_FALLBACK,48,0
NOTICE-00086698,2020-02-01,NAME_FALLBACK,,0
NOTICE-00086699,2025-12-10,NAME_FALLBACK,72,0
NOTICE-00086700,2018-05-19,NAME_FALLBACK,72,0
NOTICE-00086703,2018-04-06,NAME_FALLBACK,72,1
NOTICE-00086781,2026-05-18,NAME_FALLBACK,48,0
NOTICE-00086799,2021-12-12,NAME_FALLBACK,32,0
NOTICE-00086802,2023-05-23,NAME_FALLBACK,32,0
NOTICE-00087015,2015-10-07,NAME_FALLBACK,72,1
NOTICE-00087144,2025-08-21,RAW_SIRET,48,0
