source_notice_id,candidate_notice_id,repair_rule_pass,repair_failure_reasons,s_text,s_cpv,composite_score,top1_top2_margin,source_etat,candidate_etat,source_annonce_lie,candidate_annonce_lie,source_token_count,candidate_token_count
15-100455,16-57014,False,TEXT_MIN,0.1317350602902704,0.1,0.3491493210358916,0.0136624673292337,INITIAL,INITIAL,,,19,23
15-101283,16-102267,True,,0.337109542221377,1.0,0.6225897414419586,0.6225897414419586,INITIAL,INITIAL,,,6,22
15-102348,16-48016,False,TEXT_MIN,0.2726721156563377,1.0,0.671214916344808,0.1964295053862257,INITIAL,INITIAL,,,10,10
15-102510,16-183156,False,TEXT_MIN,0.0301700482473242,0.8,0.4855792277932652,0.135446956289664,INITIAL,INITIAL,,,14,18
15-104125,16-19242,False,TEXT_MIN,0.1800516758603379,0.1,0.3592160716584332,0.0258653731966206,INITIAL,INITIAL,,,25,33
15-111004,16-46830,False,TEXT_MIN,0.1304085325487645,0.0,0.3436280937070041,0.0679558869834066,INITIAL,INITIAL,,,21,16
15-111481,16-7640,True,,0.5475438361239635,1.0,0.7989027167125944,0.387568526006604,INITIAL,INITIAL,,,27,21
15-113362,16-40500,False,TEXT_MIN,0.1402316856404232,0.0,0.345392960320184,0.0494872434496699,INITIAL,INITIAL,,,17,22
15-113716,16-67782,False,TEXT_MIN,0.0215290289879586,0.1,0.3461663471803891,0.1745303419241473,INITIAL,INITIAL,,,6,30
15-115709,16-73319,False,TEXT_MIN,0.1289943774543523,0.2,0.4110415932128341,0.0730506743924741,INITIAL,INITIAL,,,22,31
15-118979,15-189271,True,,0.697613957026897,0.2,0.5553059274473684,0.2020221667113816,INITIAL,INITIAL,,,19,25
15-122609,16-32105,False,TEXT_MIN,0.1530238793615442,0.2,0.3592241484029093,0.0385594605110617,INITIAL,INITIAL,,,13,11
15-126308,16-10649,True,,0.4498344366689664,0.0,0.4414346064916064,0.4414346064916064,INITIAL,INITIAL,,,23,12
15-136102,15-155719,False,INITIAL_CANDIDATE;NO_EXPLICIT_LINKED_NOTICE_REF,0.9510071013121866,1.0,0.825134570435174,0.2210207291260015,INITIAL,RECTIFICATIF,,15-136102,17,18
15-137458,15-155719,False,INITIAL_CANDIDATE,0.4303209238308393,1.0,0.6401567823859098,0.6401567823859098,INITIAL,RECTIFICATIF,,15-136102,24,18
15-139094,16-131495,True,,0.3438273171136217,0.4,0.3806067532806129,0.3806067532806129,INITIAL,INITIAL,,,20,11
15-139179,16-68672,False,TEXT_MIN,0.2956703485403085,0.1,0.3572494051691343,0.0409710515529156,INITIAL,INITIAL,,,13,13
15-139562,16-146809,True,,0.470999994416253,0.2,0.3924934496444621,0.3924934496444621,INITIAL,INITIAL,,,27,18
15-140966,16-101519,True,,0.3756679594355756,0.1,0.4112560153250095,0.4112560153250095,INITIAL,INITIAL,,,8,10
15-143083,16-27767,False,TEXT_MIN,0.1687732991175632,0.0,0.3594889639333722,0.1190140377212471,INITIAL,INITIAL,,,7,10
15-146824,16-9312,False,TEXT_MIN,0.0943536266694895,0.1,0.355229200784168,0.355229200784168,INITIAL,INITIAL,,,9,18
15-147732,16-78789,True,,0.3952720496186646,0.1,0.3921100005465589,0.0885511709593308,INITIAL,INITIAL,,,24,11
15-153858,16-68672,False,TEXT_MIN,0.0595481242019541,0.1,0.3485225267821162,0.0836933546401977,INITIAL,INITIAL,,,18,13
15-159244,16-49246,False,TEXT_MIN,0.1913124094097836,0.1,0.3919024006740638,0.0023311791268285,INITIAL,INITIAL,,,21,20
15-159973,16-94711,False,TEXT_MIN,0.080153370039381,1.0,0.6339472406175941,0.0945166388035125,INITIAL,INITIAL,,,25,13
15-160513,16-61061,False,TEXT_MIN,0.0562671152326079,0.1,0.3473741736428451,0.0539510370989962,INITIAL,INITIAL,,,23,20
15-160539,16-57014,False,TEXT_MIN,0.155728940161996,0.1,0.3835546253335273,0.012094204252004,INITIAL,INITIAL,,,29,23
15-162447,16-49246,False,TEXT_MIN,0.2335388079574922,0.1,0.4066816401657618,0.0256173784610879,INITIAL,INITIAL,,,18,20
15-162906,16-68875,False,TEXT_MIN,0.1467765756152171,0.1,0.3653643551227942,0.0751881736493416,INITIAL,INITIAL,,,26,26
15-164187,16-10778,True,,0.7501904213796198,0.2,0.4997917898394153,0.0933140774489815,INITIAL,INITIAL,,,12,13
15-165050,15-174987,False,INITIAL_CANDIDATE;NO_EXPLICIT_LINKED_NOTICE_REF,0.971958674112424,1.0,0.7270690225797338,0.3537555224540879,INITIAL,RECTIFICATIF,,15-165050,21,22
15-169809,15-182957,False,INITIAL_CANDIDATE,0.9479573418528516,1.0,0.7268814340812619,0.0015051518303461,INITIAL,RECTIFICATIF,,15-169809;15-179747,21,24
15-173090,16-70203,False,TEXT_MIN,0.065630527192823,1.0,0.5344161510089467,0.0280202360181862,INITIAL,INITIAL,,,22,8
15-173700,16-17002,True,,0.9164580923815036,1.0,0.7897725968976963,0.5896010940734697,INITIAL,INITIAL,,,17,23
15-174358,16-70203,False,TEXT_MIN;INITIAL_SOURCE,0.0657775511331507,1.0,0.5344676093880614,0.0295174265200425,RECTIFICATIF,INITIAL,15-173090,,22,8
15-174987,16-70219,False,TEXT_MIN;INITIAL_SOURCE,0.0209339107908689,0.2,0.3759580558114077,0.0055493459626405,RECTIFICATIF,INITIAL,15-165050,,22,17
15-175210,16-128161,False,TEXT_MIN,0.0125750111810708,0.2,0.3675571890863927,0.0052327153568751,INITIAL,INITIAL,,,21,15
15-175415,16-73319,True,,0.5304773329063815,0.1,0.5201918146556479,0.1198651628417696,INITIAL,INITIAL,,,24,31
15-176598,16-35152,True,,0.7383569344469875,0.1,0.4985015805825078,0.1721235925163055,INITIAL,INITIAL,,,25,24
15-178791,16-33632,False,TEXT_MIN,0.1621487796809217,0.4,0.3772470356566099,0.0070657451913476,INITIAL,INITIAL,,,19,14
15-179747,15-182957,False,INITIAL_SOURCE;INITIAL_CANDIDATE,0.975727238254414,1.0,0.7119622644446733,0.2414652535864784,RECTIFICATIF,RECTIFICATIF,15-169809,15-169809;15-179747,22,24
15-182813,16-136139,True,,0.3881450172799,0.0,0.4253185615670189,0.0607209473948547,INITIAL,INITIAL,,,15,18
15-182957,16-123498,False,INITIAL_SOURCE,0.6182041192313092,0.2,0.478235217464642,0.1810209128973723,RECTIFICATIF,INITIAL,15-169809;15-179747,,24,17
15-184743,16-80474,False,TEXT_MIN,0.1665403361023132,0.1,0.392813865774224,0.392813865774224,INITIAL,INITIAL,,,21,26
15-184750,16-68672,False,TEXT_MIN,0.1319002749944978,0.1,0.3478383332169748,0.0087297114000992,INITIAL,INITIAL,,,36,13
15-185112,16-172610,False,TEXT_MIN,0.0122577869191909,0.4,0.3754312679096712,0.3754312679096712,INITIAL,INITIAL,,,16,16
15-192276,16-94711,False,TEXT_MIN,0.0367841550534658,1.0,0.4189213224246482,0.0945803920689609,INITIAL,INITIAL,,,29,13
15-192356,16-128161,False,TEXT_MIN,0.0696996763521152,1.0,0.5289962883877168,0.1571488848289535,INITIAL,INITIAL,,,18,15
15-192825,16-146809,True,,0.8373912725929985,1.0,0.7552551451447373,0.7552551451447373,INITIAL,INITIAL,,,27,18
15-31464,15-136371,True,,0.3340336772053255,0.2,0.3582433682746015,0.0342699784674087,INITIAL,INITIAL,,,15,15
15-32051,15-56571,True,,0.8781774061048093,0.1,0.4516218380849968,0.0060844962400117,INITIAL,INITIAL,,,18,20
15-32168,16-20762,False,TEXT_MIN,0.1436965448443792,0.0,0.3715487184222081,0.1293308078405003,INITIAL,INITIAL,,,21,20
15-33752,16-61484,False,TEXT_MIN,0.128060050726376,0.2,0.3833383195501142,0.0080899794907591,INITIAL,INITIAL,,,6,25
15-34520,15-117072,False,TEXT_MIN,0.2055966342214746,0.0,0.3504761237733987,0.0558807609008352,INITIAL,INITIAL,,,17,13
15-39187,15-56571,False,INITIAL_SOURCE,0.8555283875556319,0.1,0.4272689260080278,0.4272689260080278,ANNULATION,INITIAL,15-32051,,19,20
15-42765,15-167650,True,,0.3503941520167254,0.1,0.4024101827284119,0.1269508318350036,INITIAL,INITIAL,,,15,13
15-44894,15-126736,True,,0.4195899788242906,0.1,0.4293663480418526,0.4293663480418526,INITIAL,INITIAL,,,13,11
15-45169,15-159973,True,,0.4154327359373862,0.0,0.3650598018619223,0.0359660191553711,INITIAL,INITIAL,,,18,25
15-46309,15-187883,False,TEXT_MIN,0.2374098558296597,0.2,0.4698236291286419,0.0513886220617559,INITIAL,INITIAL,,,15,16
15-47696,15-52664,True,,0.8461860645636888,1.0,0.7066228536529195,0.4389228745889888,INITIAL,INITIAL,,,29,27
15-48624,16-49315,False,TEXT_MIN,0.0800239965818713,0.1,0.3611643339766729,0.3611643339766729,INITIAL,INITIAL,,,15,26
15-49442,15-91934,False,TEXT_MIN,0.1441017440269069,0.1,0.3753786677900569,0.2170770397174911,INITIAL,INITIAL,,,8,6
15-50024,15-159973,True,,0.4564481728969914,0.0,0.4245860326558655,0.1238661704301729,INITIAL,INITIAL,,,28,25
15-53947,15-164088,False,TEXT_MIN,0.1494155528100949,0.2,0.3976568101063978,0.0084953954573356,INITIAL,INITIAL,,,24,11
15-55407,16-57014,False,TEXT_MIN,0.2455747753225991,0.1,0.3930996601933959,0.0563547784783249,INITIAL,INITIAL,,,25,23
15-58339,15-175690,False,TEXT_MIN,0.2714421172258746,1.0,0.5982373297281363,0.0788879626340282,INITIAL,INITIAL,,,10,8
15-58989,15-105085,False,TEXT_MIN,0.0360290411772068,1.0,0.4829912419415887,0.1811249667257728,INITIAL,INITIAL,,,18,29
15-59370,15-92216,False,TEXT_MIN;INITIAL_CANDIDATE,0.0670171420123232,1.0,0.4609855660643657,0.0172598090061074,INITIAL,RECTIFICATIF,,15-83632,18,26
15-59425,16-55322,False,TEXT_MIN,0.0333827009364599,0.1,0.3489463193969681,0.0252868782931748,INITIAL,INITIAL,,,14,20
15-59770,15-63856,False,INITIAL_CANDIDATE;NO_EXPLICIT_LINKED_NOTICE_REF,0.9891261286248632,1.0,0.7111766242127451,0.4456500771263847,INITIAL,RECTIFICATIF,,15-59770,21,22
15-60447,15-126308,True,,0.7435029661301509,1.0,0.777146756498597,0.4430474703119413,INITIAL,INITIAL,,,25,23
15-63415,15-126308,True,,0.4284117886009568,0.1,0.3913895925017935,0.0476123778058659,INITIAL,INITIAL,,,23,23
15-64142,15-169809,True,,0.4244999681320422,0.2,0.4966739813998722,0.0289423802135646,INITIAL,INITIAL,,,19,21
15-69497,15-165050,False,TEXT_MIN,0.0226546775422807,0.2,0.366978633416627,0.00569759538013,INITIAL,INITIAL,,,24,21
15-71764,16-32344,False,INITIAL_CANDIDATE,0.3027218717285682,0.0,0.4091085902780168,0.0795210825439225,INITIAL,RECTIFICATIF,,16-20762,10,22
15-74284,16-55322,False,TEXT_MIN,0.0617886701867359,0.1,0.3479379049113935,0.023341866820681,INITIAL,INITIAL,,,20,20
15-75567,15-159244,False,TEXT_MIN,0.2673613902621611,1.0,0.6666185365260533,0.2364477886419017,INITIAL,INITIAL,,,26,21
15-76852,15-173700,False,TEXT_MIN,0.072685209431717,0.2,0.3913333844049117,0.0625910601994658,INITIAL,INITIAL,,,13,17
15-78916,16-72442,False,TEXT_MIN,0.1447018576641215,0.8,0.3515216904802962,0.0302498263118499,INITIAL,INITIAL,,,15,22
15-79099,15-185335,False,TEXT_MIN,0.0452043300113402,0.0,0.3466581339884194,0.0690062726995839,INITIAL,INITIAL,,,17,28
15-81386,16-42170,True,,0.9315141171740462,1.0,0.7758788240595365,0.5312282765777303,INITIAL,INITIAL,,,24,20
15-81652,16-7903,True,,0.3114676232682308,0.1,0.3792042069086639,0.0104259051686987,INITIAL,INITIAL,,,22,13
15-82604,16-40204,True,,0.5749275243277615,1.0,0.6168531924284264,0.2048843811343954,INITIAL,INITIAL,,,12,13
15-83632,15-92216,False,INITIAL_CANDIDATE;NO_EXPLICIT_LINKED_NOTICE_REF,0.9777097698947343,1.0,0.7195002153457675,0.3920639755627236,INITIAL,RECTIFICATIF,,15-83632,25,26
15-84820,16-57014,False,TEXT_MIN;INITIAL_SOURCE,0.2391239792904391,0.1,0.3908418815821399,0.0543350996271932,RECTIFICATIF,INITIAL,15-55407,,26,23
15-84881,16-103833,False,TEXT_MIN,0.2450031519179422,0.2,0.4160555271747839,0.0719599047814325,INITIAL,INITIAL,,,14,24
15-85320,15-194034,False,TEXT_MIN;INITIAL_SOURCE;INITIAL_CANDIDATE,0.086179815357621,1.0,0.6045737982748607,0.1700605102586397,RECTIFICATIF,RECTIFICATIF,15-83729,15-185335,4,29
15-85858,16-70203,False,TEXT_MIN,0.1597520037124367,1.0,0.6508562586799924,0.0279612538308151,INITIAL,INITIAL,,,31,8
15-86218,15-95253,False,INITIAL_CANDIDATE;NO_EXPLICIT_LINKED_NOTICE_REF,0.9824713989585664,1.0,0.7677064263415867,0.4551368822876582,INITIAL,RECTIFICATIF,,15-86218,24,25
15-86342,16-63741,False,TEXT_MIN,0.2282287432313073,1.0,0.667979052684615,0.3640634197521137,INITIAL,INITIAL,,,21,10
15-86544,16-15813,False,INITIAL_CANDIDATE,0.3574031309785025,0.0,0.4077148365345477,0.0024818532187623,INITIAL,RECTIFICATIF,,16-9809,18,14
15-89263,15-159973,True,,0.6188074004370833,0.0,0.4074958621634916,0.0172685576804775,INITIAL,INITIAL,,,23,25
15-89902,15-192356,False,TEXT_MIN,0.1592724164724253,0.1,0.3779507772151955,0.0351825866356819,INITIAL,INITIAL,,,19,18
15-90549,16-19705,True,,0.3473692545342032,0.0,0.3535569000593758,0.2231945679396354,INITIAL,INITIAL,,,15,26
15-91934,16-37530,False,TEXT_MIN,0.2053779003552414,0.4,0.4183846742351536,0.4183846742351536,INITIAL,INITIAL,,,6,12
15-96106,16-577,True,,0.3125343882744779,0.1,0.4028473950725894,0.0129625488108127,INITIAL,INITIAL,,,13,9
15-96870,15-174987,False,TEXT_MIN;INITIAL_CANDIDATE,0.0376112904268474,1.0,0.5725178719297295,0.0269964749940465,INITIAL,RECTIFICATIF,,15-165050,18,22
15-97256,15-190662,False,TEXT_MIN,0.0215249859915825,0.1,0.3434273062008646,0.0122767246781577,INITIAL,INITIAL,,,13,19
15-98729,15-170834,True,,0.5101290720675987,0.1,0.4583174047462175,0.1738392466053438,INITIAL,INITIAL,,,21,11
15-98976,15-194034,False,TEXT_MIN;INITIAL_CANDIDATE,0.0431918263272678,1.0,0.6237483262491474,0.3684411473633363,INITIAL,RECTIFICATIF,,15-185335,23,29
16-102238,16-114007,True,,0.8859639973088962,0.2,0.4569708856984991,0.4569708856984991,INITIAL,INITIAL,,,24,17
16-102715,16-155479,False,TEXT_MIN,0.2071459956549076,0.0,0.3619689039982715,0.0716411740097924,INITIAL,INITIAL,,,19,22
16-103088,17-6085,True,,0.8665608688405348,0.0,0.5656922743088171,0.0367938949833681,INITIAL,INITIAL,,,10,13
16-103802,17-15162,False,TEXT_MIN,0.0778510045373483,0.2,0.3726092182109365,0.0245102256572791,INITIAL,INITIAL,,,13,12
16-103833,17-68985,True,,0.3797078912919749,0.4,0.364419881969712,0.0705989338683462,INITIAL,INITIAL,,,24,12
16-106116,16-165866,True,,0.7543458816919576,0.1,0.5246299065991935,0.0827933522216617,INITIAL,INITIAL,,,12,13
16-107267,17-54834,True,,0.3561782868607575,0.0,0.4018108892317513,0.0230197403434239,INITIAL,INITIAL,,,16,15
16-10778,17-53475,False,TEXT_MIN,0.1589173434792267,0.2,0.3968759979444048,0.041259019585904,INITIAL,INITIAL,,,13,4
16-109275,17-46886,True,,0.6678379109059637,0.1,0.472451109377753,0.0957551828227146,INITIAL,INITIAL,,,28,19
16-114945,17-14986,False,TEXT_MIN,0.0324342535124635,0.2,0.3799831757639658,0.0677010907880569,INITIAL,INITIAL,,,12,13
16-118057,16-118029,True,,0.9999999999999998,1.0,0.7971112571178274,0.7971112571178274,INITIAL,INITIAL,,,16,16
16-119669,17-90968,True,,0.8211773870450615,1.0,0.7523179111337523,0.6073123906867625,INITIAL,INITIAL,,,10,10
16-123498,17-25915,False,TEXT_MIN,0.1872289743296681,1.0,0.6755301410153838,0.2059097676081949,INITIAL,INITIAL,,,17,23
16-123593,17-25692,False,TEXT_MIN,0.0200932640563062,0.1,0.3470326424197071,0.0492772667542706,INITIAL,INITIAL,,,16,12
16-124376,17-71849,False,TEXT_MIN,0.1437157458051361,0.8,0.5633425609660947,0.1384741935825379,INITIAL,INITIAL,,,30,13
16-125010,17-25692,False,TEXT_MIN,0.0234400694289687,0.1,0.3440975854039498,0.0148878768649935,INITIAL,INITIAL,,,10,12
16-127032,17-102039,False,TEXT_MIN,0.2637002151360447,0.2,0.4171242474395342,0.0048904320859227,INITIAL,INITIAL,,,23,29
16-127861,17-44864,True,,0.8797296996844911,1.0,0.7960810409692916,0.4715259199229225,INITIAL,INITIAL,,,12,15
16-128161,16-137769,False,INITIAL_CANDIDATE;NO_EXPLICIT_LINKED_NOTICE_REF,0.952568457391816,0.1,0.4420695689351425,0.0800296385653779,INITIAL,RECTIFICATIF,,16-128161,15,18
16-128870,17-102482,False,TEXT_MIN;INITIAL_CANDIDATE,0.0252840751314014,0.2,0.3583172318150444,0.0205321944809461,INITIAL,RECTIFICATIF,,17-93666,19,13
16-132618,17-74632,False,TEXT_MIN,0.1224045520808627,0.1,0.3527277079895809,0.0176254270279717,INITIAL,INITIAL,,,28,19
16-134501,16-184210,False,TEXT_MIN,0.0359906990796684,1.0,0.5130917074461713,0.1896313482696491,INITIAL,INITIAL,,,20,9
16-135042,17-168569,False,TEXT_MIN,0.029383993139634,0.2,0.3474328864293581,0.031572764196904,INITIAL,INITIAL,,,11,19
16-136057,16-166758,False,TEXT_MIN,0.2193066575327019,1.0,0.5129180835311018,0.1863874686821803,INITIAL,INITIAL,,,15,9
16-136139,17-68186,True,,1.0,0.2,0.5283661848445028,0.0916280517628349,INITIAL,INITIAL,,,18,18
16-139147,18-8879,False,TEXT_MIN,0.1341674316015788,0.2,0.39505759361421,0.0422788621205925,INITIAL,INITIAL,,,12,6
16-139386,17-90968,False,TEXT_MIN,0.1670138249878411,0.0,0.367086025780348,0.0825171947684852,INITIAL,INITIAL,,,9,10
16-141250,16-177041,False,INITIAL_CANDIDATE;NO_EXPLICIT_LINKED_NOTICE_REF;MIN_TOKEN_COUNT,0.809085711725988,0.1,0.4370214358101842,0.4370214358101842,INITIAL,ANNULATION,,16-141250,2,3
16-142611,16-176618,False,TEXT_MIN;MIN_TOKEN_COUNT,0.0455999577960026,1.0,0.4740217460695996,0.1341356313083206,INITIAL,INITIAL,,,3,17
16-145577,17-51018,False,TEXT_MIN,0.1287905368739536,0.1,0.3782326230789017,0.124838642388981,INITIAL,INITIAL,,,18,17
16-148980,17-135696,False,TEXT_MIN,0.0083102067964082,0.4,0.400057061209229,0.1065603105496765,INITIAL,INITIAL,,,7,10
16-15282,16-54252,True,,0.914105970764026,1.0,0.7807364765392006,0.2388003634021769,INITIAL,INITIAL,,,23,21
16-153372,17-53291,False,TEXT_MIN,0.0592508914176206,0.1,0.3525249342037888,0.3525249342037888,INITIAL,INITIAL,,,23,24
16-153795,17-94724,True,,0.33832444340487,0.4,0.4909234106450553,0.1433771945015485,INITIAL,INITIAL,,,23,11
16-155186,17-26666,False,TEXT_MIN,0.2479478050219948,1.0,0.6146529538339136,0.0090613701420612,INITIAL,INITIAL,,,12,8
16-155479,17-111330,False,TEXT_MIN,0.2851582799367483,0.0,0.4056989590816727,0.0196426989977291,INITIAL,INITIAL,,,22,23
16-16005,16-106116,False,TEXT_MIN,0.2883348369833616,0.1,0.412172120670852,0.0558161635938754,INITIAL,INITIAL,,,15,12
16-161272,17-15162,True,,1.0000000000000002,0.2,0.5885939553219448,0.1259789067403274,INITIAL,INITIAL,,,12,12
16-166758,17-82963,False,TEXT_MIN,0.2302065842676392,0.4,0.4489757210508353,0.4489757210508353,INITIAL,INITIAL,,,9,10
16-167180,17-61199,True,,0.3878025628224816,1.0,0.6677085579602733,0.2271585494691431,INITIAL,INITIAL,,,8,9
16-170106,17-176560,True,,0.4162740549826223,0.6,0.4755448022925381,0.0782345257107109,INITIAL,INITIAL,,,22,22
16-170680,17-93666,False,TEXT_MIN,0.2778230430136433,0.2,0.4138543594043152,0.0205321944809461,INITIAL,INITIAL,,,11,13
16-172610,17-125205,True,,0.3781336094800062,0.8,0.5659976612593074,0.415273233172834,INITIAL,INITIAL,,,16,20
16-175021,17-140948,True,,0.5330576514205633,0.0,0.4390800334505479,0.0130158302586859,INITIAL,INITIAL,,,20,23
16-175178,18-31687,False,TEXT_MIN,0.1128611494386032,0.1,0.3712885245111327,0.0372965974393826,INITIAL,INITIAL,,,19,21
16-179721,17-67752,False,TEXT_MIN,0.0258830373702665,0.4,0.3966258611523046,0.0594540063986463,INITIAL,INITIAL,,,15,10
16-182034,17-174760,True,,0.6868129781835746,1.0,0.7189784976861959,0.3739985894786402,INITIAL,INITIAL,,,12,24
16-183461,17-155110,True,,0.7585064200614761,0.1,0.5384054117170926,0.3166202554184395,INITIAL,INITIAL,,,17,17
16-184522,17-12394,False,INITIAL_CANDIDATE;NO_EXPLICIT_LINKED_NOTICE_REF,1.0,1.0,0.8409132720105124,0.8409132720105124,INITIAL,RECTIFICATIF,,16-184522,10,10
16-184750,17-68883,True,,0.6812899016760514,1.0,0.7936989469707616,0.0287450722733244,INITIAL,INITIAL,,,4,6
16-27384,16-43654,False,TEXT_MIN,0.0984057934992707,1.0,0.4541770255346439,0.4541770255346439,INITIAL,INITIAL,,,16,9
16-2771,16-172610,False,TEXT_MIN;INITIAL_SOURCE,0.0117933820852789,0.4,0.375268726217802,0.375268726217802,RECTIFICATIF,INITIAL,15-185112,,17,16
16-2845,16-9226,False,INITIAL_CANDIDATE;NO_EXPLICIT_LINKED_NOTICE_REF,0.9007247039069048,1.0,0.688449003353838,0.2810678985770682,INITIAL,RECTIFICATIF,,16-2845,19,22
16-28465,16-39068,False,INITIAL_CANDIDATE;NO_EXPLICIT_LINKED_NOTICE_REF,0.952547012876016,0.1,0.443430876320009,0.443430876320009,INITIAL,RECTIFICATIF,,16-28465,15,14
16-30120,16-184210,True,,0.4458896531712335,1.0,0.5593706208350739,0.2227746126050122,INITIAL,INITIAL,,,25,9
16-31513,16-128178,False,TEXT_MIN,0.0888368490859367,0.1,0.3642488323530958,0.0058570246495512,INITIAL,INITIAL,,,20,14
16-32105,16-151887,True,,0.3752907058982723,0.2,0.4999829340989989,0.4999829340989989,INITIAL,INITIAL,,,11,15
16-32977,16-170106,False,TEXT_MIN,0.0874963733328409,0.6,0.3727919304036822,0.3727919304036822,INITIAL,INITIAL,,,10,22
16-33283,16-128161,False,TEXT_MIN,0.0330705914157165,0.2,0.3802058940301043,0.0166727812757896,INITIAL,INITIAL,,,18,15
16-33632,16-128161,False,TEXT_MIN,0.0032093888780944,0.4,0.4283856601765402,0.0661987879247927,INITIAL,INITIAL,,,14,15
16-35152,17-8714,False,TEXT_MIN,0.2192824766984437,0.2,0.4070532908479594,0.0511136009182977,INITIAL,INITIAL,,,24,28
16-37108,17-55087,True,,0.3684787842799811,0.1,0.3977893002973802,0.0046617749250838,INITIAL,INITIAL,,,27,24
16-40204,16-56698,False,TEXT_MIN,0.2212191130585583,1.0,0.5176938818613408,0.1700504302625672,INITIAL,INITIAL,,,13,13
16-45870,16-70219,False,TEXT_MIN,0.0771266674825798,1.0,0.4508357703249914,0.0338758581004445,INITIAL,INITIAL,,,22,17
16-48232,16-184210,False,INITIAL_SOURCE,0.4394993116622685,1.0,0.5571340013069364,0.2209306554799885,RECTIFICATIF,INITIAL,16-30120,,27,9
16-49315,16-153372,True,,0.8856946757810544,0.1,0.6294609420424229,0.6294609420424229,INITIAL,INITIAL,,,26,23
16-5277,17-23552,False,TEXT_MIN,0.168124584008346,0.0,0.3537866617835606,0.0450410358597208,INITIAL,INITIAL,,,16,15
16-54197,16-153330,False,TEXT_MIN,0.033148821330293,0.2,0.3692827707770348,0.0490396896308371,INITIAL,INITIAL,,,28,8
16-54252,16-145577,True,,0.909269244460772,0.1,0.6459249188727025,0.507966899064578,INITIAL,INITIAL,,,21,18
16-54370,16-153330,False,TEXT_MIN,0.0148212618277593,0.2,0.3628681249511481,0.0455059216807196,INITIAL,INITIAL,,,26,8
16-55219,16-105530,True,,1.0,1.0,0.8285939553219448,0.54587300550529,INITIAL,INITIAL,,,5,5
16-56502,16-173647,False,TEXT_MIN,0.2394946640791782,1.0,0.6349641749156669,0.6349641749156669,INITIAL,INITIAL,,,19,8
16-57014,16-155479,False,TEXT_MIN,0.1456430711005898,0.1,0.3813933841274315,0.0472727669469166,INITIAL,INITIAL,,,23,22
16-57562,16-70307,False,INITIAL_CANDIDATE;NO_EXPLICIT_LINKED_NOTICE_REF,0.958029713669418,0.1,0.4549315123554745,0.025890844372781,INITIAL,RECTIFICATIF,,16-57562,15,16
16-61061,16-127032,False,TEXT_MIN,0.1773061344659657,1.0,0.5899283691393036,0.2437252626700592,INITIAL,INITIAL,,,20,23
16-61484,17-68186,False,TEXT_MIN,0.2932189424164633,0.2,0.3932354778527704,0.0375536333196814,INITIAL,INITIAL,,,25,18
16-62960,17-74632,False,TEXT_MIN,0.0514976747528817,1.0,0.4582913784543539,0.1008484268260395,INITIAL,INITIAL,,,12,19
16-65767,16-92246,True,,0.6152554187527791,0.1,0.3678120203041647,0.3678120203041647,INITIAL,INITIAL,,,4,12
16-68672,16-151274,False,TEXT_MIN,0.272343560608854,0.1,0.4024687350435851,0.1430848061071597,INITIAL,INITIAL,,,13,17
16-70219,16-168154,False,TEXT_MIN,0.0198038264300216,0.2,0.3714560873889219,0.0977793127381319,INITIAL,INITIAL,,,17,21
16-72442,17-93666,False,TEXT_MIN,0.0406924091896903,1.0,0.6023413357700491,0.0205321944809462,INITIAL,INITIAL,,,22,13
16-72521,16-113197,True,,0.7009141170696223,0.1,0.4279064499537808,0.4279064499537808,INITIAL,INITIAL,,,4,7
16-73215,17-13461,True,,0.6526362832575974,0.2,0.5067122304585997,0.2256850732093662,INITIAL,INITIAL,,,11,14
16-73319,17-15684,True,,0.3930005776923366,0.2,0.4541664965418578,0.0672617700824546,INITIAL,INITIAL,,,31,11
16-73358,16-166758,True,,0.3115353076491565,1.0,0.7026116020924478,0.0768032021921101,INITIAL,INITIAL,,,12,9
16-7640,16-123498,False,TEXT_MIN,0.1972660835091027,0.2,0.3911346754393116,0.0957142316733818,INITIAL,INITIAL,,,21,17
16-79523,17-54834,False,TEXT_MIN,0.0340548581806647,1.0,0.5192582279585021,0.2102030789537251,INITIAL,INITIAL,,,6,15
16-81005,16-158508,True,,0.3420861055993441,1.0,0.6831904961362927,0.376430506201852,INITIAL,INITIAL,,,15,7
16-81774,16-139147,False,TEXT_MIN,0.0811073598556653,1.0,0.5412018554063378,0.1845815831681013,INITIAL,INITIAL,,,27,12
16-81907,17-99753,False,TEXT_MIN,0.2284253478665746,0.0,0.3529909216875981,0.0564161609743911,INITIAL,INITIAL,,,16,11
16-85619,17-68186,True,,0.3581375798875217,0.0,0.3792268213793798,0.0614808257298006,INITIAL,INITIAL,,,16,18
16-85662,17-68186,True,,0.3198590141071114,0.2,0.4614184604565428,0.0495076226075409,INITIAL,INITIAL,,,22,18
16-9226,16-74267,False,INITIAL_SOURCE,0.536490702941798,0.0,0.4252246588636196,0.2762470809342301,RECTIFICATIF,INITIAL,16-2845,,22,12
16-95746,16-133646,False,INITIAL_CANDIDATE;NO_EXPLICIT_LINKED_NOTICE_REF,1.0,1.0,0.8984034165571615,0.8984034165571615,INITIAL,RECTIFICATIF,,16-95746,9,9
16-96425,16-108742,False,INITIAL_CANDIDATE;NO_EXPLICIT_LINKED_NOTICE_REF,0.9761974945531108,0.1,0.4599214226993707,0.1665522630203856,INITIAL,RECTIFICATIF,,16-96425,12,13
16-98698,17-62873,False,TEXT_MIN,0.2291937843022261,0.0,0.4274801985749863,0.1492006132282085,INITIAL,INITIAL,,,4,6
17-100105,18-38591,False,TEXT_MIN,0.0086704414364059,1.0,0.5336435025097503,0.0015325155547349,INITIAL,INITIAL,,,8,27
17-102039,18-21245,True,,0.5091218126321245,1.0,0.7498658713901443,0.3865847384638585,INITIAL,INITIAL,,,29,21
17-102187,18-46346,True,,0.9999999999999998,1.0,0.953460359176522,0.6176457056502949,INITIAL,INITIAL,,,14,14
17-102482,17-159373,False,TEXT_MIN;INITIAL_SOURCE,0.0343829381488488,0.8,0.4703235596705377,0.0973137656675097,RECTIFICATIF,INITIAL,17-93666,,13,6
17-102708,18-31687,False,TEXT_MIN,0.2450049122501733,1.0,0.6286798839831367,0.2705038624918042,INITIAL,INITIAL,,,32,21
17-102923,17-142035,True,,1.0,1.0,0.8217498904949627,0.3474661107408346,INITIAL,INITIAL,,,17,17
17-103062,18-41617,False,TEXT_MIN,0.0383657196679194,0.2,0.3615269944374292,0.0570022462990149,INITIAL,INITIAL,,,9,5
17-103193,18-87166,False,TEXT_MIN,0.0110848013704153,1.0,0.4345651820127159,0.0369777093318395,INITIAL,INITIAL,,,20,9
17-104238,17-161917,False,TEXT_MIN,0.0084461878507903,1.0,0.5267209489278029,0.0518514470998318,INITIAL,INITIAL,,,15,6
17-105380,18-47589,True,,0.6221104163031109,0.1,0.531731199363557,0.1853241166456798,INITIAL,INITIAL,,,27,27
17-105440,19-21908,False,TEXT_MIN,0.1865607444238297,0.0,0.3479200012404122,0.0024406575050376,INITIAL,INITIAL,,,11,14
17-106009,18-61655,False,TEXT_MIN,0.0622592166711997,1.0,0.5838822720460457,0.1313435725660719,INITIAL,INITIAL,,,20,17
17-107265,17-123168,False,INITIAL_SOURCE;INITIAL_CANDIDATE,0.9367775141396132,0.1,0.4666566240355925,0.1706032879442568,RECTIFICATIF,RECTIFICATIF,17-104238,17-104238;17-107265,15,16
17-10967,17-21818,False,INITIAL_CANDIDATE;NO_EXPLICIT_LINKED_NOTICE_REF,0.9817568364471466,0.1,0.4427038108467334,0.1259747298794987,INITIAL,RECTIFICATIF,,17-10967,13,14
17-109941,18-38591,False,TEXT_MIN,0.2766660865775381,0.2,0.3942860431361287,0.0165118724492968,INITIAL,INITIAL,,,21,27
17-110921,18-61507,True,,0.4538778611384422,0.2,0.4412532216130846,0.4412532216130846,INITIAL,INITIAL,,,13,11
17-111330,18-61655,False,TEXT_MIN,0.0876735783370829,1.0,0.5215990244284916,0.157286888840234,INITIAL,INITIAL,,,23,17
17-114118,18-87166,False,TEXT_MIN,0.0137565151871309,1.0,0.5627998876304323,0.1791779072563681,INITIAL,INITIAL,,,22,9
17-114542,17-152907,True,,0.9999999999999998,0.1,0.546274638633377,0.0940571660432296,INITIAL,INITIAL,,,6,6
17-118765,18-87166,False,TEXT_MIN,0.0,0.2,0.3467301795882611,0.0130437658646583,INITIAL,INITIAL,,,8,9
17-118982,18-6802,False,INITIAL_CANDIDATE,0.8390779671002169,0.1,0.5816623958000124,0.0496632373693206,INITIAL,RECTIFICATIF,,17-172986,15,23
17-120212,18-101994,False,TEXT_MIN,0.0226384341062527,0.1,0.346554638971792,0.0466180323679199,INITIAL,INITIAL,,,10,24
17-121705,17-152907,False,INITIAL_SOURCE,0.9620079969004524,0.1,0.5069699912060037,0.5069699912060037,RECTIFICATIF,INITIAL,17-114542,,7,6
17-124586,18-74252,False,TEXT_MIN,0.2291937843022261,0.0,0.4042103781632473,0.1552400875605823,INITIAL,INITIAL,,,6,4
17-125205,18-121895,False,TEXT_MIN,0.2032421834530961,0.0,0.359233756762241,0.1887855009444055,INITIAL,INITIAL,,,20,19
17-128615,17-174282,True,,0.5742011617826429,0.0,0.3877772397382483,0.3877772397382483,INITIAL,INITIAL,,,21,12
17-129614,18-61655,False,TEXT_MIN,0.0955687746091061,1.0,0.5791148617395561,0.1816022661546999,INITIAL,INITIAL,,,14,17
17-130666,18-28473,False,TEXT_MIN,0.0535291501545449,0.2,0.3490396265575948,0.0023094469693337,INITIAL,INITIAL,,,4,11
17-132788,17-176560,True,,0.5359527664600691,0.0,0.4510438274375463,0.4510438274375463,INITIAL,INITIAL,,,20,22
17-13461,17-106009,False,TEXT_MIN,0.0285363621991143,0.2,0.3758812878735008,0.0132023872463603,INITIAL,INITIAL,,,14,20
17-134974,18-73911,True,,0.5278759841311622,0.1,0.4234644350065725,0.4234644350065725,INITIAL,INITIAL,,,11,12
17-135428,18-43533,False,TEXT_MIN,0.2946398029671913,0.1,0.4403863051077241,0.2371055091061004,INITIAL,INITIAL,,,18,9
17-136551,18-87219,False,MIN_TOKEN_COUNT,0.5300027790858282,1.0,0.7448548929603727,0.5908769755895815,INITIAL,INITIAL,,,1,1
17-139193,17-159853,False,TEXT_MIN,0.1410946318206214,0.8,0.4050116800509275,0.1049859781264856,INITIAL,INITIAL,,,14,10
17-140948,18-87166,False,TEXT_MIN,0.0579750849087466,1.0,0.5782763870329979,0.1961852087790341,INITIAL,INITIAL,,,23,9
17-142028,18-18602,True,,0.8701271989393848,1.0,0.7749255971583511,0.2028311560091373,INITIAL,INITIAL,,,17,15
17-142035,18-87166,False,TEXT_MIN,0.002854460173695,1.0,0.5589841683757297,0.198579029441214,INITIAL,INITIAL,,,17,9
17-143219,18-53804,False,TEXT_MIN,0.2756213995649679,0.1,0.4214105472283783,0.0505344289147571,INITIAL,INITIAL,,,12,6
17-143241,19-67059,False,TEXT_MIN,0.1356376941034931,1.0,0.6109335521127448,0.0049479102573384,INITIAL,INITIAL,,,12,12
17-144102,18-10415,False,TEXT_MIN;MIN_TOKEN_COUNT,0.0,1.0,0.3745641699518178,0.0727770477441962,INITIAL,INITIAL,,,1,17
17-146735,18-57746,False,TEXT_MIN,0.041956910895386,0.1,0.3437344150902138,0.0272544307079161,INITIAL,INITIAL,,,11,4
17-150835,18-21831,False,TEXT_MIN;MIN_TOKEN_COUNT,0.193185819838258,0.2,0.3431669423310381,0.1169622333349559,INITIAL,INITIAL,,,16,3
17-15162,17-68883,False,TEXT_MIN,0.2998124722005287,0.2,0.3750110187962472,0.0287450722733245,INITIAL,INITIAL,,,12,6
17-155110,18-141270,True,,0.9157716317931278,0.1,0.4346659318371874,0.0993903453973626,INITIAL,INITIAL,,,17,17
17-156331,18-38591,False,TEXT_MIN,0.2264711164622766,0.1,0.3549306813881656,0.0069927819438355,INITIAL,INITIAL,,,26,27
17-15684,17-94724,True,,0.4571245870210593,0.0,0.4357732813224605,0.0333366367732444,INITIAL,INITIAL,,,11,11
17-157486,18-58630,False,TEXT_MIN,0.0154243376984451,0.6,0.4789727626096989,0.1280487295130216,INITIAL,INITIAL,,,25,19
17-158224,19-55110,True,,0.4688665292532899,1.0,0.5797318441523616,0.1600439196038267,INITIAL,INITIAL,,,10,18
17-159373,18-121819,False,INITIAL_CANDIDATE,0.3062870657521602,1.0,0.6556038895704177,0.0027376259307927,INITIAL,RECTIFICATIF,,18-120601,6,10
17-161606,18-55179,False,TEXT_MIN,0.1247095529549985,0.2,0.3657398897453752,0.0932973905353717,INITIAL,INITIAL,,,22,19
17-161917,18-80158,False,TEXT_MIN,0.0844525968682656,0.4,0.4239692718035863,0.0051661713026252,INITIAL,INITIAL,,,6,11
17-162755,18-58840,False,TEXT_MIN,0.2897780163113885,0.0,0.3854148593664542,0.0284458274567787,INITIAL,INITIAL,,,15,18
17-167707,18-90097,False,TEXT_MIN,0.1350046984938075,1.0,0.6120808166147511,0.011844224372338,INITIAL,INITIAL,,,27,15
17-168569,18-66863,False,TEXT_MIN,0.042032520961305,0.2,0.372392065647889,0.0035442855131123,INITIAL,INITIAL,,,19,14
17-170763,18-82638,False,TEXT_MIN,0.2722396072784689,0.1,0.4202269199281036,0.4202269199281036,INITIAL,INITIAL,,,22,9
17-171316,18-150422,False,TEXT_MIN,0.0356569755225332,0.4,0.4742670636405082,0.0121683251053774,INITIAL,INITIAL,,,13,12
17-172986,18-6802,False,INITIAL_CANDIDATE;NO_EXPLICIT_LINKED_NOTICE_REF,0.9874899248683172,0.1,0.4898812196522246,0.4898812196522246,INITIAL,RECTIFICATIF,,17-172986,22,23
17-173663,18-90097,True,,0.9999999999999996,1.0,0.94083661848445,0.3136592965279514,INITIAL,INITIAL,,,15,15
17-174760,18-134465,False,TEXT_MIN,0.0187124590023151,0.6,0.3747250067305299,0.1363029180475625,INITIAL,INITIAL,,,24,17
17-178496,18-38591,False,TEXT_MIN,0.2737877292273384,0.0,0.3633925033022797,0.007584715368099,INITIAL,INITIAL,,,19,27
17-179112,18-28651,False,TEXT_MIN,0.0130094958205315,1.0,0.4626150843781847,0.0465220467649942,INITIAL,INITIAL,,,18,27
17-19962,17-110921,True,,0.3769348291281133,0.0,0.429607873506272,0.1331593199993601,INITIAL,INITIAL,,,13,13
17-20859,17-30623,True,,0.9999999999999998,1.0,0.7697349978098991,0.4726805798141772,INITIAL,INITIAL,,,13,13
17-2217,17-9629,False,INITIAL_CANDIDATE;NO_EXPLICIT_LINKED_NOTICE_REF,0.9999999999999998,0.1,0.4627770477441961,0.0784531235270021,INITIAL,RECTIFICATIF,,17-2217,26,26
17-26666,17-61199,False,TEXT_MIN,0.008780129250107,1.0,0.396800596704905,0.396800596704905,INITIAL,INITIAL,,,8,9
17-29415,17-104238,False,TEXT_MIN,0.0229225297764661,1.0,0.5564263019789248,0.0504560873490518,INITIAL,INITIAL,,,8,15
17-35759,17-171316,False,TEXT_MIN,0.0072123994684361,0.4,0.4492545194022137,0.0654897362221874,INITIAL,INITIAL,,,4,13
17-37863,17-39483,True,,0.8472198942413518,0.1,0.3901406292131197,0.0826834668930786,INITIAL,INITIAL,,,24,22
17-37945,17-39483,True,,0.7763530960744156,0.1,0.365337249854692,0.0577769997234412,INITIAL,INITIAL,,,27,22
17-39457,17-136551,False,MIN_TOKEN_COUNT,0.8377922746823196,1.0,0.8936456053810371,0.8936456053810371,INITIAL,INITIAL,,,1,1
17-39998,18-38591,True,,0.4232212910632577,0.2,0.416835292432806,0.0406235552600877,INITIAL,INITIAL,,,30,27
17-48519,18-55179,False,TEXT_MIN,0.2356514276241337,0.0,0.3815274959452755,0.033163630317955,INITIAL,INITIAL,,,22,19
17-48788,18-12119,False,TEXT_MIN,0.0083649151105034,0.2,0.3537643387731264,0.0285033085932644,INITIAL,INITIAL,,,8,20
17-50845,17-143219,False,TEXT_MIN,0.2669617399510149,0.1,0.4334366089828552,0.0944339102986063,INITIAL,INITIAL,,,17,12
17-51157,17-111330,False,TEXT_MIN,0.2777757682666859,0.0,0.3976398281355652,0.0484627486947598,INITIAL,INITIAL,,,27,23
17-53540,17-77744,False,INITIAL_CANDIDATE;NO_EXPLICIT_LINKED_NOTICE_REF,1.0,0.1,0.4764651773981602,0.1451121896874243,INITIAL,RECTIFICATIF,,17-53540,12,12
17-54834,17-178496,False,TEXT_MIN,0.2880568941949442,0.0,0.3902877184872843,0.0160222219380701,INITIAL,INITIAL,,,15,19
17-55087,17-143219,False,TEXT_MIN,0.286433863994701,0.1,0.4265637227441812,0.0170671343884941,INITIAL,INITIAL,,,24,12
17-56452,17-171316,False,TEXT_MIN,0.0525798594715603,0.0,0.3629276989534605,0.007221322507721,INITIAL,INITIAL,,,19,13
17-58113,17-68883,True,,1.0,1.0,0.7382522996057819,0.7382522996057819,INITIAL,INITIAL,,,6,6
17-58214,17-129614,False,TEXT_MIN,0.2520094867399283,1.0,0.6270250461583617,0.0578025045179297,INITIAL,INITIAL,,,24,14
17-59442,17-115928,True,,0.9999999999999996,1.0,0.7642597459483134,0.3472097127184082,INITIAL,INITIAL,,,18,18
17-6085,17-105683,True,,0.8665608688405348,0.0,0.521890259416132,0.3674851231545267,INITIAL,INITIAL,,,13,10
17-61541,17-159373,False,TEXT_MIN,0.008844898053713,1.0,0.4762144177791587,0.1282552939572952,INITIAL,INITIAL,,,16,6
17-62129,17-140377,False,TEXT_MIN,0.0261883425486762,0.4,0.3981015309301444,0.0922936388295963,INITIAL,INITIAL,,,18,6
17-62873,17-124586,True,,1.0,1.0,0.812472623740692,0.5112879768632475,INITIAL,INITIAL,,,6,6
17-65753,18-18447,True,,0.6142114018460783,0.1,0.4317808237604506,0.0129049270981548,INITIAL,INITIAL,,,23,13
17-66007,17-80512,False,TEXT_MIN,0.0432724311577433,1.0,0.4116105283033704,0.2846428929361849,INITIAL,INITIAL,,,15,20
17-6714,17-124586,True,,1.0,1.0,0.9575667980727112,0.1683639947437583,INITIAL,INITIAL,,,6,6
17-68186,18-101994,False,TEXT_MIN,0.2738535113633949,0.1,0.3961531529806923,0.0869589830923633,INITIAL,INITIAL,,,18,24
17-68985,18-90097,False,TEXT_MIN,0.0310579116372783,0.2,0.3521251967997229,0.0118854667799106,INITIAL,INITIAL,,,12,15
17-71849,18-46804,False,TEXT_MIN,0.1949921040819143,0.0,0.3727719845670844,0.0103802497050571,INITIAL,INITIAL,,,13,24
17-73511,17-81541,False,MIN_TOKEN_COUNT,1.0,0.1,0.4641458607095927,0.4641458607095927,INITIAL,INITIAL,,,3,3
17-73536,18-56546,False,TEXT_MIN,0.1833112792599221,1.0,0.6495203143638375,0.0207719572287599,INITIAL,INITIAL,,,28,21
17-74587,17-157486,False,TEXT_MIN,0.2758656370363008,0.4,0.4978079006893807,0.0044507392704189,INITIAL,INITIAL,,,29,25
17-76616,17-106009,True,,1.0,1.0,0.7820543144984669,0.121456044278239,INITIAL,INITIAL,,,20,20
17-77672,17-161006,False,TEXT_MIN,0.1476294015177662,0.2,0.4038757219810648,0.0764198309519562,INITIAL,INITIAL,,,12,12
17-80194,17-161917,False,TEXT_MIN,0.0,0.6,0.4626237406920718,0.1595383715609312,INITIAL,INITIAL,,,10,6
17-8037,17-25692,True,,0.9999999999999998,0.1,0.4915221200175206,0.1469141781232615,INITIAL,INITIAL,,,12,12
17-82173,17-172986,True,,0.8497078764749008,0.1,0.6305536919392332,0.043416044277635,INITIAL,INITIAL,,,15,22
17-82869,17-172986,False,INITIAL_SOURCE,0.8497078764749008,0.1,0.6291848789738368,0.0406784183468422,RECTIFICATIF,INITIAL,17-82173,,15,22
17-8592,17-23085,True,,0.4480276556077633,0.2,0.3598144976843553,0.0176899532203291,INITIAL,INITIAL,,,18,26
17-8714,17-102039,False,TEXT_MIN,0.0466297420927578,0.2,0.3835827838016724,0.0245989596069976,INITIAL,INITIAL,,,28,29
17-90968,17-130002,True,,0.8468750551907425,1.0,0.6805521300263524,0.3788749978653856,INITIAL,INITIAL,,,10,16
17-91590,18-53373,True,,0.3604237100541303,0.0,0.4019279743840354,0.0475774762144529,INITIAL,INITIAL,,,23,13
17-91935,17-143219,False,TEXT_MIN,0.1578950094799661,0.1,0.3665181810446635,0.0604856917848002,INITIAL,INITIAL,,,21,12
17-93042,18-8879,False,TEXT_MIN,0.0,0.2,0.3439925536574682,0.0301138852387209,INITIAL,INITIAL,,,9,6
17-9361,17-35545,False,TEXT_MIN,0.1122271996826206,0.8,0.4181778992143661,0.0682493609517466,INITIAL,INITIAL,,,13,23
17-93666,17-102482,False,INITIAL_CANDIDATE;NO_EXPLICIT_LINKED_NOTICE_REF,1.0,1.0,0.7286706088480068,0.2378148546965229,INITIAL,RECTIFICATIF,,17-93666,13,13
17-94724,17-178496,True,,0.3195573628158332,0.4,0.4556098601655678,0.0081952706682192,INITIAL,INITIAL,,,11,19
17-9629,17-102568,False,TEXT_MIN;INITIAL_SOURCE,0.1892140904672472,0.1,0.4048561186981401,0.1191518001376222,RECTIFICATIF,INITIAL,17-2217,,26,18
17-96902,18-36652,True,,0.6499172430708959,0.2,0.5071293793586507,0.0355452636530463,INITIAL,INITIAL,,,21,24
17-97609,17-174760,True,,0.5862911632039427,0.4,0.6256202163636051,0.292219567342067,INITIAL,INITIAL,,,20,24
18-101099,19-85688,False,TEXT_MIN,0.0021180203454943,0.4,0.3650382847818954,0.0615015232700756,INITIAL,INITIAL,,,9,17
18-101350,19-80203,False,TEXT_MIN,0.1840318804044239,0.0,0.3620918414529807,0.0260512234915226,INITIAL,INITIAL,,,13,17
18-101437,18-149889,False,TEXT_MIN,0.0,1.0,0.4950197109067017,0.4950197109067017,INITIAL,INITIAL,,,34,5
18-103911,18-164871,False,TEXT_MIN,0.0913806658292633,0.1,0.3719832330402421,0.0659734771971366,INITIAL,INITIAL,,,24,26
18-105237,19-32405,True,,0.7475511793813263,0.8,0.7213012570673012,0.4937040060192056,INITIAL,INITIAL,,,15,24
18-109139,18-177187,True,,0.8304716090250985,1.0,0.8431749186121353,0.1595944011728238,INITIAL,INITIAL,,,15,15
18-11225,18-28651,False,TEXT_MIN,0.0578161633452171,1.0,0.4303889642229503,0.114727928218133,INITIAL,INITIAL,,,11,27
18-114870,19-98987,False,TEXT_MIN,0.2680003150437315,0.0,0.343572339787864,0.0340024917651033,INITIAL,INITIAL,,,15,21
18-117157,19-5191,False,TEXT_MIN,0.2387682607760338,0.2,0.3988163726557555,0.0122986557200602,INITIAL,INITIAL,,,16,20
18-120601,18-121819,False,INITIAL_CANDIDATE;NO_EXPLICIT_LINKED_NOTICE_REF,1.0,1.0,0.7108760402978536,0.4627419351304399,INITIAL,RECTIFICATIF,,18-120601,10,10
18-121895,19-82611,False,TEXT_MIN;INITIAL_CANDIDATE,0.1783917224277846,0.2,0.3639964545799042,0.0177945685501532,INITIAL,RECTIFICATIF,,19-75324,19,16
18-122376,19-36958,False,TEXT_MIN,0.1100456169501992,0.1,0.35935258441702,0.0169052615511778,INITIAL,INITIAL,,,16,12
18-123694,19-8964,True,,0.3471570437874539,0.2,0.428539568917374,0.0434893142983794,INITIAL,INITIAL,,,11,11
18-124336,19-75460,False,TEXT_MIN,0.038212738135616,0.4,0.4050476953163661,0.0768709324700811,INITIAL,INITIAL,,,15,15
18-125410,19-17531,True,,0.4406637842861052,0.8,0.6672743744344338,0.6672743744344338,INITIAL,INITIAL,,,19,11
18-12557,18-62528,False,TEXT_MIN,0.0280229032955206,0.2,0.3496941309147112,0.0646039536548579,INITIAL,INITIAL,,,26,17
18-126368,19-71137,False,TEXT_MIN,0.0557198501917661,1.0,0.6185514438439468,0.3161374648241928,INITIAL,INITIAL,,,22,32
18-126992,19-21370,False,TEXT_MIN,0.2443276154363281,0.2,0.4103438375446334,0.4103438375446334,INITIAL,INITIAL,,,18,23
18-12739,18-19126,False,INITIAL_CANDIDATE;NO_EXPLICIT_LINKED_NOTICE_REF,1.0,1.0,0.7314082347787998,0.4411639036513639,INITIAL,RECTIFICATIF,,18-12739,27,27
18-127511,19-46630,False,TEXT_MIN,0.0217875011573195,0.8,0.3796799399035287,0.0587127380563928,INITIAL,INITIAL,,,17,28
18-127908,19-15392,False,TEXT_MIN,0.1401302145801737,1.0,0.6001866175910153,0.2387311134847847,INITIAL,INITIAL,,,27,21
18-128159,19-16942,True,,0.423334505078065,1.0,0.7034145581614664,0.3347833711268628,INITIAL,INITIAL,,,6,27
18-128655,19-128681,False,TEXT_MIN,0.0224139199613066,0.2,0.4027879293670968,0.0534886982239881,INITIAL,INITIAL,,,14,8
18-133090,19-144868,False,TEXT_MIN,0.0143886724508149,0.0,0.3495607834961996,0.0251533257027464,INITIAL,INITIAL,,,16,5
18-134123,18-142763,False,INITIAL_CANDIDATE;NO_EXPLICIT_LINKED_NOTICE_REF,1.0000000000000002,0.1,0.4627770477441962,0.1257922787985546,INITIAL,RECTIFICATIF,,18-134123,21,21
18-134465,19-131225,False,TEXT_MIN,0.0564841543210903,0.6,0.4016332297460653,0.0034493046955876,INITIAL,INITIAL,,,17,4
18-136695,19-39813,True,,0.7701830714468435,0.1,0.58492544162926,0.0918302722208089,INITIAL,INITIAL,,,20,12
18-14065,19-12828,False,TEXT_MIN,0.0578844387062583,0.2,0.3837199127237125,0.0518446956479309,INITIAL,INITIAL,,,10,18
18-14081,18-52482,True,,1.0,1.0,0.719088918090232,0.719088918090232,INITIAL,INITIAL,,,15,15
18-142560,19-112016,True,,0.67341832936075,1.0,0.7991567744527845,0.1132455052233698,INITIAL,INITIAL,,,12,17
18-144441,19-97500,False,TEXT_MIN,0.0281134723588158,1.0,0.4446316557548452,0.2233565020224969,INITIAL,INITIAL,,,12,17
18-146989,19-103833,True,,0.3091851747063736,1.0,0.6169226517078965,0.2741064388961892,INITIAL,INITIAL,,,12,15
18-149889,19-147530,True,,0.4368925419622643,1.0,0.5452711281887637,0.5452711281887637,INITIAL,INITIAL,,,5,8
18-149893,19-54309,False,TEXT_MIN,0.1040437297725361,0.0,0.3450464924549912,0.0433855840972894,INITIAL,INITIAL,,,10,24
18-150422,19-1779,False,TEXT_MIN,0.0,0.8,0.4421681997371879,0.0515621658146848,INITIAL,INITIAL,,,12,7
18-150889,19-144868,False,TEXT_MIN,0.0069582200399611,0.4,0.4669601251524007,0.20976144925541,INITIAL,INITIAL,,,13,5
18-151695,19-8820,True,,0.924904351730345,0.4,0.6182040395313764,0.3384678275991948,INITIAL,INITIAL,,,17,15
18-15680,18-97311,False,TEXT_MIN,0.2401381309468107,0.1,0.3884592087310771,0.1148114535934655,INITIAL,INITIAL,,,17,18
18-159101,19-59985,True,,0.3855911293403212,0.2,0.4679989452034094,0.2243738477295226,INITIAL,INITIAL,,,23,20
18-165012,18-171623,False,INITIAL_CANDIDATE;NO_EXPLICIT_LINKED_NOTICE_REF,1.0,1.0,0.8149058256679806,0.4511905545917926,INITIAL,RECTIFICATIF,,18-165012,9,9
18-167367,18-173792,False,INITIAL_CANDIDATE;NO_EXPLICIT_LINKED_NOTICE_REF,0.9999999999999998,1.0,0.7300394218134034,0.7300394218134034,INITIAL,RECTIFICATIF,,18-167367,30,30
18-168544,19-156899,False,TEXT_MIN,0.1920782157591521,0.2,0.4358585625503068,0.0507490220931686,INITIAL,INITIAL,,,20,19
18-171623,19-24951,False,INITIAL_SOURCE,0.3059970763618513,0.0,0.3431830765952419,0.0229097576523095,RECTIFICATIF,INITIAL,18-165012,,9,21
18-173960,19-103125,False,TEXT_MIN,0.0,0.4,0.4039925536574682,0.4039925536574682,INITIAL,INITIAL,,,9,8
18-174630,18-177187,False,TEXT_MIN,0.0514117572935276,1.0,0.3884518461083632,0.003179616233005,INITIAL,INITIAL,,,18,15
18-177907,19-101998,False,TEXT_MIN,0.1950843201546718,0.1,0.3891161305385854,0.1500979050144645,INITIAL,INITIAL,,,15,11
18-180161,19-37169,True,,1.0,1.0,0.71,0.4004400805083178,INITIAL,INITIAL,,,18,20
18-18447,18-21811,False,INITIAL_CANDIDATE;NO_EXPLICIT_LINKED_NOTICE_REF,0.978173874468842,0.1,0.4428185871197231,0.087507320768394,INITIAL,RECTIFICATIF,,18-18447,13,14
18-18750,18-35949,False,INITIAL_CANDIDATE;NO_EXPLICIT_LINKED_NOTICE_REF,0.9999999999999986,1.0,0.8436508979413049,0.8436508979413049,INITIAL,RECTIFICATIF,,18-18750,31,31
18-20656,18-122376,False,TEXT_MIN,0.2230931497941725,0.1,0.393443969050825,0.036957950065703,INITIAL,INITIAL,,,28,16
18-21245,18-127908,False,TEXT_MIN,0.0981825160295282,0.4,0.4232994916484426,0.0156779037361409,INITIAL,INITIAL,,,21,27
18-21811,18-122376,False,TEXT_MIN;INITIAL_SOURCE,0.1269534186547822,0.1,0.3625326890828312,0.0424332019272886,RECTIFICATIF,INITIAL,18-18447,,14,16
18-22305,18-52389,True,,0.6108669706276435,0.4,0.4781770709067098,0.4781770709067098,INITIAL,INITIAL,,,13,17
18-22345,18-52389,True,,0.3541612867868453,0.4,0.3883300815624305,0.3883300815624305,INITIAL,INITIAL,,,16,17
18-26430,19-176592,False,TEXT_MIN,0.0,1.0,0.4580617608409986,0.1975667980727113,INITIAL,INITIAL,,,6,5
18-26824,19-1779,False,TEXT_MIN,0.2552825798883648,0.8,0.6026953768987288,0.1572512429481323,INITIAL,INITIAL,,,9,7
18-27476,18-146489,True,,0.3377670388599821,1.0,0.7682184636009937,0.6074155617806868,INITIAL,INITIAL,,,15,5
18-28651,18-122376,False,TEXT_MIN,0.1992685254009885,0.1,0.4056375449941568,0.0504954580862223,INITIAL,INITIAL,,,27,16
18-29375,18-34097,False,INITIAL_CANDIDATE;NO_EXPLICIT_LINKED_NOTICE_REF,0.9999999999999992,1.0,0.7231953569864211,0.4517892165879389,INITIAL,RECTIFICATIF,,18-29375,18,18
18-30222,19-1779,False,TEXT_MIN,0.0079692016179902,0.8,0.466858427749827,0.075947591152199,INITIAL,INITIAL,,,21,7
18-31687,19-32405,False,TEXT_MIN,0.1989319598217735,0.0,0.3741509340760351,0.0459778599136682,INITIAL,INITIAL,,,21,24
18-32739,18-38804,False,TEXT_MIN,0.0936872916680928,1.0,0.4922211258902276,0.4922211258902276,INITIAL,INITIAL,,,5,10
18-35370,18-90097,True,,0.4032979351346284,0.1,0.3771244919269929,0.0384933048923892,INITIAL,INITIAL,,,12,15
18-35804,18-72093,True,,1.0,1.0,0.8956657906263688,0.6570470876123137,INITIAL,INITIAL,,,8,8
18-36652,18-38591,True,,0.60649659215854,1.0,0.5722738072554889,0.2672751505970602,INITIAL,INITIAL,,,24,27
18-37425,19-43671,False,TEXT_MIN,0.2475575644476099,0.2,0.374516369632879,0.0554330303397888,INITIAL,INITIAL,,,15,18
18-38970,18-132522,False,TEXT_MIN,0.0365824798984185,0.1,0.3486974290682572,0.0594193804526564,INITIAL,INITIAL,,,6,8
18-38978,18-132522,False,TEXT_MIN,0.0321345230247339,0.1,0.3471406441624676,0.0581862304731118,INITIAL,INITIAL,,,9,8
18-41248,18-88858,False,TEXT_MIN,0.1457192301631657,0.4,0.3564397507060348,0.0590961615216725,INITIAL,INITIAL,,,26,12
18-41400,18-177907,True,,0.9999999999999998,0.1,0.5736508979413053,0.3859636563416649,INITIAL,INITIAL,,,15,15
18-42613,19-10428,False,TEXT_MIN,0.1944772001419205,0.0,0.4057477033611045,0.049152197355378,INITIAL,INITIAL,,,11,15
18-43156,19-46630,False,TEXT_MIN,0.2204832458672785,0.0,0.3502111859878444,0.0492031946931083,INITIAL,INITIAL,,,22,28
18-44367,18-114528,False,TEXT_MIN,0.0,0.4,0.4149430573806394,0.0802366482386004,INITIAL,INITIAL,,,4,10
18-51459,18-128655,False,TEXT_MIN,0.2724870934995352,0.0,0.4015684678321523,0.0592338020861219,INITIAL,INITIAL,,,12,14
18-54467,19-59879,False,TEXT_MIN,0.0173002895677001,0.4,0.3826713956982351,0.0227176571663352,INITIAL,INITIAL,,,16,20
18-56546,18-90097,False,TEXT_MIN,0.2563554546357384,1.0,0.5409421051365251,0.1273199323153304,INITIAL,INITIAL,,,21,15
18-57918,18-151695,False,TEXT_MIN,0.1068523288338282,1.0,0.6460295021264435,0.2897176317804076,INITIAL,INITIAL,,,18,17
18-58285,18-149893,False,TEXT_MIN,0.0109162621444216,0.1,0.3438206917505476,0.100966639182789,INITIAL,INITIAL,,,19,10
18-58630,19-15392,False,TEXT_MIN,0.0063151259057358,0.4,0.4294726681362147,0.0647754277152363,INITIAL,INITIAL,,,19,21
18-58840,18-120644,True,,0.848584446080931,1.0,0.904266930197533,0.6403484139545663,INITIAL,INITIAL,,,18,18
18-61256,19-36958,False,TEXT_MIN,0.0246394202036786,0.4,0.363339083974485,0.0066474891912553,INITIAL,INITIAL,,,13,12
18-61655,19-36958,False,TEXT_MIN,0.0913911828032765,1.0,0.5667022008843443,0.1919305025808986,INITIAL,INITIAL,,,17,12
18-62528,18-120644,False,TEXT_MIN,0.1625533556210728,0.0,0.3573119837096006,0.3573119837096006,INITIAL,INITIAL,,,17,18
18-66502,18-125586,False,TEXT_MIN,0.2731917764530432,1.0,0.6098002141808165,0.2312466694236114,INITIAL,INITIAL,,,30,29
18-66863,19-36958,False,TEXT_MIN,0.1123173754400563,0.4,0.4460412609922807,0.077993569075486,INITIAL,INITIAL,,,14,12
18-71689,19-137030,True,,0.3541083352759809,1.0,0.6219996781875919,0.3418091394228087,INITIAL,INITIAL,,,6,17
18-74544,18-149893,False,TEXT_MIN,0.2546880473457545,0.0,0.3662893054015003,0.0030634668623716,INITIAL,INITIAL,,,11,10
18-76556,18-121819,False,TEXT_MIN;INITIAL_CANDIDATE,0.0130156896317986,0.6,0.3604118207622815,0.0027376259307928,INITIAL,RECTIFICATIF,,18-120601,15,10
18-79401,19-17058,False,TEXT_MIN,0.0141338735475372,0.4,0.3599665666483397,0.03654969828948,INITIAL,INITIAL,,,18,10
18-79940,18-126992,True,,0.8630533981161581,1.0,0.7875067094895822,0.4112107129761552,INITIAL,INITIAL,,,18,18
18-80158,18-149893,False,TEXT_MIN,0.0348157465727923,0.4,0.3764824889614497,0.0875143168444156,INITIAL,INITIAL,,,11,10
18-8070,18-101099,False,TEXT_MIN,0.0,0.2,0.3645247481384143,0.0805321944809461,INITIAL,INITIAL,,,10,9
18-85137,18-136146,False,TEXT_MIN,0.2580161233370795,0.1,0.4001917579292568,0.1448427346437457,INITIAL,INITIAL,,,10,28
18-87166,19-56150,False,TEXT_MIN,0.0,1.0,0.5963118703460359,0.2861341823688993,INITIAL,INITIAL,,,9,5
18-90097,20-11000,False,TEXT_MIN,0.2177114138342692,1.0,0.6300776632607414,0.032663910231484,INITIAL,INITIAL,,,15,24
18-90441,18-122376,True,,1.0,0.1,0.525742444152431,0.1419223830325278,INITIAL,INITIAL,,,16,16
18-91090,19-8916,False,TEXT_MIN,0.007734996882414,0.2,0.3466998025663131,0.0498631385423047,INITIAL,INITIAL,,,6,9
18-9145,18-133090,False,TEXT_MIN,0.0060717521189706,0.0,0.3507563002762432,0.0316078345179333,INITIAL,INITIAL,,,18,16
18-96257,18-108773,False,INITIAL_CANDIDATE;NO_EXPLICIT_LINKED_NOTICE_REF,0.9590417144600428,0.1,0.451179273736004,0.1485980437850292,INITIAL,RECTIFICATIF,,18-96257,19,20
18-96470,19-81470,False,TEXT_MIN,0.248901957640556,0.0,0.375214677727852,0.0664487974382021,INITIAL,INITIAL,,,10,8
18-99139,19-85601,False,TEXT_MIN,0.0716552563765015,0.4,0.3910495543616484,0.3910495543616484,INITIAL,INITIAL,,,10,6
19-100667,19-113409,False,INITIAL_CANDIDATE;NO_EXPLICIT_LINKED_NOTICE_REF,0.9999999999999992,0.1,0.4627770477441958,0.1664332234592213,INITIAL,RECTIFICATIF,,19-100667,25,25
19-101998,20-52194,True,,0.3146359877500213,0.1,0.3953700770966511,0.1991933728333312,INITIAL,INITIAL,,,11,11
19-103125,20-64610,False,TEXT_MIN,0.0,0.2,0.3658935611038107,0.1586766961483181,INITIAL,INITIAL,,,8,14
19-103545,19-165120,False,TEXT_MIN,0.0573467543686803,0.4,0.4404896732712632,0.1938995435213021,INITIAL,INITIAL,,,18,11
19-103833,19-105305,False,INITIAL_CANDIDATE;NO_EXPLICIT_LINKED_NOTICE_REF,0.9999999999999998,0.1,0.4422448532632499,0.3378216128309707,INITIAL,RECTIFICATIF,,19-103833,15,15
19-104228,19-185562,False,TEXT_MIN,0.1789698584410535,0.2,0.3997879392848549,0.3997879392848549,INITIAL,INITIAL,,,25,12
19-105083,20-11000,False,TEXT_MIN,0.0357270134828651,1.0,0.6019722602380566,0.0417641193029014,INITIAL,INITIAL,,,12,24
19-105444,20-91088,True,,1.0,1.0,0.9055519053876476,0.9055519053876476,INITIAL,INITIAL,,,15,15
19-106149,19-147471,True,,1.0,0.1,0.4504577310556285,0.2347047332276265,INITIAL,INITIAL,,,11,11
19-108933,19-117328,False,INITIAL_CANDIDATE;NO_EXPLICIT_LINKED_NOTICE_REF,1.0,0.1,0.4573017958826106,0.1373297864945384,INITIAL,RECTIFICATIF,,19-108933,11,11
19-109269,20-29934,False,TEXT_MIN,0.2706269894504728,0.2,0.3866971072800702,0.076587493954354,INITIAL,INITIAL,,,18,26
19-110370,20-38676,True,,0.6170995647021217,1.0,0.7493313215835438,0.3814528556380065,INITIAL,INITIAL,,,27,10
19-11185,19-124888,True,,0.9650727723557216,1.0,0.9190303980511778,0.6886604677367947,INITIAL,INITIAL,,,15,13
19-117328,19-145845,False,TEXT_MIN;INITIAL_SOURCE,0.0,1.0,0.4430048182216382,0.0101640110433356,RECTIFICATIF,INITIAL,19-108933,,11,18
19-117771,19-174440,True,,0.9295829620997308,1.0,0.7724652938527332,0.7724652938527332,INITIAL,INITIAL,,,19,21
19-118102,20-47606,False,TEXT_MIN,0.1293835459049764,0.0,0.3470713632743633,0.1753814402300463,INITIAL,INITIAL,,,23,18
19-119269,20-26585,False,TEXT_MIN,0.2014592774290834,1.0,0.6517656748268545,0.0226240154972652,INITIAL,INITIAL,,,31,16
19-123696,19-138231,False,INITIAL_CANDIDATE;NO_EXPLICIT_LINKED_NOTICE_REF;MIN_TOKEN_COUNT,0.9999999999999998,1.0,0.839544459045116,0.839544459045116,INITIAL,RECTIFICATIF,,19-123696,3,3
19-123920,20-21049,False,TEXT_MIN,0.1385850223054771,0.1,0.3857671318761241,0.0082323416975698,INITIAL,INITIAL,,,26,13
19-124424,20-152502,True,,0.4552416812193399,1.0,0.672148867883624,0.672148867883624,INITIAL,INITIAL,,,18,28
19-125270,19-145845,False,TEXT_MIN,0.0499416391568894,1.0,0.4344769455840178,0.1591647984383887,INITIAL,INITIAL,,,21,18
19-12828,20-10119,False,TEXT_MIN,0.2118113589098564,0.0,0.3775943347949718,0.0215983090751823,INITIAL,INITIAL,,,18,21
19-128681,20-142015,False,TEXT_MIN,0.0020994491458347,1.0,0.5124846976960049,0.1393510212787705,INITIAL,INITIAL,,,8,18
19-12872,19-113409,False,TEXT_MIN;INITIAL_CANDIDATE,0.0360057685622242,0.1,0.3457579541697964,0.0135201014791757,INITIAL,RECTIFICATIF,,19-100667,37,25
19-131092,20-67439,False,TEXT_MIN,0.1339338525134966,0.6,0.5218199057603633,0.2763767004718782,INITIAL,INITIAL,,,18,25
19-131225,19-131092,False,TEXT_MIN,0.053482451980284,0.8,0.3606592874528453,0.014326459986491,INITIAL,INITIAL,,,4,18
19-131601,20-67439,False,INITIAL_SOURCE,0.3720286885757924,0.6,0.4600589240501475,0.0374901167670113,RECTIFICATIF,INITIAL,19-131225,,12,25
19-137030,20-110309,False,TEXT_MIN,0.0446822808362918,0.0,0.3574259205003237,0.0056604279882417,INITIAL,INITIAL,,,17,18
19-13728,19-98987,False,TEXT_MIN,0.1509135178097664,0.1,0.3572305941331116,0.0956739937192756,INITIAL,INITIAL,,,18,21
19-141668,20-72017,False,TEXT_MIN,0.1963624123456064,0.6,0.4971302608781239,0.2670972995068647,INITIAL,INITIAL,,,21,12
19-142286,20-38676,False,TEXT_MIN,0.0578242590656599,0.1,0.3547632388113954,0.0058688217846034,INITIAL,INITIAL,,,19,10
19-142610,19-185581,False,TEXT_MIN,0.0758389245285764,0.2,0.354110421657713,0.2132702724355082,INITIAL,INITIAL,,,7,7
19-143955,19-177480,True,,0.9566688505698498,1.0,0.9068117586718522,0.5562298223793227,INITIAL,INITIAL,,,6,7
19-145053,19-174809,True,,0.9840442363160228,1.0,0.7833138620360569,0.3803644939735831,INITIAL,INITIAL,,,19,19
19-147943,20-110309,False,TEXT_MIN,0.0098188699340398,0.2,0.3463647691724899,0.0458698064042025,INITIAL,INITIAL,,,8,18
19-151382,20-11000,False,TEXT_MIN,0.1193336988874655,1.0,0.5491058222058823,0.1868092334057915,INITIAL,INITIAL,,,23,24
19-152453,20-10180,True,,1.0,1.0,0.7971112571178274,0.6162011772641207,INITIAL,INITIAL,,,15,15
19-15392,20-13755,False,TEXT_MIN,0.1366678728047405,1.0,0.4078337554816592,0.0830244633620203,INITIAL,INITIAL,,,21,19
19-15670,19-145845,False,TEXT_MIN,0.0112708860055277,1.0,0.4182045560502483,0.1410974003650162,INITIAL,INITIAL,,,32,18
19-156899,20-91517,False,TEXT_MIN,0.2625415053824853,0.0,0.369038015714356,0.0501723491195653,INITIAL,INITIAL,,,19,20
19-157359,20-109382,False,TEXT_MIN,0.1763057274186473,0.0,0.3487416081882918,0.3487416081882918,INITIAL,INITIAL,,,8,6
19-161349,20-47343,False,TEXT_MIN,0.1995896434758506,0.2,0.4083736770124304,0.4083736770124304,INITIAL,INITIAL,,,12,9
19-163024,21-31568,False,TEXT_MIN,0.0,0.4,0.3875667980727113,0.0506460797196671,INITIAL,INITIAL,,,6,5
19-165120,20-19986,False,TEXT_MIN,0.063682855085544,0.2,0.3649127399720123,0.0547535568531964,INITIAL,INITIAL,,,11,22
19-169306,19-169787,False,INITIAL_CANDIDATE;NO_EXPLICIT_LINKED_NOTICE_REF,1.0000000000000002,0.1,0.4463512921594393,0.0776504124942678,INITIAL,RECTIFICATIF,,19-169306,23,23
19-169357,20-94462,False,TEXT_MIN,0.0154155292966051,1.0,0.5072592109874956,0.2086689233379483,INITIAL,INITIAL,,,13,23
19-169855,20-27358,False,TEXT_MIN,0.0774316433088956,1.0,0.5289648508917972,0.1736969227680959,INITIAL,INITIAL,,,32,9
19-17058,20-110309,False,TEXT_MIN,0.0160559764594868,1.0,0.5885477564563963,0.2251591659894387,INITIAL,INITIAL,,,10,18
19-174809,20-93634,False,TEXT_MIN,0.18268006458886,0.2,0.3477028057861273,0.02406592504871,INITIAL,INITIAL,,,19,22
19-175998,21-90254,True,,0.3951961206972466,0.0,0.4168359440399189,0.2427289433952593,INITIAL,INITIAL,,,16,22
19-176963,20-66280,False,TEXT_MIN,0.0335075139354508,0.8,0.5083439242269479,0.0450983338392401,INITIAL,INITIAL,,,13,14
19-1779,20-124045,False,TEXT_MIN,0.0,0.4,0.4494678055190538,0.0398710922135437,INITIAL,INITIAL,,,7,5
19-178175,21-24011,False,TEXT_MIN,0.0829465733033877,1.0,0.4350781688121208,0.2004767671476443,INITIAL,INITIAL,,,9,10
19-180074,20-52194,False,TEXT_MIN,0.2850948805607199,0.1,0.372711372891828,0.372711372891828,INITIAL,INITIAL,,,17,11
19-181393,20-133527,False,TEXT_MIN,0.0142365291928304,0.2,0.4040322814943193,0.0249588873149391,INITIAL,INITIAL,,,17,9
19-184042,20-68622,False,TEXT_MIN,0.1107570206620305,0.1,0.3568639497853681,0.0956101594193268,INITIAL,INITIAL,,,11,13
19-185562,20-118247,False,TEXT_MIN,0.2685927434438661,1.0,0.5534380340117482,0.5534380340117482,INITIAL,INITIAL,,,12,18
19-189603,20-66643,False,TEXT_MIN,0.1738757173669194,0.0,0.3708565010784218,0.0468705743744501,INITIAL,INITIAL,,,24,28
19-189628,20-66643,False,TEXT_MIN,0.1313232212537856,0.1,0.3462675514423291,0.0024879131457738,INITIAL,INITIAL,,,16,28
19-190057,20-50911,False,TEXT_MIN,0.2792595073560552,0.0,0.3926838849552588,0.108455296961236,INITIAL,INITIAL,,,7,12
19-191665,20-66643,False,TEXT_MIN,0.057687070745105,1.0,0.5822820209719124,0.0571994665320789,INITIAL,INITIAL,,,13,28
19-21908,20-35774,False,TEXT_MIN,0.1522118805664972,0.0,0.3523236544751028,0.0617148064680944,INITIAL,INITIAL,,,14,11
19-24951,19-169357,True,,0.3432516326520899,0.2,0.3737889693695367,0.0801653112627778,INITIAL,INITIAL,,,21,13
19-25237,19-184042,True,,0.8771245365023538,1.0,0.7568424708244441,0.4496317493843324,INITIAL,INITIAL,,,7,11
19-30217,19-101998,True,,0.7975397155864086,0.1,0.5479606262546297,0.2432186737755394,INITIAL,INITIAL,,,16,11
19-35566,19-85688,False,TEXT_MIN,0.0213256559346814,1.0,0.4887955608298761,0.11876778827185,INITIAL,INITIAL,,,15,17
19-36958,20-26585,False,TEXT_MIN,0.1999814128091634,1.0,0.6772558685524144,0.085476257104343,INITIAL,INITIAL,,,12,16
19-41587,19-54274,True,,1.0,0.1,0.4614082347787998,0.1418913300964244,INITIAL,INITIAL,,,12,12
19-43213,19-145845,False,TEXT_MIN,0.0040570306264365,0.2,0.3632070829268743,0.0324402261332562,INITIAL,INITIAL,,,15,18
19-43954,19-158679,False,TEXT_MIN,0.2746333323142382,0.1,0.3991637162442803,0.0252658772794875,INITIAL,INITIAL,,,17,13
19-46133,19-92746,True,,1.0000000000000004,1.0,0.798480070083224,0.798480070083224,INITIAL,INITIAL,,,22,22
19-5147,20-27109,False,TEXT_MIN,0.2222780701705164,0.0,0.3590522522863562,0.0451708278580814,INITIAL,INITIAL,,,15,14
19-5191,19-99946,False,TEXT_MIN,0.0043710325407291,0.2,0.3564729187698947,0.0703063107532484,INITIAL,INITIAL,,,20,16
19-52696,19-187364,True,,0.5541764528738606,0.0,0.3985631601703277,0.3985631601703277,INITIAL,INITIAL,,,14,8
19-55110,19-151382,False,TEXT_MIN,0.0729880845549784,1.0,0.6328082036634497,0.1428296870006775,INITIAL,INITIAL,,,18,23
19-58204,19-112016,True,,0.5754645850796773,1.0,0.5746079617643085,0.2779091268717182,INITIAL,INITIAL,,,27,17
19-67059,19-151382,False,TEXT_MIN,0.0894756621447135,1.0,0.6002520927887576,0.0395420147908087,INITIAL,INITIAL,,,12,23
19-70735,19-146419,True,,0.3440308069993756,0.0,0.3458488025987083,0.3458488025987083,INITIAL,INITIAL,,,21,12
19-71137,19-174809,True,,0.3150050082793063,0.4,0.5210883713822074,0.0379079013675922,INITIAL,INITIAL,,,32,19
19-73678,20-31844,False,TEXT_MIN,0.1309968571096935,0.4,0.4224651943379328,0.0739608829370271,INITIAL,INITIAL,,,13,10
19-74485,20-32203,False,TEXT_MIN,0.0506176125079966,0.4,0.4258151569314563,0.0069181401043496,INITIAL,INITIAL,,,19,12
19-85688,20-66280,False,TEXT_MIN,0.0355645134500424,0.4,0.3863262481262621,0.0432205757063131,INITIAL,INITIAL,,,17,14
19-87996,19-118070,True,,1.0000000000000002,0.1,0.5120543144984668,0.2879888958855233,INITIAL,INITIAL,,,4,4
19-88615,19-161914,False,TEXT_MIN,0.0144402888314242,0.2,0.3517842806792595,0.1218243539202803,INITIAL,INITIAL,,,10,17
19-92498,20-11000,True,,0.9549528430381696,1.0,0.896325041274485,0.3456726493056405,INITIAL,INITIAL,,,25,24
19-94580,19-110681,False,INITIAL_CANDIDATE;NO_EXPLICIT_LINKED_NOTICE_REF,0.9896374607072188,0.1,0.4714694756802904,0.1831849788633993,INITIAL,RECTIFICATIF,,19-94580,21,22
19-97500,19-161914,True,,1.0,1.0,0.9586311870346036,0.9586311870346036,INITIAL,INITIAL,,,17,17
19-98987,20-35774,False,TEXT_MIN,0.2659801697023596,0.0,0.3551846056069516,0.0503683147178004,INITIAL,INITIAL,,,21,11
20-100172,21-31971,True,,0.3490962948743669,0.0,0.3897505012787397,0.1044329127375637,INITIAL,INITIAL,,,23,27
20-103852,21-37354,True,,0.3949028336212958,0.2,0.4657827898401648,0.2112358247570319,INITIAL,INITIAL,,,18,14
20-104420,20-131075,True,,1.0,0.1,0.5243736311870346,0.5243736311870346,INITIAL,INITIAL,,,12,12
20-106379,21-43310,False,TEXT_MIN,0.010546363327452,0.4,0.4035773419258872,0.1433503596476801,INITIAL,INITIAL,,,4,15
20-107502,21-35939,False,TEXT_MIN,0.016924206089302,0.2,0.3553912776503096,0.0060139033281506,INITIAL,INITIAL,,,15,12
20-109382,21-24367,False,TEXT_MIN,0.1139542799268085,1.0,0.6282874145315446,0.416738656200806,INITIAL,INITIAL,,,6,8
20-11000,20-132336,False,TEXT_MIN,0.277741298440285,1.0,0.5621152801220806,0.2282583527307558,INITIAL,INITIAL,,,24,15
20-110309,21-116891,False,TEXT_MIN,0.1066679112506394,0.2,0.3939500632872639,0.0008519564938059,INITIAL,INITIAL,,,18,23
20-114714,21-77546,False,TEXT_MIN,0.0231279485414818,1.0,0.5400724429619234,0.1979930767669672,INITIAL,INITIAL,,,12,21
20-117677,21-78393,False,TEXT_MIN,0.2824946775194883,0.0,0.4033978852702353,0.0245559815933424,INITIAL,INITIAL,,,23,20
20-118247,21-76512,False,TEXT_MIN,0.2093452826113215,1.0,0.6435752729174666,0.2170994389829086,INITIAL,INITIAL,,,18,15
20-118996,21-26465,True,,0.6679117018605,1.0,0.6001203878106143,0.2297681433743225,INITIAL,INITIAL,,,20,24
20-12070,20-66643,False,TEXT_MIN,0.0684522337071932,1.0,0.544985439046751,0.0601421209870454,INITIAL,INITIAL,,,16,28
20-121660,21-51989,False,TEXT_MIN,0.0132057350638359,1.0,0.5968274387221892,0.0056305794571096,INITIAL,INITIAL,,,12,9
20-12202,21-16505,False,TEXT_MIN,0.2598038626775698,0.2,0.4116540851828787,0.0205040404381131,INITIAL,INITIAL,,,17,26
20-122021,21-73723,True,,0.3699859648769119,1.0,0.5820815966863322,0.5820815966863322,INITIAL,INITIAL,,,28,26
20-122193,21-55981,True,,0.3807579051425575,0.1,0.4554706982497418,0.2447573292953639,INITIAL,INITIAL,,,19,18
20-124045,21-126684,False,TEXT_MIN,0.2547901680005385,1.0,0.67757997535735,0.201115174881837,INITIAL,INITIAL,,,5,6
20-125567,21-67771,False,TEXT_MIN,0.0740404582711345,1.0,0.4689189786165352,0.0970298265360164,INITIAL,INITIAL,,,13,23
20-128054,21-35196,True,,0.3172042345078026,0.2,0.434481841254253,0.0991409384160736,INITIAL,INITIAL,,,28,24
20-132336,21-78352,False,TEXT_MIN,0.1037198982047565,1.0,0.6024999494789798,0.0754239229854623,INITIAL,INITIAL,,,15,29
20-134550,22-19299,False,TEXT_MIN,0.2013316964399339,0.0,0.3763596548577876,0.2354024216801075,INITIAL,INITIAL,,,15,18
20-135543,21-143328,False,TEXT_MIN,0.0087144312748617,0.8,0.494191093434156,0.0013688129653964,INITIAL,INITIAL,,,10,20
20-13755,20-15455,False,INITIAL_CANDIDATE;NO_EXPLICIT_LINKED_NOTICE_REF,1.0,1.0,0.7149824791940429,0.2456888618203932,INITIAL,RECTIFICATIF,,20-13755,19,19
20-139000,21-7561,True,,0.8905017530977102,0.1,0.4750987410480619,0.0593860278588682,INITIAL,INITIAL,,,27,25
20-142015,21-116891,True,,0.6630948905529075,1.0,0.7410954762576875,0.4178885905720972,INITIAL,INITIAL,,,18,23
20-142134,21-76634,False,TEXT_MIN,0.0608987108310394,0.4,0.3431783245245475,0.0038437697609773,INITIAL,INITIAL,,,19,21
20-149342,20-158264,False,INITIAL_CANDIDATE;NO_EXPLICIT_LINKED_NOTICE_REF,0.9999999999999992,1.0,0.7382522996057816,0.7382522996057816,INITIAL,RECTIFICATIF,,20-149342,33,33
20-15000,20-97380,False,TEXT_MIN,0.0,0.2,0.37,0.37,INITIAL,INITIAL,,,8,9
20-152653,21-104870,False,TEXT_MIN,0.0709983901121029,0.4,0.42093353640783,0.0329080542085463,INITIAL,INITIAL,,,21,19
20-15455,20-25157,False,TEXT_MIN;INITIAL_SOURCE;INITIAL_CANDIDATE,0.2276357280070611,1.0,0.4651871784774604,0.0465050982969431,RECTIFICATIF,RECTIFICATIF,20-13755,20-16042,19,16
20-156321,21-42297,False,TEXT_MIN,0.2291975031899851,0.2,0.4228428668085666,0.0021906127440413,INITIAL,INITIAL,,,16,14
20-16042,20-25157,False,INITIAL_CANDIDATE;NO_EXPLICIT_LINKED_NOTICE_REF,1.0,1.0,0.7355146736749889,0.2831811949488396,INITIAL,RECTIFICATIF,,20-16042,16,16
20-16671,21-91773,False,TEXT_MIN,0.1660111813455471,0.2,0.3938835893360312,0.0704232301595091,INITIAL,INITIAL,,,5,6
20-19626,20-118393,True,,0.3671873430321322,0.1,0.367223410621912,0.367223410621912,INITIAL,INITIAL,,,9,19
20-21049,20-91517,False,TEXT_MIN,0.1450602504147171,0.1,0.3592883894410336,0.027501267233412,INITIAL,INITIAL,,,13,20
20-25157,20-93634,False,TEXT_MIN;INITIAL_SOURCE,0.0990079868991914,0.4,0.427694845349014,0.427694845349014,RECTIFICATIF,INITIAL,20-16042,,16,22
20-25276,21-45579,False,TEXT_MIN,0.1286267010849301,1.0,0.6235366471756081,0.2854705872813358,INITIAL,INITIAL,,,21,22
20-25372,20-152526,True,,0.9352492924166343,0.2,0.6781738708302723,0.4198959553544314,INITIAL,INITIAL,,,13,14
20-26585,21-85842,False,TEXT_MIN,0.0343152904535838,0.6,0.4855845960739974,0.0301303781129728,INITIAL,INITIAL,,,16,6
20-27109,20-61130,True,,1.0,1.0,0.8614454664914586,0.6259215624800785,INITIAL,INITIAL,,,14,14
20-27358,21-91773,False,TEXT_MIN,0.0,0.2,0.3549430573806395,0.0123193166885676,INITIAL,INITIAL,,,9,6
20-27417,20-70773,True,,0.4855271418877188,1.0,0.6704294624289888,0.0564041788012557,INITIAL,INITIAL,,,12,21
20-28749,20-93913,True,,0.5031505712378486,0.0,0.4669393184176972,0.1749602251259423,INITIAL,INITIAL,,,24,26
20-29244,20-93913,True,,0.8246021910708939,1.0,0.8958731409440199,0.604284964385771,INITIAL,INITIAL,,,28,26
20-31844,21-19011,False,TEXT_MIN,0.0266990987320954,0.6,0.4240599714594309,0.0648142862129694,INITIAL,INITIAL,,,10,15
20-32203,21-7561,False,TEXT_MIN,0.0938881620226074,1.0,0.4594399193447939,0.0132419342374789,INITIAL,INITIAL,,,12,25
20-32603,20-42809,False,INITIAL_CANDIDATE;NO_EXPLICIT_LINKED_NOTICE_REF,0.9999999999999996,0.1,0.4600394218134033,0.1616580414527628,INITIAL,RECTIFICATIF,,20-32603,25,25
20-32737,21-126684,False,TEXT_MIN,0.0228343515448807,0.4,0.36301173394741,0.0307164517198486,INITIAL,INITIAL,,,8,6
20-34392,20-54283,True,,1.0,1.0,0.7669973718791063,0.3027559293522493,INITIAL,INITIAL,,,11,11
20-35694,20-152526,False,TEXT_MIN,0.1890345411918413,0.1,0.3774170171438199,0.0889429979602114,INITIAL,INITIAL,,,26,14
20-35774,21-77546,True,,0.354897478433391,0.4,0.5336819229707408,0.1332201350111269,INITIAL,INITIAL,,,11,21
20-35779,20-144067,True,,0.3568708431567172,0.0,0.4502661617277157,0.0904289946404983,INITIAL,INITIAL,,,16,14
20-36881,20-46786,False,INITIAL_CANDIDATE;NO_EXPLICIT_LINKED_NOTICE_REF,0.8007540132568839,0.1,0.394409765349502,0.394409765349502,INITIAL,RECTIFICATIF,,20-36881,15,10
20-37796,21-16407,True,,0.3115226083880204,0.8,0.4605550329533279,0.0209322998564125,INITIAL,INITIAL,,,30,26
20-37940,20-91517,False,TEXT_MIN,0.2151453997614168,0.0,0.3497117528161892,0.0225836711758188,INITIAL,INITIAL,,,26,20
20-39206,20-74255,True,,1.0,1.0,0.9107227332457292,0.1163491020586946,INITIAL,INITIAL,,,16,16
20-40507,20-74255,False,INITIAL_SOURCE,1.0,1.0,0.9093539202803328,0.9093539202803328,RECTIFICATIF,INITIAL,20-39206,,16,16
20-45001,20-88562,True,,0.5270100578310921,0.2,0.4657851014936198,0.0950779140992129,INITIAL,INITIAL,,,16,14
20-49221,20-155309,False,TEXT_MIN,0.1346040603293382,0.6,0.358101346651843,0.358101346651843,INITIAL,INITIAL,,,20,11
20-49879,20-59788,False,INITIAL_CANDIDATE;NO_EXPLICIT_LINKED_NOTICE_REF,0.9999999999999998,1.0,0.7875295663600526,0.533758221559645,INITIAL,RECTIFICATIF,,20-49879,9,9
20-49949,21-48340,False,TEXT_MIN,0.1551859753587386,0.0,0.3643150913755585,0.0394721023463219,INITIAL,INITIAL,,,23,20
20-50348,21-11865,False,TEXT_MIN,0.1847467295133879,1.0,0.6486539089871541,0.6486539089871541,INITIAL,INITIAL,,,21,21
20-50446,21-113953,False,TEXT_MIN,0.0232874943711365,0.2,0.3644624933759337,0.0164257555847569,INITIAL,INITIAL,,,21,18
20-5049,20-93913,False,TEXT_MIN;INITIAL_SOURCE,0.0634460285169539,0.1,0.345780354396177,0.0331066188125621,RECTIFICATIF,INITIAL,19-178825,,17,26
20-51119,20-135282,False,TEXT_MIN,0.1589900176921329,0.1,0.3888024413652645,0.3888024413652645,INITIAL,INITIAL,,,20,21
20-54283,20-66643,False,TEXT_MIN,0.0215671275750135,1.0,0.4067512979802078,0.0263948821197111,INITIAL,INITIAL,,,11,28
20-5957,20-142015,False,TEXT_MIN,0.0119647670562309,1.0,0.4789796088989405,0.1407145500517526,INITIAL,INITIAL,,,19,18
20-59913,20-107502,False,TEXT_MIN,0.0255900275146879,0.4,0.3554589187409598,0.0410205434042687,INITIAL,INITIAL,,,18,15
20-60892,20-122198,True,,0.7873227297174427,0.1,0.5731297534738162,0.1171967705566019,INITIAL,INITIAL,,,11,11
20-60975,20-122198,True,,0.7873227297174427,0.4,0.645335184923663,0.645335184923663,INITIAL,INITIAL,,,11,11
20-61130,21-30471,False,TEXT_MIN,0.1856243446351092,0.0,0.3599115780029277,0.0095816907577748,INITIAL,INITIAL,,,14,16
20-61243,20-122198,False,INITIAL_SOURCE,0.7873227297174427,0.1,0.5717609405084199,0.1171967705566021,ANNULATION,INITIAL,20-60892,,11,11
20-65753,20-111698,True,,0.8613778775516125,0.0,0.4530043771605851,0.1249394784096725,INITIAL,INITIAL,,,17,30
20-66643,21-7561,True,,0.3004089479083553,0.4,0.4571207927403291,0.0275733344946952,INITIAL,INITIAL,,,28,25
20-68352,20-114714,False,TEXT_MIN,0.0149871724605487,1.0,0.5207974157488399,0.1730791482099451,INITIAL,INITIAL,,,10,12
20-70773,21-113953,False,TEXT_MIN,0.1187118927834166,0.0,0.3433362846818173,0.0164257555847568,INITIAL,INITIAL,,,21,18
20-72017,20-137315,False,TEXT_MIN,0.2821312480695531,0.0,0.3991642460665687,0.2844205106889618,INITIAL,INITIAL,,,12,11
20-72791,21-126360,True,,0.9999999999999998,1.0,0.7727770477441961,0.7727770477441961,INITIAL,INITIAL,,,16,16
20-78012,20-132336,False,TEXT_MIN,0.11818710468665,0.2,0.3566129680244711,0.0324077712517787,INITIAL,INITIAL,,,17,15
20-86796,20-106651,False,INITIAL_CANDIDATE;NO_EXPLICIT_LINKED_NOTICE_REF,0.9900162231505772,0.1,0.5058223666703761,0.1374019967475209,INITIAL,RECTIFICATIF,,20-86796,16,17
20-88363,21-51989,False,TEXT_MIN,0.2178200616029382,0.4,0.3693557250213875,0.0030311430924884,INITIAL,INITIAL,,,12,9
20-8845,20-138135,False,TEXT_MIN,0.1755500868816605,0.0,0.3895415229622386,0.0188514332412291,INITIAL,INITIAL,,,13,24
20-91088,22-16534,True,,0.3246330467212676,0.2,0.4250670328439022,0.0887583782164324,INITIAL,INITIAL,,,15,13
20-91517,22-39891,True,,0.308632718870194,0.0,0.4002268830544146,0.0148970662525235,INITIAL,INITIAL,,,20,24
20-94462,21-37354,False,TEXT_MIN,0.0188196119046799,0.6,0.4692106048587098,0.2071488320250878,INITIAL,INITIAL,,,23,14
20-95579,21-95316,False,TEXT_MIN,0.1183861201069388,0.1,0.359534134591086,0.359534134591086,INITIAL,INITIAL,,,24,27
20-96600,21-32441,False,TEXT_MIN,0.1506785296330999,0.1,0.3434602186173143,0.0039925536574682,INITIAL,INITIAL,,,20,18
20-96618,20-115241,True,,0.5638167266698864,1.0,0.6115956002827738,0.1394847204890906,INITIAL,INITIAL,,,13,7
20-97380,21-72712,False,TEXT_MIN,0.1282204332687063,1.0,0.6425578349554795,0.6425578349554795,INITIAL,INITIAL,,,9,12
20-98214,21-7561,False,TEXT_MIN,0.0,0.6,0.4653613666228646,0.0380989925536575,INITIAL,INITIAL,,,7,25
20-98264,21-7561,False,TEXT_MIN,0.0,0.6,0.4653613666228646,0.0380989925536575,INITIAL,INITIAL,,,7,25
21-10110,21-21301,False,INITIAL_CANDIDATE;NO_EXPLICIT_LINKED_NOTICE_REF,1.0,0.1,0.4750963644327637,0.1994454387592358,INITIAL,RECTIFICATIF,,21-10110,18,18
21-103501,21-156574,True,,0.3198361347751099,1.0,0.6425514951782969,0.6425514951782969,INITIAL,INITIAL,,,14,19
21-104870,22-83349,True,,0.6128460635097774,1.0,0.8152188554741514,0.2043641331056634,INITIAL,INITIAL,,,19,11
21-111036,22-19299,True,,0.3377839624650236,0.0,0.3748406812122983,0.1298278708430751,INITIAL,INITIAL,,,11,18
21-11178,21-28206,True,,0.9999999999999992,0.0,0.5450197109067014,0.5450197109067014,INITIAL,INITIAL,,,30,30
21-113953,21-117615,False,INITIAL_CANDIDATE;NO_EXPLICIT_LINKED_NOTICE_REF,1.0,1.0,0.7245641699518177,0.4017032238316056,INITIAL,RECTIFICATIF,,21-113953,18,18
21-116891,22-69952,False,TEXT_MIN,0.0365609971436217,1.0,0.5806675710764831,0.1207877828358682,INITIAL,INITIAL,,,23,14
21-117181,22-57715,True,,0.6207670451588572,0.1,0.4847213786395903,0.4847213786395903,INITIAL,INITIAL,,,29,19
21-118586,22-66076,True,,0.6520640114512443,0.0,0.4821010724266827,0.0461238081712543,INITIAL,INITIAL,,,34,17
21-11865,21-141238,False,TEXT_MIN,0.033539263390973,1.0,0.5081272660589387,0.5081272660589387,INITIAL,INITIAL,,,21,10
21-119536,21-157863,True,,0.3002059288123773,0.2,0.3464036563370696,0.0697447234561602,INITIAL,INITIAL,,,10,16
21-122032,22-118191,False,TEXT_MIN,0.04557906541291,1.0,0.553405585728509,0.1595429063468583,INITIAL,INITIAL,,,9,27
21-124527,21-130046,False,INITIAL_CANDIDATE;NO_EXPLICIT_LINKED_NOTICE_REF,1.0000000000000004,1.0,0.7300394218134036,0.4447836692120347,INITIAL,RECTIFICATIF,,21-124527,9,9
21-125536,22-38732,False,TEXT_MIN,0.0223333285874864,1.0,0.6109726001786382,0.6109726001786382,INITIAL,INITIAL,,,11,19
21-125688,22-93332,False,TEXT_MIN,0.1348238300139508,0.2,0.3884432682315582,0.3884432682315582,INITIAL,INITIAL,,,11,13
21-125738,21-161861,True,,0.9321375392082408,1.0,0.797998029217847,0.797998029217847,INITIAL,INITIAL,,,13,15
21-126684,23-12419,False,TEXT_MIN,0.0,0.4,0.4275667980727113,0.037917184923201,INITIAL,INITIAL,,,6,5
21-12893,21-145116,True,,1.0000000000000002,0.4,0.7542969776609724,0.4230663609073145,INITIAL,INITIAL,,,7,7
21-130369,21-157863,True,,1.0,1.0,0.795742444152431,0.5197151959962335,INITIAL,INITIAL,,,16,16
21-13474,21-153479,False,TEXT_MIN;INITIAL_CANDIDATE,0.061268958842701,0.1,0.3573376966987561,0.0176736673007637,INITIAL,RECTIFICATIF,,21-143183,8,14
21-13699,21-20640,False,INITIAL_CANDIDATE;NO_EXPLICIT_LINKED_NOTICE_REF,0.9567939091558684,1.0,0.7094420381563717,0.5617958729148393,INITIAL,RECTIFICATIF,,21-13699,5,6
21-137487,22-93332,False,TEXT_MIN,0.2797786744300027,1.0,0.6791774637771764,0.6791774637771764,INITIAL,INITIAL,,,9,13
21-138241,22-83128,False,TEXT_MIN,0.2393031254111336,0.4,0.4962659493472476,0.0944052747844516,INITIAL,INITIAL,,,22,22
21-138925,21-147552,False,INITIAL_CANDIDATE;NO_EXPLICIT_LINKED_NOTICE_REF,0.9821918481137086,0.1,0.4579130075493906,0.4579130075493906,INITIAL,RECTIFICATIF,,21-138925,13,14
21-143183,21-153479,False,INITIAL_CANDIDATE;NO_EXPLICIT_LINKED_NOTICE_REF,1.0000000000000002,0.1,0.4750963644327639,0.1139079076659129,INITIAL,RECTIFICATIF,,21-143183,14,14
21-145116,22-94102,False,TEXT_MIN,0.2017885979613658,0.0,0.4165195703902887,0.0244254646443492,INITIAL,INITIAL,,,7,14
21-14714,21-61224,False,INITIAL_CANDIDATE;NO_EXPLICIT_LINKED_NOTICE_REF,1.0000000000000009,1.0,0.8409132720105126,0.2223562364480042,INITIAL,ANNULATION,,21-14714,21,21
21-148591,22-12003,True,,0.6788589799893974,1.0,0.7887416854842435,0.7887416854842435,INITIAL,INITIAL,,,15,20
21-148611,22-171933,True,,0.5777380990772488,1.0,0.7933493771649914,0.6103445589433533,INITIAL,INITIAL,,,8,9
21-148700,22-69458,False,TEXT_MIN,0.2085901133925841,0.2,0.4306872229988367,0.0240656431542355,INITIAL,INITIAL,,,19,12
21-150948,22-66848,False,TEXT_MIN,0.0,0.4,0.4258935611038107,0.0331287814838702,INITIAL,INITIAL,,,6,6
21-15299,21-113953,False,TEXT_MIN,0.0462677078522514,0.4,0.4242926903019454,0.0164257555847568,INITIAL,INITIAL,,,16,18
21-153479,22-52027,False,TEXT_MIN;INITIAL_SOURCE,0.1931834638617366,0.1,0.3583369455973371,0.0103415961693987,RECTIFICATIF,INITIAL,21-143183,,14,27
21-156348,22-130851,False,TEXT_MIN,0.1221542915628732,1.0,0.6763282464622488,0.1109554549921986,INITIAL,INITIAL,,,16,15
21-157552,22-43134,False,TEXT_MIN,0.2637824058671478,0.2,0.4078757474411495,0.0127607193989149,INITIAL,INITIAL,,,26,24
21-160384,22-93332,False,TEXT_MIN,0.1079569319162648,1.0,0.6067205372088005,0.6067205372088005,INITIAL,INITIAL,,,23,13
21-161904,22-90329,False,TEXT_MIN,0.2263034731243246,1.0,0.5936937320192692,0.1467987960893674,INITIAL,INITIAL,,,12,18
21-163566,22-6934,False,INITIAL_CANDIDATE;NO_EXPLICIT_LINKED_NOTICE_REF,0.8309192730130208,0.1,0.4241309877796995,0.1360582968732896,INITIAL,RECTIFICATIF,,21-163566,4,5
21-163822,22-102623,False,TEXT_MIN,0.2007641085727083,1.0,0.6515223657271234,0.3545532331587002,INITIAL,INITIAL,,,16,25
21-16407,21-89893,False,TEXT_MIN,0.0801108775211593,0.2,0.3528679792743243,0.16533445752905,INITIAL,INITIAL,,,26,27
21-16505,22-13142,False,TEXT_MIN,0.1463782647763896,0.2,0.4102818889485651,0.0507026101915122,INITIAL,INITIAL,,,26,26
21-167647,22-92446,False,TEXT_MIN,0.0,0.2,0.3563118703460359,0.2356951493197199,INITIAL,INITIAL,,,14,5
21-170414,22-116324,False,TEXT_MIN,0.1065960680045207,0.0,0.3790957460092038,0.068801976517006,INITIAL,INITIAL,,,20,21
21-17328,21-23641,False,INITIAL_CANDIDATE;NO_EXPLICIT_LINKED_NOTICE_REF,1.0000000000000004,1.0,0.7587844940867281,0.180164727712407,INITIAL,RECTIFICATIF,,21-17328,22,22
21-23641,21-35440,False,INITIAL_SOURCE,0.3835603862493899,1.0,0.5786197663743211,0.265919654401776,RECTIFICATIF,INITIAL,21-17328,,22,23
21-23645,21-51020,True,,1.0,1.0,0.7888983793254489,0.4926918793790283,INITIAL,INITIAL,,,10,10
21-24515,21-35279,False,INITIAL_CANDIDATE;NO_EXPLICIT_LINKED_NOTICE_REF,0.9999999999999994,1.0,0.8258563293911518,0.8258563293911518,INITIAL,RECTIFICATIF,,21-24515,12,12
21-25617,22-54720,False,TEXT_MIN,0.0454141721863328,0.2,0.357454311995396,0.0045114130863053,INITIAL,INITIAL,,,23,18
21-26779,22-69952,False,TEXT_MIN,0.0214735303641895,0.2,0.392877102250331,0.0001381263995825,INITIAL,INITIAL,,,9,14
21-28963,22-69458,False,TEXT_MIN,0.2467054280577159,0.2,0.4522404609240113,0.0303202582472855,INITIAL,INITIAL,,,16,12
21-29818,22-28887,True,,1.0000000000000002,1.0,0.7727770477441962,0.7727770477441962,INITIAL,INITIAL,,,13,13
21-35196,21-89893,True,,0.4837454701047893,1.0,0.6752811291665493,0.6752811291665493,INITIAL,INITIAL,,,24,27
21-35440,22-22098,False,TEXT_MIN,0.0022929992310267,1.0,0.3822107845096592,0.082748376752617,INITIAL,INITIAL,,,23,16
21-35651,21-130956,True,,0.3015265330963383,0.0,0.3977397180335651,0.0102069487050772,INITIAL,INITIAL,,,15,20
21-35939,21-78393,False,TEXT_MIN,0.2904337635881374,1.0,0.5747705207162073,0.2626681165152201,INITIAL,INITIAL,,,12,20
21-36205,21-53968,True,,0.3987912863430825,1.0,0.545623818376014,0.2547369455516959,INITIAL,INITIAL,,,12,21
21-37354,22-39260,False,TEXT_MIN,0.1849168232043593,0.0,0.3569263195713725,0.0673234678880939,INITIAL,INITIAL,,,14,22
21-40444,21-154866,False,TEXT_MIN,0.0077159761869277,1.0,0.5292030007762438,0.5292030007762438,INITIAL,INITIAL,,,16,12
21-42297,21-157863,False,TEXT_MIN,0.2236767744468439,0.0,0.3841804321602061,0.0848664038545773,INITIAL,INITIAL,,,14,16
21-45579,21-96114,False,TEXT_MIN,0.2072900401572895,0.0,0.3497000028855375,0.0277291046250063,INITIAL,INITIAL,,,22,25
21-46043,22-13142,False,TEXT_MIN,0.1539168482250266,0.2,0.399232263501624,0.0296777829123593,INITIAL,INITIAL,,,11,26
21-51104,22-159813,False,MIN_TOKEN_COUNT,0.4494427224676989,0.2,0.4588643045938742,0.1142178016440813,INITIAL,INITIAL,,,4,3
21-51989,21-53976,False,TEXT_MIN,0.0728326216269307,1.0,0.3891050837980722,0.0338430252399064,INITIAL,INITIAL,,,9,10
21-57207,21-126684,False,TEXT_MIN,0.0081623189054673,0.0,0.3446439338245351,0.0313085033482867,INITIAL,INITIAL,,,13,6
21-57326,21-69523,False,INITIAL_CANDIDATE;NO_EXPLICIT_LINKED_NOTICE_REF,0.9884481564992734,0.1,0.4710532192075096,0.1325594376412369,INITIAL,RECTIFICATIF,,21-57326,22,23
21-61224,21-96695,False,TEXT_MIN;INITIAL_SOURCE,0.1026665567726758,1.0,0.4857821779190568,0.4857821779190568,ANNULATION,INITIAL,21-14714,,21,25
21-69590,21-148591,False,TEXT_MIN,0.1524964514440419,0.1,0.3728415635244685,0.0651397352443787,INITIAL,INITIAL,,,11,15
21-71012,21-96769,True,,1.0,1.0,0.7711038107752957,0.7711038107752957,INITIAL,INITIAL,,,11,11
21-71538,21-119536,True,,0.5147627498211851,0.0,0.3779242992749093,0.0048032847155992,INITIAL,INITIAL,,,22,10
21-73723,21-134527,False,TEXT_MIN,0.1294027440277249,0.1,0.3770780826173253,0.1142423974580956,INITIAL,INITIAL,,,26,17
21-74412,21-83160,False,TEXT_MIN,0.2204913526654261,1.0,0.4558425822809061,0.1787525941220933,INITIAL,INITIAL,,,16,22
21-7561,21-85552,False,TEXT_MIN,0.1166485224773451,0.4,0.4352378457667642,0.0276021451159286,INITIAL,INITIAL,,,25,28
21-76081,21-122032,False,TEXT_MIN,0.0034704847216146,1.0,0.4948655675938704,0.1573019973821152,INITIAL,INITIAL,,,14,9
21-76634,21-163822,False,TEXT_MIN,0.0215436136247632,0.6,0.4017233571909185,0.0373069304196045,INITIAL,INITIAL,,,21,16
21-78101,22-171933,True,,0.5777380990772488,1.0,0.8070375068189556,0.1218243539202803,INITIAL,INITIAL,,,8,9
21-78352,21-143183,False,TEXT_MIN,0.0663404925311698,1.0,0.571622588943071,0.1200515306388146,INITIAL,INITIAL,,,29,14
21-78563,21-117615,False,TEXT_MIN;INITIAL_CANDIDATE,0.0228237239224248,0.6,0.3624758197986042,0.0164257555847568,INITIAL,RECTIFICATIF,,21-113953,31,18
21-82013,22-98745,False,TEXT_MIN;MIN_TOKEN_COUNT,0.0,0.6,0.4054380201489268,0.4054380201489268,INITIAL,INITIAL,,,1,29
21-83144,22-48493,True,,0.3810362171669224,0.1,0.4678874241468372,0.1425954492948254,INITIAL,INITIAL,,,7,17
21-85552,22-26998,False,TEXT_MIN,0.0889352484282705,0.4,0.3735233071645246,0.0428468961327075,INITIAL,INITIAL,,,28,23
21-85842,22-26998,False,TEXT_MIN,0.0328395261247188,0.6,0.4179962432544706,0.0923649705355048,INITIAL,INITIAL,,,6,23
21-86124,21-161507,True,,0.798419998471066,1.0,0.8264816030566384,0.8264816030566384,INITIAL,INITIAL,,,6,6
21-86231,22-159813,False,TEXT_MIN;MIN_TOKEN_COUNT,0.0,0.2,0.3617871222076215,0.134143670608848,INITIAL,INITIAL,,,2,3
21-86348,22-141031,True,,0.4359435260384555,0.2,0.4075999450201611,0.0039552103807362,INITIAL,INITIAL,,,11,6
21-88219,22-60784,False,TEXT_MIN,0.0606317102817834,0.4,0.4624760263252996,0.014158279333408,INITIAL,INITIAL,,,15,22
21-91773,22-74813,True,,0.5563730870462691,0.2,0.3689903264145078,0.040282485853842,INITIAL,INITIAL,,,6,6
21-92788,22-6934,False,TEXT_MIN;INITIAL_SOURCE;INITIAL_CANDIDATE,0.0625726574436138,0.1,0.3509499263820935,0.0277162875923007,RECTIFICATIF,RECTIFICATIF,21-78352,21-163566,25,5
21-96114,21-150402,False,TEXT_MIN,0.0439861905406523,1.0,0.5405287628346509,0.1897095867599297,INITIAL,INITIAL,,,25,21
21-97876,21-143183,False,TEXT_MIN,0.0140062517354625,1.0,0.5026595249449064,0.1632472057047794,INITIAL,INITIAL,,,13,14
22-104764,23-74653,False,TEXT_MIN,0.0124241221097068,1.0,0.606135564946019,0.0043484427383972,INITIAL,INITIAL,,,13,10
22-105384,24-43365,True,,0.5576746382331395,1.0,0.708304826841958,0.0424332019272886,INITIAL,INITIAL,,,9,9
22-105581,22-167195,True,,0.6479006932094956,1.0,0.6396561756062407,0.4575471569470599,INITIAL,INITIAL,,,6,16
22-105832,23-41648,False,TEXT_MIN,0.0,0.4,0.4371484888304862,0.111064136647598,INITIAL,INITIAL,,,9,13
22-108057,23-34705,False,TEXT_MIN,0.0751078972301109,0.4,0.4029040583800789,0.0148551941811866,INITIAL,INITIAL,,,11,28
22-111359,23-102643,False,TEXT_MIN,0.0709916422540964,1.0,0.4267875040486796,0.0171361236711918,INITIAL,INITIAL,,,9,28
22-114731,23-168051,False,TEXT_MIN,0.1705777028350568,0.8,0.4772317623523224,0.0336331242740544,INITIAL,INITIAL,,,28,8
22-115287,23-101593,False,TEXT_MIN,0.0,0.2,0.3494678055190539,0.0782334252122529,INITIAL,INITIAL,,,7,9
22-116324,23-117420,False,TEXT_MIN,0.2293048891509989,0.2,0.4628804518949214,0.1268746435883829,INITIAL,INITIAL,,,21,28
22-118191,22-165917,False,TEXT_MIN,0.0123424722458668,1.0,0.5116588928813228,0.1360812619330984,INITIAL,INITIAL,,,27,8
22-120001,22-126881,False,TEXT_MIN,0.0168891306870142,1.0,0.5094482084430393,0.0782609108985367,INITIAL,INITIAL,,,12,4
22-121360,23-66104,False,TEXT_MIN,0.0051518123521604,0.4,0.377355039710904,0.0034469194145639,INITIAL,INITIAL,,,18,10
22-122079,23-24028,False,TEXT_MIN;MIN_TOKEN_COUNT,0.236539511625371,0.0,0.4218383253457086,0.0863902963818368,INITIAL,INITIAL,,,24,2
22-122955,23-34018,False,TEXT_MIN;INITIAL_CANDIDATE,0.2422211017603772,0.1,0.4234085726507356,0.0273762593079281,INITIAL,RECTIFICATIF,,23-23775,23,20
22-123803,23-66104,False,TEXT_MIN,0.2487855677940983,0.4,0.4708397319079607,0.1151007230830629,INITIAL,INITIAL,,,13,10
22-124106,22-150817,False,TEXT_MIN,0.0865955494407925,0.2,0.3499667865881144,0.0224619009731886,INITIAL,INITIAL,,,4,6
22-126767,23-76444,False,TEXT_MIN,0.2015289286822492,0.0,0.4150598731772016,0.0883647382131262,INITIAL,INITIAL,,,18,14
22-126881,22-160850,False,TEXT_MIN,0.0184120580448715,0.4,0.4121100109420739,0.1031743999039661,INITIAL,INITIAL,,,4,9
22-12758,23-47137,True,,0.8273712072782659,0.2,0.4734213592534814,0.4734213592534814,INITIAL,INITIAL,,,11,15
22-127882,23-43054,False,TEXT_MIN,0.0309240798728421,0.0,0.3498729242323235,0.0293600122078506,INITIAL,INITIAL,,,21,16
22-130851,23-90833,True,,0.7843386056474413,0.6,0.7949368212188296,0.2720904791293373,INITIAL,INITIAL,,,15,16
22-133794,23-34705,False,TEXT_MIN,0.1016259706232698,0.4,0.4354552044794235,0.0189074304557713,INITIAL,INITIAL,,,14,28
22-13674,23-39978,True,,0.7713436601609731,0.0,0.3773859621776721,0.2293728649757106,INITIAL,INITIAL,,,23,14
22-136844,24-88815,False,TEXT_MIN,0.0,0.2,0.3785173017958826,0.0408366184844503,INITIAL,INITIAL,,,6,19
22-137807,22-166987,True,,0.3143480155576154,1.0,0.561239501459182,0.3576358283662251,INITIAL,INITIAL,,,15,14
22-138398,23-96123,True,,0.3084267223389593,0.0,0.4165805398532393,0.192815756673213,INITIAL,INITIAL,,,9,14
22-138409,22-154906,False,INITIAL_CANDIDATE;NO_EXPLICIT_LINKED_NOTICE_REF,0.9847985477409534,0.1,0.4834639857960617,0.4834639857960617,INITIAL,RECTIFICATIF,,22-138409,14,15
22-141594,23-37581,False,TEXT_MIN,0.0953753552560184,0.2,0.4036857983431106,0.1269179817075132,INITIAL,INITIAL,,,9,17
22-142509,23-78413,False,TEXT_MIN,0.1222622310783074,0.2,0.3884575715037763,0.0105414382759601,INITIAL,INITIAL,,,24,12
22-143289,23-113446,False,TEXT_MIN,0.0379260310397903,0.2,0.3904225996944128,0.0677569670369822,INITIAL,INITIAL,,,21,19
22-146330,23-41937,True,,0.5607102418936469,0.2,0.3965157769536218,0.1164830621284994,INITIAL,INITIAL,,,7,11
22-150264,22-162091,False,TEXT_MIN,0.0895813654492879,1.0,0.4732939071669967,0.1018673829284945,INITIAL,INITIAL,,,24,21
22-15069,22-120791,False,TEXT_MIN,0.0124215247902589,0.4,0.4247658429188157,0.2721999660669669,INITIAL,INITIAL,,,19,4
22-153148,23-63743,False,TEXT_MIN,0.1695449992523172,0.2,0.4597590589805361,0.0337013312185218,INITIAL,INITIAL,,,13,18
22-153504,23-125766,False,TEXT_MIN,0.1569072856964705,1.0,0.4910783033884208,0.0476768525458802,INITIAL,INITIAL,,,23,20
22-154717,23-125766,False,TEXT_MIN,0.2882119863603319,1.0,0.5411413875169615,0.0851828105876542,INITIAL,INITIAL,,,13,20
22-156333,23-60788,False,TEXT_MIN,0.0523687726539455,0.4,0.4609528111209527,0.1140499587407837,INITIAL,INITIAL,,,33,18
22-157032,23-85576,False,TEXT_MIN,0.2511726153494626,0.0,0.4160094079259694,0.0484847494232023,INITIAL,INITIAL,,,14,22
22-157410,23-58292,False,TEXT_MIN,0.0433320867237163,0.4,0.3972577765644264,0.0523445960938773,INITIAL,INITIAL,,,18,14
22-159813,23-115723,False,MIN_TOKEN_COUNT,0.7337418706179899,1.0,0.7586734304499803,0.7586734304499803,INITIAL,INITIAL,,,3,4
22-162095,23-66104,False,TEXT_MIN,0.2030310557741881,0.6,0.4532290692581537,0.0036922920269577,INITIAL,INITIAL,,,18,10
22-163372,23-130718,False,TEXT_MIN,0.0797267142813464,0.2,0.3790453924864256,0.1282674870021062,INITIAL,INITIAL,,,14,20
22-163765,23-49047,True,,0.3138657244339749,0.0,0.4215262405207918,0.4215262405207918,INITIAL,INITIAL,,,14,22
22-16534,23-117420,False,TEXT_MIN,0.0687273128727981,0.2,0.4025718613013619,0.0797790230239373,INITIAL,INITIAL,,,13,28
22-165672,23-28773,True,,1.0,1.0,0.856274638633377,0.856274638633377,INITIAL,INITIAL,,,7,7
22-165686,23-130718,False,TEXT_MIN,0.0247758939493085,0.0,0.3436146202628974,0.0769561483060614,INITIAL,INITIAL,,,11,20
22-165917,23-144303,False,TEXT_MIN,0.2113927985482938,1.0,0.5142546717827481,0.1223686558951042,INITIAL,INITIAL,,,8,26
22-165925,23-163953,False,TEXT_MIN,0.0227668810350094,1.0,0.438958333898828,0.438958333898828,INITIAL,INITIAL,,,23,18
22-16811,22-127882,False,TEXT_MIN,0.1025584826114456,0.2,0.3760860076787892,0.3760860076787892,INITIAL,INITIAL,,,13,21
22-171933,24-43365,True,,0.5576746382331395,1.0,0.6603963730530836,0.0424332019272886,INITIAL,INITIAL,,,9,9
22-17364,22-39410,True,,1.0,1.0,0.7108760402978536,0.3488542592032536,INITIAL,INITIAL,,,14,14
22-19299,23-2072,False,TEXT_MIN,0.2161973416118738,0.0,0.3774561917717773,0.142934780682891,INITIAL,INITIAL,,,18,15
22-20320,22-162091,False,TEXT_MIN,0.234852196439751,0.0,0.4212477650307415,0.0087379095773907,INITIAL,INITIAL,,,17,21
22-21573,22-48708,False,TEXT_MIN,0.0241213537774882,0.2,0.3896974015487963,0.0112059627851528,INITIAL,INITIAL,,,8,20
22-24405,22-143289,False,TEXT_MIN,0.0348455986331712,0.0,0.3539830817292315,0.1256442824410071,INITIAL,INITIAL,,,17,21
22-24441,22-135485,False,TEXT_MIN,0.0,0.8,0.3802671922908453,0.1063118703460359,INITIAL,INITIAL,,,13,18
22-26998,22-108057,False,TEXT_MIN,0.2151009371382511,1.0,0.6606466946212526,0.2090888366780496,INITIAL,INITIAL,,,23,11
22-29878,22-162091,False,TEXT_MIN,0.2512917466966607,1.0,0.6270782611467222,0.1093669305616578,INITIAL,INITIAL,,,22,21
22-30678,22-114731,False,TEXT_MIN,0.013561325773184,0.2,0.4051647732628396,0.0051049517597041,INITIAL,INITIAL,,,15,28
22-32770,22-150264,False,TEXT_MIN,0.1221608331219366,0.2,0.3624146358765149,0.0435610403725034,INITIAL,INITIAL,,,12,24
22-34888,22-118191,True,,0.3049917236310229,0.0,0.4057965995476867,0.0770327461404699,INITIAL,INITIAL,,,18,27
22-35499,22-150817,False,TEXT_MIN,0.0980893014093931,0.0,0.3460044924621881,0.0875405826994678,INITIAL,INITIAL,,,9,6
22-39212,22-111359,False,TEXT_MIN,0.12906299866147,0.6,0.4954764735350186,0.0862356405222409,INITIAL,INITIAL,,,22,9
22-39410,22-150236,False,TEXT_MIN,0.2780185548325784,0.1,0.3647594070253928,0.3647594070253928,INITIAL,INITIAL,,,14,20
22-39639,22-123803,False,TEXT_MIN,0.0271349453601687,0.8,0.5967596049452663,0.0171878228463553,INITIAL,INITIAL,,,27,13
22-39891,22-118191,True,,0.3063482320686404,0.2,0.4553208737776816,0.0480969820585296,INITIAL,INITIAL,,,24,27
22-40744,22-162091,False,TEXT_MIN,0.0028231995701595,1.0,0.5729657808219606,0.038493585887208,INITIAL,INITIAL,,,5,21
22-42168,22-141594,False,TEXT_MIN,0.0056982338185514,0.2,0.3941998132863397,0.1890207773789831,INITIAL,INITIAL,,,9,9
22-48708,22-156333,True,,0.4325991114597768,1.0,0.6700036443328666,0.2731326773334184,INITIAL,INITIAL,,,20,33
22-51860,23-41648,False,TEXT_MIN,0.0841251777092865,0.2,0.4243868695788898,0.0879908288104595,INITIAL,INITIAL,,,14,13
22-52027,22-157410,False,TEXT_MIN,0.0368031410569187,1.0,0.5530716381347047,0.0492964794465149,INITIAL,INITIAL,,,27,18
22-52158,22-61807,False,TEXT_MIN,0.1159640952732297,1.0,0.464733294055223,0.0549259290917627,INITIAL,INITIAL,,,9,17
22-54720,23-56040,False,TEXT_MIN,0.1553331393590458,0.0,0.3879408431909091,0.2064059529864802,INITIAL,INITIAL,,,18,20
22-55032,22-61807,False,TEXT_MIN,0.1014920244467494,1.0,0.4514551914735765,0.0824923022068232,INITIAL,INITIAL,,,11,17
22-60784,23-56040,False,TEXT_MIN,0.0172953299101027,0.2,0.3435062783025263,0.3435062783025263,INITIAL,INITIAL,,,22,20
22-61807,22-123056,False,TEXT_MIN,0.040718664688816,0.2,0.3640237621636436,0.0318507465889189,INITIAL,INITIAL,,,17,12
22-66076,22-69458,True,,0.7565369035163249,1.0,0.7064239214869554,0.494138465543089,INITIAL,INITIAL,,,17,12
22-66848,23-48532,False,TEXT_MIN,0.0508806655099558,0.2,0.3850706069976917,0.0214518615565374,INITIAL,INITIAL,,,6,13
22-69242,22-142509,False,TEXT_MIN,0.1171757559869945,1.0,0.6622664423221235,0.2020452273892337,INITIAL,INITIAL,,,10,24
22-69543,22-122955,True,,0.5980662923303395,0.1,0.4617191725302487,0.2382473707301682,INITIAL,INITIAL,,,23,23
22-69952,23-20260,False,TEXT_MIN,0.0289871008751316,1.0,0.5396899443514122,0.1208195613164307,INITIAL,INITIAL,,,14,21
22-72517,22-162091,True,,0.6945790828601311,1.0,0.8698328585893068,0.1897527768244209,INITIAL,INITIAL,,,27,21
22-72719,23-47137,True,,0.8491594140800574,0.2,0.5741265132810642,0.5741265132810642,INITIAL,INITIAL,,,13,15
22-74356,23-48532,False,TEXT_MIN,0.0141730377286598,0.2,0.3722229372742381,0.0645943058410644,INITIAL,INITIAL,,,13,13
22-74813,23-115723,False,TEXT_MIN,0.2928378930482742,0.2,0.3643570383005797,0.3643570383005797,INITIAL,INITIAL,,,6,4
22-76804,22-143552,False,TEXT_MIN,0.1706395910963415,0.0,0.361510979091341,0.361510979091341,INITIAL,INITIAL,,,18,17
22-77622,23-56040,False,TEXT_MIN,0.1599456576771226,0.2,0.4386047208790647,0.23414355054772,INITIAL,INITIAL,,,23,20
22-7823,22-115191,True,,0.4503347075613951,0.2,0.4865527586845961,0.1056883332594668,INITIAL,INITIAL,,,26,28
22-7862,22-49221,False,TEXT_MIN;INITIAL_SOURCE,0.1246458263129395,0.8,0.4594823686006808,0.1955202504295338,RECTIFICATIF,INITIAL,22-4281,,12,25
22-83128,23-139972,False,TEXT_MIN,0.2551002495842083,1.0,0.5312255166142189,0.071549916627787,INITIAL,INITIAL,,,22,27
22-83349,23-90833,True,,0.879425031234136,0.6,0.71871203294246,0.1761503252300544,INITIAL,INITIAL,,,11,16
22-84979,22-124106,False,TEXT_MIN,0.0105615023376393,1.0,0.4209983217007843,0.1585390857685752,INITIAL,INITIAL,,,16,4
22-85365,23-104062,False,TEXT_MIN,0.1534062016096873,0.0,0.3694718464284804,0.010104906193558,INITIAL,INITIAL,,,30,20
22-8860,23-16355,False,TEXT_MIN,0.019283845617725,0.2,0.3825290218312935,0.0451606084275241,INITIAL,INITIAL,,,21,17
22-88894,22-142509,False,TEXT_MIN,0.1159423369260412,1.0,0.6070822270349335,0.2830896733774652,INITIAL,INITIAL,,,9,24
22-90329,24-13163,True,,0.319989429075903,1.0,0.5388797868169515,0.0041064388961892,INITIAL,INITIAL,,,18,8
22-94102,22-162095,False,TEXT_MIN,0.0050711662659135,0.6,0.4948169581273667,0.0258998586229911,INITIAL,INITIAL,,,14,18
22-94408,23-43274,False,TEXT_MIN,0.0425600326049334,0.2,0.3975197521037985,0.0545793450274529,INITIAL,INITIAL,,,18,12
22-94454,23-102643,False,TEXT_MIN,0.0354818246904081,0.2,0.3591488182299039,0.0333085074099086,INITIAL,INITIAL,,,16,28
22-94809,23-70584,True,,0.4514647026095493,1.0,0.7505225013666931,0.250708277937392,INITIAL,INITIAL,,,26,14
22-94904,22-156333,False,TEXT_MIN,0.026980162191358,0.2,0.3592152862895333,0.0092388504695217,INITIAL,INITIAL,,,19,33
22-95015,22-127675,False,TEXT_MIN,0.0078690248934534,0.6,0.4311575752698703,0.1376895415563122,INITIAL,INITIAL,,,12,23
22-95027,23-115723,True,,0.5074468667298777,0.2,0.3669230919231313,0.3669230919231313,INITIAL,INITIAL,,,4,4
22-95663,23-51088,False,TEXT_MIN,0.1795097382713362,0.4,0.3576203488242274,0.0098213299670094,INITIAL,INITIAL,,,12,14
23-104062,23-160148,False,TEXT_MIN,0.0409057023951069,0.0,0.356104118045909,0.0302450022413712,INITIAL,INITIAL,,,20,8
23-106736,23-148858,True,,0.6204208616569318,1.0,0.6971100698672674,0.6971100698672674,INITIAL,INITIAL,,,15,17
23-108546,24-21999,False,TEXT_MIN,0.0,0.2,0.3744108628996934,0.3744108628996934,INITIAL,INITIAL,,,10,10
23-109005,23-108932,True,,0.5939034088334406,0.0,0.3895021983479459,0.3895021983479459,INITIAL,INITIAL,,,22,17
23-109930,23-108932,True,,1.0,0.2,0.676502409110819,0.676502409110819,INITIAL,INITIAL,,,17,17
23-110154,24-15971,False,TEXT_MIN,0.0727257735828611,0.4,0.4010059261416492,0.036957950065703,INITIAL,INITIAL,,,11,8
23-117420,24-47720,False,TEXT_MIN,0.22939075494925,0.0,0.348157986308453,0.0287450722733245,INITIAL,INITIAL,,,28,15
23-118784,24-76881,False,TEXT_MIN,0.0121119698767382,1.0,0.4762935039553252,0.1691995197087341,INITIAL,INITIAL,,,12,19
23-120222,23-154026,True,,1.0000000000000002,1.0,0.7960468681559352,0.3777049034605608,INITIAL,INITIAL,,,10,10
23-122162,23-179864,True,,0.4394412007805104,0.4,0.6128539165500073,0.6128539165500073,INITIAL,INITIAL,,,7,23
23-12403,23-106340,False,TEXT_MIN,0.0080270714678537,0.0,0.3514406620483524,0.3514406620483524,INITIAL,INITIAL,,,13,13
23-12419,23-174149,False,TEXT_MIN,0.0,0.4,0.4672623740692071,0.0396955759964957,INITIAL,INITIAL,,,5,12
23-125744,23-130844,False,INITIAL_CANDIDATE;NO_EXPLICIT_LINKED_NOTICE_REF,0.9552126270314414,0.1,0.441626215343615,0.441626215343615,INITIAL,RECTIFICATIF,,23-125744,6,7
23-125766,24-34987,False,TEXT_MIN,0.0331678913228809,1.0,0.6188711360322154,0.244334989515654,INITIAL,INITIAL,,,20,15
23-129683,23-132683,False,INITIAL_CANDIDATE;NO_EXPLICIT_LINKED_NOTICE_REF,0.9999999999999998,0.1,0.4477201051248357,0.4477201051248357,INITIAL,RECTIFICATIF,,23-129683,10,10
23-131760,24-14769,False,TEXT_MIN;INITIAL_CANDIDATE,0.2290923604936052,0.0,0.4110189446572121,0.0041064388961892,INITIAL,RECTIFICATIF,,24-13163,17,8
23-132830,24-34987,False,TEXT_MIN,0.1458989866827611,1.0,0.6514829545811915,0.3462033351731975,INITIAL,INITIAL,,,12,15
23-14004,23-110154,False,TEXT_MIN,0.1954474504216949,1.0,0.6704981538587189,0.321478483417881,INITIAL,INITIAL,,,22,11
23-143770,24-74484,False,TEXT_MIN,0.0386323666216413,0.0,0.3443579468020247,0.3443579468020247,INITIAL,INITIAL,,,15,23
23-144303,24-39718,False,TEXT_MIN,0.0392670820412785,0.2,0.3618424712681049,0.0374209354322719,INITIAL,INITIAL,,,26,11
23-145268,24-117855,False,TEXT_MIN,0.0273823041139292,0.0,0.3595838064398752,0.0260095620246321,INITIAL,INITIAL,,,10,24
23-154026,24-47720,False,TEXT_MIN,0.2852133225699765,0.0,0.4361365332455277,0.0013688129653964,INITIAL,INITIAL,,,10,15
23-160148,23-174149,False,TEXT_MIN,0.2085958286868033,1.0,0.5135801563347306,0.236419735320068,INITIAL,INITIAL,,,8,12
23-160919,24-54167,False,TEXT_MIN;INITIAL_CANDIDATE,0.0085345711440562,0.2,0.4020365961772484,0.0260074463425317,INITIAL,RECTIFICATIF,,24-46266,12,22
23-163699,24-65111,False,TEXT_MIN,0.0132104253417909,0.2,0.3940914543886807,0.0470845745748044,INITIAL,INITIAL,,,11,15
23-166646,24-65111,False,TEXT_MIN,0.0029072276424943,0.2,0.4000670259517017,0.0528237986496622,INITIAL,INITIAL,,,10,15
23-168051,24-80068,False,TEXT_MIN,0.2376614382512675,0.2,0.4397977977374837,0.3019486397687514,INITIAL,INITIAL,,,8,9
23-169082,24-88815,False,TEXT_MIN,0.0711816431543338,0.2,0.3651041138688,0.0160875085012769,INITIAL,INITIAL,,,12,19
23-171468,24-76881,False,TEXT_MIN,0.2469795082417876,0.2,0.4622225037497154,0.4622225037497154,INITIAL,INITIAL,,,19,19
23-174031,24-66729,False,TEXT_MIN,0.0113664407328949,0.4,0.4216589375679455,0.0619239397580463,INITIAL,INITIAL,,,10,6
23-174764,24-65111,False,TEXT_MIN,0.0051479686268125,0.2,0.3994824723308167,0.0580430568252379,INITIAL,INITIAL,,,11,15
23-20260,23-134735,False,TEXT_MIN,0.01134534039675,1.0,0.5882678467998349,0.0185604831879481,INITIAL,INITIAL,,,21,11
23-23775,23-34018,False,INITIAL_CANDIDATE;NO_EXPLICIT_LINKED_NOTICE_REF,1.0000000000000002,0.1,0.4723587385019711,0.4723587385019711,INITIAL,RECTIFICATIF,,23-23775,20,20
23-24753,23-99733,True,,0.8066153089196675,1.0,0.84030046543682,0.5346877046281959,INITIAL,INITIAL,,,19,14
23-30906,23-164280,True,,0.7490511593999327,1.0,0.7284425444233535,0.7284425444233535,INITIAL,INITIAL,,,25,36
23-3092,23-82058,False,TEXT_MIN,0.0086864995574121,0.2,0.3979833322257338,0.0507209581565266,INITIAL,INITIAL,,,8,31
23-31948,24-11486,True,,1.0000000000000002,1.0,0.8069973718791065,0.0479084537888743,INITIAL,INITIAL,,,13,13
23-34705,23-144303,False,TEXT_MIN,0.1989232319374496,0.2,0.3944523033200259,0.0228307283544088,INITIAL,INITIAL,,,28,26
23-37068,24-39718,False,TEXT_MIN,0.0246805099094784,0.4,0.4345317395721282,0.0153725625857406,INITIAL,INITIAL,,,28,11
23-37612,23-130386,False,TEXT_MIN,0.0119557128060148,0.0,0.3432339957589339,0.3432339957589339,INITIAL,INITIAL,,,14,8
23-41648,24-50203,False,TEXT_MIN,0.0076577058463928,0.4,0.4261405562227596,0.1053623798633386,INITIAL,INITIAL,,,13,10
23-48532,24-66729,False,TEXT_MIN,0.0037023071120144,0.4,0.417607677835241,0.0592414929907381,INITIAL,INITIAL,,,13,6
23-48831,23-130386,False,TEXT_MIN,0.0187645606573508,0.2,0.3631838905796128,0.3631838905796128,INITIAL,INITIAL,,,23,8
23-49047,24-33909,False,TEXT_MIN,0.2815016163589962,0.4,0.4302754562206115,0.4302754562206115,INITIAL,INITIAL,,,22,8
23-49217,23-98718,True,,0.9421072484367208,1.0,0.8538067441363826,0.4612828628740705,INITIAL,INITIAL,,,5,6
23-50514,24-27405,False,TEXT_MIN;INITIAL_CANDIDATE,0.0230838452487549,0.0,0.3580793458370642,0.036957950065703,INITIAL,RECTIFICATIF,,24-15971,9,8
23-56040,23-139972,False,TEXT_MIN,0.1567383922761435,0.2,0.437482177988722,0.0350058654173857,INITIAL,INITIAL,,,20,27
23-56091,23-98709,False,TEXT_MIN,0.2375020707614384,1.0,0.634266767254458,0.3438327942914984,INITIAL,INITIAL,,,9,7
23-58292,23-144303,False,TEXT_MIN,0.2051914761777377,0.2,0.4294976999736405,0.1321847221922003,INITIAL,INITIAL,,,14,26
23-63743,23-134735,False,TEXT_MIN,0.0084555387837856,1.0,0.5927316680968829,0.184752256321575,INITIAL,INITIAL,,,18,11
23-63763,23-134735,False,TEXT_MIN,0.0068795942241982,1.0,0.5921800875010274,0.1890241523280094,INITIAL,INITIAL,,,14,11
23-65504,24-34440,True,,0.6173513989796738,0.4,0.4667584911759563,0.21283210958144,INITIAL,INITIAL,,,18,26
23-66104,23-168051,True,,0.3188475969819713,0.4,0.4269207938538958,0.1568713938814794,INITIAL,INITIAL,,,10,8
23-68037,23-144302,False,TEXT_MIN,0.0279506598153949,1.0,0.5927108956309642,0.3111406945837632,INITIAL,INITIAL,,,12,19
23-69310,24-81981,False,TEXT_MIN,0.1652906472192924,0.0,0.3969012228035811,0.0807599649583881,INITIAL,INITIAL,,,17,13
23-69565,23-160919,False,TEXT_MIN,0.1108441681387074,0.2,0.4392137680907727,0.2297978049240281,INITIAL,INITIAL,,,12,12
23-69649,23-70292,False,INITIAL_CANDIDATE;NO_EXPLICIT_LINKED_NOTICE_REF,0.8859135620496276,0.1,0.4000697467173696,0.4000697467173696,INITIAL,ANNULATION,,23-69649,4,6
23-74379,23-174031,False,TEXT_MIN,0.0,1.0,0.5922054314498466,0.1142258669335339,INITIAL,INITIAL,,,6,10
23-74653,23-174031,True,,1.0000000000000002,1.0,0.7683661848445029,0.3497722295225581,INITIAL,INITIAL,,,10,10
23-76010,23-144516,False,TEXT_MIN,0.047236852252943,0.2,0.3591566389806018,0.0578719613660922,INITIAL,INITIAL,,,14,28
23-76444,23-166646,True,,0.3752059581415253,0.0,0.4731092075571553,0.1183891603311522,INITIAL,INITIAL,,,14,10
23-82058,23-175562,False,TEXT_MIN,0.0151224129309702,0.2,0.3755972685293437,0.065927445020145,INITIAL,INITIAL,,,31,17
23-90092,23-90557,False,INITIAL_CANDIDATE;NO_EXPLICIT_LINKED_NOTICE_REF,1.0000000000000002,0.1,0.4408760402978537,0.4408760402978537,INITIAL,ANNULATION,,23-90092,28,28
23-93496,24-88815,True,,0.4721367726653231,1.0,0.785133985194142,0.4471614389926729,INITIAL,INITIAL,,,14,19
23-98718,23-174149,False,TEXT_MIN,0.0030428748302648,0.2,0.3713694301940968,0.0407605821870885,INITIAL,INITIAL,,,6,12
23-98812,23-174149,False,TEXT_MIN,0.0031645748981338,0.0,0.348369975283554,0.0353279253492571,INITIAL,INITIAL,,,4,12
24-102164,25-88454,False,TEXT_MIN;INITIAL_SOURCE,0.175602472001819,0.0,0.3745029151349336,0.0233654234299844,RECTIFICATIF,INITIAL,24-81981,,13,24
24-102167,25-38470,False,TEXT_MIN,0.0209929424345824,0.4,0.4020628167553014,0.0202773907921381,INITIAL,INITIAL,24-90280,,13,16
24-102689,24-141388,False,TEXT_MIN,0.0,1.0,0.5747152869031975,0.1079954004516946,INITIAL,INITIAL,24-94748,,8,14
24-104541,24-117088,False,INITIAL_CANDIDATE,1.0000000000000002,1.0,0.7546780551905388,0.030113885238721,INITIAL,RECTIFICATIF,,24-104541;24-107602,25,25
24-106530,25-56786,False,TEXT_MIN;MIN_TOKEN_COUNT,0.0,1.0,0.4405716162943495,0.4405716162943495,INITIAL,INITIAL,,,1,1
24-107602,24-117088,False,INITIAL_SOURCE;INITIAL_CANDIDATE,1.0000000000000002,1.0,0.7423587385019712,0.3575604298980924,RECTIFICATIF,RECTIFICATIF,24-104541,24-104541;24-107602,25,25
24-108447,25-55152,False,TEXT_MIN,0.1857396723910716,1.0,0.6476326260289469,0.2295105923651301,INITIAL,INITIAL,,,18,25
24-110066,24-139192,True,,0.9671297844499316,1.0,0.9241612151838448,0.6942622648151915,INITIAL,INITIAL,,,27,29
24-110261,24-141388,False,TEXT_MIN,0.0441790841735729,1.0,0.5272125699557133,0.209499613615651,INITIAL,INITIAL,,,11,14
24-111199,25-1120,True,,1.0000000000000004,1.0,0.8836508979413055,0.8836508979413055,INITIAL,INITIAL,,,6,6
24-111919,24-125547,True,,0.9999999999999998,1.0,0.8768068331143232,0.8768068331143232,INITIAL,INITIAL,,,12,12
24-112213,25-24140,False,TEXT_MIN,0.0892645660830901,1.0,0.535843999793558,0.2902270879837603,INITIAL,INITIAL,,,11,14
24-11486,24-27192,False,INITIAL_CANDIDATE;NO_EXPLICIT_LINKED_NOTICE_REF,1.0000000000000002,1.0,0.7768834866403854,0.7768834866403854,INITIAL,RECTIFICATIF,,24-11486,13,13
24-117088,25-55152,False,INITIAL_SOURCE,0.361874197348759,0.0,0.3928539541793805,0.0181199047796974,RECTIFICATIF,INITIAL,24-104541;24-107602,,25,25
24-117855,24-139939,True,,0.3893913411532176,1.0,0.6589873636217601,0.1595299515458106,INITIAL,INITIAL,,,24,8
24-118232,24-121412,True,,0.5450755954398728,0.2,0.4419941544179721,0.4419941544179721,INITIAL,INITIAL,,,7,10
24-119150,25-45593,False,TEXT_MIN,0.0266914519228205,0.2,0.3738667563114016,0.0952746006972257,INITIAL,INITIAL,,,26,12
24-12133,24-62208,False,TEXT_MIN,0.0540761275941364,0.2,0.3905998816268483,0.0121067069537679,INITIAL,INITIAL,,,16,32
24-122943,25-88454,False,TEXT_MIN,0.0227829798777896,0.0,0.35660522999183,0.0311640132642592,INITIAL,INITIAL,,,16,24
24-126812,25-62715,True,,0.7277204736045386,0.1,0.5153110137685968,0.2106260074340723,INITIAL,INITIAL,,,14,19
24-130324,25-88454,False,TEXT_MIN;INITIAL_SOURCE,0.0227829798777896,0.0,0.35660522999183,0.0311640132642592,RECTIFICATIF,INITIAL,24-122943,,16,24
24-131094,25-925,True,,0.9999999999999998,1.0,0.8179478756022776,0.5158563293911518,INITIAL,INITIAL,,,5,5
24-131879,25-5091,True,,0.986120975622554,1.0,0.865105109755235,0.5064114654636801,INITIAL,INITIAL,,,21,22
24-132338,25-54937,False,TEXT_MIN,0.031198186755382,0.6,0.4133153355790136,0.0335754738462146,INITIAL,INITIAL,,,12,10
24-136086,25-54937,False,TEXT_MIN,0.1060668192019884,0.4,0.3795193569353258,0.0792884732202638,INITIAL,INITIAL,,,17,10
24-138709,25-13176,True,,0.326589939956221,1.0,0.6753336362339107,0.3261529372748705,INITIAL,INITIAL,,,8,12
24-138890,25-27783,False,TEXT_MIN;INITIAL_CANDIDATE,0.0101464016033246,0.8,0.5508136146303708,0.0383267630310995,INITIAL,RECTIFICATIF,,25-14799,4,15
24-139939,25-86184,False,TEXT_MIN,0.0106362814922456,1.0,0.549692913152159,0.0279057909445373,INITIAL,INITIAL,,,8,15
24-140072,25-51370,False,TEXT_MIN,0.1165588084771432,0.2,0.4412138922092252,0.0037932301415375,INITIAL,INITIAL,,,21,11
24-140255,25-51370,False,TEXT_MIN,0.1234546160393632,0.0,0.3836274248560023,0.0104273736099756,INITIAL,INITIAL,,,14,11
24-140261,25-3181,False,INITIAL_CANDIDATE;NO_EXPLICIT_LINKED_NOTICE_REF,0.9999999999999996,1.0,0.719088918090232,0.3954200865728713,INITIAL,RECTIFICATIF,,24-140261,12,12
24-140762,25-73236,False,TEXT_MIN,0.1002829761316581,0.0,0.3659356601305306,0.1173183751688952,INITIAL,INITIAL,,,23,15
24-142269,25-63023,True,,0.5473301722348802,1.0,0.6964713859501888,0.1790684928980817,INITIAL,INITIAL,,,11,12
24-19872,24-141111,False,TEXT_MIN,0.0385155481293179,0.0,0.3470546862605044,0.0013688129653963,INITIAL,INITIAL,,,21,26
24-24049,24-141111,False,TEXT_MIN;INITIAL_SOURCE,0.0385155481293179,0.0,0.3470546862605044,0.0013688129653963,RECTIFICATIF,INITIAL,24-19872,,21,26
24-27595,25-117061,False,TEXT_MIN,0.0040840612145054,0.2,0.3580457157746169,0.0489094152501476,INITIAL,INITIAL,,,4,14
24-27614,25-117061,False,TEXT_MIN,0.0097276040714467,0.2,0.4079294095634207,0.0540507411446734,INITIAL,INITIAL,,,9,14
24-29089,24-141111,False,TEXT_MIN,0.0318761256211383,0.2,0.3705105642477313,0.0013688129653964,INITIAL,INITIAL,,,20,26
24-31691,24-119150,False,TEXT_MIN,0.1054404833472774,0.2,0.3617333413134656,0.0301275834975315,INITIAL,INITIAL,,,24,26
24-34987,24-127528,False,TEXT_MIN,0.0580982444584872,1.0,0.5660001761868394,0.2895244159633923,INITIAL,INITIAL,,,15,22
24-36186,24-37419,False,NO_EXPLICIT_LINKED_NOTICE_REF,1.0,1.0,0.8357424441524309,0.5427528230371353,INITIAL,INITIAL,,24-36186,20,20
24-44676,24-55356,False,NO_EXPLICIT_LINKED_NOTICE_REF,0.5775810299797278,1.0,0.7234849417456423,0.4606732777159,INITIAL,INITIAL,,24-44676,18,23
24-45430,26-16813,False,TEXT_MIN,0.0963508283128374,1.0,0.5711757027434834,0.1592093239912785,INITIAL,INITIAL,,,18,30
24-48331,25-47444,False,TEXT_MIN,0.0164901557232741,0.2,0.3952393600221998,0.0418491825815151,INITIAL,INITIAL,,,19,14
24-57634,24-67023,True,,0.5723165653929778,0.0,0.3723651123860091,0.3723651123860091,INITIAL,INITIAL,,,13,20
24-57852,25-47444,False,TEXT_MIN;INITIAL_SOURCE,0.0164901557232741,0.2,0.3952393600221998,0.0418491825815151,RECTIFICATIF,INITIAL,24-48331,,19,14
24-60252,24-72692,False,INITIAL_CANDIDATE;NO_EXPLICIT_LINKED_NOTICE_REF,1.0,1.0,0.8699627682873411,0.6711047076996886,INITIAL,RECTIFICATIF,,24-60252,6,6
24-62208,24-102167,False,TEXT_MIN,0.0290652497971823,0.4,0.3692989872319048,0.0312451981650127,INITIAL,INITIAL,,24-90280,32,13
24-62548,24-74174,False,INITIAL_CANDIDATE;NO_EXPLICIT_LINKED_NOTICE_REF,1.0,1.0,0.7864651773981602,0.7864651773981602,INITIAL,RECTIFICATIF,,24-62548,20,20
24-66818,25-21094,False,TEXT_MIN,0.1565467270276528,0.0,0.3760462821863539,0.0273516258168258,INITIAL,INITIAL,24-50824,,21,19
24-73665,24-81519,False,INITIAL_CANDIDATE;NO_EXPLICIT_LINKED_NOTICE_REF,0.9999999999999996,1.0,0.8124726237406918,0.1813331485798752,INITIAL,RECTIFICATIF,,24-73665,10,10
24-74996,25-124768,False,TEXT_MIN;MIN_TOKEN_COUNT,0.2601384698112211,0.2,0.4832538958837741,0.1998466929478756,INITIAL,INITIAL,,,6,3
24-76881,25-103197,False,TEXT_MIN,0.202346285603843,1.0,0.5593012700445689,0.1683020760199153,INITIAL,INITIAL,,,19,15
24-80432,24-139939,False,TEXT_MIN,0.0220012805468144,0.4,0.440742498125682,0.0246075528591054,INITIAL,INITIAL,,,13,8
24-81519,24-139939,False,TEXT_MIN;INITIAL_SOURCE,0.0165088815370056,1.0,0.6530404826071591,0.0725058472187085,RECTIFICATIF,INITIAL,24-73665,,10,8
24-81981,25-88454,False,TEXT_MIN,0.175602472001819,0.0,0.3745029151349336,0.0233654234299844,INITIAL,INITIAL,,,13,24
24-82099,24-83982,False,TEXT_MIN,0.0032672562178939,1.0,0.3661260188703058,0.3661260188703058,INITIAL,INITIAL,,,15,11
24-83533,25-37560,True,,1.0,0.0,0.5111038107752957,0.5111038107752957,INITIAL,INITIAL,24-80656,24-111882;25-16964;25-35864;24-80656;24-83533,9,9
24-83640,25-53516,True,,0.3602434605502833,1.0,0.6925876203034181,0.6925876203034181,INITIAL,INITIAL,,,10,12
24-86406,25-44681,False,INITIAL_CANDIDATE,0.667910522537518,1.0,0.7345680696599227,0.0314826982041173,INITIAL,RECTIFICATIF,,25-34793,5,10
24-90280,24-102167,False,NO_EXPLICIT_LINKED_NOTICE_REF,1.0,1.0,0.8028909329829171,0.4131474329161834,INITIAL,INITIAL,,24-90280,13,13
24-94748,24-102689,False,NO_EXPLICIT_LINKED_NOTICE_REF,1.0,1.0,0.7850963644327638,0.2158563293911518,INITIAL,INITIAL,,24-94748,8,8
25-101313,26-33969,True,,0.320839280960395,1.0,0.6952219130317142,0.027376259307928,INITIAL,INITIAL,,,17,31
25-106850,25-109757,False,INITIAL_CANDIDATE;NO_EXPLICIT_LINKED_NOTICE_REF,1.0,1.0,0.7615221200175206,0.4606835357915829,INITIAL,RECTIFICATIF,,25-106850,9,9
25-109666,25-125088,False,NO_EXPLICIT_LINKED_NOTICE_REF,0.9999999999999998,1.0,0.8466929478756021,0.3374488909008387,INITIAL,INITIAL,,25-109666,26,26
25-110291,25-121229,False,NO_EXPLICIT_LINKED_NOTICE_REF,1.0,1.0,0.8288983793254489,0.4468936583672837,INITIAL,INITIAL,,25-110291,17,17
25-111245,26-9688,False,TEXT_MIN,0.0169778315231065,0.2,0.3639273483480237,0.0177055270188339,INITIAL,INITIAL,,,10,19
25-113007,25-135765,False,TEXT_MIN,0.0233055459521142,1.0,0.4459909314467967,0.2553913520712895,INITIAL,INITIAL,,,7,16
25-1181,25-2044,False,INITIAL_CANDIDATE;NO_EXPLICIT_LINKED_NOTICE_REF,0.9999999999999998,1.0,0.7536136662286465,0.7536136662286465,INITIAL,RECTIFICATIF,,25-1181,31,31
25-118828,26-45220,True,,0.4474373738467468,0.2,0.4707861732686128,0.1490926017119533,INITIAL,INITIAL,,,8,16
25-119617,25-135765,False,TEXT_MIN,0.0129602296057525,1.0,0.5463998560956971,0.2555503273989378,INITIAL,INITIAL,,,9,16
25-121114,25-129489,False,INITIAL_CANDIDATE,1.0000000000000002,1.0,0.8699627682873412,0.4817494249217273,INITIAL,RECTIFICATIF,,,10,10
25-121229,26-9688,False,TEXT_MIN,0.0568947849915413,0.2,0.3464155838578585,0.0110446515434259,INITIAL,INITIAL,25-110291,,17,19
25-121683,26-21262,False,TEXT_MIN,0.0379479074828605,0.2,0.3822173786571089,0.1814028215038495,INITIAL,INITIAL,,,11,27
25-124007,25-137684,True,,0.6369297232113044,1.0,0.6796183509995588,0.3677630562013954,INITIAL,INITIAL,,,16,24
25-125088,26-33969,True,,0.5723098455333019,0.0,0.537989129248088,0.0027376259307928,INITIAL,INITIAL,25-109666,,26,31
25-125277,26-3165,True,,0.8467874770335315,1.0,0.7875933129757526,0.7875933129757526,INITIAL,INITIAL,,,29,21
25-128632,25-138294,False,INITIAL_CANDIDATE;NO_EXPLICIT_LINKED_NOTICE_REF,0.9999999999999998,1.0,0.7478339903635567,0.3901842312951589,INITIAL,RECTIFICATIF,,25-128632,15,15
25-129489,26-45220,False,TEXT_MIN;INITIAL_SOURCE,0.0283537487062093,0.4,0.4224336675005241,0.0767811170960152,RECTIFICATIF,INITIAL,,,10,16
25-13176,25-76566,True,,0.9665085470611092,0.0,0.644475976578703,0.4285134820671821,INITIAL,INITIAL,,,12,10
25-134888,26-56462,False,TEXT_MIN,0.0475869848926572,0.4,0.4428534298197449,0.0184798554844385,INITIAL,INITIAL,,,13,25
25-135711,26-60182,False,TEXT_MIN,0.1886561945026798,0.2,0.422645962425478,0.0357247344451792,INITIAL,INITIAL,,,12,25
25-13579,25-135982,True,,0.3526344580013475,0.6,0.4833848285878128,0.1010568112861657,INITIAL,INITIAL,,,13,9
25-135982,26-44140,False,TEXT_MIN,0.2334314295980927,1.0,0.6369484817434761,0.0308377388458911,INITIAL,INITIAL,,,9,9
25-137164,26-60182,False,TEXT_MIN,0.0277969053468967,0.2,0.3704516501171432,0.0221632857891187,INITIAL,INITIAL,,,18,25
25-140719,26-59246,False,TEXT_MIN,0.2436428627839926,1.0,0.6911685630782083,0.2582269230568744,INITIAL,INITIAL,,,14,15
25-14799,25-27783,False,INITIAL_CANDIDATE;NO_EXPLICIT_LINKED_NOTICE_REF,1.0000000000000002,1.0,0.7615221200175208,0.6036596721939296,INITIAL,RECTIFICATIF,,25-14799,15,15
25-15910,26-16813,False,TEXT_MIN,0.0132705153310521,0.4,0.4278006155388862,0.0043824649292754,INITIAL,INITIAL,,,16,30
25-17738,25-98294,False,TEXT_MIN,0.0366507699809911,0.4,0.41301830825813,0.0385333796613636,INITIAL,INITIAL,,,14,16
25-20873,25-86184,False,TEXT_MIN,0.0178087807235685,0.0,0.3480201954608706,0.0083910710377223,INITIAL,INITIAL,,,28,15
25-2262,25-41441,True,,0.3619283442570504,1.0,0.5628356738846239,0.1922712889510913,INITIAL,INITIAL,,,14,13
25-22758,26-17888,False,TEXT_MIN,0.0715184725083678,0.1,0.3568185875855503,0.0491527839259183,INITIAL,INITIAL,,,13,19
25-26250,25-130935,False,TEXT_MIN,0.0061429302626179,0.2,0.3656103847684384,0.0282156307402419,INITIAL,INITIAL,,,9,13
25-26359,25-131747,False,TEXT_MIN,0.2455312233161634,1.0,0.6576091651295577,0.2960332154162317,INITIAL,INITIAL,,,7,9
25-28394,26-3380,False,TEXT_MIN,0.2832102536902695,1.0,0.6311012497639992,0.1348627584921963,INITIAL,INITIAL,,,15,12
25-33463,25-130935,False,TEXT_MIN,0.2868819059396925,0.2,0.4241734502589186,0.0415303958334678,INITIAL,INITIAL,,,20,13
25-35036,26-9132,False,TEXT_MIN,0.0814591810260886,0.4,0.3777507484007429,0.3777507484007429,INITIAL,INITIAL,,,12,17
25-36671,25-53540,False,TEXT_MIN,0.0343347363403106,0.2,0.4069602150997482,0.4069602150997482,INITIAL,INITIAL,,,9,16
25-38470,25-117061,False,TEXT_MIN,0.0134964987578611,0.4,0.4692485227036658,0.0469812203470435,INITIAL,INITIAL,,,16,14
25-40327,26-16633,False,TEXT_MIN,0.0757204814320148,1.0,0.5434228868542494,0.2861549290232917,INITIAL,INITIAL,,,8,13
25-41441,25-113300,False,TEXT_MIN,0.0748204902480559,0.4,0.3863777103516028,0.0910118142782231,INITIAL,INITIAL,,,13,16
25-44025,25-68958,True,,0.3470794838247901,1.0,0.6507178543802885,0.6507178543802885,INITIAL,INITIAL,,,6,5
25-45972,25-57091,False,INITIAL_CANDIDATE;NO_EXPLICIT_LINKED_NOTICE_REF,1.0,1.0,0.8713315812527375,0.4877495871863414,INITIAL,RECTIFICATIF,,25-45972,5,5
25-4760,25-55756,True,,0.3648007270937062,0.0,0.3596579154552019,0.0327014363985739,INITIAL,INITIAL,,,24,16
25-48468,25-49952,False,INITIAL_CANDIDATE,1.0,1.0,0.7549824791940428,0.7549824791940428,INITIAL,RECTIFICATIF,,,16,16
25-48827,25-51236,False,INITIAL_CANDIDATE,1.0000000000000002,1.0,0.798784494086728,0.006844064826982,INITIAL,ANNULATION,,25-49867,8,8
25-49867,25-51236,False,INITIAL_CANDIDATE;NO_EXPLICIT_LINKED_NOTICE_REF,1.0000000000000002,1.0,0.7974156811213315,0.2941332421040203,INITIAL,ANNULATION,,25-49867,8,8
25-50085,26-5966,False,INITIAL_CANDIDATE,0.4028549127608858,0.2,0.4890982120199675,0.036957950065703,INITIAL,RECTIFICATIF,,25-141819,18,9
25-50686,26-16633,False,TEXT_MIN,0.1519599175716963,0.0,0.3467602155653368,0.1078384553944727,INITIAL,INITIAL,,,7,13
25-51236,25-86184,False,INITIAL_SOURCE,0.3493008050516508,0.4,0.4964383741903292,0.0830049486717215,ANNULATION,INITIAL,25-49867,,8,15
25-51370,26-9688,False,TEXT_MIN,0.1300237485768086,0.6,0.4208324469120889,0.0047146830735057,INITIAL,INITIAL,,,11,19
25-51463,25-86184,False,TEXT_MIN,0.0173177507090648,0.6,0.4388754922050276,0.0179366776130806,INITIAL,INITIAL,,,13,15
25-52714,25-121114,False,TEXT_MIN,0.0252529560276724,0.8,0.530397886339865,0.0342203241349101,INITIAL,INITIAL,,,26,10
25-5328,25-49175,True,,0.3114943906943059,0.0,0.4384908422620609,0.2333323651536048,INITIAL,INITIAL,,,27,14
25-53540,26-1571,False,TEXT_MIN,0.1253677319578199,0.4,0.4372251801230381,0.4372251801230381,INITIAL,INITIAL,,,16,23
25-54937,26-15866,False,TEXT_MIN,0.1695340355517673,1.0,0.6515423438929653,0.0109505037231711,INITIAL,INITIAL,,,10,14
25-55152,26-45351,False,TEXT_MIN,0.2228239009179785,0.0,0.3469239763594002,0.0043927452979646,INITIAL,INITIAL,,,25,14
25-57091,25-118828,False,TEXT_MIN;INITIAL_SOURCE,0.0,0.2,0.3648291721419185,0.0082128777923784,RECTIFICATIF,INITIAL,25-45972,,5,8
25-5729,25-118828,False,TEXT_MIN,0.0040485084008161,0.0,0.3432041001479072,0.0049947970927933,INITIAL,INITIAL,,,9,8
25-6053,26-8489,False,TEXT_MIN,0.0114430531694821,0.6,0.4022945999277593,0.0822416236237177,INITIAL,INITIAL,,,13,8
25-61834,26-23621,False,TEXT_MIN,0.2405464206922542,0.0,0.3846095564845141,0.0409439095454606,INITIAL,INITIAL,,,25,28
25-61977,25-121114,False,TEXT_MIN,0.0170982714527238,0.0,0.3505091431468677,0.0119609845151504,INITIAL,INITIAL,,,12,10
25-63108,26-45351,False,TEXT_MIN,0.2984527147675964,0.0,0.3733940612067665,0.0045074201545359,INITIAL,INITIAL,,,19,14
25-6327,25-73652,True,,0.9963730778051578,1.0,0.7893021935261548,0.7893021935261548,INITIAL,INITIAL,,,13,12
25-65181,26-13734,False,TEXT_MIN,0.0707642217111951,0.8,0.469673303266899,0.469673303266899,INITIAL,INITIAL,,,11,20
25-71246,26-2995,False,TEXT_MIN,0.0269043271350879,0.2,0.3605575569852352,0.1102814064584437,INITIAL,INITIAL,,,27,15
25-74485,25-78511,False,INITIAL_CANDIDATE;MIN_TOKEN_COUNT,0.3551161144635867,1.0,0.6168771490416683,0.6168771490416683,INITIAL,RECTIFICATIF,,,2,20
25-74706,25-134888,False,TEXT_MIN,0.0192865092551553,0.4,0.4685374004469259,0.0786474236327186,INITIAL,INITIAL,,,25,13
25-76566,25-113007,False,TEXT_MIN,0.1217062744850293,1.0,0.6556392460040572,0.0013217577086166,INITIAL,INITIAL,,,10,7
25-78625,26-10534,False,TEXT_MIN,0.1169323946999804,0.2,0.3548050065637404,0.0024628371276121,INITIAL,INITIAL,,,11,15
25-78668,25-130089,False,TEXT_MIN,0.1232816488663299,1.0,0.6301831806949806,0.1491178121467375,INITIAL,INITIAL,,,30,25
25-7967,25-97524,False,TEXT_MIN,0.0067407971581284,0.6,0.4348691344586958,0.3137653236834001,INITIAL,INITIAL,,,7,8
25-83123,25-108260,True,,0.6833920452772277,1.0,0.7944346972311733,0.5229571323330681,INITIAL,INITIAL,,,21,23
25-86184,25-134888,False,TEXT_MIN,0.0197174353975634,0.4,0.449524843081219,0.0450085027591299,INITIAL,INITIAL,,,15,13
25-88454,26-45220,False,TEXT_MIN,0.1775848004785115,0.2,0.3462238873510095,0.0050824160223592,INITIAL,INITIAL,,,24,16
25-98294,26-26807,False,TEXT_MIN,0.2156498992075113,0.0,0.3734625720375655,0.0082371781788773,INITIAL,INITIAL,,,16,15
26-15866,26-42512,True,,1.0,1.0,0.8956657906263688,0.05338370565046,INITIAL,INITIAL,,,14,14
26-15878,26-35891,False,TEXT_MIN,0.0707020084511814,0.4,0.3644040472417506,0.0956836958571912,INITIAL,INITIAL,,,12,19
26-16442,26-29615,False,INITIAL_CANDIDATE;NO_EXPLICIT_LINKED_NOTICE_REF,1.0000000000000002,1.0,0.9257796758650898,0.9257796758650898,INITIAL,RECTIFICATIF,,26-16442,13,13
26-20134,26-26706,False,INITIAL_CANDIDATE;NO_EXPLICIT_LINKED_NOTICE_REF,0.9999999999999996,1.0,0.8176434515987734,0.8176434515987734,INITIAL,RECTIFICATIF,,26-20134,22,22
26-20284,26-56462,True,,0.4057837495219361,0.0,0.3838880880663613,0.0324312381255402,INITIAL,INITIAL,,,18,25
26-28296,26-68796,False,TEXT_MIN,0.0185128741437565,0.0,0.3455290022271435,0.020840602955358,INITIAL,INITIAL,,,26,17
26-28872,26-42512,False,INITIAL_SOURCE,1.0,1.0,0.8463885238720981,0.3027316770312069,RECTIFICATIF,INITIAL,26-15866,,14,14
26-30515,26-46704,False,TEXT_MIN,0.1119360038755604,1.0,0.5424101900555263,0.5424101900555263,INITIAL,INITIAL,,,8,18
26-32976,26-62132,True,,0.9979210513331116,1.0,0.865128697357741,0.865128697357741,INITIAL,INITIAL,,,25,26
26-33969,26-40548,False,NO_EXPLICIT_LINKED_NOTICE_REF,1.0000000000000004,1.0,0.8179478756022778,0.8179478756022778,INITIAL,INITIAL,,26-33969,31,31
26-35207,26-45351,True,,0.3078426524713041,0.2,0.349076509617694,0.349076509617694,INITIAL,INITIAL,,,10,14
26-39035,26-68796,True,,0.6347913066319002,0.2,0.5801620646361015,0.3593847348191084,INITIAL,INITIAL,,,31,17
26-42512,26-44140,False,TEXT_MIN,0.1233196687788681,1.0,0.5327063431177199,0.1163005041941541,INITIAL,INITIAL,,,14,9
26-44140,26-52332,False,TEXT_MIN;INITIAL_CANDIDATE,0.0141632622771821,0.6,0.4059842990462471,0.0124762019109481,INITIAL,RECTIFICATIF,,26-48762,9,33
26-48762,26-52332,False,INITIAL_CANDIDATE;NO_EXPLICIT_LINKED_NOTICE_REF,1.0,1.0,0.8053241349102058,0.4794715244021614,INITIAL,RECTIFICATIF,,26-48762,33,33
26-56462,26-61592,False,TEXT_MIN,0.1090917372818001,0.8,0.4379171058585293,0.2337913134068041,INITIAL,INITIAL,,,25,18
26-7971,26-11970,False,INITIAL_CANDIDATE;NO_EXPLICIT_LINKED_NOTICE_REF,1.0,1.0,0.7286706088480068,0.4708615785953535,INITIAL,RECTIFICATIF,,26-7971,12,12
26-9688,26-56462,True,,0.3388373528149058,0.2,0.5025856271426853,0.0814517886033543,INITIAL,INITIAL,,,19,25
