notice_id,buyer_key,buyer_key_type,publication_date,start_date,estimated_end_date,study_end_date,cpv_division,cpv_category,category_label,is_digital_scope,declared_duration_months,dur_was_imputed,event,time_to_event_or_censor_months,linked_candidate_notice_id,m0_composite_score,variant
15-46309,SIRET:22720002900014,RAW_SIRET,2015-03-26,2015-07-29,2018-07-29,2026-07-13,32,32584,DIGITAL_ICT,True,36.0,True,0,135.57818659658344,,,no_temporal_score_reference_pool
15-39486,NAME:altantic eau,NAME_FALLBACK,2015-03-16,2015-03-16,2015-09-16,2026-07-13,,,DIGITAL_ICT,True,6.0,True,0,135.90670170827858,,,no_temporal_score_reference_pool
15-30947,NAME:smictom de la vallee de l authion,NAME_FALLBACK,2015-03-02,2015-03-02,2019-03-02,2026-07-13,48,48000,DIGITAL_ICT,True,48.0,True,0,136.3666228646518,,,no_temporal_score_reference_pool
15-31909,NAME:etat - medad - c e t e de l ouest,NAME_FALLBACK,2015-03-03,2015-03-03,2015-09-03,2026-07-13,,,DIGITAL_ICT,True,6.0,True,0,136.33377135348226,,,no_temporal_score_reference_pool
15-31464,NAME:sdis de la mayenne,NAME_FALLBACK,2015-03-02,2015-07-10,2019-07-10,2026-07-13,35,35311,DIGITAL_ICT,True,48.0,True,0,136.3666228646518,,,no_temporal_score_reference_pool
15-31641,NAME:ircantec,NAME_FALLBACK,2015-03-04,2015-03-04,2019-03-04,2026-07-13,72,72413,DIGITAL_ICT,True,48.0,True,0,136.30091984231274,,,no_temporal_score_reference_pool
15-31797,NAME:acoss,NAME_FALLBACK,2015-03-04,2015-03-04,2019-03-04,2026-07-13,72,72500,DIGITAL_ICT,True,48.0,True,0,136.30091984231274,,,no_temporal_score_reference_pool
15-47450,NAME:prefecture de la loire-atlantique,NAME_FALLBACK,2015-03-27,2015-03-27,2016-03-27,2026-07-13,45,45314,DIGITAL_ICT,True,12.0,True,0,135.54533508541394,,,no_temporal_score_reference_pool
15-39187,NAME:caisse des depots,NAME_FALLBACK,2015-03-16,2015-03-16,2015-09-16,2026-07-13,,,DIGITAL_ICT,True,6.0,True,1,0.9526938239159,15-56571,0.5191869469816228,no_temporal_score_reference_pool
15-42765,NAME:cg49,NAME_FALLBACK,2015-03-20,2015-03-20,2015-09-20,2026-07-13,,,DIGITAL_ICT,True,6.0,True,1,7.490144546649145,15-167650,0.28360543918530123,no_temporal_score_reference_pool
15-42843,NAME:cte de cnes de l ile de noirmoutier,NAME_FALLBACK,2015-03-24,2015-03-24,2019-03-24,2026-07-13,72,72000,DIGITAL_ICT,True,48.0,True,0,135.64388961892246,,,no_temporal_score_reference_pool
15-45661,NAME:ville du chateau d olonne,NAME_FALLBACK,2015-03-26,2015-03-26,2015-09-26,2026-07-13,,,DIGITAL_ICT,True,6.0,True,0,135.57818659658344,,,no_temporal_score_reference_pool
15-47591,NAME:ville d angers,NAME_FALLBACK,2015-03-27,2015-03-27,2018-03-27,2026-07-13,32,32412,DIGITAL_ICT,True,36.0,True,0,135.54533508541394,,,no_temporal_score_reference_pool
15-48624,NAME:rectorat de l academie de nantes,NAME_FALLBACK,2015-03-31,2015-03-31,2016-03-31,2026-07-13,45,45311,DIGITAL_ICT,True,12.0,True,0,135.41392904073587,,,no_temporal_score_reference_pool
15-43293,NAME:msa loire-atlantique - vendee,NAME_FALLBACK,2015-03-20,2015-03-20,2015-09-20,2026-07-13,,,DIGITAL_ICT,True,6.0,True,0,135.77529566360053,,,no_temporal_score_reference_pool
15-33752,NAME:conseil regional des pays de la loire,NAME_FALLBACK,2015-03-06,2015-10-08,2019-10-08,2026-07-13,72,72310,DIGITAL_ICT,True,48.0,True,0,136.23521681997372,,,no_temporal_score_reference_pool
15-45169,NAME:vendee eau,NAME_FALLBACK,2015-03-27,2015-07-02,2019-07-02,2026-07-13,72,72315,DIGITAL_ICT,True,48.0,True,1,49.60578186596583,19-75795,0.5013460404104888,no_temporal_score_reference_pool
15-32051,NAME:caisse des depots,NAME_FALLBACK,2015-03-04,2015-03-04,2015-09-04,2026-07-13,,,DIGITAL_ICT,True,6.0,True,1,0.3942181340341655,15-39187,0.5746915483427582,no_temporal_score_reference_pool
15-35224,NAME:centre hospitalier de laval,NAME_FALLBACK,2015-03-09,2015-03-09,2017-03-09,2026-07-13,30,30236,DIGITAL_ICT,True,24.0,True,0,136.13666228646517,,,no_temporal_score_reference_pool
15-37182,NAME:mindef dga dt scat,NAME_FALLBACK,2015-03-11,2015-03-11,2019-03-11,2026-07-13,35,35125,DIGITAL_ICT,True,48.0,True,0,136.07095926412615,,,no_temporal_score_reference_pool
15-45496,NAME:commune de saint-barthelemy-d anjou,NAME_FALLBACK,2015-03-26,2015-03-26,2019-03-26,2026-07-13,35,35111,DIGITAL_ICT,True,48.0,True,0,135.57818659658344,,,no_temporal_score_reference_pool
15-42247,NAME:communaute de communes derval,NAME_FALLBACK,2015-03-19,2015-03-19,2015-09-19,2026-07-13,,,DIGITAL_ICT,True,6.0,True,0,135.80814717477003,,,no_temporal_score_reference_pool
15-44894,NAME:prefecture,NAME_FALLBACK,2015-03-24,2015-03-24,2015-09-24,2026-07-13,,,DIGITAL_ICT,True,6.0,True,1,4.664914586070959,15-126736,0.31559610837267305,no_temporal_score_reference_pool
15-33241,NAME:chu de nantes,NAME_FALLBACK,2015-03-05,2015-09-17,2018-09-17,2026-07-13,32,32510,DIGITAL_ICT,True,36.0,True,0,136.26806833114324,,,no_temporal_score_reference_pool
15-43149,NAME:sdis 85,NAME_FALLBACK,2015-03-20,2015-07-20,2018-07-20,2026-07-13,32,32522,DIGITAL_ICT,True,36.0,True,0,135.77529566360053,,,no_temporal_score_reference_pool
15-47696,SIRET:12000601000058,RAW_SIRET,2015-03-30,2015-03-30,2019-03-30,2026-07-13,72,72500,DIGITAL_ICT,True,48.0,True,0,135.4467805519054,,,no_temporal_score_reference_pool
15-40940,NAME:carene,NAME_FALLBACK,2015-03-17,2015-03-17,2015-09-17,2026-07-13,,,DIGITAL_ICT,True,6.0,True,0,135.87385019710908,,,no_temporal_score_reference_pool
15-32168,SIRET:23440003400026,RAW_SIRET,2015-03-03,2015-09-03,2019-09-03,2026-07-13,72,72700,DIGITAL_ICT,True,48.0,True,1,54.993429697766096,19-147943,0.650147421081487,no_temporal_score_reference_pool
15-34520,NAME:chu d angers,NAME_FALLBACK,2015-03-06,2015-03-06,2018-03-06,2026-07-13,32,32360,DIGITAL_ICT,True,36.0,True,0,136.23521681997372,,,no_temporal_score_reference_pool
15-39992,NAME:mairie de la montagne,NAME_FALLBACK,2015-03-16,2015-03-16,2015-09-16,2026-07-13,,,DIGITAL_ICT,True,6.0,True,0,135.90670170827858,,,no_temporal_score_reference_pool
15-56918,NAME:vallet,NAME_FALLBACK,2015-04-15,2015-04-15,2018-04-15,2026-07-13,32,32342,DIGITAL_ICT,True,36.0,True,0,134.92115637319316,,,no_temporal_score_reference_pool
15-59370,NAME:chu de nantes,NAME_FALLBACK,2015-04-20,2015-04-20,2019-04-20,2026-07-13,72,72261,DIGITAL_ICT,True,48.0,True,0,134.7568988173456,,,no_temporal_score_reference_pool
15-59770,NAME:cap atlantique,NAME_FALLBACK,2015-04-20,2015-04-20,2019-04-20,2026-07-13,48,48000,DIGITAL_ICT,True,48.0,True,0,134.7568988173456,,,no_temporal_score_reference_pool
15-60447,NAME:sdis 44,NAME_FALLBACK,2015-04-20,2015-04-20,2015-10-20,2026-07-13,33,33190,DIGITAL_ICT,True,6.0,True,1,3.7779237844940874,15-126308,0.8263980101608326,no_temporal_score_reference_pool
15-63856,NAME:cap atlantique,NAME_FALLBACK,2015-04-24,2015-04-24,2019-04-24,2026-07-13,48,48000,DIGITAL_ICT,True,48.0,True,0,134.62549277266754,,,no_temporal_score_reference_pool
15-50314,NAME:ministere des affaires etrangeres,NAME_FALLBACK,2015-04-02,2015-04-02,2019-04-02,2026-07-13,72,72500,DIGITAL_ICT,True,48.0,True,0,135.34822601839684,,,no_temporal_score_reference_pool
15-56649,SIRET:23440003400026,RAW_SIRET,2015-04-14,2015-09-30,2019-09-30,2026-07-13,72,72500,DIGITAL_ICT,True,48.0,True,1,57.09592641261498,20-5957,0.2185312640223419,no_temporal_score_reference_pool
15-58339,NAME:cnieg,NAME_FALLBACK,2015-04-17,2015-08-06,2019-08-06,2026-07-13,72,72400,DIGITAL_ICT,True,48.0,True,1,57.09592641261498,20-6485,0.19060327422125195,no_temporal_score_reference_pool
15-53947,NAME:commune de saint-herblain,NAME_FALLBACK,2015-04-10,2015-04-10,2019-04-10,2026-07-13,48,48220,DIGITAL_ICT,True,48.0,True,0,135.08541392904073,,,no_temporal_score_reference_pool
15-56571,NAME:caisse des depots,NAME_FALLBACK,2015-04-14,2015-08-10,2016-02-10,2026-07-13,,,DIGITAL_ICT,True,6.0,True,0,134.95400788436268,,,no_temporal_score_reference_pool
15-54892,NAME:sdis 85,NAME_FALLBACK,2015-04-10,2015-07-20,2018-07-20,2026-07-13,32,32522,DIGITAL_ICT,True,36.0,True,0,135.08541392904073,,,no_temporal_score_reference_pool
15-65278,NAME:sna ouest,NAME_FALLBACK,2015-04-28,2015-04-28,2018-04-28,2026-07-13,34,34995,DIGITAL_ICT,True,36.0,True,0,134.4940867279895,,,no_temporal_score_reference_pool
15-58971,NAME:cci de maine et loire,NAME_FALLBACK,2015-04-17,2015-04-17,2015-10-17,2026-07-13,,,DIGITAL_ICT,True,6.0,True,0,134.85545335085413,,,no_temporal_score_reference_pool
15-62309,NAME:ville d allonnes,NAME_FALLBACK,2015-04-22,2015-06-18,2015-12-18,2026-07-13,,,DIGITAL_ICT,True,6.0,True,0,134.69119579500656,,,no_temporal_score_reference_pool
15-52664,SIRET:12000601000058,RAW_SIRET,2015-04-08,2015-04-08,2019-04-08,2026-07-13,72,72500,DIGITAL_ICT,True,48.0,True,0,135.15111695137978,,,no_temporal_score_reference_pool
15-55213,NAME:ville du croisic,NAME_FALLBACK,2015-04-13,2015-04-13,2018-04-13,2026-07-13,32,32424,DIGITAL_ICT,True,36.0,True,0,134.9868593955322,,,no_temporal_score_reference_pool
15-55830,NAME:universite de nantes,NAME_FALLBACK,2015-04-13,2015-04-13,2019-04-13,2026-07-13,48,48000,DIGITAL_ICT,True,48.0,True,0,134.9868593955322,,,no_temporal_score_reference_pool
15-58989,NAME:ccir pays de la loire,NAME_FALLBACK,2015-04-17,2015-04-17,2019-04-17,2026-07-13,48,48900,DIGITAL_ICT,True,48.0,True,0,134.85545335085413,,,no_temporal_score_reference_pool
15-64904,NAME:sdis 85,NAME_FALLBACK,2015-04-28,2015-10-22,2019-10-22,2026-07-13,48,48450,DIGITAL_ICT,True,48.0,True,0,134.4940867279895,,,no_temporal_score_reference_pool
15-54712,NAME:ville de donges,NAME_FALLBACK,2015-04-10,2015-04-10,2015-10-10,2026-07-13,,,DIGITAL_ICT,True,6.0,True,0,135.08541392904073,,,no_temporal_score_reference_pool
15-59425,NAME:conseil general de loire-atlantique,NAME_FALLBACK,2015-04-20,2015-11-16,2019-11-16,2026-07-13,35,35120,DIGITAL_ICT,True,48.0,True,0,134.7568988173456,,,no_temporal_score_reference_pool
15-59556,NAME:conseil general de loire-atlantique,NAME_FALLBACK,2015-04-20,2015-08-31,2019-08-31,2026-07-13,35,35113,DIGITAL_ICT,True,48.0,True,0,134.7568988173456,,,no_temporal_score_reference_pool
15-55407,NAME:nantes metropole,NAME_FALLBACK,2015-04-20,2015-12-14,2019-12-14,2026-07-13,79,79512,DIGITAL_ICT,True,48.0,True,1,58.80420499342969,20-37940,0.2440303698244516,no_temporal_score_reference_pool
15-48967,NAME:centre hospitalier de laval,NAME_FALLBACK,2015-04-01,2015-04-01,2018-04-01,2026-07-13,50,50312,DIGITAL_ICT,True,36.0,True,0,135.38107752956637,,,no_temporal_score_reference_pool
15-49442,NAME:ville de saumur,NAME_FALLBACK,2015-04-09,2015-04-09,2015-10-09,2026-07-13,,,DIGITAL_ICT,True,6.0,True,1,5.650459921156373,15-91934,0.19008117428931176,no_temporal_score_reference_pool
15-58224,NAME:ville d angers,NAME_FALLBACK,2015-04-16,2015-08-10,2019-08-10,2026-07-13,35,35125,DIGITAL_ICT,True,48.0,True,0,134.88830486202366,,,no_temporal_score_reference_pool
15-31076,NAME:ville de la roche-sur-yon,NAME_FALLBACK,2015-04-01,2015-04-01,2019-04-01,2026-07-13,35,35110,DIGITAL_ICT,True,48.0,True,0,135.38107752956637,,,no_temporal_score_reference_pool
15-64142,NAME:chu de nantes,NAME_FALLBACK,2015-04-24,2015-04-24,2019-04-24,2026-07-13,48,48900,DIGITAL_ICT,True,48.0,True,1,47.76609724047306,19-59985,0.3493040601725685,no_temporal_score_reference_pool
15-50278,NAME:cte de cnes ocean-marais de monts,NAME_FALLBACK,2015-04-02,2015-06-04,2015-12-04,2026-07-13,,,DIGITAL_ICT,True,6.0,True,0,135.34822601839684,,,no_temporal_score_reference_pool
15-50732,NAME:chu de nantes,NAME_FALLBACK,2015-04-02,2015-04-02,2015-10-02,2026-07-13,,,DIGITAL_ICT,True,6.0,True,0,135.34822601839684,,,no_temporal_score_reference_pool
15-51571,NAME:residences saint alexandre,NAME_FALLBACK,2015-04-07,2015-04-07,2019-04-07,2026-07-13,48,48180,DIGITAL_ICT,True,48.0,True,0,135.18396846254927,,,no_temporal_score_reference_pool
15-55527,NAME:cdc du pays de saint gilles cx de vie,NAME_FALLBACK,2015-04-14,2015-04-14,2019-04-14,2026-07-13,48,48000,DIGITAL_ICT,True,48.0,True,0,134.95400788436268,,,no_temporal_score_reference_pool
15-56776,NAME:ville d angers,NAME_FALLBACK,2015-04-15,2015-04-15,2018-04-15,2026-07-13,32,32342,DIGITAL_ICT,True,36.0,True,1,34.46123521681997,18-27688,0.4094407804934828,no_temporal_score_reference_pool
15-55114,NAME:institution amenagement de la vilaine,NAME_FALLBACK,2015-04-10,2015-04-10,2015-10-10,2026-07-13,,,DIGITAL_ICT,True,6.0,True,0,135.08541392904073,,,no_temporal_score_reference_pool
15-51820,NAME:ch le mans,NAME_FALLBACK,2015-04-07,2015-04-07,2017-04-07,2026-07-13,30,30231,DIGITAL_ICT,True,24.0,True,0,135.18396846254927,,,no_temporal_score_reference_pool
15-55973,NAME:esid de rennes,NAME_FALLBACK,2015-04-13,2015-04-13,2016-04-13,2026-07-13,45,45000,DIGITAL_ICT,True,12.0,True,0,134.9868593955322,,,no_temporal_score_reference_pool
15-58213,NAME:ville d orvault,NAME_FALLBACK,2015-04-17,2015-04-17,2015-10-17,2026-07-13,,,DIGITAL_ICT,True,6.0,True,0,134.85545335085413,,,no_temporal_score_reference_pool
15-63415,NAME:sdis 44,NAME_FALLBACK,2015-04-24,2015-04-24,2015-10-24,2026-07-13,,,DIGITAL_ICT,True,6.0,True,1,3.6465177398160313,15-126308,0.32004210043676895,no_temporal_score_reference_pool
15-50024,NAME:vendee eau,NAME_FALLBACK,2015-04-27,2015-06-30,2019-06-30,2026-07-13,35,35261,DIGITAL_ICT,True,48.0,True,0,134.526938239159,,,no_temporal_score_reference_pool
15-65940,NAME:pole sante sarthe et loire,NAME_FALLBACK,2015-04-29,2015-04-29,2019-04-29,2026-07-13,72,72611,DIGITAL_ICT,True,48.0,True,0,134.46123521681997,,,no_temporal_score_reference_pool
15-65742,NAME:ville du mans,NAME_FALLBACK,2015-04-29,2015-07-20,2018-07-20,2026-07-13,32,32342,DIGITAL_ICT,True,36.0,True,0,134.46123521681997,,,no_temporal_score_reference_pool
15-76604,NAME:le mans metropole - communaute urbaine,NAME_FALLBACK,2015-05-20,2015-05-20,2017-05-20,2026-07-13,30,30232,DIGITAL_ICT,True,24.0,True,0,133.7713534822602,,,no_temporal_score_reference_pool
15-76852,NAME:ville de reze,NAME_FALLBACK,2015-05-20,2015-05-20,2019-05-20,2026-07-13,48,48730,DIGITAL_ICT,True,48.0,True,0,133.7713534822602,,,no_temporal_score_reference_pool
15-81652,NAME:ecole des mines de nantes,NAME_FALLBACK,2015-05-29,2015-05-29,2015-11-29,2026-07-13,,,DIGITAL_ICT,True,6.0,True,1,7.720105124835742,16-7903,0.26502807265261463,no_temporal_score_reference_pool
15-74702,NAME:cesame - ch de sainte gemmes sur loire,NAME_FALLBACK,2015-05-15,2015-05-15,2015-11-15,2026-07-13,,,DIGITAL_ICT,True,6.0,True,0,133.93561103810777,,,no_temporal_score_reference_pool
15-75102,NAME:sdis 85,NAME_FALLBACK,2015-05-18,2015-09-10,2018-09-10,2026-07-13,32,32400,DIGITAL_ICT,True,36.0,True,1,39.91458607095926,18-128642,0.1926873792302769,no_temporal_score_reference_pool
15-78724,NAME:e-collectivites vendee,NAME_FALLBACK,2015-05-22,2015-05-22,2019-05-22,2026-07-13,72,72500,DIGITAL_ICT,True,48.0,True,0,133.70565045992115,,,no_temporal_score_reference_pool
15-78916,NAME:chu de nantes,NAME_FALLBACK,2015-05-22,2015-05-22,2019-05-22,2026-07-13,72,72267,DIGITAL_ICT,True,48.0,True,0,133.70565045992115,,,no_temporal_score_reference_pool
15-68078,NAME:dir ouest,NAME_FALLBACK,2015-05-04,2015-05-04,2018-05-04,2026-07-13,32,32584,DIGITAL_ICT,True,36.0,True,0,134.2969776609724,,,no_temporal_score_reference_pool
15-74861,NAME:angers loire metropole,NAME_FALLBACK,2015-05-18,2015-05-18,2019-05-18,2026-07-13,48,48820,DIGITAL_ICT,True,48.0,True,0,133.83705650459922,,,no_temporal_score_reference_pool
15-79398,NAME:sdis 85,NAME_FALLBACK,2015-05-26,2015-08-05,2016-02-05,2026-07-13,,,DIGITAL_ICT,True,6.0,True,1,3.515111695137976,15-139094,0.26362729661280015,no_temporal_score_reference_pool
15-81231,NAME:saem vendee,NAME_FALLBACK,2015-05-29,2015-10-02,2019-10-02,2026-07-13,72,72000,DIGITAL_ICT,True,48.0,True,0,133.47568988173455,,,no_temporal_score_reference_pool
15-71764,NAME:conseil regional des pays de la loire,NAME_FALLBACK,2015-05-11,2015-09-28,2016-10-28,2026-07-13,92,92400,DIGITAL_ICT,True,13.0,True,1,16.327201051248355,16-136139,0.27759960299956044,no_temporal_score_reference_pool
15-72457,NAME:conseil regional des pays de la loire,NAME_FALLBACK,2015-05-12,2015-05-12,2019-05-12,2026-07-13,72,72500,DIGITAL_ICT,True,48.0,True,0,134.03416557161628,,,no_temporal_score_reference_pool
15-67480,NAME:syndicat departemental d energie,NAME_FALLBACK,2015-05-04,2015-05-04,2019-05-04,2026-07-13,48,48000,DIGITAL_ICT,True,48.0,True,0,134.2969776609724,,,no_temporal_score_reference_pool
15-75567,NAME:nantes metropole,NAME_FALLBACK,2015-05-19,2015-05-19,2019-05-19,2026-07-13,48,48000,DIGITAL_ICT,True,48.0,True,1,49.70433639947437,19-105083,0.8397463576778352,no_temporal_score_reference_pool
15-79099,SIRET:12000601000058,RAW_SIRET,2015-05-26,2015-05-26,2019-05-26,2026-07-13,72,72000,DIGITAL_ICT,True,48.0,True,0,133.5742444152431,,,no_temporal_score_reference_pool
15-70236,NAME:sdis 85,NAME_FALLBACK,2015-05-06,2015-08-05,2019-08-05,2026-07-13,72,72600,DIGITAL_ICT,True,48.0,True,0,134.23127463863338,,,no_temporal_score_reference_pool
15-71156,SIRET:19490970100303,RAW_SIRET,2015-05-07,2015-10-20,2019-10-20,2026-07-13,48,48730,DIGITAL_ICT,True,48.0,True,1,58.86990801576872,20-47300,0.8638173616518816,no_temporal_score_reference_pool
15-74284,NAME:conseil general de loire-atlantique,NAME_FALLBACK,2015-05-15,2015-10-28,2019-10-28,2026-07-13,72,72600,DIGITAL_ICT,True,48.0,True,0,133.93561103810777,,,no_temporal_score_reference_pool
15-81513,NAME:ville de bayeux,NAME_FALLBACK,2015-05-28,2015-05-28,2015-11-28,2026-07-13,,,DIGITAL_ICT,True,6.0,True,0,133.50854139290408,,,no_temporal_score_reference_pool
15-81386,NAME:gpm de nantes - st nazaire,NAME_FALLBACK,2015-05-28,2015-05-28,2019-05-28,2026-07-13,48,48443,DIGITAL_ICT,True,48.0,True,0,133.50854139290408,,,no_temporal_score_reference_pool
15-69497,NAME:angers loire metropole,NAME_FALLBACK,2015-05-06,2015-05-06,2019-05-06,2026-07-13,72,72250,DIGITAL_ICT,True,48.0,True,1,48.98160315374507,19-85688,0.26976569578343523,no_temporal_score_reference_pool
15-82510,NAME:cg49,NAME_FALLBACK,2015-06-01,2015-09-17,2018-09-17,2026-07-13,32,32354,DIGITAL_ICT,True,36.0,True,0,133.377135348226,,,no_temporal_score_reference_pool
15-89415,NAME:ch le mans,NAME_FALLBACK,2015-06-11,2015-06-11,2019-06-11,2026-07-13,48,48000,DIGITAL_ICT,True,48.0,True,1,52.923784494086725,19-169357,0.2110418883864838,no_temporal_score_reference_pool
15-90549,NAME:concarneau cornouaille agglomeration,NAME_FALLBACK,2015-06-15,2015-06-15,2019-06-15,2026-07-13,72,72420,DIGITAL_ICT,True,48.0,True,0,132.91721419185282,,,no_temporal_score_reference_pool
15-96870,NAME:angers loire metropole,NAME_FALLBACK,2015-06-25,2015-06-25,2019-06-25,2026-07-13,72,72500,DIGITAL_ICT,True,48.0,True,1,50.52562417871222,19-136955,0.48000000000000004,no_temporal_score_reference_pool
15-85858,NAME:universite de nantes,NAME_FALLBACK,2015-06-05,2015-11-06,2019-11-06,2026-07-13,72,72224,DIGITAL_ICT,True,48.0,True,1,47.1419185282523,19-73678,0.2802471595860596,no_temporal_score_reference_pool
15-86544,NAME:conseil general de loire-atlantique,NAME_FALLBACK,2015-06-05,2015-10-22,2018-10-22,2026-07-13,50,50312,DIGITAL_ICT,True,36.0,True,0,133.24572930354796,,,no_temporal_score_reference_pool
15-98976,NAME:ministere des affaires etrangeres,NAME_FALLBACK,2015-06-29,2015-06-29,2019-06-29,2026-07-13,48,48000,DIGITAL_ICT,True,48.0,True,0,132.45729303547964,,,no_temporal_score_reference_pool
15-84438,NAME:sna ouest,NAME_FALLBACK,2015-06-03,2015-06-03,2015-12-03,2026-07-13,,,DIGITAL_ICT,True,6.0,True,0,133.31143232588698,,,no_temporal_score_reference_pool
15-84820,NAME:nantes metropole,NAME_FALLBACK,2015-06-04,2015-12-14,2019-12-14,2026-07-13,79,79512,DIGITAL_ICT,True,48.0,True,1,57.32588699080157,20-37940,0.24184550267119875,no_temporal_score_reference_pool
15-69493,NAME:ademe,NAME_FALLBACK,2015-06-10,2015-06-10,2019-06-10,2026-07-13,72,72316,DIGITAL_ICT,True,48.0,True,0,133.0814717477004,,,no_temporal_score_reference_pool
15-98483,NAME:spr pays de la loire,NAME_FALLBACK,2015-06-29,2016-03-04,2017-03-04,2026-07-13,45,45110,DIGITAL_ICT,True,12.0,True,0,132.45729303547964,,,no_temporal_score_reference_pool
15-92216,NAME:chu de nantes,NAME_FALLBACK,2015-06-16,2015-06-16,2019-06-16,2026-07-13,72,72261,DIGITAL_ICT,True,48.0,True,0,132.88436268068332,,,no_temporal_score_reference_pool
15-96106,NAME:cnieg,NAME_FALLBACK,2015-06-24,2015-08-07,2019-08-07,2026-07-13,72,72224,DIGITAL_ICT,True,48.0,True,1,54.632063074901446,20-4011,0.5476930110170435,no_temporal_score_reference_pool
15-85320,NAME:ministere des affaires etrangeres,NAME_FALLBACK,2015-06-04,2015-06-04,2019-06-04,2026-07-13,48,48000,DIGITAL_ICT,True,48.0,True,0,133.2785808147175,,,no_temporal_score_reference_pool
15-95582,NAME:sgami ouest,NAME_FALLBACK,2015-06-22,2015-10-12,2016-04-12,2026-07-13,,,DIGITAL_ICT,True,6.0,True,0,132.68725361366623,,,no_temporal_score_reference_pool
15-98729,NAME:spr pays de la loire,NAME_FALLBACK,2015-06-26,2015-06-26,2015-12-26,2026-07-13,,,DIGITAL_ICT,True,6.0,True,1,4.566360052562418,15-170834,0.3566902789127366,no_temporal_score_reference_pool
15-90148,NAME:concarneau cornouaille agglomeration,NAME_FALLBACK,2015-06-15,2015-06-15,2017-06-15,2026-07-13,30,30200,DIGITAL_ICT,True,24.0,True,0,132.91721419185282,,,no_temporal_score_reference_pool
15-97256,NAME:ville de nantes,NAME_FALLBACK,2015-06-25,2015-06-25,2015-12-25,2026-07-13,,,DIGITAL_ICT,True,6.0,True,1,7.522996057818659,16-19242,0.19178316128295847,no_temporal_score_reference_pool
15-89263,NAME:vendee eau,NAME_FALLBACK,2015-06-12,2015-07-23,2019-07-23,2026-07-13,72,72322,DIGITAL_ICT,True,48.0,True,1,47.07621550591327,19-75795,0.32741034394903,no_temporal_score_reference_pool
15-92906,NAME:cnieg,NAME_FALLBACK,2015-06-17,2015-08-28,2019-08-28,2026-07-13,72,72261,DIGITAL_ICT,True,48.0,True,1,54.86202365308804,20-4011,0.2590828553075346,no_temporal_score_reference_pool
15-96786,NAME:conseil general de la sarthe,NAME_FALLBACK,2015-06-24,2015-06-24,2019-06-24,2026-07-13,72,72267,DIGITAL_ICT,True,48.0,True,0,132.6215505913272,,,no_temporal_score_reference_pool
15-98106,NAME:mairie des sables d olonne,NAME_FALLBACK,2015-06-25,2015-06-25,2015-12-25,2026-07-13,,,DIGITAL_ICT,True,6.0,True,0,132.58869908015768,,,no_temporal_score_reference_pool
15-83632,NAME:chu de nantes,NAME_FALLBACK,2015-06-03,2015-06-03,2019-06-03,2026-07-13,72,72261,DIGITAL_ICT,True,48.0,True,0,133.31143232588698,,,no_temporal_score_reference_pool
15-86218,NAME:chu de nantes,NAME_FALLBACK,2015-06-05,2015-06-05,2019-06-05,2026-07-13,35,35113,DIGITAL_ICT,True,48.0,True,0,133.24572930354796,,,no_temporal_score_reference_pool
15-86193,NAME:ville de nantes,NAME_FALLBACK,2015-06-05,2015-06-05,2015-12-05,2026-07-13,,,DIGITAL_ICT,True,6.0,True,0,133.24572930354796,,,no_temporal_score_reference_pool
15-89902,NAME:nantes metropole,NAME_FALLBACK,2015-06-11,2015-06-11,2015-12-11,2026-07-13,,,DIGITAL_ICT,True,6.0,True,1,10.315374507227332,16-57014,0.2247147829705628,no_temporal_score_reference_pool
15-81783,NAME:cpam de la charente maritime,NAME_FALLBACK,2015-06-02,2015-06-02,2017-06-02,2026-07-13,30,30121,DIGITAL_ICT,True,24.0,True,0,133.3442838370565,,,no_temporal_score_reference_pool
15-84881,NAME:nantes metropole,NAME_FALLBACK,2015-06-04,2015-12-14,2019-12-14,2026-07-13,48,48213,DIGITAL_ICT,True,48.0,True,1,52.16819973718791,19-151382,0.2339272944772562,no_temporal_score_reference_pool
15-86342,NAME:conseil general de loire-atlantique,NAME_FALLBACK,2015-06-05,2015-12-21,2016-06-21,2026-07-13,64,64210,DIGITAL_ICT,True,6.0,True,1,11.00525624178712,16-63741,0.5855486667231418,no_temporal_score_reference_pool
15-92588,SIRET:23440003400026,RAW_SIRET,2015-06-17,2015-10-21,2019-10-21,2026-07-13,72,72500,DIGITAL_ICT,True,48.0,True,1,50.22996057818659,19-128681,0.21872709451058944,no_temporal_score_reference_pool
15-95813,NAME:commune de saint-herblain,NAME_FALLBACK,2015-06-23,2015-10-26,2019-10-26,2026-07-13,48,48218,DIGITAL_ICT,True,48.0,True,1,53.64651773981603,19-185562,0.21832590903322568,no_temporal_score_reference_pool
15-82604,NAME:ch le mans,NAME_FALLBACK,2015-06-01,2015-06-01,2019-06-01,2026-07-13,35,35121,DIGITAL_ICT,True,48.0,True,1,45.76215505913272,19-46630,0.2586803193032339,no_temporal_score_reference_pool
15-95253,NAME:chu de nantes,NAME_FALLBACK,2015-06-22,2015-06-22,2019-06-22,2026-07-13,35,35113,DIGITAL_ICT,True,48.0,True,0,132.68725361366623,,,no_temporal_score_reference_pool
15-92626,NAME:cte de communes du pays de redon,NAME_FALLBACK,2015-06-16,2015-06-16,2015-12-16,2026-07-13,,,DIGITAL_ICT,True,6.0,True,0,132.88436268068332,,,no_temporal_score_reference_pool
15-99817,NAME:conseil general de la mayenne,NAME_FALLBACK,2015-07-01,2015-10-09,2019-10-09,2026-07-13,72,72810,DIGITAL_ICT,True,48.0,True,0,132.39159001314061,,,no_temporal_score_reference_pool
15-52383,NAME:loire-atlantique numerique,NAME_FALLBACK,2015-07-24,2017-04-13,2018-04-13,2026-07-13,45,45231,DIGITAL_ICT,True,12.0,True,0,131.6360052562418,,,no_temporal_score_reference_pool
15-101366,NAME:le mans metropole - communaute urbaine,NAME_FALLBACK,2015-07-02,2015-09-18,2019-09-18,2026-07-13,35,35811,DIGITAL_ICT,True,48.0,True,0,132.3587385019711,,,no_temporal_score_reference_pool
15-113716,NAME:insee,NAME_FALLBACK,2015-07-22,2015-11-10,2016-05-10,2026-07-13,,,DIGITAL_ICT,True,6.0,True,0,131.7017082785808,,,no_temporal_score_reference_pool
15-102348,NAME:universite de nantes,NAME_FALLBACK,2015-07-03,2015-11-06,2018-11-06,2026-07-13,32,32420,DIGITAL_ICT,True,36.0,True,0,132.32588699080156,,,no_temporal_score_reference_pool
15-102510,SIRET:22720002900014,RAW_SIRET,2015-07-03,2016-03-30,2020-03-30,2026-07-13,72,72212,DIGITAL_ICT,True,48.0,True,0,132.32588699080156,,,no_temporal_score_reference_pool
15-104589,NAME:spr pays de la loire,NAME_FALLBACK,2015-07-08,2015-07-08,2016-07-08,2026-07-13,45,45210,DIGITAL_ICT,True,12.0,True,0,132.161629434954,,,no_temporal_score_reference_pool
15-107880,SIRET:25720243200015,RAW_SIRET,2015-07-13,2015-10-07,2018-10-07,2026-07-13,71,71241,DIGITAL_ICT,True,36.0,True,0,131.99737187910645,,,no_temporal_score_reference_pool
15-112635,SIRET:13001855900018,RAW_SIRET,2015-07-21,2015-07-21,2018-07-21,2026-07-13,71,71316,DIGITAL_ICT,True,36.0,True,0,131.73455978975034,,,no_temporal_score_reference_pool
15-104125,NAME:ville de nantes,NAME_FALLBACK,2015-07-08,2015-07-08,2019-07-08,2026-07-13,48,48900,DIGITAL_ICT,True,48.0,True,0,132.161629434954,,,no_temporal_score_reference_pool
15-108645,NAME:ville de talmont saint hilaire,NAME_FALLBACK,2015-07-13,2015-07-13,2018-07-13,2026-07-13,32,32353,DIGITAL_ICT,True,36.0,True,0,131.99737187910645,,,no_temporal_score_reference_pool
15-105553,NAME:ville de saint berthevin,NAME_FALLBACK,2015-07-07,2015-07-07,2016-01-07,2026-07-13,,,DIGITAL_ICT,True,6.0,True,0,132.19448094612352,,,no_temporal_score_reference_pool
15-106707,NAME:centre hospitalier le bodio,NAME_FALLBACK,2015-07-10,2015-10-16,2018-10-16,2026-07-13,32,32322,DIGITAL_ICT,True,36.0,True,0,132.09592641261497,,,no_temporal_score_reference_pool
15-110860,SIRET:24720013200014,RAW_SIRET,2015-07-17,2015-12-18,2018-12-18,2026-07-13,50,50334,DIGITAL_ICT,True,36.0,True,0,131.86596583442838,,,no_temporal_score_reference_pool
15-114971,NAME:cg49,NAME_FALLBACK,2015-07-24,2015-10-13,2018-10-13,2026-07-13,71,71316,DIGITAL_ICT,True,36.0,True,0,131.6360052562418,,,no_temporal_score_reference_pool
15-115709,NAME:commune de saint-nazaire,NAME_FALLBACK,2015-07-27,2015-11-27,2019-11-27,2026-07-13,72,72800,DIGITAL_ICT,True,48.0,True,0,131.53745072273324,,,no_temporal_score_reference_pool
15-107245,NAME:le mans metropole - communaute urbaine,NAME_FALLBACK,2015-07-10,2016-03-07,2020-03-07,2026-07-13,48,48700,DIGITAL_ICT,True,48.0,True,1,52.52956636005256,19-177021,0.2586025727699255,no_temporal_score_reference_pool
15-112713,NAME:gpm de nantes - st nazaire,NAME_FALLBACK,2015-07-22,2015-07-22,2017-07-22,2026-07-13,30,30125,DIGITAL_ICT,True,24.0,True,1,19.61235216819973,17-33827,0.33971794228678304,no_temporal_score_reference_pool
15-100455,NAME:nantes metropole,NAME_FALLBACK,2015-07-01,2015-12-17,2019-12-17,2026-07-13,35,35261,DIGITAL_ICT,True,48.0,True,1,51.57687253613666,19-156899,0.5645057896387911,no_temporal_score_reference_pool
15-114783,NAME:cnieg,NAME_FALLBACK,2015-07-23,2015-10-15,2019-10-15,2026-07-13,72,72420,DIGITAL_ICT,True,48.0,True,1,53.679369250985545,20-4011,0.23061586708396228,no_temporal_score_reference_pool
15-111004,SIRET:19490970100303,RAW_SIRET,2015-07-17,2016-01-08,2018-01-08,2026-07-13,30,30120,DIGITAL_ICT,True,24.0,True,1,32.65440210249671,18-46346,0.19244550724765613,no_temporal_score_reference_pool
15-111481,NAME:chu de nantes,NAME_FALLBACK,2015-07-20,2015-07-20,2019-07-20,2026-07-13,48,48450,DIGITAL_ICT,True,48.0,True,1,44.90801576872536,19-59985,0.5924090817575718,no_temporal_score_reference_pool
15-111661,NAME:inra - formation permanente nationale,NAME_FALLBACK,2015-07-21,2015-07-21,2019-07-21,2026-07-13,48,48931,DIGITAL_ICT,True,48.0,True,0,131.73455978975034,,,no_temporal_score_reference_pool
15-106427,NAME:centre de gestion de la fonction publi,NAME_FALLBACK,2015-07-09,2015-07-09,2019-07-09,2026-07-13,72,72227,DIGITAL_ICT,True,48.0,True,0,132.1287779237845,,,no_temporal_score_reference_pool
15-115988,NAME:angers loire metropole,NAME_FALLBACK,2015-07-27,2015-07-27,2018-07-27,2026-07-13,32,32412,DIGITAL_ICT,True,36.0,True,1,30.913272010512483,18-25585,0.40584481126591754,no_temporal_score_reference_pool
15-101283,NAME:caf de la sarthe,NAME_FALLBACK,2015-07-01,2015-12-23,2017-12-23,2026-07-13,30,30237,DIGITAL_ICT,True,24.0,True,0,132.39159001314061,,,no_temporal_score_reference_pool
15-105085,NAME:ccir pays de la loire,NAME_FALLBACK,2015-07-07,2015-07-07,2019-07-07,2026-07-13,48,48900,DIGITAL_ICT,True,48.0,True,1,48.12746386333771,19-106429,0.18886866911307035,no_temporal_score_reference_pool
15-113362,NAME:conseil general de loire-atlantique,NAME_FALLBACK,2015-07-22,2015-11-12,2017-11-12,2026-07-13,30,30121,DIGITAL_ICT,True,24.0,True,0,131.7017082785808,,,no_temporal_score_reference_pool
15-115991,NAME:ville d angers,NAME_FALLBACK,2015-07-27,2016-03-31,2020-03-31,2026-07-13,35,35811,DIGITAL_ICT,True,48.0,True,1,53.8107752956636,20-8882,0.6787544759888144,no_temporal_score_reference_pool
15-117072,NAME:chu d angers,NAME_FALLBACK,2015-07-29,2016-01-13,2018-01-13,2026-07-13,30,30200,DIGITAL_ICT,True,24.0,True,0,131.47174770039422,,,no_temporal_score_reference_pool
15-103304,NAME:l universite nantes-angers-le mans,NAME_FALLBACK,2015-07-03,2015-10-05,2019-10-05,2026-07-13,72,72600,DIGITAL_ICT,True,48.0,True,0,132.32588699080156,,,no_temporal_score_reference_pool
15-115319,NAME:conseil regional des pays de la loire,NAME_FALLBACK,2015-07-27,2016-02-19,2018-02-19,2026-07-13,30,30230,DIGITAL_ICT,True,24.0,True,0,131.53745072273324,,,no_temporal_score_reference_pool
15-115336,NAME:chu d angers,NAME_FALLBACK,2015-07-27,2016-07-28,2020-07-28,2026-07-13,72,72500,DIGITAL_ICT,True,48.0,True,0,131.53745072273324,,,no_temporal_score_reference_pool
15-118979,NAME:departement de la sarthe,NAME_FALLBACK,2015-07-30,2015-07-30,2019-07-30,2026-07-13,72,72500,DIGITAL_ICT,True,48.0,True,1,45.203679369250985,19-71137,0.5250960761433994,no_temporal_score_reference_pool
15-119589,NAME:ville de vertou,NAME_FALLBACK,2015-08-03,2015-08-03,2018-08-03,2026-07-13,32,32342,DIGITAL_ICT,True,36.0,True,0,131.30749014454665,,,no_temporal_score_reference_pool
15-122609,NAME:ville de carquefou,NAME_FALLBACK,2015-08-07,2015-12-23,2018-12-23,2026-07-13,32,32323,DIGITAL_ICT,True,36.0,True,0,131.1760840998686,,,no_temporal_score_reference_pool
15-129133,NAME:sdis 49,NAME_FALLBACK,2015-08-24,2015-11-10,2016-05-10,2026-07-13,,,DIGITAL_ICT,True,6.0,True,0,130.61760840998687,,,no_temporal_score_reference_pool
15-90876,NAME:commune de pornic,NAME_FALLBACK,2015-08-10,2015-08-10,2018-08-10,2026-07-13,32,32342,DIGITAL_ICT,True,36.0,True,0,131.07752956636006,,,no_temporal_score_reference_pool
15-119639,NAME:ecole centrale de nantes,NAME_FALLBACK,2015-08-03,2015-11-23,2018-11-23,2026-07-13,32,32223,DIGITAL_ICT,True,36.0,True,0,131.30749014454665,,,no_temporal_score_reference_pool
15-132610,NAME:commune de saint-herblain,NAME_FALLBACK,2015-08-27,2015-08-27,2016-02-27,2026-07-13,,,DIGITAL_ICT,True,6.0,True,1,2.0367936925098555,15-164088,0.2153146768627187,no_temporal_score_reference_pool
15-126174,NAME:centre hospitalier la ferte bernard,NAME_FALLBACK,2015-08-13,2015-08-13,2016-02-13,2026-07-13,33,33111,DIGITAL_ICT,True,6.0,True,0,130.9789750328515,,,no_temporal_score_reference_pool
15-126308,NAME:sdis 44,NAME_FALLBACK,2015-08-13,2015-08-13,2016-02-13,2026-07-13,33,33190,DIGITAL_ICT,True,6.0,True,1,5.4204993429697765,16-10649,0.2897753451484192,no_temporal_score_reference_pool
15-121163,NAME:centre hospitalier loire vendee ocean,NAME_FALLBACK,2015-08-04,2015-08-04,2016-02-04,2026-07-13,,,DIGITAL_ICT,True,6.0,True,0,131.27463863337712,,,no_temporal_score_reference_pool
15-126736,NAME:prefecture,NAME_FALLBACK,2015-08-13,2015-08-13,2016-02-13,2026-07-13,,,DIGITAL_ICT,True,6.0,True,0,130.9789750328515,,,no_temporal_score_reference_pool
15-133200,NAME:saelsi,NAME_FALLBACK,2015-08-31,2015-08-31,2018-08-31,2026-07-13,32,32221,DIGITAL_ICT,True,36.0,True,0,130.38764783180025,,,no_temporal_score_reference_pool
15-134999,NAME:spr pays de la loire,NAME_FALLBACK,2015-09-04,2015-09-04,2016-09-04,2026-07-13,45,45212,DIGITAL_ICT,True,12.0,True,0,130.2562417871222,,,no_temporal_score_reference_pool
15-133523,NAME:nantes habitat,NAME_FALLBACK,2015-09-11,2015-09-11,2019-09-11,2026-07-13,48,48214,DIGITAL_ICT,True,48.0,True,0,130.02628120893561,,,no_temporal_score_reference_pool
15-139562,NAME:c h d la roche sur yon-lucon-montaigu,NAME_FALLBACK,2015-09-11,2016-07-22,2020-07-22,2026-07-13,48,48450,DIGITAL_ICT,True,48.0,True,0,130.02628120893561,,,no_temporal_score_reference_pool
15-146024,NAME:ville de nantes,NAME_FALLBACK,2015-09-28,2016-01-05,2019-01-05,2026-07-13,32,32342,DIGITAL_ICT,True,36.0,True,0,129.46780551905388,,,no_temporal_score_reference_pool
15-139179,NAME:ecole centrale de nantes,NAME_FALLBACK,2015-09-10,2015-09-10,2016-03-10,2026-07-13,,,DIGITAL_ICT,True,6.0,True,1,8.04862023653088,16-68672,0.25903456535535335,no_temporal_score_reference_pool
15-142353,SIRET:21720181300011,RAW_SIRET,2015-09-17,2016-02-03,2019-02-03,2026-07-13,32,32353,DIGITAL_ICT,True,36.0,True,0,129.82917214191852,,,no_temporal_score_reference_pool
15-145893,NAME:crous de nantes,NAME_FALLBACK,2015-09-24,2016-01-12,2020-01-12,2026-07-13,72,72000,DIGITAL_ICT,True,48.0,True,1,56.6688567674113,20-75569,0.2512659572691314,no_temporal_score_reference_pool
15-117292,NAME:sdis 49,NAME_FALLBACK,2015-09-01,2015-12-08,2017-12-08,2026-07-13,30,30211,DIGITAL_ICT,True,24.0,True,0,130.35479632063075,,,no_temporal_score_reference_pool
15-142860,NAME:commune de saint-herblain,NAME_FALLBACK,2015-09-17,2015-09-17,2016-03-17,2026-07-13,,,DIGITAL_ICT,True,6.0,True,0,129.82917214191852,,,no_temporal_score_reference_pool
15-145608,NAME:ccir pays de la loire,NAME_FALLBACK,2015-09-24,2015-09-24,2018-09-24,2026-07-13,32,32420,DIGITAL_ICT,True,36.0,True,0,129.59921156373193,,,no_temporal_score_reference_pool
15-140619,NAME:commune de saint-herblain,NAME_FALLBACK,2015-09-14,2015-09-14,2019-09-14,2026-07-13,48,48000,DIGITAL_ICT,True,48.0,True,0,129.92772667542707,,,no_temporal_score_reference_pool
15-146824,NAME:ville de cholet,NAME_FALLBACK,2015-09-28,2015-09-28,2016-03-28,2026-07-13,,,DIGITAL_ICT,True,6.0,True,0,129.46780551905388,,,no_temporal_score_reference_pool
15-91934,NAME:ville de saumur,NAME_FALLBACK,2015-09-28,2016-01-18,2018-01-18,2026-07-13,30,30200,DIGITAL_ICT,True,24.0,True,0,129.46780551905388,,,no_temporal_score_reference_pool
15-142165,NAME:chu d angers,NAME_FALLBACK,2015-09-17,2015-09-17,2016-03-17,2026-07-13,,,DIGITAL_ICT,True,6.0,True,1,1.6425755584756898,15-169682,0.22034313961545401,no_temporal_score_reference_pool
15-142958,NAME:ministere budget comptes publics,NAME_FALLBACK,2015-09-17,2015-09-17,2016-03-17,2026-07-13,,,DIGITAL_ICT,True,6.0,True,0,129.82917214191852,,,no_temporal_score_reference_pool
15-143035,NAME:cnamts,NAME_FALLBACK,2015-09-18,2015-09-18,2016-03-18,2026-07-13,,,DIGITAL_ICT,True,6.0,True,0,129.79632063074902,,,no_temporal_score_reference_pool
15-136371,NAME:sdis de la mayenne,NAME_FALLBACK,2015-09-07,2016-02-22,2020-02-22,2026-07-13,35,35811,DIGITAL_ICT,True,48.0,True,0,130.15768725361366,,,no_temporal_score_reference_pool
15-136102,NAME:sm megalis,NAME_FALLBACK,2015-09-07,2015-09-07,2018-09-07,2026-07-13,32,32412,DIGITAL_ICT,True,36.0,True,1,38.272010512483575,18-158087,0.8040189212719042,no_temporal_score_reference_pool
15-137458,NAME:sm megalis,NAME_FALLBACK,2015-09-09,2015-09-09,2018-09-09,2026-07-13,32,32412,DIGITAL_ICT,True,36.0,True,1,38.20630749014455,18-158087,0.6504712665630283,no_temporal_score_reference_pool
15-139462,SIRET:22720002900014,RAW_SIRET,2015-09-11,2015-12-29,2019-12-29,2026-07-13,35,35121,DIGITAL_ICT,True,48.0,True,1,48.55453350854139,19-146419,0.23153880476182753,no_temporal_score_reference_pool
15-143083,NAME:centre hospitalier de cholet,NAME_FALLBACK,2015-09-18,2015-09-18,2019-09-18,2026-07-13,35,35121,DIGITAL_ICT,True,48.0,True,0,129.79632063074902,,,no_temporal_score_reference_pool
15-139094,NAME:sdis 85,NAME_FALLBACK,2015-09-10,2015-12-07,2019-12-07,2026-07-13,35,35111,DIGITAL_ICT,True,48.0,True,1,56.80026281208935,20-72017,0.46272586810674715,no_temporal_score_reference_pool
15-137106,NAME:cte d agglomeration du choletais,NAME_FALLBACK,2015-09-07,2015-09-07,2016-03-07,2026-07-13,,,DIGITAL_ICT,True,6.0,True,0,130.15768725361366,,,no_temporal_score_reference_pool
15-140966,NAME:commune de saint jean de monts,NAME_FALLBACK,2015-09-15,2015-11-24,2016-05-24,2026-07-13,,,DIGITAL_ICT,True,6.0,True,1,9.724047306176084,16-101519,0.31138218560717223,no_temporal_score_reference_pool
15-141902,NAME:ville de bouchemaine,NAME_FALLBACK,2015-09-22,2015-09-22,2016-03-22,2026-07-13,,,DIGITAL_ICT,True,6.0,True,0,129.66491458607095,,,no_temporal_score_reference_pool
15-147732,NAME:ecole des mines de nantes,NAME_FALLBACK,2015-09-28,2015-09-28,2016-03-28,2026-07-13,,,DIGITAL_ICT,True,6.0,True,1,8.04862023653088,16-78789,0.30391282873066544,no_temporal_score_reference_pool
15-148838,NAME:communaute d agglomeration de saintes,NAME_FALLBACK,2015-09-30,2015-09-30,2016-03-30,2026-07-13,,,DIGITAL_ICT,True,6.0,True,0,129.40210249671486,,,no_temporal_score_reference_pool
15-134263,SIRET:18004301001485,RAW_SIRET,2015-09-02,2015-09-02,2018-09-02,2026-07-13,32,32321,DIGITAL_ICT,True,36.0,True,0,130.32194480946123,,,no_temporal_score_reference_pool
15-141361,SIRET:23440003400026,RAW_SIRET,2015-09-16,2016-02-19,2020-02-19,2026-07-13,72,72500,DIGITAL_ICT,True,48.0,True,1,48.25886990801577,19-143955,0.3521161670195112,no_temporal_score_reference_pool
15-144405,NAME:regie dept passages d eau de vendee,NAME_FALLBACK,2015-09-22,2015-09-22,2019-09-22,2026-07-13,72,72500,DIGITAL_ICT,True,48.0,True,0,129.66491458607095,,,no_temporal_score_reference_pool
15-144617,NAME:le mans metropole - communaute urbaine,NAME_FALLBACK,2015-09-23,2016-02-12,2019-02-12,2026-07-13,50,50330,DIGITAL_ICT,True,36.0,True,0,129.63206307490145,,,no_temporal_score_reference_pool
15-160806,NAME:communaute communes pays des essarts,NAME_FALLBACK,2015-10-21,2015-10-21,2017-10-21,2026-07-13,30,30200,DIGITAL_ICT,True,24.0,True,0,128.71222076215506,,,no_temporal_score_reference_pool
15-160539,NAME:nantes metropole,NAME_FALLBACK,2015-10-28,2015-10-28,2016-04-28,2026-07-13,,,DIGITAL_ICT,True,6.0,True,1,4.599211563731932,16-37108,0.24062972862909687,no_temporal_score_reference_pool
15-153604,NAME:cte de cnes du pays fontenay le comte,NAME_FALLBACK,2015-10-08,2015-10-08,2016-04-08,2026-07-13,,,DIGITAL_ICT,True,6.0,True,0,129.13929040735874,,,no_temporal_score_reference_pool
15-164088,NAME:commune de saint-herblain,NAME_FALLBACK,2015-10-28,2015-10-28,2019-10-28,2026-07-13,48,48800,DIGITAL_ICT,True,48.0,True,1,49.47437582128778,19-185562,0.19473513796861608,no_temporal_score_reference_pool
15-157399,NAME:centre hospitalier de saint-nazaire,NAME_FALLBACK,2015-10-20,2015-10-20,2018-10-20,2026-07-13,32,32400,DIGITAL_ICT,True,36.0,True,0,128.74507227332458,,,no_temporal_score_reference_pool
15-159244,NAME:nantes metropole,NAME_FALLBACK,2015-10-23,2015-10-23,2019-10-23,2026-07-13,48,48000,DIGITAL_ICT,True,48.0,True,1,47.53613666228647,19-151382,0.5869780417236548,no_temporal_score_reference_pool
15-165845,NAME:commune de le pellerin,NAME_FALLBACK,2015-10-30,2016-03-08,2020-03-08,2026-07-13,35,35125,DIGITAL_ICT,True,48.0,True,0,128.41655716162944,,,no_temporal_score_reference_pool
15-156775,NAME:institut pour la sante de l ouest,NAME_FALLBACK,2015-10-13,2015-10-13,2016-04-13,2026-07-13,,,DIGITAL_ICT,True,6.0,True,0,128.97503285151117,,,no_temporal_score_reference_pool
15-162447,NAME:nantes metropole,NAME_FALLBACK,2015-10-23,2015-10-23,2016-04-23,2026-07-13,,,DIGITAL_ICT,True,6.0,True,1,7.35873850197109,16-80903,0.24886053548623302,no_temporal_score_reference_pool
15-165050,NAME:angers loire metropole,NAME_FALLBACK,2015-10-29,2015-10-29,2019-10-29,2026-07-13,72,72500,DIGITAL_ICT,True,48.0,True,1,46.38633377135348,19-136955,0.8834234761871322,no_temporal_score_reference_pool
15-160513,NAME:departement de la sarthe,NAME_FALLBACK,2015-10-20,2015-10-20,2016-04-20,2026-07-13,,,DIGITAL_ICT,True,6.0,True,0,128.74507227332458,,,no_temporal_score_reference_pool
15-164187,NAME:gie sesam vitale,NAME_FALLBACK,2015-10-28,2015-10-28,2019-10-28,2026-07-13,72,72810,DIGITAL_ICT,True,48.0,True,1,48.48883048620236,19-169855,0.32620606962244736,no_temporal_score_reference_pool
15-153858,NAME:ecole centrale de nantes,NAME_FALLBACK,2015-10-09,2015-12-21,2016-08-21,2026-07-13,42,42612,DIGITAL_ICT,True,8.0,True,0,129.10643889618922,,,no_temporal_score_reference_pool
15-154566,NAME:cnieg,NAME_FALLBACK,2015-10-12,2016-02-02,2020-02-02,2026-07-13,72,72400,DIGITAL_ICT,True,48.0,True,1,51.01839684625492,20-4011,0.28539326936122794,no_temporal_score_reference_pool
15-155719,NAME:sm megalis,NAME_FALLBACK,2015-10-13,2015-10-13,2018-10-13,2026-07-13,32,32412,DIGITAL_ICT,True,36.0,True,1,37.08935611038108,18-158087,0.7883653753278324,no_temporal_score_reference_pool
15-160688,NAME:ville d angers,NAME_FALLBACK,2015-10-20,2015-10-20,2019-10-20,2026-07-13,72,72500,DIGITAL_ICT,True,48.0,True,0,128.74507227332458,,,no_temporal_score_reference_pool
15-159973,NAME:vendee eau,NAME_FALLBACK,2015-10-28,2016-01-07,2020-01-07,2026-07-13,48,48900,DIGITAL_ICT,True,48.0,True,0,128.48226018396846,,,no_temporal_score_reference_pool
15-153303,NAME:gip groupement technocampus,NAME_FALLBACK,2015-10-07,2015-12-14,2016-06-14,2026-07-13,,,DIGITAL_ICT,True,6.0,True,0,129.17214191852824,,,no_temporal_score_reference_pool
15-162906,NAME:centre hospitalier de cholet,NAME_FALLBACK,2015-10-23,2015-10-23,2016-04-23,2026-07-13,,,DIGITAL_ICT,True,6.0,True,1,6.636005256241787,16-68875,0.18798899999823948,no_temporal_score_reference_pool
15-150393,NAME:saumur aggloproprete,NAME_FALLBACK,2015-10-05,2015-10-05,2019-10-05,2026-07-13,48,48000,DIGITAL_ICT,True,48.0,True,0,129.2378449408673,,,no_temporal_score_reference_pool
15-169863,NAME:ville de saint-hilaire-de-riez,NAME_FALLBACK,2015-11-09,2015-11-09,2017-11-09,2026-07-13,30,30192,DIGITAL_ICT,True,24.0,True,0,128.0880420499343,,,no_temporal_score_reference_pool
15-169941,NAME:sdis 49,NAME_FALLBACK,2015-11-09,2015-11-09,2017-11-09,2026-07-13,30,30125,DIGITAL_ICT,True,24.0,True,0,128.0880420499343,,,no_temporal_score_reference_pool
15-174358,NAME:universite de nantes,NAME_FALLBACK,2015-11-17,2016-01-28,2020-01-28,2026-07-13,72,72224,DIGITAL_ICT,True,48.0,True,1,51.54402102496714,20-31844,0.24000000000000005,no_temporal_score_reference_pool
15-178728,NAME:le mans metropole - communaute urbaine,NAME_FALLBACK,2015-11-26,2016-04-06,2020-04-06,2026-07-13,48,48150,DIGITAL_ICT,True,48.0,True,0,127.52956636005256,,,no_temporal_score_reference_pool
15-171325,NAME:chambre agriculture pays de la loire,NAME_FALLBACK,2015-11-10,2015-11-10,2018-11-10,2026-07-13,32,32424,DIGITAL_ICT,True,36.0,True,0,128.05519053876478,,,no_temporal_score_reference_pool
15-170834,NAME:spr pays de la loire,NAME_FALLBACK,2015-11-12,2015-11-12,2016-11-12,2026-07-13,45,45210,DIGITAL_ICT,True,12.0,True,0,127.98948751642575,,,no_temporal_score_reference_pool
15-169682,NAME:chu d angers,NAME_FALLBACK,2015-11-06,2015-11-06,2016-05-06,2026-07-13,,,DIGITAL_ICT,True,6.0,True,0,128.18659658344285,,,no_temporal_score_reference_pool
15-171733,NAME:s i d energies de maine et loire,NAME_FALLBACK,2015-11-10,2015-11-10,2016-05-10,2026-07-13,,,DIGITAL_ICT,True,6.0,True,0,128.05519053876478,,,no_temporal_score_reference_pool
15-167001,NAME:communaute de communes de montrevault,NAME_FALLBACK,2015-11-04,2015-11-04,2018-11-04,2026-07-13,50,50312,DIGITAL_ICT,True,36.0,True,0,128.25229960578187,,,no_temporal_score_reference_pool
15-175210,NAME:nantes metropole,NAME_FALLBACK,2015-11-19,2016-03-04,2020-03-04,2026-07-13,72,72310,DIGITAL_ICT,True,48.0,True,1,55.58475689881735,20-86796,0.32751503415766764,no_temporal_score_reference_pool
15-175690,NAME:cnieg,NAME_FALLBACK,2015-11-20,2016-03-09,2020-03-09,2026-07-13,72,72400,DIGITAL_ICT,True,48.0,True,1,49.96714848883048,20-6485,0.2226051386441253,no_temporal_score_reference_pool
15-174987,NAME:angers loire metropole,NAME_FALLBACK,2015-11-18,2015-11-18,2019-11-18,2026-07-13,72,72500,DIGITAL_ICT,True,48.0,True,1,45.729303547963205,19-136955,0.8722260823085111,no_temporal_score_reference_pool
15-170544,NAME:ccrla,NAME_FALLBACK,2015-11-17,2015-11-17,2016-05-17,2026-07-13,,,DIGITAL_ICT,True,6.0,True,1,2.726675427069645,16-18733,0.274067672853497,no_temporal_score_reference_pool
15-178562,NAME:ville d angers,NAME_FALLBACK,2015-11-26,2016-05-23,2020-05-23,2026-07-13,35,35811,DIGITAL_ICT,True,48.0,True,1,49.80289093298291,20-8882,0.7501467953754548,no_temporal_score_reference_pool
15-166933,NAME:spm ddtm44,NAME_FALLBACK,2015-11-02,2015-11-02,2016-05-02,2026-07-13,,,DIGITAL_ICT,True,6.0,True,0,128.3180026281209,,,no_temporal_score_reference_pool
15-173090,NAME:universite de nantes,NAME_FALLBACK,2015-11-16,2016-01-28,2020-01-28,2026-07-13,72,72224,DIGITAL_ICT,True,48.0,True,1,51.57687253613666,20-31844,0.24000000000000005,no_temporal_score_reference_pool
15-173700,NAME:ville de reze,NAME_FALLBACK,2015-11-17,2015-11-17,2019-11-17,2026-07-13,48,48421,DIGITAL_ICT,True,48.0,True,0,127.82522996057818,,,no_temporal_score_reference_pool
15-178206,NAME:centre hospitalier de saint-nazaire,NAME_FALLBACK,2015-11-27,2015-11-27,2016-05-27,2026-07-13,,,DIGITAL_ICT,True,6.0,True,0,127.49671484888304,,,no_temporal_score_reference_pool
15-171757,NAME:informatique cdc,NAME_FALLBACK,2015-11-12,2015-11-12,2018-11-12,2026-07-13,50,50000,DIGITAL_ICT,True,36.0,True,0,127.98948751642575,,,no_temporal_score_reference_pool
15-178791,NAME:nantes metropole,NAME_FALLBACK,2015-11-30,2015-11-30,2019-11-30,2026-07-13,72,72250,DIGITAL_ICT,True,48.0,True,1,44.053876478318,19-119269,0.7008281912538881,no_temporal_score_reference_pool
15-175415,NAME:commune de saint-nazaire,NAME_FALLBACK,2015-11-20,2015-11-20,2016-05-20,2026-07-13,,,DIGITAL_ICT,True,6.0,True,1,6.110381077529566,16-73319,0.3647406722287311,no_temporal_score_reference_pool
15-168917,NAME:sictom loir et sarthe,NAME_FALLBACK,2015-11-09,2015-11-09,2019-11-09,2026-07-13,48,48000,DIGITAL_ICT,True,48.0,True,0,128.0880420499343,,,no_temporal_score_reference_pool
15-169809,NAME:chu de nantes,NAME_FALLBACK,2015-11-09,2015-11-09,2019-11-09,2026-07-13,48,48814,DIGITAL_ICT,True,48.0,True,0,128.0880420499343,,,no_temporal_score_reference_pool
15-179034,NAME:c h s de la sarthe,NAME_FALLBACK,2015-11-27,2015-11-27,2019-11-27,2026-07-13,35,35100,DIGITAL_ICT,True,48.0,True,0,127.49671484888304,,,no_temporal_score_reference_pool
15-179747,NAME:chu de nantes,NAME_FALLBACK,2015-11-27,2015-11-27,2019-11-27,2026-07-13,48,48814,DIGITAL_ICT,True,48.0,True,0,127.49671484888304,,,no_temporal_score_reference_pool
15-167650,NAME:cg49,NAME_FALLBACK,2015-11-03,2015-11-03,2016-05-03,2026-07-13,,,DIGITAL_ICT,True,6.0,True,0,128.28515111695137,,,no_temporal_score_reference_pool
15-176598,NAME:departement de la sarthe,NAME_FALLBACK,2015-11-23,2015-11-23,2016-05-23,2026-07-13,,,DIGITAL_ICT,True,6.0,True,1,3.580814717477004,16-35152,0.4622334252793621,no_temporal_score_reference_pool
15-185112,NAME:conseil general de la vendee,NAME_FALLBACK,2015-12-10,2016-04-18,2020-04-18,2026-07-13,72,72230,DIGITAL_ICT,True,48.0,True,0,127.06964520367937,,,no_temporal_score_reference_pool
15-185335,SIRET:12000601000058,RAW_SIRET,2015-12-10,2015-12-10,2019-12-10,2026-07-13,48,48000,DIGITAL_ICT,True,48.0,True,0,127.06964520367937,,,no_temporal_score_reference_pool
15-190662,NAME:ville de nantes,NAME_FALLBACK,2015-12-22,2016-04-07,2016-10-07,2026-07-13,,,DIGITAL_ICT,True,6.0,True,0,126.67542706964521,,,no_temporal_score_reference_pool
15-192825,NAME:c h d la roche sur yon-lucon-montaigu,NAME_FALLBACK,2015-12-24,2015-12-24,2019-12-24,2026-07-13,48,48000,DIGITAL_ICT,True,48.0,True,0,126.60972404730617,,,no_temporal_score_reference_pool
15-187883,SIRET:22720002900014,RAW_SIRET,2015-12-16,2016-04-30,2019-04-30,2026-07-13,32,32420,DIGITAL_ICT,True,36.0,True,1,45.40078843626807,19-146419,0.26881216927486956,no_temporal_score_reference_pool
15-191209,NAME:commune des herbiers,NAME_FALLBACK,2015-12-24,2015-12-24,2018-12-24,2026-07-13,32,32420,DIGITAL_ICT,True,36.0,True,0,126.60972404730617,,,no_temporal_score_reference_pool
15-194034,NAME:ministere des affaires etrangeres,NAME_FALLBACK,2015-12-30,2015-12-30,2019-12-30,2026-07-13,48,48000,DIGITAL_ICT,True,48.0,True,0,126.41261498028909,,,no_temporal_score_reference_pool
15-182957,NAME:chu de nantes,NAME_FALLBACK,2015-12-04,2015-12-04,2019-12-04,2026-07-13,48,48814,DIGITAL_ICT,True,48.0,True,0,127.26675427069645,,,no_temporal_score_reference_pool
15-192356,NAME:nantes metropole,NAME_FALLBACK,2015-12-24,2015-12-24,2019-12-24,2026-07-13,72,72227,DIGITAL_ICT,True,48.0,True,1,50.39421813403416,20-32203,0.8192023860456434,no_temporal_score_reference_pool
15-189271,NAME:departement de la sarthe,NAME_FALLBACK,2015-12-18,2015-12-18,2019-12-18,2026-07-13,72,72267,DIGITAL_ICT,True,48.0,True,1,44.2838370565046,19-130357,0.3789790563367407,no_temporal_score_reference_pool
15-186668,NAME:e c a s gendarmerie nationale,NAME_FALLBACK,2015-12-14,2016-04-18,2019-04-18,2026-07-13,32,32520,DIGITAL_ICT,True,36.0,True,0,126.93823915900131,,,no_temporal_score_reference_pool
15-182813,NAME:conseil regional des pays de la loire,NAME_FALLBACK,2015-12-04,2016-05-04,2020-05-04,2026-07-13,79,79530,DIGITAL_ICT,True,48.0,True,1,49.73718791064389,20-12202,0.2690701186155967,no_temporal_score_reference_pool
15-184251,SIRET:19490970100303,RAW_SIRET,2015-12-08,2016-06-07,2020-06-07,2026-07-13,48,48000,DIGITAL_ICT,True,48.0,True,1,51.80683311432325,20-47300,0.2423909911677559,no_temporal_score_reference_pool
15-183344,SIRET:11004301500012,RAW_SIRET,2015-12-21,2016-04-14,2020-04-14,2026-07-13,72,72267,DIGITAL_ICT,True,48.0,True,0,126.70827858081472,,,no_temporal_score_reference_pool
15-184750,NAME:ecole centrale de nantes,NAME_FALLBACK,2015-12-09,2015-12-09,2016-06-09,2026-07-13,,,DIGITAL_ICT,True,6.0,True,1,10.348226018396844,16-151274,0.18847217268809818,no_temporal_score_reference_pool
15-184743,NAME:com communes du pays d ancenis,NAME_FALLBACK,2015-12-11,2015-12-11,2016-06-11,2026-07-13,,,DIGITAL_ICT,True,6.0,True,1,6.14323258869908,16-80474,0.197537939276011,no_temporal_score_reference_pool
16-5452,NAME:universite de nantes,NAME_FALLBACK,2016-01-13,2016-05-17,2020-05-17,2026-07-13,48,48421,DIGITAL_ICT,True,48.0,True,0,125.9526938239159,,,no_temporal_score_reference_pool
16-7712,NAME:cnieg,NAME_FALLBACK,2016-01-18,2016-07-11,2020-07-11,2026-07-13,72,72500,DIGITAL_ICT,True,48.0,True,1,48.02890932982917,20-6485,0.5694926104071633,no_temporal_score_reference_pool
16-10649,NAME:sdis 44,NAME_FALLBACK,2016-01-25,2016-05-07,2018-05-07,2026-07-13,30,30200,DIGITAL_ICT,True,24.0,True,0,125.55847568988173,,,no_temporal_score_reference_pool
16-12477,NAME:gpm de nantes - st nazaire,NAME_FALLBACK,2016-01-27,2016-06-09,2019-06-09,2026-07-13,32,32424,DIGITAL_ICT,True,36.0,True,0,125.49277266754271,,,no_temporal_score_reference_pool
16-3538,SIRET:22850001300658,RAW_SIRET,2016-01-11,2016-07-02,2019-07-02,2026-07-13,50,50312,DIGITAL_ICT,True,36.0,True,1,46.81340341655716,19-181393,0.23746999195575647,no_temporal_score_reference_pool
16-2845,NAME:ville de nantes,NAME_FALLBACK,2016-01-11,2016-01-11,2019-01-11,2026-07-13,71,71000,DIGITAL_ICT,True,36.0,True,0,126.01839684625493,,,no_temporal_score_reference_pool
16-9809,NAME:conseil general de loire-atlantique,NAME_FALLBACK,2016-01-21,2016-08-08,2020-08-08,2026-07-13,72,72611,DIGITAL_ICT,True,48.0,True,0,125.68988173455979,,,no_temporal_score_reference_pool
16-577,NAME:cnieg,NAME_FALLBACK,2016-01-04,2016-03-08,2016-09-08,2026-07-13,,,DIGITAL_ICT,True,6.0,True,0,126.24835742444152,,,no_temporal_score_reference_pool
16-8523,NAME:ecole des mines de nantes,NAME_FALLBACK,2016-01-19,2016-01-19,2016-07-19,2026-07-13,,,DIGITAL_ICT,True,6.0,True,0,125.75558475689881,,,no_temporal_score_reference_pool
16-9226,NAME:ville de nantes,NAME_FALLBACK,2016-01-20,2016-01-20,2019-01-20,2026-07-13,71,71000,DIGITAL_ICT,True,36.0,True,0,125.7227332457293,,,no_temporal_score_reference_pool
16-9086,SIRET:22720002900014,RAW_SIRET,2016-01-20,2016-04-30,2019-04-30,2026-07-13,32,32420,DIGITAL_ICT,True,36.0,True,1,44.25098554533509,19-146419,0.2665196252213806,no_temporal_score_reference_pool
16-2771,NAME:conseil general de la vendee,NAME_FALLBACK,2016-01-08,2016-04-18,2020-04-18,2026-07-13,72,72230,DIGITAL_ICT,True,48.0,True,0,126.11695137976346,,,no_temporal_score_reference_pool
16-6135,NAME:sdis de la sarthe,NAME_FALLBACK,2016-01-14,2016-04-25,2020-04-25,2026-07-13,48,48500,DIGITAL_ICT,True,48.0,True,1,56.47174770039422,20-118393,0.22768867935229647,no_temporal_score_reference_pool
16-11249,NAME:montrevault-sur-evre,NAME_FALLBACK,2016-01-29,2016-09-07,2019-09-07,2026-07-13,50,50312,DIGITAL_ICT,True,36.0,True,0,125.42706964520367,,,no_temporal_score_reference_pool
16-4040,NAME:cte de communes du pays des herbiers,NAME_FALLBACK,2016-01-12,2016-05-14,2020-05-14,2026-07-13,72,72514,DIGITAL_ICT,True,48.0,True,0,125.98554533508542,,,no_temporal_score_reference_pool
16-6558,NAME:universite de nantes,NAME_FALLBACK,2016-01-15,2016-07-22,2019-07-22,2026-07-13,32,32423,DIGITAL_ICT,True,36.0,True,0,125.88699080157687,,,no_temporal_score_reference_pool
16-7903,NAME:ecole des mines de nantes,NAME_FALLBACK,2016-01-19,2016-11-30,2019-11-30,2026-07-13,32,32420,DIGITAL_ICT,True,36.0,True,0,125.75558475689881,,,no_temporal_score_reference_pool
16-10778,NAME:gie sesam vitale,NAME_FALLBACK,2016-01-22,2016-11-09,2020-11-09,2026-07-13,72,72611,DIGITAL_ICT,True,48.0,True,1,54.2706964520368,20-97584,0.3040290566691828,no_temporal_score_reference_pool
16-5277,NAME:angers loire metropole,NAME_FALLBACK,2016-01-13,2016-08-20,2019-08-20,2026-07-13,71,71355,DIGITAL_ICT,True,36.0,True,1,37.74638633377136,19-35566,0.20487264451921322,no_temporal_score_reference_pool
16-1046,NAME:ademe,NAME_FALLBACK,2016-01-18,2016-01-18,2020-01-18,2026-07-13,72,72212,DIGITAL_ICT,True,48.0,True,0,125.78843626806834,,,no_temporal_score_reference_pool
16-7640,NAME:chu de nantes,NAME_FALLBACK,2016-01-18,2016-01-18,2020-01-18,2026-07-13,48,48450,DIGITAL_ICT,True,48.0,True,0,125.78843626806834,,,no_temporal_score_reference_pool
16-3447,NAME:centre hospitalier loire vendee ocean,NAME_FALLBACK,2016-01-11,2016-01-11,2020-01-11,2026-07-13,48,48800,DIGITAL_ICT,True,48.0,True,0,126.01839684625493,,,no_temporal_score_reference_pool
16-10414,NAME:conseil general de loire-atlantique,NAME_FALLBACK,2016-01-22,2016-01-22,2020-01-22,2026-07-13,72,72400,DIGITAL_ICT,True,48.0,True,0,125.65703022339028,,,no_temporal_score_reference_pool
16-1383,NAME:cap atlantique,NAME_FALLBACK,2016-01-06,2016-01-06,2018-01-06,2026-07-13,30,30200,DIGITAL_ICT,True,24.0,True,0,126.1826544021025,,,no_temporal_score_reference_pool
16-25313,NAME:universite de nantes,NAME_FALLBACK,2016-02-19,2016-07-22,2019-07-22,2026-07-13,32,32423,DIGITAL_ICT,True,36.0,True,0,124.73718791064388,,,no_temporal_score_reference_pool
16-25268,NAME:ministere des affaires etrangeres,NAME_FALLBACK,2016-02-22,2016-02-22,2019-02-22,2026-07-13,32,32323,DIGITAL_ICT,True,36.0,True,1,37.155059132720105,19-51014,0.19502772338182253,no_temporal_score_reference_pool
15-192276,NAME:vendee eau,NAME_FALLBACK,2016-02-05,2016-05-30,2020-05-30,2026-07-13,48,48900,DIGITAL_ICT,True,48.0,True,0,125.19710906701708,,,no_temporal_score_reference_pool
16-26260,NAME:ville de carquefou,NAME_FALLBACK,2016-02-23,2016-06-22,2020-06-22,2026-07-13,48,48822,DIGITAL_ICT,True,48.0,True,0,124.60578186596584,,,no_temporal_score_reference_pool
16-23686,NAME:cte cnes coeur d estuaire,NAME_FALLBACK,2016-02-17,2016-06-23,2020-06-23,2026-07-13,72,72500,DIGITAL_ICT,True,48.0,True,0,124.80289093298292,,,no_temporal_score_reference_pool
16-26598,NAME:departement de la sarthe,NAME_FALLBACK,2016-02-23,2016-02-23,2020-02-23,2026-07-13,48,48780,DIGITAL_ICT,True,48.0,True,0,124.60578186596584,,,no_temporal_score_reference_pool
16-18277,NAME:smirgeom est sarthe,NAME_FALLBACK,2016-02-05,2016-02-05,2016-08-05,2026-07-13,,,DIGITAL_ICT,True,6.0,True,0,125.19710906701708,,,no_temporal_score_reference_pool
16-19242,NAME:ville de nantes,NAME_FALLBACK,2016-02-09,2016-02-09,2016-08-09,2026-07-13,,,DIGITAL_ICT,True,6.0,True,0,125.06570302233902,,,no_temporal_score_reference_pool
16-14558,NAME:inra angers nantes,NAME_FALLBACK,2016-02-02,2016-07-08,2020-07-08,2026-07-13,72,72415,DIGITAL_ICT,True,48.0,True,1,47.83180026281209,20-13447,0.853369235404208,no_temporal_score_reference_pool
16-15210,NAME:conseil general de loire-atlantique,NAME_FALLBACK,2016-02-02,2016-02-02,2020-02-02,2026-07-13,79,79961,DIGITAL_ICT,True,48.0,True,0,125.29566360052563,,,no_temporal_score_reference_pool
16-19044,NAME:ville de beaucouze,NAME_FALLBACK,2016-02-09,2016-02-09,2016-08-09,2026-07-13,,,DIGITAL_ICT,True,6.0,True,0,125.06570302233902,,,no_temporal_score_reference_pool
16-16005,NAME:ville d orvault,NAME_FALLBACK,2016-02-03,2016-02-03,2016-08-03,2026-07-13,,,DIGITAL_ICT,True,6.0,True,1,9.42838370565046,16-165866,0.27618874248730285,no_temporal_score_reference_pool
16-16627,NAME:le mans metropole - communaute urbaine,NAME_FALLBACK,2016-02-04,2016-12-19,2020-12-19,2026-07-13,72,72212,DIGITAL_ICT,True,48.0,True,0,125.22996057818659,,,no_temporal_score_reference_pool
16-20531,NAME:dreal pays de la loire,NAME_FALLBACK,2016-02-23,2016-02-23,2020-02-23,2026-07-13,72,72500,DIGITAL_ICT,True,48.0,True,0,124.60578186596584,,,no_temporal_score_reference_pool
16-27767,NAME:centre hospitalier de cholet,NAME_FALLBACK,2016-02-25,2016-02-25,2020-02-25,2026-07-13,48,48782,DIGITAL_ICT,True,48.0,True,0,124.5400788436268,,,no_temporal_score_reference_pool
16-18733,NAME:ccrla,NAME_FALLBACK,2016-02-08,2016-02-08,2016-08-08,2026-07-13,,,DIGITAL_ICT,True,6.0,True,1,10.4796320630749,16-183509,0.22924444015721063,no_temporal_score_reference_pool
16-15813,NAME:conseil general de loire-atlantique,NAME_FALLBACK,2016-02-02,2016-08-08,2020-08-08,2026-07-13,72,72611,DIGITAL_ICT,True,48.0,True,0,125.29566360052563,,,no_temporal_score_reference_pool
16-15282,NAME:montrevault-sur-evre,NAME_FALLBACK,2016-02-02,2016-02-02,2020-02-02,2026-07-13,48,48000,DIGITAL_ICT,True,48.0,True,0,125.29566360052563,,,no_temporal_score_reference_pool
16-17002,NAME:ville de reze,NAME_FALLBACK,2016-02-04,2016-02-04,2020-02-04,2026-07-13,48,48421,DIGITAL_ICT,True,48.0,True,0,125.22996057818659,,,no_temporal_score_reference_pool
16-25827,NAME:cg49,NAME_FALLBACK,2016-02-23,2016-05-23,2020-05-23,2026-07-13,72,72268,DIGITAL_ICT,True,48.0,True,0,124.60578186596584,,,no_temporal_score_reference_pool
16-21939,NAME:ville de reze,NAME_FALLBACK,2016-02-12,2016-02-12,2017-08-12,2026-07-13,39,39150,DIGITAL_ICT,True,18.0,True,0,124.96714848883049,,,no_temporal_score_reference_pool
16-19705,NAME:concarneau cornouaille agglomeration,NAME_FALLBACK,2016-02-10,2016-07-04,2020-07-04,2026-07-13,48,48160,DIGITAL_ICT,True,48.0,True,0,125.03285151116951,,,no_temporal_score_reference_pool
16-20762,SIRET:23440003400026,RAW_SIRET,2016-02-11,2016-07-14,2020-07-14,2026-07-13,48,48810,DIGITAL_ICT,True,48.0,True,1,51.24835742444152,20-65753,0.835117517284153,no_temporal_score_reference_pool
16-47825,NAME:angers loire metropole,NAME_FALLBACK,2016-03-31,2016-03-31,2016-09-30,2026-07-13,,,DIGITAL_ICT,True,6.0,True,0,123.39027595269383,,,no_temporal_score_reference_pool
16-32977,NAME:sdis de la mayenne,NAME_FALLBACK,2016-03-08,2016-03-08,2020-03-08,2026-07-13,35,35111,DIGITAL_ICT,True,48.0,True,1,49.31011826544021,20-52846,0.4229182903034835,no_temporal_score_reference_pool
16-36754,NAME:cci de maine et loire,NAME_FALLBACK,2016-03-15,2016-03-15,2020-03-15,2026-07-13,79,79520,DIGITAL_ICT,True,48.0,True,0,123.91590013140605,,,no_temporal_score_reference_pool
16-40204,NAME:ch le mans,NAME_FALLBACK,2016-03-22,2016-03-22,2020-03-22,2026-07-13,35,35121,DIGITAL_ICT,True,48.0,True,0,123.68593955321944,,,no_temporal_score_reference_pool
16-40838,NAME:laval agglomeration,NAME_FALLBACK,2016-03-22,2016-07-22,2019-07-22,2026-07-13,32,32342,DIGITAL_ICT,True,36.0,True,0,123.68593955321944,,,no_temporal_score_reference_pool
16-39068,NAME:syndicat departemental d energie,NAME_FALLBACK,2016-03-17,2016-03-17,2016-09-17,2026-07-13,,,DIGITAL_ICT,True,6.0,True,0,123.85019710906701,,,no_temporal_score_reference_pool
16-48130,SIRET:22850001300658,RAW_SIRET,2016-03-31,2017-02-08,2021-02-08,2026-07-13,48,48481,DIGITAL_ICT,True,48.0,True,0,123.39027595269383,,,no_temporal_score_reference_pool
16-48232,NAME:gie sesam vitale,NAME_FALLBACK,2016-03-31,2016-11-25,2020-11-25,2026-07-13,72,72314,DIGITAL_ICT,True,48.0,True,1,52.00394218134034,20-97584,0.20108612026072395,no_temporal_score_reference_pool
16-33283,NAME:nantes metropole,NAME_FALLBACK,2016-03-10,2016-03-10,2020-03-10,2026-07-13,72,72810,DIGITAL_ICT,True,48.0,True,1,50.39421813403416,20-66643,0.1989898125974285,no_temporal_score_reference_pool
16-37530,NAME:ville de saumur,NAME_FALLBACK,2016-03-18,2016-03-18,2018-03-18,2026-07-13,30,30237,DIGITAL_ICT,True,24.0,True,0,123.8173455978975,,,no_temporal_score_reference_pool
16-40500,NAME:conseil general de loire-atlantique,NAME_FALLBACK,2016-03-22,2016-07-06,2020-07-06,2026-07-13,48,48900,DIGITAL_ICT,True,48.0,True,0,123.68593955321944,,,no_temporal_score_reference_pool
16-40880,NAME:universite de nantes,NAME_FALLBACK,2016-03-22,2016-06-27,2020-06-27,2026-07-13,72,72224,DIGITAL_ICT,True,48.0,True,1,53.679369250985545,20-111877,0.26725906977713965,no_temporal_score_reference_pool
16-30120,NAME:gie sesam vitale,NAME_FALLBACK,2016-03-02,2016-11-25,2020-11-25,2026-07-13,72,72314,DIGITAL_ICT,True,48.0,True,1,52.95663600525624,20-97584,0.20091031893174985,no_temporal_score_reference_pool
16-36374,NAME:centre hospitalier de saumur,NAME_FALLBACK,2016-03-14,2016-03-14,2016-09-14,2026-07-13,,,DIGITAL_ICT,True,6.0,True,0,123.94875164257556,,,no_temporal_score_reference_pool
16-37108,NAME:nantes metropole,NAME_FALLBACK,2016-03-16,2016-09-29,2017-03-29,2026-07-13,64,64200,DIGITAL_ICT,True,6.0,True,1,13.173455978975031,17-55087,0.2922646348991484,no_temporal_score_reference_pool
16-31513,NAME:nantes metropole,NAME_FALLBACK,2016-03-07,2016-03-07,2016-09-07,2026-07-13,,,DIGITAL_ICT,True,6.0,True,1,1.1826544021024967,16-49246,0.27811207355371903,no_temporal_score_reference_pool
16-32105,NAME:ville de carquefou,NAME_FALLBACK,2016-03-07,2016-06-17,2019-06-17,2026-07-13,32,32425,DIGITAL_ICT,True,36.0,True,0,124.17871222076215,,,no_temporal_score_reference_pool
16-35152,NAME:departement de la sarthe,NAME_FALLBACK,2016-03-11,2016-08-17,2020-08-17,2026-07-13,72,72422,DIGITAL_ICT,True,48.0,True,0,124.0473061760841,,,no_temporal_score_reference_pool
16-42023,NAME:gpm de nantes - st nazaire,NAME_FALLBACK,2016-03-24,2016-03-24,2019-03-24,2026-07-13,32,32344,DIGITAL_ICT,True,36.0,True,0,123.62023653088042,,,no_temporal_score_reference_pool
16-48016,NAME:universite de nantes,NAME_FALLBACK,2016-03-31,2016-07-22,2019-07-22,2026-07-13,32,32420,DIGITAL_ICT,True,36.0,True,1,37.74638633377136,19-80203,0.2717119200280705,no_temporal_score_reference_pool
16-30963,SIRET:22850001300658,RAW_SIRET,2016-03-03,2016-06-18,2020-06-18,2026-07-13,35,35261,DIGITAL_ICT,True,48.0,True,1,50.91984231274638,20-70265,0.9266614615410047,no_temporal_score_reference_pool
16-43654,NAME:mindef dga do s2a,NAME_FALLBACK,2016-03-29,2016-03-29,2020-03-29,2026-07-13,35,35125,DIGITAL_ICT,True,48.0,True,0,123.45597897503285,,,no_temporal_score_reference_pool
16-32344,NAME:conseil regional des pays de la loire,NAME_FALLBACK,2016-03-04,2016-07-14,2020-07-14,2026-07-13,48,48810,DIGITAL_ICT,True,48.0,True,1,55.38764783180026,20-125567,0.3389628315399486,no_temporal_score_reference_pool
16-33632,NAME:nantes metropole,NAME_FALLBACK,2016-03-11,2016-03-11,2020-03-11,2026-07-13,72,72212,DIGITAL_ICT,True,48.0,True,1,47.43758212877792,20-26585,0.3282859050539361,no_temporal_score_reference_pool
16-27384,NAME:mindef dga do s2a,NAME_FALLBACK,2016-03-15,2016-03-15,2020-03-15,2026-07-13,35,35125,DIGITAL_ICT,True,48.0,True,0,123.91590013140605,,,no_temporal_score_reference_pool
16-47620,SIRET:22850001300658,RAW_SIRET,2016-03-31,2016-09-08,2020-09-08,2026-07-13,79,79512,DIGITAL_ICT,True,48.0,True,1,48.98160315374507,20-58079,0.9299831486722536,no_temporal_score_reference_pool
16-41333,NAME:s m sarthois d amenagement numerique,NAME_FALLBACK,2016-03-23,2016-06-01,2019-06-01,2026-07-13,71,71317,DIGITAL_ICT,True,36.0,True,0,123.65308804204993,,,no_temporal_score_reference_pool
16-30715,NAME:cg49,NAME_FALLBACK,2016-03-02,2016-05-23,2020-05-23,2026-07-13,72,72268,DIGITAL_ICT,True,48.0,True,0,124.34296977660972,,,no_temporal_score_reference_pool
16-40003,SIRET:12000601000058,RAW_SIRET,2016-03-21,2016-09-10,2020-09-10,2026-07-13,72,72611,DIGITAL_ICT,True,48.0,True,0,123.71879106438897,,,no_temporal_score_reference_pool
16-28465,NAME:syndicat departemental d energie,NAME_FALLBACK,2016-03-01,2016-03-01,2020-03-01,2026-07-13,72,72400,DIGITAL_ICT,True,48.0,True,0,124.37582128777923,,,no_temporal_score_reference_pool
16-33781,NAME:commune d ecommoy,NAME_FALLBACK,2016-03-09,2016-05-23,2017-05-23,2026-07-13,45,45300,DIGITAL_ICT,True,12.0,True,0,124.11300919842313,,,no_temporal_score_reference_pool
16-9312,NAME:ville de cholet,NAME_FALLBACK,2016-03-15,2016-03-15,2016-09-15,2026-07-13,,,DIGITAL_ICT,True,6.0,True,0,123.91590013140605,,,no_temporal_score_reference_pool
16-38113,NAME:le mans metropole - communaute urbaine,NAME_FALLBACK,2016-03-16,2016-12-19,2020-12-19,2026-07-13,72,72212,DIGITAL_ICT,True,48.0,True,0,123.88304862023654,,,no_temporal_score_reference_pool
16-45870,NAME:angers loire metropole,NAME_FALLBACK,2016-03-30,2016-03-30,2020-03-30,2026-07-13,72,72267,DIGITAL_ICT,True,48.0,True,1,49.08015768725361,19-127477,0.34911170683088494,no_temporal_score_reference_pool
16-42170,NAME:gpm de nantes - st nazaire,NAME_FALLBACK,2016-03-24,2016-08-11,2020-08-11,2026-07-13,48,48443,DIGITAL_ICT,True,48.0,True,0,123.62023653088042,,,no_temporal_score_reference_pool
16-46830,SIRET:19490970100303,RAW_SIRET,2016-03-31,2016-07-15,2019-07-15,2026-07-13,32,32510,DIGITAL_ICT,True,36.0,True,0,123.39027595269383,,,no_temporal_score_reference_pool
16-54197,NAME:nantes metropole,NAME_FALLBACK,2016-04-17,2016-04-17,2020-04-17,2026-07-13,48,48900,DIGITAL_ICT,True,48.0,True,0,122.8318002628121,,,no_temporal_score_reference_pool
16-55322,NAME:conseil general de loire-atlantique,NAME_FALLBACK,2016-04-18,2016-08-03,2017-02-03,2026-07-13,,,DIGITAL_ICT,True,6.0,True,0,122.79894875164257,,,no_temporal_score_reference_pool
16-34964,NAME:cour d appel de rennes,NAME_FALLBACK,2016-04-19,2016-04-19,2020-04-19,2026-07-13,35,35124,DIGITAL_ICT,True,48.0,True,0,122.76609724047306,,,no_temporal_score_reference_pool
16-36496,NAME:la roche-sur-yon agglomeration,NAME_FALLBACK,2016-04-01,2016-04-01,2020-04-01,2026-07-13,72,72268,DIGITAL_ICT,True,48.0,True,0,123.35742444152432,,,no_temporal_score_reference_pool
16-54370,NAME:nantes metropole,NAME_FALLBACK,2016-04-17,2016-04-17,2020-04-17,2026-07-13,48,48900,DIGITAL_ICT,True,48.0,True,1,45.82785808147175,20-21049,0.18784056517820003,no_temporal_score_reference_pool
16-56698,NAME:ch le mans,NAME_FALLBACK,2016-04-20,2016-04-20,2020-04-20,2026-07-13,35,35121,DIGITAL_ICT,True,48.0,True,1,51.28120893561103,20-96618,0.23965382261657692,no_temporal_score_reference_pool
16-61061,NAME:departement de la sarthe,NAME_FALLBACK,2016-04-29,2016-04-29,2020-04-29,2026-07-13,72,72512,DIGITAL_ICT,True,48.0,True,1,42.70696452036793,19-174809,0.280052823625611,no_temporal_score_reference_pool
16-51983,NAME:angers nantes opera syndicat mixte,NAME_FALLBACK,2016-04-11,2016-04-11,2016-10-11,2026-07-13,,,DIGITAL_ICT,True,6.0,True,0,123.02890932982918,,,no_temporal_score_reference_pool
16-57562,NAME:angers loire metropole,NAME_FALLBACK,2016-04-25,2016-04-25,2020-04-25,2026-07-13,72,72267,DIGITAL_ICT,True,48.0,True,1,44.382391590013135,19-176963,0.26580320484408876,no_temporal_score_reference_pool
16-57663,NAME:ch le mans,NAME_FALLBACK,2016-04-25,2016-04-25,2017-04-25,2026-07-13,45,45311,DIGITAL_ICT,True,12.0,True,0,122.56898817345598,,,no_temporal_score_reference_pool
16-50276,NAME:mairie de coueron,NAME_FALLBACK,2016-04-06,2016-04-06,2016-10-06,2026-07-13,,,DIGITAL_ICT,True,6.0,True,0,123.19316688567675,,,no_temporal_score_reference_pool
16-56502,NAME:caf de la somme,NAME_FALLBACK,2016-04-22,2016-04-22,2020-04-22,2026-07-13,72,72212,DIGITAL_ICT,True,48.0,True,0,122.66754270696453,,,no_temporal_score_reference_pool
16-58728,NAME:universite de nantes,NAME_FALLBACK,2016-04-22,2016-06-27,2020-06-27,2026-07-13,72,72224,DIGITAL_ICT,True,48.0,True,1,52.66097240473061,20-111877,0.26658001301443124,no_temporal_score_reference_pool
16-59706,NAME:ch le mans,NAME_FALLBACK,2016-04-27,2016-08-02,2020-08-02,2026-07-13,79,79540,DIGITAL_ICT,True,48.0,True,0,122.50328515111696,,,no_temporal_score_reference_pool
16-49315,NAME:rectorat de l academie de nantes,NAME_FALLBACK,2016-04-05,2016-04-05,2016-10-05,2026-07-13,,,DIGITAL_ICT,True,6.0,True,1,6.504599211563732,16-153372,0.5338887183705412,no_temporal_score_reference_pool
16-54252,NAME:montrevault-sur-evre,NAME_FALLBACK,2016-04-15,2016-04-15,2020-04-15,2026-07-13,48,48000,DIGITAL_ICT,True,48.0,True,0,122.89750328515112,,,no_temporal_score_reference_pool
16-57705,NAME:centre hospitalier de laval,NAME_FALLBACK,2016-04-25,2016-04-25,2020-04-25,2026-07-13,48,48000,DIGITAL_ICT,True,48.0,True,0,122.56898817345598,,,no_temporal_score_reference_pool
16-56370,NAME:mission val de loire syndicat mixte i,NAME_FALLBACK,2016-04-20,2016-04-20,2016-10-20,2026-07-13,,,DIGITAL_ICT,True,6.0,True,0,122.73324572930355,,,no_temporal_score_reference_pool
16-57014,NAME:nantes metropole,NAME_FALLBACK,2016-04-20,2016-04-20,2016-10-20,2026-07-13,,,DIGITAL_ICT,True,6.0,True,1,12.02365308804205,17-55087,0.22768882353530764,no_temporal_score_reference_pool
16-55219,NAME:conseil departemental de la mayenne,NAME_FALLBACK,2016-04-18,2016-06-19,2019-06-19,2026-07-13,32,32523,DIGITAL_ICT,True,36.0,True,0,122.79894875164257,,,no_temporal_score_reference_pool
16-55859,NAME:centre hospitalier de saint-nazaire,NAME_FALLBACK,2016-04-25,2016-04-25,2016-10-25,2026-07-13,,,DIGITAL_ICT,True,6.0,True,0,122.56898817345598,,,no_temporal_score_reference_pool
16-49246,NAME:nantes metropole,NAME_FALLBACK,2016-04-12,2016-04-12,2016-10-12,2026-07-13,,,DIGITAL_ICT,True,6.0,True,1,1.7082785808147174,16-80903,0.27285018598085764,no_temporal_score_reference_pool
16-55493,NAME:ccas d angers,NAME_FALLBACK,2016-04-19,2016-04-19,2020-04-19,2026-07-13,48,48180,DIGITAL_ICT,True,48.0,True,0,122.76609724047306,,,no_temporal_score_reference_pool
16-63741,NAME:conseil general de loire-atlantique,NAME_FALLBACK,2016-05-05,2016-08-08,2017-02-08,2026-07-13,64,64210,DIGITAL_ICT,True,6.0,True,0,122.24047306176084,,,no_temporal_score_reference_pool
16-74267,NAME:ville de nantes,NAME_FALLBACK,2016-05-28,2016-05-28,2020-05-28,2026-07-13,72,72700,DIGITAL_ICT,True,48.0,True,0,121.48488830486203,,,no_temporal_score_reference_pool
16-70245,NAME:semitan mandataire de la cun,NAME_FALLBACK,2016-05-17,2016-05-17,2016-11-17,2026-07-13,,,DIGITAL_ICT,True,6.0,True,0,121.84625492772668,,,no_temporal_score_reference_pool
16-73142,NAME:ch le mans,NAME_FALLBACK,2016-05-20,2016-08-02,2020-08-02,2026-07-13,79,79540,DIGITAL_ICT,True,48.0,True,0,121.74770039421813,,,no_temporal_score_reference_pool
16-66171,NAME:commune de pornic,NAME_FALLBACK,2016-05-23,2016-05-23,2020-05-23,2026-07-13,48,48000,DIGITAL_ICT,True,48.0,True,0,121.6491458607096,,,no_temporal_score_reference_pool
16-77563,NAME:lycee polyvalent leonard de vinci,NAME_FALLBACK,2016-05-30,2016-05-30,2019-05-30,2026-07-13,32,32321,DIGITAL_ICT,True,36.0,True,1,40.70302233902759,19-160018,0.6865496939916602,no_temporal_score_reference_pool
16-63210,NAME:centre hospitalier de laval,NAME_FALLBACK,2016-05-03,2016-05-03,2019-05-03,2026-07-13,32,32354,DIGITAL_ICT,True,36.0,True,0,122.30617608409987,,,no_temporal_score_reference_pool
16-65767,NAME:lycee general et technologique livet,NAME_FALLBACK,2016-05-06,2016-05-06,2016-11-06,2026-07-13,,,DIGITAL_ICT,True,6.0,True,1,1.5440210249671484,16-92246,0.4074259980933291,no_temporal_score_reference_pool
16-67461,NAME:ch le mans,NAME_FALLBACK,2016-05-10,2016-05-10,2020-05-10,2026-07-13,35,35125,DIGITAL_ICT,True,48.0,True,0,122.07621550591327,,,no_temporal_score_reference_pool
16-67267,NAME:ademe,NAME_FALLBACK,2016-05-12,2016-11-28,2020-11-28,2026-07-13,48,48000,DIGITAL_ICT,True,48.0,True,0,122.01051248357425,,,no_temporal_score_reference_pool
16-70307,NAME:angers loire metropole,NAME_FALLBACK,2016-05-17,2016-05-17,2016-11-17,2026-07-13,,,DIGITAL_ICT,True,6.0,True,0,121.84625492772668,,,no_temporal_score_reference_pool
16-67701,NAME:pole emploi pays de la loire,NAME_FALLBACK,2016-05-13,2016-09-25,2017-09-25,2026-07-13,45,45311,DIGITAL_ICT,True,12.0,True,0,121.97766097240473,,,no_temporal_score_reference_pool
16-73215,NAME:nantes metropole,NAME_FALLBACK,2016-05-23,2016-05-23,2020-05-23,2026-07-13,72,72130,DIGITAL_ICT,True,48.0,True,1,44.97371879106439,20-26328,0.4952686117723248,no_temporal_score_reference_pool
16-71885,NAME:nantes metropole,NAME_FALLBACK,2016-05-23,2016-05-23,2016-11-23,2026-07-13,,,DIGITAL_ICT,True,6.0,True,0,121.6491458607096,,,no_temporal_score_reference_pool
16-77846,NAME:lycee chevrollier,NAME_FALLBACK,2016-05-30,2016-07-15,2018-07-15,2026-07-13,30,30214,DIGITAL_ICT,True,24.0,True,0,121.419185282523,,,no_temporal_score_reference_pool
16-76661,NAME:concarneau cornouaille agglomeration,NAME_FALLBACK,2016-05-26,2016-05-26,2016-11-26,2026-07-13,,,DIGITAL_ICT,True,6.0,True,0,121.55059132720105,,,no_temporal_score_reference_pool
16-67782,NAME:insee,NAME_FALLBACK,2016-05-11,2016-06-10,2016-12-10,2026-07-13,64,64122,DIGITAL_ICT,True,6.0,True,0,122.04336399474376,,,no_temporal_score_reference_pool
16-68218,NAME:universite de nantes,NAME_FALLBACK,2016-05-14,2016-07-21,2018-07-21,2026-07-13,30,30211,DIGITAL_ICT,True,24.0,True,1,26.182654402102497,18-101350,0.3196044251026472,no_temporal_score_reference_pool
16-72521,NAME:ville de noirmoutier,NAME_FALLBACK,2016-05-19,2016-05-19,2016-11-19,2026-07-13,,,DIGITAL_ICT,True,6.0,True,1,2.266754270696452,16-113197,0.4471457319565821,no_temporal_score_reference_pool
16-78789,NAME:ecole des mines de nantes,NAME_FALLBACK,2016-05-30,2016-05-30,2016-11-30,2026-07-13,,,DIGITAL_ICT,True,6.0,True,0,121.419185282523,,,no_temporal_score_reference_pool
16-73358,NAME:ville du mans,NAME_FALLBACK,2016-05-23,2016-07-05,2019-07-05,2026-07-13,32,32342,DIGITAL_ICT,True,36.0,True,0,121.6491458607096,,,no_temporal_score_reference_pool
16-62960,NAME:universite de nantes,NAME_FALLBACK,2016-05-02,2016-07-27,2020-07-27,2026-07-13,48,48000,DIGITAL_ICT,True,48.0,True,1,46.22207621550592,20-35694,0.18951655769971554,no_temporal_score_reference_pool
16-74130,NAME:syndicat vendee des iles,NAME_FALLBACK,2016-05-27,2016-07-30,2020-07-30,2026-07-13,72,72411,DIGITAL_ICT,True,48.0,True,0,121.51773981603154,,,no_temporal_score_reference_pool
16-78018,SIRET:27720003600196,RAW_SIRET,2016-05-30,2017-08-26,2021-08-26,2026-07-13,72,72600,DIGITAL_ICT,True,48.0,True,0,121.419185282523,,,no_temporal_score_reference_pool
16-75407,NAME:saeml la folle journee,NAME_FALLBACK,2016-05-25,2016-05-25,2016-11-25,2026-07-13,,,DIGITAL_ICT,True,6.0,True,0,121.58344283837056,,,no_temporal_score_reference_pool
16-63342,NAME:nantes metropole,NAME_FALLBACK,2016-05-07,2016-10-21,2017-10-21,2026-07-13,45,45316,DIGITAL_ICT,True,12.0,True,0,122.17477003942182,,,no_temporal_score_reference_pool
16-70203,NAME:universite de nantes,NAME_FALLBACK,2016-05-17,2016-07-27,2020-07-27,2026-07-13,72,72224,DIGITAL_ICT,True,48.0,True,1,51.83968462549277,20-111877,0.24363829367568585,no_temporal_score_reference_pool
16-68672,NAME:ecole centrale de nantes,NAME_FALLBACK,2016-05-12,2016-05-12,2016-11-12,2026-07-13,,,DIGITAL_ICT,True,6.0,True,1,5.256241787122208,16-151274,0.24817887834153085,no_temporal_score_reference_pool
16-62950,NAME:angers loire metropole,NAME_FALLBACK,2016-05-02,2016-05-02,2019-05-02,2026-07-13,71,71221,DIGITAL_ICT,True,36.0,True,0,122.33902759526939,,,no_temporal_score_reference_pool
16-68875,NAME:centre hospitalier de cholet,NAME_FALLBACK,2016-05-12,2016-05-12,2020-05-12,2026-07-13,48,48219,DIGITAL_ICT,True,48.0,True,0,122.01051248357425,,,no_temporal_score_reference_pool
16-69641,NAME:centre hospitalier specialise de blain,NAME_FALLBACK,2016-05-13,2016-05-13,2020-05-13,2026-07-13,48,48000,DIGITAL_ICT,True,48.0,True,0,121.97766097240473,,,no_temporal_score_reference_pool
16-70219,NAME:angers loire metropole,NAME_FALLBACK,2016-05-17,2016-05-17,2020-05-17,2026-07-13,72,72267,DIGITAL_ICT,True,48.0,True,1,48.35742444152431,20-66280,0.27786131399449193,no_temporal_score_reference_pool
16-73480,NAME:gip form continue insert pr experience,NAME_FALLBACK,2016-05-23,2016-05-23,2016-11-23,2026-07-13,,,DIGITAL_ICT,True,6.0,True,0,121.6491458607096,,,no_temporal_score_reference_pool
16-73319,NAME:commune de saint-nazaire,NAME_FALLBACK,2016-05-24,2016-09-14,2020-09-14,2026-07-13,72,72700,DIGITAL_ICT,True,48.0,True,0,121.61629434954008,,,no_temporal_score_reference_pool
16-64280,NAME:association e-toile,NAME_FALLBACK,2016-05-06,2016-11-20,2020-11-20,2026-07-13,72,72000,DIGITAL_ICT,True,48.0,True,0,122.20762155059133,,,no_temporal_score_reference_pool
16-73008,NAME:ccir pays de la loire,NAME_FALLBACK,2016-05-20,2016-05-20,2016-11-20,2026-07-13,,,DIGITAL_ICT,True,6.0,True,0,121.74770039421813,,,no_temporal_score_reference_pool
16-73199,NAME:saeml la folle journee,NAME_FALLBACK,2016-05-23,2016-05-23,2016-11-23,2026-07-13,,,DIGITAL_ICT,True,6.0,True,0,121.6491458607096,,,no_temporal_score_reference_pool
16-61484,NAME:conseil regional des pays de la loire,NAME_FALLBACK,2016-05-01,2016-09-21,2020-09-21,2026-07-13,72,72413,DIGITAL_ICT,True,48.0,True,1,58.5742444152431,21-35651,0.2942312389810873,no_temporal_score_reference_pool
16-72442,NAME:chu de nantes,NAME_FALLBACK,2016-05-22,2016-12-17,2020-12-17,2026-07-13,72,72267,DIGITAL_ICT,True,48.0,True,1,60.57818659658344,21-76925,0.4105355843150956,no_temporal_score_reference_pool
16-83712,NAME:departement de maine-et-loire,NAME_FALLBACK,2016-06-07,2016-06-07,2016-12-07,2026-07-13,,,DIGITAL_ICT,True,6.0,True,0,121.15637319316689,,,no_temporal_score_reference_pool
16-81005,NAME:arafer,NAME_FALLBACK,2016-06-04,2016-06-04,2020-06-04,2026-07-13,48,48612,DIGITAL_ICT,True,48.0,True,0,121.25492772667543,,,no_temporal_score_reference_pool
16-79523,NAME:commune de saint-nazaire,NAME_FALLBACK,2016-06-09,2016-10-06,2018-10-06,2026-07-13,30,30230,DIGITAL_ICT,True,24.0,True,0,121.09067017082786,,,no_temporal_score_reference_pool
16-87909,NAME:cmar pays de la loire,NAME_FALLBACK,2016-06-19,2016-11-12,2018-11-12,2026-07-13,30,30230,DIGITAL_ICT,True,24.0,True,1,25.065703022339022,18-103711,0.36509301128525656,no_temporal_score_reference_pool
16-96174,SIRET:23440003400026,RAW_SIRET,2016-06-30,2016-12-22,2020-12-22,2026-07-13,48,48810,DIGITAL_ICT,True,48.0,True,1,50.45992115637319,20-111698,0.3640310429003921,no_temporal_score_reference_pool
16-79410,NAME:cte de cnes du pays fontenay le comte,NAME_FALLBACK,2016-06-07,2016-09-27,2017-03-27,2026-07-13,,,DIGITAL_ICT,True,6.0,True,0,121.15637319316689,,,no_temporal_score_reference_pool
16-84309,NAME:conseil regional des pays de la loire,NAME_FALLBACK,2016-06-08,2016-09-19,2019-09-19,2026-07-13,32,32353,DIGITAL_ICT,True,36.0,True,0,121.12352168199737,,,no_temporal_score_reference_pool
16-87635,NAME:universite d angers,NAME_FALLBACK,2016-06-15,2016-06-15,2020-06-15,2026-07-13,48,48311,DIGITAL_ICT,True,48.0,True,0,120.89356110381078,,,no_temporal_score_reference_pool
16-81907,NAME:angers loire metropole,NAME_FALLBACK,2016-06-08,2016-12-15,2020-12-15,2026-07-13,72,72250,DIGITAL_ICT,True,48.0,True,1,60.08541392904073,21-74412,0.25111335635997273,no_temporal_score_reference_pool
16-85545,NAME:crous de nantes,NAME_FALLBACK,2016-06-11,2016-06-11,2019-06-11,2026-07-13,32,32420,DIGITAL_ICT,True,36.0,True,0,121.02496714848883,,,no_temporal_score_reference_pool
16-83187,NAME:ville d angers,NAME_FALLBACK,2016-06-07,2016-06-07,2019-06-07,2026-07-13,32,32342,DIGITAL_ICT,True,36.0,True,0,121.15637319316689,,,no_temporal_score_reference_pool
16-86581,NAME:laval agglomeration,NAME_FALLBACK,2016-06-13,2016-06-13,2016-12-13,2026-07-13,,,DIGITAL_ICT,True,6.0,True,0,120.9592641261498,,,no_temporal_score_reference_pool
16-92246,NAME:lycee general et technologique livet,NAME_FALLBACK,2016-06-22,2016-06-22,2016-12-22,2026-07-13,,,DIGITAL_ICT,True,6.0,True,0,120.66360052562418,,,no_temporal_score_reference_pool
16-81846,NAME:nantes metropole habitat,NAME_FALLBACK,2016-06-08,2016-11-06,2020-11-06,2026-07-13,48,48000,DIGITAL_ICT,True,48.0,True,0,121.12352168199737,,,no_temporal_score_reference_pool
16-82782,NAME:mairie de bauge en anjou,NAME_FALLBACK,2016-06-08,2016-06-08,2019-06-08,2026-07-13,90,90500,DIGITAL_ICT,True,36.0,True,1,36.69513797634691,19-99589,0.2459126213824946,no_temporal_score_reference_pool
16-92101,NAME:ecole centrale de nantes,NAME_FALLBACK,2016-06-23,2016-10-21,2020-10-21,2026-07-13,72,72413,DIGITAL_ICT,True,48.0,True,0,120.63074901445466,,,no_temporal_score_reference_pool
16-85552,NAME:conseil regional des pays de la loire,NAME_FALLBACK,2016-06-10,2016-12-20,2020-12-20,2026-07-13,35,35000,DIGITAL_ICT,True,48.0,True,0,121.05781865965834,,,no_temporal_score_reference_pool
16-95746,NAME:g c s m s estuaire,NAME_FALLBACK,2016-06-28,2016-06-28,2019-06-28,2026-07-13,32,32417,DIGITAL_ICT,True,36.0,True,0,120.4664914586071,,,no_temporal_score_reference_pool
16-83013,NAME:dir ouest,NAME_FALLBACK,2016-06-08,2017-02-02,2021-02-02,2026-07-13,72,72267,DIGITAL_ICT,True,48.0,True,0,121.12352168199737,,,no_temporal_score_reference_pool
16-85662,NAME:conseil regional des pays de la loire,NAME_FALLBACK,2016-06-13,2016-11-03,2020-11-03,2026-07-13,72,72320,DIGITAL_ICT,True,48.0,True,1,55.81471747700394,21-16505,0.36847950444854716,no_temporal_score_reference_pool
16-84729,NAME:departement de la vendee,NAME_FALLBACK,2016-06-09,2016-10-04,2020-10-04,2026-07-13,72,72212,DIGITAL_ICT,True,48.0,True,1,52.858081471747695,20-135543,0.946666666666667,no_temporal_score_reference_pool
16-85256,NAME:s i d energies de maine et loire,NAME_FALLBACK,2016-06-09,2016-06-09,2016-12-09,2026-07-13,,,DIGITAL_ICT,True,6.0,True,0,121.09067017082786,,,no_temporal_score_reference_pool
16-81774,NAME:gie sesam vitale,NAME_FALLBACK,2016-06-05,2016-06-05,2020-06-05,2026-07-13,72,72212,DIGITAL_ICT,True,48.0,True,0,121.22207621550591,,,no_temporal_score_reference_pool
16-95121,NAME:ville de bouguenais,NAME_FALLBACK,2016-06-28,2016-09-27,2018-09-27,2026-07-13,30,30200,DIGITAL_ICT,True,24.0,True,0,120.4664914586071,,,no_temporal_score_reference_pool
16-82345,NAME:centre hospitalier de saint-nazaire,NAME_FALLBACK,2016-06-07,2016-06-07,2016-12-07,2026-07-13,,,DIGITAL_ICT,True,6.0,True,0,121.15637319316689,,,no_temporal_score_reference_pool
16-86665,NAME:departement de maine-et-loire,NAME_FALLBACK,2016-06-16,2016-06-16,2016-12-16,2026-07-13,,,DIGITAL_ICT,True,6.0,True,0,120.86070959264126,,,no_temporal_score_reference_pool
16-94328,NAME:smirgeom est sarthe,NAME_FALLBACK,2016-06-27,2016-06-27,2020-06-27,2026-07-13,48,48000,DIGITAL_ICT,True,48.0,True,0,120.4993429697766,,,no_temporal_score_reference_pool
16-80474,NAME:com communes du pays d ancenis,NAME_FALLBACK,2016-06-15,2017-02-03,2021-02-03,2026-07-13,48,48160,DIGITAL_ICT,True,48.0,True,0,120.89356110381078,,,no_temporal_score_reference_pool
16-86436,NAME:la roche-sur-yon agglomeration,NAME_FALLBACK,2016-06-15,2016-11-04,2018-11-04,2026-07-13,30,30211,DIGITAL_ICT,True,24.0,True,0,120.89356110381078,,,no_temporal_score_reference_pool
16-80903,NAME:nantes metropole,NAME_FALLBACK,2016-06-03,2016-06-03,2016-12-03,2026-07-13,,,DIGITAL_ICT,True,6.0,True,0,121.28777923784494,,,no_temporal_score_reference_pool
16-88869,NAME:greta loire atlantique,NAME_FALLBACK,2016-06-15,2016-06-15,2016-12-15,2026-07-13,,,DIGITAL_ICT,True,6.0,True,0,120.89356110381078,,,no_temporal_score_reference_pool
16-96425,NAME:cap atlantique,NAME_FALLBACK,2016-06-29,2016-06-29,2016-12-29,2026-07-13,,,DIGITAL_ICT,True,6.0,True,1,0.6898817345597897,16-108742,0.5759048120116927,no_temporal_score_reference_pool
16-85619,NAME:conseil regional des pays de la loire,NAME_FALLBACK,2016-06-13,2016-12-07,2019-12-07,2026-07-13,32,32550,DIGITAL_ICT,True,36.0,True,1,43.42969776609724,20-12202,0.25305256152935274,no_temporal_score_reference_pool
16-109013,NAME:rectorat de l academie de dijon,NAME_FALLBACK,2016-07-22,2016-07-22,2020-07-22,2026-07-13,72,72000,DIGITAL_ICT,True,48.0,True,0,119.67805519053877,,,no_temporal_score_reference_pool
16-111867,SIRET:22490001900015,RAW_SIRET,2016-07-29,2017-01-18,2021-01-18,2026-07-13,72,72210,DIGITAL_ICT,True,48.0,True,0,119.44809461235216,,,no_temporal_score_reference_pool
16-100426,NAME:angers loire metropole,NAME_FALLBACK,2016-07-07,2016-12-21,2020-12-21,2026-07-13,72,72210,DIGITAL_ICT,True,48.0,True,1,59.13272010512483,21-74412,0.24261017129690193,no_temporal_score_reference_pool
16-98835,NAME:association e-toile,NAME_FALLBACK,2016-07-09,2016-07-09,2020-07-09,2026-07-13,72,72000,DIGITAL_ICT,True,48.0,True,1,46.353482260183966,20-65717,0.4910663568818834,no_temporal_score_reference_pool
16-112263,NAME:cte de cnes de la vallee de clisson,NAME_FALLBACK,2016-07-27,2016-07-27,2019-07-27,2026-07-13,32,32429,DIGITAL_ICT,True,36.0,True,0,119.5137976346912,,,no_temporal_score_reference_pool
16-95598,NAME:commune de saint-nazaire,NAME_FALLBACK,2016-07-04,2016-12-14,2019-12-14,2026-07-13,50,50324,DIGITAL_ICT,True,36.0,True,0,120.26938239159001,,,no_temporal_score_reference_pool
16-109017,NAME:gie sesam vitale,NAME_FALLBACK,2016-07-22,2016-07-22,2020-07-22,2026-07-13,48,48920,DIGITAL_ICT,True,48.0,True,0,119.67805519053877,,,no_temporal_score_reference_pool
16-109275,NAME:agence regionale pays de la loire ti,NAME_FALLBACK,2016-07-22,2016-07-22,2017-01-22,2026-07-13,,,DIGITAL_ICT,True,6.0,True,1,8.47568988173456,17-46886,0.43289085486103646,no_temporal_score_reference_pool
16-102267,NAME:caf de la sarthe,NAME_FALLBACK,2016-07-09,2016-12-11,2018-12-11,2026-07-13,30,30237,DIGITAL_ICT,True,24.0,True,0,120.10512483574244,,,no_temporal_score_reference_pool
16-108313,NAME:cesame - ch de sainte gemmes sur loire,NAME_FALLBACK,2016-07-19,2016-07-19,2017-01-19,2026-07-13,,,DIGITAL_ICT,True,6.0,True,1,9.724047306176084,17-65610,0.20225065905015416,no_temporal_score_reference_pool
16-105530,NAME:conseil departemental de la mayenne,NAME_FALLBACK,2016-07-15,2017-03-03,2020-03-03,2026-07-13,32,32523,DIGITAL_ICT,True,36.0,True,0,119.90801576872536,,,no_temporal_score_reference_pool
16-106204,NAME:universite de nantes,NAME_FALLBACK,2016-07-15,2016-12-25,2019-12-25,2026-07-13,32,32524,DIGITAL_ICT,True,36.0,True,1,43.79106438896189,20-35694,0.24756158789338018,no_temporal_score_reference_pool
16-99329,NAME:nantes metropole habitat,NAME_FALLBACK,2016-07-26,2016-11-24,2020-11-24,2026-07-13,48,48900,DIGITAL_ICT,True,48.0,True,0,119.54664914586071,,,no_temporal_score_reference_pool
16-98551,NAME:cnieg,NAME_FALLBACK,2016-07-01,2016-07-01,2020-07-01,2026-07-13,72,72600,DIGITAL_ICT,True,48.0,True,0,120.36793692509856,,,no_temporal_score_reference_pool
16-106116,NAME:ville d orvault,NAME_FALLBACK,2016-07-13,2016-07-13,2017-01-13,2026-07-13,,,DIGITAL_ICT,True,6.0,True,1,4.139290407358739,16-165866,0.47120476387400506,no_temporal_score_reference_pool
16-99599,NAME:greta de vendee,NAME_FALLBACK,2016-07-05,2016-07-05,2017-01-05,2026-07-13,,,DIGITAL_ICT,True,6.0,True,0,120.2365308804205,,,no_temporal_score_reference_pool
16-114007,NAME:c s t b,NAME_FALLBACK,2016-07-30,2016-07-30,2020-07-30,2026-07-13,72,72000,DIGITAL_ICT,True,48.0,True,0,119.41524310118265,,,no_temporal_score_reference_pool
16-93714,NAME:ademe,NAME_FALLBACK,2016-07-02,2016-12-18,2018-12-18,2026-07-13,30,30200,DIGITAL_ICT,True,24.0,True,0,120.33508541392904,,,no_temporal_score_reference_pool
16-98698,SIRET:19490970100303,RAW_SIRET,2016-07-03,2016-11-09,2020-11-09,2026-07-13,48,48822,DIGITAL_ICT,True,48.0,True,0,120.30223390275953,,,no_temporal_score_reference_pool
16-102715,NAME:nantes metropole,NAME_FALLBACK,2016-07-11,2016-07-11,2019-07-11,2026-07-13,32,32400,DIGITAL_ICT,True,36.0,True,1,33.77135348226018,19-69736,0.6167967053678323,no_temporal_score_reference_pool
16-94711,NAME:vendee eau,NAME_FALLBACK,2016-07-04,2017-01-17,2021-01-17,2026-07-13,48,48900,DIGITAL_ICT,True,48.0,True,0,120.26938239159001,,,no_temporal_score_reference_pool
16-111174,NAME:o p h le mans habitat,NAME_FALLBACK,2016-07-25,2016-07-25,2017-01-25,2026-07-13,,,DIGITAL_ICT,True,6.0,True,0,119.57950065703022,,,no_temporal_score_reference_pool
16-108742,NAME:cap atlantique,NAME_FALLBACK,2016-07-20,2016-07-20,2017-01-20,2026-07-13,,,DIGITAL_ICT,True,6.0,True,0,119.7437582128778,,,no_temporal_score_reference_pool
16-97484,NAME:sdis 49,NAME_FALLBACK,2016-07-04,2016-12-28,2019-12-28,2026-07-13,32,32522,DIGITAL_ICT,True,36.0,True,0,120.26938239159001,,,no_temporal_score_reference_pool
16-103634,NAME:dreal pays de la loire,NAME_FALLBACK,2016-07-11,2016-07-11,2017-01-11,2026-07-13,,,DIGITAL_ICT,True,6.0,True,0,120.03942181340342,,,no_temporal_score_reference_pool
16-113197,NAME:ville de noirmoutier,NAME_FALLBACK,2016-07-27,2016-07-27,2017-01-27,2026-07-13,,,DIGITAL_ICT,True,6.0,True,0,119.5137976346912,,,no_temporal_score_reference_pool
16-107267,NAME:commune de saint-nazaire,NAME_FALLBACK,2016-07-23,2016-11-16,2020-11-16,2026-07-13,72,72420,DIGITAL_ICT,True,48.0,True,0,119.64520367936925,,,no_temporal_score_reference_pool
16-103802,NAME:arafer,NAME_FALLBACK,2016-07-13,2016-07-13,2020-07-13,2026-07-13,72,72316,DIGITAL_ICT,True,48.0,True,0,119.97371879106439,,,no_temporal_score_reference_pool
16-110202,NAME:cmar pays de la loire,NAME_FALLBACK,2016-07-25,2017-01-17,2017-07-17,2026-07-13,,,DIGITAL_ICT,True,6.0,True,0,119.57950065703022,,,no_temporal_score_reference_pool
16-103833,NAME:nantes metropole,NAME_FALLBACK,2016-07-13,2016-07-13,2020-07-13,2026-07-13,48,48800,DIGITAL_ICT,True,48.0,True,1,45.56504599211564,20-49949,0.4480727698169726,no_temporal_score_reference_pool
16-101519,NAME:commune de saint jean de monts,NAME_FALLBACK,2016-07-07,2016-09-13,2017-03-13,2026-07-13,,,DIGITAL_ICT,True,6.0,True,0,120.17082785808147,,,no_temporal_score_reference_pool
16-106449,NAME:synd mixte du pays de coutances,NAME_FALLBACK,2016-07-15,2016-07-15,2018-07-15,2026-07-13,30,30211,DIGITAL_ICT,True,24.0,True,0,119.90801576872536,,,no_temporal_score_reference_pool
16-110437,NAME:universite europeenne de bretagne,NAME_FALLBACK,2016-07-26,2016-07-26,2020-07-26,2026-07-13,48,48190,DIGITAL_ICT,True,48.0,True,0,119.54664914586071,,,no_temporal_score_reference_pool
16-92162,NAME:ville de la roche-sur-yon,NAME_FALLBACK,2016-07-04,2016-12-22,2020-12-22,2026-07-13,35,35125,DIGITAL_ICT,True,48.0,True,0,120.26938239159001,,,no_temporal_score_reference_pool
16-102238,NAME:c s t b,NAME_FALLBACK,2016-07-09,2016-07-09,2020-07-09,2026-07-13,72,72230,DIGITAL_ICT,True,48.0,True,0,120.10512483574244,,,no_temporal_score_reference_pool
16-103088,SIRET:24720013200014,RAW_SIRET,2016-07-11,2016-11-20,2018-11-20,2026-07-13,30,30200,DIGITAL_ICT,True,24.0,True,0,120.03942181340342,,,no_temporal_score_reference_pool
16-98038,NAME:cte de cnes de la vallee de clisson,NAME_FALLBACK,2016-07-04,2016-07-04,2020-07-04,2026-07-13,72,72000,DIGITAL_ICT,True,48.0,True,0,120.26938239159001,,,no_temporal_score_reference_pool
16-115075,NAME:conseil general de loire-atlantique,NAME_FALLBACK,2016-08-02,2017-02-08,2019-02-08,2026-07-13,30,30230,DIGITAL_ICT,True,24.0,True,0,119.3166885676741,,,no_temporal_score_reference_pool
16-123498,NAME:chu de nantes,NAME_FALLBACK,2016-08-22,2016-08-22,2020-08-22,2026-07-13,48,48900,DIGITAL_ICT,True,48.0,True,0,118.65965834428384,,,no_temporal_score_reference_pool
16-124376,NAME:conseil regional des pays de la loire,NAME_FALLBACK,2016-08-23,2016-12-20,2020-12-20,2026-07-13,72,72212,DIGITAL_ICT,True,48.0,True,1,54.82917214191853,21-35651,0.36809975443801707,no_temporal_score_reference_pool
16-125010,NAME:departement de la sarthe,NAME_FALLBACK,2016-08-25,2016-08-25,2020-08-25,2026-07-13,72,72600,DIGITAL_ICT,True,48.0,True,0,118.5611038107753,,,no_temporal_score_reference_pool
16-122392,NAME:ville de meyzieu,NAME_FALLBACK,2016-08-18,2016-08-18,2020-08-18,2026-07-13,72,72413,DIGITAL_ICT,True,48.0,True,0,118.79106438896189,,,no_temporal_score_reference_pool
16-125788,SIRET:21440043400012,RAW_SIRET,2016-08-28,2017-01-12,2019-01-12,2026-07-13,30,30230,DIGITAL_ICT,True,24.0,True,0,118.46254927726676,,,no_temporal_score_reference_pool
16-125564,NAME:mairie de varades,NAME_FALLBACK,2016-08-25,2016-08-25,2017-02-25,2026-07-13,,,DIGITAL_ICT,True,6.0,True,0,118.5611038107753,,,no_temporal_score_reference_pool
16-118533,SIRET:28720026500018,RAW_SIRET,2016-08-08,2016-11-19,2020-11-19,2026-07-13,35,35111,DIGITAL_ICT,True,48.0,True,0,119.11957950065703,,,no_temporal_score_reference_pool
16-123593,NAME:departement de la sarthe,NAME_FALLBACK,2016-08-22,2016-08-22,2019-08-22,2026-07-13,71,71241,DIGITAL_ICT,True,36.0,True,0,118.65965834428384,,,no_temporal_score_reference_pool
16-118057,NAME:conseil general de loire-atlantique,NAME_FALLBACK,2016-08-07,2016-08-07,2018-08-07,2026-07-13,30,30200,DIGITAL_ICT,True,24.0,True,0,119.15243101182655,,,no_temporal_score_reference_pool
16-119669,NAME:conseil departemental de la mayenne,NAME_FALLBACK,2016-08-12,2016-11-17,2018-11-17,2026-07-13,30,30230,DIGITAL_ICT,True,24.0,True,0,118.98817345597898,,,no_temporal_score_reference_pool
16-118029,NAME:conseil general de loire-atlantique,NAME_FALLBACK,2016-08-10,2017-02-15,2019-02-15,2026-07-13,30,30200,DIGITAL_ICT,True,24.0,True,0,119.053876478318,,,no_temporal_score_reference_pool
16-120395,SIRET:21720181300011,RAW_SIRET,2016-08-13,2016-12-11,2017-12-11,2026-07-13,80,80340,DIGITAL_ICT,True,12.0,True,0,118.95532194480946,,,no_temporal_score_reference_pool
16-114945,NAME:chu de nantes,NAME_FALLBACK,2016-08-01,2016-08-01,2020-08-01,2026-07-13,72,72220,DIGITAL_ICT,True,48.0,True,0,119.34954007884363,,,no_temporal_score_reference_pool
16-127032,NAME:departement de la sarthe,NAME_FALLBACK,2016-08-30,2016-12-14,2020-12-14,2026-07-13,72,72512,DIGITAL_ICT,True,48.0,True,1,46.71484888304862,20-93634,0.19058740050972545,no_temporal_score_reference_pool
16-132618,NAME:universite de nantes,NAME_FALLBACK,2016-09-09,2016-12-22,2017-06-22,2026-07-13,,,DIGITAL_ICT,True,6.0,True,0,118.06833114323258,,,no_temporal_score_reference_pool
16-131471,NAME:insee,NAME_FALLBACK,2016-09-10,2016-12-10,2020-12-10,2026-07-13,72,72000,DIGITAL_ICT,True,48.0,True,0,118.03547963206307,,,no_temporal_score_reference_pool
16-139147,NAME:gie sesam vitale,NAME_FALLBACK,2016-09-25,2017-07-05,2021-07-05,2026-07-13,72,72212,DIGITAL_ICT,True,48.0,True,1,57.26018396846255,21-91773,0.6373621364810713,no_temporal_score_reference_pool
16-134501,NAME:gie sesam vitale,NAME_FALLBACK,2016-09-15,2016-09-15,2020-09-15,2026-07-13,72,72314,DIGITAL_ICT,True,48.0,True,0,117.8712220762155,,,no_temporal_score_reference_pool
16-142611,NAME:ville d orvault,NAME_FALLBACK,2016-09-30,2016-09-30,2020-09-30,2026-07-13,48,48000,DIGITAL_ICT,True,48.0,True,0,117.3784494086728,,,no_temporal_score_reference_pool
16-137769,NAME:nantes metropole,NAME_FALLBACK,2016-09-21,2016-09-21,2017-03-21,2026-07-13,,,DIGITAL_ICT,True,6.0,True,0,117.67411300919842,,,no_temporal_score_reference_pool
16-139456,NAME:sdis 44,NAME_FALLBACK,2016-09-23,2016-09-23,2020-09-23,2026-07-13,48,48000,DIGITAL_ICT,True,48.0,True,1,42.57555847568988,20-50911,0.19976251065983694,no_temporal_score_reference_pool
16-132878,NAME:ville d avrille,NAME_FALLBACK,2016-09-12,2016-09-12,2020-09-12,2026-07-13,48,48000,DIGITAL_ICT,True,48.0,True,0,117.96977660972405,,,no_temporal_score_reference_pool
16-128870,NAME:chu de nantes,NAME_FALLBACK,2016-09-05,2017-02-02,2021-02-02,2026-07-13,72,72611,DIGITAL_ICT,True,48.0,True,1,48.85019710906702,20-118996,0.5910144147454206,no_temporal_score_reference_pool
16-130215,SIRET:22850001300658,RAW_SIRET,2016-09-08,2017-03-04,2021-03-04,2026-07-13,72,72267,DIGITAL_ICT,True,48.0,True,1,51.37976346911957,20-155309,0.8387644671187326,no_temporal_score_reference_pool
16-135042,NAME:nantes metropole,NAME_FALLBACK,2016-09-19,2017-05-05,2021-05-05,2026-07-13,72,72415,DIGITAL_ICT,True,48.0,True,0,117.73981603153744,,,no_temporal_score_reference_pool
16-129697,NAME:centre hospitalier du nord mayenne,NAME_FALLBACK,2016-09-05,2016-09-05,2017-03-05,2026-07-13,,,DIGITAL_ICT,True,6.0,True,0,118.19973718791064,,,no_temporal_score_reference_pool
16-128178,NAME:nantes metropole,NAME_FALLBACK,2016-09-02,2016-09-02,2017-03-02,2026-07-13,,,DIGITAL_ICT,True,6.0,True,0,118.29829172141919,,,no_temporal_score_reference_pool
16-128900,NAME:communaute de communes des coevrons,NAME_FALLBACK,2016-09-02,2016-09-02,2020-09-02,2026-07-13,72,72413,DIGITAL_ICT,True,48.0,True,0,118.29829172141919,,,no_temporal_score_reference_pool
16-139386,NAME:conseil departemental de la mayenne,NAME_FALLBACK,2016-09-28,2016-12-31,2020-12-31,2026-07-13,48,48214,DIGITAL_ICT,True,48.0,True,0,117.44415243101183,,,no_temporal_score_reference_pool
16-127861,NAME:ville d orvault,NAME_FALLBACK,2016-09-01,2016-09-01,2018-09-01,2026-07-13,30,30121,DIGITAL_ICT,True,24.0,True,1,18.298291721419183,18-34113,0.1967050577197033,no_temporal_score_reference_pool
16-131495,NAME:sdis 85,NAME_FALLBACK,2016-09-08,2017-01-02,2021-01-02,2026-07-13,35,35100,DIGITAL_ICT,True,48.0,True,1,50.09855453350854,20-137315,0.2300119308840011,no_temporal_score_reference_pool
16-128161,NAME:nantes metropole,NAME_FALLBACK,2016-09-09,2016-09-09,2020-09-09,2026-07-13,72,72227,DIGITAL_ICT,True,48.0,True,1,52.29960578186597,21-7561,0.8215443618561797,no_temporal_score_reference_pool
16-136139,NAME:conseil regional des pays de la loire,NAME_FALLBACK,2016-09-19,2017-04-05,2021-04-05,2026-07-13,72,72222,DIGITAL_ICT,True,48.0,True,1,53.942181340341655,21-35651,0.6257875791658594,no_temporal_score_reference_pool
16-140691,NAME:ville de thouare-sur-loire,NAME_FALLBACK,2016-09-29,2016-09-29,2020-09-29,2026-07-13,35,35120,DIGITAL_ICT,True,48.0,True,0,117.41130091984232,,,no_temporal_score_reference_pool
16-136057,NAME:ville du mans,NAME_FALLBACK,2016-09-19,2016-11-24,2019-11-24,2026-07-13,32,32342,DIGITAL_ICT,True,36.0,True,0,117.73981603153744,,,no_temporal_score_reference_pool
16-133646,NAME:g c s m s estuaire,NAME_FALLBACK,2016-09-13,2016-09-13,2019-09-13,2026-07-13,32,32417,DIGITAL_ICT,True,36.0,True,0,117.93692509855454,,,no_temporal_score_reference_pool
16-134086,NAME:arafer,NAME_FALLBACK,2016-09-14,2016-09-14,2017-03-14,2026-07-13,,,DIGITAL_ICT,True,6.0,True,0,117.90407358738501,,,no_temporal_score_reference_pool
16-139674,SIRET:22720002900014,RAW_SIRET,2016-09-26,2017-01-20,2021-01-20,2026-07-13,48,48800,DIGITAL_ICT,True,48.0,True,1,50.4927726675427,20-150503,0.43912181138535555,no_temporal_score_reference_pool
16-146409,NAME:etablissement public foncier bretagne,NAME_FALLBACK,2016-10-10,2016-10-10,2019-10-10,2026-07-13,50,50312,DIGITAL_ICT,True,36.0,True,0,117.04993429697767,,,no_temporal_score_reference_pool
16-143836,NAME:cte de cnes de la vallee de clisson,NAME_FALLBACK,2016-10-04,2016-10-04,2018-10-04,2026-07-13,30,30211,DIGITAL_ICT,True,24.0,True,0,117.24704336399475,,,no_temporal_score_reference_pool
16-148980,NAME:departement de la vendee,NAME_FALLBACK,2016-10-13,2017-03-02,2021-03-02,2026-07-13,72,72320,DIGITAL_ICT,True,48.0,True,1,56.30749014454665,21-86403,0.43356884183986777,no_temporal_score_reference_pool
16-158195,NAME:ville de saint-hilaire-de-riez,NAME_FALLBACK,2016-10-28,2016-10-28,2020-10-28,2026-07-13,72,72212,DIGITAL_ICT,True,48.0,True,0,116.45860709592641,,,no_temporal_score_reference_pool
16-158508,NAME:arafer,NAME_FALLBACK,2016-10-31,2016-10-31,2020-10-31,2026-07-13,48,48612,DIGITAL_ICT,True,48.0,True,0,116.36005256241788,,,no_temporal_score_reference_pool
16-153372,NAME:rectorat de l academie de nantes,NAME_FALLBACK,2016-10-20,2016-10-20,2017-04-20,2026-07-13,,,DIGITAL_ICT,True,6.0,True,0,116.72141918528253,,,no_temporal_score_reference_pool
16-153677,NAME:ville de reze,NAME_FALLBACK,2016-10-20,2016-10-20,2020-10-20,2026-07-13,72,72315,DIGITAL_ICT,True,48.0,True,0,116.72141918528253,,,no_temporal_score_reference_pool
16-145933,NAME:departement de maine-et-loire,NAME_FALLBACK,2016-10-11,2016-10-11,2017-04-11,2026-07-13,,,DIGITAL_ICT,True,6.0,True,0,117.01708278580814,,,no_temporal_score_reference_pool
16-153330,NAME:nantes metropole,NAME_FALLBACK,2016-10-26,2018-02-04,2022-02-04,2026-07-13,48,48200,DIGITAL_ICT,True,48.0,True,0,116.52431011826545,,,no_temporal_score_reference_pool
16-153632,NAME:ville d orvault,NAME_FALLBACK,2016-10-20,2016-10-20,2017-04-20,2026-07-13,,,DIGITAL_ICT,True,6.0,True,0,116.72141918528253,,,no_temporal_score_reference_pool
16-141250,NAME:centre hospitalier le faouet,NAME_FALLBACK,2016-10-24,2016-10-24,2017-04-24,2026-07-13,,,DIGITAL_ICT,True,6.0,True,1,1.5111695137976346,16-177041,0.497488459462839,no_temporal_score_reference_pool
16-151887,NAME:ville de carquefou,NAME_FALLBACK,2016-10-18,2017-03-01,2020-03-01,2026-07-13,32,32522,DIGITAL_ICT,True,36.0,True,0,116.78712220762155,,,no_temporal_score_reference_pool
16-153566,NAME:ville d orvault,NAME_FALLBACK,2016-10-20,2016-10-20,2020-10-20,2026-07-13,35,35111,DIGITAL_ICT,True,48.0,True,0,116.72141918528253,,,no_temporal_score_reference_pool
16-146809,NAME:c h d la roche sur yon-lucon-montaigu,NAME_FALLBACK,2016-10-10,2017-07-01,2021-07-01,2026-07-13,48,48000,DIGITAL_ICT,True,48.0,True,0,117.04993429697767,,,no_temporal_score_reference_pool
16-155479,NAME:nantes metropole,NAME_FALLBACK,2016-10-27,2017-04-08,2019-04-08,2026-07-13,30,30121,DIGITAL_ICT,True,24.0,True,0,116.49145860709592,,,no_temporal_score_reference_pool
16-149380,NAME:commune de la chevroliere,NAME_FALLBACK,2016-10-13,2016-10-13,2019-10-13,2026-07-13,32,32424,DIGITAL_ICT,True,36.0,True,0,116.95137976346912,,,no_temporal_score_reference_pool
16-145577,NAME:montrevault-sur-evre,NAME_FALLBACK,2016-10-06,2016-10-06,2017-04-06,2026-07-13,,,DIGITAL_ICT,True,6.0,True,0,117.18134034165571,,,no_temporal_score_reference_pool
16-158411,NAME:institut 4 10,NAME_FALLBACK,2016-10-28,2016-10-28,2020-10-28,2026-07-13,48,48000,DIGITAL_ICT,True,48.0,True,0,116.45860709592641,,,no_temporal_score_reference_pool
16-151274,NAME:ecole centrale de nantes,NAME_FALLBACK,2016-10-19,2017-02-09,2020-02-09,2026-07-13,32,32500,DIGITAL_ICT,True,36.0,True,0,116.75427069645204,,,no_temporal_score_reference_pool
16-153795,NAME:commune de saint-nazaire,NAME_FALLBACK,2016-10-26,2017-01-28,2020-01-28,2026-07-13,32,32323,DIGITAL_ICT,True,36.0,True,0,116.52431011826545,,,no_temporal_score_reference_pool
16-155186,NAME:vendee expansion,NAME_FALLBACK,2016-10-26,2016-10-26,2020-10-26,2026-07-13,72,72500,DIGITAL_ICT,True,48.0,True,0,116.52431011826545,,,no_temporal_score_reference_pool
16-168154,NAME:angers loire metropole,NAME_FALLBACK,2016-11-21,2016-11-21,2020-11-21,2026-07-13,72,72319,DIGITAL_ICT,True,48.0,True,0,115.67017082785809,,,no_temporal_score_reference_pool
16-161272,NAME:arafer,NAME_FALLBACK,2016-11-07,2016-11-07,2020-11-07,2026-07-13,72,72212,DIGITAL_ICT,True,48.0,True,0,116.13009198423127,,,no_temporal_score_reference_pool
16-164205,NAME:ville de vertou,NAME_FALLBACK,2016-11-16,2016-11-16,2019-11-16,2026-07-13,32,32342,DIGITAL_ICT,True,36.0,True,0,115.83442838370566,,,no_temporal_score_reference_pool
16-158975,NAME:dirisi,NAME_FALLBACK,2016-11-04,2017-05-04,2021-05-04,2026-07-13,48,48952,DIGITAL_ICT,True,48.0,True,0,116.22864651773982,,,no_temporal_score_reference_pool
16-167180,NAME:vendee expansion,NAME_FALLBACK,2016-11-20,2016-12-31,2020-12-31,2026-07-13,72,72500,DIGITAL_ICT,True,48.0,True,0,115.7030223390276,,,no_temporal_score_reference_pool
16-161115,NAME:sdis 85,NAME_FALLBACK,2016-11-07,2017-01-26,2021-01-26,2026-07-13,35,35110,DIGITAL_ICT,True,48.0,True,1,48.12746386333771,20-137315,0.2180696895890751,no_temporal_score_reference_pool
16-166021,NAME:agence regionale pays de la loire ti,NAME_FALLBACK,2016-11-16,2016-11-16,2017-05-16,2026-07-13,,,DIGITAL_ICT,True,6.0,True,0,115.83442838370566,,,no_temporal_score_reference_pool
16-170106,NAME:sdis de la mayenne,NAME_FALLBACK,2016-11-24,2017-03-22,2021-03-22,2026-07-13,35,35110,DIGITAL_ICT,True,48.0,True,0,115.57161629434954,,,no_temporal_score_reference_pool
16-166758,NAME:ville du mans,NAME_FALLBACK,2016-11-17,2016-12-30,2019-12-30,2026-07-13,32,32342,DIGITAL_ICT,True,36.0,True,0,115.80157687253613,,,no_temporal_score_reference_pool
16-162783,NAME:hopital du baugeois et de la vallee,NAME_FALLBACK,2016-11-09,2016-11-09,2017-05-09,2026-07-13,,,DIGITAL_ICT,True,6.0,True,0,116.06438896189225,,,no_temporal_score_reference_pool
16-163402,NAME:essarts en bocage,NAME_FALLBACK,2016-11-10,2016-11-10,2017-05-10,2026-07-13,,,DIGITAL_ICT,True,6.0,True,0,116.03153745072274,,,no_temporal_score_reference_pool
16-165866,NAME:ville d orvault,NAME_FALLBACK,2016-11-16,2016-11-16,2017-05-16,2026-07-13,,,DIGITAL_ICT,True,6.0,True,1,0.7555847568988173,16-176618,0.3145463166721128,no_temporal_score_reference_pool
16-170680,NAME:chu de nantes,NAME_FALLBACK,2016-11-25,2016-11-25,2020-11-25,2026-07-13,72,72610,DIGITAL_ICT,True,48.0,True,1,46.1892247043364,20-118996,0.3361880370770707,no_temporal_score_reference_pool
16-172610,NAME:conseil general de la vendee,NAME_FALLBACK,2016-11-30,2017-05-29,2021-05-29,2026-07-13,72,72212,DIGITAL_ICT,True,48.0,True,0,115.37450722733246,,,no_temporal_score_reference_pool
16-183461,NAME:commune de nantes,NAME_FALLBACK,2016-12-22,2016-12-22,2017-12-22,2026-07-13,45,45311,DIGITAL_ICT,True,12.0,True,1,10.38107752956636,17-155110,0.4737841183948968,no_temporal_score_reference_pool
16-184750,NAME:arafer,NAME_FALLBACK,2016-12-28,2016-12-28,2020-12-28,2026-07-13,72,72611,DIGITAL_ICT,True,48.0,True,0,114.45466491458608,,,no_temporal_score_reference_pool
16-173853,NAME:commune de le pellerin,NAME_FALLBACK,2016-12-02,2016-12-02,2017-06-02,2026-07-13,,,DIGITAL_ICT,True,6.0,True,0,115.30880420499344,,,no_temporal_score_reference_pool
16-175178,NAME:conseil regional des pays de la loire,NAME_FALLBACK,2016-12-06,2017-09-14,2018-03-14,2026-07-13,,,DIGITAL_ICT,True,6.0,True,0,115.17739816031538,,,no_temporal_score_reference_pool
16-178183,NAME:angers loire metropole,NAME_FALLBACK,2016-12-15,2016-12-15,2017-12-15,2026-07-13,80,80511,DIGITAL_ICT,True,12.0,True,0,114.88173455978975,,,no_temporal_score_reference_pool
16-180684,NAME:fondat region ouest ligue cancer,NAME_FALLBACK,2016-12-16,2016-12-16,2019-12-16,2026-07-13,32,32410,DIGITAL_ICT,True,36.0,True,0,114.84888304862024,,,no_temporal_score_reference_pool
16-184522,NAME:sdegm,NAME_FALLBACK,2016-12-23,2016-12-23,2019-12-23,2026-07-13,32,32571,DIGITAL_ICT,True,36.0,True,0,114.61892247043365,,,no_temporal_score_reference_pool
16-183705,SIRET:28530001800022,RAW_SIRET,2016-12-24,2016-12-24,2020-12-24,2026-07-13,35,35111,DIGITAL_ICT,True,48.0,True,0,114.58607095926412,,,no_temporal_score_reference_pool
16-184210,NAME:gie sesam vitale,NAME_FALLBACK,2016-12-25,2017-10-21,2021-10-21,2026-07-13,72,72314,DIGITAL_ICT,True,48.0,True,0,114.55321944809461,,,no_temporal_score_reference_pool
16-183509,NAME:ccrla,NAME_FALLBACK,2016-12-23,2016-12-23,2017-06-23,2026-07-13,,,DIGITAL_ICT,True,6.0,True,0,114.61892247043365,,,no_temporal_score_reference_pool
16-176618,NAME:ville d orvault,NAME_FALLBACK,2016-12-09,2016-12-09,2020-12-09,2026-07-13,48,48000,DIGITAL_ICT,True,48.0,True,0,115.07884362680683,,,no_temporal_score_reference_pool
16-173647,NAME:caf de la somme,NAME_FALLBACK,2016-12-04,2016-12-04,2020-12-04,2026-07-13,72,72212,DIGITAL_ICT,True,48.0,True,0,115.2431011826544,,,no_temporal_score_reference_pool
16-180522,NAME:universite de nantes,NAME_FALLBACK,2016-12-18,2017-07-27,2018-07-27,2026-07-13,45,45000,DIGITAL_ICT,True,12.0,True,0,114.78318002628122,,,no_temporal_score_reference_pool
16-175021,NAME:conseil regional des pays de la loire,NAME_FALLBACK,2016-12-08,2017-05-19,2020-05-19,2026-07-13,71,71311,DIGITAL_ICT,True,36.0,True,1,37.582128777923785,20-12202,0.20218020352738908,no_temporal_score_reference_pool
16-183156,SIRET:22720002900014,RAW_SIRET,2016-12-23,2017-04-28,2021-04-28,2026-07-13,72,72212,DIGITAL_ICT,True,48.0,True,1,54.204993429697765,21-88219,0.34981885014461156,no_temporal_score_reference_pool
16-172095,NAME:carene,NAME_FALLBACK,2016-12-02,2016-12-02,2020-12-02,2026-07-13,72,72250,DIGITAL_ICT,True,48.0,True,0,115.30880420499344,,,no_temporal_score_reference_pool
16-177041,NAME:centre hospitalier le faouet,NAME_FALLBACK,2016-12-09,2016-12-09,2017-06-09,2026-07-13,,,DIGITAL_ICT,True,6.0,True,0,115.07884362680683,,,no_temporal_score_reference_pool
16-182034,NAME:sdis 44,NAME_FALLBACK,2016-12-22,2017-04-09,2021-04-09,2026-07-13,35,35110,DIGITAL_ICT,True,48.0,True,1,50.98554533508541,21-38984,0.3229082990712876,no_temporal_score_reference_pool
16-179721,NAME:gpm de nantes - st nazaire,NAME_FALLBACK,2016-12-15,2016-12-15,2019-12-15,2026-07-13,32,32323,DIGITAL_ICT,True,36.0,True,0,114.88173455978975,,,no_temporal_score_reference_pool
17-3293,NAME:o p h le mans habitat,NAME_FALLBACK,2017-01-09,2017-01-09,2018-01-09,2026-07-13,45,45211,DIGITAL_ICT,True,12.0,True,0,114.0604467805519,,,no_temporal_score_reference_pool
17-8592,NAME:communaute de communes de grand lieu,NAME_FALLBACK,2017-01-18,2017-01-18,2021-01-18,2026-07-13,35,35261,DIGITAL_ICT,True,48.0,True,0,113.76478318002628,,,no_temporal_score_reference_pool
17-8714,NAME:departement de la sarthe,NAME_FALLBACK,2017-01-19,2017-01-19,2021-01-19,2026-07-13,72,72500,DIGITAL_ICT,True,48.0,True,0,113.73193166885677,,,no_temporal_score_reference_pool
17-2217,NAME:carene,NAME_FALLBACK,2017-01-05,2017-01-05,2017-07-05,2026-07-13,,,DIGITAL_ICT,True,6.0,True,1,0.4927726675427069,17-9629,0.5866666666666667,no_temporal_score_reference_pool
17-13004,NAME:centre hospitalier de cholet,NAME_FALLBACK,2017-01-26,2017-01-26,2017-07-26,2026-07-13,,,DIGITAL_ICT,True,6.0,True,0,113.50197109067017,,,no_temporal_score_reference_pool
17-9361,NAME:chu de nantes,NAME_FALLBACK,2017-01-19,2017-01-19,2021-01-19,2026-07-13,48,48814,DIGITAL_ICT,True,48.0,True,1,50.59132720105124,21-45622,0.2154925346016855,no_temporal_score_reference_pool
17-14505,NAME:ville de laval,NAME_FALLBACK,2017-01-31,2017-01-31,2017-07-31,2026-07-13,,,DIGITAL_ICT,True,6.0,True,0,113.3377135348226,,,no_temporal_score_reference_pool
17-1971,NAME:maine loire habitat office pub habitat,NAME_FALLBACK,2017-01-06,2017-01-06,2021-01-06,2026-07-13,48,48000,DIGITAL_ICT,True,48.0,True,0,114.15900131406045,,,no_temporal_score_reference_pool
17-14103,NAME:gie des epl de vendee,NAME_FALLBACK,2017-01-30,2017-01-30,2017-07-30,2026-07-13,,,DIGITAL_ICT,True,6.0,True,1,0.4927726675427069,17-21659,0.20948310901313502,no_temporal_score_reference_pool
17-2924,SIRET:25060187900035,RAW_SIRET,2017-01-08,2017-01-08,2021-01-08,2026-07-13,72,72252,DIGITAL_ICT,True,48.0,True,0,114.09329829172142,,,no_temporal_score_reference_pool
17-13461,NAME:nantes metropole,NAME_FALLBACK,2017-01-29,2017-01-29,2021-01-29,2026-07-13,72,72422,DIGITAL_ICT,True,48.0,True,1,52.72667542706965,21-85552,0.23365545665384224,no_temporal_score_reference_pool
17-15162,NAME:arafer,NAME_FALLBACK,2017-01-31,2017-01-31,2021-01-31,2026-07-13,72,72400,DIGITAL_ICT,True,48.0,True,1,48.39027595269382,21-20759,0.24537763105145732,no_temporal_score_reference_pool
17-3608,NAME:greta loire atlantique,NAME_FALLBACK,2017-01-09,2017-01-09,2017-07-09,2026-07-13,,,DIGITAL_ICT,True,6.0,True,0,114.0604467805519,,,no_temporal_score_reference_pool
17-3197,NAME:ville de nantes,NAME_FALLBACK,2017-01-10,2017-01-10,2017-07-10,2026-07-13,,,DIGITAL_ICT,True,6.0,True,1,1.9053876478318,17-32213,0.2081413672938683,no_temporal_score_reference_pool
17-8037,NAME:departement de la sarthe,NAME_FALLBACK,2017-01-17,2017-01-17,2017-07-17,2026-07-13,,,DIGITAL_ICT,True,6.0,True,1,1.1826544021024967,17-25692,0.5866666666666669,no_temporal_score_reference_pool
17-10496,NAME:le mans metropole - communaute urbaine,NAME_FALLBACK,2017-01-23,2017-06-20,2019-06-20,2026-07-13,30,30131,DIGITAL_ICT,True,24.0,True,0,113.60052562417872,,,no_temporal_score_reference_pool
17-7154,NAME:gpm de nantes - st nazaire,NAME_FALLBACK,2017-01-16,2017-01-16,2017-07-16,2026-07-13,,,DIGITAL_ICT,True,6.0,True,0,113.83048620236531,,,no_temporal_score_reference_pool
17-12394,NAME:sdegm,NAME_FALLBACK,2017-01-26,2017-01-26,2020-01-26,2026-07-13,32,32571,DIGITAL_ICT,True,36.0,True,0,113.50197109067017,,,no_temporal_score_reference_pool
17-9072,NAME:vendee eau,NAME_FALLBACK,2017-01-26,2017-05-05,2019-05-05,2026-07-13,30,30230,DIGITAL_ICT,True,24.0,True,0,113.50197109067017,,,no_temporal_score_reference_pool
17-9629,NAME:carene,NAME_FALLBACK,2017-01-20,2017-01-20,2017-07-20,2026-07-13,,,DIGITAL_ICT,True,6.0,True,1,2.59526938239159,17-48519,0.2334571713140392,no_temporal_score_reference_pool
17-6085,SIRET:24720013200014,RAW_SIRET,2017-01-15,2017-04-27,2017-10-27,2026-07-13,43,43800,DIGITAL_ICT,True,6.0,True,1,6.208935611038108,17-105683,0.5381762200382074,no_temporal_score_reference_pool
17-6714,SIRET:19490970100303,RAW_SIRET,2017-01-18,2017-04-08,2021-04-08,2026-07-13,72,72267,DIGITAL_ICT,True,48.0,True,0,113.76478318002628,,,no_temporal_score_reference_pool
17-4904,NAME:iphv les hauts thebaudieres,NAME_FALLBACK,2017-01-11,2017-01-11,2021-01-11,2026-07-13,48,48822,DIGITAL_ICT,True,48.0,True,0,113.99474375821288,,,no_temporal_score_reference_pool
17-6000,NAME:ville de saumur,NAME_FALLBACK,2017-01-13,2017-08-29,2018-08-29,2026-07-13,45,45261,DIGITAL_ICT,True,12.0,True,0,113.92904073587385,,,no_temporal_score_reference_pool
17-14320,NAME:agence regionale pays de la loire ti,NAME_FALLBACK,2017-02-01,2017-02-01,2021-02-01,2026-07-13,72,72514,DIGITAL_ICT,True,48.0,True,0,113.30486202365309,,,no_temporal_score_reference_pool
17-14986,NAME:chu de nantes,NAME_FALLBACK,2017-02-02,2017-11-03,2021-11-03,2026-07-13,72,72600,DIGITAL_ICT,True,48.0,True,0,113.27201051248358,,,no_temporal_score_reference_pool
17-23490,NAME:chd vendee,NAME_FALLBACK,2017-02-18,2018-06-07,2022-06-07,2026-07-13,48,48000,DIGITAL_ICT,True,48.0,True,1,59.46123521681997,22-17397,0.18805532581425324,no_temporal_score_reference_pool
17-15387,NAME:universite de nantes,NAME_FALLBACK,2017-02-01,2017-07-04,2020-01-04,2026-07-13,66,66510,DIGITAL_ICT,True,30.0,True,1,36.596583442838366,20-25372,0.1970224744051614,no_temporal_score_reference_pool
17-10967,NAME:centre hospitalier paul chapron,NAME_FALLBACK,2017-02-09,2017-02-09,2017-08-09,2026-07-13,,,DIGITAL_ICT,True,6.0,True,1,0.164257555847569,17-21818,0.5782456876308542,no_temporal_score_reference_pool
17-25253,NAME:le grand t - theatre loire-atlantique,NAME_FALLBACK,2017-02-21,2017-02-21,2021-02-21,2026-07-13,48,48952,DIGITAL_ICT,True,48.0,True,0,112.64783180026281,,,no_temporal_score_reference_pool
17-22310,NAME:ministere budget comptes publics,NAME_FALLBACK,2017-02-14,2017-02-14,2017-08-14,2026-07-13,,,DIGITAL_ICT,True,6.0,True,0,112.87779237844941,,,no_temporal_score_reference_pool
17-15684,NAME:commune de saint-nazaire,NAME_FALLBACK,2017-02-03,2017-02-03,2021-02-03,2026-07-13,72,72512,DIGITAL_ICT,True,48.0,True,0,113.23915900131406,,,no_temporal_score_reference_pool
17-20203,NAME:cap atlantique,NAME_FALLBACK,2017-02-10,2017-02-10,2019-02-10,2026-07-13,30,30230,DIGITAL_ICT,True,24.0,True,1,20.17082785808147,18-144441,0.48879516504745874,no_temporal_score_reference_pool
17-17888,NAME:centre hospitalier de saumur,NAME_FALLBACK,2017-02-06,2017-02-06,2017-08-06,2026-07-13,,,DIGITAL_ICT,True,6.0,True,0,113.14060446780552,,,no_temporal_score_reference_pool
17-19962,NAME:ecole centrale de nantes,NAME_FALLBACK,2017-02-11,2017-04-13,2020-04-13,2026-07-13,32,32323,DIGITAL_ICT,True,36.0,True,0,112.97634691195795,,,no_temporal_score_reference_pool
17-16255,NAME:la roche-sur-yon agglomeration,NAME_FALLBACK,2017-02-06,2017-02-06,2017-08-06,2026-07-13,,,DIGITAL_ICT,True,6.0,True,0,113.14060446780552,,,no_temporal_score_reference_pool
17-20854,NAME:institut 4 10,NAME_FALLBACK,2017-02-10,2017-02-10,2019-02-10,2026-07-13,30,30200,DIGITAL_ICT,True,24.0,True,0,113.00919842312746,,,no_temporal_score_reference_pool
16-186228,NAME:commune de pornic,NAME_FALLBACK,2017-02-13,2017-02-13,2020-02-13,2026-07-13,32,32323,DIGITAL_ICT,True,36.0,True,0,112.91064388961892,,,no_temporal_score_reference_pool
17-25915,NAME:chu de nantes,NAME_FALLBACK,2017-02-22,2017-02-22,2021-02-22,2026-07-13,48,48900,DIGITAL_ICT,True,48.0,True,1,49.47437582128778,21-45622,0.19236542842421306,no_temporal_score_reference_pool
17-22230,NAME:commune de saint-herblain,NAME_FALLBACK,2017-02-16,2017-06-05,2021-06-05,2026-07-13,35,35120,DIGITAL_ICT,True,48.0,True,1,51.70827858081472,21-76512,0.5466666666666665,no_temporal_score_reference_pool
17-26666,NAME:vendee expansion,NAME_FALLBACK,2017-02-25,2017-04-09,2021-04-09,2026-07-13,72,72500,DIGITAL_ICT,True,48.0,True,0,112.51642575558476,,,no_temporal_score_reference_pool
17-23085,NAME:communaute de communes de grand lieu,NAME_FALLBACK,2017-02-16,2017-04-28,2021-04-28,2026-07-13,35,35111,DIGITAL_ICT,True,48.0,True,0,112.81208935611038,,,no_temporal_score_reference_pool
17-18523,NAME:ville de nantes,NAME_FALLBACK,2017-02-11,2017-02-11,2018-03-11,2026-07-13,92,92511,DIGITAL_ICT,True,13.0,True,0,112.97634691195795,,,no_temporal_score_reference_pool
17-19635,NAME:mairie du croisic,NAME_FALLBACK,2017-02-11,2017-02-11,2020-02-11,2026-07-13,32,32400,DIGITAL_ICT,True,36.0,True,0,112.97634691195795,,,no_temporal_score_reference_pool
17-20859,NAME:angers loire metropole,NAME_FALLBACK,2017-02-12,2017-02-22,2017-10-22,2026-07-13,42,42962,DIGITAL_ICT,True,8.0,True,0,112.94349540078844,,,no_temporal_score_reference_pool
17-20825,NAME:ch le mans,NAME_FALLBACK,2017-02-12,2017-04-27,2020-04-27,2026-07-13,32,32545,DIGITAL_ICT,True,36.0,True,0,112.94349540078844,,,no_temporal_score_reference_pool
17-20659,NAME:sdis 85,NAME_FALLBACK,2017-02-10,2017-05-03,2021-05-03,2026-07-13,72,72000,DIGITAL_ICT,True,48.0,True,1,49.63863337713535,21-44149,0.7784991872867628,no_temporal_score_reference_pool
17-21659,NAME:gie des epl de vendee,NAME_FALLBACK,2017-02-14,2017-02-14,2021-02-14,2026-07-13,48,48000,DIGITAL_ICT,True,48.0,True,0,112.87779237844941,,,no_temporal_score_reference_pool
17-21818,NAME:centre hospitalier paul chapron,NAME_FALLBACK,2017-02-14,2017-02-14,2017-08-14,2026-07-13,,,DIGITAL_ICT,True,6.0,True,0,112.87779237844941,,,no_temporal_score_reference_pool
17-25692,NAME:departement de la sarthe,NAME_FALLBACK,2017-02-22,2017-02-22,2017-08-22,2026-07-13,,,DIGITAL_ICT,True,6.0,True,0,112.6149802890933,,,no_temporal_score_reference_pool
17-38998,NAME:dirisi,NAME_FALLBACK,2017-03-23,2017-03-23,2017-09-23,2026-07-13,75,75310,DIGITAL_ICT,True,6.0,True,0,111.6622864651774,,,no_temporal_score_reference_pool
17-43993,NAME:gip vendee numerique,NAME_FALLBACK,2017-03-30,2017-05-29,2018-05-29,2026-07-13,45,45300,DIGITAL_ICT,True,12.0,True,0,111.4323258869908,,,no_temporal_score_reference_pool
17-32165,NAME:universite d angers,NAME_FALLBACK,2017-03-07,2017-05-15,2017-11-15,2026-07-13,,,DIGITAL_ICT,True,6.0,True,0,112.18791064388962,,,no_temporal_score_reference_pool
17-37269,NAME:etablissement francais du sang,NAME_FALLBACK,2017-03-17,2017-03-17,2021-03-17,2026-07-13,72,72600,DIGITAL_ICT,True,48.0,True,0,111.85939553219448,,,no_temporal_score_reference_pool
17-39457,NAME:dir interdepartementale routes ouest,NAME_FALLBACK,2017-03-23,2017-03-23,2021-03-23,2026-07-13,72,72267,DIGITAL_ICT,True,48.0,True,0,111.6622864651774,,,no_temporal_score_reference_pool
17-33827,NAME:gpm de nantes - st nazaire,NAME_FALLBACK,2017-03-10,2017-03-10,2017-09-10,2026-07-13,,,DIGITAL_ICT,True,6.0,True,1,0.2299605781865965,17-37863,0.3171785988765936,no_temporal_score_reference_pool
17-29415,NAME:conseil departemental loire-atlantique,NAME_FALLBACK,2017-03-03,2017-03-03,2021-03-03,2026-07-13,72,72611,DIGITAL_ICT,True,48.0,True,1,51.24835742444152,21-77546,0.7372067913183695,no_temporal_score_reference_pool
17-31647,SIRET:20005258700017,RAW_SIRET,2017-03-12,2018-03-10,2021-03-10,2026-07-13,32,32412,DIGITAL_ICT,True,36.0,True,0,112.02365308804205,,,no_temporal_score_reference_pool
17-35759,SIRET:23440003400026,RAW_SIRET,2017-03-16,2017-06-24,2021-06-24,2026-07-13,72,72267,DIGITAL_ICT,True,48.0,True,1,47.47043363994744,21-26779,0.2970003346779805,no_temporal_score_reference_pool
17-39093,NAME:vendee eau,NAME_FALLBACK,2017-03-24,2017-06-30,2021-06-30,2026-07-13,48,48983,DIGITAL_ICT,True,48.0,True,0,111.62943495400789,,,no_temporal_score_reference_pool
17-37238,NAME:mayenne tres haut debit,NAME_FALLBACK,2017-03-19,2017-03-19,2020-03-19,2026-07-13,71,71316,DIGITAL_ICT,True,36.0,True,0,111.79369250985545,,,no_temporal_score_reference_pool
17-44864,NAME:ville d orvault,NAME_FALLBACK,2017-03-31,2017-03-31,2019-03-31,2026-07-13,30,30121,DIGITAL_ICT,True,24.0,True,0,111.39947437582128,,,no_temporal_score_reference_pool
17-35511,NAME:communaute de communes de l ernee,NAME_FALLBACK,2017-03-14,2017-03-14,2021-03-14,2026-07-13,48,48000,DIGITAL_ICT,True,48.0,True,0,111.95795006570302,,,no_temporal_score_reference_pool
17-37863,NAME:gpm de nantes - st nazaire,NAME_FALLBACK,2017-03-17,2017-03-17,2017-09-17,2026-07-13,,,DIGITAL_ICT,True,6.0,True,1,0.1314060446780552,17-39483,0.5137337510803437,no_temporal_score_reference_pool
17-30623,NAME:angers loire metropole,NAME_FALLBACK,2017-03-05,2017-07-19,2018-03-19,2026-07-13,42,42962,DIGITAL_ICT,True,8.0,True,0,112.25361366622865,,,no_temporal_score_reference_pool
17-32213,NAME:ville de nantes,NAME_FALLBACK,2017-03-09,2017-03-09,2021-03-09,2026-07-13,79,79415,DIGITAL_ICT,True,48.0,True,1,48.48883048620236,21-37673,0.8228047992584309,no_temporal_score_reference_pool
17-40324,NAME:le mans metropole - communaute urbaine,NAME_FALLBACK,2017-03-23,2017-07-24,2021-07-24,2026-07-13,72,72411,DIGITAL_ICT,True,48.0,True,0,111.6622864651774,,,no_temporal_score_reference_pool
17-38078,NAME:etablissement francais du sang,NAME_FALLBACK,2017-03-17,2017-03-17,2021-03-17,2026-07-13,72,72600,DIGITAL_ICT,True,48.0,True,0,111.85939553219448,,,no_temporal_score_reference_pool
17-37945,NAME:gpm de nantes - st nazaire,NAME_FALLBACK,2017-03-17,2017-03-17,2017-09-17,2026-07-13,,,DIGITAL_ICT,True,6.0,True,1,0.1314060446780552,17-39483,0.48134839521173395,no_temporal_score_reference_pool
17-39998,NAME:commune de saint-nazaire,NAME_FALLBACK,2017-03-27,2017-07-06,2021-07-06,2026-07-13,48,48310,DIGITAL_ICT,True,48.0,True,0,111.53088042049934,,,no_temporal_score_reference_pool
17-35545,NAME:chu de nantes,NAME_FALLBACK,2017-03-16,2017-08-03,2021-08-03,2026-07-13,48,48814,DIGITAL_ICT,True,48.0,True,0,111.892247043364,,,no_temporal_score_reference_pool
17-31411,NAME:saint barthelemy d anjou,NAME_FALLBACK,2017-03-06,2017-03-06,2017-09-06,2026-07-13,,,DIGITAL_ICT,True,6.0,True,0,112.22076215505913,,,no_temporal_score_reference_pool
17-32203,NAME:universite d angers,NAME_FALLBACK,2017-03-07,2017-07-18,2018-01-18,2026-07-13,,,DIGITAL_ICT,True,6.0,True,0,112.18791064388962,,,no_temporal_score_reference_pool
17-34018,NAME:conseil regional des pays de la loire,NAME_FALLBACK,2017-03-10,2017-03-10,2017-09-10,2026-07-13,,,DIGITAL_ICT,True,6.0,True,0,112.08935611038108,,,no_temporal_score_reference_pool
17-39483,NAME:gpm de nantes - st nazaire,NAME_FALLBACK,2017-03-21,2017-03-21,2017-09-21,2026-07-13,,,DIGITAL_ICT,True,6.0,True,0,111.72798948751642,,,no_temporal_score_reference_pool
17-23552,NAME:angers loire metropole,NAME_FALLBACK,2017-03-03,2017-03-03,2021-03-03,2026-07-13,48,48612,DIGITAL_ICT,True,48.0,True,0,112.31931668856767,,,no_temporal_score_reference_pool
17-36725,NAME:si energies de maine et loire,NAME_FALLBACK,2017-03-16,2017-03-16,2021-03-16,2026-07-13,35,35710,DIGITAL_ICT,True,48.0,True,0,111.892247043364,,,no_temporal_score_reference_pool
17-47703,NAME:semitan,NAME_FALLBACK,2017-04-07,2017-04-07,2021-04-07,2026-07-13,72,72600,DIGITAL_ICT,True,48.0,True,1,50.59132720105124,21-86348,0.3110221582179751,no_temporal_score_reference_pool
17-54834,NAME:commune de saint-nazaire,NAME_FALLBACK,2017-04-22,2017-08-06,2019-08-06,2026-07-13,30,30230,DIGITAL_ICT,True,24.0,True,0,110.67674113009198,,,no_temporal_score_reference_pool
17-60124,NAME:universite de nantes,NAME_FALLBACK,2017-04-28,2017-09-07,2018-09-07,2026-07-13,45,45000,DIGITAL_ICT,True,12.0,True,0,110.4796320630749,,,no_temporal_score_reference_pool
17-51018,NAME:montrevault-sur-evre,NAME_FALLBACK,2017-04-11,2017-04-11,2017-10-11,2026-07-13,,,DIGITAL_ICT,True,6.0,True,0,111.03810775295663,,,no_temporal_score_reference_pool
17-49707,NAME:ville d angers,NAME_FALLBACK,2017-04-07,2017-04-07,2020-04-07,2026-07-13,50,50312,DIGITAL_ICT,True,36.0,True,0,111.16951379763469,,,no_temporal_score_reference_pool
17-53947,NAME:cte cnes du pays de chateau de gontier,NAME_FALLBACK,2017-04-18,2017-04-18,2017-10-18,2026-07-13,,,DIGITAL_ICT,True,6.0,True,0,110.80814717477004,,,no_temporal_score_reference_pool
17-44758,SIRET:12000605100060,RAW_SIRET,2017-04-01,2017-10-01,2021-10-01,2026-07-13,72,72500,DIGITAL_ICT,True,48.0,True,0,111.36662286465177,,,no_temporal_score_reference_pool
17-47467,NAME:societe loire atlantique developpement,NAME_FALLBACK,2017-04-18,2017-09-10,2020-09-10,2026-07-13,32,32320,DIGITAL_ICT,True,36.0,True,0,110.80814717477004,,,no_temporal_score_reference_pool
17-51157,NAME:nantes metropole,NAME_FALLBACK,2017-04-18,2017-04-18,2019-04-18,2026-07-13,30,30200,DIGITAL_ICT,True,24.0,True,0,110.80814717477004,,,no_temporal_score_reference_pool
17-58486,NAME:chu de nantes,NAME_FALLBACK,2017-04-28,2017-09-10,2021-09-10,2026-07-13,72,72212,DIGITAL_ICT,True,48.0,True,1,49.37582128777924,21-76925,0.25487932237732114,no_temporal_score_reference_pool
17-58214,NAME:nantes metropole,NAME_FALLBACK,2017-04-30,2017-04-30,2021-04-30,2026-07-13,72,72250,DIGITAL_ICT,True,48.0,True,1,49.83574244415243,21-85842,0.32865151400684756,no_temporal_score_reference_pool
17-47930,SIRET:21170300400013,RAW_SIRET,2017-04-07,2017-04-07,2021-04-07,2026-07-13,48,48900,DIGITAL_ICT,True,48.0,True,0,111.16951379763469,,,no_temporal_score_reference_pool
17-50132,NAME:chd vendee,NAME_FALLBACK,2017-04-12,2017-09-29,2021-09-29,2026-07-13,79,79811,DIGITAL_ICT,True,48.0,True,0,111.00525624178712,,,no_temporal_score_reference_pool
17-54861,NAME:ville d orvault,NAME_FALLBACK,2017-04-21,2017-06-23,2021-06-23,2026-07-13,48,48900,DIGITAL_ICT,True,48.0,True,0,110.7095926412615,,,no_temporal_score_reference_pool
17-56452,SIRET:23440003400026,RAW_SIRET,2017-04-23,2017-08-11,2019-08-11,2026-07-13,30,30232,DIGITAL_ICT,True,24.0,True,1,26.6754270696452,19-108948,0.30189602321016307,no_temporal_score_reference_pool
17-53291,NAME:rectorat de l academie de nantes,NAME_FALLBACK,2017-04-14,2017-04-14,2017-10-14,2026-07-13,,,DIGITAL_ICT,True,6.0,True,1,10.085413929040737,18-22059,0.2365387841346587,no_temporal_score_reference_pool
17-55087,NAME:nantes metropole,NAME_FALLBACK,2017-04-21,2017-04-21,2017-10-21,2026-07-13,,,DIGITAL_ICT,True,6.0,True,1,10.38107752956636,18-28651,0.3066324576176561,no_temporal_score_reference_pool
17-46886,NAME:agence regionale pays de la loire ti,NAME_FALLBACK,2017-04-06,2017-04-06,2017-10-06,2026-07-13,,,DIGITAL_ICT,True,6.0,True,0,111.2023653088042,,,no_temporal_score_reference_pool
17-58059,NAME:epsm de la sarthe,NAME_FALLBACK,2017-04-26,2017-04-26,2018-04-26,2026-07-13,45,45421,DIGITAL_ICT,True,12.0,True,0,110.54533508541392,,,no_temporal_score_reference_pool
17-4453,NAME:sm megalis,NAME_FALLBACK,2017-04-13,2017-04-13,2017-10-13,2026-07-13,64,64200,DIGITAL_ICT,True,6.0,True,0,110.97240473061761,,,no_temporal_score_reference_pool
17-53475,NAME:gie sesam vitale,NAME_FALLBACK,2017-04-18,2018-01-07,2022-01-07,2026-07-13,72,72223,DIGITAL_ICT,True,48.0,True,1,62.680683311432325,22-95027,0.34679834808229665,no_temporal_score_reference_pool
17-44607,NAME:conseil regional des pays de la loire,NAME_FALLBACK,2017-04-01,2017-08-13,2021-08-13,2026-07-13,48,48800,DIGITAL_ICT,True,48.0,True,1,49.67148488830486,21-67771,0.4833971234329097,no_temporal_score_reference_pool
17-47832,NAME:centre de gestion fpt loire-atlantique,NAME_FALLBACK,2017-04-05,2017-08-21,2020-08-21,2026-07-13,32,32550,DIGITAL_ICT,True,36.0,True,0,111.23521681997372,,,no_temporal_score_reference_pool
17-48667,NAME:ch le mans,NAME_FALLBACK,2017-04-06,2017-04-06,2021-04-06,2026-07-13,72,72200,DIGITAL_ICT,True,48.0,True,0,111.2023653088042,,,no_temporal_score_reference_pool
17-48717,SIRET:24720013200014,RAW_SIRET,2017-04-08,2017-08-13,2019-08-13,2026-07-13,30,30192,DIGITAL_ICT,True,24.0,True,0,111.13666228646518,,,no_temporal_score_reference_pool
17-56720,NAME:gcs esante pays de la loire,NAME_FALLBACK,2017-04-26,2017-11-22,2021-11-22,2026-07-13,72,72220,DIGITAL_ICT,True,48.0,True,0,110.54533508541392,,,no_temporal_score_reference_pool
17-50845,NAME:nantes metropole,NAME_FALLBACK,2017-04-11,2017-04-11,2017-10-11,2026-07-13,,,DIGITAL_ICT,True,6.0,True,1,6.011826544021025,17-143219,0.2449830331882154,no_temporal_score_reference_pool
17-48519,NAME:carene,NAME_FALLBACK,2017-04-09,2017-11-05,2021-11-05,2026-07-13,48,48445,DIGITAL_ICT,True,48.0,True,0,111.10381077529567,,,no_temporal_score_reference_pool
17-58113,NAME:arafer,NAME_FALLBACK,2017-04-28,2017-04-28,2021-04-28,2026-07-13,72,72611,DIGITAL_ICT,True,48.0,True,0,110.4796320630749,,,no_temporal_score_reference_pool
17-45104,NAME:commune de saint-herblain,NAME_FALLBACK,2017-04-03,2017-08-23,2020-08-23,2026-07-13,32,32342,DIGITAL_ICT,True,36.0,True,1,44.612352168199735,20-156321,0.2920734001570725,no_temporal_score_reference_pool
17-48788,NAME:conseil regional des pays de la loire,NAME_FALLBACK,2017-04-06,2017-08-11,2021-08-11,2026-07-13,72,72200,DIGITAL_ICT,True,48.0,True,1,57.45729303547963,22-8616,0.40743168411121927,no_temporal_score_reference_pool
17-61541,NAME:chu de nantes,NAME_FALLBACK,2017-05-05,2017-08-20,2021-08-20,2026-07-13,72,72267,DIGITAL_ICT,True,48.0,True,1,49.14586070959264,21-76925,0.9024812041300176,no_temporal_score_reference_pool
17-59442,NAME:ademe,NAME_FALLBACK,2017-05-19,2017-07-15,2021-07-15,2026-07-13,72,72415,DIGITAL_ICT,True,48.0,True,0,109.78975032851511,,,no_temporal_score_reference_pool
17-75830,NAME:ville de coulaines,NAME_FALLBACK,2017-05-31,2017-09-05,2019-09-05,2026-07-13,30,30213,DIGITAL_ICT,True,24.0,True,0,109.39553219448095,,,no_temporal_score_reference_pool
17-65753,NAME:nantes metropole,NAME_FALLBACK,2017-05-11,2017-05-11,2017-11-11,2026-07-13,,,DIGITAL_ICT,True,6.0,True,1,9.00131406044678,18-18447,0.4068149471866019,no_temporal_score_reference_pool
17-74587,NAME:departement de la sarthe,NAME_FALLBACK,2017-05-29,2017-05-29,2021-05-29,2026-07-13,72,72212,DIGITAL_ICT,True,48.0,True,1,53.942181340341655,21-156574,0.29077111991755417,no_temporal_score_reference_pool
17-75186,NAME:commune de la baule,NAME_FALLBACK,2017-05-30,2017-05-30,2018-05-30,2026-07-13,45,45314,DIGITAL_ICT,True,12.0,True,0,109.42838370565046,,,no_temporal_score_reference_pool
17-62129,NAME:conseil regional des pays de la loire,NAME_FALLBACK,2017-05-04,2017-05-04,2021-05-04,2026-07-13,72,72224,DIGITAL_ICT,True,48.0,True,1,46.484888304862025,21-35651,0.26552186301961755,no_temporal_score_reference_pool
17-53540,NAME:nantes metropole,NAME_FALLBACK,2017-05-05,2017-05-05,2017-11-05,2026-07-13,,,DIGITAL_ICT,True,6.0,True,1,0.9198423127463864,17-77744,0.5866666666666667,no_temporal_score_reference_pool
17-62873,SIRET:19490970100303,RAW_SIRET,2017-05-07,2017-07-22,2021-07-22,2026-07-13,72,72267,DIGITAL_ICT,True,48.0,True,0,110.18396846254927,,,no_temporal_score_reference_pool
17-66272,NAME:ministere des affaires etrangeres,NAME_FALLBACK,2017-05-14,2017-05-14,2018-05-14,2026-07-13,80,80511,DIGITAL_ICT,True,12.0,True,0,109.95400788436268,,,no_temporal_score_reference_pool
17-68186,NAME:conseil regional des pays de la loire,NAME_FALLBACK,2017-05-18,2017-12-20,2021-12-20,2026-07-13,72,72000,DIGITAL_ICT,True,48.0,True,1,56.34034165571616,22-13142,0.2701100875715674,no_temporal_score_reference_pool
17-71849,NAME:conseil regional des pays de la loire,NAME_FALLBACK,2017-05-24,2017-10-01,2021-10-01,2026-07-13,72,72212,DIGITAL_ICT,True,48.0,True,1,55.88042049934297,22-8616,0.41564945224144323,no_temporal_score_reference_pool
17-62974,NAME:cap atlantique,NAME_FALLBACK,2017-05-05,2017-05-05,2021-05-05,2026-07-13,48,48700,DIGITAL_ICT,True,48.0,True,0,110.24967148488831,,,no_temporal_score_reference_pool
17-61199,NAME:vendee expansion,NAME_FALLBACK,2017-05-04,2017-05-04,2021-05-04,2026-07-13,72,72500,DIGITAL_ICT,True,48.0,True,1,53.38370565045992,21-137487,0.4837443608869068,no_temporal_score_reference_pool
17-56105,NAME:centre hospitalier de saint-nazaire,NAME_FALLBACK,2017-05-07,2017-09-20,2021-09-20,2026-07-13,48,48820,DIGITAL_ICT,True,48.0,True,0,110.18396846254927,,,no_temporal_score_reference_pool
17-68883,NAME:arafer,NAME_FALLBACK,2017-05-19,2017-05-19,2021-05-19,2026-07-13,72,72611,DIGITAL_ICT,True,48.0,True,0,109.78975032851511,,,no_temporal_score_reference_pool
17-71407,NAME:chu de nantes,NAME_FALLBACK,2017-05-24,2018-07-26,2022-07-26,2026-07-13,48,48000,DIGITAL_ICT,True,48.0,True,0,109.62549277266754,,,no_temporal_score_reference_pool
17-73536,NAME:nantes metropole,NAME_FALLBACK,2017-05-26,2017-11-12,2021-11-12,2026-07-13,48,48000,DIGITAL_ICT,True,48.0,True,1,48.45597897503285,21-78352,0.536159699382533,no_temporal_score_reference_pool
17-74632,NAME:universite de nantes,NAME_FALLBACK,2017-05-31,2017-05-31,2021-05-31,2026-07-13,48,48000,DIGITAL_ICT,True,48.0,True,1,49.37582128777924,21-96695,0.5350186106874419,no_temporal_score_reference_pool
17-73917,NAME:commune de nantes,NAME_FALLBACK,2017-05-29,2017-05-29,2017-11-29,2026-07-13,,,DIGITAL_ICT,True,6.0,True,0,109.46123521681997,,,no_temporal_score_reference_pool
17-60627,NAME:carsat nord est,NAME_FALLBACK,2017-05-02,2017-05-02,2017-11-02,2026-07-13,,,DIGITAL_ICT,True,6.0,True,0,110.34822601839684,,,no_temporal_score_reference_pool
17-69597,NAME:sgami ouest bzamp,NAME_FALLBACK,2017-05-18,2017-05-18,2018-05-18,2026-07-13,45,45314,DIGITAL_ICT,True,12.0,True,0,109.82260183968462,,,no_temporal_score_reference_pool
17-71852,NAME:sdis 49,NAME_FALLBACK,2017-05-24,2017-08-01,2021-08-01,2026-07-13,35,35121,DIGITAL_ICT,True,48.0,True,0,109.62549277266754,,,no_temporal_score_reference_pool
17-62490,NAME:commune de saint-herblain,NAME_FALLBACK,2017-05-04,2017-05-04,2017-11-04,2026-07-13,,,DIGITAL_ICT,True,6.0,True,0,110.28252299605782,,,no_temporal_score_reference_pool
17-72792,NAME:institut regional administration lyon,NAME_FALLBACK,2017-05-25,2017-05-25,2019-05-25,2026-07-13,30,30200,DIGITAL_ICT,True,24.0,True,0,109.59264126149803,,,no_temporal_score_reference_pool
17-73142,SIRET:24720013200014,RAW_SIRET,2017-05-26,2017-09-08,2021-09-08,2026-07-13,48,48200,DIGITAL_ICT,True,48.0,True,1,56.30749014454665,22-16534,0.22939832933360557,no_temporal_score_reference_pool
17-66007,NAME:ch le mans,NAME_FALLBACK,2017-05-12,2017-05-12,2021-05-12,2026-07-13,72,72224,DIGITAL_ICT,True,48.0,True,1,53.285151116951376,21-139293,0.19544089604520842,no_temporal_score_reference_pool
17-69162,NAME:le mans metropole - communaute urbaine,NAME_FALLBACK,2017-05-17,2017-11-08,2021-11-08,2026-07-13,72,72600,DIGITAL_ICT,True,48.0,True,0,109.85545335085413,,,no_temporal_score_reference_pool
17-71305,NAME:smictom des pays de vilaine,NAME_FALLBACK,2017-05-22,2017-05-22,2021-05-22,2026-07-13,48,48000,DIGITAL_ICT,True,48.0,True,0,109.69119579500656,,,no_temporal_score_reference_pool
17-69293,NAME:prefet de la region pays de la loire,NAME_FALLBACK,2017-05-17,2017-05-17,2021-05-17,2026-07-13,79,79415,DIGITAL_ICT,True,48.0,True,0,109.85545335085413,,,no_temporal_score_reference_pool
17-73357,NAME:syndicat departemental d energie,NAME_FALLBACK,2017-05-26,2017-11-12,2020-11-12,2026-07-13,32,32424,DIGITAL_ICT,True,36.0,True,0,109.55978975032852,,,no_temporal_score_reference_pool
17-72992,NAME:groupe d etude et de controle des vari,NAME_FALLBACK,2017-05-27,2017-07-22,2021-07-22,2026-07-13,72,72224,DIGITAL_ICT,True,48.0,True,0,109.526938239159,,,no_temporal_score_reference_pool
17-65610,NAME:cesame - ch de sainte gemmes sur loire,NAME_FALLBACK,2017-05-11,2017-05-11,2017-11-11,2026-07-13,,,DIGITAL_ICT,True,6.0,True,0,110.05256241787123,,,no_temporal_score_reference_pool
17-67752,NAME:gpm de nantes - st nazaire,NAME_FALLBACK,2017-05-16,2017-05-16,2020-05-16,2026-07-13,32,32344,DIGITAL_ICT,True,36.0,True,0,109.88830486202366,,,no_temporal_score_reference_pool
17-75817,NAME:commune de chemille en anjou,NAME_FALLBACK,2017-05-31,2017-05-31,2021-05-31,2026-07-13,48,48440,DIGITAL_ICT,True,48.0,True,0,109.39553219448095,,,no_temporal_score_reference_pool
17-73511,NAME:voies navigables de france,NAME_FALLBACK,2017-05-24,2017-05-24,2017-11-24,2026-07-13,,,DIGITAL_ICT,True,6.0,True,1,0.6241787122207622,17-81541,0.5866666666666669,no_temporal_score_reference_pool
17-79002,NAME:lycee polyvalent leonard de vinci,NAME_FALLBACK,2017-06-07,2017-06-07,2020-06-07,2026-07-13,32,32321,DIGITAL_ICT,True,36.0,True,1,41.32720105124836,20-140005,0.8983879637039203,no_temporal_score_reference_pool
17-80512,NAME:ch le mans,NAME_FALLBACK,2017-06-09,2017-06-09,2021-06-09,2026-07-13,72,72224,DIGITAL_ICT,True,48.0,True,0,109.09986859395532,,,no_temporal_score_reference_pool
17-80380,NAME:maine loire habitat office pub habitat,NAME_FALLBACK,2017-06-14,2017-10-20,2020-10-20,2026-07-13,32,32544,DIGITAL_ICT,True,36.0,True,0,108.93561103810775,,,no_temporal_score_reference_pool
17-68155,NAME:pole metropolitain loire-bretagne,NAME_FALLBACK,2017-06-02,2017-06-02,2017-12-02,2026-07-13,,,DIGITAL_ICT,True,6.0,True,0,109.32982917214191,,,no_temporal_score_reference_pool
17-78402,NAME:sdis 85,NAME_FALLBACK,2017-06-06,2017-10-03,2020-10-03,2026-07-13,32,32000,DIGITAL_ICT,True,36.0,True,0,109.19842312746387,,,no_temporal_score_reference_pool
17-80193,NAME:epcc esbanm,NAME_FALLBACK,2017-06-08,2017-06-08,2019-06-08,2026-07-13,30,30000,DIGITAL_ICT,True,24.0,True,0,109.13272010512483,,,no_temporal_score_reference_pool
17-90049,NAME:gie sesam vitale,NAME_FALLBACK,2017-06-28,2017-06-28,2021-06-28,2026-07-13,35,35113,DIGITAL_ICT,True,48.0,True,0,108.47568988173455,,,no_temporal_score_reference_pool
17-81541,NAME:voies navigables de france,NAME_FALLBACK,2017-06-12,2017-06-12,2017-12-12,2026-07-13,,,DIGITAL_ICT,True,6.0,True,0,109.00131406044677,,,no_temporal_score_reference_pool
17-88925,NAME:universite de la rochelle,NAME_FALLBACK,2017-06-25,2017-11-15,2019-11-15,2026-07-13,30,30192,DIGITAL_ICT,True,24.0,True,0,108.5742444152431,,,no_temporal_score_reference_pool
17-76729,NAME:dir interregionale sces penitentiaires,NAME_FALLBACK,2017-06-01,2017-06-01,2020-06-01,2026-07-13,32,32323,DIGITAL_ICT,True,36.0,True,0,109.36268068331144,,,no_temporal_score_reference_pool
17-92310,NAME:institut 4 10,NAME_FALLBACK,2017-06-29,2017-06-29,2018-06-29,2026-07-13,80,80530,DIGITAL_ICT,True,12.0,True,0,108.44283837056504,,,no_temporal_score_reference_pool
17-68985,NAME:nantes metropole,NAME_FALLBACK,2017-06-07,2017-12-09,2021-12-09,2026-07-13,48,48822,DIGITAL_ICT,True,48.0,True,1,48.06176084099869,21-78352,0.19730960082714522,no_temporal_score_reference_pool
17-80573,NAME:sdis 44,NAME_FALLBACK,2017-06-11,2017-11-25,2020-11-25,2026-07-13,32,32524,DIGITAL_ICT,True,36.0,True,0,109.0341655716163,,,no_temporal_score_reference_pool
17-82869,NAME:ville de sable sur sarthe,NAME_FALLBACK,2017-06-14,2017-06-14,2017-12-14,2026-07-13,,,DIGITAL_ICT,True,6.0,True,1,2.299605781865966,17-118982,0.5866666666666667,no_temporal_score_reference_pool
17-77672,NAME:angers loire metropole,NAME_FALLBACK,2017-06-02,2017-06-02,2021-06-02,2026-07-13,48,48000,DIGITAL_ICT,True,48.0,True,0,109.32982917214191,,,no_temporal_score_reference_pool
17-77744,NAME:nantes metropole,NAME_FALLBACK,2017-06-02,2017-06-02,2017-12-02,2026-07-13,,,DIGITAL_ICT,True,6.0,True,0,109.32982917214191,,,no_temporal_score_reference_pool
17-80207,NAME:ville de thouare-sur-loire,NAME_FALLBACK,2017-06-08,2017-06-08,2020-06-08,2026-07-13,32,32000,DIGITAL_ICT,True,36.0,True,0,109.13272010512483,,,no_temporal_score_reference_pool
17-88463,NAME:cesame - ch de sainte gemmes sur loire,NAME_FALLBACK,2017-06-25,2017-06-25,2020-06-25,2026-07-13,32,32424,DIGITAL_ICT,True,36.0,True,0,108.5742444152431,,,no_temporal_score_reference_pool
17-78663,NAME:les quinconces l espal,NAME_FALLBACK,2017-06-06,2017-06-06,2020-06-06,2026-07-13,32,32342,DIGITAL_ICT,True,36.0,True,0,109.19842312746387,,,no_temporal_score_reference_pool
17-82173,NAME:ville de sable sur sarthe,NAME_FALLBACK,2017-06-13,2017-06-13,2017-12-13,2026-07-13,,,DIGITAL_ICT,True,6.0,True,1,2.33245729303548,17-118982,0.5866666666666667,no_temporal_score_reference_pool
17-85841,NAME:conseil regional des pays de la loire,NAME_FALLBACK,2017-06-19,2017-11-06,2021-11-06,2026-07-13,48,48200,DIGITAL_ICT,True,48.0,True,0,108.77135348226018,,,no_temporal_score_reference_pool
17-90424,NAME:regie dept passages d eau de vendee,NAME_FALLBACK,2017-06-27,2017-06-27,2021-06-27,2026-07-13,72,72500,DIGITAL_ICT,True,48.0,True,1,51.37976346911957,21-135182,0.48000000000000004,no_temporal_score_reference_pool
17-91590,NAME:universite de nantes,NAME_FALLBACK,2017-06-28,2017-09-25,2020-09-25,2026-07-13,71,71000,DIGITAL_ICT,True,36.0,True,0,108.47568988173455,,,no_temporal_score_reference_pool
17-76396,NAME:centre hospitalier du nord mayenne,NAME_FALLBACK,2017-06-03,2017-11-18,2019-11-18,2026-07-13,30,30192,DIGITAL_ICT,True,24.0,True,0,109.2969776609724,,,no_temporal_score_reference_pool
17-76616,NAME:nantes metropole,NAME_FALLBACK,2017-06-03,2017-06-03,2021-06-03,2026-07-13,72,72250,DIGITAL_ICT,True,48.0,True,1,48.71879106438896,21-85842,0.321432912665309,no_temporal_score_reference_pool
17-80641,NAME:ville d arnage,NAME_FALLBACK,2017-06-09,2017-06-09,2017-12-09,2026-07-13,,,DIGITAL_ICT,True,6.0,True,0,109.09986859395532,,,no_temporal_score_reference_pool
17-85294,NAME:gie sesam vitale,NAME_FALLBACK,2017-06-21,2017-06-21,2021-06-21,2026-07-13,48,48700,DIGITAL_ICT,True,48.0,True,0,108.70565045992116,,,no_temporal_score_reference_pool
17-80194,NAME:conseil departemental loire-atlantique,NAME_FALLBACK,2017-06-08,2017-06-08,2021-06-08,2026-07-13,72,72610,DIGITAL_ICT,True,48.0,True,1,48.06176084099869,21-77546,0.3286270079538971,no_temporal_score_reference_pool
17-82963,NAME:ville du mans,NAME_FALLBACK,2017-06-14,2017-10-13,2020-10-13,2026-07-13,32,32321,DIGITAL_ICT,True,36.0,True,0,108.93561103810775,,,no_temporal_score_reference_pool
17-83585,NAME:montrevault-sur-evre,NAME_FALLBACK,2017-06-15,2017-06-15,2017-12-15,2026-07-13,,,DIGITAL_ICT,True,6.0,True,0,108.90275952693824,,,no_temporal_score_reference_pool
17-93952,NAME:gie sesam vitale,NAME_FALLBACK,2017-07-05,2018-05-18,2022-05-18,2026-07-13,72,72212,DIGITAL_ICT,True,48.0,True,1,60.11826544021024,22-95027,0.3716282811528928,no_temporal_score_reference_pool
17-101340,SIRET:18350003200010,RAW_SIRET,2017-07-15,2017-07-15,2020-07-15,2026-07-13,32,32421,DIGITAL_ICT,True,36.0,True,0,107.91721419185282,,,no_temporal_score_reference_pool
17-106009,NAME:nantes metropole,NAME_FALLBACK,2017-07-26,2017-12-09,2021-12-09,2026-07-13,72,72250,DIGITAL_ICT,True,48.0,True,1,54.993429697766096,22-26998,0.5121734782672149,no_temporal_score_reference_pool
17-102708,NAME:conseil regional des pays de la loire,NAME_FALLBACK,2017-07-18,2017-07-18,2021-07-18,2026-07-13,48,48900,DIGITAL_ICT,True,48.0,True,1,46.12352168199737,21-67771,0.2492076865438405,no_temporal_score_reference_pool
17-102741,NAME:centre hospitalier paul chapron,NAME_FALLBACK,2017-07-18,2017-07-18,2019-07-18,2026-07-13,30,30192,DIGITAL_ICT,True,24.0,True,0,107.81865965834429,,,no_temporal_score_reference_pool
17-92651,SIRET:18440132100015,RAW_SIRET,2017-07-02,2017-12-09,2019-12-09,2026-07-13,30,30121,DIGITAL_ICT,True,24.0,True,0,108.34428383705651,,,no_temporal_score_reference_pool
17-109228,NAME:communaute de communes de grand lieu,NAME_FALLBACK,2017-07-28,2017-07-28,2021-07-28,2026-07-13,48,48440,DIGITAL_ICT,True,48.0,True,0,107.49014454664915,,,no_temporal_score_reference_pool
17-109277,NAME:ecole centrale de nantes,NAME_FALLBACK,2017-07-28,2017-07-28,2018-01-28,2026-07-13,31,31682,DIGITAL_ICT,True,6.0,True,0,107.49014454664915,,,no_temporal_score_reference_pool
17-103816,NAME:dirisi,NAME_FALLBACK,2017-07-21,2017-12-23,2020-12-23,2026-07-13,32,32000,DIGITAL_ICT,True,36.0,True,0,107.72010512483574,,,no_temporal_score_reference_pool
17-97519,NAME:ville de thouare-sur-loire,NAME_FALLBACK,2017-07-07,2017-07-07,2021-07-07,2026-07-13,72,72212,DIGITAL_ICT,True,48.0,True,1,51.80683311432325,21-146075,0.2922702177003368,no_temporal_score_reference_pool
17-96902,NAME:commune de saint-nazaire,NAME_FALLBACK,2017-07-13,2017-07-13,2021-07-13,2026-07-13,48,48330,DIGITAL_ICT,True,48.0,True,0,107.98291721419186,,,no_temporal_score_reference_pool
17-104238,NAME:conseil departemental loire-atlantique,NAME_FALLBACK,2017-07-20,2017-07-20,2021-07-20,2026-07-13,72,72611,DIGITAL_ICT,True,48.0,True,1,46.68199737187911,21-77546,0.4939970774826557,no_temporal_score_reference_pool
17-90968,NAME:conseil departemental de la mayenne,NAME_FALLBACK,2017-07-01,2017-11-01,2019-11-01,2026-07-13,30,30230,DIGITAL_ICT,True,24.0,True,0,108.37713534822602,,,no_temporal_score_reference_pool
17-102187,SIRET:19490970100303,RAW_SIRET,2017-07-19,2018-01-10,2021-01-10,2026-07-13,32,32330,DIGITAL_ICT,True,36.0,True,0,107.78580814717478,,,no_temporal_score_reference_pool
17-100105,NAME:commune de saint-nazaire,NAME_FALLBACK,2017-07-20,2017-11-18,2021-11-18,2026-07-13,48,48000,DIGITAL_ICT,True,48.0,True,0,107.75295663600525,,,no_temporal_score_reference_pool
17-105683,SIRET:24720013200014,RAW_SIRET,2017-07-23,2018-01-05,2019-07-05,2026-07-13,39,39300,DIGITAL_ICT,True,18.0,True,0,107.65440210249672,,,no_temporal_score_reference_pool
17-106054,NAME:nantes metropole,NAME_FALLBACK,2017-07-26,2017-12-09,2021-12-09,2026-07-13,79,79824,DIGITAL_ICT,True,48.0,True,1,55.74901445466491,22-39891,0.22821928646362757,no_temporal_score_reference_pool
17-99753,NAME:angers loire metropole,NAME_FALLBACK,2017-07-12,2017-07-12,2020-07-12,2026-07-13,32,32523,DIGITAL_ICT,True,36.0,True,0,108.01576872536137,,,no_temporal_score_reference_pool
17-102482,NAME:chu de nantes,NAME_FALLBACK,2017-07-18,2017-07-18,2021-07-18,2026-07-13,72,72267,DIGITAL_ICT,True,48.0,True,1,49.08015768725361,21-113953,0.5398357761491521,no_temporal_score_reference_pool
17-102568,NAME:carene,NAME_FALLBACK,2017-07-21,2017-07-21,2021-07-21,2026-07-13,48,48900,DIGITAL_ICT,True,48.0,True,0,107.72010512483574,,,no_temporal_score_reference_pool
17-103062,NAME:universite du maine,NAME_FALLBACK,2017-07-20,2017-12-13,2019-12-13,2026-07-13,30,30195,DIGITAL_ICT,True,24.0,True,0,107.75295663600525,,,no_temporal_score_reference_pool
17-93666,NAME:chu de nantes,NAME_FALLBACK,2017-07-03,2017-07-03,2021-07-03,2026-07-13,72,72267,DIGITAL_ICT,True,48.0,True,1,49.57293035479632,21-113953,0.5398357761491521,no_temporal_score_reference_pool
17-97609,NAME:sdis 44,NAME_FALLBACK,2017-07-07,2017-07-07,2021-07-07,2026-07-13,35,35100,DIGITAL_ICT,True,48.0,True,1,44.5137976346912,21-38984,0.6168483228796799,no_temporal_score_reference_pool
17-98996,NAME:commune de saint-herblain,NAME_FALLBACK,2017-07-11,2017-07-11,2021-07-11,2026-07-13,72,72810,DIGITAL_ICT,True,48.0,True,1,49.86859395532194,21-119536,0.2787950826016222,no_temporal_score_reference_pool
17-102039,NAME:departement de la sarthe,NAME_FALLBACK,2017-07-17,2017-07-17,2021-07-17,2026-07-13,72,72212,DIGITAL_ICT,True,48.0,True,1,48.19316688567674,21-103501,0.26030893828182355,no_temporal_score_reference_pool
17-107265,NAME:conseil departemental loire-atlantique,NAME_FALLBACK,2017-07-26,2017-07-26,2018-01-26,2026-07-13,,,DIGITAL_ICT,True,6.0,True,1,1.2155059132720103,17-123168,0.5573752339106912,no_temporal_score_reference_pool
17-103193,NAME:conseil regional des pays de la loire,NAME_FALLBACK,2017-07-20,2018-05-02,2022-05-02,2026-07-13,48,48000,DIGITAL_ICT,True,48.0,True,0,107.75295663600525,,,no_temporal_score_reference_pool
17-105380,NAME:universite de nantes,NAME_FALLBACK,2017-07-21,2017-10-27,2018-04-27,2026-07-13,,,DIGITAL_ICT,True,6.0,True,1,8.5742444152431,18-47589,0.4170680830520144,no_temporal_score_reference_pool
17-107162,NAME:oniris,NAME_FALLBACK,2017-07-25,2017-07-25,2018-01-25,2026-07-13,,,DIGITAL_ICT,True,6.0,True,0,107.58869908015768,,,no_temporal_score_reference_pool
17-91935,NAME:nantes metropole,NAME_FALLBACK,2017-07-01,2017-07-01,2020-07-01,2026-07-13,32,32323,DIGITAL_ICT,True,36.0,True,1,40.67017082785808,20-142134,0.25469609978063995,no_temporal_score_reference_pool
17-93042,NAME:gie sesam vitale,NAME_FALLBACK,2017-07-02,2017-07-02,2021-07-02,2026-07-13,72,72225,DIGITAL_ICT,True,48.0,True,1,45.53219448094613,21-51104,0.32,no_temporal_score_reference_pool
17-94724,NAME:commune de saint-nazaire,NAME_FALLBACK,2017-07-09,2017-10-22,2020-10-22,2026-07-13,32,32342,DIGITAL_ICT,True,36.0,True,0,108.1143232588699,,,no_temporal_score_reference_pool
17-102923,NAME:conseil regional des pays de la loire,NAME_FALLBACK,2017-07-20,2017-07-20,2021-07-20,2026-07-13,48,48000,DIGITAL_ICT,True,48.0,True,0,107.75295663600525,,,no_temporal_score_reference_pool
17-104235,NAME:gie sesam vitale,NAME_FALLBACK,2017-07-22,2017-07-22,2021-07-22,2026-07-13,48,48900,DIGITAL_ICT,True,48.0,True,0,107.68725361366623,,,no_temporal_score_reference_pool
17-104895,SIRET:26490039000016,RAW_SIRET,2017-07-22,2017-11-07,2021-11-07,2026-07-13,35,35111,DIGITAL_ICT,True,48.0,True,0,107.68725361366623,,,no_temporal_score_reference_pool
17-105440,NAME:conseil departemental loire-atlantique,NAME_FALLBACK,2017-07-23,2018-01-24,2019-01-24,2026-07-13,45,45314,DIGITAL_ICT,True,12.0,True,0,107.65440210249672,,,no_temporal_score_reference_pool
17-101416,NAME:chd vendee,NAME_FALLBACK,2017-07-13,2017-07-13,2018-01-13,2026-07-13,85,85150,DIGITAL_ICT,True,6.0,True,0,107.98291721419186,,,no_temporal_score_reference_pool
17-102214,NAME:assoc office tourisme intercommunal pa,NAME_FALLBACK,2017-07-17,2017-07-17,2018-01-17,2026-07-13,,,DIGITAL_ICT,True,6.0,True,0,107.8515111695138,,,no_temporal_score_reference_pool
17-108459,NAME:gpm de nantes - st nazaire,NAME_FALLBACK,2017-07-27,2017-07-27,2018-01-27,2026-07-13,,,DIGITAL_ICT,True,6.0,True,0,107.52299605781866,,,no_temporal_score_reference_pool
17-114694,NAME:hop intercommunal du baugeois et val,NAME_FALLBACK,2017-08-11,2017-12-31,2020-12-31,2026-07-13,32,32412,DIGITAL_ICT,True,36.0,True,0,107.03022339027595,,,no_temporal_score_reference_pool
17-109941,NAME:commune de saint-nazaire,NAME_FALLBACK,2017-08-02,2017-11-13,2021-11-13,2026-07-13,48,48730,DIGITAL_ICT,True,48.0,True,0,107.32588699080158,,,no_temporal_score_reference_pool
17-117075,NAME:syndicat mixte pour le dvlpt numerique,NAME_FALLBACK,2017-08-17,2017-08-17,2021-08-17,2026-07-13,72,72700,DIGITAL_ICT,True,48.0,True,1,49.60578186596583,21-133433,0.8868002172024523,no_temporal_score_reference_pool
17-117298,NAME:institut 4 10,NAME_FALLBACK,2017-08-18,2017-08-18,2018-08-18,2026-07-13,80,80530,DIGITAL_ICT,True,12.0,True,0,106.80026281208936,,,no_temporal_score_reference_pool
17-120212,NAME:conseil regional des pays de la loire,NAME_FALLBACK,2017-08-25,2018-01-18,2022-01-18,2026-07-13,72,72000,DIGITAL_ICT,True,48.0,True,0,106.57030223390277,,,no_temporal_score_reference_pool
17-115928,NAME:ademe,NAME_FALLBACK,2017-08-25,2018-05-27,2022-05-27,2026-07-13,72,72415,DIGITAL_ICT,True,48.0,True,0,106.57030223390277,,,no_temporal_score_reference_pool
17-121705,NAME:commune de saint jean de monts,NAME_FALLBACK,2017-08-29,2017-08-29,2018-02-28,2026-07-13,,,DIGITAL_ICT,True,6.0,True,1,1.938239159001314,17-152907,0.5691537980651047,no_temporal_score_reference_pool
17-103068,NAME:communaute d agglomeration la rochelle,NAME_FALLBACK,2017-08-10,2017-08-10,2020-08-10,2026-07-13,32,32562,DIGITAL_ICT,True,36.0,True,0,107.06307490144546,,,no_temporal_score_reference_pool
17-118982,NAME:ville de sable sur sarthe,NAME_FALLBACK,2017-08-23,2017-08-23,2018-02-23,2026-07-13,,,DIGITAL_ICT,True,6.0,True,1,3.515111695137976,17-172986,0.5162012038916397,no_temporal_score_reference_pool
17-114542,NAME:commune de saint jean de monts,NAME_FALLBACK,2017-08-09,2017-08-09,2018-02-09,2026-07-13,,,DIGITAL_ICT,True,6.0,True,1,2.59526938239159,17-152907,0.5866666666666667,no_temporal_score_reference_pool
17-119142,NAME:prefecture,NAME_FALLBACK,2017-08-23,2017-08-23,2021-08-23,2026-07-13,72,72314,DIGITAL_ICT,True,48.0,True,0,106.63600525624179,,,no_temporal_score_reference_pool
17-120545,NAME:e-collectivites vendee,NAME_FALLBACK,2017-08-27,2018-01-04,2022-01-04,2026-07-13,72,72100,DIGITAL_ICT,True,48.0,True,1,49.37582128777924,21-133662,0.5466666666666665,no_temporal_score_reference_pool
17-118765,NAME:conseil regional des pays de la loire,NAME_FALLBACK,2017-08-22,2018-01-11,2022-01-11,2026-07-13,48,48600,DIGITAL_ICT,True,48.0,True,1,53.942181340341655,22-25102,0.37807272145655385,no_temporal_score_reference_pool
17-110921,NAME:ecole centrale de nantes,NAME_FALLBACK,2017-08-04,2018-01-06,2022-01-06,2026-07-13,48,48900,DIGITAL_ICT,True,48.0,True,1,51.14980289093298,21-148535,0.27873794923245065,no_temporal_score_reference_pool
17-111330,NAME:nantes metropole,NAME_FALLBACK,2017-08-11,2018-01-31,2022-01-31,2026-07-13,72,72250,DIGITAL_ICT,True,48.0,True,1,54.46780551905388,22-26998,0.8645749899021706,no_temporal_score_reference_pool
17-114118,NAME:conseil regional des pays de la loire,NAME_FALLBACK,2017-08-10,2018-02-01,2022-02-01,2026-07-13,48,48000,DIGITAL_ICT,True,48.0,True,0,107.06307490144546,,,no_temporal_score_reference_pool
17-129931,NAME:cmar pays de la loire,NAME_FALLBACK,2017-09-17,2018-03-29,2022-03-29,2026-07-13,72,72260,DIGITAL_ICT,True,48.0,True,0,105.81471747700394,,,no_temporal_score_reference_pool
17-136551,NAME:dir interdepartementale routes ouest,NAME_FALLBACK,2017-09-30,2018-01-31,2022-01-31,2026-07-13,72,72267,DIGITAL_ICT,True,48.0,True,0,105.38764783180027,,,no_temporal_score_reference_pool
17-124242,NAME:sdis de la sarthe,NAME_FALLBACK,2017-09-04,2017-11-03,2021-11-03,2026-07-13,35,35111,DIGITAL_ICT,True,48.0,True,0,106.24178712220763,,,no_temporal_score_reference_pool
17-127212,NAME:epcc chemins du patrimoine,NAME_FALLBACK,2017-09-08,2017-09-08,2018-03-08,2026-07-13,,,DIGITAL_ICT,True,6.0,True,0,106.11038107752957,,,no_temporal_score_reference_pool
17-132788,NAME:sdis de la mayenne,NAME_FALLBACK,2017-09-20,2017-09-20,2019-09-20,2026-07-13,30,30192,DIGITAL_ICT,True,24.0,True,0,105.7161629434954,,,no_temporal_score_reference_pool
17-123450,NAME:conseil departemental loire-atlantique,NAME_FALLBACK,2017-09-03,2017-09-03,2021-09-03,2026-07-13,48,48822,DIGITAL_ICT,True,48.0,True,0,106.27463863337714,,,no_temporal_score_reference_pool
17-133233,NAME:ca pornic agglo pays de retz,NAME_FALLBACK,2017-09-21,2017-09-21,2018-03-21,2026-07-13,,,DIGITAL_ICT,True,6.0,True,0,105.6833114323259,,,no_temporal_score_reference_pool
17-125205,NAME:conseil general de la vendee,NAME_FALLBACK,2017-09-05,2018-02-14,2022-02-14,2026-07-13,72,72212,DIGITAL_ICT,True,48.0,True,0,106.20893561103811,,,no_temporal_score_reference_pool
17-124586,SIRET:19490970100303,RAW_SIRET,2017-09-07,2017-12-21,2021-12-21,2026-07-13,72,72267,DIGITAL_ICT,True,48.0,True,0,106.14323258869908,,,no_temporal_score_reference_pool
17-130729,NAME:gcs esante pays de la loire,NAME_FALLBACK,2017-09-17,2017-09-17,2021-09-17,2026-07-13,48,48814,DIGITAL_ICT,True,48.0,True,0,105.81471747700394,,,no_temporal_score_reference_pool
17-132446,NAME:greta loire atlantique,NAME_FALLBACK,2017-09-20,2017-09-20,2019-09-20,2026-07-13,30,30000,DIGITAL_ICT,True,24.0,True,0,105.7161629434954,,,no_temporal_score_reference_pool
17-133179,NAME:syndicat vignoble grand lieu,NAME_FALLBACK,2017-09-21,2017-09-21,2018-03-21,2026-07-13,65,65130,DIGITAL_ICT,True,6.0,True,0,105.6833114323259,,,no_temporal_score_reference_pool
17-134575,NAME:ministere des affaires etrangeres,NAME_FALLBACK,2017-09-27,2018-01-25,2022-01-25,2026-07-13,72,72315,DIGITAL_ICT,True,48.0,True,0,105.4862023653088,,,no_temporal_score_reference_pool
17-128615,NAME:inserm,NAME_FALLBACK,2017-09-14,2017-09-14,2021-09-14,2026-07-13,72,72500,DIGITAL_ICT,True,48.0,True,0,105.91327201051249,,,no_temporal_score_reference_pool
17-133782,NAME:ville de pornichet,NAME_FALLBACK,2017-09-22,2017-09-22,2021-09-22,2026-07-13,72,72500,DIGITAL_ICT,True,48.0,True,0,105.65045992115637,,,no_temporal_score_reference_pool
17-135428,NAME:conseil departemental de la mayenne,NAME_FALLBACK,2017-09-28,2017-09-28,2021-09-28,2026-07-13,72,72211,DIGITAL_ICT,True,48.0,True,0,105.45335085413929,,,no_temporal_score_reference_pool
17-123168,NAME:conseil departemental loire-atlantique,NAME_FALLBACK,2017-09-01,2017-09-01,2018-03-01,2026-07-13,,,DIGITAL_ICT,True,6.0,True,1,7.490144546649145,18-52915,0.2034593681750767,no_temporal_score_reference_pool
17-131042,NAME:departement de la vendee,NAME_FALLBACK,2017-09-17,2018-01-22,2019-02-22,2026-07-13,92,92512,DIGITAL_ICT,True,13.0,True,0,105.81471747700394,,,no_temporal_score_reference_pool
17-134974,NAME:ville de bouchemaine,NAME_FALLBACK,2017-09-25,2017-09-25,2018-03-25,2026-07-13,,,DIGITAL_ICT,True,6.0,True,1,8.377135348226018,18-73911,0.3670098522530073,no_temporal_score_reference_pool
17-135696,NAME:departement de la vendee,NAME_FALLBACK,2017-09-26,2017-12-14,2021-12-14,2026-07-13,72,72315,DIGITAL_ICT,True,48.0,True,0,105.51905387647832,,,no_temporal_score_reference_pool
17-130980,NAME:e-collectivites vendee,NAME_FALLBACK,2017-09-17,2017-09-17,2021-09-17,2026-07-13,72,72410,DIGITAL_ICT,True,48.0,True,0,105.81471747700394,,,no_temporal_score_reference_pool
17-117419,NAME:dsna,NAME_FALLBACK,2017-09-17,2018-11-22,2021-11-22,2026-07-13,32,32230,DIGITAL_ICT,True,36.0,True,0,105.81471747700394,,,no_temporal_score_reference_pool
17-130002,NAME:conseil departemental de la mayenne,NAME_FALLBACK,2017-09-17,2017-12-09,2019-12-09,2026-07-13,30,30230,DIGITAL_ICT,True,24.0,True,0,105.81471747700394,,,no_temporal_score_reference_pool
17-140760,SIRET:13001535700010,RAW_SIRET,2017-10-08,2017-10-08,2021-10-08,2026-07-13,35,35113,DIGITAL_ICT,True,48.0,True,0,105.12483574244415,,,no_temporal_score_reference_pool
17-140948,NAME:conseil regional des pays de la loire,NAME_FALLBACK,2017-10-08,2018-02-01,2022-02-01,2026-07-13,48,48000,DIGITAL_ICT,True,48.0,True,0,105.12483574244415,,,no_temporal_score_reference_pool
17-142028,NAME:universite de nantes,NAME_FALLBACK,2017-10-11,2017-11-22,2021-11-22,2026-07-13,72,72224,DIGITAL_ICT,True,48.0,True,0,105.02628120893561,,,no_temporal_score_reference_pool
17-140377,NAME:conseil regional des pays de la loire,NAME_FALLBACK,2017-10-05,2018-01-11,2022-01-11,2026-07-13,72,72250,DIGITAL_ICT,True,48.0,True,1,51.47831800262812,22-8616,0.24449703353869193,no_temporal_score_reference_pool
17-150835,NAME:gie des epl de vendee,NAME_FALLBACK,2017-10-25,2017-10-25,2021-10-25,2026-07-13,48,48920,DIGITAL_ICT,True,48.0,True,1,48.75164257555847,21-152380,0.6266666666666667,no_temporal_score_reference_pool
17-147130,NAME:centre hospitalier paul chapron,NAME_FALLBACK,2017-10-18,2017-10-18,2020-10-18,2026-07-13,32,32344,DIGITAL_ICT,True,36.0,True,0,104.79632063074901,,,no_temporal_score_reference_pool
17-144060,NAME:angers loire metropole,NAME_FALLBACK,2017-10-12,2017-10-12,2018-04-12,2026-07-13,,,DIGITAL_ICT,True,6.0,True,0,104.9934296977661,,,no_temporal_score_reference_pool
17-142035,NAME:conseil regional des pays de la loire,NAME_FALLBACK,2017-10-11,2018-02-01,2022-02-01,2026-07-13,48,48000,DIGITAL_ICT,True,48.0,True,0,105.02628120893561,,,no_temporal_score_reference_pool
17-152907,NAME:commune de saint jean de monts,NAME_FALLBACK,2017-10-27,2017-12-22,2018-06-22,2026-07-13,,,DIGITAL_ICT,True,6.0,True,0,104.5006570302234,,,no_temporal_score_reference_pool
17-130666,NAME:ademe,NAME_FALLBACK,2017-10-01,2017-10-01,2021-10-01,2026-07-13,72,72611,DIGITAL_ICT,True,48.0,True,0,105.35479632063075,,,no_temporal_score_reference_pool
17-148560,SIRET:24850034000141,RAW_SIRET,2017-10-22,2017-10-22,2021-10-22,2026-07-13,72,72500,DIGITAL_ICT,True,48.0,True,0,104.66491458607096,,,no_temporal_score_reference_pool
17-79188,NAME:mairie de saint-gilles-croix-de-vie,NAME_FALLBACK,2017-10-03,2017-10-03,2019-10-03,2026-07-13,30,30197,DIGITAL_ICT,True,24.0,True,0,105.28909329829172,,,no_temporal_score_reference_pool
17-151427,NAME:communaute communes pays de redon,NAME_FALLBACK,2017-10-25,2017-10-25,2021-10-25,2026-07-13,48,48000,DIGITAL_ICT,True,48.0,True,0,104.56636005256242,,,no_temporal_score_reference_pool
17-149350,NAME:ccir pays de la loire,NAME_FALLBACK,2017-10-22,2018-01-28,2019-01-28,2026-07-13,38,38652,DIGITAL_ICT,True,12.0,True,0,104.66491458607096,,,no_temporal_score_reference_pool
17-146735,NAME:gpm de nantes - st nazaire,NAME_FALLBACK,2017-10-17,2017-10-17,2018-04-17,2026-07-13,31,31625,DIGITAL_ICT,True,6.0,True,0,104.82917214191853,,,no_temporal_score_reference_pool
17-139193,NAME:angers loire metropole,NAME_FALLBACK,2017-10-04,2017-10-04,2021-10-04,2026-07-13,72,72267,DIGITAL_ICT,True,48.0,True,1,44.67805519053877,21-83160,0.5053917409040588,no_temporal_score_reference_pool
17-142620,NAME:si energies de maine et loire,NAME_FALLBACK,2017-10-10,2017-10-10,2018-10-10,2026-07-13,38,38221,DIGITAL_ICT,True,12.0,True,0,105.05913272010513,,,no_temporal_score_reference_pool
17-138140,NAME:commune de la baule,NAME_FALLBACK,2017-10-04,2018-01-13,2021-01-13,2026-07-13,32,32424,DIGITAL_ICT,True,36.0,True,0,105.2562417871222,,,no_temporal_score_reference_pool
17-144102,NAME:universite de nantes,NAME_FALLBACK,2017-10-14,2018-02-14,2022-02-14,2026-07-13,35,35113,DIGITAL_ICT,True,48.0,True,0,104.92772667542707,,,no_temporal_score_reference_pool
17-143241,NAME:nantes metropole,NAME_FALLBACK,2017-10-15,2018-10-04,2022-10-04,2026-07-13,48,48000,DIGITAL_ICT,True,48.0,True,1,61.26806833114323,22-154717,0.7165696180601804,no_temporal_score_reference_pool
17-152746,NAME:ctre hosp universitaire angers,NAME_FALLBACK,2017-10-29,2017-12-15,2021-12-15,2026-07-13,48,48000,DIGITAL_ICT,True,48.0,True,0,104.43495400788436,,,no_temporal_score_reference_pool
17-143219,NAME:nantes metropole,NAME_FALLBACK,2017-10-11,2017-10-11,2018-04-11,2026-07-13,,,DIGITAL_ICT,True,6.0,True,1,2.33245729303548,17-129614,0.30784199565289133,no_temporal_score_reference_pool
17-144482,NAME:centre hospitalier f robert,NAME_FALLBACK,2017-10-13,2017-10-13,2018-04-13,2026-07-13,,,DIGITAL_ICT,True,6.0,True,0,104.96057818659658,,,no_temporal_score_reference_pool
17-161600,NAME:rectorat de l academie de nantes,NAME_FALLBACK,2017-11-15,2017-11-15,2018-05-15,2026-07-13,,,DIGITAL_ICT,True,6.0,True,0,103.87647831800263,,,no_temporal_score_reference_pool
17-157486,NAME:departement de la sarthe,NAME_FALLBACK,2017-11-08,2017-11-08,2021-11-08,2026-07-13,72,72268,DIGITAL_ICT,True,48.0,True,1,48.58738501971091,21-156574,0.3471333774444979,no_temporal_score_reference_pool
17-162866,NAME:s m a e p de la region mancelle,NAME_FALLBACK,2017-11-17,2017-11-17,2021-11-17,2026-07-13,48,48444,DIGITAL_ICT,True,48.0,True,0,103.8107752956636,,,no_temporal_score_reference_pool
17-161606,NAME:carene,NAME_FALLBACK,2017-11-23,2017-11-23,2020-11-23,2026-07-13,32,32321,DIGITAL_ICT,True,36.0,True,0,103.61366622864652,,,no_temporal_score_reference_pool
17-166932,NAME:casier judiciaire national,NAME_FALLBACK,2017-11-27,2017-11-27,2020-11-27,2026-07-13,32,32543,DIGITAL_ICT,True,36.0,True,0,103.48226018396846,,,no_temporal_score_reference_pool
17-167643,NAME:conseil departemental loire-atlantique,NAME_FALLBACK,2017-11-28,2017-11-28,2020-11-28,2026-07-13,32,32321,DIGITAL_ICT,True,36.0,True,0,103.44940867279895,,,no_temporal_score_reference_pool
17-168958,NAME:departement de la vendee,NAME_FALLBACK,2017-11-30,2018-04-27,2022-04-27,2026-07-13,72,72212,DIGITAL_ICT,True,48.0,True,1,46.84625492772668,21-143444,0.48784010185357124,no_temporal_score_reference_pool
17-155889,NAME:institut mines-telecom atlantique,NAME_FALLBACK,2017-11-05,2018-02-28,2021-02-28,2026-07-13,32,32232,DIGITAL_ICT,True,36.0,True,0,104.20499342969777,,,no_temporal_score_reference_pool
17-159373,NAME:chu de nantes,NAME_FALLBACK,2017-11-12,2018-04-14,2022-04-14,2026-07-13,72,72267,DIGITAL_ICT,True,48.0,True,0,103.97503285151117,,,no_temporal_score_reference_pool
17-165149,NAME:oniris,NAME_FALLBACK,2017-11-25,2017-11-25,2021-11-25,2026-07-13,72,72212,DIGITAL_ICT,True,48.0,True,0,103.54796320630749,,,no_temporal_score_reference_pool
17-155110,NAME:commune de nantes,NAME_FALLBACK,2017-11-03,2017-11-03,2018-05-03,2026-07-13,,,DIGITAL_ICT,True,6.0,True,1,11.366622864651774,18-141270,0.5472644556146387,no_temporal_score_reference_pool
17-162755,NAME:la cite des congres de nantes,NAME_FALLBACK,2017-11-17,2017-11-17,2021-11-17,2026-07-13,72,72315,DIGITAL_ICT,True,48.0,True,1,49.96714848883048,22-7823,0.27413182000640357,no_temporal_score_reference_pool
17-168569,NAME:nantes metropole,NAME_FALLBACK,2017-11-29,2017-11-29,2021-11-29,2026-07-13,72,72320,DIGITAL_ICT,True,48.0,True,1,51.60972404730617,22-39891,0.31075426401099504,no_temporal_score_reference_pool
17-156571,NAME:mairie de saint-viaud,NAME_FALLBACK,2017-11-06,2017-11-06,2018-11-06,2026-07-13,45,45000,DIGITAL_ICT,True,12.0,True,0,104.17214191852825,,,no_temporal_score_reference_pool
17-158731,NAME:departement de la vendee,NAME_FALLBACK,2017-11-09,2018-03-09,2022-03-09,2026-07-13,72,72220,DIGITAL_ICT,True,48.0,True,1,47.53613666228647,21-143444,0.24548411811682172,no_temporal_score_reference_pool
17-159853,NAME:angers loire metropole,NAME_FALLBACK,2017-11-13,2017-11-13,2021-11-13,2026-07-13,72,72267,DIGITAL_ICT,True,48.0,True,1,43.36399474375821,21-83160,0.5189068424991303,no_temporal_score_reference_pool
17-167707,NAME:nantes metropole,NAME_FALLBACK,2017-11-28,2017-11-28,2021-11-28,2026-07-13,48,48000,DIGITAL_ICT,True,48.0,True,1,46.87910643889619,21-143183,0.558333629608574,no_temporal_score_reference_pool
17-158224,NAME:nantes metropole,NAME_FALLBACK,2017-11-12,2018-05-20,2022-05-20,2026-07-13,48,48000,DIGITAL_ICT,True,48.0,True,1,48.22601839684625,21-153479,0.2790077752166499,no_temporal_score_reference_pool
17-165815,NAME:dreal bretagne,NAME_FALLBACK,2017-11-25,2018-06-28,2022-06-28,2026-07-13,48,48000,DIGITAL_ICT,True,48.0,True,0,103.54796320630749,,,no_temporal_score_reference_pool
17-160290,NAME:universite de nantes,NAME_FALLBACK,2017-11-13,2018-01-22,2019-01-22,2026-07-13,38,38430,DIGITAL_ICT,True,12.0,True,0,103.94218134034166,,,no_temporal_score_reference_pool
17-161917,NAME:conseil departemental loire-atlantique,NAME_FALLBACK,2017-11-18,2017-11-18,2021-11-18,2026-07-13,72,72611,DIGITAL_ICT,True,48.0,True,1,42.70696452036793,21-77546,0.5047868292797653,no_temporal_score_reference_pool
17-163707,NAME:gie sesam vitale,NAME_FALLBACK,2017-11-22,2017-11-22,2021-11-22,2026-07-13,72,72910,DIGITAL_ICT,True,48.0,True,0,103.64651773981603,,,no_temporal_score_reference_pool
17-164463,NAME:commune de saint-nazaire,NAME_FALLBACK,2017-11-24,2017-11-24,2018-05-24,2026-07-13,,,DIGITAL_ICT,True,6.0,True,1,4.139290407358739,18-41248,0.22386963751852482,no_temporal_score_reference_pool
17-161006,NAME:angers loire metropole,NAME_FALLBACK,2017-11-19,2018-12-21,2022-12-21,2026-07-13,48,48311,DIGITAL_ICT,True,48.0,True,0,103.74507227332457,,,no_temporal_score_reference_pool
17-165817,NAME:dreal bretagne,NAME_FALLBACK,2017-11-25,2018-05-30,2022-05-30,2026-07-13,48,48000,DIGITAL_ICT,True,48.0,True,0,103.54796320630749,,,no_temporal_score_reference_pool
17-156331,NAME:commune de saint-nazaire,NAME_FALLBACK,2017-11-07,2017-11-07,2018-05-07,2026-07-13,,,DIGITAL_ICT,True,6.0,True,1,0.5584756898817346,17-164463,0.27770076813435385,no_temporal_score_reference_pool
17-173975,SIRET:23440003400026,RAW_SIRET,2017-12-13,2018-07-01,2022-07-01,2026-07-13,48,48000,DIGITAL_ICT,True,48.0,True,1,58.90275952693823,22-150264,0.5902331235025287,no_temporal_score_reference_pool
17-172986,NAME:ville de sable sur sarthe,NAME_FALLBACK,2017-12-08,2017-12-08,2018-06-08,2026-07-13,,,DIGITAL_ICT,True,6.0,True,1,1.281208935611038,18-6802,0.580897892973671,no_temporal_score_reference_pool
17-181054,NAME:cte de communes de la region de blain,NAME_FALLBACK,2017-12-22,2017-12-22,2020-12-22,2026-07-13,50,50312,DIGITAL_ICT,True,36.0,True,0,102.66097240473061,,,no_temporal_score_reference_pool
17-129614,NAME:nantes metropole,NAME_FALLBACK,2017-12-21,2017-12-21,2021-12-21,2026-07-13,72,72250,DIGITAL_ICT,True,48.0,True,1,50.13140604467805,22-26998,0.5695758949827563,no_temporal_score_reference_pool
17-170649,NAME:gpm de nantes - st nazaire,NAME_FALLBACK,2017-12-04,2017-12-04,2018-06-04,2026-07-13,,,DIGITAL_ICT,True,6.0,True,0,103.25229960578187,,,no_temporal_score_reference_pool
17-172862,NAME:alter public,NAME_FALLBACK,2017-12-08,2017-12-08,2021-12-08,2026-07-13,72,72212,DIGITAL_ICT,True,48.0,True,0,103.12089356110381,,,no_temporal_score_reference_pool
17-176420,NAME:angers loire metropole,NAME_FALLBACK,2017-12-15,2017-12-15,2021-12-15,2026-07-13,35,35125,DIGITAL_ICT,True,48.0,True,0,102.89093298291722,,,no_temporal_score_reference_pool
17-170059,SIRET:18440135400057,RAW_SIRET,2017-12-03,2018-02-28,2021-02-28,2026-07-13,50,50312,DIGITAL_ICT,True,36.0,True,0,103.28515111695138,,,no_temporal_score_reference_pool
17-176560,NAME:sdis de la mayenne,NAME_FALLBACK,2017-12-17,2018-03-29,2022-03-29,2026-07-13,35,35111,DIGITAL_ICT,True,48.0,True,0,102.82522996057818,,,no_temporal_score_reference_pool
17-171316,SIRET:23440003400026,RAW_SIRET,2017-12-07,2018-05-02,2022-05-02,2026-07-13,72,72250,DIGITAL_ICT,True,48.0,True,1,50.13140604467805,22-20320,0.3177824941586167,no_temporal_score_reference_pool
17-181551,NAME:departement de la sarthe,NAME_FALLBACK,2017-12-22,2017-12-22,2021-12-22,2026-07-13,35,35100,DIGITAL_ICT,True,48.0,True,0,102.66097240473061,,,no_temporal_score_reference_pool
17-170763,NAME:ville de la roche sur yon,NAME_FALLBACK,2017-12-04,2017-12-04,2018-06-04,2026-07-13,,,DIGITAL_ICT,True,6.0,True,1,6.340341655716163,18-82638,0.24605052373098663,no_temporal_score_reference_pool
17-175897,NAME:conseil departemental de la mayenne,NAME_FALLBACK,2017-12-15,2017-12-15,2018-06-15,2026-07-13,,,DIGITAL_ICT,True,6.0,True,0,102.89093298291722,,,no_temporal_score_reference_pool
17-177418,NAME:commune de saint-nazaire,NAME_FALLBACK,2017-12-20,2017-12-20,2020-12-20,2026-07-13,32,32323,DIGITAL_ICT,True,36.0,True,0,102.72667542706965,,,no_temporal_score_reference_pool
17-179112,NAME:nantes metropole,NAME_FALLBACK,2017-12-22,2017-12-22,2021-12-22,2026-07-13,72,72000,DIGITAL_ICT,True,48.0,True,1,44.612352168199735,21-122032,0.4814253930973976,no_temporal_score_reference_pool
17-174282,NAME:inserm,NAME_FALLBACK,2017-12-14,2017-12-14,2020-12-14,2026-07-13,50,50312,DIGITAL_ICT,True,36.0,True,0,102.92378449408673,,,no_temporal_score_reference_pool
17-174760,NAME:sdis 44,NAME_FALLBACK,2017-12-14,2018-07-26,2022-07-26,2026-07-13,35,35110,DIGITAL_ICT,True,48.0,True,0,102.92378449408673,,,no_temporal_score_reference_pool
17-173663,NAME:nantes metropole,NAME_FALLBACK,2017-12-16,2017-12-16,2021-12-16,2026-07-13,48,48000,DIGITAL_ICT,True,48.0,True,1,42.93692509855453,21-97876,0.49098077165404225,no_temporal_score_reference_pool
17-172856,NAME:mairie de saint-viaud,NAME_FALLBACK,2017-12-08,2017-12-08,2018-12-08,2026-07-13,45,45000,DIGITAL_ICT,True,12.0,True,0,103.12089356110381,,,no_temporal_score_reference_pool
17-178366,NAME:angers loire developpement,NAME_FALLBACK,2017-12-19,2017-12-19,2018-06-19,2026-07-13,,,DIGITAL_ICT,True,6.0,True,0,102.75952693823916,,,no_temporal_score_reference_pool
17-178496,NAME:commune de saint-nazaire,NAME_FALLBACK,2017-12-21,2017-12-21,2020-12-21,2026-07-13,32,32321,DIGITAL_ICT,True,36.0,True,0,102.69382391590013,,,no_temporal_score_reference_pool
18-6138,NAME:sdis 44,NAME_FALLBACK,2018-01-17,2018-06-02,2022-06-02,2026-07-13,48,48000,DIGITAL_ICT,True,48.0,True,1,49.96714848883048,22-39410,0.946666666666667,no_temporal_score_reference_pool
18-8615,NAME:gcs esante pays de la loire,NAME_FALLBACK,2018-01-20,2018-06-08,2022-06-08,2026-07-13,72,72200,DIGITAL_ICT,True,48.0,True,0,101.70827858081472,,,no_temporal_score_reference_pool
18-9145,SIRET:22850001300658,RAW_SIRET,2018-01-21,2018-05-27,2020-05-27,2026-07-13,30,30121,DIGITAL_ICT,True,24.0,True,0,101.67542706964521,,,no_temporal_score_reference_pool
18-9170,NAME:communaute communes la chataigneraie,NAME_FALLBACK,2018-01-24,2018-08-01,2022-08-01,2026-07-13,48,48000,DIGITAL_ICT,True,48.0,True,0,101.57687253613666,,,no_temporal_score_reference_pool
18-12557,NAME:la cite des congres de nantes,NAME_FALLBACK,2018-01-28,2018-01-28,2021-01-28,2026-07-13,32,32424,DIGITAL_ICT,True,36.0,True,0,101.4454664914586,,,no_temporal_score_reference_pool
18-12119,NAME:conseil regional des pays de la loire,NAME_FALLBACK,2018-01-28,2018-05-25,2022-05-25,2026-07-13,72,72312,DIGITAL_ICT,True,48.0,True,1,47.96320630749014,22-13142,0.22570935115129867,no_temporal_score_reference_pool
18-4239,NAME:ca pornic agglo pays de retz,NAME_FALLBACK,2018-01-14,2018-03-31,2022-03-31,2026-07-13,35,35261,DIGITAL_ICT,True,48.0,True,0,101.9053876478318,,,no_temporal_score_reference_pool
18-9081,NAME:communaute communes la chataigneraie,NAME_FALLBACK,2018-01-21,2018-06-21,2020-06-21,2026-07-13,30,30200,DIGITAL_ICT,True,24.0,True,0,101.67542706964521,,,no_temporal_score_reference_pool
18-8070,NAME:angers loire metropole,NAME_FALLBACK,2018-01-18,2018-01-18,2022-01-18,2026-07-13,72,72421,DIGITAL_ICT,True,48.0,True,1,48.62023653088042,22-15069,0.19613622808933687,no_temporal_score_reference_pool
18-10415,NAME:universite de nantes,NAME_FALLBACK,2018-01-23,2018-04-26,2022-04-26,2026-07-13,35,35113,DIGITAL_ICT,True,48.0,True,0,101.60972404730617,,,no_temporal_score_reference_pool
18-13131,NAME:cte de communes d erdre et gesvres,NAME_FALLBACK,2018-01-29,2018-01-29,2022-01-29,2026-07-13,48,48000,DIGITAL_ICT,True,48.0,True,0,101.41261498028909,,,no_temporal_score_reference_pool
18-13243,NAME:universite d angers,NAME_FALLBACK,2018-01-29,2018-09-24,2022-09-24,2026-07-13,72,72267,DIGITAL_ICT,True,48.0,True,0,101.41261498028909,,,no_temporal_score_reference_pool
18-8280,NAME:la roche-sur-yon agglomeration,NAME_FALLBACK,2018-01-20,2018-06-15,2022-06-15,2026-07-13,48,48822,DIGITAL_ICT,True,48.0,True,1,49.40867279894875,22-31357,0.35229216757563,no_temporal_score_reference_pool
18-11225,NAME:nantes metropole,NAME_FALLBACK,2018-01-27,2018-01-27,2022-01-27,2026-07-13,72,72000,DIGITAL_ICT,True,48.0,True,1,43.42969776609724,21-122032,0.48000000000000004,no_temporal_score_reference_pool
18-8879,NAME:gie sesam vitale,NAME_FALLBACK,2018-01-21,2019-03-03,2023-03-03,2026-07-13,72,72600,DIGITAL_ICT,True,48.0,True,1,58.40998685939553,22-159813,0.684321084989123,no_temporal_score_reference_pool
18-6802,NAME:ville de sable sur sarthe,NAME_FALLBACK,2018-01-16,2018-01-16,2018-07-16,2026-07-13,,,DIGITAL_ICT,True,6.0,True,0,101.83968462549278,,,no_temporal_score_reference_pool
18-6884,NAME:chu de nantes,NAME_FALLBACK,2018-01-16,2018-01-16,2022-01-16,2026-07-13,72,72000,DIGITAL_ICT,True,48.0,True,0,101.83968462549278,,,no_temporal_score_reference_pool
18-14043,NAME:uniha gcs,NAME_FALLBACK,2018-01-30,2018-01-30,2022-01-30,2026-07-13,72,72512,DIGITAL_ICT,True,48.0,True,0,101.37976346911958,,,no_temporal_score_reference_pool
18-265,NAME:conseil regional des pays de la loire,NAME_FALLBACK,2018-01-02,2018-09-04,2021-09-04,2026-07-13,32,32354,DIGITAL_ICT,True,36.0,True,0,102.29960578186596,,,no_temporal_score_reference_pool
18-2518,NAME:chu de nantes,NAME_FALLBACK,2018-01-09,2018-01-09,2022-01-09,2026-07-13,72,72311,DIGITAL_ICT,True,48.0,True,0,102.06964520367937,,,no_temporal_score_reference_pool
18-546,NAME:angers loire metropole,NAME_FALLBACK,2018-01-05,2018-05-17,2022-05-17,2026-07-13,48,48321,DIGITAL_ICT,True,48.0,True,0,102.20105124835743,,,no_temporal_score_reference_pool
18-12739,NAME:la cite des congres de nantes,NAME_FALLBACK,2018-01-26,2018-01-26,2022-01-26,2026-07-13,72,72611,DIGITAL_ICT,True,48.0,True,0,101.51116951379764,,,no_temporal_score_reference_pool
18-14065,SIRET:22850001300658,RAW_SIRET,2018-02-01,2018-08-23,2020-08-23,2026-07-13,30,30125,DIGITAL_ICT,True,24.0,True,0,101.31406044678056,,,no_temporal_score_reference_pool
18-21470,SIRET:21530097100011,RAW_SIRET,2018-02-15,2018-06-28,2021-06-28,2026-07-13,32,32323,DIGITAL_ICT,True,36.0,True,0,100.85413929040736,,,no_temporal_score_reference_pool
18-26455,NAME:universite de rennes 1,NAME_FALLBACK,2018-02-25,2018-06-20,2020-06-20,2026-07-13,30,30200,DIGITAL_ICT,True,24.0,True,0,100.52562417871222,,,no_temporal_score_reference_pool
18-27476,SIRET:19490970100303,RAW_SIRET,2018-02-28,2018-06-20,2021-06-20,2026-07-13,32,32415,DIGITAL_ICT,True,36.0,True,0,100.42706964520367,,,no_temporal_score_reference_pool
18-15680,NAME:commune de saint-nazaire,NAME_FALLBACK,2018-02-07,2018-02-07,2022-02-07,2026-07-13,72,72000,DIGITAL_ICT,True,48.0,True,0,101.11695137976346,,,no_temporal_score_reference_pool
18-18447,NAME:nantes metropole,NAME_FALLBACK,2018-02-09,2018-02-09,2018-08-09,2026-07-13,,,DIGITAL_ICT,True,6.0,True,1,0.1971090670170827,18-21811,0.5765919106902533,no_temporal_score_reference_pool
18-14081,NAME:cdc du pays de saint gilles cx de vie,NAME_FALLBACK,2018-02-02,2018-04-14,2022-04-14,2026-07-13,48,48000,DIGITAL_ICT,True,48.0,True,0,101.28120893561103,,,no_temporal_score_reference_pool
18-20656,NAME:nantes metropole,NAME_FALLBACK,2018-02-13,2018-02-13,2018-08-13,2026-07-13,,,DIGITAL_ICT,True,6.0,True,1,0.5913272010512484,18-28651,0.25120445012808407,no_temporal_score_reference_pool
18-21245,NAME:departement de la sarthe,NAME_FALLBACK,2018-02-14,2018-02-14,2022-02-14,2026-07-13,72,72212,DIGITAL_ICT,True,48.0,True,1,45.36793692509856,21-156574,0.2506369645074742,no_temporal_score_reference_pool
18-21831,NAME:gie des epl de vendee,NAME_FALLBACK,2018-02-15,2018-02-15,2022-02-15,2026-07-13,48,48000,DIGITAL_ICT,True,48.0,True,1,45.039421813403415,21-152380,0.2486751799285764,no_temporal_score_reference_pool
18-22059,NAME:rectorat de l academie de nantes,NAME_FALLBACK,2018-02-15,2018-02-15,2018-08-15,2026-07-13,,,DIGITAL_ICT,True,6.0,True,0,100.85413929040736,,,no_temporal_score_reference_pool
18-26430,NAME:gie sesam vitale,NAME_FALLBACK,2018-02-25,2019-02-08,2023-02-08,2026-07-13,72,72000,DIGITAL_ICT,True,48.0,True,1,57.26018396846255,22-159813,0.37064760139270964,no_temporal_score_reference_pool
18-26406,NAME:mancelle d habitation,NAME_FALLBACK,2018-02-24,2019-08-30,2022-08-30,2026-07-13,71,71200,DIGITAL_ICT,True,36.0,True,0,100.55847568988173,,,no_temporal_score_reference_pool
18-16076,NAME:ville d avrille,NAME_FALLBACK,2018-02-02,2018-02-02,2021-02-02,2026-07-13,32,32323,DIGITAL_ICT,True,36.0,True,0,101.28120893561103,,,no_temporal_score_reference_pool
18-17596,NAME:communaute urbaine d alencon,NAME_FALLBACK,2018-02-07,2018-02-07,2018-08-07,2026-07-13,,,DIGITAL_ICT,True,6.0,True,0,101.11695137976346,,,no_temporal_score_reference_pool
18-27688,NAME:ville d angers,NAME_FALLBACK,2018-02-27,2018-02-27,2022-02-27,2026-07-13,48,48952,DIGITAL_ICT,True,48.0,True,0,100.4599211563732,,,no_temporal_score_reference_pool
18-28408,NAME:conseil regional des pays de la loire,NAME_FALLBACK,2018-02-28,2018-10-29,2019-04-29,2026-07-13,,,DIGITAL_ICT,True,6.0,True,0,100.42706964520367,,,no_temporal_score_reference_pool
18-22345,NAME:uniha gcs,NAME_FALLBACK,2018-02-17,2018-02-17,2022-02-17,2026-07-13,72,72200,DIGITAL_ICT,True,48.0,True,0,100.78843626806834,,,no_temporal_score_reference_pool
18-26654,SIRET:13001855900018,RAW_SIRET,2018-02-25,2019-07-20,2022-07-20,2026-07-13,32,32424,DIGITAL_ICT,True,36.0,True,0,100.52562417871222,,,no_temporal_score_reference_pool
18-26824,SIRET:23440003400026,RAW_SIRET,2018-02-25,2018-09-06,2022-09-06,2026-07-13,72,72212,DIGITAL_ICT,True,48.0,True,1,59.0670170827858,23-12419,0.8080010002315754,no_temporal_score_reference_pool
18-17886,NAME:departement de la vendee,NAME_FALLBACK,2018-02-07,2018-06-06,2022-06-06,2026-07-13,72,72600,DIGITAL_ICT,True,48.0,True,0,101.11695137976346,,,no_temporal_score_reference_pool
18-20647,NAME:semitan mandataire de la cun,NAME_FALLBACK,2018-02-13,2018-02-13,2021-02-13,2026-07-13,32,32571,DIGITAL_ICT,True,36.0,True,0,100.91984231274638,,,no_temporal_score_reference_pool
18-21811,NAME:nantes metropole,NAME_FALLBACK,2018-02-15,2018-02-15,2018-08-15,2026-07-13,,,DIGITAL_ICT,True,6.0,True,0,100.85413929040736,,,no_temporal_score_reference_pool
18-25585,NAME:angers loire metropole,NAME_FALLBACK,2018-02-22,2018-02-22,2021-02-22,2026-07-13,32,32412,DIGITAL_ICT,True,36.0,True,0,100.62417871222077,,,no_temporal_score_reference_pool
18-18602,NAME:universite de nantes,NAME_FALLBACK,2018-02-09,2018-06-17,2022-06-17,2026-07-13,72,72224,DIGITAL_ICT,True,48.0,True,0,101.05124835742444,,,no_temporal_score_reference_pool
18-22305,NAME:uniha gcs,NAME_FALLBACK,2018-02-17,2018-02-17,2022-02-17,2026-07-13,72,72200,DIGITAL_ICT,True,48.0,True,0,100.78843626806834,,,no_temporal_score_reference_pool
18-18750,NAME:comsopgn,NAME_FALLBACK,2018-02-08,2018-02-08,2021-02-08,2026-07-13,32,32351,DIGITAL_ICT,True,36.0,True,1,30.190538764783177,20-101410,0.1935850090339678,no_temporal_score_reference_pool
18-19126,NAME:la cite des congres de nantes,NAME_FALLBACK,2018-02-09,2018-02-09,2022-02-09,2026-07-13,72,72611,DIGITAL_ICT,True,48.0,True,0,101.05124835742444,,,no_temporal_score_reference_pool
18-41400,NAME:mairie de coueron,NAME_FALLBACK,2018-03-26,2018-03-26,2018-09-26,2026-07-13,,,DIGITAL_ICT,True,6.0,True,1,8.83705650459921,18-177907,0.5866666666666667,no_temporal_score_reference_pool
18-44171,NAME:rectorat de l academie de nantes,NAME_FALLBACK,2018-03-30,2018-03-30,2018-09-30,2026-07-13,,,DIGITAL_ICT,True,6.0,True,0,99.44152431011827,,,no_temporal_score_reference_pool
18-30674,NAME:cdc du pays de saint gilles cx de vie,NAME_FALLBACK,2018-03-07,2018-08-10,2020-08-10,2026-07-13,30,30230,DIGITAL_ICT,True,24.0,True,0,100.19710906701708,,,no_temporal_score_reference_pool
18-29375,NAME:commune de reze,NAME_FALLBACK,2018-03-01,2018-03-01,2021-03-01,2026-07-13,71,71631,DIGITAL_ICT,True,36.0,True,0,100.39421813403416,,,no_temporal_score_reference_pool
18-36652,NAME:commune de saint-nazaire,NAME_FALLBACK,2018-03-20,2018-03-20,2022-03-20,2026-07-13,48,48000,DIGITAL_ICT,True,48.0,True,0,99.77003942181341,,,no_temporal_score_reference_pool
18-40228,NAME:le mans metropole - communaute urbaine,NAME_FALLBACK,2018-03-22,2018-06-18,2019-06-18,2026-07-13,45,45314,DIGITAL_ICT,True,12.0,True,0,99.70433639947437,,,no_temporal_score_reference_pool
18-44367,NAME:ville des sables d olonne,NAME_FALLBACK,2018-03-30,2018-03-30,2021-03-30,2026-07-13,32,32560,DIGITAL_ICT,True,36.0,True,0,99.44152431011827,,,no_temporal_score_reference_pool
18-37425,NAME:universite de nantes,NAME_FALLBACK,2018-03-18,2018-07-19,2022-07-19,2026-07-13,72,72500,DIGITAL_ICT,True,48.0,True,0,99.83574244415243,,,no_temporal_score_reference_pool
18-40946,SIRET:20004248900019,RAW_SIRET,2018-03-25,2018-07-25,2021-07-25,2026-07-13,32,32424,DIGITAL_ICT,True,36.0,True,0,99.60578186596584,,,no_temporal_score_reference_pool
18-39750,NAME:mayenne tres haut debit,NAME_FALLBACK,2018-03-28,2018-03-28,2021-03-28,2026-07-13,71,71316,DIGITAL_ICT,True,36.0,True,0,99.50722733245729,,,no_temporal_score_reference_pool
18-41617,NAME:universite du maine,NAME_FALLBACK,2018-03-28,2018-09-27,2020-09-27,2026-07-13,30,30237,DIGITAL_ICT,True,24.0,True,0,99.50722733245729,,,no_temporal_score_reference_pool
18-42613,SIRET:22850001300658,RAW_SIRET,2018-03-29,2018-08-01,2022-08-01,2026-07-13,72,72413,DIGITAL_ICT,True,48.0,True,1,48.39027595269382,22-51860,0.8046947116287948,no_temporal_score_reference_pool
18-38591,NAME:commune de saint-nazaire,NAME_FALLBACK,2018-03-21,2018-03-21,2022-03-21,2026-07-13,48,48000,DIGITAL_ICT,True,48.0,True,0,99.73718791064388,,,no_temporal_score_reference_pool
18-41248,NAME:commune de saint-nazaire,NAME_FALLBACK,2018-03-30,2018-03-30,2022-03-30,2026-07-13,48,48931,DIGITAL_ICT,True,48.0,True,0,99.44152431011827,,,no_temporal_score_reference_pool
18-28651,NAME:nantes metropole,NAME_FALLBACK,2018-03-03,2018-03-03,2022-03-03,2026-07-13,72,72000,DIGITAL_ICT,True,48.0,True,1,42.27989487516425,21-122032,0.4852137779304625,no_temporal_score_reference_pool
18-37028,NAME:nantes metropole,NAME_FALLBACK,2018-03-21,2018-08-16,2021-08-16,2026-07-13,32,32418,DIGITAL_ICT,True,36.0,True,1,36.826544021024965,21-48340,0.26842034927981584,no_temporal_score_reference_pool
18-29896,NAME:cnieg,NAME_FALLBACK,2018-03-02,2018-03-02,2022-03-02,2026-07-13,72,72600,DIGITAL_ICT,True,48.0,True,0,100.36136662286465,,,no_temporal_score_reference_pool
18-32739,NAME:commune de la baule,NAME_FALLBACK,2018-03-08,2018-03-08,2021-03-08,2026-07-13,32,32323,DIGITAL_ICT,True,36.0,True,0,100.16425755584757,,,no_temporal_score_reference_pool
18-40625,NAME:angers loire metropole,NAME_FALLBACK,2018-03-23,2018-03-23,2021-03-23,2026-07-13,32,32352,DIGITAL_ICT,True,36.0,True,0,99.67148488830486,,,no_temporal_score_reference_pool
18-35370,NAME:nantes metropole,NAME_FALLBACK,2018-03-14,2018-03-14,2018-09-14,2026-07-13,,,DIGITAL_ICT,True,6.0,True,1,3.54796320630749,18-90097,0.3077195349057056,no_temporal_score_reference_pool
18-38970,NAME:gpm de nantes - st nazaire,NAME_FALLBACK,2018-03-21,2018-03-21,2018-09-21,2026-07-13,,,DIGITAL_ICT,True,6.0,True,0,99.73718791064388,,,no_temporal_score_reference_pool
18-29333,NAME:comm comm de doue la fontaine,NAME_FALLBACK,2018-03-01,2018-03-01,2018-09-01,2026-07-13,,,DIGITAL_ICT,True,6.0,True,0,100.39421813403416,,,no_temporal_score_reference_pool
18-34097,NAME:commune de reze,NAME_FALLBACK,2018-03-12,2018-03-12,2021-03-12,2026-07-13,71,71631,DIGITAL_ICT,True,36.0,True,0,100.03285151116951,,,no_temporal_score_reference_pool
18-35949,NAME:comsopgn,NAME_FALLBACK,2018-03-15,2018-03-15,2021-03-15,2026-07-13,32,32351,DIGITAL_ICT,True,36.0,True,0,99.93429697766098,,,no_temporal_score_reference_pool
18-31687,NAME:conseil regional des pays de la loire,NAME_FALLBACK,2018-03-08,2018-09-06,2022-09-06,2026-07-13,48,48900,DIGITAL_ICT,True,48.0,True,1,51.34691195795006,22-84327,0.2614190955634442,no_temporal_score_reference_pool
18-38978,NAME:gpm de nantes - st nazaire,NAME_FALLBACK,2018-03-21,2018-03-21,2018-09-21,2026-07-13,,,DIGITAL_ICT,True,6.0,True,0,99.73718791064388,,,no_temporal_score_reference_pool
18-43156,NAME:ch le mans,NAME_FALLBACK,2018-03-30,2018-11-21,2022-11-21,2026-07-13,79,79540,DIGITAL_ICT,True,48.0,True,0,99.44152431011827,,,no_temporal_score_reference_pool
18-43533,NAME:conseil departemental de la mayenne,NAME_FALLBACK,2018-03-30,2018-03-30,2018-09-30,2026-07-13,,,DIGITAL_ICT,True,6.0,True,0,99.44152431011827,,,no_temporal_score_reference_pool
18-30222,SIRET:23440003400026,RAW_SIRET,2018-03-04,2018-10-11,2022-10-11,2026-07-13,72,72212,DIGITAL_ICT,True,48.0,True,1,58.83705650459921,23-12419,0.4533333333333334,no_temporal_score_reference_pool
18-35804,NAME:ccir pays de la loire,NAME_FALLBACK,2018-03-16,2018-03-16,2020-03-16,2026-07-13,30,30214,DIGITAL_ICT,True,24.0,True,0,99.90144546649145,,,no_temporal_score_reference_pool
18-40176,NAME:gie sesam vitale,NAME_FALLBACK,2018-03-24,2018-03-24,2022-03-24,2026-07-13,48,48170,DIGITAL_ICT,True,48.0,True,0,99.63863337713535,,,no_temporal_score_reference_pool
18-34113,NAME:ville d orvault,NAME_FALLBACK,2018-03-12,2018-03-12,2018-09-12,2026-07-13,,,DIGITAL_ICT,True,6.0,True,0,100.03285151116951,,,no_temporal_score_reference_pool
18-28473,NAME:ademe,NAME_FALLBACK,2018-03-03,2018-03-03,2022-03-03,2026-07-13,72,72400,DIGITAL_ICT,True,48.0,True,0,100.32851511169514,,,no_temporal_score_reference_pool
18-30024,NAME:angers loire metropole,NAME_FALLBACK,2018-03-04,2018-11-16,2022-11-16,2026-07-13,48,48160,DIGITAL_ICT,True,48.0,True,0,100.29566360052563,,,no_temporal_score_reference_pool
18-32259,NAME:ville d angers,NAME_FALLBACK,2018-03-07,2018-03-07,2018-09-07,2026-07-13,,,DIGITAL_ICT,True,6.0,True,0,100.19710906701708,,,no_temporal_score_reference_pool
18-38804,NAME:commune de la baule,NAME_FALLBACK,2018-03-20,2018-03-20,2021-03-20,2026-07-13,32,32323,DIGITAL_ICT,True,36.0,True,0,99.77003942181341,,,no_temporal_score_reference_pool
18-40230,NAME:ville du mans,NAME_FALLBACK,2018-03-22,2018-06-18,2019-06-18,2026-07-13,45,45314,DIGITAL_ICT,True,12.0,True,0,99.70433639947437,,,no_temporal_score_reference_pool
18-46804,NAME:conseil regional des pays de la loire,NAME_FALLBACK,2018-04-05,2018-07-02,2021-01-02,2026-07-13,66,66151,DIGITAL_ICT,True,30.0,True,0,99.24441524310119,,,no_temporal_score_reference_pool
18-57746,NAME:gpm de nantes - st nazaire,NAME_FALLBACK,2018-04-25,2018-04-25,2018-10-25,2026-07-13,,,DIGITAL_ICT,True,6.0,True,0,98.58738501971091,,,no_temporal_score_reference_pool
18-46132,SIRET:21720181300011,RAW_SIRET,2018-04-06,2018-07-28,2020-07-28,2026-07-13,30,30200,DIGITAL_ICT,True,24.0,True,0,99.21156373193166,,,no_temporal_score_reference_pool
18-52482,NAME:cdc du pays de saint gilles cx de vie,NAME_FALLBACK,2018-04-21,2018-10-24,2022-10-24,2026-07-13,48,48000,DIGITAL_ICT,True,48.0,True,0,98.71879106438897,,,no_temporal_score_reference_pool
18-58840,NAME:la cite des congres de nantes,NAME_FALLBACK,2018-04-28,2018-04-28,2020-04-28,2026-07-13,30,30200,DIGITAL_ICT,True,24.0,True,0,98.48883048620236,,,no_temporal_score_reference_pool
18-58630,NAME:departement de la sarthe,NAME_FALLBACK,2018-04-26,2018-07-31,2022-07-31,2026-07-13,72,72267,DIGITAL_ICT,True,48.0,True,0,98.5545335085414,,,no_temporal_score_reference_pool
18-53389,NAME:caisse des depots,NAME_FALLBACK,2018-04-20,2018-10-28,2020-10-28,2026-07-13,30,30131,DIGITAL_ICT,True,24.0,True,0,98.75164257555848,,,no_temporal_score_reference_pool
18-53962,NAME:sdis de la sarthe,NAME_FALLBACK,2018-04-18,2018-08-07,2022-08-07,2026-07-13,72,72500,DIGITAL_ICT,True,48.0,True,0,98.8173455978975,,,no_temporal_score_reference_pool
18-58285,NAME:conseil departemental loire-atlantique,NAME_FALLBACK,2018-04-26,2018-04-26,2018-10-26,2026-07-13,,,DIGITAL_ICT,True,6.0,True,0,98.5545335085414,,,no_temporal_score_reference_pool
18-55179,NAME:carene,NAME_FALLBACK,2018-04-27,2018-04-27,2021-04-27,2026-07-13,32,32000,DIGITAL_ICT,True,36.0,True,0,98.52168199737189,,,no_temporal_score_reference_pool
18-43289,NAME:ademe,NAME_FALLBACK,2018-04-18,2018-04-18,2022-04-18,2026-07-13,72,72316,DIGITAL_ICT,True,48.0,True,0,98.8173455978975,,,no_temporal_score_reference_pool
18-52857,NAME:universite du maine,NAME_FALLBACK,2018-04-17,2018-06-29,2019-02-28,2026-07-13,42,42610,DIGITAL_ICT,True,8.0,True,0,98.85019710906701,,,no_temporal_score_reference_pool
18-55455,NAME:sdis49,NAME_FALLBACK,2018-04-20,2018-08-27,2022-08-27,2026-07-13,72,72224,DIGITAL_ICT,True,48.0,True,0,98.75164257555848,,,no_temporal_score_reference_pool
18-56007,NAME:irstea,NAME_FALLBACK,2018-04-23,2018-04-23,2018-10-23,2026-07-13,,,DIGITAL_ICT,True,6.0,True,0,98.65308804204993,,,no_temporal_score_reference_pool
18-47589,NAME:universite de nantes,NAME_FALLBACK,2018-04-08,2018-04-08,2021-04-08,2026-07-13,71,71200,DIGITAL_ICT,True,36.0,True,0,99.14586070959264,,,no_temporal_score_reference_pool
18-47719,NAME:chambre agriculture pays de la loire,NAME_FALLBACK,2018-04-08,2018-04-08,2022-04-08,2026-07-13,79,79810,DIGITAL_ICT,True,48.0,True,1,50.22996057818659,22-82130,0.521885435501651,no_temporal_score_reference_pool
18-51459,SIRET:23440003400026,RAW_SIRET,2018-04-15,2018-04-15,2021-04-15,2026-07-13,32,32500,DIGITAL_ICT,True,36.0,True,1,30.946123521682,20-138135,0.44171714667162104,no_temporal_score_reference_pool
18-57918,NAME:agce pour l enst fr a l etranger,NAME_FALLBACK,2018-04-27,2018-04-27,2022-04-27,2026-07-13,72,72210,DIGITAL_ICT,True,48.0,True,0,98.52168199737189,,,no_temporal_score_reference_pool
18-50678,NAME:conseil general de la vendee,NAME_FALLBACK,2018-04-12,2018-07-11,2021-07-11,2026-07-13,32,32322,DIGITAL_ICT,True,36.0,True,0,99.01445466491458,,,no_temporal_score_reference_pool
18-52915,NAME:conseil departemental loire-atlantique,NAME_FALLBACK,2018-04-17,2018-04-17,2018-10-17,2026-07-13,,,DIGITAL_ICT,True,6.0,True,1,0.2956636005256242,18-58285,0.20752874356475087,no_temporal_score_reference_pool
18-56546,NAME:nantes metropole,NAME_FALLBACK,2018-04-24,2018-04-24,2022-04-24,2026-07-13,48,48000,DIGITAL_ICT,True,48.0,True,1,42.04993429697766,21-143183,0.5006479843699132,no_temporal_score_reference_pool
18-57126,NAME:sdis49,NAME_FALLBACK,2018-04-24,2018-08-27,2019-02-27,2026-07-13,,,DIGITAL_ICT,True,6.0,True,1,15.14454664914586,19-117771,0.22401600943010236,no_temporal_score_reference_pool
18-46346,SIRET:19490970100303,RAW_SIRET,2018-04-06,2018-12-03,2021-12-03,2026-07-13,32,32330,DIGITAL_ICT,True,36.0,True,1,48.75164257555847,22-59884,0.19006671006509712,no_temporal_score_reference_pool
18-38071,NAME:ademe,NAME_FALLBACK,2018-04-13,2019-01-23,2023-01-23,2026-07-13,79,79900,DIGITAL_ICT,True,48.0,True,0,98.98160315374507,,,no_temporal_score_reference_pool
18-53373,NAME:universite de nantes,NAME_FALLBACK,2018-04-19,2018-07-29,2021-07-29,2026-07-13,50,50324,DIGITAL_ICT,True,36.0,True,1,34.72404730617608,21-32441,0.19882983189317488,no_temporal_score_reference_pool
18-53378,NAME:nantes metropole,NAME_FALLBACK,2018-04-20,2018-04-20,2022-04-20,2026-07-13,72,72227,DIGITAL_ICT,True,48.0,True,1,47.76609724047306,22-52027,0.8222289961393487,no_temporal_score_reference_pool
18-54467,NAME:universite de nantes,NAME_FALLBACK,2018-04-21,2018-09-07,2022-09-07,2026-07-13,72,72224,DIGITAL_ICT,True,48.0,True,0,98.71879106438897,,,no_temporal_score_reference_pool
18-53804,NAME:nantes metropole,NAME_FALLBACK,2018-04-22,2019-02-21,2023-02-21,2026-07-13,48,48213,DIGITAL_ICT,True,48.0,True,0,98.68593955321944,,,no_temporal_score_reference_pool
18-53780,NAME:ville de nantes,NAME_FALLBACK,2018-04-18,2018-04-18,2018-10-18,2026-07-13,,,DIGITAL_ICT,True,6.0,True,0,98.8173455978975,,,no_temporal_score_reference_pool
18-46720,NAME:nantes metropole,NAME_FALLBACK,2018-04-07,2018-04-07,2022-04-07,2026-07-13,79,79530,DIGITAL_ICT,True,48.0,True,1,48.29172141918528,22-54446,0.8230614548878907,no_temporal_score_reference_pool
18-52389,NAME:uniha gcs,NAME_FALLBACK,2018-04-18,2018-04-18,2022-04-18,2026-07-13,72,72220,DIGITAL_ICT,True,48.0,True,0,98.8173455978975,,,no_temporal_score_reference_pool
18-54451,NAME:commune de nantes,NAME_FALLBACK,2018-04-29,2019-02-17,2022-02-17,2026-07-13,71,71230,DIGITAL_ICT,True,36.0,True,0,98.45597897503285,,,no_temporal_score_reference_pool
18-61256,NAME:nantes metropole,NAME_FALLBACK,2018-05-05,2018-07-18,2022-07-18,2026-07-13,72,72242,DIGITAL_ICT,True,48.0,True,1,50.62417871222076,22-94454,0.7251428221943932,no_temporal_score_reference_pool
18-61655,NAME:nantes metropole,NAME_FALLBACK,2018-05-05,2018-07-18,2022-07-18,2026-07-13,72,72250,DIGITAL_ICT,True,48.0,True,1,50.62417871222076,22-94454,0.6408137842654458,no_temporal_score_reference_pool
18-62528,NAME:la cite des congres de nantes,NAME_FALLBACK,2018-05-06,2018-05-06,2021-05-06,2026-07-13,32,32321,DIGITAL_ICT,True,36.0,True,0,98.22601839684626,,,no_temporal_score_reference_pool
18-71355,SIRET:21720181300011,RAW_SIRET,2018-05-27,2018-11-01,2022-11-01,2026-07-13,72,72212,DIGITAL_ICT,True,48.0,True,1,52.6281208935611,22-137172,0.3053030221483827,no_temporal_score_reference_pool
18-62604,NAME:ville de nantes,NAME_FALLBACK,2018-05-17,2018-08-01,2022-08-01,2026-07-13,72,72212,DIGITAL_ICT,True,48.0,True,0,97.8646517739816,,,no_temporal_score_reference_pool
18-61507,NAME:ecole centrale de nantes,NAME_FALLBACK,2018-05-03,2018-05-03,2022-05-03,2026-07-13,48,48000,DIGITAL_ICT,True,48.0,True,1,42.21419185282523,21-148535,0.24847713758598142,no_temporal_score_reference_pool
18-73256,NAME:cias vendee autise,NAME_FALLBACK,2018-05-30,2018-05-30,2019-05-30,2026-07-13,45,45311,DIGITAL_ICT,True,12.0,True,0,97.43758212877792,,,no_temporal_score_reference_pool
18-60154,NAME:angers loire metropole,NAME_FALLBACK,2018-05-04,2018-12-13,2021-12-13,2026-07-13,32,32321,DIGITAL_ICT,True,36.0,True,1,45.13797634691196,22-15069,0.2813028815372788,no_temporal_score_reference_pool
18-67939,NAME:le voyage a nantes,NAME_FALLBACK,2018-05-20,2018-05-20,2022-05-20,2026-07-13,35,35120,DIGITAL_ICT,True,48.0,True,0,97.76609724047306,,,no_temporal_score_reference_pool
18-63262,NAME:ville de laval,NAME_FALLBACK,2018-05-07,2018-05-07,2018-11-07,2026-07-13,,,DIGITAL_ICT,True,6.0,True,0,98.19316688567675,,,no_temporal_score_reference_pool
18-73028,NAME:conseil departemental loire-atlantique,NAME_FALLBACK,2018-05-29,2018-05-29,2018-11-29,2026-07-13,,,DIGITAL_ICT,True,6.0,True,0,97.47043363994744,,,no_temporal_score_reference_pool
18-71689,SIRET:23440003400026,RAW_SIRET,2018-05-29,2018-11-24,2022-11-24,2026-07-13,48,48000,DIGITAL_ICT,True,48.0,True,1,53.41655716162944,22-150264,0.5437736387708525,no_temporal_score_reference_pool
18-72093,NAME:ccir pays de la loire,NAME_FALLBACK,2018-05-30,2018-10-28,2020-10-28,2026-07-13,30,30214,DIGITAL_ICT,True,24.0,True,1,30.65045992115637,20-153801,0.21901496151862582,no_temporal_score_reference_pool
18-66502,NAME:agce pour l enst fr a l etranger,NAME_FALLBACK,2018-05-16,2018-05-16,2022-05-16,2026-07-13,72,72000,DIGITAL_ICT,True,48.0,True,0,97.89750328515112,,,no_temporal_score_reference_pool
18-71594,NAME:residences du val d oudon,NAME_FALLBACK,2018-05-28,2018-05-28,2018-11-28,2026-07-13,,,DIGITAL_ICT,True,6.0,True,0,97.50328515111696,,,no_temporal_score_reference_pool
18-66863,NAME:nantes metropole,NAME_FALLBACK,2018-05-20,2018-08-25,2022-08-25,2026-07-13,72,72224,DIGITAL_ICT,True,48.0,True,1,52.6281208935611,22-133794,0.9466666666666668,no_temporal_score_reference_pool
18-80158,NAME:conseil departemental loire-atlantique,NAME_FALLBACK,2018-06-13,2018-06-13,2022-06-13,2026-07-13,72,72600,DIGITAL_ICT,True,48.0,True,0,96.97766097240473,,,no_temporal_score_reference_pool
18-76556,NAME:chu de nantes,NAME_FALLBACK,2018-06-06,2018-06-06,2022-06-06,2026-07-13,72,72261,DIGITAL_ICT,True,48.0,True,0,97.20762155059133,,,no_temporal_score_reference_pool
18-79401,SIRET:23440003400026,RAW_SIRET,2018-06-10,2018-10-28,2022-10-28,2026-07-13,72,72250,DIGITAL_ICT,True,48.0,True,1,55.61760840998686,23-12419,0.2933333333333334,no_temporal_score_reference_pool
18-73364,NAME:carene,NAME_FALLBACK,2018-06-01,2018-06-01,2022-06-01,2026-07-13,72,72610,DIGITAL_ICT,True,48.0,True,0,97.3718791064389,,,no_temporal_score_reference_pool
18-77300,NAME:universite de nantes,NAME_FALLBACK,2018-06-06,2018-10-04,2022-10-04,2026-07-13,48,48110,DIGITAL_ICT,True,48.0,True,1,57.95006570302234,23-44436,0.2735589881694227,no_temporal_score_reference_pool
18-82638,NAME:ville de la roche sur yon,NAME_FALLBACK,2018-06-15,2018-12-10,2022-12-10,2026-07-13,35,35120,DIGITAL_ICT,True,48.0,True,0,96.9119579500657,,,no_temporal_score_reference_pool
18-91062,NAME:ville d arnage,NAME_FALLBACK,2018-06-29,2018-06-29,2022-06-29,2026-07-13,48,48822,DIGITAL_ICT,True,48.0,True,0,96.45203679369251,,,no_temporal_score_reference_pool
18-89409,NAME:crous de nantes,NAME_FALLBACK,2018-06-29,2018-12-06,2022-12-06,2026-07-13,48,48000,DIGITAL_ICT,True,48.0,True,0,96.45203679369251,,,no_temporal_score_reference_pool
18-87166,NAME:conseil regional des pays de la loire,NAME_FALLBACK,2018-06-24,2018-10-20,2022-10-20,2026-07-13,48,48000,DIGITAL_ICT,True,48.0,True,0,96.61629434954008,,,no_temporal_score_reference_pool
18-80117,NAME:mairie de saint-gilles-croix-de-vie,NAME_FALLBACK,2018-06-14,2018-06-14,2021-06-14,2026-07-13,32,32321,DIGITAL_ICT,True,36.0,True,0,96.94480946123522,,,no_temporal_score_reference_pool
18-73911,NAME:ville de bouchemaine,NAME_FALLBACK,2018-06-07,2018-06-07,2018-12-07,2026-07-13,,,DIGITAL_ICT,True,6.0,True,0,97.17477003942182,,,no_temporal_score_reference_pool
18-86637,NAME:mauges communaute,NAME_FALLBACK,2018-06-22,2018-06-22,2018-12-22,2026-07-13,,,DIGITAL_ICT,True,6.0,True,0,96.6819973718791,,,no_temporal_score_reference_pool
18-90097,NAME:nantes metropole,NAME_FALLBACK,2018-06-30,2019-06-15,2023-06-15,2026-07-13,48,48000,DIGITAL_ICT,True,48.0,True,1,62.81208935611038,23-125766,0.5915507208171884,no_temporal_score_reference_pool
18-90441,NAME:nantes metropole,NAME_FALLBACK,2018-06-29,2018-06-29,2018-12-29,2026-07-13,,,DIGITAL_ICT,True,6.0,True,1,2.0696452036793693,18-122376,0.5866666666666667,no_temporal_score_reference_pool
18-74690,NAME:carsat pays de loire,NAME_FALLBACK,2018-06-03,2018-10-26,2020-10-26,2026-07-13,30,30121,DIGITAL_ICT,True,24.0,True,0,97.30617608409987,,,no_temporal_score_reference_pool
18-85137,NAME:commune de mauges sur loire,NAME_FALLBACK,2018-06-20,2018-06-20,2020-06-20,2026-07-13,30,30200,DIGITAL_ICT,True,24.0,True,0,96.74770039421813,,,no_temporal_score_reference_pool
18-74252,SIRET:19490970100303,RAW_SIRET,2018-06-02,2018-12-03,2022-12-03,2026-07-13,48,48821,DIGITAL_ICT,True,48.0,True,1,51.51116951379763,22-124106,0.6000000000000001,no_temporal_score_reference_pool
18-86091,NAME:commune de soullans,NAME_FALLBACK,2018-06-21,2018-06-21,2021-06-21,2026-07-13,32,32323,DIGITAL_ICT,True,36.0,True,0,96.71484888304862,,,no_temporal_score_reference_pool
18-86992,NAME:ville d arnage,NAME_FALLBACK,2018-06-22,2018-06-22,2022-06-22,2026-07-13,72,72500,DIGITAL_ICT,True,48.0,True,0,96.6819973718791,,,no_temporal_score_reference_pool
18-87219,NAME:dir interdepartementale routes ouest,NAME_FALLBACK,2018-06-24,2019-02-13,2023-02-13,2026-07-13,72,72267,DIGITAL_ICT,True,48.0,True,0,96.61629434954008,,,no_temporal_score_reference_pool
18-87467,SIRET:12006401900074,RAW_SIRET,2018-06-27,2018-09-22,2021-09-22,2026-07-13,32,32421,DIGITAL_ICT,True,36.0,True,0,96.51773981603154,,,no_temporal_score_reference_pool
18-79743,NAME:lycee polyvalent leonard de vinci,NAME_FALLBACK,2018-06-11,2018-06-11,2021-06-11,2026-07-13,32,32321,DIGITAL_ICT,True,36.0,True,0,97.04336399474376,,,no_temporal_score_reference_pool
18-91090,NAME:angers loire metropole,NAME_FALLBACK,2018-06-29,2018-06-29,2022-06-29,2026-07-13,48,48219,DIGITAL_ICT,True,48.0,True,0,96.45203679369251,,,no_temporal_score_reference_pool
18-74544,NAME:conseil departemental loire-atlantique,NAME_FALLBACK,2018-06-02,2018-06-02,2021-06-02,2026-07-13,50,50312,DIGITAL_ICT,True,36.0,True,1,36.26806833114323,21-77546,0.22951018376308543,no_temporal_score_reference_pool
18-79940,NAME:esat foyers,NAME_FALLBACK,2018-06-13,2018-06-13,2022-06-13,2026-07-13,48,48600,DIGITAL_ICT,True,48.0,True,0,96.97766097240473,,,no_temporal_score_reference_pool
18-98583,NAME:ville des sables d olonne,NAME_FALLBACK,2018-07-13,2018-07-13,2022-07-13,2026-07-13,72,72700,DIGITAL_ICT,True,48.0,True,0,95.99211563731932,,,no_temporal_score_reference_pool
18-105692,NAME:semitan,NAME_FALLBACK,2018-07-24,2018-07-24,2019-01-24,2026-07-13,,,DIGITAL_ICT,True,6.0,True,0,95.63074901445466,,,no_temporal_score_reference_pool
18-104893,NAME:residences du val d oudon,NAME_FALLBACK,2018-07-23,2018-07-23,2019-01-23,2026-07-13,,,DIGITAL_ICT,True,6.0,True,0,95.66360052562418,,,no_temporal_score_reference_pool
18-90616,NAME:cerema - dtermed,NAME_FALLBACK,2018-07-01,2018-07-01,2022-07-01,2026-07-13,72,72212,DIGITAL_ICT,True,48.0,True,0,96.38633377135348,,,no_temporal_score_reference_pool
18-90932,NAME:agence regionale pays de la loire ti,NAME_FALLBACK,2018-07-01,2018-07-01,2022-07-01,2026-07-13,72,72500,DIGITAL_ICT,True,48.0,True,0,96.38633377135348,,,no_temporal_score_reference_pool
18-92191,SIRET:23440003400026,RAW_SIRET,2018-07-05,2018-11-15,2021-11-15,2026-07-13,71,71241,DIGITAL_ICT,True,36.0,True,1,43.23258869908016,22-20320,0.19604412703664603,no_temporal_score_reference_pool
18-60137,NAME:commune de nantes,NAME_FALLBACK,2018-07-15,2019-06-15,2023-06-15,2026-07-13,72,72242,DIGITAL_ICT,True,48.0,True,0,95.9264126149803,,,no_temporal_score_reference_pool
18-103911,NAME:nantes metropole,NAME_FALLBACK,2018-07-26,2018-07-26,2021-07-26,2026-07-13,32,32323,DIGITAL_ICT,True,36.0,True,1,40.70302233902759,21-163822,0.5614531383777108,no_temporal_score_reference_pool
18-106276,NAME:ca saumur val de loire,NAME_FALLBACK,2018-07-27,2019-01-25,2021-01-25,2026-07-13,30,30200,DIGITAL_ICT,True,24.0,True,0,95.53219448094612,,,no_temporal_score_reference_pool
18-102396,NAME:ifsttar,NAME_FALLBACK,2018-07-20,2018-07-20,2019-01-20,2026-07-13,,,DIGITAL_ICT,True,6.0,True,0,95.76215505913272,,,no_temporal_score_reference_pool
18-99139,SIRET:20007186800018,RAW_SIRET,2018-07-15,2018-11-21,2020-11-21,2026-07-13,30,30200,DIGITAL_ICT,True,24.0,True,0,95.9264126149803,,,no_temporal_score_reference_pool
18-94803,NAME:chu de nantes,NAME_FALLBACK,2018-07-06,2018-07-06,2021-07-06,2026-07-13,32,32232,DIGITAL_ICT,True,36.0,True,0,96.22207621550591,,,no_temporal_score_reference_pool
18-96257,NAME:sm megalis,NAME_FALLBACK,2018-07-10,2018-07-10,2021-07-10,2026-07-13,71,71241,DIGITAL_ICT,True,36.0,True,0,96.09067017082786,,,no_temporal_score_reference_pool
18-93193,NAME:cte de cnes du pays d ancenis,NAME_FALLBACK,2018-07-04,2018-07-04,2019-01-04,2026-07-13,,,DIGITAL_ICT,True,6.0,True,0,96.28777923784494,,,no_temporal_score_reference_pool
18-100479,NAME:loire atlantique developpement - gie,NAME_FALLBACK,2018-07-19,2018-07-19,2022-07-19,2026-07-13,72,72500,DIGITAL_ICT,True,48.0,True,0,95.79500657030223,,,no_temporal_score_reference_pool
18-101350,NAME:universite de nantes,NAME_FALLBACK,2018-07-20,2019-02-02,2021-02-02,2026-07-13,30,30200,DIGITAL_ICT,True,24.0,True,0,95.76215505913272,,,no_temporal_score_reference_pool
18-101085,SIRET:27490003400019,RAW_SIRET,2018-07-20,2019-02-16,2023-02-16,2026-07-13,72,72700,DIGITAL_ICT,True,48.0,True,1,58.37713534822601,23-72834,0.5923607540800775,no_temporal_score_reference_pool
18-105237,NAME:conseil regional des pays de la loire,NAME_FALLBACK,2018-07-26,2018-07-26,2022-07-26,2026-07-13,35,35113,DIGITAL_ICT,True,48.0,True,0,95.56504599211564,,,no_temporal_score_reference_pool
18-101437,NAME:universite de la rochelle,NAME_FALLBACK,2018-07-18,2018-07-18,2022-07-18,2026-07-13,48,48461,DIGITAL_ICT,True,48.0,True,0,95.82785808147175,,,no_temporal_score_reference_pool
18-108773,NAME:sm megalis,NAME_FALLBACK,2018-07-30,2018-07-30,2019-01-30,2026-07-13,,,DIGITAL_ICT,True,6.0,True,1,3.54796320630749,18-158087,0.20867511029913932,no_temporal_score_reference_pool
18-101994,NAME:conseil regional des pays de la loire,NAME_FALLBACK,2018-07-19,2018-10-18,2019-04-18,2026-07-13,,,DIGITAL_ICT,True,6.0,True,1,13.140604467805518,19-129278,0.23562018347460326,no_temporal_score_reference_pool
18-97311,NAME:commune de saint-nazaire,NAME_FALLBACK,2018-07-12,2018-07-12,2019-01-12,2026-07-13,,,DIGITAL_ICT,True,6.0,True,0,96.02496714848883,,,no_temporal_score_reference_pool
18-94551,NAME:ville de saint-hilaire-de-riez,NAME_FALLBACK,2018-07-06,2018-07-06,2019-01-06,2026-07-13,,,DIGITAL_ICT,True,6.0,True,0,96.22207621550591,,,no_temporal_score_reference_pool
18-88858,NAME:commune de saint-nazaire,NAME_FALLBACK,2018-07-01,2018-11-17,2022-11-17,2026-07-13,48,48900,DIGITAL_ICT,True,48.0,True,0,96.38633377135348,,,no_temporal_score_reference_pool
18-103319,NAME:prefet de la region pays de la loire,NAME_FALLBACK,2018-07-20,2018-07-20,2022-07-20,2026-07-13,72,72000,DIGITAL_ICT,True,48.0,True,0,95.76215505913272,,,no_temporal_score_reference_pool
18-92681,NAME:ville de bouguenais,NAME_FALLBACK,2018-07-03,2018-10-09,2019-10-09,2026-07-13,45,45262,DIGITAL_ICT,True,12.0,True,1,19.71090670170828,20-27109,0.1876311420499861,no_temporal_score_reference_pool
18-98603,SIRET:18304001001485,RAW_SIRET,2018-07-15,2018-11-17,2022-11-17,2026-07-13,72,72250,DIGITAL_ICT,True,48.0,True,0,95.9264126149803,,,no_temporal_score_reference_pool
18-103711,NAME:cmar pays de la loire,NAME_FALLBACK,2018-07-22,2018-11-21,2020-11-21,2026-07-13,30,30200,DIGITAL_ICT,True,24.0,True,0,95.69645203679369,,,no_temporal_score_reference_pool
18-91441,NAME:ville de cholet,NAME_FALLBACK,2018-07-04,2019-01-13,2023-01-13,2026-07-13,48,48326,DIGITAL_ICT,True,48.0,True,1,55.68331143232589,23-24020,0.25263872012294203,no_temporal_score_reference_pool
18-94561,NAME:universite d angers,NAME_FALLBACK,2018-07-08,2018-12-22,2020-12-22,2026-07-13,30,30120,DIGITAL_ICT,True,24.0,True,0,96.15637319316689,,,no_temporal_score_reference_pool
18-96470,NAME:conseil departemental loire-atlantique,NAME_FALLBACK,2018-07-12,2018-12-09,2022-12-09,2026-07-13,48,48730,DIGITAL_ICT,True,48.0,True,0,96.02496714848883,,,no_temporal_score_reference_pool
18-101099,NAME:angers loire metropole,NAME_FALLBACK,2018-07-22,2019-01-23,2023-01-23,2026-07-13,72,72224,DIGITAL_ICT,True,48.0,True,1,56.47174770039422,23-43939,0.24350899465360756,no_temporal_score_reference_pool
18-109139,NAME:gie des epl de vendee,NAME_FALLBACK,2018-08-01,2018-08-01,2022-08-01,2026-07-13,72,72500,DIGITAL_ICT,True,48.0,True,1,50.42706964520368,22-137807,0.9466666666666668,no_temporal_score_reference_pool
18-110102,SIRET:21850047800209,RAW_SIRET,2018-08-03,2018-10-25,2022-10-25,2026-07-13,48,48160,DIGITAL_ICT,True,48.0,True,0,95.30223390275953,,,no_temporal_score_reference_pool
18-114870,NAME:conseil departemental loire-atlantique,NAME_FALLBACK,2018-08-12,2019-01-16,2021-01-16,2026-07-13,30,30237,DIGITAL_ICT,True,24.0,True,1,25.52562417871222,20-117677,0.4455866926603213,no_temporal_score_reference_pool
18-117157,NAME:ch le mans,NAME_FALLBACK,2018-08-20,2018-08-20,2022-08-20,2026-07-13,72,72222,DIGITAL_ICT,True,48.0,True,1,51.83968462549277,22-165707,0.24832170255939148,no_temporal_score_reference_pool
18-117710,NAME:mairie de brissac-quince,NAME_FALLBACK,2018-08-21,2018-08-21,2019-02-21,2026-07-13,,,DIGITAL_ICT,True,6.0,True,0,94.71090670170828,,,no_temporal_score_reference_pool
18-120644,NAME:la cite des congres de nantes,NAME_FALLBACK,2018-08-30,2018-08-30,2020-08-30,2026-07-13,30,30200,DIGITAL_ICT,True,24.0,True,0,94.41524310118265,,,no_temporal_score_reference_pool
18-114060,NAME:metropole nantes metropole,NAME_FALLBACK,2018-08-09,2018-08-09,2019-02-09,2026-07-13,,,DIGITAL_ICT,True,6.0,True,0,95.10512483574244,,,no_temporal_score_reference_pool
18-121819,NAME:chu de nantes,NAME_FALLBACK,2018-08-30,2018-08-30,2022-08-30,2026-07-13,72,72267,DIGITAL_ICT,True,48.0,True,0,94.41524310118265,,,no_temporal_score_reference_pool
18-122376,NAME:nantes metropole,NAME_FALLBACK,2018-08-31,2018-08-31,2019-02-28,2026-07-13,,,DIGITAL_ICT,True,6.0,True,1,3.1865965834428382,18-168544,0.2253049509624051,no_temporal_score_reference_pool
18-110962,NAME:regie dept passages d eau de vendee,NAME_FALLBACK,2018-08-02,2018-08-02,2022-08-02,2026-07-13,72,72500,DIGITAL_ICT,True,48.0,True,0,95.33508541392904,,,no_temporal_score_reference_pool
18-111593,NAME:ehpad residences les chenes du bellay,NAME_FALLBACK,2018-08-03,2018-08-03,2022-08-03,2026-07-13,35,35120,DIGITAL_ICT,True,48.0,True,0,95.30223390275953,,,no_temporal_score_reference_pool
18-110801,NAME:cte reg peches maritimes elevages mari,NAME_FALLBACK,2018-08-21,2018-11-29,2022-11-29,2026-07-13,48,48610,DIGITAL_ICT,True,48.0,True,0,94.71090670170828,,,no_temporal_score_reference_pool
18-120601,NAME:chu de nantes,NAME_FALLBACK,2018-08-28,2018-08-28,2022-08-28,2026-07-13,72,72267,DIGITAL_ICT,True,48.0,True,0,94.48094612352168,,,no_temporal_score_reference_pool
18-121895,NAME:conseil general de la vendee,NAME_FALLBACK,2018-08-30,2019-01-16,2023-01-16,2026-07-13,48,48445,DIGITAL_ICT,True,48.0,True,0,94.41524310118265,,,no_temporal_score_reference_pool
18-114528,NAME:ville des sables d olonne,NAME_FALLBACK,2018-08-10,2018-08-10,2021-08-10,2026-07-13,32,32550,DIGITAL_ICT,True,36.0,True,0,95.07227332457293,,,no_temporal_score_reference_pool
18-115270,NAME:gpm de nantes - st nazaire,NAME_FALLBACK,2018-08-13,2018-08-13,2019-02-13,2026-07-13,,,DIGITAL_ICT,True,6.0,True,1,9.756898817345595,19-87510,0.24031482718594607,no_temporal_score_reference_pool
18-125586,NAME:agce pour l enst fr a l etranger,NAME_FALLBACK,2018-09-07,2018-09-07,2022-09-07,2026-07-13,72,72000,DIGITAL_ICT,True,48.0,True,0,94.15243101182655,,,no_temporal_score_reference_pool
18-136146,NAME:commune de mauges sur loire,NAME_FALLBACK,2018-09-28,2018-09-28,2019-03-28,2026-07-13,,,DIGITAL_ICT,True,6.0,True,0,93.46254927726676,,,no_temporal_score_reference_pool
18-127511,NAME:ch le mans,NAME_FALLBACK,2018-09-14,2019-03-02,2023-03-02,2026-07-13,35,35111,DIGITAL_ICT,True,48.0,True,0,93.92247043363994,,,no_temporal_score_reference_pool
18-128655,SIRET:23440003400026,RAW_SIRET,2018-09-16,2019-02-13,2023-02-13,2026-07-13,72,72420,DIGITAL_ICT,True,48.0,True,1,58.18002628120893,23-104062,0.3403631357669532,no_temporal_score_reference_pool
18-128950,NAME:universite d angers,NAME_FALLBACK,2018-09-16,2019-01-24,2022-01-24,2026-07-13,32,32321,DIGITAL_ICT,True,36.0,True,0,93.85676741130092,,,no_temporal_score_reference_pool
18-126061,NAME:ccas de saintes,NAME_FALLBACK,2018-09-10,2018-09-10,2019-03-10,2026-07-13,,,DIGITAL_ICT,True,6.0,True,0,94.053876478318,,,no_temporal_score_reference_pool
18-133090,SIRET:22850001300658,RAW_SIRET,2018-09-26,2019-03-30,2023-03-30,2026-07-13,72,72267,DIGITAL_ICT,True,48.0,True,1,50.7227332457293,22-166698,0.8222830353767638,no_temporal_score_reference_pool
18-134123,NAME:departement de la sarthe,NAME_FALLBACK,2018-09-26,2018-09-26,2019-03-26,2026-07-13,,,DIGITAL_ICT,True,6.0,True,1,0.4927726675427069,18-142763,0.5866666666666669,no_temporal_score_reference_pool
18-126368,NAME:departement de la sarthe,NAME_FALLBACK,2018-09-11,2018-11-14,2022-11-14,2026-07-13,72,72500,DIGITAL_ICT,True,48.0,True,0,94.02102496714849,,,no_temporal_score_reference_pool
18-127908,NAME:departement de la sarthe,NAME_FALLBACK,2018-09-13,2018-09-13,2022-09-13,2026-07-13,72,72220,DIGITAL_ICT,True,48.0,True,0,93.95532194480946,,,no_temporal_score_reference_pool
18-130463,NAME:ville de nantes,NAME_FALLBACK,2018-09-22,2018-09-22,2019-03-22,2026-07-13,44,44621,DIGITAL_ICT,True,6.0,True,0,93.65965834428384,,,no_temporal_score_reference_pool
18-125716,NAME:mancelle d habitation,NAME_FALLBACK,2018-09-30,2019-04-12,2023-04-12,2026-07-13,72,72000,DIGITAL_ICT,True,48.0,True,0,93.39684625492772,,,no_temporal_score_reference_pool
18-127992,NAME:vendee expansion,NAME_FALLBACK,2018-09-13,2018-09-13,2022-09-13,2026-07-13,48,48422,DIGITAL_ICT,True,48.0,True,0,93.95532194480946,,,no_temporal_score_reference_pool
18-134465,NAME:sdis 44,NAME_FALLBACK,2018-09-28,2019-01-11,2023-01-11,2026-07-13,35,35113,DIGITAL_ICT,True,48.0,True,0,93.46254927726676,,,no_temporal_score_reference_pool
18-133059,NAME:communaute d agglomeration de saintes,NAME_FALLBACK,2018-09-24,2018-09-24,2019-03-24,2026-07-13,,,DIGITAL_ICT,True,6.0,True,0,93.5939553219448,,,no_temporal_score_reference_pool
18-135183,NAME:saint barthelemy d anjou,NAME_FALLBACK,2018-09-27,2018-09-27,2019-03-27,2026-07-13,,,DIGITAL_ICT,True,6.0,True,0,93.49540078843627,,,no_temporal_score_reference_pool
18-131470,NAME:epcc chemins du patrimoine,NAME_FALLBACK,2018-09-21,2018-09-21,2019-03-21,2026-07-13,,,DIGITAL_ICT,True,6.0,True,0,93.69250985545335,,,no_temporal_score_reference_pool
18-128642,NAME:sdis 85,NAME_FALLBACK,2018-09-14,2018-09-14,2020-09-14,2026-07-13,30,30195,DIGITAL_ICT,True,24.0,True,1,20.66360052562418,20-72017,0.24213312093837608,no_temporal_score_reference_pool
18-132522,NAME:gpm de nantes - st nazaire,NAME_FALLBACK,2018-09-24,2018-09-24,2021-09-24,2026-07-13,50,50312,DIGITAL_ICT,True,36.0,True,0,93.5939553219448,,,no_temporal_score_reference_pool
18-124336,NAME:conseil regional des pays de la loire,NAME_FALLBACK,2018-09-07,2019-02-13,2021-02-13,2026-07-13,30,30237,DIGITAL_ICT,True,24.0,True,0,94.15243101182655,,,no_temporal_score_reference_pool
18-129941,NAME:bretagne developpement innovation,NAME_FALLBACK,2018-09-20,2018-09-20,2022-09-20,2026-07-13,72,72200,DIGITAL_ICT,True,48.0,True,0,93.72536136662286,,,no_temporal_score_reference_pool
18-123694,NAME:departement de la sarthe,NAME_FALLBACK,2018-09-04,2018-09-04,2022-09-04,2026-07-13,72,72267,DIGITAL_ICT,True,48.0,True,0,94.25098554533508,,,no_temporal_score_reference_pool
18-127661,NAME:ccir pays de la loire,NAME_FALLBACK,2018-09-13,2018-09-13,2022-09-13,2026-07-13,72,72500,DIGITAL_ICT,True,48.0,True,0,93.95532194480946,,,no_temporal_score_reference_pool
18-126992,NAME:esat foyers,NAME_FALLBACK,2018-09-13,2018-09-13,2022-09-13,2026-07-13,48,48600,DIGITAL_ICT,True,48.0,True,0,93.95532194480946,,,no_temporal_score_reference_pool
18-129881,NAME:laval agglomeration,NAME_FALLBACK,2018-09-20,2019-01-19,2023-01-19,2026-07-13,48,48822,DIGITAL_ICT,True,48.0,True,0,93.72536136662286,,,no_temporal_score_reference_pool
18-122920,NAME:commune de saint nazaire,NAME_FALLBACK,2018-09-03,2018-12-14,2022-12-14,2026-07-13,72,72600,DIGITAL_ICT,True,48.0,True,0,94.2838370565046,,,no_temporal_score_reference_pool
18-124536,NAME:ville de le pouliguen,NAME_FALLBACK,2018-09-06,2018-09-06,2022-09-06,2026-07-13,35,35113,DIGITAL_ICT,True,48.0,True,0,94.18528252299606,,,no_temporal_score_reference_pool
18-125410,NAME:association songo,NAME_FALLBACK,2018-09-07,2018-09-07,2021-09-07,2026-07-13,32,32321,DIGITAL_ICT,True,36.0,True,0,94.15243101182655,,,no_temporal_score_reference_pool
18-133917,NAME:cte de cnes du pays d ancenis,NAME_FALLBACK,2018-09-26,2018-09-26,2019-03-26,2026-07-13,,,DIGITAL_ICT,True,6.0,True,0,93.52825229960578,,,no_temporal_score_reference_pool
18-128159,NAME:nantes metropole,NAME_FALLBACK,2018-09-15,2018-09-15,2022-09-15,2026-07-13,72,72318,DIGITAL_ICT,True,48.0,True,1,42.08278580814717,22-39891,0.32,no_temporal_score_reference_pool
18-142763,NAME:departement de la sarthe,NAME_FALLBACK,2018-10-11,2018-10-11,2022-10-11,2026-07-13,79,79311,DIGITAL_ICT,True,48.0,True,0,93.03547963206307,,,no_temporal_score_reference_pool
18-143723,NAME:institution amenagement de la vilaine,NAME_FALLBACK,2018-10-16,2018-10-16,2019-04-16,2026-07-13,,,DIGITAL_ICT,True,6.0,True,0,92.8712220762155,,,no_temporal_score_reference_pool
18-137985,NAME:gip maison dep personnes handicapees,NAME_FALLBACK,2018-10-03,2018-10-03,2019-04-03,2026-07-13,,,DIGITAL_ICT,True,6.0,True,0,93.29829172141919,,,no_temporal_score_reference_pool
18-141270,NAME:commune de nantes,NAME_FALLBACK,2018-10-15,2018-10-15,2019-04-15,2026-07-13,,,DIGITAL_ICT,True,6.0,True,0,92.90407358738501,,,no_temporal_score_reference_pool
18-146989,NAME:metropole nantes metropole,NAME_FALLBACK,2018-10-22,2018-10-22,2022-10-22,2026-07-13,48,48000,DIGITAL_ICT,True,48.0,True,0,92.67411300919842,,,no_temporal_score_reference_pool
18-144441,NAME:cap atlantique,NAME_FALLBACK,2018-10-17,2018-10-17,2020-10-17,2026-07-13,30,30200,DIGITAL_ICT,True,24.0,True,0,92.83837056504599,,,no_temporal_score_reference_pool
18-150422,SIRET:23440003400026,RAW_SIRET,2018-10-27,2018-10-27,2022-10-27,2026-07-13,72,72212,DIGITAL_ICT,True,48.0,True,1,51.05124835742444,23-12419,0.4533333333333334,no_temporal_score_reference_pool
18-141219,NAME:institut regional administration lyon,NAME_FALLBACK,2018-10-09,2018-10-09,2022-10-09,2026-07-13,48,48000,DIGITAL_ICT,True,48.0,True,0,93.10118265440211,,,no_temporal_score_reference_pool
18-139266,NAME:semitan mandataire de la cun,NAME_FALLBACK,2018-10-07,2019-03-20,2023-03-20,2026-07-13,72,72224,DIGITAL_ICT,True,48.0,True,0,93.16688567674113,,,no_temporal_score_reference_pool
18-142560,NAME:ville de nantes,NAME_FALLBACK,2018-10-13,2019-03-24,2020-04-24,2026-07-13,92,92511,DIGITAL_ICT,True,13.0,True,0,92.96977660972405,,,no_temporal_score_reference_pool
18-147219,SIRET:45151864100035,RAW_SIRET,2018-10-21,2019-02-07,2020-03-07,2026-07-13,92,92622,DIGITAL_ICT,True,13.0,True,0,92.70696452036793,,,no_temporal_score_reference_pool
18-146489,SIRET:19490970100303,RAW_SIRET,2018-10-20,2018-10-20,2021-10-20,2026-07-13,32,32415,DIGITAL_ICT,True,36.0,True,0,92.73981603153744,,,no_temporal_score_reference_pool
18-149889,NAME:universite de la rochelle,NAME_FALLBACK,2018-10-26,2018-10-26,2022-10-26,2026-07-13,48,48461,DIGITAL_ICT,True,48.0,True,0,92.54270696452036,,,no_temporal_score_reference_pool
18-152399,SIRET:22720002900014,RAW_SIRET,2018-10-31,2019-02-27,2023-02-27,2026-07-13,35,35100,DIGITAL_ICT,True,48.0,True,0,92.3784494086728,,,no_temporal_score_reference_pool
18-137958,NAME:le grand t - theatre loire-atlantique,NAME_FALLBACK,2018-10-03,2018-10-03,2022-10-03,2026-07-13,72,72130,DIGITAL_ICT,True,48.0,True,0,93.29829172141919,,,no_temporal_score_reference_pool
18-136695,NAME:departement de la mayenne,NAME_FALLBACK,2018-10-01,2018-10-01,2019-04-01,2026-07-13,,,DIGITAL_ICT,True,6.0,True,1,5.387647831800263,19-39813,0.4796358319011585,no_temporal_score_reference_pool
18-139530,NAME:cnfpt - delegation pays de la loire,NAME_FALLBACK,2018-10-05,2018-10-05,2019-10-05,2026-07-13,80,80400,DIGITAL_ICT,True,12.0,True,0,93.23258869908015,,,no_temporal_score_reference_pool
18-153394,NAME:commune de vertou,NAME_FALLBACK,2018-10-31,2018-10-31,2021-10-31,2026-07-13,32,32321,DIGITAL_ICT,True,36.0,True,0,92.3784494086728,,,no_temporal_score_reference_pool
18-143391,NAME:cmar pays de la loire,NAME_FALLBACK,2018-10-14,2019-03-23,2020-03-23,2026-07-13,80,80530,DIGITAL_ICT,True,12.0,True,0,92.93692509855454,,,no_temporal_score_reference_pool
18-144285,NAME:agce pour l enst fr a l etranger,NAME_FALLBACK,2018-10-17,2019-02-16,2023-02-16,2026-07-13,72,72500,DIGITAL_ICT,True,48.0,True,0,92.83837056504599,,,no_temporal_score_reference_pool
18-149893,NAME:conseil departemental loire-atlantique,NAME_FALLBACK,2018-10-26,2018-10-26,2022-10-26,2026-07-13,72,72611,DIGITAL_ICT,True,48.0,True,0,92.54270696452036,,,no_temporal_score_reference_pool
18-151434,NAME:nantes metropole,NAME_FALLBACK,2018-10-29,2018-10-29,2019-04-29,2026-07-13,,,DIGITAL_ICT,True,6.0,True,0,92.44415243101183,,,no_temporal_score_reference_pool
18-148384,NAME:ccir pays de la loire,NAME_FALLBACK,2018-10-24,2019-01-11,2023-01-11,2026-07-13,72,72610,DIGITAL_ICT,True,48.0,True,0,92.6084099868594,,,no_temporal_score_reference_pool
18-150889,SIRET:22850001300658,RAW_SIRET,2018-10-27,2019-03-22,2023-03-22,2026-07-13,48,48822,DIGITAL_ICT,True,48.0,True,1,55.91327201051248,23-87983,0.2099057602435923,no_temporal_score_reference_pool
18-151695,NAME:agce pour l enst fr a l etranger,NAME_FALLBACK,2018-10-28,2018-10-28,2022-10-28,2026-07-13,72,72210,DIGITAL_ICT,True,48.0,True,0,92.47700394218134,,,no_temporal_score_reference_pool
18-137945,NAME:ville d ecouflant,NAME_FALLBACK,2018-10-03,2018-10-03,2021-10-03,2026-07-13,32,32323,DIGITAL_ICT,True,36.0,True,0,93.29829172141919,,,no_temporal_score_reference_pool
18-145704,NAME:vendee habitat - oph de vendee,NAME_FALLBACK,2018-10-17,2018-10-17,2022-10-17,2026-07-13,48,48783,DIGITAL_ICT,True,48.0,True,0,92.83837056504599,,,no_temporal_score_reference_pool
18-148772,NAME:ville des sables d olonne,NAME_FALLBACK,2018-10-23,2018-10-23,2022-10-23,2026-07-13,35,35111,DIGITAL_ICT,True,48.0,True,0,92.64126149802891,,,no_temporal_score_reference_pool
18-165102,NAME:com d agglo reg nazairienne estuaire,NAME_FALLBACK,2018-11-26,2018-11-26,2019-05-26,2026-07-13,,,DIGITAL_ICT,True,6.0,True,1,1.7411300919842312,19-9782,0.21231263065322484,no_temporal_score_reference_pool
18-160502,NAME:arafer,NAME_FALLBACK,2018-11-16,2019-04-23,2023-04-23,2026-07-13,48,48612,DIGITAL_ICT,True,48.0,True,0,91.85282522996057,,,no_temporal_score_reference_pool
18-160935,SIRET:13001232100050,RAW_SIRET,2018-11-18,2019-11-14,2022-11-14,2026-07-13,71,71311,DIGITAL_ICT,True,36.0,True,0,91.78712220762155,,,no_temporal_score_reference_pool
18-157478,NAME:commune de reze,NAME_FALLBACK,2018-11-09,2018-11-09,2019-11-09,2026-07-13,45,45310,DIGITAL_ICT,True,12.0,True,1,15.637319316688568,20-31194,0.21139748032547825,no_temporal_score_reference_pool
18-160377,NAME:sdis de la sarthe,NAME_FALLBACK,2018-11-16,2019-04-02,2023-04-02,2026-07-13,48,48810,DIGITAL_ICT,True,48.0,True,0,91.85282522996057,,,no_temporal_score_reference_pool
18-153265,NAME:semitan,NAME_FALLBACK,2018-11-02,2019-05-23,2023-05-23,2026-07-13,48,48900,DIGITAL_ICT,True,48.0,True,0,92.31274638633377,,,no_temporal_score_reference_pool
18-154990,NAME:conseil departemental de la mayenne,NAME_FALLBACK,2018-11-10,2018-11-10,2022-11-10,2026-07-13,48,48613,DIGITAL_ICT,True,48.0,True,0,92.04993429697767,,,no_temporal_score_reference_pool
18-164080,NAME:commune du croisic,NAME_FALLBACK,2018-11-23,2018-11-23,2021-11-23,2026-07-13,32,32400,DIGITAL_ICT,True,36.0,True,0,91.62286465177398,,,no_temporal_score_reference_pool
18-165012,NAME:ch le mans,NAME_FALLBACK,2018-11-26,2018-11-26,2021-11-26,2026-07-13,32,32400,DIGITAL_ICT,True,36.0,True,0,91.52431011826545,,,no_temporal_score_reference_pool
18-164871,NAME:nantes metropole,NAME_FALLBACK,2018-11-26,2018-11-26,2019-05-26,2026-07-13,,,DIGITAL_ICT,True,6.0,True,0,91.52431011826545,,,no_temporal_score_reference_pool
18-158087,NAME:sm megalis,NAME_FALLBACK,2018-11-15,2018-11-15,2021-11-15,2026-07-13,32,32412,DIGITAL_ICT,True,36.0,True,0,91.8856767411301,,,no_temporal_score_reference_pool
18-117389,NAME:angers loire metropole,NAME_FALLBACK,2018-11-26,2018-11-26,2019-11-26,2026-07-13,45,45112,DIGITAL_ICT,True,12.0,True,0,91.52431011826545,,,no_temporal_score_reference_pool
18-154770,NAME:departement de la sarthe,NAME_FALLBACK,2018-11-05,2018-11-05,2021-11-05,2026-07-13,32,32330,DIGITAL_ICT,True,36.0,True,0,92.21419185282522,,,no_temporal_score_reference_pool
18-157794,NAME:communaute communes pays de redon,NAME_FALLBACK,2018-11-12,2018-11-12,2022-11-12,2026-07-13,48,48000,DIGITAL_ICT,True,48.0,True,0,91.98423127463863,,,no_temporal_score_reference_pool
18-159101,NAME:chu de nantes,NAME_FALLBACK,2018-11-14,2018-11-14,2022-11-14,2026-07-13,48,48180,DIGITAL_ICT,True,48.0,True,1,45.56504599211564,22-118151,0.25991361242510735,no_temporal_score_reference_pool
18-163624,NAME:commune de saint nazaire,NAME_FALLBACK,2018-11-22,2018-11-22,2022-11-22,2026-07-13,72,72590,DIGITAL_ICT,True,48.0,True,0,91.65571616294349,,,no_temporal_score_reference_pool
18-167367,NAME:si energies de maine et loire,NAME_FALLBACK,2018-11-30,2018-11-30,2022-11-30,2026-07-13,48,48810,DIGITAL_ICT,True,48.0,True,0,91.39290407358739,,,no_temporal_score_reference_pool
18-174630,NAME:gie des epl de vendee,NAME_FALLBACK,2018-12-14,2018-12-14,2022-12-14,2026-07-13,72,72500,DIGITAL_ICT,True,48.0,True,1,48.16031537450723,22-166987,0.5011326610341901,no_temporal_score_reference_pool
18-167431,NAME:cnieg,NAME_FALLBACK,2018-12-03,2019-03-22,2023-03-22,2026-07-13,72,72611,DIGITAL_ICT,True,48.0,True,1,51.93823915900131,23-43763,0.3358903665607005,no_temporal_score_reference_pool
18-181130,NAME:nantes metropole,NAME_FALLBACK,2018-12-30,2019-07-31,2023-07-31,2026-07-13,79,79512,DIGITAL_ICT,True,48.0,True,1,53.21944809461235,23-76010,0.9187054414031035,no_temporal_score_reference_pool
18-174547,NAME:mission val de loire syndicat mixte i,NAME_FALLBACK,2018-12-14,2018-12-14,2019-06-14,2026-07-13,,,DIGITAL_ICT,True,6.0,True,0,90.93298291721419,,,no_temporal_score_reference_pool
18-178145,NAME:saint barthelemy d anjou,NAME_FALLBACK,2018-12-20,2018-12-20,2019-06-20,2026-07-13,,,DIGITAL_ICT,True,6.0,True,0,90.73587385019711,,,no_temporal_score_reference_pool
18-180250,NAME:commune de mauges sur loire,NAME_FALLBACK,2018-12-24,2018-12-24,2019-06-24,2026-07-13,,,DIGITAL_ICT,True,6.0,True,1,11.23521681997372,19-179524,0.28137590210651214,no_temporal_score_reference_pool
18-173960,NAME:cnieg,NAME_FALLBACK,2018-12-15,2018-12-15,2022-12-15,2026-07-13,72,72610,DIGITAL_ICT,True,48.0,True,1,51.54402102496714,23-43763,0.5485675559137579,no_temporal_score_reference_pool
18-170789,NAME:ctre hosp universitaire angers,NAME_FALLBACK,2018-12-09,2019-06-20,2022-06-20,2026-07-13,32,32323,DIGITAL_ICT,True,36.0,True,0,91.09724047306176,,,no_temporal_score_reference_pool
18-177619,NAME:ville du mans,NAME_FALLBACK,2018-12-19,2019-03-20,2023-03-20,2026-07-13,72,72267,DIGITAL_ICT,True,48.0,True,0,90.76872536136662,,,no_temporal_score_reference_pool
18-179957,NAME:cnam,NAME_FALLBACK,2018-12-24,2018-12-24,2020-12-24,2026-07-13,30,30237,DIGITAL_ICT,True,24.0,True,0,90.60446780551905,,,no_temporal_score_reference_pool
18-179972,NAME:groupement d interet public arronax,NAME_FALLBACK,2018-12-22,2018-12-22,2019-06-22,2026-07-13,,,DIGITAL_ICT,True,6.0,True,0,90.67017082785809,,,no_temporal_score_reference_pool
18-173792,NAME:si energies de maine et loire,NAME_FALLBACK,2018-12-13,2018-12-13,2022-12-13,2026-07-13,48,48810,DIGITAL_ICT,True,48.0,True,0,90.9658344283837,,,no_temporal_score_reference_pool
18-182041,NAME:commune de saint-herblain,NAME_FALLBACK,2018-12-31,2018-12-31,2021-12-31,2026-07-13,32,32420,DIGITAL_ICT,True,36.0,True,0,90.37450722733246,,,no_temporal_score_reference_pool
18-175843,NAME:gie des epl de vendee,NAME_FALLBACK,2018-12-19,2019-03-28,2023-03-28,2026-07-13,72,72500,DIGITAL_ICT,True,48.0,True,1,47.99605781865966,22-166987,0.7527850398647657,no_temporal_score_reference_pool
18-179065,NAME:agce pour l enst fr a l etranger,NAME_FALLBACK,2018-12-23,2019-04-17,2023-04-17,2026-07-13,72,72500,DIGITAL_ICT,True,48.0,True,0,90.63731931668856,,,no_temporal_score_reference_pool
18-177907,NAME:mairie de coueron,NAME_FALLBACK,2018-12-20,2018-12-20,2019-06-20,2026-07-13,,,DIGITAL_ICT,True,6.0,True,1,6.438896189224704,19-101998,0.21070688333082632,no_temporal_score_reference_pool
18-178358,NAME:universite d angers,NAME_FALLBACK,2018-12-20,2019-03-22,2019-09-22,2026-07-13,,,DIGITAL_ICT,True,6.0,True,0,90.73587385019711,,,no_temporal_score_reference_pool
18-171623,NAME:ch le mans,NAME_FALLBACK,2018-12-10,2018-12-10,2021-12-10,2026-07-13,32,32400,DIGITAL_ICT,True,36.0,True,0,91.06438896189225,,,no_temporal_score_reference_pool
18-174875,NAME:nantes metropole,NAME_FALLBACK,2018-12-18,2018-12-18,2022-12-18,2026-07-13,72,72810,DIGITAL_ICT,True,48.0,True,1,47.50328515111695,22-157410,0.22582184786852477,no_temporal_score_reference_pool
18-177187,NAME:gie des epl de vendee,NAME_FALLBACK,2018-12-21,2019-06-28,2023-06-28,2026-07-13,72,72500,DIGITAL_ICT,True,48.0,True,0,90.7030223390276,,,no_temporal_score_reference_pool
18-168544,NAME:nantes metropole,NAME_FALLBACK,2018-12-06,2019-05-19,2023-05-19,2026-07-13,35,35120,DIGITAL_ICT,True,48.0,True,1,51.31406044678055,23-34705,0.22300941479727376,no_temporal_score_reference_pool
18-174360,NAME:ec travx pub normandie inst jean frere,NAME_FALLBACK,2018-12-14,2018-12-14,2019-06-14,2026-07-13,,,DIGITAL_ICT,True,6.0,True,0,90.93298291721419,,,no_temporal_score_reference_pool
18-166821,NAME:cnieg,NAME_FALLBACK,2018-12-01,2019-03-22,2023-03-22,2026-07-13,72,72212,DIGITAL_ICT,True,48.0,True,1,50.4927726675427,23-20884,0.20742367112245702,no_temporal_score_reference_pool
18-180161,NAME:ctre hosp universitaire angers,NAME_FALLBACK,2018-12-26,2019-05-09,2022-05-09,2026-07-13,32,32360,DIGITAL_ICT,True,36.0,True,0,90.53876478318003,,,no_temporal_score_reference_pool
19-13483,SIRET:13053500800010,RAW_SIRET,2019-01-27,2020-04-29,2024-04-29,2026-07-13,48,48000,DIGITAL_ICT,True,48.0,True,0,89.48751642575559,,,no_temporal_score_reference_pool
19-3707,NAME:ch le mans,NAME_FALLBACK,2019-01-09,2019-01-09,2023-01-09,2026-07-13,48,48170,DIGITAL_ICT,True,48.0,True,0,90.07884362680683,,,no_temporal_score_reference_pool
19-13728,NAME:conseil departemental loire-atlantique,NAME_FALLBACK,2019-01-25,2019-01-25,2019-07-25,2026-07-13,,,DIGITAL_ICT,True,6.0,True,1,0.6241787122207622,19-21908,0.22314579641484425,no_temporal_score_reference_pool
19-8820,NAME:agce pour l enst fr a l etranger,NAME_FALLBACK,2019-01-19,2019-07-27,2023-07-27,2026-07-13,72,72220,DIGITAL_ICT,True,48.0,True,0,89.75032851511169,,,no_temporal_score_reference_pool
19-4677,NAME:departement de la vendee,NAME_FALLBACK,2019-01-10,2019-05-20,2023-05-20,2026-07-13,72,72415,DIGITAL_ICT,True,48.0,True,0,90.04599211563732,,,no_temporal_score_reference_pool
19-5191,NAME:ch le mans,NAME_FALLBACK,2019-01-11,2019-01-11,2023-01-11,2026-07-13,72,72311,DIGITAL_ICT,True,48.0,True,0,90.01314060446781,,,no_temporal_score_reference_pool
19-10579,NAME:ville d angers,NAME_FALLBACK,2019-01-21,2019-01-21,2023-01-21,2026-07-13,35,35261,DIGITAL_ICT,True,48.0,True,0,89.68462549277267,,,no_temporal_score_reference_pool
19-12872,NAME:communaute d agglomeration du niortais,NAME_FALLBACK,2019-01-24,2019-01-24,2023-01-24,2026-07-13,48,48900,DIGITAL_ICT,True,48.0,True,0,89.58607095926412,,,no_temporal_score_reference_pool
19-15392,NAME:departement de la sarthe,NAME_FALLBACK,2019-01-29,2019-01-29,2023-01-29,2026-07-13,72,72220,DIGITAL_ICT,True,48.0,True,0,89.42181340341655,,,no_temporal_score_reference_pool
19-16795,NAME:angers loire metropole,NAME_FALLBACK,2019-01-31,2019-01-31,2019-07-31,2026-07-13,,,DIGITAL_ICT,True,6.0,True,0,89.35611038107753,,,no_temporal_score_reference_pool
19-5147,NAME:ville de bouguenais,NAME_FALLBACK,2019-01-11,2019-03-15,2020-03-15,2026-07-13,45,45262,DIGITAL_ICT,True,12.0,True,0,90.01314060446781,,,no_temporal_score_reference_pool
19-11075,NAME:angers loire metropole,NAME_FALLBACK,2019-01-22,2019-01-22,2020-01-22,2026-07-13,45,45112,DIGITAL_ICT,True,12.0,True,0,89.65177398160316,,,no_temporal_score_reference_pool
19-10428,SIRET:22850001300658,RAW_SIRET,2019-01-23,2019-06-09,2023-06-09,2026-07-13,35,35261,DIGITAL_ICT,True,48.0,True,0,89.61892247043365,,,no_temporal_score_reference_pool
19-8964,NAME:departement de la sarthe,NAME_FALLBACK,2019-01-17,2019-01-17,2023-01-17,2026-07-13,72,72600,DIGITAL_ICT,True,48.0,True,0,89.81603153745073,,,no_temporal_score_reference_pool
19-2163,NAME:communaute communes parthenay-gatine,NAME_FALLBACK,2019-01-07,2019-01-07,2019-07-07,2026-07-13,,,DIGITAL_ICT,True,6.0,True,0,90.14454664914587,,,no_temporal_score_reference_pool
19-4449,NAME:conseil departemental loire-atlantique,NAME_FALLBACK,2019-01-12,2019-01-12,2023-01-12,2026-07-13,79,79340,DIGITAL_ICT,True,48.0,True,0,89.9802890932983,,,no_temporal_score_reference_pool
19-7863,NAME:ch le mans,NAME_FALLBACK,2019-01-16,2019-01-16,2023-01-16,2026-07-13,48,48611,DIGITAL_ICT,True,48.0,True,0,89.84888304862024,,,no_temporal_score_reference_pool
19-8916,NAME:angers loire metropole,NAME_FALLBACK,2019-01-17,2019-01-17,2023-01-17,2026-07-13,48,48900,DIGITAL_ICT,True,48.0,True,0,89.81603153745073,,,no_temporal_score_reference_pool
19-9782,NAME:com d agglo reg nazairienne estuaire,NAME_FALLBACK,2019-01-18,2019-01-18,2023-01-18,2026-07-13,72,72500,DIGITAL_ICT,True,48.0,True,0,89.78318002628122,,,no_temporal_score_reference_pool
19-10189,NAME:ctre hosp universitaire angers,NAME_FALLBACK,2019-01-21,2019-01-21,2020-01-21,2026-07-13,45,45314,DIGITAL_ICT,True,12.0,True,0,89.68462549277267,,,no_temporal_score_reference_pool
19-14536,NAME:centre de gestion de la fonction publi,NAME_FALLBACK,2019-01-28,2019-01-28,2022-01-28,2026-07-13,32,32415,DIGITAL_ICT,True,36.0,True,0,89.45466491458608,,,no_temporal_score_reference_pool
19-2530,NAME:ctre national d enst a distance,NAME_FALLBACK,2019-01-10,2019-01-10,2023-01-10,2026-07-13,72,72250,DIGITAL_ICT,True,48.0,True,0,90.04599211563732,,,no_temporal_score_reference_pool
19-7404,NAME:dir interdepartementale routes ouest,NAME_FALLBACK,2019-01-18,2020-06-17,2024-06-17,2026-07-13,72,72319,DIGITAL_ICT,True,48.0,True,0,89.78318002628122,,,no_temporal_score_reference_pool
19-12828,SIRET:22850001300658,RAW_SIRET,2019-01-26,2019-08-21,2021-08-21,2026-07-13,30,30216,DIGITAL_ICT,True,24.0,True,0,89.5203679369251,,,no_temporal_score_reference_pool
19-2743,NAME:departement de la sarthe,NAME_FALLBACK,2019-01-08,2019-04-30,2020-04-30,2026-07-13,45,45454,DIGITAL_ICT,True,12.0,True,0,90.11169513797634,,,no_temporal_score_reference_pool
19-11185,NAME:departement de maine-et-loire,NAME_FALLBACK,2019-01-23,2019-01-23,2019-07-23,2026-07-13,33,33111,DIGITAL_ICT,True,6.0,True,1,6.636005256241787,19-124888,0.9295191039135933,no_temporal_score_reference_pool
19-1779,SIRET:23440003400026,RAW_SIRET,2019-01-09,2020-04-26,2024-04-26,2026-07-13,72,72212,DIGITAL_ICT,True,48.0,True,1,58.24572930354796,23-160148,0.29834930286687744,no_temporal_score_reference_pool
19-6267,NAME:ville de nantes,NAME_FALLBACK,2019-01-23,2019-08-24,2022-08-24,2026-07-13,90,90731,DIGITAL_ICT,True,36.0,True,0,89.61892247043365,,,no_temporal_score_reference_pool
19-15670,NAME:ctre hosp universitaire angers,NAME_FALLBACK,2019-02-01,2019-08-16,2023-08-16,2026-07-13,72,72000,DIGITAL_ICT,True,48.0,True,0,89.32325886990802,,,no_temporal_score_reference_pool
19-18263,SIRET:22720002900014,RAW_SIRET,2019-02-06,2019-09-28,2023-09-28,2026-07-13,72,72500,DIGITAL_ICT,True,48.0,True,1,50.59132720105124,23-56040,0.6800000000000002,no_temporal_score_reference_pool
19-21370,NAME:esat foyers,NAME_FALLBACK,2019-02-08,2019-02-08,2023-02-08,2026-07-13,48,48800,DIGITAL_ICT,True,48.0,True,0,89.09329829172142,,,no_temporal_score_reference_pool
19-16942,NAME:nantes metropole,NAME_FALLBACK,2019-02-03,2019-05-05,2023-05-05,2026-07-13,72,72318,DIGITAL_ICT,True,48.0,True,1,56.50459921156373,23-144303,0.24187003218904396,no_temporal_score_reference_pool
19-19933,NAME:departement de la sarthe,NAME_FALLBACK,2019-02-06,2019-05-03,2020-05-03,2026-07-13,45,45431,DIGITAL_ICT,True,12.0,True,0,89.15900131406045,,,no_temporal_score_reference_pool
19-22491,NAME:dirisi,NAME_FALLBACK,2019-02-11,2019-02-11,2020-02-11,2026-07-13,45,45314,DIGITAL_ICT,True,12.0,True,0,88.99474375821288,,,no_temporal_score_reference_pool
19-27651,NAME:comm comm de doue la fontaine,NAME_FALLBACK,2019-02-20,2019-02-20,2023-02-20,2026-07-13,48,48000,DIGITAL_ICT,True,48.0,True,0,88.69908015768725,,,no_temporal_score_reference_pool
19-22390,NAME:agrocampus ouest,NAME_FALLBACK,2019-02-13,2019-06-07,2023-06-07,2026-07-13,48,48911,DIGITAL_ICT,True,48.0,True,0,88.92904073587385,,,no_temporal_score_reference_pool
19-22643,NAME:commune de loire authion,NAME_FALLBACK,2019-02-12,2019-02-12,2019-08-12,2026-07-13,,,DIGITAL_ICT,True,6.0,True,0,88.96189224704337,,,no_temporal_score_reference_pool
19-23754,NAME:b r g m,NAME_FALLBACK,2019-02-13,2019-02-13,2022-02-13,2026-07-13,32,32323,DIGITAL_ICT,True,36.0,True,0,88.92904073587385,,,no_temporal_score_reference_pool
19-24951,NAME:ch le mans,NAME_FALLBACK,2019-02-15,2019-02-15,2023-02-15,2026-07-13,48,48330,DIGITAL_ICT,True,48.0,True,0,88.86333771353482,,,no_temporal_score_reference_pool
19-17531,NAME:association songo,NAME_FALLBACK,2019-02-03,2019-06-19,2022-06-19,2026-07-13,32,32321,DIGITAL_ICT,True,36.0,True,0,89.257555847569,,,no_temporal_score_reference_pool
19-20943,NAME:mindef sga dcsid esid bordeaux,NAME_FALLBACK,2019-02-08,2019-04-01,2020-04-01,2026-07-13,45,45000,DIGITAL_ICT,True,12.0,True,0,89.09329829172142,,,no_temporal_score_reference_pool
19-21081,NAME:ville de beaucouze,NAME_FALLBACK,2019-02-10,2019-03-30,2022-03-30,2026-07-13,32,32412,DIGITAL_ICT,True,36.0,True,0,89.02759526938239,,,no_temporal_score_reference_pool
19-17376,NAME:spl ocean marais de monts tourisme,NAME_FALLBACK,2019-02-04,2019-02-04,2019-08-04,2026-07-13,,,DIGITAL_ICT,True,6.0,True,0,89.22470433639947,,,no_temporal_score_reference_pool
19-19984,NAME:vendee grand littoral,NAME_FALLBACK,2019-02-07,2019-02-07,2019-08-07,2026-07-13,,,DIGITAL_ICT,True,6.0,True,0,89.12614980289094,,,no_temporal_score_reference_pool
19-21591,NAME:conseil departemental loire-atlantique,NAME_FALLBACK,2019-02-10,2019-02-10,2022-02-10,2026-07-13,71,71356,DIGITAL_ICT,True,36.0,True,0,89.02759526938239,,,no_temporal_score_reference_pool
19-21908,NAME:conseil departemental loire-atlantique,NAME_FALLBACK,2019-02-13,2019-10-19,2023-10-19,2026-07-13,35,35120,DIGITAL_ICT,True,48.0,True,0,88.92904073587385,,,no_temporal_score_reference_pool
19-25237,NAME:commune de nantes,NAME_FALLBACK,2019-02-17,2019-02-17,2019-08-17,2026-07-13,44,44621,DIGITAL_ICT,True,6.0,True,1,9.789750328515112,19-184042,0.8853043872454491,no_temporal_score_reference_pool
19-29459,NAME:laval agglomeration,NAME_FALLBACK,2019-02-22,2019-02-22,2019-08-22,2026-07-13,,,DIGITAL_ICT,True,6.0,True,0,88.63337713534823,,,no_temporal_score_reference_pool
19-28845,NAME:departement de la mayenne,NAME_FALLBACK,2019-02-21,2019-02-21,2023-02-21,2026-07-13,72,72212,DIGITAL_ICT,True,48.0,True,0,88.66622864651774,,,no_temporal_score_reference_pool
19-30217,NAME:mairie de coueron,NAME_FALLBACK,2019-02-25,2019-02-25,2019-08-25,2026-07-13,,,DIGITAL_ICT,True,6.0,True,1,4.23784494086728,19-101998,0.49182243770509676,no_temporal_score_reference_pool
19-18202,NAME:ville de villemomble,NAME_FALLBACK,2019-02-04,2019-02-04,2023-02-04,2026-07-13,35,35111,DIGITAL_ICT,True,48.0,True,0,89.22470433639947,,,no_temporal_score_reference_pool
19-17058,SIRET:23440003400026,RAW_SIRET,2019-02-03,2020-01-23,2024-01-23,2026-07-13,72,72220,DIGITAL_ICT,True,48.0,True,1,58.37713534822601,23-174149,0.29464691946221144,no_temporal_score_reference_pool
19-32405,NAME:conseil regional des pays de la loire,NAME_FALLBACK,2019-03-02,2020-02-02,2024-02-02,2026-07-13,35,35113,DIGITAL_ICT,True,48.0,True,0,88.37056504599211,,,no_temporal_score_reference_pool
19-36958,NAME:nantes metropole,NAME_FALLBACK,2019-03-14,2019-08-25,2023-08-25,2026-07-13,72,72250,DIGITAL_ICT,True,48.0,True,1,48.0946123521682,23-34705,0.30854714216284757,no_temporal_score_reference_pool
19-43671,NAME:universite de nantes,NAME_FALLBACK,2019-03-20,2019-05-16,2023-05-16,2026-07-13,72,72000,DIGITAL_ICT,True,48.0,True,1,48.29172141918528,23-40733,0.25101065131036304,no_temporal_score_reference_pool
19-46291,NAME:gpm de nantes - st nazaire,NAME_FALLBACK,2019-03-25,2019-03-25,2019-09-25,2026-07-13,,,DIGITAL_ICT,True,6.0,True,0,87.6149802890933,,,no_temporal_score_reference_pool
19-43213,NAME:ctre hosp universitaire angers,NAME_FALLBACK,2019-03-20,2019-03-20,2023-03-20,2026-07-13,72,72500,DIGITAL_ICT,True,48.0,True,0,87.77923784494087,,,no_temporal_score_reference_pool
19-48376,SIRET:77560485300041,RAW_SIRET,2019-03-29,2019-08-18,2022-08-18,2026-07-13,32,32500,DIGITAL_ICT,True,36.0,True,1,45.53219448094613,23-6460,0.21718678333165226,no_temporal_score_reference_pool
19-41587,NAME:sdis 44,NAME_FALLBACK,2019-03-18,2019-03-18,2019-09-18,2026-07-13,,,DIGITAL_ICT,True,6.0,True,1,0.5584756898817346,19-54274,0.5866666666666669,no_temporal_score_reference_pool
19-44791,NAME:conseil regional des pays de la loire,NAME_FALLBACK,2019-03-21,2020-03-02,2020-09-02,2026-07-13,,,DIGITAL_ICT,True,6.0,True,0,87.74638633377135,,,no_temporal_score_reference_pool
19-48029,NAME:cc anjou bleu communaute,NAME_FALLBACK,2019-03-27,2020-08-11,2021-02-11,2026-07-13,,,DIGITAL_ICT,True,6.0,True,0,87.54927726675427,,,no_temporal_score_reference_pool
19-33752,NAME:chbr reg metiers artisanat nouv aquit,NAME_FALLBACK,2019-03-01,2019-03-01,2023-03-01,2026-07-13,72,72413,DIGITAL_ICT,True,48.0,True,0,88.40341655716163,,,no_temporal_score_reference_pool
19-35566,NAME:angers loire metropole,NAME_FALLBACK,2019-03-07,2019-03-07,2023-03-07,2026-07-13,72,72267,DIGITAL_ICT,True,48.0,True,1,48.02890932982917,23-23753,0.2672421856251269,no_temporal_score_reference_pool
19-43954,NAME:nantes metropole,NAME_FALLBACK,2019-03-21,2019-03-21,2019-09-21,2026-07-13,,,DIGITAL_ICT,True,6.0,True,1,6.931668856767411,19-158679,0.2464175904609658,no_temporal_score_reference_pool
19-51014,NAME:ministere des affaires etrangeres,NAME_FALLBACK,2019-03-29,2019-03-29,2022-03-29,2026-07-13,32,32420,DIGITAL_ICT,True,36.0,True,1,41.36005256241787,22-120139,0.19314760564663058,no_temporal_score_reference_pool
19-47186,NAME:angers loire metropole,NAME_FALLBACK,2019-03-26,2019-03-26,2019-09-26,2026-07-13,,,DIGITAL_ICT,True,6.0,True,0,87.58212877792378,,,no_temporal_score_reference_pool
19-34512,NAME:ministere des affaires etrangeres,NAME_FALLBACK,2019-03-06,2019-03-06,2022-03-06,2026-07-13,32,32400,DIGITAL_ICT,True,36.0,True,0,88.23915900131406,,,no_temporal_score_reference_pool
19-51024,NAME:ville d ancenis-saint-gereon,NAME_FALLBACK,2019-03-31,2019-08-03,2023-08-03,2026-07-13,35,35125,DIGITAL_ICT,True,48.0,True,0,87.41787122207622,,,no_temporal_score_reference_pool
19-34598,NAME:gpm de nantes - st nazaire,NAME_FALLBACK,2019-03-05,2019-03-05,2023-03-05,2026-07-13,72,72420,DIGITAL_ICT,True,48.0,True,0,88.27201051248358,,,no_temporal_score_reference_pool
19-46630,NAME:ch le mans,NAME_FALLBACK,2019-03-25,2019-03-25,2023-03-25,2026-07-13,35,35111,DIGITAL_ICT,True,48.0,True,0,87.6149802890933,,,no_temporal_score_reference_pool
19-50622,NAME:iphv les hauts thebaudieres,NAME_FALLBACK,2019-03-29,2019-03-29,2023-03-29,2026-07-13,72,72262,DIGITAL_ICT,True,48.0,True,0,87.48357424441524,,,no_temporal_score_reference_pool
19-39750,SIRET:77560485300041,RAW_SIRET,2019-03-16,2019-12-13,2022-12-13,2026-07-13,32,32352,DIGITAL_ICT,True,36.0,True,1,45.959264126149804,23-6460,0.23080805469096216,no_temporal_score_reference_pool
19-39813,NAME:departement de la mayenne,NAME_FALLBACK,2019-03-14,2019-03-14,2019-09-14,2026-07-13,,,DIGITAL_ICT,True,6.0,True,0,87.97634691195795,,,no_temporal_score_reference_pool
19-41352,NAME:agence regionale pays de la loire ti,NAME_FALLBACK,2019-03-15,2019-03-15,2019-09-15,2026-07-13,,,DIGITAL_ICT,True,6.0,True,0,87.94349540078844,,,no_temporal_score_reference_pool
19-50828,NAME:ville de saumur,NAME_FALLBACK,2019-03-29,2019-03-29,2019-09-29,2026-07-13,,,DIGITAL_ICT,True,6.0,True,0,87.48357424441524,,,no_temporal_score_reference_pool
19-37169,NAME:ctre hosp universitaire angers,NAME_FALLBACK,2019-03-10,2019-06-20,2022-06-20,2026-07-13,32,32360,DIGITAL_ICT,True,36.0,True,0,88.107752956636,,,no_temporal_score_reference_pool
19-46133,NAME:cc du pays des achards,NAME_FALLBACK,2019-03-27,2019-06-15,2021-06-15,2026-07-13,30,30200,DIGITAL_ICT,True,24.0,True,0,87.54927726675427,,,no_temporal_score_reference_pool
19-51224,NAME:gie sesam vitale,NAME_FALLBACK,2019-03-31,2020-04-02,2024-04-02,2026-07-13,48,48613,DIGITAL_ICT,True,48.0,True,0,87.41787122207622,,,no_temporal_score_reference_pool
19-33087,NAME:departement de la vendee,NAME_FALLBACK,2019-03-01,2019-04-18,2023-04-18,2026-07-13,72,72222,DIGITAL_ICT,True,48.0,True,0,88.40341655716163,,,no_temporal_score_reference_pool
19-35540,SIRET:22490001900015,RAW_SIRET,2019-03-08,2019-08-02,2023-08-02,2026-07-13,72,72310,DIGITAL_ICT,True,48.0,True,1,52.6281208935611,23-106776,0.27293669280571453,no_temporal_score_reference_pool
19-49300,NAME:ville de cholet,NAME_FALLBACK,2019-03-30,2019-08-24,2022-08-24,2026-07-13,32,32323,DIGITAL_ICT,True,36.0,True,0,87.45072273324573,,,no_temporal_score_reference_pool
19-50035,NAME:universite de rennes 1,NAME_FALLBACK,2019-03-30,2019-03-30,2022-03-30,2026-07-13,32,32420,DIGITAL_ICT,True,36.0,True,1,37.48357424441525,22-68207,0.19334641546431722,no_temporal_score_reference_pool
19-51941,SIRET:21440143200015,RAW_SIRET,2019-04-01,2019-07-05,2020-03-05,2026-07-13,42,42962,DIGITAL_ICT,True,8.0,True,0,87.3850197109067,,,no_temporal_score_reference_pool
19-52455,NAME:ars pays de la loire,NAME_FALLBACK,2019-04-03,2019-05-25,2023-05-25,2026-07-13,48,48800,DIGITAL_ICT,True,48.0,True,0,87.31931668856767,,,no_temporal_score_reference_pool
19-48030,SIRET:22490001900015,RAW_SIRET,2019-04-04,2019-08-25,2023-08-25,2026-07-13,72,72268,DIGITAL_ICT,True,48.0,True,1,48.0946123521682,23-43054,0.9411647782222721,no_temporal_score_reference_pool
19-54309,NAME:conseil departemental loire-atlantique,NAME_FALLBACK,2019-04-25,2020-07-18,2023-07-18,2026-07-13,32,32412,DIGITAL_ICT,True,36.0,True,0,86.59658344283837,,,no_temporal_score_reference_pool
19-54406,NAME:ville de nantes,NAME_FALLBACK,2019-04-09,2019-04-09,2019-10-09,2026-07-13,,,DIGITAL_ICT,True,6.0,True,0,87.12220762155059,,,no_temporal_score_reference_pool
19-67233,SIRET:22530001100015,RAW_SIRET,2019-04-28,2019-06-26,2023-06-26,2026-07-13,79,79811,DIGITAL_ICT,True,48.0,True,0,86.49802890932983,,,no_temporal_score_reference_pool
19-66871,NAME:communaute de communes de grand lieu,NAME_FALLBACK,2019-04-26,2019-04-26,2023-04-26,2026-07-13,72,72222,DIGITAL_ICT,True,48.0,True,0,86.56373193166885,,,no_temporal_score_reference_pool
19-55346,NAME:mairie de coueron,NAME_FALLBACK,2019-04-05,2019-04-05,2019-10-05,2026-07-13,,,DIGITAL_ICT,True,6.0,True,0,87.25361366622865,,,no_temporal_score_reference_pool
19-53794,NAME:departement de maine-et-loire,NAME_FALLBACK,2019-04-05,2019-04-05,2023-04-05,2026-07-13,48,48000,DIGITAL_ICT,True,48.0,True,0,87.25361366622865,,,no_temporal_score_reference_pool
19-63056,NAME:departement de maine-et-loire,NAME_FALLBACK,2019-04-19,2019-04-19,2022-04-19,2026-07-13,50,50730,DIGITAL_ICT,True,36.0,True,0,86.79369250985545,,,no_temporal_score_reference_pool
19-66808,SIRET:19753471200017,RAW_SIRET,2019-04-28,2019-07-11,2021-07-11,2026-07-13,30,30121,DIGITAL_ICT,True,24.0,True,1,23.423127463863334,21-47236,0.21867759989826688,no_temporal_score_reference_pool
19-54285,NAME:universite du maine,NAME_FALLBACK,2019-04-06,2019-08-23,2020-02-23,2026-07-13,31,31710,DIGITAL_ICT,True,6.0,True,0,87.22076215505913,,,no_temporal_score_reference_pool
19-58562,NAME:commune de mouilleron le captif,NAME_FALLBACK,2019-04-11,2019-04-11,2019-10-11,2026-07-13,,,DIGITAL_ICT,True,6.0,True,0,87.05650459921156,,,no_temporal_score_reference_pool
19-52696,NAME:cc loir luce berce,NAME_FALLBACK,2019-04-01,2019-04-01,2022-04-01,2026-07-13,71,71221,DIGITAL_ICT,True,36.0,True,0,87.3850197109067,,,no_temporal_score_reference_pool
19-67912,NAME:sec gal pour l adm min interieur ouest,NAME_FALLBACK,2019-04-29,2019-04-29,2020-04-29,2026-07-13,45,45314,DIGITAL_ICT,True,12.0,True,0,86.46517739816032,,,no_temporal_score_reference_pool
19-56301,NAME:mancelle d habitation,NAME_FALLBACK,2019-04-10,2020-03-19,2023-03-19,2026-07-13,71,71335,DIGITAL_ICT,True,36.0,True,0,87.08935611038108,,,no_temporal_score_reference_pool
19-62635,NAME:ville de la roche sur yon,NAME_FALLBACK,2019-04-21,2019-10-24,2022-10-24,2026-07-13,50,50312,DIGITAL_ICT,True,36.0,True,0,86.72798948751642,,,no_temporal_score_reference_pool
19-56150,NAME:conseil regional des pays de la loire,NAME_FALLBACK,2019-04-10,2019-09-25,2023-09-25,2026-07-13,48,48000,DIGITAL_ICT,True,48.0,True,0,87.08935611038108,,,no_temporal_score_reference_pool
19-58204,NAME:ville de nantes,NAME_FALLBACK,2019-04-13,2019-08-10,2020-09-10,2026-07-13,92,92511,DIGITAL_ICT,True,13.0,True,0,86.99080157687254,,,no_temporal_score_reference_pool
19-59985,NAME:chu de nantes,NAME_FALLBACK,2019-04-17,2019-04-17,2023-04-17,2026-07-13,48,48450,DIGITAL_ICT,True,48.0,True,1,47.47043363994744,23-42778,0.269142658677291,no_temporal_score_reference_pool
19-59879,NAME:universite de nantes,NAME_FALLBACK,2019-04-15,2019-06-12,2023-06-12,2026-07-13,72,72212,DIGITAL_ICT,True,48.0,True,1,47.43758212877792,23-40733,0.20214264323784858,no_temporal_score_reference_pool
19-64938,NAME:ville de cholet,NAME_FALLBACK,2019-04-24,2019-04-24,2022-04-24,2026-07-13,32,32561,DIGITAL_ICT,True,36.0,True,0,86.62943495400789,,,no_temporal_score_reference_pool
19-66602,NAME:ctre hosp universitaire angers,NAME_FALLBACK,2019-04-26,2019-04-26,2023-04-26,2026-07-13,48,48200,DIGITAL_ICT,True,48.0,True,0,86.56373193166885,,,no_temporal_score_reference_pool
19-55110,NAME:nantes metropole,NAME_FALLBACK,2019-04-11,2019-04-11,2023-04-11,2026-07-13,48,48000,DIGITAL_ICT,True,48.0,True,1,43.33114323258869,22-153504,0.513512187554389,no_temporal_score_reference_pool
19-55808,SIRET:53820845500021,RAW_SIRET,2019-04-10,2019-09-10,2023-09-10,2026-07-13,72,72253,DIGITAL_ICT,True,48.0,True,0,87.08935611038108,,,no_temporal_score_reference_pool
19-54274,NAME:sdis 44,NAME_FALLBACK,2019-04-04,2019-04-04,2019-10-04,2026-07-13,,,DIGITAL_ICT,True,6.0,True,0,87.28646517739816,,,no_temporal_score_reference_pool
19-69736,NAME:nantes metropole,NAME_FALLBACK,2019-05-05,2019-05-05,2022-05-05,2026-07-13,32,32400,DIGITAL_ICT,True,36.0,True,1,38.63337713534823,22-102623,0.19175463120717762,no_temporal_score_reference_pool
19-71394,SIRET:25720243200015,RAW_SIRET,2019-05-08,2020-01-10,2023-01-10,2026-07-13,71,71241,DIGITAL_ICT,True,36.0,True,0,86.16951379763469,,,no_temporal_score_reference_pool
19-76202,NAME:universite de rennes 1,NAME_FALLBACK,2019-05-15,2019-05-15,2020-01-15,2026-07-13,42,42636,DIGITAL_ICT,True,8.0,True,0,85.9395532194481,,,no_temporal_score_reference_pool
19-79923,NAME:msa loire-atlantique - vendee,NAME_FALLBACK,2019-05-22,2019-05-22,2019-11-22,2026-07-13,,,DIGITAL_ICT,True,6.0,True,0,85.7095926412615,,,no_temporal_score_reference_pool
19-81650,NAME:commune de vallet,NAME_FALLBACK,2019-05-24,2019-05-24,2019-11-24,2026-07-13,,,DIGITAL_ICT,True,6.0,True,0,85.64388961892247,,,no_temporal_score_reference_pool
19-73211,NAME:ville de talmont - saint hilaire,NAME_FALLBACK,2019-05-09,2019-05-09,2023-05-09,2026-07-13,48,48000,DIGITAL_ICT,True,48.0,True,0,86.13666228646518,,,no_temporal_score_reference_pool
19-75324,NAME:conseil general de la vendee,NAME_FALLBACK,2019-05-14,2019-09-19,2023-09-19,2026-07-13,48,48730,DIGITAL_ICT,True,48.0,True,0,85.97240473061761,,,no_temporal_score_reference_pool
19-75795,NAME:vendee eau,NAME_FALLBACK,2019-05-15,2019-05-15,2023-05-15,2026-07-13,72,72315,DIGITAL_ICT,True,48.0,True,0,85.9395532194481,,,no_temporal_score_reference_pool
19-67059,NAME:nantes metropole,NAME_FALLBACK,2019-05-08,2019-05-08,2023-05-08,2026-07-13,48,48000,DIGITAL_ICT,True,48.0,True,1,42.54270696452036,22-154717,0.5390915442831424,no_temporal_score_reference_pool
19-73678,NAME:universite de nantes,NAME_FALLBACK,2019-05-10,2019-07-25,2023-07-25,2026-07-13,72,72212,DIGITAL_ICT,True,48.0,True,1,46.61629434954008,23-40733,0.20762330328428769,no_temporal_score_reference_pool
19-75615,NAME:sdis 44,NAME_FALLBACK,2019-05-14,2019-05-14,2023-05-14,2026-07-13,72,72611,DIGITAL_ICT,True,48.0,True,0,85.97240473061761,,,no_temporal_score_reference_pool
19-74485,NAME:nantes metropole,NAME_FALLBACK,2019-05-18,2019-09-22,2023-09-22,2026-07-13,72,72243,DIGITAL_ICT,True,48.0,True,1,57.91721419185282,24-31691,0.269032849746254,no_temporal_score_reference_pool
19-79758,NAME:agce pour l enst fr a l etranger,NAME_FALLBACK,2019-05-23,2019-05-23,2023-05-23,2026-07-13,79,79632,DIGITAL_ICT,True,48.0,True,0,85.67674113009198,,,no_temporal_score_reference_pool
19-80016,NAME:universite du maine,NAME_FALLBACK,2019-05-24,2019-12-07,2022-12-07,2026-07-13,32,32232,DIGITAL_ICT,True,36.0,True,0,85.64388961892247,,,no_temporal_score_reference_pool
19-70735,SIRET:22720002900014,RAW_SIRET,2019-05-05,2019-08-28,2021-08-28,2026-07-13,30,30200,DIGITAL_ICT,True,24.0,True,1,29.402102496714846,21-138241,0.24951117532135958,no_temporal_score_reference_pool
19-81470,NAME:conseil departemental loire-atlantique,NAME_FALLBACK,2019-05-24,2019-05-24,2022-05-24,2026-07-13,32,32323,DIGITAL_ICT,True,36.0,True,0,85.64388961892247,,,no_temporal_score_reference_pool
19-71137,NAME:departement de la sarthe,NAME_FALLBACK,2019-05-06,2019-05-06,2023-05-06,2026-07-13,72,72500,DIGITAL_ICT,True,48.0,True,0,86.23521681997372,,,no_temporal_score_reference_pool
19-82611,NAME:conseil general de la vendee,NAME_FALLBACK,2019-05-27,2019-09-19,2023-09-19,2026-07-13,48,48730,DIGITAL_ICT,True,48.0,True,0,85.54533508541392,,,no_temporal_score_reference_pool
19-68091,NAME:oniris,NAME_FALLBACK,2019-05-01,2019-07-27,2021-07-27,2026-07-13,30,30233,DIGITAL_ICT,True,24.0,True,0,86.39947437582128,,,no_temporal_score_reference_pool
19-75460,NAME:conseil regional des pays de la loire,NAME_FALLBACK,2019-05-16,2020-01-07,2022-01-07,2026-07-13,30,30211,DIGITAL_ICT,True,24.0,True,1,37.08935611038108,22-84327,0.2587235256391186,no_temporal_score_reference_pool
19-79409,NAME:conseil regional des pays de la loire,NAME_FALLBACK,2019-05-23,2020-03-11,2023-03-11,2026-07-13,90,90513,DIGITAL_ICT,True,36.0,True,0,85.67674113009198,,,no_temporal_score_reference_pool
19-71066,NAME:cc ocean marais de monts,NAME_FALLBACK,2019-05-06,2019-05-06,2019-11-06,2026-07-13,,,DIGITAL_ICT,True,6.0,True,0,86.23521681997372,,,no_temporal_score_reference_pool
19-71182,NAME:dir ouest,NAME_FALLBACK,2019-05-07,2019-10-17,2022-10-17,2026-07-13,32,32584,DIGITAL_ICT,True,36.0,True,0,86.2023653088042,,,no_temporal_score_reference_pool
19-70724,NAME:caisse allocations familiales morbihan,NAME_FALLBACK,2019-05-03,2019-05-03,2019-11-03,2026-07-13,44,44115,DIGITAL_ICT,True,6.0,True,0,86.33377135348226,,,no_temporal_score_reference_pool
19-78493,NAME:ctre hosp universitaire angers,NAME_FALLBACK,2019-05-20,2019-05-20,2022-05-20,2026-07-13,32,32442,DIGITAL_ICT,True,36.0,True,0,85.77529566360053,,,no_temporal_score_reference_pool
19-80203,NAME:universite de nantes,NAME_FALLBACK,2019-05-24,2019-05-24,2022-05-24,2026-07-13,32,32584,DIGITAL_ICT,True,36.0,True,0,85.64388961892247,,,no_temporal_score_reference_pool
19-99589,NAME:mairie de bauge en anjou,NAME_FALLBACK,2019-06-30,2019-11-07,2023-11-07,2026-07-13,72,72700,DIGITAL_ICT,True,48.0,True,0,84.42838370565046,,,no_temporal_score_reference_pool
19-88976,SIRET:24440064400013,RAW_SIRET,2019-06-09,2019-10-27,2023-10-27,2026-07-13,35,35121,DIGITAL_ICT,True,48.0,True,1,47.47043363994744,23-70584,0.24651796168899195,no_temporal_score_reference_pool
19-87510,NAME:gpm de nantes - st nazaire,NAME_FALLBACK,2019-06-06,2019-06-06,2023-06-06,2026-07-13,48,48321,DIGITAL_ICT,True,48.0,True,0,85.21681997371878,,,no_temporal_score_reference_pool
19-100067,NAME:sec gal pour l adm min interieur ouest,NAME_FALLBACK,2019-06-30,2019-06-30,2023-06-30,2026-07-13,35,35113,DIGITAL_ICT,True,48.0,True,0,84.42838370565046,,,no_temporal_score_reference_pool
19-90783,NAME:departement de la sarthe,NAME_FALLBACK,2019-06-13,2019-06-13,2019-12-13,2026-07-13,,,DIGITAL_ICT,True,6.0,True,1,7.621550591327201,20-16042,0.19287903252485145,no_temporal_score_reference_pool
19-76134,NAME:ville de la roche sur yon,NAME_FALLBACK,2019-06-04,2019-09-11,2022-09-11,2026-07-13,32,32418,DIGITAL_ICT,True,36.0,True,0,85.28252299605782,,,no_temporal_score_reference_pool
19-92746,NAME:cc du pays des achards,NAME_FALLBACK,2019-06-19,2019-10-31,2021-10-31,2026-07-13,30,30200,DIGITAL_ICT,True,24.0,True,0,84.78975032851511,,,no_temporal_score_reference_pool
19-88615,NAME:cap atlantique,NAME_FALLBACK,2019-06-09,2019-06-09,2021-06-09,2026-07-13,30,30121,DIGITAL_ICT,True,24.0,True,0,85.11826544021025,,,no_temporal_score_reference_pool
19-99281,NAME:departement de la sarthe,NAME_FALLBACK,2019-06-27,2019-06-27,2023-06-27,2026-07-13,48,48223,DIGITAL_ICT,True,48.0,True,0,84.526938239159,,,no_temporal_score_reference_pool
19-99946,NAME:ch le mans,NAME_FALLBACK,2019-06-30,2019-06-30,2023-06-30,2026-07-13,72,72810,DIGITAL_ICT,True,48.0,True,0,84.42838370565046,,,no_temporal_score_reference_pool
19-87996,NAME:mauges communaute,NAME_FALLBACK,2019-06-06,2019-06-06,2019-12-06,2026-07-13,,,DIGITAL_ICT,True,6.0,True,1,1.7411300919842312,19-118070,0.5866666666666667,no_temporal_score_reference_pool
19-92498,NAME:nantes metropole,NAME_FALLBACK,2019-06-21,2019-06-21,2023-06-21,2026-07-13,48,48000,DIGITAL_ICT,True,48.0,True,1,51.11695137976346,23-125766,0.53882537289547,no_temporal_score_reference_pool
19-85688,NAME:angers loire metropole,NAME_FALLBACK,2019-06-05,2020-01-08,2024-01-08,2026-07-13,72,72267,DIGITAL_ICT,True,48.0,True,0,85.24967148488831,,,no_temporal_score_reference_pool
19-97686,NAME:synd dep d energie et d eqpt de vendee,NAME_FALLBACK,2019-06-27,2020-02-12,2024-02-12,2026-07-13,48,48822,DIGITAL_ICT,True,48.0,True,0,84.526938239159,,,no_temporal_score_reference_pool
19-98987,NAME:conseil departemental loire-atlantique,NAME_FALLBACK,2019-06-29,2019-12-15,2022-12-15,2026-07-13,50,50312,DIGITAL_ICT,True,36.0,True,0,84.46123521681997,,,no_temporal_score_reference_pool
19-91082,SIRET:22490001900015,RAW_SIRET,2019-06-16,2019-06-16,2022-06-16,2026-07-13,32,32353,DIGITAL_ICT,True,36.0,True,0,84.88830486202366,,,no_temporal_score_reference_pool
19-95207,NAME:ville d avrille,NAME_FALLBACK,2019-06-20,2019-06-20,2019-12-20,2026-07-13,,,DIGITAL_ICT,True,6.0,True,0,84.7568988173456,,,no_temporal_score_reference_pool
19-97324,NAME:cte organ lille metropole capitale mon,NAME_FALLBACK,2019-06-25,2019-06-25,2019-12-25,2026-07-13,,,DIGITAL_ICT,True,6.0,True,0,84.59264126149803,,,no_temporal_score_reference_pool
19-99578,NAME:commune de pornic,NAME_FALLBACK,2019-06-28,2019-06-28,2022-06-28,2026-07-13,32,32524,DIGITAL_ICT,True,36.0,True,0,84.49408672798948,,,no_temporal_score_reference_pool
19-87143,NAME:commune de reze,NAME_FALLBACK,2019-06-05,2019-06-05,2023-06-05,2026-07-13,48,48160,DIGITAL_ICT,True,48.0,True,0,85.24967148488831,,,no_temporal_score_reference_pool
19-88816,NAME:communaute de communes sevre et loire,NAME_FALLBACK,2019-06-07,2019-06-07,2019-12-07,2026-07-13,,,DIGITAL_ICT,True,6.0,True,0,85.18396846254927,,,no_temporal_score_reference_pool
19-85601,SIRET:20007186800018,RAW_SIRET,2019-06-05,2019-10-12,2021-10-12,2026-07-13,30,30230,DIGITAL_ICT,True,24.0,True,0,85.24967148488831,,,no_temporal_score_reference_pool
19-93739,NAME:communaute d agglomeration du niortais,NAME_FALLBACK,2019-06-20,2019-06-20,2023-06-20,2026-07-13,48,48160,DIGITAL_ICT,True,48.0,True,0,84.7568988173456,,,no_temporal_score_reference_pool
19-95263,NAME:ville de coulaines,NAME_FALLBACK,2019-06-20,2019-06-20,2023-06-20,2026-07-13,72,72222,DIGITAL_ICT,True,48.0,True,0,84.7568988173456,,,no_temporal_score_reference_pool
19-97500,NAME:cap atlantique,NAME_FALLBACK,2019-06-25,2019-06-25,2021-06-25,2026-07-13,30,30200,DIGITAL_ICT,True,24.0,True,0,84.59264126149803,,,no_temporal_score_reference_pool
19-94580,NAME:cc vendee grand littoral,NAME_FALLBACK,2019-06-20,2019-06-20,2019-12-20,2026-07-13,,,DIGITAL_ICT,True,6.0,True,1,0.8541392904073587,19-110681,0.5818973723788552,no_temporal_score_reference_pool
19-103229,NAME:ctre hosp universitaire angers,NAME_FALLBACK,2019-07-04,2019-07-04,2020-01-04,2026-07-13,,,DIGITAL_ICT,True,6.0,True,0,84.2969776609724,,,no_temporal_score_reference_pool
19-112153,NAME:communaute urbaine d alencon,NAME_FALLBACK,2019-07-18,2019-07-18,2020-01-18,2026-07-13,,,DIGITAL_ICT,True,6.0,True,0,83.83705650459922,,,no_temporal_score_reference_pool
19-103545,NAME:chu de nantes,NAME_FALLBACK,2019-07-06,2019-07-06,2022-07-06,2026-07-13,32,32322,DIGITAL_ICT,True,36.0,True,0,84.23127463863338,,,no_temporal_score_reference_pool
19-103897,SIRET:22530001100015,RAW_SIRET,2019-07-07,2019-10-31,2023-10-31,2026-07-13,72,72317,DIGITAL_ICT,True,48.0,True,1,52.82522996057818,23-168051,0.30829613023779356,no_temporal_score_reference_pool
19-103833,NAME:metropole nantes metropole,NAME_FALLBACK,2019-07-05,2019-07-05,2023-07-05,2026-07-13,48,48000,DIGITAL_ICT,True,48.0,True,0,84.26412614980289,,,no_temporal_score_reference_pool
19-117534,NAME:commune de ombree d anjou,NAME_FALLBACK,2019-07-29,2019-07-29,2021-07-29,2026-07-13,30,30200,DIGITAL_ICT,True,24.0,True,0,83.47568988173455,,,no_temporal_score_reference_pool
19-105133,NAME:ville de chateau-gontier,NAME_FALLBACK,2019-07-10,2019-07-10,2023-07-10,2026-07-13,35,35120,DIGITAL_ICT,True,48.0,True,0,84.09986859395532,,,no_temporal_score_reference_pool
19-100667,NAME:communaute d agglomeration du niortais,NAME_FALLBACK,2019-07-01,2019-07-01,2020-01-01,2026-07-13,,,DIGITAL_ICT,True,6.0,True,1,0.5913272010512484,19-113409,0.5866666666666662,no_temporal_score_reference_pool
19-104228,NAME:commune de saint-herblain,NAME_FALLBACK,2019-07-05,2019-07-05,2023-07-05,2026-07-13,72,72400,DIGITAL_ICT,True,48.0,True,0,84.26412614980289,,,no_temporal_score_reference_pool
19-117771,NAME:sdis49,NAME_FALLBACK,2019-07-29,2019-11-19,2022-11-19,2026-07-13,32,32424,DIGITAL_ICT,True,36.0,True,1,41.72141918528252,23-8217,0.20310246587578445,no_temporal_score_reference_pool
19-106149,NAME:universite d angers,NAME_FALLBACK,2019-07-09,2019-09-23,2020-03-23,2026-07-13,,,DIGITAL_ICT,True,6.0,True,1,2.726675427069645,19-147471,0.5866666666666667,no_temporal_score_reference_pool
19-110681,NAME:cc vendee grand littoral,NAME_FALLBACK,2019-07-16,2019-07-16,2020-01-16,2026-07-13,,,DIGITAL_ICT,True,6.0,True,0,83.90275952693824,,,no_temporal_score_reference_pool
19-108347,NAME:sdis 85,NAME_FALLBACK,2019-07-12,2019-07-12,2023-07-12,2026-07-13,48,48800,DIGITAL_ICT,True,48.0,True,0,84.0341655716163,,,no_temporal_score_reference_pool
19-101998,NAME:mairie de coueron,NAME_FALLBACK,2019-07-04,2020-01-24,2022-01-24,2026-07-13,30,30200,DIGITAL_ICT,True,24.0,True,1,33.11432325886991,22-50687,0.259281203243275,no_temporal_score_reference_pool
19-108948,SIRET:23440003400026,RAW_SIRET,2019-07-14,2019-07-14,2021-07-14,2026-07-13,30,30213,DIGITAL_ICT,True,24.0,True,0,83.96846254927726,,,no_temporal_score_reference_pool
19-115344,NAME:fondation partenariale polytech,NAME_FALLBACK,2019-07-26,2020-04-19,2023-04-19,2026-07-13,32,32321,DIGITAL_ICT,True,36.0,True,0,83.5742444152431,,,no_temporal_score_reference_pool
19-116578,NAME:chambre agriculture pays de la loire,NAME_FALLBACK,2019-07-27,2019-11-28,2020-05-28,2026-07-13,64,64211,DIGITAL_ICT,True,6.0,True,0,83.54139290407359,,,no_temporal_score_reference_pool
19-112156,NAME:ville d alencon,NAME_FALLBACK,2019-07-18,2019-07-18,2020-01-18,2026-07-13,,,DIGITAL_ICT,True,6.0,True,0,83.83705650459922,,,no_temporal_score_reference_pool
19-106682,NAME:gie loire ocean,NAME_FALLBACK,2019-07-12,2019-11-21,2023-11-21,2026-07-13,72,72610,DIGITAL_ICT,True,48.0,True,0,84.0341655716163,,,no_temporal_score_reference_pool
19-110311,NAME:epf de la vendee,NAME_FALLBACK,2019-07-16,2019-07-16,2023-07-16,2026-07-13,72,72000,DIGITAL_ICT,True,48.0,True,0,83.90275952693824,,,no_temporal_score_reference_pool
19-117328,NAME:ctre hosp universitaire angers,NAME_FALLBACK,2019-07-26,2019-07-26,2023-07-26,2026-07-13,72,72000,DIGITAL_ICT,True,48.0,True,1,47.43758212877792,23-96123,0.2038624039575752,no_temporal_score_reference_pool
19-102776,SIRET:21440143200015,RAW_SIRET,2019-07-05,2019-11-14,2023-11-14,2026-07-13,48,48822,DIGITAL_ICT,True,48.0,True,0,84.26412614980289,,,no_temporal_score_reference_pool
19-106429,NAME:ccir pays de la loire,NAME_FALLBACK,2019-07-11,2019-11-08,2023-11-08,2026-07-13,48,48000,DIGITAL_ICT,True,48.0,True,0,84.06701708278581,,,no_temporal_score_reference_pool
19-108442,SIRET:45151864100035,RAW_SIRET,2019-07-14,2019-12-19,2023-12-19,2026-07-13,72,72500,DIGITAL_ICT,True,48.0,True,0,83.96846254927726,,,no_temporal_score_reference_pool
19-118102,NAME:ch le mans,NAME_FALLBACK,2019-07-31,2019-12-07,2022-12-07,2026-07-13,32,32000,DIGITAL_ICT,True,36.0,True,0,83.40998685939553,,,no_temporal_score_reference_pool
19-103253,NAME:communaute de cnes terres de montaigu,NAME_FALLBACK,2019-07-06,2020-01-11,2022-01-11,2026-07-13,30,30200,DIGITAL_ICT,True,24.0,True,1,28.777923784494085,21-156687,0.1987334214857,no_temporal_score_reference_pool
19-105305,NAME:metropole nantes metropole,NAME_FALLBACK,2019-07-08,2019-07-08,2020-01-08,2026-07-13,,,DIGITAL_ICT,True,6.0,True,0,84.16557161629434,,,no_temporal_score_reference_pool
19-103125,NAME:cnieg,NAME_FALLBACK,2019-07-04,2019-11-20,2023-11-20,2026-07-13,72,72600,DIGITAL_ICT,True,48.0,True,0,84.2969776609724,,,no_temporal_score_reference_pool
19-109687,NAME:semitan mandataire de nantes metropole,NAME_FALLBACK,2019-07-17,2020-10-24,2024-10-24,2026-07-13,48,48140,DIGITAL_ICT,True,48.0,True,0,83.86990801576873,,,no_temporal_score_reference_pool
19-108933,NAME:ctre hosp universitaire angers,NAME_FALLBACK,2019-07-12,2019-07-12,2020-01-12,2026-07-13,,,DIGITAL_ICT,True,6.0,True,1,0.4599211563731931,19-117328,0.5866666666666667,no_temporal_score_reference_pool
19-105083,NAME:nantes metropole,NAME_FALLBACK,2019-07-10,2019-07-10,2023-07-10,2026-07-13,48,48000,DIGITAL_ICT,True,48.0,True,1,50.4927726675427,23-125766,0.4924936856447544,no_temporal_score_reference_pool
19-112016,NAME:ville de nantes,NAME_FALLBACK,2019-07-21,2019-07-21,2020-08-21,2026-07-13,92,92511,DIGITAL_ICT,True,13.0,True,0,83.73850197109067,,,no_temporal_score_reference_pool
19-114079,NAME:baie de somme habitat,NAME_FALLBACK,2019-07-24,2019-12-13,2023-12-13,2026-07-13,72,72250,DIGITAL_ICT,True,48.0,True,0,83.63994743758212,,,no_temporal_score_reference_pool
19-107821,NAME:sdis49,NAME_FALLBACK,2019-07-12,2019-10-30,2022-10-30,2026-07-13,32,32412,DIGITAL_ICT,True,36.0,True,1,42.27989487516425,23-8217,0.2092031609941373,no_temporal_score_reference_pool
19-113409,NAME:communaute d agglomeration du niortais,NAME_FALLBACK,2019-07-19,2019-07-19,2020-01-19,2026-07-13,,,DIGITAL_ICT,True,6.0,True,1,7.7858081471747695,20-37796,0.19164160967095722,no_temporal_score_reference_pool
19-114994,NAME:ville du mans,NAME_FALLBACK,2019-07-23,2019-10-01,2023-10-01,2026-07-13,35,35300,DIGITAL_ICT,True,48.0,True,0,83.67279894875165,,,no_temporal_score_reference_pool
19-105444,SIRET:24720013200014,RAW_SIRET,2019-07-10,2019-11-10,2023-11-10,2026-07-13,48,48210,DIGITAL_ICT,True,48.0,True,1,49.47437582128778,23-117420,0.23192852565944994,no_temporal_score_reference_pool
19-110370,NAME:commune de nantes,NAME_FALLBACK,2019-07-19,2019-07-19,2023-07-19,2026-07-13,48,48000,DIGITAL_ICT,True,48.0,True,0,83.80420499342969,,,no_temporal_score_reference_pool
19-112517,SIRET:13001855900018,RAW_SIRET,2019-07-20,2019-10-11,2022-10-11,2026-07-13,71,71330,DIGITAL_ICT,True,36.0,True,0,83.77135348226018,,,no_temporal_score_reference_pool
19-118070,NAME:mauges communaute,NAME_FALLBACK,2019-07-29,2019-07-29,2020-01-29,2026-07-13,,,DIGITAL_ICT,True,6.0,True,0,83.47568988173455,,,no_temporal_score_reference_pool
19-125250,NAME:commune de challans,NAME_FALLBACK,2019-08-15,2019-08-15,2022-08-15,2026-07-13,50,50312,DIGITAL_ICT,True,36.0,True,0,82.91721419185282,,,no_temporal_score_reference_pool
19-120297,NAME:le mans metropole - communaute urbaine,NAME_FALLBACK,2019-08-01,2019-10-25,2022-10-25,2026-07-13,32,32342,DIGITAL_ICT,True,36.0,True,0,83.37713534822602,,,no_temporal_score_reference_pool
19-109269,NAME:ville de nantes,NAME_FALLBACK,2019-08-02,2019-08-02,2023-08-02,2026-07-13,35,35300,DIGITAL_ICT,True,48.0,True,0,83.34428383705651,,,no_temporal_score_reference_pool
19-125270,NAME:ctre hosp universitaire angers,NAME_FALLBACK,2019-08-14,2019-08-14,2023-08-14,2026-07-13,72,72000,DIGITAL_ICT,True,48.0,True,0,82.95006570302233,,,no_temporal_score_reference_pool
19-124888,NAME:departement de maine-et-loire,NAME_FALLBACK,2019-08-13,2019-08-13,2020-02-13,2026-07-13,33,33111,DIGITAL_ICT,True,6.0,True,0,82.98291721419186,,,no_temporal_score_reference_pool
19-119269,NAME:nantes metropole,NAME_FALLBACK,2019-08-02,2019-08-02,2023-08-02,2026-07-13,72,72250,DIGITAL_ICT,True,48.0,True,1,43.46254927726675,23-34705,0.37729774431828494,no_temporal_score_reference_pool
19-123920,NAME:nantes metropole,NAME_FALLBACK,2019-08-09,2019-08-09,2020-02-09,2026-07-13,,,DIGITAL_ICT,True,6.0,True,1,2.0039421813403417,19-151382,0.2119191297153601,no_temporal_score_reference_pool
19-129278,NAME:conseil regional des pays de la loire,NAME_FALLBACK,2019-08-23,2020-01-21,2022-01-21,2026-07-13,30,30100,DIGITAL_ICT,True,24.0,True,1,24.08015768725361,21-115415,0.5544855101383344,no_temporal_score_reference_pool
19-131601,NAME:sdis 44,NAME_FALLBACK,2019-08-29,2019-08-29,2023-08-29,2026-07-13,35,35111,DIGITAL_ICT,True,48.0,True,1,47.83180026281209,23-117688,0.34175322671613423,no_temporal_score_reference_pool
19-123696,NAME:cc du pays de mortagne,NAME_FALLBACK,2019-08-08,2019-08-08,2021-08-08,2026-07-13,30,30211,DIGITAL_ICT,True,24.0,True,0,83.14717477003943,,,no_temporal_score_reference_pool
19-128681,SIRET:23440003400026,RAW_SIRET,2019-08-24,2020-02-12,2024-02-12,2026-07-13,72,72000,DIGITAL_ICT,True,48.0,True,1,49.17871222076215,23-134735,0.5379839511803437,no_temporal_score_reference_pool
19-125363,NAME:gip esea nouvelle-aquitaine,NAME_FALLBACK,2019-08-13,2019-08-13,2020-02-13,2026-07-13,,,DIGITAL_ICT,True,6.0,True,0,82.98291721419186,,,no_temporal_score_reference_pool
19-130357,NAME:departement de la sarthe,NAME_FALLBACK,2019-08-27,2019-08-27,2020-02-27,2026-07-13,,,DIGITAL_ICT,True,6.0,True,0,82.52299605781866,,,no_temporal_score_reference_pool
19-130305,NAME:communaute de communes de grand lieu,NAME_FALLBACK,2019-08-27,2020-01-06,2024-01-06,2026-07-13,35,35120,DIGITAL_ICT,True,48.0,True,0,82.52299605781866,,,no_temporal_score_reference_pool
19-124424,NAME:chd vendee,NAME_FALLBACK,2019-08-11,2020-08-23,2024-08-23,2026-07-13,48,48000,DIGITAL_ICT,True,48.0,True,0,83.04862023653088,,,no_temporal_score_reference_pool
19-131225,NAME:sdis 44,NAME_FALLBACK,2019-08-29,2019-08-29,2023-08-29,2026-07-13,35,35111,DIGITAL_ICT,True,48.0,True,1,47.83180026281209,23-117688,0.34408101354724485,no_temporal_score_reference_pool
19-123299,NAME:mindef ema dc sca pfaf co rennes,NAME_FALLBACK,2019-08-09,2019-12-07,2022-12-07,2026-07-13,32,32342,DIGITAL_ICT,True,36.0,True,0,83.1143232588699,,,no_temporal_score_reference_pool
19-131092,NAME:sdis 44,NAME_FALLBACK,2019-08-30,2020-01-05,2024-01-05,2026-07-13,35,35111,DIGITAL_ICT,True,48.0,True,1,47.79894875164258,23-117688,0.3386842645292371,no_temporal_score_reference_pool
19-142610,NAME:departement de maine-et-loire,NAME_FALLBACK,2019-09-20,2019-09-20,2022-09-20,2026-07-13,32,32400,DIGITAL_ICT,True,36.0,True,0,81.73455978975034,,,no_temporal_score_reference_pool
19-142286,NAME:commune de nantes,NAME_FALLBACK,2019-09-19,2019-09-19,2020-03-19,2026-07-13,,,DIGITAL_ICT,True,6.0,True,1,8.245729303547963,20-68622,0.20434172704315054,no_temporal_score_reference_pool
19-143955,SIRET:23440003400026,RAW_SIRET,2019-09-24,2019-09-24,2022-09-24,2026-07-13,50,50324,DIGITAL_ICT,True,36.0,True,0,81.60315374507228,,,no_temporal_score_reference_pool
19-136771,NAME:commune de basse-goulaine,NAME_FALLBACK,2019-09-09,2019-09-09,2020-03-09,2026-07-13,,,DIGITAL_ICT,True,6.0,True,0,82.09592641261499,,,no_temporal_score_reference_pool
19-138013,NAME:chbr reg metiers artisanat nouv aquit,NAME_FALLBACK,2019-09-13,2020-04-02,2024-04-02,2026-07-13,48,48000,DIGITAL_ICT,True,48.0,True,0,81.96452036793693,,,no_temporal_score_reference_pool
19-138231,NAME:cc du pays de mortagne,NAME_FALLBACK,2019-09-11,2019-09-11,2021-09-11,2026-07-13,30,30211,DIGITAL_ICT,True,24.0,True,0,82.03022339027595,,,no_temporal_score_reference_pool
19-133510,NAME:departement de la vendee,NAME_FALLBACK,2019-09-03,2019-12-12,2023-12-12,2026-07-13,48,48219,DIGITAL_ICT,True,48.0,True,0,82.29303547963207,,,no_temporal_score_reference_pool
19-147471,NAME:universite d angers,NAME_FALLBACK,2019-09-30,2019-09-30,2020-03-30,2026-07-13,,,DIGITAL_ICT,True,6.0,True,0,81.4060446780552,,,no_temporal_score_reference_pool
19-142971,NAME:mairie de cordemais,NAME_FALLBACK,2019-09-22,2019-09-22,2023-09-22,2026-07-13,35,35120,DIGITAL_ICT,True,48.0,True,0,81.6688567674113,,,no_temporal_score_reference_pool
19-146419,SIRET:22720002900014,RAW_SIRET,2019-09-28,2020-02-12,2023-02-12,2026-07-13,32,32584,DIGITAL_ICT,True,36.0,True,1,42.90407358738502,23-56040,0.2336794825143345,no_temporal_score_reference_pool
19-136955,NAME:angers loire metropole,NAME_FALLBACK,2019-09-10,2019-09-10,2023-09-10,2026-07-13,72,72500,DIGITAL_ICT,True,48.0,True,0,82.06307490144546,,,no_temporal_score_reference_pool
19-137030,SIRET:23440003400026,RAW_SIRET,2019-09-12,2020-03-04,2024-03-04,2026-07-13,48,48000,DIGITAL_ICT,True,48.0,True,0,81.99737187910644,,,no_temporal_score_reference_pool
19-140517,NAME:communaute communes parthenay-gatine,NAME_FALLBACK,2019-09-18,2020-01-11,2022-01-11,2026-07-13,30,30120,DIGITAL_ICT,True,24.0,True,0,81.80026281208936,,,no_temporal_score_reference_pool
19-145053,NAME:departement de la sarthe,NAME_FALLBACK,2019-09-24,2019-09-24,2023-09-24,2026-07-13,72,72590,DIGITAL_ICT,True,48.0,True,0,81.60315374507228,,,no_temporal_score_reference_pool
19-145845,NAME:ctre hosp universitaire angers,NAME_FALLBACK,2019-09-26,2019-09-26,2023-09-26,2026-07-13,72,72000,DIGITAL_ICT,True,48.0,True,0,81.53745072273324,,,no_temporal_score_reference_pool
19-144868,SIRET:22850001300658,RAW_SIRET,2019-09-26,2020-05-12,2024-05-12,2026-07-13,48,48800,DIGITAL_ICT,True,48.0,True,1,55.68331143232589,24-57038,0.19638803202170046,no_temporal_score_reference_pool
19-141668,NAME:sdis 85,NAME_FALLBACK,2019-09-19,2020-02-19,2024-02-19,2026-07-13,35,35110,DIGITAL_ICT,True,48.0,True,0,81.76741130091985,,,no_temporal_score_reference_pool
19-154710,NAME:ville de la roche sur yon,NAME_FALLBACK,2019-10-11,2019-10-11,2023-10-11,2026-07-13,72,72610,DIGITAL_ICT,True,48.0,True,0,81.04467805519054,,,no_temporal_score_reference_pool
19-152453,NAME:chd vendee,NAME_FALLBACK,2019-10-10,2020-01-22,2023-01-22,2026-07-13,32,32323,DIGITAL_ICT,True,36.0,True,0,81.07752956636006,,,no_temporal_score_reference_pool
19-161349,NAME:cci metropolitaine bretagne ouest,NAME_FALLBACK,2019-10-25,2019-10-25,2023-10-25,2026-07-13,48,48470,DIGITAL_ICT,True,48.0,True,0,80.58475689881735,,,no_temporal_score_reference_pool
19-161914,NAME:cap atlantique,NAME_FALLBACK,2019-10-26,2019-10-26,2021-10-26,2026-07-13,30,30200,DIGITAL_ICT,True,24.0,True,0,80.55190538764784,,,no_temporal_score_reference_pool
19-165120,NAME:chu de nantes,NAME_FALLBACK,2019-10-30,2019-10-30,2022-10-30,2026-07-13,32,32344,DIGITAL_ICT,True,36.0,True,0,80.42049934296978,,,no_temporal_score_reference_pool
19-156877,NAME:ville d ancenis-saint-gereon,NAME_FALLBACK,2019-10-16,2019-10-16,2023-10-16,2026-07-13,35,35111,DIGITAL_ICT,True,48.0,True,0,80.88042049934297,,,no_temporal_score_reference_pool
19-147943,SIRET:23440003400026,RAW_SIRET,2019-10-02,2020-01-23,2024-01-23,2026-07-13,72,72700,DIGITAL_ICT,True,48.0,True,1,49.50722733245729,23-160148,0.6800000000000002,no_temporal_score_reference_pool
19-151382,NAME:nantes metropole,NAME_FALLBACK,2019-10-09,2019-10-09,2023-10-09,2026-07-13,48,48000,DIGITAL_ICT,True,48.0,True,1,47.50328515111695,23-125766,0.5521127918534421,no_temporal_score_reference_pool
19-156899,NAME:nantes metropole,NAME_FALLBACK,2019-10-18,2020-01-25,2024-01-25,2026-07-13,35,35261,DIGITAL_ICT,True,48.0,True,0,80.81471747700394,,,no_temporal_score_reference_pool
19-157359,SIRET:21440184600016,RAW_SIRET,2019-10-18,2020-03-22,2023-03-22,2026-07-13,32,32321,DIGITAL_ICT,True,36.0,True,1,39.48751642575559,23-14004,0.3597500222673276,no_temporal_score_reference_pool
19-159241,SIRET:13001309700071,RAW_SIRET,2019-10-20,2019-10-20,2023-10-20,2026-07-13,48,48190,DIGITAL_ICT,True,48.0,True,0,80.74901445466492,,,no_temporal_score_reference_pool
19-164716,NAME:conservatoire du littoral,NAME_FALLBACK,2019-10-31,2020-05-08,2024-05-08,2026-07-13,72,72315,DIGITAL_ICT,True,48.0,True,0,80.38764783180027,,,no_temporal_score_reference_pool
19-164854,NAME:ville de laval,NAME_FALLBACK,2019-10-31,2020-02-06,2022-02-06,2026-07-13,30,30192,DIGITAL_ICT,True,24.0,True,0,80.38764783180027,,,no_temporal_score_reference_pool
19-148074,NAME:oti du pays de st gilles croix de vie,NAME_FALLBACK,2019-10-01,2019-10-01,2020-10-01,2026-07-13,45,45212,DIGITAL_ICT,True,12.0,True,0,81.37319316688567,,,no_temporal_score_reference_pool
19-152025,NAME:communaute de communes de grand lieu,NAME_FALLBACK,2019-10-08,2019-12-19,2020-06-19,2026-07-13,33,33182,DIGITAL_ICT,True,6.0,True,0,81.14323258869908,,,no_temporal_score_reference_pool
19-157248,NAME:regie dept passages d eau de vendee,NAME_FALLBACK,2019-10-16,2019-10-16,2023-10-16,2026-07-13,72,72413,DIGITAL_ICT,True,48.0,True,0,80.88042049934297,,,no_temporal_score_reference_pool
19-160471,NAME:le mans metropole - communaute urbaine,NAME_FALLBACK,2019-10-22,2020-06-11,2024-06-11,2026-07-13,72,72322,DIGITAL_ICT,True,48.0,True,0,80.6833114323259,,,no_temporal_score_reference_pool
19-158679,NAME:nantes metropole,NAME_FALLBACK,2019-10-18,2019-10-18,2020-04-18,2026-07-13,,,DIGITAL_ICT,True,6.0,True,1,2.0696452036793693,19-189628,0.22710034172398685,no_temporal_score_reference_pool
19-159320,NAME:departement de la sarthe,NAME_FALLBACK,2019-10-18,2019-10-18,2020-04-18,2026-07-13,,,DIGITAL_ICT,True,6.0,True,1,9.132720105124836,20-93634,0.2010352025528324,no_temporal_score_reference_pool
19-155590,NAME:etablissement public du marais poitevi,NAME_FALLBACK,2019-10-16,2020-01-12,2024-01-12,2026-07-13,72,72212,DIGITAL_ICT,True,48.0,True,0,80.88042049934297,,,no_temporal_score_reference_pool
19-152227,SIRET:21720181300011,RAW_SIRET,2019-10-10,2020-06-20,2024-06-20,2026-07-13,72,72600,DIGITAL_ICT,True,48.0,True,0,81.07752956636006,,,no_temporal_score_reference_pool
19-164966,NAME:commune de nantes,NAME_FALLBACK,2019-10-30,2019-10-30,2020-10-30,2026-07-13,45,45311,DIGITAL_ICT,True,12.0,True,1,6.898817345597897,20-68622,0.18953957242538488,no_temporal_score_reference_pool
19-165780,NAME:oti du pays de st gilles croix de vie,NAME_FALLBACK,2019-10-31,2019-10-31,2020-10-31,2026-07-13,45,45212,DIGITAL_ICT,True,12.0,True,0,80.38764783180027,,,no_temporal_score_reference_pool
19-147530,NAME:universite de la rochelle,NAME_FALLBACK,2019-10-02,2019-10-30,2023-10-30,2026-07-13,48,48461,DIGITAL_ICT,True,48.0,True,0,81.34034165571616,,,no_temporal_score_reference_pool
19-160506,NAME:commune de mauges sur loire,NAME_FALLBACK,2019-10-24,2020-01-25,2024-01-25,2026-07-13,35,35710,DIGITAL_ICT,True,48.0,True,0,80.61760840998686,,,no_temporal_score_reference_pool
19-160018,NAME:lycee polyvalent leonard de vinci,NAME_FALLBACK,2019-10-21,2019-10-21,2022-10-21,2026-07-13,32,32321,DIGITAL_ICT,True,36.0,True,0,80.7161629434954,,,no_temporal_score_reference_pool
19-150176,NAME:chd vendee,NAME_FALLBACK,2019-10-05,2020-02-06,2024-02-06,2026-07-13,72,72000,DIGITAL_ICT,True,48.0,True,0,81.24178712220763,,,no_temporal_score_reference_pool
19-152807,SIRET:85101450600014,RAW_SIRET,2019-10-23,2019-10-23,2022-10-23,2026-07-13,71,71351,DIGITAL_ICT,True,36.0,True,0,80.65045992115637,,,no_temporal_score_reference_pool
19-163024,NAME:gie sesam vitale,NAME_FALLBACK,2019-10-27,2020-08-08,2024-08-08,2026-07-13,72,72253,DIGITAL_ICT,True,48.0,True,0,80.51905387647832,,,no_temporal_score_reference_pool
19-153997,NAME:commune de mauges sur loire,NAME_FALLBACK,2019-10-10,2019-10-10,2023-10-10,2026-07-13,48,48000,DIGITAL_ICT,True,48.0,True,0,81.07752956636006,,,no_temporal_score_reference_pool
19-174412,NAME:semitan,NAME_FALLBACK,2019-11-22,2020-07-30,2024-07-30,2026-07-13,72,72610,DIGITAL_ICT,True,48.0,True,1,54.50065703022339,24-66729,0.2470073560539226,no_temporal_score_reference_pool
19-172484,NAME:spr pays de la loire,NAME_FALLBACK,2019-11-20,2020-06-17,2024-06-17,2026-07-13,72,72000,DIGITAL_ICT,True,48.0,True,0,79.73061760840999,,,no_temporal_score_reference_pool
19-177026,SIRET:13001232100050,RAW_SIRET,2019-11-27,2020-07-26,2023-07-26,2026-07-13,32,32412,DIGITAL_ICT,True,36.0,True,0,79.5006570302234,,,no_temporal_score_reference_pool
19-169357,NAME:ch le mans,NAME_FALLBACK,2019-11-08,2019-11-08,2023-11-08,2026-07-13,48,48210,DIGITAL_ICT,True,48.0,True,0,80.12483574244415,,,no_temporal_score_reference_pool
19-177021,NAME:le mans metropole - communaute urbaine,NAME_FALLBACK,2019-11-25,2020-06-15,2024-06-15,2026-07-13,48,48210,DIGITAL_ICT,True,48.0,True,0,79.56636005256242,,,no_temporal_score_reference_pool
19-175544,NAME:institut mines-telecom atlantique,NAME_FALLBACK,2019-11-21,2019-11-21,2020-05-21,2026-07-13,,,DIGITAL_ICT,True,6.0,True,0,79.69776609724047,,,no_temporal_score_reference_pool
19-173999,NAME:sembreizh societe,NAME_FALLBACK,2019-11-21,2019-11-21,2023-11-21,2026-07-13,72,72510,DIGITAL_ICT,True,48.0,True,0,79.69776609724047,,,no_temporal_score_reference_pool
19-175959,NAME:commune de beaupreau en mauges,NAME_FALLBACK,2019-11-24,2020-04-08,2022-04-08,2026-07-13,30,30200,DIGITAL_ICT,True,24.0,True,0,79.59921156373193,,,no_temporal_score_reference_pool
19-177480,SIRET:23440003400026,RAW_SIRET,2019-11-28,2020-03-25,2023-03-25,2026-07-13,50,50324,DIGITAL_ICT,True,36.0,True,0,79.46780551905388,,,no_temporal_score_reference_pool
19-166357,NAME:cdc du pays de saint gilles cx de vie,NAME_FALLBACK,2019-11-05,2019-11-05,2023-11-05,2026-07-13,48,48800,DIGITAL_ICT,True,48.0,True,0,80.2233902759527,,,no_temporal_score_reference_pool
19-174809,NAME:departement de la sarthe,NAME_FALLBACK,2019-11-20,2019-11-20,2023-11-20,2026-07-13,72,72590,DIGITAL_ICT,True,48.0,True,1,52.95663600525624,24-47243,0.19382119575623713,no_temporal_score_reference_pool
19-178175,NAME:commune de saint nazaire,NAME_FALLBACK,2019-11-27,2020-03-23,2024-03-23,2026-07-13,48,48219,DIGITAL_ICT,True,48.0,True,0,79.5006570302234,,,no_temporal_score_reference_pool
19-169787,NAME:angers loire metropole,NAME_FALLBACK,2019-11-12,2019-11-12,2020-05-12,2026-07-13,,,DIGITAL_ICT,True,6.0,True,1,3.712220762155059,20-31457,0.189639815761917,no_temporal_score_reference_pool
19-169855,NAME:gie sesam vitale,NAME_FALLBACK,2019-11-12,2019-11-12,2023-11-12,2026-07-13,72,72314,DIGITAL_ICT,True,48.0,True,0,79.9934296977661,,,no_temporal_score_reference_pool
19-173933,NAME:sembreizh societe,NAME_FALLBACK,2019-11-21,2019-11-21,2023-11-21,2026-07-13,72,72411,DIGITAL_ICT,True,48.0,True,0,79.69776609724047,,,no_temporal_score_reference_pool
19-174098,NAME:conseil regional des pays de la loire,NAME_FALLBACK,2019-11-21,2020-03-14,2024-03-14,2026-07-13,72,72000,DIGITAL_ICT,True,48.0,True,1,46.64914586070959,23-140453,0.19889918345940544,no_temporal_score_reference_pool
19-176592,NAME:gie sesam vitale,NAME_FALLBACK,2019-11-27,2021-03-27,2025-03-27,2026-07-13,72,72000,DIGITAL_ICT,True,48.0,True,0,79.5006570302234,,,no_temporal_score_reference_pool
19-169306,NAME:angers loire metropole,NAME_FALLBACK,2019-11-08,2019-11-08,2023-11-08,2026-07-13,72,72319,DIGITAL_ICT,True,48.0,True,0,80.12483574244415,,,no_temporal_score_reference_pool
19-174440,NAME:sdis49,NAME_FALLBACK,2019-11-21,2020-01-07,2023-01-07,2026-07-13,32,32424,DIGITAL_ICT,True,36.0,True,1,37.94349540078844,23-8217,0.20207569524214175,no_temporal_score_reference_pool
19-166458,NAME:universite d angers,NAME_FALLBACK,2019-11-04,2019-12-12,2020-06-12,2026-07-13,,,DIGITAL_ICT,True,6.0,True,0,80.2562417871222,,,no_temporal_score_reference_pool
19-175998,NAME:communaute communes parthenay-gatine,NAME_FALLBACK,2019-11-24,2020-07-23,2021-07-23,2026-07-13,45,45212,DIGITAL_ICT,True,12.0,True,1,19.185282522996054,21-90254,0.26390267184657434,no_temporal_score_reference_pool
19-180074,NAME:mairie de coueron,NAME_FALLBACK,2019-12-02,2019-12-02,2023-12-02,2026-07-13,48,48450,DIGITAL_ICT,True,48.0,True,0,79.33639947437582,,,no_temporal_score_reference_pool
19-184490,NAME:conseil regional des pays de la loire,NAME_FALLBACK,2019-12-13,2020-04-08,2024-04-08,2026-07-13,72,72222,DIGITAL_ICT,True,48.0,True,0,78.97503285151117,,,no_temporal_score_reference_pool
19-187147,SIRET:21440184600016,RAW_SIRET,2019-12-18,2020-04-11,2024-04-11,2026-07-13,48,48219,DIGITAL_ICT,True,48.0,True,0,78.8107752956636,,,no_temporal_score_reference_pool
19-189603,NAME:nantes metropole,NAME_FALLBACK,2019-12-22,2019-12-22,2020-06-22,2026-07-13,64,64200,DIGITAL_ICT,True,6.0,True,1,2.726675427069645,20-37940,0.22407474482453682,no_temporal_score_reference_pool
19-191665,NAME:nantes metropole,NAME_FALLBACK,2019-12-26,2019-12-26,2023-12-26,2026-07-13,72,72250,DIGITAL_ICT,True,48.0,True,1,51.28120893561103,24-39718,0.2552141161694301,no_temporal_score_reference_pool
19-180996,NAME:cte de cnes du pays d ancenis,NAME_FALLBACK,2019-12-03,2019-12-03,2020-06-03,2026-07-13,44,44115,DIGITAL_ICT,True,6.0,True,0,79.30354796320631,,,no_temporal_score_reference_pool
19-185581,NAME:departement de maine-et-loire,NAME_FALLBACK,2019-12-20,2019-12-20,2022-12-20,2026-07-13,32,32353,DIGITAL_ICT,True,36.0,True,0,78.74507227332457,,,no_temporal_score_reference_pool
19-190109,NAME:montrevault-sur-evre,NAME_FALLBACK,2019-12-20,2019-12-20,2023-12-20,2026-07-13,35,35261,DIGITAL_ICT,True,48.0,True,0,78.74507227332457,,,no_temporal_score_reference_pool
19-187630,SIRET:22850001300658,RAW_SIRET,2019-12-19,2020-04-18,2023-04-18,2026-07-13,32,32322,DIGITAL_ICT,True,36.0,True,1,42.18134034165571,23-87983,0.23711726557588775,no_temporal_score_reference_pool
19-189255,NAME:communaute de cnes terres de montaigu,NAME_FALLBACK,2019-12-21,2020-04-29,2022-04-29,2026-07-13,30,30120,DIGITAL_ICT,True,24.0,True,0,78.71222076215506,,,no_temporal_score_reference_pool
19-181049,NAME:cci de region bretagne,NAME_FALLBACK,2019-12-05,2020-11-06,2024-11-06,2026-07-13,72,72212,DIGITAL_ICT,True,48.0,True,0,79.23784494086728,,,no_temporal_score_reference_pool
19-183493,NAME:commune de beaufort en anjou,NAME_FALLBACK,2019-12-11,2020-03-21,2023-03-21,2026-07-13,32,32323,DIGITAL_ICT,True,36.0,True,0,79.0407358738502,,,no_temporal_score_reference_pool
19-190057,NAME:sdis 44,NAME_FALLBACK,2019-12-22,2019-12-22,2021-12-22,2026-07-13,30,30230,DIGITAL_ICT,True,24.0,True,1,25.45992115637319,22-17364,0.19363329821014097,no_temporal_score_reference_pool
19-185562,NAME:commune de saint-herblain,NAME_FALLBACK,2019-12-12,2019-12-12,2023-12-12,2026-07-13,72,72250,DIGITAL_ICT,True,48.0,True,0,79.00788436268068,,,no_temporal_score_reference_pool
19-179524,NAME:commune de mauges sur loire,NAME_FALLBACK,2019-12-01,2020-03-19,2023-03-19,2026-07-13,32,32550,DIGITAL_ICT,True,36.0,True,0,79.36925098554534,,,no_temporal_score_reference_pool
19-180395,NAME:e-collectivites vendee,NAME_FALLBACK,2019-12-04,2020-05-13,2024-05-13,2026-07-13,48,48000,DIGITAL_ICT,True,48.0,True,1,47.50328515111695,23-161829,0.4941111974502224,no_temporal_score_reference_pool
19-184300,NAME:cdc du pays de saint gilles cx de vie,NAME_FALLBACK,2019-12-12,2020-02-13,2023-02-13,2026-07-13,32,32321,DIGITAL_ICT,True,36.0,True,0,79.00788436268068,,,no_temporal_score_reference_pool
19-185443,NAME:cte de cnes du pays d ancenis,NAME_FALLBACK,2019-12-12,2019-12-12,2023-12-12,2026-07-13,48,48730,DIGITAL_ICT,True,48.0,True,0,79.00788436268068,,,no_temporal_score_reference_pool
19-189628,NAME:nantes metropole,NAME_FALLBACK,2019-12-20,2019-12-20,2020-06-20,2026-07-13,,,DIGITAL_ICT,True,6.0,True,0,78.74507227332457,,,no_temporal_score_reference_pool
19-182466,NAME:ville de nantes,NAME_FALLBACK,2019-12-06,2019-12-06,2020-06-06,2026-07-13,,,DIGITAL_ICT,True,6.0,True,0,79.20499342969777,,,no_temporal_score_reference_pool
19-181393,SIRET:22850001300658,RAW_SIRET,2019-12-06,2020-04-24,2024-04-24,2026-07-13,72,72400,DIGITAL_ICT,True,48.0,True,1,53.350854139290405,24-57038,0.2774699919557565,no_temporal_score_reference_pool
19-189641,NAME:communaute de cnes terres de montaigu,NAME_FALLBACK,2019-12-22,2020-08-07,2024-08-07,2026-07-13,72,72315,DIGITAL_ICT,True,48.0,True,0,78.67936925098554,,,no_temporal_score_reference_pool
19-190328,NAME:universite d angers,NAME_FALLBACK,2019-12-22,2020-06-14,2023-06-14,2026-07-13,32,32321,DIGITAL_ICT,True,36.0,True,0,78.67936925098554,,,no_temporal_score_reference_pool
19-187364,NAME:cc loir luce berce,NAME_FALLBACK,2019-12-17,2020-03-23,2021-03-23,2026-07-13,45,45210,DIGITAL_ICT,True,12.0,True,0,78.84362680683311,,,no_temporal_score_reference_pool
19-184042,NAME:commune de nantes,NAME_FALLBACK,2019-12-12,2019-12-12,2020-06-12,2026-07-13,44,44621,DIGITAL_ICT,True,6.0,True,0,79.00788436268068,,,no_temporal_score_reference_pool
19-191316,SIRET:21440184600016,RAW_SIRET,2019-12-25,2020-07-01,2021-01-01,2026-07-13,51,51610,DIGITAL_ICT,True,6.0,True,0,78.580814717477,,,no_temporal_score_reference_pool
19-178825,NAME:commune de nantes,NAME_FALLBACK,2019-12-03,2019-12-03,2020-12-03,2026-07-13,45,45311,DIGITAL_ICT,True,12.0,True,0,79.30354796320631,,,no_temporal_score_reference_pool
19-186303,NAME:commune de saint nazaire,NAME_FALLBACK,2019-12-13,2020-03-25,2020-09-25,2026-07-13,,,DIGITAL_ICT,True,6.0,True,0,78.97503285151117,,,no_temporal_score_reference_pool
20-4011,NAME:cnieg,NAME_FALLBACK,2020-01-12,2020-06-27,2024-06-27,2026-07-13,72,72224,DIGITAL_ICT,True,48.0,True,0,77.98948751642575,,,no_temporal_score_reference_pool
20-10119,SIRET:22850001300658,RAW_SIRET,2020-01-24,2020-12-20,2024-12-20,2026-07-13,72,72400,DIGITAL_ICT,True,48.0,True,0,77.59526938239159,,,no_temporal_score_reference_pool
20-12202,NAME:conseil regional des pays de la loire,NAME_FALLBACK,2020-01-26,2020-07-01,2024-07-01,2026-07-13,72,72000,DIGITAL_ICT,True,48.0,True,0,77.52956636005256,,,no_temporal_score_reference_pool
20-10746,NAME:mairie de la chapelle sur erdre,NAME_FALLBACK,2020-01-23,2020-01-23,2020-07-23,2026-07-13,,,DIGITAL_ICT,True,6.0,True,0,77.6281208935611,,,no_temporal_score_reference_pool
20-13755,NAME:departement de la sarthe,NAME_FALLBACK,2020-01-28,2020-01-28,2024-01-28,2026-07-13,72,72220,DIGITAL_ICT,True,48.0,True,0,77.46386333771353,,,no_temporal_score_reference_pool
20-5049,NAME:commune de nantes,NAME_FALLBACK,2020-01-13,2020-01-13,2020-07-13,2026-07-13,,,DIGITAL_ICT,True,6.0,True,0,77.95663600525624,,,no_temporal_score_reference_pool
20-5957,SIRET:23440003400026,RAW_SIRET,2020-01-16,2020-01-16,2024-01-16,2026-07-13,72,72000,DIGITAL_ICT,True,48.0,True,1,44.415243101182654,23-134735,0.5414425214277978,no_temporal_score_reference_pool
20-4259,NAME:sydela,NAME_FALLBACK,2020-01-12,2020-04-01,2024-04-01,2026-07-13,48,48000,DIGITAL_ICT,True,48.0,True,0,77.98948751642575,,,no_temporal_score_reference_pool
20-6485,NAME:cnieg,NAME_FALLBACK,2020-01-19,2020-07-12,2024-07-12,2026-07-13,72,72250,DIGITAL_ICT,True,48.0,True,0,77.75952693823916,,,no_temporal_score_reference_pool
20-10180,NAME:chd vendee,NAME_FALLBACK,2020-01-24,2020-07-01,2023-07-01,2026-07-13,32,32323,DIGITAL_ICT,True,36.0,True,0,77.59526938239159,,,no_temporal_score_reference_pool
20-6019,NAME:cte de communes de la region de blain,NAME_FALLBACK,2020-01-14,2020-01-14,2024-01-14,2026-07-13,48,48000,DIGITAL_ICT,True,48.0,True,0,77.92378449408673,,,no_temporal_score_reference_pool
20-8882,NAME:ville d angers,NAME_FALLBACK,2020-01-20,2020-01-20,2024-01-20,2026-07-13,35,35811,DIGITAL_ICT,True,48.0,True,0,77.72667542706965,,,no_temporal_score_reference_pool
20-13447,NAME:inra angers nantes,NAME_FALLBACK,2020-01-28,2020-11-05,2024-11-05,2026-07-13,72,72415,DIGITAL_ICT,True,48.0,True,0,77.46386333771353,,,no_temporal_score_reference_pool
20-2441,SIRET:21720181300011,RAW_SIRET,2020-01-10,2020-07-22,2023-07-22,2026-07-13,32,32353,DIGITAL_ICT,True,36.0,True,1,41.22864651773981,23-83529,0.9795839960135768,no_temporal_score_reference_pool
20-8874,NAME:ministere des affaires etrangeres,NAME_FALLBACK,2020-01-22,2020-11-06,2024-11-06,2026-07-13,72,72411,DIGITAL_ICT,True,48.0,True,0,77.66097240473061,,,no_temporal_score_reference_pool
20-12070,NAME:nantes metropole,NAME_FALLBACK,2020-01-26,2020-01-26,2024-01-26,2026-07-13,72,72250,DIGITAL_ICT,True,48.0,True,1,50.26281208935611,24-39718,0.24746941769651892,no_temporal_score_reference_pool
20-8845,SIRET:23440003400026,RAW_SIRET,2020-01-22,2020-05-27,2024-05-27,2026-07-13,79,79530,DIGITAL_ICT,True,48.0,True,1,53.679369250985545,24-81981,0.6400000000000001,no_temporal_score_reference_pool
20-11000,NAME:nantes metropole,NAME_FALLBACK,2020-01-25,2020-01-25,2024-01-25,2026-07-13,48,48000,DIGITAL_ICT,True,48.0,True,1,43.95532194480946,23-125766,0.5405591348421004,no_temporal_score_reference_pool
19-176963,NAME:angers loire metropole,NAME_FALLBACK,2020-01-06,2020-01-06,2024-01-06,2026-07-13,72,72212,DIGITAL_ICT,True,48.0,True,0,78.18659658344284,,,no_temporal_score_reference_pool
20-8243,NAME:oti du pays de st gilles croix de vie,NAME_FALLBACK,2020-01-17,2020-01-17,2021-01-17,2026-07-13,45,45212,DIGITAL_ICT,True,12.0,True,0,77.82522996057818,,,no_temporal_score_reference_pool
20-9474,NAME:conseil departemental loire-atlantique,NAME_FALLBACK,2020-01-21,2020-01-21,2024-01-21,2026-07-13,35,35261,DIGITAL_ICT,True,48.0,True,0,77.69382391590013,,,no_temporal_score_reference_pool
20-15455,NAME:departement de la sarthe,NAME_FALLBACK,2020-01-31,2020-01-31,2024-01-31,2026-07-13,72,72220,DIGITAL_ICT,True,48.0,True,0,77.365308804205,,,no_temporal_score_reference_pool
20-16042,NAME:departement de la sarthe,NAME_FALLBACK,2020-01-31,2020-01-31,2024-01-31,2026-07-13,72,72220,DIGITAL_ICT,True,48.0,True,0,77.365308804205,,,no_temporal_score_reference_pool
20-10269,NAME:angers loire metropole,NAME_FALLBACK,2020-01-30,2021-04-03,2025-04-03,2026-07-13,48,48627,DIGITAL_ICT,True,48.0,True,0,77.39816031537451,,,no_temporal_score_reference_pool
20-17802,SIRET:22850001300658,RAW_SIRET,2020-02-06,2020-12-02,2024-12-02,2026-07-13,72,72416,DIGITAL_ICT,True,48.0,True,1,52.29960578186597,24-69165,0.2138340352858494,no_temporal_score_reference_pool
20-23861,SIRET:28720026500018,RAW_SIRET,2020-02-16,2020-06-07,2024-06-07,2026-07-13,35,35120,DIGITAL_ICT,True,48.0,True,0,76.83968462549278,,,no_temporal_score_reference_pool
20-17362,NAME:vendee habitat - oph de vendee,NAME_FALLBACK,2020-02-04,2020-02-04,2024-02-04,2026-07-13,72,72310,DIGITAL_ICT,True,48.0,True,0,77.23390275952694,,,no_temporal_score_reference_pool
20-31194,NAME:commune de reze,NAME_FALLBACK,2020-02-28,2020-02-28,2024-02-28,2026-07-13,48,48822,DIGITAL_ICT,True,48.0,True,0,76.4454664914586,,,no_temporal_score_reference_pool
20-23104,NAME:reseau canope,NAME_FALLBACK,2020-02-15,2021-01-09,2025-01-09,2026-07-13,72,72000,DIGITAL_ICT,True,48.0,True,0,76.87253613666229,,,no_temporal_score_reference_pool
20-16671,NAME:gie sesam vitale,NAME_FALLBACK,2020-02-05,2021-01-29,2025-01-29,2026-07-13,72,72611,DIGITAL_ICT,True,48.0,True,0,77.20105124835743,,,no_temporal_score_reference_pool
20-25372,NAME:universite de nantes,NAME_FALLBACK,2020-02-20,2020-07-02,2021-03-02,2026-07-13,42,42990,DIGITAL_ICT,True,8.0,True,1,9.85545335085414,20-152526,0.596111669107418,no_temporal_score_reference_pool
20-29934,NAME:ville de nantes,NAME_FALLBACK,2020-02-28,2020-02-28,2024-02-28,2026-07-13,35,35811,DIGITAL_ICT,True,48.0,True,0,76.4454664914586,,,no_temporal_score_reference_pool
20-19624,NAME:sdis de la sarthe,NAME_FALLBACK,2020-02-07,2020-06-11,2020-12-11,2026-07-13,,,DIGITAL_ICT,True,6.0,True,1,7.687253613666228,20-118393,0.22995315224637508,no_temporal_score_reference_pool
20-21049,NAME:nantes metropole,NAME_FALLBACK,2020-02-11,2020-02-11,2020-08-11,2026-07-13,,,DIGITAL_ICT,True,6.0,True,1,0.3942181340341655,20-26585,0.2219598092633215,no_temporal_score_reference_pool
20-26328,NAME:nantes metropole,NAME_FALLBACK,2020-02-21,2020-10-09,2024-10-09,2026-07-13,72,72130,DIGITAL_ICT,True,48.0,True,1,55.88042049934297,24-119150,0.25684702389085756,no_temporal_score_reference_pool
20-26585,NAME:nantes metropole,NAME_FALLBACK,2020-02-23,2021-01-07,2025-01-07,2026-07-13,72,72250,DIGITAL_ICT,True,48.0,True,1,56.47174770039422,24-126812,0.2775123876078978,no_temporal_score_reference_pool
20-20633,NAME:semitan,NAME_FALLBACK,2020-02-10,2020-02-10,2024-02-10,2026-07-13,35,35120,DIGITAL_ICT,True,48.0,True,0,77.03679369250986,,,no_temporal_score_reference_pool
20-22311,NAME:cte de communes du pays des herbiers,NAME_FALLBACK,2020-02-17,2020-02-17,2022-02-17,2026-07-13,30,30236,DIGITAL_ICT,True,24.0,True,0,76.80683311432325,,,no_temporal_score_reference_pool
20-20672,SIRET:22850001300658,RAW_SIRET,2020-02-12,2020-12-12,2024-12-12,2026-07-13,72,72400,DIGITAL_ICT,True,48.0,True,1,52.10249671484888,24-69165,0.21392758770628756,no_temporal_score_reference_pool
20-25276,NAME:nantes metropole,NAME_FALLBACK,2020-02-21,2021-01-01,2023-01-01,2026-07-13,30,30121,DIGITAL_ICT,True,24.0,True,0,76.67542706964521,,,no_temporal_score_reference_pool
20-27109,NAME:ville de bouguenais,NAME_FALLBACK,2020-02-23,2020-03-19,2023-03-19,2026-07-13,32,32400,DIGITAL_ICT,True,36.0,True,0,76.60972404730617,,,no_temporal_score_reference_pool
20-28158,NAME:sgami ouest,NAME_FALLBACK,2020-02-26,2020-08-30,2024-08-30,2026-07-13,35,35113,DIGITAL_ICT,True,48.0,True,0,76.51116951379764,,,no_temporal_score_reference_pool
20-23004,NAME:chd vendee,NAME_FALLBACK,2020-02-13,2020-02-13,2023-02-13,2026-07-13,71,71000,DIGITAL_ICT,True,36.0,True,0,76.93823915900131,,,no_temporal_score_reference_pool
20-19709,NAME:cc sud vendee littoral,NAME_FALLBACK,2020-02-07,2020-02-07,2020-08-07,2026-07-13,,,DIGITAL_ICT,True,6.0,True,0,77.1353482260184,,,no_temporal_score_reference_pool
20-19986,NAME:chu de nantes,NAME_FALLBACK,2020-02-09,2020-02-09,2023-02-09,2026-07-13,32,32510,DIGITAL_ICT,True,36.0,True,1,35.11826544021025,23-6398,0.2669995617373577,no_temporal_score_reference_pool
20-23136,NAME:ferme experimentale laitiere des trino,NAME_FALLBACK,2020-02-15,2020-04-30,2020-10-30,2026-07-13,16,16000,DIGITAL_ICT,True,6.0,True,0,76.87253613666229,,,no_temporal_score_reference_pool
20-27358,NAME:gie sesam vitale,NAME_FALLBACK,2020-02-23,2021-01-15,2025-01-15,2026-07-13,72,72314,DIGITAL_ICT,True,48.0,True,0,76.60972404730617,,,no_temporal_score_reference_pool
20-27417,NAME:chu de nantes,NAME_FALLBACK,2020-02-23,2020-02-23,2020-08-23,2026-07-13,33,33696,DIGITAL_ICT,True,6.0,True,1,3.350854139290407,20-70773,0.7066693925908976,no_temporal_score_reference_pool
20-21590,NAME:institut mines-telecom atlantique,NAME_FALLBACK,2020-02-11,2020-02-11,2020-08-11,2026-07-13,,,DIGITAL_ICT,True,6.0,True,0,77.00394218134034,,,no_temporal_score_reference_pool
20-15000,NAME:cci nantes saint-nazaire,NAME_FALLBACK,2020-02-01,2020-02-01,2024-02-01,2026-07-13,72,72212,DIGITAL_ICT,True,48.0,True,0,77.33245729303547,,,no_temporal_score_reference_pool
20-29244,NAME:commune de nantes,NAME_FALLBACK,2020-02-27,2020-02-27,2024-02-27,2026-07-13,35,35300,DIGITAL_ICT,True,48.0,True,0,76.47831800262811,,,no_temporal_score_reference_pool
20-25157,NAME:departement de la sarthe,NAME_FALLBACK,2020-02-18,2020-02-18,2024-02-18,2026-07-13,72,72220,DIGITAL_ICT,True,48.0,True,0,76.77398160315374,,,no_temporal_score_reference_pool
20-19626,NAME:sdis de la sarthe,NAME_FALLBACK,2020-02-07,2020-06-11,2020-12-11,2026-07-13,,,DIGITAL_ICT,True,6.0,True,1,7.687253613666228,20-118393,0.2902510005155685,no_temporal_score_reference_pool
20-21555,NAME:epcc esbanm,NAME_FALLBACK,2020-02-12,2020-02-12,2024-02-12,2026-07-13,48,48800,DIGITAL_ICT,True,48.0,True,0,76.97109067017082,,,no_temporal_score_reference_pool
20-17796,NAME:cc vendee grand littoral,NAME_FALLBACK,2020-02-04,2020-02-04,2020-08-04,2026-07-13,,,DIGITAL_ICT,True,6.0,True,0,77.23390275952694,,,no_temporal_score_reference_pool
20-31457,NAME:angers loire metropole,NAME_FALLBACK,2020-03-04,2020-08-26,2022-08-26,2026-07-13,30,30197,DIGITAL_ICT,True,24.0,True,0,76.28120893561103,,,no_temporal_score_reference_pool
20-32737,SIRET:23440003400026,RAW_SIRET,2020-03-05,2021-01-02,2025-01-02,2026-07-13,72,72212,DIGITAL_ICT,True,48.0,True,0,76.24835742444152,,,no_temporal_score_reference_pool
20-35774,NAME:conseil departemental loire-atlantique,NAME_FALLBACK,2020-03-11,2020-11-26,2024-11-26,2026-07-13,72,72600,DIGITAL_ICT,True,48.0,True,0,76.05124835742444,,,no_temporal_score_reference_pool
20-35779,SIRET:22850001300658,RAW_SIRET,2020-03-11,2020-08-14,2023-08-14,2026-07-13,50,50312,DIGITAL_ICT,True,36.0,True,1,36.530880420499344,23-41648,0.19153023944193098,no_temporal_score_reference_pool
20-37940,NAME:nantes metropole,NAME_FALLBACK,2020-03-14,2020-03-14,2024-03-14,2026-07-13,79,79132,DIGITAL_ICT,True,48.0,True,1,43.19973718791064,23-144303,0.3283850466933721,no_temporal_score_reference_pool
20-40507,NAME:ctre hosp universitaire angers,NAME_FALLBACK,2020-03-17,2020-03-17,2023-03-17,2026-07-13,50,50324,DIGITAL_ICT,True,36.0,True,0,75.85413929040736,,,no_temporal_score_reference_pool
20-32603,NAME:departement de la mayenne,NAME_FALLBACK,2020-03-03,2020-03-03,2020-09-03,2026-07-13,,,DIGITAL_ICT,True,6.0,True,1,0.5256241787122208,20-42809,0.5866666666666667,no_temporal_score_reference_pool
20-35694,NAME:universite de nantes,NAME_FALLBACK,2020-03-09,2020-05-25,2020-11-25,2026-07-13,,,DIGITAL_ICT,True,6.0,True,1,4.664914586070959,20-96600,0.21238059072350554,no_temporal_score_reference_pool
20-36881,NAME:vendee grand littoral,NAME_FALLBACK,2020-03-11,2020-03-11,2020-09-11,2026-07-13,,,DIGITAL_ICT,True,6.0,True,1,0.6241787122207622,20-46786,0.49189081073396107,no_temporal_score_reference_pool
20-45001,SIRET:45151864100035,RAW_SIRET,2020-03-27,2020-06-13,2023-06-13,2026-07-13,32,32221,DIGITAL_ICT,True,36.0,True,0,75.52562417871222,,,no_temporal_score_reference_pool
20-35528,NAME:mauges communaute,NAME_FALLBACK,2020-03-09,2020-08-03,2021-02-03,2026-07-13,,,DIGITAL_ICT,True,6.0,True,0,76.11695137976346,,,no_temporal_score_reference_pool
20-46786,NAME:vendee grand littoral,NAME_FALLBACK,2020-03-30,2020-03-30,2020-09-30,2026-07-13,,,DIGITAL_ICT,True,6.0,True,0,75.42706964520367,,,no_temporal_score_reference_pool
20-38676,NAME:commune de nantes,NAME_FALLBACK,2020-03-15,2020-03-15,2024-03-15,2026-07-13,48,48000,DIGITAL_ICT,True,48.0,True,0,75.91984231274638,,,no_temporal_score_reference_pool
20-32203,NAME:nantes metropole,NAME_FALLBACK,2020-03-06,2020-03-06,2024-03-06,2026-07-13,72,72227,DIGITAL_ICT,True,48.0,True,1,51.70827858081472,24-75502,0.8162014674985483,no_temporal_score_reference_pool
20-42809,NAME:departement de la mayenne,NAME_FALLBACK,2020-03-19,2020-03-19,2024-03-19,2026-07-13,79,79933,DIGITAL_ICT,True,48.0,True,0,75.78843626806834,,,no_temporal_score_reference_pool
20-34799,NAME:ecole nationale superieure maritime,NAME_FALLBACK,2020-03-08,2020-03-08,2024-03-08,2026-07-13,48,48190,DIGITAL_ICT,True,48.0,True,0,76.14980289093299,,,no_temporal_score_reference_pool
20-28749,NAME:commune de nantes,NAME_FALLBACK,2020-03-11,2020-03-11,2023-03-11,2026-07-13,32,32323,DIGITAL_ICT,True,36.0,True,0,76.05124835742444,,,no_temporal_score_reference_pool
20-31844,NAME:universite de nantes,NAME_FALLBACK,2020-03-04,2020-06-17,2024-06-17,2026-07-13,72,72261,DIGITAL_ICT,True,48.0,True,0,76.28120893561103,,,no_temporal_score_reference_pool
20-38453,NAME:laval agglomeration,NAME_FALLBACK,2020-03-15,2020-07-02,2022-07-02,2026-07-13,30,30121,DIGITAL_ICT,True,24.0,True,0,75.91984231274638,,,no_temporal_score_reference_pool
20-34392,NAME:nantes metropole,NAME_FALLBACK,2020-03-11,2020-03-11,2024-03-11,2026-07-13,72,72250,DIGITAL_ICT,True,48.0,True,1,48.78449408672799,24-39718,0.25491471394062937,no_temporal_score_reference_pool
20-37796,NAME:communaute d agglomeration du niortais,NAME_FALLBACK,2020-03-12,2020-03-12,2024-03-12,2026-07-13,72,72267,DIGITAL_ICT,True,48.0,True,1,48.06176084099869,24-30786,0.3086744611456364,no_temporal_score_reference_pool
20-39206,NAME:ctre hosp universitaire angers,NAME_FALLBACK,2020-03-16,2020-03-16,2023-03-16,2026-07-13,50,50324,DIGITAL_ICT,True,36.0,True,0,75.88699080157687,,,no_temporal_score_reference_pool
20-58079,SIRET:22850001300658,RAW_SIRET,2020-04-30,2020-10-03,2024-10-03,2026-07-13,79,79512,DIGITAL_ICT,True,48.0,True,1,49.5400788436268,24-69165,0.22857458754763932,no_temporal_score_reference_pool
20-56877,NAME:ville d ecouflant,NAME_FALLBACK,2020-04-24,2020-04-24,2023-04-24,2026-07-13,32,32323,DIGITAL_ICT,True,36.0,True,0,74.60578186596584,,,no_temporal_score_reference_pool
20-48471,NAME:sonadev gie,NAME_FALLBACK,2020-04-03,2020-04-03,2020-10-03,2026-07-13,,,DIGITAL_ICT,True,6.0,True,0,75.29566360052563,,,no_temporal_score_reference_pool
20-45942,SIRET:22490001900015,RAW_SIRET,2020-04-12,2020-08-02,2022-08-02,2026-07-13,30,30192,DIGITAL_ICT,True,24.0,True,0,75.0,,,no_temporal_score_reference_pool
20-47300,SIRET:19490970100303,RAW_SIRET,2020-04-02,2020-10-14,2024-10-14,2026-07-13,48,48730,DIGITAL_ICT,True,48.0,True,0,75.32851511169514,,,no_temporal_score_reference_pool
20-47918,NAME:oniris,NAME_FALLBACK,2020-04-04,2020-08-05,2022-08-05,2026-07-13,30,30120,DIGITAL_ICT,True,24.0,True,0,75.26281208935612,,,no_temporal_score_reference_pool
20-52846,NAME:sdis de la mayenne,NAME_FALLBACK,2020-04-17,2020-12-12,2024-12-12,2026-07-13,35,35110,DIGITAL_ICT,True,48.0,True,0,74.83574244415243,,,no_temporal_score_reference_pool
20-54283,NAME:nantes metropole,NAME_FALLBACK,2020-04-23,2020-04-23,2024-04-23,2026-07-13,72,72250,DIGITAL_ICT,True,48.0,True,1,47.3718791064389,24-39718,0.25491471394062937,no_temporal_score_reference_pool
20-53038,NAME:ville de thouare-sur-loire,NAME_FALLBACK,2020-04-16,2020-04-16,2022-04-16,2026-07-13,30,30230,DIGITAL_ICT,True,24.0,True,0,74.86859395532194,,,no_temporal_score_reference_pool
20-49879,NAME:vendee eau,NAME_FALLBACK,2020-04-07,2020-04-07,2021-04-07,2026-07-13,38,38221,DIGITAL_ICT,True,12.0,True,0,75.16425755584757,,,no_temporal_score_reference_pool
20-48491,NAME:ville de saumur,NAME_FALLBACK,2020-04-03,2020-04-03,2020-10-03,2026-07-13,,,DIGITAL_ICT,True,6.0,True,0,75.29566360052563,,,no_temporal_score_reference_pool
20-51762,NAME:srd,NAME_FALLBACK,2020-04-18,2020-09-19,2024-09-19,2026-07-13,72,72514,DIGITAL_ICT,True,48.0,True,0,74.80289093298292,,,no_temporal_score_reference_pool
20-56147,NAME:commune de ombree d anjou,NAME_FALLBACK,2020-04-23,2020-04-23,2023-04-23,2026-07-13,32,32400,DIGITAL_ICT,True,36.0,True,0,74.63863337713535,,,no_temporal_score_reference_pool
20-50348,NAME:cte de communes de la region de blain,NAME_FALLBACK,2020-04-08,2020-08-14,2024-08-14,2026-07-13,72,72000,DIGITAL_ICT,True,48.0,True,0,75.13140604467806,,,no_temporal_score_reference_pool
20-50911,NAME:sdis 44,NAME_FALLBACK,2020-04-11,2020-08-08,2024-08-08,2026-07-13,48,48820,DIGITAL_ICT,True,48.0,True,0,75.03285151116951,,,no_temporal_score_reference_pool
20-49949,NAME:nantes metropole,NAME_FALLBACK,2020-04-30,2020-10-15,2024-10-15,2026-07-13,48,48822,DIGITAL_ICT,True,48.0,True,0,74.40867279894876,,,no_temporal_score_reference_pool
20-47343,NAME:cci metropolitaine bretagne ouest,NAME_FALLBACK,2020-04-02,2020-04-02,2024-04-02,2026-07-13,48,48100,DIGITAL_ICT,True,48.0,True,0,75.32851511169514,,,no_temporal_score_reference_pool
20-52194,NAME:mairie de coueron,NAME_FALLBACK,2020-04-14,2020-04-14,2020-10-14,2026-07-13,,,DIGITAL_ICT,True,6.0,True,0,74.93429697766098,,,no_temporal_score_reference_pool
20-47774,NAME:mauges communaute,NAME_FALLBACK,2020-04-01,2020-08-03,2021-02-03,2026-07-13,,,DIGITAL_ICT,True,6.0,True,0,75.36136662286465,,,no_temporal_score_reference_pool
20-54010,NAME:adoma,NAME_FALLBACK,2020-04-19,2020-04-19,2023-04-19,2026-07-13,32,32344,DIGITAL_ICT,True,36.0,True,0,74.77003942181341,,,no_temporal_score_reference_pool
20-54626,NAME:reseau canope,NAME_FALLBACK,2020-04-22,2020-04-22,2024-04-22,2026-07-13,48,48445,DIGITAL_ICT,True,48.0,True,0,74.67148488830486,,,no_temporal_score_reference_pool
20-47606,NAME:ch le mans,NAME_FALLBACK,2020-04-01,2020-04-01,2020-10-01,2026-07-13,44,44522,DIGITAL_ICT,True,6.0,True,0,75.36136662286465,,,no_temporal_score_reference_pool
20-49221,SIRET:22850001300658,RAW_SIRET,2020-04-08,2020-11-29,2024-11-29,2026-07-13,72,72262,DIGITAL_ICT,True,48.0,True,1,50.26281208935611,24-69165,0.22105039686258837,no_temporal_score_reference_pool
20-50446,NAME:chu de nantes,NAME_FALLBACK,2020-04-10,2021-02-10,2025-02-10,2026-07-13,72,72000,DIGITAL_ICT,True,48.0,True,0,75.06570302233902,,,no_temporal_score_reference_pool
20-48669,NAME:ville d orvault,NAME_FALLBACK,2020-04-03,2020-04-03,2024-04-03,2026-07-13,72,72322,DIGITAL_ICT,True,48.0,True,0,75.29566360052563,,,no_temporal_score_reference_pool
20-68352,NAME:conseil departemental loire-atlantique,NAME_FALLBACK,2020-05-28,2020-05-28,2024-05-28,2026-07-13,72,72611,DIGITAL_ICT,True,48.0,True,0,73.48883048620236,,,no_temporal_score_reference_pool
20-47368,NAME:angers loire metropole,NAME_FALLBACK,2020-05-26,2020-05-26,2023-05-26,2026-07-13,71,71351,DIGITAL_ICT,True,36.0,True,0,73.5545335085414,,,no_temporal_score_reference_pool
20-68370,NAME:synd dep d energie et d eqpt de vendee,NAME_FALLBACK,2020-05-26,2020-05-26,2024-05-26,2026-07-13,72,72316,DIGITAL_ICT,True,48.0,True,0,73.5545335085414,,,no_temporal_score_reference_pool
20-63872,NAME:ville de morlaix,NAME_FALLBACK,2020-05-14,2020-05-14,2020-11-14,2026-07-13,,,DIGITAL_ICT,True,6.0,True,0,73.94875164257556,,,no_temporal_score_reference_pool
20-60923,SIRET:45151864100035,RAW_SIRET,2020-05-08,2021-02-18,2024-02-18,2026-07-13,32,32342,DIGITAL_ICT,True,36.0,True,0,74.14586070959264,,,no_temporal_score_reference_pool
20-57925,NAME:la roche-sur-yon agglomeration,NAME_FALLBACK,2020-05-07,2020-10-03,2023-10-03,2026-07-13,32,32522,DIGITAL_ICT,True,36.0,True,0,74.17871222076215,,,no_temporal_score_reference_pool
20-65753,SIRET:23440003400026,RAW_SIRET,2020-05-20,2020-08-05,2024-08-05,2026-07-13,48,48810,DIGITAL_ICT,True,48.0,True,1,49.7700394218134,24-81981,0.33141326823798245,no_temporal_score_reference_pool
20-59913,NAME:conseil departemental loire-atlantique,NAME_FALLBACK,2020-05-04,2020-05-04,2024-05-04,2026-07-13,72,72268,DIGITAL_ICT,True,48.0,True,0,74.2772667542707,,,no_temporal_score_reference_pool
19-127477,NAME:angers loire metropole,NAME_FALLBACK,2020-05-02,2021-03-20,2025-03-20,2026-07-13,72,72212,DIGITAL_ICT,True,48.0,True,0,74.34296977660972,,,no_temporal_score_reference_pool
20-62727,NAME:chu de nantes,NAME_FALLBACK,2020-05-14,2021-01-24,2025-01-24,2026-07-13,72,72318,DIGITAL_ICT,True,48.0,True,0,73.94875164257556,,,no_temporal_score_reference_pool
20-65717,NAME:association e-toile,NAME_FALLBACK,2020-05-20,2020-05-20,2024-05-20,2026-07-13,72,72000,DIGITAL_ICT,True,48.0,True,0,73.75164257555848,,,no_temporal_score_reference_pool
20-66643,NAME:nantes metropole,NAME_FALLBACK,2020-05-22,2020-05-22,2024-05-22,2026-07-13,72,72250,DIGITAL_ICT,True,48.0,True,1,46.419185282523,24-39718,0.27254770997545247,no_temporal_score_reference_pool
20-68923,NAME:chu de nantes,NAME_FALLBACK,2020-05-29,2020-05-29,2024-05-29,2026-07-13,72,72321,DIGITAL_ICT,True,48.0,True,1,46.12352168199737,24-38551,0.2071427745020844,no_temporal_score_reference_pool
20-70265,SIRET:22850001300658,RAW_SIRET,2020-05-31,2020-11-26,2024-11-26,2026-07-13,35,35261,DIGITAL_ICT,True,48.0,True,0,73.39027595269383,,,no_temporal_score_reference_pool
20-61243,NAME:angers nantes opera syndicat mixte,NAME_FALLBACK,2020-05-07,2020-05-07,2020-11-07,2026-07-13,,,DIGITAL_ICT,True,6.0,True,1,0.3942181340341655,20-60975,0.5866666666666667,no_temporal_score_reference_pool
20-63787,NAME:lycee livet,NAME_FALLBACK,2020-05-14,2020-05-14,2022-05-14,2026-07-13,30,30230,DIGITAL_ICT,True,24.0,True,0,73.94875164257556,,,no_temporal_score_reference_pool
20-60975,NAME:angers nantes opera syndicat mixte,NAME_FALLBACK,2020-05-19,2020-05-19,2024-05-19,2026-07-13,48,48451,DIGITAL_ICT,True,48.0,True,0,73.78449408672799,,,no_temporal_score_reference_pool
20-59734,NAME:gpm de nantes - st nazaire,NAME_FALLBACK,2020-05-06,2020-10-01,2022-10-01,2026-07-13,30,30200,DIGITAL_ICT,True,24.0,True,0,74.21156373193166,,,no_temporal_score_reference_pool
20-67439,NAME:sdis 44,NAME_FALLBACK,2020-05-25,2020-05-25,2024-05-25,2026-07-13,35,35112,DIGITAL_ICT,True,48.0,True,0,73.58738501971091,,,no_temporal_score_reference_pool
20-66280,NAME:angers loire metropole,NAME_FALLBACK,2020-05-28,2021-04-18,2025-04-18,2026-07-13,72,72212,DIGITAL_ICT,True,48.0,True,0,73.48883048620236,,,no_temporal_score_reference_pool
20-70268,NAME:commune de saint nazaire,NAME_FALLBACK,2020-05-29,2020-10-01,2024-10-01,2026-07-13,72,72700,DIGITAL_ICT,True,48.0,True,0,73.45597897503285,,,no_temporal_score_reference_pool
20-61130,NAME:ville de bouguenais,NAME_FALLBACK,2020-05-08,2020-10-25,2023-10-25,2026-07-13,32,32400,DIGITAL_ICT,True,36.0,True,0,74.14586070959264,,,no_temporal_score_reference_pool
20-61728,SIRET:22850001300658,RAW_SIRET,2020-05-09,2020-11-26,2024-11-26,2026-07-13,72,72212,DIGITAL_ICT,True,48.0,True,1,49.24441524310118,24-69165,0.21621194885627848,no_temporal_score_reference_pool
20-59788,NAME:vendee eau,NAME_FALLBACK,2020-05-04,2020-05-04,2021-05-04,2026-07-13,38,38221,DIGITAL_ICT,True,12.0,True,0,74.2772667542707,,,no_temporal_score_reference_pool
20-60892,NAME:angers nantes opera syndicat mixte,NAME_FALLBACK,2020-05-06,2020-05-06,2020-11-06,2026-07-13,,,DIGITAL_ICT,True,6.0,True,1,0.4270696452036793,20-60975,0.5866666666666667,no_temporal_score_reference_pool
20-51119,NAME:ca pornic agglo pays de retz,NAME_FALLBACK,2020-05-11,2020-05-11,2020-11-11,2026-07-13,,,DIGITAL_ICT,True,6.0,True,1,5.88042049934297,20-135282,0.19330765488020182,no_temporal_score_reference_pool
20-68622,NAME:commune de nantes,NAME_FALLBACK,2020-05-27,2020-05-27,2020-11-27,2026-07-13,,,DIGITAL_ICT,True,6.0,True,0,73.52168199737189,,,no_temporal_score_reference_pool
20-64610,NAME:cnieg,NAME_FALLBACK,2020-05-17,2020-10-21,2024-10-21,2026-07-13,72,72220,DIGITAL_ICT,True,48.0,True,0,73.85019710906701,,,no_temporal_score_reference_pool
20-67250,NAME:rectorat de l academie de nantes,NAME_FALLBACK,2020-05-22,2020-05-22,2023-05-22,2026-07-13,32,32544,DIGITAL_ICT,True,36.0,True,0,73.68593955321944,,,no_temporal_score_reference_pool
20-77272,NAME:universite du maine,NAME_FALLBACK,2020-06-16,2020-10-28,2021-06-28,2026-07-13,42,42612,DIGITAL_ICT,True,8.0,True,0,72.8646517739816,,,no_temporal_score_reference_pool
20-79138,NAME:agce pour l enst fr a l etranger,NAME_FALLBACK,2020-06-19,2020-06-19,2023-06-19,2026-07-13,32,32410,DIGITAL_ICT,True,36.0,True,0,72.76609724047306,,,no_temporal_score_reference_pool
20-71610,NAME:metropole nantes metropole,NAME_FALLBACK,2020-06-07,2020-06-07,2024-06-07,2026-07-13,72,72310,DIGITAL_ICT,True,48.0,True,0,73.16031537450722,,,no_temporal_score_reference_pool
20-75569,NAME:crous de nantes,NAME_FALLBACK,2020-06-14,2020-11-14,2024-11-14,2026-07-13,72,72150,DIGITAL_ICT,True,48.0,True,0,72.93035479632063,,,no_temporal_score_reference_pool
20-72791,SIRET:88324710800011,RAW_SIRET,2020-06-07,2020-10-10,2024-10-10,2026-07-13,72,72224,DIGITAL_ICT,True,48.0,True,0,73.16031537450722,,,no_temporal_score_reference_pool
20-74255,NAME:ctre hosp universitaire angers,NAME_FALLBACK,2020-06-10,2020-06-10,2023-06-10,2026-07-13,50,50324,DIGITAL_ICT,True,36.0,True,0,73.06176084099869,,,no_temporal_score_reference_pool
20-70855,NAME:conseil regional des pays de la loire,NAME_FALLBACK,2020-06-02,2020-06-02,2023-06-02,2026-07-13,32,32353,DIGITAL_ICT,True,36.0,True,0,73.32457293035479,,,no_temporal_score_reference_pool
20-72017,NAME:sdis 85,NAME_FALLBACK,2020-06-04,2020-06-04,2024-06-04,2026-07-13,35,35112,DIGITAL_ICT,True,48.0,True,0,73.25886990801577,,,no_temporal_score_reference_pool
20-82730,NAME:soc publique reg abe de fontevraud,NAME_FALLBACK,2020-06-29,2020-06-29,2022-06-29,2026-07-13,30,30200,DIGITAL_ICT,True,24.0,True,0,72.43758212877792,,,no_temporal_score_reference_pool
20-71496,SIRET:22850001300658,RAW_SIRET,2020-06-05,2021-02-19,2025-02-19,2026-07-13,79,79980,DIGITAL_ICT,True,48.0,True,0,73.22601839684626,,,no_temporal_score_reference_pool
20-70680,SIRET:22490001900015,RAW_SIRET,2020-06-06,2020-08-02,2023-08-02,2026-07-13,32,32400,DIGITAL_ICT,True,36.0,True,0,73.19316688567675,,,no_temporal_score_reference_pool
20-72064,NAME:dir ouest,NAME_FALLBACK,2020-06-06,2020-06-06,2023-06-06,2026-07-13,32,32344,DIGITAL_ICT,True,36.0,True,0,73.19316688567675,,,no_temporal_score_reference_pool
20-76288,NAME:laval agglomeration,NAME_FALLBACK,2020-06-17,2020-06-17,2024-06-17,2026-07-13,35,35261,DIGITAL_ICT,True,48.0,True,0,72.8318002628121,,,no_temporal_score_reference_pool
20-78012,NAME:nantes metropole,NAME_FALLBACK,2020-06-18,2020-06-18,2024-06-18,2026-07-13,48,48761,DIGITAL_ICT,True,48.0,True,0,72.79894875164257,,,no_temporal_score_reference_pool
20-70773,NAME:chu de nantes,NAME_FALLBACK,2020-06-04,2021-02-14,2021-08-14,2026-07-13,33,33696,DIGITAL_ICT,True,6.0,True,0,73.25886990801577,,,no_temporal_score_reference_pool
20-75743,NAME:cte de communes d erdre et gesvres,NAME_FALLBACK,2020-06-12,2020-06-12,2020-12-12,2026-07-13,,,DIGITAL_ICT,True,6.0,True,0,72.99605781865966,,,no_temporal_score_reference_pool
20-78232,NAME:departement de maine-et-loire,NAME_FALLBACK,2020-06-18,2020-06-18,2020-12-18,2026-07-13,,,DIGITAL_ICT,True,6.0,True,0,72.79894875164257,,,no_temporal_score_reference_pool
20-81059,NAME:mauges communaute,NAME_FALLBACK,2020-06-24,2020-06-24,2024-06-24,2026-07-13,48,48444,DIGITAL_ICT,True,48.0,True,0,72.60183968462549,,,no_temporal_score_reference_pool
20-85738,NAME:le mans metropole - communaute urbaine,NAME_FALLBACK,2020-07-03,2020-11-24,2023-11-24,2026-07-13,71,71336,DIGITAL_ICT,True,36.0,True,0,72.30617608409987,,,no_temporal_score_reference_pool
20-89025,SIRET:20008976100015,RAW_SIRET,2020-07-12,2021-01-01,2021-07-01,2026-07-13,64,64200,DIGITAL_ICT,True,6.0,True,0,72.01051248357425,,,no_temporal_score_reference_pool
20-91088,SIRET:24720013200014,RAW_SIRET,2020-07-18,2021-05-23,2025-05-23,2026-07-13,48,48210,DIGITAL_ICT,True,48.0,True,0,71.81340341655716,,,no_temporal_score_reference_pool
20-85492,NAME:angers loire metropole,NAME_FALLBACK,2020-07-22,2021-01-07,2024-01-07,2026-07-13,32,32424,DIGITAL_ICT,True,36.0,True,0,71.6819973718791,,,no_temporal_score_reference_pool
20-93724,SIRET:13001232100050,RAW_SIRET,2020-07-24,2020-12-17,2024-12-17,2026-07-13,72,72500,DIGITAL_ICT,True,48.0,True,0,71.61629434954008,,,no_temporal_score_reference_pool
20-94462,NAME:ch le mans,NAME_FALLBACK,2020-07-26,2020-10-10,2024-10-10,2026-07-13,48,48210,DIGITAL_ICT,True,48.0,True,0,71.55059132720105,,,no_temporal_score_reference_pool
20-88363,NAME:departement de la mayenne,NAME_FALLBACK,2020-07-09,2020-07-09,2024-07-09,2026-07-13,72,72212,DIGITAL_ICT,True,48.0,True,0,72.10906701708278,,,no_temporal_score_reference_pool
20-96647,SIRET:21440143200015,RAW_SIRET,2020-07-31,2020-11-06,2024-11-06,2026-07-13,48,48620,DIGITAL_ICT,True,48.0,True,0,71.38633377135348,,,no_temporal_score_reference_pool
20-84141,SIRET:24610066300011,RAW_SIRET,2020-07-03,2020-11-12,2024-11-12,2026-07-13,72,72514,DIGITAL_ICT,True,48.0,True,0,72.30617608409987,,,no_temporal_score_reference_pool
20-96600,NAME:universite de nantes,NAME_FALLBACK,2020-07-29,2020-10-16,2024-10-16,2026-07-13,72,72312,DIGITAL_ICT,True,48.0,True,0,71.45203679369251,,,no_temporal_score_reference_pool
20-95675,NAME:departement de maine-et-loire,NAME_FALLBACK,2020-07-28,2020-07-28,2021-01-28,2026-07-13,,,DIGITAL_ICT,True,6.0,True,0,71.48488830486203,,,no_temporal_score_reference_pool
20-85580,NAME:communaute de communes vie et boulogne,NAME_FALLBACK,2020-07-05,2020-07-05,2024-07-05,2026-07-13,72,72514,DIGITAL_ICT,True,48.0,True,0,72.24047306176084,,,no_temporal_score_reference_pool
20-94120,SIRET:13001232100050,RAW_SIRET,2020-07-25,2021-02-04,2025-02-04,2026-07-13,72,72268,DIGITAL_ICT,True,48.0,True,0,71.58344283837056,,,no_temporal_score_reference_pool
20-95579,NAME:cte de cnes du pays d ancenis,NAME_FALLBACK,2020-07-29,2021-02-24,2022-02-24,2026-07-13,38,38221,DIGITAL_ICT,True,12.0,True,0,71.45203679369251,,,no_temporal_score_reference_pool
20-86183,NAME:dragages ports,NAME_FALLBACK,2020-07-06,2020-07-06,2024-07-06,2026-07-13,35,35100,DIGITAL_ICT,True,48.0,True,0,72.20762155059133,,,no_temporal_score_reference_pool
20-91479,NAME:vendee eau,NAME_FALLBACK,2020-07-19,2021-01-24,2025-01-24,2026-07-13,72,72514,DIGITAL_ICT,True,48.0,True,0,71.78055190538765,,,no_temporal_score_reference_pool
20-93634,NAME:departement de la sarthe,NAME_FALLBACK,2020-07-22,2020-07-22,2024-07-22,2026-07-13,72,72267,DIGITAL_ICT,True,48.0,True,1,44.90801576872536,24-47243,0.2896298768449542,no_temporal_score_reference_pool
20-88353,NAME:chu de nantes,NAME_FALLBACK,2020-07-11,2020-07-11,2021-01-11,2026-07-13,33,33696,DIGITAL_ICT,True,6.0,True,0,72.04336399474376,,,no_temporal_score_reference_pool
20-91517,NAME:nantes metropole,NAME_FALLBACK,2020-07-19,2021-03-06,2022-03-06,2026-07-13,80,80511,DIGITAL_ICT,True,12.0,True,1,19.97371879106439,22-39891,0.22326916599511828,no_temporal_score_reference_pool
20-93913,NAME:commune de nantes,NAME_FALLBACK,2020-07-25,2020-07-25,2024-07-25,2026-07-13,35,35300,DIGITAL_ICT,True,48.0,True,0,71.58344283837056,,,no_temporal_score_reference_pool
20-87459,NAME:cte de cnes du pays d ancenis,NAME_FALLBACK,2020-07-08,2020-07-08,2022-07-08,2026-07-13,30,30213,DIGITAL_ICT,True,24.0,True,0,72.1419185282523,,,no_temporal_score_reference_pool
20-91116,NAME:conseil departemental loire-atlantique,NAME_FALLBACK,2020-07-16,2020-07-16,2021-01-16,2026-07-13,85,85147,DIGITAL_ICT,True,6.0,True,0,71.87910643889619,,,no_temporal_score_reference_pool
20-91874,NAME:dragages ports,NAME_FALLBACK,2020-07-17,2020-07-17,2024-07-17,2026-07-13,72,72220,DIGITAL_ICT,True,48.0,True,0,71.84625492772668,,,no_temporal_score_reference_pool
20-97584,NAME:gie sesam vitale,NAME_FALLBACK,2020-07-31,2020-07-31,2024-07-31,2026-07-13,72,72700,DIGITAL_ICT,True,48.0,True,0,71.38633377135348,,,no_temporal_score_reference_pool
20-91196,NAME:espacil habitat,NAME_FALLBACK,2020-07-19,2020-07-19,2024-07-19,2026-07-13,72,72000,DIGITAL_ICT,True,48.0,True,0,71.78055190538765,,,no_temporal_score_reference_pool
20-86796,NAME:nantes metropole,NAME_FALLBACK,2020-07-07,2020-07-07,2024-07-07,2026-07-13,72,72316,DIGITAL_ICT,True,48.0,True,0,72.17477003942182,,,no_temporal_score_reference_pool
20-96618,NAME:ch le mans,NAME_FALLBACK,2020-07-29,2020-08-13,2024-08-13,2026-07-13,48,48611,DIGITAL_ICT,True,48.0,True,0,71.45203679369251,,,no_temporal_score_reference_pool
20-87505,NAME:commune de saint nazaire,NAME_FALLBACK,2020-07-08,2020-08-24,2021-02-24,2026-07-13,,,DIGITAL_ICT,True,6.0,True,0,72.1419185282523,,,no_temporal_score_reference_pool
20-88562,SIRET:45151864100035,RAW_SIRET,2020-07-11,2021-02-12,2024-02-12,2026-07-13,32,32523,DIGITAL_ICT,True,36.0,True,0,72.04336399474376,,,no_temporal_score_reference_pool
20-89169,NAME:caf de la sarthe,NAME_FALLBACK,2020-07-12,2020-07-12,2022-07-12,2026-07-13,30,30237,DIGITAL_ICT,True,24.0,True,0,72.01051248357425,,,no_temporal_score_reference_pool
20-101410,NAME:comsopgn,NAME_FALLBACK,2020-08-15,2020-08-15,2023-08-15,2026-07-13,32,32520,DIGITAL_ICT,True,36.0,True,0,70.89356110381078,,,no_temporal_score_reference_pool
20-106379,NAME:universite d angers,NAME_FALLBACK,2020-08-29,2020-10-24,2024-10-24,2026-07-13,48,48821,DIGITAL_ICT,True,48.0,True,0,70.43363994743758,,,no_temporal_score_reference_pool
20-98264,NAME:nantes metropole,NAME_FALLBACK,2020-08-05,2020-08-05,2024-08-05,2026-07-13,72,72224,DIGITAL_ICT,True,48.0,True,1,46.71484888304862,24-75502,0.32,no_temporal_score_reference_pool
20-105702,SIRET:20007186800158,RAW_SIRET,2020-08-28,2021-02-04,2025-02-04,2026-07-13,72,72212,DIGITAL_ICT,True,48.0,True,0,70.4664914586071,,,no_temporal_score_reference_pool
20-97380,NAME:cci nantes saint-nazaire,NAME_FALLBACK,2020-08-01,2020-12-11,2024-12-11,2026-07-13,72,72400,DIGITAL_ICT,True,48.0,True,0,71.35348226018397,,,no_temporal_score_reference_pool
20-103852,NAME:ch le mans,NAME_FALLBACK,2020-08-22,2020-10-21,2024-10-21,2026-07-13,48,48450,DIGITAL_ICT,True,48.0,True,0,70.66360052562418,,,no_temporal_score_reference_pool
20-100172,NAME:communaute urbaine d alencon,NAME_FALLBACK,2020-08-07,2020-08-07,2024-08-07,2026-07-13,72,72220,DIGITAL_ICT,True,48.0,True,1,53.25229960578186,25-4360,0.23266474603085324,no_temporal_score_reference_pool
20-98214,NAME:nantes metropole,NAME_FALLBACK,2020-08-05,2020-08-05,2024-08-05,2026-07-13,72,72224,DIGITAL_ICT,True,48.0,True,1,46.71484888304862,24-75502,0.32,no_temporal_score_reference_pool
20-104420,NAME:commune de chemille en anjou,NAME_FALLBACK,2020-08-21,2020-08-21,2021-02-21,2026-07-13,,,DIGITAL_ICT,True,6.0,True,1,2.0696452036793693,20-131075,0.5866666666666667,no_temporal_score_reference_pool
20-106651,NAME:nantes metropole,NAME_FALLBACK,2020-08-28,2020-08-28,2021-02-28,2026-07-13,,,DIGITAL_ICT,True,6.0,True,0,70.4664914586071,,,no_temporal_score_reference_pool
20-98937,SIRET:24440061000055,RAW_SIRET,2020-08-06,2021-01-07,2025-01-07,2026-07-13,35,35113,DIGITAL_ICT,True,48.0,True,0,71.1892247043364,,,no_temporal_score_reference_pool
20-114106,NAME:universite d angers,NAME_FALLBACK,2020-09-19,2020-09-19,2024-09-19,2026-07-13,72,72267,DIGITAL_ICT,True,48.0,True,0,69.7437582128778,,,no_temporal_score_reference_pool
20-114632,NAME:la roche-sur-yon agglomeration,NAME_FALLBACK,2020-09-21,2020-11-02,2021-05-02,2026-07-13,22,22440,DIGITAL_ICT,True,6.0,True,0,69.67805519053877,,,no_temporal_score_reference_pool
20-115620,NAME:commune de nantes,NAME_FALLBACK,2020-09-22,2020-09-22,2024-09-22,2026-07-13,72,72600,DIGITAL_ICT,True,48.0,True,0,69.64520367936925,,,no_temporal_score_reference_pool
20-118393,NAME:sdis de la sarthe,NAME_FALLBACK,2020-09-28,2021-02-23,2025-02-23,2026-07-13,48,48820,DIGITAL_ICT,True,48.0,True,0,69.44809461235216,,,no_temporal_score_reference_pool
20-118247,NAME:commune de saint-herblain,NAME_FALLBACK,2020-09-30,2021-01-08,2025-01-08,2026-07-13,72,72250,DIGITAL_ICT,True,48.0,True,0,69.38239159001314,,,no_temporal_score_reference_pool
20-107792,NAME:com d agglo reg nazairienne estuaire,NAME_FALLBACK,2020-09-01,2021-01-12,2025-01-12,2026-07-13,72,72220,DIGITAL_ICT,True,48.0,True,0,70.33508541392904,,,no_temporal_score_reference_pool
20-111698,SIRET:23440003400026,RAW_SIRET,2020-09-13,2020-12-12,2023-12-12,2026-07-13,32,32412,DIGITAL_ICT,True,36.0,True,1,34.26412614980289,23-104062,0.32885329648505424,no_temporal_score_reference_pool
20-114714,NAME:conseil departemental loire-atlantique,NAME_FALLBACK,2020-09-20,2021-02-06,2025-02-06,2026-07-13,72,72611,DIGITAL_ICT,True,48.0,True,0,69.71090670170828,,,no_temporal_score_reference_pool
20-116086,NAME:conseil regional des pays de la loire,NAME_FALLBACK,2020-09-24,2020-09-24,2023-09-24,2026-07-13,71,71240,DIGITAL_ICT,True,36.0,True,0,69.57950065703022,,,no_temporal_score_reference_pool
20-111877,NAME:universite de nantes,NAME_FALLBACK,2020-09-11,2020-12-15,2024-12-15,2026-07-13,72,72268,DIGITAL_ICT,True,48.0,True,0,70.0065703022339,,,no_temporal_score_reference_pool
20-107502,NAME:conseil departemental loire-atlantique,NAME_FALLBACK,2020-09-04,2020-09-04,2024-09-04,2026-07-13,72,72253,DIGITAL_ICT,True,48.0,True,0,70.2365308804205,,,no_temporal_score_reference_pool
20-109382,SIRET:21440184600016,RAW_SIRET,2020-09-06,2020-12-10,2022-12-10,2026-07-13,30,30230,DIGITAL_ICT,True,24.0,True,1,28.843626806833115,23-14004,0.19713334011530603,no_temporal_score_reference_pool
20-115005,NAME:pole emploi pays de la loire,NAME_FALLBACK,2020-09-21,2020-09-21,2021-03-21,2026-07-13,,,DIGITAL_ICT,True,6.0,True,0,69.67805519053877,,,no_temporal_score_reference_pool
20-117677,NAME:conseil departemental loire-atlantique,NAME_FALLBACK,2020-09-27,2021-02-07,2023-02-07,2026-07-13,30,30230,DIGITAL_ICT,True,24.0,True,0,69.48094612352168,,,no_temporal_score_reference_pool
20-114032,NAME:ville de carquefou,NAME_FALLBACK,2020-09-17,2020-09-17,2024-09-17,2026-07-13,35,35113,DIGITAL_ICT,True,48.0,True,1,45.499342969776606,24-77664,0.7997955262855212,no_temporal_score_reference_pool
20-115241,NAME:ch le mans,NAME_FALLBACK,2020-09-23,2021-02-18,2025-02-18,2026-07-13,48,48611,DIGITAL_ICT,True,48.0,True,0,69.61235216819973,,,no_temporal_score_reference_pool
20-115663,NAME:nantes metropole,NAME_FALLBACK,2020-09-22,2020-09-22,2024-09-22,2026-07-13,72,72600,DIGITAL_ICT,True,48.0,True,0,69.64520367936925,,,no_temporal_score_reference_pool
20-119246,NAME:la roche-sur-yon agglomeration,NAME_FALLBACK,2020-09-30,2020-11-02,2021-05-02,2026-07-13,,,DIGITAL_ICT,True,6.0,True,0,69.38239159001314,,,no_temporal_score_reference_pool
20-110309,SIRET:23440003400026,RAW_SIRET,2020-09-10,2021-01-24,2025-01-24,2026-07-13,72,72220,DIGITAL_ICT,True,48.0,True,0,70.03942181340342,,,no_temporal_score_reference_pool
20-107439,NAME:centre hospitalier de laval 53,NAME_FALLBACK,2020-09-01,2020-09-01,2021-03-01,2026-07-13,,,DIGITAL_ICT,True,6.0,True,0,70.33508541392904,,,no_temporal_score_reference_pool
20-129474,NAME:spr pays de la loire,NAME_FALLBACK,2020-10-21,2020-10-21,2021-04-21,2026-07-13,,,DIGITAL_ICT,True,6.0,True,0,68.69250985545335,,,no_temporal_score_reference_pool
20-130533,NAME:communaute urbaine d alencon,NAME_FALLBACK,2020-10-23,2020-10-23,2021-10-23,2026-07-13,45,45311,DIGITAL_ICT,True,12.0,True,0,68.62680683311433,,,no_temporal_score_reference_pool
20-122193,NAME:la roche-sur-yon agglomeration,NAME_FALLBACK,2020-10-16,2020-10-16,2021-04-16,2026-07-13,,,DIGITAL_ICT,True,6.0,True,1,6.40604467805519,21-55981,0.29587598323914827,no_temporal_score_reference_pool
20-121660,NAME:departement de la mayenne,NAME_FALLBACK,2020-10-06,2020-10-06,2024-10-06,2026-07-13,72,72267,DIGITAL_ICT,True,48.0,True,0,69.18528252299606,,,no_temporal_score_reference_pool
20-130599,NAME:ville d alencon,NAME_FALLBACK,2020-10-23,2020-10-23,2021-10-23,2026-07-13,45,45311,DIGITAL_ICT,True,12.0,True,0,68.62680683311433,,,no_temporal_score_reference_pool
20-119807,NAME:ca saumur val de loire,NAME_FALLBACK,2020-10-01,2020-10-01,2023-10-01,2026-07-13,32,32321,DIGITAL_ICT,True,36.0,True,0,69.34954007884363,,,no_temporal_score_reference_pool
20-120545,NAME:dir interdepartementale des rte ouest,NAME_FALLBACK,2020-10-04,2020-12-25,2023-12-25,2026-07-13,32,32560,DIGITAL_ICT,True,36.0,True,0,69.25098554533508,,,no_temporal_score_reference_pool
20-125567,NAME:conseil regional des pays de la loire,NAME_FALLBACK,2020-10-15,2021-03-21,2025-03-21,2026-07-13,48,48800,DIGITAL_ICT,True,48.0,True,0,68.88961892247043,,,no_temporal_score_reference_pool
20-124045,SIRET:23440003400026,RAW_SIRET,2020-10-11,2021-02-10,2025-02-10,2026-07-13,72,72250,DIGITAL_ICT,True,48.0,True,0,69.02102496714849,,,no_temporal_score_reference_pool
20-130827,SIRET:37977417700016,RAW_SIRET,2020-10-25,2021-02-10,2025-02-10,2026-07-13,72,72514,DIGITAL_ICT,True,48.0,True,0,68.5611038107753,,,no_temporal_score_reference_pool
20-118996,NAME:chu de nantes,NAME_FALLBACK,2020-10-01,2021-02-24,2025-02-24,2026-07-13,72,72611,DIGITAL_ICT,True,48.0,True,0,69.34954007884363,,,no_temporal_score_reference_pool
20-122021,NAME:rectorat de l academie de nantes,NAME_FALLBACK,2020-10-06,2020-10-06,2023-10-06,2026-07-13,50,50312,DIGITAL_ICT,True,36.0,True,0,69.18528252299606,,,no_temporal_score_reference_pool
20-123845,NAME:commune du croisic,NAME_FALLBACK,2020-10-09,2020-10-09,2024-10-09,2026-07-13,48,48800,DIGITAL_ICT,True,48.0,True,0,69.08672798948751,,,no_temporal_score_reference_pool
20-131816,NAME:etablissement public foncier bretagne,NAME_FALLBACK,2020-10-29,2020-10-29,2023-10-29,2026-07-13,50,50322,DIGITAL_ICT,True,36.0,True,0,68.42969776609723,,,no_temporal_score_reference_pool
20-122198,NAME:angers nantes opera syndicat mixte,NAME_FALLBACK,2020-10-06,2020-10-06,2024-10-06,2026-07-13,48,48481,DIGITAL_ICT,True,48.0,True,0,69.18528252299606,,,no_temporal_score_reference_pool
20-126566,NAME:chambre reg agri pays de la loire,NAME_FALLBACK,2020-10-15,2020-10-15,2024-10-15,2026-07-13,72,72212,DIGITAL_ICT,True,48.0,True,0,68.88961892247043,,,no_temporal_score_reference_pool
20-120789,NAME:semitan,NAME_FALLBACK,2020-10-02,2020-10-02,2024-10-02,2026-07-13,72,72212,DIGITAL_ICT,True,48.0,True,1,44.15243101182654,24-66729,0.35269756535147095,no_temporal_score_reference_pool
20-131075,NAME:commune de chemille en anjou,NAME_FALLBACK,2020-10-23,2020-10-23,2021-04-23,2026-07-13,,,DIGITAL_ICT,True,6.0,True,0,68.62680683311433,,,no_temporal_score_reference_pool
20-124795,NAME:sde35,NAME_FALLBACK,2020-10-12,2020-10-12,2024-10-12,2026-07-13,48,48800,DIGITAL_ICT,True,48.0,True,0,68.98817345597898,,,no_temporal_score_reference_pool
20-128054,NAME:communaute d agglomeration du niortais,NAME_FALLBACK,2020-10-19,2020-10-19,2024-10-19,2026-07-13,72,72000,DIGITAL_ICT,True,48.0,True,0,68.75821287779237,,,no_temporal_score_reference_pool
20-135282,NAME:ca pornic agglo pays de retz,NAME_FALLBACK,2020-11-06,2020-11-06,2024-11-06,2026-07-13,48,48000,DIGITAL_ICT,True,48.0,True,0,68.16688567674113,,,no_temporal_score_reference_pool
20-132336,NAME:nantes metropole,NAME_FALLBACK,2020-11-08,2020-11-08,2024-11-08,2026-07-13,48,48000,DIGITAL_ICT,True,48.0,True,1,47.99605781865966,24-127528,0.5342421289254906,no_temporal_score_reference_pool
20-133527,SIRET:22850001300658,RAW_SIRET,2020-11-01,2021-03-26,2025-03-26,2026-07-13,72,72267,DIGITAL_ICT,True,48.0,True,0,68.3311432325887,,,no_temporal_score_reference_pool
20-144067,SIRET:22850001300658,RAW_SIRET,2020-11-26,2021-03-28,2025-03-28,2026-07-13,72,72315,DIGITAL_ICT,True,48.0,True,0,67.50985545335085,,,no_temporal_score_reference_pool
20-137315,NAME:sdis 85,NAME_FALLBACK,2020-11-11,2021-04-17,2024-04-17,2026-07-13,32,32500,DIGITAL_ICT,True,36.0,True,0,68.00262812089356,,,no_temporal_score_reference_pool
20-142015,SIRET:23440003400026,RAW_SIRET,2020-11-21,2020-11-21,2024-11-21,2026-07-13,72,72000,DIGITAL_ICT,True,48.0,True,1,45.630749014454665,24-102164,0.2354255538450968,no_temporal_score_reference_pool
20-139000,NAME:nantes metropole,NAME_FALLBACK,2020-11-27,2020-11-27,2021-05-27,2026-07-13,,,DIGITAL_ICT,True,6.0,True,1,1.7082785808147174,21-7561,0.5356638672952514,no_temporal_score_reference_pool
20-138135,SIRET:23440003400026,RAW_SIRET,2020-11-12,2021-02-28,2024-02-28,2026-07-13,32,32543,DIGITAL_ICT,True,36.0,True,1,43.98817345597897,24-81981,0.2553471801199342,no_temporal_score_reference_pool
20-142134,NAME:nantes metropole,NAME_FALLBACK,2020-11-20,2020-11-20,2023-11-20,2026-07-13,32,32351,DIGITAL_ICT,True,36.0,True,1,36.957950065703024,23-176813,0.24761573223383018,no_temporal_score_reference_pool
20-134550,NAME:ville de bouguenais,NAME_FALLBACK,2020-11-03,2021-02-12,2022-02-12,2026-07-13,45,45262,DIGITAL_ICT,True,12.0,True,1,9.296977660972404,21-111036,0.1876991411292762,no_temporal_score_reference_pool
20-140005,NAME:lycee polyvalent leonard de vinci,NAME_FALLBACK,2020-11-16,2020-11-16,2023-11-16,2026-07-13,32,32321,DIGITAL_ICT,True,36.0,True,0,67.83837056504599,,,no_temporal_score_reference_pool
20-135543,NAME:departement de la vendee,NAME_FALLBACK,2020-11-04,2021-03-12,2025-03-12,2026-07-13,72,72212,DIGITAL_ICT,True,48.0,True,0,68.23258869908015,,,no_temporal_score_reference_pool
20-134920,NAME:semitan mandataire de nantes metropole,NAME_FALLBACK,2020-11-05,2021-05-08,2024-05-08,2026-07-13,32,32323,DIGITAL_ICT,True,36.0,True,0,68.19973718791064,,,no_temporal_score_reference_pool
20-136269,NAME:chu de nantes,NAME_FALLBACK,2020-11-08,2021-03-26,2024-03-26,2026-07-13,32,32324,DIGITAL_ICT,True,36.0,True,0,68.10118265440211,,,no_temporal_score_reference_pool
20-143279,NAME:ville de nantes,NAME_FALLBACK,2020-12-08,2020-12-08,2021-06-08,2026-07-13,,,DIGITAL_ICT,True,6.0,True,0,67.11563731931669,,,no_temporal_score_reference_pool
20-148947,NAME:cnfpt delegation des pays de la loire,NAME_FALLBACK,2020-12-07,2020-12-07,2021-12-07,2026-07-13,80,80530,DIGITAL_ICT,True,12.0,True,0,67.1484888304862,,,no_temporal_score_reference_pool
20-156321,NAME:commune de saint-herblain,NAME_FALLBACK,2020-12-21,2020-12-21,2023-12-21,2026-07-13,32,32420,DIGITAL_ICT,True,36.0,True,0,66.688567674113,,,no_temporal_score_reference_pool
20-155373,NAME:ca agglomeration du choletais,NAME_FALLBACK,2020-12-18,2020-12-18,2021-06-18,2026-07-13,,,DIGITAL_ICT,True,6.0,True,0,66.78712220762155,,,no_temporal_score_reference_pool
20-152526,NAME:universite de nantes,NAME_FALLBACK,2020-12-16,2021-06-04,2022-02-04,2026-07-13,42,42000,DIGITAL_ICT,True,8.0,True,0,66.85282522996057,,,no_temporal_score_reference_pool
20-153801,NAME:ccir pays de la loire,NAME_FALLBACK,2020-12-18,2021-03-07,2025-03-07,2026-07-13,48,48441,DIGITAL_ICT,True,48.0,True,0,66.78712220762155,,,no_temporal_score_reference_pool
20-152653,SIRET:22530001100015,RAW_SIRET,2020-12-17,2021-03-21,2025-03-21,2026-07-13,72,72222,DIGITAL_ICT,True,48.0,True,0,66.81997371879106,,,no_temporal_score_reference_pool
20-152502,NAME:chd vendee,NAME_FALLBACK,2020-12-14,2020-12-14,2024-12-14,2026-07-13,48,48000,DIGITAL_ICT,True,48.0,True,0,66.91852825229961,,,no_temporal_score_reference_pool
20-158264,NAME:museum national d histoire naturelle,NAME_FALLBACK,2020-12-28,2020-12-28,2024-12-28,2026-07-13,72,72314,DIGITAL_ICT,True,48.0,True,0,66.45860709592641,,,no_temporal_score_reference_pool
20-149342,NAME:museum national d histoire naturelle,NAME_FALLBACK,2020-12-08,2020-12-08,2024-12-08,2026-07-13,72,72314,DIGITAL_ICT,True,48.0,True,0,67.11563731931669,,,no_temporal_score_reference_pool
20-146391,NAME:la roche-sur-yon agglomeration,NAME_FALLBACK,2020-12-04,2020-12-04,2023-06-04,2026-07-13,66,66515,DIGITAL_ICT,True,30.0,True,0,67.24704336399475,,,no_temporal_score_reference_pool
20-150854,NAME:ch le mans,NAME_FALLBACK,2020-12-10,2020-12-10,2023-12-10,2026-07-13,32,32323,DIGITAL_ICT,True,36.0,True,0,67.04993429697767,,,no_temporal_score_reference_pool
20-150503,SIRET:22720002900014,RAW_SIRET,2020-12-11,2021-05-12,2024-05-12,2026-07-13,50,50312,DIGITAL_ICT,True,36.0,True,0,67.01708278580814,,,no_temporal_score_reference_pool
20-153528,NAME:cte de cnes du pays d ancenis,NAME_FALLBACK,2020-12-18,2021-07-08,2025-07-08,2026-07-13,48,48000,DIGITAL_ICT,True,48.0,True,1,57.88436268068331,25-114696,0.2704665752102394,no_temporal_score_reference_pool
20-155309,SIRET:22850001300658,RAW_SIRET,2020-12-20,2021-04-03,2025-04-03,2026-07-13,72,72267,DIGITAL_ICT,True,48.0,True,0,66.72141918528253,,,no_temporal_score_reference_pool
21-5111,SIRET:20003329800015,RAW_SIRET,2021-01-15,2021-05-07,2023-05-07,2026-07-13,30,30192,DIGITAL_ICT,True,24.0,True,0,65.86727989487517,,,no_temporal_score_reference_pool
21-12893,SIRET:22530001100015,RAW_SIRET,2021-01-30,2021-05-12,2023-05-12,2026-07-13,30,30200,DIGITAL_ICT,True,24.0,True,1,27.496714848883048,23-66104,0.25213285005058284,no_temporal_score_reference_pool
21-4157,NAME:saint nazaire agglomeration tourisme,NAME_FALLBACK,2021-01-11,2021-01-11,2025-01-11,2026-07-13,35,35512,DIGITAL_ICT,True,48.0,True,0,65.99868593955323,,,no_temporal_score_reference_pool
21-13248,NAME:chu de nantes,NAME_FALLBACK,2021-01-30,2021-01-30,2022-02-28,2026-07-13,92,92312,DIGITAL_ICT,True,13.0,True,0,65.37450722733246,,,no_temporal_score_reference_pool
21-7561,NAME:nantes metropole,NAME_FALLBACK,2021-01-18,2021-01-18,2025-01-18,2026-07-13,72,72227,DIGITAL_ICT,True,48.0,True,1,45.630749014454665,24-126812,0.2634962445036333,no_temporal_score_reference_pool
21-10110,NAME:ville de laval,NAME_FALLBACK,2021-01-22,2021-01-22,2021-07-22,2026-07-13,,,DIGITAL_ICT,True,6.0,True,1,0.7884362680683311,21-21301,0.5866666666666664,no_temporal_score_reference_pool
21-11178,NAME:saint nazaire agglomeration tourisme,NAME_FALLBACK,2021-01-25,2021-01-25,2024-01-25,2026-07-13,32,32321,DIGITAL_ICT,True,36.0,True,0,65.53876478318003,,,no_temporal_score_reference_pool
21-4564,NAME:ecole centrale de nantes,NAME_FALLBACK,2021-01-12,2021-01-12,2025-01-12,2026-07-13,48,48000,DIGITAL_ICT,True,48.0,True,0,65.9658344283837,,,no_temporal_score_reference_pool
21-11209,NAME:reseau canope,NAME_FALLBACK,2021-01-25,2021-01-25,2025-01-25,2026-07-13,72,72413,DIGITAL_ICT,True,48.0,True,0,65.53876478318003,,,no_temporal_score_reference_pool
20-158667,NAME:la roche-sur-yon agglomeration,NAME_FALLBACK,2021-01-08,2021-01-08,2023-01-08,2026-07-13,30,30230,DIGITAL_ICT,True,24.0,True,0,66.09724047306176,,,no_temporal_score_reference_pool
21-8751,NAME:centre de gestion de la fonction publi,NAME_FALLBACK,2021-01-22,2021-01-22,2025-01-22,2026-07-13,72,72610,DIGITAL_ICT,True,48.0,True,0,65.63731931668856,,,no_temporal_score_reference_pool
21-8119,NAME:commune de nantes,NAME_FALLBACK,2021-01-22,2021-01-22,2022-01-22,2026-07-13,45,45262,DIGITAL_ICT,True,12.0,True,0,65.63731931668856,,,no_temporal_score_reference_pool
21-11865,NAME:cte de communes de la region de blain,NAME_FALLBACK,2021-01-26,2021-07-12,2025-07-12,2026-07-13,72,72000,DIGITAL_ICT,True,48.0,True,0,65.50591327201052,,,no_temporal_score_reference_pool
21-20759,NAME:arafer,NAME_FALLBACK,2021-02-12,2021-06-07,2025-06-07,2026-07-13,72,72413,DIGITAL_ICT,True,48.0,True,0,64.94743758212877,,,no_temporal_score_reference_pool
21-24011,NAME:commune de saint nazaire,NAME_FALLBACK,2021-02-19,2021-04-21,2025-04-21,2026-07-13,48,48219,DIGITAL_ICT,True,48.0,True,0,64.71747700394218,,,no_temporal_score_reference_pool
21-25617,SIRET:22720002900014,RAW_SIRET,2021-02-26,2021-06-03,2022-06-03,2026-07-13,45,45314,DIGITAL_ICT,True,12.0,True,1,13.534822601839684,22-54720,0.23500995639170866,no_temporal_score_reference_pool
21-26465,NAME:chu de nantes,NAME_FALLBACK,2021-02-27,2021-07-07,2025-07-07,2026-07-13,72,72611,DIGITAL_ICT,True,48.0,True,0,64.45466491458608,,,no_temporal_score_reference_pool
21-13699,NAME:communaute de communes de sable,NAME_FALLBACK,2021-02-03,2021-02-03,2025-02-03,2026-07-13,48,48800,DIGITAL_ICT,True,48.0,True,0,65.2431011826544,,,no_temporal_score_reference_pool
21-19011,NAME:universite de nantes,NAME_FALLBACK,2021-02-10,2021-05-03,2025-05-03,2026-07-13,72,72260,DIGITAL_ICT,True,48.0,True,0,65.01314060446781,,,no_temporal_score_reference_pool
21-23456,NAME:commune de nantes,NAME_FALLBACK,2021-02-19,2021-02-19,2023-02-19,2026-07-13,30,30230,DIGITAL_ICT,True,24.0,True,0,64.71747700394218,,,no_temporal_score_reference_pool
21-25043,NAME:ville de carquefou,NAME_FALLBACK,2021-02-23,2021-06-17,2024-06-17,2026-07-13,32,32342,DIGITAL_ICT,True,36.0,True,0,64.58607095926412,,,no_temporal_score_reference_pool
21-13474,NAME:nantes metropole,NAME_FALLBACK,2021-02-03,2021-05-16,2025-05-16,2026-07-13,72,72260,DIGITAL_ICT,True,48.0,True,1,54.0407358738502,25-90009,0.24960043181596847,no_temporal_score_reference_pool
21-23641,NAME:universite d angers,NAME_FALLBACK,2021-02-19,2021-03-16,2024-03-16,2026-07-13,32,32415,DIGITAL_ICT,True,36.0,True,0,64.71747700394218,,,no_temporal_score_reference_pool
21-24037,NAME:departement de la mayenne,NAME_FALLBACK,2021-02-19,2021-02-19,2021-08-19,2026-07-13,,,DIGITAL_ICT,True,6.0,True,0,64.71747700394218,,,no_temporal_score_reference_pool
21-16505,NAME:conseil regional des pays de la loire,NAME_FALLBACK,2021-02-06,2021-08-04,2025-08-04,2026-07-13,72,72315,DIGITAL_ICT,True,48.0,True,0,65.14454664914587,,,no_temporal_score_reference_pool
21-16248,NAME:ifth,NAME_FALLBACK,2021-02-04,2021-02-04,2025-02-04,2026-07-13,72,72230,DIGITAL_ICT,True,48.0,True,0,65.21024967148489,,,no_temporal_score_reference_pool
21-17328,NAME:universite d angers,NAME_FALLBACK,2021-02-05,2021-03-16,2024-03-16,2026-07-13,32,32415,DIGITAL_ICT,True,36.0,True,0,65.17739816031538,,,no_temporal_score_reference_pool
21-24515,NAME:ifth,NAME_FALLBACK,2021-02-22,2021-02-22,2023-02-22,2026-07-13,30,30230,DIGITAL_ICT,True,24.0,True,0,64.61892247043365,,,no_temporal_score_reference_pool
21-22700,SIRET:11000601200014,RAW_SIRET,2021-02-19,2022-01-16,2026-01-16,2026-07-13,72,72000,DIGITAL_ICT,True,48.0,True,0,64.71747700394218,,,no_temporal_score_reference_pool
21-24367,SIRET:21440184600016,RAW_SIRET,2021-02-24,2022-02-04,2024-02-04,2026-07-13,30,30230,DIGITAL_ICT,True,24.0,True,0,64.55321944809461,,,no_temporal_score_reference_pool
21-26779,SIRET:23440003400026,RAW_SIRET,2021-02-28,2021-12-03,2025-12-03,2026-07-13,72,72250,DIGITAL_ICT,True,48.0,True,0,64.42181340341655,,,no_temporal_score_reference_pool
21-23643,NAME:vendee habitat - oph de vendee,NAME_FALLBACK,2021-02-19,2021-02-19,2025-02-19,2026-07-13,48,48000,DIGITAL_ICT,True,48.0,True,0,64.71747700394218,,,no_temporal_score_reference_pool
21-25169,NAME:orchestre national des pays de la loir,NAME_FALLBACK,2021-02-23,2021-02-23,2025-02-23,2026-07-13,48,48450,DIGITAL_ICT,True,48.0,True,0,64.58607095926412,,,no_temporal_score_reference_pool
21-16407,NAME:communaute d agglomeration du niortais,NAME_FALLBACK,2021-02-04,2021-02-04,2025-02-04,2026-07-13,72,72267,DIGITAL_ICT,True,48.0,True,0,65.21024967148489,,,no_temporal_score_reference_pool
21-21301,NAME:ville de laval,NAME_FALLBACK,2021-02-15,2021-02-15,2021-08-15,2026-07-13,,,DIGITAL_ICT,True,6.0,True,1,1.4126149802890933,21-42477,0.24211678586727456,no_temporal_score_reference_pool
21-15299,NAME:chu de nantes,NAME_FALLBACK,2021-02-04,2021-02-04,2025-02-04,2026-07-13,72,72212,DIGITAL_ICT,True,48.0,True,0,65.21024967148489,,,no_temporal_score_reference_pool
21-19596,SIRET:21610001600015,RAW_SIRET,2021-02-13,2021-07-03,2025-07-03,2026-07-13,72,72400,DIGITAL_ICT,True,48.0,True,0,64.91458607095926,,,no_temporal_score_reference_pool
21-22622,NAME:siri 49,NAME_FALLBACK,2021-02-19,2021-06-11,2021-12-11,2026-07-13,64,64200,DIGITAL_ICT,True,6.0,True,0,64.71747700394218,,,no_temporal_score_reference_pool
21-14518,NAME:communaute d agglomeration du niortais,NAME_FALLBACK,2021-02-01,2021-02-01,2024-02-01,2026-07-13,32,32428,DIGITAL_ICT,True,36.0,True,0,65.30880420499344,,,no_temporal_score_reference_pool
21-14714,NAME:universite de nantes,NAME_FALLBACK,2021-02-01,2021-02-01,2025-02-01,2026-07-13,48,48000,DIGITAL_ICT,True,48.0,True,0,65.30880420499344,,,no_temporal_score_reference_pool
21-15253,NAME:commune de nantes,NAME_FALLBACK,2021-02-02,2021-02-02,2021-08-02,2026-07-13,,,DIGITAL_ICT,True,6.0,True,0,65.27595269382391,,,no_temporal_score_reference_pool
21-20640,NAME:communaute de communes de sable,NAME_FALLBACK,2021-02-12,2021-02-12,2025-02-12,2026-07-13,48,48800,DIGITAL_ICT,True,48.0,True,0,64.94743758212877,,,no_temporal_score_reference_pool
21-23645,NAME:semitan,NAME_FALLBACK,2021-02-19,2021-02-19,2025-02-19,2026-07-13,48,48952,DIGITAL_ICT,True,48.0,True,0,64.71747700394218,,,no_temporal_score_reference_pool
21-29866,NAME:conseil departemental loire-atlantique,NAME_FALLBACK,2021-03-07,2021-07-01,2023-07-01,2026-07-13,30,30122,DIGITAL_ICT,True,24.0,True,0,64.19185282522996,,,no_temporal_score_reference_pool
21-35279,NAME:ifth,NAME_FALLBACK,2021-03-16,2021-03-16,2023-03-16,2026-07-13,30,30230,DIGITAL_ICT,True,24.0,True,0,63.89618922470434,,,no_temporal_score_reference_pool
21-36555,NAME:sdis 44,NAME_FALLBACK,2021-03-18,2021-03-18,2025-03-18,2026-07-13,48,48450,DIGITAL_ICT,True,48.0,True,0,63.83048620236531,,,no_temporal_score_reference_pool
21-28436,SIRET:20006895500018,RAW_SIRET,2021-03-04,2021-07-09,2023-07-09,2026-07-13,30,30200,DIGITAL_ICT,True,24.0,True,0,64.2904073587385,,,no_temporal_score_reference_pool
21-28206,NAME:saint nazaire agglomeration tourisme,NAME_FALLBACK,2021-03-02,2021-03-02,2021-09-02,2026-07-13,31,31500,DIGITAL_ICT,True,6.0,True,0,64.35611038107753,,,no_temporal_score_reference_pool
21-34147,NAME:ville de bouguenais,NAME_FALLBACK,2021-03-15,2021-06-03,2022-06-03,2026-07-13,45,45331,DIGITAL_ICT,True,12.0,True,1,17.1484888304862,22-113250,0.21998184740507049,no_temporal_score_reference_pool
21-40444,NAME:ville de saint sebastien sur loire,NAME_FALLBACK,2021-03-25,2021-03-25,2025-03-25,2026-07-13,72,72267,DIGITAL_ICT,True,48.0,True,0,63.600525624178715,,,no_temporal_score_reference_pool
21-36205,NAME:conseil departemental loire-atlantique,NAME_FALLBACK,2021-03-20,2021-03-20,2025-03-20,2026-07-13,72,72000,DIGITAL_ICT,True,48.0,True,0,63.76478318002628,,,no_temporal_score_reference_pool
21-37354,NAME:ch le mans,NAME_FALLBACK,2021-03-21,2021-09-03,2025-09-03,2026-07-13,48,48219,DIGITAL_ICT,True,48.0,True,0,63.73193166885677,,,no_temporal_score_reference_pool
21-42540,NAME:ville de bouguenais,NAME_FALLBACK,2021-03-30,2021-06-18,2022-06-18,2026-07-13,45,45262,DIGITAL_ICT,True,12.0,True,1,16.655716162943495,22-113250,0.22505707534174874,no_temporal_score_reference_pool
21-40300,NAME:unicancer achats,NAME_FALLBACK,2021-03-27,2021-03-27,2023-03-27,2026-07-13,30,30230,DIGITAL_ICT,True,24.0,True,1,26.24835742444152,23-75513,0.38448660527223094,no_temporal_score_reference_pool
21-35196,NAME:communaute d agglomeration du niortais,NAME_FALLBACK,2021-03-16,2021-03-16,2025-03-16,2026-07-13,72,72500,DIGITAL_ICT,True,48.0,True,0,63.89618922470434,,,no_temporal_score_reference_pool
21-35440,NAME:universite d angers,NAME_FALLBACK,2021-03-17,2021-04-30,2024-04-30,2026-07-13,32,32415,DIGITAL_ICT,True,36.0,True,0,63.863337713534825,,,no_temporal_score_reference_pool
21-36213,NAME:communaute communes parthenay-gatine,NAME_FALLBACK,2021-03-18,2021-03-18,2025-03-18,2026-07-13,48,48800,DIGITAL_ICT,True,48.0,True,0,63.83048620236531,,,no_temporal_score_reference_pool
21-37472,NAME:podeliha,NAME_FALLBACK,2021-03-19,2021-03-19,2025-03-19,2026-07-13,48,48000,DIGITAL_ICT,True,48.0,True,0,63.797634691195796,,,no_temporal_score_reference_pool
21-32692,SIRET:45405749800031,RAW_SIRET,2021-03-13,2021-03-13,2025-03-13,2026-07-13,72,72611,DIGITAL_ICT,True,48.0,True,0,63.99474375821288,,,no_temporal_score_reference_pool
21-35651,NAME:conseil regional des pays de la loire,NAME_FALLBACK,2021-03-19,2021-03-19,2025-03-19,2026-07-13,72,72246,DIGITAL_ICT,True,48.0,True,0,63.797634691195796,,,no_temporal_score_reference_pool
21-35939,NAME:conseil departemental loire-atlantique,NAME_FALLBACK,2021-03-19,2021-03-19,2025-03-19,2026-07-13,72,72514,DIGITAL_ICT,True,48.0,True,0,63.797634691195796,,,no_temporal_score_reference_pool
21-31336,NAME:com d agglo reg nazairienne estuaire,NAME_FALLBACK,2021-03-09,2021-10-22,2024-10-22,2026-07-13,71,71356,DIGITAL_ICT,True,36.0,True,0,64.12614980289094,,,no_temporal_score_reference_pool
21-30471,NAME:ville de bouguenais,NAME_FALLBACK,2021-03-08,2021-06-03,2022-06-03,2026-07-13,45,45331,DIGITAL_ICT,True,12.0,True,1,17.378449408672797,22-113250,0.21998184740507049,no_temporal_score_reference_pool
21-32441,NAME:universite de nantes,NAME_FALLBACK,2021-03-11,2021-06-02,2021-12-02,2026-07-13,,,DIGITAL_ICT,True,6.0,True,0,64.0604467805519,,,no_temporal_score_reference_pool
21-42527,NAME:universite de nantes,NAME_FALLBACK,2021-03-30,2021-06-02,2025-06-02,2026-07-13,79,79419,DIGITAL_ICT,True,48.0,True,0,63.436268068331145,,,no_temporal_score_reference_pool
21-27874,SIRET:24720013200014,RAW_SIRET,2021-03-03,2021-05-23,2025-05-23,2026-07-13,72,72250,DIGITAL_ICT,True,48.0,True,0,64.32325886990802,,,no_temporal_score_reference_pool
21-30450,NAME:crdc le lieu unique,NAME_FALLBACK,2021-03-11,2021-03-11,2024-03-11,2026-07-13,32,32351,DIGITAL_ICT,True,36.0,True,0,64.0604467805519,,,no_temporal_score_reference_pool
21-37673,NAME:ville de nantes,NAME_FALLBACK,2021-03-24,2021-03-24,2025-03-24,2026-07-13,79,79415,DIGITAL_ICT,True,48.0,True,0,63.633377135348226,,,no_temporal_score_reference_pool
21-31568,NAME:gie sesam vitale,NAME_FALLBACK,2021-03-11,2021-03-11,2025-03-11,2026-07-13,72,72267,DIGITAL_ICT,True,48.0,True,0,64.0604467805519,,,no_temporal_score_reference_pool
21-41109,NAME:ville de nantes,NAME_FALLBACK,2021-03-26,2021-03-26,2021-09-26,2026-07-13,,,DIGITAL_ICT,True,6.0,True,0,63.5676741130092,,,no_temporal_score_reference_pool
21-39936,NAME:mairie de saint etienne de montluc,NAME_FALLBACK,2021-03-27,2021-06-30,2024-06-30,2026-07-13,32,32323,DIGITAL_ICT,True,36.0,True,0,63.534822601839686,,,no_temporal_score_reference_pool
21-31971,NAME:communaute urbaine d alencon,NAME_FALLBACK,2021-03-10,2021-03-10,2024-03-10,2026-07-13,50,50312,DIGITAL_ICT,True,36.0,True,0,64.09329829172142,,,no_temporal_score_reference_pool
21-38984,NAME:sdis 44,NAME_FALLBACK,2021-03-23,2021-03-23,2025-03-23,2026-07-13,35,35113,DIGITAL_ICT,True,48.0,True,0,63.66622864651774,,,no_temporal_score_reference_pool
21-42477,NAME:ville de laval,NAME_FALLBACK,2021-03-30,2021-03-30,2021-09-30,2026-07-13,,,DIGITAL_ICT,True,6.0,True,0,63.436268068331145,,,no_temporal_score_reference_pool
21-29764,NAME:montrevault-sur-evre,NAME_FALLBACK,2021-03-05,2021-03-05,2021-09-05,2026-07-13,,,DIGITAL_ICT,True,6.0,True,0,64.257555847569,,,no_temporal_score_reference_pool
21-28963,NAME:ch le mans,NAME_FALLBACK,2021-03-05,2022-01-21,2025-01-21,2026-07-13,32,32500,DIGITAL_ICT,True,36.0,True,0,64.257555847569,,,no_temporal_score_reference_pool
21-29818,SIRET:52926090300016,RAW_SIRET,2021-03-07,2021-05-13,2024-05-13,2026-07-13,32,32342,DIGITAL_ICT,True,36.0,True,0,64.19185282522996,,,no_temporal_score_reference_pool
21-44911,SIRET:27490003400019,RAW_SIRET,2021-04-04,2021-08-15,2023-08-15,2026-07-13,30,30200,DIGITAL_ICT,True,24.0,True,0,63.272010512483575,,,no_temporal_score_reference_pool
21-45579,NAME:nantes metropole,NAME_FALLBACK,2021-04-08,2021-04-08,2023-04-08,2026-07-13,30,30121,DIGITAL_ICT,True,24.0,True,1,27.43101182654402,23-102643,0.20641884892369963,no_temporal_score_reference_pool
21-50635,NAME:gie sesam vitale,NAME_FALLBACK,2021-04-17,2022-04-15,2026-04-15,2026-07-13,72,72262,DIGITAL_ICT,True,48.0,True,0,62.844940867279895,,,no_temporal_score_reference_pool
21-48350,NAME:cci de region bretagne,NAME_FALLBACK,2021-04-12,2021-04-12,2021-10-12,2026-07-13,,,DIGITAL_ICT,True,6.0,True,0,63.009198423127465,,,no_temporal_score_reference_pool
21-55981,NAME:la roche-sur-yon agglomeration,NAME_FALLBACK,2021-04-29,2021-08-10,2023-02-10,2026-07-13,39,39130,DIGITAL_ICT,True,18.0,True,0,62.450722733245726,,,no_temporal_score_reference_pool
21-50004,NAME:comcom estuaire et sillon,NAME_FALLBACK,2021-04-16,2021-08-04,2025-08-04,2026-07-13,72,72500,DIGITAL_ICT,True,48.0,True,0,62.877792378449406,,,no_temporal_score_reference_pool
21-51104,NAME:gie sesam vitale,NAME_FALLBACK,2021-04-18,2022-04-15,2026-04-15,2026-07-13,72,72223,DIGITAL_ICT,True,48.0,True,0,62.812089356110384,,,no_temporal_score_reference_pool
21-48340,NAME:nantes metropole,NAME_FALLBACK,2021-04-15,2021-04-15,2024-04-15,2026-07-13,32,32400,DIGITAL_ICT,True,36.0,True,0,62.910643889618925,,,no_temporal_score_reference_pool
21-53955,NAME:dir interdepartementale des rte ouest,NAME_FALLBACK,2021-04-24,2021-09-16,2025-09-16,2026-07-13,72,72224,DIGITAL_ICT,True,48.0,True,0,62.614980289093296,,,no_temporal_score_reference_pool
21-53968,NAME:conseil departemental loire-atlantique,NAME_FALLBACK,2021-04-24,2021-04-24,2025-04-24,2026-07-13,72,72000,DIGITAL_ICT,True,48.0,True,0,62.614980289093296,,,no_temporal_score_reference_pool
21-46780,NAME:semitan,NAME_FALLBACK,2021-04-08,2021-04-08,2021-10-08,2026-07-13,75,75310,DIGITAL_ICT,True,6.0,True,0,63.14060446780552,,,no_temporal_score_reference_pool
21-49378,NAME:institut public ocens,NAME_FALLBACK,2021-04-13,2021-04-13,2023-04-13,2026-07-13,30,30121,DIGITAL_ICT,True,24.0,True,0,62.97634691195795,,,no_temporal_score_reference_pool
21-57276,NAME:syndicat mixte chere don isac,NAME_FALLBACK,2021-04-29,2021-04-29,2021-10-29,2026-07-13,,,DIGITAL_ICT,True,6.0,True,0,62.450722733245726,,,no_temporal_score_reference_pool
21-47236,SIRET:19753471200017,RAW_SIRET,2021-04-10,2021-04-10,2024-04-10,2026-07-13,32,32321,DIGITAL_ICT,True,36.0,True,0,63.074901445466494,,,no_temporal_score_reference_pool
21-49520,NAME:communaute communes parthenay-gatine,NAME_FALLBACK,2021-04-13,2021-04-13,2024-04-13,2026-07-13,32,32400,DIGITAL_ICT,True,36.0,True,0,62.97634691195795,,,no_temporal_score_reference_pool
21-45622,NAME:chu de nantes,NAME_FALLBACK,2021-04-08,2021-07-29,2025-07-29,2026-07-13,48,48000,DIGITAL_ICT,True,48.0,True,0,63.14060446780552,,,no_temporal_score_reference_pool
21-46043,NAME:conseil regional des pays de la loire,NAME_FALLBACK,2021-04-09,2021-07-09,2025-07-09,2026-07-13,72,72416,DIGITAL_ICT,True,48.0,True,0,63.107752956636006,,,no_temporal_score_reference_pool
21-57207,SIRET:23440003400026,RAW_SIRET,2021-04-30,2021-04-30,2025-04-30,2026-07-13,35,35111,DIGITAL_ICT,True,48.0,True,0,62.417871222076215,,,no_temporal_score_reference_pool
21-44149,NAME:sdis 85,NAME_FALLBACK,2021-04-01,2021-04-01,2025-04-01,2026-07-13,72,72000,DIGITAL_ICT,True,48.0,True,0,63.370565045992116,,,no_temporal_score_reference_pool
21-47350,NAME:departement de la sarthe,NAME_FALLBACK,2021-04-08,2021-04-08,2024-04-08,2026-07-13,71,71335,DIGITAL_ICT,True,36.0,True,0,63.14060446780552,,,no_temporal_score_reference_pool
21-51020,NAME:semitan,NAME_FALLBACK,2021-04-16,2021-04-16,2025-04-16,2026-07-13,48,48952,DIGITAL_ICT,True,48.0,True,0,62.877792378449406,,,no_temporal_score_reference_pool
21-53976,NAME:departement de la mayenne,NAME_FALLBACK,2021-04-22,2021-04-22,2025-04-22,2026-07-13,72,72267,DIGITAL_ICT,True,48.0,True,0,62.680683311432325,,,no_temporal_score_reference_pool
21-54745,NAME:universite de nantes,NAME_FALLBACK,2021-04-23,2021-07-09,2022-01-09,2026-07-13,85,85311,DIGITAL_ICT,True,6.0,True,0,62.647831800262814,,,no_temporal_score_reference_pool
21-43310,NAME:universite d angers,NAME_FALLBACK,2021-04-02,2021-12-22,2025-12-22,2026-07-13,48,48814,DIGITAL_ICT,True,48.0,True,1,50.9526938239159,25-73914,0.2011669130967521,no_temporal_score_reference_pool
21-44088,NAME:communaute de communes de sable,NAME_FALLBACK,2021-04-04,2021-06-23,2025-06-23,2026-07-13,35,35113,DIGITAL_ICT,True,48.0,True,0,63.272010512483575,,,no_temporal_score_reference_pool
21-54966,SIRET:25440253000029,RAW_SIRET,2021-04-25,2021-04-25,2025-04-25,2026-07-13,72,72500,DIGITAL_ICT,True,48.0,True,0,62.582128777923785,,,no_temporal_score_reference_pool
21-51989,NAME:departement de la mayenne,NAME_FALLBACK,2021-04-19,2021-04-19,2025-04-19,2026-07-13,72,72267,DIGITAL_ICT,True,48.0,True,0,62.779237844940866,,,no_temporal_score_reference_pool
21-52732,NAME:ars pays de la loire,NAME_FALLBACK,2021-04-20,2021-04-20,2024-04-20,2026-07-13,32,32232,DIGITAL_ICT,True,36.0,True,0,62.746386333771355,,,no_temporal_score_reference_pool
21-42297,NAME:commune de saint-herblain,NAME_FALLBACK,2021-04-01,2021-08-05,2024-08-05,2026-07-13,32,32342,DIGITAL_ICT,True,36.0,True,0,63.370565045992116,,,no_temporal_score_reference_pool
21-45078,NAME:siri 49,NAME_FALLBACK,2021-04-04,2021-12-08,2025-12-08,2026-07-13,48,48822,DIGITAL_ICT,True,48.0,True,0,63.272010512483575,,,no_temporal_score_reference_pool
21-51441,SIRET:37977417700016,RAW_SIRET,2021-04-18,2021-04-18,2025-04-18,2026-07-13,72,72000,DIGITAL_ICT,True,48.0,True,0,62.812089356110384,,,no_temporal_score_reference_pool
21-51620,NAME:conseil departemental loire-atlantique,NAME_FALLBACK,2021-04-18,2021-04-18,2025-04-18,2026-07-13,72,72500,DIGITAL_ICT,True,48.0,True,0,62.812089356110384,,,no_temporal_score_reference_pool
21-57326,NAME:departement de maine-et-loire,NAME_FALLBACK,2021-04-29,2021-04-29,2021-10-29,2026-07-13,,,DIGITAL_ICT,True,6.0,True,1,0.8541392904073587,21-69523,0.5813346078352284,no_temporal_score_reference_pool
21-60810,NAME:mairie de coueron,NAME_FALLBACK,2021-05-05,2021-05-05,2024-05-05,2026-07-13,32,32424,DIGITAL_ICT,True,36.0,True,0,62.253613666228645,,,no_temporal_score_reference_pool
21-61224,NAME:universite de nantes,NAME_FALLBACK,2021-05-06,2021-05-06,2025-05-06,2026-07-13,48,48000,DIGITAL_ICT,True,48.0,True,0,62.220762155059134,,,no_temporal_score_reference_pool
21-68348,SIRET:18007003900557,RAW_SIRET,2021-05-22,2022-02-10,2025-02-10,2026-07-13,32,32232,DIGITAL_ICT,True,36.0,True,0,61.69513797634691,,,no_temporal_score_reference_pool
21-62119,NAME:mairie de blain,NAME_FALLBACK,2021-05-09,2021-09-23,2025-09-23,2026-07-13,48,48000,DIGITAL_ICT,True,48.0,True,0,62.122207621550594,,,no_temporal_score_reference_pool
21-64504,SIRET:26530023600014,RAW_SIRET,2021-05-14,2021-12-16,2025-12-16,2026-07-13,48,48000,DIGITAL_ICT,True,48.0,True,0,61.957950065703024,,,no_temporal_score_reference_pool
21-69124,NAME:conseil departemental loire-atlantique,NAME_FALLBACK,2021-05-23,2021-05-23,2025-05-23,2026-07-13,35,35113,DIGITAL_ICT,True,48.0,True,0,61.662286465177395,,,no_temporal_score_reference_pool
21-66086,NAME:regie dept passages d eau de vendee,NAME_FALLBACK,2021-05-17,2021-05-17,2025-05-17,2026-07-13,72,72600,DIGITAL_ICT,True,48.0,True,0,61.85939553219448,,,no_temporal_score_reference_pool
21-62138,NAME:conseil regional des pays de la loire,NAME_FALLBACK,2021-05-07,2021-05-07,2025-05-07,2026-07-13,35,35111,DIGITAL_ICT,True,48.0,True,0,62.187910643889616,,,no_temporal_score_reference_pool
21-69523,NAME:departement de maine-et-loire,NAME_FALLBACK,2021-05-25,2021-05-25,2021-11-25,2026-07-13,,,DIGITAL_ICT,True,6.0,True,0,61.59658344283837,,,no_temporal_score_reference_pool
21-60721,NAME:nantes metropole,NAME_FALLBACK,2021-05-05,2021-05-05,2021-11-05,2026-07-13,,,DIGITAL_ICT,True,6.0,True,0,62.253613666228645,,,no_temporal_score_reference_pool
21-67958,SIRET:24440064400013,RAW_SIRET,2021-05-22,2021-10-17,2025-10-17,2026-07-13,72,72200,DIGITAL_ICT,True,48.0,True,0,61.69513797634691,,,no_temporal_score_reference_pool
21-58722,NAME:chu de nantes,NAME_FALLBACK,2021-05-02,2021-07-07,2024-07-07,2026-07-13,50,50610,DIGITAL_ICT,True,36.0,True,0,62.352168199737186,,,no_temporal_score_reference_pool
21-67771,NAME:conseil regional des pays de la loire,NAME_FALLBACK,2021-05-22,2021-10-15,2025-10-15,2026-07-13,48,48800,DIGITAL_ICT,True,48.0,True,0,61.69513797634691,,,no_temporal_score_reference_pool
21-69582,NAME:ville de cholet,NAME_FALLBACK,2021-05-27,2021-08-29,2025-08-29,2026-07-13,48,48900,DIGITAL_ICT,True,48.0,True,0,61.530880420499344,,,no_temporal_score_reference_pool
21-71012,NAME:ville de sable sur sarthe,NAME_FALLBACK,2021-05-27,2021-05-27,2025-05-27,2026-07-13,72,72212,DIGITAL_ICT,True,48.0,True,0,61.530880420499344,,,no_temporal_score_reference_pool
21-71538,NAME:commune de saint-herblain,NAME_FALLBACK,2021-05-27,2021-05-27,2025-05-27,2026-07-13,48,48160,DIGITAL_ICT,True,48.0,True,0,61.530880420499344,,,no_temporal_score_reference_pool
21-71956,NAME:departement de la mayenne,NAME_FALLBACK,2021-05-28,2021-05-28,2021-11-28,2026-07-13,,,DIGITAL_ICT,True,6.0,True,1,10.315374507227332,22-49221,0.2275575905531731,no_temporal_score_reference_pool
21-67011,NAME:synd dep d energie et d eqpt de vendee,NAME_FALLBACK,2021-05-20,2022-03-03,2026-03-03,2026-07-13,72,72000,DIGITAL_ICT,True,48.0,True,0,61.76084099868594,,,no_temporal_score_reference_pool
21-69590,NAME:laval agglomeration,NAME_FALLBACK,2021-05-25,2021-05-25,2021-11-25,2026-07-13,,,DIGITAL_ICT,True,6.0,True,1,5.551905387647832,21-148591,0.1901922813880023,no_temporal_score_reference_pool
21-83807,NAME:centre de gestion fpt loire-atlantique,NAME_FALLBACK,2021-06-18,2021-06-18,2021-12-18,2026-07-13,,,DIGITAL_ICT,True,6.0,True,0,60.80814717477004,,,no_temporal_score_reference_pool
21-73723,NAME:rectorat de l academie de nantes,NAME_FALLBACK,2021-06-01,2021-06-01,2024-06-01,2026-07-13,50,50312,DIGITAL_ICT,True,36.0,True,0,61.366622864651774,,,no_temporal_score_reference_pool
21-85842,NAME:nantes metropole,NAME_FALLBACK,2021-06-25,2021-06-25,2025-06-25,2026-07-13,72,72253,DIGITAL_ICT,True,48.0,True,1,49.37582128777924,25-90009,0.2546792105594234,no_temporal_score_reference_pool
21-87461,SIRET:24720013200014,RAW_SIRET,2021-06-27,2021-10-31,2023-10-31,2026-07-13,30,30230,DIGITAL_ICT,True,24.0,True,1,28.252299605781864,23-154026,0.240645377973509,no_temporal_score_reference_pool
21-88219,SIRET:22720002900014,RAW_SIRET,2021-06-30,2021-11-21,2025-11-21,2026-07-13,72,72250,DIGITAL_ICT,True,48.0,True,0,60.41392904073587,,,no_temporal_score_reference_pool
21-76512,NAME:commune de saint-herblain,NAME_FALLBACK,2021-06-09,2021-11-06,2025-11-06,2026-07-13,72,72250,DIGITAL_ICT,True,48.0,True,0,61.10381077529566,,,no_temporal_score_reference_pool
21-76925,NAME:chu de nantes,NAME_FALLBACK,2021-06-09,2021-12-02,2025-12-02,2026-07-13,72,72267,DIGITAL_ICT,True,48.0,True,0,61.10381077529566,,,no_temporal_score_reference_pool
21-78101,SIRET:24720013200014,RAW_SIRET,2021-06-11,2021-12-29,2023-06-29,2026-07-13,39,39300,DIGITAL_ICT,True,18.0,True,1,18.69250985545335,22-171933,0.8026664960459355,no_temporal_score_reference_pool
21-83160,NAME:angers loire metropole,NAME_FALLBACK,2021-06-25,2021-06-25,2025-06-25,2026-07-13,72,72267,DIGITAL_ICT,True,48.0,True,0,60.57818659658344,,,no_temporal_score_reference_pool
21-82605,SIRET:11004301500012,RAW_SIRET,2021-06-18,2021-06-18,2025-06-18,2026-07-13,72,72253,DIGITAL_ICT,True,48.0,True,0,60.80814717477004,,,no_temporal_score_reference_pool
21-77546,NAME:conseil departemental loire-atlantique,NAME_FALLBACK,2021-06-10,2021-06-10,2025-06-10,2026-07-13,72,72611,DIGITAL_ICT,True,48.0,True,0,61.07095926412615,,,no_temporal_score_reference_pool
21-90254,NAME:communaute communes parthenay-gatine,NAME_FALLBACK,2021-06-30,2021-06-30,2021-12-30,2026-07-13,55,55321,DIGITAL_ICT,True,6.0,True,0,60.41392904073587,,,no_temporal_score_reference_pool
21-77056,NAME:destination rennes tourisme congres,NAME_FALLBACK,2021-06-07,2021-06-07,2025-06-07,2026-07-13,72,72200,DIGITAL_ICT,True,48.0,True,0,61.16951379763469,,,no_temporal_score_reference_pool
21-78352,NAME:nantes metropole,NAME_FALLBACK,2021-06-09,2021-06-09,2025-06-09,2026-07-13,48,48000,DIGITAL_ICT,True,48.0,True,1,53.87647831800263,25-134329,0.4920363404853116,no_temporal_score_reference_pool
21-81812,NAME:cc loire layon aubance,NAME_FALLBACK,2021-06-17,2021-11-05,2025-11-05,2026-07-13,48,48800,DIGITAL_ICT,True,48.0,True,0,60.84099868593955,,,no_temporal_score_reference_pool
21-82013,SIRET:13002591900015,RAW_SIRET,2021-06-18,2021-10-13,2025-10-13,2026-07-13,72,72310,DIGITAL_ICT,True,48.0,True,0,60.80814717477004,,,no_temporal_score_reference_pool
21-86124,NAME:sydela,NAME_FALLBACK,2021-06-23,2021-06-23,2024-06-23,2026-07-13,32,32523,DIGITAL_ICT,True,36.0,True,0,60.64388961892247,,,no_temporal_score_reference_pool
21-86403,NAME:departement de la vendee,NAME_FALLBACK,2021-06-23,2021-12-10,2025-12-10,2026-07-13,72,72261,DIGITAL_ICT,True,48.0,True,1,56.37319316688568,26-23151,0.7794927799154718,no_temporal_score_reference_pool
21-83144,NAME:cmar pays de la loire,NAME_FALLBACK,2021-06-19,2021-12-08,2023-12-08,2026-07-13,30,30200,DIGITAL_ICT,True,24.0,True,0,60.775295663600524,,,no_temporal_score_reference_pool
21-86231,NAME:gie sesam vitale,NAME_FALLBACK,2021-06-25,2022-06-10,2026-06-10,2026-07-13,72,72500,DIGITAL_ICT,True,48.0,True,0,60.57818659658344,,,no_temporal_score_reference_pool
21-88699,NAME:semitan,NAME_FALLBACK,2021-06-30,2022-02-20,2026-02-20,2026-07-13,72,72000,DIGITAL_ICT,True,48.0,True,1,50.09855453350854,25-97524,0.20878932830509186,no_temporal_score_reference_pool
21-77933,SIRET:83095506800044,RAW_SIRET,2021-06-10,2021-08-27,2025-08-27,2026-07-13,72,72212,DIGITAL_ICT,True,48.0,True,0,61.07095926412615,,,no_temporal_score_reference_pool
21-74412,NAME:angers loire metropole,NAME_FALLBACK,2021-06-11,2021-06-11,2025-06-11,2026-07-13,72,72267,DIGITAL_ICT,True,48.0,True,0,61.038107752956634,,,no_temporal_score_reference_pool
21-88585,NAME:ensa nantes,NAME_FALLBACK,2021-06-30,2021-10-30,2024-10-30,2026-07-13,32,32321,DIGITAL_ICT,True,36.0,True,0,60.41392904073587,,,no_temporal_score_reference_pool
21-88617,SIRET:20007187600011,RAW_SIRET,2021-06-30,2021-06-30,2025-06-30,2026-07-13,48,48000,DIGITAL_ICT,True,48.0,True,0,60.41392904073587,,,no_temporal_score_reference_pool
21-80765,NAME:conseil departemental loire-atlantique,NAME_FALLBACK,2021-06-14,2021-06-14,2021-12-14,2026-07-13,,,DIGITAL_ICT,True,6.0,True,0,60.939553219448094,,,no_temporal_score_reference_pool
21-85552,NAME:nantes metropole,NAME_FALLBACK,2021-06-22,2021-06-22,2025-06-22,2026-07-13,72,72212,DIGITAL_ICT,True,48.0,True,1,49.47437582128778,25-90009,0.2887242855853365,no_temporal_score_reference_pool
21-84240,NAME:comcom des vallees du haut-anjou,NAME_FALLBACK,2021-06-18,2022-01-18,2022-07-18,2026-07-13,,,DIGITAL_ICT,True,6.0,True,0,60.80814717477004,,,no_temporal_score_reference_pool
21-72712,NAME:cci nantes saint-nazaire,NAME_FALLBACK,2021-06-02,2022-01-19,2026-01-19,2026-07-13,72,72400,DIGITAL_ICT,True,48.0,True,0,61.33377135348226,,,no_temporal_score_reference_pool
21-78393,NAME:conseil departemental loire-atlantique,NAME_FALLBACK,2021-06-11,2021-06-11,2025-06-11,2026-07-13,72,72514,DIGITAL_ICT,True,48.0,True,0,61.038107752956634,,,no_temporal_score_reference_pool
21-79975,SIRET:80259603100012,RAW_SIRET,2021-06-13,2021-06-13,2025-06-13,2026-07-13,72,72260,DIGITAL_ICT,True,48.0,True,0,60.97240473061761,,,no_temporal_score_reference_pool
21-86348,NAME:semitan,NAME_FALLBACK,2021-06-25,2022-01-30,2026-01-30,2026-07-13,72,72000,DIGITAL_ICT,True,48.0,True,0,60.57818659658344,,,no_temporal_score_reference_pool
21-75719,NAME:ville d angers,NAME_FALLBACK,2021-06-04,2021-06-04,2025-06-04,2026-07-13,48,48952,DIGITAL_ICT,True,48.0,True,0,61.26806833114323,,,no_temporal_score_reference_pool
21-76081,NAME:nantes metropole,NAME_FALLBACK,2021-06-04,2021-06-04,2025-06-04,2026-07-13,72,72000,DIGITAL_ICT,True,48.0,True,0,61.26806833114323,,,no_temporal_score_reference_pool
21-76634,NAME:nantes metropole,NAME_FALLBACK,2021-06-07,2021-06-07,2024-06-07,2026-07-13,32,32321,DIGITAL_ICT,True,36.0,True,1,30.420499342969777,23-176813,0.4095324271429193,no_temporal_score_reference_pool
21-76694,NAME:caisse primaire assur maladie maine lo,NAME_FALLBACK,2021-06-07,2021-06-07,2025-06-07,2026-07-13,79,79993,DIGITAL_ICT,True,48.0,True,0,61.16951379763469,,,no_temporal_score_reference_pool
21-78563,NAME:chu de nantes,NAME_FALLBACK,2021-06-09,2021-06-09,2025-06-09,2026-07-13,72,72261,DIGITAL_ICT,True,48.0,True,0,61.10381077529566,,,no_temporal_score_reference_pool
21-91773,NAME:gie sesam vitale,NAME_FALLBACK,2021-07-04,2021-07-04,2025-07-04,2026-07-13,72,72212,DIGITAL_ICT,True,48.0,True,0,60.28252299605782,,,no_temporal_score_reference_pool
21-95316,NAME:cte de cnes du pays d ancenis,NAME_FALLBACK,2021-07-08,2021-07-08,2022-01-08,2026-07-13,,,DIGITAL_ICT,True,6.0,True,0,60.15111695137976,,,no_temporal_score_reference_pool
21-99109,NAME:centre hospitalier de laval 53,NAME_FALLBACK,2021-07-18,2021-11-19,2023-11-19,2026-07-13,30,30200,DIGITAL_ICT,True,24.0,True,0,59.82260183968462,,,no_temporal_score_reference_pool
21-102565,NAME:ville de bouguenais,NAME_FALLBACK,2021-07-24,2021-11-25,2025-11-25,2026-07-13,35,35120,DIGITAL_ICT,True,48.0,True,0,59.62549277266754,,,no_temporal_score_reference_pool
21-90937,NAME:mairie de la chapelle sur erdre,NAME_FALLBACK,2021-07-01,2021-07-01,2025-07-01,2026-07-13,48,48210,DIGITAL_ICT,True,48.0,True,0,60.38107752956636,,,no_temporal_score_reference_pool
21-99793,NAME:sgami ouest,NAME_FALLBACK,2021-07-16,2021-07-16,2024-07-16,2026-07-13,32,32561,DIGITAL_ICT,True,36.0,True,0,59.88830486202365,,,no_temporal_score_reference_pool
21-93999,NAME:commune de ombree d anjou,NAME_FALLBACK,2021-07-09,2021-07-09,2025-07-09,2026-07-13,35,35260,DIGITAL_ICT,True,48.0,True,0,60.11826544021025,,,no_temporal_score_reference_pool
21-96114,NAME:nantes metropole,NAME_FALLBACK,2021-07-15,2021-07-15,2025-07-15,2026-07-13,48,48326,DIGITAL_ICT,True,48.0,True,0,59.92115637319316,,,no_temporal_score_reference_pool
21-99709,NAME:universite d angers,NAME_FALLBACK,2021-07-18,2022-12-15,2026-12-15,2026-07-13,72,72000,DIGITAL_ICT,True,48.0,True,0,59.82260183968462,,,no_temporal_score_reference_pool
21-93672,NAME:ca saumur val de loire,NAME_FALLBACK,2021-07-06,2021-07-06,2024-07-06,2026-07-13,32,32400,DIGITAL_ICT,True,36.0,True,0,60.21681997371879,,,no_temporal_score_reference_pool
21-104861,NAME:destination rennes tourisme congres,NAME_FALLBACK,2021-07-27,2021-07-27,2024-07-27,2026-07-13,32,32321,DIGITAL_ICT,True,36.0,True,0,59.526938239159,,,no_temporal_score_reference_pool
21-96695,NAME:universite de nantes,NAME_FALLBACK,2021-07-12,2021-10-07,2025-10-07,2026-07-13,48,48000,DIGITAL_ICT,True,48.0,True,0,60.01971090670171,,,no_temporal_score_reference_pool
21-96769,NAME:ville de sable sur sarthe,NAME_FALLBACK,2021-07-12,2021-07-12,2025-07-12,2026-07-13,72,72212,DIGITAL_ICT,True,48.0,True,0,60.01971090670171,,,no_temporal_score_reference_pool
21-97121,NAME:grand lieu communaute,NAME_FALLBACK,2021-07-14,2021-10-14,2025-10-14,2026-07-13,72,72250,DIGITAL_ICT,True,48.0,True,0,59.95400788436268,,,no_temporal_score_reference_pool
21-89559,NAME:conseil regional des pays de la loire,NAME_FALLBACK,2021-07-01,2021-07-01,2024-07-01,2026-07-13,71,71310,DIGITAL_ICT,True,36.0,True,0,60.38107752956636,,,no_temporal_score_reference_pool
21-104870,SIRET:22530001100015,RAW_SIRET,2021-07-29,2021-11-11,2025-11-11,2026-07-13,72,72268,DIGITAL_ICT,True,48.0,True,0,59.46123521681997,,,no_temporal_score_reference_pool
21-93968,NAME:ville de parthenay,NAME_FALLBACK,2021-07-07,2021-07-07,2025-07-07,2026-07-13,35,35111,DIGITAL_ICT,True,48.0,True,0,60.18396846254928,,,no_temporal_score_reference_pool
21-104443,NAME:dir reg envir amenagement logt bretagn,NAME_FALLBACK,2021-07-29,2021-07-29,2025-07-29,2026-07-13,35,35100,DIGITAL_ICT,True,48.0,True,0,59.46123521681997,,,no_temporal_score_reference_pool
21-89893,NAME:communaute d agglomeration du niortais,NAME_FALLBACK,2021-07-02,2021-09-22,2025-09-22,2026-07-13,72,72500,DIGITAL_ICT,True,48.0,True,0,60.34822601839684,,,no_temporal_score_reference_pool
21-92363,NAME:soc publique reg abe de fontevraud,NAME_FALLBACK,2021-07-05,2021-07-05,2024-07-05,2026-07-13,32,32323,DIGITAL_ICT,True,36.0,True,0,60.2496714848883,,,no_temporal_score_reference_pool
21-93803,NAME:sem cenovia,NAME_FALLBACK,2021-07-06,2021-09-30,2025-09-30,2026-07-13,72,72224,DIGITAL_ICT,True,48.0,True,0,60.21681997371879,,,no_temporal_score_reference_pool
21-99965,NAME:cc ocean marais de monts,NAME_FALLBACK,2021-07-19,2021-07-19,2024-07-19,2026-07-13,32,32323,DIGITAL_ICT,True,36.0,True,0,59.78975032851511,,,no_temporal_score_reference_pool
21-97876,NAME:nantes metropole,NAME_FALLBACK,2021-07-15,2021-07-15,2025-07-15,2026-07-13,48,48000,DIGITAL_ICT,True,48.0,True,1,52.69382391590013,25-134329,0.4886480012858191,no_temporal_score_reference_pool
21-101248,SIRET:21440184600016,RAW_SIRET,2021-07-22,2021-11-06,2025-11-06,2026-07-13,48,48600,DIGITAL_ICT,True,48.0,True,0,59.69119579500657,,,no_temporal_score_reference_pool
21-103501,NAME:departement de la sarthe,NAME_FALLBACK,2021-07-23,2021-07-23,2025-07-23,2026-07-13,72,72224,DIGITAL_ICT,True,48.0,True,0,59.65834428383705,,,no_temporal_score_reference_pool
21-92788,NAME:nantes metropole,NAME_FALLBACK,2021-07-05,2021-07-05,2022-01-05,2026-07-13,,,DIGITAL_ICT,True,6.0,True,1,8.409986859395532,22-39212,0.18712898113077164,no_temporal_score_reference_pool
21-105103,NAME:cc vendee grand littoral,NAME_FALLBACK,2021-07-28,2021-07-28,2022-01-28,2026-07-13,,,DIGITAL_ICT,True,6.0,True,0,59.49408672798949,,,no_temporal_score_reference_pool
21-111863,NAME:conseil departemental loire-atlantique,NAME_FALLBACK,2021-08-13,2021-08-13,2022-02-13,2026-07-13,,,DIGITAL_ICT,True,6.0,True,0,58.96846254927727,,,no_temporal_score_reference_pool
21-117209,NAME:departement de la mayenne,NAME_FALLBACK,2021-08-31,2021-08-31,2022-02-28,2026-07-13,,,DIGITAL_ICT,True,6.0,True,1,7.194480946123521,22-49221,0.19010137626876455,no_temporal_score_reference_pool
21-113588,NAME:sdis de la sarthe,NAME_FALLBACK,2021-08-19,2021-12-13,2022-12-13,2026-07-13,45,45310,DIGITAL_ICT,True,12.0,True,0,58.77135348226018,,,no_temporal_score_reference_pool
21-115415,NAME:conseil regional des pays de la loire,NAME_FALLBACK,2021-08-25,2021-08-25,2023-08-25,2026-07-13,30,30000,DIGITAL_ICT,True,24.0,True,1,25.52562417871222,23-140453,0.3361053133171336,no_temporal_score_reference_pool
21-117127,NAME:sce departemental incendie et secours,NAME_FALLBACK,2021-08-31,2021-08-31,2023-08-31,2026-07-13,30,30000,DIGITAL_ICT,True,24.0,True,0,58.37713534822602,,,no_temporal_score_reference_pool
21-117466,NAME:centre hospitalier de laval 53,NAME_FALLBACK,2021-08-31,2021-12-06,2022-06-06,2026-07-13,,,DIGITAL_ICT,True,6.0,True,1,4.204993429697766,22-2872,0.2507062594222395,no_temporal_score_reference_pool
21-113571,NAME:sdis49,NAME_FALLBACK,2021-08-19,2022-01-12,2026-01-12,2026-07-13,72,72400,DIGITAL_ICT,True,48.0,True,0,58.77135348226018,,,no_temporal_score_reference_pool
20-7510,NAME:cdc du pays de saint gilles cx de vie,NAME_FALLBACK,2021-08-06,2021-08-06,2025-08-06,2026-07-13,48,48900,DIGITAL_ICT,True,48.0,True,0,59.19842312746386,,,no_temporal_score_reference_pool
21-113953,NAME:chu de nantes,NAME_FALLBACK,2021-08-20,2021-08-20,2025-08-20,2026-07-13,72,72267,DIGITAL_ICT,True,48.0,True,0,58.73850197109067,,,no_temporal_score_reference_pool
21-111036,NAME:ville de bouguenais,NAME_FALLBACK,2021-08-13,2021-11-20,2023-11-20,2026-07-13,30,30230,DIGITAL_ICT,True,24.0,True,1,32.98291721419185,24-55286,0.21926604195968233,no_temporal_score_reference_pool
21-114338,NAME:cc du pays de st fulgent les essarts,NAME_FALLBACK,2021-08-24,2021-08-24,2025-08-24,2026-07-13,72,72224,DIGITAL_ICT,True,48.0,True,0,58.60709592641261,,,no_temporal_score_reference_pool
21-117181,NAME:satt ouest valorisation,NAME_FALLBACK,2021-08-31,2021-08-31,2025-08-31,2026-07-13,72,72262,DIGITAL_ICT,True,48.0,True,0,58.37713534822602,,,no_temporal_score_reference_pool
21-121431,NAME:ville d angers,NAME_FALLBACK,2021-09-30,2021-09-30,2024-09-30,2026-07-13,32,32270,DIGITAL_ICT,True,36.0,True,0,57.39159001314061,,,no_temporal_score_reference_pool
21-126270,NAME:cc ocean marais de monts,NAME_FALLBACK,2021-09-21,2021-09-21,2024-09-21,2026-07-13,32,32550,DIGITAL_ICT,True,36.0,True,0,57.68725361366623,,,no_temporal_score_reference_pool
21-120100,NAME:ville de larmor-plage,NAME_FALLBACK,2021-09-10,2021-09-10,2025-09-10,2026-07-13,35,35261,DIGITAL_ICT,True,48.0,True,0,58.04862023653088,,,no_temporal_score_reference_pool
21-118513,NAME:communautedecommunesentrebeauceetperch,NAME_FALLBACK,2021-09-02,2021-09-02,2022-03-02,2026-07-13,,,DIGITAL_ICT,True,6.0,True,0,58.31143232588699,,,no_temporal_score_reference_pool
21-119536,NAME:commune de saint-herblain,NAME_FALLBACK,2021-09-06,2021-09-06,2025-09-06,2026-07-13,72,72413,DIGITAL_ICT,True,48.0,True,0,58.18002628120894,,,no_temporal_score_reference_pool
21-124267,NAME:medde dgac scn ssim,NAME_FALLBACK,2021-09-18,2022-03-31,2026-03-31,2026-07-13,72,72253,DIGITAL_ICT,True,48.0,True,0,57.78580814717477,,,no_temporal_score_reference_pool
21-125536,NAME:crous de nantes,NAME_FALLBACK,2021-09-22,2021-09-22,2025-09-22,2026-07-13,72,72500,DIGITAL_ICT,True,48.0,True,0,57.65440210249672,,,no_temporal_score_reference_pool
21-128976,SIRET:32782217700025,RAW_SIRET,2021-09-29,2022-02-24,2026-02-24,2026-07-13,72,72220,DIGITAL_ICT,True,48.0,True,0,57.42444152431012,,,no_temporal_score_reference_pool
21-122032,NAME:nantes metropole,NAME_FALLBACK,2021-09-10,2022-01-12,2026-01-12,2026-07-13,72,72000,DIGITAL_ICT,True,48.0,True,0,58.04862023653088,,,no_temporal_score_reference_pool
21-126092,NAME:ca les sables d olonne agglomeration,NAME_FALLBACK,2021-09-23,2022-04-24,2026-04-24,2026-07-13,72,72212,DIGITAL_ICT,True,48.0,True,0,57.6215505913272,,,no_temporal_score_reference_pool
21-126684,SIRET:23440003400026,RAW_SIRET,2021-09-24,2022-08-31,2026-08-31,2026-07-13,72,72250,DIGITAL_ICT,True,48.0,True,0,57.58869908015769,,,no_temporal_score_reference_pool
21-124382,NAME:clisson sevre et maine agglo,NAME_FALLBACK,2021-09-16,2021-09-16,2024-09-16,2026-07-13,32,32321,DIGITAL_ICT,True,36.0,True,0,57.8515111695138,,,no_temporal_score_reference_pool
21-124527,NAME:gpm de nantes - st nazaire,NAME_FALLBACK,2021-09-16,2021-09-16,2025-09-16,2026-07-13,48,48332,DIGITAL_ICT,True,48.0,True,0,57.8515111695138,,,no_temporal_score_reference_pool
21-117615,NAME:chu de nantes,NAME_FALLBACK,2021-09-01,2021-09-01,2025-09-01,2026-07-13,72,72267,DIGITAL_ICT,True,48.0,True,0,58.3442838370565,,,no_temporal_score_reference_pool
21-121452,NAME:cc vendee grand littoral,NAME_FALLBACK,2021-09-11,2022-01-22,2022-07-22,2026-07-13,31,31682,DIGITAL_ICT,True,6.0,True,0,58.01576872536137,,,no_temporal_score_reference_pool
21-125688,NAME:vendee expansion,NAME_FALLBACK,2021-09-22,2021-12-15,2025-12-15,2026-07-13,72,72000,DIGITAL_ICT,True,48.0,True,0,57.65440210249672,,,no_temporal_score_reference_pool
21-130046,NAME:gpm de nantes - st nazaire,NAME_FALLBACK,2021-09-29,2021-09-29,2025-09-29,2026-07-13,48,48332,DIGITAL_ICT,True,48.0,True,0,57.42444152431012,,,no_temporal_score_reference_pool
21-125843,NAME:universite du maine,NAME_FALLBACK,2021-09-22,2022-01-13,2024-01-13,2026-07-13,30,30195,DIGITAL_ICT,True,24.0,True,0,57.65440210249672,,,no_temporal_score_reference_pool
21-122276,NAME:universite d angers,NAME_FALLBACK,2021-09-15,2021-12-03,2025-12-03,2026-07-13,48,48900,DIGITAL_ICT,True,48.0,True,0,57.88436268068331,,,no_temporal_score_reference_pool
21-126360,SIRET:88324710800011,RAW_SIRET,2021-09-23,2021-11-21,2025-11-21,2026-07-13,72,72224,DIGITAL_ICT,True,48.0,True,0,57.6215505913272,,,no_temporal_score_reference_pool
21-124087,NAME:ville d orvault,NAME_FALLBACK,2021-09-16,2021-09-16,2025-09-16,2026-07-13,35,35121,DIGITAL_ICT,True,48.0,True,1,50.9526938239159,25-137684,0.5021772181386075,no_temporal_score_reference_pool
21-125738,NAME:commune de saint nazaire,NAME_FALLBACK,2021-09-20,2021-09-20,2022-03-20,2026-07-13,75,75200,DIGITAL_ICT,True,6.0,True,1,2.628120893561104,21-161861,0.9150236885608778,no_temporal_score_reference_pool
21-123168,NAME:commune du cellier,NAME_FALLBACK,2021-09-14,2021-09-14,2022-03-14,2026-07-13,,,DIGITAL_ICT,True,6.0,True,0,57.91721419185283,,,no_temporal_score_reference_pool
21-116891,SIRET:23440003400026,RAW_SIRET,2021-09-01,2022-01-15,2026-01-15,2026-07-13,72,72000,DIGITAL_ICT,True,48.0,True,1,54.533508541392905,26-28296,0.2919553250109836,no_temporal_score_reference_pool
21-118586,NAME:ch le mans,NAME_FALLBACK,2021-09-05,2022-01-21,2026-01-21,2026-07-13,35,35113,DIGITAL_ICT,True,48.0,True,0,58.21287779237845,,,no_temporal_score_reference_pool
21-138925,NAME:cdc du pays de saint gilles cx de vie,NAME_FALLBACK,2021-10-18,2021-10-18,2022-04-18,2026-07-13,,,DIGITAL_ICT,True,6.0,True,1,0.5584756898817346,21-147552,0.5784844131661437,no_temporal_score_reference_pool
21-130332,SIRET:28870852200017,RAW_SIRET,2021-10-01,2021-10-01,2025-10-01,2026-07-13,72,72310,DIGITAL_ICT,True,48.0,True,0,57.35873850197109,,,no_temporal_score_reference_pool
21-130369,NAME:commune de saint-herblain,NAME_FALLBACK,2021-10-01,2021-10-01,2025-10-01,2026-07-13,72,72267,DIGITAL_ICT,True,48.0,True,0,57.35873850197109,,,no_temporal_score_reference_pool
21-130956,NAME:conseil regional des pays de la loire,NAME_FALLBACK,2021-10-02,2022-05-27,2026-05-27,2026-07-13,79,79800,DIGITAL_ICT,True,48.0,True,0,57.32588699080158,,,no_temporal_score_reference_pool
21-144057,NAME:sdis49,NAME_FALLBACK,2021-10-26,2021-10-26,2024-10-26,2026-07-13,32,32300,DIGITAL_ICT,True,36.0,True,0,56.53745072273325,,,no_temporal_score_reference_pool
21-143328,NAME:departement de la vendee,NAME_FALLBACK,2021-10-25,2022-03-31,2026-03-31,2026-07-13,72,72212,DIGITAL_ICT,True,48.0,True,1,52.29960578186597,26-23151,0.25507283766527034,no_temporal_score_reference_pool
21-137487,NAME:vendee expansion,NAME_FALLBACK,2021-10-15,2021-12-15,2025-12-15,2026-07-13,72,72500,DIGITAL_ICT,True,48.0,True,0,56.8988173455979,,,no_temporal_score_reference_pool
21-139413,NAME:mairie de la chapelle sur erdre,NAME_FALLBACK,2021-10-20,2021-10-20,2023-10-20,2026-07-13,30,30236,DIGITAL_ICT,True,24.0,True,0,56.73455978975033,,,no_temporal_score_reference_pool
21-129937,NAME:ville de nantes,NAME_FALLBACK,2021-10-01,2021-10-01,2025-10-01,2026-07-13,72,72000,DIGITAL_ICT,True,48.0,True,0,57.35873850197109,,,no_temporal_score_reference_pool
21-141864,NAME:ccir pays de la loire,NAME_FALLBACK,2021-10-24,2021-10-24,2023-10-24,2026-07-13,30,30214,DIGITAL_ICT,True,24.0,True,0,56.60315374507228,,,no_temporal_score_reference_pool
21-139944,NAME:ca pornic agglo pays de retz,NAME_FALLBACK,2021-10-29,2022-02-03,2024-02-03,2026-07-13,30,30200,DIGITAL_ICT,True,24.0,True,0,56.43889618922471,,,no_temporal_score_reference_pool
21-143444,NAME:departement de la vendee,NAME_FALLBACK,2021-10-26,2022-03-31,2026-03-31,2026-07-13,72,72212,DIGITAL_ICT,True,48.0,True,1,52.26675427069645,26-23151,0.25507283766527034,no_temporal_score_reference_pool
21-138241,SIRET:22720002900014,RAW_SIRET,2021-10-16,2022-01-26,2026-01-26,2026-07-13,72,72267,DIGITAL_ICT,True,48.0,True,0,56.86596583442839,,,no_temporal_score_reference_pool
21-138343,SIRET:20008247700015,RAW_SIRET,2021-10-17,2021-10-17,2025-10-17,2026-07-13,48,48800,DIGITAL_ICT,True,48.0,True,0,56.83311432325887,,,no_temporal_score_reference_pool
21-143183,NAME:nantes metropole,NAME_FALLBACK,2021-10-25,2021-10-25,2025-10-25,2026-07-13,48,48000,DIGITAL_ICT,True,48.0,True,1,49.34296977660972,25-134329,0.5046619380775828,no_temporal_score_reference_pool
21-139293,NAME:ch le mans,NAME_FALLBACK,2021-10-20,2022-03-18,2026-03-18,2026-07-13,48,48000,DIGITAL_ICT,True,48.0,True,0,56.73455978975033,,,no_temporal_score_reference_pool
21-132073,NAME:sde35,NAME_FALLBACK,2021-10-01,2021-10-01,2025-10-01,2026-07-13,48,48000,DIGITAL_ICT,True,48.0,True,0,57.35873850197109,,,no_temporal_score_reference_pool
21-135182,NAME:regie dept passages d eau de vendee,NAME_FALLBACK,2021-10-08,2021-10-08,2025-10-08,2026-07-13,72,72500,DIGITAL_ICT,True,48.0,True,0,57.1287779237845,,,no_temporal_score_reference_pool
21-137261,NAME:commune de cesson sevigne,NAME_FALLBACK,2021-10-13,2021-10-13,2024-10-13,2026-07-13,71,71315,DIGITAL_ICT,True,36.0,True,0,56.96452036793693,,,no_temporal_score_reference_pool
21-138338,NAME:cc pays de fontenay vendee,NAME_FALLBACK,2021-10-15,2021-10-15,2022-04-15,2026-07-13,,,DIGITAL_ICT,True,6.0,True,0,56.8988173455979,,,no_temporal_score_reference_pool
21-144079,NAME:ecole national sup d arts et metiers,NAME_FALLBACK,2021-10-28,2021-10-28,2024-10-28,2026-07-13,32,32571,DIGITAL_ICT,True,36.0,True,0,56.47174770039422,,,no_temporal_score_reference_pool
21-144087,SIRET:88324710800011,RAW_SIRET,2021-10-28,2022-06-15,2026-06-15,2026-07-13,72,72224,DIGITAL_ICT,True,48.0,True,0,56.47174770039422,,,no_temporal_score_reference_pool
21-141754,NAME:vendee grand littoral,NAME_FALLBACK,2021-10-21,2021-10-21,2022-10-21,2026-07-13,45,45421,DIGITAL_ICT,True,12.0,True,0,56.70170827858082,,,no_temporal_score_reference_pool
21-145116,SIRET:22530001100015,RAW_SIRET,2021-10-30,2022-03-02,2024-03-02,2026-07-13,30,30230,DIGITAL_ICT,True,24.0,True,0,56.40604467805519,,,no_temporal_score_reference_pool
21-141238,NAME:cte de communes de la region de blain,NAME_FALLBACK,2021-10-21,2022-01-06,2026-01-06,2026-07-13,72,72000,DIGITAL_ICT,True,48.0,True,0,56.70170827858082,,,no_temporal_score_reference_pool
21-133549,NAME:chu de nantes,NAME_FALLBACK,2021-10-08,2022-03-17,2026-03-17,2026-07-13,79,79530,DIGITAL_ICT,True,48.0,True,0,57.1287779237845,,,no_temporal_score_reference_pool
21-143481,NAME:sca pfaf so,NAME_FALLBACK,2021-10-26,2021-10-26,2024-10-26,2026-07-13,32,32323,DIGITAL_ICT,True,36.0,True,0,56.53745072273325,,,no_temporal_score_reference_pool
21-145412,NAME:nantes metropole,NAME_FALLBACK,2021-10-31,2021-10-31,2023-10-31,2026-07-13,30,30200,DIGITAL_ICT,True,24.0,True,0,56.37319316688568,,,no_temporal_score_reference_pool
21-142703,NAME:chambre reg agri pays de la loire,NAME_FALLBACK,2021-10-27,2021-10-27,2025-10-27,2026-07-13,72,72212,DIGITAL_ICT,True,48.0,True,0,56.50459921156373,,,no_temporal_score_reference_pool
21-134527,NAME:rectorat de l academie de nantes,NAME_FALLBACK,2021-10-07,2021-10-07,2022-04-07,2026-07-13,,,DIGITAL_ICT,True,6.0,True,0,57.16162943495401,,,no_temporal_score_reference_pool
21-133662,NAME:e-collectivites vendee,NAME_FALLBACK,2021-10-08,2021-10-08,2023-10-08,2026-07-13,30,30200,DIGITAL_ICT,True,24.0,True,0,57.1287779237845,,,no_temporal_score_reference_pool
21-133433,NAME:syndicat mixte pour le dvlpt numerique,NAME_FALLBACK,2021-10-05,2021-10-05,2025-10-05,2026-07-13,72,72700,DIGITAL_ICT,True,48.0,True,0,57.22733245729304,,,no_temporal_score_reference_pool
21-146075,NAME:ville de thouare-sur-loire,NAME_FALLBACK,2021-10-31,2021-10-31,2025-10-31,2026-07-13,72,72222,DIGITAL_ICT,True,48.0,True,0,56.37319316688568,,,no_temporal_score_reference_pool
21-155528,SIRET:78645126000024,RAW_SIRET,2021-11-26,2022-06-19,2026-06-19,2026-07-13,48,48110,DIGITAL_ICT,True,48.0,True,0,55.51905387647832,,,no_temporal_score_reference_pool
21-150948,NAME:semitan,NAME_FALLBACK,2021-11-15,2021-11-15,2025-11-15,2026-07-13,72,72500,DIGITAL_ICT,True,48.0,True,0,55.88042049934297,,,no_temporal_score_reference_pool
21-152470,NAME:ville de nantes,NAME_FALLBACK,2021-11-17,2021-11-17,2024-11-17,2026-07-13,32,32320,DIGITAL_ICT,True,36.0,True,0,55.814717477003946,,,no_temporal_score_reference_pool
21-146611,NAME:departement de maine-et-loire,NAME_FALLBACK,2021-11-03,2021-11-03,2022-11-03,2026-07-13,45,45223,DIGITAL_ICT,True,12.0,True,0,56.27463863337714,,,no_temporal_score_reference_pool
21-153479,NAME:nantes metropole,NAME_FALLBACK,2021-11-19,2021-11-19,2022-05-19,2026-07-13,,,DIGITAL_ICT,True,6.0,True,1,3.942181340341656,22-39891,0.23586549090770104,no_temporal_score_reference_pool
21-147552,NAME:cdc du pays de saint gilles cx de vie,NAME_FALLBACK,2021-11-04,2021-11-04,2022-05-04,2026-07-13,,,DIGITAL_ICT,True,6.0,True,0,56.24178712220762,,,no_temporal_score_reference_pool
21-148700,NAME:ch le mans,NAME_FALLBACK,2021-11-10,2022-01-27,2025-01-27,2026-07-13,32,32500,DIGITAL_ICT,True,36.0,True,0,56.04467805519054,,,no_temporal_score_reference_pool
21-156348,SIRET:22530001100015,RAW_SIRET,2021-11-27,2022-03-20,2026-03-20,2026-07-13,72,72268,DIGITAL_ICT,True,48.0,True,0,55.486202365308806,,,no_temporal_score_reference_pool
21-155128,NAME:cd 44,NAME_FALLBACK,2021-11-23,2021-11-23,2022-11-23,2026-07-13,38,38582,DIGITAL_ICT,True,12.0,True,0,55.61760840998686,,,no_temporal_score_reference_pool
21-155377,NAME:reseau canope,NAME_FALLBACK,2021-11-24,2021-11-24,2025-11-24,2026-07-13,48,48445,DIGITAL_ICT,True,48.0,True,0,55.584756898817346,,,no_temporal_score_reference_pool
21-156574,NAME:departement de la sarthe,NAME_FALLBACK,2021-11-26,2021-11-26,2025-11-26,2026-07-13,72,72224,DIGITAL_ICT,True,48.0,True,1,45.236530880420496,25-98193,0.3026275725785862,no_temporal_score_reference_pool
21-147677,NAME:metropole nantes metropole,NAME_FALLBACK,2021-11-06,2021-11-06,2025-11-06,2026-07-13,79,79824,DIGITAL_ICT,True,48.0,True,0,56.176084099868596,,,no_temporal_score_reference_pool
21-150615,NAME:institut regional administration lyon,NAME_FALLBACK,2021-11-14,2021-11-14,2025-11-14,2026-07-13,72,72200,DIGITAL_ICT,True,48.0,True,0,55.913272010512486,,,no_temporal_score_reference_pool
21-152380,NAME:gie des epl de vendee,NAME_FALLBACK,2021-11-17,2021-11-17,2025-11-17,2026-07-13,48,48200,DIGITAL_ICT,True,48.0,True,0,55.814717477003946,,,no_temporal_score_reference_pool
21-148591,NAME:laval agglomeration,NAME_FALLBACK,2021-11-10,2021-11-10,2024-11-10,2026-07-13,32,32342,DIGITAL_ICT,True,36.0,True,0,56.04467805519054,,,no_temporal_score_reference_pool
21-150402,NAME:nantes metropole,NAME_FALLBACK,2021-11-14,2021-11-14,2025-11-14,2026-07-13,48,48326,DIGITAL_ICT,True,48.0,True,0,55.913272010512486,,,no_temporal_score_reference_pool
21-146751,NAME:sdis 29,NAME_FALLBACK,2021-11-05,2021-11-05,2022-11-05,2026-07-13,80,80420,DIGITAL_ICT,True,12.0,True,0,56.20893561103811,,,no_temporal_score_reference_pool
21-154866,NAME:ville de saint sebastien sur loire,NAME_FALLBACK,2021-11-25,2022-05-18,2026-05-18,2026-07-13,72,72267,DIGITAL_ICT,True,48.0,True,0,55.551905387647835,,,no_temporal_score_reference_pool
21-155430,SIRET:77560485300041,RAW_SIRET,2021-11-26,2021-11-26,2025-11-26,2026-07-13,48,48921,DIGITAL_ICT,True,48.0,True,0,55.51905387647832,,,no_temporal_score_reference_pool
21-156687,NAME:communaute de cnes terres de montaigu,NAME_FALLBACK,2021-11-28,2021-11-28,2025-11-28,2026-07-13,72,72212,DIGITAL_ICT,True,48.0,True,0,55.45335085413929,,,no_temporal_score_reference_pool
21-153063,NAME:cd 44,NAME_FALLBACK,2021-11-18,2021-11-18,2022-11-18,2026-07-13,80,80200,DIGITAL_ICT,True,12.0,True,0,55.78186596583443,,,no_temporal_score_reference_pool
21-156783,NAME:ctre hosp universitaire angers,NAME_FALLBACK,2021-11-26,2021-11-26,2025-11-26,2026-07-13,72,72000,DIGITAL_ICT,True,48.0,True,0,55.51905387647832,,,no_temporal_score_reference_pool
21-157771,NAME:rectorat de l academie de nantes,NAME_FALLBACK,2021-11-30,2021-11-30,2022-05-30,2026-07-13,,,DIGITAL_ICT,True,6.0,True,0,55.387647831800265,,,no_temporal_score_reference_pool
21-148611,SIRET:24720013200014,RAW_SIRET,2021-11-10,2022-03-13,2023-09-13,2026-07-13,39,39300,DIGITAL_ICT,True,18.0,True,0,56.04467805519054,,,no_temporal_score_reference_pool
21-151331,NAME:fondation partenariale polytech,NAME_FALLBACK,2021-11-17,2021-11-17,2025-11-17,2026-07-13,72,72212,DIGITAL_ICT,True,48.0,True,0,55.814717477003946,,,no_temporal_score_reference_pool
21-155709,NAME:dirisi,NAME_FALLBACK,2021-11-26,2021-11-26,2025-11-26,2026-07-13,72,72210,DIGITAL_ICT,True,48.0,True,0,55.51905387647832,,,no_temporal_score_reference_pool
21-156075,NAME:departement de maine-et-loire,NAME_FALLBACK,2021-11-30,2021-11-30,2025-11-30,2026-07-13,35,35000,DIGITAL_ICT,True,48.0,True,0,55.387647831800265,,,no_temporal_score_reference_pool
21-148535,NAME:ecole centrale de nantes,NAME_FALLBACK,2021-11-08,2021-11-08,2022-05-08,2026-07-13,,,DIGITAL_ICT,True,6.0,True,0,56.11038107752957,,,no_temporal_score_reference_pool
21-157552,SIRET:22720002900014,RAW_SIRET,2021-12-01,2021-12-01,2025-12-01,2026-07-13,48,48430,DIGITAL_ICT,True,48.0,True,0,55.35479632063075,,,no_temporal_score_reference_pool
21-161904,SIRET:22440002800011,RAW_SIRET,2021-12-11,2022-04-07,2026-04-07,2026-07-13,72,72611,DIGITAL_ICT,True,48.0,True,0,55.026281208935615,,,no_temporal_score_reference_pool
21-163566,NAME:nantes metropole,NAME_FALLBACK,2021-12-13,2021-12-13,2022-06-13,2026-07-13,,,DIGITAL_ICT,True,6.0,True,1,1.0183968462549278,22-6934,0.5078145143515622,no_temporal_score_reference_pool
21-163822,NAME:nantes metropole,NAME_FALLBACK,2021-12-16,2022-03-03,2025-03-03,2026-07-13,32,32323,DIGITAL_ICT,True,36.0,True,0,54.862023653088045,,,no_temporal_score_reference_pool
21-167647,NAME:geves,NAME_FALLBACK,2021-12-23,2021-12-23,2025-12-23,2026-07-13,48,48313,DIGITAL_ICT,True,48.0,True,0,54.632063074901446,,,no_temporal_score_reference_pool
21-170414,SIRET:24720013200014,RAW_SIRET,2021-12-30,2022-05-06,2025-05-06,2026-07-13,50,50334,DIGITAL_ICT,True,36.0,True,0,54.402102496714846,,,no_temporal_score_reference_pool
21-168225,NAME:ville de saint hilaire de riez,NAME_FALLBACK,2021-12-21,2021-12-21,2024-12-21,2026-07-13,32,32342,DIGITAL_ICT,True,36.0,True,0,54.697766097240475,,,no_temporal_score_reference_pool
21-157863,NAME:commune de saint-herblain,NAME_FALLBACK,2021-12-02,2022-02-26,2026-02-26,2026-07-13,72,72267,DIGITAL_ICT,True,48.0,True,0,55.321944809461236,,,no_temporal_score_reference_pool
21-161507,NAME:sydela,NAME_FALLBACK,2021-12-08,2022-02-17,2025-02-17,2026-07-13,32,32523,DIGITAL_ICT,True,36.0,True,0,55.124835742444155,,,no_temporal_score_reference_pool
21-165631,NAME:chu de nantes,NAME_FALLBACK,2021-12-16,2021-12-16,2022-12-16,2026-07-13,45,45331,DIGITAL_ICT,True,12.0,True,0,54.862023653088045,,,no_temporal_score_reference_pool
21-162413,NAME:ville d avrille,NAME_FALLBACK,2021-12-10,2021-12-10,2024-12-10,2026-07-13,32,32323,DIGITAL_ICT,True,36.0,True,0,55.059132720105126,,,no_temporal_score_reference_pool
21-159824,NAME:chu de nantes,NAME_FALLBACK,2021-12-03,2021-12-03,2022-12-03,2026-07-13,45,45331,DIGITAL_ICT,True,12.0,True,0,55.289093298291725,,,no_temporal_score_reference_pool
21-160384,NAME:vendee expansion,NAME_FALLBACK,2021-12-06,2021-12-06,2025-12-06,2026-07-13,72,72500,DIGITAL_ICT,True,48.0,True,0,55.19053876478318,,,no_temporal_score_reference_pool
21-170353,NAME:ch le mans,NAME_FALLBACK,2021-12-30,2022-06-15,2026-06-15,2026-07-13,48,48311,DIGITAL_ICT,True,48.0,True,0,54.402102496714846,,,no_temporal_score_reference_pool
21-161861,NAME:commune de saint nazaire,NAME_FALLBACK,2021-12-09,2022-03-02,2022-09-02,2026-07-13,75,75200,DIGITAL_ICT,True,6.0,True,0,55.09198423127464,,,no_temporal_score_reference_pool
21-162690,NAME:angers loire metropole,NAME_FALLBACK,2022-01-08,2022-04-21,2024-04-21,2026-07-13,30,30121,DIGITAL_ICT,True,24.0,True,0,54.106438896189225,,,no_temporal_score_reference_pool
22-2168,SIRET:21440114300018,RAW_SIRET,2022-01-06,2022-01-06,2026-01-06,2026-07-13,35,35121,DIGITAL_ICT,True,48.0,True,0,54.172141918528254,,,no_temporal_score_reference_pool
22-6934,NAME:nantes metropole,NAME_FALLBACK,2022-01-13,2022-01-13,2022-07-13,2026-07-13,,,DIGITAL_ICT,True,6.0,True,0,53.942181340341655,,,no_temporal_score_reference_pool
22-7862,NAME:departement de la mayenne,NAME_FALLBACK,2022-01-14,2022-01-14,2026-01-14,2026-07-13,72,72212,DIGITAL_ICT,True,48.0,True,0,53.909329829172144,,,no_temporal_score_reference_pool
22-8616,NAME:conseil regional des pays de la loire,NAME_FALLBACK,2022-01-19,2022-05-25,2026-05-25,2026-07-13,72,72212,DIGITAL_ICT,True,48.0,True,0,53.745072273324574,,,no_temporal_score_reference_pool
22-7823,NAME:la cite des congres de nantes,NAME_FALLBACK,2022-01-16,2022-05-25,2025-05-25,2026-07-13,32,32424,DIGITAL_ICT,True,36.0,True,0,53.843626806833115,,,no_temporal_score_reference_pool
22-15926,SIRET:21850096500015,RAW_SIRET,2022-01-31,2022-01-31,2025-01-31,2026-07-13,32,32323,DIGITAL_ICT,True,36.0,True,0,53.350854139290405,,,no_temporal_score_reference_pool
22-2872,NAME:centre hospitalier de laval 53,NAME_FALLBACK,2022-01-06,2022-03-18,2022-09-18,2026-07-13,,,DIGITAL_ICT,True,6.0,True,0,54.172141918528254,,,no_temporal_score_reference_pool
22-12003,NAME:laval agglomeration,NAME_FALLBACK,2022-01-26,2022-01-26,2025-01-26,2026-07-13,32,32342,DIGITAL_ICT,True,36.0,True,0,53.515111695137975,,,no_temporal_score_reference_pool
22-2032,NAME:oniris,NAME_FALLBACK,2022-01-07,2022-11-26,2026-11-26,2026-07-13,48,48000,DIGITAL_ICT,True,48.0,True,0,54.139290407358736,,,no_temporal_score_reference_pool
22-11807,SIRET:25440253000029,RAW_SIRET,2022-01-26,2022-01-26,2022-07-26,2026-07-13,75,75310,DIGITAL_ICT,True,6.0,True,0,53.515111695137975,,,no_temporal_score_reference_pool
22-10801,NAME:cci nantes saint-nazaire,NAME_FALLBACK,2022-01-22,2022-04-27,2026-04-27,2026-07-13,48,48822,DIGITAL_ICT,True,48.0,True,0,53.646517739816034,,,no_temporal_score_reference_pool
22-13674,NAME:ville de nantes,NAME_FALLBACK,2022-01-28,2022-06-04,2023-07-04,2026-07-13,92,92511,DIGITAL_ICT,True,13.0,True,1,14.060446780551905,23-39978,0.440757848816838,no_temporal_score_reference_pool
22-8860,SIRET:24440064400013,RAW_SIRET,2022-01-18,2022-07-11,2026-07-11,2026-07-13,48,48311,DIGITAL_ICT,True,48.0,True,0,53.777923784494085,,,no_temporal_score_reference_pool
22-1668,SIRET:19851390500028,RAW_SIRET,2022-01-05,2022-01-05,2025-01-05,2026-07-13,32,32321,DIGITAL_ICT,True,36.0,True,0,54.204993429697765,,,no_temporal_score_reference_pool
22-13142,NAME:conseil regional des pays de la loire,NAME_FALLBACK,2022-01-27,2022-08-24,2026-08-24,2026-07-13,72,72242,DIGITAL_ICT,True,48.0,True,0,53.482260183968464,,,no_temporal_score_reference_pool
22-17294,SIRET:26490003600015,RAW_SIRET,2022-02-02,2022-02-02,2022-08-02,2026-07-13,85,85121,DIGITAL_ICT,True,6.0,True,0,53.28515111695138,,,no_temporal_score_reference_pool
22-25855,SIRET:38105376800028,RAW_SIRET,2022-02-20,2022-07-21,2025-07-21,2026-07-13,32,32321,DIGITAL_ICT,True,36.0,True,0,52.69382391590013,,,no_temporal_score_reference_pool
22-24441,NAME:semitan mandataire de nantes metropole,NAME_FALLBACK,2022-02-18,2022-08-21,2026-08-21,2026-07-13,72,72212,DIGITAL_ICT,True,48.0,True,0,52.75952693823916,,,no_temporal_score_reference_pool
22-16811,SIRET:22490001900015,RAW_SIRET,2022-02-10,2022-02-10,2026-02-10,2026-07-13,48,48440,DIGITAL_ICT,True,48.0,True,0,53.02233902759527,,,no_temporal_score_reference_pool
22-17628,SIRET:24440055200026,RAW_SIRET,2022-02-03,2022-02-03,2026-02-03,2026-07-13,48,48000,DIGITAL_ICT,True,48.0,True,0,53.252299605781864,,,no_temporal_score_reference_pool
22-21111,NAME:communaute de communes sevre et loire,NAME_FALLBACK,2022-02-11,2022-05-25,2024-05-25,2026-07-13,30,30200,DIGITAL_ICT,True,24.0,True,0,52.989487516425754,,,no_temporal_score_reference_pool
22-25102,NAME:conseil regional des pays de la loire,NAME_FALLBACK,2022-02-19,2022-08-27,2026-08-27,2026-07-13,48,48900,DIGITAL_ICT,True,48.0,True,0,52.726675427069644,,,no_temporal_score_reference_pool
22-26998,NAME:nantes metropole,NAME_FALLBACK,2022-02-24,2022-02-24,2026-02-24,2026-07-13,72,72250,DIGITAL_ICT,True,48.0,True,1,46.1892247043364,25-143446,0.2277814655328146,no_temporal_score_reference_pool
22-28887,SIRET:52926090300016,RAW_SIRET,2022-02-26,2022-04-30,2025-04-30,2026-07-13,32,32342,DIGITAL_ICT,True,36.0,True,0,52.49671484888305,,,no_temporal_score_reference_pool
22-19299,NAME:ville de bouguenais,NAME_FALLBACK,2022-02-09,2022-07-13,2026-07-13,2026-07-13,48,48800,DIGITAL_ICT,True,48.0,True,0,53.05519053876478,,,no_temporal_score_reference_pool
22-20320,SIRET:23440003400026,RAW_SIRET,2022-02-10,2022-06-17,2026-06-17,2026-07-13,72,72262,DIGITAL_ICT,True,48.0,True,1,49.21156373193167,26-28296,0.31778410611211094,no_temporal_score_reference_pool
22-18098,SIRET:24440040400020,RAW_SIRET,2022-02-03,2022-02-03,2026-02-03,2026-07-13,48,48000,DIGITAL_ICT,True,48.0,True,0,53.252299605781864,,,no_temporal_score_reference_pool
22-17983,NAME:la roche-sur-yon agglomeration,NAME_FALLBACK,2022-02-08,2022-02-08,2026-02-08,2026-07-13,79,79990,DIGITAL_ICT,True,48.0,True,0,53.088042049934295,,,no_temporal_score_reference_pool
22-24571,SIRET:23350001600040,RAW_SIRET,2022-02-16,2022-02-16,2026-02-16,2026-07-13,72,72224,DIGITAL_ICT,True,48.0,True,0,52.825229960578184,,,no_temporal_score_reference_pool
22-24752,NAME:commune les sables d olonne,NAME_FALLBACK,2022-02-20,2023-01-05,2026-01-05,2026-07-13,71,71200,DIGITAL_ICT,True,36.0,True,0,52.69382391590013,,,no_temporal_score_reference_pool
22-28562,NAME:mayenne tres haut debit,NAME_FALLBACK,2022-02-26,2022-02-26,2025-02-26,2026-07-13,71,71316,DIGITAL_ICT,True,36.0,True,0,52.49671484888305,,,no_temporal_score_reference_pool
22-28144,SIRET:54665016900057,RAW_SIRET,2022-02-23,2022-02-23,2026-02-23,2026-07-13,72,72500,DIGITAL_ICT,True,48.0,True,1,52.496714848883045,26-68497,0.28299726623504873,no_temporal_score_reference_pool
22-19646,NAME:rectorat de l academie de nantes,NAME_FALLBACK,2022-02-09,2022-05-12,2026-05-12,2026-07-13,72,72267,DIGITAL_ICT,True,48.0,True,0,53.05519053876478,,,no_temporal_score_reference_pool
22-15069,NAME:angers loire metropole,NAME_FALLBACK,2022-02-06,2022-05-18,2025-05-18,2026-07-13,32,32342,DIGITAL_ICT,True,36.0,True,0,53.153745072273324,,,no_temporal_score_reference_pool
22-17397,NAME:chd vendee,NAME_FALLBACK,2022-02-02,2022-02-02,2022-08-02,2026-07-13,85,85121,DIGITAL_ICT,True,6.0,True,0,53.28515111695138,,,no_temporal_score_reference_pool
22-12758,NAME:ville d angers,NAME_FALLBACK,2022-02-03,2022-06-24,2026-06-24,2026-07-13,35,35811,DIGITAL_ICT,True,48.0,True,0,53.252299605781864,,,no_temporal_score_reference_pool
22-21573,SIRET:24440040400129,RAW_SIRET,2022-02-10,2022-02-10,2026-02-10,2026-07-13,72,72320,DIGITAL_ICT,True,48.0,True,1,48.58738501971091,26-20284,0.26826253893383256,no_temporal_score_reference_pool
22-24405,SIRET:24440064400013,RAW_SIRET,2022-02-16,2022-05-02,2026-05-02,2026-07-13,72,72416,DIGITAL_ICT,True,48.0,True,0,52.825229960578184,,,no_temporal_score_reference_pool
22-24902,NAME:angers loire metropole,NAME_FALLBACK,2022-02-21,2022-02-21,2026-02-21,2026-07-13,48,48800,DIGITAL_ICT,True,48.0,True,0,52.660972404730614,,,no_temporal_score_reference_pool
22-27265,SIRET:77560485300041,RAW_SIRET,2022-02-22,2022-02-22,2026-02-22,2026-07-13,72,72227,DIGITAL_ICT,True,48.0,True,0,52.6281208935611,,,no_temporal_score_reference_pool
22-29187,SIRET:77560485300041,RAW_SIRET,2022-02-25,2022-02-25,2026-02-25,2026-07-13,48,48321,DIGITAL_ICT,True,48.0,True,0,52.52956636005256,,,no_temporal_score_reference_pool
22-16199,NAME:reseau canope,NAME_FALLBACK,2022-02-03,2022-02-03,2025-02-03,2026-07-13,71,71621,DIGITAL_ICT,True,36.0,True,0,53.252299605781864,,,no_temporal_score_reference_pool
22-16534,SIRET:24720013200014,RAW_SIRET,2022-02-03,2023-02-01,2027-02-01,2026-07-13,48,48450,DIGITAL_ICT,True,48.0,True,0,53.252299605781864,,,no_temporal_score_reference_pool
22-17364,NAME:sdis 44,NAME_FALLBACK,2022-02-04,2022-03-16,2026-03-16,2026-07-13,48,48000,DIGITAL_ICT,True,48.0,True,0,53.21944809461235,,,no_temporal_score_reference_pool
22-22098,NAME:universite d angers,NAME_FALLBACK,2022-02-13,2022-05-27,2025-05-27,2026-07-13,32,32415,DIGITAL_ICT,True,36.0,True,0,52.923784494086725,,,no_temporal_score_reference_pool
22-32770,SIRET:23440003400026,RAW_SIRET,2022-03-05,2022-03-05,2026-03-05,2026-07-13,48,48442,DIGITAL_ICT,True,48.0,True,1,44.71090670170828,25-129489,0.22000140529386858,no_temporal_score_reference_pool
22-40744,SIRET:23440003400026,RAW_SIRET,2022-03-20,2022-08-04,2026-08-04,2026-07-13,48,48000,DIGITAL_ICT,True,48.0,True,0,51.77398160315374,,,no_temporal_score_reference_pool
22-30678,SIRET:22530001100015,RAW_SIRET,2022-03-01,2022-03-01,2026-03-01,2026-07-13,72,72322,DIGITAL_ICT,True,48.0,True,0,52.398160315374504,,,no_temporal_score_reference_pool
22-32913,NAME:cci de maine et loire,NAME_FALLBACK,2022-03-05,2022-03-05,2025-03-05,2026-07-13,32,32321,DIGITAL_ICT,True,36.0,True,0,52.26675427069645,,,no_temporal_score_reference_pool
22-41834,NAME:ville de nantes,NAME_FALLBACK,2022-03-22,2022-03-22,2022-09-22,2026-07-13,,,DIGITAL_ICT,True,6.0,True,0,51.70827858081472,,,no_temporal_score_reference_pool
22-39410,NAME:sdis 44,NAME_FALLBACK,2022-03-18,2022-03-18,2026-03-18,2026-07-13,48,48000,DIGITAL_ICT,True,48.0,True,0,51.83968462549277,,,no_temporal_score_reference_pool
22-40753,SIRET:18009202500121,RAW_SIRET,2022-03-20,2022-03-20,2022-11-20,2026-07-13,42,42638,DIGITAL_ICT,True,8.0,True,0,51.77398160315374,,,no_temporal_score_reference_pool
22-43560,NAME:universite du maine,NAME_FALLBACK,2022-03-26,2022-07-06,2024-07-06,2026-07-13,30,30237,DIGITAL_ICT,True,24.0,True,0,51.57687253613666,,,no_temporal_score_reference_pool
22-44037,SIRET:11000201100044,RAW_SIRET,2022-03-25,2022-03-25,2026-03-25,2026-07-13,72,72250,DIGITAL_ICT,True,48.0,True,0,51.60972404730617,,,no_temporal_score_reference_pool
22-38732,NAME:crous de nantes,NAME_FALLBACK,2022-03-17,2022-06-15,2026-06-15,2026-07-13,72,72500,DIGITAL_ICT,True,48.0,True,0,51.87253613666228,,,no_temporal_score_reference_pool
22-34888,NAME:nantes metropole,NAME_FALLBACK,2022-03-11,2022-03-11,2025-03-11,2026-07-13,71,71351,DIGITAL_ICT,True,36.0,True,1,38.7976346911958,25-62715,0.19535707083641846,no_temporal_score_reference_pool
22-35904,NAME:commune de nantes,NAME_FALLBACK,2022-03-12,2022-03-12,2023-03-12,2026-07-13,38,38720,DIGITAL_ICT,True,12.0,True,0,52.03679369250985,,,no_temporal_score_reference_pool
22-35499,SIRET:19490970100303,RAW_SIRET,2022-03-10,2022-06-10,2026-06-10,2026-07-13,48,48780,DIGITAL_ICT,True,48.0,True,0,52.10249671484888,,,no_temporal_score_reference_pool
22-41246,SIRET:24440055200026,RAW_SIRET,2022-03-21,2022-03-21,2025-03-21,2026-07-13,32,32351,DIGITAL_ICT,True,36.0,True,0,51.74113009198423,,,no_temporal_score_reference_pool
22-39891,NAME:nantes metropole,NAME_FALLBACK,2022-03-19,2022-03-19,2026-03-19,2026-07-13,72,72316,DIGITAL_ICT,True,48.0,True,1,45.43363994743758,25-143446,0.22821928646362757,no_temporal_score_reference_pool
22-43134,SIRET:22720002900014,RAW_SIRET,2022-03-24,2022-03-24,2026-03-24,2026-07-13,48,48333,DIGITAL_ICT,True,48.0,True,0,51.64257555847569,,,no_temporal_score_reference_pool
22-40106,NAME:commune de loire authion,NAME_FALLBACK,2022-03-17,2022-03-17,2022-09-17,2026-07-13,,,DIGITAL_ICT,True,6.0,True,0,51.87253613666228,,,no_temporal_score_reference_pool
22-39212,NAME:nantes metropole,NAME_FALLBACK,2022-03-18,2022-03-18,2026-03-18,2026-07-13,72,72413,DIGITAL_ICT,True,48.0,True,0,51.83968462549277,,,no_temporal_score_reference_pool
22-37294,SIRET:43287759500020,RAW_SIRET,2022-03-16,2022-03-16,2025-03-16,2026-07-13,32,32210,DIGITAL_ICT,True,36.0,True,0,51.9053876478318,,,no_temporal_score_reference_pool
22-31357,NAME:la roche-sur-yon agglomeration,NAME_FALLBACK,2022-03-04,2022-05-25,2025-05-25,2026-07-13,50,50312,DIGITAL_ICT,True,36.0,True,0,52.299605781865964,,,no_temporal_score_reference_pool
22-39260,NAME:ch le mans,NAME_FALLBACK,2022-03-16,2022-03-16,2025-03-16,2026-07-13,32,32523,DIGITAL_ICT,True,36.0,True,0,51.9053876478318,,,no_temporal_score_reference_pool
22-39342,SIRET:43287759500020,RAW_SIRET,2022-03-16,2022-03-16,2026-03-16,2026-07-13,72,72000,DIGITAL_ICT,True,48.0,True,0,51.9053876478318,,,no_temporal_score_reference_pool
22-39639,SIRET:22530001100015,RAW_SIRET,2022-03-17,2022-03-17,2026-03-17,2026-07-13,72,72212,DIGITAL_ICT,True,48.0,True,0,51.87253613666228,,,no_temporal_score_reference_pool
22-38397,NAME:groupement d interet public pix,NAME_FALLBACK,2022-03-17,2022-03-17,2026-03-17,2026-07-13,72,72000,DIGITAL_ICT,True,48.0,True,0,51.87253613666228,,,no_temporal_score_reference_pool
22-40191,NAME:gie sesam vitale,NAME_FALLBACK,2022-03-19,2023-05-05,2027-05-05,2026-07-13,72,72268,DIGITAL_ICT,True,48.0,True,0,51.80683311432326,,,no_temporal_score_reference_pool
22-41300,NAME:urssaf des pays de la loire,NAME_FALLBACK,2022-03-23,2022-06-26,2026-06-26,2026-07-13,72,72222,DIGITAL_ICT,True,48.0,True,0,51.6754270696452,,,no_temporal_score_reference_pool
22-29878,SIRET:23440003400026,RAW_SIRET,2022-03-02,2022-08-31,2026-08-31,2026-07-13,48,48000,DIGITAL_ICT,True,48.0,True,1,48.55453350854139,26-28296,0.2835011238172608,no_temporal_score_reference_pool
22-39590,SIRET:20003329800015,RAW_SIRET,2022-03-19,2022-06-26,2024-06-26,2026-07-13,30,30230,DIGITAL_ICT,True,24.0,True,0,51.80683311432326,,,no_temporal_score_reference_pool
22-50772,SIRET:21440162200011,RAW_SIRET,2022-04-07,2022-04-07,2025-04-07,2026-07-13,32,32400,DIGITAL_ICT,True,36.0,True,0,51.1826544021025,,,no_temporal_score_reference_pool
22-60784,SIRET:22720002900014,RAW_SIRET,2022-04-30,2022-09-04,2026-09-04,2026-07-13,72,72220,DIGITAL_ICT,True,48.0,True,0,50.42706964520368,,,no_temporal_score_reference_pool
22-53246,NAME:commune de saint mars du desert,NAME_FALLBACK,2022-04-14,2022-04-14,2026-04-14,2026-07-13,35,35120,DIGITAL_ICT,True,48.0,True,0,50.9526938239159,,,no_temporal_score_reference_pool
22-54720,SIRET:22720002900014,RAW_SIRET,2022-04-14,2022-04-14,2023-04-14,2026-07-13,45,45110,DIGITAL_ICT,True,12.0,True,1,17.706964520367936,23-137663,0.2297333463488363,no_temporal_score_reference_pool
22-58011,SIRET:28490001600023,RAW_SIRET,2022-04-22,2022-08-25,2026-08-25,2026-07-13,35,35111,DIGITAL_ICT,True,48.0,True,0,50.68988173455979,,,no_temporal_score_reference_pool
22-47598,NAME:chu de nantes,NAME_FALLBACK,2022-04-03,2022-04-03,2022-10-03,2026-07-13,33,33696,DIGITAL_ICT,True,6.0,True,0,51.31406044678055,,,no_temporal_score_reference_pool
22-51860,SIRET:22850001300658,RAW_SIRET,2022-04-10,2022-09-17,2026-09-17,2026-07-13,72,72413,DIGITAL_ICT,True,48.0,True,0,51.08409986859395,,,no_temporal_score_reference_pool
22-50187,SIRET:26720048300019,RAW_SIRET,2022-04-06,2022-04-06,2025-04-06,2026-07-13,32,32500,DIGITAL_ICT,True,36.0,True,0,51.21550591327201,,,no_temporal_score_reference_pool
22-50996,SIRET:18440128900022,RAW_SIRET,2022-04-07,2022-04-07,2026-04-07,2026-07-13,72,72415,DIGITAL_ICT,True,48.0,True,0,51.1826544021025,,,no_temporal_score_reference_pool
22-49221,NAME:departement de la mayenne,NAME_FALLBACK,2022-04-07,2022-04-07,2026-04-07,2026-07-13,72,72212,DIGITAL_ICT,True,48.0,True,0,51.1826544021025,,,no_temporal_score_reference_pool
22-49163,SIRET:24720068600100,RAW_SIRET,2022-04-05,2022-04-05,2024-04-05,2026-07-13,30,30200,DIGITAL_ICT,True,24.0,True,0,51.24835742444152,,,no_temporal_score_reference_pool
22-48008,NAME:unicancer achats,NAME_FALLBACK,2022-04-03,2022-12-24,2023-06-24,2026-07-13,75,75310,DIGITAL_ICT,True,6.0,True,0,51.31406044678055,,,no_temporal_score_reference_pool
22-49146,NAME:ecole centrale de nantes,NAME_FALLBACK,2022-04-07,2022-08-03,2024-08-03,2026-07-13,30,30200,DIGITAL_ICT,True,24.0,True,0,51.1826544021025,,,no_temporal_score_reference_pool
22-50379,NAME:metropole nantes metropole,NAME_FALLBACK,2022-04-10,2022-04-10,2026-04-10,2026-07-13,48,48000,DIGITAL_ICT,True,48.0,True,0,51.08409986859395,,,no_temporal_score_reference_pool
22-52158,SIRET:22440002800011,RAW_SIRET,2022-04-11,2022-04-11,2026-04-11,2026-07-13,72,72268,DIGITAL_ICT,True,48.0,True,0,51.05124835742444,,,no_temporal_score_reference_pool
22-55032,SIRET:22440002800011,RAW_SIRET,2022-04-17,2022-04-17,2026-04-17,2026-07-13,72,72268,DIGITAL_ICT,True,48.0,True,0,50.85413929040736,,,no_temporal_score_reference_pool
22-46783,NAME:commune de cesson sevigne,NAME_FALLBACK,2022-04-02,2022-07-24,2025-07-24,2026-07-13,32,32500,DIGITAL_ICT,True,36.0,True,0,51.34691195795006,,,no_temporal_score_reference_pool
22-46762,NAME:territoire d energie de mayenne,NAME_FALLBACK,2022-04-02,2022-06-15,2026-06-15,2026-07-13,48,48900,DIGITAL_ICT,True,48.0,True,0,51.34691195795006,,,no_temporal_score_reference_pool
22-51225,NAME:cci pays de la loire,NAME_FALLBACK,2022-04-10,2022-07-03,2023-07-03,2026-07-13,38,38652,DIGITAL_ICT,True,12.0,True,0,51.08409986859395,,,no_temporal_score_reference_pool
22-42168,SIRET:24490001500011,RAW_SIRET,2022-04-08,2022-04-08,2026-04-08,2026-07-13,72,72421,DIGITAL_ICT,True,48.0,True,1,47.63469119579501,26-31691,0.19860865141526207,no_temporal_score_reference_pool
22-54446,NAME:nantes metropole,NAME_FALLBACK,2022-04-16,2022-04-16,2026-04-16,2026-07-13,79,79530,DIGITAL_ICT,True,48.0,True,0,50.88699080157687,,,no_temporal_score_reference_pool
22-58525,SIRET:24440053700035,RAW_SIRET,2022-04-27,2022-10-09,2026-10-09,2026-07-13,72,72253,DIGITAL_ICT,True,48.0,True,0,50.52562417871222,,,no_temporal_score_reference_pool
22-59884,SIRET:19490970100303,RAW_SIRET,2022-04-29,2022-11-10,2024-11-10,2026-07-13,30,30121,DIGITAL_ICT,True,24.0,True,0,50.45992115637319,,,no_temporal_score_reference_pool
22-48493,NAME:cmar pays de la loire,NAME_FALLBACK,2022-04-04,2022-06-27,2022-12-27,2026-07-13,,,DIGITAL_ICT,True,6.0,True,1,6.767411300919842,22-143552,0.23511164374970023,no_temporal_score_reference_pool
22-54094,SIRET:21440109300015,RAW_SIRET,2022-04-16,2022-09-02,2026-09-02,2026-07-13,72,72320,DIGITAL_ICT,True,48.0,True,0,50.88699080157687,,,no_temporal_score_reference_pool
22-54330,SIRET:28720026500018,RAW_SIRET,2022-04-14,2022-04-14,2025-04-14,2026-07-13,50,50330,DIGITAL_ICT,True,36.0,True,0,50.9526938239159,,,no_temporal_score_reference_pool
22-50687,NAME:mairie de coueron,NAME_FALLBACK,2022-04-07,2022-04-07,2022-10-07,2026-07-13,,,DIGITAL_ICT,True,6.0,True,0,51.1826544021025,,,no_temporal_score_reference_pool
22-52027,NAME:nantes metropole,NAME_FALLBACK,2022-04-13,2022-04-13,2026-04-13,2026-07-13,72,72227,DIGITAL_ICT,True,48.0,True,0,50.98554533508541,,,no_temporal_score_reference_pool
22-54705,SIRET:30122243600034,RAW_SIRET,2022-04-16,2022-05-25,2026-05-25,2026-07-13,72,72262,DIGITAL_ICT,True,48.0,True,0,50.88699080157687,,,no_temporal_score_reference_pool
22-53631,SIRET:24490001500011,RAW_SIRET,2022-04-13,2022-04-13,2025-04-13,2026-07-13,32,32412,DIGITAL_ICT,True,36.0,True,0,50.98554533508541,,,no_temporal_score_reference_pool
22-57715,NAME:satt ouest valorisation,NAME_FALLBACK,2022-04-22,2022-04-22,2022-10-22,2026-07-13,,,DIGITAL_ICT,True,6.0,True,0,50.68988173455979,,,no_temporal_score_reference_pool
22-58061,SIRET:21850222700018,RAW_SIRET,2022-04-25,2022-04-25,2025-04-25,2026-07-13,32,32321,DIGITAL_ICT,True,36.0,True,0,50.59132720105125,,,no_temporal_score_reference_pool
22-61807,SIRET:22440002800011,RAW_SIRET,2022-04-29,2022-04-29,2026-04-29,2026-07-13,72,72268,DIGITAL_ICT,True,48.0,True,0,50.45992115637319,,,no_temporal_score_reference_pool
22-72719,NAME:ville d angers,NAME_FALLBACK,2022-05-22,2022-08-31,2026-08-31,2026-07-13,35,35811,DIGITAL_ICT,True,48.0,True,0,49.70433639947438,,,no_temporal_score_reference_pool
22-74356,NAME:semitan,NAME_FALLBACK,2022-05-26,2022-10-16,2026-10-16,2026-07-13,72,72600,DIGITAL_ICT,True,48.0,True,0,49.57293035479632,,,no_temporal_score_reference_pool
22-63296,SIRET:22850001300658,RAW_SIRET,2022-05-05,2022-10-20,2024-10-20,2026-07-13,30,30125,DIGITAL_ICT,True,24.0,True,1,25.39421813403417,24-69165,0.28015317667974,no_temporal_score_reference_pool
22-71838,SIRET:24440045300035,RAW_SIRET,2022-05-19,2022-08-25,2026-08-25,2026-07-13,48,48900,DIGITAL_ICT,True,48.0,True,0,49.80289093298292,,,no_temporal_score_reference_pool
22-74813,NAME:gie sesam vitale,NAME_FALLBACK,2022-05-27,2023-05-06,2027-05-06,2026-07-13,72,72000,DIGITAL_ICT,True,48.0,True,0,49.54007884362681,,,no_temporal_score_reference_pool
22-72105,NAME:departement du finistere,NAME_FALLBACK,2022-05-20,2022-05-20,2022-11-20,2026-07-13,,,DIGITAL_ICT,True,6.0,True,0,49.7700394218134,,,no_temporal_score_reference_pool
22-64366,NAME:commune d avrille,NAME_FALLBACK,2022-05-05,2022-05-05,2022-11-05,2026-07-13,,,DIGITAL_ICT,True,6.0,True,0,50.26281208935611,,,no_temporal_score_reference_pool
22-66076,NAME:ch le mans,NAME_FALLBACK,2022-05-11,2022-05-18,2025-05-18,2026-07-13,32,32323,DIGITAL_ICT,True,36.0,True,0,50.06570302233903,,,no_temporal_score_reference_pool
22-68207,NAME:universite de rennes 1,NAME_FALLBACK,2022-05-14,2022-05-14,2026-05-14,2026-07-13,72,72000,DIGITAL_ICT,True,48.0,True,0,49.96714848883049,,,no_temporal_score_reference_pool
22-69132,SIRET:21720003900014,RAW_SIRET,2022-05-15,2022-08-28,2024-08-28,2026-07-13,30,30200,DIGITAL_ICT,True,24.0,True,0,49.93429697766097,,,no_temporal_score_reference_pool
22-67015,SIRET:05720113900045,RAW_SIRET,2022-05-10,2022-05-10,2026-05-10,2026-07-13,72,72500,DIGITAL_ICT,True,48.0,True,0,50.09855453350854,,,no_temporal_score_reference_pool
22-69242,SIRET:24440040400129,RAW_SIRET,2022-05-14,2022-05-14,2026-05-14,2026-07-13,48,48000,DIGITAL_ICT,True,48.0,True,1,43.03547963206307,25-137164,0.21125420050734786,no_temporal_score_reference_pool
22-69952,SIRET:23440003400026,RAW_SIRET,2022-05-16,2022-05-16,2026-05-16,2026-07-13,72,72000,DIGITAL_ICT,True,48.0,True,1,44.21813403416557,26-6662,0.19009658904225485,no_temporal_score_reference_pool
22-64763,NAME:lycee professionnel leonard de vinci,NAME_FALLBACK,2022-05-13,2022-05-13,2022-11-13,2026-07-13,,,DIGITAL_ICT,True,6.0,True,0,50.0,,,no_temporal_score_reference_pool
22-74630,SIRET:31468496000045,RAW_SIRET,2022-05-25,2022-05-25,2025-05-25,2026-07-13,32,32424,DIGITAL_ICT,True,36.0,True,0,49.60578186596583,,,no_temporal_score_reference_pool
22-64560,NAME:insee,NAME_FALLBACK,2022-05-07,2022-08-27,2026-08-27,2026-07-13,72,72310,DIGITAL_ICT,True,48.0,True,0,50.19710906701708,,,no_temporal_score_reference_pool
22-51760,SIRET:24490001500011,RAW_SIRET,2022-05-04,2022-05-04,2025-05-04,2026-07-13,32,32352,DIGITAL_ICT,True,36.0,True,0,50.29566360052562,,,no_temporal_score_reference_pool
22-63613,SIRET:20006001000010,RAW_SIRET,2022-05-04,2022-05-04,2026-05-04,2026-07-13,48,48450,DIGITAL_ICT,True,48.0,True,0,50.29566360052562,,,no_temporal_score_reference_pool
22-68396,SIRET:13002974700016,RAW_SIRET,2022-05-14,2022-07-20,2025-07-20,2026-07-13,50,50324,DIGITAL_ICT,True,36.0,True,0,49.96714848883049,,,no_temporal_score_reference_pool
22-69458,NAME:ch le mans,NAME_FALLBACK,2022-05-18,2022-10-23,2025-10-23,2026-07-13,32,32323,DIGITAL_ICT,True,36.0,True,0,49.83574244415243,,,no_temporal_score_reference_pool
22-70562,SIRET:21440018600018,RAW_SIRET,2022-05-17,2022-05-17,2024-05-17,2026-07-13,30,30200,DIGITAL_ICT,True,24.0,True,0,49.86859395532194,,,no_temporal_score_reference_pool
22-72517,SIRET:23440003400026,RAW_SIRET,2022-05-22,2022-05-22,2026-05-22,2026-07-13,48,48000,DIGITAL_ICT,True,48.0,True,1,45.893561103810775,26-28296,0.23110359224782398,no_temporal_score_reference_pool
22-73400,SIRET:20008322800011,RAW_SIRET,2022-05-23,2022-05-23,2026-05-23,2026-07-13,72,72500,DIGITAL_ICT,True,48.0,True,0,49.67148488830486,,,no_temporal_score_reference_pool
22-73557,SIRET:26490003600015,RAW_SIRET,2022-05-23,2022-05-23,2022-11-23,2026-07-13,75,75310,DIGITAL_ICT,True,6.0,True,0,49.67148488830486,,,no_temporal_score_reference_pool
22-69543,NAME:departement de la mayenne,NAME_FALLBACK,2022-05-16,2022-05-16,2022-11-16,2026-07-13,,,DIGITAL_ICT,True,6.0,True,1,3.942181340341656,22-122955,0.3993527059991942,no_temporal_score_reference_pool
22-61804,SIRET:21720181300011,RAW_SIRET,2022-05-01,2022-07-28,2025-07-28,2026-07-13,50,50312,DIGITAL_ICT,True,36.0,True,0,50.39421813403417,,,no_temporal_score_reference_pool
22-66848,NAME:semitan,NAME_FALLBACK,2022-05-12,2022-10-16,2026-10-16,2026-07-13,72,72514,DIGITAL_ICT,True,48.0,True,0,50.03285151116951,,,no_temporal_score_reference_pool
22-90330,SIRET:86080007700098,RAW_SIRET,2022-06-30,2022-10-08,2026-10-08,2026-07-13,72,72611,DIGITAL_ICT,True,48.0,True,0,48.42312746386334,,,no_temporal_score_reference_pool
22-90329,SIRET:22440002800011,RAW_SIRET,2022-06-30,2023-02-25,2027-02-25,2026-07-13,72,72611,DIGITAL_ICT,True,48.0,True,0,48.42312746386334,,,no_temporal_score_reference_pool
22-77622,SIRET:22720002900014,RAW_SIRET,2022-06-03,2022-10-06,2026-10-06,2026-07-13,72,72500,DIGITAL_ICT,True,48.0,True,0,49.31011826544021,,,no_temporal_score_reference_pool
22-83349,SIRET:22530001100015,RAW_SIRET,2022-06-16,2022-10-05,2026-10-05,2026-07-13,72,72268,DIGITAL_ICT,True,48.0,True,0,48.88304862023653,,,no_temporal_score_reference_pool
22-85365,SIRET:23440003400026,RAW_SIRET,2022-06-19,2023-02-17,2027-02-17,2026-07-13,48,48000,DIGITAL_ICT,True,48.0,True,0,48.78449408672799,,,no_temporal_score_reference_pool
22-83864,SIRET:26440013600018,RAW_SIRET,2022-06-15,2022-06-15,2026-06-15,2026-07-13,48,48000,DIGITAL_ICT,True,48.0,True,0,48.91590013140605,,,no_temporal_score_reference_pool
22-84979,SIRET:19490970100303,RAW_SIRET,2022-06-19,2022-11-06,2025-11-06,2026-07-13,32,32424,DIGITAL_ICT,True,36.0,True,0,48.78449408672799,,,no_temporal_score_reference_pool
22-85384,SIRET:21440190300155,RAW_SIRET,2022-06-17,2022-06-17,2026-06-17,2026-07-13,48,48780,DIGITAL_ICT,True,48.0,True,0,48.85019710906702,,,no_temporal_score_reference_pool
22-89869,NAME:caisse primaire assur maladie maine lo,NAME_FALLBACK,2022-06-28,2022-06-28,2022-12-28,2026-07-13,,,DIGITAL_ICT,True,6.0,True,0,48.48883048620237,,,no_temporal_score_reference_pool
22-88894,SIRET:24440040400129,RAW_SIRET,2022-06-24,2022-06-24,2026-06-24,2026-07-13,48,48000,DIGITAL_ICT,True,48.0,True,1,47.83180026281209,26-60182,0.21548967271585395,no_temporal_score_reference_pool
22-87044,NAME:ubs,NAME_FALLBACK,2022-06-21,2022-06-21,2022-12-21,2026-07-13,,,DIGITAL_ICT,True,6.0,True,1,10.151116951379764,23-56091,0.2150791370193867,no_temporal_score_reference_pool
22-77846,SIRET:22440002800011,RAW_SIRET,2022-06-04,2022-10-09,2025-10-09,2026-07-13,50,50312,DIGITAL_ICT,True,36.0,True,0,49.2772667542707,,,no_temporal_score_reference_pool
22-78339,SIRET:38105376800028,RAW_SIRET,2022-06-02,2022-06-02,2026-06-02,2026-07-13,72,72315,DIGITAL_ICT,True,48.0,True,0,49.34296977660972,,,no_temporal_score_reference_pool
22-82130,NAME:chambre agriculture pays de la loire,NAME_FALLBACK,2022-06-15,2022-11-17,2026-11-17,2026-07-13,79,79810,DIGITAL_ICT,True,48.0,True,0,48.91590013140605,,,no_temporal_score_reference_pool
22-76804,NAME:cmar pays de la loire,NAME_FALLBACK,2022-06-02,2022-06-02,2026-06-02,2026-07-13,79,79411,DIGITAL_ICT,True,48.0,True,0,49.34296977660972,,,no_temporal_score_reference_pool
22-79348,SIRET:21440109300015,RAW_SIRET,2022-06-07,2022-06-07,2023-06-07,2026-07-13,45,45421,DIGITAL_ICT,True,12.0,True,0,49.17871222076216,,,no_temporal_score_reference_pool
22-84327,NAME:conseil regional des pays de la loire,NAME_FALLBACK,2022-06-18,2022-06-18,2024-06-18,2026-07-13,30,30230,DIGITAL_ICT,True,24.0,True,0,48.8173455978975,,,no_temporal_score_reference_pool
22-82985,SIRET:84042319800018,RAW_SIRET,2022-06-14,2022-06-14,2026-06-14,2026-07-13,72,72212,DIGITAL_ICT,True,48.0,True,0,48.94875164257556,,,no_temporal_score_reference_pool
22-77601,SIRET:23440003400026,RAW_SIRET,2022-06-03,2023-01-27,2024-01-27,2026-07-13,80,80310,DIGITAL_ICT,True,12.0,True,0,49.31011826544021,,,no_temporal_score_reference_pool
22-87982,SIRET:26440013600018,RAW_SIRET,2022-06-23,2022-06-23,2026-06-23,2026-07-13,72,72267,DIGITAL_ICT,True,48.0,True,0,48.65308804204994,,,no_temporal_score_reference_pool
22-77057,SIRET:19490970100303,RAW_SIRET,2022-06-03,2022-12-25,2026-12-25,2026-07-13,48,48110,DIGITAL_ICT,True,48.0,True,0,49.31011826544021,,,no_temporal_score_reference_pool
22-78265,SIRET:21440201800011,RAW_SIRET,2022-06-02,2022-06-02,2025-06-02,2026-07-13,32,32323,DIGITAL_ICT,True,36.0,True,0,49.34296977660972,,,no_temporal_score_reference_pool
22-83128,SIRET:22720002900014,RAW_SIRET,2022-06-14,2022-11-07,2026-11-07,2026-07-13,72,72224,DIGITAL_ICT,True,48.0,True,0,48.94875164257556,,,no_temporal_score_reference_pool
22-81224,SIRET:21490007800012,RAW_SIRET,2022-06-15,2022-06-15,2022-12-15,2026-07-13,09,09310,DIGITAL_ICT,True,6.0,True,0,48.91590013140605,,,no_temporal_score_reference_pool
22-84578,NAME:universite gustave eiffel,NAME_FALLBACK,2022-06-16,2022-06-16,2022-12-16,2026-07-13,,,DIGITAL_ICT,True,6.0,True,0,48.88304862023653,,,no_temporal_score_reference_pool
22-83444,NAME:la cite des congres de nantes,NAME_FALLBACK,2022-06-16,2022-12-02,2026-12-02,2026-07-13,48,48822,DIGITAL_ICT,True,48.0,True,0,48.88304862023653,,,no_temporal_score_reference_pool
22-104764,NAME:semitan,NAME_FALLBACK,2022-07-29,2022-12-09,2026-12-09,2026-07-13,72,72212,DIGITAL_ICT,True,48.0,True,0,47.47043363994744,,,no_temporal_score_reference_pool
22-94408,SIRET:21440184600016,RAW_SIRET,2022-07-06,2022-10-20,2026-10-20,2026-07-13,72,72510,DIGITAL_ICT,True,48.0,True,0,48.22601839684626,,,no_temporal_score_reference_pool
22-95663,SIRET:22440002800011,RAW_SIRET,2022-07-09,2022-07-09,2026-07-09,2026-07-13,35,35113,DIGITAL_ICT,True,48.0,True,0,48.12746386333772,,,no_temporal_score_reference_pool
22-102777,NAME:universite de rennes 1,NAME_FALLBACK,2022-07-24,2023-11-30,2025-11-30,2026-07-13,30,30200,DIGITAL_ICT,True,24.0,True,0,47.63469119579501,,,no_temporal_score_reference_pool
22-105581,NAME:st gilles croix de vie agglomeration,NAME_FALLBACK,2022-07-31,2023-01-14,2025-01-14,2026-07-13,30,30230,DIGITAL_ICT,True,24.0,True,0,47.40473061760841,,,no_temporal_score_reference_pool
22-89206,SIRET:81282783000017,RAW_SIRET,2022-07-04,2022-07-04,2025-07-04,2026-07-13,71,71311,DIGITAL_ICT,True,36.0,True,0,48.29172141918528,,,no_temporal_score_reference_pool
22-95583,NAME:commune de saint-herblain,NAME_FALLBACK,2022-07-07,2022-07-07,2023-01-07,2026-07-13,,,DIGITAL_ICT,True,6.0,True,0,48.19316688567674,,,no_temporal_score_reference_pool
22-94809,SIRET:24440064400013,RAW_SIRET,2022-07-08,2023-01-05,2027-01-05,2026-07-13,48,48160,DIGITAL_ICT,True,48.0,True,0,48.16031537450723,,,no_temporal_score_reference_pool
22-97632,SIRET:11000201100044,RAW_SIRET,2022-07-12,2022-10-24,2023-04-24,2026-07-13,,,DIGITAL_ICT,True,6.0,True,0,48.02890932982917,,,no_temporal_score_reference_pool
22-100677,NAME:vendee eau,NAME_FALLBACK,2022-07-21,2022-11-19,2026-11-19,2026-07-13,72,72000,DIGITAL_ICT,True,48.0,True,0,47.73324572930355,,,no_temporal_score_reference_pool
22-103042,NAME:e-collectivites vendee,NAME_FALLBACK,2022-07-24,2022-07-24,2026-07-24,2026-07-13,48,48730,DIGITAL_ICT,True,48.0,True,0,47.63469119579501,,,no_temporal_score_reference_pool
22-102191,NAME:rectorat division scus,NAME_FALLBACK,2022-07-24,2022-07-24,2025-07-24,2026-07-13,32,32321,DIGITAL_ICT,True,36.0,True,0,47.63469119579501,,,no_temporal_score_reference_pool
22-102718,SIRET:20007807900015,RAW_SIRET,2022-07-24,2023-01-05,2027-01-05,2026-07-13,72,72500,DIGITAL_ICT,True,48.0,True,0,47.63469119579501,,,no_temporal_score_reference_pool
22-105832,SIRET:22850001300658,RAW_SIRET,2022-07-28,2022-10-21,2026-10-21,2026-07-13,72,72212,DIGITAL_ICT,True,48.0,True,0,47.50328515111695,,,no_temporal_score_reference_pool
22-93332,NAME:vendee expansion,NAME_FALLBACK,2022-07-06,2022-10-02,2026-10-02,2026-07-13,72,72500,DIGITAL_ICT,True,48.0,True,0,48.22601839684626,,,no_temporal_score_reference_pool
22-98192,SIRET:22850001300658,RAW_SIRET,2022-07-12,2023-02-09,2027-02-09,2026-07-13,72,72600,DIGITAL_ICT,True,48.0,True,0,48.02890932982917,,,no_temporal_score_reference_pool
22-102371,NAME:commune de vallons-de-l erdre,NAME_FALLBACK,2022-07-24,2022-07-24,2026-07-24,2026-07-13,72,72500,DIGITAL_ICT,True,48.0,True,0,47.63469119579501,,,no_temporal_score_reference_pool
22-105844,NAME:acoss,NAME_FALLBACK,2022-07-30,2022-07-30,2023-01-30,2026-07-13,77,77310,DIGITAL_ICT,True,6.0,True,0,47.437582128777926,,,no_temporal_score_reference_pool
22-95015,NAME:conseil regional des pays de la loire,NAME_FALLBACK,2022-07-09,2022-07-09,2025-07-09,2026-07-13,32,32322,DIGITAL_ICT,True,36.0,True,0,48.12746386333772,,,no_temporal_score_reference_pool
22-95969,SIRET:19490970100303,RAW_SIRET,2022-07-10,2023-03-04,2026-03-04,2026-07-13,32,32320,DIGITAL_ICT,True,36.0,True,0,48.0946123521682,,,no_temporal_score_reference_pool
22-94454,NAME:nantes metropole,NAME_FALLBACK,2022-07-24,2023-02-08,2027-02-08,2026-07-13,72,72242,DIGITAL_ICT,True,48.0,True,0,47.63469119579501,,,no_temporal_score_reference_pool
22-102623,NAME:nantes metropole,NAME_FALLBACK,2022-07-24,2022-07-24,2025-07-24,2026-07-13,32,32323,DIGITAL_ICT,True,36.0,True,0,47.63469119579501,,,no_temporal_score_reference_pool
22-105384,SIRET:24720013200014,RAW_SIRET,2022-07-30,2023-02-05,2024-08-05,2026-07-13,39,39300,DIGITAL_ICT,True,18.0,True,1,21.517739816031536,24-55627,0.43414811866720143,no_temporal_score_reference_pool
22-95027,NAME:gie sesam vitale,NAME_FALLBACK,2022-07-09,2023-06-29,2027-06-29,2026-07-13,72,72000,DIGITAL_ICT,True,48.0,True,0,48.12746386333772,,,no_temporal_score_reference_pool
22-98745,SIRET:13002591900015,RAW_SIRET,2022-07-13,2022-07-13,2026-07-13,2026-07-13,72,72316,DIGITAL_ICT,True,48.0,True,0,47.99605781865966,,,no_temporal_score_reference_pool
22-94145,NAME:commune les sables d olonne,NAME_FALLBACK,2022-07-07,2022-07-07,2025-07-07,2026-07-13,71,71200,DIGITAL_ICT,True,36.0,True,0,48.19316688567674,,,no_temporal_score_reference_pool
22-98112,NAME:oniris,NAME_FALLBACK,2022-07-14,2022-07-14,2026-07-14,2026-07-13,72,72230,DIGITAL_ICT,True,48.0,True,0,47.96320630749015,,,no_temporal_score_reference_pool
22-92446,NAME:geves,NAME_FALLBACK,2022-07-03,2023-02-25,2027-02-25,2026-07-13,48,48450,DIGITAL_ICT,True,48.0,True,0,48.3245729303548,,,no_temporal_score_reference_pool
22-94102,SIRET:22530001100015,RAW_SIRET,2022-07-05,2022-07-05,2026-07-05,2026-07-13,72,72267,DIGITAL_ICT,True,48.0,True,0,48.25886990801577,,,no_temporal_score_reference_pool
22-92531,NAME:cc challans gois communaute,NAME_FALLBACK,2022-07-06,2022-10-06,2024-10-06,2026-07-13,30,30230,DIGITAL_ICT,True,24.0,True,0,48.22601839684626,,,no_temporal_score_reference_pool
22-99431,NAME:ctre hosp universitaire angers,NAME_FALLBACK,2022-07-17,2022-07-17,2026-07-17,2026-07-13,79,79131,DIGITAL_ICT,True,48.0,True,0,47.864651773981606,,,no_temporal_score_reference_pool
22-101575,SIRET:18450301900012,RAW_SIRET,2022-07-20,2022-07-20,2026-07-20,2026-07-13,72,72316,DIGITAL_ICT,True,48.0,True,0,47.76609724047306,,,no_temporal_score_reference_pool
22-92345,NAME:gpm de nantes - st nazaire,NAME_FALLBACK,2022-07-03,2022-10-09,2026-10-09,2026-07-13,48,48321,DIGITAL_ICT,True,48.0,True,0,48.3245729303548,,,no_temporal_score_reference_pool
22-94904,SIRET:24440040400129,RAW_SIRET,2022-07-07,2022-07-07,2026-07-07,2026-07-13,72,72000,DIGITAL_ICT,True,48.0,True,1,42.77266754270696,26-9688,0.3195502165796009,no_temporal_score_reference_pool
22-98278,SIRET:89982886700015,RAW_SIRET,2022-07-12,2022-07-12,2026-07-12,2026-07-13,72,72222,DIGITAL_ICT,True,48.0,True,0,48.02890932982917,,,no_temporal_score_reference_pool
22-116324,SIRET:24720013200014,RAW_SIRET,2022-08-31,2023-02-04,2027-02-04,2026-07-13,48,48600,DIGITAL_ICT,True,48.0,True,0,46.386333771353485,,,no_temporal_score_reference_pool
22-108149,SIRET:24720013200014,RAW_SIRET,2022-08-05,2022-11-09,2025-11-09,2026-07-13,32,32510,DIGITAL_ICT,True,36.0,True,0,47.24047306176084,,,no_temporal_score_reference_pool
22-115191,NAME:la cite des congres de nantes,NAME_FALLBACK,2022-08-26,2023-01-28,2026-01-28,2026-07-13,32,32321,DIGITAL_ICT,True,36.0,True,0,46.550591327201055,,,no_temporal_score_reference_pool
22-111359,NAME:nantes metropole,NAME_FALLBACK,2022-08-20,2022-08-20,2026-08-20,2026-07-13,72,72415,DIGITAL_ICT,True,48.0,True,0,46.747700394218136,,,no_temporal_score_reference_pool
22-113812,NAME:semitan mandataire de nantes metropole,NAME_FALLBACK,2022-08-24,2023-02-19,2027-02-19,2026-07-13,72,72246,DIGITAL_ICT,True,48.0,True,0,46.61629434954008,,,no_temporal_score_reference_pool
22-114884,SIRET:26490003600015,RAW_SIRET,2022-08-24,2022-08-24,2026-08-24,2026-07-13,48,48180,DIGITAL_ICT,True,48.0,True,0,46.61629434954008,,,no_temporal_score_reference_pool
22-115287,NAME:semitan,NAME_FALLBACK,2022-08-27,2023-01-05,2027-01-05,2026-07-13,48,48822,DIGITAL_ICT,True,48.0,True,0,46.517739816031536,,,no_temporal_score_reference_pool
22-48708,SIRET:24440040400129,RAW_SIRET,2022-08-31,2022-08-31,2026-08-31,2026-07-13,72,72243,DIGITAL_ICT,True,48.0,True,1,45.302233902759525,26-56462,0.1941936730525707,no_temporal_score_reference_pool
22-114731,SIRET:22530001100015,RAW_SIRET,2022-08-25,2023-01-28,2027-01-28,2026-07-13,72,72212,DIGITAL_ICT,True,48.0,True,0,46.583442838370566,,,no_temporal_score_reference_pool
22-113250,NAME:ville de bouguenais,NAME_FALLBACK,2022-08-19,2022-11-14,2023-05-14,2026-07-13,,,DIGITAL_ICT,True,6.0,True,1,4.6320630749014455,23-2072,0.2312339354494506,no_temporal_score_reference_pool
22-113895,SIRET:21440143200015,RAW_SIRET,2022-08-22,2022-08-22,2025-08-22,2026-07-13,50,50312,DIGITAL_ICT,True,36.0,True,0,46.681997371879106,,,no_temporal_score_reference_pool
22-114141,SIRET:21350051500019,RAW_SIRET,2022-08-24,2022-12-16,2024-12-16,2026-07-13,30,30200,DIGITAL_ICT,True,24.0,True,0,46.61629434954008,,,no_temporal_score_reference_pool
22-109768,SIRET:20002377800018,RAW_SIRET,2022-08-08,2022-08-08,2025-08-08,2026-07-13,32,32424,DIGITAL_ICT,True,36.0,True,0,47.1419185282523,,,no_temporal_score_reference_pool
22-108057,NAME:nantes metropole,NAME_FALLBACK,2022-08-06,2022-08-06,2026-08-06,2026-07-13,72,72250,DIGITAL_ICT,True,48.0,True,0,47.20762155059133,,,no_temporal_score_reference_pool
22-112462,SIRET:31468496000045,RAW_SIRET,2022-08-17,2022-08-17,2026-08-17,2026-07-13,72,72222,DIGITAL_ICT,True,48.0,True,0,46.846254927726676,,,no_temporal_score_reference_pool
22-121609,NAME:agence regionale de sante ars,NAME_FALLBACK,2022-09-11,2022-09-11,2026-09-11,2026-07-13,72,72000,DIGITAL_ICT,True,48.0,True,0,46.024967148488834,,,no_temporal_score_reference_pool
22-130653,SIRET:26490115800016,RAW_SIRET,2022-09-29,2022-09-29,2026-09-29,2026-07-13,48,48900,DIGITAL_ICT,True,48.0,True,0,45.433639947437584,,,no_temporal_score_reference_pool
22-118151,NAME:chu de nantes,NAME_FALLBACK,2022-09-01,2022-09-01,2026-09-01,2026-07-13,48,48150,DIGITAL_ICT,True,48.0,True,0,46.353482260183966,,,no_temporal_score_reference_pool
22-118673,SIRET:20007186800158,RAW_SIRET,2022-09-02,2022-12-02,2026-12-02,2026-07-13,48,48160,DIGITAL_ICT,True,48.0,True,0,46.320630749014455,,,no_temporal_score_reference_pool
22-118191,NAME:nantes metropole,NAME_FALLBACK,2022-09-03,2022-09-03,2026-09-03,2026-07-13,72,72000,DIGITAL_ICT,True,48.0,True,0,46.287779237844944,,,no_temporal_score_reference_pool
22-123214,NAME:bibliotheque nationale de france,NAME_FALLBACK,2022-09-16,2022-12-11,2023-12-11,2026-07-13,38,38651,DIGITAL_ICT,True,12.0,True,0,45.860709592641264,,,no_temporal_score_reference_pool
22-125236,NAME:universite d angers,NAME_FALLBACK,2022-09-19,2023-01-18,2023-07-18,2026-07-13,,,DIGITAL_ICT,True,6.0,True,0,45.76215505913272,,,no_temporal_score_reference_pool
22-126683,SIRET:48332191500017,RAW_SIRET,2022-09-21,2022-09-21,2026-09-21,2026-07-13,48,48110,DIGITAL_ICT,True,48.0,True,0,45.696452036793694,,,no_temporal_score_reference_pool
22-124634,SIRET:21720095500011,RAW_SIRET,2022-09-16,2022-09-16,2025-09-16,2026-07-13,32,32500,DIGITAL_ICT,True,36.0,True,0,45.860709592641264,,,no_temporal_score_reference_pool
22-126767,SIRET:22440002800011,RAW_SIRET,2022-09-23,2023-02-09,2025-02-09,2026-07-13,30,30125,DIGITAL_ICT,True,24.0,True,0,45.630749014454665,,,no_temporal_score_reference_pool
22-121588,SIRET:28490001600023,RAW_SIRET,2022-09-09,2022-12-23,2026-12-23,2026-07-13,72,72250,DIGITAL_ICT,True,48.0,True,0,46.090670170827856,,,no_temporal_score_reference_pool
22-120001,SIRET:22440002800011,RAW_SIRET,2022-09-06,2022-09-06,2025-09-06,2026-07-13,32,32354,DIGITAL_ICT,True,36.0,True,0,46.1892247043364,,,no_temporal_score_reference_pool
22-121360,SIRET:22530001100015,RAW_SIRET,2022-09-09,2022-09-09,2026-09-09,2026-07-13,72,72224,DIGITAL_ICT,True,48.0,True,0,46.090670170827856,,,no_temporal_score_reference_pool
22-122955,NAME:departement de la mayenne,NAME_FALLBACK,2022-09-13,2022-09-13,2023-03-13,2026-07-13,,,DIGITAL_ICT,True,6.0,True,1,5.978975032851511,23-34018,0.2328574782508682,no_temporal_score_reference_pool
22-119618,SIRET:21440114300018,RAW_SIRET,2022-09-06,2022-09-06,2025-09-06,2026-07-13,71,71221,DIGITAL_ICT,True,36.0,True,0,46.1892247043364,,,no_temporal_score_reference_pool
22-120791,NAME:angers loire metropole,NAME_FALLBACK,2022-09-11,2023-02-23,2026-02-23,2026-07-13,32,32321,DIGITAL_ICT,True,36.0,True,0,46.024967148488834,,,no_temporal_score_reference_pool
22-124106,SIRET:19490970100303,RAW_SIRET,2022-09-17,2022-09-17,2025-09-17,2026-07-13,32,32424,DIGITAL_ICT,True,36.0,True,0,45.827858081471746,,,no_temporal_score_reference_pool
22-127882,SIRET:22490001900015,RAW_SIRET,2022-09-30,2022-09-30,2026-09-30,2026-07-13,48,48000,DIGITAL_ICT,True,48.0,True,0,45.400788436268066,,,no_temporal_score_reference_pool
22-123056,SIRET:22440002800011,RAW_SIRET,2022-09-15,2023-02-15,2027-02-15,2026-07-13,72,72600,DIGITAL_ICT,True,48.0,True,0,45.893561103810775,,,no_temporal_score_reference_pool
22-126881,SIRET:22440002800011,RAW_SIRET,2022-09-21,2022-09-21,2025-09-21,2026-07-13,32,32354,DIGITAL_ICT,True,36.0,True,0,45.696452036793694,,,no_temporal_score_reference_pool
22-123803,SIRET:22530001100015,RAW_SIRET,2022-09-15,2022-09-15,2026-09-15,2026-07-13,72,72212,DIGITAL_ICT,True,48.0,True,0,45.893561103810775,,,no_temporal_score_reference_pool
22-128689,SIRET:20006947400019,RAW_SIRET,2022-09-26,2022-09-26,2024-09-26,2026-07-13,30,30200,DIGITAL_ICT,True,24.0,True,0,45.532194480946124,,,no_temporal_score_reference_pool
22-128177,NAME:vendee,NAME_FALLBACK,2022-09-28,2022-12-15,2026-12-15,2026-07-13,72,72500,DIGITAL_ICT,True,48.0,True,0,45.466491458607095,,,no_temporal_score_reference_pool
22-118541,SIRET:12006401900074,RAW_SIRET,2022-09-02,2022-09-02,2026-09-02,2026-07-13,72,72267,DIGITAL_ICT,True,48.0,True,0,46.320630749014455,,,no_temporal_score_reference_pool
22-121498,SIRET:79781903400043,RAW_SIRET,2022-09-09,2022-09-09,2026-09-09,2026-07-13,72,72268,DIGITAL_ICT,True,48.0,True,0,46.090670170827856,,,no_temporal_score_reference_pool
22-122079,SIRET:22440002800011,RAW_SIRET,2022-09-12,2022-09-12,2026-09-12,2026-07-13,79,79530,DIGITAL_ICT,True,48.0,True,0,45.992115637319316,,,no_temporal_score_reference_pool
22-127675,NAME:conseil regional des pays de la loire,NAME_FALLBACK,2022-09-25,2023-03-12,2026-03-12,2026-07-13,32,32321,DIGITAL_ICT,True,36.0,True,0,45.565045992115635,,,no_temporal_score_reference_pool
22-120139,NAME:ministere des affaires etrangeres,NAME_FALLBACK,2022-09-08,2023-05-08,2027-05-08,2026-07-13,72,72250,DIGITAL_ICT,True,48.0,True,0,46.123521681997374,,,no_temporal_score_reference_pool
22-122102,SIRET:21440158000011,RAW_SIRET,2022-09-12,2022-09-12,2025-09-12,2026-07-13,32,32420,DIGITAL_ICT,True,36.0,True,0,45.992115637319316,,,no_temporal_score_reference_pool
22-130851,SIRET:22530001100015,RAW_SIRET,2022-10-02,2023-01-08,2027-01-08,2026-07-13,72,72268,DIGITAL_ICT,True,48.0,True,0,45.33508541392904,,,no_temporal_score_reference_pool
22-136844,SIRET:24720013200014,RAW_SIRET,2022-10-14,2024-01-05,2028-01-05,2026-07-13,72,72700,DIGITAL_ICT,True,48.0,True,0,44.940867279894874,,,no_temporal_score_reference_pool
22-141252,NAME:reseau canope,NAME_FALLBACK,2022-10-20,2022-10-20,2026-10-20,2026-07-13,72,72212,DIGITAL_ICT,True,48.0,True,0,44.74375821287779,,,no_temporal_score_reference_pool
22-143552,NAME:cmar pays de la loire,NAME_FALLBACK,2022-10-27,2023-03-22,2026-03-22,2026-07-13,32,32412,DIGITAL_ICT,True,36.0,True,0,44.513797634691194,,,no_temporal_score_reference_pool
22-137740,NAME:cnam,NAME_FALLBACK,2022-10-15,2022-10-15,2026-10-15,2026-07-13,79,79520,DIGITAL_ICT,True,48.0,True,0,44.90801576872536,,,no_temporal_score_reference_pool
22-144549,SIRET:21440109300015,RAW_SIRET,2022-10-26,2022-10-26,2025-10-26,2026-07-13,71,71241,DIGITAL_ICT,True,36.0,True,0,44.54664914586071,,,no_temporal_score_reference_pool
22-145708,NAME:semitan mandataire de nantes metropole,NAME_FALLBACK,2022-10-30,2023-04-01,2027-04-01,2026-07-13,72,72246,DIGITAL_ICT,True,48.0,True,0,44.415243101182654,,,no_temporal_score_reference_pool
22-132102,SIRET:21720264700012,RAW_SIRET,2022-10-03,2022-10-03,2023-10-03,2026-07-13,45,45210,DIGITAL_ICT,True,12.0,True,0,45.302233902759525,,,no_temporal_score_reference_pool
22-130701,SIRET:13002523200013,RAW_SIRET,2022-10-01,2022-10-01,2026-10-01,2026-07-13,48,48180,DIGITAL_ICT,True,48.0,True,0,45.367936925098554,,,no_temporal_score_reference_pool
22-134715,SIRET:22440002800011,RAW_SIRET,2022-10-07,2022-10-07,2026-10-07,2026-07-13,48,48931,DIGITAL_ICT,True,48.0,True,0,45.17082785808147,,,no_temporal_score_reference_pool
22-133794,NAME:nantes metropole,NAME_FALLBACK,2022-10-08,2022-10-08,2026-10-08,2026-07-13,72,72224,DIGITAL_ICT,True,48.0,True,0,45.137976346911955,,,no_temporal_score_reference_pool
22-135583,SIRET:21440143200015,RAW_SIRET,2022-10-10,2022-10-10,2023-10-10,2026-07-13,45,45310,DIGITAL_ICT,True,12.0,True,0,45.07227332457293,,,no_temporal_score_reference_pool
22-142509,SIRET:24440040400129,RAW_SIRET,2022-10-24,2022-10-24,2026-10-24,2026-07-13,48,48000,DIGITAL_ICT,True,48.0,True,1,43.82391590013141,26-60182,0.2846615820854026,no_temporal_score_reference_pool
22-143289,SIRET:24440064400013,RAW_SIRET,2022-10-27,2023-03-04,2027-03-04,2026-07-13,48,48600,DIGITAL_ICT,True,48.0,True,0,44.513797634691194,,,no_temporal_score_reference_pool
22-136155,SIRET:22850001300765,RAW_SIRET,2022-10-11,2023-03-03,2027-03-03,2026-07-13,72,72416,DIGITAL_ICT,True,48.0,True,0,45.039421813403415,,,no_temporal_score_reference_pool
22-139769,SIRET:20005359300014,RAW_SIRET,2022-10-18,2022-10-18,2025-10-18,2026-07-13,32,32550,DIGITAL_ICT,True,36.0,True,0,44.80946123521682,,,no_temporal_score_reference_pool
22-135485,NAME:semitan mandataire de nantes metropole,NAME_FALLBACK,2022-10-20,2023-05-05,2027-05-05,2026-07-13,72,72212,DIGITAL_ICT,True,48.0,True,0,44.74375821287779,,,no_temporal_score_reference_pool
22-141594,SIRET:24490001500011,RAW_SIRET,2022-10-21,2022-10-21,2026-10-21,2026-07-13,72,72319,DIGITAL_ICT,True,48.0,True,0,44.710906701708275,,,no_temporal_score_reference_pool
22-141031,NAME:semitan,NAME_FALLBACK,2022-10-22,2023-04-08,2027-04-08,2026-07-13,72,72610,DIGITAL_ICT,True,48.0,True,0,44.678055190538764,,,no_temporal_score_reference_pool
22-145122,NAME:ville de coulaines,NAME_FALLBACK,2022-10-27,2022-10-27,2023-04-27,2026-07-13,,,DIGITAL_ICT,True,6.0,True,0,44.513797634691194,,,no_temporal_score_reference_pool
22-134805,SIRET:22440002800011,RAW_SIRET,2022-10-09,2023-08-06,2027-08-06,2026-07-13,79,79340,DIGITAL_ICT,True,48.0,True,0,45.105124835742444,,,no_temporal_score_reference_pool
22-137172,SIRET:21720181300011,RAW_SIRET,2022-10-15,2023-01-14,2027-01-14,2026-07-13,72,72267,DIGITAL_ICT,True,48.0,True,0,44.90801576872536,,,no_temporal_score_reference_pool
22-138409,NAME:eptb vilaine,NAME_FALLBACK,2022-10-18,2022-10-18,2023-04-18,2026-07-13,,,DIGITAL_ICT,True,6.0,True,1,1.149802890932983,22-154906,0.5796227380340357,no_temporal_score_reference_pool
22-137807,NAME:gie des epl de vendee,NAME_FALLBACK,2022-10-14,2022-10-14,2026-10-14,2026-07-13,72,72500,DIGITAL_ICT,True,48.0,True,0,44.940867279894874,,,no_temporal_score_reference_pool
22-131126,SIRET:19490970100303,RAW_SIRET,2022-10-02,2023-01-19,2026-01-19,2026-07-13,32,32415,DIGITAL_ICT,True,36.0,True,0,45.33508541392904,,,no_temporal_score_reference_pool
22-138398,NAME:ctre hosp universitaire angers,NAME_FALLBACK,2022-10-16,2023-02-08,2027-02-08,2026-07-13,79,79540,DIGITAL_ICT,True,48.0,True,0,44.875164257555845,,,no_temporal_score_reference_pool
22-138435,SIRET:24720009000014,RAW_SIRET,2022-10-16,2023-01-25,2025-01-25,2026-07-13,30,30192,DIGITAL_ICT,True,24.0,True,0,44.875164257555845,,,no_temporal_score_reference_pool
22-141355,NAME:conseil regional des pays de la loire,NAME_FALLBACK,2022-10-22,2023-07-07,2026-07-07,2026-07-13,71,71310,DIGITAL_ICT,True,36.0,True,0,44.678055190538764,,,no_temporal_score_reference_pool
22-140992,SIRET:21440143200015,RAW_SIRET,2022-10-20,2022-10-20,2026-10-20,2026-07-13,72,72610,DIGITAL_ICT,True,48.0,True,0,44.74375821287779,,,no_temporal_score_reference_pool
22-150567,NAME:geves,NAME_FALLBACK,2022-11-12,2023-07-25,2027-07-25,2026-07-13,35,35113,DIGITAL_ICT,True,48.0,True,0,43.98817345597897,,,no_temporal_score_reference_pool
22-153148,SIRET:23440003400026,RAW_SIRET,2022-11-19,2022-11-19,2026-11-19,2026-07-13,72,72319,DIGITAL_ICT,True,48.0,True,0,43.75821287779238,,,no_temporal_score_reference_pool
22-153504,NAME:nantes metropole,NAME_FALLBACK,2022-11-20,2022-11-20,2026-11-20,2026-07-13,48,48000,DIGITAL_ICT,True,48.0,True,1,42.8712220762155,26-60185,0.4901569840917803,no_temporal_score_reference_pool
22-156333,SIRET:24440040400129,RAW_SIRET,2022-11-24,2022-11-24,2026-11-24,2026-07-13,72,72243,DIGITAL_ICT,True,48.0,True,1,42.50985545335085,26-56462,0.2055510011488073,no_temporal_score_reference_pool
22-146829,NAME:l opcommerce,NAME_FALLBACK,2022-11-04,2022-11-04,2023-11-04,2026-07-13,80,80500,DIGITAL_ICT,True,12.0,True,0,44.250985545335084,,,no_temporal_score_reference_pool
22-150236,NAME:sdis 44,NAME_FALLBACK,2022-11-10,2022-11-10,2023-05-10,2026-07-13,,,DIGITAL_ICT,True,6.0,True,0,44.053876478318,,,no_temporal_score_reference_pool
22-150892,NAME:ville de coulaines,NAME_FALLBACK,2022-11-10,2022-11-10,2023-05-10,2026-07-13,,,DIGITAL_ICT,True,6.0,True,0,44.053876478318,,,no_temporal_score_reference_pool
22-154906,NAME:eptb vilaine,NAME_FALLBACK,2022-11-22,2022-11-22,2023-05-22,2026-07-13,,,DIGITAL_ICT,True,6.0,True,0,43.659658344283834,,,no_temporal_score_reference_pool
22-157032,SIRET:26530023600014,RAW_SIRET,2022-11-27,2023-02-04,2026-02-04,2026-07-13,32,32000,DIGITAL_ICT,True,36.0,True,0,43.49540078843627,,,no_temporal_score_reference_pool
22-146330,NAME:vendee,NAME_FALLBACK,2022-11-02,2023-02-02,2027-02-02,2026-07-13,72,72500,DIGITAL_ICT,True,48.0,True,0,44.31668856767411,,,no_temporal_score_reference_pool
22-150264,SIRET:23440003400026,RAW_SIRET,2022-11-10,2022-11-10,2026-11-10,2026-07-13,48,48000,DIGITAL_ICT,True,48.0,True,0,44.053876478318,,,no_temporal_score_reference_pool
22-150817,SIRET:19490970100303,RAW_SIRET,2022-11-12,2023-12-13,2026-12-13,2026-07-13,32,32321,DIGITAL_ICT,True,36.0,True,0,43.98817345597897,,,no_temporal_score_reference_pool
22-154717,NAME:nantes metropole,NAME_FALLBACK,2022-11-23,2022-11-23,2026-11-23,2026-07-13,48,48000,DIGITAL_ICT,True,48.0,True,1,42.77266754270696,26-60185,0.48428687851037977,no_temporal_score_reference_pool
22-159813,NAME:gie sesam vitale,NAME_FALLBACK,2022-12-04,2023-05-06,2027-05-06,2026-07-13,72,72600,DIGITAL_ICT,True,48.0,True,0,43.26544021024967,,,no_temporal_score_reference_pool
22-163117,SIRET:28720026500018,RAW_SIRET,2022-12-09,2023-03-24,2027-03-24,2026-07-13,35,35111,DIGITAL_ICT,True,48.0,True,0,43.1011826544021,,,no_temporal_score_reference_pool
22-162609,SIRET:24490001500060,RAW_SIRET,2022-12-09,2022-12-09,2026-12-09,2026-07-13,48,48813,DIGITAL_ICT,True,48.0,True,0,43.1011826544021,,,no_temporal_score_reference_pool
22-162295,NAME:cci pays de la loire,NAME_FALLBACK,2022-12-10,2023-03-12,2027-03-12,2026-07-13,72,72130,DIGITAL_ICT,True,48.0,True,0,43.06833114323259,,,no_temporal_score_reference_pool
22-162095,SIRET:22530001100015,RAW_SIRET,2022-12-09,2023-03-02,2027-03-02,2026-07-13,72,72268,DIGITAL_ICT,True,48.0,True,0,43.1011826544021,,,no_temporal_score_reference_pool
22-162091,SIRET:23440003400026,RAW_SIRET,2022-12-09,2023-06-07,2027-06-07,2026-07-13,48,48000,DIGITAL_ICT,True,48.0,True,0,43.1011826544021,,,no_temporal_score_reference_pool
22-163372,SIRET:21440184600016,RAW_SIRET,2022-12-09,2023-05-04,2027-05-04,2026-07-13,48,48219,DIGITAL_ICT,True,48.0,True,0,43.1011826544021,,,no_temporal_score_reference_pool
22-165925,SIRET:20005042500012,RAW_SIRET,2022-12-15,2022-12-15,2026-12-15,2026-07-13,72,72416,DIGITAL_ICT,True,48.0,True,0,42.90407358738502,,,no_temporal_score_reference_pool
22-166698,SIRET:22850001300658,RAW_SIRET,2022-12-18,2023-05-14,2027-05-14,2026-07-13,72,72267,DIGITAL_ICT,True,48.0,True,0,42.80551905387648,,,no_temporal_score_reference_pool
22-165707,NAME:ch le mans,NAME_FALLBACK,2022-12-15,2022-12-15,2026-12-15,2026-07-13,72,72250,DIGITAL_ICT,True,48.0,True,0,42.90407358738502,,,no_temporal_score_reference_pool
22-165917,NAME:nantes metropole,NAME_FALLBACK,2022-12-18,2022-12-18,2026-12-18,2026-07-13,72,72000,DIGITAL_ICT,True,48.0,True,0,42.80551905387648,,,no_temporal_score_reference_pool
22-166987,NAME:gie des epl de vendee,NAME_FALLBACK,2022-12-19,2022-12-19,2026-12-19,2026-07-13,72,72500,DIGITAL_ICT,True,48.0,True,0,42.77266754270696,,,no_temporal_score_reference_pool
22-160820,SIRET:20007326000016,RAW_SIRET,2022-12-05,2022-12-05,2026-12-05,2026-07-13,72,72200,DIGITAL_ICT,True,48.0,True,0,43.23258869908016,,,no_temporal_score_reference_pool
22-163107,NAME:commune de nantes,NAME_FALLBACK,2022-12-09,2023-03-23,2024-03-23,2026-07-13,45,45261,DIGITAL_ICT,True,12.0,True,0,43.1011826544021,,,no_temporal_score_reference_pool
22-165672,SIRET:25490130900032,RAW_SIRET,2022-12-17,2022-12-17,2026-12-17,2026-07-13,48,48000,DIGITAL_ICT,True,48.0,True,0,42.83837056504599,,,no_temporal_score_reference_pool
22-166133,NAME:gie des epl de vendee,NAME_FALLBACK,2022-12-18,2022-12-18,2026-12-18,2026-07-13,48,48000,DIGITAL_ICT,True,48.0,True,0,42.80551905387648,,,no_temporal_score_reference_pool
22-167195,NAME:st gilles croix de vie agglomeration,NAME_FALLBACK,2022-12-21,2023-04-20,2025-04-20,2026-07-13,30,30230,DIGITAL_ICT,True,24.0,True,0,42.70696452036794,,,no_temporal_score_reference_pool
22-157410,NAME:nantes metropole,NAME_FALLBACK,2022-12-03,2022-12-03,2026-12-03,2026-07-13,72,72227,DIGITAL_ICT,True,48.0,True,0,43.29829172141918,,,no_temporal_score_reference_pool
22-163765,SIRET:20005433600017,RAW_SIRET,2022-12-12,2022-12-12,2026-12-12,2026-07-13,35,35123,DIGITAL_ICT,True,48.0,True,0,43.00262812089356,,,no_temporal_score_reference_pool
22-164942,NAME:syndicat d eau de l anjou,NAME_FALLBACK,2022-12-16,2022-12-16,2025-12-16,2026-07-13,71,71316,DIGITAL_ICT,True,36.0,True,0,42.8712220762155,,,no_temporal_score_reference_pool
22-160850,SIRET:22440002800011,RAW_SIRET,2022-12-05,2022-12-05,2025-12-05,2026-07-13,32,32321,DIGITAL_ICT,True,36.0,True,0,43.23258869908016,,,no_temporal_score_reference_pool
22-165686,SIRET:21440184600016,RAW_SIRET,2022-12-15,2023-04-03,2027-04-03,2026-07-13,72,72416,DIGITAL_ICT,True,48.0,True,0,42.90407358738502,,,no_temporal_score_reference_pool
22-166149,NAME:gie des epl de vendee,NAME_FALLBACK,2022-12-18,2023-03-03,2027-03-03,2026-07-13,48,48620,DIGITAL_ICT,True,48.0,True,0,42.80551905387648,,,no_temporal_score_reference_pool
22-168942,NAME:spr pays de la loire,NAME_FALLBACK,2022-12-23,2023-06-04,2026-06-04,2026-07-13,71,71316,DIGITAL_ICT,True,36.0,True,0,42.64126149802891,,,no_temporal_score_reference_pool
23-7811,SIRET:21610001600015,RAW_SIRET,2023-01-17,2023-01-17,2024-01-17,2026-07-13,45,45311,DIGITAL_ICT,True,12.0,True,0,41.81997371879106,,,no_temporal_score_reference_pool
23-2072,NAME:ville de bouguenais,NAME_FALLBACK,2023-01-07,2023-04-22,2027-04-22,2026-07-13,72,72212,DIGITAL_ICT,True,48.0,True,0,42.1484888304862,,,no_temporal_score_reference_pool
23-5727,NAME:cci pays de la loire,NAME_FALLBACK,2023-01-14,2023-04-05,2027-04-05,2026-07-13,72,72610,DIGITAL_ICT,True,48.0,True,0,41.91852825229961,,,no_temporal_score_reference_pool
23-217,NAME:ville d orvault,NAME_FALLBACK,2023-01-02,2023-01-02,2023-07-02,2026-07-13,,,DIGITAL_ICT,True,6.0,True,0,42.31274638633377,,,no_temporal_score_reference_pool
23-3092,SIRET:24440040400129,RAW_SIRET,2023-01-12,2023-01-12,2027-01-12,2026-07-13,79,79540,DIGITAL_ICT,True,48.0,True,0,41.98423127463863,,,no_temporal_score_reference_pool
23-6460,SIRET:77560485300041,RAW_SIRET,2023-01-13,2023-01-13,2026-01-13,2026-07-13,32,32230,DIGITAL_ICT,True,36.0,True,0,41.95137976346912,,,no_temporal_score_reference_pool
23-12403,SIRET:25850022200033,RAW_SIRET,2023-01-26,2023-01-26,2027-01-26,2026-07-13,48,48000,DIGITAL_ICT,True,48.0,True,0,41.52431011826544,,,no_temporal_score_reference_pool
23-6087,SIRET:21850191400566,RAW_SIRET,2023-01-13,2023-01-13,2027-01-13,2026-07-13,72,72413,DIGITAL_ICT,True,48.0,True,0,41.95137976346912,,,no_temporal_score_reference_pool
23-12419,SIRET:23440003400026,RAW_SIRET,2023-01-28,2023-06-18,2027-06-18,2026-07-13,72,72212,DIGITAL_ICT,True,48.0,True,0,41.45860709592641,,,no_temporal_score_reference_pool
23-13321,NAME:cc ocean marais de monts,NAME_FALLBACK,2023-01-29,2023-06-04,2027-06-04,2026-07-13,72,72220,DIGITAL_ICT,True,48.0,True,0,41.4257555847569,,,no_temporal_score_reference_pool
22-171933,SIRET:24720013200014,RAW_SIRET,2023-01-01,2023-01-01,2024-07-01,2026-07-13,39,39300,DIGITAL_ICT,True,18.0,True,1,16.4257555847569,24-55627,0.43414811866720143,no_temporal_score_reference_pool
23-8217,NAME:sdis49,NAME_FALLBACK,2023-01-19,2023-06-30,2026-06-30,2026-07-13,32,32500,DIGITAL_ICT,True,36.0,True,0,41.75427069645204,,,no_temporal_score_reference_pool
23-6398,NAME:chu de nantes,NAME_FALLBACK,2023-01-13,2023-01-13,2026-01-13,2026-07-13,32,32546,DIGITAL_ICT,True,36.0,True,0,41.95137976346912,,,no_temporal_score_reference_pool
23-8152,SIRET:24610066300011,RAW_SIRET,2023-01-17,2023-01-17,2024-01-17,2026-07-13,45,45311,DIGITAL_ICT,True,12.0,True,0,41.81997371879106,,,no_temporal_score_reference_pool
23-11523,SIRET:21440184600016,RAW_SIRET,2023-01-26,2023-05-06,2026-05-06,2026-07-13,50,50313,DIGITAL_ICT,True,36.0,True,0,41.52431011826544,,,no_temporal_score_reference_pool
23-13316,NAME:cc ocean marais de monts,NAME_FALLBACK,2023-01-29,2023-06-24,2025-06-24,2026-07-13,30,30000,DIGITAL_ICT,True,24.0,True,0,41.4257555847569,,,no_temporal_score_reference_pool
23-3611,SIRET:20008776100015,RAW_SIRET,2023-01-11,2023-04-21,2025-04-21,2026-07-13,30,30200,DIGITAL_ICT,True,24.0,True,0,42.01708278580815,,,no_temporal_score_reference_pool
23-21660,SIRET:21720364500015,RAW_SIRET,2023-02-14,2023-02-14,2024-02-14,2026-07-13,45,45210,DIGITAL_ICT,True,12.0,True,0,40.90013140604468,,,no_temporal_score_reference_pool
23-24849,SIRET:21440184600016,RAW_SIRET,2023-02-21,2023-07-18,2027-07-18,2026-07-13,72,72416,DIGITAL_ICT,True,48.0,True,0,40.67017082785808,,,no_temporal_score_reference_pool
23-25993,NAME:communaute d agglomeration du niortais,NAME_FALLBACK,2023-02-25,2023-02-25,2027-02-25,2026-07-13,79,79800,DIGITAL_ICT,True,48.0,True,0,40.53876478318003,,,no_temporal_score_reference_pool
23-14004,SIRET:21440184600016,RAW_SIRET,2023-02-01,2023-05-06,2026-05-06,2026-07-13,32,32342,DIGITAL_ICT,True,36.0,True,0,41.32720105124836,,,no_temporal_score_reference_pool
23-16483,SIRET:79820357600029,RAW_SIRET,2023-02-03,2023-02-03,2027-02-03,2026-07-13,72,72246,DIGITAL_ICT,True,48.0,True,0,41.26149802890933,,,no_temporal_score_reference_pool
23-19634,SIRET:24440064400013,RAW_SIRET,2023-02-11,2023-06-28,2027-06-28,2026-07-13,35,35262,DIGITAL_ICT,True,48.0,True,0,40.99868593955322,,,no_temporal_score_reference_pool
23-24020,NAME:ville de cholet,NAME_FALLBACK,2023-02-23,2023-05-17,2027-05-17,2026-07-13,35,35262,DIGITAL_ICT,True,48.0,True,0,40.60446780551906,,,no_temporal_score_reference_pool
23-24753,NAME:sdis49,NAME_FALLBACK,2023-02-23,2023-04-22,2026-04-22,2026-07-13,32,32230,DIGITAL_ICT,True,36.0,True,0,40.60446780551906,,,no_temporal_score_reference_pool
23-18685,NAME:communaute de communes baugeois vallee,NAME_FALLBACK,2023-02-11,2023-02-11,2027-02-11,2026-07-13,72,72500,DIGITAL_ICT,True,48.0,True,0,40.99868593955322,,,no_temporal_score_reference_pool
23-20260,SIRET:23440003400026,RAW_SIRET,2023-02-12,2023-02-12,2027-02-12,2026-07-13,72,72000,DIGITAL_ICT,True,48.0,True,0,40.96583442838371,,,no_temporal_score_reference_pool
23-20884,NAME:cnieg,NAME_FALLBACK,2023-02-15,2023-11-08,2027-11-08,2026-07-13,72,72500,DIGITAL_ICT,True,48.0,True,0,40.86727989487517,,,no_temporal_score_reference_pool
23-22379,NAME:ctre hosp universitaire angers,NAME_FALLBACK,2023-02-18,2023-09-14,2026-09-14,2026-07-13,32,32360,DIGITAL_ICT,True,36.0,True,0,40.76872536136662,,,no_temporal_score_reference_pool
23-23775,NAME:departement de la mayenne,NAME_FALLBACK,2023-02-20,2023-02-20,2023-08-20,2026-07-13,,,DIGITAL_ICT,True,6.0,True,1,0.7227332457293035,23-34018,0.5866666666666664,no_temporal_score_reference_pool
23-16355,SIRET:24440064400013,RAW_SIRET,2023-02-05,2023-07-20,2027-07-20,2026-07-13,48,48627,DIGITAL_ICT,True,48.0,True,0,41.1957950065703,,,no_temporal_score_reference_pool
23-24028,SIRET:22440002800011,RAW_SIRET,2023-02-20,2023-02-20,2027-02-20,2026-07-13,35,35261,DIGITAL_ICT,True,48.0,True,0,40.7030223390276,,,no_temporal_score_reference_pool
23-25410,SIRET:24560046500133,RAW_SIRET,2023-02-24,2023-06-24,2027-06-24,2026-07-13,72,72000,DIGITAL_ICT,True,48.0,True,0,40.57161629434954,,,no_temporal_score_reference_pool
23-29518,NAME:vendee grand littoral,NAME_FALLBACK,2023-03-03,2023-03-03,2023-09-03,2026-07-13,,,DIGITAL_ICT,True,6.0,True,0,40.34165571616295,,,no_temporal_score_reference_pool
23-23753,NAME:angers loire metropole,NAME_FALLBACK,2023-03-08,2023-11-22,2027-11-22,2026-07-13,72,72200,DIGITAL_ICT,True,48.0,True,0,40.17739816031538,,,no_temporal_score_reference_pool
23-31575,NAME:ville de nantes,NAME_FALLBACK,2023-03-10,2023-09-15,2027-09-15,2026-07-13,72,72312,DIGITAL_ICT,True,48.0,True,0,40.11169513797635,,,no_temporal_score_reference_pool
23-34705,NAME:nantes metropole,NAME_FALLBACK,2023-03-17,2023-03-17,2027-03-17,2026-07-13,72,72267,DIGITAL_ICT,True,48.0,True,0,39.88173455978975,,,no_temporal_score_reference_pool
23-39981,NAME:depafi,NAME_FALLBACK,2023-03-26,2023-10-21,2026-10-21,2026-07-13,32,32344,DIGITAL_ICT,True,36.0,True,0,39.58607095926413,,,no_temporal_score_reference_pool
23-37255,SIRET:13002974700016,RAW_SIRET,2023-03-20,2023-07-18,2024-01-18,2026-07-13,85,85311,DIGITAL_ICT,True,6.0,True,0,39.78318002628121,,,no_temporal_score_reference_pool
23-37068,NAME:nantes metropole,NAME_FALLBACK,2023-03-22,2023-10-07,2027-10-07,2026-07-13,72,72243,DIGITAL_ICT,True,48.0,True,0,39.71747700394218,,,no_temporal_score_reference_pool
23-43274,SIRET:21440184600016,RAW_SIRET,2023-03-31,2023-07-31,2027-07-31,2026-07-13,72,72220,DIGITAL_ICT,True,48.0,True,0,39.42181340341656,,,no_temporal_score_reference_pool
23-42045,SIRET:77560485100041,RAW_SIRET,2023-03-31,2023-03-31,2027-03-31,2026-07-13,48,48951,DIGITAL_ICT,True,48.0,True,0,39.42181340341656,,,no_temporal_score_reference_pool
23-28773,SIRET:25490130900032,RAW_SIRET,2023-03-04,2023-06-14,2027-06-14,2026-07-13,48,48000,DIGITAL_ICT,True,48.0,True,0,40.30880420499343,,,no_temporal_score_reference_pool
23-30906,NAME:societe d equipement de la touraine,NAME_FALLBACK,2023-03-09,2023-03-09,2024-03-09,2026-07-13,45,45300,DIGITAL_ICT,True,12.0,True,1,8.5742444152431,23-164280,0.8307083635204064,no_temporal_score_reference_pool
23-31869,NAME:vendee eau,NAME_FALLBACK,2023-03-11,2023-05-25,2025-05-25,2026-07-13,30,30000,DIGITAL_ICT,True,24.0,True,0,40.07884362680684,,,no_temporal_score_reference_pool
23-37461,NAME:adoma,NAME_FALLBACK,2023-03-22,2023-03-22,2027-03-22,2026-07-13,79,79540,DIGITAL_ICT,True,48.0,True,0,39.71747700394218,,,no_temporal_score_reference_pool
23-38410,SIRET:21490035900016,RAW_SIRET,2023-03-28,2023-03-28,2026-03-28,2026-07-13,32,32323,DIGITAL_ICT,True,36.0,True,0,39.5203679369251,,,no_temporal_score_reference_pool
23-31948,SIRET:52926090300016,RAW_SIRET,2023-03-11,2023-05-13,2026-05-13,2026-07-13,32,32323,DIGITAL_ICT,True,36.0,True,0,40.07884362680684,,,no_temporal_score_reference_pool
23-33058,NAME:spl eau du bassin rennais,NAME_FALLBACK,2023-03-12,2023-03-12,2027-03-12,2026-07-13,72,72600,DIGITAL_ICT,True,48.0,True,0,40.04599211563732,,,no_temporal_score_reference_pool
23-29827,SIRET:28490001600023,RAW_SIRET,2023-03-03,2023-06-28,2024-06-28,2026-07-13,45,45311,DIGITAL_ICT,True,12.0,True,0,40.34165571616295,,,no_temporal_score_reference_pool
23-38767,NAME:gie sesam vitale,NAME_FALLBACK,2023-03-24,2023-03-24,2027-03-24,2026-07-13,72,72700,DIGITAL_ICT,True,48.0,True,0,39.65177398160316,,,no_temporal_score_reference_pool
23-41937,NAME:vendee,NAME_FALLBACK,2023-03-31,2023-07-06,2027-07-06,2026-07-13,72,72000,DIGITAL_ICT,True,48.0,True,0,39.42181340341656,,,no_temporal_score_reference_pool
23-38908,NAME:nantes metropole,NAME_FALLBACK,2023-03-26,2023-03-26,2025-03-26,2026-07-13,30,30200,DIGITAL_ICT,True,24.0,True,0,39.58607095926413,,,no_temporal_score_reference_pool
23-32316,SIRET:20004131700013,RAW_SIRET,2023-03-09,2023-03-09,2026-03-09,2026-07-13,32,32000,DIGITAL_ICT,True,36.0,True,0,40.14454664914586,,,no_temporal_score_reference_pool
23-30054,SIRET:22490001900015,RAW_SIRET,2023-03-07,2023-03-07,2027-03-07,2026-07-13,35,35000,DIGITAL_ICT,True,48.0,True,0,40.21024967148489,,,no_temporal_score_reference_pool
23-34854,SIRET:24440040400129,RAW_SIRET,2023-03-15,2023-03-15,2027-03-15,2026-07-13,72,72150,DIGITAL_ICT,True,48.0,True,0,39.94743758212878,,,no_temporal_score_reference_pool
23-37581,SIRET:24490001500011,RAW_SIRET,2023-03-23,2023-03-23,2027-03-23,2026-07-13,72,72210,DIGITAL_ICT,True,48.0,True,0,39.68462549277267,,,no_temporal_score_reference_pool
23-34018,NAME:departement de la mayenne,NAME_FALLBACK,2023-03-14,2023-03-14,2026-03-14,2026-07-13,71,71620,DIGITAL_ICT,True,36.0,True,0,39.98028909329829,,,no_temporal_score_reference_pool
23-41648,SIRET:22850001300658,RAW_SIRET,2023-03-28,2023-09-25,2027-09-25,2026-07-13,72,72220,DIGITAL_ICT,True,48.0,True,0,39.5203679369251,,,no_temporal_score_reference_pool
23-40733,NAME:universite de nantes,NAME_FALLBACK,2023-03-29,2023-07-01,2027-07-01,2026-07-13,72,72500,DIGITAL_ICT,True,48.0,True,0,39.48751642575559,,,no_temporal_score_reference_pool
23-48831,SIRET:21440109300015,RAW_SIRET,2023-04-12,2023-04-12,2026-04-12,2026-07-13,32,32322,DIGITAL_ICT,True,36.0,True,0,39.02759526938239,,,no_temporal_score_reference_pool
23-53533,SIRET:24850025800046,RAW_SIRET,2023-04-19,2023-04-19,2027-04-19,2026-07-13,72,72413,DIGITAL_ICT,True,48.0,True,0,38.797634691195796,,,no_temporal_score_reference_pool
23-44436,NAME:universite de nantes,NAME_FALLBACK,2023-04-05,2024-01-06,2028-01-06,2026-07-13,48,48161,DIGITAL_ICT,True,48.0,True,0,39.25755584756899,,,no_temporal_score_reference_pool
23-39978,NAME:ville de nantes,NAME_FALLBACK,2023-04-01,2023-07-09,2024-01-09,2026-07-13,22,22113,DIGITAL_ICT,True,6.0,True,0,39.388961892247046,,,no_temporal_score_reference_pool
23-43939,NAME:angers loire metropole,NAME_FALLBACK,2023-04-06,2023-12-17,2027-12-17,2026-07-13,72,72210,DIGITAL_ICT,True,48.0,True,0,39.224704336399476,,,no_temporal_score_reference_pool
23-45575,NAME:conseil regional des pays de la loire,NAME_FALLBACK,2023-04-07,2023-04-07,2024-05-07,2026-07-13,92,92111,DIGITAL_ICT,True,13.0,True,0,39.19185282522996,,,no_temporal_score_reference_pool
23-48446,SIRET:21440215800015,RAW_SIRET,2023-04-11,2023-04-11,2027-04-11,2026-07-13,35,35113,DIGITAL_ICT,True,48.0,True,0,39.060446780551906,,,no_temporal_score_reference_pool
23-50514,SIRET:21440184600016,RAW_SIRET,2023-04-14,2023-09-07,2027-09-07,2026-07-13,48,48219,DIGITAL_ICT,True,48.0,True,0,38.961892247043366,,,no_temporal_score_reference_pool
23-56541,NAME:ville de lagord,NAME_FALLBACK,2023-04-27,2023-08-31,2027-08-31,2026-07-13,72,72500,DIGITAL_ICT,True,48.0,True,0,38.534822601839686,,,no_temporal_score_reference_pool
23-57565,NAME:vendee,NAME_FALLBACK,2023-04-28,2023-07-05,2025-07-05,2026-07-13,30,30237,DIGITAL_ICT,True,24.0,True,0,38.50197109067017,,,no_temporal_score_reference_pool
23-37612,SIRET:21440109300015,RAW_SIRET,2023-04-12,2023-04-12,2027-04-12,2026-07-13,79,79530,DIGITAL_ICT,True,48.0,True,0,39.02759526938239,,,no_temporal_score_reference_pool
23-49047,SIRET:20005433600017,RAW_SIRET,2023-04-14,2023-08-12,2026-08-12,2026-07-13,32,32500,DIGITAL_ICT,True,36.0,True,0,38.961892247043366,,,no_temporal_score_reference_pool
23-56040,SIRET:22720002900014,RAW_SIRET,2023-04-26,2023-04-26,2027-04-26,2026-07-13,72,72100,DIGITAL_ICT,True,48.0,True,0,38.5676741130092,,,no_temporal_score_reference_pool
23-58813,SIRET:50804739600033,RAW_SIRET,2023-04-28,2023-04-28,2027-04-28,2026-07-13,72,72212,DIGITAL_ICT,True,48.0,True,0,38.50197109067017,,,no_temporal_score_reference_pool
23-47137,NAME:ville d angers,NAME_FALLBACK,2023-04-09,2023-08-10,2027-08-10,2026-07-13,35,35321,DIGITAL_ICT,True,48.0,True,0,39.126149802890936,,,no_temporal_score_reference_pool
23-53540,SIRET:21850288800017,RAW_SIRET,2023-04-21,2023-04-21,2025-04-21,2026-07-13,30,30230,DIGITAL_ICT,True,24.0,True,0,38.73193166885677,,,no_temporal_score_reference_pool
23-56091,NAME:ubs,NAME_FALLBACK,2023-04-26,2023-04-26,2026-04-26,2026-07-13,32,32321,DIGITAL_ICT,True,36.0,True,0,38.5676741130092,,,no_temporal_score_reference_pool
23-42712,NAME:mairie de blain,NAME_FALLBACK,2023-04-01,2023-04-01,2026-04-01,2026-07-13,50,50312,DIGITAL_ICT,True,36.0,True,0,39.388961892247046,,,no_temporal_score_reference_pool
23-43183,SIRET:22850001300658,RAW_SIRET,2023-04-02,2023-07-15,2027-07-15,2026-07-13,79,79512,DIGITAL_ICT,True,48.0,True,0,39.35611038107753,,,no_temporal_score_reference_pool
23-43763,NAME:cnieg,NAME_FALLBACK,2023-04-02,2023-07-15,2027-07-15,2026-07-13,72,72610,DIGITAL_ICT,True,48.0,True,0,39.35611038107753,,,no_temporal_score_reference_pool
23-48532,NAME:semitan,NAME_FALLBACK,2023-04-14,2023-12-17,2027-12-17,2026-07-13,72,72212,DIGITAL_ICT,True,48.0,True,0,38.961892247043366,,,no_temporal_score_reference_pool
23-49217,SIRET:23440003400026,RAW_SIRET,2023-04-14,2023-04-14,2027-04-14,2026-07-13,72,72500,DIGITAL_ICT,True,48.0,True,0,38.961892247043366,,,no_temporal_score_reference_pool
23-51088,SIRET:22440002800011,RAW_SIRET,2023-04-16,2023-11-05,2027-11-05,2026-07-13,35,35120,DIGITAL_ICT,True,48.0,True,0,38.89618922470434,,,no_temporal_score_reference_pool
23-45378,SIRET:26850242400016,RAW_SIRET,2023-04-04,2023-04-04,2027-04-04,2026-07-13,35,35113,DIGITAL_ICT,True,48.0,True,0,39.2904073587385,,,no_temporal_score_reference_pool
23-45351,NAME:ecole national sup d arts et metiers,NAME_FALLBACK,2023-04-04,2023-07-31,2024-01-31,2026-07-13,,,DIGITAL_ICT,True,6.0,True,0,39.2904073587385,,,no_temporal_score_reference_pool
23-42778,NAME:chu de nantes,NAME_FALLBACK,2023-04-01,2023-04-01,2027-04-01,2026-07-13,72,72212,DIGITAL_ICT,True,48.0,True,0,39.388961892247046,,,no_temporal_score_reference_pool
23-43054,SIRET:22490001900015,RAW_SIRET,2023-04-07,2023-06-21,2027-06-21,2026-07-13,72,72268,DIGITAL_ICT,True,48.0,True,0,39.19185282522996,,,no_temporal_score_reference_pool
23-58292,NAME:nantes metropole,NAME_FALLBACK,2023-04-29,2023-04-29,2027-04-29,2026-07-13,72,72267,DIGITAL_ICT,True,48.0,True,0,38.469119579500656,,,no_temporal_score_reference_pool
23-53208,SIRET:21440074900013,RAW_SIRET,2023-04-19,2023-04-19,2027-04-19,2026-07-13,72,72250,DIGITAL_ICT,True,48.0,True,0,38.797634691195796,,,no_temporal_score_reference_pool
23-50647,NAME:clisson sevre et maine agglo,NAME_FALLBACK,2023-04-16,2023-07-27,2025-07-27,2026-07-13,30,30000,DIGITAL_ICT,True,24.0,True,0,38.89618922470434,,,no_temporal_score_reference_pool
23-65880,SIRET:18440128900022,RAW_SIRET,2023-05-15,2023-05-15,2027-05-15,2026-07-13,72,72212,DIGITAL_ICT,True,48.0,True,0,37.943495400788436,,,no_temporal_score_reference_pool
23-65926,SIRET:21440184600016,RAW_SIRET,2023-05-15,2023-09-26,2027-09-26,2026-07-13,48,48600,DIGITAL_ICT,True,48.0,True,0,37.943495400788436,,,no_temporal_score_reference_pool
23-69310,SIRET:23440003400026,RAW_SIRET,2023-05-22,2024-01-05,2028-01-05,2026-07-13,72,72210,DIGITAL_ICT,True,48.0,True,0,37.71353482260184,,,no_temporal_score_reference_pool
23-73010,SIRET:24490088200097,RAW_SIRET,2023-05-30,2023-10-19,2027-10-19,2026-07-13,72,72500,DIGITAL_ICT,True,48.0,True,0,37.450722733245726,,,no_temporal_score_reference_pool
23-59845,SIRET:13002974700016,RAW_SIRET,2023-05-02,2023-10-03,2027-10-03,2026-07-13,48,48000,DIGITAL_ICT,True,48.0,True,0,38.370565045992116,,,no_temporal_score_reference_pool
23-60788,SIRET:24440040400129,RAW_SIRET,2023-05-04,2023-05-04,2027-05-04,2026-07-13,72,72267,DIGITAL_ICT,True,48.0,True,0,38.30486202365309,,,no_temporal_score_reference_pool
23-61473,NAME:ministere des affaires etrangeres,NAME_FALLBACK,2023-05-06,2023-11-30,2027-11-30,2026-07-13,72,72267,DIGITAL_ICT,True,48.0,True,0,38.23915900131406,,,no_temporal_score_reference_pool
23-63743,SIRET:23440003400026,RAW_SIRET,2023-05-12,2023-05-12,2027-05-12,2026-07-13,72,72000,DIGITAL_ICT,True,48.0,True,0,38.042049934296976,,,no_temporal_score_reference_pool
23-69565,SIRET:26720016000013,RAW_SIRET,2023-05-23,2023-05-23,2027-05-23,2026-07-13,72,72400,DIGITAL_ICT,True,48.0,True,0,37.680683311432325,,,no_temporal_score_reference_pool
23-61217,NAME:ctre hosp universitaire angers,NAME_FALLBACK,2023-05-06,2023-05-06,2027-05-06,2026-07-13,72,72413,DIGITAL_ICT,True,48.0,True,0,38.23915900131406,,,no_temporal_score_reference_pool
23-62267,NAME:sdis49,NAME_FALLBACK,2023-05-07,2023-05-07,2026-05-07,2026-07-13,32,32323,DIGITAL_ICT,True,36.0,True,0,38.206307490144546,,,no_temporal_score_reference_pool
23-65504,NAME:chu de nantes,NAME_FALLBACK,2023-05-14,2023-05-14,2027-05-14,2026-07-13,72,72210,DIGITAL_ICT,True,48.0,True,0,37.97634691195795,,,no_temporal_score_reference_pool
23-66268,SIRET:20005359300014,RAW_SIRET,2023-05-17,2023-09-07,2026-09-07,2026-07-13,32,32323,DIGITAL_ICT,True,36.0,True,0,37.877792378449406,,,no_temporal_score_reference_pool
23-68037,SIRET:24440061000055,RAW_SIRET,2023-05-19,2023-08-06,2025-08-06,2026-07-13,30,30200,DIGITAL_ICT,True,24.0,True,0,37.812089356110384,,,no_temporal_score_reference_pool
23-70292,NAME:vendee eau,NAME_FALLBACK,2023-05-24,2023-05-24,2023-11-24,2026-07-13,,,DIGITAL_ICT,True,6.0,True,0,37.647831800262814,,,no_temporal_score_reference_pool
23-63313,NAME:cci pays de la loire,NAME_FALLBACK,2023-05-12,2023-05-12,2025-05-12,2026-07-13,30,30200,DIGITAL_ICT,True,24.0,True,0,38.042049934296976,,,no_temporal_score_reference_pool
23-66104,SIRET:22530001100015,RAW_SIRET,2023-05-17,2023-09-23,2027-09-23,2026-07-13,72,72267,DIGITAL_ICT,True,48.0,True,0,37.877792378449406,,,no_temporal_score_reference_pool
23-65423,SIRET:39172288100052,RAW_SIRET,2023-05-12,2023-05-12,2027-05-12,2026-07-13,72,72415,DIGITAL_ICT,True,48.0,True,0,38.042049934296976,,,no_temporal_score_reference_pool
23-66550,NAME:universite de nantes,NAME_FALLBACK,2023-05-18,2023-09-06,2025-09-06,2026-07-13,30,30121,DIGITAL_ICT,True,24.0,True,0,37.844940867279895,,,no_temporal_score_reference_pool
23-70584,SIRET:24440064400013,RAW_SIRET,2023-05-24,2023-09-07,2027-09-07,2026-07-13,48,48160,DIGITAL_ICT,True,48.0,True,0,37.647831800262814,,,no_temporal_score_reference_pool
23-61810,SIRET:26530023600014,RAW_SIRET,2023-05-05,2023-10-18,2027-10-18,2026-07-13,72,72150,DIGITAL_ICT,True,48.0,True,0,38.272010512483575,,,no_temporal_score_reference_pool
23-63763,SIRET:23440003400026,RAW_SIRET,2023-05-12,2023-05-12,2027-05-12,2026-07-13,72,72000,DIGITAL_ICT,True,48.0,True,0,38.042049934296976,,,no_temporal_score_reference_pool
23-65866,SIRET:53961650800021,RAW_SIRET,2023-05-15,2023-10-10,2025-10-10,2026-07-13,30,30200,DIGITAL_ICT,True,24.0,True,0,37.943495400788436,,,no_temporal_score_reference_pool
23-69649,NAME:vendee eau,NAME_FALLBACK,2023-05-23,2023-05-23,2023-11-23,2026-07-13,,,DIGITAL_ICT,True,6.0,True,1,0.0328515111695138,23-70292,0.5324315440924252,no_temporal_score_reference_pool
23-83727,NAME:territoire energie loire atlantique,NAME_FALLBACK,2023-06-19,2023-09-20,2026-09-20,2026-07-13,32,32523,DIGITAL_ICT,True,36.0,True,0,36.793692509855454,,,no_temporal_score_reference_pool
23-82058,SIRET:24440040400129,RAW_SIRET,2023-06-23,2023-06-23,2027-06-23,2026-07-13,79,79111,DIGITAL_ICT,True,48.0,True,0,36.662286465177395,,,no_temporal_score_reference_pool
23-90092,NAME:chd vendee,NAME_FALLBACK,2023-06-28,2023-06-28,2023-12-28,2026-07-13,,,DIGITAL_ICT,True,6.0,True,1,0.0328515111695138,23-90557,0.5866666666666664,no_temporal_score_reference_pool
23-89659,NAME:universite gustave eiffel,NAME_FALLBACK,2023-06-30,2023-06-30,2027-06-30,2026-07-13,48,48461,DIGITAL_ICT,True,48.0,True,0,36.4323258869908,,,no_temporal_score_reference_pool
23-78413,SIRET:24440040400129,RAW_SIRET,2023-06-10,2023-06-10,2027-06-10,2026-07-13,48,48920,DIGITAL_ICT,True,48.0,True,0,37.089356110381075,,,no_temporal_score_reference_pool
23-81527,SIRET:28720026500018,RAW_SIRET,2023-06-15,2023-06-15,2027-06-15,2026-07-13,48,48700,DIGITAL_ICT,True,48.0,True,0,36.925098554533506,,,no_temporal_score_reference_pool
23-75958,SIRET:31468496000045,RAW_SIRET,2023-06-05,2023-06-05,2027-06-05,2026-07-13,72,72500,DIGITAL_ICT,True,48.0,True,0,37.253613666228645,,,no_temporal_score_reference_pool
23-87983,SIRET:22850001300658,RAW_SIRET,2023-06-25,2023-06-25,2026-06-25,2026-07-13,32,32420,DIGITAL_ICT,True,36.0,True,0,36.59658344283837,,,no_temporal_score_reference_pool
23-90619,SIRET:26850242400016,RAW_SIRET,2023-06-29,2023-06-29,2024-02-29,2026-07-13,42,42612,DIGITAL_ICT,True,8.0,True,0,36.465177398160314,,,no_temporal_score_reference_pool
23-83529,SIRET:21720181300011,RAW_SIRET,2023-06-18,2023-06-18,2026-06-18,2026-07-13,32,32353,DIGITAL_ICT,True,36.0,True,0,36.826544021024965,,,no_temporal_score_reference_pool
23-85576,SIRET:26530023600014,RAW_SIRET,2023-06-20,2023-11-21,2027-11-21,2026-07-13,72,72212,DIGITAL_ICT,True,48.0,True,0,36.76084099868594,,,no_temporal_score_reference_pool
23-74653,NAME:semitan,NAME_FALLBACK,2023-06-03,2023-11-04,2027-11-04,2026-07-13,72,72212,DIGITAL_ICT,True,48.0,True,0,37.319316688567675,,,no_temporal_score_reference_pool
23-73693,SIRET:23440003400026,RAW_SIRET,2023-06-02,2023-10-11,2027-10-11,2026-07-13,72,72221,DIGITAL_ICT,True,48.0,True,0,37.352168199737186,,,no_temporal_score_reference_pool
23-74379,NAME:semitan,NAME_FALLBACK,2023-06-03,2023-06-03,2027-06-03,2026-07-13,72,72212,DIGITAL_ICT,True,48.0,True,0,37.319316688567675,,,no_temporal_score_reference_pool
23-86585,SIRET:20007190000019,RAW_SIRET,2023-06-22,2023-06-22,2026-06-22,2026-07-13,32,32000,DIGITAL_ICT,True,36.0,True,0,36.69513797634691,,,no_temporal_score_reference_pool
23-90557,NAME:chd vendee,NAME_FALLBACK,2023-06-29,2023-06-29,2024-02-29,2026-07-13,42,42612,DIGITAL_ICT,True,8.0,True,0,36.465177398160314,,,no_temporal_score_reference_pool
23-89292,SIRET:18004301001485,RAW_SIRET,2023-06-29,2023-06-29,2027-06-29,2026-07-13,72,72212,DIGITAL_ICT,True,48.0,True,0,36.465177398160314,,,no_temporal_score_reference_pool
23-76010,NAME:nantes metropole,NAME_FALLBACK,2023-06-07,2023-06-07,2027-06-07,2026-07-13,79,79512,DIGITAL_ICT,True,48.0,True,0,37.187910643889616,,,no_temporal_score_reference_pool
23-81892,SIRET:23350001600040,RAW_SIRET,2023-06-14,2023-06-14,2027-06-14,2026-07-13,72,72212,DIGITAL_ICT,True,48.0,True,0,36.957950065703024,,,no_temporal_score_reference_pool
23-85344,NAME:universite gustave eiffel,NAME_FALLBACK,2023-06-23,2023-06-23,2026-06-23,2026-07-13,32,32232,DIGITAL_ICT,True,36.0,True,0,36.662286465177395,,,no_temporal_score_reference_pool
23-85790,NAME:universite gustave eiffel,NAME_FALLBACK,2023-06-23,2023-06-23,2026-06-23,2026-07-13,32,32232,DIGITAL_ICT,True,36.0,True,0,36.662286465177395,,,no_temporal_score_reference_pool
23-72834,SIRET:27490003400019,RAW_SIRET,2023-06-01,2023-10-15,2027-10-15,2026-07-13,72,72500,DIGITAL_ICT,True,48.0,True,0,37.385019710906704,,,no_temporal_score_reference_pool
23-73840,NAME:dir ouest,NAME_FALLBACK,2023-06-02,2023-12-20,2027-12-20,2026-07-13,72,72000,DIGITAL_ICT,True,48.0,True,0,37.352168199737186,,,no_temporal_score_reference_pool
23-75513,NAME:unicancer achats,NAME_FALLBACK,2023-06-04,2023-06-04,2027-06-04,2026-07-13,72,72611,DIGITAL_ICT,True,48.0,True,0,37.28646517739816,,,no_temporal_score_reference_pool
23-76444,SIRET:22440002800011,RAW_SIRET,2023-06-05,2023-06-05,2026-06-05,2026-07-13,71,71241,DIGITAL_ICT,True,36.0,True,0,37.253613666228645,,,no_temporal_score_reference_pool
23-91696,NAME:gpm de nantes - st nazaire,NAME_FALLBACK,2023-07-02,2023-07-02,2027-07-02,2026-07-13,72,72241,DIGITAL_ICT,True,48.0,True,0,36.366622864651774,,,no_temporal_score_reference_pool
23-106340,SIRET:25850022200033,RAW_SIRET,2023-07-25,2023-12-29,2025-12-29,2026-07-13,30,30200,DIGITAL_ICT,True,24.0,True,0,35.611038107752954,,,no_temporal_score_reference_pool
23-106736,NAME:gcs e-sante pays de la loire,NAME_FALLBACK,2023-07-28,2023-07-28,2027-07-28,2026-07-13,72,72212,DIGITAL_ICT,True,48.0,True,0,35.51248357424441,,,no_temporal_score_reference_pool
23-96447,SIRET:21850191400317,RAW_SIRET,2023-07-07,2023-10-27,2025-10-27,2026-07-13,30,30237,DIGITAL_ICT,True,24.0,True,0,36.202365308804204,,,no_temporal_score_reference_pool
23-98718,SIRET:23440003400026,RAW_SIRET,2023-07-14,2023-07-14,2027-07-14,2026-07-13,72,72500,DIGITAL_ICT,True,48.0,True,0,35.97240473061761,,,no_temporal_score_reference_pool
23-98812,SIRET:23440003400026,RAW_SIRET,2023-07-14,2023-07-14,2024-08-14,2026-07-13,92,92400,DIGITAL_ICT,True,13.0,True,0,35.97240473061761,,,no_temporal_score_reference_pool
23-103126,NAME:ubs,NAME_FALLBACK,2023-07-19,2023-07-19,2024-01-19,2026-07-13,,,DIGITAL_ICT,True,6.0,True,0,35.80814717477004,,,no_temporal_score_reference_pool
23-103740,SIRET:13003051300019,RAW_SIRET,2023-07-20,2023-07-20,2024-03-20,2026-07-13,42,42612,DIGITAL_ICT,True,8.0,True,0,35.775295663600524,,,no_temporal_score_reference_pool
23-102666,NAME:dirisi,NAME_FALLBACK,2023-07-21,2023-12-09,2027-12-09,2026-07-13,72,72000,DIGITAL_ICT,True,48.0,True,0,35.74244415243101,,,no_temporal_score_reference_pool
23-106776,SIRET:22490001900015,RAW_SIRET,2023-07-27,2023-07-27,2027-07-27,2026-07-13,48,48311,DIGITAL_ICT,True,48.0,True,0,35.54533508541393,,,no_temporal_score_reference_pool
23-96123,NAME:ctre hosp universitaire angers,NAME_FALLBACK,2023-07-09,2023-07-09,2027-07-09,2026-07-13,35,35113,DIGITAL_ICT,True,48.0,True,0,36.136662286465175,,,no_temporal_score_reference_pool
23-102275,NAME:sdis49,NAME_FALLBACK,2023-07-20,2023-07-20,2027-07-20,2026-07-13,35,35110,DIGITAL_ICT,True,48.0,True,0,35.775295663600524,,,no_temporal_score_reference_pool
23-104062,SIRET:23440003400026,RAW_SIRET,2023-07-23,2023-07-23,2026-07-23,2026-07-13,32,32321,DIGITAL_ICT,True,36.0,True,1,31.865965834428383,26-28296,0.32079544951224936,no_temporal_score_reference_pool
23-105797,NAME:ch le mans,NAME_FALLBACK,2023-07-27,2023-11-17,2027-11-17,2026-07-13,72,72413,DIGITAL_ICT,True,48.0,True,0,35.54533508541393,,,no_temporal_score_reference_pool
23-107376,SIRET:21440190300155,RAW_SIRET,2023-07-27,2023-11-29,2027-11-29,2026-07-13,35,35111,DIGITAL_ICT,True,48.0,True,0,35.54533508541393,,,no_temporal_score_reference_pool
23-108318,SIRET:24490001500011,RAW_SIRET,2023-07-28,2023-07-28,2027-07-28,2026-07-13,72,72500,DIGITAL_ICT,True,48.0,True,0,35.51248357424441,,,no_temporal_score_reference_pool
23-98097,SIRET:20007190000019,RAW_SIRET,2023-07-11,2023-07-11,2027-07-11,2026-07-13,48,48822,DIGITAL_ICT,True,48.0,True,0,36.07095926412615,,,no_temporal_score_reference_pool
23-101767,SIRET:24850062100011,RAW_SIRET,2023-07-20,2023-07-20,2027-07-20,2026-07-13,72,72212,DIGITAL_ICT,True,48.0,True,0,35.775295663600524,,,no_temporal_score_reference_pool
23-93422,NAME:ville de nantes,NAME_FALLBACK,2023-07-06,2023-07-06,2027-07-06,2026-07-13,79,79415,DIGITAL_ICT,True,48.0,True,0,36.23521681997372,,,no_temporal_score_reference_pool
23-94696,SIRET:19440029700025,RAW_SIRET,2023-07-06,2023-07-06,2024-03-06,2026-07-13,42,42612,DIGITAL_ICT,True,8.0,True,0,36.23521681997372,,,no_temporal_score_reference_pool
23-99733,NAME:sdis49,NAME_FALLBACK,2023-07-15,2023-11-29,2026-11-29,2026-07-13,32,32230,DIGITAL_ICT,True,36.0,True,0,35.939553219448094,,,no_temporal_score_reference_pool
23-104721,NAME:chu de nantes,NAME_FALLBACK,2023-07-21,2023-07-21,2024-01-21,2026-07-13,,,DIGITAL_ICT,True,6.0,True,0,35.74244415243101,,,no_temporal_score_reference_pool
23-93496,SIRET:24720013200014,RAW_SIRET,2023-07-06,2024-01-06,2028-01-06,2026-07-13,72,72260,DIGITAL_ICT,True,48.0,True,0,36.23521681997372,,,no_temporal_score_reference_pool
23-94478,NAME:conseil regional des pays de la loire,NAME_FALLBACK,2023-07-07,2024-01-10,2028-01-10,2026-07-13,35,35113,DIGITAL_ICT,True,48.0,True,0,36.202365308804204,,,no_temporal_score_reference_pool
23-108368,SIRET:25720243200015,RAW_SIRET,2023-07-30,2023-07-30,2026-07-30,2026-07-13,71,71241,DIGITAL_ICT,True,36.0,True,0,35.44678055190539,,,no_temporal_score_reference_pool
23-98709,NAME:ubs,NAME_FALLBACK,2023-07-14,2023-07-14,2026-07-14,2026-07-13,32,32321,DIGITAL_ICT,True,36.0,True,0,35.97240473061761,,,no_temporal_score_reference_pool
23-102643,NAME:nantes metropole,NAME_FALLBACK,2023-07-22,2023-07-22,2027-07-22,2026-07-13,72,72415,DIGITAL_ICT,True,48.0,True,0,35.7095926412615,,,no_temporal_score_reference_pool
23-108546,SIRET:20004248900019,RAW_SIRET,2023-07-28,2023-07-28,2027-07-28,2026-07-13,72,72316,DIGITAL_ICT,True,48.0,True,0,35.51248357424441,,,no_temporal_score_reference_pool
23-108336,NAME:dsi de pole emploi,NAME_FALLBACK,2023-07-30,2023-07-30,2027-07-30,2026-07-13,72,72000,DIGITAL_ICT,True,48.0,True,0,35.44678055190539,,,no_temporal_score_reference_pool
23-96611,SIRET:77560485300041,RAW_SIRET,2023-07-07,2023-07-07,2027-07-07,2026-07-13,72,72246,DIGITAL_ICT,True,48.0,True,0,36.202365308804204,,,no_temporal_score_reference_pool
23-91361,NAME:territoire energie loire atlantique,NAME_FALLBACK,2023-07-08,2023-12-08,2027-12-08,2026-07-13,72,72000,DIGITAL_ICT,True,48.0,True,0,36.16951379763469,,,no_temporal_score_reference_pool
23-99938,SIRET:39172288100052,RAW_SIRET,2023-07-13,2023-07-13,2027-07-13,2026-07-13,72,72267,DIGITAL_ICT,True,48.0,True,0,36.00525624178712,,,no_temporal_score_reference_pool
23-92003,SIRET:83095506800044,RAW_SIRET,2023-07-02,2023-09-17,2027-09-17,2026-07-13,72,72413,DIGITAL_ICT,True,48.0,True,0,36.366622864651774,,,no_temporal_score_reference_pool
23-91904,NAME:metropole nantes metropole,NAME_FALLBACK,2023-07-07,2023-07-07,2026-07-07,2026-07-13,50,50312,DIGITAL_ICT,True,36.0,True,0,36.202365308804204,,,no_temporal_score_reference_pool
23-96562,NAME:groupement d interet public arronax,NAME_FALLBACK,2023-07-07,2023-07-07,2024-01-07,2026-07-13,,,DIGITAL_ICT,True,6.0,True,0,36.202365308804204,,,no_temporal_score_reference_pool
23-90833,SIRET:22530001100015,RAW_SIRET,2023-07-01,2023-09-23,2027-09-23,2026-07-13,72,72267,DIGITAL_ICT,True,48.0,True,0,36.399474375821285,,,no_temporal_score_reference_pool
23-97779,SIRET:20007187600011,RAW_SIRET,2023-07-13,2023-07-13,2025-07-13,2026-07-13,30,30000,DIGITAL_ICT,True,24.0,True,0,36.00525624178712,,,no_temporal_score_reference_pool
23-101411,SIRET:77560485300041,RAW_SIRET,2023-07-17,2023-07-17,2027-07-17,2026-07-13,72,72212,DIGITAL_ICT,True,48.0,True,0,35.873850197109064,,,no_temporal_score_reference_pool
23-101593,NAME:semitan,NAME_FALLBACK,2023-07-20,2023-07-20,2027-07-20,2026-07-13,48,48000,DIGITAL_ICT,True,48.0,True,0,35.775295663600524,,,no_temporal_score_reference_pool
23-110154,SIRET:21440184600016,RAW_SIRET,2023-08-02,2023-08-02,2026-08-02,2026-07-13,32,32342,DIGITAL_ICT,True,36.0,True,0,35.34822601839684,,,no_temporal_score_reference_pool
23-117420,SIRET:24720013200014,RAW_SIRET,2023-08-24,2023-08-24,2027-08-24,2026-07-13,48,48820,DIGITAL_ICT,True,48.0,True,0,34.62549277266754,,,no_temporal_score_reference_pool
23-120616,SIRET:24440045300035,RAW_SIRET,2023-08-29,2023-12-20,2027-12-20,2026-07-13,48,48000,DIGITAL_ICT,True,48.0,True,0,34.46123521681997,,,no_temporal_score_reference_pool
23-115723,NAME:gie sesam vitale,NAME_FALLBACK,2023-08-19,2024-01-14,2028-01-14,2026-07-13,72,72600,DIGITAL_ICT,True,48.0,True,0,34.78975032851511,,,no_temporal_score_reference_pool
23-118676,SIRET:20006947400019,RAW_SIRET,2023-08-24,2023-08-24,2024-08-24,2026-07-13,45,45112,DIGITAL_ICT,True,12.0,True,0,34.62549277266754,,,no_temporal_score_reference_pool
23-120222,SIRET:24720013200014,RAW_SIRET,2023-08-31,2023-10-01,2027-10-01,2026-07-13,72,72600,DIGITAL_ICT,True,48.0,True,0,34.39553219448094,,,no_temporal_score_reference_pool
23-109005,SIRET:79924570900016,RAW_SIRET,2023-08-01,2023-08-01,2027-08-01,2026-07-13,48,48000,DIGITAL_ICT,True,48.0,True,0,35.38107752956636,,,no_temporal_score_reference_pool
23-114119,NAME:ville des sables d olonne,NAME_FALLBACK,2023-08-12,2023-08-12,2026-02-12,2026-07-13,66,66515,DIGITAL_ICT,True,30.0,True,0,35.01971090670171,,,no_temporal_score_reference_pool
23-117051,SIRET:18000501900047,RAW_SIRET,2023-08-23,2023-11-19,2027-11-19,2026-07-13,72,72514,DIGITAL_ICT,True,48.0,True,0,34.65834428383705,,,no_temporal_score_reference_pool
23-109930,SIRET:79924570900016,RAW_SIRET,2023-08-01,2023-08-01,2026-08-01,2026-07-13,32,32323,DIGITAL_ICT,True,36.0,True,0,35.38107752956636,,,no_temporal_score_reference_pool
23-113446,SIRET:24440064400013,RAW_SIRET,2023-08-11,2023-11-09,2027-11-09,2026-07-13,48,48161,DIGITAL_ICT,True,48.0,True,0,35.05256241787122,,,no_temporal_score_reference_pool
23-114065,NAME:ca les sables d olonne agglomeration,NAME_FALLBACK,2023-08-12,2023-08-12,2026-02-12,2026-07-13,66,66515,DIGITAL_ICT,True,30.0,True,0,35.01971090670171,,,no_temporal_score_reference_pool
23-117688,NAME:sdis 44,NAME_FALLBACK,2023-08-24,2023-12-16,2027-12-16,2026-07-13,35,35113,DIGITAL_ICT,True,48.0,True,0,34.62549277266754,,,no_temporal_score_reference_pool
23-118784,SIRET:21440162200011,RAW_SIRET,2023-08-24,2023-08-24,2027-08-24,2026-07-13,72,72250,DIGITAL_ICT,True,48.0,True,0,34.62549277266754,,,no_temporal_score_reference_pool
23-120120,NAME:ville de la roche sur yon,NAME_FALLBACK,2023-08-29,2023-08-29,2024-02-29,2026-07-13,,,DIGITAL_ICT,True,6.0,True,0,34.46123521681997,,,no_temporal_score_reference_pool
23-111566,NAME:museum national d histoire naturelle,NAME_FALLBACK,2023-08-06,2023-08-06,2024-08-06,2026-07-13,45,45213,DIGITAL_ICT,True,12.0,True,0,35.21681997371879,,,no_temporal_score_reference_pool
23-125744,NAME:st gilles croix de vie agglomeration,NAME_FALLBACK,2023-09-08,2023-09-08,2024-03-08,2026-07-13,,,DIGITAL_ICT,True,6.0,True,1,0.3942181340341655,23-130844,0.5665170373288191,no_temporal_score_reference_pool
23-130386,SIRET:21440109300015,RAW_SIRET,2023-09-20,2023-09-20,2026-09-20,2026-07-13,32,32540,DIGITAL_ICT,True,36.0,True,0,33.73850197109067,,,no_temporal_score_reference_pool
23-134735,SIRET:23440003400026,RAW_SIRET,2023-09-29,2023-09-29,2027-09-29,2026-07-13,72,72000,DIGITAL_ICT,True,48.0,True,0,33.44283837056505,,,no_temporal_score_reference_pool
23-124271,NAME:eple renan,NAME_FALLBACK,2023-09-08,2023-09-08,2025-09-08,2026-07-13,30,30192,DIGITAL_ICT,True,24.0,True,0,34.13272010512483,,,no_temporal_score_reference_pool
23-128913,NAME:prefecture 85,NAME_FALLBACK,2023-09-17,2023-09-17,2027-09-17,2026-07-13,72,72512,DIGITAL_ICT,True,48.0,True,0,33.83705650459921,,,no_temporal_score_reference_pool
23-129683,NAME:sdis49,NAME_FALLBACK,2023-09-18,2023-09-18,2024-03-18,2026-07-13,,,DIGITAL_ICT,True,6.0,True,1,0.164257555847569,23-132683,0.5866666666666667,no_temporal_score_reference_pool
23-130718,SIRET:21440184600016,RAW_SIRET,2023-09-22,2023-09-22,2027-09-22,2026-07-13,48,48611,DIGITAL_ICT,True,48.0,True,0,33.67279894875164,,,no_temporal_score_reference_pool
23-132683,NAME:sdis49,NAME_FALLBACK,2023-09-23,2023-09-23,2024-03-23,2026-07-13,,,DIGITAL_ICT,True,6.0,True,0,33.63994743758213,,,no_temporal_score_reference_pool
23-125766,NAME:nantes metropole,NAME_FALLBACK,2023-09-24,2023-09-24,2027-09-24,2026-07-13,48,48000,DIGITAL_ICT,True,48.0,True,0,33.60709592641261,,,no_temporal_score_reference_pool
23-130844,NAME:st gilles croix de vie agglomeration,NAME_FALLBACK,2023-09-20,2023-09-20,2024-03-20,2026-07-13,,,DIGITAL_ICT,True,6.0,True,0,33.73850197109067,,,no_temporal_score_reference_pool
23-127328,NAME:territoire energie loire atlantique,NAME_FALLBACK,2023-09-17,2023-12-08,2027-12-08,2026-07-13,72,72512,DIGITAL_ICT,True,48.0,True,0,33.83705650459921,,,no_temporal_score_reference_pool
23-125681,SIRET:21350051500019,RAW_SIRET,2023-09-10,2024-01-10,2027-01-10,2026-07-13,32,32323,DIGITAL_ICT,True,36.0,True,0,34.06701708278581,,,no_temporal_score_reference_pool
23-133104,SIRET:00718051600135,RAW_SIRET,2023-09-25,2023-09-25,2026-09-25,2026-07-13,32,32232,DIGITAL_ICT,True,36.0,True,0,33.5742444152431,,,no_temporal_score_reference_pool
23-135203,SIRET:79002001000019,RAW_SIRET,2023-09-28,2023-09-28,2027-09-28,2026-07-13,72,72322,DIGITAL_ICT,True,48.0,True,0,33.47568988173456,,,no_temporal_score_reference_pool
23-132830,NAME:nantes metropole,NAME_FALLBACK,2023-09-29,2023-09-29,2027-09-29,2026-07-13,48,48000,DIGITAL_ICT,True,48.0,True,0,33.44283837056505,,,no_temporal_score_reference_pool
23-124057,NAME:departement de maine-et-loire,NAME_FALLBACK,2023-09-29,2023-09-29,2024-03-29,2026-07-13,,,DIGITAL_ICT,True,6.0,True,0,33.44283837056505,,,no_temporal_score_reference_pool
23-122162,SIRET:50519064500018,RAW_SIRET,2023-09-03,2023-09-03,2026-09-03,2026-07-13,32,32321,DIGITAL_ICT,True,36.0,True,0,34.2969776609724,,,no_temporal_score_reference_pool
23-131022,SIRET:17440430100015,RAW_SIRET,2023-09-20,2023-09-20,2027-09-20,2026-07-13,48,48921,DIGITAL_ICT,True,48.0,True,0,33.73850197109067,,,no_temporal_score_reference_pool
23-131760,SIRET:22440002800011,RAW_SIRET,2023-09-21,2023-09-21,2027-09-21,2026-07-13,79,79600,DIGITAL_ICT,True,48.0,True,0,33.70565045992116,,,no_temporal_score_reference_pool
23-133151,NAME:syndicat bassin versant de grand lieu,NAME_FALLBACK,2023-09-25,2023-09-25,2024-03-25,2026-07-13,,,DIGITAL_ICT,True,6.0,True,0,33.5742444152431,,,no_temporal_score_reference_pool
23-144744,SIRET:24440040400129,RAW_SIRET,2023-10-17,2023-10-17,2027-10-17,2026-07-13,48,48761,DIGITAL_ICT,True,48.0,True,0,32.8515111695138,,,no_temporal_score_reference_pool
23-149615,NAME:centre hospitalier de laval 53,NAME_FALLBACK,2023-10-24,2024-04-17,2024-10-17,2026-07-13,,,DIGITAL_ICT,True,6.0,True,0,32.6215505913272,,,no_temporal_score_reference_pool
23-150941,SIRET:26530023600014,RAW_SIRET,2023-10-26,2024-01-25,2028-01-25,2026-07-13,35,35111,DIGITAL_ICT,True,48.0,True,0,32.55584756898817,,,no_temporal_score_reference_pool
23-148858,NAME:gcs e-sante pays de la loire,NAME_FALLBACK,2023-10-25,2023-10-25,2027-10-25,2026-07-13,72,72212,DIGITAL_ICT,True,48.0,True,0,32.58869908015769,,,no_temporal_score_reference_pool
23-108932,SIRET:79924570900016,RAW_SIRET,2023-10-01,2023-11-29,2026-11-29,2026-07-13,32,32570,DIGITAL_ICT,True,36.0,True,0,33.37713534822602,,,no_temporal_score_reference_pool
23-137663,SIRET:22720002900014,RAW_SIRET,2023-10-05,2023-10-05,2025-10-05,2026-07-13,30,30230,DIGITAL_ICT,True,24.0,True,0,33.24572930354796,,,no_temporal_score_reference_pool
23-139415,SIRET:25610222900018,RAW_SIRET,2023-10-06,2023-10-06,2024-10-06,2026-07-13,45,45112,DIGITAL_ICT,True,12.0,True,0,33.21287779237845,,,no_temporal_score_reference_pool
23-139799,SIRET:25440253000029,RAW_SIRET,2023-10-06,2023-10-06,2026-10-06,2026-07-13,32,32523,DIGITAL_ICT,True,36.0,True,0,33.21287779237845,,,no_temporal_score_reference_pool
23-140453,NAME:conseil regional des pays de la loire,NAME_FALLBACK,2023-10-11,2023-10-11,2025-10-11,2026-07-13,30,30121,DIGITAL_ICT,True,24.0,True,0,33.04862023653088,,,no_temporal_score_reference_pool
23-144302,SIRET:24440061000055,RAW_SIRET,2023-10-18,2024-01-11,2026-01-11,2026-07-13,30,30200,DIGITAL_ICT,True,24.0,True,0,32.81865965834428,,,no_temporal_score_reference_pool
23-137583,SIRET:25440109400068,RAW_SIRET,2023-10-03,2023-10-03,2026-10-03,2026-07-13,50,50312,DIGITAL_ICT,True,36.0,True,0,33.31143232588699,,,no_temporal_score_reference_pool
23-139196,NAME:ville de laval,NAME_FALLBACK,2023-10-08,2023-10-08,2025-10-08,2026-07-13,30,30192,DIGITAL_ICT,True,24.0,True,0,33.14717477003942,,,no_temporal_score_reference_pool
23-140591,SIRET:13001855900018,RAW_SIRET,2023-10-11,2023-12-06,2026-12-06,2026-07-13,71,71316,DIGITAL_ICT,True,36.0,True,0,33.04862023653088,,,no_temporal_score_reference_pool
23-143770,SIRET:24440061000055,RAW_SIRET,2023-10-15,2024-01-11,2028-01-11,2026-07-13,48,48900,DIGITAL_ICT,True,48.0,True,0,32.91721419185283,,,no_temporal_score_reference_pool
23-149641,SIRET:31468496000045,RAW_SIRET,2023-10-24,2023-10-24,2027-10-24,2026-07-13,48,48218,DIGITAL_ICT,True,48.0,True,0,32.6215505913272,,,no_temporal_score_reference_pool
23-144303,NAME:nantes metropole,NAME_FALLBACK,2023-10-20,2023-10-20,2027-10-20,2026-07-13,72,72000,DIGITAL_ICT,True,48.0,True,0,32.75295663600526,,,no_temporal_score_reference_pool
23-139972,SIRET:22720002900014,RAW_SIRET,2023-10-06,2023-10-06,2027-10-06,2026-07-13,72,72224,DIGITAL_ICT,True,48.0,True,0,33.21287779237845,,,no_temporal_score_reference_pool
23-150115,SIRET:21850222700018,RAW_SIRET,2023-10-25,2023-10-25,2024-10-25,2026-07-13,45,45210,DIGITAL_ICT,True,12.0,True,0,32.58869908015769,,,no_temporal_score_reference_pool
23-137061,SIRET:21440043400012,RAW_SIRET,2023-10-03,2023-10-03,2026-10-03,2026-07-13,32,32342,DIGITAL_ICT,True,36.0,True,0,33.31143232588699,,,no_temporal_score_reference_pool
23-144516,NAME:nantes metropole,NAME_FALLBACK,2023-10-18,2023-10-18,2027-10-18,2026-07-13,79,79111,DIGITAL_ICT,True,48.0,True,0,32.81865965834428,,,no_temporal_score_reference_pool
23-140699,NAME:3rd anjou,NAME_FALLBACK,2023-10-15,2023-10-15,2026-10-15,2026-07-13,50,50312,DIGITAL_ICT,True,36.0,True,0,32.91721419185283,,,no_temporal_score_reference_pool
23-145268,SIRET:24440040400129,RAW_SIRET,2023-10-17,2023-10-17,2024-10-17,2026-07-13,45,45421,DIGITAL_ICT,True,12.0,True,1,16.26149802890933,25-20873,0.19173886820818012,no_temporal_score_reference_pool
23-149508,NAME:epmp,NAME_FALLBACK,2023-10-26,2023-12-24,2027-12-24,2026-07-13,72,72212,DIGITAL_ICT,True,48.0,True,0,32.55584756898817,,,no_temporal_score_reference_pool
23-138104,NAME:communaute d agglomeration du niortais,NAME_FALLBACK,2023-10-06,2023-12-28,2027-12-28,2026-07-13,48,48822,DIGITAL_ICT,True,48.0,True,0,33.21287779237845,,,no_temporal_score_reference_pool
23-143373,SIRET:52411092100037,RAW_SIRET,2023-10-13,2023-10-13,2025-10-13,2026-07-13,30,30200,DIGITAL_ICT,True,24.0,True,0,32.98291721419185,,,no_temporal_score_reference_pool
23-160919,SIRET:26720016000013,RAW_SIRET,2023-11-16,2023-11-16,2027-11-16,2026-07-13,72,72000,DIGITAL_ICT,True,48.0,True,0,31.865965834428383,,,no_temporal_score_reference_pool
23-163865,NAME:centre de gestion fpt loire-atlantique,NAME_FALLBACK,2023-11-22,2023-11-22,2024-05-22,2026-07-13,,,DIGITAL_ICT,True,6.0,True,0,31.668856767411302,,,no_temporal_score_reference_pool
23-153863,SIRET:20006763500132,RAW_SIRET,2023-11-02,2023-11-02,2027-11-02,2026-07-13,72,72500,DIGITAL_ICT,True,48.0,True,0,32.32588699080158,,,no_temporal_score_reference_pool
23-154026,SIRET:24720013200014,RAW_SIRET,2023-11-04,2023-11-04,2027-11-04,2026-07-13,72,72600,DIGITAL_ICT,True,48.0,True,0,32.26018396846255,,,no_temporal_score_reference_pool
23-155345,SIRET:26530023600014,RAW_SIRET,2023-11-06,2024-03-25,2025-03-25,2026-07-13,45,45421,DIGITAL_ICT,True,12.0,True,0,32.19448094612352,,,no_temporal_score_reference_pool
23-153499,NAME:conseil general d ille-et-vilaine,NAME_FALLBACK,2023-11-02,2023-11-02,2024-05-02,2026-07-13,,,DIGITAL_ICT,True,6.0,True,0,32.32588699080158,,,no_temporal_score_reference_pool
23-159292,NAME:l institut agro,NAME_FALLBACK,2023-11-16,2023-11-16,2025-11-16,2026-07-13,30,30237,DIGITAL_ICT,True,24.0,True,0,31.865965834428383,,,no_temporal_score_reference_pool
23-160148,SIRET:23440003400026,RAW_SIRET,2023-11-17,2023-11-17,2027-11-17,2026-07-13,72,72260,DIGITAL_ICT,True,48.0,True,0,31.83311432325887,,,no_temporal_score_reference_pool
23-164333,SIRET:20006947400019,RAW_SIRET,2023-11-23,2023-11-23,2025-11-23,2026-07-13,30,30200,DIGITAL_ICT,True,24.0,True,0,31.636005256241788,,,no_temporal_score_reference_pool
23-166646,SIRET:22440002800011,RAW_SIRET,2023-11-29,2023-11-29,2027-11-29,2026-07-13,72,72227,DIGITAL_ICT,True,48.0,True,0,31.438896189224703,,,no_temporal_score_reference_pool
23-163699,SIRET:22440002800011,RAW_SIRET,2023-11-22,2023-11-22,2027-11-22,2026-07-13,72,72420,DIGITAL_ICT,True,48.0,True,0,31.668856767411302,,,no_temporal_score_reference_pool
23-164555,SIRET:79754898900020,RAW_SIRET,2023-11-23,2023-11-23,2024-11-23,2026-07-13,45,45210,DIGITAL_ICT,True,12.0,True,0,31.636005256241788,,,no_temporal_score_reference_pool
23-166952,NAME:centre communal d action sociale,NAME_FALLBACK,2023-11-29,2023-11-29,2024-05-29,2026-07-13,,,DIGITAL_ICT,True,6.0,True,0,31.438896189224703,,,no_temporal_score_reference_pool
23-164280,NAME:societe d equipement de la touraine,NAME_FALLBACK,2023-11-25,2023-11-25,2024-11-25,2026-07-13,45,45300,DIGITAL_ICT,True,12.0,True,0,31.57030223390276,,,no_temporal_score_reference_pool
23-165825,NAME:cte de cnes chateaubriant-derval,NAME_FALLBACK,2023-11-29,2023-11-29,2024-05-29,2026-07-13,22,22110,DIGITAL_ICT,True,6.0,True,0,31.438896189224703,,,no_temporal_score_reference_pool
23-159358,NAME:ville d orvault,NAME_FALLBACK,2023-11-16,2023-11-16,2025-11-16,2026-07-13,30,30120,DIGITAL_ICT,True,24.0,True,0,31.865965834428383,,,no_temporal_score_reference_pool
23-161829,NAME:e-collectivites vendee,NAME_FALLBACK,2023-11-19,2023-11-19,2027-11-19,2026-07-13,72,72268,DIGITAL_ICT,True,48.0,True,0,31.767411300919843,,,no_temporal_score_reference_pool
23-163953,SIRET:20005042500012,RAW_SIRET,2023-11-22,2023-11-22,2027-11-22,2026-07-13,72,72416,DIGITAL_ICT,True,48.0,True,0,31.668856767411302,,,no_temporal_score_reference_pool
23-165823,SIRET:21350051500019,RAW_SIRET,2023-11-27,2023-11-27,2027-11-27,2026-07-13,48,48900,DIGITAL_ICT,True,48.0,True,0,31.504599211563733,,,no_temporal_score_reference_pool
23-169082,SIRET:24720013200014,RAW_SIRET,2023-12-07,2023-12-07,2027-12-07,2026-07-13,72,72314,DIGITAL_ICT,True,48.0,True,0,31.176084099868593,,,no_temporal_score_reference_pool
23-176813,NAME:nantes metropole,NAME_FALLBACK,2023-12-20,2023-12-20,2026-12-20,2026-07-13,32,32321,DIGITAL_ICT,True,36.0,True,0,30.749014454664916,,,no_temporal_score_reference_pool
23-180715,SIRET:24530035500030,RAW_SIRET,2023-12-30,2023-12-30,2027-12-30,2026-07-13,48,48800,DIGITAL_ICT,True,48.0,True,0,30.420499342969777,,,no_temporal_score_reference_pool
23-174001,SIRET:53961650800021,RAW_SIRET,2023-12-14,2023-12-14,2027-12-14,2026-07-13,72,72243,DIGITAL_ICT,True,48.0,True,0,30.946123521681997,,,no_temporal_score_reference_pool
23-163465,NAME:cariforef,NAME_FALLBACK,2023-12-16,2023-12-16,2027-12-16,2026-07-13,72,72500,DIGITAL_ICT,True,48.0,True,0,30.88042049934297,,,no_temporal_score_reference_pool
23-175562,SIRET:24440040400129,RAW_SIRET,2023-12-22,2023-12-22,2027-12-22,2026-07-13,79,79530,DIGITAL_ICT,True,48.0,True,0,30.683311432325887,,,no_temporal_score_reference_pool
23-174244,NAME:sdis 44,NAME_FALLBACK,2023-12-16,2023-12-16,2025-12-16,2026-07-13,30,30230,DIGITAL_ICT,True,24.0,True,0,30.88042049934297,,,no_temporal_score_reference_pool
23-171468,SIRET:21440162200011,RAW_SIRET,2023-12-08,2023-12-08,2027-12-08,2026-07-13,72,72400,DIGITAL_ICT,True,48.0,True,0,31.14323258869908,,,no_temporal_score_reference_pool
23-174149,SIRET:23440003400026,RAW_SIRET,2023-12-16,2023-12-16,2027-12-16,2026-07-13,72,72260,DIGITAL_ICT,True,48.0,True,0,30.88042049934297,,,no_temporal_score_reference_pool
23-178440,SIRET:19691861900012,RAW_SIRET,2023-12-21,2023-12-21,2027-12-21,2026-07-13,48,48000,DIGITAL_ICT,True,48.0,True,0,30.7161629434954,,,no_temporal_score_reference_pool
23-180779,SIRET:22530001100015,RAW_SIRET,2023-12-28,2023-12-28,2026-12-28,2026-07-13,32,32322,DIGITAL_ICT,True,36.0,True,0,30.486202365308806,,,no_temporal_score_reference_pool
23-167185,NAME:acoss,NAME_FALLBACK,2023-12-02,2023-12-02,2026-12-02,2026-07-13,50,50750,DIGITAL_ICT,True,36.0,True,0,31.340341655716163,,,no_temporal_score_reference_pool
23-168941,NAME:ch le mans,NAME_FALLBACK,2023-12-06,2023-12-15,2027-12-15,2026-07-13,72,72000,DIGITAL_ICT,True,48.0,True,0,31.208935611038108,,,no_temporal_score_reference_pool
23-159290,NAME:angers loire metropole,NAME_FALLBACK,2023-12-02,2023-12-02,2027-12-02,2026-07-13,35,35261,DIGITAL_ICT,True,48.0,True,0,31.340341655716163,,,no_temporal_score_reference_pool
23-169673,NAME:nantes metropole,NAME_FALLBACK,2023-12-08,2023-12-08,2024-06-08,2026-07-13,,,DIGITAL_ICT,True,6.0,True,0,31.14323258869908,,,no_temporal_score_reference_pool
23-174453,SIRET:20007326000016,RAW_SIRET,2023-12-15,2023-12-15,2025-12-15,2026-07-13,30,30200,DIGITAL_ICT,True,24.0,True,0,30.913272010512483,,,no_temporal_score_reference_pool
23-174031,NAME:semitan,NAME_FALLBACK,2023-12-16,2023-12-16,2027-12-16,2026-07-13,72,72212,DIGITAL_ICT,True,48.0,True,0,30.88042049934297,,,no_temporal_score_reference_pool
23-179864,SIRET:50519064500018,RAW_SIRET,2023-12-26,2023-12-26,2026-12-26,2026-07-13,32,32342,DIGITAL_ICT,True,36.0,True,0,30.55190538764783,,,no_temporal_score_reference_pool
23-174764,SIRET:22440002800011,RAW_SIRET,2023-12-15,2023-12-15,2027-12-15,2026-07-13,72,72267,DIGITAL_ICT,True,48.0,True,0,30.913272010512483,,,no_temporal_score_reference_pool
23-178040,SIRET:20004131700013,RAW_SIRET,2023-12-21,2023-12-21,2026-12-21,2026-07-13,71,71354,DIGITAL_ICT,True,36.0,True,0,30.7161629434954,,,no_temporal_score_reference_pool
23-180915,NAME:oph habitat drouais,NAME_FALLBACK,2023-12-29,2023-12-29,2026-12-29,2026-07-13,50,50324,DIGITAL_ICT,True,36.0,True,0,30.45335085413929,,,no_temporal_score_reference_pool
23-171265,NAME:sce departemental incendie et secours,NAME_FALLBACK,2023-12-08,2024-03-12,2025-03-12,2026-07-13,45,45311,DIGITAL_ICT,True,12.0,True,0,31.14323258869908,,,no_temporal_score_reference_pool
23-175390,SIRET:21850222700018,RAW_SIRET,2023-12-18,2023-12-18,2024-12-18,2026-07-13,45,45210,DIGITAL_ICT,True,12.0,True,0,30.814717477003942,,,no_temporal_score_reference_pool
23-175855,SIRET:48825683500023,RAW_SIRET,2023-12-20,2023-12-20,2026-12-20,2026-07-13,71,71351,DIGITAL_ICT,True,36.0,True,0,30.749014454664916,,,no_temporal_score_reference_pool
23-168051,SIRET:22530001100015,RAW_SIRET,2023-12-01,2023-12-01,2027-12-01,2026-07-13,72,72212,DIGITAL_ICT,True,48.0,True,0,31.373193166885677,,,no_temporal_score_reference_pool
24-5187,NAME:ville d ombree d anjou 49,NAME_FALLBACK,2024-01-16,2024-01-16,2025-01-16,2026-07-13,45,45112,DIGITAL_ICT,True,12.0,True,0,29.86202365308804,,,no_temporal_score_reference_pool
24-10209,NAME:semitan,NAME_FALLBACK,2024-01-29,2024-01-29,2027-01-29,2026-07-13,72,72212,DIGITAL_ICT,True,36.0,False,0,29.43495400788436,,,no_temporal_score_reference_pool
24-10367,NAME:mairie de reze,NAME_FALLBACK,2024-01-29,2024-01-29,2025-01-29,2026-07-13,48,48900,DIGITAL_ICT,True,12.0,False,0,29.43495400788436,,,no_temporal_score_reference_pool
24-3636,SIRET:24490001500045,RAW_SIRET,2024-01-10,2024-01-10,2028-01-10,2026-07-13,48,48921,DIGITAL_ICT,True,48.0,True,0,30.059132720105126,,,no_temporal_score_reference_pool
24-6718,NAME:service public local,NAME_FALLBACK,2024-01-22,2024-01-22,2028-01-22,2026-07-13,72,72260,DIGITAL_ICT,True,48.0,False,0,29.66491458607096,,,no_temporal_score_reference_pool
24-3414,SIRET:80259603100012,RAW_SIRET,2024-01-11,2024-01-11,2028-01-11,2026-07-13,72,72600,DIGITAL_ICT,True,48.0,True,0,30.02628120893561,,,no_temporal_score_reference_pool
24-7715,NAME:ville de saint-herblain,NAME_FALLBACK,2024-01-23,2024-01-23,2028-01-23,2026-07-13,72,72250,DIGITAL_ICT,True,48.0,False,0,29.632063074901446,,,no_temporal_score_reference_pool
24-9080,NAME:ville des sables d olonne,NAME_FALLBACK,2024-01-26,2024-01-26,2024-05-26,2026-07-13,32,32354,DIGITAL_ICT,True,4.0,False,0,29.533508541392905,,,no_temporal_score_reference_pool
24-1266,SIRET:20008323600014,RAW_SIRET,2024-01-04,2024-01-04,2028-01-04,2026-07-13,72,72253,DIGITAL_ICT,True,48.0,True,0,30.256241787122207,,,no_temporal_score_reference_pool
24-10697,NAME:mairie,NAME_FALLBACK,2024-01-30,2024-01-30,2028-01-30,2026-07-13,72,72400,DIGITAL_ICT,True,48.0,False,0,29.40210249671485,,,no_temporal_score_reference_pool
24-5775,NAME:ville de saint-herblain,NAME_FALLBACK,2024-01-18,2024-01-18,2026-01-18,2026-07-13,79,79311,DIGITAL_ICT,True,24.0,False,0,29.796320630749015,,,no_temporal_score_reference_pool
24-6675,NAME:cnfpt - delegation pays de la loire,NAME_FALLBACK,2024-01-19,2024-01-19,2028-01-19,2026-07-13,80,80530,DIGITAL_ICT,True,48.0,False,0,29.7634691195795,,,no_temporal_score_reference_pool
24-16910,NAME:departement de la vendee,NAME_FALLBACK,2024-02-09,2024-05-24,2028-05-24,2026-07-13,72,72212,DIGITAL_ICT,True,48.0,False,0,29.07358738501971,,,no_temporal_score_reference_pool
24-12133,SIRET:17440005100010,RAW_SIRET,2024-02-02,2024-02-02,2024-05-02,2026-07-13,,,DIGITAL_ICT,True,3.0,False,1,1.8396846254927728,24-36876,0.27266089097223434,no_temporal_score_reference_pool
24-21384,NAME:mairie de noirmoutier en l ile,NAME_FALLBACK,2024-02-20,2024-02-20,2024-05-20,2026-07-13,72,72300,DIGITAL_ICT,True,3.0,False,0,28.71222076215506,,,no_temporal_score_reference_pool
24-21719,SIRET:20008776100015,RAW_SIRET,2024-02-22,2024-02-22,2024-06-22,2026-07-13,,,DIGITAL_ICT,True,4.0,False,0,28.64651773981603,,,no_temporal_score_reference_pool
24-14906,NAME:conseil departemental de la mayenne,NAME_FALLBACK,2024-02-06,2024-02-06,2028-02-06,2026-07-13,32,32322,DIGITAL_ICT,True,48.0,False,0,29.17214191852825,,,no_temporal_score_reference_pool
24-17454,SIRET:13002928300012,RAW_SIRET,2024-02-14,2024-06-04,2024-12-04,2026-07-13,,,DIGITAL_ICT,True,6.0,True,0,28.90932982917214,,,no_temporal_score_reference_pool
24-13163,SIRET:22440002800011,RAW_SIRET,2024-02-04,2024-09-28,2025-03-28,2026-07-13,,,DIGITAL_ICT,True,6.0,False,0,29.23784494086728,,,no_temporal_score_reference_pool
24-14769,SIRET:22440002800011,RAW_SIRET,2024-02-07,2024-09-28,2025-03-28,2026-07-13,,,DIGITAL_ICT,True,6.0,False,0,29.13929040735874,,,no_temporal_score_reference_pool
24-16545,NAME:grand port maritime de nantes saint-nazaire,NAME_FALLBACK,2024-02-09,2024-02-09,2028-02-09,2026-07-13,48,48450,DIGITAL_ICT,True,48.0,True,0,29.07358738501971,,,no_temporal_score_reference_pool
24-14341,NAME:conseil departemental loire atlantique,NAME_FALLBACK,2024-02-05,2024-02-05,2025-02-05,2026-07-13,79,79512,DIGITAL_ICT,True,12.0,False,0,29.204993429697765,,,no_temporal_score_reference_pool
24-15317,NAME:syndicat mixte interregional mission val de loire,NAME_FALLBACK,2024-02-07,2024-02-07,2024-08-07,2026-07-13,,,DIGITAL_ICT,True,6.0,True,0,29.13929040735874,,,no_temporal_score_reference_pool
24-24412,NAME:centre hospitalier de laval 53,NAME_FALLBACK,2024-02-27,2024-02-27,2027-02-27,2026-07-13,32,32000,DIGITAL_ICT,True,36.0,True,0,28.482260183968464,,,no_temporal_score_reference_pool
24-23826,NAME:ville d orvault,NAME_FALLBACK,2024-02-26,2024-02-26,2027-02-26,2026-07-13,45,45421,DIGITAL_ICT,True,36.0,False,0,28.515111695137975,,,no_temporal_score_reference_pool
24-17661,NAME:inrae centre pays de la loire,NAME_FALLBACK,2024-02-13,2024-06-25,2028-06-25,2026-07-13,72,72415,DIGITAL_ICT,True,48.0,False,0,28.942181340341655,,,no_temporal_score_reference_pool
24-14092,NAME:semitan,NAME_FALLBACK,2024-02-05,2024-02-05,2026-02-05,2026-07-13,72,72250,DIGITAL_ICT,True,24.0,False,1,18.889618922470437,25-97524,0.24269019242801348,no_temporal_score_reference_pool
24-21851,NAME:pouvoir adjudicateur,NAME_FALLBACK,2024-02-21,2024-02-21,2028-02-21,2026-07-13,48,48481,DIGITAL_ICT,True,48.0,True,0,28.679369250985545,,,no_temporal_score_reference_pool
24-24144,NAME:communaute de communes sud vendee littoral,NAME_FALLBACK,2024-02-27,2024-02-27,2028-02-27,2026-07-13,48,48900,DIGITAL_ICT,True,48.0,False,0,28.482260183968464,,,no_temporal_score_reference_pool
24-27664,NAME:caisse d allocations familiales de loire-atlantique 22 rue de malville 44937 nantes cedex 9,NAME_FALLBACK,2024-03-06,2024-06-12,2025-06-12,2026-07-13,,,DIGITAL_ICT,True,12.0,False,0,28.219448094612353,,,no_temporal_score_reference_pool
24-30502,NAME:traitement des dechets,NAME_FALLBACK,2024-03-13,2024-03-13,2027-03-13,2026-07-13,90,90711,DIGITAL_ICT,True,36.0,False,0,27.989487516425754,,,no_temporal_score_reference_pool
24-36876,SIRET:17440005100010,RAW_SIRET,2024-03-29,2024-07-10,2024-10-10,2026-07-13,,,DIGITAL_ICT,True,3.0,False,1,12.253613666228643,25-38470,0.18941741743606383,no_temporal_score_reference_pool
24-37718,NAME:commune de coulaines,NAME_FALLBACK,2024-03-29,2024-03-29,2028-03-29,2026-07-13,30,30230,DIGITAL_ICT,True,48.0,False,0,27.463863337713533,,,no_temporal_score_reference_pool
24-28797,NAME:universite d angers,NAME_FALLBACK,2024-03-08,2024-05-31,2025-05-31,2026-07-13,42,42632,DIGITAL_ICT,True,12.0,False,0,28.153745072273324,,,no_temporal_score_reference_pool
24-37419,SIRET:21440143200015,RAW_SIRET,2024-03-30,2024-03-30,2024-09-30,2026-07-13,,,DIGITAL_ICT,True,6.0,True,0,27.431011826544022,,,no_temporal_score_reference_pool
24-33909,SIRET:20005433600017,RAW_SIRET,2024-03-22,2024-07-19,2025-01-19,2026-07-13,,,DIGITAL_ICT,True,6.0,True,0,27.693823915900133,,,no_temporal_score_reference_pool
24-29281,SIRET:17350111500864,RAW_SIRET,2024-03-12,2024-07-25,2024-11-25,2026-07-13,,,DIGITAL_ICT,True,4.0,False,0,28.02233902759527,,,no_temporal_score_reference_pool
24-31691,NAME:nantes metropole,NAME_FALLBACK,2024-03-15,2024-03-15,2028-03-15,2026-07-13,72,72212,DIGITAL_ICT,True,48.0,True,0,27.92378449408673,,,no_temporal_score_reference_pool
24-36186,SIRET:21440143200015,RAW_SIRET,2024-03-28,2024-03-28,2024-09-28,2026-07-13,,,DIGITAL_ICT,True,6.0,True,1,0.0657030223390276,24-37419,0.6399999999999999,no_temporal_score_reference_pool
24-28889,NAME:syndicat d eau de l anjou 49,NAME_FALLBACK,2024-03-08,2024-03-08,2028-03-08,2026-07-13,48,48000,DIGITAL_ICT,True,48.0,False,0,28.153745072273324,,,no_temporal_score_reference_pool
24-29089,SIRET:17440005100010,RAW_SIRET,2024-03-12,2024-07-11,2024-11-11,2026-07-13,,,DIGITAL_ICT,True,4.0,False,0,28.02233902759527,,,no_temporal_score_reference_pool
24-29106,NAME:commune d avrille,NAME_FALLBACK,2024-03-11,2024-03-11,2025-03-11,2026-07-13,72,72413,DIGITAL_ICT,True,12.0,False,0,28.055190538764784,,,no_temporal_score_reference_pool
24-29651,NAME:service des ressources numeriques,NAME_FALLBACK,2024-03-12,2024-03-12,2028-03-12,2026-07-13,79,79111,DIGITAL_ICT,True,48.0,False,0,28.02233902759527,,,no_temporal_score_reference_pool
24-30786,NAME:communaute d agglomeration du niortais,NAME_FALLBACK,2024-03-14,2024-03-14,2028-03-14,2026-07-13,72,72250,DIGITAL_ICT,True,48.0,False,0,27.956636005256243,,,no_temporal_score_reference_pool
24-34987,NAME:nantes metropole,NAME_FALLBACK,2024-03-22,2024-03-22,2028-03-22,2026-07-13,48,48000,DIGITAL_ICT,True,48.0,True,0,27.693823915900133,,,no_temporal_score_reference_pool
24-35294,NAME:ministere de l economie des finances et de la souverainete industrielle et numerique secretariat general service des achats des finances - sous-direction de la gestion financiere et des achats bureau des achats mutualises de l administration centrale,NAME_FALLBACK,2024-03-25,2024-03-25,2028-03-25,2026-07-13,45,45311,DIGITAL_ICT,True,48.0,False,0,27.59526938239159,,,no_temporal_score_reference_pool
24-35694,SIRET:21440109300015,RAW_SIRET,2024-03-27,2024-03-27,2024-09-27,2026-07-13,,,DIGITAL_ICT,True,6.0,True,0,27.529566360052563,,,no_temporal_score_reference_pool
24-41504,NAME:commune de loire-authion 49,NAME_FALLBACK,2024-04-09,2024-04-09,2024-08-09,2026-07-13,,,DIGITAL_ICT,True,4.0,False,0,27.102496714848883,,,no_temporal_score_reference_pool
24-39769,NAME:mairie de saint-herblain,NAME_FALLBACK,2024-04-04,2024-04-04,2028-04-04,2026-07-13,72,72400,DIGITAL_ICT,True,48.0,False,0,27.266754270696453,,,no_temporal_score_reference_pool
24-49175,NAME:podeliha,NAME_FALLBACK,2024-04-25,2024-04-25,2028-04-25,2026-07-13,48,48931,DIGITAL_ICT,True,48.0,False,0,26.576872536136662,,,no_temporal_score_reference_pool
24-47243,NAME:departement de la sarthe,NAME_FALLBACK,2024-04-19,2024-04-19,2027-04-19,2026-07-13,50,50800,DIGITAL_ICT,True,36.0,False,0,26.773981603153747,,,no_temporal_score_reference_pool
24-47715,NAME:departement de la vendee,NAME_FALLBACK,2024-04-22,2025-03-19,2029-03-19,2026-07-13,72,72251,DIGITAL_ICT,True,48.0,False,0,26.675427069645202,,,no_temporal_score_reference_pool
24-41497,SIRET:13002068800011,RAW_SIRET,2024-04-10,2024-09-13,2025-01-13,2026-07-13,,,DIGITAL_ICT,True,4.0,False,0,27.069645203679368,,,no_temporal_score_reference_pool
24-43365,SIRET:24720013200014,RAW_SIRET,2024-04-14,2024-10-04,2025-02-04,2026-07-13,,,DIGITAL_ICT,True,4.0,False,0,26.938239159001313,,,no_temporal_score_reference_pool
24-46266,SIRET:26720016000013,RAW_SIRET,2024-04-19,2025-02-02,2025-08-02,2026-07-13,,,DIGITAL_ICT,True,6.0,False,0,26.773981603153747,,,no_temporal_score_reference_pool
24-38859,NAME:chambre d agriculture de region pays de la loire,NAME_FALLBACK,2024-04-03,2024-04-03,2028-04-03,2026-07-13,72,72212,DIGITAL_ICT,True,48.0,True,0,27.299605781865967,,,no_temporal_score_reference_pool
24-39718,NAME:nantes metropole,NAME_FALLBACK,2024-04-04,2024-04-04,2028-04-04,2026-07-13,72,72200,DIGITAL_ICT,True,48.0,False,0,27.266754270696453,,,no_temporal_score_reference_pool
24-50448,SIRET:20006542300010,RAW_SIRET,2024-04-28,2024-04-28,2024-08-28,2026-07-13,,,DIGITAL_ICT,True,4.0,False,0,26.47831800262812,,,no_temporal_score_reference_pool
24-41081,SIRET:20007023300016,RAW_SIRET,2024-04-10,2024-04-10,2024-09-10,2026-07-13,,,DIGITAL_ICT,True,5.0,False,0,27.069645203679368,,,no_temporal_score_reference_pool
24-38551,NAME:chu de nantes,NAME_FALLBACK,2024-04-02,2024-04-02,2025-04-02,2026-07-13,72,72267,DIGITAL_ICT,True,12.0,False,0,27.33245729303548,,,no_temporal_score_reference_pool
24-49936,NAME:ville de lucon 85,NAME_FALLBACK,2024-04-26,2024-06-21,2028-06-21,2026-07-13,72,72150,DIGITAL_ICT,True,48.0,True,0,26.544021024967147,,,no_temporal_score_reference_pool
24-40455,NAME:centre culturel de rencontre d ambronay,NAME_FALLBACK,2024-04-05,2024-04-05,2028-04-05,2026-07-13,72,72252,DIGITAL_ICT,True,48.0,True,0,27.233902759526938,,,no_temporal_score_reference_pool
24-45430,NAME:le mans metropole,NAME_FALLBACK,2024-04-17,2024-12-27,2025-12-27,2026-07-13,72,72268,DIGITAL_ICT,True,12.0,False,1,21.12352168199737,26-6827,0.2597180275954076,no_temporal_score_reference_pool
24-46149,NAME:chu angers etablissement support du groupement hospitalier de territoire de maine et loire,NAME_FALLBACK,2024-04-19,2024-10-08,2025-02-08,2026-07-13,,,DIGITAL_ICT,True,4.0,False,0,26.773981603153747,,,no_temporal_score_reference_pool
24-38617,NAME:syndicat departemental d energie et d equipement de la vendee 85,NAME_FALLBACK,2024-04-02,2024-04-02,2026-04-02,2026-07-13,72,72212,DIGITAL_ICT,True,24.0,False,0,27.33245729303548,,,no_temporal_score_reference_pool
24-42667,SIRET:24490001500011,RAW_SIRET,2024-04-12,2024-04-12,2024-08-12,2026-07-13,,,DIGITAL_ICT,True,4.0,False,0,27.003942181340342,,,no_temporal_score_reference_pool
24-44276,NAME:universite gustave eiffel,NAME_FALLBACK,2024-04-15,2024-04-15,2028-04-15,2026-07-13,35,35125,DIGITAL_ICT,True,48.0,True,0,26.9053876478318,,,no_temporal_score_reference_pool
24-46423,NAME:cte de cnes du pays d ancenis,NAME_FALLBACK,2024-04-18,2024-06-27,2026-12-27,2026-07-13,66,66510,DIGITAL_ICT,True,30.0,False,0,26.806833114323258,,,no_temporal_score_reference_pool
24-46742,SIRET:22490001900015,RAW_SIRET,2024-04-21,2024-04-21,2024-08-21,2026-07-13,,,DIGITAL_ICT,True,4.0,False,0,26.708278580814717,,,no_temporal_score_reference_pool
24-48331,SIRET:17440005100010,RAW_SIRET,2024-04-25,2024-10-12,2025-04-12,2026-07-13,,,DIGITAL_ICT,True,6.0,False,1,10.611038107752956,25-28646,0.223098000844992,no_temporal_score_reference_pool
24-54167,SIRET:26720016000013,RAW_SIRET,2024-05-08,2025-02-02,2025-08-02,2026-07-13,,,DIGITAL_ICT,True,6.0,False,0,26.149802890932982,,,no_temporal_score_reference_pool
24-61004,NAME:chu angers etablissement support du groupement hospitalier de territoire de maine et loire,NAME_FALLBACK,2024-05-28,2024-10-02,2025-02-02,2026-07-13,,,DIGITAL_ICT,True,4.0,False,0,25.492772667542706,,,no_temporal_score_reference_pool
24-51482,NAME:chu angers etablissement support du groupement hospitalier de territoire de maine et loire,NAME_FALLBACK,2024-05-02,2024-10-02,2025-02-02,2026-07-13,,,DIGITAL_ICT,True,4.0,False,0,26.346911957950066,,,no_temporal_score_reference_pool
24-56091,NAME:ville de saint gilles croix de vie 85,NAME_FALLBACK,2024-05-14,2024-05-14,2025-01-14,2026-07-13,42,42416,DIGITAL_ICT,True,8.0,True,0,25.9526938239159,,,no_temporal_score_reference_pool
24-62548,SIRET:17350005900014,RAW_SIRET,2024-05-31,2024-05-31,2024-11-30,2026-07-13,,,DIGITAL_ICT,True,6.0,False,1,0.8869908015768725,24-74174,0.6399999999999999,no_temporal_score_reference_pool
24-61757,SIRET:17440005100010,RAW_SIRET,2024-05-30,2024-09-20,2025-01-20,2026-07-13,,,DIGITAL_ICT,True,4.0,False,1,10.808147174770038,25-46078,0.20413357170232363,no_temporal_score_reference_pool
24-53062,NAME:la roche sur yon agglomeration 85,NAME_FALLBACK,2024-05-03,2024-05-03,2026-05-03,2026-07-13,30,30230,DIGITAL_ICT,True,24.0,False,0,26.31406044678055,,,no_temporal_score_reference_pool
24-55286,NAME:ville de bouguenais,NAME_FALLBACK,2024-05-13,2024-07-26,2028-07-26,2026-07-13,48,48730,DIGITAL_ICT,True,48.0,False,0,25.985545335085416,,,no_temporal_score_reference_pool
24-55627,SIRET:24720013200014,RAW_SIRET,2024-05-15,2024-10-04,2025-02-04,2026-07-13,,,DIGITAL_ICT,True,4.0,False,0,25.919842312746386,,,no_temporal_score_reference_pool
24-56081,NAME:conseil economique social et environnemental ceser des pays de la loire,NAME_FALLBACK,2024-05-14,2024-05-14,2028-05-14,2026-07-13,72,72000,DIGITAL_ICT,True,48.0,True,0,25.9526938239159,,,no_temporal_score_reference_pool
24-59713,NAME:ville de nantes,NAME_FALLBACK,2024-05-23,2024-05-23,2028-05-23,2026-07-13,72,72243,DIGITAL_ICT,True,48.0,True,0,25.657030223390276,,,no_temporal_score_reference_pool
24-58661,SIRET:92084215000012,RAW_SIRET,2024-05-23,2024-05-23,2024-11-23,2026-07-13,,,DIGITAL_ICT,True,6.0,True,0,25.657030223390276,,,no_temporal_score_reference_pool
24-51821,SIRET:18440128900022,RAW_SIRET,2024-05-02,2024-05-02,2024-11-02,2026-07-13,,,DIGITAL_ICT,True,6.0,True,1,7.391590013140604,24-139412,0.20636498232875478,no_temporal_score_reference_pool
24-54505,NAME:enseignement superieur et recherche,NAME_FALLBACK,2024-05-07,2024-05-07,2027-05-07,2026-07-13,32,32523,DIGITAL_ICT,True,36.0,True,0,26.182654402102497,,,no_temporal_score_reference_pool
24-56222,NAME:commune de precigne,NAME_FALLBACK,2024-05-14,2024-05-14,2027-05-14,2026-07-13,32,32333,DIGITAL_ICT,True,36.0,True,0,25.9526938239159,,,no_temporal_score_reference_pool
24-57634,SIRET:22220001600327,RAW_SIRET,2024-05-19,2024-05-19,2024-11-19,2026-07-13,,,DIGITAL_ICT,True,6.0,True,1,0.7555847568988173,24-67023,0.4409439271399524,no_temporal_score_reference_pool
24-58562,NAME:centre de gestion de la fonction publique territoriale de la vendee 85,NAME_FALLBACK,2024-05-21,2024-05-21,2025-05-21,2026-07-13,72,72246,DIGITAL_ICT,True,12.0,False,0,25.722733245729305,,,no_temporal_score_reference_pool
24-60252,SIRET:22440002800011,RAW_SIRET,2024-05-26,2024-05-26,2024-09-26,2026-07-13,,,DIGITAL_ICT,True,4.0,False,1,0.9198423127463864,24-72692,0.6400000000000001,no_temporal_score_reference_pool
24-57038,SIRET:22850001300658,RAW_SIRET,2024-05-17,2024-11-29,2025-03-29,2026-07-13,,,DIGITAL_ICT,True,4.0,False,0,25.85413929040736,,,no_temporal_score_reference_pool
24-57425,NAME:communaute lesneven cote des legendes,NAME_FALLBACK,2024-05-16,2024-05-16,2028-05-16,2026-07-13,72,72413,DIGITAL_ICT,True,48.0,True,0,25.88699080157687,,,no_temporal_score_reference_pool
24-57852,SIRET:17440005100010,RAW_SIRET,2024-05-19,2024-10-12,2025-04-12,2026-07-13,,,DIGITAL_ICT,True,6.0,False,1,9.822601839684625,25-28646,0.223098000844992,no_temporal_score_reference_pool
24-65111,SIRET:22440002800011,RAW_SIRET,2024-06-06,2024-10-02,2025-02-02,2026-07-13,,,DIGITAL_ICT,True,4.0,False,0,25.197109067017085,,,no_temporal_score_reference_pool
24-66226,NAME:chu angers etablissement support du groupement hospitalier de territoire de maine et loire,NAME_FALLBACK,2024-06-09,2025-01-09,2025-07-09,2026-07-13,,,DIGITAL_ICT,True,6.0,False,0,25.09855453350854,,,no_temporal_score_reference_pool
24-68355,NAME:angers loire metropole 49,NAME_FALLBACK,2024-06-12,2024-06-12,2027-06-12,2026-07-13,72,72310,DIGITAL_ICT,True,36.0,False,0,25.0,,,no_temporal_score_reference_pool
24-68461,SIRET:17750005500013,RAW_SIRET,2024-06-14,2024-06-14,2024-12-14,2026-07-13,,,DIGITAL_ICT,True,6.0,True,0,24.93429697766097,,,no_temporal_score_reference_pool
24-74022,SIRET:24720013200014,RAW_SIRET,2024-06-26,2025-02-14,2025-06-14,2026-07-13,,,DIGITAL_ICT,True,4.0,False,0,24.540078843626805,,,no_temporal_score_reference_pool
24-74968,NAME:commune d avrille,NAME_FALLBACK,2024-06-27,2024-06-27,2025-06-27,2026-07-13,72,72413,DIGITAL_ICT,True,12.0,False,0,24.507227332457294,,,no_temporal_score_reference_pool
24-73665,SIRET:24440040400129,RAW_SIRET,2024-06-26,2024-06-26,2024-11-26,2026-07-13,,,DIGITAL_ICT,True,5.0,False,1,0.5256241787122208,24-81519,0.6400000000000001,no_temporal_score_reference_pool
24-67295,NAME:departement de la vendee,NAME_FALLBACK,2024-06-10,2024-09-10,2026-09-10,2026-07-13,72,72212,DIGITAL_ICT,True,24.0,False,0,25.06570302233903,,,no_temporal_score_reference_pool
24-71416,NAME:ville de nantes et nantes metropole,NAME_FALLBACK,2024-06-19,2024-06-19,2028-06-19,2026-07-13,35,35815,DIGITAL_ICT,True,48.0,True,0,24.770039421813404,,,no_temporal_score_reference_pool
24-65481,NAME:redon agglomeration,NAME_FALLBACK,2024-06-05,2024-06-05,2026-06-05,2026-07-13,48,48620,DIGITAL_ICT,True,24.0,False,0,25.229960578186596,,,no_temporal_score_reference_pool
24-66059,SIRET:83095506800044,RAW_SIRET,2024-06-08,2024-06-08,2024-10-08,2026-07-13,,,DIGITAL_ICT,True,4.0,False,0,25.131406044678055,,,no_temporal_score_reference_pool
24-68807,NAME:chu angers etablissement support du groupement hospitalier de territoire de maine et loire,NAME_FALLBACK,2024-06-14,2024-10-02,2025-02-02,2026-07-13,,,DIGITAL_ICT,True,4.0,False,0,24.93429697766097,,,no_temporal_score_reference_pool
24-69165,SIRET:22850001300658,RAW_SIRET,2024-06-16,2024-11-29,2025-03-29,2026-07-13,,,DIGITAL_ICT,True,4.0,False,0,24.868593955321945,,,no_temporal_score_reference_pool
24-70590,NAME:office publique de la biodiversite,NAME_FALLBACK,2024-06-18,2024-06-18,2028-06-18,2026-07-13,72,72310,DIGITAL_ICT,True,48.0,True,0,24.802890932982915,,,no_temporal_score_reference_pool
24-66729,NAME:semitan,NAME_FALLBACK,2024-06-07,2024-06-07,2029-06-07,2026-07-13,72,72227,DIGITAL_ICT,True,60.0,False,0,25.16425755584757,,,no_temporal_score_reference_pool
24-74174,SIRET:17350005900014,RAW_SIRET,2024-06-27,2024-06-27,2024-12-27,2026-07-13,,,DIGITAL_ICT,True,6.0,False,0,24.507227332457294,,,no_temporal_score_reference_pool
24-74340,NAME:mairie de saint etienne de montluc,NAME_FALLBACK,2024-06-26,2024-06-26,2028-06-26,2026-07-13,72,72500,DIGITAL_ICT,True,48.0,False,0,24.540078843626805,,,no_temporal_score_reference_pool
24-74429,NAME:chu de nantes,NAME_FALLBACK,2024-06-26,2024-06-26,2025-06-26,2026-07-13,72,72261,DIGITAL_ICT,True,12.0,False,0,24.540078843626805,,,no_temporal_score_reference_pool
24-67770,NAME:chu de nantes,NAME_FALLBACK,2024-06-11,2024-06-11,2028-06-11,2026-07-13,72,72421,DIGITAL_ICT,True,48.0,True,0,25.032851511169515,,,no_temporal_score_reference_pool
24-70105,SIRET:22850001300658,RAW_SIRET,2024-06-18,2025-01-02,2025-05-02,2026-07-13,,,DIGITAL_ICT,True,4.0,False,0,24.802890932982915,,,no_temporal_score_reference_pool
24-67023,SIRET:22220001600327,RAW_SIRET,2024-06-11,2024-06-11,2024-12-11,2026-07-13,,,DIGITAL_ICT,True,6.0,True,0,25.032851511169515,,,no_temporal_score_reference_pool
24-71921,NAME:chu angers etablissement support du groupement hospitalier de territoire de maine et loire,NAME_FALLBACK,2024-06-21,2024-10-08,2025-02-08,2026-07-13,,,DIGITAL_ICT,True,4.0,False,0,24.704336399474375,,,no_temporal_score_reference_pool
24-75502,NAME:nantes metropole,NAME_FALLBACK,2024-06-27,2024-06-27,2028-06-27,2026-07-13,72,72227,DIGITAL_ICT,True,48.0,True,0,24.507227332457294,,,no_temporal_score_reference_pool
24-68064,NAME:securite sociale coordonnateur caf de maine-et-loire,NAME_FALLBACK,2024-06-12,2024-06-12,2025-06-12,2026-07-13,72,72250,DIGITAL_ICT,True,12.0,False,0,25.0,,,no_temporal_score_reference_pool
24-69922,SIRET:18440128900386,RAW_SIRET,2024-06-18,2024-06-18,2024-12-18,2026-07-13,,,DIGITAL_ICT,True,6.0,True,0,24.802890932982915,,,no_temporal_score_reference_pool
24-72692,SIRET:22440002800011,RAW_SIRET,2024-06-23,2024-06-23,2024-10-23,2026-07-13,,,DIGITAL_ICT,True,4.0,False,0,24.63863337713535,,,no_temporal_score_reference_pool
24-75543,NAME:c s t b,NAME_FALLBACK,2024-06-28,2024-06-28,2025-02-28,2026-07-13,45,45110,DIGITAL_ICT,True,8.0,False,0,24.47437582128778,,,no_temporal_score_reference_pool
24-81981,SIRET:23440003400026,RAW_SIRET,2024-07-13,2025-04-30,2025-08-30,2026-07-13,,,DIGITAL_ICT,True,4.0,False,0,23.981603153745073,,,no_temporal_score_reference_pool
24-77664,NAME:ville de carquefou,NAME_FALLBACK,2024-07-03,2024-07-03,2028-07-03,2026-07-13,35,35113,DIGITAL_ICT,True,48.0,False,0,24.31011826544021,,,no_temporal_score_reference_pool
24-78276,NAME:mairie de cordemais,NAME_FALLBACK,2024-07-04,2024-07-04,2028-07-04,2026-07-13,72,72500,DIGITAL_ICT,True,48.0,True,0,24.277266754270695,,,no_temporal_score_reference_pool
24-80969,SIRET:13002622200013,RAW_SIRET,2024-07-11,2024-11-28,2025-03-28,2026-07-13,,,DIGITAL_ICT,True,4.0,False,0,24.0473061760841,,,no_temporal_score_reference_pool
24-86017,NAME:institut public ocens,NAME_FALLBACK,2024-07-19,2024-07-19,2028-07-19,2026-07-13,72,72000,DIGITAL_ICT,True,48.0,True,0,23.78449408672799,,,no_temporal_score_reference_pool
24-83533,SIRET:21850128600015,RAW_SIRET,2024-07-17,2024-07-17,2024-11-17,2026-07-13,,,DIGITAL_ICT,True,4.0,False,1,8.5742444152431,25-37560,0.6400000000000001,no_temporal_score_reference_pool
24-81519,SIRET:24440040400129,RAW_SIRET,2024-07-12,2024-07-12,2024-12-12,2026-07-13,,,DIGITAL_ICT,True,5.0,False,1,9.85545335085414,25-51370,0.23089887348634514,no_temporal_score_reference_pool
24-83982,NAME:grand port maritime de nantes saint nazaire 18 quai ernest renaud nantes 44186,NAME_FALLBACK,2024-07-16,2024-07-16,2028-07-16,2026-07-13,72,72242,DIGITAL_ICT,True,48.0,True,0,23.88304862023653,,,no_temporal_score_reference_pool
24-80509,SIRET:49279054800019,RAW_SIRET,2024-07-10,2024-12-21,2025-06-21,2026-07-13,,,DIGITAL_ICT,True,6.0,False,0,24.080157687253614,,,no_temporal_score_reference_pool
24-81620,NAME:ville de saint sebastien sur loire,NAME_FALLBACK,2024-07-11,2024-09-24,2029-09-24,2026-07-13,72,72700,DIGITAL_ICT,True,60.0,False,0,24.0473061760841,,,no_temporal_score_reference_pool
24-80097,SIRET:19440100600011,RAW_SIRET,2024-07-10,2024-07-10,2025-01-10,2026-07-13,,,DIGITAL_ICT,True,6.0,True,0,24.080157687253614,,,no_temporal_score_reference_pool
24-82099,NAME:grand port maritime de nantes saint nazaire 18 quai ernest renaud nantes 44186,NAME_FALLBACK,2024-07-11,2024-07-11,2028-07-11,2026-07-13,72,72242,DIGITAL_ICT,True,48.0,True,0,24.0473061760841,,,no_temporal_score_reference_pool
24-90120,NAME:chambre de commerce et d industrie charente-maritime,NAME_FALLBACK,2024-07-30,2024-07-30,2027-07-30,2026-07-13,32,32424,DIGITAL_ICT,True,36.0,True,0,23.423127463863338,,,no_temporal_score_reference_pool
24-76658,SIRET:18004301001485,RAW_SIRET,2024-07-03,2024-07-03,2025-01-03,2026-07-13,,,DIGITAL_ICT,True,6.0,True,0,24.31011826544021,,,no_temporal_score_reference_pool
24-76881,SIRET:21440162200011,RAW_SIRET,2024-07-03,2024-11-23,2025-05-23,2026-07-13,,,DIGITAL_ICT,True,6.0,False,0,24.31011826544021,,,no_temporal_score_reference_pool
24-77946,SIRET:28440002500011,RAW_SIRET,2024-07-05,2025-01-05,2029-01-05,2026-07-13,,,DIGITAL_ICT,True,48.0,False,0,24.244415243101184,,,no_temporal_score_reference_pool
24-95642,NAME:france velo tourisme,NAME_FALLBACK,2024-08-19,2024-08-19,2028-08-19,2026-07-13,72,72000,DIGITAL_ICT,True,48.0,True,0,22.766097240473062,,,no_temporal_score_reference_pool
24-97797,NAME:conseil departemental loire atlantique,NAME_FALLBACK,2024-08-26,2024-08-26,2025-08-26,2026-07-13,80,80533,DIGITAL_ICT,True,12.0,False,0,22.536136662286467,,,no_temporal_score_reference_pool
24-95293,SIRET:11000201100044,RAW_SIRET,2024-08-18,2024-08-18,2025-02-18,2026-07-13,,,DIGITAL_ICT,True,6.0,True,0,22.798948751642577,,,no_temporal_score_reference_pool
24-98940,NAME:le mans metropole,NAME_FALLBACK,2024-08-29,2024-11-25,2028-11-25,2026-07-13,72,72413,DIGITAL_ICT,True,48.0,False,0,22.437582128777922,,,no_temporal_score_reference_pool
24-95066,SIRET:77811608700165,RAW_SIRET,2024-08-16,2024-12-01,2025-03-01,2026-07-13,,,DIGITAL_ICT,True,3.0,False,0,22.864651773981603,,,no_temporal_score_reference_pool
24-95874,NAME:sdis de la sarthe,NAME_FALLBACK,2024-08-20,2024-08-20,2027-08-20,2026-07-13,72,72250,DIGITAL_ICT,True,36.0,False,0,22.733245729303547,,,no_temporal_score_reference_pool
24-103305,NAME:syndicat d eau de l anjou 49,NAME_FALLBACK,2024-09-11,2024-09-11,2028-09-11,2026-07-13,48,48150,DIGITAL_ICT,True,48.0,False,0,22.010512483574246,,,no_temporal_score_reference_pool
24-107602,NAME:conseil departemental loire atlantique,NAME_FALLBACK,2024-09-24,2024-09-24,2025-03-24,2026-07-13,,,DIGITAL_ICT,True,6.0,False,1,0.7227332457293035,24-117088,0.5866666666666667,no_temporal_score_reference_pool
24-110230,SIRET:57585049000021,RAW_SIRET,2024-09-29,2025-07-09,2025-11-09,2026-07-13,,,DIGITAL_ICT,True,4.0,False,0,21.419185282522996,,,no_temporal_score_reference_pool
24-100737,NAME:semitan,NAME_FALLBACK,2024-09-04,2024-09-04,2026-09-04,2026-07-13,30,30233,DIGITAL_ICT,True,24.0,False,0,22.24047306176084,,,no_temporal_score_reference_pool
24-104536,NAME:conseil departemental loire atlantique,NAME_FALLBACK,2024-09-13,2024-09-13,2025-10-13,2026-07-13,92,92521,DIGITAL_ICT,True,13.0,False,0,21.944809461235216,,,no_temporal_score_reference_pool
24-104541,NAME:conseil departemental loire atlantique,NAME_FALLBACK,2024-09-15,2024-09-15,2025-03-15,2026-07-13,,,DIGITAL_ICT,True,6.0,False,1,1.0183968462549278,24-117088,0.5866666666666667,no_temporal_score_reference_pool
24-105167,NAME:conseil departemental de la mayenne,NAME_FALLBACK,2024-09-16,2024-09-16,2026-03-16,2026-07-13,39,39154,DIGITAL_ICT,True,18.0,False,0,21.846254927726676,,,no_temporal_score_reference_pool
24-106137,SIRET:17440005100010,RAW_SIRET,2024-09-20,2025-02-25,2025-08-25,2026-07-13,,,DIGITAL_ICT,True,6.0,False,1,5.5847568988173455,25-26250,0.24966294185057714,no_temporal_score_reference_pool
24-106601,NAME:grand port maritime de nantes saint nazaire,NAME_FALLBACK,2024-09-19,2024-09-19,2025-10-19,2026-07-13,92,92312,DIGITAL_ICT,True,13.0,True,0,21.747700394218136,,,no_temporal_score_reference_pool
24-99140,SIRET:22370001400010,RAW_SIRET,2024-09-01,2024-09-01,2025-01-01,2026-07-13,,,DIGITAL_ICT,True,4.0,False,0,22.339027595269382,,,no_temporal_score_reference_pool
24-99892,SIRET:13002622200013,RAW_SIRET,2024-09-04,2024-11-28,2025-03-28,2026-07-13,,,DIGITAL_ICT,True,4.0,False,0,22.24047306176084,,,no_temporal_score_reference_pool
24-100465,SIRET:24440040400129,RAW_SIRET,2024-09-05,2024-09-05,2028-09-05,2026-07-13,,,DIGITAL_ICT,True,48.0,False,0,22.207621550591327,,,no_temporal_score_reference_pool
24-108447,NAME:conseil departemental loire atlantique,NAME_FALLBACK,2024-09-26,2025-02-07,2025-06-07,2026-07-13,,,DIGITAL_ICT,True,4.0,False,1,8.31143232588699,25-63108,0.271162239692441,no_temporal_score_reference_pool
24-110005,NAME:pays de saint gilles croix de vie agglomeration 85,NAME_FALLBACK,2024-09-27,2024-09-27,2028-09-27,2026-07-13,,,DIGITAL_ICT,True,48.0,False,0,21.484888304862025,,,no_temporal_score_reference_pool
24-104153,NAME:service public local,NAME_FALLBACK,2024-09-13,2024-09-13,2026-09-13,2026-07-13,72,72415,DIGITAL_ICT,True,24.0,False,0,21.944809461235216,,,no_temporal_score_reference_pool
24-102164,SIRET:23440003400026,RAW_SIRET,2024-09-10,2025-04-30,2025-08-30,2026-07-13,,,DIGITAL_ICT,True,4.0,False,0,22.043363994743757,,,no_temporal_score_reference_pool
24-108390,NAME:frg02,NAME_FALLBACK,2024-09-24,2024-09-24,2028-09-24,2026-07-13,48,48000,DIGITAL_ICT,True,48.0,True,0,21.583442838370566,,,no_temporal_score_reference_pool
24-104157,NAME:atlantic eau,NAME_FALLBACK,2024-09-13,2024-12-05,2025-06-05,2026-07-13,30,30200,DIGITAL_ICT,True,6.0,False,0,21.944809461235216,,,no_temporal_score_reference_pool
24-110066,SIRET:13003051300019,RAW_SIRET,2024-09-29,2024-09-29,2025-01-29,2026-07-13,,,DIGITAL_ICT,True,4.0,False,1,2.463863337713535,24-139192,0.6246227554600741,no_temporal_score_reference_pool
24-102330,NAME:communaute de communes du pays sabolien,NAME_FALLBACK,2024-09-09,2024-09-09,2028-09-09,2026-07-13,48,48900,DIGITAL_ICT,True,48.0,False,0,22.07621550591327,,,no_temporal_score_reference_pool
24-103072,NAME:caisse d assurance maladie du val d oise,NAME_FALLBACK,2024-09-10,2024-09-10,2024-10-10,2026-07-13,32,32232,DIGITAL_ICT,True,1.0,False,0,22.043363994743757,,,no_temporal_score_reference_pool
24-110276,NAME:universite de rennes,NAME_FALLBACK,2024-09-27,2024-09-27,2026-03-27,2026-07-13,,,DIGITAL_ICT,True,18.0,False,0,21.484888304862025,,,no_temporal_score_reference_pool
24-121081,NAME:region des pays de la loire,NAME_FALLBACK,2024-10-23,2024-10-23,2026-10-23,2026-07-13,50,50324,DIGITAL_ICT,True,24.0,False,0,20.630749014454665,,,no_temporal_score_reference_pool
24-123750,SIRET:77811608700157,RAW_SIRET,2024-10-31,2025-01-28,2025-04-28,2026-07-13,,,DIGITAL_ICT,True,3.0,False,0,20.367936925098554,,,no_temporal_score_reference_pool
24-120482,NAME:sieml syndicat intercommunal d energies de maine-et-loire,NAME_FALLBACK,2024-10-22,2024-10-22,2026-10-22,2026-07-13,38,38300,DIGITAL_ICT,True,24.0,False,0,20.66360052562418,,,no_temporal_score_reference_pool
24-117333,NAME:mairie de blain,NAME_FALLBACK,2024-10-15,2024-10-15,2025-04-15,2026-07-13,,,DIGITAL_ICT,True,6.0,True,0,20.893561103810775,,,no_temporal_score_reference_pool
24-117855,SIRET:24440040400129,RAW_SIRET,2024-10-17,2024-10-17,2025-03-17,2026-07-13,,,DIGITAL_ICT,True,5.0,False,1,1.9053876478318,24-139939,0.3577772223871075,no_temporal_score_reference_pool
24-117582,SIRET:20004131700013,RAW_SIRET,2024-10-17,2025-01-10,2025-07-10,2026-07-13,,,DIGITAL_ICT,True,6.0,False,0,20.82785808147175,,,no_temporal_score_reference_pool
24-120512,SIRET:18009225600023,RAW_SIRET,2024-10-23,2024-10-23,2025-04-23,2026-07-13,,,DIGITAL_ICT,True,6.0,False,0,20.630749014454665,,,no_temporal_score_reference_pool
24-112365,SIRET:24440040400129,RAW_SIRET,2024-10-05,2024-10-05,2028-10-05,2026-07-13,,,DIGITAL_ICT,True,48.0,False,0,21.222076215505915,,,no_temporal_score_reference_pool
24-115034,NAME:mairie de reze,NAME_FALLBACK,2024-10-09,2024-10-09,2025-10-09,2026-07-13,72,72222,DIGITAL_ICT,True,12.0,False,0,21.09067017082786,,,no_temporal_score_reference_pool
24-111365,NAME:le mans metropole,NAME_FALLBACK,2024-10-01,2025-03-20,2029-03-20,2026-07-13,35,35261,DIGITAL_ICT,True,48.0,False,0,21.35348226018397,,,no_temporal_score_reference_pool
24-121883,SIRET:19350097200016,RAW_SIRET,2024-10-26,2024-10-26,2025-02-26,2026-07-13,,,DIGITAL_ICT,True,4.0,False,0,20.532194480946124,,,no_temporal_score_reference_pool
24-122943,SIRET:23440003400026,RAW_SIRET,2024-10-29,2025-04-04,2025-08-04,2026-07-13,,,DIGITAL_ICT,True,4.0,False,1,11.33377135348226,25-111645,0.20283934887299035,no_temporal_score_reference_pool
24-116379,NAME:audencia eesc,NAME_FALLBACK,2024-10-15,2025-01-09,2025-05-09,2026-07-13,,,DIGITAL_ICT,True,4.0,False,1,9.526938239159,25-87479,0.23712570650476597,no_temporal_score_reference_pool
24-116796,NAME:conseil departemental de la mayenne,NAME_FALLBACK,2024-10-14,2024-10-14,2026-04-14,2026-07-13,39,39154,DIGITAL_ICT,True,18.0,False,0,20.92641261498029,,,no_temporal_score_reference_pool
24-123922,NAME:gie loire ocean,NAME_FALLBACK,2024-10-30,2024-10-30,2028-10-30,2026-07-13,48,48000,DIGITAL_ICT,True,48.0,False,0,20.40078843626807,,,no_temporal_score_reference_pool
24-117088,NAME:conseil departemental loire atlantique,NAME_FALLBACK,2024-10-16,2024-10-16,2025-04-16,2026-07-13,,,DIGITAL_ICT,True,6.0,False,1,7.030223390275952,25-55152,0.2893218801548747,no_temporal_score_reference_pool
24-119150,NAME:nantes metropole,NAME_FALLBACK,2024-10-18,2024-10-18,2028-10-18,2026-07-13,72,72150,DIGITAL_ICT,True,48.0,True,0,20.795006570302235,,,no_temporal_score_reference_pool
24-119371,NAME:le mans metropole,NAME_FALLBACK,2024-10-18,2025-02-21,2028-02-21,2026-07-13,72,72212,DIGITAL_ICT,True,36.0,False,0,20.795006570302235,,,no_temporal_score_reference_pool
24-134460,NAME:lycee public leonard de vinci,NAME_FALLBACK,2024-11-28,2024-11-28,2027-11-28,2026-07-13,32,32321,DIGITAL_ICT,True,36.0,True,0,19.44809461235217,,,no_temporal_score_reference_pool
24-131879,SIRET:24440040400129,RAW_SIRET,2024-11-22,2024-11-22,2025-04-22,2026-07-13,,,DIGITAL_ICT,True,5.0,False,1,1.8396846254927728,25-5091,0.6333133771773478,no_temporal_score_reference_pool
24-132450,SIRET:12001201800111,RAW_SIRET,2024-11-24,2024-11-24,2025-05-24,2026-07-13,,,DIGITAL_ICT,True,6.0,True,0,19.579500657030223,,,no_temporal_score_reference_pool
24-126812,NAME:nantes metropole,NAME_FALLBACK,2024-11-07,2024-11-07,2028-11-07,2026-07-13,79,79540,DIGITAL_ICT,True,48.0,True,0,20.13797634691196,,,no_temporal_score_reference_pool
24-127069,NAME:universite d angers,NAME_FALLBACK,2024-11-07,2025-02-17,2025-06-17,2026-07-13,45,45453,DIGITAL_ICT,True,4.0,False,0,20.13797634691196,,,no_temporal_score_reference_pool
24-127156,NAME:mairie de saint-herblain,NAME_FALLBACK,2024-11-08,2024-11-08,2028-11-08,2026-07-13,48,48217,DIGITAL_ICT,True,48.0,True,0,20.105124835742444,,,no_temporal_score_reference_pool
24-127528,NAME:nantes metropole,NAME_FALLBACK,2024-11-08,2024-11-08,2028-11-08,2026-07-13,48,48000,DIGITAL_ICT,True,48.0,True,0,20.105124835742444,,,no_temporal_score_reference_pool
24-130324,SIRET:23440003400026,RAW_SIRET,2024-11-19,2025-04-04,2025-08-04,2026-07-13,,,DIGITAL_ICT,True,4.0,False,1,10.64388961892247,25-111645,0.20283934887299035,no_temporal_score_reference_pool
24-132338,NAME:conseil departemental de la mayenne,NAME_FALLBACK,2024-11-24,2025-03-20,2025-07-20,2026-07-13,,,DIGITAL_ICT,True,4.0,False,1,3.7450722733245727,25-30335,0.19914621166285035,no_temporal_score_reference_pool
24-127394,SIRET:51532951400035,RAW_SIRET,2024-11-10,2025-02-12,2025-06-12,2026-07-13,,,DIGITAL_ICT,True,4.0,False,0,20.03942181340342,,,no_temporal_score_reference_pool
24-131094,SIRET:24490001500011,RAW_SIRET,2024-11-21,2024-11-21,2025-05-21,2026-07-13,,,DIGITAL_ICT,True,6.0,False,1,1.5768725361366622,25-925,0.6400000000000001,no_temporal_score_reference_pool
24-125134,NAME:ville d alencon,NAME_FALLBACK,2024-11-04,2024-11-04,2025-07-04,2026-07-13,,,DIGITAL_ICT,True,8.0,False,1,2.33245729303548,25-4351,0.24414369182567827,no_temporal_score_reference_pool
24-132709,NAME:ville de saint herbalin,NAME_FALLBACK,2024-11-25,2024-11-25,2028-11-25,2026-07-13,48,48214,DIGITAL_ICT,True,48.0,True,0,19.54664914586071,,,no_temporal_score_reference_pool
24-138072,NAME:ville de bouguenais,NAME_FALLBACK,2024-12-09,2025-04-09,2029-04-09,2026-07-13,48,48161,DIGITAL_ICT,True,48.0,True,0,19.086727989487517,,,no_temporal_score_reference_pool
24-139939,SIRET:24440040400129,RAW_SIRET,2024-12-14,2024-12-14,2025-05-14,2026-07-13,,,DIGITAL_ICT,True,5.0,False,1,2.33245729303548,25-20873,0.19050705505498072,no_temporal_score_reference_pool
24-143497,NAME:ville de saint barthelemy d anjou 49,NAME_FALLBACK,2024-12-20,2024-12-20,2028-12-20,2026-07-13,32,32500,DIGITAL_ICT,True,48.0,False,0,18.725361366622863,,,no_temporal_score_reference_pool
24-136390,NAME:le mans metropole,NAME_FALLBACK,2024-12-06,2025-03-27,2025-07-27,2026-07-13,,,DIGITAL_ICT,True,4.0,False,0,19.185282522996058,,,no_temporal_score_reference_pool
24-138890,NAME:societe publique regionale abbaye de fontevraud,NAME_FALLBACK,2024-12-11,2024-12-11,2025-03-11,2026-07-13,32,32323,DIGITAL_ICT,True,3.0,False,0,19.021024967148488,,,no_temporal_score_reference_pool
24-144326,NAME:commune de cesson-sevigne,NAME_FALLBACK,2024-12-23,2024-12-23,2028-12-23,2026-07-13,48,48217,DIGITAL_ICT,True,48.0,True,0,18.626806833114323,,,no_temporal_score_reference_pool
24-139412,SIRET:18440128900022,RAW_SIRET,2024-12-13,2024-12-13,2025-04-13,2026-07-13,,,DIGITAL_ICT,True,4.0,False,0,18.955321944809462,,,no_temporal_score_reference_pool
24-139818,NAME:ville de saint nazaire,NAME_FALLBACK,2024-12-12,2025-04-03,2029-04-03,2026-07-13,72,72212,DIGITAL_ICT,True,48.0,False,0,18.988173455978973,,,no_temporal_score_reference_pool
24-140663,SIRET:20005889900010,RAW_SIRET,2024-12-17,2025-04-23,2025-08-23,2026-07-13,,,DIGITAL_ICT,True,4.0,False,0,18.823915900131407,,,no_temporal_score_reference_pool
24-142222,NAME:spl le mans evenements,NAME_FALLBACK,2024-12-20,2025-03-19,2025-07-19,2026-07-13,,,DIGITAL_ICT,True,4.0,False,0,18.725361366622863,,,no_temporal_score_reference_pool
24-142589,SIRET:39172288100052,RAW_SIRET,2024-12-20,2024-12-20,2028-12-20,2026-07-13,,,DIGITAL_ICT,True,48.0,False,0,18.725361366622863,,,no_temporal_score_reference_pool
24-139192,SIRET:13003051300019,RAW_SIRET,2024-12-13,2024-12-13,2025-04-13,2026-07-13,,,DIGITAL_ICT,True,4.0,False,0,18.955321944809462,,,no_temporal_score_reference_pool
24-138333,NAME:conseil departemental de la mayenne,NAME_FALLBACK,2024-12-10,2024-12-10,2025-06-10,2026-07-13,,,DIGITAL_ICT,True,6.0,True,0,19.053876478318003,,,no_temporal_score_reference_pool
24-138492,SIRET:20005361900017,RAW_SIRET,2024-12-11,2025-02-26,2025-06-26,2026-07-13,,,DIGITAL_ICT,True,4.0,False,0,19.021024967148488,,,no_temporal_score_reference_pool
24-138709,SIRET:19753472000010,RAW_SIRET,2024-12-12,2024-12-12,2025-04-12,2026-07-13,,,DIGITAL_ICT,True,4.0,False,1,6.83311432325887,25-76566,0.3302656877021817,no_temporal_score_reference_pool
24-140255,SIRET:24440040400129,RAW_SIRET,2024-12-15,2024-12-15,2025-05-15,2026-07-13,,,DIGITAL_ICT,True,5.0,False,1,4.730617608409987,25-51370,0.23198563609779102,no_temporal_score_reference_pool
24-141388,SIRET:24440040400129,RAW_SIRET,2024-12-18,2024-12-18,2028-12-18,2026-07-13,,,DIGITAL_ICT,True,48.0,False,0,18.791064388961892,,,no_temporal_score_reference_pool
25-4360,NAME:communaute urbaine d alencon,NAME_FALLBACK,2025-01-14,2025-01-14,2026-01-14,2026-07-13,45,45311,DIGITAL_ICT,True,12.0,False,0,17.90407358738502,,,no_temporal_score_reference_pool
25-4760,NAME:departement de maine-et-loire,NAME_FALLBACK,2025-01-15,2025-01-15,2029-01-15,2026-07-13,48,48000,DIGITAL_ICT,True,48.0,True,0,17.871222076215506,,,no_temporal_score_reference_pool
25-2153,NAME:ville de murs erigne 49,NAME_FALLBACK,2025-01-08,2025-01-08,2029-01-08,2026-07-13,30,30200,DIGITAL_ICT,True,48.0,False,0,18.101182654402102,,,no_temporal_score_reference_pool
25-5047,NAME:angers loire metropole 49,NAME_FALLBACK,2025-01-15,2025-01-15,2029-01-15,2026-07-13,48,48421,DIGITAL_ICT,True,48.0,False,0,17.871222076215506,,,no_temporal_score_reference_pool
25-1181,SIRET:12002701600563,RAW_SIRET,2025-01-08,2025-01-08,2025-07-08,2026-07-13,,,DIGITAL_ICT,True,6.0,False,1,0.0328515111695138,25-2044,0.6399999999999999,no_temporal_score_reference_pool
25-4351,NAME:ville d alencon,NAME_FALLBACK,2025-01-14,2025-01-14,2026-01-14,2026-07-13,45,45311,DIGITAL_ICT,True,12.0,False,0,17.90407358738502,,,no_temporal_score_reference_pool
25-2044,SIRET:12002701600563,RAW_SIRET,2025-01-09,2025-01-09,2025-07-09,2026-07-13,,,DIGITAL_ICT,True,6.0,False,0,18.068331143232587,,,no_temporal_score_reference_pool
25-9700,NAME:ville de laval,NAME_FALLBACK,2025-01-27,2025-01-27,2029-01-27,2026-07-13,50,50313,DIGITAL_ICT,True,48.0,False,0,17.47700394218134,,,no_temporal_score_reference_pool
25-925,SIRET:24490001500011,RAW_SIRET,2025-01-08,2025-01-08,2025-07-08,2026-07-13,,,DIGITAL_ICT,True,6.0,False,0,18.101182654402102,,,no_temporal_score_reference_pool
25-6663,NAME:communaute de communes baugeois vallee,NAME_FALLBACK,2025-01-20,2025-01-20,2029-01-20,2026-07-13,48,48000,DIGITAL_ICT,True,48.0,False,0,17.706964520367936,,,no_temporal_score_reference_pool
25-7959,NAME:conseil departemental de la mayenne,NAME_FALLBACK,2025-01-22,2025-01-22,2029-01-22,2026-07-13,72,72212,DIGITAL_ICT,True,48.0,False,0,17.64126149802891,,,no_temporal_score_reference_pool
25-7967,NAME:semitan,NAME_FALLBACK,2025-01-22,2025-01-22,2025-07-22,2026-07-13,72,72221,DIGITAL_ICT,True,6.0,False,1,7.325886990801576,25-97524,0.3232016957300966,no_temporal_score_reference_pool
25-5328,SIRET:23350001600040,RAW_SIRET,2025-01-17,2025-01-17,2025-05-17,2026-07-13,,,DIGITAL_ICT,True,4.0,False,1,3.4494086727989486,25-49175,0.31840527037542854,no_temporal_score_reference_pool
25-7000,NAME:cenovia cites,NAME_FALLBACK,2025-01-20,2025-01-20,2025-08-20,2026-07-13,72,72243,DIGITAL_ICT,True,7.0,False,0,17.706964520367936,,,no_temporal_score_reference_pool
25-839,SIRET:39172288100052,RAW_SIRET,2025-01-07,2025-01-07,2029-01-07,2026-07-13,,,DIGITAL_ICT,True,48.0,False,0,18.134034165571617,,,no_temporal_score_reference_pool
25-7906,NAME:epcc les quinconces l espal,NAME_FALLBACK,2025-01-22,2025-03-26,2028-03-26,2026-07-13,32,32570,DIGITAL_ICT,True,36.0,True,0,17.64126149802891,,,no_temporal_score_reference_pool
25-6053,NAME:territoire d energie loire-atlantique,NAME_FALLBACK,2025-01-19,2025-05-18,2025-11-18,2026-07-13,,,DIGITAL_ICT,True,6.0,False,0,17.73981603153745,,,no_temporal_score_reference_pool
25-7333,SIRET:53820845500021,RAW_SIRET,2025-01-22,2025-09-25,2027-09-25,2026-07-13,,,DIGITAL_ICT,True,24.0,False,0,17.64126149802891,,,no_temporal_score_reference_pool
25-5091,SIRET:24440040400129,RAW_SIRET,2025-01-17,2025-01-17,2025-06-17,2026-07-13,,,DIGITAL_ICT,True,5.0,False,1,10.775295663600524,25-135711,0.3378643950561524,no_temporal_score_reference_pool
25-3764,NAME:insa rennes enseignement superieur et recherche,NAME_FALLBACK,2025-01-13,2025-01-13,2025-03-13,2026-07-13,38,38515,DIGITAL_ICT,True,2.0,False,0,17.936925098554532,,,no_temporal_score_reference_pool
25-7776,NAME:audencia eesc,NAME_FALLBACK,2025-01-22,2025-01-22,2030-01-22,2026-07-13,72,72212,DIGITAL_ICT,True,60.0,False,0,17.64126149802891,,,no_temporal_score_reference_pool
25-18490,NAME:communaute de communes pays de fontenay-vendee,NAME_FALLBACK,2025-02-17,2025-02-17,2026-08-17,2026-07-13,39,39150,DIGITAL_ICT,True,18.0,True,0,16.78712220762155,,,no_temporal_score_reference_pool
25-14530,NAME:ecole des beaux arts nantes saint-nazaire,NAME_FALLBACK,2025-02-06,2025-02-06,2029-02-06,2026-07-13,48,48822,DIGITAL_ICT,True,48.0,True,0,17.1484888304862,,,no_temporal_score_reference_pool
25-21094,SIRET:17440005100010,RAW_SIRET,2025-02-25,2025-07-27,2026-01-27,2026-07-13,,,DIGITAL_ICT,True,6.0,False,0,16.52431011826544,,,no_temporal_score_reference_pool
25-13579,NAME:conseil departemental de la mayenne,NAME_FALLBACK,2025-02-06,2025-05-07,2025-09-07,2026-07-13,,,DIGITAL_ICT,True,4.0,False,1,1.0183968462549278,25-26359,0.20641526081917222,no_temporal_score_reference_pool
25-22758,NAME:conseil departemental loire atlantique,NAME_FALLBACK,2025-02-27,2025-02-27,2026-02-27,2026-07-13,,,DIGITAL_ICT,True,12.0,False,0,16.458607095926414,,,no_temporal_score_reference_pool
25-12266,NAME:territoire d energie loire-atlantique,NAME_FALLBACK,2025-02-03,2025-03-31,2026-09-30,2026-07-13,72,72224,DIGITAL_ICT,True,18.0,False,0,17.247043363994745,,,no_temporal_score_reference_pool
25-13176,SIRET:19753472000010,RAW_SIRET,2025-02-06,2025-02-06,2025-06-06,2026-07-13,,,DIGITAL_ICT,True,4.0,False,1,4.993429697766097,25-76566,0.6241510573898903,no_temporal_score_reference_pool
25-15910,NAME:le mans metropole,NAME_FALLBACK,2025-02-12,2025-10-23,2026-02-23,2026-07-13,,,DIGITAL_ICT,True,4.0,False,0,16.95137976346912,,,no_temporal_score_reference_pool
25-17357,NAME:grand port maritime,NAME_FALLBACK,2025-02-13,2025-09-19,2029-09-19,2026-07-13,72,72310,DIGITAL_ICT,True,48.0,True,0,16.918528252299605,,,no_temporal_score_reference_pool
25-20498,NAME:conseil departemental de la mayenne,NAME_FALLBACK,2025-02-21,2025-02-21,2025-08-21,2026-07-13,,,DIGITAL_ICT,True,6.0,True,1,11.4323258869908,26-11967,0.3568703498153934,no_temporal_score_reference_pool
25-13122,NAME:cte de cnes du pays d ancenis,NAME_FALLBACK,2025-02-04,2025-02-04,2029-02-04,2026-07-13,71,71620,DIGITAL_ICT,True,48.0,False,0,17.21419185282523,,,no_temporal_score_reference_pool
25-20873,SIRET:24440040400129,RAW_SIRET,2025-02-23,2025-02-23,2025-07-23,2026-07-13,,,DIGITAL_ICT,True,5.0,False,1,2.431011826544021,25-51370,0.2589758314036876,no_temporal_score_reference_pool
25-18090,NAME:insa rennes,NAME_FALLBACK,2025-02-14,2025-02-14,2028-02-14,2026-07-13,71,71000,DIGITAL_ICT,True,36.0,False,0,16.88567674113009,,,no_temporal_score_reference_pool
25-19380,NAME:mairie de saint-herblain,NAME_FALLBACK,2025-02-19,2025-02-19,2029-02-19,2026-07-13,48,48900,DIGITAL_ICT,True,48.0,True,0,16.721419185282524,,,no_temporal_score_reference_pool
25-20325,NAME:dp-25-5,NAME_FALLBACK,2025-02-20,2025-02-20,2029-02-20,2026-07-13,72,72415,DIGITAL_ICT,True,48.0,True,0,16.68856767411301,,,no_temporal_score_reference_pool
25-28394,NAME:conseil departemental loire atlantique,NAME_FALLBACK,2025-03-14,2025-07-18,2025-11-18,2026-07-13,,,DIGITAL_ICT,True,4.0,False,1,11.300919842312746,26-17888,0.3115904386130496,no_temporal_score_reference_pool
25-26359,NAME:conseil departemental de la mayenne,NAME_FALLBACK,2025-03-09,2025-07-02,2025-11-02,2026-07-13,,,DIGITAL_ICT,True,4.0,False,1,8.73850197109067,25-131747,0.2363512895299216,no_temporal_score_reference_pool
25-28616,SIRET:79820357600029,RAW_SIRET,2025-03-14,2025-03-14,2031-03-14,2026-07-13,,,DIGITAL_ICT,True,72.0,False,0,15.965834428383706,,,no_temporal_score_reference_pool
25-26250,SIRET:17440005100010,RAW_SIRET,2025-03-09,2025-07-01,2026-01-01,2026-07-13,,,DIGITAL_ICT,True,6.0,False,0,16.130091984231274,,,no_temporal_score_reference_pool
25-35036,NAME:audencia eesc,NAME_FALLBACK,2025-03-28,2025-03-28,2026-03-28,2026-07-13,72,72212,DIGITAL_ICT,True,12.0,False,0,15.505913272010513,,,no_temporal_score_reference_pool
25-26751,NAME:commune du croisic,NAME_FALLBACK,2025-03-10,2025-03-10,2027-03-10,2026-07-13,30,30200,DIGITAL_ICT,True,24.0,False,0,16.09724047306176,,,no_temporal_score_reference_pool
25-24896,NAME:semitan,NAME_FALLBACK,2025-03-06,2025-08-14,2025-12-14,2026-07-13,,,DIGITAL_ICT,True,4.0,False,1,5.913272010512483,25-97524,0.22535047694125276,no_temporal_score_reference_pool
25-33226,NAME:angers loire metropole 49,NAME_FALLBACK,2025-03-24,2025-03-24,2029-03-24,2026-07-13,48,48321,DIGITAL_ICT,True,48.0,False,0,15.637319316688568,,,no_temporal_score_reference_pool
25-25051,SIRET:23440003400026,RAW_SIRET,2025-03-06,2025-08-02,2026-01-02,2026-07-13,,,DIGITAL_ICT,True,5.0,False,0,16.228646517739815,,,no_temporal_score_reference_pool
25-28646,SIRET:17440005100010,RAW_SIRET,2025-03-14,2025-03-14,2025-09-14,2026-07-13,,,DIGITAL_ICT,True,6.0,False,1,3.416557161629435,25-71246,0.2067561552535897,no_temporal_score_reference_pool
25-30804,NAME:departement de la sarthe,NAME_FALLBACK,2025-03-18,2025-07-07,2029-07-07,2026-07-13,72,72611,DIGITAL_ICT,True,48.0,False,0,15.834428383705651,,,no_temporal_score_reference_pool
25-33563,NAME:etablissement public a caractere administratif,NAME_FALLBACK,2025-03-25,2025-03-25,2027-03-25,2026-07-13,72,72250,DIGITAL_ICT,True,24.0,False,0,15.604467805519054,,,no_temporal_score_reference_pool
25-35355,NAME:metropole,NAME_FALLBACK,2025-03-28,2025-03-28,2028-03-28,2026-07-13,32,32232,DIGITAL_ICT,True,36.0,True,0,15.505913272010513,,,no_temporal_score_reference_pool
25-35958,NAME:creps des pays de la loire,NAME_FALLBACK,2025-03-31,2025-05-22,2026-02-22,2026-07-13,48,48000,DIGITAL_ICT,True,9.0,False,0,15.407358738501971,,,no_temporal_score_reference_pool
25-25127,NAME:centre hospitalier de laval 53,NAME_FALLBACK,2025-03-05,2025-03-05,2028-03-05,2026-07-13,32,32321,DIGITAL_ICT,True,36.0,True,0,16.26149802890933,,,no_temporal_score_reference_pool
25-34950,NAME:ecole nationale superieure d arts et metiers,NAME_FALLBACK,2025-03-27,2025-03-27,2029-03-27,2026-07-13,48,48190,DIGITAL_ICT,True,48.0,True,0,15.538764783180026,,,no_temporal_score_reference_pool
25-30282,SIRET:23440003400026,RAW_SIRET,2025-03-19,2025-08-02,2026-01-02,2026-07-13,,,DIGITAL_ICT,True,5.0,False,0,15.801576872536137,,,no_temporal_score_reference_pool
25-30335,NAME:conseil departemental de la mayenne,NAME_FALLBACK,2025-03-18,2025-03-18,2029-03-18,2026-07-13,72,72268,DIGITAL_ICT,True,48.0,False,0,15.834428383705651,,,no_temporal_score_reference_pool
25-32752,SIRET:24850058900317,RAW_SIRET,2025-03-25,2025-03-25,2025-07-25,2026-07-13,,,DIGITAL_ICT,True,4.0,False,0,15.604467805519054,,,no_temporal_score_reference_pool
25-44713,NAME:departement du finistere 32 boulevard dupleix 29196 quimper,NAME_FALLBACK,2025-04-18,2025-04-18,2025-10-18,2026-07-13,,,DIGITAL_ICT,True,6.0,True,0,14.816031537450723,,,no_temporal_score_reference_pool
25-45593,NAME:nantes metropole,NAME_FALLBACK,2025-04-22,2025-04-22,2029-04-22,2026-07-13,72,72600,DIGITAL_ICT,True,48.0,True,0,14.684625492772668,,,no_temporal_score_reference_pool
25-48468,SIRET:24440043800127,RAW_SIRET,2025-04-30,2025-04-30,2025-10-30,2026-07-13,,,DIGITAL_ICT,True,6.0,False,1,0.1314060446780552,25-49952,0.6400000000000001,no_temporal_score_reference_pool
25-49286,NAME:territoire d energie loire-atlantique,NAME_FALLBACK,2025-04-30,2025-08-28,2026-08-28,2026-07-13,30,30230,DIGITAL_ICT,True,12.0,False,0,14.421813403416557,,,no_temporal_score_reference_pool
25-38048,NAME:ville de saint nazaire,NAME_FALLBACK,2025-04-03,2025-04-03,2029-04-03,2026-07-13,72,72250,DIGITAL_ICT,True,48.0,False,0,15.30880420499343,,,no_temporal_score_reference_pool
25-42228,NAME:universite de rennes,NAME_FALLBACK,2025-04-14,2025-04-14,2030-04-14,2026-07-13,72,72000,DIGITAL_ICT,True,60.0,False,0,14.947437582128778,,,no_temporal_score_reference_pool
25-44864,NAME:formation numerique et bureautique,NAME_FALLBACK,2025-04-18,2025-04-18,2025-12-18,2026-07-13,80,80500,DIGITAL_ICT,True,8.0,False,0,14.816031537450723,,,no_temporal_score_reference_pool
25-39078,NAME:mairie de reze,NAME_FALLBACK,2025-04-07,2025-04-07,2026-04-07,2026-07-13,35,35111,DIGITAL_ICT,True,12.0,False,0,15.177398160315375,,,no_temporal_score_reference_pool
25-37048,SIRET:24850066200015,RAW_SIRET,2025-04-03,2025-04-03,2025-08-03,2026-07-13,,,DIGITAL_ICT,True,4.0,False,0,15.30880420499343,,,no_temporal_score_reference_pool
25-43777,NAME:universite du mans,NAME_FALLBACK,2025-04-16,2025-04-16,2028-04-16,2026-07-13,32,32321,DIGITAL_ICT,True,36.0,True,0,14.88173455978975,,,no_temporal_score_reference_pool
25-47444,SIRET:17440005100010,RAW_SIRET,2025-04-27,2025-04-27,2026-01-27,2026-07-13,,,DIGITAL_ICT,True,9.0,False,1,7.063074901445466,25-130935,0.1916201542832151,no_temporal_score_reference_pool
25-47175,NAME:departement de la sarthe,NAME_FALLBACK,2025-04-27,2025-10-08,2026-02-08,2026-07-13,,,DIGITAL_ICT,True,4.0,False,0,14.520367936925098,,,no_temporal_score_reference_pool
25-38470,SIRET:17440005100010,RAW_SIRET,2025-04-06,2025-06-18,2025-10-18,2026-07-13,,,DIGITAL_ICT,True,4.0,False,1,2.6609724047306176,25-71246,0.22010884734385797,no_temporal_score_reference_pool
25-39819,NAME:commune de saint jean de monts 85,NAME_FALLBACK,2025-04-08,2025-04-08,2027-04-08,2026-07-13,30,30121,DIGITAL_ICT,True,24.0,True,0,15.14454664914586,,,no_temporal_score_reference_pool
25-44025,NAME:ville de carquefou,NAME_FALLBACK,2025-04-17,2025-04-17,2028-04-17,2026-07-13,32,32342,DIGITAL_ICT,True,36.0,True,0,14.848883048620236,,,no_temporal_score_reference_pool
25-46089,NAME:communaute de communes chateaubriant derval 44,NAME_FALLBACK,2025-04-23,2025-04-23,2028-04-23,2026-07-13,34,34430,DIGITAL_ICT,True,36.0,False,0,14.651773981603153,,,no_temporal_score_reference_pool
25-38136,NAME:departement de maine-et-loire,NAME_FALLBACK,2025-04-04,2025-04-04,2028-04-04,2026-07-13,32,32353,DIGITAL_ICT,True,36.0,True,0,15.275952693823916,,,no_temporal_score_reference_pool
25-40327,NAME:ville de saint nazaire,NAME_FALLBACK,2025-04-10,2025-07-12,2025-12-12,2026-07-13,,,DIGITAL_ICT,True,5.0,False,0,15.078843626806833,,,no_temporal_score_reference_pool
25-46078,SIRET:17440005100010,RAW_SIRET,2025-04-24,2025-04-24,2027-04-24,2026-07-13,,,DIGITAL_ICT,True,24.0,False,0,14.61892247043364,,,no_temporal_score_reference_pool
25-37560,SIRET:21850128600015,RAW_SIRET,2025-04-04,2025-04-04,2025-08-04,2026-07-13,,,DIGITAL_ICT,True,4.0,False,0,15.275952693823916,,,no_temporal_score_reference_pool
25-47868,NAME:geo vendee 85,NAME_FALLBACK,2025-04-28,2025-04-28,2026-04-28,2026-07-13,48,48612,DIGITAL_ICT,True,12.0,False,0,14.487516425755585,,,no_temporal_score_reference_pool
25-54937,NAME:conseil departemental de la mayenne,NAME_FALLBACK,2025-05-17,2025-10-30,2026-02-28,2026-07-13,,,DIGITAL_ICT,True,4.0,False,1,6.471747700394218,25-131747,0.20376193699823342,no_temporal_score_reference_pool
25-55756,NAME:departement de maine-et-loire,NAME_FALLBACK,2025-05-19,2025-05-19,2027-05-19,2026-07-13,30,30000,DIGITAL_ICT,True,24.0,True,0,13.797634691195794,,,no_temporal_score_reference_pool
25-49175,SIRET:23350001600040,RAW_SIRET,2025-05-02,2025-05-02,2025-10-02,2026-07-13,,,DIGITAL_ICT,True,5.0,False,0,14.35611038107753,,,no_temporal_score_reference_pool
25-50360,NAME:region pays de la loire,NAME_FALLBACK,2025-05-05,2025-05-05,2026-05-05,2026-07-13,80,80530,DIGITAL_ICT,True,12.0,False,0,14.257555847568987,,,no_temporal_score_reference_pool
25-50686,NAME:ville de saint nazaire,NAME_FALLBACK,2025-05-07,2025-10-02,2026-03-02,2026-07-13,,,DIGITAL_ICT,True,5.0,False,1,9.42838370565046,26-16633,0.1906097283622865,no_temporal_score_reference_pool
25-50885,NAME:mairie,NAME_FALLBACK,2025-05-05,2025-05-05,2029-05-05,2026-07-13,72,72413,DIGITAL_ICT,True,48.0,False,0,14.257555847568987,,,no_temporal_score_reference_pool
25-53516,SIRET:80355563000018,RAW_SIRET,2025-05-14,2025-07-25,2025-11-25,2026-07-13,,,DIGITAL_ICT,True,4.0,False,0,13.961892247043364,,,no_temporal_score_reference_pool
25-55152,NAME:conseil departemental loire atlantique,NAME_FALLBACK,2025-05-18,2025-11-07,2026-04-07,2026-07-13,,,DIGITAL_ICT,True,5.0,False,1,11.629434954007884,26-45351,0.2241458025254638,no_temporal_score_reference_pool
25-49952,SIRET:24440043800127,RAW_SIRET,2025-05-04,2025-05-04,2025-11-04,2026-07-13,,,DIGITAL_ICT,True,6.0,False,0,14.290407358738502,,,no_temporal_score_reference_pool
25-51253,NAME:communaute d agglomeration saumur val de loire 49,NAME_FALLBACK,2025-05-06,2025-05-06,2029-05-06,2026-07-13,32,32400,DIGITAL_ICT,True,48.0,False,0,14.224704336399475,,,no_temporal_score_reference_pool
25-57823,NAME:le mans metropole,NAME_FALLBACK,2025-05-22,2025-09-05,2026-09-05,2026-07-13,72,72413,DIGITAL_ICT,True,12.0,False,0,13.699080157687254,,,no_temporal_score_reference_pool
25-55905,SIRET:21440020200013,RAW_SIRET,2025-05-20,2025-11-02,2026-03-02,2026-07-13,,,DIGITAL_ICT,True,4.0,False,1,5.19053876478318,25-118713,0.3089162904947168,no_temporal_score_reference_pool
25-51236,SIRET:24440040400129,RAW_SIRET,2025-05-07,2025-05-07,2025-10-07,2026-07-13,,,DIGITAL_ICT,True,5.0,False,1,7.260183968462549,25-137164,0.190748275312556,no_temporal_score_reference_pool
25-53206,NAME:universite d angers,NAME_FALLBACK,2025-05-12,2025-09-08,2029-09-08,2026-07-13,72,72500,DIGITAL_ICT,True,48.0,False,0,14.027595269382392,,,no_temporal_score_reference_pool
25-53540,SIRET:25440253000011,RAW_SIRET,2025-05-14,2025-05-14,2025-11-14,2026-07-13,,,DIGITAL_ICT,True,6.0,False,1,7.884362680683311,26-1571,0.23195409790976884,no_temporal_score_reference_pool
25-53904,NAME:communaute de communes pays de fontenay-vendee,NAME_FALLBACK,2025-05-14,2025-05-14,2025-11-14,2026-07-13,,,DIGITAL_ICT,True,6.0,True,0,13.961892247043364,,,no_temporal_score_reference_pool
25-60097,NAME:ville de clisson 3 grande rue de la trinite 44190 clisson,NAME_FALLBACK,2025-05-27,2025-05-27,2028-05-27,2026-07-13,30,30200,DIGITAL_ICT,True,36.0,False,0,13.534822601839684,,,no_temporal_score_reference_pool
25-48827,SIRET:24440040400129,RAW_SIRET,2025-05-01,2025-05-01,2025-10-01,2026-07-13,,,DIGITAL_ICT,True,5.0,False,1,0.1971090670170827,25-51236,0.6400000000000001,no_temporal_score_reference_pool
25-49867,SIRET:24440040400129,RAW_SIRET,2025-05-02,2025-05-02,2025-10-02,2026-07-13,,,DIGITAL_ICT,True,5.0,False,1,0.164257555847569,25-51236,0.6400000000000001,no_temporal_score_reference_pool
25-51370,SIRET:24440040400129,RAW_SIRET,2025-05-08,2025-05-08,2025-10-08,2026-07-13,,,DIGITAL_ICT,True,5.0,False,1,9.724047306176084,26-20284,0.2824963047484211,no_temporal_score_reference_pool
25-50565,NAME:mairie,NAME_FALLBACK,2025-05-05,2025-05-05,2029-05-05,2026-07-13,72,72413,DIGITAL_ICT,True,48.0,False,0,14.257555847568987,,,no_temporal_score_reference_pool
25-51378,SIRET:18440132100015,RAW_SIRET,2025-05-08,2025-05-08,2029-05-08,2026-07-13,,,DIGITAL_ICT,True,48.0,False,0,14.159001314060447,,,no_temporal_score_reference_pool
25-51412,NAME:gie fontevraud,NAME_FALLBACK,2025-05-06,2025-05-06,2031-05-06,2026-07-13,48,48450,DIGITAL_ICT,True,72.0,False,0,14.224704336399475,,,no_temporal_score_reference_pool
25-53705,NAME:formation logiciels metiers,NAME_FALLBACK,2025-05-13,2025-05-13,2029-05-13,2026-07-13,80,80500,DIGITAL_ICT,True,48.0,False,0,13.994743758212877,,,no_temporal_score_reference_pool
25-51896,NAME:region pays de la loire,NAME_FALLBACK,2025-05-07,2025-05-07,2026-05-07,2026-07-13,80,80530,DIGITAL_ICT,True,12.0,False,0,14.19185282522996,,,no_temporal_score_reference_pool
25-60425,SIRET:20006763500132,RAW_SIRET,2025-05-30,2025-05-30,2025-11-30,2026-07-13,,,DIGITAL_ICT,True,6.0,False,0,13.436268068331144,,,no_temporal_score_reference_pool
25-65181,SIRET:13001954000025,RAW_SIRET,2025-06-12,2025-11-27,2026-05-27,2026-07-13,,,DIGITAL_ICT,True,6.0,False,1,7.982917214191852,26-13734,0.2062212985888113,no_temporal_score_reference_pool
25-73368,NAME:ville de bouguenais,NAME_FALLBACK,2025-06-30,2025-11-17,2029-11-17,2026-07-13,32,32400,DIGITAL_ICT,True,48.0,False,0,12.417871222076215,,,no_temporal_score_reference_pool
25-71246,SIRET:17440005100010,RAW_SIRET,2025-06-26,2025-10-23,2026-02-23,2026-07-13,,,DIGITAL_ICT,True,4.0,False,1,5.091984231274639,25-130935,0.19915428049992226,no_temporal_score_reference_pool
25-68958,NAME:ville de carquefou,NAME_FALLBACK,2025-06-19,2025-06-19,2028-06-19,2026-07-13,32,32342,DIGITAL_ICT,True,36.0,True,0,12.779237844940868,,,no_temporal_score_reference_pool
25-69413,NAME:lycee des metiers chevrollier-greta,NAME_FALLBACK,2025-06-19,2025-06-19,2025-12-19,2026-07-13,,,DIGITAL_ICT,True,6.0,True,0,12.779237844940868,,,no_temporal_score_reference_pool
25-69675,NAME:territoire d energie loire-atlantique,NAME_FALLBACK,2025-06-20,2025-12-01,2026-12-01,2026-07-13,72,72224,DIGITAL_ICT,True,12.0,False,0,12.746386333771353,,,no_temporal_score_reference_pool
25-72941,NAME:cci de maine et loire,NAME_FALLBACK,2025-06-27,2025-06-27,2025-12-27,2026-07-13,,,DIGITAL_ICT,True,6.0,True,0,12.516425755584757,,,no_temporal_score_reference_pool
25-63519,NAME:ville de saint sebastien sur loire,NAME_FALLBACK,2025-06-05,2025-07-18,2026-07-18,2026-07-13,48,48920,DIGITAL_ICT,True,12.0,False,0,13.23915900131406,,,no_temporal_score_reference_pool
25-66012,NAME:ville de saint herblain,NAME_FALLBACK,2025-06-12,2025-06-12,2029-06-12,2026-07-13,72,72317,DIGITAL_ICT,True,48.0,True,0,13.009198423127463,,,no_temporal_score_reference_pool
25-62715,NAME:nantes metropole,NAME_FALLBACK,2025-06-04,2025-06-04,2027-06-04,2026-07-13,,,DIGITAL_ICT,True,24.0,False,0,13.272010512483574,,,no_temporal_score_reference_pool
25-63108,NAME:conseil departemental loire atlantique,NAME_FALLBACK,2025-06-06,2025-11-07,2026-04-07,2026-07-13,,,DIGITAL_ICT,True,5.0,False,1,11.00525624178712,26-45351,0.2603181429425778,no_temporal_score_reference_pool
25-64543,NAME:grand port maritime de nantes saint-nazaire,NAME_FALLBACK,2025-06-10,2025-06-10,2028-06-10,2026-07-13,48,48321,DIGITAL_ICT,True,36.0,False,0,13.074901445466491,,,no_temporal_score_reference_pool
25-73669,NAME:mairie de saint etienne de montluc,NAME_FALLBACK,2025-06-30,2025-06-30,2029-06-30,2026-07-13,,,DIGITAL_ICT,True,48.0,False,0,12.417871222076215,,,no_temporal_score_reference_pool
25-63325,SIRET:05720113900045,RAW_SIRET,2025-06-06,2025-06-06,2025-10-06,2026-07-13,,,DIGITAL_ICT,True,4.0,False,0,13.206307490144546,,,no_temporal_score_reference_pool
25-65174,NAME:departement de maine-et-loire,NAME_FALLBACK,2025-06-11,2025-06-11,2029-06-11,2026-07-13,79,79540,DIGITAL_ICT,True,48.0,True,0,13.042049934296978,,,no_temporal_score_reference_pool
25-66441,NAME:imt atlantique,NAME_FALLBACK,2025-06-13,2025-06-13,2025-12-13,2026-07-13,,,DIGITAL_ICT,True,6.0,True,0,12.97634691195795,,,no_temporal_score_reference_pool
25-61612,NAME:syndicat mixte e-collectivites vendee,NAME_FALLBACK,2025-06-02,2025-06-02,2028-06-02,2026-07-13,48,48613,DIGITAL_ICT,True,36.0,False,0,13.337713534822601,,,no_temporal_score_reference_pool
25-70394,SIRET:24440050300110,RAW_SIRET,2025-06-25,2025-06-25,2029-06-25,2026-07-13,,,DIGITAL_ICT,True,48.0,False,0,12.582128777923785,,,no_temporal_score_reference_pool
25-86689,NAME:acquisition maintenance et hebergement d un outil de visualisation de la strategie environnementale et energetique pour le patrimoine bati de la ville et metropole de nantes et mission d accompagnement pour la mise en oeuvre,NAME_FALLBACK,2025-07-29,2025-09-22,2029-09-22,2026-07-13,48,48000,DIGITAL_ICT,True,48.0,False,0,11.465177398160316,,,no_temporal_score_reference_pool
25-73914,NAME:universite d angers,NAME_FALLBACK,2025-07-01,2025-12-02,2029-12-02,2026-07-13,72,72268,DIGITAL_ICT,True,48.0,False,0,12.385019710906702,,,no_temporal_score_reference_pool
25-75379,NAME:mairie de saint-herblain,NAME_FALLBACK,2025-07-03,2025-07-03,2029-07-03,2026-07-13,35,35321,DIGITAL_ICT,True,48.0,False,0,12.319316688567675,,,no_temporal_score_reference_pool
25-74452,NAME:departement de maine-et-loire,NAME_FALLBACK,2025-07-01,2025-07-01,2028-07-01,2026-07-13,71,71000,DIGITAL_ICT,True,36.0,True,0,12.385019710906702,,,no_temporal_score_reference_pool
25-78182,NAME:service public administratif,NAME_FALLBACK,2025-07-09,2025-07-09,2028-07-09,2026-07-13,32,32342,DIGITAL_ICT,True,36.0,True,0,12.122207621550592,,,no_temporal_score_reference_pool
25-80306,SIRET:23440003400026,RAW_SIRET,2025-07-16,2025-07-16,2025-12-16,2026-07-13,,,DIGITAL_ICT,True,5.0,False,0,11.892247043363994,,,no_temporal_score_reference_pool
25-73811,NAME:departement de la sarthe,NAME_FALLBACK,2025-07-02,2026-01-10,2026-05-10,2026-07-13,,,DIGITAL_ICT,True,4.0,False,0,12.352168199737187,,,no_temporal_score_reference_pool
25-82602,NAME:ville de nantes,NAME_FALLBACK,2025-07-18,2025-07-18,2029-07-18,2026-07-13,72,72243,DIGITAL_ICT,True,48.0,True,0,11.826544021024967,,,no_temporal_score_reference_pool
25-76566,SIRET:19753472000010,RAW_SIRET,2025-07-08,2025-07-08,2025-11-08,2026-07-13,,,DIGITAL_ICT,True,4.0,False,0,12.155059132720105,,,no_temporal_score_reference_pool
25-84924,NAME:groupement de commandes nantes metropole coordonnateur ville de nantes,NAME_FALLBACK,2025-07-24,2025-07-24,2028-07-24,2026-07-13,32,32321,DIGITAL_ICT,True,36.0,True,0,11.629434954007884,,,no_temporal_score_reference_pool
25-83123,NAME:communaute de communes sud vendee littoral,NAME_FALLBACK,2025-07-21,2025-07-21,2025-08-21,2026-07-13,48,48800,DIGITAL_ICT,True,1.0,False,1,2.33245729303548,25-108260,0.8181367936957031,no_temporal_score_reference_pool
25-74714,NAME:ensam,NAME_FALLBACK,2025-07-02,2025-07-02,2025-12-02,2026-07-13,,,DIGITAL_ICT,True,5.0,False,0,12.352168199737187,,,no_temporal_score_reference_pool
25-76461,SIRET:39172288100052,RAW_SIRET,2025-07-06,2026-04-29,2030-04-29,2026-07-13,,,DIGITAL_ICT,True,48.0,False,0,12.220762155059132,,,no_temporal_score_reference_pool
25-78846,NAME:syndicat intercommunal d energies de maine-et-loire,NAME_FALLBACK,2025-07-10,2025-07-10,2026-07-10,2026-07-13,38,38295,DIGITAL_ICT,True,12.0,False,0,12.089356110381077,,,no_temporal_score_reference_pool
25-79177,SIRET:20007191800011,RAW_SIRET,2025-07-12,2025-07-12,2025-11-12,2026-07-13,,,DIGITAL_ICT,True,4.0,False,0,12.02365308804205,,,no_temporal_score_reference_pool
25-81759,NAME:lycee des metiers chevrollier-greta-cfa 49,NAME_FALLBACK,2025-07-17,2025-07-17,2029-07-17,2026-07-13,30,30200,DIGITAL_ICT,True,48.0,False,0,11.859395532194482,,,no_temporal_score_reference_pool
25-83518,NAME:communaute de communes sevre et loire,NAME_FALLBACK,2025-07-22,2025-07-22,2029-07-22,2026-07-13,72,72250,DIGITAL_ICT,True,48.0,False,0,11.695137976346912,,,no_temporal_score_reference_pool
25-91547,NAME:departement de la sarthe,NAME_FALLBACK,2025-08-13,2026-01-10,2026-05-10,2026-07-13,,,DIGITAL_ICT,True,4.0,False,0,10.972404730617608,,,no_temporal_score_reference_pool
25-95477,SIRET:26440013600471,RAW_SIRET,2025-08-28,2025-08-28,2026-02-28,2026-07-13,,,DIGITAL_ICT,True,6.0,False,0,10.479632063074902,,,no_temporal_score_reference_pool
25-90009,NAME:nantes metropole,NAME_FALLBACK,2025-08-06,2025-08-06,2029-08-06,2026-07-13,72,72227,DIGITAL_ICT,True,48.0,True,0,11.202365308804206,,,no_temporal_score_reference_pool
25-95444,SIRET:26440013600471,RAW_SIRET,2025-08-28,2025-08-28,2026-02-28,2026-07-13,,,DIGITAL_ICT,True,6.0,False,0,10.479632063074902,,,no_temporal_score_reference_pool
25-87479,NAME:audencia eesc,NAME_FALLBACK,2025-08-01,2026-01-28,2031-01-28,2026-07-13,,,DIGITAL_ICT,True,60.0,False,0,11.366622864651774,,,no_temporal_score_reference_pool
25-108065,NAME:universite de rennes,NAME_FALLBACK,2025-09-30,2025-09-30,2027-09-30,2026-07-13,,,DIGITAL_ICT,True,24.0,False,0,9.395532194480946,,,no_temporal_score_reference_pool
25-105779,NAME:communaute de communes sud vendee littoral,NAME_FALLBACK,2025-09-23,2025-09-23,2028-09-23,2026-07-13,32,32424,DIGITAL_ICT,True,36.0,True,0,9.625492772667542,,,no_temporal_score_reference_pool
25-97524,NAME:semitan,NAME_FALLBACK,2025-09-02,2025-09-02,2027-03-02,2026-07-13,72,72224,DIGITAL_ICT,True,18.0,False,0,10.315374507227332,,,no_temporal_score_reference_pool
25-105200,SIRET:20006734600011,RAW_SIRET,2025-09-24,2025-09-24,2026-01-24,2026-07-13,,,DIGITAL_ICT,True,4.0,False,0,9.592641261498029,,,no_temporal_score_reference_pool
25-98193,NAME:departement de la sarthe,NAME_FALLBACK,2025-09-03,2025-09-03,2029-09-03,2026-07-13,79,79540,DIGITAL_ICT,True,48.0,False,0,10.28252299605782,,,no_temporal_score_reference_pool
25-101388,NAME:departement de la sarthe,NAME_FALLBACK,2025-09-11,2025-09-11,2029-09-11,2026-07-13,72,72611,DIGITAL_ICT,True,48.0,False,0,10.01971090670171,,,no_temporal_score_reference_pool
25-100139,SIRET:19440100600011,RAW_SIRET,2025-09-10,2025-09-10,2026-01-10,2026-07-13,,,DIGITAL_ICT,True,4.0,False,0,10.052562417871222,,,no_temporal_score_reference_pool
25-99444,NAME:chu nantes,NAME_FALLBACK,2025-09-08,2025-09-08,2026-03-08,2026-07-13,,,DIGITAL_ICT,True,6.0,False,1,8.83705650459921,26-55163,0.20947137145155903,no_temporal_score_reference_pool
25-108260,NAME:communaute de communes sud vendee littoral,NAME_FALLBACK,2025-09-30,2025-09-30,2028-10-30,2026-07-13,48,48800,DIGITAL_ICT,True,37.0,False,0,9.395532194480946,,,no_temporal_score_reference_pool
25-99983,NAME:rectorat de nantes,NAME_FALLBACK,2025-09-09,2025-09-09,2027-09-09,2026-07-13,72,72000,DIGITAL_ICT,True,24.0,False,0,10.085413929040737,,,no_temporal_score_reference_pool
25-101881,NAME:sdis de la sarthe,NAME_FALLBACK,2025-09-12,2025-09-12,2030-09-12,2026-07-13,32,32320,DIGITAL_ICT,True,60.0,False,0,9.986859395532194,,,no_temporal_score_reference_pool
25-100736,NAME:departement de la sarthe,NAME_FALLBACK,2025-09-12,2025-12-03,2026-04-03,2026-07-13,,,DIGITAL_ICT,True,4.0,False,0,9.986859395532194,,,no_temporal_score_reference_pool
25-111133,SIRET:13002974700016,RAW_SIRET,2025-10-08,2026-07-01,2027-01-01,2026-07-13,,,DIGITAL_ICT,True,6.0,True,0,9.132720105124836,,,no_temporal_score_reference_pool
25-117784,SIRET:21530130000012,RAW_SIRET,2025-10-22,2025-10-22,2026-02-22,2026-07-13,,,DIGITAL_ICT,True,4.0,False,0,8.672798948751643,,,no_temporal_score_reference_pool
25-120678,NAME:commune de pornic,NAME_FALLBACK,2025-10-29,2025-10-29,2028-10-29,2026-07-13,32,32323,DIGITAL_ICT,True,36.0,False,0,8.442838370565045,,,no_temporal_score_reference_pool
25-108467,SIRET:19720916600010,RAW_SIRET,2025-10-02,2025-10-02,2026-01-02,2026-07-13,,,DIGITAL_ICT,True,3.0,False,1,5.289093298291721,26-24820,0.1910048581682081,no_temporal_score_reference_pool
25-111645,SIRET:23440003400026,RAW_SIRET,2025-10-09,2025-10-09,2026-02-09,2026-07-13,,,DIGITAL_ICT,True,4.0,False,0,9.099868593955321,,,no_temporal_score_reference_pool
25-111161,NAME:frg02,NAME_FALLBACK,2025-10-07,2025-10-07,2029-10-07,2026-07-13,35,35120,DIGITAL_ICT,True,48.0,True,0,9.165571616294349,,,no_temporal_score_reference_pool
25-110155,NAME:ville de saint gilles croix de vie 85,NAME_FALLBACK,2025-10-03,2025-10-03,2028-10-03,2026-07-13,32,32342,DIGITAL_ICT,True,36.0,False,0,9.296977660972404,,,no_temporal_score_reference_pool
25-119712,NAME:ville du mans,NAME_FALLBACK,2025-10-27,2026-06-19,2030-06-19,2026-07-13,48,48330,DIGITAL_ICT,True,48.0,False,0,8.508541392904073,,,no_temporal_score_reference_pool
25-113300,NAME:ville de saint nazaire,NAME_FALLBACK,2025-10-10,2026-03-16,2027-03-16,2026-07-13,72,72267,DIGITAL_ICT,True,12.0,False,0,9.067017082785808,,,no_temporal_score_reference_pool
25-114696,NAME:cte de cnes du pays d ancenis,NAME_FALLBACK,2025-10-15,2025-12-30,2029-12-30,2026-07-13,72,72514,DIGITAL_ICT,True,48.0,False,0,8.902759526938238,,,no_temporal_score_reference_pool
25-121114,SIRET:23440003400026,RAW_SIRET,2025-10-31,2025-10-31,2026-02-28,2026-07-13,,,DIGITAL_ICT,True,4.0,False,1,0.8212877792378449,25-129489,0.6400000000000001,no_temporal_score_reference_pool
25-117215,NAME:sarthe culture,NAME_FALLBACK,2025-10-21,2025-11-04,2029-05-04,2026-07-13,,,DIGITAL_ICT,True,42.0,False,0,8.705650459921156,,,no_temporal_score_reference_pool
25-118417,NAME:ville d angers 49,NAME_FALLBACK,2025-10-23,2025-10-23,2029-10-23,2026-07-13,35,35120,DIGITAL_ICT,True,48.0,False,0,8.639947437582128,,,no_temporal_score_reference_pool
25-118527,NAME:ville de saint nazaire,NAME_FALLBACK,2025-10-24,2026-03-19,2026-08-19,2026-07-13,,,DIGITAL_ICT,True,5.0,False,0,8.607095926412615,,,no_temporal_score_reference_pool
25-118713,SIRET:21440020200013,RAW_SIRET,2025-10-25,2026-02-27,2026-06-27,2026-07-13,,,DIGITAL_ICT,True,4.0,False,0,8.5742444152431,,,no_temporal_score_reference_pool
25-116573,NAME:sdis de la sarthe,NAME_FALLBACK,2025-10-20,2025-10-20,2029-10-20,2026-07-13,35,35111,DIGITAL_ICT,True,48.0,False,0,8.73850197109067,,,no_temporal_score_reference_pool
25-114027,NAME:ville de saint nazaire,NAME_FALLBACK,2025-10-15,2026-03-19,2026-08-19,2026-07-13,,,DIGITAL_ICT,True,5.0,False,0,8.902759526938238,,,no_temporal_score_reference_pool
25-122865,NAME:ville de nantes,NAME_FALLBACK,2025-11-04,2025-11-04,2026-11-04,2026-07-13,45,45000,DIGITAL_ICT,True,12.0,True,0,8.245729303547963,,,no_temporal_score_reference_pool
25-128548,NAME:region des pays de la loire,NAME_FALLBACK,2025-11-20,2025-11-20,2029-11-20,2026-07-13,72,72000,DIGITAL_ICT,True,48.0,True,0,7.720105124835743,,,no_temporal_score_reference_pool
25-131747,NAME:conseil departemental de la mayenne,NAME_FALLBACK,2025-11-30,2026-03-11,2026-07-11,2026-07-13,,,DIGITAL_ICT,True,4.0,False,0,7.391590013140604,,,no_temporal_score_reference_pool
25-130935,SIRET:17440005100010,RAW_SIRET,2025-11-28,2025-11-28,2026-04-28,2026-07-13,,,DIGITAL_ICT,True,5.0,False,0,7.457293035479632,,,no_temporal_score_reference_pool
25-124007,NAME:ville d orvault,NAME_FALLBACK,2025-11-06,2025-11-06,2029-11-06,2026-07-13,35,35121,DIGITAL_ICT,True,48.0,True,0,8.180026281208935,,,no_temporal_score_reference_pool
25-129489,SIRET:23440003400026,RAW_SIRET,2025-11-25,2025-11-25,2026-03-25,2026-07-13,,,DIGITAL_ICT,True,4.0,False,1,1.8725361366622864,26-6662,0.19705662349728092,no_temporal_score_reference_pool
25-129855,NAME:chu nantes,NAME_FALLBACK,2025-11-24,2025-11-24,2026-11-24,2026-07-13,,,DIGITAL_ICT,True,12.0,False,0,7.588699080157688,,,no_temporal_score_reference_pool
25-123316,NAME:sarthe culture,NAME_FALLBACK,2025-11-05,2026-04-02,2029-10-02,2026-07-13,,,DIGITAL_ICT,True,42.0,False,0,8.21287779237845,,,no_temporal_score_reference_pool
25-138044,SIRET:19753472000010,RAW_SIRET,2025-12-17,2026-03-25,2026-06-25,2026-07-13,,,DIGITAL_ICT,True,3.0,False,0,6.83311432325887,,,no_temporal_score_reference_pool
25-143446,NAME:nantes metropole,NAME_FALLBACK,2025-12-31,2025-12-31,2029-12-31,2026-07-13,79,79824,DIGITAL_ICT,True,48.0,False,0,6.3731931668856765,,,no_temporal_score_reference_pool
25-141997,NAME:mairie de thouare-sur-loire,NAME_FALLBACK,2025-12-23,2025-12-23,2026-12-23,2026-07-13,72,72514,DIGITAL_ICT,True,12.0,False,0,6.636005256241787,,,no_temporal_score_reference_pool
25-137164,SIRET:24440040400129,RAW_SIRET,2025-12-14,2025-12-14,2026-05-14,2026-07-13,,,DIGITAL_ICT,True,5.0,False,1,2.4967148488830486,26-20284,0.22059775210866686,no_temporal_score_reference_pool
25-134329,NAME:nantes metropole,NAME_FALLBACK,2025-12-05,2025-12-05,2030-07-05,2026-07-13,48,48000,DIGITAL_ICT,True,55.0,False,0,7.227332457293035,,,no_temporal_score_reference_pool
25-135711,SIRET:24440040400129,RAW_SIRET,2025-12-11,2025-12-11,2026-05-11,2026-07-13,,,DIGITAL_ICT,True,5.0,False,1,2.59526938239159,26-20284,0.31107484092656806,no_temporal_score_reference_pool
25-137684,NAME:ville d orvault,NAME_FALLBACK,2025-12-15,2025-12-15,2029-12-15,2026-07-13,35,35121,DIGITAL_ICT,True,48.0,True,0,6.898817345597897,,,no_temporal_score_reference_pool
25-134888,SIRET:24440040400129,RAW_SIRET,2025-12-09,2025-12-09,2026-05-09,2026-07-13,,,DIGITAL_ICT,True,5.0,False,1,1.6754270696452036,26-9688,0.2326962273490356,no_temporal_score_reference_pool
25-142895,NAME:semitan mandataire de nantes metropole,NAME_FALLBACK,2025-12-31,2026-03-20,2026-07-20,2026-07-13,,,DIGITAL_ICT,True,4.0,False,0,6.3731931668856765,,,no_temporal_score_reference_pool
25-140719,NAME:mairie de st herblain,NAME_FALLBACK,2025-12-19,2025-12-19,2029-12-19,2026-07-13,48,48900,DIGITAL_ICT,True,48.0,True,0,6.767411300919842,,,no_temporal_score_reference_pool
26-6152,SIRET:77562907400011,RAW_SIRET,2026-01-20,2026-03-28,2026-08-28,2026-07-13,,,DIGITAL_ICT,True,5.0,False,0,5.716162943495401,,,no_temporal_score_reference_pool
26-2529,NAME:spl le mans evenements,NAME_FALLBACK,2026-01-09,2026-04-20,2026-10-20,2026-07-13,,,DIGITAL_ICT,True,6.0,True,0,6.077529566360052,,,no_temporal_score_reference_pool
26-3580,NAME:societe publique regionale abbaye de fontevraud,NAME_FALLBACK,2026-01-12,2026-01-12,2032-01-12,2026-07-13,72,72212,DIGITAL_ICT,True,72.0,False,0,5.978975032851511,,,no_temporal_score_reference_pool
26-4412,SIRET:21440067300015,RAW_SIRET,2026-01-15,2026-01-15,2026-04-15,2026-07-13,,,DIGITAL_ICT,True,3.0,False,0,5.88042049934297,,,no_temporal_score_reference_pool
26-6827,NAME:le mans metropole,NAME_FALLBACK,2026-01-20,2026-06-17,2034-06-17,2026-07-13,72,72224,DIGITAL_ICT,True,96.0,False,0,5.716162943495401,,,no_temporal_score_reference_pool
26-6662,SIRET:23440003400026,RAW_SIRET,2026-01-21,2026-05-21,2026-09-21,2026-07-13,,,DIGITAL_ICT,True,4.0,False,0,5.683311432325887,,,no_temporal_score_reference_pool
26-474,SIRET:20006895500018,RAW_SIRET,2026-01-07,2026-01-07,2026-05-07,2026-07-13,,,DIGITAL_ICT,True,4.0,False,0,6.14323258869908,,,no_temporal_score_reference_pool
26-8489,NAME:territoire d energie loire-atlantique,NAME_FALLBACK,2026-01-24,2026-04-30,2028-04-30,2026-07-13,72,72224,DIGITAL_ICT,True,24.0,False,0,5.5847568988173455,,,no_temporal_score_reference_pool
26-2995,SIRET:17440005100010,RAW_SIRET,2026-01-11,2026-04-19,2026-10-19,2026-07-13,,,DIGITAL_ICT,True,6.0,False,0,6.011826544021025,,,no_temporal_score_reference_pool
26-6849,NAME:nantes universite,NAME_FALLBACK,2026-01-20,2026-01-20,2026-07-20,2026-07-13,85,85311,DIGITAL_ICT,True,6.0,True,0,5.716162943495401,,,no_temporal_score_reference_pool
26-10403,NAME:conseil departemental de la mayenne,NAME_FALLBACK,2026-01-29,2026-01-29,2030-01-29,2026-07-13,72,72514,DIGITAL_ICT,True,48.0,False,0,5.4204993429697765,,,no_temporal_score_reference_pool
26-1571,SIRET:25440253000011,RAW_SIRET,2026-01-09,2026-01-09,2026-07-09,2026-07-13,,,DIGITAL_ICT,True,6.0,False,0,6.077529566360052,,,no_temporal_score_reference_pool
26-10000,NAME:smvsa,NAME_FALLBACK,2026-01-29,2026-01-29,2030-01-29,2026-07-13,35,35120,DIGITAL_ICT,True,48.0,True,0,5.4204993429697765,,,no_temporal_score_reference_pool
26-9688,SIRET:24440040400129,RAW_SIRET,2026-01-29,2026-01-29,2026-06-29,2026-07-13,,,DIGITAL_ICT,True,5.0,False,1,4.336399474375821,26-56462,0.3311944305591602,no_temporal_score_reference_pool
26-18712,SIRET:17440430100015,RAW_SIRET,2026-02-24,2026-02-24,2026-05-24,2026-07-13,,,DIGITAL_ICT,True,3.0,False,0,4.566360052562418,,,no_temporal_score_reference_pool
26-17888,NAME:conseil departemental loire atlantique,NAME_FALLBACK,2026-02-21,2026-06-14,2026-10-14,2026-07-13,,,DIGITAL_ICT,True,4.0,False,1,2.463863337713535,26-45351,0.21506413072315922,no_temporal_score_reference_pool
26-16633,NAME:ville de saint nazaire,NAME_FALLBACK,2026-02-18,2026-06-24,2026-11-24,2026-07-13,,,DIGITAL_ICT,True,5.0,False,0,4.763469119579501,,,no_temporal_score_reference_pool
26-17385,NAME:communaute d etablissements geriatriques de la vallee de la sarthe,NAME_FALLBACK,2026-02-18,2026-02-18,2030-02-18,2026-07-13,,,DIGITAL_ICT,True,48.0,False,0,4.763469119579501,,,no_temporal_score_reference_pool
26-12297,SIRET:75300061100032,RAW_SIRET,2026-02-06,2026-02-06,2026-04-06,2026-07-13,,,DIGITAL_ICT,True,2.0,False,0,5.157687253613666,,,no_temporal_score_reference_pool
26-13734,SIRET:13001954000025,RAW_SIRET,2026-02-10,2026-02-10,2026-08-10,2026-07-13,,,DIGITAL_ICT,True,6.0,False,0,5.026281208935611,,,no_temporal_score_reference_pool
26-11967,NAME:conseil departemental de la mayenne,NAME_FALLBACK,2026-02-04,2026-02-04,2030-02-04,2026-07-13,72,72268,DIGITAL_ICT,True,48.0,False,0,5.223390275952694,,,no_temporal_score_reference_pool
26-16483,NAME:pays de saint gilles croix de vie agglomeration 85,NAME_FALLBACK,2026-02-16,2026-02-16,2030-02-16,2026-07-13,48,48450,DIGITAL_ICT,True,48.0,True,0,4.829172141918528,,,no_temporal_score_reference_pool
26-20284,SIRET:24440040400129,RAW_SIRET,2026-02-28,2026-02-28,2026-08-28,2026-07-13,,,DIGITAL_ICT,True,6.0,False,1,3.350854139290407,26-56462,0.3630215915541494,no_temporal_score_reference_pool
26-28225,NAME:saintes grandes rives - l agglo,NAME_FALLBACK,2026-03-18,2026-03-18,2027-03-18,2026-07-13,35,35261,DIGITAL_ICT,True,12.0,False,0,3.8436268068331145,,,no_temporal_score_reference_pool
26-23402,SIRET:13002974700016,RAW_SIRET,2026-03-08,2026-03-08,2026-07-08,2026-07-13,,,DIGITAL_ICT,True,4.0,False,0,4.1721419185282524,,,no_temporal_score_reference_pool
26-31969,NAME:angers loire metropole 49,NAME_FALLBACK,2026-03-27,2026-03-27,2032-03-27,2026-07-13,72,72415,DIGITAL_ICT,True,72.0,False,0,3.54796320630749,,,no_temporal_score_reference_pool
26-28296,SIRET:23440003400026,RAW_SIRET,2026-03-19,2026-03-19,2026-07-19,2026-07-13,,,DIGITAL_ICT,True,4.0,False,0,3.8107752956636007,,,no_temporal_score_reference_pool
26-23151,NAME:departement de la vendee,NAME_FALLBACK,2026-03-05,2026-03-05,2028-03-05,2026-07-13,72,72261,DIGITAL_ICT,True,24.0,False,0,4.270696452036794,,,no_temporal_score_reference_pool
26-30515,NAME:syndicat mixte e-collectivites,NAME_FALLBACK,2026-03-24,2026-03-24,2028-03-24,2026-07-13,30,30000,DIGITAL_ICT,True,24.0,True,0,3.6465177398160313,,,no_temporal_score_reference_pool
26-24820,SIRET:19720916600010,RAW_SIRET,2026-03-12,2026-03-12,2026-06-12,2026-07-13,,,DIGITAL_ICT,True,3.0,False,0,4.040735873850197,,,no_temporal_score_reference_pool
26-27691,SIRET:18000501900047,RAW_SIRET,2026-03-18,2026-03-18,2030-03-18,2026-07-13,,,DIGITAL_ICT,True,48.0,False,0,3.8436268068331145,,,no_temporal_score_reference_pool
26-29624,NAME:mauges communaute,NAME_FALLBACK,2026-03-23,2026-03-23,2030-03-23,2026-07-13,48,48600,DIGITAL_ICT,True,48.0,True,0,3.679369250985545,,,no_temporal_score_reference_pool
26-31691,SIRET:24490001500011,RAW_SIRET,2026-03-28,2026-03-28,2026-07-28,2026-07-13,,,DIGITAL_ICT,True,4.0,False,1,3.219448094612352,26-65847,0.20611038299075393,no_temporal_score_reference_pool
26-23621,NAME:ville du mans,NAME_FALLBACK,2026-03-08,2026-03-08,2026-07-08,2026-07-13,,,DIGITAL_ICT,True,4.0,False,0,4.1721419185282524,,,no_temporal_score_reference_pool
26-21120,NAME:ville du mans,NAME_FALLBACK,2026-03-02,2026-07-08,2030-07-08,2026-07-13,,,DIGITAL_ICT,True,48.0,False,0,4.369250985545335,,,no_temporal_score_reference_pool
26-25929,NAME:ville d orvault,NAME_FALLBACK,2026-03-12,2026-03-12,2030-03-12,2026-07-13,48,48952,DIGITAL_ICT,True,48.0,True,0,4.040735873850197,,,no_temporal_score_reference_pool
26-40955,NAME:angers loire metropole 49,NAME_FALLBACK,2026-04-22,2026-04-22,2029-04-22,2026-07-13,72,72314,DIGITAL_ICT,True,36.0,False,0,2.6938239159001314,,,no_temporal_score_reference_pool
26-43788,NAME:nantes metropole,NAME_FALLBACK,2026-04-30,2026-04-30,2030-04-30,2026-07-13,48,48000,DIGITAL_ICT,True,48.0,False,0,2.431011826544021,,,no_temporal_score_reference_pool
26-33353,NAME:loire-atlantique developpement - gie,NAME_FALLBACK,2026-04-02,2026-04-02,2026-08-02,2026-07-13,,,DIGITAL_ICT,True,4.0,False,0,3.350854139290407,,,no_temporal_score_reference_pool
26-34821,NAME:communaute d agglomeration saumur val de loire 49,NAME_FALLBACK,2026-04-03,2026-04-03,2029-04-03,2026-07-13,32,32321,DIGITAL_ICT,True,36.0,True,0,3.3180026281208934,,,no_temporal_score_reference_pool
26-41056,NAME:mairie de st herblain,NAME_FALLBACK,2026-04-22,2026-04-22,2030-04-22,2026-07-13,48,48952,DIGITAL_ICT,True,48.0,True,0,2.6938239159001314,,,no_temporal_score_reference_pool
26-35274,NAME:syclea 85,NAME_FALLBACK,2026-04-07,2026-04-07,2030-04-07,2026-07-13,48,48000,DIGITAL_ICT,True,48.0,False,0,3.1865965834428382,,,no_temporal_score_reference_pool
26-33900,SIRET:20003329800015,RAW_SIRET,2026-04-03,2026-04-03,2026-08-03,2026-07-13,,,DIGITAL_ICT,True,4.0,False,0,3.3180026281208934,,,no_temporal_score_reference_pool
26-32976,SIRET:11001001400014,RAW_SIRET,2026-04-01,2026-04-01,2026-10-01,2026-07-13,,,DIGITAL_ICT,True,6.0,False,1,2.7923784494086727,26-62132,0.6390122463705388,no_temporal_score_reference_pool
26-33573,NAME:nantes metropole,NAME_FALLBACK,2026-04-01,2026-04-01,2030-04-01,2026-07-13,48,48000,DIGITAL_ICT,True,48.0,False,0,3.383705650459921,,,no_temporal_score_reference_pool
26-39178,SIRET:52411092100037,RAW_SIRET,2026-04-19,2026-04-19,2026-08-19,2026-07-13,,,DIGITAL_ICT,True,4.0,False,0,2.7923784494086727,,,no_temporal_score_reference_pool
26-50474,NAME:megalis,NAME_FALLBACK,2026-05-21,2026-05-21,2030-05-21,2026-07-13,35,35121,DIGITAL_ICT,True,48.0,True,0,1.7411300919842312,,,no_temporal_score_reference_pool
26-45351,NAME:conseil departemental loire atlantique,NAME_FALLBACK,2026-05-07,2026-05-07,2027-05-07,2026-07-13,,,DIGITAL_ICT,True,12.0,False,0,2.2010512483574245,,,no_temporal_score_reference_pool
26-47097,NAME:redon agglomeration,NAME_FALLBACK,2026-05-11,2026-05-11,2030-05-11,2026-07-13,,,DIGITAL_ICT,True,48.0,False,0,2.0696452036793693,,,no_temporal_score_reference_pool
26-46442,SIRET:18009202500121,RAW_SIRET,2026-05-09,2026-05-09,2026-10-09,2026-07-13,,,DIGITAL_ICT,True,5.0,False,0,2.135348226018397,,,no_temporal_score_reference_pool
26-47287,NAME:commune de bouaye,NAME_FALLBACK,2026-05-12,2026-05-12,2026-11-12,2026-07-13,,,DIGITAL_ICT,True,6.0,True,0,2.0367936925098555,,,no_temporal_score_reference_pool
26-48875,NAME:cmar pays de loire,NAME_FALLBACK,2026-05-18,2026-05-18,2026-11-18,2026-07-13,,,DIGITAL_ICT,True,6.0,False,0,1.8396846254927726,,,no_temporal_score_reference_pool
26-46996,NAME:conseil departemental de la mayenne,NAME_FALLBACK,2026-05-11,2026-05-11,2030-05-11,2026-07-13,72,72810,DIGITAL_ICT,True,48.0,False,0,2.0696452036793693,,,no_temporal_score_reference_pool
26-52382,NAME:ville de vertou,NAME_FALLBACK,2026-05-28,2026-05-28,2030-05-28,2026-07-13,35,35113,DIGITAL_ICT,True,48.0,True,0,1.5111695137976346,,,no_temporal_score_reference_pool
26-44226,SIRET:13001044000019,RAW_SIRET,2026-05-02,2026-05-02,2026-11-02,2026-07-13,,,DIGITAL_ICT,True,6.0,False,0,2.3653088042049935,,,no_temporal_score_reference_pool
26-49296,SIRET:28440001700018,RAW_SIRET,2026-05-20,2026-05-20,2026-09-20,2026-07-13,,,DIGITAL_ICT,True,4.0,False,0,1.773981603153745,,,no_temporal_score_reference_pool
26-53177,NAME:departement du maine et loire,NAME_FALLBACK,2026-05-29,2026-05-29,2029-12-29,2026-07-13,72,72268,DIGITAL_ICT,True,43.0,False,0,1.4783180026281209,,,no_temporal_score_reference_pool
26-52332,NAME:conseil departemental de la mayenne,NAME_FALLBACK,2026-05-29,2026-05-29,2026-09-29,2026-07-13,,,DIGITAL_ICT,True,4.0,False,0,1.4783180026281209,,,no_temporal_score_reference_pool
26-46704,NAME:syndicat mixte e-collectivites,NAME_FALLBACK,2026-05-07,2026-05-07,2026-11-07,2026-07-13,30,30000,DIGITAL_ICT,True,6.0,False,0,2.2010512483574245,,,no_temporal_score_reference_pool
26-52573,NAME:trivalis 85,NAME_FALLBACK,2026-05-28,2026-05-28,2026-08-28,2026-07-13,,,DIGITAL_ICT,True,3.0,False,0,1.5111695137976346,,,no_temporal_score_reference_pool
26-48762,NAME:conseil departemental de la mayenne,NAME_FALLBACK,2026-05-19,2026-05-19,2026-09-19,2026-07-13,,,DIGITAL_ICT,True,4.0,False,1,0.328515111695138,26-52332,0.5866666666666662,no_temporal_score_reference_pool
26-59707,NAME:gip loire estuaire,NAME_FALLBACK,2026-06-16,2026-06-16,2028-06-16,2026-07-13,71,71351,DIGITAL_ICT,True,24.0,False,0,0.8869908015768725,,,no_temporal_score_reference_pool
26-53578,NAME:universite rennes 2,NAME_FALLBACK,2026-06-01,2026-06-01,2030-06-01,2026-07-13,72,72212,DIGITAL_ICT,True,48.0,True,0,1.3797634691195795,,,no_temporal_score_reference_pool
26-63482,SIRET:25440253000011,RAW_SIRET,2026-06-28,2026-06-28,2026-10-28,2026-07-13,,,DIGITAL_ICT,True,4.0,False,0,0.492772667542707,,,no_temporal_score_reference_pool
26-61953,NAME:centre hospitalier de cholet,NAME_FALLBACK,2026-06-23,2026-06-23,2029-06-23,2026-07-13,32,32000,DIGITAL_ICT,True,36.0,True,0,0.657030223390276,,,no_temporal_score_reference_pool
26-55163,NAME:chu nantes,NAME_FALLBACK,2026-06-04,2026-06-04,2027-06-04,2026-07-13,,,DIGITAL_ICT,True,12.0,False,0,1.281208935611038,,,no_temporal_score_reference_pool
26-55110,NAME:region des pays de la loire,NAME_FALLBACK,2026-06-04,2026-06-04,2027-06-04,2026-07-13,48,48440,DIGITAL_ICT,True,12.0,False,0,1.281208935611038,,,no_temporal_score_reference_pool
26-60185,NAME:nantes metropole,NAME_FALLBACK,2026-06-17,2026-06-17,2030-06-17,2026-07-13,48,48000,DIGITAL_ICT,True,48.0,False,0,0.8541392904073587,,,no_temporal_score_reference_pool
26-57794,NAME:universite de rennes,NAME_FALLBACK,2026-06-11,2026-06-11,2026-10-11,2026-07-13,42,42621,DIGITAL_ICT,True,4.0,False,0,1.0512483574244416,,,no_temporal_score_reference_pool
26-59246,NAME:mairie de st herblain,NAME_FALLBACK,2026-06-16,2026-06-16,2030-06-16,2026-07-13,48,48900,DIGITAL_ICT,True,48.0,False,0,0.8869908015768725,,,no_temporal_score_reference_pool
26-53592,NAME:commune de fontenay le comte,NAME_FALLBACK,2026-06-01,2026-06-01,2029-06-01,2026-07-13,32,32323,DIGITAL_ICT,True,36.0,False,0,1.3797634691195795,,,no_temporal_score_reference_pool
26-62679,NAME:ville du mans,NAME_FALLBACK,2026-06-25,2026-06-25,2026-10-25,2026-07-13,,,DIGITAL_ICT,True,4.0,False,0,0.5913272010512484,,,no_temporal_score_reference_pool
26-55852,SIRET:26490003600015,RAW_SIRET,2026-06-07,2026-06-07,2026-10-07,2026-07-13,,,DIGITAL_ICT,True,4.0,False,0,1.1826544021024967,,,no_temporal_score_reference_pool
26-60199,NAME:ville de saint nazaire,NAME_FALLBACK,2026-06-17,2026-06-17,2030-06-17,2026-07-13,72,72314,DIGITAL_ICT,True,48.0,False,0,0.8541392904073587,,,no_temporal_score_reference_pool
26-60330,NAME:mairie de reze,NAME_FALLBACK,2026-06-18,2026-06-18,2029-06-18,2026-07-13,32,32342,DIGITAL_ICT,True,36.0,False,0,0.8212877792378449,,,no_temporal_score_reference_pool
26-54160,SIRET:25850022200033,RAW_SIRET,2026-06-04,2026-06-04,2033-06-04,2026-07-13,,,DIGITAL_ICT,True,84.0,False,0,1.281208935611038,,,no_temporal_score_reference_pool
26-62132,SIRET:11001001400014,RAW_SIRET,2026-06-25,2026-06-25,2026-12-25,2026-07-13,,,DIGITAL_ICT,True,6.0,False,0,0.5913272010512484,,,no_temporal_score_reference_pool
26-62538,SIRET:85403311500015,RAW_SIRET,2026-06-25,2026-06-25,2030-06-25,2026-07-13,,,DIGITAL_ICT,True,48.0,False,0,0.5913272010512484,,,no_temporal_score_reference_pool
26-58495,NAME:insa rennes,NAME_FALLBACK,2026-06-12,2026-06-12,2027-12-12,2026-07-13,45,45262,DIGITAL_ICT,True,18.0,False,0,1.0183968462549278,,,no_temporal_score_reference_pool
26-60182,SIRET:24440040400129,RAW_SIRET,2026-06-19,2026-06-19,2026-11-19,2026-07-13,,,DIGITAL_ICT,True,5.0,False,0,0.7884362680683311,,,no_temporal_score_reference_pool
26-56462,SIRET:24440040400129,RAW_SIRET,2026-06-10,2026-06-10,2026-11-10,2026-07-13,,,DIGITAL_ICT,True,5.0,False,1,0.2956636005256242,26-60182,0.2410417094199948,no_temporal_score_reference_pool
26-66594,NAME:conseil departemental de la mayenne,NAME_FALLBACK,2026-07-03,2026-07-03,2030-07-03,2026-07-13,48,48421,DIGITAL_ICT,True,48.0,False,0,0.328515111695138,,,no_temporal_score_reference_pool
26-67753,NAME:commune de fontenay le comte,NAME_FALLBACK,2026-07-07,2026-07-07,2029-07-07,2026-07-13,32,32323,DIGITAL_ICT,True,36.0,False,0,0.19710906701708278,,,no_temporal_score_reference_pool
26-68031,NAME:lycee polyvalent robert garnier,NAME_FALLBACK,2026-07-08,2026-07-08,2027-03-08,2026-07-13,42,42632,DIGITAL_ICT,True,8.0,True,0,0.164257555847569,,,no_temporal_score_reference_pool
26-68497,SIRET:54665016900057,RAW_SIRET,2026-07-10,2026-07-10,2026-11-10,2026-07-13,,,DIGITAL_ICT,True,4.0,False,0,0.09855453350854139,,,no_temporal_score_reference_pool
26-66290,NAME:conseil departemental de la mayenne,NAME_FALLBACK,2026-07-03,2026-07-03,2027-07-03,2026-07-13,72,72242,DIGITAL_ICT,True,12.0,False,0,0.328515111695138,,,no_temporal_score_reference_pool
26-66699,NAME:lycee des metiers chevrollier-greta,NAME_FALLBACK,2026-07-06,2026-07-06,2027-03-06,2026-07-13,42,42636,DIGITAL_ICT,True,8.0,True,0,0.22996057818659657,,,no_temporal_score_reference_pool
26-68117,SIRET:45072478600030,RAW_SIRET,2026-07-09,2026-07-09,2026-11-09,2026-07-13,,,DIGITAL_ICT,True,4.0,False,0,0.1314060446780552,,,no_temporal_score_reference_pool
26-68729,NAME:corepem,NAME_FALLBACK,2026-07-09,2026-07-09,2028-03-09,2026-07-13,,,DIGITAL_ICT,True,20.0,False,0,0.1314060446780552,,,no_temporal_score_reference_pool
26-65847,SIRET:24490001500011,RAW_SIRET,2026-07-04,2026-07-04,2027-01-04,2026-07-13,,,DIGITAL_ICT,True,6.0,False,0,0.2956636005256242,,,no_temporal_score_reference_pool
