source_notice_id,candidate_notice_id,source_date,candidate_date,buyer_key,buyer_key_type,gap_months,expected_end_date,abs_gap_to_expected_end,s_time,s_text,s_cpv,s_buyer,composite_score,gradient_boosting_score,transfer_score,candidate_rank,top1_top2_margin,n_candidates_for_source,confidence_tier,variant,threshold_used,model_name,benchmark_version,threshold_source,logistic_score
15-101283,16-102267,2015-07-01,2016-07-09,NAME:caf de la sarthe,NAME_FALLBACK,12.28646517739816,2016-04-23,2.5295663600525624,0.5784056066579062,0.337109542221377,1.0,0.6,0.6225897414419586,0.960603625253115,0.960603625253115,1,0.6225897414419586,1,HIGH,gradient_boosting_synthetic_v0_4_transfer,0.2309637726207583,gradient_boosting,v0_4_population_alias_revision,central_calibration_worlds_005_006_rank1_f1_max,
15-102348,16-48016,2015-07-03,2016-03-31,NAME:universite de nantes,NAME_FALLBACK,8.935611038107753,2016-03-06,0.8212877792378449,0.8631187034603591,0.2726721156563377,1.0,0.6,0.671214916344808,0.9321263702267216,0.9321263702267216,1,0.1964295053862257,12,HIGH,gradient_boosting_synthetic_v0_4_transfer,0.2309637726207583,gradient_boosting,v0_4_population_alias_revision,central_calibration_worlds_005_006_rank1_f1_max,
15-102510,16-183156,2015-07-03,2016-12-23,SIRET:22720002900014,RAW_SIRET,17.706964520367936,2016-09-30,2.759526938239159,0.5400788436268069,0.0301700482473242,0.8,1.0,0.4855792277932652,0.6831673869644832,0.6831673869644832,1,0.135446956289664,2,HIGH,gradient_boosting_synthetic_v0_4_transfer,0.2309637726207583,gradient_boosting,v0_4_population_alias_revision,central_calibration_worlds_005_006_rank1_f1_max,
15-111481,16-7640,2015-07-20,2016-01-18,NAME:chu de nantes,NAME_FALLBACK,5.978975032851511,2016-01-20,0.0657030223390276,0.9890494962768288,0.5475438361239635,1.0,0.6,0.7989027167125944,0.9523978007550897,0.9523978007550897,1,0.387568526006604,5,HIGH,gradient_boosting_synthetic_v0_4_transfer,0.2309637726207583,gradient_boosting,v0_4_population_alias_revision,central_calibration_worlds_005_006_rank1_f1_max,
15-136102,15-155719,2015-09-07,2015-10-13,NAME:sm megalis,NAME_FALLBACK,1.1826544021024967,2016-01-07,2.8252299605781865,0.5291283399036355,0.9510071013121866,1.0,0.6,0.825134570435174,0.8554794834738785,0.8554794834738785,1,0.2210207291260015,2,HIGH,gradient_boosting_synthetic_v0_4_transfer,0.2309637726207583,gradient_boosting,v0_4_population_alias_revision,central_calibration_worlds_005_006_rank1_f1_max,
15-137458,15-155719,2015-09-09,2015-10-13,NAME:sm megalis,NAME_FALLBACK,1.1169513797634691,2016-01-09,2.890932982917214,0.5181778361804643,0.4303209238308393,1.0,0.6,0.6401567823859098,0.9126373043206055,0.9126373043206055,1,0.6401567823859098,1,HIGH,gradient_boosting_synthetic_v0_4_transfer,0.2309637726207583,gradient_boosting,v0_4_population_alias_revision,central_calibration_worlds_005_006_rank1_f1_max,
15-139562,16-146809,2015-09-11,2016-10-10,NAME:c h d la roche sur yon-lucon-montaigu,NAME_FALLBACK,12.976346911957949,2017-01-22,3.416557161629435,0.4305738063950942,0.470999994416253,0.2,0.6,0.3924934496444621,0.7550695512879111,0.7550695512879111,1,0.3924934496444621,1,HIGH,gradient_boosting_synthetic_v0_4_transfer,0.2309637726207583,gradient_boosting,v0_4_population_alias_revision,central_calibration_worlds_005_006_rank1_f1_max,
15-140966,16-101519,2015-09-15,2016-07-07,NAME:commune de saint jean de monts,NAME_FALLBACK,9.724047306176084,2016-05-24,1.445466491458607,0.7590889180902322,0.3756679594355756,0.1,0.6,0.4112560153250095,0.3517317447092359,0.3517317447092359,1,0.4112560153250095,1,MEDIUM,gradient_boosting_synthetic_v0_4_transfer,0.2309637726207583,gradient_boosting,v0_4_population_alias_revision,central_calibration_worlds_005_006_rank1_f1_max,
15-145608,16-73008,2015-09-24,2016-05-20,NAME:ccir pays de la loire,NAME_FALLBACK,7.851511169513797,2016-01-24,3.843626806833114,0.3593955321944809,0.0075416885373478,0.1,0.6,0.182488474036692,0.2725912925679225,0.2725912925679225,1,0.182488474036692,1,MEDIUM,gradient_boosting_synthetic_v0_4_transfer,0.2309637726207583,gradient_boosting,v0_4_population_alias_revision,central_calibration_worlds_005_006_rank1_f1_max,
15-146824,16-9312,2015-09-28,2016-03-15,NAME:ville de cholet,NAME_FALLBACK,5.551905387647832,2016-03-28,0.4270696452036793,0.9288217257993868,0.0943536266694895,0.1,0.6,0.355229200784168,0.247212157452608,0.247212157452608,1,0.355229200784168,1,MEDIUM,gradient_boosting_synthetic_v0_4_transfer,0.2309637726207583,gradient_boosting,v0_4_population_alias_revision,central_calibration_worlds_005_006_rank1_f1_max,
15-153604,16-79410,2015-10-08,2016-06-07,NAME:cte de cnes du pays fontenay le comte,NAME_FALLBACK,7.982917214191852,2016-04-08,1.971090670170828,0.6714848883048621,0.0653782661404476,0.1,0.6,0.2807536152253722,0.27875548381223975,0.27875548381223975,1,0.2807536152253722,1,MEDIUM,gradient_boosting_synthetic_v0_4_transfer,0.2309637726207583,gradient_boosting,v0_4_population_alias_revision,central_calibration_worlds_005_006_rank1_f1_max,
15-159973,16-94711,2015-10-28,2016-07-04,NAME:vendee eau,NAME_FALLBACK,8.21287779237845,2016-07-07,0.0985545335085413,0.9835742444152432,0.080153370039381,1.0,0.6,0.6339472406175941,0.9366216007067407,0.9366216007067407,1,0.0945166388035125,2,HIGH,gradient_boosting_synthetic_v0_4_transfer,0.2309637726207583,gradient_boosting,v0_4_population_alias_revision,central_calibration_worlds_005_006_rank1_f1_max,
15-165050,15-174987,2015-10-29,2015-11-18,NAME:angers loire metropole,NAME_FALLBACK,0.657030223390276,2016-04-29,5.354796320630749,0.1075339465615418,0.971958674112424,1.0,0.6,0.7270690225797338,0.7569774898889439,0.7569774898889439,1,0.3537555224540879,10,HIGH,gradient_boosting_synthetic_v0_4_transfer,0.2309637726207583,gradient_boosting,v0_4_population_alias_revision,central_calibration_worlds_005_006_rank1_f1_max,
15-165845,16-173853,2015-10-30,2016-12-02,NAME:commune de le pellerin,NAME_FALLBACK,13.107752956636006,2016-08-08,3.8107752956636,0.3648707840560666,0.1983871468645742,0.1,0.6,0.2506531974166176,0.301842160482457,0.301842160482457,1,0.2506531974166176,1,MEDIUM,gradient_boosting_synthetic_v0_4_transfer,0.2309637726207583,gradient_boosting,v0_4_population_alias_revision,central_calibration_worlds_005_006_rank1_f1_max,
15-169809,15-182957,2015-11-09,2015-12-04,NAME:chu de nantes,NAME_FALLBACK,0.8212877792378449,2016-05-09,5.157687253613666,0.1403854577310556,0.9479573418528516,1.0,0.6,0.7268814340812619,0.7665534862131983,0.7665534862131983,1,0.0015051518303461,7,POTENTIAL,gradient_boosting_synthetic_v0_4_transfer,0.2309637726207583,gradient_boosting,v0_4_population_alias_revision,central_calibration_worlds_005_006_rank1_f1_max,
15-171733,16-85256,2015-11-10,2016-06-09,NAME:s i d energies de maine et loire,NAME_FALLBACK,6.964520367936925,2016-05-10,0.985545335085414,0.835742444152431,0.0431773179995268,0.1,0.6,0.3140476723379422,0.2779061485009142,0.2779061485009142,1,0.3140476723379422,1,MEDIUM,gradient_boosting_synthetic_v0_4_transfer,0.2309637726207583,gradient_boosting,v0_4_population_alias_revision,central_calibration_worlds_005_006_rank1_f1_max,
15-173090,16-70203,2015-11-16,2016-05-17,NAME:universite de nantes,NAME_FALLBACK,6.011826544021025,2016-07-28,2.365308804204993,0.6057818659658345,0.065630527192823,1.0,0.6,0.5344161510089467,0.9492056531169012,0.9492056531169012,1,0.0280202360181862,10,POTENTIAL,gradient_boosting_synthetic_v0_4_transfer,0.2309637726207583,gradient_boosting,v0_4_population_alias_revision,central_calibration_worlds_005_006_rank1_f1_max,
15-173700,16-17002,2015-11-17,2016-02-04,NAME:ville de reze,NAME_FALLBACK,2.59526938239159,2016-05-17,3.383705650459921,0.4360490582566798,0.9164580923815036,1.0,0.6,0.7897725968976963,0.9199966156188477,0.9199966156188477,1,0.5896010940734697,3,HIGH,gradient_boosting_synthetic_v0_4_transfer,0.2309637726207583,gradient_boosting,v0_4_population_alias_revision,central_calibration_worlds_005_006_rank1_f1_max,
15-174358,16-70203,2015-11-17,2016-05-17,NAME:universite de nantes,NAME_FALLBACK,5.978975032851511,2016-07-28,2.365308804204993,0.6057818659658345,0.0657775511331507,1.0,0.6,0.5344676093880614,0.9492056531169012,0.9492056531169012,1,0.0295174265200425,10,POTENTIAL,gradient_boosting_synthetic_v0_4_transfer,0.2309637726207583,gradient_boosting,v0_4_population_alias_revision,central_calibration_worlds_005_006_rank1_f1_max,
15-179747,15-182957,2015-11-27,2015-12-04,NAME:chu de nantes,NAME_FALLBACK,0.2299605781865965,2016-05-27,5.7490144546649145,0.0418309242225142,0.975727238254414,1.0,0.6,0.7119622644446733,0.5539065265752264,0.5539065265752264,1,0.2414652535864784,7,HIGH,gradient_boosting_synthetic_v0_4_transfer,0.2309637726207583,gradient_boosting,v0_4_population_alias_revision,central_calibration_worlds_005_006_rank1_f1_max,
15-184743,16-80474,2015-12-11,2016-06-15,NAME:com communes du pays d ancenis,NAME_FALLBACK,6.14323258869908,2016-06-11,0.1314060446780552,0.9780989925536576,0.1665403361023132,0.1,0.6,0.392813865774224,0.23974536542341404,0.23974536542341404,1,0.392813865774224,1,MEDIUM,gradient_boosting_synthetic_v0_4_transfer,0.2309637726207583,gradient_boosting,v0_4_population_alias_revision,central_calibration_worlds_005_006_rank1_f1_max,
15-192276,16-94711,2016-02-05,2016-07-04,NAME:vendee eau,NAME_FALLBACK,4.92772667542707,2016-11-30,4.894875164257556,0.1841874726237407,0.0367841550534658,1.0,0.6,0.4189213224246482,0.9349229833995556,0.9349229833995556,1,0.0945803920689609,3,HIGH,gradient_boosting_synthetic_v0_4_transfer,0.2309637726207583,gradient_boosting,v0_4_population_alias_revision,central_calibration_worlds_005_006_rank1_f1_max,
15-192356,16-128161,2015-12-24,2016-09-09,NAME:nantes metropole,NAME_FALLBACK,8.541392904073588,2016-06-24,2.5295663600525624,0.5784056066579062,0.0696996763521152,1.0,0.6,0.5289962883877168,0.9208445989145935,0.9208445989145935,1,0.1571488848289535,20,HIGH,gradient_boosting_synthetic_v0_4_transfer,0.2309637726207583,gradient_boosting,v0_4_population_alias_revision,central_calibration_worlds_005_006_rank1_f1_max,
15-192825,16-146809,2015-12-24,2016-10-10,NAME:c h d la roche sur yon-lucon-montaigu,NAME_FALLBACK,9.559789750328514,2016-06-24,3.54796320630749,0.4086727989487516,0.8373912725929985,1.0,0.6,0.7552551451447373,0.8231096859088713,0.8231096859088713,1,0.7552551451447373,1,HIGH,gradient_boosting_synthetic_v0_4_transfer,0.2309637726207583,gradient_boosting,v0_4_population_alias_revision,central_calibration_worlds_005_006_rank1_f1_max,
15-44894,15-126736,2015-03-24,2015-08-13,NAME:prefecture,NAME_FALLBACK,4.664914586070959,2015-09-24,1.3797634691195797,0.7700394218134035,0.4195899788242906,0.1,0.6,0.4293663480418526,0.38495125637532396,0.38495125637532396,1,0.4293663480418526,1,MEDIUM,gradient_boosting_synthetic_v0_4_transfer,0.2309637726207583,gradient_boosting,v0_4_population_alias_revision,central_calibration_worlds_005_006_rank1_f1_max,
15-47696,15-52664,2015-03-30,2015-04-08,SIRET:12000601000058,RAW_SIRET,0.2956636005256242,2015-09-30,5.7490144546649145,0.0418309242225142,0.8461860645636888,1.0,1.0,0.7066228536529195,0.5339830857794784,0.5339830857794784,1,0.4389228745889888,4,HIGH,gradient_boosting_synthetic_v0_4_transfer,0.2309637726207583,gradient_boosting,v0_4_population_alias_revision,central_calibration_worlds_005_006_rank1_f1_max,
15-48624,16-49315,2015-03-31,2016-04-05,NAME:rectorat de l academie de nantes,NAME_FALLBACK,12.187910643889618,2016-03-31,0.164257555847569,0.9726237406920718,0.0800239965818713,0.1,0.6,0.3611643339766729,0.32031270921014066,0.32031270921014066,1,0.3611643339766729,1,MEDIUM,gradient_boosting_synthetic_v0_4_transfer,0.2309637726207583,gradient_boosting,v0_4_population_alias_revision,central_calibration_worlds_005_006_rank1_f1_max,
15-58213,16-16005,2015-04-17,2016-02-03,NAME:ville d orvault,NAME_FALLBACK,9.592641261498027,2015-10-17,3.580814717477004,0.403197547087166,0.0736103220314869,0.1,0.6,0.2165629994828119,0.2923797429582545,0.2923797429582545,1,0.2165629994828119,1,MEDIUM,gradient_boosting_synthetic_v0_4_transfer,0.2309637726207583,gradient_boosting,v0_4_population_alias_revision,central_calibration_worlds_005_006_rank1_f1_max,
15-58339,15-175690,2015-04-17,2015-11-20,NAME:cnieg,NAME_FALLBACK,7.128777923784494,2016-02-06,2.562417871222076,0.5729303547963207,0.2714421172258746,1.0,0.6,0.5982373297281363,0.950594913743136,0.950594913743136,1,0.0788879626340282,5,HIGH,gradient_boosting_synthetic_v0_4_transfer,0.2309637726207583,gradient_boosting,v0_4_population_alias_revision,central_calibration_worlds_005_006_rank1_f1_max,
15-58971,16-36754,2015-04-17,2016-03-15,NAME:cci de maine et loire,NAME_FALLBACK,10.939553219448094,2015-10-17,4.92772667542707,0.1787122207621551,0.1235279158691149,0.1,0.6,0.177912825744729,0.3058222607901377,0.3058222607901377,1,0.177912825744729,1,MEDIUM,gradient_boosting_synthetic_v0_4_transfer,0.2309637726207583,gradient_boosting,v0_4_population_alias_revision,central_calibration_worlds_005_006_rank1_f1_max,
15-58989,15-105085,2015-04-17,2015-07-07,NAME:ccir pays de la loire,NAME_FALLBACK,2.6609724047306176,2015-10-17,3.350854139290407,0.4415243101182654,0.0360290411772068,1.0,0.6,0.4829912419415887,0.9233138476543599,0.9233138476543599,1,0.1811249667257728,2,HIGH,gradient_boosting_synthetic_v0_4_transfer,0.2309637726207583,gradient_boosting,v0_4_population_alias_revision,central_calibration_worlds_005_006_rank1_f1_max,
15-59370,15-92216,2015-04-20,2015-06-16,NAME:chu de nantes,NAME_FALLBACK,1.8725361366622864,2015-10-20,4.139290407358739,0.3101182654402102,0.0670171420123232,1.0,0.6,0.4609855660643657,0.8579152468712898,0.8579152468712898,1,0.0172598090061074,11,POTENTIAL,gradient_boosting_synthetic_v0_4_transfer,0.2309637726207583,gradient_boosting,v0_4_population_alias_revision,central_calibration_worlds_005_006_rank1_f1_max,
15-60447,15-126308,2015-04-20,2015-08-13,NAME:sdis 44,NAME_FALLBACK,3.7779237844940874,2015-10-20,2.2339027595269383,0.6276828734121769,0.7435029661301509,1.0,0.6,0.777146756498597,0.9524992654834284,0.9524992654834284,1,0.4430474703119413,3,HIGH,gradient_boosting_synthetic_v0_4_transfer,0.2309637726207583,gradient_boosting,v0_4_population_alias_revision,central_calibration_worlds_005_006_rank1_f1_max,
15-78916,16-72442,2015-05-22,2016-05-22,NAME:chu de nantes,NAME_FALLBACK,12.02365308804205,2015-11-22,5.978975032851511,0.0035041611914148,0.1447018576641215,0.8,0.6,0.3515216904802962,0.6923844795895296,0.6923844795895296,1,0.0302498263118499,10,POTENTIAL,gradient_boosting_synthetic_v0_4_transfer,0.2309637726207583,gradient_boosting,v0_4_population_alias_revision,central_calibration_worlds_005_006_rank1_f1_max,
15-79099,16-40003,2015-05-26,2016-03-21,SIRET:12000601000058,RAW_SIRET,9.85545335085414,2015-11-26,3.8107752956636,0.3648707840560666,0.0755261864994822,0.2,1.0,0.2776518612888354,0.3554816235368517,0.3554816235368517,2,0.0690062726995839,2,MEDIUM,gradient_boosting_synthetic_v0_4_transfer,0.2309637726207583,gradient_boosting,v0_4_population_alias_revision,central_calibration_worlds_005_006_rank1_f1_max,
15-81386,16-42170,2015-05-28,2016-03-24,NAME:gpm de nantes - st nazaire,NAME_FALLBACK,9.888304862023652,2015-11-28,3.843626806833114,0.3593955321944809,0.9315141171740462,1.0,0.6,0.7758788240595365,0.9236825452099919,0.9236825452099919,1,0.5312282765777303,4,HIGH,gradient_boosting_synthetic_v0_4_transfer,0.2309637726207583,gradient_boosting,v0_4_population_alias_revision,central_calibration_worlds_005_006_rank1_f1_max,
15-82604,16-40204,2015-06-01,2016-03-22,NAME:ch le mans,NAME_FALLBACK,9.69119579500657,2015-11-01,4.664914586070959,0.22251423565484,0.5749275243277615,1.0,0.6,0.6168531924284264,0.9137952973159518,0.9137952973159518,1,0.2048843811343954,5,HIGH,gradient_boosting_synthetic_v0_4_transfer,0.2309637726207583,gradient_boosting,v0_4_population_alias_revision,central_calibration_worlds_005_006_rank1_f1_max,
15-83632,15-92216,2015-06-03,2015-06-16,NAME:chu de nantes,NAME_FALLBACK,0.4270696452036793,2015-12-03,5.5847568988173455,0.0692071835304424,0.9777097698947343,1.0,0.6,0.7195002153457675,0.5310710305469802,0.5310710305469802,1,0.3920639755627236,9,HIGH,gradient_boosting_synthetic_v0_4_transfer,0.2309637726207583,gradient_boosting,v0_4_population_alias_revision,central_calibration_worlds_005_006_rank1_f1_max,
15-85858,16-40880,2015-06-05,2016-03-22,NAME:universite de nantes,NAME_FALLBACK,9.559789750328514,2016-05-06,1.4783180026281209,0.7536136662286466,0.093956375847236,1.0,0.6,0.5812881481036942,0.9286118937793226,0.9286118937793226,3,0.0279612538308151,13,POTENTIAL,gradient_boosting_synthetic_v0_4_transfer,0.2309637726207583,gradient_boosting,v0_4_population_alias_revision,central_calibration_worlds_005_006_rank1_f1_max,
15-86218,15-95253,2015-06-05,2015-06-22,NAME:chu de nantes,NAME_FALLBACK,0.5584756898817346,2015-11-05,4.467805519053877,0.2553657468243538,0.9824713989585664,1.0,0.6,0.7677064263415867,0.6707471437298587,0.6707471437298587,1,0.4551368822876582,7,HIGH,gradient_boosting_synthetic_v0_4_transfer,0.2309637726207583,gradient_boosting,v0_4_population_alias_revision,central_calibration_worlds_005_006_rank1_f1_max,
15-86342,16-63741,2015-06-05,2016-05-05,NAME:conseil general de loire-atlantique,NAME_FALLBACK,11.00525624178712,2016-05-21,0.5256241787122208,0.9123959702146298,0.2282287432313073,1.0,0.6,0.667979052684615,0.9212533926413246,0.9212533926413246,1,0.3640634197521137,10,HIGH,gradient_boosting_synthetic_v0_4_transfer,0.2309637726207583,gradient_boosting,v0_4_population_alias_revision,central_calibration_worlds_005_006_rank1_f1_max,
15-96870,15-174987,2015-06-25,2015-11-18,NAME:angers loire metropole,NAME_FALLBACK,4.796320630749015,2015-12-25,1.2155059132720103,0.7974156811213315,0.0376112904268474,1.0,0.6,0.5725178719297295,0.9494292604960308,0.9494292604960308,1,0.0269964749940465,11,POTENTIAL,gradient_boosting_synthetic_v0_4_transfer,0.2309637726207583,gradient_boosting,v0_4_population_alias_revision,central_calibration_worlds_005_006_rank1_f1_max,
15-98976,15-194034,2015-06-29,2015-12-30,NAME:ministere des affaires etrangeres,NAME_FALLBACK,6.044678055190539,2015-12-29,0.0328515111695138,0.9945247481384144,0.0431918263272678,1.0,0.6,0.6237483262491474,0.4967531053792024,0.4967531053792024,1,0.3684411473633363,2,MEDIUM,gradient_boosting_synthetic_v0_4_transfer,0.2309637726207583,gradient_boosting,v0_4_population_alias_revision,central_calibration_worlds_005_006_rank1_f1_max,
16-110202,17-129931,2016-07-25,2017-09-17,NAME:cmar pays de la loire,NAME_FALLBACK,13.76478318002628,2017-07-17,2.0367936925098555,0.6605343845816907,0.1246707629615772,0.1,0.6,0.2987683631819747,0.31278255544757266,0.31278255544757266,1,0.2987683631819747,1,MEDIUM,gradient_boosting_synthetic_v0_4_transfer,0.2309637726207583,gradient_boosting,v0_4_population_alias_revision,central_calibration_worlds_005_006_rank1_f1_max,
16-111174,17-3293,2016-07-25,2017-01-09,NAME:o p h le mans habitat,NAME_FALLBACK,5.519053876478318,2017-01-25,0.5256241787122208,0.9123959702146298,0.0033246497468941,0.1,0.6,0.3192626199650704,0.25108152836194725,0.25108152836194725,1,0.3192626199650704,1,MEDIUM,gradient_boosting_synthetic_v0_4_transfer,0.2309637726207583,gradient_boosting,v0_4_population_alias_revision,central_calibration_worlds_005_006_rank1_f1_max,
16-118057,16-118029,2016-08-07,2016-08-10,NAME:conseil general de loire-atlantique,NAME_FALLBACK,0.0985545335085413,2016-12-07,3.9093298291721417,0.3484450284713097,0.9999999999999998,1.0,0.6,0.7971112571178274,0.7917673775117977,0.7917673775117977,1,0.7971112571178274,1,HIGH,gradient_boosting_synthetic_v0_4_transfer,0.2309637726207583,gradient_boosting,v0_4_population_alias_revision,central_calibration_worlds_005_006_rank1_f1_max,
16-119669,17-90968,2016-08-12,2017-07-01,NAME:conseil departemental de la mayenne,NAME_FALLBACK,10.611038107752956,2017-03-17,3.4822601839684624,0.4196233026719229,0.8211773870450615,1.0,0.6,0.7523179111337523,0.9090688000943246,0.9090688000943246,1,0.6073123906867625,2,HIGH,gradient_boosting_synthetic_v0_4_transfer,0.2309637726207583,gradient_boosting,v0_4_population_alias_revision,central_calibration_worlds_005_006_rank1_f1_max,
16-123498,17-25915,2016-08-22,2017-02-22,NAME:chu de nantes,NAME_FALLBACK,6.044678055190539,2017-02-22,0.0,1.0,0.1872289743296681,1.0,0.6,0.6755301410153838,0.9493804312873785,0.9493804312873785,1,0.2059097676081949,11,HIGH,gradient_boosting_synthetic_v0_4_transfer,0.2309637726207583,gradient_boosting,v0_4_population_alias_revision,central_calibration_worlds_005_006_rank1_f1_max,
16-124376,17-71849,2016-08-23,2017-05-24,NAME:conseil regional des pays de la loire,NAME_FALLBACK,9.00131406044678,2017-06-20,0.8869908015768725,0.8521681997371879,0.1437157458051361,0.8,0.6,0.5633425609660947,0.8370763871091704,0.8370763871091704,1,0.1384741935825379,16,HIGH,gradient_boosting_synthetic_v0_4_transfer,0.2309637726207583,gradient_boosting,v0_4_population_alias_revision,central_calibration_worlds_005_006_rank1_f1_max,
16-127861,17-44864,2016-09-01,2017-03-31,NAME:ville d orvault,NAME_FALLBACK,6.931668856767411,2017-01-01,2.923784494086728,0.5127025843188786,0.8797296996844911,1.0,0.6,0.7960810409692916,0.9516128175770971,0.9516128175770971,1,0.4715259199229225,7,HIGH,gradient_boosting_synthetic_v0_4_transfer,0.2309637726207583,gradient_boosting,v0_4_population_alias_revision,central_calibration_worlds_005_006_rank1_f1_max,
16-129697,17-76396,2016-09-05,2017-06-03,NAME:centre hospitalier du nord mayenne,NAME_FALLBACK,8.902759526938238,2017-03-05,2.9566360052562417,0.5072273324572931,0.0218140103639267,0.1,0.6,0.2244417367416976,0.3047862392567179,0.3047862392567179,1,0.2244417367416976,1,MEDIUM,gradient_boosting_synthetic_v0_4_transfer,0.2309637726207583,gradient_boosting,v0_4_population_alias_revision,central_calibration_worlds_005_006_rank1_f1_max,
16-134501,16-184210,2016-09-15,2016-12-25,NAME:gie sesam vitale,NAME_FALLBACK,3.3180026281208934,2017-03-15,2.628120893561104,0.5619798510731493,0.0359906990796684,1.0,0.6,0.5130917074461713,0.9351903130779751,0.9351903130779751,1,0.1896313482696491,8,HIGH,gradient_boosting_synthetic_v0_4_transfer,0.2309637726207583,gradient_boosting,v0_4_population_alias_revision,central_calibration_worlds_005_006_rank1_f1_max,
16-136057,16-166758,2016-09-19,2016-11-17,NAME:ville du mans,NAME_FALLBACK,1.938239159001314,2017-03-24,4.1721419185282524,0.3046430135786245,0.2193066575327019,1.0,0.6,0.5129180835311018,0.8423237521104303,0.8423237521104303,1,0.1863874686821803,2,HIGH,gradient_boosting_synthetic_v0_4_transfer,0.2309637726207583,gradient_boosting,v0_4_population_alias_revision,central_calibration_worlds_005_006_rank1_f1_max,
16-15282,16-145577,2016-02-02,2016-10-06,NAME:montrevault-sur-evre,NAME_FALLBACK,8.114323258869907,2016-08-02,2.135348226018397,0.6441086289969338,0.8311684453936863,0.1,0.6,0.5419361131370237,0.511093198075034,0.511093198075034,2,0.2388003634021769,2,HIGH,gradient_boosting_synthetic_v0_4_transfer,0.2309637726207583,gradient_boosting,v0_4_population_alias_revision,central_calibration_worlds_005_006_rank1_f1_max,
16-153372,17-53291,2016-10-20,2017-04-14,NAME:rectorat de l academie de nantes,NAME_FALLBACK,5.781865965834428,2017-04-20,0.1971090670170827,0.9671484888304862,0.0592508914176206,0.1,0.6,0.3525249342037888,0.247212157452608,0.247212157452608,1,0.3525249342037888,1,MEDIUM,gradient_boosting_synthetic_v0_4_transfer,0.2309637726207583,gradient_boosting,v0_4_population_alias_revision,central_calibration_worlds_005_006_rank1_f1_max,
16-155186,17-61199,2016-10-26,2017-05-04,NAME:vendee expansion,NAME_FALLBACK,6.241787122207621,2017-04-26,0.2628120893561104,0.9561979851073148,0.0186916783286388,1.0,0.6,0.6055915836918524,0.9524311420588332,0.9524311420588332,2,0.0090613701420612,3,POTENTIAL,gradient_boosting_synthetic_v0_4_transfer,0.2309637726207583,gradient_boosting,v0_4_population_alias_revision,central_calibration_worlds_005_006_rank1_f1_max,
16-167180,17-61199,2016-11-20,2017-05-04,NAME:vendee expansion,NAME_FALLBACK,5.4204993429697765,2017-06-30,1.8725361366622864,0.687910643889619,0.3878025628224816,1.0,0.6,0.6677085579602733,0.9490167589545297,0.9490167589545297,1,0.2271585494691431,2,HIGH,gradient_boosting_synthetic_v0_4_transfer,0.2309637726207583,gradient_boosting,v0_4_population_alias_revision,central_calibration_worlds_005_006_rank1_f1_max,
16-172610,17-125205,2016-11-30,2017-09-05,NAME:conseil general de la vendee,NAME_FALLBACK,9.165571616294349,2017-11-29,2.7923784494086727,0.5346035917652212,0.3781336094800062,0.8,0.6,0.5659976612593074,0.8782139418152473,0.8782139418152473,1,0.415273233172834,2,HIGH,gradient_boosting_synthetic_v0_4_transfer,0.2309637726207583,gradient_boosting,v0_4_population_alias_revision,central_calibration_worlds_005_006_rank1_f1_max,
16-176618,17-54861,2016-12-09,2017-04-21,NAME:ville d orvault,NAME_FALLBACK,4.369250985545335,2017-06-09,1.609724047306176,0.731712658782304,0.0341246077531848,0.2,0.6,0.3148717774091907,0.23871018840028424,0.23871018840028424,1,0.0748080312559316,2,MEDIUM,gradient_boosting_synthetic_v0_4_transfer,0.2309637726207583,gradient_boosting,v0_4_population_alias_revision,central_calibration_worlds_005_006_rank1_f1_max,
16-182034,17-174760,2016-12-22,2017-12-14,NAME:sdis 44,NAME_FALLBACK,11.727989487516425,2017-09-09,3.1537450722733245,0.4743758212877792,0.6868129781835746,1.0,0.6,0.7189784976861959,0.9167061416674374,0.9167061416674374,1,0.3739985894786402,4,HIGH,gradient_boosting_synthetic_v0_4_transfer,0.2309637726207583,gradient_boosting,v0_4_population_alias_revision,central_calibration_worlds_005_006_rank1_f1_max,
16-18277,16-94328,2016-02-05,2016-06-27,NAME:smirgeom est sarthe,NAME_FALLBACK,4.697766097240473,2016-08-05,1.281208935611038,0.7864651773981604,0.0240632989070875,0.1,0.6,0.2950384489670207,0.36553726415952426,0.36553726415952426,1,0.2950384489670207,1,MEDIUM,gradient_boosting_synthetic_v0_4_transfer,0.2309637726207583,gradient_boosting,v0_4_population_alias_revision,central_calibration_worlds_005_006_rank1_f1_max,
16-183461,17-155110,2016-12-22,2017-11-03,NAME:commune de nantes,NAME_FALLBACK,10.38107752956636,2017-12-22,1.609724047306176,0.731712658782304,0.7585064200614761,0.1,0.6,0.5384054117170926,0.39595099077245866,0.39595099077245866,1,0.3166202554184395,2,MEDIUM,gradient_boosting_synthetic_v0_4_transfer,0.2309637726207583,gradient_boosting,v0_4_population_alias_revision,central_calibration_worlds_005_006_rank1_f1_max,
16-184522,17-12394,2016-12-23,2017-01-26,NAME:sdegm,NAME_FALLBACK,1.1169513797634691,2017-04-23,2.8580814717477003,0.52365308804205,1.0,1.0,0.6,0.8409132720105124,0.9141409671662283,0.9141409671662283,1,0.8409132720105124,1,HIGH,gradient_boosting_synthetic_v0_4_transfer,0.2309637726207583,gradient_boosting,v0_4_population_alias_revision,central_calibration_worlds_005_006_rank1_f1_max,
16-184750,17-58113,2016-12-28,2017-04-28,NAME:arafer,NAME_FALLBACK,3.975032851511169,2017-06-28,2.0039421813403417,0.6660096364432764,0.6812899016760514,1.0,0.6,0.7649538746974371,0.9524992654834284,0.9524992654834284,2,0.0287450722733244,3,POTENTIAL,gradient_boosting_synthetic_v0_4_transfer,0.2309637726207583,gradient_boosting,v0_4_population_alias_revision,central_calibration_worlds_005_006_rank1_f1_max,
16-18733,16-183509,2016-02-08,2016-12-23,NAME:ccrla,NAME_FALLBACK,10.4796320630749,2016-08-08,4.50065703022339,0.2498904949627682,0.2347279380277744,0.1,0.6,0.2346274020504131,0.25710324918471894,0.25710324918471894,1,0.2346274020504131,1,MEDIUM,gradient_boosting_synthetic_v0_4_transfer,0.2309637726207583,gradient_boosting,v0_4_population_alias_revision,central_calibration_worlds_005_006_rank1_f1_max,
16-27384,16-43654,2016-03-15,2016-03-29,NAME:mindef dga do s2a,NAME_FALLBACK,0.4599211563731931,2016-08-15,4.566360052562418,0.2389399912395969,0.0984057934992707,1.0,0.6,0.4541770255346439,0.7792262493670288,0.7792262493670288,1,0.4541770255346439,1,HIGH,gradient_boosting_synthetic_v0_4_transfer,0.2309637726207583,gradient_boosting,v0_4_population_alias_revision,central_calibration_worlds_005_006_rank1_f1_max,
16-30120,16-184210,2016-03-02,2016-12-25,NAME:gie sesam vitale,NAME_FALLBACK,9.789750328515112,2017-05-25,4.960578186596584,0.1732369689005694,0.4458896531712335,1.0,0.6,0.5593706208350739,0.9146060310254248,0.9146060310254248,1,0.2227746126050122,8,HIGH,gradient_boosting_synthetic_v0_4_transfer,0.2309637726207583,gradient_boosting,v0_4_population_alias_revision,central_calibration_worlds_005_006_rank1_f1_max,
16-36374,17-17888,2016-03-14,2017-02-06,NAME:centre hospitalier de saumur,NAME_FALLBACK,10.808147174770038,2016-09-14,4.763469119579501,0.2060884800700831,0.0906682240850747,0.1,0.6,0.1732559984472969,0.27021941868022054,0.27021941868022054,1,0.1732559984472969,1,MEDIUM,gradient_boosting_synthetic_v0_4_transfer,0.2309637726207583,gradient_boosting,v0_4_population_alias_revision,central_calibration_worlds_005_006_rank1_f1_max,
16-40204,16-56698,2016-03-22,2016-04-20,NAME:ch le mans,NAME_FALLBACK,0.9526938239159,2016-08-22,4.073587385019711,0.3210687691633814,0.2212191130585583,1.0,0.6,0.5176938818613408,0.8276059115455561,0.8276059115455561,1,0.1700504302625672,6,HIGH,gradient_boosting_synthetic_v0_4_transfer,0.2309637726207583,gradient_boosting,v0_4_population_alias_revision,central_calibration_worlds_005_006_rank1_f1_max,
16-45870,16-70219,2016-03-30,2016-05-17,NAME:angers loire metropole,NAME_FALLBACK,1.5768725361366622,2016-09-30,4.467805519053877,0.2553657468243538,0.0771266674825798,1.0,0.6,0.4508357703249914,0.8490238826920968,0.8490238826920968,1,0.0338758581004445,12,POTENTIAL,gradient_boosting_synthetic_v0_4_transfer,0.2309637726207583,gradient_boosting,v0_4_population_alias_revision,central_calibration_worlds_005_006_rank1_f1_max,
16-48232,16-184210,2016-03-31,2016-12-25,NAME:gie sesam vitale,NAME_FALLBACK,8.83705650459921,2017-05-25,4.960578186596584,0.1732369689005694,0.4394993116622685,1.0,0.6,0.5571340013069364,0.916212627534603,0.916212627534603,1,0.2209306554799885,8,HIGH,gradient_boosting_synthetic_v0_4_transfer,0.2309637726207583,gradient_boosting,v0_4_population_alias_revision,central_calibration_worlds_005_006_rank1_f1_max,
16-49315,16-153372,2016-04-05,2016-10-20,NAME:rectorat de l academie de nantes,NAME_FALLBACK,6.504599211563732,2016-10-05,0.4927726675427069,0.9178712220762156,0.8856946757810544,0.1,0.6,0.6294609420424229,0.6163496580081399,0.6163496580081399,1,0.6294609420424229,1,HIGH,gradient_boosting_synthetic_v0_4_transfer,0.2309637726207583,gradient_boosting,v0_4_population_alias_revision,central_calibration_worlds_005_006_rank1_f1_max,
16-54252,16-145577,2016-04-15,2016-10-06,NAME:montrevault-sur-evre,NAME_FALLBACK,5.716162943495401,2016-10-15,0.2956636005256242,0.9507227332457292,0.909269244460772,0.1,0.6,0.6459249188727025,0.351051109229554,0.351051109229554,1,0.507966899064578,2,MEDIUM,gradient_boosting_synthetic_v0_4_transfer,0.2309637726207583,gradient_boosting,v0_4_population_alias_revision,central_calibration_worlds_005_006_rank1_f1_max,
16-55219,16-105530,2016-04-18,2016-07-15,NAME:conseil departemental de la mayenne,NAME_FALLBACK,2.890932982917214,2016-10-19,3.1537450722733245,0.4743758212877792,1.0,1.0,0.6,0.8285939553219448,0.9314835763696513,0.9314835763696513,1,0.54587300550529,3,HIGH,gradient_boosting_synthetic_v0_4_transfer,0.2309637726207583,gradient_boosting,v0_4_population_alias_revision,central_calibration_worlds_005_006_rank1_f1_max,
16-56502,16-173647,2016-04-22,2016-12-04,NAME:caf de la somme,NAME_FALLBACK,7.424441524310118,2016-10-22,1.4126149802890933,0.7645641699518178,0.2394946640791782,1.0,0.6,0.6349641749156669,0.9719953192709769,0.9719953192709769,1,0.6349641749156669,1,HIGH,gradient_boosting_synthetic_v0_4_transfer,0.2309637726207583,gradient_boosting,v0_4_population_alias_revision,central_calibration_worlds_005_006_rank1_f1_max,
16-57562,16-70219,2016-04-25,2016-05-17,NAME:angers loire metropole,NAME_FALLBACK,0.7227332457293035,2016-10-25,5.289093298291721,0.1184844502847131,0.1126273011757576,1.0,0.6,0.4290406679826934,0.7449949192300906,0.7449949192300906,2,0.025890844372781,10,POTENTIAL,gradient_boosting_synthetic_v0_4_transfer,0.2309637726207583,gradient_boosting,v0_4_population_alias_revision,central_calibration_worlds_005_006_rank1_f1_max,
16-577,16-98551,2016-01-04,2016-07-01,NAME:cnieg,NAME_FALLBACK,5.88042049934297,2016-09-08,2.266754270696452,0.6222076215505914,0.0747933691662256,0.1,0.6,0.2717295845958268,0.2557965598429113,0.2557965598429113,1,0.2717295845958268,1,MEDIUM,gradient_boosting_synthetic_v0_4_transfer,0.2309637726207583,gradient_boosting,v0_4_population_alias_revision,central_calibration_worlds_005_006_rank1_f1_max,
16-61061,16-127032,2016-04-29,2016-08-30,NAME:departement de la sarthe,NAME_FALLBACK,4.040735873850197,2016-10-29,1.971090670170828,0.6714848883048621,0.1773061344659657,1.0,0.6,0.5899283691393036,0.9499147344967109,0.9499147344967109,1,0.2437252626700592,6,HIGH,gradient_boosting_synthetic_v0_4_transfer,0.2309637726207583,gradient_boosting,v0_4_population_alias_revision,central_calibration_worlds_005_006_rank1_f1_max,
16-68875,17-13004,2016-05-12,2017-01-26,NAME:centre hospitalier de cholet,NAME_FALLBACK,8.508541392904073,2016-11-12,2.463863337713535,0.5893561103810776,0.148775187358154,0.1,0.6,0.2894103431706233,0.2709754693224691,0.2709754693224691,1,0.2894103431706233,1,MEDIUM,gradient_boosting_synthetic_v0_4_transfer,0.2309637726207583,gradient_boosting,v0_4_population_alias_revision,central_calibration_worlds_005_006_rank1_f1_max,
16-72442,17-93666,2016-05-22,2017-07-03,NAME:chu de nantes,NAME_FALLBACK,13.370565045992116,2017-06-17,0.5256241787122208,0.9123959702146298,0.0406924091896903,1.0,0.6,0.6023413357700491,0.8973474757119939,0.8973474757119939,1,0.0205321944809462,10,POTENTIAL,gradient_boosting_synthetic_v0_4_transfer,0.2309637726207583,gradient_boosting,v0_4_population_alias_revision,central_calibration_worlds_005_006_rank1_f1_max,
16-73358,16-166758,2016-05-23,2016-11-17,NAME:ville du mans,NAME_FALLBACK,5.847568988173456,2016-11-05,0.3942181340341655,0.9342969776609724,0.3115353076491565,1.0,0.6,0.7026116020924478,0.9494348649771845,0.9494348649771845,1,0.0768032021921101,2,HIGH,gradient_boosting_synthetic_v0_4_transfer,0.2309637726207583,gradient_boosting,v0_4_population_alias_revision,central_calibration_worlds_005_006_rank1_f1_max,
16-79523,17-54834,2016-06-09,2017-04-22,NAME:commune de saint-nazaire,NAME_FALLBACK,10.413929040735871,2017-02-06,2.463863337713535,0.5893561103810776,0.0340548581806647,1.0,0.6,0.5192582279585021,0.9147189502949689,0.9147189502949689,1,0.2102030789537251,8,HIGH,gradient_boosting_synthetic_v0_4_transfer,0.2309637726207583,gradient_boosting,v0_4_population_alias_revision,central_calibration_worlds_005_006_rank1_f1_max,
16-81005,16-158508,2016-06-04,2016-10-31,NAME:arafer,NAME_FALLBACK,4.894875164257556,2016-12-04,1.1169513797634691,0.8138414367060884,0.3420861055993441,1.0,0.6,0.6831904961362927,0.9532640181488614,0.9532640181488614,1,0.376430506201852,8,HIGH,gradient_boosting_synthetic_v0_4_transfer,0.2309637726207583,gradient_boosting,v0_4_population_alias_revision,central_calibration_worlds_005_006_rank1_f1_max,
16-81774,16-139147,2016-06-05,2016-09-25,NAME:gie sesam vitale,NAME_FALLBACK,3.679369250985545,2016-12-05,2.33245729303548,0.61125711782742,0.0811073598556653,1.0,0.6,0.5412018554063378,0.9402208981982266,0.9402208981982266,1,0.1845815831681013,5,HIGH,gradient_boosting_synthetic_v0_4_transfer,0.2309637726207583,gradient_boosting,v0_4_population_alias_revision,central_calibration_worlds_005_006_rank1_f1_max,
16-82345,17-56105,2016-06-07,2017-05-07,NAME:centre hospitalier de saint-nazaire,NAME_FALLBACK,10.972404730617608,2016-12-07,4.960578186596584,0.1732369689005694,0.0353411570922762,0.1,0.6,0.145678647207439,0.3141716068131139,0.3141716068131139,1,0.145678647207439,1,MEDIUM,gradient_boosting_synthetic_v0_4_transfer,0.2309637726207583,gradient_boosting,v0_4_population_alias_revision,central_calibration_worlds_005_006_rank1_f1_max,
16-86436,17-16255,2016-06-15,2017-02-06,NAME:la roche-sur-yon agglomeration,NAME_FALLBACK,7.752956636005256,2017-03-04,0.8541392904073587,0.8576434515987735,0.0,0.1,0.6,0.3044108628996934,0.2820759239544035,0.2820759239544035,1,0.3044108628996934,1,MEDIUM,gradient_boosting_synthetic_v0_4_transfer,0.2309637726207583,gradient_boosting,v0_4_population_alias_revision,central_calibration_worlds_005_006_rank1_f1_max,
16-88869,17-3608,2016-06-15,2017-01-09,NAME:greta loire atlantique,NAME_FALLBACK,6.83311432325887,2016-12-15,0.8212877792378449,0.8631187034603591,0.0,0.1,0.6,0.3057796758650898,0.2863511948555091,0.2863511948555091,1,0.3057796758650898,1,MEDIUM,gradient_boosting_synthetic_v0_4_transfer,0.2309637726207583,gradient_boosting,v0_4_population_alias_revision,central_calibration_worlds_005_006_rank1_f1_max,
16-95746,16-133646,2016-06-28,2016-09-13,NAME:g c s m s estuaire,NAME_FALLBACK,2.5295663600525624,2016-10-28,1.4783180026281209,0.7536136662286466,1.0,1.0,0.6,0.8984034165571615,0.9662214594797502,0.9662214594797502,1,0.8984034165571615,1,HIGH,gradient_boosting_synthetic_v0_4_transfer,0.2309637726207583,gradient_boosting,v0_4_population_alias_revision,central_calibration_worlds_005_006_rank1_f1_max,
17-102039,18-21245,2017-07-17,2018-02-14,NAME:departement de la sarthe,NAME_FALLBACK,6.964520367936925,2018-01-17,0.9198423127463864,0.8466929478756022,0.5091218126321245,1.0,0.6,0.7498658713901443,0.9526416130029707,0.9526416130029707,1,0.3865847384638585,4,HIGH,gradient_boosting_synthetic_v0_4_transfer,0.2309637726207583,gradient_boosting,v0_4_population_alias_revision,central_calibration_worlds_005_006_rank1_f1_max,
17-102187,18-46346,2017-07-19,2018-04-06,SIRET:19490970100303,RAW_SIRET,8.5742444152431,2018-05-10,1.1169513797634691,0.8138414367060884,0.9999999999999998,1.0,1.0,0.953460359176522,0.9341156477209052,0.9341156477209052,1,0.6176457056502949,4,HIGH,gradient_boosting_synthetic_v0_4_transfer,0.2309637726207583,gradient_boosting,v0_4_population_alias_revision,central_calibration_worlds_005_006_rank1_f1_max,
17-102482,17-159373,2017-07-18,2017-11-12,NAME:chu de nantes,NAME_FALLBACK,3.843626806833114,2018-01-18,2.2010512483574245,0.6331581252737626,0.0343829381488488,0.8,0.6,0.4703235596705377,0.8855521216097,0.8855521216097,1,0.0973137656675097,5,HIGH,gradient_boosting_synthetic_v0_4_transfer,0.2309637726207583,gradient_boosting,v0_4_population_alias_revision,central_calibration_worlds_005_006_rank1_f1_max,
17-102708,18-31687,2017-07-18,2018-03-08,NAME:conseil regional des pays de la loire,NAME_FALLBACK,7.654402102496714,2018-01-18,1.609724047306176,0.731712658782304,0.2450049122501733,1.0,0.6,0.6286798839831367,0.9366977490096015,0.9366977490096015,1,0.2705038624918042,15,HIGH,gradient_boosting_synthetic_v0_4_transfer,0.2309637726207583,gradient_boosting,v0_4_population_alias_revision,central_calibration_worlds_005_006_rank1_f1_max,
17-104238,17-161917,2017-07-20,2017-11-18,NAME:conseil departemental loire-atlantique,NAME_FALLBACK,3.975032851511169,2018-01-20,2.0696452036793693,0.6550591327201052,0.0084461878507903,1.0,0.6,0.5267209489278029,0.9487336088036668,0.9487336088036668,1,0.0518514470998318,12,HIGH,gradient_boosting_synthetic_v0_4_transfer,0.2309637726207583,gradient_boosting,v0_4_population_alias_revision,central_calibration_worlds_005_006_rank1_f1_max,
17-106009,18-61655,2017-07-26,2018-05-05,NAME:nantes metropole,NAME_FALLBACK,9.296977660972404,2018-06-09,1.149802890932983,0.8083661848445028,0.0622592166711997,1.0,0.6,0.5838822720460457,0.9188477768413033,0.9188477768413033,1,0.1313435725660719,25,HIGH,gradient_boosting_synthetic_v0_4_transfer,0.2309637726207583,gradient_boosting,v0_4_population_alias_revision,central_calibration_worlds_005_006_rank1_f1_max,
17-110921,18-61507,2017-08-04,2018-05-03,NAME:ecole centrale de nantes,NAME_FALLBACK,8.935611038107753,2018-07-06,2.102496714848883,0.6495838808585195,0.4538778611384422,0.2,0.6,0.4412532216130846,0.751000400054967,0.751000400054967,1,0.4412532216130846,1,HIGH,gradient_boosting_synthetic_v0_4_transfer,0.2309637726207583,gradient_boosting,v0_4_population_alias_revision,central_calibration_worlds_005_006_rank1_f1_max,
17-111330,18-61655,2017-08-11,2018-05-05,NAME:nantes metropole,NAME_FALLBACK,8.771353482260183,2018-07-31,2.8580814717477003,0.52365308804205,0.0876735783370829,1.0,0.6,0.5215990244284916,0.9164148862909856,0.9164148862909856,1,0.157286888840234,23,HIGH,gradient_boosting_synthetic_v0_4_transfer,0.2309637726207583,gradient_boosting,v0_4_population_alias_revision,central_calibration_worlds_005_006_rank1_f1_max,
17-129614,18-61655,2017-12-21,2018-05-05,NAME:nantes metropole,NAME_FALLBACK,4.434954007884363,2018-06-21,1.5440210249671484,0.7426631625054753,0.0955687746091061,1.0,0.6,0.5791148617395561,0.9417609793138759,0.9417609793138759,1,0.1816022661546999,24,HIGH,gradient_boosting_synthetic_v0_4_transfer,0.2309637726207583,gradient_boosting,v0_4_population_alias_revision,central_calibration_worlds_005_006_rank1_f1_max,
17-134974,18-73911,2017-09-25,2018-06-07,NAME:ville de bouchemaine,NAME_FALLBACK,8.377135348226018,2018-03-25,2.431011826544021,0.5948313622426631,0.5278759841311622,0.1,0.6,0.4234644350065725,0.5351223228708686,0.5351223228708686,1,0.4234644350065725,1,HIGH,gradient_boosting_synthetic_v0_4_transfer,0.2309637726207583,gradient_boosting,v0_4_population_alias_revision,central_calibration_worlds_005_006_rank1_f1_max,
17-136551,18-87219,2017-09-30,2018-06-24,NAME:dir interdepartementale routes ouest,NAME_FALLBACK,8.771353482260183,2018-07-31,1.2155059132720103,0.7974156811213315,0.5300027790858282,1.0,0.6,0.7448548929603727,0.9320137336708857,0.9320137336708857,1,0.5908769755895815,2,HIGH,gradient_boosting_synthetic_v0_4_transfer,0.2309637726207583,gradient_boosting,v0_4_population_alias_revision,central_calibration_worlds_005_006_rank1_f1_max,
17-139193,17-159853,2017-10-04,2017-11-13,NAME:angers loire metropole,NAME_FALLBACK,1.314060446780552,2018-04-04,4.664914586070959,0.22251423565484,0.1410946318206214,0.8,0.6,0.4050116800509275,0.6148984656292993,0.6148984656292993,1,0.1049859781264856,12,HIGH,gradient_boosting_synthetic_v0_4_transfer,0.2309637726207583,gradient_boosting,v0_4_population_alias_revision,central_calibration_worlds_005_006_rank1_f1_max,
17-142028,18-54467,2017-10-11,2018-04-21,NAME:universite de nantes,NAME_FALLBACK,6.307490144546649,2018-05-22,1.0183968462549278,0.8302671922908453,0.0129361230757208,1.0,0.6,0.5720944411492137,0.951041324612595,0.951041324612595,2,0.2028311560091373,8,HIGH,gradient_boosting_synthetic_v0_4_transfer,0.2309637726207583,gradient_boosting,v0_4_population_alias_revision,central_calibration_worlds_005_006_rank1_f1_max,
17-144102,18-10415,2017-10-14,2018-01-23,NAME:universite de nantes,NAME_FALLBACK,3.3180026281208934,2018-07-14,5.650459921156373,0.0582566798072711,0.0,1.0,0.6,0.3745641699518178,0.8612680286214289,0.8612680286214289,1,0.0727770477441962,8,HIGH,gradient_boosting_synthetic_v0_4_transfer,0.2309637726207583,gradient_boosting,v0_4_population_alias_revision,central_calibration_worlds_005_006_rank1_f1_max,
17-159373,18-120601,2017-11-12,2018-08-28,NAME:chu de nantes,NAME_FALLBACK,9.494086727989488,2018-10-14,1.5440210249671484,0.7426631625054753,0.3062870657521602,1.0,0.6,0.652866263639625,0.9342085359653557,0.9342085359653557,2,0.0027376259307927,5,POTENTIAL,gradient_boosting_synthetic_v0_4_transfer,0.2309637726207583,gradient_boosting,v0_4_population_alias_revision,central_calibration_worlds_005_006_rank1_f1_max,
17-161606,18-55179,2017-11-23,2018-04-27,NAME:carene,NAME_FALLBACK,5.091984231274639,2018-03-23,1.149802890932983,0.8083661848445028,0.1247095529549985,0.2,0.6,0.3657398897453752,0.2639571512570136,0.2639571512570136,1,0.0932973905353717,2,MEDIUM,gradient_boosting_synthetic_v0_4_transfer,0.2309637726207583,gradient_boosting,v0_4_population_alias_revision,central_calibration_worlds_005_006_rank1_f1_max,
17-161917,18-149893,2017-11-18,2018-10-26,NAME:conseil departemental loire-atlantique,NAME_FALLBACK,11.23521681997372,2018-05-18,5.289093298291721,0.1184844502847131,0.0833771083708082,1.0,0.6,0.4188031005009611,0.869311085293763,0.869311085293763,2,0.0051661713026252,9,POTENTIAL,gradient_boosting_synthetic_v0_4_transfer,0.2309637726207583,gradient_boosting,v0_4_population_alias_revision,central_calibration_worlds_005_006_rank1_f1_max,
17-16255,18-8280,2017-02-06,2018-01-20,NAME:la roche-sur-yon agglomeration,NAME_FALLBACK,11.4323258869908,2017-08-06,5.486202365308804,0.0856329391151993,0.0058868533982202,0.1,0.6,0.1134686334681769,0.32076493073014467,0.32076493073014467,1,0.1134686334681769,1,MEDIUM,gradient_boosting_synthetic_v0_4_transfer,0.2309637726207583,gradient_boosting,v0_4_population_alias_revision,central_calibration_worlds_005_006_rank1_f1_max,
17-170763,18-82638,2017-12-04,2018-06-15,NAME:ville de la roche sur yon,NAME_FALLBACK,6.340341655716163,2018-06-04,0.3613666228646517,0.939772229522558,0.2722396072784689,0.1,0.6,0.4202269199281036,0.24411104632706995,0.24411104632706995,1,0.4202269199281036,1,MEDIUM,gradient_boosting_synthetic_v0_4_transfer,0.2309637726207583,gradient_boosting,v0_4_population_alias_revision,central_calibration_worlds_005_006_rank1_f1_max,
17-171316,18-79401,2017-12-07,2018-06-10,SIRET:23440003400026,RAW_SIRET,6.077529566360052,2018-11-02,4.763469119579501,0.2060884800700831,0.0302189100503142,1.0,1.0,0.4620987385351307,0.9307320585042456,0.9307320585042456,2,0.0121683251053774,7,POTENTIAL,gradient_boosting_synthetic_v0_4_transfer,0.2309637726207583,gradient_boosting,v0_4_population_alias_revision,central_calibration_worlds_005_006_rank1_f1_max,
17-20859,17-30623,2017-02-12,2017-03-05,NAME:angers loire metropole,NAME_FALLBACK,0.6898817345597897,2017-07-22,4.566360052562418,0.2389399912395969,0.9999999999999998,1.0,0.6,0.7697349978098991,0.8069703438766637,0.8069703438766637,1,0.4726805798141772,11,HIGH,gradient_boosting_synthetic_v0_4_transfer,0.2309637726207583,gradient_boosting,v0_4_population_alias_revision,central_calibration_worlds_005_006_rank1_f1_max,
17-21659,17-150835,2017-02-14,2017-10-25,NAME:gie des epl de vendee,NAME_FALLBACK,8.31143232588699,2017-08-14,2.365308804204993,0.6057818659658345,0.1464628136742108,0.2,0.6,0.3227074512774324,0.6613118907438833,0.6613118907438833,1,0.3227074512774324,1,HIGH,gradient_boosting_synthetic_v0_4_transfer,0.2309637726207583,gradient_boosting,v0_4_population_alias_revision,central_calibration_worlds_005_006_rank1_f1_max,
17-26666,17-61199,2017-02-25,2017-05-04,NAME:vendee expansion,NAME_FALLBACK,2.2339027595269383,2017-10-09,5.19053876478318,0.13491020586947,0.008780129250107,1.0,0.6,0.396800596704905,0.9110116425631053,0.9110116425631053,1,0.396800596704905,1,HIGH,gradient_boosting_synthetic_v0_4_transfer,0.2309637726207583,gradient_boosting,v0_4_population_alias_revision,central_calibration_worlds_005_006_rank1_f1_max,
17-29415,17-104238,2017-03-03,2017-07-20,NAME:conseil departemental loire-atlantique,NAME_FALLBACK,4.566360052562418,2017-09-03,1.4783180026281209,0.7536136662286466,0.0229225297764661,1.0,0.6,0.5564263019789248,0.9507580182489669,0.9507580182489669,1,0.0504560873490518,8,HIGH,gradient_boosting_synthetic_v0_4_transfer,0.2309637726207583,gradient_boosting,v0_4_population_alias_revision,central_calibration_worlds_005_006_rank1_f1_max,
17-32165,18-13243,2017-03-07,2018-01-29,NAME:universite d angers,NAME_FALLBACK,10.775295663600524,2017-11-15,2.463863337713535,0.5893561103810776,0.0,0.1,0.6,0.2373390275952694,0.29352895668913914,0.29352895668913914,1,0.2373390275952694,1,MEDIUM,gradient_boosting_synthetic_v0_4_transfer,0.2309637726207583,gradient_boosting,v0_4_population_alias_revision,central_calibration_worlds_005_006_rank1_f1_max,
17-3608,17-132446,2017-01-09,2017-09-20,NAME:greta loire atlantique,NAME_FALLBACK,8.344283837056505,2017-07-09,2.3981603153745072,0.6003066141042488,0.0,0.1,0.6,0.2400766535260622,0.4819197762194417,0.4819197762194417,1,0.2400766535260622,1,MEDIUM,gradient_boosting_synthetic_v0_4_transfer,0.2309637726207583,gradient_boosting,v0_4_population_alias_revision,central_calibration_worlds_005_006_rank1_f1_max,
17-39457,17-136551,2017-03-23,2017-09-30,NAME:dir interdepartementale routes ouest,NAME_FALLBACK,6.274638633377135,2017-09-23,0.2299605781865965,0.9616732369689006,0.8377922746823196,1.0,0.6,0.8936456053810371,0.9759883790770411,0.9759883790770411,1,0.8936456053810371,1,HIGH,gradient_boosting_synthetic_v0_4_transfer,0.2309637726207583,gradient_boosting,v0_4_population_alias_revision,central_calibration_worlds_005_006_rank1_f1_max,
17-54861,18-34113,2017-04-21,2018-03-12,NAME:ville d orvault,NAME_FALLBACK,10.676741130091983,2017-12-23,2.59526938239159,0.567455102934735,0.0100509701914187,0.1,0.6,0.2353816153006803,0.29352895668913914,0.29352895668913914,1,0.2353816153006803,1,MEDIUM,gradient_boosting_synthetic_v0_4_transfer,0.2309637726207583,gradient_boosting,v0_4_population_alias_revision,central_calibration_worlds_005_006_rank1_f1_max,
17-58113,17-68883,2017-04-28,2017-05-19,NAME:arafer,NAME_FALLBACK,0.6898817345597897,2017-10-28,5.321944809461235,0.1130091984231275,1.0,1.0,0.6,0.7382522996057819,0.8390000090442725,0.8390000090442725,1,0.7382522996057819,1,HIGH,gradient_boosting_synthetic_v0_4_transfer,0.2309637726207583,gradient_boosting,v0_4_population_alias_revision,central_calibration_worlds_005_006_rank1_f1_max,
17-58214,17-129614,2017-04-30,2017-12-21,NAME:nantes metropole,NAME_FALLBACK,7.720105124835742,2017-10-30,1.7082785808147174,0.7152869031975471,0.2520094867399283,1.0,0.6,0.6270250461583617,0.9304867782737222,0.9304867782737222,1,0.0578025045179297,29,HIGH,gradient_boosting_synthetic_v0_4_transfer,0.2309637726207583,gradient_boosting,v0_4_population_alias_revision,central_calibration_worlds_005_006_rank1_f1_max,
17-59442,17-115928,2017-05-19,2017-08-25,NAME:ademe,NAME_FALLBACK,3.219448094612352,2018-01-15,4.697766097240473,0.2170389837932544,0.9999999999999996,1.0,0.6,0.7642597459483134,0.9184243294609894,0.9184243294609894,1,0.3472097127184082,5,HIGH,gradient_boosting_synthetic_v0_4_transfer,0.2309637726207583,gradient_boosting,v0_4_population_alias_revision,central_calibration_worlds_005_006_rank1_f1_max,
17-61541,17-159373,2017-05-05,2017-11-12,NAME:chu de nantes,NAME_FALLBACK,6.274638633377135,2018-02-20,3.28515111695138,0.4524748138414367,0.008844898053713,1.0,0.6,0.4762144177791587,0.945760133637547,0.945760133637547,1,0.1282552939572952,5,HIGH,gradient_boosting_synthetic_v0_4_transfer,0.2309637726207583,gradient_boosting,v0_4_population_alias_revision,central_calibration_worlds_005_006_rank1_f1_max,
17-62873,17-124586,2017-05-07,2017-09-07,SIRET:19490970100303,RAW_SIRET,4.040735873850197,2018-01-22,4.50065703022339,0.2498904949627682,1.0,1.0,1.0,0.812472623740692,0.9401376137226718,0.9401376137226718,1,0.5112879768632475,4,HIGH,gradient_boosting_synthetic_v0_4_transfer,0.2309637726207583,gradient_boosting,v0_4_population_alias_revision,central_calibration_worlds_005_006_rank1_f1_max,
17-66007,17-80512,2017-05-12,2017-06-09,NAME:ch le mans,NAME_FALLBACK,0.9198423127463864,2017-11-12,5.124835742444152,0.1458607095926413,0.0432724311577433,1.0,0.6,0.4116105283033704,0.7311222585480985,0.7311222585480985,1,0.2846428929361849,2,HIGH,gradient_boosting_synthetic_v0_4_transfer,0.2309637726207583,gradient_boosting,v0_4_population_alias_revision,central_calibration_worlds_005_006_rank1_f1_max,
17-6714,17-124586,2017-01-18,2017-09-07,SIRET:19490970100303,RAW_SIRET,7.621550591327201,2017-10-08,1.0183968462549278,0.8302671922908453,1.0,1.0,1.0,0.9575667980727112,0.9388072183809527,0.9388072183809527,1,0.1683639947437583,5,HIGH,gradient_boosting_synthetic_v0_4_transfer,0.2309637726207583,gradient_boosting,v0_4_population_alias_revision,central_calibration_worlds_005_006_rank1_f1_max,
17-74587,18-21245,2017-05-29,2018-02-14,NAME:departement de la sarthe,NAME_FALLBACK,8.5742444152431,2017-11-29,2.5295663600525624,0.5784056066579062,0.1393021707271005,0.8,0.6,0.4933571614189617,0.8726010412688325,0.8726010412688325,2,0.0044507392704189,5,POTENTIAL,gradient_boosting_synthetic_v0_4_transfer,0.2309637726207583,gradient_boosting,v0_4_population_alias_revision,central_calibration_worlds_005_006_rank1_f1_max,
17-76616,17-129614,2017-06-03,2017-12-21,NAME:nantes metropole,NAME_FALLBACK,6.603153745072273,2017-12-03,0.5913272010512484,0.9014454664914586,0.214962581706752,1.0,0.6,0.6605982702202278,0.9403995208541638,0.9403995208541638,2,0.121456044278239,27,HIGH,gradient_boosting_synthetic_v0_4_transfer,0.2309637726207583,gradient_boosting,v0_4_population_alias_revision,central_calibration_worlds_005_006_rank1_f1_max,
17-90968,17-130002,2017-07-01,2017-09-17,NAME:conseil departemental de la mayenne,NAME_FALLBACK,2.562417871222076,2018-03-01,5.4204993429697765,0.0965834428383706,0.8468750551907425,1.0,0.6,0.6805521300263524,0.8345995488711411,0.8345995488711411,1,0.3788749978653856,4,HIGH,gradient_boosting_synthetic_v0_4_transfer,0.2309637726207583,gradient_boosting,v0_4_population_alias_revision,central_calibration_worlds_005_006_rank1_f1_max,
17-9361,17-35545,2017-01-19,2017-03-16,NAME:chu de nantes,NAME_FALLBACK,1.8396846254927728,2017-07-19,4.106438896189225,0.3155935173017958,0.1122271996826206,0.8,0.6,0.4181778992143661,0.6339046140074496,0.6339046140074496,1,0.0682493609517466,11,HIGH,gradient_boosting_synthetic_v0_4_transfer,0.2309637726207583,gradient_boosting,v0_4_population_alias_revision,central_calibration_worlds_005_006_rank1_f1_max,
17-93666,17-159373,2017-07-03,2017-11-12,NAME:chu de nantes,NAME_FALLBACK,4.336399474375821,2018-01-03,1.7082785808147174,0.7152869031975471,0.0343829381488488,0.8,0.6,0.4908557541514838,0.8966514876190287,0.8966514876190287,2,0.2378148546965229,5,HIGH,gradient_boosting_synthetic_v0_4_transfer,0.2309637726207583,gradient_boosting,v0_4_population_alias_revision,central_calibration_worlds_005_006_rank1_f1_max,
18-101437,18-149889,2018-07-18,2018-10-26,NAME:universite de la rochelle,NAME_FALLBACK,3.28515111695138,2019-01-18,2.759526938239159,0.5400788436268069,0.0,1.0,0.6,0.4950197109067017,0.9715906443945317,0.9715906443945317,1,0.4950197109067017,1,HIGH,gradient_boosting_synthetic_v0_4_transfer,0.2309637726207583,gradient_boosting,v0_4_population_alias_revision,central_calibration_worlds_005_006_rank1_f1_max,
18-105237,19-32405,2018-07-26,2019-03-02,NAME:conseil regional des pays de la loire,NAME_FALLBACK,7.194480946123521,2018-12-26,2.1681997371879107,0.6386333771353483,0.7475511793813263,0.8,0.6,0.7213012570673012,0.9077257475778516,0.9077257475778516,1,0.4937040060192056,6,HIGH,gradient_boosting_synthetic_v0_4_transfer,0.2309637726207583,gradient_boosting,v0_4_population_alias_revision,central_calibration_worlds_005_006_rank1_f1_max,
18-109139,18-174630,2018-08-01,2018-12-14,NAME:gie des epl de vendee,NAME_FALLBACK,4.434954007884363,2019-02-01,1.609724047306176,0.731712658782304,0.0103756964004547,1.0,0.6,0.5465596584357351,0.953088982916795,0.953088982916795,3,0.1595944011728238,3,HIGH,gradient_boosting_synthetic_v0_4_transfer,0.2309637726207583,gradient_boosting,v0_4_population_alias_revision,central_calibration_worlds_005_006_rank1_f1_max,
18-120601,18-121819,2018-08-28,2018-08-30,NAME:chu de nantes,NAME_FALLBACK,0.0657030223390276,2019-02-28,5.978975032851511,0.0035041611914148,1.0,1.0,0.6,0.7108760402978536,0.4929908629999276,0.4929908629999276,1,0.4627419351304399,4,MEDIUM,gradient_boosting_synthetic_v0_4_transfer,0.2309637726207583,gradient_boosting,v0_4_population_alias_revision,central_calibration_worlds_005_006_rank1_f1_max,
18-125410,19-17531,2018-09-07,2019-02-03,NAME:association songo,NAME_FALLBACK,4.894875164257556,2019-01-07,0.8869908015768725,0.8521681997371879,0.4406637842861052,0.8,0.6,0.6672743744344338,0.9571171405258364,0.9571171405258364,1,0.6672743744344338,1,HIGH,gradient_boosting_synthetic_v0_4_transfer,0.2309637726207583,gradient_boosting,v0_4_population_alias_revision,central_calibration_worlds_005_006_rank1_f1_max,
18-126368,19-71137,2018-09-11,2019-05-06,NAME:departement de la sarthe,NAME_FALLBACK,7.7858081471747695,2019-05-14,0.2628120893561104,0.9561979851073148,0.0557198501917661,1.0,0.6,0.6185514438439468,0.9389104313106001,0.9389104313106001,1,0.3161374648241928,10,HIGH,gradient_boosting_synthetic_v0_4_transfer,0.2309637726207583,gradient_boosting,v0_4_population_alias_revision,central_calibration_worlds_005_006_rank1_f1_max,
18-12739,18-19126,2018-01-26,2018-02-09,NAME:la cite des congres de nantes,NAME_FALLBACK,0.4599211563731931,2018-07-26,5.486202365308804,0.0856329391151993,1.0,1.0,0.6,0.7314082347787998,0.4681307340646161,0.4681307340646161,1,0.4411639036513639,5,MEDIUM,gradient_boosting_synthetic_v0_4_transfer,0.2309637726207583,gradient_boosting,v0_4_population_alias_revision,central_calibration_worlds_005_006_rank1_f1_max,
18-127511,19-46630,2018-09-14,2019-03-25,NAME:ch le mans,NAME_FALLBACK,6.307490144546649,2019-08-02,4.270696452036794,0.2882172579938676,0.0217875011573195,0.8,0.6,0.3796799399035287,0.875769584720853,0.875769584720853,1,0.0587127380563928,5,HIGH,gradient_boosting_synthetic_v0_4_transfer,0.2309637726207583,gradient_boosting,v0_4_population_alias_revision,central_calibration_worlds_005_006_rank1_f1_max,
18-127908,19-15392,2018-09-13,2019-01-29,NAME:departement de la sarthe,NAME_FALLBACK,4.533508541392904,2019-03-13,1.4126149802890933,0.7645641699518178,0.1401302145801737,1.0,0.6,0.6001866175910153,0.948949942144367,0.948949942144367,1,0.2387311134847847,11,HIGH,gradient_boosting_synthetic_v0_4_transfer,0.2309637726207583,gradient_boosting,v0_4_population_alias_revision,central_calibration_worlds_005_006_rank1_f1_max,
18-128159,19-16942,2018-09-15,2019-02-03,NAME:nantes metropole,NAME_FALLBACK,4.6320630749014455,2019-03-15,1.314060446780552,0.7809899255365746,0.423334505078065,1.0,0.6,0.7034145581614664,0.949126556838705,0.949126556838705,1,0.3347833711268628,16,HIGH,gradient_boosting_synthetic_v0_4_transfer,0.2309637726207583,gradient_boosting,v0_4_population_alias_revision,central_calibration_worlds_005_006_rank1_f1_max,
18-14081,18-52482,2018-02-02,2018-04-21,NAME:cdc du pays de saint gilles cx de vie,NAME_FALLBACK,2.562417871222076,2018-10-14,5.781865965834428,0.0363556723609286,1.0,1.0,0.6,0.719088918090232,0.435962138235435,0.435962138235435,1,0.719088918090232,1,MEDIUM,gradient_boosting_synthetic_v0_4_transfer,0.2309637726207583,gradient_boosting,v0_4_population_alias_revision,central_calibration_worlds_005_006_rank1_f1_max,
18-142560,19-58204,2018-10-13,2019-04-13,NAME:ville de nantes,NAME_FALLBACK,5.978975032851511,2019-08-24,4.369250985545335,0.2717915024091107,0.737038267506106,1.0,0.6,0.6859112692294147,0.9389059108900067,0.9389059108900067,2,0.1132455052233698,5,HIGH,gradient_boosting_synthetic_v0_4_transfer,0.2309637726207583,gradient_boosting,v0_4_population_alias_revision,central_calibration_worlds_005_006_rank1_f1_max,
18-144441,19-97500,2018-10-17,2019-06-25,NAME:cap atlantique,NAME_FALLBACK,8.245729303547963,2019-02-17,4.204993429697766,0.2991677617170389,0.0281134723588158,1.0,0.6,0.4446316557548452,0.9162109377095918,0.9162109377095918,1,0.2233565020224969,2,HIGH,gradient_boosting_synthetic_v0_4_transfer,0.2309637726207583,gradient_boosting,v0_4_population_alias_revision,central_calibration_worlds_005_006_rank1_f1_max,
18-146989,19-103833,2018-10-22,2019-07-05,NAME:metropole nantes metropole,NAME_FALLBACK,8.409986859395532,2019-04-22,2.431011826544021,0.5948313622426631,0.3091851747063736,1.0,0.6,0.6169226517078965,0.6989681530727938,0.6989681530727938,1,0.2741064388961892,2,HIGH,gradient_boosting_synthetic_v0_4_transfer,0.2309637726207583,gradient_boosting,v0_4_population_alias_revision,central_calibration_worlds_005_006_rank1_f1_max,
18-149889,19-147530,2018-10-26,2019-10-02,NAME:universite de la rochelle,NAME_FALLBACK,11.202365308804204,2019-04-26,5.223390275952694,0.1294349540078844,0.4368925419622643,1.0,0.6,0.5452711281887637,0.953625824713385,0.953625824713385,1,0.5452711281887637,1,HIGH,gradient_boosting_synthetic_v0_4_transfer,0.2309637726207583,gradient_boosting,v0_4_population_alias_revision,central_calibration_worlds_005_006_rank1_f1_max,
18-150422,19-1779,2018-10-27,2019-01-09,SIRET:23440003400026,RAW_SIRET,2.431011826544021,2019-04-27,3.54796320630749,0.4086727989487516,0.0,0.8,1.0,0.4421681997371879,0.6876420795382067,0.6876420795382067,1,0.0515621658146848,7,HIGH,gradient_boosting_synthetic_v0_4_transfer,0.2309637726207583,gradient_boosting,v0_4_population_alias_revision,central_calibration_worlds_005_006_rank1_f1_max,
18-165012,18-171623,2018-11-26,2018-12-10,NAME:ch le mans,NAME_FALLBACK,0.4599211563731931,2019-03-26,3.4822601839684624,0.4196233026719229,1.0,1.0,0.6,0.8149058256679806,0.6640823450422331,0.6640823450422331,1,0.4511905545917926,8,HIGH,gradient_boosting_synthetic_v0_4_transfer,0.2309637726207583,gradient_boosting,v0_4_population_alias_revision,central_calibration_worlds_005_006_rank1_f1_max,
18-167367,18-173792,2018-11-30,2018-12-13,NAME:si energies de maine et loire,NAME_FALLBACK,0.4270696452036793,2019-05-30,5.519053876478318,0.0801576872536137,0.9999999999999998,1.0,0.6,0.7300394218134034,0.6838441109417986,0.6838441109417986,1,0.7300394218134034,1,HIGH,gradient_boosting_synthetic_v0_4_transfer,0.2309637726207583,gradient_boosting,v0_4_population_alias_revision,central_calibration_worlds_005_006_rank1_f1_max,
18-174630,18-175843,2018-12-14,2018-12-19,NAME:gie des epl de vendee,NAME_FALLBACK,0.164257555847569,2019-06-14,5.814717477003942,0.030880420499343,0.0501489278586356,1.0,0.6,0.3852722298753582,0.4965187939260514,0.4965187939260514,2,0.003179616233005,2,POTENTIAL,gradient_boosting_synthetic_v0_4_transfer,0.2309637726207583,gradient_boosting,v0_4_population_alias_revision,central_calibration_worlds_005_006_rank1_f1_max,
18-180161,19-37169,2018-12-26,2019-03-10,NAME:ctre hosp universitaire angers,NAME_FALLBACK,2.431011826544021,2019-09-09,6.011826544021025,0.0,1.0,1.0,0.6,0.71,0.7767767192455922,0.7767767192455922,1,0.4004400805083178,9,HIGH,gradient_boosting_synthetic_v0_4_transfer,0.2309637726207583,gradient_boosting,v0_4_population_alias_revision,central_calibration_worlds_005_006_rank1_f1_max,
18-18750,18-35949,2018-02-08,2018-03-15,NAME:comsopgn,NAME_FALLBACK,1.149802890932983,2018-06-08,2.7923784494086727,0.5346035917652212,0.9999999999999986,1.0,0.6,0.8436508979413049,0.9141409671662283,0.9141409671662283,1,0.8436508979413049,1,HIGH,gradient_boosting_synthetic_v0_4_transfer,0.2309637726207583,gradient_boosting,v0_4_population_alias_revision,central_calibration_worlds_005_006_rank1_f1_max,
18-26824,19-1779,2018-02-25,2019-01-09,SIRET:23440003400026,RAW_SIRET,10.446780551905388,2019-03-06,1.8396846254927728,0.6933858957512046,0.2552825798883648,0.8,1.0,0.6026953768987288,0.8535290492306111,0.8535290492306111,1,0.1572512429481323,6,HIGH,gradient_boosting_synthetic_v0_4_transfer,0.2309637726207583,gradient_boosting,v0_4_population_alias_revision,central_calibration_worlds_005_006_rank1_f1_max,
18-27476,18-146489,2018-02-28,2018-10-20,SIRET:19490970100303,RAW_SIRET,7.687253613666228,2018-10-20,0.0,1.0,0.3377670388599821,1.0,1.0,0.7682184636009937,0.9325709878726975,0.9325709878726975,1,0.6074155617806868,2,HIGH,gradient_boosting_synthetic_v0_4_transfer,0.2309637726207583,gradient_boosting,v0_4_population_alias_revision,central_calibration_worlds_005_006_rank1_f1_max,
18-29333,19-27651,2018-03-01,2019-02-20,NAME:comm comm de doue la fontaine,NAME_FALLBACK,11.695137976346912,2018-09-01,5.650459921156373,0.0582566798072711,0.0548295505144151,0.1,0.6,0.123754512631863,0.5166127861652138,0.5166127861652138,1,0.123754512631863,1,HIGH,gradient_boosting_synthetic_v0_4_transfer,0.2309637726207583,gradient_boosting,v0_4_population_alias_revision,central_calibration_worlds_005_006_rank1_f1_max,
18-29375,18-34097,2018-03-01,2018-03-12,NAME:commune de reze,NAME_FALLBACK,0.3613666228646517,2018-09-01,5.683311432325887,0.0527814279456855,0.9999999999999992,1.0,0.6,0.7231953569864211,0.5208281616371462,0.5208281616371462,1,0.4517892165879389,2,HIGH,gradient_boosting_synthetic_v0_4_transfer,0.2309637726207583,gradient_boosting,v0_4_population_alias_revision,central_calibration_worlds_005_006_rank1_f1_max,
18-30222,19-1779,2018-03-04,2019-01-09,SIRET:23440003400026,RAW_SIRET,10.21681997371879,2019-04-11,3.0223390275952693,0.4962768287341218,0.0079692016179902,0.8,1.0,0.466858427749827,0.8238107072141869,0.8238107072141869,1,0.075947591152199,8,HIGH,gradient_boosting_synthetic_v0_4_transfer,0.2309637726207583,gradient_boosting,v0_4_population_alias_revision,central_calibration_worlds_005_006_rank1_f1_max,
18-32259,19-10579,2018-03-07,2019-01-21,NAME:ville d angers,NAME_FALLBACK,10.512483574244415,2018-09-07,4.467805519053877,0.2553657468243538,0.0209101714787785,0.1,0.6,0.1611599967236609,0.27021941868022054,0.27021941868022054,1,0.1611599967236609,1,MEDIUM,gradient_boosting_synthetic_v0_4_transfer,0.2309637726207583,gradient_boosting,v0_4_population_alias_revision,central_calibration_worlds_005_006_rank1_f1_max,
18-32739,18-38804,2018-03-08,2018-03-20,NAME:commune de la baule,NAME_FALLBACK,0.3942181340341655,2018-07-08,3.6136662286465175,0.3977222952255804,0.0936872916680928,1.0,0.6,0.4922211258902276,0.7765675139466922,0.7765675139466922,1,0.4922211258902276,1,HIGH,gradient_boosting_synthetic_v0_4_transfer,0.2309637726207583,gradient_boosting,v0_4_population_alias_revision,central_calibration_worlds_005_006_rank1_f1_max,
18-35804,18-72093,2018-03-16,2018-05-30,NAME:ccir pays de la loire,NAME_FALLBACK,2.463863337713535,2018-07-16,1.5440210249671484,0.7426631625054753,1.0,1.0,0.6,0.8956657906263688,0.9045792077931486,0.9045792077931486,1,0.6570470876123137,3,HIGH,gradient_boosting_synthetic_v0_4_transfer,0.2309637726207583,gradient_boosting,v0_4_population_alias_revision,central_calibration_worlds_005_006_rank1_f1_max,
18-41400,18-177907,2018-03-26,2018-12-20,NAME:mairie de coueron,NAME_FALLBACK,8.83705650459921,2018-09-26,2.7923784494086727,0.5346035917652212,0.9999999999999998,0.1,0.6,0.5736508979413053,0.40662219697479035,0.40662219697479035,1,0.3859636563416649,2,MEDIUM,gradient_boosting_synthetic_v0_4_transfer,0.2309637726207583,gradient_boosting,v0_4_population_alias_revision,central_calibration_worlds_005_006_rank1_f1_max,
18-43533,18-154990,2018-03-30,2018-11-10,NAME:conseil departemental de la mayenne,NAME_FALLBACK,7.391590013140604,2018-09-30,1.3469119579500657,0.775514673674989,0.0,0.1,0.6,0.2838786684187472,0.2820759239544035,0.2820759239544035,1,0.2838786684187472,1,MEDIUM,gradient_boosting_synthetic_v0_4_transfer,0.2309637726207583,gradient_boosting,v0_4_population_alias_revision,central_calibration_worlds_005_006_rank1_f1_max,
18-57918,18-151695,2018-04-27,2018-10-28,NAME:agce pour l enst fr a l etranger,NAME_FALLBACK,6.044678055190539,2018-10-27,0.0328515111695138,0.9945247481384144,0.1068523288338282,1.0,0.6,0.6460295021264435,0.9514353264698866,0.9514353264698866,1,0.2897176317804076,6,HIGH,gradient_boosting_synthetic_v0_4_transfer,0.2309637726207583,gradient_boosting,v0_4_population_alias_revision,central_calibration_worlds_005_006_rank1_f1_max,
18-58630,18-123694,2018-04-26,2018-09-04,NAME:departement de la sarthe,NAME_FALLBACK,4.303547963206308,2019-01-31,4.894875164257556,0.1841874726237407,0.0532867779001234,0.8,0.6,0.3646972404209783,0.8402958820242822,0.8402958820242822,2,0.0647754277152363,13,HIGH,gradient_boosting_synthetic_v0_4_transfer,0.2309637726207583,gradient_boosting,v0_4_population_alias_revision,central_calibration_worlds_005_006_rank1_f1_max,
18-58840,18-120644,2018-04-28,2018-08-30,NAME:la cite des congres de nantes,NAME_FALLBACK,4.073587385019711,2018-08-28,0.0657030223390276,0.9890494962768288,0.848584446080931,1.0,0.6,0.904266930197533,0.9507305512024328,0.9507305512024328,1,0.6403484139545663,2,HIGH,gradient_boosting_synthetic_v0_4_transfer,0.2309637726207583,gradient_boosting,v0_4_population_alias_revision,central_calibration_worlds_005_006_rank1_f1_max,
18-61655,19-36958,2018-05-05,2019-03-14,NAME:nantes metropole,NAME_FALLBACK,10.282522996057818,2019-01-18,1.8068331143232588,0.6988611476127902,0.0913911828032765,1.0,0.6,0.5667022008843443,0.9248390844247398,0.9248390844247398,1,0.1919305025808986,17,HIGH,gradient_boosting_synthetic_v0_4_transfer,0.2309637726207583,gradient_boosting,v0_4_population_alias_revision,central_calibration_worlds_005_006_rank1_f1_max,
18-79940,18-126992,2018-06-13,2018-09-13,NAME:esat foyers,NAME_FALLBACK,3.0223390275952693,2018-12-13,2.9894875164257555,0.5017520805957074,0.8630533981161581,1.0,0.6,0.7875067094895822,0.9302222515600992,0.9302222515600992,1,0.4112107129761552,2,HIGH,gradient_boosting_synthetic_v0_4_transfer,0.2309637726207583,gradient_boosting,v0_4_population_alias_revision,central_calibration_worlds_005_006_rank1_f1_max,
18-86637,19-87996,2018-06-22,2019-06-06,NAME:mauges communaute,NAME_FALLBACK,11.465177398160314,2018-12-22,5.45335085413929,0.0911081909767849,0.0075443351695208,0.1,0.6,0.1154175650535285,0.32076493073014467,0.32076493073014467,1,0.1154175650535285,1,MEDIUM,gradient_boosting_synthetic_v0_4_transfer,0.2309637726207583,gradient_boosting,v0_4_population_alias_revision,central_calibration_worlds_005_006_rank1_f1_max,
18-87166,19-56150,2018-06-24,2019-04-10,NAME:conseil regional des pays de la loire,NAME_FALLBACK,9.526938239159,2019-04-20,0.328515111695138,0.9452474813841436,0.0,1.0,0.6,0.5963118703460359,0.2555969388595024,0.2555969388595024,1,0.2861341823688993,6,MEDIUM,gradient_boosting_synthetic_v0_4_transfer,0.2309637726207583,gradient_boosting,v0_4_population_alias_revision,central_calibration_worlds_005_006_rank1_f1_max,
18-90932,19-41352,2018-07-01,2019-03-15,NAME:agence regionale pays de la loire ti,NAME_FALLBACK,8.442838370565045,2019-01-01,2.3981603153745072,0.6003066141042488,0.0041211910709917,0.1,0.6,0.2415190704009093,0.2829330096574864,0.2829330096574864,1,0.2415190704009093,1,MEDIUM,gradient_boosting_synthetic_v0_4_transfer,0.2309637726207583,gradient_boosting,v0_4_population_alias_revision,central_calibration_worlds_005_006_rank1_f1_max,
19-105305,20-71610,2019-07-08,2020-06-07,NAME:metropole nantes metropole,NAME_FALLBACK,11.00525624178712,2020-01-08,4.960578186596584,0.1732369689005694,0.0149155345809317,0.1,0.6,0.1385296793284684,0.31864540221909693,0.31864540221909693,1,0.1385296793284684,1,MEDIUM,gradient_boosting_synthetic_v0_4_transfer,0.2309637726207583,gradient_boosting,v0_4_population_alias_revision,central_calibration_worlds_005_006_rank1_f1_max,
19-105444,20-91088,2019-07-10,2020-07-18,SIRET:24720013200014,RAW_SIRET,12.28646517739816,2020-05-10,2.266754270696452,0.6222076215505914,1.0,1.0,1.0,0.9055519053876476,0.9651120421287819,0.9651120421287819,1,0.9055519053876476,1,HIGH,gradient_boosting_synthetic_v0_4_transfer,0.2309637726207583,gradient_boosting,v0_4_population_alias_revision,central_calibration_worlds_005_006_rank1_f1_max,
19-110370,20-38676,2019-07-19,2020-03-15,NAME:commune de nantes,NAME_FALLBACK,7.884362680683311,2020-01-19,1.8396846254927728,0.6933858957512046,0.6170995647021217,1.0,0.6,0.7493313215835438,0.24312143269872127,0.24312143269872127,1,0.3814528556380065,9,MEDIUM,gradient_boosting_synthetic_v0_4_transfer,0.2309637726207583,gradient_boosting,v0_4_population_alias_revision,central_calibration_worlds_005_006_rank1_f1_max,
19-110681,20-17796,2019-07-16,2020-02-04,NAME:cc vendee grand littoral,NAME_FALLBACK,6.668856767411301,2020-01-16,0.6241787122207622,0.8959702146298729,0.0318094736129741,0.1,0.6,0.3251258694220092,0.2567935229408095,0.2567935229408095,1,0.3251258694220092,1,MEDIUM,gradient_boosting_synthetic_v0_4_transfer,0.2309637726207583,gradient_boosting,v0_4_population_alias_revision,central_calibration_worlds_005_006_rank1_f1_max,
19-11185,19-124888,2019-01-23,2019-08-13,NAME:departement de maine-et-loire,NAME_FALLBACK,6.636005256241787,2019-07-23,0.6898817345597897,0.8850197109067017,0.9650727723557216,1.0,0.6,0.9190303980511778,0.9521426758122533,0.9521426758122533,1,0.6886604677367947,5,HIGH,gradient_boosting_synthetic_v0_4_transfer,0.2309637726207583,gradient_boosting,v0_4_population_alias_revision,central_calibration_worlds_005_006_rank1_f1_max,
19-113409,20-37796,2019-07-19,2020-03-12,NAME:communaute d agglomeration du niortais,NAME_FALLBACK,7.7858081471747695,2020-01-19,1.7411300919842312,0.7098116513359615,0.15294155665177,0.1,0.6,0.3209824576621098,0.2736644013650423,0.2736644013650423,1,0.3209824576621098,1,MEDIUM,gradient_boosting_synthetic_v0_4_transfer,0.2309637726207583,gradient_boosting,v0_4_population_alias_revision,central_calibration_worlds_005_006_rank1_f1_max,
19-117771,19-174440,2019-07-29,2019-11-21,NAME:sdis49,NAME_FALLBACK,3.7779237844940874,2020-03-19,3.9093298291721417,0.3484450284713097,0.9295829620997308,1.0,0.6,0.7724652938527332,0.9756896107448302,0.9756896107448302,1,0.7724652938527332,1,HIGH,gradient_boosting_synthetic_v0_4_transfer,0.2309637726207583,gradient_boosting,v0_4_population_alias_revision,central_calibration_worlds_005_006_rank1_f1_max,
19-119269,20-12070,2019-08-02,2020-01-26,NAME:nantes metropole,NAME_FALLBACK,5.814717477003942,2020-02-02,0.2299605781865965,0.9616732369689006,0.0113053075838583,1.0,0.6,0.6043751668965756,0.9437095110902397,0.9437095110902397,3,0.0226240154972652,22,POTENTIAL,gradient_boosting_synthetic_v0_4_transfer,0.2309637726207583,gradient_boosting,v0_4_population_alias_revision,central_calibration_worlds_005_006_rank1_f1_max,
19-123696,19-138231,2019-08-08,2019-09-11,NAME:cc du pays de mortagne,NAME_FALLBACK,1.1169513797634691,2019-12-08,2.890932982917214,0.5181778361804643,0.9999999999999998,1.0,0.6,0.839544459045116,0.9141409671662283,0.9141409671662283,1,0.839544459045116,1,HIGH,gradient_boosting_synthetic_v0_4_transfer,0.2309637726207583,gradient_boosting,v0_4_population_alias_revision,central_calibration_worlds_005_006_rank1_f1_max,
19-124424,20-152502,2019-08-11,2020-12-14,NAME:chd vendee,NAME_FALLBACK,16.130091984231274,2021-02-23,2.33245729303548,0.61125711782742,0.4552416812193399,1.0,0.6,0.672148867883624,0.7945866590078118,0.7945866590078118,1,0.672148867883624,1,HIGH,gradient_boosting_synthetic_v0_4_transfer,0.2309637726207583,gradient_boosting,v0_4_population_alias_revision,central_calibration_worlds_005_006_rank1_f1_max,
19-131225,19-131092,2019-08-29,2019-08-30,NAME:sdis 44,NAME_FALLBACK,0.0328515111695138,2020-01-29,4.993429697766097,0.1677617170389838,0.053482451980284,0.8,0.6,0.3606592874528453,0.3967997999577959,0.3967997999577959,1,0.014326459986491,4,POTENTIAL,gradient_boosting_synthetic_v0_4_transfer,0.2309637726207583,gradient_boosting,v0_4_population_alias_revision,central_calibration_worlds_005_006_rank1_f1_max,
19-131601,19-131092,2019-08-29,2019-08-30,NAME:sdis 44,NAME_FALLBACK,0.0328515111695138,2020-01-29,4.993429697766097,0.1677617170389838,0.2303667943525437,0.8,0.6,0.4225688072831362,0.39442347580659126,0.39442347580659126,2,0.0374901167670113,4,POTENTIAL,gradient_boosting_synthetic_v0_4_transfer,0.2309637726207583,gradient_boosting,v0_4_population_alias_revision,central_calibration_worlds_005_006_rank1_f1_max,
19-143955,19-177480,2019-09-24,2019-11-28,SIRET:23440003400026,RAW_SIRET,2.135348226018397,2020-01-24,1.8725361366622864,0.687910643889619,0.9566688505698498,1.0,1.0,0.9068117586718522,0.8573217840537916,0.8573217840537916,1,0.5562298223793227,6,HIGH,gradient_boosting_synthetic_v0_4_transfer,0.2309637726207583,gradient_boosting,v0_4_population_alias_revision,central_calibration_worlds_005_006_rank1_f1_max,
19-145053,19-174809,2019-09-24,2019-11-20,NAME:departement de la sarthe,NAME_FALLBACK,1.8725361366622864,2020-03-24,4.106438896189225,0.3155935173017958,0.9840442363160228,1.0,0.6,0.7833138620360569,0.8667367696823896,0.8667367696823896,1,0.3803644939735831,7,HIGH,gradient_boosting_synthetic_v0_4_transfer,0.2309637726207583,gradient_boosting,v0_4_population_alias_revision,central_calibration_worlds_005_006_rank1_f1_max,
19-152453,20-10180,2019-10-10,2020-01-24,NAME:chd vendee,NAME_FALLBACK,3.4822601839684624,2020-05-22,3.9093298291721417,0.3484450284713097,1.0,1.0,0.6,0.7971112571178274,0.92899944198545,0.92899944198545,1,0.6162011772641207,2,HIGH,gradient_boosting_synthetic_v0_4_transfer,0.2309637726207583,gradient_boosting,v0_4_population_alias_revision,central_calibration_worlds_005_006_rank1_f1_max,
19-15392,20-13755,2019-01-29,2020-01-28,NAME:departement de la sarthe,NAME_FALLBACK,11.957950065703022,2019-07-29,6.011826544021025,0.0,0.1366678728047405,1.0,0.6,0.4078337554816592,0.7108352743411802,0.7108352743411802,1,0.0830244633620203,9,HIGH,gradient_boosting_synthetic_v0_4_transfer,0.2309637726207583,gradient_boosting,v0_4_population_alias_revision,central_calibration_worlds_005_006_rank1_f1_max,
19-169357,20-94462,2019-11-08,2020-07-26,NAME:ch le mans,NAME_FALLBACK,8.5742444152431,2020-05-08,2.59526938239159,0.567455102934735,0.0154155292966051,1.0,0.6,0.5072592109874956,0.935824239022072,0.935824239022072,1,0.2086689233379483,5,HIGH,gradient_boosting_synthetic_v0_4_transfer,0.2309637726207583,gradient_boosting,v0_4_population_alias_revision,central_calibration_worlds_005_006_rank1_f1_max,
19-169855,20-27358,2019-11-12,2020-02-23,NAME:gie sesam vitale,NAME_FALLBACK,3.383705650459921,2020-05-12,2.59526938239159,0.567455102934735,0.0774316433088956,1.0,0.6,0.5289648508917972,0.9361922698160605,0.9361922698160605,1,0.1736969227680959,4,HIGH,gradient_boosting_synthetic_v0_4_transfer,0.2309637726207583,gradient_boosting,v0_4_population_alias_revision,central_calibration_worlds_005_006_rank1_f1_max,
19-17058,20-110309,2019-02-03,2020-09-10,SIRET:23440003400026,RAW_SIRET,19.21813403416557,2020-07-23,1.609724047306176,0.731712658782304,0.0160559764594868,1.0,1.0,0.5885477564563963,0.4303886086106815,0.4303886086106815,1,0.2251591659894387,8,MEDIUM,gradient_boosting_synthetic_v0_4_transfer,0.2309637726207583,gradient_boosting,v0_4_population_alias_revision,central_calibration_worlds_005_006_rank1_f1_max,
19-172484,20-129474,2019-11-20,2020-10-21,NAME:spr pays de la loire,NAME_FALLBACK,11.038107752956636,2020-12-17,1.8725361366622864,0.687910643889619,0.0389883890692751,0.1,0.6,0.2756235971466511,0.5249180286561013,0.5249180286561013,1,0.2756235971466511,1,HIGH,gradient_boosting_synthetic_v0_4_transfer,0.2309637726207583,gradient_boosting,v0_4_population_alias_revision,central_calibration_worlds_005_006_rank1_f1_max,
19-176963,20-66280,2020-01-06,2020-05-28,NAME:angers loire metropole,NAME_FALLBACK,4.697766097240473,2020-07-06,1.281208935611038,0.7864651773981604,0.0335075139354508,0.8,0.6,0.5083439242269479,0.8912071555441062,0.8912071555441062,1,0.0450983338392401,6,POTENTIAL,gradient_boosting_synthetic_v0_4_transfer,0.2309637726207583,gradient_boosting,v0_4_population_alias_revision,central_calibration_worlds_005_006_rank1_f1_max,
19-178175,21-24011,2019-11-27,2021-02-19,NAME:commune de saint nazaire,NAME_FALLBACK,14.783180026281208,2020-09-23,4.894875164257556,0.1841874726237407,0.0829465733033877,1.0,0.6,0.4350781688121208,0.8750614480587271,0.8750614480587271,1,0.2004767671476443,3,HIGH,gradient_boosting_synthetic_v0_4_transfer,0.2309637726207583,gradient_boosting,v0_4_population_alias_revision,central_calibration_worlds_005_006_rank1_f1_max,
19-181049,21-48350,2019-12-05,2021-04-12,NAME:cci de region bretagne,NAME_FALLBACK,16.228646517739815,2021-05-06,0.7884362680683311,0.8685939553219448,0.0,0.1,0.6,0.3071484888304862,0.32483253475481566,0.32483253475481566,1,0.3071484888304862,1,MEDIUM,gradient_boosting_synthetic_v0_4_transfer,0.2309637726207583,gradient_boosting,v0_4_population_alias_revision,central_calibration_worlds_005_006_rank1_f1_max,
19-185562,20-118247,2019-12-12,2020-09-30,NAME:commune de saint-herblain,NAME_FALLBACK,9.625492772667542,2020-06-12,3.6136662286465175,0.3977222952255804,0.2685927434438661,1.0,0.6,0.5534380340117482,0.9635254749750586,0.9635254749750586,1,0.5534380340117482,1,HIGH,gradient_boosting_synthetic_v0_4_transfer,0.2309637726207583,gradient_boosting,v0_4_population_alias_revision,central_calibration_worlds_005_006_rank1_f1_max,
19-191665,20-54283,2019-12-26,2020-04-23,NAME:nantes metropole,NAME_FALLBACK,3.9093298291721417,2020-06-26,2.102496714848883,0.6495838808585195,0.0076759549291531,1.0,0.6,0.5250825544398334,0.9425027308388312,0.9425027308388312,2,0.0571994665320789,22,HIGH,gradient_boosting_synthetic_v0_4_transfer,0.2309637726207583,gradient_boosting,v0_4_population_alias_revision,central_calibration_worlds_005_006_rank1_f1_max,
19-25237,19-184042,2019-02-17,2019-12-12,NAME:commune de nantes,NAME_FALLBACK,9.789750328515112,2019-08-17,3.843626806833114,0.3593955321944809,0.8771245365023538,1.0,0.6,0.7568424708244441,0.9173011489520002,0.9173011489520002,1,0.4496317493843324,6,HIGH,gradient_boosting_synthetic_v0_4_transfer,0.2309637726207583,gradient_boosting,v0_4_population_alias_revision,central_calibration_worlds_005_006_rank1_f1_max,
19-35566,19-85688,2019-03-07,2019-06-05,NAME:angers loire metropole,NAME_FALLBACK,2.9566360052562417,2019-09-07,3.088042049934297,0.4853263250109505,0.0213256559346814,1.0,0.6,0.4887955608298761,0.9315769225406456,0.9315769225406456,1,0.11876778827185,8,HIGH,gradient_boosting_synthetic_v0_4_transfer,0.2309637726207583,gradient_boosting,v0_4_population_alias_revision,central_calibration_worlds_005_006_rank1_f1_max,
19-36958,19-191665,2019-03-14,2019-12-26,NAME:nantes metropole,NAME_FALLBACK,9.42838370565046,2020-02-25,2.0039421813403417,0.6660096364432764,0.0150254677417046,1.0,0.6,0.5317613228204157,0.9152587717967028,0.9152587717967028,6,0.085476257104343,23,HIGH,gradient_boosting_synthetic_v0_4_transfer,0.2309637726207583,gradient_boosting,v0_4_population_alias_revision,central_calibration_worlds_005_006_rank1_f1_max,
19-39813,20-32603,2019-03-14,2020-03-03,NAME:departement de la mayenne,NAME_FALLBACK,11.662286465177395,2019-09-14,5.617608409986859,0.0637319316688568,0.0571549631107327,0.1,0.6,0.1259372200059706,0.3162751904215234,0.3162751904215234,1,0.1259372200059706,1,MEDIUM,gradient_boosting_synthetic_v0_4_transfer,0.2309637726207583,gradient_boosting,v0_4_population_alias_revision,central_calibration_worlds_005_006_rank1_f1_max,
19-46133,19-92746,2019-03-27,2019-06-19,NAME:cc du pays des achards,NAME_FALLBACK,2.759526938239159,2019-10-15,3.876478318002628,0.3539202803328953,1.0000000000000004,1.0,0.6,0.798480070083224,0.9680959205385472,0.9680959205385472,1,0.798480070083224,1,HIGH,gradient_boosting_synthetic_v0_4_transfer,0.2309637726207583,gradient_boosting,v0_4_population_alias_revision,central_calibration_worlds_005_006_rank1_f1_max,
19-58204,19-112016,2019-04-13,2019-07-21,NAME:ville de nantes,NAME_FALLBACK,3.252299605781866,2020-01-10,5.683311432325887,0.0527814279456855,0.5754645850796773,1.0,0.6,0.5746079617643085,0.8805316968142951,0.8805316968142951,1,0.2779091268717182,4,HIGH,gradient_boosting_synthetic_v0_4_transfer,0.2309637726207583,gradient_boosting,v0_4_population_alias_revision,central_calibration_worlds_005_006_rank1_f1_max,
19-97500,19-161914,2019-06-25,2019-10-26,NAME:cap atlantique,NAME_FALLBACK,4.040735873850197,2019-10-25,0.0328515111695138,0.9945247481384144,1.0,1.0,0.6,0.9586311870346036,0.9754041420757233,0.9754041420757233,1,0.9586311870346036,1,HIGH,gradient_boosting_synthetic_v0_4_transfer,0.2309637726207583,gradient_boosting,v0_4_population_alias_revision,central_calibration_worlds_005_006_rank1_f1_max,
20-109382,21-24367,2020-09-06,2021-02-24,SIRET:21440184600016,RAW_SIRET,5.617608409986859,2021-04-10,1.4783180026281209,0.7536136662286466,0.1139542799268085,1.0,1.0,0.6282874145315446,0.9485151012285973,0.9485151012285973,1,0.416738656200806,2,HIGH,gradient_boosting_synthetic_v0_4_transfer,0.2309637726207583,gradient_boosting,v0_4_population_alias_revision,central_calibration_worlds_005_006_rank1_f1_max,
20-114714,21-77546,2020-09-20,2021-06-10,NAME:conseil departemental loire-atlantique,NAME_FALLBACK,8.639947437582128,2021-08-06,1.8725361366622864,0.687910643889619,0.0231279485414818,1.0,0.6,0.5400724429619234,0.93130098779701,0.93130098779701,1,0.1979930767669672,10,HIGH,gradient_boosting_synthetic_v0_4_transfer,0.2309637726207583,gradient_boosting,v0_4_population_alias_revision,central_calibration_worlds_005_006_rank1_f1_max,
20-118247,21-76512,2020-09-30,2021-06-09,NAME:commune de saint-herblain,NAME_FALLBACK,8.278580814717477,2021-07-08,0.9526938239159,0.8412176960140166,0.2093452826113215,1.0,0.6,0.6435752729174666,0.94025726326149,0.94025726326149,1,0.2170994389829086,6,HIGH,gradient_boosting_synthetic_v0_4_transfer,0.2309637726207583,gradient_boosting,v0_4_population_alias_revision,central_calibration_worlds_005_006_rank1_f1_max,
20-118996,21-26465,2020-10-01,2021-02-27,NAME:chu de nantes,NAME_FALLBACK,4.894875164257556,2021-08-24,5.847568988173456,0.0254051686377573,0.6679117018605,1.0,0.6,0.6001203878106143,0.909375088551216,0.909375088551216,1,0.2297681433743225,10,HIGH,gradient_boosting_synthetic_v0_4_transfer,0.2309637726207583,gradient_boosting,v0_4_population_alias_revision,central_calibration_worlds_005_006_rank1_f1_max,
20-12070,20-66643,2020-01-26,2020-05-22,NAME:nantes metropole,NAME_FALLBACK,3.843626806833114,2020-07-26,2.135348226018397,0.6441086289969338,0.0684522337071932,1.0,0.6,0.544985439046751,0.9410122551280887,0.9410122551280887,1,0.0601421209870454,21,HIGH,gradient_boosting_synthetic_v0_4_transfer,0.2309637726207583,gradient_boosting,v0_4_population_alias_revision,central_calibration_worlds_005_006_rank1_f1_max,
20-121660,21-51989,2020-10-06,2021-04-19,NAME:departement de la mayenne,NAME_FALLBACK,6.40604467805519,2021-04-06,0.4270696452036793,0.9288217257993868,0.0132057350638359,1.0,0.6,0.5968274387221892,0.952325196364414,0.952325196364414,1,0.0056305794571096,5,POTENTIAL,gradient_boosting_synthetic_v0_4_transfer,0.2309637726207583,gradient_boosting,v0_4_population_alias_revision,central_calibration_worlds_005_006_rank1_f1_max,
20-122021,21-73723,2020-10-06,2021-06-01,NAME:rectorat de l academie de nantes,NAME_FALLBACK,7.818659658344283,2021-02-06,3.7779237844940874,0.3703460359176522,0.3699859648769119,1.0,0.6,0.5820815966863322,0.966399958041847,0.966399958041847,1,0.5820815966863322,1,HIGH,gradient_boosting_synthetic_v0_4_transfer,0.2309637726207583,gradient_boosting,v0_4_population_alias_revision,central_calibration_worlds_005_006_rank1_f1_max,
20-124045,21-126684,2020-10-11,2021-09-24,SIRET:23440003400026,RAW_SIRET,11.4323258869908,2021-08-10,1.4783180026281209,0.7536136662286466,0.2547901680005385,1.0,1.0,0.67757997535735,0.9159498895239915,0.9159498895239915,1,0.201115174881837,4,HIGH,gradient_boosting_synthetic_v0_4_transfer,0.2309637726207583,gradient_boosting,v0_4_population_alias_revision,central_calibration_worlds_005_006_rank1_f1_max,
20-124795,21-132073,2020-10-12,2021-10-01,NAME:sde35,NAME_FALLBACK,11.629434954007884,2021-04-12,5.650459921156373,0.0582566798072711,0.040446198307219,0.2,0.6,0.1487203393593444,0.6867597927698673,0.6867597927698673,1,0.1487203393593444,1,HIGH,gradient_boosting_synthetic_v0_4_transfer,0.2309637726207583,gradient_boosting,v0_4_population_alias_revision,central_calibration_worlds_005_006_rank1_f1_max,
20-125567,21-67771,2020-10-15,2021-05-22,NAME:conseil regional des pays de la loire,NAME_FALLBACK,7.194480946123521,2021-09-21,4.007884362680684,0.3320192728865527,0.0740404582711345,1.0,0.6,0.4689189786165352,0.9323820853046909,0.9323820853046909,1,0.0970298265360164,9,HIGH,gradient_boosting_synthetic_v0_4_transfer,0.2309637726207583,gradient_boosting,v0_4_population_alias_revision,central_calibration_worlds_005_006_rank1_f1_max,
20-130827,21-51441,2020-10-25,2021-04-18,SIRET:37977417700016,RAW_SIRET,5.7490144546649145,2021-08-10,3.7450722733245727,0.3758212877792378,0.0079467900677649,0.2,1.0,0.2567366984685272,0.6452330680213538,0.6452330680213538,1,0.2567366984685272,1,HIGH,gradient_boosting_synthetic_v0_4_transfer,0.2309637726207583,gradient_boosting,v0_4_population_alias_revision,central_calibration_worlds_005_006_rank1_f1_max,
20-135543,21-143328,2020-11-04,2021-10-25,NAME:departement de la vendee,NAME_FALLBACK,11.662286465177395,2021-09-12,1.4126149802890933,0.7645641699518178,0.0087144312748617,0.8,0.6,0.494191093434156,0.8652454939523634,0.8652454939523634,1,0.0013688129653964,3,POTENTIAL,gradient_boosting_synthetic_v0_4_transfer,0.2309637726207583,gradient_boosting,v0_4_population_alias_revision,central_calibration_worlds_005_006_rank1_f1_max,
20-13755,20-25157,2020-01-28,2020-02-18,NAME:departement de la sarthe,NAME_FALLBACK,0.6898817345597897,2020-07-28,5.289093298291721,0.1184844502847131,0.2276357280070611,1.0,0.6,0.4692936173736496,0.734315271064204,0.734315271064204,2,0.2456888618203932,4,HIGH,gradient_boosting_synthetic_v0_4_transfer,0.2309637726207583,gradient_boosting,v0_4_population_alias_revision,central_calibration_worlds_005_006_rank1_f1_max,
20-142015,21-116891,2020-11-21,2021-09-01,SIRET:23440003400026,RAW_SIRET,9.32982917214192,2021-05-21,3.383705650459921,0.4360490582566798,0.6630948905529075,1.0,1.0,0.7410954762576875,0.3049479075682298,0.3049479075682298,1,0.4178885905720972,4,MEDIUM,gradient_boosting_synthetic_v0_4_transfer,0.2309637726207583,gradient_boosting,v0_4_population_alias_revision,central_calibration_worlds_005_006_rank1_f1_max,
20-149342,20-158264,2020-12-08,2020-12-28,NAME:museum national d histoire naturelle,NAME_FALLBACK,0.657030223390276,2021-06-08,5.321944809461235,0.1130091984231275,0.9999999999999992,1.0,0.6,0.7382522996057816,0.8390000090442725,0.8390000090442725,1,0.7382522996057816,1,HIGH,gradient_boosting_synthetic_v0_4_transfer,0.2309637726207583,gradient_boosting,v0_4_population_alias_revision,central_calibration_worlds_005_006_rank1_f1_max,
20-15455,20-25157,2020-01-31,2020-02-18,NAME:departement de la sarthe,NAME_FALLBACK,0.5913272010512484,2020-07-31,5.387647831800263,0.1020586946999562,0.2276357280070611,1.0,0.6,0.4651871784774604,0.700430200985445,0.700430200985445,1,0.0465050982969431,2,POTENTIAL,gradient_boosting_synthetic_v0_4_transfer,0.2309637726207583,gradient_boosting,v0_4_population_alias_revision,central_calibration_worlds_005_006_rank1_f1_max,
20-16042,20-25157,2020-01-31,2020-02-18,NAME:departement de la sarthe,NAME_FALLBACK,0.5913272010512484,2020-07-31,5.387647831800263,0.1020586946999562,1.0,1.0,0.6,0.7355146736749889,0.7221509946633182,0.7221509946633182,1,0.2831811949488396,2,HIGH,gradient_boosting_synthetic_v0_4_transfer,0.2309637726207583,gradient_boosting,v0_4_population_alias_revision,central_calibration_worlds_005_006_rank1_f1_max,
20-19624,20-118393,2020-02-07,2020-09-28,NAME:sdis de la sarthe,NAME_FALLBACK,7.687253613666228,2020-12-11,2.431011826544021,0.5948313622426631,0.2376093620885176,0.1,0.6,0.3218711172916469,0.26537564918200307,0.26537564918200307,1,0.3218711172916469,1,MEDIUM,gradient_boosting_synthetic_v0_4_transfer,0.2309637726207583,gradient_boosting,v0_4_population_alias_revision,central_calibration_worlds_005_006_rank1_f1_max,
20-19626,20-118393,2020-02-07,2020-09-28,NAME:sdis de la sarthe,NAME_FALLBACK,7.687253613666228,2020-12-11,2.431011826544021,0.5948313622426631,0.3671873430321322,0.1,0.6,0.367223410621912,0.3333544331908967,0.3333544331908967,1,0.367223410621912,1,MEDIUM,gradient_boosting_synthetic_v0_4_transfer,0.2309637726207583,gradient_boosting,v0_4_population_alias_revision,central_calibration_worlds_005_006_rank1_f1_max,
20-23104,21-11209,2020-02-15,2021-01-25,NAME:reseau canope,NAME_FALLBACK,11.33377135348226,2021-07-09,5.4204993429697765,0.0965834428383706,0.0267703044305752,0.2,0.6,0.1535154672602939,0.36961346068345874,0.36961346068345874,1,0.0046453862950076,2,POTENTIAL,gradient_boosting_synthetic_v0_4_transfer,0.2309637726207583,gradient_boosting,v0_4_population_alias_revision,central_calibration_worlds_005_006_rank1_f1_max,
20-25276,21-45579,2020-02-21,2021-04-08,NAME:nantes metropole,NAME_FALLBACK,13.534822601839684,2021-05-01,0.7555847568988173,0.8740692071835304,0.1286267010849301,1.0,0.6,0.6235366471756081,0.883963904183721,0.883963904183721,1,0.2854705872813358,19,HIGH,gradient_boosting_synthetic_v0_4_transfer,0.2309637726207583,gradient_boosting,v0_4_population_alias_revision,central_calibration_worlds_005_006_rank1_f1_max,
20-27109,20-61130,2020-02-23,2020-05-08,NAME:ville de bouguenais,NAME_FALLBACK,2.463863337713535,2020-07-19,2.365308804204993,0.6057818659658345,1.0,1.0,0.6,0.8614454664914586,0.9028742414541591,0.9028742414541591,1,0.6259215624800785,2,HIGH,gradient_boosting_synthetic_v0_4_transfer,0.2309637726207583,gradient_boosting,v0_4_population_alias_revision,central_calibration_worlds_005_006_rank1_f1_max,
20-27417,20-88353,2020-02-23,2020-07-11,NAME:chu de nantes,NAME_FALLBACK,4.566360052562418,2020-08-23,1.4126149802890933,0.7645641699518178,0.1796692603993677,1.0,0.6,0.6140252836277331,0.948949942144367,0.948949942144367,2,0.0564041788012557,9,HIGH,gradient_boosting_synthetic_v0_4_transfer,0.2309637726207583,gradient_boosting,v0_4_population_alias_revision,central_calibration_worlds_005_006_rank1_f1_max,
20-29244,20-93913,2020-02-27,2020-07-25,NAME:commune de nantes,NAME_FALLBACK,4.894875164257556,2020-07-27,0.0657030223390276,0.9890494962768288,0.8246021910708939,1.0,0.6,0.8958731409440199,0.9511173998290734,0.9511173998290734,1,0.604284964385771,6,HIGH,gradient_boosting_synthetic_v0_4_transfer,0.2309637726207583,gradient_boosting,v0_4_population_alias_revision,central_calibration_worlds_005_006_rank1_f1_max,
20-29934,20-143279,2020-02-28,2020-12-08,NAME:ville de nantes,NAME_FALLBACK,9.32982917214192,2020-07-28,4.369250985545335,0.2717915024091107,0.0178056845964585,0.1,0.6,0.1641798652110381,0.28032254076948243,0.28032254076948243,1,0.1641798652110381,1,MEDIUM,gradient_boosting_synthetic_v0_4_transfer,0.2309637726207583,gradient_boosting,v0_4_population_alias_revision,central_calibration_worlds_005_006_rank1_f1_max,
20-32203,21-7561,2020-03-06,2021-01-18,NAME:nantes metropole,NAME_FALLBACK,10.446780551905388,2020-09-06,4.402102496714849,0.2663162505475251,0.0938881620226074,1.0,0.6,0.4594399193447939,0.8765600024164332,0.8765600024164332,1,0.0132419342374789,17,POTENTIAL,gradient_boosting_synthetic_v0_4_transfer,0.2309637726207583,gradient_boosting,v0_4_population_alias_revision,central_calibration_worlds_005_006_rank1_f1_max,
20-34392,20-66643,2020-03-11,2020-05-22,NAME:nantes metropole,NAME_FALLBACK,2.365308804204993,2020-09-11,3.679369250985545,0.3867717915024091,0.0215671275750135,1.0,0.6,0.464241442526857,0.8832002938609274,0.8832002938609274,2,0.3027559293522493,16,HIGH,gradient_boosting_synthetic_v0_4_transfer,0.2309637726207583,gradient_boosting,v0_4_population_alias_revision,central_calibration_worlds_005_006_rank1_f1_max,
20-37796,21-16407,2020-03-12,2021-02-04,NAME:communaute d agglomeration du niortais,NAME_FALLBACK,10.808147174770038,2020-09-12,4.763469119579501,0.2060884800700831,0.3115226083880204,0.8,0.6,0.4605550329533279,0.8517808519104686,0.8517808519104686,1,0.0209322998564125,3,POTENTIAL,gradient_boosting_synthetic_v0_4_transfer,0.2309637726207583,gradient_boosting,v0_4_population_alias_revision,central_calibration_worlds_005_006_rank1_f1_max,
20-39206,20-74255,2020-03-16,2020-06-10,NAME:ctre hosp universitaire angers,NAME_FALLBACK,2.8252299605781865,2020-07-16,1.1826544021024967,0.8028909329829172,1.0,1.0,0.6,0.9107227332457292,0.9318754725822962,0.9318754725822962,1,0.1163491020586946,2,HIGH,gradient_boosting_synthetic_v0_4_transfer,0.2309637726207583,gradient_boosting,v0_4_population_alias_revision,central_calibration_worlds_005_006_rank1_f1_max,
20-40507,20-74255,2020-03-17,2020-06-10,NAME:ctre hosp universitaire angers,NAME_FALLBACK,2.7923784494086727,2020-07-17,1.2155059132720103,0.7974156811213315,1.0,1.0,0.6,0.9093539202803328,0.9698992337292779,0.9698992337292779,1,0.9093539202803328,1,HIGH,gradient_boosting_synthetic_v0_4_transfer,0.2309637726207583,gradient_boosting,v0_4_population_alias_revision,central_calibration_worlds_005_006_rank1_f1_max,
20-49879,20-59788,2020-04-07,2020-05-04,NAME:vendee eau,NAME_FALLBACK,0.8869908015768725,2020-09-07,4.139290407358739,0.3101182654402102,0.9999999999999998,1.0,0.6,0.7875295663600526,0.7999940873477983,0.7999940873477983,1,0.533758221559645,2,HIGH,gradient_boosting_synthetic_v0_4_transfer,0.2309637726207583,gradient_boosting,v0_4_population_alias_revision,central_calibration_worlds_005_006_rank1_f1_max,
20-50348,21-11865,2020-04-08,2021-01-26,NAME:cte de communes de la region de blain,NAME_FALLBACK,9.625492772667542,2021-02-14,0.6241787122207622,0.8959702146298729,0.1847467295133879,1.0,0.6,0.6486539089871541,0.7639784794341976,0.7639784794341976,1,0.6486539089871541,1,HIGH,gradient_boosting_synthetic_v0_4_transfer,0.2309637726207583,gradient_boosting,v0_4_population_alias_revision,central_calibration_worlds_005_006_rank1_f1_max,
20-51119,20-135282,2020-05-11,2020-11-06,NAME:ca pornic agglo pays de retz,NAME_FALLBACK,5.88042049934297,2020-11-11,0.164257555847569,0.9726237406920718,0.1589900176921329,0.1,0.6,0.3888024413652645,0.4264208014066484,0.4264208014066484,1,0.3888024413652645,1,MEDIUM,gradient_boosting_synthetic_v0_4_transfer,0.2309637726207583,gradient_boosting,v0_4_population_alias_revision,central_calibration_worlds_005_006_rank1_f1_max,
20-54283,20-66643,2020-04-23,2020-05-22,NAME:nantes metropole,NAME_FALLBACK,0.9526938239159,2020-10-23,5.059132720105125,0.1568112133158125,0.0215671275750135,1.0,0.6,0.4067512979802078,0.8215861503504022,0.8215861503504022,1,0.0263948821197111,16,POTENTIAL,gradient_boosting_synthetic_v0_4_transfer,0.2309637726207583,gradient_boosting,v0_4_population_alias_revision,central_calibration_worlds_005_006_rank1_f1_max,
20-68352,20-114714,2020-05-28,2020-09-20,NAME:conseil departemental loire-atlantique,NAME_FALLBACK,3.7779237844940874,2020-11-28,2.266754270696452,0.6222076215505914,0.0149871724605487,1.0,0.6,0.5207974157488399,0.9500785233739475,0.9500785233739475,1,0.1730791482099451,10,HIGH,gradient_boosting_synthetic_v0_4_transfer,0.2309637726207583,gradient_boosting,v0_4_population_alias_revision,central_calibration_worlds_005_006_rank1_f1_max,
20-68370,21-67011,2020-05-26,2021-05-20,NAME:synd dep d energie et d eqpt de vendee,NAME_FALLBACK,11.793692509855452,2020-11-26,5.7490144546649145,0.0418309242225142,0.0046873567629095,0.2,0.6,0.1320983059226469,0.6911920939803666,0.6911920939803666,1,0.1320983059226469,1,HIGH,gradient_boosting_synthetic_v0_4_transfer,0.2309637726207583,gradient_boosting,v0_4_population_alias_revision,central_calibration_worlds_005_006_rank1_f1_max,
20-72791,21-126360,2020-06-07,2021-09-23,SIRET:88324710800011,RAW_SIRET,15.538764783180026,2021-04-10,5.45335085413929,0.0911081909767849,0.9999999999999998,1.0,1.0,0.7727770477441961,0.9387012066709549,0.9387012066709549,1,0.7727770477441961,1,HIGH,gradient_boosting_synthetic_v0_4_transfer,0.2309637726207583,gradient_boosting,v0_4_population_alias_revision,central_calibration_worlds_005_006_rank1_f1_max,
20-87505,21-24011,2020-07-08,2021-02-19,NAME:commune de saint nazaire,NAME_FALLBACK,7.424441524310118,2021-02-24,0.164257555847569,0.9726237406920718,0.0102903921873532,0.1,0.6,0.3367575724385915,0.2820759239544035,0.2820759239544035,1,0.3367575724385915,1,MEDIUM,gradient_boosting_synthetic_v0_4_transfer,0.2309637726207583,gradient_boosting,v0_4_population_alias_revision,central_calibration_worlds_005_006_rank1_f1_max,
20-95579,21-95316,2020-07-29,2021-07-08,NAME:cte de cnes du pays d ancenis,NAME_FALLBACK,11.300919842312746,2021-07-24,0.5256241787122208,0.9123959702146298,0.1183861201069388,0.1,0.6,0.359534134591086,0.3118743745389975,0.3118743745389975,1,0.359534134591086,1,MEDIUM,gradient_boosting_synthetic_v0_4_transfer,0.2309637726207583,gradient_boosting,v0_4_population_alias_revision,central_calibration_worlds_005_006_rank1_f1_max,
20-96618,20-115241,2020-07-29,2020-09-23,NAME:ch le mans,NAME_FALLBACK,1.8396846254927728,2021-02-13,4.697766097240473,0.2170389837932544,0.5638167266698864,1.0,0.6,0.6115956002827738,0.8454261215284793,0.8454261215284793,1,0.1394847204890906,5,HIGH,gradient_boosting_synthetic_v0_4_transfer,0.2309637726207583,gradient_boosting,v0_4_population_alias_revision,central_calibration_worlds_005_006_rank1_f1_max,
20-97380,21-72712,2020-08-01,2021-06-02,NAME:cci nantes saint-nazaire,NAME_FALLBACK,10.019710906701707,2021-06-11,0.2956636005256242,0.9507227332457292,0.1282204332687063,1.0,0.6,0.6425578349554795,0.9668567319158806,0.9668567319158806,1,0.6425578349554795,1,HIGH,gradient_boosting_synthetic_v0_4_transfer,0.2309637726207583,gradient_boosting,v0_4_population_alias_revision,central_calibration_worlds_005_006_rank1_f1_max,
21-103501,21-156574,2021-07-23,2021-11-26,NAME:departement de la sarthe,NAME_FALLBACK,4.139290407358739,2022-01-23,1.9053876478318,0.6824353920280333,0.3198361347751099,1.0,0.6,0.6425514951782969,0.973914101533816,0.973914101533816,1,0.6425514951782969,1,HIGH,gradient_boosting_synthetic_v0_4_transfer,0.2309637726207583,gradient_boosting,v0_4_population_alias_revision,central_calibration_worlds_005_006_rank1_f1_max,
21-104870,22-83349,2021-07-29,2022-06-16,SIRET:22530001100015,RAW_SIRET,10.578186596583445,2022-05-11,1.1826544021024967,0.8028909329829172,0.6128460635097774,1.0,1.0,0.8152188554741514,0.9208831855087114,0.9208831855087114,1,0.2043641331056634,9,HIGH,gradient_boosting_synthetic_v0_4_transfer,0.2309637726207583,gradient_boosting,v0_4_population_alias_revision,central_calibration_worlds_005_006_rank1_f1_max,
21-113953,21-117615,2021-08-20,2021-09-01,NAME:chu de nantes,NAME_FALLBACK,0.3942181340341655,2022-02-20,5.650459921156373,0.0582566798072711,1.0,1.0,0.6,0.7245641699518177,0.4911077933825065,0.4911077933825065,1,0.4017032238316056,5,MEDIUM,gradient_boosting_synthetic_v0_4_transfer,0.2309637726207583,gradient_boosting,v0_4_population_alias_revision,central_calibration_worlds_005_006_rank1_f1_max,
21-117181,22-57715,2021-08-31,2022-04-22,NAME:satt ouest valorisation,NAME_FALLBACK,7.687253613666228,2022-02-28,1.7411300919842312,0.7098116513359615,0.6207670451588572,0.1,0.6,0.4847213786395903,0.5455669304779729,0.5455669304779729,1,0.4847213786395903,1,HIGH,gradient_boosting_synthetic_v0_4_transfer,0.2309637726207583,gradient_boosting,v0_4_population_alias_revision,central_calibration_worlds_005_006_rank1_f1_max,
21-11865,21-141238,2021-01-26,2021-10-21,NAME:cte de communes de la region de blain,NAME_FALLBACK,8.804204993429698,2022-01-12,2.726675427069645,0.5455540954883924,0.033539263390973,1.0,0.6,0.5081272660589387,0.717283809659944,0.717283809659944,1,0.5081272660589387,1,HIGH,gradient_boosting_synthetic_v0_4_transfer,0.2309637726207583,gradient_boosting,v0_4_population_alias_revision,central_calibration_worlds_005_006_rank1_f1_max,
21-124527,21-130046,2021-09-16,2021-09-29,NAME:gpm de nantes - st nazaire,NAME_FALLBACK,0.4270696452036793,2022-03-16,5.519053876478318,0.0801576872536137,1.0000000000000004,1.0,0.6,0.7300394218134036,0.48585913731283115,0.48585913731283115,1,0.4447836692120347,2,MEDIUM,gradient_boosting_synthetic_v0_4_transfer,0.2309637726207583,gradient_boosting,v0_4_population_alias_revision,central_calibration_worlds_005_006_rank1_f1_max,
21-125536,22-38732,2021-09-22,2022-03-17,NAME:crous de nantes,NAME_FALLBACK,5.781865965834428,2022-03-22,0.164257555847569,0.9726237406920718,0.0223333285874864,1.0,0.6,0.6109726001786382,0.9760251677166206,0.9760251677166206,1,0.6109726001786382,1,HIGH,gradient_boosting_synthetic_v0_4_transfer,0.2309637726207583,gradient_boosting,v0_4_population_alias_revision,central_calibration_worlds_005_006_rank1_f1_max,
21-125688,22-93332,2021-09-22,2022-07-06,NAME:vendee expansion,NAME_FALLBACK,9.42838370565046,2022-06-15,0.6898817345597897,0.8850197109067017,0.1348238300139508,0.2,0.6,0.3884432682315582,0.6779397811743436,0.6779397811743436,1,0.3884432682315582,1,HIGH,gradient_boosting_synthetic_v0_4_transfer,0.2309637726207583,gradient_boosting,v0_4_population_alias_revision,central_calibration_worlds_005_006_rank1_f1_max,
21-125738,21-161861,2021-09-20,2021-12-09,NAME:commune de saint nazaire,NAME_FALLBACK,2.628120893561104,2022-03-20,3.3180026281208934,0.4469995619798511,0.9321375392082408,1.0,0.6,0.797998029217847,0.970109136582594,0.970109136582594,1,0.797998029217847,1,HIGH,gradient_boosting_synthetic_v0_4_transfer,0.2309637726207583,gradient_boosting,v0_4_population_alias_revision,central_calibration_worlds_005_006_rank1_f1_max,
21-130369,21-157863,2021-10-01,2021-12-02,NAME:commune de saint-herblain,NAME_FALLBACK,2.0367936925098555,2022-04-01,3.942181340341656,0.342969776609724,1.0,1.0,0.6,0.795742444152431,0.850644486769075,0.850644486769075,1,0.5197151959962335,2,HIGH,gradient_boosting_synthetic_v0_4_transfer,0.2309637726207583,gradient_boosting,v0_4_population_alias_revision,central_calibration_worlds_005_006_rank1_f1_max,
21-13699,21-20640,2021-02-03,2021-02-12,NAME:communaute de communes de sable,NAME_FALLBACK,0.2956636005256242,2021-08-03,5.650459921156373,0.0582566798072711,0.9567939091558684,1.0,0.6,0.7094420381563717,0.48585913731283115,0.48585913731283115,1,0.5617958729148393,2,MEDIUM,gradient_boosting_synthetic_v0_4_transfer,0.2309637726207583,gradient_boosting,v0_4_population_alias_revision,central_calibration_worlds_005_006_rank1_f1_max,
21-137487,22-93332,2021-10-15,2022-07-06,NAME:vendee expansion,NAME_FALLBACK,8.672798948751643,2022-06-15,0.6898817345597897,0.8850197109067017,0.2797786744300027,1.0,0.6,0.6791774637771764,0.9670753591492428,0.9670753591492428,1,0.6791774637771764,1,HIGH,gradient_boosting_synthetic_v0_4_transfer,0.2309637726207583,gradient_boosting,v0_4_population_alias_revision,central_calibration_worlds_005_006_rank1_f1_max,
21-141754,23-29518,2021-10-21,2023-03-03,NAME:vendee grand littoral,NAME_FALLBACK,16.36005256241787,2022-10-21,4.369250985545335,0.2717915024091107,0.0,0.1,0.6,0.1579478756022777,0.31142897760768173,0.31142897760768173,1,0.1579478756022777,1,MEDIUM,gradient_boosting_synthetic_v0_4_transfer,0.2309637726207583,gradient_boosting,v0_4_population_alias_revision,central_calibration_worlds_005_006_rank1_f1_max,
21-148591,22-12003,2021-11-10,2022-01-26,NAME:laval agglomeration,NAME_FALLBACK,2.5295663600525624,2022-03-10,1.4126149802890933,0.7645641699518178,0.6788589799893974,1.0,0.6,0.7887416854842435,0.9662214594797502,0.9662214594797502,1,0.7887416854842435,1,HIGH,gradient_boosting_synthetic_v0_4_transfer,0.2309637726207583,gradient_boosting,v0_4_population_alias_revision,central_calibration_worlds_005_006_rank1_f1_max,
21-148611,22-171933,2021-11-10,2023-01-01,SIRET:24720013200014,RAW_SIRET,13.699080157687254,2023-02-13,1.4126149802890933,0.7645641699518178,0.5777380990772488,1.0,1.0,0.7933493771649914,0.9143288089013577,0.9143288089013577,1,0.6103445589433533,4,HIGH,gradient_boosting_synthetic_v0_4_transfer,0.2309637726207583,gradient_boosting,v0_4_population_alias_revision,central_calibration_worlds_005_006_rank1_f1_max,
21-156348,22-83349,2021-11-27,2022-06-16,SIRET:22530001100015,RAW_SIRET,6.603153745072273,2022-09-20,3.1537450722733245,0.4743758212877792,0.1336538175660153,1.0,1.0,0.5653727914700502,0.9428141513164648,0.9428141513164648,2,0.1109554549921986,7,HIGH,gradient_boosting_synthetic_v0_4_transfer,0.2309637726207583,gradient_boosting,v0_4_population_alias_revision,central_calibration_worlds_005_006_rank1_f1_max,
21-157863,22-95583,2021-12-02,2022-07-07,NAME:commune de saint-herblain,NAME_FALLBACK,7.128777923784494,2022-08-26,1.6425755584756898,0.7262374069207184,0.1965774451418546,0.1,0.6,0.3403614575298287,0.26802944314006805,0.26802944314006805,1,0.3403614575298287,1,MEDIUM,gradient_boosting_synthetic_v0_4_transfer,0.2309637726207583,gradient_boosting,v0_4_population_alias_revision,central_calibration_worlds_005_006_rank1_f1_max,
21-160384,22-93332,2021-12-06,2022-07-06,NAME:vendee expansion,NAME_FALLBACK,6.964520367936925,2022-06-06,0.985545335085414,0.835742444152431,0.1079569319162648,1.0,0.6,0.6067205372088005,0.9746336999353659,0.9746336999353659,1,0.6067205372088005,1,HIGH,gradient_boosting_synthetic_v0_4_transfer,0.2309637726207583,gradient_boosting,v0_4_population_alias_revision,central_calibration_worlds_005_006_rank1_f1_max,
21-161904,22-90329,2021-12-11,2022-06-30,SIRET:22440002800011,RAW_SIRET,6.603153745072273,2022-10-07,3.252299605781866,0.4579500657030223,0.2263034731243246,1.0,1.0,0.5936937320192692,0.9362855867273328,0.9362855867273328,1,0.1467987960893674,15,HIGH,gradient_boosting_synthetic_v0_4_transfer,0.2309637726207583,gradient_boosting,v0_4_population_alias_revision,central_calibration_worlds_005_006_rank1_f1_max,
21-163822,22-102623,2021-12-16,2022-07-24,NAME:nantes metropole,NAME_FALLBACK,7.227332457293035,2022-07-03,0.6898817345597897,0.8850197109067017,0.2007641085727083,1.0,0.6,0.6515223657271234,0.9425600583626826,0.9425600583626826,1,0.3545532331587002,17,HIGH,gradient_boosting_synthetic_v0_4_transfer,0.2309637726207583,gradient_boosting,v0_4_population_alias_revision,central_calibration_worlds_005_006_rank1_f1_max,
21-17328,21-35440,2021-02-05,2021-03-17,NAME:universite d angers,NAME_FALLBACK,1.314060446780552,2021-07-16,3.975032851511169,0.3374945247481384,0.3835603862493899,1.0,0.6,0.5786197663743211,0.8547486811051255,0.8547486811051255,2,0.180164727712407,5,HIGH,gradient_boosting_synthetic_v0_4_transfer,0.2309637726207583,gradient_boosting,v0_4_population_alias_revision,central_calibration_worlds_005_006_rank1_f1_max,
21-23641,21-35440,2021-02-19,2021-03-17,NAME:universite d angers,NAME_FALLBACK,0.8541392904073587,2021-07-16,3.975032851511169,0.3374945247481384,0.3835603862493899,1.0,0.6,0.5786197663743211,0.8139915050954774,0.8139915050954774,1,0.265919654401776,4,HIGH,gradient_boosting_synthetic_v0_4_transfer,0.2309637726207583,gradient_boosting,v0_4_population_alias_revision,central_calibration_worlds_005_006_rank1_f1_max,
21-23645,21-51020,2021-02-19,2021-04-16,NAME:semitan,NAME_FALLBACK,1.8396846254927728,2021-08-19,4.106438896189225,0.3155935173017958,1.0,1.0,0.6,0.7888983793254489,0.8532482789497877,0.8532482789497877,1,0.4926918793790283,5,HIGH,gradient_boosting_synthetic_v0_4_transfer,0.2309637726207583,gradient_boosting,v0_4_population_alias_revision,central_calibration_worlds_005_006_rank1_f1_max,
21-24515,21-35279,2021-02-22,2021-03-16,NAME:ifth,NAME_FALLBACK,0.7227332457293035,2021-06-22,3.219448094612352,0.463425317564608,0.9999999999999994,1.0,0.6,0.8258563293911518,0.8827863358072406,0.8827863358072406,1,0.8258563293911518,1,HIGH,gradient_boosting_synthetic_v0_4_transfer,0.2309637726207583,gradient_boosting,v0_4_population_alias_revision,central_calibration_worlds_005_006_rank1_f1_max,
21-29818,22-28887,2021-03-07,2022-02-26,SIRET:52926090300016,RAW_SIRET,11.695137976346912,2021-09-13,5.45335085413929,0.0911081909767849,1.0000000000000002,1.0,1.0,0.7727770477441962,0.9387012066709549,0.9387012066709549,1,0.7727770477441962,1,HIGH,gradient_boosting_synthetic_v0_4_transfer,0.2309637726207583,gradient_boosting,v0_4_population_alias_revision,central_calibration_worlds_005_006_rank1_f1_max,
21-32441,21-96695,2021-03-11,2021-07-12,NAME:universite de nantes,NAME_FALLBACK,4.040735873850197,2021-12-02,4.697766097240473,0.2170389837932544,0.1200098054865906,0.1,0.6,0.1862631778686203,0.313569331064013,0.313569331064013,1,0.1862631778686203,1,MEDIUM,gradient_boosting_synthetic_v0_4_transfer,0.2309637726207583,gradient_boosting,v0_4_population_alias_revision,central_calibration_worlds_005_006_rank1_f1_max,
21-35196,21-89893,2021-03-16,2021-07-02,NAME:communaute d agglomeration du niortais,NAME_FALLBACK,3.54796320630749,2021-09-16,2.4967148488830486,0.5838808585194919,0.4837454701047893,1.0,0.6,0.6752811291665493,0.9724265858748296,0.9724265858748296,1,0.6752811291665493,1,HIGH,gradient_boosting_synthetic_v0_4_transfer,0.2309637726207583,gradient_boosting,v0_4_population_alias_revision,central_calibration_worlds_005_006_rank1_f1_max,
21-35440,22-22098,2021-03-17,2022-02-13,NAME:universite d angers,NAME_FALLBACK,10.939553219448094,2021-08-30,5.486202365308804,0.0856329391151993,0.0022929992310267,1.0,0.6,0.3822107845096592,0.8182948569993552,0.8182948569993552,1,0.082748376752617,4,HIGH,gradient_boosting_synthetic_v0_4_transfer,0.2309637726207583,gradient_boosting,v0_4_population_alias_revision,central_calibration_worlds_005_006_rank1_f1_max,
21-35939,21-78393,2021-03-19,2021-06-11,NAME:conseil departemental loire-atlantique,NAME_FALLBACK,2.759526938239159,2021-09-19,3.28515111695138,0.4524748138414367,0.2904337635881374,1.0,0.6,0.5747705207162073,0.9305604197832591,0.9305604197832591,1,0.2626681165152201,8,HIGH,gradient_boosting_synthetic_v0_4_transfer,0.2309637726207583,gradient_boosting,v0_4_population_alias_revision,central_calibration_worlds_005_006_rank1_f1_max,
21-40444,21-154866,2021-03-25,2021-11-25,NAME:ville de saint sebastien sur loire,NAME_FALLBACK,8.04862023653088,2021-09-25,2.0039421813403417,0.6660096364432764,0.0077159761869277,1.0,0.6,0.5292030007762438,0.9697978525073099,0.9697978525073099,1,0.5292030007762438,1,HIGH,gradient_boosting_synthetic_v0_4_transfer,0.2309637726207583,gradient_boosting,v0_4_population_alias_revision,central_calibration_worlds_005_006_rank1_f1_max,
21-4564,21-148535,2021-01-12,2021-11-08,NAME:ecole centrale de nantes,NAME_FALLBACK,9.85545335085414,2021-07-12,3.9093298291721417,0.3484450284713097,0.0158015385604273,0.1,0.6,0.182641795613977,0.484385067436423,0.484385067436423,1,0.182641795613977,1,MEDIUM,gradient_boosting_synthetic_v0_4_transfer,0.2309637726207583,gradient_boosting,v0_4_population_alias_revision,central_calibration_worlds_005_006_rank1_f1_max,
21-51989,21-53976,2021-04-19,2021-04-22,NAME:departement de la mayenne,NAME_FALLBACK,0.0985545335085413,2021-10-19,5.913272010512483,0.0144546649145861,0.0728326216269307,1.0,0.6,0.3891050837980722,0.5129764799389384,0.5129764799389384,1,0.0338430252399064,5,POTENTIAL,gradient_boosting_synthetic_v0_4_transfer,0.2309637726207583,gradient_boosting,v0_4_population_alias_revision,central_calibration_worlds_005_006_rank1_f1_max,
21-71012,21-96769,2021-05-27,2021-07-12,NAME:ville de sable sur sarthe,NAME_FALLBACK,1.5111695137976346,2021-11-27,4.533508541392904,0.2444152431011826,1.0,1.0,0.6,0.7711038107752957,0.9148084650658607,0.9148084650658607,1,0.7711038107752957,1,HIGH,gradient_boosting_synthetic_v0_4_transfer,0.2309637726207583,gradient_boosting,v0_4_population_alias_revision,central_calibration_worlds_005_006_rank1_f1_max,
21-74412,21-83160,2021-06-11,2021-06-25,NAME:angers loire metropole,NAME_FALLBACK,0.4599211563731931,2021-12-11,5.551905387647832,0.074682435392028,0.2204913526654261,1.0,0.6,0.4558425822809061,0.49507642079650516,0.49507642079650516,1,0.1787525941220933,4,MEDIUM,gradient_boosting_synthetic_v0_4_transfer,0.2309637726207583,gradient_boosting,v0_4_population_alias_revision,central_calibration_worlds_005_006_rank1_f1_max,
21-78101,22-105384,2021-06-11,2022-07-30,SIRET:24720013200014,RAW_SIRET,13.600525624178712,2022-11-29,4.007884362680684,0.3320192728865527,0.5777380990772488,1.0,1.0,0.6852131528986752,0.8960424917622151,0.8960424917622151,2,0.1218243539202803,5,HIGH,gradient_boosting_synthetic_v0_4_transfer,0.2309637726207583,gradient_boosting,v0_4_population_alias_revision,central_calibration_worlds_005_006_rank1_f1_max,
21-86124,21-161507,2021-06-23,2021-12-08,NAME:sydela,NAME_FALLBACK,5.519053876478318,2021-10-23,1.5111695137976346,0.7481384143670609,0.798419998471066,1.0,0.6,0.8264816030566384,0.97606101444291,0.97606101444291,1,0.8264816030566384,1,HIGH,gradient_boosting_synthetic_v0_4_transfer,0.2309637726207583,gradient_boosting,v0_4_population_alias_revision,central_calibration_worlds_005_006_rank1_f1_max,
21-91773,22-74813,2021-07-04,2022-05-27,NAME:gie sesam vitale,NAME_FALLBACK,10.74244415243101,2022-01-04,4.697766097240473,0.2170389837932544,0.5563730870462691,0.2,0.6,0.3689903264145078,0.4186095779881743,0.4186095779881743,1,0.040282485853842,2,POTENTIAL,gradient_boosting_synthetic_v0_4_transfer,0.2309637726207583,gradient_boosting,v0_4_population_alias_revision,central_calibration_worlds_005_006_rank1_f1_max,
21-96114,21-150402,2021-07-15,2021-11-14,NAME:nantes metropole,NAME_FALLBACK,4.007884362680684,2022-01-15,2.0367936925098555,0.6605343845816907,0.0439861905406523,1.0,0.6,0.5405287628346509,0.9473956383180842,0.9473956383180842,1,0.1897095867599297,14,HIGH,gradient_boosting_synthetic_v0_4_transfer,0.2309637726207583,gradient_boosting,v0_4_population_alias_revision,central_calibration_worlds_005_006_rank1_f1_max,
21-99109,22-2872,2021-07-18,2022-01-06,NAME:centre hospitalier de laval 53,NAME_FALLBACK,5.650459921156373,2022-03-19,2.365308804204993,0.6057818659658345,0.0266967980399462,0.1,0.6,0.2507893458054397,0.24799990348047407,0.24799990348047407,1,0.2507893458054397,1,MEDIUM,gradient_boosting_synthetic_v0_4_transfer,0.2309637726207583,gradient_boosting,v0_4_population_alias_revision,central_calibration_worlds_005_006_rank1_f1_max,
22-104764,23-48532,2022-07-29,2023-04-14,NAME:semitan,NAME_FALLBACK,8.508541392904073,2023-06-09,1.8396846254927728,0.6933858957512046,0.0099458792024762,1.0,0.6,0.5368275316586679,0.9433884832499521,0.9433884832499521,3,0.0043484427383972,4,POTENTIAL,gradient_boosting_synthetic_v0_4_transfer,0.2309637726207583,gradient_boosting,v0_4_population_alias_revision,central_calibration_worlds_005_006_rank1_f1_max,
22-105384,24-43365,2022-07-30,2024-04-14,SIRET:24720013200014,RAW_SIRET,20.49934296977661,2024-01-05,3.28515111695138,0.4524748138414367,0.5576746382331395,1.0,1.0,0.708304826841958,0.40588188518239593,0.40588188518239593,1,0.0424332019272886,10,POTENTIAL,gradient_boosting_synthetic_v0_4_transfer,0.2309637726207583,gradient_boosting,v0_4_population_alias_revision,central_calibration_worlds_005_006_rank1_f1_max,
22-105581,22-167195,2022-07-31,2022-12-21,NAME:st gilles croix de vie agglomeration,NAME_FALLBACK,4.697766097240473,2023-05-14,4.730617608409987,0.2115637319316688,0.6479006932094956,1.0,0.6,0.6396561756062407,0.93950509042813,0.93950509042813,1,0.4575471569470599,3,HIGH,gradient_boosting_synthetic_v0_4_transfer,0.2309637726207583,gradient_boosting,v0_4_population_alias_revision,central_calibration_worlds_005_006_rank1_f1_max,
22-111359,23-102643,2022-08-20,2023-07-22,NAME:nantes metropole,NAME_FALLBACK,11.038107752956636,2023-02-20,4.993429697766097,0.1677617170389838,0.0709916422540964,1.0,0.6,0.4267875040486796,0.8973918988226445,0.8973918988226445,1,0.0171361236711918,12,POTENTIAL,gradient_boosting_synthetic_v0_4_transfer,0.2309637726207583,gradient_boosting,v0_4_population_alias_revision,central_calibration_worlds_005_006_rank1_f1_max,
22-114731,23-168051,2022-08-25,2023-12-01,SIRET:22530001100015,RAW_SIRET,15.210249671484888,2023-07-28,4.139290407358739,0.3101182654402102,0.1705777028350568,0.8,1.0,0.4772317623523224,0.8121148989172413,0.8121148989172413,1,0.0336331242740544,4,POTENTIAL,gradient_boosting_synthetic_v0_4_transfer,0.2309637726207583,gradient_boosting,v0_4_population_alias_revision,central_calibration_worlds_005_006_rank1_f1_max,
22-120001,22-126881,2022-09-06,2022-09-21,SIRET:22440002800011,RAW_SIRET,0.4927726675427069,2023-01-06,3.515111695137976,0.4141480508103373,0.0168891306870142,1.0,1.0,0.5094482084430393,0.6507043195034223,0.6507043195034223,1,0.0782609108985367,10,HIGH,gradient_boosting_synthetic_v0_4_transfer,0.2309637726207583,gradient_boosting,v0_4_population_alias_revision,central_calibration_worlds_005_006_rank1_f1_max,
22-128177,23-41937,2022-09-28,2023-03-31,NAME:vendee,NAME_FALLBACK,6.044678055190539,2023-06-15,2.4967148488830486,0.5838808585194919,0.0083812166130362,0.2,0.6,0.2689036404444356,0.3154729029079478,0.3154729029079478,1,0.0204055151879149,2,POTENTIAL,gradient_boosting_synthetic_v0_4_transfer,0.2309637726207583,gradient_boosting,v0_4_population_alias_revision,central_calibration_worlds_005_006_rank1_f1_max,
22-137807,22-166987,2022-10-14,2022-12-19,NAME:gie des epl de vendee,NAME_FALLBACK,2.1681997371879107,2023-04-14,3.8107752956636,0.3648707840560666,0.3143480155576154,1.0,0.6,0.561239501459182,0.8733158788265176,0.8733158788265176,1,0.3576358283662251,3,HIGH,gradient_boosting_synthetic_v0_4_transfer,0.2309637726207583,gradient_boosting,v0_4_population_alias_revision,central_calibration_worlds_005_006_rank1_f1_max,
22-146330,23-41937,2022-11-02,2023-03-31,NAME:vendee,NAME_FALLBACK,4.894875164257556,2023-08-02,4.073587385019711,0.3210687691633814,0.5607102418936469,0.2,0.6,0.3965157769536218,0.3067102419553601,0.3067102419553601,1,0.1164830621284994,2,MEDIUM,gradient_boosting_synthetic_v0_4_transfer,0.2309637726207583,gradient_boosting,v0_4_population_alias_revision,central_calibration_worlds_005_006_rank1_f1_max,
22-150236,23-117688,2022-11-10,2023-08-24,NAME:sdis 44,NAME_FALLBACK,9.42838370565046,2023-05-10,3.4822601839684624,0.4196233026719229,0.0433447922505332,0.1,0.6,0.2100765029556673,0.2923797429582545,0.2923797429582545,1,0.2100765029556673,1,MEDIUM,gradient_boosting_synthetic_v0_4_transfer,0.2309637726207583,gradient_boosting,v0_4_population_alias_revision,central_calibration_worlds_005_006_rank1_f1_max,
22-159813,23-115723,2022-12-04,2023-08-19,NAME:gie sesam vitale,NAME_FALLBACK,8.47568988173456,2023-11-06,2.59526938239159,0.567455102934735,0.7337418706179899,1.0,0.6,0.7586734304499803,0.9704256155914686,0.9704256155914686,1,0.7586734304499803,1,HIGH,gradient_boosting_synthetic_v0_4_transfer,0.2309637726207583,gradient_boosting,v0_4_population_alias_revision,central_calibration_worlds_005_006_rank1_f1_max,
22-165672,23-28773,2022-12-17,2023-03-04,SIRET:25490130900032,RAW_SIRET,2.5295663600525624,2023-06-17,3.4494086727989486,0.4250985545335085,1.0,1.0,1.0,0.856274638633377,0.48535525462812085,0.48535525462812085,1,0.856274638633377,1,MEDIUM,gradient_boosting_synthetic_v0_4_transfer,0.2309637726207583,gradient_boosting,v0_4_population_alias_revision,central_calibration_worlds_005_006_rank1_f1_max,
22-165707,23-168941,2022-12-15,2023-12-06,NAME:ch le mans,NAME_FALLBACK,11.695137976346912,2023-06-15,5.716162943495401,0.0473061760840999,0.0,0.2,0.6,0.1318265440210249,0.3744457039017292,0.3744457039017292,2,0.189774268849145,2,MEDIUM,gradient_boosting_synthetic_v0_4_transfer,0.2309637726207583,gradient_boosting,v0_4_population_alias_revision,central_calibration_worlds_005_006_rank1_f1_max,
22-165925,23-163953,2022-12-15,2023-11-22,SIRET:20005042500012,RAW_SIRET,11.23521681997372,2023-06-15,5.256241787122208,0.1239597021462987,0.0227668810350094,1.0,1.0,0.438958333898828,0.9483363043579348,0.9483363043579348,1,0.438958333898828,1,HIGH,gradient_boosting_synthetic_v0_4_transfer,0.2309637726207583,gradient_boosting,v0_4_population_alias_revision,central_calibration_worlds_005_006_rank1_f1_max,
22-16811,22-127882,2022-02-10,2022-09-30,SIRET:22490001900015,RAW_SIRET,7.621550591327201,2022-08-10,1.6754270696452036,0.7207621550591328,0.1025584826114456,0.2,1.0,0.3760860076787892,0.6910550878506737,0.6910550878506737,1,0.3760860076787892,1,HIGH,gradient_boosting_synthetic_v0_4_transfer,0.2309637726207583,gradient_boosting,v0_4_population_alias_revision,central_calibration_worlds_005_006_rank1_f1_max,
22-171933,24-43365,2023-01-01,2024-04-14,SIRET:24720013200014,RAW_SIRET,15.407358738501973,2023-12-01,4.434954007884363,0.2608409986859396,0.5576746382331395,1.0,1.0,0.6603963730530836,0.8476345340916653,0.8476345340916653,1,0.0424332019272886,9,POTENTIAL,gradient_boosting_synthetic_v0_4_transfer,0.2309637726207583,gradient_boosting,v0_4_population_alias_revision,central_calibration_worlds_005_006_rank1_f1_max,
22-22098,22-125236,2022-02-13,2022-09-19,NAME:universite d angers,NAME_FALLBACK,7.161629434954008,2022-09-27,0.2628120893561104,0.9561979851073148,0.0019504763661653,0.1,0.6,0.3297321630049866,0.2820759239544035,0.2820759239544035,1,0.3297321630049866,1,MEDIUM,gradient_boosting_synthetic_v0_4_transfer,0.2309637726207583,gradient_boosting,v0_4_population_alias_revision,central_calibration_worlds_005_006_rank1_f1_max,
22-24441,22-135485,2022-02-18,2022-10-20,NAME:semitan mandataire de nantes metropole,NAME_FALLBACK,8.015768725361367,2023-02-21,4.073587385019711,0.3210687691633814,0.0,0.8,0.6,0.3802671922908453,0.8727120438241497,0.8727120438241497,1,0.1063118703460359,3,HIGH,gradient_boosting_synthetic_v0_4_transfer,0.2309637726207583,gradient_boosting,v0_4_population_alias_revision,central_calibration_worlds_005_006_rank1_f1_max,
22-26998,22-108057,2022-02-24,2022-08-06,NAME:nantes metropole,NAME_FALLBACK,5.354796320630749,2022-08-24,0.5913272010512484,0.9014454664914586,0.2151009371382511,1.0,0.6,0.6606466946212526,0.9466334468299467,0.9466334468299467,1,0.2090888366780496,15,HIGH,gradient_boosting_synthetic_v0_4_transfer,0.2309637726207583,gradient_boosting,v0_4_population_alias_revision,central_calibration_worlds_005_006_rank1_f1_max,
22-39410,22-150236,2022-03-18,2022-11-10,NAME:sdis 44,NAME_FALLBACK,7.7858081471747695,2022-09-18,1.7411300919842312,0.7098116513359615,0.2780185548325784,0.1,0.6,0.3647594070253928,0.46330688890381,0.46330688890381,1,0.3647594070253928,1,MEDIUM,gradient_boosting_synthetic_v0_4_transfer,0.2309637726207583,gradient_boosting,v0_4_population_alias_revision,central_calibration_worlds_005_006_rank1_f1_max,
22-39639,22-123803,2022-03-17,2022-09-15,SIRET:22530001100015,RAW_SIRET,5.978975032851511,2022-09-17,0.0657030223390276,0.9890494962768288,0.0271349453601687,0.8,1.0,0.5967596049452663,0.8752144233271258,0.8752144233271258,1,0.0171878228463553,7,POTENTIAL,gradient_boosting_synthetic_v0_4_transfer,0.2309637726207583,gradient_boosting,v0_4_population_alias_revision,central_calibration_worlds_005_006_rank1_f1_max,
22-41834,23-31575,2022-03-22,2023-03-10,NAME:ville de nantes,NAME_FALLBACK,11.59658344283837,2022-09-22,5.551905387647832,0.074682435392028,0.0,0.1,0.6,0.108670608848007,0.32076493073014467,0.32076493073014467,1,0.108670608848007,1,MEDIUM,gradient_boosting_synthetic_v0_4_transfer,0.2309637726207583,gradient_boosting,v0_4_population_alias_revision,central_calibration_worlds_005_006_rank1_f1_max,
22-48493,22-143552,2022-04-04,2022-10-27,NAME:cmar pays de la loire,NAME_FALLBACK,6.767411300919842,2022-12-27,2.0039421813403417,0.6660096364432764,0.2397879021579032,0.1,0.6,0.3404281748660852,0.2694928176344451,0.2694928176344451,1,0.3404281748660852,1,MEDIUM,gradient_boosting_synthetic_v0_4_transfer,0.2309637726207583,gradient_boosting,v0_4_population_alias_revision,central_calibration_worlds_005_006_rank1_f1_max,
22-48708,22-156333,2022-08-31,2022-11-24,SIRET:24440040400129,RAW_SIRET,2.7923784494086727,2023-02-28,3.1537450722733245,0.4743758212877792,0.4325991114597768,1.0,1.0,0.6700036443328666,0.9309245497228888,0.9309245497228888,1,0.2731326773334184,7,HIGH,gradient_boosting_synthetic_v0_4_transfer,0.2309637726207583,gradient_boosting,v0_4_population_alias_revision,central_calibration_worlds_005_006_rank1_f1_max,
22-52027,22-157410,2022-04-13,2022-12-03,NAME:nantes metropole,NAME_FALLBACK,7.687253613666228,2022-10-13,1.6754270696452036,0.7207621550591328,0.0368031410569187,1.0,0.6,0.5530716381347047,0.9372845026547346,0.9372845026547346,1,0.0492964794465149,14,POTENTIAL,gradient_boosting_synthetic_v0_4_transfer,0.2309637726207583,gradient_boosting,v0_4_population_alias_revision,central_calibration_worlds_005_006_rank1_f1_max,
22-52158,22-61807,2022-04-11,2022-04-29,SIRET:22440002800011,RAW_SIRET,0.5913272010512484,2022-10-11,5.4204993429697765,0.0965834428383706,0.1159640952732297,1.0,1.0,0.464733294055223,0.654830990641589,0.654830990641589,1,0.0549259290917627,14,HIGH,gradient_boosting_synthetic_v0_4_transfer,0.2309637726207583,gradient_boosting,v0_4_population_alias_revision,central_calibration_worlds_005_006_rank1_f1_max,
22-55032,22-61807,2022-04-17,2022-04-29,SIRET:22440002800011,RAW_SIRET,0.3942181340341655,2022-10-17,5.617608409986859,0.0637319316688568,0.1014920244467494,1.0,1.0,0.4514551914735765,0.4965312926523425,0.4965312926523425,1,0.0824923022068232,14,MEDIUM,gradient_boosting_synthetic_v0_4_transfer,0.2309637726207583,gradient_boosting,v0_4_population_alias_revision,central_calibration_worlds_005_006_rank1_f1_max,
22-66076,22-69458,2022-05-11,2022-05-18,NAME:ch le mans,NAME_FALLBACK,0.2299605781865965,2022-09-18,4.040735873850197,0.3265440210249671,0.7565369035163249,1.0,0.6,0.7064239214869554,0.6547448307930457,0.6547448307930457,1,0.494138465543089,2,HIGH,gradient_boosting_synthetic_v0_4_transfer,0.2309637726207583,gradient_boosting,v0_4_population_alias_revision,central_calibration_worlds_005_006_rank1_f1_max,
22-74813,23-115723,2022-05-27,2023-08-19,NAME:gie sesam vitale,NAME_FALLBACK,14.750328515111695,2023-11-06,2.59526938239159,0.567455102934735,0.2928378930482742,0.2,0.6,0.3643570383005797,0.6880420619842396,0.6880420619842396,1,0.3643570383005797,1,HIGH,gradient_boosting_synthetic_v0_4_transfer,0.2309637726207583,gradient_boosting,v0_4_population_alias_revision,central_calibration_worlds_005_006_rank1_f1_max,
22-7862,22-49221,2022-01-14,2022-04-07,NAME:departement de la mayenne,NAME_FALLBACK,2.726675427069645,2022-07-14,3.219448094612352,0.463425317564608,0.1246458263129395,0.8,0.6,0.4594823686006808,0.8275082302411734,0.8275082302411734,1,0.1955202504295338,3,HIGH,gradient_boosting_synthetic_v0_4_transfer,0.2309637726207583,gradient_boosting,v0_4_population_alias_revision,central_calibration_worlds_005_006_rank1_f1_max,
22-83128,23-139972,2022-06-14,2023-10-06,SIRET:22720002900014,RAW_SIRET,15.735873850197107,2023-05-07,4.993429697766097,0.1677617170389838,0.2551002495842083,1.0,1.0,0.5312255166142189,0.8201240392438406,0.8201240392438406,1,0.071549916627787,3,HIGH,gradient_boosting_synthetic_v0_4_transfer,0.2309637726207583,gradient_boosting,v0_4_population_alias_revision,central_calibration_worlds_005_006_rank1_f1_max,
22-83349,22-162095,2022-06-16,2022-12-09,SIRET:22530001100015,RAW_SIRET,5.781865965834428,2023-04-05,3.843626806833114,0.3593955321944809,0.0188194561087742,1.0,1.0,0.4964356926866912,0.9373584732371407,0.9373584732371407,3,0.1761503252300544,3,HIGH,gradient_boosting_synthetic_v0_4_transfer,0.2309637726207583,gradient_boosting,v0_4_population_alias_revision,central_calibration_worlds_005_006_rank1_f1_max,
22-84979,22-124106,2022-06-19,2022-09-17,SIRET:19490970100303,RAW_SIRET,2.9566360052562417,2023-03-06,5.5847568988173455,0.0692071835304424,0.0105615023376393,1.0,1.0,0.4209983217007843,0.838991774013447,0.838991774013447,1,0.1585390857685752,3,HIGH,gradient_boosting_synthetic_v0_4_transfer,0.2309637726207583,gradient_boosting,v0_4_population_alias_revision,central_calibration_worlds_005_006_rank1_f1_max,
22-87044,23-56091,2022-06-21,2023-04-26,NAME:ubs,NAME_FALLBACK,10.151116951379764,2022-12-21,4.139290407358739,0.3101182654402102,0.2065123253091115,0.1,0.6,0.2398088802182416,0.2712771905151348,0.2712771905151348,1,0.2398088802182416,1,MEDIUM,gradient_boosting_synthetic_v0_4_transfer,0.2309637726207583,gradient_boosting,v0_4_population_alias_revision,central_calibration_worlds_005_006_rank1_f1_max,
22-90329,24-13163,2022-06-30,2024-02-04,SIRET:22440002800011,RAW_SIRET,19.185282522996054,2023-08-25,5.354796320630749,0.1075339465615418,0.319989429075903,1.0,1.0,0.5388797868169515,0.35207049699392773,0.35207049699392773,1,0.0041064388961892,8,POTENTIAL,gradient_boosting_synthetic_v0_4_transfer,0.2309637726207583,gradient_boosting,v0_4_population_alias_revision,central_calibration_worlds_005_006_rank1_f1_max,
22-94102,23-90833,2022-07-05,2023-07-01,SIRET:22530001100015,RAW_SIRET,11.85939553219448,2023-01-05,5.814717477003942,0.030880420499343,0.1123671893312558,1.0,1.0,0.4470486213907753,0.8230795903137172,0.8230795903137172,3,0.0258998586229911,7,POTENTIAL,gradient_boosting_synthetic_v0_4_transfer,0.2309637726207583,gradient_boosting,v0_4_population_alias_revision,central_calibration_worlds_005_006_rank1_f1_max,
22-94809,23-70584,2022-07-08,2023-05-24,SIRET:24440064400013,RAW_SIRET,10.512483574244415,2023-07-05,1.3797634691195797,0.7700394218134035,0.4514647026095493,1.0,1.0,0.7505225013666931,0.9209318435316564,0.9209318435316564,1,0.250708277937392,4,HIGH,gradient_boosting_synthetic_v0_4_transfer,0.2309637726207583,gradient_boosting,v0_4_population_alias_revision,central_calibration_worlds_005_006_rank1_f1_max,
22-95027,23-115723,2022-07-09,2023-08-19,NAME:gie sesam vitale,NAME_FALLBACK,13.3377135348226,2023-12-29,4.336399474375821,0.2772667542706964,0.5074468667298777,0.2,0.6,0.3669230919231313,0.755494145963564,0.755494145963564,1,0.3669230919231313,1,HIGH,gradient_boosting_synthetic_v0_4_transfer,0.2309637726207583,gradient_boosting,v0_4_population_alias_revision,central_calibration_worlds_005_006_rank1_f1_max,
23-105797,23-168941,2023-07-27,2023-12-06,NAME:ch le mans,NAME_FALLBACK,4.336399474375821,2024-05-17,5.354796320630749,0.1075339465615418,0.1614495174917635,0.2,0.6,0.2033908177625026,0.5184419510496016,0.5184419510496016,1,0.2033908177625026,1,HIGH,gradient_boosting_synthetic_v0_4_transfer,0.2309637726207583,gradient_boosting,v0_4_population_alias_revision,central_calibration_worlds_005_006_rank1_f1_max,
23-106736,23-148858,2023-07-28,2023-10-25,NAME:gcs e-sante pays de la loire,NAME_FALLBACK,2.923784494086728,2024-01-28,3.1208935611038107,0.4798510731493649,0.6204208616569318,1.0,0.6,0.6971100698672674,0.9698992337292779,0.9698992337292779,1,0.6971100698672674,1,HIGH,gradient_boosting_synthetic_v0_4_transfer,0.2309637726207583,gradient_boosting,v0_4_population_alias_revision,central_calibration_worlds_005_006_rank1_f1_max,
23-108546,24-21999,2023-07-28,2024-02-23,SIRET:20004248900019,RAW_SIRET,6.898817345597897,2024-01-28,0.8541392904073587,0.8576434515987735,0.0,0.2,1.0,0.3744108628996934,0.6961346347760217,0.6961346347760217,1,0.3744108628996934,1,HIGH,gradient_boosting_synthetic_v0_4_transfer,0.2309637726207583,gradient_boosting,v0_4_population_alias_revision,central_calibration_worlds_005_006_rank1_f1_max,
23-118784,24-76881,2023-08-24,2024-07-03,SIRET:21440162200011,RAW_SIRET,10.315374507227332,2024-02-24,4.270696452036794,0.2882172579938676,0.0121119698767382,1.0,1.0,0.4762935039553252,0.9007955023277144,0.9007955023277144,1,0.1691995197087341,2,HIGH,gradient_boosting_synthetic_v0_4_transfer,0.2309637726207583,gradient_boosting,v0_4_population_alias_revision,central_calibration_worlds_005_006_rank1_f1_max,
23-120222,23-154026,2023-08-31,2023-11-04,SIRET:24720013200014,RAW_SIRET,2.135348226018397,2024-04-01,4.894875164257556,0.1841874726237407,1.0000000000000002,1.0,1.0,0.7960468681559352,0.8512173169902773,0.8512173169902773,1,0.3777049034605608,8,HIGH,gradient_boosting_synthetic_v0_4_transfer,0.2309637726207583,gradient_boosting,v0_4_population_alias_revision,central_calibration_worlds_005_006_rank1_f1_max,
23-14004,23-110154,2023-02-01,2023-08-02,SIRET:21440184600016,RAW_SIRET,5.978975032851511,2023-09-06,1.149802890932983,0.8083661848445028,0.1954474504216949,1.0,1.0,0.6704981538587189,0.9476738269646107,0.9476738269646107,1,0.321478483417881,7,HIGH,gradient_boosting_synthetic_v0_4_transfer,0.2309637726207583,gradient_boosting,v0_4_population_alias_revision,central_calibration_worlds_005_006_rank1_f1_max,
23-149615,25-25127,2023-10-24,2025-03-05,NAME:centre hospitalier de laval 53,NAME_FALLBACK,16.36005256241787,2024-10-17,4.566360052562418,0.2389399912395969,0.0167273642355,0.1,0.6,0.1555895752923242,0.31142897760768173,0.31142897760768173,1,0.1555895752923242,1,MEDIUM,gradient_boosting_synthetic_v0_4_transfer,0.2309637726207583,gradient_boosting,v0_4_population_alias_revision,central_calibration_worlds_005_006_rank1_f1_max,
23-160148,23-174149,2023-11-17,2023-12-16,SIRET:23440003400026,RAW_SIRET,0.9526938239159,2024-05-17,5.026281208935611,0.1622864651773982,0.2085958286868033,1.0,1.0,0.5135801563347306,0.8243656490527748,0.8243656490527748,1,0.236419735320068,4,HIGH,gradient_boosting_synthetic_v0_4_transfer,0.2309637726207583,gradient_boosting,v0_4_population_alias_revision,central_calibration_worlds_005_006_rank1_f1_max,
23-160919,24-54167,2023-11-16,2024-05-08,SIRET:26720016000013,RAW_SIRET,5.716162943495401,2024-05-16,0.2628120893561104,0.9561979851073148,0.0085345711440562,0.2,1.0,0.4020365961772484,0.31580279714226395,0.31580279714226395,1,0.0260074463425317,2,POTENTIAL,gradient_boosting_synthetic_v0_4_transfer,0.2309637726207583,gradient_boosting,v0_4_population_alias_revision,central_calibration_worlds_005_006_rank1_f1_max,
23-174031,24-10209,2023-12-16,2024-01-29,NAME:semitan,NAME_FALLBACK,1.445466491458607,2024-06-16,4.566360052562418,0.2389399912395969,0.0,0.8,0.6,0.3597349978098992,0.6699724884833471,0.6699724884833471,2,0.0619239397580463,4,HIGH,gradient_boosting_synthetic_v0_4_transfer,0.2309637726207583,gradient_boosting,v0_4_population_alias_revision,central_calibration_worlds_005_006_rank1_f1_max,
23-217,23-159358,2023-01-02,2023-11-16,NAME:ville d orvault,NAME_FALLBACK,10.446780551905388,2023-07-02,4.50065703022339,0.2498904949627682,0.0028647265807317,0.1,0.6,0.1534752780439481,0.2743176747989479,0.2743176747989479,1,0.1534752780439481,1,MEDIUM,gradient_boosting_synthetic_v0_4_transfer,0.2309637726207583,gradient_boosting,v0_4_population_alias_revision,central_calibration_worlds_005_006_rank1_f1_max,
23-24753,23-99733,2023-02-23,2023-07-15,NAME:sdis49,NAME_FALLBACK,4.664914586070959,2023-08-22,1.2483574244415243,0.791940429259746,0.8066153089196675,1.0,0.6,0.84030046543682,0.9527017427043447,0.9527017427043447,1,0.5346877046281959,5,HIGH,gradient_boosting_synthetic_v0_4_transfer,0.2309637726207583,gradient_boosting,v0_4_population_alias_revision,central_calibration_worlds_005_006_rank1_f1_max,
23-30906,23-164280,2023-03-09,2023-11-25,NAME:societe d equipement de la touraine,NAME_FALLBACK,8.5742444152431,2024-03-09,3.4494086727989486,0.4250985545335085,0.7490511593999327,1.0,0.6,0.7284425444233535,0.9693857138959326,0.9693857138959326,1,0.7284425444233535,1,HIGH,gradient_boosting_synthetic_v0_4_transfer,0.2309637726207583,gradient_boosting,v0_4_population_alias_revision,central_calibration_worlds_005_006_rank1_f1_max,
23-31948,24-11486,2023-03-11,2024-02-01,SIRET:52926090300016,RAW_SIRET,10.74244415243101,2023-09-13,4.6320630749014455,0.2279894875164257,1.0000000000000002,1.0,1.0,0.8069973718791065,0.9019992224426848,0.9019992224426848,1,0.0479084537888743,3,POTENTIAL,gradient_boosting_synthetic_v0_4_transfer,0.2309637726207583,gradient_boosting,v0_4_population_alias_revision,central_calibration_worlds_005_006_rank1_f1_max,
23-34705,23-58292,2023-03-17,2023-04-29,NAME:nantes metropole,NAME_FALLBACK,1.4126149802890933,2023-09-17,4.6320630749014455,0.2279894875164257,0.0417834373900303,0.8,0.6,0.371621574965617,0.6172491860568462,0.6172491860568462,2,0.0228307283544088,12,POTENTIAL,gradient_boosting_synthetic_v0_4_transfer,0.2309637726207583,gradient_boosting,v0_4_population_alias_revision,central_calibration_worlds_005_006_rank1_f1_max,
23-48532,24-10209,2023-04-14,2024-01-29,NAME:semitan,NAME_FALLBACK,9.526938239159,2024-06-17,4.599211563731932,0.2334647393780113,0.0,0.8,0.6,0.3583661848445028,0.8532297375182791,0.8532297375182791,2,0.0592414929907381,4,HIGH,gradient_boosting_synthetic_v0_4_transfer,0.2309637726207583,gradient_boosting,v0_4_population_alias_revision,central_calibration_worlds_005_006_rank1_f1_max,
23-49217,23-98718,2023-04-14,2023-07-14,SIRET:23440003400026,RAW_SIRET,2.9894875164257555,2023-10-14,3.0223390275952693,0.4962768287341218,0.9421072484367208,1.0,1.0,0.8538067441363826,0.9291404476367351,0.9291404476367351,1,0.4612828628740705,10,HIGH,gradient_boosting_synthetic_v0_4_transfer,0.2309637726207583,gradient_boosting,v0_4_population_alias_revision,central_calibration_worlds_005_006_rank1_f1_max,
23-56091,23-98709,2023-04-26,2023-07-14,NAME:ubs,NAME_FALLBACK,2.59526938239159,2023-08-26,1.4126149802890933,0.7645641699518178,0.2375020707614384,1.0,0.6,0.634266767254458,0.9251014934382394,0.9251014934382394,1,0.3438327942914984,2,HIGH,gradient_boosting_synthetic_v0_4_transfer,0.2309637726207583,gradient_boosting,v0_4_population_alias_revision,central_calibration_worlds_005_006_rank1_f1_max,
23-68037,23-144302,2023-05-19,2023-10-18,SIRET:24440061000055,RAW_SIRET,4.993429697766097,2023-12-06,1.609724047306176,0.731712658782304,0.0279506598153949,1.0,1.0,0.5927108956309642,0.9480776554468314,0.9480776554468314,1,0.3111406945837632,2,HIGH,gradient_boosting_synthetic_v0_4_transfer,0.2309637726207583,gradient_boosting,v0_4_population_alias_revision,central_calibration_worlds_005_006_rank1_f1_max,
23-74379,23-174031,2023-06-03,2023-12-16,NAME:semitan,NAME_FALLBACK,6.438896189224704,2023-12-03,0.4270696452036793,0.9288217257993868,0.0,1.0,0.6,0.5922054314498466,0.9531279633061619,0.9531279633061619,1,0.1142258669335339,4,HIGH,gradient_boosting_synthetic_v0_4_transfer,0.2309637726207583,gradient_boosting,v0_4_population_alias_revision,central_calibration_worlds_005_006_rank1_f1_max,
23-74653,23-174031,2023-06-03,2023-12-16,NAME:semitan,NAME_FALLBACK,6.438896189224704,2024-05-04,4.599211563731932,0.2334647393780113,1.0000000000000002,1.0,0.6,0.7683661848445029,0.9375416915208714,0.9375416915208714,1,0.3497722295225581,5,HIGH,gradient_boosting_synthetic_v0_4_transfer,0.2309637726207583,gradient_boosting,v0_4_population_alias_revision,central_calibration_worlds_005_006_rank1_f1_max,
23-93496,24-88815,2023-07-06,2024-07-28,SIRET:24720013200014,RAW_SIRET,12.746386333771351,2024-07-06,0.7227332457293035,0.879544459045116,0.4721367726653231,1.0,1.0,0.785133985194142,0.9122064287004902,0.9122064287004902,1,0.4471614389926729,6,HIGH,gradient_boosting_synthetic_v0_4_transfer,0.2309637726207583,gradient_boosting,v0_4_population_alias_revision,central_calibration_worlds_005_006_rank1_f1_max,
24-104541,24-117088,2024-09-15,2024-10-16,NAME:conseil departemental loire atlantique,NAME_FALLBACK,1.0183968462549278,2025-03-15,4.92772667542707,0.1787122207621551,1.0000000000000002,1.0,0.6,0.7546780551905388,0.8561716736175502,0.8561716736175502,1,0.030113885238721,8,POTENTIAL,gradient_boosting_synthetic_v0_4_transfer,0.2309637726207583,gradient_boosting,v0_4_population_alias_revision,central_calibration_worlds_005_006_rank1_f1_max,
24-106530,25-56786,2024-09-20,2025-05-22,SIRET:12001002000028,RAW_SIRET,8.015768725361367,2024-12-20,5.026281208935611,0.1622864651773982,0.0,1.0,1.0,0.4405716162943495,0.9671874037785899,0.9671874037785899,1,0.4405716162943495,1,HIGH,gradient_boosting_synthetic_v0_4_transfer,0.2309637726207583,gradient_boosting,v0_4_population_alias_revision,central_calibration_worlds_005_006_rank1_f1_max,
24-107602,24-117088,2024-09-24,2024-10-16,NAME:conseil departemental loire atlantique,NAME_FALLBACK,0.7227332457293035,2025-03-24,5.223390275952694,0.1294349540078844,1.0000000000000002,1.0,0.6,0.7423587385019712,0.7526602529934459,0.7526602529934459,1,0.3575604298980924,7,HIGH,gradient_boosting_synthetic_v0_4_transfer,0.2309637726207583,gradient_boosting,v0_4_population_alias_revision,central_calibration_worlds_005_006_rank1_f1_max,
24-108447,25-55152,2024-09-26,2025-05-18,NAME:conseil departemental loire atlantique,NAME_FALLBACK,7.687253613666228,2025-06-07,0.657030223390276,0.8904949627682873,0.1857396723910716,1.0,0.6,0.6476326260289469,0.94025726326149,0.94025726326149,1,0.2295105923651301,6,HIGH,gradient_boosting_synthetic_v0_4_transfer,0.2309637726207583,gradient_boosting,v0_4_population_alias_revision,central_calibration_worlds_005_006_rank1_f1_max,
24-110066,24-139192,2024-09-29,2024-12-13,SIRET:13003051300019,RAW_SIRET,2.463863337713535,2025-01-29,1.5440210249671484,0.7426631625054753,0.9671297844499316,1.0,1.0,0.9241612151838448,0.9019321958470898,0.9019321958470898,1,0.6942622648151915,2,HIGH,gradient_boosting_synthetic_v0_4_transfer,0.2309637726207583,gradient_boosting,v0_4_population_alias_revision,central_calibration_worlds_005_006_rank1_f1_max,
24-111199,25-1120,2024-10-03,2025-01-08,SIRET:21370261600011,RAW_SIRET,3.1865965834428382,2025-04-03,2.7923784494086727,0.5346035917652212,1.0000000000000004,1.0,1.0,0.8836508979413055,0.9720056133324545,0.9720056133324545,1,0.8836508979413055,1,HIGH,gradient_boosting_synthetic_v0_4_transfer,0.2309637726207583,gradient_boosting,v0_4_population_alias_revision,central_calibration_worlds_005_006_rank1_f1_max,
24-111919,24-125547,2024-10-04,2024-11-06,SIRET:24850058900085,RAW_SIRET,1.0840998685939554,2025-02-04,2.9566360052562417,0.5072273324572931,0.9999999999999998,1.0,1.0,0.8768068331143232,0.9179737990065412,0.9179737990065412,1,0.8768068331143232,1,HIGH,gradient_boosting_synthetic_v0_4_transfer,0.2309637726207583,gradient_boosting,v0_4_population_alias_revision,central_calibration_worlds_005_006_rank1_f1_max,
24-112213,25-24140,2024-10-04,2025-03-05,NAME:departement de la vendee,NAME_FALLBACK,4.993429697766097,2025-05-21,2.5295663600525624,0.5784056066579062,0.0892645660830901,1.0,0.6,0.535843999793558,0.9499136165028562,0.9499136165028562,1,0.2902270879837603,5,HIGH,gradient_boosting_synthetic_v0_4_transfer,0.2309637726207583,gradient_boosting,v0_4_population_alias_revision,central_calibration_worlds_005_006_rank1_f1_max,
24-11486,24-27192,2024-02-01,2024-03-07,SIRET:52926090300016,RAW_SIRET,1.149802890932983,2024-08-17,5.354796320630749,0.1075339465615418,1.0000000000000002,1.0,1.0,0.7768834866403854,0.8863578170901275,0.8863578170901275,1,0.7768834866403854,1,HIGH,gradient_boosting_synthetic_v0_4_transfer,0.2309637726207583,gradient_boosting,v0_4_population_alias_revision,central_calibration_worlds_005_006_rank1_f1_max,
24-117855,25-86184,2024-10-17,2025-07-29,SIRET:24440040400129,RAW_SIRET,9.362680683311432,2025-03-17,4.402102496714849,0.2663162505475251,0.0194054626329703,1.0,1.0,0.4733709745584209,0.8925938776254732,0.8925938776254732,3,0.1595299515458106,16,HIGH,gradient_boosting_synthetic_v0_4_transfer,0.2309637726207583,gradient_boosting,v0_4_population_alias_revision,central_calibration_worlds_005_006_rank1_f1_max,
24-131094,25-925,2024-11-21,2025-01-08,SIRET:24490001500011,RAW_SIRET,1.5768725361366622,2025-05-21,4.369250985545335,0.2717915024091107,0.9999999999999998,1.0,1.0,0.8179478756022776,0.840676221642548,0.840676221642548,1,0.5158563293911518,3,HIGH,gradient_boosting_synthetic_v0_4_transfer,0.2309637726207583,gradient_boosting,v0_4_population_alias_revision,central_calibration_worlds_005_006_rank1_f1_max,
24-131879,25-5091,2024-11-22,2025-01-17,SIRET:24440040400129,RAW_SIRET,1.8396846254927728,2025-04-22,3.1208935611038107,0.4798510731493649,0.986120975622554,1.0,1.0,0.865105109755235,0.8567039213810538,0.8567039213810538,1,0.5064114654636801,17,HIGH,gradient_boosting_synthetic_v0_4_transfer,0.2309637726207583,gradient_boosting,v0_4_population_alias_revision,central_calibration_worlds_005_006_rank1_f1_max,
24-138709,25-13176,2024-12-12,2025-02-06,SIRET:19753472000010,RAW_SIRET,1.8396846254927728,2025-04-12,2.135348226018397,0.6441086289969338,0.326589939956221,1.0,1.0,0.6753336362339107,0.8629505473062289,0.8629505473062289,1,0.3261529372748705,3,HIGH,gradient_boosting_synthetic_v0_4_transfer,0.2309637726207583,gradient_boosting,v0_4_population_alias_revision,central_calibration_worlds_005_006_rank1_f1_max,
24-138890,25-27783,2024-12-11,2025-03-13,NAME:societe publique regionale abbaye de fontevraud,NAME_FALLBACK,3.0223390275952693,2025-03-11,0.0657030223390276,0.9890494962768288,0.0101464016033246,0.8,0.6,0.5508136146303708,0.83329561213339,0.83329561213339,1,0.0383267630310995,2,POTENTIAL,gradient_boosting_synthetic_v0_4_transfer,0.2309637726207583,gradient_boosting,v0_4_population_alias_revision,central_calibration_worlds_005_006_rank1_f1_max,
24-139939,25-86184,2024-12-14,2025-07-29,SIRET:24440040400129,RAW_SIRET,7.457293035479632,2025-05-14,2.4967148488830486,0.5838808585194919,0.0106362814922456,1.0,1.0,0.549692913152159,0.9407500018682041,0.9407500018682041,1,0.0279057909445373,17,POTENTIAL,gradient_boosting_synthetic_v0_4_transfer,0.2309637726207583,gradient_boosting,v0_4_population_alias_revision,central_calibration_worlds_005_006_rank1_f1_max,
24-140261,25-3181,2024-12-15,2025-01-12,NAME:departement de la vendee,NAME_FALLBACK,0.9198423127463864,2025-07-07,5.781865965834428,0.0363556723609286,0.9999999999999996,1.0,0.6,0.719088918090232,0.7154713473264708,0.7154713473264708,1,0.3954200865728713,4,HIGH,gradient_boosting_synthetic_v0_4_transfer,0.2309637726207583,gradient_boosting,v0_4_population_alias_revision,central_calibration_worlds_005_006_rank1_f1_max,
24-142222,26-2529,2024-12-20,2026-01-09,NAME:spl le mans evenements,NAME_FALLBACK,12.64783180026281,2025-07-19,5.716162943495401,0.0473061760840999,0.018212164811729,0.1,0.6,0.1082008017051301,0.32076493073014467,0.32076493073014467,1,0.1082008017051301,1,MEDIUM,gradient_boosting_synthetic_v0_4_transfer,0.2309637726207583,gradient_boosting,v0_4_population_alias_revision,central_calibration_worlds_005_006_rank1_f1_max,
24-142269,25-63023,2024-12-20,2025-06-06,SIRET:12001201800111,RAW_SIRET,5.519053876478318,2025-09-20,3.4822601839684624,0.4196233026719229,0.5473301722348802,1.0,1.0,0.6964713859501888,0.9434513847637097,0.9434513847637097,1,0.1790684928980817,3,HIGH,gradient_boosting_synthetic_v0_4_transfer,0.2309637726207583,gradient_boosting,v0_4_population_alias_revision,central_calibration_worlds_005_006_rank1_f1_max,
24-36186,24-37419,2024-03-28,2024-03-30,SIRET:21440143200015,RAW_SIRET,0.0657030223390276,2024-07-28,3.942181340341656,0.342969776609724,1.0,1.0,1.0,0.8357424441524309,0.6512878421601432,0.6512878421601432,1,0.5427528230371353,3,HIGH,gradient_boosting_synthetic_v0_4_transfer,0.2309637726207583,gradient_boosting,v0_4_population_alias_revision,central_calibration_worlds_005_006_rank1_f1_max,
24-44676,24-55356,2024-04-17,2024-05-15,SIRET:83095506800044,RAW_SIRET,0.9198423127463864,2024-08-17,3.088042049934297,0.4853263250109505,0.5775810299797278,1.0,1.0,0.7234849417456423,0.8044176034677226,0.8044176034677226,1,0.4606732777159,2,HIGH,gradient_boosting_synthetic_v0_4_transfer,0.2309637726207583,gradient_boosting,v0_4_population_alias_revision,central_calibration_worlds_005_006_rank1_f1_max,
24-45430,26-16813,2024-04-17,2026-02-18,NAME:le mans metropole,NAME_FALLBACK,22.07621550591327,2025-12-27,1.7411300919842312,0.7098116513359615,0.0963508283128374,1.0,0.6,0.5711757027434834,0.47896034863783854,0.47896034863783854,1,0.1592093239912785,3,MEDIUM,gradient_boosting_synthetic_v0_4_transfer,0.2309637726207583,gradient_boosting,v0_4_population_alias_revision,central_calibration_worlds_005_006_rank1_f1_max,
24-60252,24-72692,2024-05-26,2024-06-23,SIRET:22440002800011,RAW_SIRET,0.9198423127463864,2024-09-26,3.1208935611038107,0.4798510731493649,1.0,1.0,1.0,0.8699627682873411,0.8044176034677226,0.8044176034677226,1,0.6711047076996886,2,HIGH,gradient_boosting_synthetic_v0_4_transfer,0.2309637726207583,gradient_boosting,v0_4_population_alias_revision,central_calibration_worlds_005_006_rank1_f1_max,
24-62548,24-74174,2024-05-31,2024-06-27,SIRET:17350005900014,RAW_SIRET,0.8869908015768725,2024-11-30,5.124835742444152,0.1458607095926413,1.0,1.0,1.0,0.7864651773981602,0.8583128316540846,0.8583128316540846,1,0.7864651773981602,1,HIGH,gradient_boosting_synthetic_v0_4_transfer,0.2309637726207583,gradient_boosting,v0_4_population_alias_revision,central_calibration_worlds_005_006_rank1_f1_max,
24-65481,26-47097,2024-06-05,2026-05-11,NAME:redon agglomeration,NAME_FALLBACK,23.160315374507228,2026-06-05,0.8212877792378449,0.8631187034603591,0.0067223545090169,0.1,0.6,0.3081324999432457,0.23136458430549237,0.23136458430549237,1,0.3081324999432457,1,MEDIUM,gradient_boosting_synthetic_v0_4_transfer,0.2309637726207583,gradient_boosting,v0_4_population_alias_revision,central_calibration_worlds_005_006_rank1_f1_max,
24-73665,24-139939,2024-06-26,2024-12-14,SIRET:24440040400129,RAW_SIRET,5.617608409986859,2024-11-26,0.5913272010512484,0.9014454664914586,0.0165088815370056,1.0,1.0,0.6311394751608166,0.9406322330205439,0.9406322330205439,2,0.1813331485798752,21,HIGH,gradient_boosting_synthetic_v0_4_transfer,0.2309637726207583,gradient_boosting,v0_4_population_alias_revision,central_calibration_worlds_005_006_rank1_f1_max,
24-76881,25-103197,2024-07-03,2025-09-18,SIRET:21440162200011,RAW_SIRET,14.520367936925098,2025-05-23,3.876478318002628,0.3539202803328953,0.202346285603843,1.0,1.0,0.5593012700445689,0.8740490544070424,0.8740490544070424,1,0.1683020760199153,2,HIGH,gradient_boosting_synthetic_v0_4_transfer,0.2309637726207583,gradient_boosting,v0_4_population_alias_revision,central_calibration_worlds_005_006_rank1_f1_max,
24-81519,24-139939,2024-07-12,2024-12-14,SIRET:24440040400129,RAW_SIRET,5.091984231274639,2024-12-12,0.0657030223390276,0.9890494962768288,0.0165088815370056,1.0,1.0,0.6530404826071591,0.9416289964341679,0.9416289964341679,1,0.0725058472187085,19,HIGH,gradient_boosting_synthetic_v0_4_transfer,0.2309637726207583,gradient_boosting,v0_4_population_alias_revision,central_calibration_worlds_005_006_rank1_f1_max,
24-82099,24-83982,2024-07-11,2024-07-16,NAME:grand port maritime de nantes saint nazaire 18 quai ernest renaud nantes 44186,NAME_FALLBACK,0.164257555847569,2025-01-11,5.88042049934297,0.0199299167761717,0.0032672562178939,1.0,0.6,0.3661260188703058,0.7076292002571609,0.7076292002571609,1,0.3661260188703058,1,HIGH,gradient_boosting_synthetic_v0_4_transfer,0.2309637726207583,gradient_boosting,v0_4_population_alias_revision,central_calibration_worlds_005_006_rank1_f1_max,
24-83640,25-53516,2024-07-17,2025-05-14,SIRET:80355563000018,RAW_SIRET,9.888304862023652,2025-03-14,2.0039421813403417,0.6660096364432764,0.3602434605502833,1.0,1.0,0.6925876203034181,0.7701665366889155,0.7701665366889155,1,0.6925876203034181,1,HIGH,gradient_boosting_synthetic_v0_4_transfer,0.2309637726207583,gradient_boosting,v0_4_population_alias_revision,central_calibration_worlds_005_006_rank1_f1_max,
24-90280,24-102167,2024-08-01,2024-09-10,SIRET:17440005100010,RAW_SIRET,1.314060446780552,2025-02-01,4.730617608409987,0.2115637319316688,1.0,1.0,1.0,0.8028909329829171,0.8499494393163544,0.8499494393163544,1,0.4131474329161834,12,HIGH,gradient_boosting_synthetic_v0_4_transfer,0.2309637726207583,gradient_boosting,v0_4_population_alias_revision,central_calibration_worlds_005_006_rank1_f1_max,
25-101313,26-33969,2025-09-13,2026-04-03,SIRET:21440109300015,RAW_SIRET,6.636005256241787,2026-02-13,1.609724047306176,0.731712658782304,0.320839280960395,1.0,1.0,0.6952219130317142,0.9510811663040368,0.9510811663040368,1,0.027376259307928,4,POTENTIAL,gradient_boosting_synthetic_v0_4_transfer,0.2309637726207583,gradient_boosting,v0_4_population_alias_revision,central_calibration_worlds_005_006_rank1_f1_max,
25-106850,25-109757,2025-09-27,2025-10-05,NAME:ville de saint nazaire,NAME_FALLBACK,0.2628120893561104,2026-02-27,4.763469119579501,0.2060884800700831,1.0,1.0,0.6,0.7615221200175206,0.6707471437298587,0.6707471437298587,1,0.4606835357915829,7,HIGH,gradient_boosting_synthetic_v0_4_transfer,0.2309637726207583,gradient_boosting,v0_4_population_alias_revision,central_calibration_worlds_005_006_rank1_f1_max,
25-109666,25-125088,2025-10-04,2025-11-12,SIRET:21440109300015,RAW_SIRET,1.281208935611038,2026-03-04,3.679369250985545,0.3867717915024091,0.9999999999999998,1.0,1.0,0.8466929478756021,0.8486957280760423,0.8486957280760423,1,0.3374488909008387,3,HIGH,gradient_boosting_synthetic_v0_4_transfer,0.2309637726207583,gradient_boosting,v0_4_population_alias_revision,central_calibration_worlds_005_006_rank1_f1_max,
25-110291,25-121229,2025-10-05,2025-10-31,SIRET:24440040400129,RAW_SIRET,0.8541392904073587,2026-03-05,4.106438896189225,0.3155935173017958,1.0,1.0,1.0,0.8288983793254489,0.8087544120805777,0.8087544120805777,1,0.4468936583672837,12,HIGH,gradient_boosting_synthetic_v0_4_transfer,0.2309637726207583,gradient_boosting,v0_4_population_alias_revision,central_calibration_worlds_005_006_rank1_f1_max,
25-113007,25-135765,2025-10-12,2025-12-11,SIRET:19753472000010,RAW_SIRET,1.971090670170828,2026-05-15,5.091984231274639,0.1513359614542269,0.0233055459521142,1.0,1.0,0.4459909314467967,0.8384467333382079,0.8384467333382079,1,0.2553913520712895,3,HIGH,gradient_boosting_synthetic_v0_4_transfer,0.2309637726207583,gradient_boosting,v0_4_population_alias_revision,central_calibration_worlds_005_006_rank1_f1_max,
25-119617,25-135765,2025-10-28,2025-12-11,SIRET:19753472000010,RAW_SIRET,1.445466491458607,2026-02-28,2.59526938239159,0.567455102934735,0.0129602296057525,1.0,1.0,0.5463998560956971,0.8602519672945079,0.8602519672945079,1,0.2555503273989378,3,HIGH,gradient_boosting_synthetic_v0_4_transfer,0.2309637726207583,gradient_boosting,v0_4_population_alias_revision,central_calibration_worlds_005_006_rank1_f1_max,
25-121114,25-129489,2025-10-31,2025-11-25,SIRET:23440003400026,RAW_SIRET,0.8212877792378449,2026-02-28,3.1208935611038107,0.4798510731493649,1.0000000000000002,1.0,1.0,0.8699627682873412,0.8044056084047008,0.8044056084047008,1,0.4817494249217273,6,HIGH,gradient_boosting_synthetic_v0_4_transfer,0.2309637726207583,gradient_boosting,v0_4_population_alias_revision,central_calibration_worlds_005_006_rank1_f1_max,
25-121683,26-68497,2025-11-02,2026-07-10,SIRET:54665016900057,RAW_SIRET,8.21287779237845,2026-02-02,5.19053876478318,0.13491020586947,0.0202485876739768,0.2,1.0,0.2008145571532594,0.32796665888472987,0.32796665888472987,2,0.1814028215038495,2,MEDIUM,gradient_boosting_synthetic_v0_4_transfer,0.2309637726207583,gradient_boosting,v0_4_population_alias_revision,central_calibration_worlds_005_006_rank1_f1_max,
25-124007,25-137684,2025-11-06,2025-12-15,NAME:ville d orvault,NAME_FALLBACK,1.281208935611038,2026-04-06,3.679369250985545,0.3867717915024091,0.6369297232113044,1.0,0.6,0.6796183509995588,0.850644486769075,0.850644486769075,1,0.3677630562013954,2,HIGH,gradient_boosting_synthetic_v0_4_transfer,0.2309637726207583,gradient_boosting,v0_4_population_alias_revision,central_calibration_worlds_005_006_rank1_f1_max,
25-125277,26-3165,2025-11-13,2026-01-13,SIRET:83095506800044,RAW_SIRET,2.0039421813403417,2026-05-09,3.8107752956636,0.3648707840560666,0.8467874770335315,1.0,1.0,0.7875933129757526,0.25478463824275016,0.25478463824275016,1,0.7875933129757526,1,MEDIUM,gradient_boosting_synthetic_v0_4_transfer,0.2309637726207583,gradient_boosting,v0_4_population_alias_revision,central_calibration_worlds_005_006_rank1_f1_max,
25-128632,25-138294,2025-11-21,2025-12-17,NAME:conseil departemental loire atlantique,NAME_FALLBACK,0.8541392904073587,2026-05-21,5.091984231274639,0.1513359614542269,0.9999999999999998,1.0,0.6,0.7478339903635567,0.8112054246360625,0.8112054246360625,1,0.3901842312951589,7,HIGH,gradient_boosting_synthetic_v0_4_transfer,0.2309637726207583,gradient_boosting,v0_4_population_alias_revision,central_calibration_worlds_005_006_rank1_f1_max,
25-129855,26-55163,2025-11-24,2026-06-04,NAME:chu nantes,NAME_FALLBACK,6.307490144546649,2026-11-24,5.683311432325887,0.0527814279456855,0.1107473958160454,0.1,0.6,0.1419569455220372,0.23994287644325651,0.23994287644325651,1,0.1419569455220372,1,MEDIUM,gradient_boosting_synthetic_v0_4_transfer,0.2309637726207583,gradient_boosting,v0_4_population_alias_revision,central_calibration_worlds_005_006_rank1_f1_max,
25-135982,26-42512,2025-12-11,2026-04-29,NAME:conseil departemental de la mayenne,NAME_FALLBACK,4.566360052562418,2026-06-11,1.4126149802890933,0.7645641699518178,0.1570562868846585,1.0,0.6,0.6061107428975849,0.948949942144367,0.948949942144367,2,0.0308377388458911,11,POTENTIAL,gradient_boosting_synthetic_v0_4_transfer,0.2309637726207583,gradient_boosting,v0_4_population_alias_revision,central_calibration_worlds_005_006_rank1_f1_max,
25-140719,26-59246,2025-12-19,2026-06-16,NAME:mairie de st herblain,NAME_FALLBACK,5.88042049934297,2026-06-19,0.0985545335085413,0.9835742444152432,0.2436428627839926,1.0,0.6,0.6911685630782083,0.9494348649771845,0.9494348649771845,1,0.2582269230568744,2,HIGH,gradient_boosting_synthetic_v0_4_transfer,0.2309637726207583,gradient_boosting,v0_4_population_alias_revision,central_calibration_worlds_005_006_rank1_f1_max,
25-14799,25-27783,2025-02-09,2025-03-13,NAME:societe publique regionale abbaye de fontevraud,NAME_FALLBACK,1.0512483574244416,2025-08-05,4.763469119579501,0.2060884800700831,1.0000000000000002,1.0,0.6,0.7615221200175208,0.8426610843012419,0.8426610843012419,1,0.6036596721939296,2,HIGH,gradient_boosting_synthetic_v0_4_transfer,0.2309637726207583,gradient_boosting,v0_4_population_alias_revision,central_calibration_worlds_005_006_rank1_f1_max,
25-2262,25-41441,2025-01-10,2025-04-13,NAME:ville de saint nazaire,NAME_FALLBACK,3.055190538764783,2025-08-18,4.1721419185282524,0.3046430135786245,0.3619283442570504,1.0,0.6,0.5628356738846239,0.9277193704309272,0.9277193704309272,1,0.1922712889510913,9,HIGH,gradient_boosting_synthetic_v0_4_transfer,0.2309637726207583,gradient_boosting,v0_4_population_alias_revision,central_calibration_worlds_005_006_rank1_f1_max,
25-26359,25-131747,2025-03-09,2025-11-30,NAME:conseil departemental de la mayenne,NAME_FALLBACK,8.73850197109067,2025-11-02,0.9198423127463864,0.8466929478756022,0.2455312233161634,1.0,0.6,0.6576091651295577,0.9305669643689667,0.9305669643689667,1,0.2960332154162317,9,HIGH,gradient_boosting_synthetic_v0_4_transfer,0.2309637726207583,gradient_boosting,v0_4_population_alias_revision,central_calibration_worlds_005_006_rank1_f1_max,
25-28394,26-3380,2025-03-14,2026-01-14,NAME:conseil departemental loire atlantique,NAME_FALLBACK,10.052562417871222,2025-11-18,1.8725361366622864,0.687910643889619,0.2832102536902695,1.0,0.6,0.6311012497639992,0.9317256205501845,0.9317256205501845,1,0.1348627584921963,9,HIGH,gradient_boosting_synthetic_v0_4_transfer,0.2309637726207583,gradient_boosting,v0_4_population_alias_revision,central_calibration_worlds_005_006_rank1_f1_max,
25-40327,26-16633,2025-04-10,2026-02-18,NAME:ville de saint nazaire,NAME_FALLBACK,10.315374507227332,2025-12-12,2.2339027595269383,0.6276828734121769,0.0757204814320148,1.0,0.6,0.5434228868542494,0.9309596723339925,0.9309596723339925,1,0.2861549290232917,7,HIGH,gradient_boosting_synthetic_v0_4_transfer,0.2309637726207583,gradient_boosting,v0_4_population_alias_revision,central_calibration_worlds_005_006_rank1_f1_max,
25-44025,25-68958,2025-04-17,2025-06-19,NAME:ville de carquefou,NAME_FALLBACK,2.0696452036793693,2025-08-17,1.938239159001314,0.6769601401664477,0.3470794838247901,1.0,0.6,0.6507178543802885,0.9121939371027267,0.9121939371027267,1,0.6507178543802885,1,HIGH,gradient_boosting_synthetic_v0_4_transfer,0.2309637726207583,gradient_boosting,v0_4_population_alias_revision,central_calibration_worlds_005_006_rank1_f1_max,
25-45972,25-57091,2025-04-24,2025-05-22,SIRET:23440003400026,RAW_SIRET,0.9198423127463864,2025-08-24,3.088042049934297,0.4853263250109505,1.0,1.0,1.0,0.8713315812527375,0.8173868374317623,0.8173868374317623,1,0.4877495871863414,10,HIGH,gradient_boosting_synthetic_v0_4_transfer,0.2309637726207583,gradient_boosting,v0_4_population_alias_revision,central_calibration_worlds_005_006_rank1_f1_max,
25-48468,25-49952,2025-04-30,2025-05-04,SIRET:24440043800127,RAW_SIRET,0.1314060446780552,2025-10-30,5.88042049934297,0.0199299167761717,1.0,1.0,1.0,0.7549824791940428,0.7233792364558832,0.7233792364558832,1,0.7549824791940428,1,HIGH,gradient_boosting_synthetic_v0_4_transfer,0.2309637726207583,gradient_boosting,v0_4_population_alias_revision,central_calibration_worlds_005_006_rank1_f1_max,
25-48827,25-49867,2025-05-01,2025-05-02,SIRET:24440040400129,RAW_SIRET,0.0328515111695138,2025-10-01,4.993429697766097,0.1677617170389838,1.0000000000000002,1.0,1.0,0.791940429259746,0.6411841272622757,0.6411841272622757,2,0.006844064826982,16,POTENTIAL,gradient_boosting_synthetic_v0_4_transfer,0.2309637726207583,gradient_boosting,v0_4_population_alias_revision,central_calibration_worlds_005_006_rank1_f1_max,
25-49867,25-51236,2025-05-02,2025-05-07,SIRET:24440040400129,RAW_SIRET,0.164257555847569,2025-10-02,4.862023653088042,0.1896627244853262,1.0000000000000002,1.0,1.0,0.7974156811213315,0.6535094746370029,0.6535094746370029,1,0.2941332421040203,15,HIGH,gradient_boosting_synthetic_v0_4_transfer,0.2309637726207583,gradient_boosting,v0_4_population_alias_revision,central_calibration_worlds_005_006_rank1_f1_max,
25-52714,25-121114,2025-05-11,2025-10-31,SIRET:23440003400026,RAW_SIRET,5.683311432325887,2025-09-11,1.6425755584756898,0.7262374069207184,0.0252529560276724,0.8,1.0,0.530397886339865,0.8735621607973948,0.8735621607973948,1,0.0342203241349101,9,POTENTIAL,gradient_boosting_synthetic_v0_4_transfer,0.2309637726207583,gradient_boosting,v0_4_population_alias_revision,central_calibration_worlds_005_006_rank1_f1_max,
25-54937,25-135982,2025-05-17,2025-12-11,NAME:conseil departemental de la mayenne,NAME_FALLBACK,6.83311432325887,2026-02-28,2.59526938239159,0.567455102934735,0.1970772569903302,1.0,0.6,0.5708408156802993,0.9457581736725197,0.9457581736725197,6,0.0109505037231711,13,POTENTIAL,gradient_boosting_synthetic_v0_4_transfer,0.2309637726207583,gradient_boosting,v0_4_population_alias_revision,central_calibration_worlds_005_006_rank1_f1_max,
25-6327,25-73652,2025-01-19,2025-07-02,SIRET:24440055200026,RAW_SIRET,5.387647831800263,2025-12-02,5.026281208935611,0.1622864651773982,0.9963730778051578,1.0,1.0,0.7893021935261548,0.582308540515149,0.582308540515149,1,0.7893021935261548,1,HIGH,gradient_boosting_synthetic_v0_4_transfer,0.2309637726207583,gradient_boosting,v0_4_population_alias_revision,central_calibration_worlds_005_006_rank1_f1_max,
25-65181,26-13734,2025-06-12,2026-02-10,SIRET:13001954000025,RAW_SIRET,7.982917214191852,2026-05-27,3.4822601839684624,0.4196233026719229,0.0707642217111951,0.8,1.0,0.469673303266899,0.9433121632882925,0.9433121632882925,1,0.469673303266899,1,HIGH,gradient_boosting_synthetic_v0_4_transfer,0.2309637726207583,gradient_boosting,v0_4_population_alias_revision,central_calibration_worlds_005_006_rank1_f1_max,
25-74485,25-78511,2025-07-03,2025-07-11,SIRET:21490328800014,RAW_SIRET,0.2628120893561104,2025-11-03,3.7779237844940874,0.3703460359176522,0.3551161144635867,1.0,1.0,0.6168771490416683,0.7927741871179571,0.7927741871179571,1,0.6168771490416683,1,HIGH,gradient_boosting_synthetic_v0_4_transfer,0.2309637726207583,gradient_boosting,v0_4_population_alias_revision,central_calibration_worlds_005_006_rank1_f1_max,
25-76566,25-135765,2025-07-08,2025-12-11,SIRET:19753472000010,RAW_SIRET,5.124835742444152,2025-11-08,1.0840998685939554,0.8193166885676741,0.018283684258141,1.0,1.0,0.6112284616322678,0.9503875355756431,0.9503875355756431,3,0.0013217577086166,5,POTENTIAL,gradient_boosting_synthetic_v0_4_transfer,0.2309637726207583,gradient_boosting,v0_4_population_alias_revision,central_calibration_worlds_005_006_rank1_f1_max,
25-78668,25-130089,2025-07-11,2025-11-26,SIRET:13002591900015,RAW_SIRET,4.533508541392904,2026-01-11,1.5111695137976346,0.7481384143670609,0.1232816488663299,1.0,1.0,0.6301831806949806,0.9476564820123439,0.9476564820123439,1,0.1491178121467375,2,HIGH,gradient_boosting_synthetic_v0_4_transfer,0.2309637726207583,gradient_boosting,v0_4_population_alias_revision,central_calibration_worlds_005_006_rank1_f1_max,
25-83123,25-108260,2025-07-21,2025-09-30,NAME:communaute de communes sud vendee littoral,NAME_FALLBACK,2.33245729303548,2025-08-21,1.314060446780552,0.7809899255365746,0.6833920452772277,1.0,0.6,0.7944346972311733,0.8931586235402622,0.8931586235402622,1,0.5229571323330681,2,HIGH,gradient_boosting_synthetic_v0_4_transfer,0.2309637726207583,gradient_boosting,v0_4_population_alias_revision,central_calibration_worlds_005_006_rank1_f1_max,
26-15866,26-44140,2026-02-15,2026-05-02,NAME:conseil departemental de la mayenne,NAME_FALLBACK,2.4967148488830486,2026-06-15,1.445466491458607,0.7590889180902322,0.1233196687788681,1.0,0.6,0.5929341135951618,0.928459696742225,0.928459696742225,3,0.05338370565046,8,HIGH,gradient_boosting_synthetic_v0_4_transfer,0.2309637726207583,gradient_boosting,v0_4_population_alias_revision,central_calibration_worlds_005_006_rank1_f1_max,
26-16442,26-29615,2026-02-18,2026-03-24,NAME:societe publique regionale abbaye de fontevraud,NAME_FALLBACK,1.1169513797634691,2026-04-18,0.8212877792378449,0.8631187034603591,1.0000000000000002,1.0,0.6,0.9257796758650898,0.9126522022434301,0.9126522022434301,1,0.9257796758650898,1,HIGH,gradient_boosting_synthetic_v0_4_transfer,0.2309637726207583,gradient_boosting,v0_4_population_alias_revision,central_calibration_worlds_005_006_rank1_f1_max,
26-20134,26-26706,2026-02-27,2026-03-15,NAME:conservatoire national des arts et metiers,NAME_FALLBACK,0.5256241787122208,2026-06-27,3.416557161629435,0.4305738063950942,0.9999999999999996,1.0,0.6,0.8176434515987734,0.7843018424648553,0.7843018424648553,1,0.8176434515987734,1,HIGH,gradient_boosting_synthetic_v0_4_transfer,0.2309637726207583,gradient_boosting,v0_4_population_alias_revision,central_calibration_worlds_005_006_rank1_f1_max,
26-28872,26-42512,2026-03-21,2026-04-29,NAME:conseil departemental de la mayenne,NAME_FALLBACK,1.281208935611038,2026-07-21,2.726675427069645,0.5455540954883924,1.0,1.0,0.6,0.8463885238720981,0.8720534728229403,0.8720534728229403,1,0.3027316770312069,7,HIGH,gradient_boosting_synthetic_v0_4_transfer,0.2309637726207583,gradient_boosting,v0_4_population_alias_revision,central_calibration_worlds_005_006_rank1_f1_max,
26-32976,26-62132,2026-04-01,2026-06-25,SIRET:11001001400014,RAW_SIRET,2.7923784494086727,2026-10-01,3.219448094612352,0.463425317564608,0.9979210513331116,1.0,1.0,0.865128697357741,0.971052188658161,0.971052188658161,1,0.865128697357741,1,HIGH,gradient_boosting_synthetic_v0_4_transfer,0.2309637726207583,gradient_boosting,v0_4_population_alias_revision,central_calibration_worlds_005_006_rank1_f1_max,
26-33969,26-40548,2026-04-03,2026-04-23,SIRET:21440109300015,RAW_SIRET,0.657030223390276,2026-09-03,4.369250985545335,0.2717915024091107,1.0000000000000004,1.0,1.0,0.8179478756022778,0.8879785644981477,0.8879785644981477,1,0.8179478756022778,1,HIGH,gradient_boosting_synthetic_v0_4_transfer,0.2309637726207583,gradient_boosting,v0_4_population_alias_revision,central_calibration_worlds_005_006_rank1_f1_max,
26-42512,26-44140,2026-04-29,2026-05-02,NAME:conseil departemental de la mayenne,NAME_FALLBACK,0.0985545335085413,2026-07-29,2.890932982917214,0.5181778361804643,0.1233196687788681,1.0,0.6,0.5327063431177199,0.6373804255130011,0.6373804255130011,1,0.1163005041941541,6,HIGH,gradient_boosting_synthetic_v0_4_transfer,0.2309637726207583,gradient_boosting,v0_4_population_alias_revision,central_calibration_worlds_005_006_rank1_f1_max,
26-48762,26-52332,2026-05-19,2026-05-29,NAME:conseil departemental de la mayenne,NAME_FALLBACK,0.328515111695138,2026-09-19,3.712220762155059,0.3812965396408235,1.0,1.0,0.6,0.8053241349102058,0.6602424078972243,0.6602424078972243,1,0.4794715244021614,3,HIGH,gradient_boosting_synthetic_v0_4_transfer,0.2309637726207583,gradient_boosting,v0_4_population_alias_revision,central_calibration_worlds_005_006_rank1_f1_max,
26-56462,26-61592,2026-06-10,2026-06-24,SIRET:24440040400129,RAW_SIRET,0.4599211563731931,2026-11-10,4.566360052562418,0.2389399912395969,0.1090917372818001,0.8,1.0,0.4379171058585293,0.3553515790818649,0.3553515790818649,1,0.2337913134068041,2,MEDIUM,gradient_boosting_synthetic_v0_4_transfer,0.2309637726207583,gradient_boosting,v0_4_population_alias_revision,central_calibration_worlds_005_006_rank1_f1_max,
26-7971,26-11970,2026-01-24,2026-02-05,NAME:universite d angers,NAME_FALLBACK,0.3942181340341655,2026-07-24,5.551905387647832,0.074682435392028,1.0,1.0,0.6,0.7286706088480068,0.48585913731283115,0.48585913731283115,1,0.4708615785953535,2,MEDIUM,gradient_boosting_synthetic_v0_4_transfer,0.2309637726207583,gradient_boosting,v0_4_population_alias_revision,central_calibration_worlds_005_006_rank1_f1_max,
15-101283,16-102267,2015-07-01,2016-07-09,NAME:caf de la sarthe,NAME_FALLBACK,12.28646517739816,2016-04-23,2.5295663600525624,0.5784056066579062,0.337109542221377,1.0,0.6,0.6225897414419586,,0.9998862610207079,1,0.6225897414419586,1,HIGH,logistic_regression_synthetic_v0_4_transfer,0.7456781676471622,logistic_regression,v0_4_population_alias_revision,central_calibration_worlds_005_006_rank1_f1_max,0.9998862610207079
15-102348,16-48016,2015-07-03,2016-03-31,NAME:universite de nantes,NAME_FALLBACK,8.935611038107753,2016-03-06,0.8212877792378449,0.8631187034603591,0.2726721156563377,1.0,0.6,0.671214916344808,,0.9991419033849618,1,0.1964295053862257,12,HIGH,logistic_regression_synthetic_v0_4_transfer,0.7456781676471622,logistic_regression,v0_4_population_alias_revision,central_calibration_worlds_005_006_rank1_f1_max,0.9991419033849618
15-102510,16-183156,2015-07-03,2016-12-23,SIRET:22720002900014,RAW_SIRET,17.706964520367936,2016-09-30,2.759526938239159,0.5400788436268069,0.0301700482473242,0.8,1.0,0.4855792277932652,,0.9997736142746187,1,0.135446956289664,2,HIGH,logistic_regression_synthetic_v0_4_transfer,0.7456781676471622,logistic_regression,v0_4_population_alias_revision,central_calibration_worlds_005_006_rank1_f1_max,0.9997736142746187
15-104125,16-19242,2015-07-08,2016-02-09,NAME:ville de nantes,NAME_FALLBACK,7.09592641261498,2016-01-08,1.0512483574244416,0.8247919404292597,0.1800516758603379,0.1,0.6,0.3592160716584332,,0.7483727779078811,1,0.0258653731966206,6,POTENTIAL,logistic_regression_synthetic_v0_4_transfer,0.7456781676471622,logistic_regression,v0_4_population_alias_revision,central_calibration_worlds_005_006_rank1_f1_max,0.7483727779078811
15-105085,16-73008,2015-07-07,2016-05-20,NAME:ccir pays de la loire,NAME_FALLBACK,10.446780551905388,2016-01-07,4.402102496714849,0.2663162505475251,0.115959077813911,0.1,0.6,0.1971647398717501,,0.813226642900658,1,0.022711526953006,2,POTENTIAL,logistic_regression_synthetic_v0_4_transfer,0.7456781676471622,logistic_regression,v0_4_population_alias_revision,central_calibration_worlds_005_006_rank1_f1_max,0.813226642900658
15-111481,16-7640,2015-07-20,2016-01-18,NAME:chu de nantes,NAME_FALLBACK,5.978975032851511,2016-01-20,0.0657030223390276,0.9890494962768288,0.5475438361239635,1.0,0.6,0.7989027167125944,,0.9995859036659573,1,0.387568526006604,5,HIGH,logistic_regression_synthetic_v0_4_transfer,0.7456781676471622,logistic_regression,v0_4_population_alias_revision,central_calibration_worlds_005_006_rank1_f1_max,0.9995859036659573
15-113716,16-131471,2015-07-22,2016-09-10,NAME:insee,NAME_FALLBACK,13.66622864651774,2016-05-10,4.040735873850197,0.3265440210249671,0.0,0.1,0.6,0.1716360052562417,,0.9865063612905268,2,0.1745303419241473,2,HIGH,logistic_regression_synthetic_v0_4_transfer,0.7456781676471622,logistic_regression,v0_4_population_alias_revision,central_calibration_worlds_005_006_rank1_f1_max,0.9865063612905268
15-115319,16-175178,2015-07-27,2016-12-06,NAME:conseil regional des pays de la loire,NAME_FALLBACK,16.36005256241787,2016-06-19,5.5847568988173455,0.0692071835304424,0.0051038199605274,0.1,0.6,0.1090881328687952,,0.8077160366747959,9,0.0002500142294533,10,POTENTIAL,logistic_regression_synthetic_v0_4_transfer,0.7456781676471622,logistic_regression,v0_4_population_alias_revision,central_calibration_worlds_005_006_rank1_f1_max,0.8077160366747959
15-118979,16-61061,2015-07-30,2016-04-29,NAME:departement de la sarthe,NAME_FALLBACK,9.00131406044678,2016-01-30,2.9566360052562417,0.5072273324572931,0.0197648153172231,0.4,0.6,0.3137245184753514,,0.7637141178797016,4,0.2020221667113816,6,HIGH,logistic_regression_synthetic_v0_4_transfer,0.7456781676471622,logistic_regression,v0_4_population_alias_revision,central_calibration_worlds_005_006_rank1_f1_max,0.7637141178797016
15-119639,16-68672,2015-08-03,2016-05-12,NAME:ecole centrale de nantes,NAME_FALLBACK,9.296977660972404,2016-03-23,1.6425755584756898,0.7262374069207184,0.1471484602503582,0.1,0.6,0.323061312817805,,0.8522426032281787,1,0.0245135763725988,4,POTENTIAL,logistic_regression_synthetic_v0_4_transfer,0.7456781676471622,logistic_regression,v0_4_population_alias_revision,central_calibration_worlds_005_006_rank1_f1_max,0.8522426032281787
15-121163,16-3447,2015-08-04,2016-01-11,NAME:centre hospitalier loire vendee ocean,NAME_FALLBACK,5.256241787122208,2016-02-04,0.7884362680683311,0.8685939553219448,0.0141722899223593,0.1,0.6,0.312108790303312,,0.7716526694303651,1,0.312108790303312,1,HIGH,logistic_regression_synthetic_v0_4_transfer,0.7456781676471622,logistic_regression,v0_4_population_alias_revision,central_calibration_worlds_005_006_rank1_f1_max,0.7716526694303651
15-129133,16-97484,2015-08-24,2016-07-04,NAME:sdis 49,NAME_FALLBACK,10.348226018396844,2016-05-10,1.8068331143232588,0.6988611476127902,0.0661367934757467,0.1,0.6,0.2878631646197089,,0.8989553813193096,1,0.1725974057929317,2,HIGH,logistic_regression_synthetic_v0_4_transfer,0.7456781676471622,logistic_regression,v0_4_population_alias_revision,central_calibration_worlds_005_006_rank1_f1_max,0.8989553813193096
15-136102,15-155719,2015-09-07,2015-10-13,NAME:sm megalis,NAME_FALLBACK,1.1826544021024967,2016-01-07,2.8252299605781865,0.5291283399036355,0.9510071013121866,1.0,0.6,0.825134570435174,,0.9985159712267277,1,0.2210207291260015,2,HIGH,logistic_regression_synthetic_v0_4_transfer,0.7456781676471622,logistic_regression,v0_4_population_alias_revision,central_calibration_worlds_005_006_rank1_f1_max,0.9985159712267277
15-137458,15-155719,2015-09-09,2015-10-13,NAME:sm megalis,NAME_FALLBACK,1.1169513797634691,2016-01-09,2.890932982917214,0.5181778361804643,0.4303209238308393,1.0,0.6,0.6401567823859098,,0.9976909553944986,1,0.6401567823859098,1,HIGH,logistic_regression_synthetic_v0_4_transfer,0.7456781676471622,logistic_regression,v0_4_population_alias_revision,central_calibration_worlds_005_006_rank1_f1_max,0.9976909553944986
15-139094,16-131495,2015-09-10,2016-09-08,NAME:sdis 85,NAME_FALLBACK,11.957950065703022,2016-05-07,4.073587385019711,0.3210687691633814,0.3438273171136217,0.4,0.6,0.3806067532806129,,0.9360468630116754,1,0.3806067532806129,1,HIGH,logistic_regression_synthetic_v0_4_transfer,0.7456781676471622,logistic_regression,v0_4_population_alias_revision,central_calibration_worlds_005_006_rank1_f1_max,0.9360468630116754
15-139179,16-68672,2015-09-10,2016-05-12,NAME:ecole centrale de nantes,NAME_FALLBACK,8.04862023653088,2016-03-10,2.0696452036793693,0.6550591327201052,0.2956703485403085,0.1,0.6,0.3572494051691343,,0.8088873427116446,1,0.0409710515529156,4,POTENTIAL,logistic_regression_synthetic_v0_4_transfer,0.7456781676471622,logistic_regression,v0_4_population_alias_revision,central_calibration_worlds_005_006_rank1_f1_max,0.8088873427116446
15-139562,16-146809,2015-09-11,2016-10-10,NAME:c h d la roche sur yon-lucon-montaigu,NAME_FALLBACK,12.976346911957949,2017-01-22,3.416557161629435,0.4305738063950942,0.470999994416253,0.2,0.6,0.3924934496444621,,0.9648146830124636,1,0.3924934496444621,1,HIGH,logistic_regression_synthetic_v0_4_transfer,0.7456781676471622,logistic_regression,v0_4_population_alias_revision,central_calibration_worlds_005_006_rank1_f1_max,0.9648146830124636
15-140966,16-101519,2015-09-15,2016-07-07,NAME:commune de saint jean de monts,NAME_FALLBACK,9.724047306176084,2016-05-24,1.445466491458607,0.7590889180902322,0.3756679594355756,0.1,0.6,0.4112560153250095,,0.9307169105796497,1,0.4112560153250095,1,HIGH,logistic_regression_synthetic_v0_4_transfer,0.7456781676471622,logistic_regression,v0_4_population_alias_revision,central_calibration_worlds_005_006_rank1_f1_max,0.9307169105796497
15-146824,16-9312,2015-09-28,2016-03-15,NAME:ville de cholet,NAME_FALLBACK,5.551905387647832,2016-03-28,0.4270696452036793,0.9288217257993868,0.0943536266694895,0.1,0.6,0.355229200784168,,0.8163833332867769,1,0.355229200784168,1,HIGH,logistic_regression_synthetic_v0_4_transfer,0.7456781676471622,logistic_regression,v0_4_population_alias_revision,central_calibration_worlds_005_006_rank1_f1_max,0.8163833332867769
15-147732,16-78789,2015-09-28,2016-05-30,NAME:ecole des mines de nantes,NAME_FALLBACK,8.04862023653088,2016-03-28,2.0696452036793693,0.6550591327201052,0.3952720496186646,0.1,0.6,0.3921100005465589,,0.8443503399737269,1,0.0885511709593308,3,HIGH,logistic_regression_synthetic_v0_4_transfer,0.7456781676471622,logistic_regression,v0_4_population_alias_revision,central_calibration_worlds_005_006_rank1_f1_max,0.8443503399737269
15-153604,16-79410,2015-10-08,2016-06-07,NAME:cte de cnes du pays fontenay le comte,NAME_FALLBACK,7.982917214191852,2016-04-08,1.971090670170828,0.6714848883048621,0.0653782661404476,0.1,0.6,0.2807536152253722,,0.8378738222421485,1,0.2807536152253722,1,HIGH,logistic_regression_synthetic_v0_4_transfer,0.7456781676471622,logistic_regression,v0_4_population_alias_revision,central_calibration_worlds_005_006_rank1_f1_max,0.8378738222421485
15-153858,16-68672,2015-10-09,2016-05-12,NAME:ecole centrale de nantes,NAME_FALLBACK,7.09592641261498,2016-05-21,0.2956636005256242,0.9507227332457292,0.0595481242019541,0.1,0.6,0.3485225267821162,,0.8146580820920215,1,0.0836933546401977,4,HIGH,logistic_regression_synthetic_v0_4_transfer,0.7456781676471622,logistic_regression,v0_4_population_alias_revision,central_calibration_worlds_005_006_rank1_f1_max,0.8146580820920215
15-159973,16-94711,2015-10-28,2016-07-04,NAME:vendee eau,NAME_FALLBACK,8.21287779237845,2016-07-07,0.0985545335085413,0.9835742444152432,0.080153370039381,1.0,0.6,0.6339472406175941,,0.999755623017731,1,0.0945166388035125,2,HIGH,logistic_regression_synthetic_v0_4_transfer,0.7456781676471622,logistic_regression,v0_4_population_alias_revision,central_calibration_worlds_005_006_rank1_f1_max,0.999755623017731
15-162906,16-68875,2015-10-23,2016-05-12,NAME:centre hospitalier de cholet,NAME_FALLBACK,6.636005256241787,2016-04-23,0.6241787122207622,0.8959702146298729,0.1467765756152171,0.1,0.6,0.3653643551227942,,0.8368475714704483,1,0.0751881736493416,2,HIGH,logistic_regression_synthetic_v0_4_transfer,0.7456781676471622,logistic_regression,v0_4_population_alias_revision,central_calibration_worlds_005_006_rank1_f1_max,0.8368475714704483
15-165050,15-174987,2015-10-29,2015-11-18,NAME:angers loire metropole,NAME_FALLBACK,0.657030223390276,2016-04-29,5.354796320630749,0.1075339465615418,0.971958674112424,1.0,0.6,0.7270690225797338,,0.9887146406271324,1,0.3537555224540879,10,HIGH,logistic_regression_synthetic_v0_4_transfer,0.7456781676471622,logistic_regression,v0_4_population_alias_revision,central_calibration_worlds_005_006_rank1_f1_max,0.9887146406271324
15-165845,16-173853,2015-10-30,2016-12-02,NAME:commune de le pellerin,NAME_FALLBACK,13.107752956636006,2016-08-08,3.8107752956636,0.3648707840560666,0.1983871468645742,0.1,0.6,0.2506531974166176,,0.9306572564868432,1,0.2506531974166176,1,HIGH,logistic_regression_synthetic_v0_4_transfer,0.7456781676471622,logistic_regression,v0_4_population_alias_revision,central_calibration_worlds_005_006_rank1_f1_max,0.9306572564868432
15-169809,15-182957,2015-11-09,2015-12-04,NAME:chu de nantes,NAME_FALLBACK,0.8212877792378449,2016-05-09,5.157687253613666,0.1403854577310556,0.9479573418528516,1.0,0.6,0.7268814340812619,,0.9931849453337224,1,0.0015051518303461,7,POTENTIAL,logistic_regression_synthetic_v0_4_transfer,0.7456781676471622,logistic_regression,v0_4_population_alias_revision,central_calibration_worlds_005_006_rank1_f1_max,0.9931849453337224
15-171733,16-85256,2015-11-10,2016-06-09,NAME:s i d energies de maine et loire,NAME_FALLBACK,6.964520367936925,2016-05-10,0.985545335085414,0.835742444152431,0.0431773179995268,0.1,0.6,0.3140476723379422,,0.8384662785355073,1,0.3140476723379422,1,HIGH,logistic_regression_synthetic_v0_4_transfer,0.7456781676471622,logistic_regression,v0_4_population_alias_revision,central_calibration_worlds_005_006_rank1_f1_max,0.8384662785355073
15-173090,16-70203,2015-11-16,2016-05-17,NAME:universite de nantes,NAME_FALLBACK,6.011826544021025,2016-07-28,2.365308804204993,0.6057818659658345,0.065630527192823,1.0,0.6,0.5344161510089467,,0.9971874587156999,1,0.0280202360181862,10,POTENTIAL,logistic_regression_synthetic_v0_4_transfer,0.7456781676471622,logistic_regression,v0_4_population_alias_revision,central_calibration_worlds_005_006_rank1_f1_max,0.9971874587156999
15-173700,16-17002,2015-11-17,2016-02-04,NAME:ville de reze,NAME_FALLBACK,2.59526938239159,2016-05-17,3.383705650459921,0.4360490582566798,0.9164580923815036,1.0,0.6,0.7897725968976963,,0.9985584479346956,1,0.5896010940734697,3,HIGH,logistic_regression_synthetic_v0_4_transfer,0.7456781676471622,logistic_regression,v0_4_population_alias_revision,central_calibration_worlds_005_006_rank1_f1_max,0.9985584479346956
15-174358,16-70203,2015-11-17,2016-05-17,NAME:universite de nantes,NAME_FALLBACK,5.978975032851511,2016-07-28,2.365308804204993,0.6057818659658345,0.0657775511331507,1.0,0.6,0.5344676093880614,,0.9971630364691495,1,0.0295174265200425,10,POTENTIAL,logistic_regression_synthetic_v0_4_transfer,0.7456781676471622,logistic_regression,v0_4_population_alias_revision,central_calibration_worlds_005_006_rank1_f1_max,0.9971630364691495
15-175415,16-73319,2015-11-20,2016-05-24,NAME:commune de saint-nazaire,NAME_FALLBACK,6.110381077529566,2016-05-20,0.1314060446780552,0.9780989925536576,0.5304773329063815,0.1,0.6,0.5201918146556479,,0.8346276242044626,1,0.1198651628417696,5,HIGH,logistic_regression_synthetic_v0_4_transfer,0.7456781676471622,logistic_regression,v0_4_population_alias_revision,central_calibration_worlds_005_006_rank1_f1_max,0.8346276242044626
15-178206,16-82345,2015-11-27,2016-06-07,NAME:centre hospitalier de saint-nazaire,NAME_FALLBACK,6.340341655716163,2016-05-27,0.3613666228646517,0.939772229522558,0.0290605320647226,0.1,0.6,0.3351142436032924,,0.8193426209036007,2,0.0073614721095675,2,POTENTIAL,logistic_regression_synthetic_v0_4_transfer,0.7456781676471622,logistic_regression,v0_4_population_alias_revision,central_calibration_worlds_005_006_rank1_f1_max,0.8193426209036007
15-179747,15-182957,2015-11-27,2015-12-04,NAME:chu de nantes,NAME_FALLBACK,0.2299605781865965,2016-05-27,5.7490144546649145,0.0418309242225142,0.975727238254414,1.0,0.6,0.7119622644446733,,0.9907274280976639,1,0.2414652535864784,7,HIGH,logistic_regression_synthetic_v0_4_transfer,0.7456781676471622,logistic_regression,v0_4_population_alias_revision,central_calibration_worlds_005_006_rank1_f1_max,0.9907274280976639
15-182813,16-175178,2015-12-04,2016-12-06,NAME:conseil regional des pays de la loire,NAME_FALLBACK,12.089356110381075,2016-10-04,2.0696452036793693,0.6550591327201052,0.0181987675056305,0.1,0.6,0.2601343518069969,,0.7743867215731147,6,0.0607209473948547,11,HIGH,logistic_regression_synthetic_v0_4_transfer,0.7456781676471622,logistic_regression,v0_4_population_alias_revision,central_calibration_worlds_005_006_rank1_f1_max,0.7743867215731147
15-184251,17-6714,2015-12-08,2017-01-18,SIRET:19490970100303,RAW_SIRET,13.370565045992116,2016-12-07,1.3797634691195797,0.7700394218134035,0.0046834841377775,0.0,1.0,0.294149074901573,,0.839504659514256,1,0.0968708915872497,3,HIGH,logistic_regression_synthetic_v0_4_transfer,0.7456781676471622,logistic_regression,v0_4_population_alias_revision,central_calibration_worlds_005_006_rank1_f1_max,0.839504659514256
15-184743,16-80474,2015-12-11,2016-06-15,NAME:com communes du pays d ancenis,NAME_FALLBACK,6.14323258869908,2016-06-11,0.1314060446780552,0.9780989925536576,0.1665403361023132,0.1,0.6,0.392813865774224,,0.8602440453645553,1,0.392813865774224,1,HIGH,logistic_regression_synthetic_v0_4_transfer,0.7456781676471622,logistic_regression,v0_4_population_alias_revision,central_calibration_worlds_005_006_rank1_f1_max,0.8602440453645553
15-184750,16-92101,2015-12-09,2016-06-23,NAME:ecole centrale de nantes,NAME_FALLBACK,6.471747700394218,2016-06-09,0.4599211563731931,0.9233464739378012,0.0522057238069295,0.1,0.6,0.3391086218168756,,0.8018962994714315,2,0.0087297114000992,3,POTENTIAL,logistic_regression_synthetic_v0_4_transfer,0.7456781676471622,logistic_regression,v0_4_population_alias_revision,central_calibration_worlds_005_006_rank1_f1_max,0.8018962994714315
15-185112,16-172610,2015-12-10,2016-11-30,NAME:conseil general de la vendee,NAME_FALLBACK,11.695137976346912,2016-10-18,1.4126149802890933,0.7645641699518178,0.0122577869191909,0.4,0.6,0.3754312679096712,,0.9559458695562357,1,0.3754312679096712,1,HIGH,logistic_regression_synthetic_v0_4_transfer,0.7456781676471622,logistic_regression,v0_4_population_alias_revision,central_calibration_worlds_005_006_rank1_f1_max,0.9559458695562357
15-190662,17-3197,2015-12-22,2017-01-10,NAME:ville de nantes,NAME_FALLBACK,12.64783180026281,2016-10-07,3.1208935611038107,0.4798510731493649,0.0208229698438806,0.1,0.6,0.2172508077326994,,0.8876958025786403,1,0.0347054905487548,4,POTENTIAL,logistic_regression_synthetic_v0_4_transfer,0.7456781676471622,logistic_regression,v0_4_population_alias_revision,central_calibration_worlds_005_006_rank1_f1_max,0.8876958025786403
15-192276,16-94711,2016-02-05,2016-07-04,NAME:vendee eau,NAME_FALLBACK,4.92772667542707,2016-11-30,4.894875164257556,0.1841874726237407,0.0367841550534658,1.0,0.6,0.4189213224246482,,0.9969165375593325,1,0.0945803920689609,3,HIGH,logistic_regression_synthetic_v0_4_transfer,0.7456781676471622,logistic_regression,v0_4_population_alias_revision,central_calibration_worlds_005_006_rank1_f1_max,0.9969165375593325
15-192356,16-128161,2015-12-24,2016-09-09,NAME:nantes metropole,NAME_FALLBACK,8.541392904073588,2016-06-24,2.5295663600525624,0.5784056066579062,0.0696996763521152,1.0,0.6,0.5289962883877168,,0.993768494958039,1,0.1571488848289535,20,HIGH,logistic_regression_synthetic_v0_4_transfer,0.7456781676471622,logistic_regression,v0_4_population_alias_revision,central_calibration_worlds_005_006_rank1_f1_max,0.993768494958039
15-192825,16-146809,2015-12-24,2016-10-10,NAME:c h d la roche sur yon-lucon-montaigu,NAME_FALLBACK,9.559789750328514,2016-06-24,3.54796320630749,0.4086727989487516,0.8373912725929985,1.0,0.6,0.7552551451447373,,0.9999733358187517,1,0.7552551451447373,1,HIGH,logistic_regression_synthetic_v0_4_transfer,0.7456781676471622,logistic_regression,v0_4_population_alias_revision,central_calibration_worlds_005_006_rank1_f1_max,0.9999733358187517
15-33752,16-85662,2015-03-06,2016-06-13,NAME:conseil regional des pays de la loire,NAME_FALLBACK,15.275952693823916,2016-04-08,2.1681997371879107,0.6386333771353483,0.1016857022157657,0.4,0.6,0.3752483400593551,,0.9402706228396818,2,0.0080899794907591,9,POTENTIAL,logistic_regression_synthetic_v0_4_transfer,0.7456781676471622,logistic_regression,v0_4_population_alias_revision,central_calibration_worlds_005_006_rank1_f1_max,0.9402706228396818
15-42765,15-167650,2015-03-20,2015-11-03,NAME:cg49,NAME_FALLBACK,7.490144546649145,2015-09-20,1.445466491458607,0.7590889180902322,0.3503941520167254,0.1,0.6,0.4024101827284119,,0.8018653010776688,1,0.1269508318350036,5,HIGH,logistic_regression_synthetic_v0_4_transfer,0.7456781676471622,logistic_regression,v0_4_population_alias_revision,central_calibration_worlds_005_006_rank1_f1_max,0.8018653010776688
15-44894,15-126736,2015-03-24,2015-08-13,NAME:prefecture,NAME_FALLBACK,4.664914586070959,2015-09-24,1.3797634691195797,0.7700394218134035,0.4195899788242906,0.1,0.6,0.4293663480418526,,0.7866792230292622,1,0.4293663480418526,1,HIGH,logistic_regression_synthetic_v0_4_transfer,0.7456781676471622,logistic_regression,v0_4_population_alias_revision,central_calibration_worlds_005_006_rank1_f1_max,0.7866792230292622
15-47696,15-52664,2015-03-30,2015-04-08,SIRET:12000601000058,RAW_SIRET,0.2956636005256242,2015-09-30,5.7490144546649145,0.0418309242225142,0.8461860645636888,1.0,1.0,0.7066228536529195,,0.9951448390967572,1,0.4389228745889888,4,HIGH,logistic_regression_synthetic_v0_4_transfer,0.7456781676471622,logistic_regression,v0_4_population_alias_revision,central_calibration_worlds_005_006_rank1_f1_max,0.9951448390967572
15-48624,16-49315,2015-03-31,2016-04-05,NAME:rectorat de l academie de nantes,NAME_FALLBACK,12.187910643889618,2016-03-31,0.164257555847569,0.9726237406920718,0.0800239965818713,0.1,0.6,0.3611643339766729,,0.9657754036981512,1,0.3611643339766729,1,HIGH,logistic_regression_synthetic_v0_4_transfer,0.7456781676471622,logistic_regression,v0_4_population_alias_revision,central_calibration_worlds_005_006_rank1_f1_max,0.9657754036981512
15-49442,15-91934,2015-04-09,2015-09-28,NAME:ville de saumur,NAME_FALLBACK,5.650459921156373,2015-10-09,0.3613666228646517,0.939772229522558,0.1441017440269069,0.1,0.6,0.3753786677900569,,0.8096502254609839,1,0.2170770397174911,2,HIGH,logistic_regression_synthetic_v0_4_transfer,0.7456781676471622,logistic_regression,v0_4_population_alias_revision,central_calibration_worlds_005_006_rank1_f1_max,0.8096502254609839
15-53947,15-140619,2015-04-10,2015-09-14,NAME:commune de saint-herblain,NAME_FALLBACK,5.157687253613666,2015-10-10,0.8541392904073587,0.8576434515987735,0.1564301478553396,0.2,0.6,0.3891614146490622,,0.7483860288418706,2,0.0084953954573356,5,POTENTIAL,logistic_regression_synthetic_v0_4_transfer,0.7456781676471622,logistic_regression,v0_4_population_alias_revision,central_calibration_worlds_005_006_rank1_f1_max,0.7483860288418706
15-58213,16-16005,2015-04-17,2016-02-03,NAME:ville d orvault,NAME_FALLBACK,9.592641261498027,2015-10-17,3.580814717477004,0.403197547087166,0.0736103220314869,0.1,0.6,0.2165629994828119,,0.8308160289359234,1,0.2165629994828119,1,HIGH,logistic_regression_synthetic_v0_4_transfer,0.7456781676471622,logistic_regression,v0_4_population_alias_revision,central_calibration_worlds_005_006_rank1_f1_max,0.8308160289359234
15-58339,15-175690,2015-04-17,2015-11-20,NAME:cnieg,NAME_FALLBACK,7.128777923784494,2016-02-06,2.562417871222076,0.5729303547963207,0.2714421172258746,1.0,0.6,0.5982373297281363,,0.99912786837695,1,0.0788879626340282,5,HIGH,logistic_regression_synthetic_v0_4_transfer,0.7456781676471622,logistic_regression,v0_4_population_alias_revision,central_calibration_worlds_005_006_rank1_f1_max,0.99912786837695
15-58971,16-36754,2015-04-17,2016-03-15,NAME:cci de maine et loire,NAME_FALLBACK,10.939553219448094,2015-10-17,4.92772667542707,0.1787122207621551,0.1235279158691149,0.1,0.6,0.177912825744729,,0.8311795506698443,1,0.177912825744729,1,HIGH,logistic_regression_synthetic_v0_4_transfer,0.7456781676471622,logistic_regression,v0_4_population_alias_revision,central_calibration_worlds_005_006_rank1_f1_max,0.8311795506698443
15-58989,15-105085,2015-04-17,2015-07-07,NAME:ccir pays de la loire,NAME_FALLBACK,2.6609724047306176,2015-10-17,3.350854139290407,0.4415243101182654,0.0360290411772068,1.0,0.6,0.4829912419415887,,0.996933734694048,1,0.1811249667257728,2,HIGH,logistic_regression_synthetic_v0_4_transfer,0.7456781676471622,logistic_regression,v0_4_population_alias_revision,central_calibration_worlds_005_006_rank1_f1_max,0.996933734694048
15-59370,15-92216,2015-04-20,2015-06-16,NAME:chu de nantes,NAME_FALLBACK,1.8725361366622864,2015-10-20,4.139290407358739,0.3101182654402102,0.0670171420123232,1.0,0.6,0.4609855660643657,,0.9832864452079043,1,0.0172598090061074,11,POTENTIAL,logistic_regression_synthetic_v0_4_transfer,0.7456781676471622,logistic_regression,v0_4_population_alias_revision,central_calibration_worlds_005_006_rank1_f1_max,0.9832864452079043
15-59425,16-55322,2015-04-20,2016-04-18,NAME:conseil general de loire-atlantique,NAME_FALLBACK,11.957950065703022,2016-04-16,0.0657030223390276,0.9890494962768288,0.0333827009364599,0.1,0.6,0.3489463193969681,,0.8776011070261731,1,0.0252868782931748,10,POTENTIAL,logistic_regression_synthetic_v0_4_transfer,0.7456781676471622,logistic_regression,v0_4_population_alias_revision,central_calibration_worlds_005_006_rank1_f1_max,0.8776011070261731
15-59556,16-55322,2015-04-20,2016-04-18,NAME:conseil general de loire-atlantique,NAME_FALLBACK,11.957950065703022,2016-01-31,2.562417871222076,0.5729303547963207,0.0537593435257268,0.1,0.6,0.2520483589330845,,0.8399375892392702,6,0.0032614804118622,7,POTENTIAL,logistic_regression_synthetic_v0_4_transfer,0.7456781676471622,logistic_regression,v0_4_population_alias_revision,central_calibration_worlds_005_006_rank1_f1_max,0.8399375892392702
15-59770,15-63856,2015-04-20,2015-04-24,NAME:cap atlantique,NAME_FALLBACK,0.1314060446780552,2015-10-20,5.88042049934297,0.0199299167761717,0.9891261286248632,1.0,0.6,0.7111766242127451,,0.9993267606833526,1,0.4456500771263847,2,HIGH,logistic_regression_synthetic_v0_4_transfer,0.7456781676471622,logistic_regression,v0_4_population_alias_revision,central_calibration_worlds_005_006_rank1_f1_max,0.9993267606833526
15-60447,15-126308,2015-04-20,2015-08-13,NAME:sdis 44,NAME_FALLBACK,3.7779237844940874,2015-10-20,2.2339027595269383,0.6276828734121769,0.7435029661301509,1.0,0.6,0.777146756498597,,0.9991138054229245,1,0.4430474703119413,3,HIGH,logistic_regression_synthetic_v0_4_transfer,0.7456781676471622,logistic_regression,v0_4_population_alias_revision,central_calibration_worlds_005_006_rank1_f1_max,0.9991138054229245
15-63415,16-10649,2015-04-24,2016-01-25,NAME:sdis 44,NAME_FALLBACK,9.067017082785808,2015-10-24,3.055190538764783,0.4908015768725361,0.3745052013651243,0.1,0.6,0.3437772146959275,,0.8562630272211006,2,0.0476123778058659,2,POTENTIAL,logistic_regression_synthetic_v0_4_transfer,0.7456781676471622,logistic_regression,v0_4_population_alias_revision,central_calibration_worlds_005_006_rank1_f1_max,0.8562630272211006
15-67480,16-39068,2015-05-04,2016-03-17,NAME:syndicat departemental d energie,NAME_FALLBACK,10.446780551905388,2015-11-04,4.402102496714849,0.2663162505475251,0.2343824791942837,0.1,0.6,0.2386129303548805,,0.972440423144333,1,0.0040123154490812,2,POTENTIAL,logistic_regression_synthetic_v0_4_transfer,0.7456781676471622,logistic_regression,v0_4_population_alias_revision,central_calibration_worlds_005_006_rank1_f1_max,0.972440423144333
15-71156,16-98698,2015-05-07,2016-07-03,SIRET:19490970100303,RAW_SIRET,13.896189224704337,2016-04-20,2.431011826544021,0.5948313622426631,0.0,0.2,1.0,0.3087078405606658,,0.8100013924411168,2,0.034034507588233,3,POTENTIAL,logistic_regression_synthetic_v0_4_transfer,0.7456781676471622,logistic_regression,v0_4_population_alias_revision,central_calibration_worlds_005_006_rank1_f1_max,0.8100013924411168
15-74284,16-55322,2015-05-15,2016-04-18,NAME:conseil general de loire-atlantique,NAME_FALLBACK,11.136662286465176,2016-04-28,0.328515111695138,0.9452474813841436,0.0617886701867359,0.1,0.6,0.3479379049113935,,0.8453832209207724,1,0.023341866820681,10,POTENTIAL,logistic_regression_synthetic_v0_4_transfer,0.7456781676471622,logistic_regression,v0_4_population_alias_revision,central_calibration_worlds_005_006_rank1_f1_max,0.8453832209207724
15-75567,15-159244,2015-05-19,2015-10-23,NAME:nantes metropole,NAME_FALLBACK,5.157687253613666,2015-11-19,0.8869908015768725,0.8521681997371879,0.2673613902621611,1.0,0.6,0.6666185365260533,,0.9990744269242935,1,0.2364477886419017,19,HIGH,logistic_regression_synthetic_v0_4_transfer,0.7456781676471622,logistic_regression,v0_4_population_alias_revision,central_calibration_worlds_005_006_rank1_f1_max,0.9990744269242935
15-78916,16-72442,2015-05-22,2016-05-22,NAME:chu de nantes,NAME_FALLBACK,12.02365308804205,2015-11-22,5.978975032851511,0.0035041611914148,0.1447018576641215,0.8,0.6,0.3515216904802962,,0.9891857977488783,1,0.0302498263118499,10,POTENTIAL,logistic_regression_synthetic_v0_4_transfer,0.7456781676471622,logistic_regression,v0_4_population_alias_revision,central_calibration_worlds_005_006_rank1_f1_max,0.9891857977488783
15-79099,16-40003,2015-05-26,2016-03-21,SIRET:12000601000058,RAW_SIRET,9.85545335085414,2015-11-26,3.8107752956636,0.3648707840560666,0.0755261864994822,0.2,1.0,0.2776518612888354,,0.8940764730611687,2,0.0690062726995839,2,HIGH,logistic_regression_synthetic_v0_4_transfer,0.7456781676471622,logistic_regression,v0_4_population_alias_revision,central_calibration_worlds_005_006_rank1_f1_max,0.8940764730611687
15-81386,16-42170,2015-05-28,2016-03-24,NAME:gpm de nantes - st nazaire,NAME_FALLBACK,9.888304862023652,2015-11-28,3.843626806833114,0.3593955321944809,0.9315141171740462,1.0,0.6,0.7758788240595365,,0.9997340047588036,1,0.5312282765777303,4,HIGH,logistic_regression_synthetic_v0_4_transfer,0.7456781676471622,logistic_regression,v0_4_population_alias_revision,central_calibration_worlds_005_006_rank1_f1_max,0.9997340047588036
15-81652,16-7903,2015-05-29,2016-01-19,NAME:ecole des mines de nantes,NAME_FALLBACK,7.720105124835742,2015-11-29,1.6754270696452036,0.7207621550591328,0.3114676232682308,0.1,0.6,0.3792042069086639,,0.8163357172016613,1,0.0104259051686987,4,POTENTIAL,logistic_regression_synthetic_v0_4_transfer,0.7456781676471622,logistic_regression,v0_4_population_alias_revision,central_calibration_worlds_005_006_rank1_f1_max,0.8163357172016613
15-82604,16-40204,2015-06-01,2016-03-22,NAME:ch le mans,NAME_FALLBACK,9.69119579500657,2015-11-01,4.664914586070959,0.22251423565484,0.5749275243277615,1.0,0.6,0.6168531924284264,,0.9993945117117135,1,0.2048843811343954,5,HIGH,logistic_regression_synthetic_v0_4_transfer,0.7456781676471622,logistic_regression,v0_4_population_alias_revision,central_calibration_worlds_005_006_rank1_f1_max,0.9993945117117135
15-83632,15-92216,2015-06-03,2015-06-16,NAME:chu de nantes,NAME_FALLBACK,0.4270696452036793,2015-12-03,5.5847568988173455,0.0692071835304424,0.9777097698947343,1.0,0.6,0.7195002153457675,,0.988905249108459,1,0.3920639755627236,9,HIGH,logistic_regression_synthetic_v0_4_transfer,0.7456781676471622,logistic_regression,v0_4_population_alias_revision,central_calibration_worlds_005_006_rank1_f1_max,0.988905249108459
15-85320,15-194034,2015-06-04,2015-12-30,NAME:ministere des affaires etrangeres,NAME_FALLBACK,6.865965834428383,2015-12-04,0.8541392904073587,0.8576434515987735,0.086179815357621,1.0,0.6,0.6045737982748607,,0.9999291166578366,1,0.1700605102586397,3,HIGH,logistic_regression_synthetic_v0_4_transfer,0.7456781676471622,logistic_regression,v0_4_population_alias_revision,central_calibration_worlds_005_006_rank1_f1_max,0.9999291166578366
15-85858,16-70203,2015-06-05,2016-05-17,NAME:universite de nantes,NAME_FALLBACK,11.399474375821288,2016-05-06,0.3613666228646517,0.939772229522558,0.1597520037124367,1.0,0.6,0.6508562586799924,,0.9994999269873732,1,0.0279612538308151,13,POTENTIAL,logistic_regression_synthetic_v0_4_transfer,0.7456781676471622,logistic_regression,v0_4_population_alias_revision,central_calibration_worlds_005_006_rank1_f1_max,0.9994999269873732
15-86193,16-2845,2015-06-05,2016-01-11,NAME:ville de nantes,NAME_FALLBACK,7.227332457293035,2015-12-05,1.2155059132720103,0.7974156811213315,0.0302870178612821,0.1,0.6,0.2999543765317816,,0.9307579449961304,2,0.0342571518363222,8,POTENTIAL,logistic_regression_synthetic_v0_4_transfer,0.7456781676471622,logistic_regression,v0_4_population_alias_revision,central_calibration_worlds_005_006_rank1_f1_max,0.9307579449961304
15-86218,15-95253,2015-06-05,2015-06-22,NAME:chu de nantes,NAME_FALLBACK,0.5584756898817346,2015-11-05,4.467805519053877,0.2553657468243538,0.9824713989585664,1.0,0.6,0.7677064263415867,,0.9942823658586052,1,0.4551368822876582,7,HIGH,logistic_regression_synthetic_v0_4_transfer,0.7456781676471622,logistic_regression,v0_4_population_alias_revision,central_calibration_worlds_005_006_rank1_f1_max,0.9942823658586052
15-86342,16-63741,2015-06-05,2016-05-05,NAME:conseil general de loire-atlantique,NAME_FALLBACK,11.00525624178712,2016-05-21,0.5256241787122208,0.9123959702146298,0.2282287432313073,1.0,0.6,0.667979052684615,,0.9996460588792037,1,0.3640634197521137,10,HIGH,logistic_regression_synthetic_v0_4_transfer,0.7456781676471622,logistic_regression,v0_4_population_alias_revision,central_calibration_worlds_005_006_rank1_f1_max,0.9996460588792037
15-90549,16-76661,2015-06-15,2016-05-26,NAME:concarneau cornouaille agglomeration,NAME_FALLBACK,11.366622864651774,2015-12-15,5.354796320630749,0.1075339465615418,0.0385109870838712,0.1,0.6,0.1303623321197404,,0.793369792531174,2,0.2231945679396354,2,HIGH,logistic_regression_synthetic_v0_4_transfer,0.7456781676471622,logistic_regression,v0_4_population_alias_revision,central_calibration_worlds_005_006_rank1_f1_max,0.793369792531174
15-91934,16-37530,2015-09-28,2016-03-18,NAME:ville de saumur,NAME_FALLBACK,5.650459921156373,2016-05-18,2.0039421813403417,0.6660096364432764,0.2053779003552414,0.4,0.6,0.4183846742351536,,0.8139754269623187,1,0.4183846742351536,1,HIGH,logistic_regression_synthetic_v0_4_transfer,0.7456781676471622,logistic_regression,v0_4_population_alias_revision,central_calibration_worlds_005_006_rank1_f1_max,0.8139754269623187
15-92216,16-72442,2015-06-16,2016-05-22,NAME:chu de nantes,NAME_FALLBACK,11.202365308804204,2015-12-16,5.19053876478318,0.13491020586947,0.0149077767562611,0.6,0.6,0.2789452733320589,,0.9469134533488642,4,0.0110572763700609,7,POTENTIAL,logistic_regression_synthetic_v0_4_transfer,0.7456781676471622,logistic_regression,v0_4_population_alias_revision,central_calibration_worlds_005_006_rank1_f1_max,0.9469134533488642
15-96106,16-577,2015-06-24,2016-01-04,NAME:cnieg,NAME_FALLBACK,6.3731931668856765,2016-02-07,1.1169513797634691,0.8138414367060884,0.3125343882744779,0.1,0.6,0.4028473950725894,,0.7610609082101534,1,0.0129625488108127,5,POTENTIAL,logistic_regression_synthetic_v0_4_transfer,0.7456781676471622,logistic_regression,v0_4_population_alias_revision,central_calibration_worlds_005_006_rank1_f1_max,0.7610609082101534
15-96870,15-174987,2015-06-25,2015-11-18,NAME:angers loire metropole,NAME_FALLBACK,4.796320630749015,2015-12-25,1.2155059132720103,0.7974156811213315,0.0376112904268474,1.0,0.6,0.5725178719297295,,0.9967411087610673,1,0.0269964749940465,11,POTENTIAL,logistic_regression_synthetic_v0_4_transfer,0.7456781676471622,logistic_regression,v0_4_population_alias_revision,central_calibration_worlds_005_006_rank1_f1_max,0.9967411087610673
15-97256,16-2845,2015-06-25,2016-01-11,NAME:ville de nantes,NAME_FALLBACK,6.570302233902759,2015-12-25,0.5584756898817346,0.9069207183530442,0.0128948203164761,0.1,0.6,0.3212433666990277,,0.9397840823721756,3,0.0122767246781577,7,POTENTIAL,logistic_regression_synthetic_v0_4_transfer,0.7456781676471622,logistic_regression,v0_4_population_alias_revision,central_calibration_worlds_005_006_rank1_f1_max,0.9397840823721756
15-98976,15-194034,2015-06-29,2015-12-30,NAME:ministere des affaires etrangeres,NAME_FALLBACK,6.044678055190539,2015-12-29,0.0328515111695138,0.9945247481384144,0.0431918263272678,1.0,0.6,0.6237483262491474,,0.9999376611790459,1,0.3684411473633363,2,HIGH,logistic_regression_synthetic_v0_4_transfer,0.7456781676471622,logistic_regression,v0_4_population_alias_revision,central_calibration_worlds_005_006_rank1_f1_max,0.9999376611790459
16-100426,17-139193,2016-07-07,2017-10-04,NAME:angers loire metropole,NAME_FALLBACK,14.914586070959263,2017-06-21,3.4494086727989486,0.4250985545335085,0.0229839672596979,0.4,0.6,0.2943190271742714,,0.8850741506958848,1,0.0060800100064014,10,POTENTIAL,logistic_regression_synthetic_v0_4_transfer,0.7456781676471622,logistic_regression,v0_4_population_alias_revision,central_calibration_worlds_005_006_rank1_f1_max,0.8850741506958848
16-101519,17-114542,2016-07-07,2017-08-09,NAME:commune de saint jean de monts,NAME_FALLBACK,13.074901445466493,2017-03-13,4.894875164257556,0.1841874726237407,0.0074946163841662,0.1,0.6,0.1386699838903933,,0.8712686397407648,1,0.0274759167290421,2,POTENTIAL,logistic_regression_synthetic_v0_4_transfer,0.7456781676471622,logistic_regression,v0_4_population_alias_revision,central_calibration_worlds_005_006_rank1_f1_max,0.8712686397407648
16-105530,17-175897,2016-07-15,2017-12-15,NAME:conseil departemental de la mayenne,NAME_FALLBACK,17.017082785808146,2017-07-03,5.4204993429697765,0.0965834428383706,0.0200866327972198,0.1,0.6,0.1211761821886196,,0.9267146559753616,4,0.1016566681908598,4,HIGH,logistic_regression_synthetic_v0_4_transfer,0.7456781676471622,logistic_regression,v0_4_population_alias_revision,central_calibration_worlds_005_006_rank1_f1_max,0.9267146559753616
16-106116,16-176618,2016-07-13,2016-12-09,NAME:ville d orvault,NAME_FALLBACK,4.894875164257556,2017-01-13,1.149802890932983,0.8083661848445028,0.4278428804754459,0.1,0.6,0.4418365543775317,,0.9176335394760327,2,0.0827933522216617,8,HIGH,logistic_regression_synthetic_v0_4_transfer,0.7456781676471622,logistic_regression,v0_4_population_alias_revision,central_calibration_worlds_005_006_rank1_f1_max,0.9176335394760327
16-106204,17-105380,2016-07-15,2017-07-21,NAME:universite de nantes,NAME_FALLBACK,12.187910643889618,2017-04-25,2.8580814717477003,0.52365308804205,0.0610823990671797,0.1,0.6,0.2422921116840254,,0.8166175080684559,4,0.0487659023213105,8,POTENTIAL,logistic_regression_synthetic_v0_4_transfer,0.7456781676471622,logistic_regression,v0_4_population_alias_revision,central_calibration_worlds_005_006_rank1_f1_max,0.8166175080684559
16-107267,17-156331,2016-07-23,2017-11-07,NAME:commune de saint-nazaire,NAME_FALLBACK,15.505913272010512,2017-05-16,5.7490144546649145,0.0418309242225142,0.2206832931997288,0.1,0.6,0.1776968836755336,,0.8414604222153695,8,0.0230197403434239,8,POTENTIAL,logistic_regression_synthetic_v0_4_transfer,0.7456781676471622,logistic_regression,v0_4_population_alias_revision,central_calibration_worlds_005_006_rank1_f1_max,0.8414604222153695
16-10778,17-93952,2016-01-22,2017-07-05,NAME:gie sesam vitale,NAME_FALLBACK,17.41130091984231,2017-05-09,1.8725361366622864,0.687910643889619,0.1818266211031314,0.2,0.6,0.3556169783585007,,0.8633110337193266,2,0.041259019585904,7,POTENTIAL,logistic_regression_synthetic_v0_4_transfer,0.7456781676471622,logistic_regression,v0_4_population_alias_revision,central_calibration_worlds_005_006_rank1_f1_max,0.8633110337193266
16-108313,17-65610,2016-07-19,2017-05-11,NAME:cesame - ch de sainte gemmes sur loire,NAME_FALLBACK,9.724047306176084,2017-01-19,3.679369250985545,0.3867717915024091,0.1707683930226351,0.1,0.6,0.2464618854335245,,0.825730435639305,1,0.1144326223368778,2,HIGH,logistic_regression_synthetic_v0_4_transfer,0.7456781676471622,logistic_regression,v0_4_population_alias_revision,central_calibration_worlds_005_006_rank1_f1_max,0.825730435639305
16-108742,17-20203,2016-07-20,2017-02-10,NAME:cap atlantique,NAME_FALLBACK,6.734559789750328,2017-01-20,0.6898817345597897,0.8850197109067017,0.0341058781856739,0.1,0.6,0.3231919850916613,,0.8209316626099773,1,0.1136967236839595,2,HIGH,logistic_regression_synthetic_v0_4_transfer,0.7456781676471622,logistic_regression,v0_4_population_alias_revision,central_calibration_worlds_005_006_rank1_f1_max,0.8209316626099773
16-109275,17-46886,2016-07-22,2017-04-06,NAME:agence regionale pays de la loire ti,NAME_FALLBACK,8.47568988173456,2017-01-22,2.431011826544021,0.5948313622426631,0.6678379109059637,0.1,0.6,0.472451109377753,,0.8789241445065996,1,0.0957551828227146,3,HIGH,logistic_regression_synthetic_v0_4_transfer,0.7456781676471622,logistic_regression,v0_4_population_alias_revision,central_calibration_worlds_005_006_rank1_f1_max,0.8789241445065996
16-110202,17-129931,2016-07-25,2017-09-17,NAME:cmar pays de la loire,NAME_FALLBACK,13.76478318002628,2017-07-17,2.0367936925098555,0.6605343845816907,0.1246707629615772,0.1,0.6,0.2987683631819747,,0.9622427561481379,1,0.2987683631819747,1,HIGH,logistic_regression_synthetic_v0_4_transfer,0.7456781676471622,logistic_regression,v0_4_population_alias_revision,central_calibration_worlds_005_006_rank1_f1_max,0.9622427561481379
16-111174,17-3293,2016-07-25,2017-01-09,NAME:o p h le mans habitat,NAME_FALLBACK,5.519053876478318,2017-01-25,0.5256241787122208,0.9123959702146298,0.0033246497468941,0.1,0.6,0.3192626199650704,,0.7953039578086336,1,0.3192626199650704,1,HIGH,logistic_regression_synthetic_v0_4_transfer,0.7456781676471622,logistic_regression,v0_4_population_alias_revision,central_calibration_worlds_005_006_rank1_f1_max,0.7953039578086336
16-11249,17-83585,2016-01-29,2017-06-15,NAME:montrevault-sur-evre,NAME_FALLBACK,16.52431011826544,2017-01-07,5.223390275952694,0.1294349540078844,0.4037113499949487,0.1,0.6,0.2636577110002031,,0.9531350524951482,1,0.0459978262343171,3,POTENTIAL,logistic_regression_synthetic_v0_4_transfer,0.7456781676471622,logistic_regression,v0_4_population_alias_revision,central_calibration_worlds_005_006_rank1_f1_max,0.9531350524951482
16-118057,16-118029,2016-08-07,2016-08-10,NAME:conseil general de loire-atlantique,NAME_FALLBACK,0.0985545335085413,2016-12-07,3.9093298291721417,0.3484450284713097,0.9999999999999998,1.0,0.6,0.7971112571178274,,0.9977253943954489,1,0.7971112571178274,1,HIGH,logistic_regression_synthetic_v0_4_transfer,0.7456781676471622,logistic_regression,v0_4_population_alias_revision,central_calibration_worlds_005_006_rank1_f1_max,0.9977253943954489
16-119669,17-90968,2016-08-12,2017-07-01,NAME:conseil departemental de la mayenne,NAME_FALLBACK,10.611038107752956,2017-03-17,3.4822601839684624,0.4196233026719229,0.8211773870450615,1.0,0.6,0.7523179111337523,,0.9998345555353835,1,0.6073123906867625,2,HIGH,logistic_regression_synthetic_v0_4_transfer,0.7456781676471622,logistic_regression,v0_4_population_alias_revision,central_calibration_worlds_005_006_rank1_f1_max,0.9998345555353835
16-123498,17-25915,2016-08-22,2017-02-22,NAME:chu de nantes,NAME_FALLBACK,6.044678055190539,2017-02-22,0.0,1.0,0.1872289743296681,1.0,0.6,0.6755301410153838,,0.9986246780139006,1,0.2059097676081949,11,HIGH,logistic_regression_synthetic_v0_4_transfer,0.7456781676471622,logistic_regression,v0_4_population_alias_revision,central_calibration_worlds_005_006_rank1_f1_max,0.9986246780139006
16-124376,17-71849,2016-08-23,2017-05-24,NAME:conseil regional des pays de la loire,NAME_FALLBACK,9.00131406044678,2017-06-20,0.8869908015768725,0.8521681997371879,0.1437157458051361,0.8,0.6,0.5633425609660947,,0.9878764518378382,1,0.1384741935825379,16,HIGH,logistic_regression_synthetic_v0_4_transfer,0.7456781676471622,logistic_regression,v0_4_population_alias_revision,central_calibration_worlds_005_006_rank1_f1_max,0.9878764518378382
16-12477,17-7154,2016-01-27,2017-01-16,NAME:gpm de nantes - st nazaire,NAME_FALLBACK,11.662286465177395,2016-10-09,3.252299605781866,0.4579500657030223,0.028558532091369,0.1,0.6,0.2144830026577347,,0.8151937952802567,2,0.0684283933974101,6,HIGH,logistic_regression_synthetic_v0_4_transfer,0.7456781676471622,logistic_regression,v0_4_population_alias_revision,central_calibration_worlds_005_006_rank1_f1_max,0.8151937952802567
16-127861,17-44864,2016-09-01,2017-03-31,NAME:ville d orvault,NAME_FALLBACK,6.931668856767411,2017-01-01,2.923784494086728,0.5127025843188786,0.8797296996844911,1.0,0.6,0.7960810409692916,,0.9992792007119577,1,0.4715259199229225,7,HIGH,logistic_regression_synthetic_v0_4_transfer,0.7456781676471622,logistic_regression,v0_4_population_alias_revision,central_calibration_worlds_005_006_rank1_f1_max,0.9992792007119577
16-128870,18-6884,2016-09-05,2018-01-16,NAME:chu de nantes,NAME_FALLBACK,16.36005256241787,2017-08-02,5.486202365308804,0.0856329391151993,0.0243718808232617,0.2,0.6,0.1499383930669414,,0.8435023207069811,9,0.0205321944809461,11,POTENTIAL,logistic_regression_synthetic_v0_4_transfer,0.7456781676471622,logistic_regression,v0_4_population_alias_revision,central_calibration_worlds_005_006_rank1_f1_max,0.8435023207069811
16-129697,17-76396,2016-09-05,2017-06-03,NAME:centre hospitalier du nord mayenne,NAME_FALLBACK,8.902759526938238,2017-03-05,2.9566360052562417,0.5072273324572931,0.0218140103639267,0.1,0.6,0.2244417367416976,,0.823810640807106,1,0.2244417367416976,1,HIGH,logistic_regression_synthetic_v0_4_transfer,0.7456781676471622,logistic_regression,v0_4_population_alias_revision,central_calibration_worlds_005_006_rank1_f1_max,0.823810640807106
16-132618,17-91590,2016-09-09,2017-06-28,NAME:universite de nantes,NAME_FALLBACK,9.592641261498027,2017-06-22,0.1971090670170827,0.9671484888304862,0.0094718821542505,0.1,0.6,0.3351022809616092,,0.9713423439477168,2,0.0176254270279717,8,POTENTIAL,logistic_regression_synthetic_v0_4_transfer,0.7456781676471622,logistic_regression,v0_4_population_alias_revision,central_calibration_worlds_005_006_rank1_f1_max,0.9713423439477168
16-134501,16-184210,2016-09-15,2016-12-25,NAME:gie sesam vitale,NAME_FALLBACK,3.3180026281208934,2017-03-15,2.628120893561104,0.5619798510731493,0.0359906990796684,1.0,0.6,0.5130917074461713,,0.9951413482614859,1,0.1896313482696491,8,HIGH,logistic_regression_synthetic_v0_4_transfer,0.7456781676471622,logistic_regression,v0_4_population_alias_revision,central_calibration_worlds_005_006_rank1_f1_max,0.9951413482614859
16-136057,16-166758,2016-09-19,2016-11-17,NAME:ville du mans,NAME_FALLBACK,1.938239159001314,2017-03-24,4.1721419185282524,0.3046430135786245,0.2193066575327019,1.0,0.6,0.5129180835311018,,0.9960575319687018,1,0.1863874686821803,2,HIGH,logistic_regression_synthetic_v0_4_transfer,0.7456781676471622,logistic_regression,v0_4_population_alias_revision,central_calibration_worlds_005_006_rank1_f1_max,0.9960575319687018
16-136139,17-140377,2016-09-19,2017-10-05,NAME:conseil regional des pays de la loire,NAME_FALLBACK,12.516425755584756,2017-10-05,0.0,1.0,0.0192518088047654,0.4,0.6,0.4367381330816679,,0.7610720091545227,2,0.0916280517628349,19,HIGH,logistic_regression_synthetic_v0_4_transfer,0.7456781676471622,logistic_regression,v0_4_population_alias_revision,central_calibration_worlds_005_006_rank1_f1_max,0.7610720091545227
16-137769,17-73536,2016-09-21,2017-05-26,NAME:nantes metropole,NAME_FALLBACK,8.114323258869907,2017-03-21,2.1681997371879107,0.6386333771353483,0.0450570410149163,0.1,0.6,0.2654283086390577,,0.7810214067530893,8,0.0030886117763644,17,POTENTIAL,logistic_regression_synthetic_v0_4_transfer,0.7456781676471622,logistic_regression,v0_4_population_alias_revision,central_calibration_worlds_005_006_rank1_f1_max,0.7810214067530893
16-139147,18-26430,2016-09-25,2018-02-25,NAME:gie sesam vitale,NAME_FALLBACK,17.017082785808146,2018-01-05,1.6754270696452036,0.7207621550591328,0.1502519792252408,0.2,0.6,0.3527787314936175,,0.9823342287739827,2,0.0422788621205925,5,POTENTIAL,logistic_regression_synthetic_v0_4_transfer,0.7456781676471622,logistic_regression,v0_4_population_alias_revision,central_calibration_worlds_005_006_rank1_f1_max,0.9823342287739827
16-139386,17-175897,2016-09-28,2017-12-15,NAME:conseil departemental de la mayenne,NAME_FALLBACK,14.553219448094612,2017-06-30,5.519053876478318,0.0801576872536137,0.0175260294833983,0.1,0.6,0.1161735321325928,,0.8632517611513286,4,0.0825171947684852,4,HIGH,logistic_regression_synthetic_v0_4_transfer,0.7456781676471622,logistic_regression,v0_4_population_alias_revision,central_calibration_worlds_005_006_rank1_f1_max,0.8632517611513286
16-142611,16-176618,2016-09-30,2016-12-09,NAME:ville d orvault,NAME_FALLBACK,2.299605781865966,2017-03-30,3.6465177398160313,0.3922470433639947,0.0455999577960026,1.0,0.6,0.4740217460695996,,0.9990902355793665,1,0.1341356313083206,6,HIGH,logistic_regression_synthetic_v0_4_transfer,0.7456781676471622,logistic_regression,v0_4_population_alias_revision,central_calibration_worlds_005_006_rank1_f1_max,0.9990902355793665
16-145577,17-51018,2016-10-06,2017-04-11,NAME:montrevault-sur-evre,NAME_FALLBACK,6.14323258869908,2017-04-06,0.164257555847569,0.9726237406920718,0.1287905368739536,0.1,0.6,0.3782326230789017,,0.8353813651559248,1,0.124838642388981,2,HIGH,logistic_regression_synthetic_v0_4_transfer,0.7456781676471622,logistic_regression,v0_4_population_alias_revision,central_calibration_worlds_005_006_rank1_f1_max,0.8353813651559248
16-148980,17-135696,2016-10-13,2017-09-26,NAME:departement de la vendee,NAME_FALLBACK,11.4323258869908,2017-09-02,0.7884362680683311,0.8685939553219448,0.0083102067964082,0.4,0.6,0.400057061209229,,0.9321591682042427,1,0.1065603105496765,5,HIGH,logistic_regression_synthetic_v0_4_transfer,0.7456781676471622,logistic_regression,v0_4_population_alias_revision,central_calibration_worlds_005_006_rank1_f1_max,0.9321591682042427
16-15282,16-54252,2016-02-02,2016-04-15,NAME:montrevault-sur-evre,NAME_FALLBACK,2.3981603153745072,2016-08-02,3.580814717477004,0.403197547087166,0.914105970764026,1.0,0.6,0.7807364765392006,,0.9998037192651883,1,0.2388003634021769,2,HIGH,logistic_regression_synthetic_v0_4_transfer,0.7456781676471622,logistic_regression,v0_4_population_alias_revision,central_calibration_worlds_005_006_rank1_f1_max,0.9998037192651883
16-153330,18-122376,2016-10-26,2018-08-31,NAME:nantes metropole,NAME_FALLBACK,22.141918528252297,2018-08-04,0.8869908015768725,0.8521681997371879,0.0069411971492463,0.1,0.6,0.3054714689365332,,0.9184269507937549,2,0.0366239142548941,24,POTENTIAL,logistic_regression_synthetic_v0_4_transfer,0.7456781676471622,logistic_regression,v0_4_population_alias_revision,central_calibration_worlds_005_006_rank1_f1_max,0.9184269507937549
16-153372,17-53291,2016-10-20,2017-04-14,NAME:rectorat de l academie de nantes,NAME_FALLBACK,5.781865965834428,2017-04-20,0.1971090670170827,0.9671484888304862,0.0592508914176206,0.1,0.6,0.3525249342037888,,0.8302145783370863,1,0.3525249342037888,1,HIGH,logistic_regression_synthetic_v0_4_transfer,0.7456781676471622,logistic_regression,v0_4_population_alias_revision,central_calibration_worlds_005_006_rank1_f1_max,0.8302145783370863
16-153632,17-54861,2016-10-20,2017-04-21,NAME:ville d orvault,NAME_FALLBACK,6.011826544021025,2017-04-20,0.0328515111695138,0.9945247481384144,0.0045171384665991,0.1,0.6,0.3402121854979133,,0.7706045510493812,1,0.0198477481857629,4,POTENTIAL,logistic_regression_synthetic_v0_4_transfer,0.7456781676471622,logistic_regression,v0_4_population_alias_revision,central_calibration_worlds_005_006_rank1_f1_max,0.7706045510493812
16-153795,17-94724,2016-10-26,2017-07-09,NAME:commune de saint-nazaire,NAME_FALLBACK,8.409986859395532,2017-05-28,1.3797634691195797,0.7700394218134035,0.33832444340487,0.4,0.6,0.4909234106450553,,0.8025303403424913,1,0.1433771945015485,9,HIGH,logistic_regression_synthetic_v0_4_transfer,0.7456781676471622,logistic_regression,v0_4_population_alias_revision,central_calibration_worlds_005_006_rank1_f1_max,0.8025303403424913
16-155186,17-61199,2016-10-26,2017-05-04,NAME:vendee expansion,NAME_FALLBACK,6.241787122207621,2017-04-26,0.2628120893561104,0.9561979851073148,0.0186916783286388,1.0,0.6,0.6055915836918524,,0.9994629209875961,2,0.0090613701420612,3,POTENTIAL,logistic_regression_synthetic_v0_4_transfer,0.7456781676471622,logistic_regression,v0_4_population_alias_revision,central_calibration_worlds_005_006_rank1_f1_max,0.9994629209875961
16-16005,16-142611,2016-02-03,2016-09-30,NAME:ville d orvault,NAME_FALLBACK,7.884362680683311,2016-08-03,1.9053876478318,0.6824353920280333,0.2735631687713378,0.1,0.6,0.3563559570769765,,0.9508954221081583,2,0.0558161635938754,7,HIGH,logistic_regression_synthetic_v0_4_transfer,0.7456781676471622,logistic_regression,v0_4_population_alias_revision,central_calibration_worlds_005_006_rank1_f1_max,0.9508954221081583
16-16627,17-69162,2016-02-04,2017-05-17,NAME:le mans metropole - communaute urbaine,NAME_FALLBACK,15.374507227332456,2017-06-19,1.0840998685939554,0.8193166885676741,0.0,0.2,0.6,0.3248291721419185,,0.8719696433758192,1,0.0664849108121125,3,HIGH,logistic_regression_synthetic_v0_4_transfer,0.7456781676471622,logistic_regression,v0_4_population_alias_revision,central_calibration_worlds_005_006_rank1_f1_max,0.8719696433758192
16-166758,17-82963,2016-11-17,2017-06-14,NAME:ville du mans,NAME_FALLBACK,6.865965834428383,2017-04-30,1.4783180026281209,0.7536136662286466,0.2302065842676392,0.4,0.6,0.4489757210508353,,0.8796844577211189,1,0.4489757210508353,1,HIGH,logistic_regression_synthetic_v0_4_transfer,0.7456781676471622,logistic_regression,v0_4_population_alias_revision,central_calibration_worlds_005_006_rank1_f1_max,0.8796844577211189
16-167180,17-61199,2016-11-20,2017-05-04,NAME:vendee expansion,NAME_FALLBACK,5.4204993429697765,2017-06-30,1.8725361366622864,0.687910643889619,0.3878025628224816,1.0,0.6,0.6677085579602733,,0.9993565664127281,1,0.2271585494691431,2,HIGH,logistic_regression_synthetic_v0_4_transfer,0.7456781676471622,logistic_regression,v0_4_population_alias_revision,central_calibration_worlds_005_006_rank1_f1_max,0.9993565664127281
16-170106,17-176560,2016-11-24,2017-12-17,NAME:sdis de la mayenne,NAME_FALLBACK,12.746386333771351,2017-08-22,3.843626806833114,0.3593955321944809,0.4162740549826223,0.6,0.6,0.4755448022925381,,0.9922086270886649,1,0.0782345257107109,2,HIGH,logistic_regression_synthetic_v0_4_transfer,0.7456781676471622,logistic_regression,v0_4_population_alias_revision,central_calibration_worlds_005_006_rank1_f1_max,0.9922086270886649
16-172610,17-125205,2016-11-30,2017-09-05,NAME:conseil general de la vendee,NAME_FALLBACK,9.165571616294349,2017-11-29,2.7923784494086727,0.5346035917652212,0.3781336094800062,0.8,0.6,0.5659976612593074,,0.9977941986822808,1,0.415273233172834,2,HIGH,logistic_regression_synthetic_v0_4_transfer,0.7456781676471622,logistic_regression,v0_4_population_alias_revision,central_calibration_worlds_005_006_rank1_f1_max,0.9977941986822808
16-175178,18-87166,2016-12-06,2018-06-24,NAME:conseil regional des pays de la loire,NAME_FALLBACK,18.561103810775293,2018-03-14,3.350854139290407,0.4415243101182654,0.0252205862888235,0.1,0.6,0.2092082827306546,,0.9880125435167316,6,0.0372965974393826,12,POTENTIAL,logistic_regression_synthetic_v0_4_transfer,0.7456781676471622,logistic_regression,v0_4_population_alias_revision,central_calibration_worlds_005_006_rank1_f1_max,0.9880125435167316
16-180522,18-101350,2016-12-18,2018-07-20,NAME:universite de nantes,NAME_FALLBACK,19.021024967148488,2018-07-27,0.2299605781865965,0.9616732369689006,0.0203991783114658,0.0,0.6,0.3075580216512382,,0.9325838527387511,1,0.0595968454535287,7,HIGH,logistic_regression_synthetic_v0_4_transfer,0.7456781676471622,logistic_regression,v0_4_population_alias_revision,central_calibration_worlds_005_006_rank1_f1_max,0.9325838527387511
16-182034,17-174760,2016-12-22,2017-12-14,NAME:sdis 44,NAME_FALLBACK,11.727989487516425,2017-09-09,3.1537450722733245,0.4743758212877792,0.6868129781835746,1.0,0.6,0.7189784976861959,,0.9998299378100509,1,0.3739985894786402,4,HIGH,logistic_regression_synthetic_v0_4_transfer,0.7456781676471622,logistic_regression,v0_4_population_alias_revision,central_calibration_worlds_005_006_rank1_f1_max,0.9998299378100509
16-18277,16-94328,2016-02-05,2016-06-27,NAME:smirgeom est sarthe,NAME_FALLBACK,4.697766097240473,2016-08-05,1.281208935611038,0.7864651773981604,0.0240632989070875,0.1,0.6,0.2950384489670207,,0.9475989190918318,1,0.2950384489670207,1,HIGH,logistic_regression_synthetic_v0_4_transfer,0.7456781676471622,logistic_regression,v0_4_population_alias_revision,central_calibration_worlds_005_006_rank1_f1_max,0.9475989190918318
16-183461,17-155110,2016-12-22,2017-11-03,NAME:commune de nantes,NAME_FALLBACK,10.38107752956636,2017-12-22,1.609724047306176,0.731712658782304,0.7585064200614761,0.1,0.6,0.5384054117170926,,0.9518463895044361,1,0.3166202554184395,2,HIGH,logistic_regression_synthetic_v0_4_transfer,0.7456781676471622,logistic_regression,v0_4_population_alias_revision,central_calibration_worlds_005_006_rank1_f1_max,0.9518463895044361
16-184210,18-26430,2016-12-25,2018-02-25,NAME:gie sesam vitale,NAME_FALLBACK,14.027595269382392,2018-04-21,1.8068331143232588,0.6988611476127902,0.0199993108736466,0.2,0.6,0.3017150457089739,,0.9601167624765544,1,0.0300418087400733,4,POTENTIAL,logistic_regression_synthetic_v0_4_transfer,0.7456781676471622,logistic_regression,v0_4_population_alias_revision,central_calibration_worlds_005_006_rank1_f1_max,0.9601167624765544
16-184522,17-12394,2016-12-23,2017-01-26,NAME:sdegm,NAME_FALLBACK,1.1169513797634691,2017-04-23,2.8580814717477003,0.52365308804205,1.0,1.0,0.6,0.8409132720105124,,0.9987441347368582,1,0.8409132720105124,1,HIGH,logistic_regression_synthetic_v0_4_transfer,0.7456781676471622,logistic_regression,v0_4_population_alias_revision,central_calibration_worlds_005_006_rank1_f1_max,0.9987441347368582
16-184750,17-68883,2016-12-28,2017-05-19,NAME:arafer,NAME_FALLBACK,4.664914586070959,2017-06-28,1.314060446780552,0.7809899255365746,0.6812899016760514,1.0,0.6,0.7936989469707616,,0.9994370096536057,1,0.0287450722733244,3,POTENTIAL,logistic_regression_synthetic_v0_4_transfer,0.7456781676471622,logistic_regression,v0_4_population_alias_revision,central_calibration_worlds_005_006_rank1_f1_max,0.9994370096536057
16-18733,16-183509,2016-02-08,2016-12-23,NAME:ccrla,NAME_FALLBACK,10.4796320630749,2016-08-08,4.50065703022339,0.2498904949627682,0.2347279380277744,0.1,0.6,0.2346274020504131,,0.8478913100534983,1,0.2346274020504131,1,HIGH,logistic_regression_synthetic_v0_4_transfer,0.7456781676471622,logistic_regression,v0_4_population_alias_revision,central_calibration_worlds_005_006_rank1_f1_max,0.8478913100534983
16-19242,17-3197,2016-02-09,2017-01-10,NAME:ville de nantes,NAME_FALLBACK,11.038107752956636,2016-08-09,5.059132720105125,0.1568112133158125,0.0211644228615424,0.1,0.6,0.1366103513304929,,0.790714225875928,2,0.1120530674804498,2,HIGH,logistic_regression_synthetic_v0_4_transfer,0.7456781676471622,logistic_regression,v0_4_population_alias_revision,central_calibration_worlds_005_006_rank1_f1_max,0.790714225875928
16-27384,16-43654,2016-03-15,2016-03-29,NAME:mindef dga do s2a,NAME_FALLBACK,0.4599211563731931,2016-08-15,4.566360052562418,0.2389399912395969,0.0984057934992707,1.0,0.6,0.4541770255346439,,0.9935052680637443,1,0.4541770255346439,1,HIGH,logistic_regression_synthetic_v0_4_transfer,0.7456781676471622,logistic_regression,v0_4_population_alias_revision,central_calibration_worlds_005_006_rank1_f1_max,0.9935052680637443
16-2771,16-172610,2016-01-08,2016-11-30,NAME:conseil general de la vendee,NAME_FALLBACK,10.74244415243101,2016-10-18,1.4126149802890933,0.7645641699518178,0.0117933820852789,0.4,0.6,0.375268726217802,,0.9437928231881647,1,0.375268726217802,1,HIGH,logistic_regression_synthetic_v0_4_transfer,0.7456781676471622,logistic_regression,v0_4_population_alias_revision,central_calibration_worlds_005_006_rank1_f1_max,0.9437928231881647
16-27767,17-13004,2016-02-25,2017-01-26,NAME:centre hospitalier de cholet,NAME_FALLBACK,11.038107752956636,2016-08-25,5.059132720105125,0.1568112133158125,0.267869693123869,0.1,0.6,0.2229571959223072,,0.8304867033989899,2,0.0772416746977399,2,HIGH,logistic_regression_synthetic_v0_4_transfer,0.7456781676471622,logistic_regression,v0_4_population_alias_revision,central_calibration_worlds_005_006_rank1_f1_max,0.8304867033989899
16-2845,16-9226,2016-01-11,2016-01-20,NAME:ville de nantes,NAME_FALLBACK,0.2956636005256242,2016-07-11,5.683311432325887,0.0527814279456855,0.9007247039069048,1.0,0.6,0.688449003353838,,0.9991136442939937,1,0.2810678985770682,4,HIGH,logistic_regression_synthetic_v0_4_transfer,0.7456781676471622,logistic_regression,v0_4_population_alias_revision,central_calibration_worlds_005_006_rank1_f1_max,0.9991136442939937
16-30120,16-184210,2016-03-02,2016-12-25,NAME:gie sesam vitale,NAME_FALLBACK,9.789750328515112,2017-05-25,4.960578186596584,0.1732369689005694,0.4458896531712335,1.0,0.6,0.5593706208350739,,0.9988641809327075,1,0.2227746126050122,8,HIGH,logistic_regression_synthetic_v0_4_transfer,0.7456781676471622,logistic_regression,v0_4_population_alias_revision,central_calibration_worlds_005_006_rank1_f1_max,0.9988641809327075
16-32344,17-44607,2016-03-04,2017-04-01,NAME:conseil regional des pays de la loire,NAME_FALLBACK,12.91064388961892,2017-01-14,2.5295663600525624,0.5784056066579062,0.0280384154716392,0.4,0.6,0.3344148470795502,,0.8383981438324012,2,0.0042810851207901,11,POTENTIAL,logistic_regression_synthetic_v0_4_transfer,0.7456781676471622,logistic_regression,v0_4_population_alias_revision,central_calibration_worlds_005_006_rank1_f1_max,0.8383981438324012
16-32977,16-170106,2016-03-08,2016-11-24,NAME:sdis de la mayenne,NAME_FALLBACK,8.5742444152431,2016-08-08,3.54796320630749,0.4086727989487516,0.0874963733328409,0.6,0.6,0.3727919304036822,,0.9737498896630254,1,0.3727919304036822,1,HIGH,logistic_regression_synthetic_v0_4_transfer,0.7456781676471622,logistic_regression,v0_4_population_alias_revision,central_calibration_worlds_005_006_rank1_f1_max,0.9737498896630254
16-35152,17-25692,2016-03-11,2017-02-22,NAME:departement de la sarthe,NAME_FALLBACK,11.4323258869908,2017-02-17,0.164257555847569,0.9726237406920718,0.0393420944204278,0.1,0.6,0.3469256682201677,,0.8900606560867563,3,0.0511136009182977,8,HIGH,logistic_regression_synthetic_v0_4_transfer,0.7456781676471622,logistic_regression,v0_4_population_alias_revision,central_calibration_worlds_005_006_rank1_f1_max,0.8900606560867563
16-36374,17-17888,2016-03-14,2017-02-06,NAME:centre hospitalier de saumur,NAME_FALLBACK,10.808147174770038,2016-09-14,4.763469119579501,0.2060884800700831,0.0906682240850747,0.1,0.6,0.1732559984472969,,0.8283988154669725,1,0.1732559984472969,1,HIGH,logistic_regression_synthetic_v0_4_transfer,0.7456781676471622,logistic_regression,v0_4_population_alias_revision,central_calibration_worlds_005_006_rank1_f1_max,0.8283988154669725
16-36496,17-16255,2016-04-01,2017-02-06,NAME:la roche-sur-yon agglomeration,NAME_FALLBACK,10.21681997371879,2016-10-01,4.204993429697766,0.2991677617170389,0.0449503773386016,0.1,0.6,0.1805245724977703,,0.8013595741906993,2,0.0688678541010574,2,HIGH,logistic_regression_synthetic_v0_4_transfer,0.7456781676471622,logistic_regression,v0_4_population_alias_revision,central_calibration_worlds_005_006_rank1_f1_max,0.8013595741906993
16-38113,17-69162,2016-03-16,2017-05-17,NAME:le mans metropole - communaute urbaine,NAME_FALLBACK,14.027595269382392,2017-06-19,1.0840998685939554,0.8193166885676741,0.0,0.2,0.6,0.3248291721419185,,0.8258726991369307,1,0.0668201947783173,3,HIGH,logistic_regression_synthetic_v0_4_transfer,0.7456781676471622,logistic_regression,v0_4_population_alias_revision,central_calibration_worlds_005_006_rank1_f1_max,0.8258726991369307
16-40204,16-56698,2016-03-22,2016-04-20,NAME:ch le mans,NAME_FALLBACK,0.9526938239159,2016-08-22,4.073587385019711,0.3210687691633814,0.2212191130585583,1.0,0.6,0.5176938818613408,,0.9912191493417145,1,0.1700504302625672,6,HIGH,logistic_regression_synthetic_v0_4_transfer,0.7456781676471622,logistic_regression,v0_4_population_alias_revision,central_calibration_worlds_005_006_rank1_f1_max,0.9912191493417145
16-42023,16-179721,2016-03-24,2016-12-15,NAME:gpm de nantes - st nazaire,NAME_FALLBACK,8.73850197109067,2016-07-24,4.730617608409987,0.2115637319316688,0.0844287875231835,0.4,0.6,0.2624410086160315,,0.7687535422228503,1,0.1598478019186849,2,HIGH,logistic_regression_synthetic_v0_4_transfer,0.7456781676471622,logistic_regression,v0_4_population_alias_revision,central_calibration_worlds_005_006_rank1_f1_max,0.7687535422228503
16-42170,17-33827,2016-03-24,2017-03-10,NAME:gpm de nantes - st nazaire,NAME_FALLBACK,11.530880420499342,2017-02-11,0.8869908015768725,0.8521681997371879,0.0181053784004259,0.1,0.6,0.3093789323744461,,0.8669771341267752,2,0.0021844103115478,8,POTENTIAL,logistic_regression_synthetic_v0_4_transfer,0.7456781676471622,logistic_regression,v0_4_population_alias_revision,central_calibration_worlds_005_006_rank1_f1_max,0.8669771341267752
16-45870,16-70219,2016-03-30,2016-05-17,NAME:angers loire metropole,NAME_FALLBACK,1.5768725361366622,2016-09-30,4.467805519053877,0.2553657468243538,0.0771266674825798,1.0,0.6,0.4508357703249914,,0.9772949386436783,1,0.0338758581004445,12,POTENTIAL,logistic_regression_synthetic_v0_4_transfer,0.7456781676471622,logistic_regression,v0_4_population_alias_revision,central_calibration_worlds_005_006_rank1_f1_max,0.9772949386436783
16-48232,16-184210,2016-03-31,2016-12-25,NAME:gie sesam vitale,NAME_FALLBACK,8.83705650459921,2017-05-25,4.960578186596584,0.1732369689005694,0.4394993116622685,1.0,0.6,0.5571340013069364,,0.9985235000240508,1,0.2209306554799885,8,HIGH,logistic_regression_synthetic_v0_4_transfer,0.7456781676471622,logistic_regression,v0_4_population_alias_revision,central_calibration_worlds_005_006_rank1_f1_max,0.9985235000240508
16-49315,16-153372,2016-04-05,2016-10-20,NAME:rectorat de l academie de nantes,NAME_FALLBACK,6.504599211563732,2016-10-05,0.4927726675427069,0.9178712220762156,0.8856946757810544,0.1,0.6,0.6294609420424229,,0.928333189400564,1,0.6294609420424229,1,HIGH,logistic_regression_synthetic_v0_4_transfer,0.7456781676471622,logistic_regression,v0_4_population_alias_revision,central_calibration_worlds_005_006_rank1_f1_max,0.928333189400564
16-54252,16-145577,2016-04-15,2016-10-06,NAME:montrevault-sur-evre,NAME_FALLBACK,5.716162943495401,2016-10-15,0.2956636005256242,0.9507227332457292,0.909269244460772,0.1,0.6,0.6459249188727025,,0.9860607886406575,1,0.507966899064578,2,HIGH,logistic_regression_synthetic_v0_4_transfer,0.7456781676471622,logistic_regression,v0_4_population_alias_revision,central_calibration_worlds_005_006_rank1_f1_max,0.9860607886406575
16-55219,16-105530,2016-04-18,2016-07-15,NAME:conseil departemental de la mayenne,NAME_FALLBACK,2.890932982917214,2016-10-19,3.1537450722733245,0.4743758212877792,1.0,1.0,0.6,0.8285939553219448,,0.9988631100312286,1,0.54587300550529,3,HIGH,logistic_regression_synthetic_v0_4_transfer,0.7456781676471622,logistic_regression,v0_4_population_alias_revision,central_calibration_worlds_005_006_rank1_f1_max,0.9988631100312286
16-56502,16-173647,2016-04-22,2016-12-04,NAME:caf de la somme,NAME_FALLBACK,7.424441524310118,2016-10-22,1.4126149802890933,0.7645641699518178,0.2394946640791782,1.0,0.6,0.6349641749156669,,0.9996693294500734,1,0.6349641749156669,1,HIGH,logistic_regression_synthetic_v0_4_transfer,0.7456781676471622,logistic_regression,v0_4_population_alias_revision,central_calibration_worlds_005_006_rank1_f1_max,0.9996693294500734
16-57562,16-70219,2016-04-25,2016-05-17,NAME:angers loire metropole,NAME_FALLBACK,0.7227332457293035,2016-10-25,5.289093298291721,0.1184844502847131,0.1126273011757576,1.0,0.6,0.4290406679826934,,0.973546061425158,2,0.025890844372781,10,POTENTIAL,logistic_regression_synthetic_v0_4_transfer,0.7456781676471622,logistic_regression,v0_4_population_alias_revision,central_calibration_worlds_005_006_rank1_f1_max,0.973546061425158
16-61061,16-127032,2016-04-29,2016-08-30,NAME:departement de la sarthe,NAME_FALLBACK,4.040735873850197,2016-10-29,1.971090670170828,0.6714848883048621,0.1773061344659657,1.0,0.6,0.5899283691393036,,0.9978764110786702,1,0.2437252626700592,6,HIGH,logistic_regression_synthetic_v0_4_transfer,0.7456781676471622,logistic_regression,v0_4_population_alias_revision,central_calibration_worlds_005_006_rank1_f1_max,0.9978764110786702
16-61484,17-68186,2016-05-01,2017-05-18,NAME:conseil regional des pays de la loire,NAME_FALLBACK,12.54927726675427,2017-03-21,1.9053876478318,0.6824353920280333,0.2932189424164633,0.2,0.6,0.3932354778527704,,0.7896007971745768,1,0.0375536333196814,16,POTENTIAL,logistic_regression_synthetic_v0_4_transfer,0.7456781676471622,logistic_regression,v0_4_population_alias_revision,central_calibration_worlds_005_006_rank1_f1_max,0.7896007971745768
16-62960,17-74632,2016-05-02,2017-05-31,NAME:universite de nantes,NAME_FALLBACK,12.943495400788436,2017-01-27,4.073587385019711,0.3210687691633814,0.0514976747528817,1.0,0.6,0.4582913784543539,,0.9999318108734809,1,0.1008484268260395,7,HIGH,logistic_regression_synthetic_v0_4_transfer,0.7456781676471622,logistic_regression,v0_4_population_alias_revision,central_calibration_worlds_005_006_rank1_f1_max,0.9999318108734809
16-67267,17-115928,2016-05-12,2017-08-25,NAME:ademe,NAME_FALLBACK,15.440210249671484,2017-05-28,2.923784494086728,0.5127025843188786,0.0326477364957658,0.0,0.6,0.1996023538532376,,0.8064980617031227,2,0.1095050372317126,3,HIGH,logistic_regression_synthetic_v0_4_transfer,0.7456781676471622,logistic_regression,v0_4_population_alias_revision,central_calibration_worlds_005_006_rank1_f1_max,0.8064980617031227
16-68672,17-19962,2016-05-12,2017-02-11,NAME:ecole centrale de nantes,NAME_FALLBACK,9.034165571616294,2016-11-12,2.9894875164257555,0.5017520805957074,0.125559739392853,0.1,0.6,0.2593839289364253,,0.8006553386280271,2,0.1430848061071597,3,HIGH,logistic_regression_synthetic_v0_4_transfer,0.7456781676471622,logistic_regression,v0_4_population_alias_revision,central_calibration_worlds_005_006_rank1_f1_max,0.8006553386280271
16-68875,17-13004,2016-05-12,2017-01-26,NAME:centre hospitalier de cholet,NAME_FALLBACK,8.508541392904073,2016-11-12,2.463863337713535,0.5893561103810776,0.148775187358154,0.1,0.6,0.2894103431706233,,0.8482406312568769,1,0.2894103431706233,1,HIGH,logistic_regression_synthetic_v0_4_transfer,0.7456781676471622,logistic_regression,v0_4_population_alias_revision,central_calibration_worlds_005_006_rank1_f1_max,0.8482406312568769
16-70203,17-105380,2016-05-17,2017-07-21,NAME:universite de nantes,NAME_FALLBACK,14.126149802890932,2017-01-27,5.7490144546649145,0.0418309242225142,0.0144038342362117,0.1,0.6,0.1054990730383026,,0.7728487707834285,6,0.0478139628981157,7,POTENTIAL,logistic_regression_synthetic_v0_4_transfer,0.7456781676471622,logistic_regression,v0_4_population_alias_revision,central_calibration_worlds_005_006_rank1_f1_max,0.7728487707834285
16-72442,17-93666,2016-05-22,2017-07-03,NAME:chu de nantes,NAME_FALLBACK,13.370565045992116,2017-06-17,0.5256241787122208,0.9123959702146298,0.0406924091896903,1.0,0.6,0.6023413357700491,,0.9997715388837918,1,0.0205321944809462,10,POTENTIAL,logistic_regression_synthetic_v0_4_transfer,0.7456781676471622,logistic_regression,v0_4_population_alias_revision,central_calibration_worlds_005_006_rank1_f1_max,0.9997715388837918
16-73358,16-166758,2016-05-23,2016-11-17,NAME:ville du mans,NAME_FALLBACK,5.847568988173456,2016-11-05,0.3942181340341655,0.9342969776609724,0.3115353076491565,1.0,0.6,0.7026116020924478,,0.9996042947309389,1,0.0768032021921101,2,HIGH,logistic_regression_synthetic_v0_4_transfer,0.7456781676471622,logistic_regression,v0_4_population_alias_revision,central_calibration_worlds_005_006_rank1_f1_max,0.9996042947309389
16-74267,17-3197,2016-05-28,2017-01-10,NAME:ville de nantes,NAME_FALLBACK,7.457293035479632,2016-11-28,1.4126149802890933,0.7645641699518178,0.1249341278479199,0.1,0.6,0.3248679872347264,,0.8097302788352159,1,0.112528412396408,3,HIGH,logistic_regression_synthetic_v0_4_transfer,0.7456781676471622,logistic_regression,v0_4_population_alias_revision,central_calibration_worlds_005_006_rank1_f1_max,0.8097302788352159
16-79523,17-54834,2016-06-09,2017-04-22,NAME:commune de saint-nazaire,NAME_FALLBACK,10.413929040735871,2017-02-06,2.463863337713535,0.5893561103810776,0.0340548581806647,1.0,0.6,0.5192582279585021,,0.9993089107196909,1,0.2102030789537251,8,HIGH,logistic_regression_synthetic_v0_4_transfer,0.7456781676471622,logistic_regression,v0_4_population_alias_revision,central_calibration_worlds_005_006_rank1_f1_max,0.9993089107196909
16-80903,17-73536,2016-06-03,2017-05-26,NAME:nantes metropole,NAME_FALLBACK,11.727989487516425,2016-12-03,5.716162943495401,0.0473061760840999,0.1268653136766488,0.1,0.6,0.146229403807852,,0.7503561209124877,14,0.0052863969728366,18,POTENTIAL,logistic_regression_synthetic_v0_4_transfer,0.7456781676471622,logistic_regression,v0_4_population_alias_revision,central_calibration_worlds_005_006_rank1_f1_max,0.7503561209124877
16-81005,16-158508,2016-06-04,2016-10-31,NAME:arafer,NAME_FALLBACK,4.894875164257556,2016-12-04,1.1169513797634691,0.8138414367060884,0.3420861055993441,1.0,0.6,0.6831904961362927,,0.998543373171421,1,0.376430506201852,8,HIGH,logistic_regression_synthetic_v0_4_transfer,0.7456781676471622,logistic_regression,v0_4_population_alias_revision,central_calibration_worlds_005_006_rank1_f1_max,0.998543373171421
16-81774,16-139147,2016-06-05,2016-09-25,NAME:gie sesam vitale,NAME_FALLBACK,3.679369250985545,2016-12-05,2.33245729303548,0.61125711782742,0.0811073598556653,1.0,0.6,0.5412018554063378,,0.9974948308632997,1,0.1845815831681013,5,HIGH,logistic_regression_synthetic_v0_4_transfer,0.7456781676471622,logistic_regression,v0_4_population_alias_revision,central_calibration_worlds_005_006_rank1_f1_max,0.9974948308632997
16-81907,17-159853,2016-06-08,2017-11-13,NAME:angers loire metropole,NAME_FALLBACK,17.181340341655716,2017-06-15,4.960578186596584,0.1732369689005694,0.0728028301362672,0.4,0.6,0.2487902327728358,,0.8906595138812351,4,0.0564161609743911,11,HIGH,logistic_regression_synthetic_v0_4_transfer,0.7456781676471622,logistic_regression,v0_4_population_alias_revision,central_calibration_worlds_005_006_rank1_f1_max,0.8906595138812351
16-82345,17-56105,2016-06-07,2017-05-07,NAME:centre hospitalier de saint-nazaire,NAME_FALLBACK,10.972404730617608,2016-12-07,4.960578186596584,0.1732369689005694,0.0353411570922762,0.1,0.6,0.145678647207439,,0.8175606637224896,1,0.145678647207439,1,HIGH,logistic_regression_synthetic_v0_4_transfer,0.7456781676471622,logistic_regression,v0_4_population_alias_revision,central_calibration_worlds_005_006_rank1_f1_max,0.8175606637224896
16-85552,17-34018,2016-06-10,2017-03-10,NAME:conseil regional des pays de la loire,NAME_FALLBACK,8.968462549277266,2017-05-20,2.33245729303548,0.61125711782742,0.0240122480602033,0.1,0.6,0.2512185662779261,,0.7833742410167114,6,0.0103906794814293,18,POTENTIAL,logistic_regression_synthetic_v0_4_transfer,0.7456781676471622,logistic_regression,v0_4_population_alias_revision,central_calibration_worlds_005_006_rank1_f1_max,0.7833742410167114
16-85662,17-68186,2016-06-13,2017-05-18,NAME:conseil regional des pays de la loire,NAME_FALLBACK,11.136662286465176,2017-05-03,0.4927726675427069,0.9178712220762156,0.3198590141071114,0.2,0.6,0.4614184604565428,,0.7533374796632367,1,0.0495076226075409,18,POTENTIAL,logistic_regression_synthetic_v0_4_transfer,0.7456781676471622,logistic_regression,v0_4_population_alias_revision,central_calibration_worlds_005_006_rank1_f1_max,0.7533374796632367
16-86436,17-16255,2016-06-15,2017-02-06,NAME:la roche-sur-yon agglomeration,NAME_FALLBACK,7.752956636005256,2017-03-04,0.8541392904073587,0.8576434515987735,0.0,0.1,0.6,0.3044108628996934,,0.8645218254266228,1,0.3044108628996934,1,HIGH,logistic_regression_synthetic_v0_4_transfer,0.7456781676471622,logistic_regression,v0_4_population_alias_revision,central_calibration_worlds_005_006_rank1_f1_max,0.8645218254266228
16-87635,17-32165,2016-06-15,2017-03-07,NAME:universite d angers,NAME_FALLBACK,8.705650459921156,2016-12-15,2.693823915900132,0.5510293473499781,0.0,0.1,0.6,0.2277573368374945,,0.8027470680938928,1,0.0,2,POTENTIAL,logistic_regression_synthetic_v0_4_transfer,0.7456781676471622,logistic_regression,v0_4_population_alias_revision,central_calibration_worlds_005_006_rank1_f1_max,0.8027470680938928
16-88869,17-3608,2016-06-15,2017-01-09,NAME:greta loire atlantique,NAME_FALLBACK,6.83311432325887,2016-12-15,0.8212877792378449,0.8631187034603591,0.0,0.1,0.6,0.3057796758650898,,0.8342848858722592,1,0.3057796758650898,1,HIGH,logistic_regression_synthetic_v0_4_transfer,0.7456781676471622,logistic_regression,v0_4_population_alias_revision,central_calibration_worlds_005_006_rank1_f1_max,0.8342848858722592
16-9226,17-3197,2016-01-20,2017-01-10,NAME:ville de nantes,NAME_FALLBACK,11.695137976346912,2016-07-20,5.716162943495401,0.0473061760840999,0.0938006915705118,0.1,0.6,0.1346567860707041,,0.961048737451779,3,0.2762470809342301,3,HIGH,logistic_regression_synthetic_v0_4_transfer,0.7456781676471622,logistic_regression,v0_4_population_alias_revision,central_calibration_worlds_005_006_rank1_f1_max,0.961048737451779
16-94711,17-39093,2016-07-04,2017-03-24,NAME:vendee eau,NAME_FALLBACK,8.639947437582128,2017-07-17,3.7779237844940874,0.3703460359176522,0.0725230177794293,0.4,0.6,0.2979695652022133,,0.8105455458527071,1,0.2234053952503955,2,HIGH,logistic_regression_synthetic_v0_4_transfer,0.7456781676471622,logistic_regression,v0_4_population_alias_revision,central_calibration_worlds_005_006_rank1_f1_max,0.8105455458527071
16-95746,16-133646,2016-06-28,2016-09-13,NAME:g c s m s estuaire,NAME_FALLBACK,2.5295663600525624,2016-10-28,1.4783180026281209,0.7536136662286466,1.0,1.0,0.6,0.8984034165571615,,0.9994360736435307,1,0.8984034165571615,1,HIGH,logistic_regression_synthetic_v0_4_transfer,0.7456781676471622,logistic_regression,v0_4_population_alias_revision,central_calibration_worlds_005_006_rank1_f1_max,0.9994360736435307
16-96174,17-173975,2016-06-30,2017-12-13,SIRET:23440003400026,RAW_SIRET,17.444152431011826,2017-06-22,5.716162943495401,0.0473061760840999,0.0141289908421489,0.2,1.0,0.1767716908157771,,0.9622372710922459,3,0.1201589065162962,4,HIGH,logistic_regression_synthetic_v0_4_transfer,0.7456781676471622,logistic_regression,v0_4_population_alias_revision,central_calibration_worlds_005_006_rank1_f1_max,0.9622372710922459
16-96425,17-20203,2016-06-29,2017-02-10,NAME:cap atlantique,NAME_FALLBACK,7.424441524310118,2016-12-29,1.4126149802890933,0.7645641699518178,0.0349374776886588,0.1,0.6,0.293369159678985,,0.7932525353500606,2,0.1665522630203856,3,HIGH,logistic_regression_synthetic_v0_4_transfer,0.7456781676471622,logistic_regression,v0_4_population_alias_revision,central_calibration_worlds_005_006_rank1_f1_max,0.7932525353500606
17-100105,18-38591,2017-07-20,2018-03-21,NAME:commune de saint-nazaire,NAME_FALLBACK,8.015768725361367,2018-05-18,1.9053876478318,0.6824353920280333,0.0086704414364059,1.0,0.6,0.5336435025097503,,0.9998160544213144,1,0.0015325155547349,9,POTENTIAL,logistic_regression_synthetic_v0_4_transfer,0.7456781676471622,logistic_regression,v0_4_population_alias_revision,central_calibration_worlds_005_006_rank1_f1_max,0.9998160544213144
17-102039,18-21245,2017-07-17,2018-02-14,NAME:departement de la sarthe,NAME_FALLBACK,6.964520367936925,2018-01-17,0.9198423127463864,0.8466929478756022,0.5091218126321245,1.0,0.6,0.7498658713901443,,0.9996276811194466,1,0.3865847384638585,4,HIGH,logistic_regression_synthetic_v0_4_transfer,0.7456781676471622,logistic_regression,v0_4_population_alias_revision,central_calibration_worlds_005_006_rank1_f1_max,0.9996276811194466
17-102187,18-46346,2017-07-19,2018-04-06,SIRET:19490970100303,RAW_SIRET,8.5742444152431,2018-05-10,1.1169513797634691,0.8138414367060884,0.9999999999999998,1.0,1.0,0.953460359176522,,0.9998911101377966,1,0.6176457056502949,4,HIGH,logistic_regression_synthetic_v0_4_transfer,0.7456781676471622,logistic_regression,v0_4_population_alias_revision,central_calibration_worlds_005_006_rank1_f1_max,0.9998911101377966
17-102482,17-159373,2017-07-18,2017-11-12,NAME:chu de nantes,NAME_FALLBACK,3.843626806833114,2018-01-18,2.2010512483574245,0.6331581252737626,0.0343829381488488,0.8,0.6,0.4703235596705377,,0.983271051675938,1,0.0973137656675097,5,HIGH,logistic_regression_synthetic_v0_4_transfer,0.7456781676471622,logistic_regression,v0_4_population_alias_revision,central_calibration_worlds_005_006_rank1_f1_max,0.983271051675938
17-102708,18-31687,2017-07-18,2018-03-08,NAME:conseil regional des pays de la loire,NAME_FALLBACK,7.654402102496714,2018-01-18,1.609724047306176,0.731712658782304,0.2450049122501733,1.0,0.6,0.6286798839831367,,0.9975659833987893,1,0.2705038624918042,15,HIGH,logistic_regression_synthetic_v0_4_transfer,0.7456781676471622,logistic_regression,v0_4_population_alias_revision,central_calibration_worlds_005_006_rank1_f1_max,0.9975659833987893
17-102923,18-87166,2017-07-20,2018-06-24,NAME:conseil regional des pays de la loire,NAME_FALLBACK,11.136662286465176,2018-01-20,5.091984231274639,0.1513359614542269,0.002854460173695,1.0,0.6,0.39883305142435,,0.9996240279129908,3,0.3474661107408346,13,HIGH,logistic_regression_synthetic_v0_4_transfer,0.7456781676471622,logistic_regression,v0_4_population_alias_revision,central_calibration_worlds_005_006_rank1_f1_max,0.9996240279129908
17-103193,19-56150,2017-07-20,2019-04-10,NAME:conseil regional des pays de la loire,NAME_FALLBACK,20.66360052562418,2018-11-02,5.223390275952694,0.1294349540078844,0.0149392405111577,1.0,0.6,0.3975874726808763,,0.9999873396061596,2,0.0369777093318395,7,POTENTIAL,logistic_regression_synthetic_v0_4_transfer,0.7456781676471622,logistic_regression,v0_4_population_alias_revision,central_calibration_worlds_005_006_rank1_f1_max,0.9999873396061596
17-104238,17-161917,2017-07-20,2017-11-18,NAME:conseil departemental loire-atlantique,NAME_FALLBACK,3.975032851511169,2018-01-20,2.0696452036793693,0.6550591327201052,0.0084461878507903,1.0,0.6,0.5267209489278029,,0.9937403025917171,1,0.0518514470998318,12,HIGH,logistic_regression_synthetic_v0_4_transfer,0.7456781676471622,logistic_regression,v0_4_population_alias_revision,central_calibration_worlds_005_006_rank1_f1_max,0.9937403025917171
17-105380,18-47589,2017-07-21,2018-04-08,NAME:universite de nantes,NAME_FALLBACK,8.5742444152431,2018-04-27,0.6241787122207622,0.8959702146298729,0.6221104163031109,0.1,0.6,0.531731199363557,,0.8393629665321851,1,0.1853241166456798,9,HIGH,logistic_regression_synthetic_v0_4_transfer,0.7456781676471622,logistic_regression,v0_4_population_alias_revision,central_calibration_worlds_005_006_rank1_f1_max,0.8393629665321851
17-105440,19-13728,2017-07-23,2019-01-25,NAME:conseil departemental loire-atlantique,NAME_FALLBACK,18.101182654402105,2019-01-24,0.0328515111695138,0.9945247481384144,0.0195661620022027,0.1,0.6,0.3454793437353745,,0.9772231007584435,2,0.0024406575050376,9,POTENTIAL,logistic_regression_synthetic_v0_4_transfer,0.7456781676471622,logistic_regression,v0_4_population_alias_revision,central_calibration_worlds_005_006_rank1_f1_max,0.9772231007584435
17-106009,18-61655,2017-07-26,2018-05-05,NAME:nantes metropole,NAME_FALLBACK,9.296977660972404,2018-06-09,1.149802890932983,0.8083661848445028,0.0622592166711997,1.0,0.6,0.5838822720460457,,0.9931225801233071,1,0.1313435725660719,25,HIGH,logistic_regression_synthetic_v0_4_transfer,0.7456781676471622,logistic_regression,v0_4_population_alias_revision,central_calibration_worlds_005_006_rank1_f1_max,0.9931225801233071
17-10967,17-147130,2017-02-09,2017-10-18,NAME:centre hospitalier paul chapron,NAME_FALLBACK,8.245729303547963,2017-08-09,2.299605781865966,0.6167323696890057,0.0199344099498299,0.1,0.6,0.2511601359046919,,0.7821555388665635,3,0.1259747298794987,3,HIGH,logistic_regression_synthetic_v0_4_transfer,0.7456781676471622,logistic_regression,v0_4_population_alias_revision,central_calibration_worlds_005_006_rank1_f1_max,0.7821555388665635
17-109941,18-97311,2017-08-02,2018-07-12,NAME:commune de saint-nazaire,NAME_FALLBACK,11.300919842312746,2018-05-13,1.971090670170828,0.6714848883048621,0.1853179528888516,0.1,0.6,0.3227325055873136,,0.8196696416545468,4,0.0165118724492968,9,POTENTIAL,logistic_regression_synthetic_v0_4_transfer,0.7456781676471622,logistic_regression,v0_4_population_alias_revision,central_calibration_worlds_005_006_rank1_f1_max,0.8196696416545468
17-110921,18-61507,2017-08-04,2018-05-03,NAME:ecole centrale de nantes,NAME_FALLBACK,8.935611038107753,2018-07-06,2.102496714848883,0.6495838808585195,0.4538778611384422,0.2,0.6,0.4412532216130846,,0.9314736790902994,1,0.4412532216130846,1,HIGH,logistic_regression_synthetic_v0_4_transfer,0.7456781676471622,logistic_regression,v0_4_population_alias_revision,central_calibration_worlds_005_006_rank1_f1_max,0.9314736790902994
17-111330,18-61655,2017-08-11,2018-05-05,NAME:nantes metropole,NAME_FALLBACK,8.771353482260183,2018-07-31,2.8580814717477003,0.52365308804205,0.0876735783370829,1.0,0.6,0.5215990244284916,,0.9902662960135017,1,0.157286888840234,23,HIGH,logistic_regression_synthetic_v0_4_transfer,0.7456781676471622,logistic_regression,v0_4_population_alias_revision,central_calibration_worlds_005_006_rank1_f1_max,0.9902662960135017
17-114118,18-87166,2017-08-10,2018-06-24,NAME:conseil regional des pays de la loire,NAME_FALLBACK,10.446780551905388,2018-08-01,1.2483574244415243,0.791940429259746,0.0137565151871309,1.0,0.6,0.5627998876304323,,0.9999415049734237,1,0.1791779072563681,7,HIGH,logistic_regression_synthetic_v0_4_transfer,0.7456781676471622,logistic_regression,v0_4_population_alias_revision,central_calibration_worlds_005_006_rank1_f1_max,0.9999415049734237
17-118765,18-87166,2017-08-22,2018-06-24,NAME:conseil regional des pays de la loire,NAME_FALLBACK,10.052562417871222,2018-07-11,0.5584756898817346,0.9069207183530442,0.0,0.2,0.6,0.3467301795882611,,0.8699871907726451,1,0.0130437658646583,8,POTENTIAL,logistic_regression_synthetic_v0_4_transfer,0.7456781676471622,logistic_regression,v0_4_population_alias_revision,central_calibration_worlds_005_006_rank1_f1_max,0.8699871907726451
17-118982,18-6802,2017-08-23,2018-01-16,NAME:ville de sable sur sarthe,NAME_FALLBACK,4.796320630749015,2018-02-23,1.2483574244415243,0.791940429259746,0.8390779671002169,0.1,0.6,0.5816623958000124,,0.8427819735916778,1,0.0496632373693206,2,POTENTIAL,logistic_regression_synthetic_v0_4_transfer,0.7456781676471622,logistic_regression,v0_4_population_alias_revision,central_calibration_worlds_005_006_rank1_f1_max,0.8427819735916778
17-120212,18-101994,2017-08-25,2018-07-19,NAME:conseil regional des pays de la loire,NAME_FALLBACK,10.775295663600524,2018-07-18,0.0328515111695138,0.9945247481384144,0.0226384341062527,0.1,0.6,0.346554638971792,,0.9802577668862216,1,0.0466180323679199,8,POTENTIAL,logistic_regression_synthetic_v0_4_transfer,0.7456781676471622,logistic_regression,v0_4_population_alias_revision,central_calibration_worlds_005_006_rank1_f1_max,0.9802577668862216
17-129614,18-61655,2017-12-21,2018-05-05,NAME:nantes metropole,NAME_FALLBACK,4.434954007884363,2018-06-21,1.5440210249671484,0.7426631625054753,0.0955687746091061,1.0,0.6,0.5791148617395561,,0.9764382836066232,1,0.1816022661546999,24,HIGH,logistic_regression_synthetic_v0_4_transfer,0.7456781676471622,logistic_regression,v0_4_population_alias_revision,central_calibration_worlds_005_006_rank1_f1_max,0.9764382836066232
17-130002,18-43533,2017-09-17,2018-03-30,NAME:conseil departemental de la mayenne,NAME_FALLBACK,6.3731931668856765,2018-04-09,0.328515111695138,0.9452474813841436,0.0028994531907244,0.1,0.6,0.3273266789627895,,0.8180535297724855,1,0.1360910478739092,2,HIGH,logistic_regression_synthetic_v0_4_transfer,0.7456781676471622,logistic_regression,v0_4_population_alias_revision,central_calibration_worlds_005_006_rank1_f1_max,0.8180535297724855
17-134974,18-73911,2017-09-25,2018-06-07,NAME:ville de bouchemaine,NAME_FALLBACK,8.377135348226018,2018-03-25,2.431011826544021,0.5948313622426631,0.5278759841311622,0.1,0.6,0.4234644350065725,,0.8904068082460549,1,0.4234644350065725,1,HIGH,logistic_regression_synthetic_v0_4_transfer,0.7456781676471622,logistic_regression,v0_4_population_alias_revision,central_calibration_worlds_005_006_rank1_f1_max,0.8904068082460549
17-135428,18-43533,2017-09-28,2018-03-30,NAME:conseil departemental de la mayenne,NAME_FALLBACK,6.011826544021025,2018-03-28,0.0657030223390276,0.9890494962768288,0.2946398029671913,0.1,0.6,0.4403863051077241,,0.8573890571047037,1,0.2371055091061004,2,HIGH,logistic_regression_synthetic_v0_4_transfer,0.7456781676471622,logistic_regression,v0_4_population_alias_revision,central_calibration_worlds_005_006_rank1_f1_max,0.8573890571047037
17-136551,18-87219,2017-09-30,2018-06-24,NAME:dir interdepartementale routes ouest,NAME_FALLBACK,8.771353482260183,2018-07-31,1.2155059132720103,0.7974156811213315,0.5300027790858282,1.0,0.6,0.7448548929603727,,0.9998157219458244,1,0.5908769755895815,2,HIGH,logistic_regression_synthetic_v0_4_transfer,0.7456781676471622,logistic_regression,v0_4_population_alias_revision,central_calibration_worlds_005_006_rank1_f1_max,0.9998157219458244
17-139193,17-159853,2017-10-04,2017-11-13,NAME:angers loire metropole,NAME_FALLBACK,1.314060446780552,2018-04-04,4.664914586070959,0.22251423565484,0.1410946318206214,0.8,0.6,0.4050116800509275,,0.8520120868822969,1,0.1049859781264856,12,HIGH,logistic_regression_synthetic_v0_4_transfer,0.7456781676471622,logistic_regression,v0_4_population_alias_revision,central_calibration_worlds_005_006_rank1_f1_max,0.8520120868822969
17-140377,18-101994,2017-10-05,2018-07-19,NAME:conseil regional des pays de la loire,NAME_FALLBACK,9.42838370565046,2018-07-11,0.2628120893561104,0.9561979851073148,0.0049760950852224,0.1,0.6,0.3307911295566565,,0.8155815494218095,1,0.0372454040439158,8,POTENTIAL,logistic_regression_synthetic_v0_4_transfer,0.7456781676471622,logistic_regression,v0_4_population_alias_revision,central_calibration_worlds_005_006_rank1_f1_max,0.8155815494218095
17-140948,18-87166,2017-10-08,2018-06-24,NAME:conseil regional des pays de la loire,NAME_FALLBACK,8.508541392904073,2018-08-01,1.2483574244415243,0.791940429259746,0.0579750849087466,1.0,0.6,0.5782763870329979,,0.999906025876621,1,0.1961852087790341,7,HIGH,logistic_regression_synthetic_v0_4_transfer,0.7456781676471622,logistic_regression,v0_4_population_alias_revision,central_calibration_worlds_005_006_rank1_f1_max,0.999906025876621
17-14103,17-150835,2017-01-30,2017-10-25,NAME:gie des epl de vendee,NAME_FALLBACK,8.804204993429698,2017-07-30,2.8580814717477003,0.52365308804205,0.127287399832033,0.1,0.6,0.265463861951724,,0.8196344780453819,1,0.0845731097633089,2,HIGH,logistic_regression_synthetic_v0_4_transfer,0.7456781676471622,logistic_regression,v0_4_population_alias_revision,central_calibration_worlds_005_006_rank1_f1_max,0.8196344780453819
17-142028,18-54467,2017-10-11,2018-04-21,NAME:universite de nantes,NAME_FALLBACK,6.307490144546649,2018-05-22,1.0183968462549278,0.8302671922908453,0.0129361230757208,1.0,0.6,0.5720944411492137,,0.9986321015209585,2,0.2028311560091373,8,HIGH,logistic_regression_synthetic_v0_4_transfer,0.7456781676471622,logistic_regression,v0_4_population_alias_revision,central_calibration_worlds_005_006_rank1_f1_max,0.9986321015209585
17-142035,18-87166,2017-10-11,2018-06-24,NAME:conseil regional des pays de la loire,NAME_FALLBACK,8.409986859395532,2018-08-01,1.2483574244415243,0.791940429259746,0.002854460173695,1.0,0.6,0.5589841683757297,,0.9998977374959732,1,0.198579029441214,7,HIGH,logistic_regression_synthetic_v0_4_transfer,0.7456781676471622,logistic_regression,v0_4_population_alias_revision,central_calibration_worlds_005_006_rank1_f1_max,0.9998977374959732
17-143241,19-92498,2017-10-15,2019-06-21,NAME:nantes metropole,NAME_FALLBACK,20.17082785808147,2019-04-04,2.562417871222076,0.5729303547963207,0.2284452727790915,1.0,0.6,0.5831884341717621,,0.9999814274010101,3,0.0049479102573384,16,POTENTIAL,logistic_regression_synthetic_v0_4_transfer,0.7456781676471622,logistic_regression,v0_4_population_alias_revision,central_calibration_worlds_005_006_rank1_f1_max,0.9999814274010101
17-144102,18-10415,2017-10-14,2018-01-23,NAME:universite de nantes,NAME_FALLBACK,3.3180026281208934,2018-07-14,5.650459921156373,0.0582566798072711,0.0,1.0,0.6,0.3745641699518178,,0.9873844620770188,1,0.0727770477441962,8,HIGH,logistic_regression_synthetic_v0_4_transfer,0.7456781676471622,logistic_regression,v0_4_population_alias_revision,central_calibration_worlds_005_006_rank1_f1_max,0.9873844620770188
17-14986,18-76556,2017-02-02,2018-06-06,NAME:chu de nantes,NAME_FALLBACK,16.064388961892245,2018-05-03,1.1169513797634691,0.8138414367060884,0.0109910469721995,0.2,0.6,0.327307225616792,,0.822345674208875,1,0.1001927388462962,7,HIGH,logistic_regression_synthetic_v0_4_transfer,0.7456781676471622,logistic_regression,v0_4_population_alias_revision,central_calibration_worlds_005_006_rank1_f1_max,0.822345674208875
17-15387,20-35694,2017-02-01,2020-03-09,NAME:universite de nantes,NAME_FALLBACK,37.187910643889616,2020-01-04,2.135348226018397,0.6441086289969338,0.0341618482073109,0.1,0.6,0.2629838041217922,,0.9998903909572481,2,0.07082416270002,3,HIGH,logistic_regression_synthetic_v0_4_transfer,0.7456781676471622,logistic_regression,v0_4_population_alias_revision,central_calibration_worlds_005_006_rank1_f1_max,0.9998903909572481
17-155110,18-141270,2017-11-03,2018-10-15,NAME:commune de nantes,NAME_FALLBACK,11.366622864651774,2018-05-03,5.4204993429697765,0.0965834428383706,0.9157716317931278,0.1,0.6,0.4346659318371874,,0.8914845788534522,1,0.0993903453973626,3,HIGH,logistic_regression_synthetic_v0_4_transfer,0.7456781676471622,logistic_regression,v0_4_population_alias_revision,central_calibration_worlds_005_006_rank1_f1_max,0.8914845788534522
17-156331,18-38591,2017-11-07,2018-03-21,NAME:commune de saint-nazaire,NAME_FALLBACK,4.402102496714849,2018-05-07,1.5440210249671484,0.7426631625054753,0.2264711164622766,0.1,0.6,0.3549306813881656,,0.8584354096667186,1,0.0069927819438355,9,POTENTIAL,logistic_regression_synthetic_v0_4_transfer,0.7456781676471622,logistic_regression,v0_4_population_alias_revision,central_calibration_worlds_005_006_rank1_f1_max,0.8584354096667186
17-157486,18-123694,2017-11-08,2018-09-04,NAME:departement de la sarthe,NAME_FALLBACK,9.85545335085414,2018-05-08,3.9093298291721417,0.3484450284713097,0.0131181501573358,0.6,0.6,0.3317026096728949,,0.9323136326839716,3,0.1280487295130216,9,HIGH,logistic_regression_synthetic_v0_4_transfer,0.7456781676471622,logistic_regression,v0_4_population_alias_revision,central_calibration_worlds_005_006_rank1_f1_max,0.9323136326839716
17-158224,19-55110,2017-11-12,2019-04-11,NAME:nantes metropole,NAME_FALLBACK,16.918528252299605,2018-11-20,4.664914586070959,0.22251423565484,0.4688665292532899,1.0,0.6,0.5797318441523616,,0.999924192420203,1,0.1600439196038267,17,HIGH,logistic_regression_synthetic_v0_4_transfer,0.7456781676471622,logistic_regression,v0_4_population_alias_revision,central_calibration_worlds_005_006_rank1_f1_max,0.999924192420203
17-158731,19-33087,2017-11-09,2019-03-01,NAME:departement de la vendee,NAME_FALLBACK,15.67017082785808,2018-09-09,5.683311432325887,0.0527814279456855,0.0251603308440203,0.6,0.6,0.2620014727818285,,0.9906030422232206,1,0.0540560098756512,2,HIGH,logistic_regression_synthetic_v0_4_transfer,0.7456781676471622,logistic_regression,v0_4_population_alias_revision,central_calibration_worlds_005_006_rank1_f1_max,0.9906030422232206
17-159373,18-121819,2017-11-12,2018-08-30,NAME:chu de nantes,NAME_FALLBACK,9.559789750328514,2018-10-14,1.4783180026281209,0.7536136662286466,0.3062870657521602,1.0,0.6,0.6556038895704177,,0.999685725338064,1,0.0027376259307927,5,POTENTIAL,logistic_regression_synthetic_v0_4_transfer,0.7456781676471622,logistic_regression,v0_4_population_alias_revision,central_calibration_worlds_005_006_rank1_f1_max,0.999685725338064
17-161006,19-169787,2017-11-19,2019-11-12,NAME:angers loire metropole,NAME_FALLBACK,23.751642575558478,2019-06-21,4.730617608409987,0.2115637319316688,0.0114497150336042,0.1,0.6,0.1468983332446786,,0.9787932895830567,7,0.0726177101562985,9,HIGH,logistic_regression_synthetic_v0_4_transfer,0.7456781676471622,logistic_regression,v0_4_population_alias_revision,central_calibration_worlds_005_006_rank1_f1_max,0.9787932895830567
17-161606,18-55179,2017-11-23,2018-04-27,NAME:carene,NAME_FALLBACK,5.091984231274639,2018-03-23,1.149802890932983,0.8083661848445028,0.1247095529549985,0.2,0.6,0.3657398897453752,,0.798723171088453,1,0.0932973905353717,2,HIGH,logistic_regression_synthetic_v0_4_transfer,0.7456781676471622,logistic_regression,v0_4_population_alias_revision,central_calibration_worlds_005_006_rank1_f1_max,0.798723171088453
17-161917,18-149893,2017-11-18,2018-10-26,NAME:conseil departemental loire-atlantique,NAME_FALLBACK,11.23521681997372,2018-05-18,5.289093298291721,0.1184844502847131,0.0833771083708082,1.0,0.6,0.4188031005009611,,0.9985605489815453,2,0.0051661713026252,9,POTENTIAL,logistic_regression_synthetic_v0_4_transfer,0.7456781676471622,logistic_regression,v0_4_population_alias_revision,central_calibration_worlds_005_006_rank1_f1_max,0.9985605489815453
17-16255,18-8280,2017-02-06,2018-01-20,NAME:la roche-sur-yon agglomeration,NAME_FALLBACK,11.4323258869908,2017-08-06,5.486202365308804,0.0856329391151993,0.0058868533982202,0.1,0.6,0.1134686334681769,,0.8071701932657659,1,0.1134686334681769,1,HIGH,logistic_regression_synthetic_v0_4_transfer,0.7456781676471622,logistic_regression,v0_4_population_alias_revision,central_calibration_worlds_005_006_rank1_f1_max,0.8071701932657659
17-164463,18-38591,2017-11-24,2018-03-21,NAME:commune de saint-nazaire,NAME_FALLBACK,3.843626806833114,2018-05-24,2.102496714848883,0.6495838808585195,0.130745013449967,0.1,0.6,0.2981567249221183,,0.8211273850785552,4,0.0386183675511552,8,POTENTIAL,logistic_regression_synthetic_v0_4_transfer,0.7456781676471622,logistic_regression,v0_4_population_alias_revision,central_calibration_worlds_005_006_rank1_f1_max,0.8211273850785552
17-167707,18-90097,2017-11-28,2018-06-30,NAME:nantes metropole,NAME_FALLBACK,7.030223390275952,2018-05-28,1.0840998685939554,0.8193166885676741,0.1350046984938075,1.0,0.6,0.6120808166147511,,0.9983869185692418,1,0.011844224372338,25,POTENTIAL,logistic_regression_synthetic_v0_4_transfer,0.7456781676471622,logistic_regression,v0_4_population_alias_revision,central_calibration_worlds_005_006_rank1_f1_max,0.9983869185692418
17-168958,19-33087,2017-11-30,2019-03-01,NAME:departement de la vendee,NAME_FALLBACK,14.98028909329829,2018-10-27,4.106438896189225,0.3155935173017958,0.104411835110113,0.4,0.6,0.2954425216139885,,0.9564769336989812,1,0.027161651036007,2,POTENTIAL,logistic_regression_synthetic_v0_4_transfer,0.7456781676471622,logistic_regression,v0_4_population_alias_revision,central_calibration_worlds_005_006_rank1_f1_max,0.9564769336989812
17-170649,18-115270,2017-12-04,2018-08-13,NAME:gpm de nantes - st nazaire,NAME_FALLBACK,8.278580814717477,2018-06-04,2.299605781865966,0.6167323696890057,0.1142053654419508,0.1,0.6,0.2841549703269342,,0.7502367974150377,2,0.0010925110572094,5,POTENTIAL,logistic_regression_synthetic_v0_4_transfer,0.7456781676471622,logistic_regression,v0_4_population_alias_revision,central_calibration_worlds_005_006_rank1_f1_max,0.7502367974150377
17-170763,18-82638,2017-12-04,2018-06-15,NAME:ville de la roche sur yon,NAME_FALLBACK,6.340341655716163,2018-06-04,0.3613666228646517,0.939772229522558,0.2722396072784689,0.1,0.6,0.4202269199281036,,0.8711637158246403,1,0.4202269199281036,1,HIGH,logistic_regression_synthetic_v0_4_transfer,0.7456781676471622,logistic_regression,v0_4_population_alias_revision,central_calibration_worlds_005_006_rank1_f1_max,0.8711637158246403
17-171316,18-79401,2017-12-07,2018-06-10,SIRET:23440003400026,RAW_SIRET,6.077529566360052,2018-11-02,4.763469119579501,0.2060884800700831,0.0302189100503142,1.0,1.0,0.4620987385351307,,0.9972357514476166,2,0.0121683251053774,7,POTENTIAL,logistic_regression_synthetic_v0_4_transfer,0.7456781676471622,logistic_regression,v0_4_population_alias_revision,central_calibration_worlds_005_006_rank1_f1_max,0.9972357514476166
17-173663,18-90097,2017-12-16,2018-06-30,NAME:nantes metropole,NAME_FALLBACK,6.438896189224704,2018-06-16,0.4599211563731931,0.9233464739378012,0.9999999999999996,1.0,0.6,0.94083661848445,,0.9994550687838155,1,0.3136592965279514,24,HIGH,logistic_regression_synthetic_v0_4_transfer,0.7456781676471622,logistic_regression,v0_4_population_alias_revision,central_calibration_worlds_005_006_rank1_f1_max,0.9994550687838155
17-173975,19-1779,2017-12-13,2019-01-09,SIRET:23440003400026,RAW_SIRET,12.877792378449408,2019-01-01,0.2628120893561104,0.9561979851073148,0.0093835463534336,0.0,1.0,0.3423337375005305,,0.8295039731973787,1,0.0258787132247615,5,POTENTIAL,logistic_regression_synthetic_v0_4_transfer,0.7456781676471622,logistic_regression,v0_4_population_alias_revision,central_calibration_worlds_005_006_rank1_f1_max,0.8295039731973787
17-174760,18-134465,2017-12-14,2018-09-28,NAME:sdis 44,NAME_FALLBACK,9.461235216819974,2018-12-26,2.923784494086728,0.5127025843188786,0.0187124590023151,0.6,0.6,0.3747250067305299,,0.971815418439301,1,0.1363029180475625,4,HIGH,logistic_regression_synthetic_v0_4_transfer,0.7456781676471622,logistic_regression,v0_4_population_alias_revision,central_calibration_worlds_005_006_rank1_f1_max,0.971815418439301
17-175897,18-154990,2017-12-15,2018-11-10,NAME:conseil departemental de la mayenne,NAME_FALLBACK,10.840998685939551,2018-06-15,4.862023653088042,0.1896627244853262,0.0189750212228665,0.1,0.6,0.1440569385493348,,0.7915419788061683,2,0.0905444631151416,2,HIGH,logistic_regression_synthetic_v0_4_transfer,0.7456781676471622,logistic_regression,v0_4_population_alias_revision,central_calibration_worlds_005_006_rank1_f1_max,0.7915419788061683
17-179112,18-28651,2017-12-22,2018-03-03,NAME:nantes metropole,NAME_FALLBACK,2.33245729303548,2018-06-22,3.6465177398160313,0.3922470433639947,0.0130094958205315,1.0,0.6,0.4626150843781847,,0.9894450345408381,1,0.0465220467649942,23,POTENTIAL,logistic_regression_synthetic_v0_4_transfer,0.7456781676471622,logistic_regression,v0_4_population_alias_revision,central_calibration_worlds_005_006_rank1_f1_max,0.9894450345408381
17-20859,17-30623,2017-02-12,2017-03-05,NAME:angers loire metropole,NAME_FALLBACK,0.6898817345597897,2017-07-22,4.566360052562418,0.2389399912395969,0.9999999999999998,1.0,0.6,0.7697349978098991,,0.9901371528138859,1,0.4726805798141772,11,HIGH,logistic_regression_synthetic_v0_4_transfer,0.7456781676471622,logistic_regression,v0_4_population_alias_revision,central_calibration_worlds_005_006_rank1_f1_max,0.9901371528138859
17-21659,17-150835,2017-02-14,2017-10-25,NAME:gie des epl de vendee,NAME_FALLBACK,8.31143232588699,2017-08-14,2.365308804204993,0.6057818659658345,0.1464628136742108,0.2,0.6,0.3227074512774324,,0.8847017350919749,1,0.3227074512774324,1,HIGH,logistic_regression_synthetic_v0_4_transfer,0.7456781676471622,logistic_regression,v0_4_population_alias_revision,central_calibration_worlds_005_006_rank1_f1_max,0.8847017350919749
17-21818,17-147130,2017-02-14,2017-10-18,NAME:centre hospitalier paul chapron,NAME_FALLBACK,8.081471747700395,2017-08-14,2.135348226018397,0.6441086289969338,0.0195707432487856,0.1,0.6,0.2578769173863084,,0.8064712451183564,2,0.0518832614022623,2,HIGH,logistic_regression_synthetic_v0_4_transfer,0.7456781676471622,logistic_regression,v0_4_population_alias_revision,central_calibration_worlds_005_006_rank1_f1_max,0.8064712451183564
17-2217,17-102568,2017-01-05,2017-07-21,NAME:carene,NAME_FALLBACK,6.471747700394218,2017-07-05,0.5256241787122208,0.9123959702146298,0.1892140904672472,0.1,0.6,0.3843239242171939,,0.7988541848180128,2,0.0784531235270021,4,HIGH,logistic_regression_synthetic_v0_4_transfer,0.7456781676471622,logistic_regression,v0_4_population_alias_revision,central_calibration_worlds_005_006_rank1_f1_max,0.7988541848180128
17-26666,17-61199,2017-02-25,2017-05-04,NAME:vendee expansion,NAME_FALLBACK,2.2339027595269383,2017-10-09,5.19053876478318,0.13491020586947,0.008780129250107,1.0,0.6,0.396800596704905,,0.9946301228784711,1,0.396800596704905,1,HIGH,logistic_regression_synthetic_v0_4_transfer,0.7456781676471622,logistic_regression,v0_4_population_alias_revision,central_calibration_worlds_005_006_rank1_f1_max,0.9946301228784711
17-29415,17-161917,2017-03-03,2017-11-18,NAME:conseil departemental loire-atlantique,NAME_FALLBACK,8.541392904073588,2017-09-03,2.4967148488830486,0.5838808585194919,0.0,1.0,0.6,0.505970214629873,,0.998804029716272,2,0.0504560873490518,8,HIGH,logistic_regression_synthetic_v0_4_transfer,0.7456781676471622,logistic_regression,v0_4_population_alias_revision,central_calibration_worlds_005_006_rank1_f1_max,0.998804029716272
17-32165,18-13243,2017-03-07,2018-01-29,NAME:universite d angers,NAME_FALLBACK,10.775295663600524,2017-11-15,2.463863337713535,0.5893561103810776,0.0,0.1,0.6,0.2373390275952694,,0.8978084907431048,1,0.2373390275952694,1,HIGH,logistic_regression_synthetic_v0_4_transfer,0.7456781676471622,logistic_regression,v0_4_population_alias_revision,central_calibration_worlds_005_006_rank1_f1_max,0.8978084907431048
17-32203,18-13243,2017-03-07,2018-01-29,NAME:universite d angers,NAME_FALLBACK,10.775295663600524,2018-01-18,0.3613666228646517,0.939772229522558,0.0,0.1,0.6,0.3249430573806395,,0.935396010300477,1,0.2116585094859104,2,HIGH,logistic_regression_synthetic_v0_4_transfer,0.7456781676471622,logistic_regression,v0_4_population_alias_revision,central_calibration_worlds_005_006_rank1_f1_max,0.935396010300477
17-35759,18-30222,2017-03-16,2018-03-04,SIRET:23440003400026,RAW_SIRET,11.59658344283837,2017-12-24,2.299605781865966,0.6167323696890057,0.0104754456813264,0.4,1.0,0.3778494984107157,,0.9053963046854222,3,0.0654897362221874,7,HIGH,logistic_regression_synthetic_v0_4_transfer,0.7456781676471622,logistic_regression,v0_4_population_alias_revision,central_calibration_worlds_005_006_rank1_f1_max,0.9053963046854222
17-3608,17-132446,2017-01-09,2017-09-20,NAME:greta loire atlantique,NAME_FALLBACK,8.344283837056505,2017-07-09,2.3981603153745072,0.6003066141042488,0.0,0.1,0.6,0.2400766535260622,,0.9709073764463726,1,0.2400766535260622,1,HIGH,logistic_regression_synthetic_v0_4_transfer,0.7456781676471622,logistic_regression,v0_4_population_alias_revision,central_calibration_worlds_005_006_rank1_f1_max,0.9709073764463726
17-37945,17-170649,2017-03-17,2017-12-04,NAME:gpm de nantes - st nazaire,NAME_FALLBACK,8.607095926412615,2017-09-17,2.562417871222076,0.5729303547963207,0.1180580226954063,0.1,0.6,0.2745528966424724,,0.7524701510058639,4,0.0577769997234412,5,HIGH,logistic_regression_synthetic_v0_4_transfer,0.7456781676471622,logistic_regression,v0_4_population_alias_revision,central_calibration_worlds_005_006_rank1_f1_max,0.7524701510058639
17-39457,17-136551,2017-03-23,2017-09-30,NAME:dir interdepartementale routes ouest,NAME_FALLBACK,6.274638633377135,2017-09-23,0.2299605781865965,0.9616732369689006,0.8377922746823196,1.0,0.6,0.8936456053810371,,0.9998329309993632,1,0.8936456053810371,1,HIGH,logistic_regression_synthetic_v0_4_transfer,0.7456781676471622,logistic_regression,v0_4_population_alias_revision,central_calibration_worlds_005_006_rank1_f1_max,0.9998329309993632
17-39998,18-38591,2017-03-27,2018-03-21,NAME:commune de saint-nazaire,NAME_FALLBACK,11.793692509855452,2018-01-06,2.431011826544021,0.5948313622426631,0.4232212910632577,0.2,0.6,0.416835292432806,,0.8213509477580185,1,0.0406235552600877,13,POTENTIAL,logistic_regression_synthetic_v0_4_transfer,0.7456781676471622,logistic_regression,v0_4_population_alias_revision,central_calibration_worlds_005_006_rank1_f1_max,0.8213509477580185
17-44607,18-87166,2017-04-01,2018-06-24,NAME:conseil regional des pays de la loire,NAME_FALLBACK,14.750328515111695,2018-02-13,4.303547963206308,0.282742006132282,0.0050988403323199,0.2,0.6,0.1924700956493825,,0.7869893222574709,8,0.0155808790228076,13,POTENTIAL,logistic_regression_synthetic_v0_4_transfer,0.7456781676471622,logistic_regression,v0_4_population_alias_revision,central_calibration_worlds_005_006_rank1_f1_max,0.7869893222574709
17-48519,18-55179,2017-04-09,2018-04-27,NAME:carene,NAME_FALLBACK,12.582128777923783,2018-05-05,0.2628120893561104,0.9561979851073148,0.2356514276241337,0.0,0.6,0.3815274959452755,,0.8438337685175795,1,0.033163630317955,3,POTENTIAL,logistic_regression_synthetic_v0_4_transfer,0.7456781676471622,logistic_regression,v0_4_population_alias_revision,central_calibration_worlds_005_006_rank1_f1_max,0.8438337685175795
17-53291,18-22059,2017-04-14,2018-02-15,NAME:rectorat de l academie de nantes,NAME_FALLBACK,10.085413929040737,2017-10-14,4.073587385019711,0.3210687691633814,0.2421798839236508,0.1,0.6,0.2550301516641231,,0.8121692232409811,2,0.0624030187378928,3,HIGH,logistic_regression_synthetic_v0_4_transfer,0.7456781676471622,logistic_regression,v0_4_population_alias_revision,central_calibration_worlds_005_006_rank1_f1_max,0.8121692232409811
17-53475,18-26430,2017-04-18,2018-02-25,NAME:gie sesam vitale,NAME_FALLBACK,10.282522996057818,2018-07-07,4.336399474375821,0.2772667542706964,0.2610385491985865,0.2,0.6,0.2806801807871794,,0.8579954543678786,1,0.0516171113607574,3,HIGH,logistic_regression_synthetic_v0_4_transfer,0.7456781676471622,logistic_regression,v0_4_population_alias_revision,central_calibration_worlds_005_006_rank1_f1_max,0.8579954543678786
17-54861,18-34113,2017-04-21,2018-03-12,NAME:ville d orvault,NAME_FALLBACK,10.676741130091983,2017-12-23,2.59526938239159,0.567455102934735,0.0100509701914187,0.1,0.6,0.2353816153006803,,0.8925484943335513,1,0.2353816153006803,1,HIGH,logistic_regression_synthetic_v0_4_transfer,0.7456781676471622,logistic_regression,v0_4_population_alias_revision,central_calibration_worlds_005_006_rank1_f1_max,0.8925484943335513
17-56720,18-8615,2017-04-26,2018-01-20,NAME:gcs esante pays de la loire,NAME_FALLBACK,8.83705650459921,2018-05-22,4.007884362680684,0.3320192728865527,0.0786381505848974,0.4,0.6,0.2905281709263523,,0.8300380328468576,1,0.2905281709263523,1,HIGH,logistic_regression_synthetic_v0_4_transfer,0.7456781676471622,logistic_regression,v0_4_population_alias_revision,central_calibration_worlds_005_006_rank1_f1_max,0.8300380328468576
17-58113,17-68883,2017-04-28,2017-05-19,NAME:arafer,NAME_FALLBACK,0.6898817345597897,2017-10-28,5.321944809461235,0.1130091984231275,1.0,1.0,0.6,0.7382522996057819,,0.9970133602635588,1,0.7382522996057819,1,HIGH,logistic_regression_synthetic_v0_4_transfer,0.7456781676471622,logistic_regression,v0_4_population_alias_revision,central_calibration_worlds_005_006_rank1_f1_max,0.9970133602635588
17-58214,17-129614,2017-04-30,2017-12-21,NAME:nantes metropole,NAME_FALLBACK,7.720105124835742,2017-10-30,1.7082785808147174,0.7152869031975471,0.2520094867399283,1.0,0.6,0.6270250461583617,,0.9821032065358198,1,0.0578025045179297,29,HIGH,logistic_regression_synthetic_v0_4_transfer,0.7456781676471622,logistic_regression,v0_4_population_alias_revision,central_calibration_worlds_005_006_rank1_f1_max,0.9821032065358198
17-58486,18-76556,2017-04-28,2018-06-06,NAME:chu de nantes,NAME_FALLBACK,13.272010512483574,2018-03-10,2.890932982917214,0.5181778361804643,0.0177211312404511,0.4,0.6,0.3157468549792739,,0.8998092222770602,1,0.0076269633858881,7,POTENTIAL,logistic_regression_synthetic_v0_4_transfer,0.7456781676471622,logistic_regression,v0_4_population_alias_revision,central_calibration_worlds_005_006_rank1_f1_max,0.8998092222770602
17-59442,17-115928,2017-05-19,2017-08-25,NAME:ademe,NAME_FALLBACK,3.219448094612352,2018-01-15,4.697766097240473,0.2170389837932544,0.9999999999999996,1.0,0.6,0.7642597459483134,,0.9977798818106967,1,0.3472097127184082,5,HIGH,logistic_regression_synthetic_v0_4_transfer,0.7456781676471622,logistic_regression,v0_4_population_alias_revision,central_calibration_worlds_005_006_rank1_f1_max,0.9977798818106967
17-60124,18-101350,2017-04-28,2018-07-20,NAME:universite de nantes,NAME_FALLBACK,14.71747700394218,2018-09-07,1.609724047306176,0.731712658782304,0.018383203245189,0.0,0.6,0.2493622858313921,,0.7667842321530567,1,0.0596591974315093,6,HIGH,logistic_regression_synthetic_v0_4_transfer,0.7456781676471622,logistic_regression,v0_4_population_alias_revision,central_calibration_worlds_005_006_rank1_f1_max,0.7667842321530567
17-61541,17-159373,2017-05-05,2017-11-12,NAME:chu de nantes,NAME_FALLBACK,6.274638633377135,2018-02-20,3.28515111695138,0.4524748138414367,0.008844898053713,1.0,0.6,0.4762144177791587,,0.9981973306853231,1,0.1282552939572952,5,HIGH,logistic_regression_synthetic_v0_4_transfer,0.7456781676471622,logistic_regression,v0_4_population_alias_revision,central_calibration_worlds_005_006_rank1_f1_max,0.9981973306853231
17-62873,17-124586,2017-05-07,2017-09-07,SIRET:19490970100303,RAW_SIRET,4.040735873850197,2018-01-22,4.50065703022339,0.2498904949627682,1.0,1.0,1.0,0.812472623740692,,0.998965304149306,1,0.5112879768632475,4,HIGH,logistic_regression_synthetic_v0_4_transfer,0.7456781676471622,logistic_regression,v0_4_population_alias_revision,central_calibration_worlds_005_006_rank1_f1_max,0.998965304149306
17-66007,17-80512,2017-05-12,2017-06-09,NAME:ch le mans,NAME_FALLBACK,0.9198423127463864,2017-11-12,5.124835742444152,0.1458607095926413,0.0432724311577433,1.0,0.6,0.4116105283033704,,0.9916880902284275,1,0.2846428929361849,2,HIGH,logistic_regression_synthetic_v0_4_transfer,0.7456781676471622,logistic_regression,v0_4_population_alias_revision,central_calibration_worlds_005_006_rank1_f1_max,0.9916880902284275
17-6714,17-124586,2017-01-18,2017-09-07,SIRET:19490970100303,RAW_SIRET,7.621550591327201,2017-10-08,1.0183968462549278,0.8302671922908453,1.0,1.0,1.0,0.9575667980727112,,0.9998425130311407,1,0.1683639947437583,5,HIGH,logistic_regression_synthetic_v0_4_transfer,0.7456781676471622,logistic_regression,v0_4_population_alias_revision,central_calibration_worlds_005_006_rank1_f1_max,0.9998425130311407
17-68186,18-101994,2017-05-18,2018-07-19,NAME:conseil regional des pays de la loire,NAME_FALLBACK,14.027595269382392,2018-06-20,0.9526938239159,0.8412176960140166,0.2738535113633949,0.1,0.6,0.3961531529806923,,0.9902321636937457,1,0.0869589830923633,9,HIGH,logistic_regression_synthetic_v0_4_transfer,0.7456781676471622,logistic_regression,v0_4_population_alias_revision,central_calibration_worlds_005_006_rank1_f1_max,0.9902321636937457
17-71407,19-59985,2017-05-24,2019-04-17,NAME:chu de nantes,NAME_FALLBACK,22.766097240473066,2019-01-26,2.6609724047306176,0.5565045992115638,0.1838650329752147,0.2,0.6,0.3234789113442161,,0.9950172771186578,1,0.0137666950315387,5,POTENTIAL,logistic_regression_synthetic_v0_4_transfer,0.7456781676471622,logistic_regression,v0_4_population_alias_revision,central_calibration_worlds_005_006_rank1_f1_max,0.9950172771186578
17-71849,18-101994,2017-05-24,2018-07-19,NAME:conseil regional des pays de la loire,NAME_FALLBACK,13.830486202365307,2018-04-01,3.580814717477004,0.403197547087166,0.1268279955201606,0.1,0.6,0.2351891852038477,,0.7703165615379651,5,0.0103802497050571,12,POTENTIAL,logistic_regression_synthetic_v0_4_transfer,0.7456781676471622,logistic_regression,v0_4_population_alias_revision,central_calibration_worlds_005_006_rank1_f1_max,0.7703165615379651
17-73536,18-90097,2017-05-26,2018-06-30,NAME:nantes metropole,NAME_FALLBACK,13.140604467805518,2018-05-12,1.609724047306176,0.731712658782304,0.2452005498271476,1.0,0.6,0.6287483571350776,,0.9996225063501774,2,0.0207719572287599,26,POTENTIAL,logistic_regression_synthetic_v0_4_transfer,0.7456781676471622,logistic_regression,v0_4_population_alias_revision,central_calibration_worlds_005_006_rank1_f1_max,0.9996225063501774
17-73917,18-54451,2017-05-29,2018-04-29,NAME:commune de nantes,NAME_FALLBACK,11.00525624178712,2017-11-29,4.960578186596584,0.1732369689005694,0.0197810407536776,0.1,0.6,0.1402326064889295,,0.7939803141647762,2,0.1668773706303365,2,HIGH,logistic_regression_synthetic_v0_4_transfer,0.7456781676471622,logistic_regression,v0_4_population_alias_revision,central_calibration_worlds_005_006_rank1_f1_max,0.7939803141647762
17-74587,18-21245,2017-05-29,2018-02-14,NAME:departement de la sarthe,NAME_FALLBACK,8.5742444152431,2017-11-29,2.5295663600525624,0.5784056066579062,0.1393021707271005,0.8,0.6,0.4933571614189617,,0.9952960424451148,2,0.0044507392704189,5,POTENTIAL,logistic_regression_synthetic_v0_4_transfer,0.7456781676471622,logistic_regression,v0_4_population_alias_revision,central_calibration_worlds_005_006_rank1_f1_max,0.9952960424451148
17-76616,17-129614,2017-06-03,2017-12-21,NAME:nantes metropole,NAME_FALLBACK,6.603153745072273,2017-12-03,0.5913272010512484,0.9014454664914586,0.214962581706752,1.0,0.6,0.6605982702202278,,0.9865338925869674,2,0.121456044278239,27,HIGH,logistic_regression_synthetic_v0_4_transfer,0.7456781676471622,logistic_regression,v0_4_population_alias_revision,central_calibration_worlds_005_006_rank1_f1_max,0.9865338925869674
17-77672,17-144060,2017-06-02,2017-10-12,NAME:angers loire metropole,NAME_FALLBACK,4.336399474375821,2017-12-02,1.6754270696452036,0.7207621550591328,0.0107192498276678,0.1,0.6,0.2739422762044669,,0.747913345141227,5,0.0764198309519562,12,HIGH,logistic_regression_synthetic_v0_4_transfer,0.7456781676471622,logistic_regression,v0_4_population_alias_revision,central_calibration_worlds_005_006_rank1_f1_max,0.747913345141227
17-80194,17-161917,2017-06-08,2017-11-18,NAME:conseil departemental loire-atlantique,NAME_FALLBACK,5.354796320630749,2017-12-08,0.657030223390276,0.8904949627682873,0.0,0.6,0.6,0.4626237406920718,,0.8916588427893088,1,0.1595383715609312,11,HIGH,logistic_regression_synthetic_v0_4_transfer,0.7456781676471622,logistic_regression,v0_4_population_alias_revision,central_calibration_worlds_005_006_rank1_f1_max,0.8916588427893088
17-82173,18-6802,2017-06-13,2018-01-16,NAME:ville de sable sur sarthe,NAME_FALLBACK,7.128777923784494,2017-12-13,1.1169513797634691,0.8138414367060884,0.8390779671002169,0.1,0.6,0.5871376476615981,,0.8868867726542382,2,0.043416044277635,4,POTENTIAL,logistic_regression_synthetic_v0_4_transfer,0.7456781676471622,logistic_regression,v0_4_population_alias_revision,central_calibration_worlds_005_006_rank1_f1_max,0.8868867726542382
17-82869,18-6802,2017-06-14,2018-01-16,NAME:ville de sable sur sarthe,NAME_FALLBACK,7.09592641261498,2017-12-14,1.0840998685939554,0.8193166885676741,0.8390779671002169,0.1,0.6,0.5885064606269945,,0.9005905936327816,2,0.0406784183468422,3,POTENTIAL,logistic_regression_synthetic_v0_4_transfer,0.7456781676471622,logistic_regression,v0_4_population_alias_revision,central_calibration_worlds_005_006_rank1_f1_max,0.9005905936327816
17-85841,18-87166,2017-06-19,2018-06-24,NAME:conseil regional des pays de la loire,NAME_FALLBACK,12.155059132720105,2018-05-06,1.609724047306176,0.731712658782304,0.0236613597037428,0.2,0.6,0.311209640591886,,0.8834898944837228,1,0.0146936310188739,9,POTENTIAL,logistic_regression_synthetic_v0_4_transfer,0.7456781676471622,logistic_regression,v0_4_population_alias_revision,central_calibration_worlds_005_006_rank1_f1_max,0.8834898944837228
17-90968,17-130002,2017-07-01,2017-09-17,NAME:conseil departemental de la mayenne,NAME_FALLBACK,2.562417871222076,2018-03-01,5.4204993429697765,0.0965834428383706,0.8468750551907425,1.0,0.6,0.6805521300263524,,0.9966400638988104,1,0.3788749978653856,4,HIGH,logistic_regression_synthetic_v0_4_transfer,0.7456781676471622,logistic_regression,v0_4_population_alias_revision,central_calibration_worlds_005_006_rank1_f1_max,0.9966400638988104
17-91590,18-47589,2017-06-28,2018-04-08,NAME:universite de nantes,NAME_FALLBACK,9.32982917214192,2018-03-25,0.4599211563731931,0.9233464739378012,0.0100396562432347,0.2,0.6,0.3543504981695824,,0.7887868386900068,2,0.0475774762144529,11,POTENTIAL,logistic_regression_synthetic_v0_4_transfer,0.7456781676471622,logistic_regression,v0_4_population_alias_revision,central_calibration_worlds_005_006_rank1_f1_max,0.7887868386900068
17-93042,18-26430,2017-07-02,2018-02-25,NAME:gie sesam vitale,NAME_FALLBACK,7.818659658344283,2018-01-02,1.773981603153745,0.7043363994743759,0.0,0.2,0.6,0.2960840998685939,,0.7712886983394927,3,0.0301138852387209,6,POTENTIAL,logistic_regression_synthetic_v0_4_transfer,0.7456781676471622,logistic_regression,v0_4_population_alias_revision,central_calibration_worlds_005_006_rank1_f1_max,0.7712886983394927
17-9361,17-35545,2017-01-19,2017-03-16,NAME:chu de nantes,NAME_FALLBACK,1.8396846254927728,2017-07-19,4.106438896189225,0.3155935173017958,0.1122271996826206,0.8,0.6,0.4181778992143661,,0.8980076034891835,1,0.0682493609517466,11,HIGH,logistic_regression_synthetic_v0_4_transfer,0.7456781676471622,logistic_regression,v0_4_population_alias_revision,central_calibration_worlds_005_006_rank1_f1_max,0.8980076034891835
17-93666,17-102482,2017-07-03,2017-07-18,NAME:chu de nantes,NAME_FALLBACK,0.4927726675427069,2018-01-03,5.551905387647832,0.074682435392028,1.0,1.0,0.6,0.7286706088480068,,0.9940258767473694,1,0.2378148546965229,5,HIGH,logistic_regression_synthetic_v0_4_transfer,0.7456781676471622,logistic_regression,v0_4_population_alias_revision,central_calibration_worlds_005_006_rank1_f1_max,0.9940258767473694
17-9629,17-102568,2017-01-20,2017-07-21,NAME:carene,NAME_FALLBACK,5.978975032851511,2017-07-20,0.0328515111695138,0.9945247481384144,0.1892140904672472,0.1,0.6,0.4048561186981401,,0.8235654947233259,1,0.1191518001376222,3,HIGH,logistic_regression_synthetic_v0_4_transfer,0.7456781676471622,logistic_regression,v0_4_population_alias_revision,central_calibration_worlds_005_006_rank1_f1_max,0.8235654947233259
17-97609,17-174760,2017-07-07,2017-12-14,NAME:sdis 44,NAME_FALLBACK,5.256241787122208,2017-12-07,0.2299605781865965,0.9616732369689006,0.5862911632039427,0.4,0.6,0.6256202163636051,,0.8975681058357163,1,0.292219567342067,2,HIGH,logistic_regression_synthetic_v0_4_transfer,0.7456781676471622,logistic_regression,v0_4_population_alias_revision,central_calibration_worlds_005_006_rank1_f1_max,0.8975681058357163
18-101099,19-176963,2018-07-22,2020-01-06,NAME:angers loire metropole,NAME_FALLBACK,17.509855453350852,2019-07-23,5.486202365308804,0.0856329391151993,0.0056592550119045,0.4,0.6,0.2033889740329664,,0.9038566890500204,5,0.0615015232700756,9,HIGH,logistic_regression_synthetic_v0_4_transfer,0.7456781676471622,logistic_regression,v0_4_population_alias_revision,central_calibration_worlds_005_006_rank1_f1_max,0.9038566890500204
18-101437,18-149889,2018-07-18,2018-10-26,NAME:universite de la rochelle,NAME_FALLBACK,3.28515111695138,2019-01-18,2.759526938239159,0.5400788436268069,0.0,1.0,0.6,0.4950197109067017,,0.998050072268607,1,0.4950197109067017,1,HIGH,logistic_regression_synthetic_v0_4_transfer,0.7456781676471622,logistic_regression,v0_4_population_alias_revision,central_calibration_worlds_005_006_rank1_f1_max,0.998050072268607
18-101994,19-56150,2018-07-19,2019-04-10,NAME:conseil regional des pays de la loire,NAME_FALLBACK,8.705650459921156,2019-04-18,0.2628120893561104,0.9561979851073148,0.0056694419250721,0.1,0.6,0.331033800950604,,0.9720067076366088,3,0.0019107276324066,6,POTENTIAL,logistic_regression_synthetic_v0_4_transfer,0.7456781676471622,logistic_regression,v0_4_population_alias_revision,central_calibration_worlds_005_006_rank1_f1_max,0.9720067076366088
18-105237,19-32405,2018-07-26,2019-03-02,NAME:conseil regional des pays de la loire,NAME_FALLBACK,7.194480946123521,2018-12-26,2.1681997371879107,0.6386333771353483,0.7475511793813263,0.8,0.6,0.7213012570673012,,0.9962857346408137,1,0.4937040060192056,6,HIGH,logistic_regression_synthetic_v0_4_transfer,0.7456781676471622,logistic_regression,v0_4_population_alias_revision,central_calibration_worlds_005_006_rank1_f1_max,0.9962857346408137
18-109139,18-177187,2018-08-01,2018-12-21,NAME:gie des epl de vendee,NAME_FALLBACK,4.664914586070959,2019-02-01,1.3797634691195797,0.7700394218134035,0.8304716090250985,1.0,0.6,0.8431749186121353,,0.9995090725250688,1,0.1595944011728238,3,HIGH,logistic_regression_synthetic_v0_4_transfer,0.7456781676471622,logistic_regression,v0_4_population_alias_revision,central_calibration_worlds_005_006_rank1_f1_max,0.9995090725250688
18-11225,18-28651,2018-01-27,2018-03-03,NAME:nantes metropole,NAME_FALLBACK,1.149802890932983,2018-07-27,4.796320630749015,0.2006132282084975,0.0578161633452171,1.0,0.6,0.4303889642229503,,0.9805158819201081,1,0.114727928218133,23,HIGH,logistic_regression_synthetic_v0_4_transfer,0.7456781676471622,logistic_regression,v0_4_population_alias_revision,central_calibration_worlds_005_006_rank1_f1_max,0.9805158819201081
18-114060,19-103833,2018-08-09,2019-07-05,NAME:metropole nantes metropole,NAME_FALLBACK,10.840998685939551,2019-02-09,4.796320630749015,0.2006132282084975,0.0394772697258894,0.1,0.6,0.1539703514561857,,0.9608450253829122,2,0.0393877103703889,3,POTENTIAL,logistic_regression_synthetic_v0_4_transfer,0.7456781676471622,logistic_regression,v0_4_population_alias_revision,central_calibration_worlds_005_006_rank1_f1_max,0.9608450253829122
18-115270,19-87510,2018-08-13,2019-06-06,NAME:gpm de nantes - st nazaire,NAME_FALLBACK,9.756898817345595,2019-02-13,3.712220762155059,0.3812965396408235,0.2570483086459538,0.1,0.6,0.2752910429362897,,0.79556578693383,3,0.0263509640808611,4,POTENTIAL,logistic_regression_synthetic_v0_4_transfer,0.7456781676471622,logistic_regression,v0_4_population_alias_revision,central_calibration_worlds_005_006_rank1_f1_max,0.79556578693383
18-117389,19-169787,2018-11-26,2019-11-12,NAME:angers loire metropole,NAME_FALLBACK,11.530880420499342,2019-11-26,0.4599211563731931,0.9233464739378012,0.0134562152452533,0.1,0.6,0.3255462938202889,,0.8649370011596856,1,0.0354752518615855,9,POTENTIAL,logistic_regression_synthetic_v0_4_transfer,0.7456781676471622,logistic_regression,v0_4_population_alias_revision,central_calibration_worlds_005_006_rank1_f1_max,0.8649370011596856
18-120601,18-121819,2018-08-28,2018-08-30,NAME:chu de nantes,NAME_FALLBACK,0.0657030223390276,2019-02-28,5.978975032851511,0.0035041611914148,1.0,1.0,0.6,0.7108760402978536,,0.9933882797156758,1,0.4627419351304399,4,HIGH,logistic_regression_synthetic_v0_4_transfer,0.7456781676471622,logistic_regression,v0_4_population_alias_revision,central_calibration_worlds_005_006_rank1_f1_max,0.9933882797156758
18-12119,19-44791,2018-01-28,2019-03-21,NAME:conseil regional des pays de la loire,NAME_FALLBACK,13.699080157687254,2018-11-25,3.8107752956636,0.3648707840560666,0.0096465708988767,0.1,0.6,0.1845939958286235,,0.8038977520109265,4,0.0024831301873429,9,POTENTIAL,logistic_regression_synthetic_v0_4_transfer,0.7456781676471622,logistic_regression,v0_4_population_alias_revision,central_calibration_worlds_005_006_rank1_f1_max,0.8038977520109265
18-122376,19-55110,2018-08-31,2019-04-11,NAME:nantes metropole,NAME_FALLBACK,7.325886990801576,2019-02-28,1.3797634691195797,0.7700394218134035,0.0901206455475742,0.1,0.6,0.3140520813950018,,0.7938602893247887,4,0.0169052615511778,17,POTENTIAL,logistic_regression_synthetic_v0_4_transfer,0.7456781676471622,logistic_regression,v0_4_population_alias_revision,central_calibration_worlds_005_006_rank1_f1_max,0.7938602893247887
18-122920,19-186303,2018-09-03,2019-12-13,NAME:commune de saint nazaire,NAME_FALLBACK,15.308804204993429,2019-06-14,5.978975032851511,0.0035041611914148,0.0205258650343405,0.1,0.6,0.0980600930598729,,0.8997631680368886,2,0.0232335176024751,2,POTENTIAL,logistic_regression_synthetic_v0_4_transfer,0.7456781676471622,logistic_regression,v0_4_population_alias_revision,central_calibration_worlds_005_006_rank1_f1_max,0.8997631680368886
18-124336,19-75460,2018-09-07,2019-05-16,NAME:conseil regional des pays de la loire,NAME_FALLBACK,8.245729303547963,2019-06-13,0.9198423127463864,0.8466929478756022,0.038212738135616,0.4,0.6,0.4050476953163661,,0.7901520054140116,1,0.0768709324700811,8,HIGH,logistic_regression_synthetic_v0_4_transfer,0.7456781676471622,logistic_regression,v0_4_population_alias_revision,central_calibration_worlds_005_006_rank1_f1_max,0.7901520054140116
18-125410,19-17531,2018-09-07,2019-02-03,NAME:association songo,NAME_FALLBACK,4.894875164257556,2019-01-07,0.8869908015768725,0.8521681997371879,0.4406637842861052,0.8,0.6,0.6672743744344338,,0.9968552569567002,1,0.6672743744344338,1,HIGH,logistic_regression_synthetic_v0_4_transfer,0.7456781676471622,logistic_regression,v0_4_population_alias_revision,central_calibration_worlds_005_006_rank1_f1_max,0.9968552569567002
18-126368,19-71137,2018-09-11,2019-05-06,NAME:departement de la sarthe,NAME_FALLBACK,7.7858081471747695,2019-05-14,0.2628120893561104,0.9561979851073148,0.0557198501917661,1.0,0.6,0.6185514438439468,,0.9990703897251567,1,0.3161374648241928,10,HIGH,logistic_regression_synthetic_v0_4_transfer,0.7456781676471622,logistic_regression,v0_4_population_alias_revision,central_calibration_worlds_005_006_rank1_f1_max,0.9990703897251567
18-12739,18-19126,2018-01-26,2018-02-09,NAME:la cite des congres de nantes,NAME_FALLBACK,0.4599211563731931,2018-07-26,5.486202365308804,0.0856329391151993,1.0,1.0,0.6,0.7314082347787998,,0.9940923941948531,1,0.4411639036513639,5,HIGH,logistic_regression_synthetic_v0_4_transfer,0.7456781676471622,logistic_regression,v0_4_population_alias_revision,central_calibration_worlds_005_006_rank1_f1_max,0.9940923941948531
18-127511,19-46630,2018-09-14,2019-03-25,NAME:ch le mans,NAME_FALLBACK,6.307490144546649,2019-08-02,4.270696452036794,0.2882172579938676,0.0217875011573195,0.8,0.6,0.3796799399035287,,0.9835293895593853,1,0.0587127380563928,5,HIGH,logistic_regression_synthetic_v0_4_transfer,0.7456781676471622,logistic_regression,v0_4_population_alias_revision,central_calibration_worlds_005_006_rank1_f1_max,0.9835293895593853
18-127908,19-15392,2018-09-13,2019-01-29,NAME:departement de la sarthe,NAME_FALLBACK,4.533508541392904,2019-03-13,1.4126149802890933,0.7645641699518178,0.1401302145801737,1.0,0.6,0.6001866175910153,,0.9966659070558378,1,0.2387311134847847,11,HIGH,logistic_regression_synthetic_v0_4_transfer,0.7456781676471622,logistic_regression,v0_4_population_alias_revision,central_calibration_worlds_005_006_rank1_f1_max,0.9966659070558378
18-128159,19-16942,2018-09-15,2019-02-03,NAME:nantes metropole,NAME_FALLBACK,4.6320630749014455,2019-03-15,1.314060446780552,0.7809899255365746,0.423334505078065,1.0,0.6,0.7034145581614664,,0.9952214457351635,1,0.3347833711268628,16,HIGH,logistic_regression_synthetic_v0_4_transfer,0.7456781676471622,logistic_regression,v0_4_population_alias_revision,central_calibration_worlds_005_006_rank1_f1_max,0.9952214457351635
18-128655,19-128681,2018-09-16,2019-08-24,SIRET:23440003400026,RAW_SIRET,11.23521681997372,2019-08-13,0.3613666228646517,0.939772229522558,0.0224139199613066,0.2,1.0,0.4027879293670968,,0.933572892868696,1,0.0534886982239881,8,HIGH,logistic_regression_synthetic_v0_4_transfer,0.7456781676471622,logistic_regression,v0_4_population_alias_revision,central_calibration_worlds_005_006_rank1_f1_max,0.933572892868696
18-128950,19-106149,2018-09-16,2019-07-09,NAME:universite d angers,NAME_FALLBACK,9.724047306176084,2019-05-24,1.5111695137976346,0.7481384143670609,0.0068840403772029,0.1,0.6,0.2794440177237862,,0.8531432672277299,1,0.1136114761279018,4,HIGH,logistic_regression_synthetic_v0_4_transfer,0.7456781676471622,logistic_regression,v0_4_population_alias_revision,central_calibration_worlds_005_006_rank1_f1_max,0.8531432672277299
18-13243,19-106149,2018-01-29,2019-07-09,NAME:universite d angers,NAME_FALLBACK,17.279894875164256,2019-03-24,3.515111695137976,0.4141480508103373,0.0908525950924793,0.1,0.6,0.2253354209849521,,0.9721184140951318,1,0.0140038397322144,2,POTENTIAL,logistic_regression_synthetic_v0_4_transfer,0.7456781676471622,logistic_regression,v0_4_population_alias_revision,central_calibration_worlds_005_006_rank1_f1_max,0.9721184140951318
18-133090,19-181393,2018-09-26,2019-12-06,SIRET:22850001300658,RAW_SIRET,14.323258869908017,2019-09-30,2.2010512483574245,0.6331581252737626,0.0174797899286072,0.2,1.0,0.3244074577934531,,0.7465774676419026,2,0.0251533257027464,7,POTENTIAL,logistic_regression_synthetic_v0_4_transfer,0.7456781676471622,logistic_regression,v0_4_population_alias_revision,central_calibration_worlds_005_006_rank1_f1_max,0.7465774676419026
18-134465,19-131225,2018-09-28,2019-08-29,NAME:sdis 44,NAME_FALLBACK,11.00525624178712,2019-06-11,2.59526938239159,0.567455102934735,0.0564841543210903,0.6,0.6,0.4016332297460653,,0.9783081717222094,1,0.0034493046955876,6,POTENTIAL,logistic_regression_synthetic_v0_4_transfer,0.7456781676471622,logistic_regression,v0_4_population_alias_revision,central_calibration_worlds_005_006_rank1_f1_max,0.9783081717222094
18-136695,19-39813,2018-10-01,2019-03-14,NAME:departement de la mayenne,NAME_FALLBACK,5.387647831800263,2019-04-01,0.5913272010512484,0.9014454664914586,0.7701830714468435,0.1,0.6,0.58492544162926,,0.8772080179849502,1,0.0918302722208089,2,HIGH,logistic_regression_synthetic_v0_4_transfer,0.7456781676471622,logistic_regression,v0_4_population_alias_revision,central_calibration_worlds_005_006_rank1_f1_max,0.8772080179849502
18-14065,19-12828,2018-02-01,2019-01-26,SIRET:22850001300658,RAW_SIRET,11.793692509855452,2018-12-23,1.1169513797634691,0.8138414367060884,0.0578844387062583,0.2,1.0,0.3837199127237125,,0.7693586648126071,1,0.0518446956479309,4,HIGH,logistic_regression_synthetic_v0_4_transfer,0.7456781676471622,logistic_regression,v0_4_population_alias_revision,central_calibration_worlds_005_006_rank1_f1_max,0.7693586648126071
18-14081,18-52482,2018-02-02,2018-04-21,NAME:cdc du pays de saint gilles cx de vie,NAME_FALLBACK,2.562417871222076,2018-10-14,5.781865965834428,0.0363556723609286,1.0,1.0,0.6,0.719088918090232,,0.9997086355077202,1,0.719088918090232,1,HIGH,logistic_regression_synthetic_v0_4_transfer,0.7456781676471622,logistic_regression,v0_4_population_alias_revision,central_calibration_worlds_005_006_rank1_f1_max,0.9997086355077202
18-141270,19-110370,2018-10-15,2019-07-19,NAME:commune de nantes,NAME_FALLBACK,9.09986859395532,2019-04-15,3.1208935611038107,0.4798510731493649,0.0103421164450266,0.1,0.6,0.2135825090431005,,0.9613624997061027,2,0.0483951519293041,3,POTENTIAL,logistic_regression_synthetic_v0_4_transfer,0.7456781676471622,logistic_regression,v0_4_population_alias_revision,central_calibration_worlds_005_006_rank1_f1_max,0.9613624997061027
18-142560,19-112016,2018-10-13,2019-07-21,NAME:ville de nantes,NAME_FALLBACK,9.231274638633376,2019-08-24,1.1169513797634691,0.8138414367060884,0.67341832936075,1.0,0.6,0.7991567744527845,,0.9997911843299243,1,0.1132455052233698,5,HIGH,logistic_regression_synthetic_v0_4_transfer,0.7456781676471622,logistic_regression,v0_4_population_alias_revision,central_calibration_worlds_005_006_rank1_f1_max,0.9997911843299243
18-144441,19-97500,2018-10-17,2019-06-25,NAME:cap atlantique,NAME_FALLBACK,8.245729303547963,2019-02-17,4.204993429697766,0.2991677617170389,0.0281134723588158,1.0,0.6,0.4446316557548452,,0.9991025149182508,1,0.2233565020224969,2,HIGH,logistic_regression_synthetic_v0_4_transfer,0.7456781676471622,logistic_regression,v0_4_population_alias_revision,central_calibration_worlds_005_006_rank1_f1_max,0.9991025149182508
18-146989,19-103833,2018-10-22,2019-07-05,NAME:metropole nantes metropole,NAME_FALLBACK,8.409986859395532,2019-04-22,2.431011826544021,0.5948313622426631,0.3091851747063736,1.0,0.6,0.6169226517078965,,0.9999480509957569,1,0.2741064388961892,2,HIGH,logistic_regression_synthetic_v0_4_transfer,0.7456781676471622,logistic_regression,v0_4_population_alias_revision,central_calibration_worlds_005_006_rank1_f1_max,0.9999480509957569
18-149889,19-147530,2018-10-26,2019-10-02,NAME:universite de la rochelle,NAME_FALLBACK,11.202365308804204,2019-04-26,5.223390275952694,0.1294349540078844,0.4368925419622643,1.0,0.6,0.5452711281887637,,0.9996878499996387,1,0.5452711281887637,1,HIGH,logistic_regression_synthetic_v0_4_transfer,0.7456781676471622,logistic_regression,v0_4_population_alias_revision,central_calibration_worlds_005_006_rank1_f1_max,0.9996878499996387
18-150422,19-1779,2018-10-27,2019-01-09,SIRET:23440003400026,RAW_SIRET,2.431011826544021,2019-04-27,3.54796320630749,0.4086727989487516,0.0,0.8,1.0,0.4421681997371879,,0.9644356301831275,1,0.0515621658146848,7,HIGH,logistic_regression_synthetic_v0_4_transfer,0.7456781676471622,logistic_regression,v0_4_population_alias_revision,central_calibration_worlds_005_006_rank1_f1_max,0.9644356301831275
18-150889,19-144868,2018-10-27,2019-09-26,SIRET:22850001300658,RAW_SIRET,10.972404730617608,2019-09-22,0.1314060446780552,0.9780989925536576,0.0069582200399611,0.4,1.0,0.4669601251524007,,0.9399260062392278,1,0.20976144925541,7,HIGH,logistic_regression_synthetic_v0_4_transfer,0.7456781676471622,logistic_regression,v0_4_population_alias_revision,central_calibration_worlds_005_006_rank1_f1_max,0.9399260062392278
18-151434,19-67059,2018-10-29,2019-05-08,NAME:nantes metropole,NAME_FALLBACK,6.274638633377135,2019-04-29,0.2956636005256242,0.9507227332457292,0.0048229759942489,0.1,0.6,0.3293687249094195,,0.7621159235542214,3,0.0079994471800054,18,POTENTIAL,logistic_regression_synthetic_v0_4_transfer,0.7456781676471622,logistic_regression,v0_4_population_alias_revision,central_calibration_worlds_005_006_rank1_f1_max,0.7621159235542214
18-15680,18-97311,2018-02-07,2018-07-12,NAME:commune de saint-nazaire,NAME_FALLBACK,5.091984231274639,2018-08-07,0.8541392904073587,0.8576434515987735,0.2401381309468107,0.1,0.6,0.3884592087310771,,0.9419167417345773,1,0.1148114535934655,5,HIGH,logistic_regression_synthetic_v0_4_transfer,0.7456781676471622,logistic_regression,v0_4_population_alias_revision,central_calibration_worlds_005_006_rank1_f1_max,0.9419167417345773
18-160377,20-19624,2018-11-16,2020-02-07,NAME:sdis de la sarthe,NAME_FALLBACK,14.71747700394218,2019-10-02,4.204993429697766,0.2991677617170389,0.0064068418749112,0.1,0.6,0.1670343350854786,,0.9284599349908229,1,0.0004925839240441,2,POTENTIAL,logistic_regression_synthetic_v0_4_transfer,0.7456781676471622,logistic_regression,v0_4_population_alias_revision,central_calibration_worlds_005_006_rank1_f1_max,0.9284599349908229
18-160935,20-93724,2018-11-18,2020-07-24,SIRET:13001232100050,RAW_SIRET,20.17082785808147,2020-05-14,2.33245729303548,0.61125711782742,0.010408646170539,0.0,1.0,0.2564573056165437,,0.7735544357446175,1,0.005011839125085,3,POTENTIAL,logistic_regression_synthetic_v0_4_transfer,0.7456781676471622,logistic_regression,v0_4_population_alias_revision,central_calibration_worlds_005_006_rank1_f1_max,0.7735544357446175
18-164871,19-92498,2018-11-26,2019-06-21,NAME:nantes metropole,NAME_FALLBACK,6.800262812089356,2019-05-26,0.8541392904073587,0.8576434515987735,0.0248856518503798,0.1,0.6,0.3131208410473263,,0.7856921288127579,4,0.0146176619497389,17,POTENTIAL,logistic_regression_synthetic_v0_4_transfer,0.7456781676471622,logistic_regression,v0_4_population_alias_revision,central_calibration_worlds_005_006_rank1_f1_max,0.7856921288127579
18-165012,18-171623,2018-11-26,2018-12-10,NAME:ch le mans,NAME_FALLBACK,0.4599211563731931,2019-03-26,3.4822601839684624,0.4196233026719229,1.0,1.0,0.6,0.8149058256679806,,0.9950751687146977,1,0.4511905545917926,8,HIGH,logistic_regression_synthetic_v0_4_transfer,0.7456781676471622,logistic_regression,v0_4_population_alias_revision,central_calibration_worlds_005_006_rank1_f1_max,0.9950751687146977
18-166821,20-4011,2018-12-01,2020-01-12,NAME:cnieg,NAME_FALLBACK,13.370565045992116,2019-09-22,3.679369250985545,0.3867717915024091,0.0444262759049718,0.4,0.6,0.2922421444423424,,0.9296726007454023,1,0.0208348414021576,3,POTENTIAL,logistic_regression_synthetic_v0_4_transfer,0.7456781676471622,logistic_regression,v0_4_population_alias_revision,central_calibration_worlds_005_006_rank1_f1_max,0.9296726007454023
18-167367,18-173792,2018-11-30,2018-12-13,NAME:si energies de maine et loire,NAME_FALLBACK,0.4270696452036793,2019-05-30,5.519053876478318,0.0801576872536137,0.9999999999999998,1.0,0.6,0.7300394218134034,,0.9965971969922922,1,0.7300394218134034,1,HIGH,logistic_regression_synthetic_v0_4_transfer,0.7456781676471622,logistic_regression,v0_4_population_alias_revision,central_calibration_worlds_005_006_rank1_f1_max,0.9965971969922922
18-167431,19-103125,2018-12-03,2019-07-04,NAME:cnieg,NAME_FALLBACK,6.997371879106439,2019-09-22,2.628120893561104,0.5619798510731493,0.0,0.4,0.6,0.3204949627682873,,0.758451940233425,1,0.071839774577871,3,HIGH,logistic_regression_synthetic_v0_4_transfer,0.7456781676471622,logistic_regression,v0_4_population_alias_revision,central_calibration_worlds_005_006_rank1_f1_max,0.758451940233425
18-173960,19-103125,2018-12-15,2019-07-04,NAME:cnieg,NAME_FALLBACK,6.603153745072273,2019-06-15,0.6241787122207622,0.8959702146298729,0.0,0.4,0.6,0.4039925536574682,,0.874080691763898,1,0.4039925536574682,1,HIGH,logistic_regression_synthetic_v0_4_transfer,0.7456781676471622,logistic_regression,v0_4_population_alias_revision,central_calibration_worlds_005_006_rank1_f1_max,0.874080691763898
18-174630,18-177187,2018-12-14,2018-12-21,NAME:gie des epl de vendee,NAME_FALLBACK,0.2299605781865965,2019-06-14,5.7490144546649145,0.0418309242225142,0.0514117572935276,1.0,0.6,0.3884518461083632,,0.9880395694166879,1,0.003179616233005,2,POTENTIAL,logistic_regression_synthetic_v0_4_transfer,0.7456781676471622,logistic_regression,v0_4_population_alias_revision,central_calibration_worlds_005_006_rank1_f1_max,0.9880395694166879
18-177907,19-101998,2018-12-20,2019-07-04,NAME:mairie de coueron,NAME_FALLBACK,6.438896189224704,2019-06-20,0.4599211563731931,0.9233464739378012,0.1950843201546718,0.1,0.6,0.3891161305385854,,0.8016429846135142,1,0.1500979050144645,4,HIGH,logistic_regression_synthetic_v0_4_transfer,0.7456781676471622,logistic_regression,v0_4_population_alias_revision,central_calibration_worlds_005_006_rank1_f1_max,0.8016429846135142
18-178358,19-147471,2018-12-20,2019-09-30,NAME:universite d angers,NAME_FALLBACK,9.32982917214192,2019-09-22,0.2628120893561104,0.9561979851073148,0.0262790972595909,0.1,0.6,0.3382471803176856,,0.8865206262265284,1,0.035065662626622,4,POTENTIAL,logistic_regression_synthetic_v0_4_transfer,0.7456781676471622,logistic_regression,v0_4_population_alias_revision,central_calibration_worlds_005_006_rank1_f1_max,0.8865206262265284
18-180161,19-37169,2018-12-26,2019-03-10,NAME:ctre hosp universitaire angers,NAME_FALLBACK,2.431011826544021,2019-09-09,6.011826544021025,0.0,1.0,1.0,0.6,0.71,,0.9927765306994152,1,0.4004400805083178,9,HIGH,logistic_regression_synthetic_v0_4_transfer,0.7456781676471622,logistic_regression,v0_4_population_alias_revision,central_calibration_worlds_005_006_rank1_f1_max,0.9927765306994152
18-180250,19-153997,2018-12-24,2019-10-10,NAME:commune de mauges sur loire,NAME_FALLBACK,9.526938239159,2019-06-24,3.54796320630749,0.4086727989487516,0.0189776045905256,0.1,0.6,0.1988103613438718,,0.9611108281595985,2,0.0432419652172241,3,POTENTIAL,logistic_regression_synthetic_v0_4_transfer,0.7456781676471622,logistic_regression,v0_4_population_alias_revision,central_calibration_worlds_005_006_rank1_f1_max,0.9611108281595985
18-18602,19-43671,2018-02-09,2019-03-20,NAME:universite de nantes,NAME_FALLBACK,13.272010512483574,2018-12-17,3.055190538764783,0.4908015768725361,0.0179879180935392,0.2,0.6,0.2489961655508727,,0.920638649998145,2,0.0231409326193504,5,POTENTIAL,logistic_regression_synthetic_v0_4_transfer,0.7456781676471622,logistic_regression,v0_4_population_alias_revision,central_calibration_worlds_005_006_rank1_f1_max,0.920638649998145
18-18750,18-35949,2018-02-08,2018-03-15,NAME:comsopgn,NAME_FALLBACK,1.149802890932983,2018-06-08,2.7923784494086727,0.5346035917652212,0.9999999999999986,1.0,0.6,0.8436508979413049,,0.998779883246254,1,0.8436508979413049,1,HIGH,logistic_regression_synthetic_v0_4_transfer,0.7456781676471622,logistic_regression,v0_4_population_alias_revision,central_calibration_worlds_005_006_rank1_f1_max,0.998779883246254
18-26430,19-176592,2018-02-25,2019-11-27,NAME:gie sesam vitale,NAME_FALLBACK,21.02496714848883,2019-08-08,3.6465177398160313,0.3922470433639947,0.0,1.0,0.6,0.4580617608409986,,0.999994588653246,1,0.1975667980727113,5,HIGH,logistic_regression_synthetic_v0_4_transfer,0.7456781676471622,logistic_regression,v0_4_population_alias_revision,central_calibration_worlds_005_006_rank1_f1_max,0.999994588653246
18-265,19-44791,2018-01-02,2019-03-21,NAME:conseil regional des pays de la loire,NAME_FALLBACK,14.553219448094612,2019-01-04,2.4967148488830486,0.5838808585194919,0.0051888542168567,0.1,0.6,0.2377863136057728,,0.8984964799215559,1,0.0018962504916739,8,POTENTIAL,logistic_regression_synthetic_v0_4_transfer,0.7456781676471622,logistic_regression,v0_4_population_alias_revision,central_calibration_worlds_005_006_rank1_f1_max,0.8984964799215559
18-26824,19-1779,2018-02-25,2019-01-09,SIRET:23440003400026,RAW_SIRET,10.446780551905388,2019-03-06,1.8396846254927728,0.6933858957512046,0.2552825798883648,0.8,1.0,0.6026953768987288,,0.9983211947910949,1,0.1572512429481323,6,HIGH,logistic_regression_synthetic_v0_4_transfer,0.7456781676471622,logistic_regression,v0_4_population_alias_revision,central_calibration_worlds_005_006_rank1_f1_max,0.9983211947910949
18-27476,18-146489,2018-02-28,2018-10-20,SIRET:19490970100303,RAW_SIRET,7.687253613666228,2018-10-20,0.0,1.0,0.3377670388599821,1.0,1.0,0.7682184636009937,,0.999851874874579,1,0.6074155617806868,2,HIGH,logistic_regression_synthetic_v0_4_transfer,0.7456781676471622,logistic_regression,v0_4_population_alias_revision,central_calibration_worlds_005_006_rank1_f1_max,0.999851874874579
18-28408,19-56150,2018-02-28,2019-04-10,NAME:conseil regional des pays de la loire,NAME_FALLBACK,13.3377135348226,2019-04-29,0.6241787122207622,0.8959702146298729,0.0124070018003143,0.1,0.6,0.3183350042875782,,0.990882125704236,3,0.0031684826333288,6,POTENTIAL,logistic_regression_synthetic_v0_4_transfer,0.7456781676471622,logistic_regression,v0_4_population_alias_revision,central_calibration_worlds_005_006_rank1_f1_max,0.990882125704236
18-29333,19-27651,2018-03-01,2019-02-20,NAME:comm comm de doue la fontaine,NAME_FALLBACK,11.695137976346912,2018-09-01,5.650459921156373,0.0582566798072711,0.0548295505144151,0.1,0.6,0.123754512631863,,0.9698591565638662,1,0.123754512631863,1,HIGH,logistic_regression_synthetic_v0_4_transfer,0.7456781676471622,logistic_regression,v0_4_population_alias_revision,central_calibration_worlds_005_006_rank1_f1_max,0.9698591565638662
18-29375,18-34097,2018-03-01,2018-03-12,NAME:commune de reze,NAME_FALLBACK,0.3613666228646517,2018-09-01,5.683311432325887,0.0527814279456855,0.9999999999999992,1.0,0.6,0.7231953569864211,,0.9958006522947603,1,0.4517892165879389,2,HIGH,logistic_regression_synthetic_v0_4_transfer,0.7456781676471622,logistic_regression,v0_4_population_alias_revision,central_calibration_worlds_005_006_rank1_f1_max,0.9958006522947603
18-29896,18-167431,2018-03-02,2018-12-03,NAME:cnieg,NAME_FALLBACK,9.067017082785808,2018-09-02,3.0223390275952693,0.4962768287341218,0.0347000125547989,0.4,0.6,0.31621421157771,,0.8342722973941715,1,0.0199541476639888,3,POTENTIAL,logistic_regression_synthetic_v0_4_transfer,0.7456781676471622,logistic_regression,v0_4_population_alias_revision,central_calibration_worlds_005_006_rank1_f1_max,0.8342722973941715
18-30024,19-169787,2018-03-04,2019-11-12,NAME:angers loire metropole,NAME_FALLBACK,20.302233902759525,2019-05-16,5.913272010512483,0.0144546649145861,0.0,0.1,0.6,0.0936136662286465,,0.9159416583959898,8,0.0067804281288463,10,POTENTIAL,logistic_regression_synthetic_v0_4_transfer,0.7456781676471622,logistic_regression,v0_4_population_alias_revision,central_calibration_worlds_005_006_rank1_f1_max,0.9159416583959898
18-30222,19-1779,2018-03-04,2019-01-09,SIRET:23440003400026,RAW_SIRET,10.21681997371879,2019-04-11,3.0223390275952693,0.4962768287341218,0.0079692016179902,0.8,1.0,0.466858427749827,,0.9955819046932928,1,0.075947591152199,8,HIGH,logistic_regression_synthetic_v0_4_transfer,0.7456781676471622,logistic_regression,v0_4_population_alias_revision,central_calibration_worlds_005_006_rank1_f1_max,0.9955819046932928
18-31687,19-56150,2018-03-08,2019-04-10,NAME:conseil regional des pays de la loire,NAME_FALLBACK,13.074901445466493,2019-03-06,1.149802890932983,0.8083661848445028,0.0060912294184735,0.2,0.6,0.3242234765075915,,0.9359343483225834,3,0.0459778599136682,7,POTENTIAL,logistic_regression_synthetic_v0_4_transfer,0.7456781676471622,logistic_regression,v0_4_population_alias_revision,central_calibration_worlds_005_006_rank1_f1_max,0.9359343483225834
18-32259,19-10579,2018-03-07,2019-01-21,NAME:ville d angers,NAME_FALLBACK,10.512483574244415,2018-09-07,4.467805519053877,0.2553657468243538,0.0209101714787785,0.1,0.6,0.1611599967236609,,0.8193309541666007,1,0.1611599967236609,1,HIGH,logistic_regression_synthetic_v0_4_transfer,0.7456781676471622,logistic_regression,v0_4_population_alias_revision,central_calibration_worlds_005_006_rank1_f1_max,0.8193309541666007
18-32739,18-38804,2018-03-08,2018-03-20,NAME:commune de la baule,NAME_FALLBACK,0.3942181340341655,2018-07-08,3.6136662286465175,0.3977222952255804,0.0936872916680928,1.0,0.6,0.4922211258902276,,0.9950278370231435,1,0.4922211258902276,1,HIGH,logistic_regression_synthetic_v0_4_transfer,0.7456781676471622,logistic_regression,v0_4_population_alias_revision,central_calibration_worlds_005_006_rank1_f1_max,0.9950278370231435
18-35804,18-72093,2018-03-16,2018-05-30,NAME:ccir pays de la loire,NAME_FALLBACK,2.463863337713535,2018-07-16,1.5440210249671484,0.7426631625054753,1.0,1.0,0.6,0.8956657906263688,,0.9992202599687251,1,0.6570470876123137,3,HIGH,logistic_regression_synthetic_v0_4_transfer,0.7456781676471622,logistic_regression,v0_4_population_alias_revision,central_calibration_worlds_005_006_rank1_f1_max,0.9992202599687251
18-36652,18-38591,2018-03-20,2018-03-21,NAME:commune de saint-nazaire,NAME_FALLBACK,0.0328515111695138,2018-09-20,6.011826544021025,0.0,0.60649659215854,1.0,0.6,0.5722738072554889,,0.9985695973300405,1,0.2672751505970602,4,HIGH,logistic_regression_synthetic_v0_4_transfer,0.7456781676471622,logistic_regression,v0_4_population_alias_revision,central_calibration_worlds_005_006_rank1_f1_max,0.9985695973300405
18-37425,19-43671,2018-03-18,2019-03-20,NAME:universite de nantes,NAME_FALLBACK,12.056504599211562,2019-01-19,1.971090670170828,0.6714848883048621,0.2475575644476099,0.2,0.6,0.374516369632879,,0.9368958562189525,1,0.0554330303397888,5,HIGH,logistic_regression_synthetic_v0_4_transfer,0.7456781676471622,logistic_regression,v0_4_population_alias_revision,central_calibration_worlds_005_006_rank1_f1_max,0.9368958562189525
18-38591,18-97311,2018-03-21,2018-07-12,NAME:commune de saint-nazaire,NAME_FALLBACK,3.712220762155059,2018-09-21,2.33245729303548,0.61125711782742,0.2426427402049477,0.1,0.6,0.3277392385285867,,0.9048688928629969,1,0.0004971500163357,3,POTENTIAL,logistic_regression_synthetic_v0_4_transfer,0.7456781676471622,logistic_regression,v0_4_population_alias_revision,central_calibration_worlds_005_006_rank1_f1_max,0.9048688928629969
18-38970,18-132522,2018-03-21,2018-09-24,NAME:gpm de nantes - st nazaire,NAME_FALLBACK,6.14323258869908,2018-09-21,0.0985545335085413,0.9835742444152432,0.0365824798984185,0.1,0.6,0.3486974290682572,,0.7791488330837588,1,0.0594193804526564,4,HIGH,logistic_regression_synthetic_v0_4_transfer,0.7456781676471622,logistic_regression,v0_4_population_alias_revision,central_calibration_worlds_005_006_rank1_f1_max,0.7791488330837588
18-38978,18-132522,2018-03-21,2018-09-24,NAME:gpm de nantes - st nazaire,NAME_FALLBACK,6.14323258869908,2018-09-21,0.0985545335085413,0.9835742444152432,0.0321345230247339,0.1,0.6,0.3471406441624676,,0.7783416287757309,1,0.0581862304731118,4,HIGH,logistic_regression_synthetic_v0_4_transfer,0.7456781676471622,logistic_regression,v0_4_population_alias_revision,central_calibration_worlds_005_006_rank1_f1_max,0.7783416287757309
18-41400,18-177907,2018-03-26,2018-12-20,NAME:mairie de coueron,NAME_FALLBACK,8.83705650459921,2018-09-26,2.7923784494086727,0.5346035917652212,0.9999999999999998,0.1,0.6,0.5736508979413053,,0.9214330926837482,1,0.3859636563416649,2,HIGH,logistic_regression_synthetic_v0_4_transfer,0.7456781676471622,logistic_regression,v0_4_population_alias_revision,central_calibration_worlds_005_006_rank1_f1_max,0.9214330926837482
18-43533,18-154990,2018-03-30,2018-11-10,NAME:conseil departemental de la mayenne,NAME_FALLBACK,7.391590013140604,2018-09-30,1.3469119579500657,0.775514673674989,0.0,0.1,0.6,0.2838786684187472,,0.8328027541862402,1,0.2838786684187472,1,HIGH,logistic_regression_synthetic_v0_4_transfer,0.7456781676471622,logistic_regression,v0_4_population_alias_revision,central_calibration_worlds_005_006_rank1_f1_max,0.8328027541862402
18-44367,18-114528,2018-03-30,2018-08-10,NAME:ville des sables d olonne,NAME_FALLBACK,4.369250985545335,2018-07-30,0.3613666228646517,0.939772229522558,0.0,0.4,0.6,0.4149430573806394,,0.7560712514777663,1,0.0802366482386004,3,HIGH,logistic_regression_synthetic_v0_4_transfer,0.7456781676471622,logistic_regression,v0_4_population_alias_revision,central_calibration_worlds_005_006_rank1_f1_max,0.7560712514777663
18-46804,21-16505,2018-04-05,2021-02-06,NAME:conseil regional des pays de la loire,NAME_FALLBACK,34.09986859395532,2021-01-02,1.149802890932983,0.8083661848445028,0.0653437010072136,0.0,0.6,0.2849618415636505,,0.9870428423328711,1,0.0534295030687647,8,HIGH,logistic_regression_synthetic_v0_4_transfer,0.7456781676471622,logistic_regression,v0_4_population_alias_revision,central_calibration_worlds_005_006_rank1_f1_max,0.9870428423328711
18-53804,19-151382,2018-04-22,2019-10-09,NAME:nantes metropole,NAME_FALLBACK,17.57555847568988,2019-08-21,1.609724047306176,0.731712658782304,0.0194790874287273,0.2,0.6,0.3097458452956305,,0.8854502168727416,3,0.0074814488072435,19,POTENTIAL,logistic_regression_synthetic_v0_4_transfer,0.7456781676471622,logistic_regression,v0_4_population_alias_revision,central_calibration_worlds_005_006_rank1_f1_max,0.8854502168727416
18-54451,19-142286,2018-04-29,2019-09-19,NAME:commune de nantes,NAME_FALLBACK,16.68856767411301,2019-08-17,1.0840998685939554,0.8193166885676741,0.0170603410167287,0.1,0.6,0.3008002914977736,,0.9658398299735627,1,0.0275322400529712,7,POTENTIAL,logistic_regression_synthetic_v0_4_transfer,0.7456781676471622,logistic_regression,v0_4_population_alias_revision,central_calibration_worlds_005_006_rank1_f1_max,0.9658398299735627
18-54467,19-43671,2018-04-21,2019-03-20,NAME:universite de nantes,NAME_FALLBACK,10.939553219448094,2019-03-07,0.4270696452036793,0.9288217257993868,0.0221380202344374,0.2,0.6,0.3599537385318998,,0.941345609088895,2,0.0227176571663352,4,POTENTIAL,logistic_regression_synthetic_v0_4_transfer,0.7456781676471622,logistic_regression,v0_4_population_alias_revision,central_calibration_worlds_005_006_rank1_f1_max,0.941345609088895
18-546,19-16795,2018-01-05,2019-01-31,NAME:angers loire metropole,NAME_FALLBACK,12.844940867279892,2018-11-17,2.463863337713535,0.5893561103810776,0.0189631795570142,0.1,0.6,0.2439761404402244,,0.8514818786641107,3,0.0009648577911565,8,POTENTIAL,logistic_regression_synthetic_v0_4_transfer,0.7456781676471622,logistic_regression,v0_4_population_alias_revision,central_calibration_worlds_005_006_rank1_f1_max,0.8514818786641107
18-56546,19-55110,2018-04-24,2019-04-11,NAME:nantes metropole,NAME_FALLBACK,11.563731931668856,2018-10-24,5.551905387647832,0.074682435392028,0.0998616113519647,1.0,0.6,0.4136221728211947,,0.9993822889328456,2,0.1273199323153304,17,HIGH,logistic_regression_synthetic_v0_4_transfer,0.7456781676471622,logistic_regression,v0_4_population_alias_revision,central_calibration_worlds_005_006_rank1_f1_max,0.9993822889328456
18-57126,19-117771,2018-04-24,2019-07-29,NAME:sdis49,NAME_FALLBACK,15.14454664914586,2019-02-27,4.993429697766097,0.1677617170389838,0.2228950300575475,0.1,0.6,0.2099536897798876,,0.9349264348497224,1,0.0547434401084027,2,HIGH,logistic_regression_synthetic_v0_4_transfer,0.7456781676471622,logistic_regression,v0_4_population_alias_revision,central_calibration_worlds_005_006_rank1_f1_max,0.9349264348497224
18-57746,19-46291,2018-04-25,2019-03-25,NAME:gpm de nantes - st nazaire,NAME_FALLBACK,10.972404730617608,2018-10-25,4.960578186596584,0.1732369689005694,0.0900157657470539,0.1,0.6,0.1648147602366112,,0.7554185298483326,3,0.0732088094879223,4,HIGH,logistic_regression_synthetic_v0_4_transfer,0.7456781676471622,logistic_regression,v0_4_population_alias_revision,central_calibration_worlds_005_006_rank1_f1_max,0.7554185298483326
18-57918,18-151695,2018-04-27,2018-10-28,NAME:agce pour l enst fr a l etranger,NAME_FALLBACK,6.044678055190539,2018-10-27,0.0328515111695138,0.9945247481384144,0.1068523288338282,1.0,0.6,0.6460295021264435,,0.9992608522966909,1,0.2897176317804076,6,HIGH,logistic_regression_synthetic_v0_4_transfer,0.7456781676471622,logistic_regression,v0_4_population_alias_revision,central_calibration_worlds_005_006_rank1_f1_max,0.9992608522966909
18-58630,18-123694,2018-04-26,2018-09-04,NAME:departement de la sarthe,NAME_FALLBACK,4.303547963206308,2019-01-31,4.894875164257556,0.1841874726237407,0.0532867779001234,0.8,0.6,0.3646972404209783,,0.9044356408379011,2,0.0647754277152363,13,HIGH,logistic_regression_synthetic_v0_4_transfer,0.7456781676471622,logistic_regression,v0_4_population_alias_revision,central_calibration_worlds_005_006_rank1_f1_max,0.9044356408379011
18-58840,18-120644,2018-04-28,2018-08-30,NAME:la cite des congres de nantes,NAME_FALLBACK,4.073587385019711,2018-08-28,0.0657030223390276,0.9890494962768288,0.848584446080931,1.0,0.6,0.904266930197533,,0.9996725934241084,1,0.6403484139545663,2,HIGH,logistic_regression_synthetic_v0_4_transfer,0.7456781676471622,logistic_regression,v0_4_population_alias_revision,central_calibration_worlds_005_006_rank1_f1_max,0.9996725934241084
18-60137,20-5049,2018-07-15,2020-01-13,NAME:commune de nantes,NAME_FALLBACK,17.969776609724047,2019-12-15,0.9526938239159,0.8412176960140166,0.0931694981326472,0.1,0.6,0.3329137483499307,,0.966968055465345,1,0.0054866838730698,10,POTENTIAL,logistic_regression_synthetic_v0_4_transfer,0.7456781676471622,logistic_regression,v0_4_population_alias_revision,central_calibration_worlds_005_006_rank1_f1_max,0.966968055465345
18-60154,19-47186,2018-05-04,2019-03-26,NAME:angers loire metropole,NAME_FALLBACK,10.709592641261498,2019-04-13,0.5913272010512484,0.9014454664914586,0.0,0.1,0.6,0.3153613666228647,,0.8487963416704314,1,0.0513161667852814,8,HIGH,logistic_regression_synthetic_v0_4_transfer,0.7456781676471622,logistic_regression,v0_4_population_alias_revision,central_calibration_worlds_005_006_rank1_f1_max,0.8487963416704314
18-61256,19-74485,2018-05-05,2019-05-18,NAME:nantes metropole,NAME_FALLBACK,12.417871222076217,2019-01-18,3.942181340341656,0.342969776609724,0.0191118366932397,0.6,0.6,0.3324315869950649,,0.8967259415199134,4,0.0066474891912553,17,POTENTIAL,logistic_regression_synthetic_v0_4_transfer,0.7456781676471622,logistic_regression,v0_4_population_alias_revision,central_calibration_worlds_005_006_rank1_f1_max,0.8967259415199134
18-6138,19-41587,2018-01-17,2019-03-18,NAME:sdis 44,NAME_FALLBACK,13.961892247043364,2018-12-02,3.4822601839684624,0.4196233026719229,0.0581476929530074,0.1,0.6,0.2152575182015333,,0.986834001293386,2,0.0182511239482683,4,POTENTIAL,logistic_regression_synthetic_v0_4_transfer,0.7456781676471622,logistic_regression,v0_4_population_alias_revision,central_calibration_worlds_005_006_rank1_f1_max,0.986834001293386
18-61655,19-36958,2018-05-05,2019-03-14,NAME:nantes metropole,NAME_FALLBACK,10.282522996057818,2019-01-18,1.8068331143232588,0.6988611476127902,0.0913911828032765,1.0,0.6,0.5667022008843443,,0.9980012176569114,1,0.1919305025808986,17,HIGH,logistic_regression_synthetic_v0_4_transfer,0.7456781676471622,logistic_regression,v0_4_population_alias_revision,central_calibration_worlds_005_006_rank1_f1_max,0.9980012176569114
18-62604,19-54406,2018-05-17,2019-04-09,NAME:ville de nantes,NAME_FALLBACK,10.74244415243101,2019-02-01,2.2010512483574245,0.6331581252737626,0.0330488393611542,0.1,0.6,0.2598566250948446,,0.8053237403070548,3,0.0318839094943124,7,POTENTIAL,logistic_regression_synthetic_v0_4_transfer,0.7456781676471622,logistic_regression,v0_4_population_alias_revision,central_calibration_worlds_005_006_rank1_f1_max,0.8053237403070548
18-66502,18-125586,2018-05-16,2018-09-07,NAME:agce pour l enst fr a l etranger,NAME_FALLBACK,3.7450722733245727,2018-11-16,2.299605781865966,0.6167323696890057,0.2731917764530432,1.0,0.6,0.6098002141808165,,0.9997211379469384,1,0.2312466694236114,5,HIGH,logistic_regression_synthetic_v0_4_transfer,0.7456781676471622,logistic_regression,v0_4_population_alias_revision,central_calibration_worlds_005_006_rank1_f1_max,0.9997211379469384
18-6884,18-120601,2018-01-16,2018-08-28,NAME:chu de nantes,NAME_FALLBACK,7.35873850197109,2018-07-16,1.4126149802890933,0.7645641699518178,0.0,0.2,0.6,0.3111410424879544,,0.7934412772692617,2,0.0041064388961892,5,POTENTIAL,logistic_regression_synthetic_v0_4_transfer,0.7456781676471622,logistic_regression,v0_4_population_alias_revision,central_calibration_worlds_005_006_rank1_f1_max,0.7934412772692617
18-71355,19-152227,2018-05-27,2019-10-10,SIRET:21720181300011,RAW_SIRET,16.45860709592641,2019-05-01,5.321944809461235,0.1130091984231275,0.1797129631948702,0.2,1.0,0.2511518367239864,,0.8494475230110977,1,0.2511518367239864,1,HIGH,logistic_regression_synthetic_v0_4_transfer,0.7456781676471622,logistic_regression,v0_4_population_alias_revision,central_calibration_worlds_005_006_rank1_f1_max,0.8494475230110977
18-71689,19-137030,2018-05-29,2019-09-12,SIRET:23440003400026,RAW_SIRET,15.473061760841,2019-05-24,3.6465177398160313,0.3922470433639947,0.3541083352759809,1.0,1.0,0.6219996781875919,,0.9999843102849607,1,0.3418091394228087,7,HIGH,logistic_regression_synthetic_v0_4_transfer,0.7456781676471622,logistic_regression,v0_4_population_alias_revision,central_calibration_worlds_005_006_rank1_f1_max,0.9999843102849607
18-76556,18-121819,2018-06-06,2018-08-30,NAME:chu de nantes,NAME_FALLBACK,2.7923784494086727,2018-12-06,3.219448094612352,0.463425317564608,0.0130156896317986,0.6,0.6,0.3604118207622815,,0.8189453490137881,1,0.0027376259307928,5,POTENTIAL,logistic_regression_synthetic_v0_4_transfer,0.7456781676471622,logistic_regression,v0_4_population_alias_revision,central_calibration_worlds_005_006_rank1_f1_max,0.8189453490137881
18-79401,19-128681,2018-06-10,2019-08-24,SIRET:23440003400026,RAW_SIRET,14.45466491458607,2019-04-28,3.876478318002628,0.3539202803328953,0.0119520078121523,0.2,1.0,0.2526632728174771,,0.9184905133037409,3,0.03654969828948,8,POTENTIAL,logistic_regression_synthetic_v0_4_transfer,0.7456781676471622,logistic_regression,v0_4_population_alias_revision,central_calibration_worlds_005_006_rank1_f1_max,0.9184905133037409
18-79940,18-126992,2018-06-13,2018-09-13,NAME:esat foyers,NAME_FALLBACK,3.0223390275952693,2018-12-13,2.9894875164257555,0.5017520805957074,0.8630533981161581,1.0,0.6,0.7875067094895822,,0.9989551752351177,1,0.4112107129761552,2,HIGH,logistic_regression_synthetic_v0_4_transfer,0.7456781676471622,logistic_regression,v0_4_population_alias_revision,central_calibration_worlds_005_006_rank1_f1_max,0.9989551752351177
18-86637,19-87996,2018-06-22,2019-06-06,NAME:mauges communaute,NAME_FALLBACK,11.465177398160314,2018-12-22,5.45335085413929,0.0911081909767849,0.0075443351695208,0.1,0.6,0.1154175650535285,,0.810358599818054,1,0.1154175650535285,1,HIGH,logistic_regression_synthetic_v0_4_transfer,0.7456781676471622,logistic_regression,v0_4_population_alias_revision,central_calibration_worlds_005_006_rank1_f1_max,0.810358599818054
18-87166,19-56150,2018-06-24,2019-04-10,NAME:conseil regional des pays de la loire,NAME_FALLBACK,9.526938239159,2019-04-20,0.328515111695138,0.9452474813841436,0.0,1.0,0.6,0.5963118703460359,,0.999950298012077,1,0.2861341823688993,6,HIGH,logistic_regression_synthetic_v0_4_transfer,0.7456781676471622,logistic_regression,v0_4_population_alias_revision,central_calibration_worlds_005_006_rank1_f1_max,0.999950298012077
18-8879,20-16671,2018-01-21,2020-02-05,NAME:gie sesam vitale,NAME_FALLBACK,24.47437582128778,2019-09-03,5.091984231274639,0.1513359614542269,0.1983931576949322,0.4,0.6,0.287271595556783,,0.9923477627158334,2,0.0088125043118109,6,POTENTIAL,logistic_regression_synthetic_v0_4_transfer,0.7456781676471622,logistic_regression,v0_4_population_alias_revision,central_calibration_worlds_005_006_rank1_f1_max,0.9923477627158334
18-90097,20-11000,2018-06-30,2020-01-25,NAME:nantes metropole,NAME_FALLBACK,18.85676741130092,2019-12-15,1.3469119579500657,0.775514673674989,0.2177114138342692,1.0,0.6,0.6300776632607414,,0.9999564515761625,1,0.032663910231484,22,POTENTIAL,logistic_regression_synthetic_v0_4_transfer,0.7456781676471622,logistic_regression,v0_4_population_alias_revision,central_calibration_worlds_005_006_rank1_f1_max,0.9999564515761625
18-90441,19-55110,2018-06-29,2019-04-11,NAME:nantes metropole,NAME_FALLBACK,9.395532194480946,2018-12-29,3.383705650459921,0.4360490582566798,0.0901206455475742,0.1,0.6,0.2305544905058209,,0.7844232543605402,10,0.1419223830325278,17,HIGH,logistic_regression_synthetic_v0_4_transfer,0.7456781676471622,logistic_regression,v0_4_population_alias_revision,central_calibration_worlds_005_006_rank1_f1_max,0.7844232543605402
18-90932,19-41352,2018-07-01,2019-03-15,NAME:agence regionale pays de la loire ti,NAME_FALLBACK,8.442838370565045,2019-01-01,2.3981603153745072,0.6003066141042488,0.0041211910709917,0.1,0.6,0.2415190704009093,,0.8279187782789085,1,0.2415190704009093,1,HIGH,logistic_regression_synthetic_v0_4_transfer,0.7456781676471622,logistic_regression,v0_4_population_alias_revision,central_calibration_worlds_005_006_rank1_f1_max,0.8279187782789085
18-94561,19-106149,2018-07-08,2019-07-09,NAME:universite d angers,NAME_FALLBACK,12.02365308804205,2019-04-22,2.562417871222076,0.5729303547963207,0.0211976097369612,0.1,0.6,0.2406517521070166,,0.9015126096816168,1,0.0512956534357157,3,HIGH,logistic_regression_synthetic_v0_4_transfer,0.7456781676471622,logistic_regression,v0_4_population_alias_revision,central_calibration_worlds_005_006_rank1_f1_max,0.9015126096816168
18-99139,19-85601,2018-07-15,2019-06-05,SIRET:20007186800018,RAW_SIRET,10.676741130091983,2019-03-21,2.4967148488830486,0.5838808585194919,0.0716552563765015,0.4,1.0,0.3910495543616484,,0.9466109857160055,1,0.3910495543616484,1,HIGH,logistic_regression_synthetic_v0_4_transfer,0.7456781676471622,logistic_regression,v0_4_population_alias_revision,central_calibration_worlds_005_006_rank1_f1_max,0.9466109857160055
19-100667,20-37796,2019-07-01,2020-03-12,NAME:communaute d agglomeration du niortais,NAME_FALLBACK,8.377135348226018,2020-01-01,2.33245729303548,0.61125711782742,0.15294155665177,0.1,0.6,0.2963438242849745,,0.8301761936849631,2,0.1664332234592213,2,HIGH,logistic_regression_synthetic_v0_4_transfer,0.7456781676471622,logistic_regression,v0_4_population_alias_revision,central_calibration_worlds_005_006_rank1_f1_max,0.8301761936849631
19-101998,20-52194,2019-07-04,2020-04-14,NAME:mairie de coueron,NAME_FALLBACK,9.362680683311432,2020-05-24,1.314060446780552,0.7809899255365746,0.3146359877500213,0.1,0.6,0.3953700770966511,,0.9115988818481296,1,0.1991933728333312,2,HIGH,logistic_regression_synthetic_v0_4_transfer,0.7456781676471622,logistic_regression,v0_4_population_alias_revision,central_calibration_worlds_005_006_rank1_f1_max,0.9115988818481296
19-102776,20-96647,2019-07-05,2020-07-31,SIRET:21440143200015,RAW_SIRET,12.877792378449408,2020-05-14,2.562417871222076,0.5729303547963207,0.0043991834892149,0.2,1.0,0.3047723029203054,,0.806497048600075,1,0.3047723029203054,1,HIGH,logistic_regression_synthetic_v0_4_transfer,0.7456781676471622,logistic_regression,v0_4_population_alias_revision,central_calibration_worlds_005_006_rank1_f1_max,0.806497048600075
19-103833,19-105305,2019-07-05,2019-07-08,NAME:metropole nantes metropole,NAME_FALLBACK,0.0985545335085413,2020-01-05,5.946123521681997,0.0089794130530004,0.9999999999999998,0.1,0.6,0.4422448532632499,,0.7535853981827912,1,0.3378216128309707,2,HIGH,logistic_regression_synthetic_v0_4_transfer,0.7456781676471622,logistic_regression,v0_4_population_alias_revision,central_calibration_worlds_005_006_rank1_f1_max,0.7535853981827912
19-105083,20-11000,2019-07-10,2020-01-25,NAME:nantes metropole,NAME_FALLBACK,6.5374507227332455,2020-01-10,0.4927726675427069,0.9178712220762156,0.0357270134828651,1.0,0.6,0.6019722602380566,,0.9988892643274248,1,0.0417641193029014,22,POTENTIAL,logistic_regression_synthetic_v0_4_transfer,0.7456781676471622,logistic_regression,v0_4_population_alias_revision,central_calibration_worlds_005_006_rank1_f1_max,0.9988892643274248
19-105305,20-71610,2019-07-08,2020-06-07,NAME:metropole nantes metropole,NAME_FALLBACK,11.00525624178712,2020-01-08,4.960578186596584,0.1732369689005694,0.0149155345809317,0.1,0.6,0.1385296793284684,,0.8156605106149124,1,0.1385296793284684,1,HIGH,logistic_regression_synthetic_v0_4_transfer,0.7456781676471622,logistic_regression,v0_4_population_alias_revision,central_calibration_worlds_005_006_rank1_f1_max,0.8156605106149124
19-105444,20-91088,2019-07-10,2020-07-18,SIRET:24720013200014,RAW_SIRET,12.28646517739816,2020-05-10,2.266754270696452,0.6222076215505914,1.0,1.0,1.0,0.9055519053876476,,0.9999628506956547,1,0.9055519053876476,1,HIGH,logistic_regression_synthetic_v0_4_transfer,0.7456781676471622,logistic_regression,v0_4_population_alias_revision,central_calibration_worlds_005_006_rank1_f1_max,0.9999628506956547
19-106149,20-106379,2019-07-09,2020-08-29,NAME:universite d angers,NAME_FALLBACK,13.699080157687254,2020-03-23,5.223390275952694,0.1294349540078844,0.0048539046804587,0.1,0.6,0.1240576051401316,,0.8244663366459,4,0.2347047332276265,5,HIGH,logistic_regression_synthetic_v0_4_transfer,0.7456781676471622,logistic_regression,v0_4_population_alias_revision,central_calibration_worlds_005_006_rank1_f1_max,0.8244663366459
19-110370,20-38676,2019-07-19,2020-03-15,NAME:commune de nantes,NAME_FALLBACK,7.884362680683311,2020-01-19,1.8396846254927728,0.6933858957512046,0.6170995647021217,1.0,0.6,0.7493313215835438,,0.999901593788914,1,0.3814528556380065,9,HIGH,logistic_regression_synthetic_v0_4_transfer,0.7456781676471622,logistic_regression,v0_4_population_alias_revision,central_calibration_worlds_005_006_rank1_f1_max,0.999901593788914
19-110681,20-17796,2019-07-16,2020-02-04,NAME:cc vendee grand littoral,NAME_FALLBACK,6.668856767411301,2020-01-16,0.6241787122207622,0.8959702146298729,0.0318094736129741,0.1,0.6,0.3251258694220092,,0.8410349561571691,1,0.3251258694220092,1,HIGH,logistic_regression_synthetic_v0_4_transfer,0.7456781676471622,logistic_regression,v0_4_population_alias_revision,central_calibration_worlds_005_006_rank1_f1_max,0.8410349561571691
19-11185,19-124888,2019-01-23,2019-08-13,NAME:departement de maine-et-loire,NAME_FALLBACK,6.636005256241787,2019-07-23,0.6898817345597897,0.8850197109067017,0.9650727723557216,1.0,0.6,0.9190303980511778,,0.9997293528888784,1,0.6886604677367947,5,HIGH,logistic_regression_synthetic_v0_4_transfer,0.7456781676471622,logistic_regression,v0_4_population_alias_revision,central_calibration_worlds_005_006_rank1_f1_max,0.9997293528888784
19-113409,20-37796,2019-07-19,2020-03-12,NAME:communaute d agglomeration du niortais,NAME_FALLBACK,7.7858081471747695,2020-01-19,1.7411300919842312,0.7098116513359615,0.15294155665177,0.1,0.6,0.3209824576621098,,0.8522148503835365,1,0.3209824576621098,1,HIGH,logistic_regression_synthetic_v0_4_transfer,0.7456781676471622,logistic_regression,v0_4_population_alias_revision,central_calibration_worlds_005_006_rank1_f1_max,0.8522148503835365
19-117328,19-145845,2019-07-26,2019-09-26,NAME:ctre hosp universitaire angers,NAME_FALLBACK,2.0367936925098555,2020-01-26,4.007884362680684,0.3320192728865527,0.0,1.0,0.6,0.4430048182216382,,0.999008750737343,1,0.0101640110433356,5,POTENTIAL,logistic_regression_synthetic_v0_4_transfer,0.7456781676471622,logistic_regression,v0_4_population_alias_revision,central_calibration_worlds_005_006_rank1_f1_max,0.999008750737343
19-117771,19-174440,2019-07-29,2019-11-21,NAME:sdis49,NAME_FALLBACK,3.7779237844940874,2020-03-19,3.9093298291721417,0.3484450284713097,0.9295829620997308,1.0,0.6,0.7724652938527332,,0.9990870594682095,1,0.7724652938527332,1,HIGH,logistic_regression_synthetic_v0_4_transfer,0.7456781676471622,logistic_regression,v0_4_population_alias_revision,central_calibration_worlds_005_006_rank1_f1_max,0.9990870594682095
19-118070,20-35528,2019-07-29,2020-03-09,NAME:mauges communaute,NAME_FALLBACK,7.35873850197109,2020-01-29,1.314060446780552,0.7809899255365746,0.0363823924577311,0.1,0.6,0.2979813187443495,,0.795539917360475,1,0.0314826982041173,3,POTENTIAL,logistic_regression_synthetic_v0_4_transfer,0.7456781676471622,logistic_regression,v0_4_population_alias_revision,central_calibration_worlds_005_006_rank1_f1_max,0.795539917360475
19-119269,20-26585,2019-08-02,2020-02-23,NAME:nantes metropole,NAME_FALLBACK,6.734559789750328,2020-02-02,0.6898817345597897,0.8850197109067017,0.2014592774290834,1.0,0.6,0.6517656748268545,,0.9933154598751676,1,0.0226240154972652,22,POTENTIAL,logistic_regression_synthetic_v0_4_transfer,0.7456781676471622,logistic_regression,v0_4_population_alias_revision,central_calibration_worlds_005_006_rank1_f1_max,0.9933154598751676
19-123696,19-138231,2019-08-08,2019-09-11,NAME:cc du pays de mortagne,NAME_FALLBACK,1.1169513797634691,2019-12-08,2.890932982917214,0.5181778361804643,0.9999999999999998,1.0,0.6,0.839544459045116,,0.9987314728248124,1,0.839544459045116,1,HIGH,logistic_regression_synthetic_v0_4_transfer,0.7456781676471622,logistic_regression,v0_4_population_alias_revision,central_calibration_worlds_005_006_rank1_f1_max,0.9987314728248124
19-124424,20-152502,2019-08-11,2020-12-14,NAME:chd vendee,NAME_FALLBACK,16.130091984231274,2021-02-23,2.33245729303548,0.61125711782742,0.4552416812193399,1.0,0.6,0.672148867883624,,0.9999952924749853,1,0.672148867883624,1,HIGH,logistic_regression_synthetic_v0_4_transfer,0.7456781676471622,logistic_regression,v0_4_population_alias_revision,central_calibration_worlds_005_006_rank1_f1_max,0.9999952924749853
19-124888,20-95675,2019-08-13,2020-07-28,NAME:departement de maine-et-loire,NAME_FALLBACK,11.498028909329827,2020-02-13,5.45335085413929,0.0911081909767849,0.1156773255725804,0.1,0.6,0.1532641116945994,,0.7586493374842774,3,0.0685941084356218,4,HIGH,logistic_regression_synthetic_v0_4_transfer,0.7456781676471622,logistic_regression,v0_4_population_alias_revision,central_calibration_worlds_005_006_rank1_f1_max,0.7586493374842774
19-125270,19-145845,2019-08-14,2019-09-26,NAME:ctre hosp universitaire angers,NAME_FALLBACK,1.4126149802890933,2020-02-14,4.6320630749014455,0.2279894875164257,0.0499416391568894,1.0,0.6,0.4344769455840178,,0.9988338589849011,1,0.1591647984383887,4,HIGH,logistic_regression_synthetic_v0_4_transfer,0.7456781676471622,logistic_regression,v0_4_population_alias_revision,central_calibration_worlds_005_006_rank1_f1_max,0.9988338589849011
19-127477,21-83160,2020-05-02,2021-06-25,NAME:angers loire metropole,NAME_FALLBACK,13.76478318002628,2021-09-20,2.8580814717477003,0.52365308804205,0.0122231613029596,0.4,0.6,0.3151913784665484,,0.9320270423186897,1,0.0189299886209502,5,POTENTIAL,logistic_regression_synthetic_v0_4_transfer,0.7456781676471622,logistic_regression,v0_4_population_alias_revision,central_calibration_worlds_005_006_rank1_f1_max,0.9320270423186897
19-128681,20-142015,2019-08-24,2020-11-21,SIRET:23440003400026,RAW_SIRET,14.947437582128778,2020-08-12,3.3180026281208934,0.4469995619798511,0.0020994491458347,1.0,1.0,0.5124846976960049,,0.9999763227877544,1,0.1393510212787705,7,HIGH,logistic_regression_synthetic_v0_4_transfer,0.7456781676471622,logistic_regression,v0_4_population_alias_revision,central_calibration_worlds_005_006_rank1_f1_max,0.9999763227877544
19-12872,19-113409,2019-01-24,2019-07-19,NAME:communaute d agglomeration du niortais,NAME_FALLBACK,5.781865965834428,2019-07-24,0.164257555847569,0.9726237406920718,0.0360057685622242,0.1,0.6,0.3457579541697964,,0.7835026984194821,1,0.0135201014791757,3,POTENTIAL,logistic_regression_synthetic_v0_4_transfer,0.7456781676471622,logistic_regression,v0_4_population_alias_revision,central_calibration_worlds_005_006_rank1_f1_max,0.7835026984194821
19-131092,20-67439,2019-08-30,2020-05-25,NAME:sdis 44,NAME_FALLBACK,8.83705650459921,2020-06-05,0.3613666228646517,0.939772229522558,0.1339338525134966,0.6,0.6,0.5218199057603633,,0.9881181591944219,1,0.2763767004718782,3,HIGH,logistic_regression_synthetic_v0_4_transfer,0.7456781676471622,logistic_regression,v0_4_population_alias_revision,central_calibration_worlds_005_006_rank1_f1_max,0.9881181591944219
19-131225,20-67439,2019-08-29,2020-05-25,NAME:sdis 44,NAME_FALLBACK,8.869908015768726,2020-01-29,3.843626806833114,0.3593955321944809,0.0470969840506688,0.6,0.6,0.3463328274663543,,0.9581210133641438,2,0.014326459986491,4,POTENTIAL,logistic_regression_synthetic_v0_4_transfer,0.7456781676471622,logistic_regression,v0_4_population_alias_revision,central_calibration_worlds_005_006_rank1_f1_max,0.9581210133641438
19-131601,20-67439,2019-08-29,2020-05-25,NAME:sdis 44,NAME_FALLBACK,8.869908015768726,2020-01-29,3.843626806833114,0.3593955321944809,0.3720286885757924,0.6,0.6,0.4600589240501475,,0.9698929749477814,1,0.0374901167670113,4,POTENTIAL,logistic_regression_synthetic_v0_4_transfer,0.7456781676471622,logistic_regression,v0_4_population_alias_revision,central_calibration_worlds_005_006_rank1_f1_max,0.9698929749477814
19-141668,20-72017,2019-09-19,2020-06-04,NAME:sdis 85,NAME_FALLBACK,8.508541392904073,2020-07-19,1.4783180026281209,0.7536136662286466,0.1963624123456064,0.6,0.6,0.4971302608781239,,0.9852265396543891,1,0.2670972995068647,2,HIGH,logistic_regression_synthetic_v0_4_transfer,0.7456781676471622,logistic_regression,v0_4_population_alias_revision,central_calibration_worlds_005_006_rank1_f1_max,0.9852265396543891
19-142286,20-38676,2019-09-19,2020-03-15,NAME:commune de nantes,NAME_FALLBACK,5.847568988173456,2020-03-19,0.1314060446780552,0.9780989925536576,0.0578242590656599,0.1,0.6,0.3547632388113954,,0.920191008394339,1,0.0058688217846034,9,POTENTIAL,logistic_regression_synthetic_v0_4_transfer,0.7456781676471622,logistic_regression,v0_4_population_alias_revision,central_calibration_worlds_005_006_rank1_f1_max,0.920191008394339
19-143955,19-177480,2019-09-24,2019-11-28,SIRET:23440003400026,RAW_SIRET,2.135348226018397,2020-01-24,1.8725361366622864,0.687910643889619,0.9566688505698498,1.0,1.0,0.9068117586718522,,0.9989226267168054,1,0.5562298223793227,6,HIGH,logistic_regression_synthetic_v0_4_transfer,0.7456781676471622,logistic_regression,v0_4_population_alias_revision,central_calibration_worlds_005_006_rank1_f1_max,0.9989226267168054
19-145053,19-174809,2019-09-24,2019-11-20,NAME:departement de la sarthe,NAME_FALLBACK,1.8725361366622864,2020-03-24,4.106438896189225,0.3155935173017958,0.9840442363160228,1.0,0.6,0.7833138620360569,,0.996401450146028,1,0.3803644939735831,7,HIGH,logistic_regression_synthetic_v0_4_transfer,0.7456781676471622,logistic_regression,v0_4_population_alias_revision,central_calibration_worlds_005_006_rank1_f1_max,0.996401450146028
19-147943,20-142015,2019-10-02,2020-11-21,SIRET:23440003400026,RAW_SIRET,13.66622864651774,2020-07-23,3.975032851511169,0.3374945247481384,0.0,0.2,1.0,0.2443736311870346,,0.8972914676465119,5,0.0458698064042025,8,POTENTIAL,logistic_regression_synthetic_v0_4_transfer,0.7456781676471622,logistic_regression,v0_4_population_alias_revision,central_calibration_worlds_005_006_rank1_f1_max,0.8972914676465119
19-151382,20-11000,2019-10-09,2020-01-25,NAME:nantes metropole,NAME_FALLBACK,3.54796320630749,2020-04-09,2.463863337713535,0.5893561103810776,0.1193336988874655,1.0,0.6,0.5491058222058823,,0.9944995471410719,1,0.1868092334057915,24,HIGH,logistic_regression_synthetic_v0_4_transfer,0.7456781676471622,logistic_regression,v0_4_population_alias_revision,central_calibration_worlds_005_006_rank1_f1_max,0.9944995471410719
19-152453,20-10180,2019-10-10,2020-01-24,NAME:chd vendee,NAME_FALLBACK,3.4822601839684624,2020-05-22,3.9093298291721417,0.3484450284713097,1.0,1.0,0.6,0.7971112571178274,,0.998941041865925,1,0.6162011772641207,2,HIGH,logistic_regression_synthetic_v0_4_transfer,0.7456781676471622,logistic_regression,v0_4_population_alias_revision,central_calibration_worlds_005_006_rank1_f1_max,0.998941041865925
19-15392,20-13755,2019-01-29,2020-01-28,NAME:departement de la sarthe,NAME_FALLBACK,11.957950065703022,2019-07-29,6.011826544021025,0.0,0.1366678728047405,1.0,0.6,0.4078337554816592,,0.9986045833972915,1,0.0830244633620203,9,HIGH,logistic_regression_synthetic_v0_4_transfer,0.7456781676471622,logistic_regression,v0_4_population_alias_revision,central_calibration_worlds_005_006_rank1_f1_max,0.9986045833972915
19-15670,19-145845,2019-02-01,2019-09-26,NAME:ctre hosp universitaire angers,NAME_FALLBACK,7.7858081471747695,2020-02-16,4.697766097240473,0.2170389837932544,0.0112708860055277,1.0,0.6,0.4182045560502483,,0.9997761159037672,1,0.1410974003650162,4,HIGH,logistic_regression_synthetic_v0_4_transfer,0.7456781676471622,logistic_regression,v0_4_population_alias_revision,central_calibration_worlds_005_006_rank1_f1_max,0.9997761159037672
19-163024,21-31568,2019-10-27,2021-03-11,NAME:gie sesam vitale,NAME_FALLBACK,16.45860709592641,2021-02-08,1.0183968462549278,0.8302671922908453,0.0,0.4,0.6,0.3875667980727113,,0.9799943347042286,1,0.0506460797196671,5,HIGH,logistic_regression_synthetic_v0_4_transfer,0.7456781676471622,logistic_regression,v0_4_population_alias_revision,central_calibration_worlds_005_006_rank1_f1_max,0.9799943347042286
19-164966,21-15253,2019-10-30,2021-02-02,NAME:commune de nantes,NAME_FALLBACK,15.14454664914586,2020-10-30,3.1208935611038107,0.4798510731493649,0.0283114372046852,0.1,0.6,0.219871771308981,,0.9212538890650923,3,0.007304387449185,6,POTENTIAL,logistic_regression_synthetic_v0_4_transfer,0.7456781676471622,logistic_regression,v0_4_population_alias_revision,central_calibration_worlds_005_006_rank1_f1_max,0.9212538890650923
19-166458,20-106379,2019-11-04,2020-08-29,NAME:universite d angers,NAME_FALLBACK,9.822601839684625,2020-06-12,2.562417871222076,0.5729303547963207,0.0,0.1,0.6,0.2332325886990801,,0.8320925175329971,1,0.0287450722733245,3,POTENTIAL,logistic_regression_synthetic_v0_4_transfer,0.7456781676471622,logistic_regression,v0_4_population_alias_revision,central_calibration_worlds_005_006_rank1_f1_max,0.8320925175329971
19-169357,20-94462,2019-11-08,2020-07-26,NAME:ch le mans,NAME_FALLBACK,8.5742444152431,2020-05-08,2.59526938239159,0.567455102934735,0.0154155292966051,1.0,0.6,0.5072592109874956,,0.9992175515352368,1,0.2086689233379483,5,HIGH,logistic_regression_synthetic_v0_4_transfer,0.7456781676471622,logistic_regression,v0_4_population_alias_revision,central_calibration_worlds_005_006_rank1_f1_max,0.9992175515352368
19-169855,20-27358,2019-11-12,2020-02-23,NAME:gie sesam vitale,NAME_FALLBACK,3.383705650459921,2020-05-12,2.59526938239159,0.567455102934735,0.0774316433088956,1.0,0.6,0.5289648508917972,,0.9974433408035561,1,0.1736969227680959,4,HIGH,logistic_regression_synthetic_v0_4_transfer,0.7456781676471622,logistic_regression,v0_4_population_alias_revision,central_calibration_worlds_005_006_rank1_f1_max,0.9974433408035561
19-17058,20-110309,2019-02-03,2020-09-10,SIRET:23440003400026,RAW_SIRET,19.21813403416557,2020-07-23,1.609724047306176,0.731712658782304,0.0160559764594868,1.0,1.0,0.5885477564563963,,0.9999637265467903,1,0.2251591659894387,8,HIGH,logistic_regression_synthetic_v0_4_transfer,0.7456781676471622,logistic_regression,v0_4_population_alias_revision,central_calibration_worlds_005_006_rank1_f1_max,0.9999637265467903
19-172484,20-129474,2019-11-20,2020-10-21,NAME:spr pays de la loire,NAME_FALLBACK,11.038107752956636,2020-12-17,1.8725361366622864,0.687910643889619,0.0389883890692751,0.1,0.6,0.2756235971466511,,0.988262834415864,1,0.2756235971466511,1,HIGH,logistic_regression_synthetic_v0_4_transfer,0.7456781676471622,logistic_regression,v0_4_population_alias_revision,central_calibration_worlds_005_006_rank1_f1_max,0.988262834415864
19-174098,21-16505,2019-11-21,2021-02-06,NAME:conseil regional des pays de la loire,NAME_FALLBACK,14.553219448094612,2020-09-14,4.763469119579501,0.2060884800700831,0.194104982295583,0.2,0.6,0.2394588638209748,,0.9309698291077714,3,0.024730677413622,4,POTENTIAL,logistic_regression_synthetic_v0_4_transfer,0.7456781676471622,logistic_regression,v0_4_population_alias_revision,central_calibration_worlds_005_006_rank1_f1_max,0.9309698291077714
19-174412,21-88699,2019-11-22,2021-06-30,NAME:semitan,NAME_FALLBACK,19.250985545335084,2021-01-30,4.960578186596584,0.1732369689005694,0.3084273023420862,0.2,0.6,0.2712587980448725,,0.9743522682680684,2,0.0113649426471993,6,POTENTIAL,logistic_regression_synthetic_v0_4_transfer,0.7456781676471622,logistic_regression,v0_4_population_alias_revision,central_calibration_worlds_005_006_rank1_f1_max,0.9743522682680684
19-175998,21-90254,2019-11-24,2021-06-30,NAME:communaute communes parthenay-gatine,NAME_FALLBACK,19.185282522996054,2021-07-23,0.7555847568988173,0.8740692071835304,0.3951961206972466,0.0,0.6,0.4168359440399189,,0.8191591833750844,1,0.2427289433952593,3,HIGH,logistic_regression_synthetic_v0_4_transfer,0.7456781676471622,logistic_regression,v0_4_population_alias_revision,central_calibration_worlds_005_006_rank1_f1_max,0.8191591833750844
19-176592,22-40191,2019-11-27,2022-03-19,NAME:gie sesam vitale,NAME_FALLBACK,27.69382391590013,2021-09-27,5.683311432325887,0.0527814279456855,0.0,0.2,0.6,0.1331953569864213,,0.9959412778491117,5,0.0123193166885676,5,POTENTIAL,logistic_regression_synthetic_v0_4_transfer,0.7456781676471622,logistic_regression,v0_4_population_alias_revision,central_calibration_worlds_005_006_rank1_f1_max,0.9959412778491117
19-176963,20-66280,2020-01-06,2020-05-28,NAME:angers loire metropole,NAME_FALLBACK,4.697766097240473,2020-07-06,1.281208935611038,0.7864651773981604,0.0335075139354508,0.8,0.6,0.5083439242269479,,0.9883446259306097,1,0.0450983338392401,6,POTENTIAL,logistic_regression_synthetic_v0_4_transfer,0.7456781676471622,logistic_regression,v0_4_population_alias_revision,central_calibration_worlds_005_006_rank1_f1_max,0.9883446259306097
19-1779,20-142015,2019-01-09,2020-11-21,SIRET:23440003400026,RAW_SIRET,22.404730617608408,2020-10-26,0.8541392904073587,0.8576434515987735,0.0,0.2,1.0,0.3744108628996934,,0.9963612327265465,3,0.0398710922135437,7,POTENTIAL,logistic_regression_synthetic_v0_4_transfer,0.7456781676471622,logistic_regression,v0_4_population_alias_revision,central_calibration_worlds_005_006_rank1_f1_max,0.9963612327265465
19-178175,21-24011,2019-11-27,2021-02-19,NAME:commune de saint nazaire,NAME_FALLBACK,14.783180026281208,2020-09-23,4.894875164257556,0.1841874726237407,0.0829465733033877,1.0,0.6,0.4350781688121208,,0.9997913815682328,1,0.2004767671476443,3,HIGH,logistic_regression_synthetic_v0_4_transfer,0.7456781676471622,logistic_regression,v0_4_population_alias_revision,central_calibration_worlds_005_006_rank1_f1_max,0.9997913815682328
19-178825,21-15253,2019-12-03,2021-02-02,NAME:commune de nantes,NAME_FALLBACK,14.027595269382392,2020-12-03,2.0039421813403417,0.6660096364432764,0.0150248774032845,0.1,0.6,0.2617611162019687,,0.9327815098388894,2,0.0454219580361607,5,POTENTIAL,logistic_regression_synthetic_v0_4_transfer,0.7456781676471622,logistic_regression,v0_4_population_alias_revision,central_calibration_worlds_005_006_rank1_f1_max,0.9327815098388894
19-181049,21-48350,2019-12-05,2021-04-12,NAME:cci de region bretagne,NAME_FALLBACK,16.228646517739815,2021-05-06,0.7884362680683311,0.8685939553219448,0.0,0.1,0.6,0.3071484888304862,,0.9844856896975787,1,0.3071484888304862,1,HIGH,logistic_regression_synthetic_v0_4_transfer,0.7456781676471622,logistic_regression,v0_4_population_alias_revision,central_calibration_worlds_005_006_rank1_f1_max,0.9844856896975787
19-184490,21-35651,2019-12-13,2021-03-19,NAME:conseil regional des pays de la loire,NAME_FALLBACK,15.177398160315374,2020-10-08,5.321944809461235,0.1130091984231275,0.0113901517580322,0.4,0.6,0.2122388527210931,,0.8909294502863331,3,0.0202172929786659,6,POTENTIAL,logistic_regression_synthetic_v0_4_transfer,0.7456781676471622,logistic_regression,v0_4_population_alias_revision,central_calibration_worlds_005_006_rank1_f1_max,0.8909294502863331
19-185562,20-118247,2019-12-12,2020-09-30,NAME:commune de saint-herblain,NAME_FALLBACK,9.625492772667542,2020-06-12,3.6136662286465175,0.3977222952255804,0.2685927434438661,1.0,0.6,0.5534380340117482,,0.9996520201131793,1,0.5534380340117482,1,HIGH,logistic_regression_synthetic_v0_4_transfer,0.7456781676471622,logistic_regression,v0_4_population_alias_revision,central_calibration_worlds_005_006_rank1_f1_max,0.9996520201131793
19-186303,21-24011,2019-12-13,2021-02-19,NAME:commune de saint nazaire,NAME_FALLBACK,14.257555847568987,2020-09-25,4.829172141918528,0.195137976346912,0.0073680112944156,0.1,0.6,0.1413632980397735,,0.891545764284606,3,0.0670364068679091,3,HIGH,logistic_regression_synthetic_v0_4_transfer,0.7456781676471622,logistic_regression,v0_4_population_alias_revision,central_calibration_worlds_005_006_rank1_f1_max,0.891545764284606
19-191665,20-66643,2019-12-26,2020-05-22,NAME:nantes metropole,NAME_FALLBACK,4.862023653088042,2020-06-26,1.149802890932983,0.8083661848445028,0.057687070745105,1.0,0.6,0.5822820209719124,,0.9853154117910125,1,0.0571994665320789,22,HIGH,logistic_regression_synthetic_v0_4_transfer,0.7456781676471622,logistic_regression,v0_4_population_alias_revision,central_calibration_worlds_005_006_rank1_f1_max,0.9853154117910125
19-2163,19-140517,2019-01-07,2019-09-18,NAME:communaute communes parthenay-gatine,NAME_FALLBACK,8.344283837056505,2019-07-07,2.3981603153745072,0.6003066141042488,0.0048945740469618,0.1,0.6,0.2417897544424988,,0.8025059205138041,1,0.0879750999874265,2,HIGH,logistic_regression_synthetic_v0_4_transfer,0.7456781676471622,logistic_regression,v0_4_population_alias_revision,central_calibration_worlds_005_006_rank1_f1_max,0.8025059205138041
19-25237,19-184042,2019-02-17,2019-12-12,NAME:commune de nantes,NAME_FALLBACK,9.789750328515112,2019-08-17,3.843626806833114,0.3593955321944809,0.8771245365023538,1.0,0.6,0.7568424708244441,,0.9996148492628126,1,0.4496317493843324,6,HIGH,logistic_regression_synthetic_v0_4_transfer,0.7456781676471622,logistic_regression,v0_4_population_alias_revision,central_calibration_worlds_005_006_rank1_f1_max,0.9996148492628126
19-30217,19-180074,2019-02-25,2019-12-02,NAME:mairie de coueron,NAME_FALLBACK,9.198423127463863,2019-08-25,3.252299605781866,0.4579500657030223,0.2864412458666708,0.1,0.6,0.3047419524790903,,0.8210703218205356,2,0.2432186737755394,3,HIGH,logistic_regression_synthetic_v0_4_transfer,0.7456781676471622,logistic_regression,v0_4_population_alias_revision,central_calibration_worlds_005_006_rank1_f1_max,0.8210703218205356
19-35566,19-85688,2019-03-07,2019-06-05,NAME:angers loire metropole,NAME_FALLBACK,2.9566360052562417,2019-09-07,3.088042049934297,0.4853263250109505,0.0213256559346814,1.0,0.6,0.4887955608298761,,0.9937504628553862,1,0.11876778827185,8,HIGH,logistic_regression_synthetic_v0_4_transfer,0.7456781676471622,logistic_regression,v0_4_population_alias_revision,central_calibration_worlds_005_006_rank1_f1_max,0.9937504628553862
19-36958,20-26585,2019-03-14,2020-02-23,NAME:nantes metropole,NAME_FALLBACK,11.366622864651774,2020-02-25,0.0657030223390276,0.9890494962768288,0.1999814128091634,1.0,0.6,0.6772558685524144,,0.9981516919200761,1,0.085476257104343,23,HIGH,logistic_regression_synthetic_v0_4_transfer,0.7456781676471622,logistic_regression,v0_4_population_alias_revision,central_calibration_worlds_005_006_rank1_f1_max,0.9981516919200761
19-39813,20-32603,2019-03-14,2020-03-03,NAME:departement de la mayenne,NAME_FALLBACK,11.662286465177395,2019-09-14,5.617608409986859,0.0637319316688568,0.0571549631107327,0.1,0.6,0.1259372200059706,,0.8186642746452377,1,0.1259372200059706,1,HIGH,logistic_regression_synthetic_v0_4_transfer,0.7456781676471622,logistic_regression,v0_4_population_alias_revision,central_calibration_worlds_005_006_rank1_f1_max,0.8186642746452377
19-43671,20-35694,2019-03-20,2020-03-09,NAME:universite de nantes,NAME_FALLBACK,11.662286465177395,2019-11-16,3.7450722733245727,0.3758212877792378,0.2097964529026488,0.1,0.6,0.2573840804607366,,0.9776531657603921,1,0.0247671566476478,4,POTENTIAL,logistic_regression_synthetic_v0_4_transfer,0.7456781676471622,logistic_regression,v0_4_population_alias_revision,central_calibration_worlds_005_006_rank1_f1_max,0.9776531657603921
19-44791,20-125567,2019-03-21,2020-10-15,NAME:conseil regional des pays de la loire,NAME_FALLBACK,18.85676741130092,2020-09-02,1.4126149802890933,0.7645641699518178,0.0606679396904253,0.1,0.6,0.3023748213796033,,0.9866085553092698,2,0.0112604296584957,4,POTENTIAL,logistic_regression_synthetic_v0_4_transfer,0.7456781676471622,logistic_regression,v0_4_population_alias_revision,central_calibration_worlds_005_006_rank1_f1_max,0.9866085553092698
19-46133,19-92746,2019-03-27,2019-06-19,NAME:cc du pays des achards,NAME_FALLBACK,2.759526938239159,2019-10-15,3.876478318002628,0.3539202803328953,1.0000000000000004,1.0,0.6,0.798480070083224,,0.9988969329203188,1,0.798480070083224,1,HIGH,logistic_regression_synthetic_v0_4_transfer,0.7456781676471622,logistic_regression,v0_4_population_alias_revision,central_calibration_worlds_005_006_rank1_f1_max,0.9988969329203188
19-51024,19-156877,2019-03-31,2019-10-16,NAME:ville d ancenis-saint-gereon,NAME_FALLBACK,6.5374507227332455,2020-01-03,2.59526938239159,0.567455102934735,0.0269079235750746,0.4,0.6,0.3312815489849598,,0.7934023413096103,1,0.3312815489849598,1,HIGH,logistic_regression_synthetic_v0_4_transfer,0.7456781676471622,logistic_regression,v0_4_population_alias_revision,central_calibration_worlds_005_006_rank1_f1_max,0.7934023413096103
19-54309,21-36205,2019-04-25,2021-03-20,NAME:conseil departemental loire-atlantique,NAME_FALLBACK,22.831800262812088,2020-11-18,4.007884362680684,0.3320192728865527,0.0184563507175232,0.0,0.6,0.1494645409727713,,0.8873419695456232,6,0.0134748245383479,10,POTENTIAL,logistic_regression_synthetic_v0_4_transfer,0.7456781676471622,logistic_regression,v0_4_population_alias_revision,central_calibration_worlds_005_006_rank1_f1_max,0.8873419695456232
19-55110,19-151382,2019-04-11,2019-10-09,NAME:nantes metropole,NAME_FALLBACK,5.946123521681997,2019-10-11,0.0657030223390276,0.9890494962768288,0.0729880845549784,1.0,0.6,0.6328082036634497,,0.9989013684574306,1,0.1428296870006775,22,HIGH,logistic_regression_synthetic_v0_4_transfer,0.7456781676471622,logistic_regression,v0_4_population_alias_revision,central_calibration_worlds_005_006_rank1_f1_max,0.9989013684574306
19-55346,19-180074,2019-04-05,2019-12-02,NAME:mairie de coueron,NAME_FALLBACK,7.917214191852825,2019-10-05,1.9053876478318,0.6824353920280333,0.0197200870630848,0.1,0.6,0.267510878479088,,0.8105494522643442,1,0.0454520461811109,2,POTENTIAL,logistic_regression_synthetic_v0_4_transfer,0.7456781676471622,logistic_regression,v0_4_population_alias_revision,central_calibration_worlds_005_006_rank1_f1_max,0.8105494522643442
19-58204,19-112016,2019-04-13,2019-07-21,NAME:ville de nantes,NAME_FALLBACK,3.252299605781866,2020-01-10,5.683311432325887,0.0527814279456855,0.5754645850796773,1.0,0.6,0.5746079617643085,,0.9959765183338309,1,0.2779091268717182,4,HIGH,logistic_regression_synthetic_v0_4_transfer,0.7456781676471622,logistic_regression,v0_4_population_alias_revision,central_calibration_worlds_005_006_rank1_f1_max,0.9959765183338309
19-59879,20-31844,2019-04-15,2020-03-04,NAME:universite de nantes,NAME_FALLBACK,10.64388961892247,2019-12-12,2.726675427069645,0.5455540954883924,0.0066902261661086,0.4,0.6,0.3187301030302361,,0.8909732870070393,1,0.0331307452655608,3,POTENTIAL,logistic_regression_synthetic_v0_4_transfer,0.7456781676471622,logistic_regression,v0_4_population_alias_revision,central_calibration_worlds_005_006_rank1_f1_max,0.8909732870070393
19-6267,19-182466,2019-01-23,2019-12-06,NAME:ville de nantes,NAME_FALLBACK,10.413929040735871,2019-12-24,0.5913272010512484,0.9014454664914586,0.011110161081886,0.1,0.6,0.3192499230015247,,0.9029546522114648,1,0.0873136618322558,4,HIGH,logistic_regression_synthetic_v0_4_transfer,0.7456781676471622,logistic_regression,v0_4_population_alias_revision,central_calibration_worlds_005_006_rank1_f1_max,0.9029546522114648
19-67059,20-11000,2019-05-08,2020-01-25,NAME:nantes metropole,NAME_FALLBACK,8.607095926412615,2019-11-08,2.562417871222076,0.5729303547963207,0.1642213979967675,1.0,0.6,0.5607100779979488,,0.9989523409248945,2,0.0395420147908087,22,POTENTIAL,logistic_regression_synthetic_v0_4_transfer,0.7456781676471622,logistic_regression,v0_4_population_alias_revision,central_calibration_worlds_005_006_rank1_f1_max,0.9989523409248945
19-73678,20-31844,2019-05-10,2020-03-04,NAME:universite de nantes,NAME_FALLBACK,9.822601839684625,2020-01-25,1.281208935611038,0.7864651773981604,0.1309968571096935,0.4,0.6,0.4224651943379328,,0.9207785733057321,1,0.0739608829370271,3,HIGH,logistic_regression_synthetic_v0_4_transfer,0.7456781676471622,logistic_regression,v0_4_population_alias_revision,central_calibration_worlds_005_006_rank1_f1_max,0.9207785733057321
19-85688,20-66280,2019-06-05,2020-05-28,NAME:angers loire metropole,NAME_FALLBACK,11.76084099868594,2020-07-08,1.3469119579500657,0.775514673674989,0.0355645134500424,0.4,0.6,0.3863262481262621,,0.9185857800206392,1,0.0432205757063131,6,POTENTIAL,logistic_regression_synthetic_v0_4_transfer,0.7456781676471622,logistic_regression,v0_4_population_alias_revision,central_calibration_worlds_005_006_rank1_f1_max,0.9185857800206392
19-87996,20-35528,2019-06-06,2020-03-09,NAME:mauges communaute,NAME_FALLBACK,9.09986859395532,2019-12-06,3.088042049934297,0.4853263250109505,0.0363823924577311,0.1,0.6,0.2240654186129435,,0.78312744584482,2,0.2879888958855233,3,HIGH,logistic_regression_synthetic_v0_4_transfer,0.7456781676471622,logistic_regression,v0_4_population_alias_revision,central_calibration_worlds_005_006_rank1_f1_max,0.78312744584482
19-92498,20-11000,2019-06-21,2020-01-25,NAME:nantes metropole,NAME_FALLBACK,7.161629434954008,2019-12-21,1.149802890932983,0.8083661848445028,0.9549528430381696,1.0,0.6,0.896325041274485,,0.9995636349507661,1,0.3456726493056405,22,HIGH,logistic_regression_synthetic_v0_4_transfer,0.7456781676471622,logistic_regression,v0_4_population_alias_revision,central_calibration_worlds_005_006_rank1_f1_max,0.9995636349507661
19-94580,20-17796,2019-06-20,2020-02-04,NAME:cc vendee grand littoral,NAME_FALLBACK,7.522996057818659,2019-12-20,1.5111695137976346,0.7481384143670609,0.0321425520717883,0.1,0.6,0.2882844968168911,,0.8147686997358609,2,0.1831849788633993,2,HIGH,logistic_regression_synthetic_v0_4_transfer,0.7456781676471622,logistic_regression,v0_4_population_alias_revision,central_calibration_worlds_005_006_rank1_f1_max,0.8147686997358609
19-97500,19-161914,2019-06-25,2019-10-26,NAME:cap atlantique,NAME_FALLBACK,4.040735873850197,2019-10-25,0.0328515111695138,0.9945247481384144,1.0,1.0,0.6,0.9586311870346036,,0.9997583880999867,1,0.9586311870346036,1,HIGH,logistic_regression_synthetic_v0_4_transfer,0.7456781676471622,logistic_regression,v0_4_population_alias_revision,central_calibration_worlds_005_006_rank1_f1_max,0.9997583880999867
20-10269,22-24902,2020-01-30,2022-02-21,NAME:angers loire metropole,NAME_FALLBACK,24.73718791064389,2021-10-03,4.6320630749014455,0.2279894875164257,0.0,0.2,0.6,0.1769973718791064,,0.9553131138441091,3,0.0001538779641881,5,POTENTIAL,logistic_regression_synthetic_v0_4_transfer,0.7456781676471622,logistic_regression,v0_4_population_alias_revision,central_calibration_worlds_005_006_rank1_f1_max,0.9553131138441091
20-103852,21-139293,2020-08-22,2021-10-20,NAME:ch le mans,NAME_FALLBACK,13.92904073587385,2021-04-21,5.978975032851511,0.0035041611914148,0.0515684290647724,0.2,0.6,0.138924990470524,,0.8543303254747675,4,0.2112358247570319,5,HIGH,logistic_regression_synthetic_v0_4_transfer,0.7456781676471622,logistic_regression,v0_4_population_alias_revision,central_calibration_worlds_005_006_rank1_f1_max,0.8543303254747675
20-106379,21-43310,2020-08-29,2021-04-02,NAME:universite d angers,NAME_FALLBACK,7.09592641261498,2021-04-24,0.7227332457293035,0.879544459045116,0.010546363327452,0.4,0.6,0.4035773419258872,,0.7916005341552022,1,0.1433503596476801,6,HIGH,logistic_regression_synthetic_v0_4_transfer,0.7456781676471622,logistic_regression,v0_4_population_alias_revision,central_calibration_worlds_005_006_rank1_f1_max,0.7916005341552022
20-106651,21-76081,2020-08-28,2021-06-04,NAME:nantes metropole,NAME_FALLBACK,9.198423127463863,2021-02-28,3.1537450722733245,0.4743758212877792,0.0065719951153683,0.1,0.6,0.2108941536123237,,0.7722382646705099,8,0.0199882483552004,17,POTENTIAL,logistic_regression_synthetic_v0_4_transfer,0.7456781676471622,logistic_regression,v0_4_population_alias_revision,central_calibration_worlds_005_006_rank1_f1_max,0.7722382646705099
20-107439,21-99109,2020-09-01,2021-07-18,NAME:centre hospitalier de laval 53,NAME_FALLBACK,10.512483574244415,2021-03-01,4.566360052562418,0.2389399912395969,0.0138885835509496,0.1,0.6,0.1545960020527316,,0.7910118849525015,1,0.051510682532321,2,HIGH,logistic_regression_synthetic_v0_4_transfer,0.7456781676471622,logistic_regression,v0_4_population_alias_revision,central_calibration_worlds_005_006_rank1_f1_max,0.7910118849525015
20-109382,21-24367,2020-09-06,2021-02-24,SIRET:21440184600016,RAW_SIRET,5.617608409986859,2021-04-10,1.4783180026281209,0.7536136662286466,0.1139542799268085,1.0,1.0,0.6282874145315446,,0.9994864174208095,1,0.416738656200806,2,HIGH,logistic_regression_synthetic_v0_4_transfer,0.7456781676471622,logistic_regression,v0_4_population_alias_revision,central_calibration_worlds_005_006_rank1_f1_max,0.9994864174208095
20-11000,20-132336,2020-01-25,2020-11-08,NAME:nantes metropole,NAME_FALLBACK,9.461235216819974,2020-07-25,3.4822601839684624,0.4196233026719229,0.277741298440285,1.0,0.6,0.5621152801220806,,0.9990209285318592,1,0.2282583527307558,22,HIGH,logistic_regression_synthetic_v0_4_transfer,0.7456781676471622,logistic_regression,v0_4_population_alias_revision,central_calibration_worlds_005_006_rank1_f1_max,0.9990209285318592
20-110309,21-116891,2020-09-10,2021-09-01,SIRET:23440003400026,RAW_SIRET,11.695137976346912,2021-07-24,1.281208935611038,0.7864651773981604,0.1066679112506394,0.2,1.0,0.3939500632872639,,0.9587900196881882,1,0.0008519564938059,4,POTENTIAL,logistic_regression_synthetic_v0_4_transfer,0.7456781676471622,logistic_regression,v0_4_population_alias_revision,central_calibration_worlds_005_006_rank1_f1_max,0.9587900196881882
20-111877,21-19011,2020-09-11,2021-02-10,NAME:universite de nantes,NAME_FALLBACK,4.993429697766097,2021-06-15,4.106438896189225,0.3155935173017958,0.0264329203870158,0.6,0.6,0.3281499014609045,,0.8043440073786732,1,0.0113289972146436,8,POTENTIAL,logistic_regression_synthetic_v0_4_transfer,0.7456781676471622,logistic_regression,v0_4_population_alias_revision,central_calibration_worlds_005_006_rank1_f1_max,0.8043440073786732
20-114106,21-99709,2020-09-19,2021-07-18,NAME:universite d angers,NAME_FALLBACK,9.921156373193169,2021-03-19,3.975032851511169,0.3374945247481384,0.0213611257507379,0.2,0.6,0.2118500251997929,,0.7558274903185,5,0.0103456487494357,6,POTENTIAL,logistic_regression_synthetic_v0_4_transfer,0.7456781676471622,logistic_regression,v0_4_population_alias_revision,central_calibration_worlds_005_006_rank1_f1_max,0.7558274903185
20-114714,21-77546,2020-09-20,2021-06-10,NAME:conseil departemental loire-atlantique,NAME_FALLBACK,8.639947437582128,2021-08-06,1.8725361366622864,0.687910643889619,0.0231279485414818,1.0,0.6,0.5400724429619234,,0.9987492574324995,1,0.1979930767669672,10,HIGH,logistic_regression_synthetic_v0_4_transfer,0.7456781676471622,logistic_regression,v0_4_population_alias_revision,central_calibration_worlds_005_006_rank1_f1_max,0.9987492574324995
20-115241,21-139293,2020-09-23,2021-10-20,NAME:ch le mans,NAME_FALLBACK,12.877792378449408,2021-08-18,2.0696452036793693,0.6550591327201052,0.1031982783534969,0.2,0.6,0.3198841806037502,,0.9304082799425033,1,0.0235148997906072,6,POTENTIAL,logistic_regression_synthetic_v0_4_transfer,0.7456781676471622,logistic_regression,v0_4_population_alias_revision,central_calibration_worlds_005_006_rank1_f1_max,0.9304082799425033
20-118247,21-76512,2020-09-30,2021-06-09,NAME:commune de saint-herblain,NAME_FALLBACK,8.278580814717477,2021-07-08,0.9526938239159,0.8412176960140166,0.2093452826113215,1.0,0.6,0.6435752729174666,,0.9995175231710036,1,0.2170994389829086,6,HIGH,logistic_regression_synthetic_v0_4_transfer,0.7456781676471622,logistic_regression,v0_4_population_alias_revision,central_calibration_worlds_005_006_rank1_f1_max,0.9995175231710036
20-118996,21-26465,2020-10-01,2021-02-27,NAME:chu de nantes,NAME_FALLBACK,4.894875164257556,2021-08-24,5.847568988173456,0.0254051686377573,0.6679117018605,1.0,0.6,0.6001203878106143,,0.9941789924227712,1,0.2297681433743225,10,HIGH,logistic_regression_synthetic_v0_4_transfer,0.7456781676471622,logistic_regression,v0_4_population_alias_revision,central_calibration_worlds_005_006_rank1_f1_max,0.9941789924227712
20-119246,21-55981,2020-09-30,2021-04-29,NAME:la roche-sur-yon agglomeration,NAME_FALLBACK,6.931668856767411,2021-05-02,0.0985545335085413,0.9835742444152432,0.0166894156850426,0.1,0.6,0.3417348565935756,,0.8312934625774451,1,0.1171610080312411,3,HIGH,logistic_regression_synthetic_v0_4_transfer,0.7456781676471622,logistic_regression,v0_4_population_alias_revision,central_calibration_worlds_005_006_rank1_f1_max,0.8312934625774451
20-12070,20-66643,2020-01-26,2020-05-22,NAME:nantes metropole,NAME_FALLBACK,3.843626806833114,2020-07-26,2.135348226018397,0.6441086289969338,0.0684522337071932,1.0,0.6,0.544985439046751,,0.9778137178097646,1,0.0601421209870454,21,HIGH,logistic_regression_synthetic_v0_4_transfer,0.7456781676471622,logistic_regression,v0_4_population_alias_revision,central_calibration_worlds_005_006_rank1_f1_max,0.9778137178097646
20-120789,21-86348,2020-10-02,2021-06-25,NAME:semitan,NAME_FALLBACK,8.73850197109067,2021-04-02,2.759526938239159,0.5400788436268069,0.1730980279460843,0.2,0.6,0.3156040206878312,,0.8156199453395084,2,0.0077836263883633,5,POTENTIAL,logistic_regression_synthetic_v0_4_transfer,0.7456781676471622,logistic_regression,v0_4_population_alias_revision,central_calibration_worlds_005_006_rank1_f1_max,0.8156199453395084
20-121660,21-51989,2020-10-06,2021-04-19,NAME:departement de la mayenne,NAME_FALLBACK,6.40604467805519,2021-04-06,0.4270696452036793,0.9288217257993868,0.0132057350638359,1.0,0.6,0.5968274387221892,,0.9992763221600548,1,0.0056305794571096,5,POTENTIAL,logistic_regression_synthetic_v0_4_transfer,0.7456781676471622,logistic_regression,v0_4_population_alias_revision,central_calibration_worlds_005_006_rank1_f1_max,0.9992763221600548
20-12202,21-35651,2020-01-26,2021-03-19,NAME:conseil regional des pays de la loire,NAME_FALLBACK,13.731931668856769,2021-01-01,2.5295663600525624,0.5784056066579062,0.3615675516579688,0.2,0.6,0.3911500447447656,,0.9350770349666085,2,0.0205040404381131,8,POTENTIAL,logistic_regression_synthetic_v0_4_transfer,0.7456781676471622,logistic_regression,v0_4_population_alias_revision,central_calibration_worlds_005_006_rank1_f1_max,0.9350770349666085
20-122021,21-73723,2020-10-06,2021-06-01,NAME:rectorat de l academie de nantes,NAME_FALLBACK,7.818659658344283,2021-02-06,3.7779237844940874,0.3703460359176522,0.3699859648769119,1.0,0.6,0.5820815966863322,,0.9994657984917049,1,0.5820815966863322,1,HIGH,logistic_regression_synthetic_v0_4_transfer,0.7456781676471622,logistic_regression,v0_4_population_alias_revision,central_calibration_worlds_005_006_rank1_f1_max,0.9994657984917049
20-122193,21-55981,2020-10-16,2021-04-29,NAME:la roche-sur-yon agglomeration,NAME_FALLBACK,6.40604467805519,2021-04-16,0.4270696452036793,0.9288217257993868,0.3807579051425575,0.1,0.6,0.4554706982497418,,0.8502589233203977,1,0.2447573292953639,3,HIGH,logistic_regression_synthetic_v0_4_transfer,0.7456781676471622,logistic_regression,v0_4_population_alias_revision,central_calibration_worlds_005_006_rank1_f1_max,0.8502589233203977
20-124045,21-126684,2020-10-11,2021-09-24,SIRET:23440003400026,RAW_SIRET,11.4323258869908,2021-08-10,1.4783180026281209,0.7536136662286466,0.2547901680005385,1.0,1.0,0.67757997535735,,0.9998762928213631,1,0.201115174881837,4,HIGH,logistic_regression_synthetic_v0_4_transfer,0.7456781676471622,logistic_regression,v0_4_population_alias_revision,central_calibration_worlds_005_006_rank1_f1_max,0.9998762928213631
20-124795,21-132073,2020-10-12,2021-10-01,NAME:sde35,NAME_FALLBACK,11.629434954007884,2021-04-12,5.650459921156373,0.0582566798072711,0.040446198307219,0.2,0.6,0.1487203393593444,,0.8597203392050213,1,0.1487203393593444,1,HIGH,logistic_regression_synthetic_v0_4_transfer,0.7456781676471622,logistic_regression,v0_4_population_alias_revision,central_calibration_worlds_005_006_rank1_f1_max,0.8597203392050213
20-125567,21-67771,2020-10-15,2021-05-22,NAME:conseil regional des pays de la loire,NAME_FALLBACK,7.194480946123521,2021-09-21,4.007884362680684,0.3320192728865527,0.0740404582711345,1.0,0.6,0.4689189786165352,,0.9970951126146195,1,0.0970298265360164,9,HIGH,logistic_regression_synthetic_v0_4_transfer,0.7456781676471622,logistic_regression,v0_4_population_alias_revision,central_calibration_worlds_005_006_rank1_f1_max,0.9970951126146195
20-128054,21-89893,2020-10-19,2021-07-02,NAME:communaute d agglomeration du niortais,NAME_FALLBACK,8.409986859395532,2021-04-19,2.431011826544021,0.5948313622426631,0.1903801779357531,0.2,0.6,0.3353409028381793,,0.8403186473247252,2,0.0991409384160736,4,HIGH,logistic_regression_synthetic_v0_4_transfer,0.7456781676471622,logistic_regression,v0_4_population_alias_revision,central_calibration_worlds_005_006_rank1_f1_max,0.8403186473247252
20-130827,21-51441,2020-10-25,2021-04-18,SIRET:37977417700016,RAW_SIRET,5.7490144546649145,2021-08-10,3.7450722733245727,0.3758212877792378,0.0079467900677649,0.2,1.0,0.2567366984685272,,0.7543763509219151,1,0.2567366984685272,1,HIGH,logistic_regression_synthetic_v0_4_transfer,0.7456781676471622,logistic_regression,v0_4_population_alias_revision,central_calibration_worlds_005_006_rank1_f1_max,0.7543763509219151
20-132336,21-78352,2020-11-08,2021-06-09,NAME:nantes metropole,NAME_FALLBACK,6.997371879106439,2021-05-08,1.0512483574244416,0.8247919404292597,0.1037198982047565,1.0,0.6,0.6024999494789798,,0.9993885468253372,1,0.0754239229854623,18,HIGH,logistic_regression_synthetic_v0_4_transfer,0.7456781676471622,logistic_regression,v0_4_population_alias_revision,central_calibration_worlds_005_006_rank1_f1_max,0.9993885468253372
20-135543,21-143328,2020-11-04,2021-10-25,NAME:departement de la vendee,NAME_FALLBACK,11.662286465177395,2021-09-12,1.4126149802890933,0.7645641699518178,0.0087144312748617,0.8,0.6,0.494191093434156,,0.9987391226479799,1,0.0013688129653964,3,POTENTIAL,logistic_regression_synthetic_v0_4_transfer,0.7456781676471622,logistic_regression,v0_4_population_alias_revision,central_calibration_worlds_005_006_rank1_f1_max,0.9987391226479799
20-13755,20-15455,2020-01-28,2020-01-31,NAME:departement de la sarthe,NAME_FALLBACK,0.0985545335085413,2020-07-28,5.88042049934297,0.0199299167761717,1.0,1.0,0.6,0.7149824791940429,,0.9936393021487429,1,0.2456888618203932,4,HIGH,logistic_regression_synthetic_v0_4_transfer,0.7456781676471622,logistic_regression,v0_4_population_alias_revision,central_calibration_worlds_005_006_rank1_f1_max,0.9936393021487429
20-139000,21-78352,2020-11-27,2021-06-09,NAME:nantes metropole,NAME_FALLBACK,6.3731931668856765,2021-05-27,0.4270696452036793,0.9288217257993868,0.0923185648205282,0.1,0.6,0.3545169291370316,,0.7760455741548654,3,0.0593860278588682,18,HIGH,logistic_regression_synthetic_v0_4_transfer,0.7456781676471622,logistic_regression,v0_4_population_alias_revision,central_calibration_worlds_005_006_rank1_f1_max,0.7760455741548654
20-142015,21-116891,2020-11-21,2021-09-01,SIRET:23440003400026,RAW_SIRET,9.32982917214192,2021-05-21,3.383705650459921,0.4360490582566798,0.6630948905529075,1.0,1.0,0.7410954762576875,,0.9999645639575149,1,0.4178885905720972,4,HIGH,logistic_regression_synthetic_v0_4_transfer,0.7456781676471622,logistic_regression,v0_4_population_alias_revision,central_calibration_worlds_005_006_rank1_f1_max,0.9999645639575149
20-143279,21-129937,2020-12-08,2021-10-01,NAME:ville de nantes,NAME_FALLBACK,9.756898817345595,2021-06-08,3.7779237844940874,0.3703460359176522,0.0102974704267131,0.1,0.6,0.1861906236287626,,0.9546285880789146,3,0.0111110111546856,4,POTENTIAL,logistic_regression_synthetic_v0_4_transfer,0.7456781676471622,logistic_regression,v0_4_population_alias_revision,central_calibration_worlds_005_006_rank1_f1_max,0.9546285880789146
20-149342,20-158264,2020-12-08,2020-12-28,NAME:museum national d histoire naturelle,NAME_FALLBACK,0.657030223390276,2021-06-08,5.321944809461235,0.1130091984231275,0.9999999999999992,1.0,0.6,0.7382522996057816,,0.996986965688688,1,0.7382522996057816,1,HIGH,logistic_regression_synthetic_v0_4_transfer,0.7456781676471622,logistic_regression,v0_4_population_alias_revision,central_calibration_worlds_005_006_rank1_f1_max,0.996986965688688
20-152653,21-156348,2020-12-17,2021-11-27,SIRET:22530001100015,RAW_SIRET,11.33377135348226,2021-09-21,2.2010512483574245,0.6331581252737626,0.0278170025166943,0.4,1.0,0.3880254821992837,,0.9257376399473518,2,0.0329080542085463,5,POTENTIAL,logistic_regression_synthetic_v0_4_transfer,0.7456781676471622,logistic_regression,v0_4_population_alias_revision,central_calibration_worlds_005_006_rank1_f1_max,0.9257376399473518
20-15455,20-25157,2020-01-31,2020-02-18,NAME:departement de la sarthe,NAME_FALLBACK,0.5913272010512484,2020-07-31,5.387647831800263,0.1020586946999562,0.2276357280070611,1.0,0.6,0.4651871784774604,,0.9918962713800813,1,0.0465050982969431,2,POTENTIAL,logistic_regression_synthetic_v0_4_transfer,0.7456781676471622,logistic_regression,v0_4_population_alias_revision,central_calibration_worlds_005_006_rank1_f1_max,0.9918962713800813
20-16042,20-25157,2020-01-31,2020-02-18,NAME:departement de la sarthe,NAME_FALLBACK,0.5913272010512484,2020-07-31,5.387647831800263,0.1020586946999562,1.0,1.0,0.6,0.7355146736749889,,0.9963913055719843,1,0.2831811949488396,2,HIGH,logistic_regression_synthetic_v0_4_transfer,0.7456781676471622,logistic_regression,v0_4_population_alias_revision,central_calibration_worlds_005_006_rank1_f1_max,0.9963913055719843
20-16671,21-91773,2020-02-05,2021-07-04,NAME:gie sesam vitale,NAME_FALLBACK,16.918528252299605,2021-07-29,0.8212877792378449,0.8631187034603591,0.1660111813455471,0.2,0.6,0.3938835893360312,,0.9090397397520203,1,0.0704232301595091,5,HIGH,logistic_regression_synthetic_v0_4_transfer,0.7456781676471622,logistic_regression,v0_4_population_alias_revision,central_calibration_worlds_005_006_rank1_f1_max,0.9090397397520203
20-19624,20-118393,2020-02-07,2020-09-28,NAME:sdis de la sarthe,NAME_FALLBACK,7.687253613666228,2020-12-11,2.431011826544021,0.5948313622426631,0.2376093620885176,0.1,0.6,0.3218711172916469,,0.8325555100338187,1,0.3218711172916469,1,HIGH,logistic_regression_synthetic_v0_4_transfer,0.7456781676471622,logistic_regression,v0_4_population_alias_revision,central_calibration_worlds_005_006_rank1_f1_max,0.8325555100338187
20-19626,20-118393,2020-02-07,2020-09-28,NAME:sdis de la sarthe,NAME_FALLBACK,7.687253613666228,2020-12-11,2.431011826544021,0.5948313622426631,0.3671873430321322,0.1,0.6,0.367223410621912,,0.8507286213172416,1,0.367223410621912,1,HIGH,logistic_regression_synthetic_v0_4_transfer,0.7456781676471622,logistic_regression,v0_4_population_alias_revision,central_calibration_worlds_005_006_rank1_f1_max,0.8507286213172416
20-23104,21-155377,2020-02-15,2021-11-24,NAME:reseau canope,NAME_FALLBACK,21.28777923784494,2021-07-09,4.533508541392904,0.2444152431011826,0.0793322005428305,0.0,0.6,0.1488700809652863,,0.9369410902553287,2,0.0046453862950076,2,POTENTIAL,logistic_regression_synthetic_v0_4_transfer,0.7456781676471622,logistic_regression,v0_4_population_alias_revision,central_calibration_worlds_005_006_rank1_f1_max,0.9369410902553287
20-25157,20-93634,2020-02-18,2020-07-22,NAME:departement de la sarthe,NAME_FALLBACK,5.091984231274639,2020-08-18,0.8869908015768725,0.8521681997371879,0.0990079868991914,0.4,0.6,0.427694845349014,,0.825706389035656,1,0.427694845349014,1,HIGH,logistic_regression_synthetic_v0_4_transfer,0.7456781676471622,logistic_regression,v0_4_population_alias_revision,central_calibration_worlds_005_006_rank1_f1_max,0.825706389035656
20-25276,21-45579,2020-02-21,2021-04-08,NAME:nantes metropole,NAME_FALLBACK,13.534822601839684,2021-05-01,0.7555847568988173,0.8740692071835304,0.1286267010849301,1.0,0.6,0.6235366471756081,,0.9992243532427358,1,0.2854705872813358,19,HIGH,logistic_regression_synthetic_v0_4_transfer,0.7456781676471622,logistic_regression,v0_4_population_alias_revision,central_calibration_worlds_005_006_rank1_f1_max,0.9992243532427358
20-25372,20-152526,2020-02-20,2020-12-16,NAME:universite de nantes,NAME_FALLBACK,9.85545335085414,2020-12-02,0.4599211563731931,0.9233464739378012,0.9352492924166343,0.2,0.6,0.6781738708302723,,0.9381867116198592,1,0.4198959553544314,9,HIGH,logistic_regression_synthetic_v0_4_transfer,0.7456781676471622,logistic_regression,v0_4_population_alias_revision,central_calibration_worlds_005_006_rank1_f1_max,0.9381867116198592
20-26328,21-76081,2020-02-21,2021-06-04,NAME:nantes metropole,NAME_FALLBACK,15.407358738501973,2021-04-09,1.8396846254927728,0.6933858957512046,0.0367634772378176,0.2,0.6,0.3062136909710373,,0.8451465919095333,3,0.0167322685281054,17,POTENTIAL,logistic_regression_synthetic_v0_4_transfer,0.7456781676471622,logistic_regression,v0_4_population_alias_revision,central_calibration_worlds_005_006_rank1_f1_max,0.8451465919095333
20-26585,21-85842,2020-02-23,2021-06-25,NAME:nantes metropole,NAME_FALLBACK,16.031537450722734,2021-07-07,0.3942181340341655,0.9342969776609724,0.0343152904535838,0.6,0.6,0.4855845960739974,,0.9781865885794023,1,0.0301303781129728,20,POTENTIAL,logistic_regression_synthetic_v0_4_transfer,0.7456781676471622,logistic_regression,v0_4_population_alias_revision,central_calibration_worlds_005_006_rank1_f1_max,0.9781865885794023
20-27109,20-61130,2020-02-23,2020-05-08,NAME:ville de bouguenais,NAME_FALLBACK,2.463863337713535,2020-07-19,2.365308804204993,0.6057818659658345,1.0,1.0,0.6,0.8614454664914586,,0.9991315367369485,1,0.6259215624800785,2,HIGH,logistic_regression_synthetic_v0_4_transfer,0.7456781676471622,logistic_regression,v0_4_population_alias_revision,central_calibration_worlds_005_006_rank1_f1_max,0.9991315367369485
20-27358,21-91773,2020-02-23,2021-07-04,NAME:gie sesam vitale,NAME_FALLBACK,16.327201051248355,2021-07-15,0.3613666228646517,0.939772229522558,0.0,0.2,0.6,0.3549430573806395,,0.891763419345799,1,0.0123193166885676,5,POTENTIAL,logistic_regression_synthetic_v0_4_transfer,0.7456781676471622,logistic_regression,v0_4_population_alias_revision,central_calibration_worlds_005_006_rank1_f1_max,0.891763419345799
20-27417,20-88353,2020-02-23,2020-07-11,NAME:chu de nantes,NAME_FALLBACK,4.566360052562418,2020-08-23,1.4126149802890933,0.7645641699518178,0.1796692603993677,1.0,0.6,0.6140252836277331,,0.9976174502531849,2,0.0564041788012557,9,HIGH,logistic_regression_synthetic_v0_4_transfer,0.7456781676471622,logistic_regression,v0_4_population_alias_revision,central_calibration_worlds_005_006_rank1_f1_max,0.9976174502531849
20-29244,20-93913,2020-02-27,2020-07-25,NAME:commune de nantes,NAME_FALLBACK,4.894875164257556,2020-07-27,0.0657030223390276,0.9890494962768288,0.8246021910708939,1.0,0.6,0.8958731409440199,,0.9995224306838851,1,0.604284964385771,6,HIGH,logistic_regression_synthetic_v0_4_transfer,0.7456781676471622,logistic_regression,v0_4_population_alias_revision,central_calibration_worlds_005_006_rank1_f1_max,0.9995224306838851
20-29934,20-143279,2020-02-28,2020-12-08,NAME:ville de nantes,NAME_FALLBACK,9.32982917214192,2020-07-28,4.369250985545335,0.2717915024091107,0.0178056845964585,0.1,0.6,0.1641798652110381,,0.7722355101932034,1,0.1641798652110381,1,HIGH,logistic_regression_synthetic_v0_4_transfer,0.7456781676471622,logistic_regression,v0_4_population_alias_revision,central_calibration_worlds_005_006_rank1_f1_max,0.7722355101932034
20-31844,21-19011,2020-03-04,2021-02-10,NAME:universite de nantes,NAME_FALLBACK,11.268068331143231,2020-12-17,1.8068331143232588,0.6988611476127902,0.0266990987320954,0.6,0.6,0.4240599714594309,,0.9748987211935026,1,0.0648142862129694,9,HIGH,logistic_regression_synthetic_v0_4_transfer,0.7456781676471622,logistic_regression,v0_4_population_alias_revision,central_calibration_worlds_005_006_rank1_f1_max,0.9748987211935026
20-32203,21-7561,2020-03-06,2021-01-18,NAME:nantes metropole,NAME_FALLBACK,10.446780551905388,2020-09-06,4.402102496714849,0.2663162505475251,0.0938881620226074,1.0,0.6,0.4594399193447939,,0.9957916343281624,1,0.0132419342374789,17,POTENTIAL,logistic_regression_synthetic_v0_4_transfer,0.7456781676471622,logistic_regression,v0_4_population_alias_revision,central_calibration_worlds_005_006_rank1_f1_max,0.9957916343281624
20-32603,20-121660,2020-03-03,2020-10-06,NAME:departement de la mayenne,NAME_FALLBACK,7.128777923784494,2020-09-03,1.0840998685939554,0.8193166885676741,0.0101491663392056,0.1,0.6,0.2983813803606405,,0.767865127119142,2,0.1616580414527628,4,HIGH,logistic_regression_synthetic_v0_4_transfer,0.7456781676471622,logistic_regression,v0_4_population_alias_revision,central_calibration_worlds_005_006_rank1_f1_max,0.767865127119142
20-32737,21-116891,2020-03-05,2021-09-01,SIRET:23440003400026,RAW_SIRET,17.904073587385017,2021-07-02,2.0039421813403417,0.6660096364432764,0.0165510660478353,0.2,1.0,0.3322952822275614,,0.9890028494512159,2,0.0307164517198486,4,POTENTIAL,logistic_regression_synthetic_v0_4_transfer,0.7456781676471622,logistic_regression,v0_4_population_alias_revision,central_calibration_worlds_005_006_rank1_f1_max,0.9890028494512159
20-34392,20-54283,2020-03-11,2020-04-23,NAME:nantes metropole,NAME_FALLBACK,1.4126149802890933,2020-09-11,4.6320630749014455,0.2279894875164257,1.0,1.0,0.6,0.7669973718791063,,0.9831572715663646,1,0.3027559293522493,16,HIGH,logistic_regression_synthetic_v0_4_transfer,0.7456781676471622,logistic_regression,v0_4_population_alias_revision,central_calibration_worlds_005_006_rank1_f1_max,0.9831572715663646
20-35694,20-152526,2020-03-09,2020-12-16,NAME:universite de nantes,NAME_FALLBACK,9.264126149802893,2020-11-25,0.6898817345597897,0.8850197109067017,0.1890345411918413,0.1,0.6,0.3774170171438199,,0.9654507530315052,1,0.0889429979602114,9,HIGH,logistic_regression_synthetic_v0_4_transfer,0.7456781676471622,logistic_regression,v0_4_population_alias_revision,central_calibration_worlds_005_006_rank1_f1_max,0.9654507530315052
20-35774,21-77546,2020-03-11,2021-06-10,NAME:conseil departemental loire-atlantique,NAME_FALLBACK,14.98028909329829,2021-05-26,0.4927726675427069,0.9178712220762156,0.354897478433391,0.4,0.6,0.5336819229707408,,0.9648593182686979,1,0.1332201350111269,10,HIGH,logistic_regression_synthetic_v0_4_transfer,0.7456781676471622,logistic_regression,v0_4_population_alias_revision,central_calibration_worlds_005_006_rank1_f1_max,0.9648593182686979
20-37796,21-16407,2020-03-12,2021-02-04,NAME:communaute d agglomeration du niortais,NAME_FALLBACK,10.808147174770038,2020-09-12,4.763469119579501,0.2060884800700831,0.3115226083880204,0.8,0.6,0.4605550329533279,,0.9967943703072026,1,0.0209322998564125,3,POTENTIAL,logistic_regression_synthetic_v0_4_transfer,0.7456781676471622,logistic_regression,v0_4_population_alias_revision,central_calibration_worlds_005_006_rank1_f1_max,0.9967943703072026
20-38676,21-15253,2020-03-15,2021-02-02,NAME:commune de nantes,NAME_FALLBACK,10.64388961892247,2020-09-15,4.599211563731932,0.2334647393780113,0.0,0.1,0.6,0.1483661848445028,,0.9391321270753865,4,0.0743117952981275,6,HIGH,logistic_regression_synthetic_v0_4_transfer,0.7456781676471622,logistic_regression,v0_4_population_alias_revision,central_calibration_worlds_005_006_rank1_f1_max,0.9391321270753865
20-39206,20-74255,2020-03-16,2020-06-10,NAME:ctre hosp universitaire angers,NAME_FALLBACK,2.8252299605781865,2020-07-16,1.1826544021024967,0.8028909329829172,1.0,1.0,0.6,0.9107227332457292,,0.9994508515800986,1,0.1163491020586946,2,HIGH,logistic_regression_synthetic_v0_4_transfer,0.7456781676471622,logistic_regression,v0_4_population_alias_revision,central_calibration_worlds_005_006_rank1_f1_max,0.9994508515800986
20-40507,20-74255,2020-03-17,2020-06-10,NAME:ctre hosp universitaire angers,NAME_FALLBACK,2.7923784494086727,2020-07-17,1.2155059132720103,0.7974156811213315,1.0,1.0,0.6,0.9093539202803328,,0.9995150500065604,1,0.9093539202803328,1,HIGH,logistic_regression_synthetic_v0_4_transfer,0.7456781676471622,logistic_regression,v0_4_population_alias_revision,central_calibration_worlds_005_006_rank1_f1_max,0.9995150500065604
20-49221,20-155309,2020-04-08,2020-12-20,SIRET:22850001300658,RAW_SIRET,8.409986859395532,2021-05-29,5.256241787122208,0.1239597021462987,0.1346040603293382,0.6,1.0,0.358101346651843,,0.9688456785480106,1,0.358101346651843,1,HIGH,logistic_regression_synthetic_v0_4_transfer,0.7456781676471622,logistic_regression,v0_4_population_alias_revision,central_calibration_worlds_005_006_rank1_f1_max,0.9688456785480106
20-49879,20-59788,2020-04-07,2020-05-04,NAME:vendee eau,NAME_FALLBACK,0.8869908015768725,2020-09-07,4.139290407358739,0.3101182654402102,0.9999999999999998,1.0,0.6,0.7875295663600526,,0.9977213901027823,1,0.533758221559645,2,HIGH,logistic_regression_synthetic_v0_4_transfer,0.7456781676471622,logistic_regression,v0_4_population_alias_revision,central_calibration_worlds_005_006_rank1_f1_max,0.9977213901027823
20-49949,21-78352,2020-04-30,2021-06-09,NAME:nantes metropole,NAME_FALLBACK,13.304862023653088,2021-04-15,1.8068331143232588,0.6988611476127902,0.0783418545318174,0.2,0.6,0.3221349359893336,,0.7660348648402773,3,0.0394721023463219,17,POTENTIAL,logistic_regression_synthetic_v0_4_transfer,0.7456781676471622,logistic_regression,v0_4_population_alias_revision,central_calibration_worlds_005_006_rank1_f1_max,0.7660348648402773
20-50348,21-11865,2020-04-08,2021-01-26,NAME:cte de communes de la region de blain,NAME_FALLBACK,9.625492772667542,2021-02-14,0.6241787122207622,0.8959702146298729,0.1847467295133879,1.0,0.6,0.6486539089871541,,0.9999786910499975,1,0.6486539089871541,1,HIGH,logistic_regression_synthetic_v0_4_transfer,0.7456781676471622,logistic_regression,v0_4_population_alias_revision,central_calibration_worlds_005_006_rank1_f1_max,0.9999786910499975
20-50446,21-113953,2020-04-10,2021-08-20,NAME:chu de nantes,NAME_FALLBACK,16.327201051248355,2021-08-10,0.328515111695138,0.9452474813841436,0.0232874943711365,0.2,0.6,0.3644624933759337,,0.9675411180699214,1,0.0164257555847569,10,POTENTIAL,logistic_regression_synthetic_v0_4_transfer,0.7456781676471622,logistic_regression,v0_4_population_alias_revision,central_calibration_worlds_005_006_rank1_f1_max,0.9675411180699214
20-51119,20-135282,2020-05-11,2020-11-06,NAME:ca pornic agglo pays de retz,NAME_FALLBACK,5.88042049934297,2020-11-11,0.164257555847569,0.9726237406920718,0.1589900176921329,0.1,0.6,0.3888024413652645,,0.9757865163236858,1,0.3888024413652645,1,HIGH,logistic_regression_synthetic_v0_4_transfer,0.7456781676471622,logistic_regression,v0_4_population_alias_revision,central_calibration_worlds_005_006_rank1_f1_max,0.9757865163236858
20-54283,20-66643,2020-04-23,2020-05-22,NAME:nantes metropole,NAME_FALLBACK,0.9526938239159,2020-10-23,5.059132720105125,0.1568112133158125,0.0215671275750135,1.0,0.6,0.4067512979802078,,0.9417050429080993,1,0.0263948821197111,16,POTENTIAL,logistic_regression_synthetic_v0_4_transfer,0.7456781676471622,logistic_regression,v0_4_population_alias_revision,central_calibration_worlds_005_006_rank1_f1_max,0.9417050429080993
20-5957,20-142015,2020-01-16,2020-11-21,SIRET:23440003400026,RAW_SIRET,10.183968462549275,2020-07-16,4.204993429697766,0.2991677617170389,0.0119647670562309,1.0,1.0,0.4789796088989405,,0.9998724984485552,1,0.1407145500517526,8,HIGH,logistic_regression_synthetic_v0_4_transfer,0.7456781676471622,logistic_regression,v0_4_population_alias_revision,central_calibration_worlds_005_006_rank1_f1_max,0.9998724984485552
20-60892,20-122198,2020-05-06,2020-10-06,NAME:angers nantes opera syndicat mixte,NAME_FALLBACK,5.026281208935611,2020-11-06,1.0183968462549278,0.8302671922908453,0.7873227297174427,0.1,0.6,0.5731297534738162,,0.8338820029134065,1,0.1171967705566019,3,HIGH,logistic_regression_synthetic_v0_4_transfer,0.7456781676471622,logistic_regression,v0_4_population_alias_revision,central_calibration_worlds_005_006_rank1_f1_max,0.8338820029134065
20-60975,20-122198,2020-05-19,2020-10-06,NAME:angers nantes opera syndicat mixte,NAME_FALLBACK,4.599211563731932,2020-11-19,1.445466491458607,0.7590889180902322,0.7873227297174427,0.4,0.6,0.645335184923663,,0.878397183687012,1,0.645335184923663,1,HIGH,logistic_regression_synthetic_v0_4_transfer,0.7456781676471622,logistic_regression,v0_4_population_alias_revision,central_calibration_worlds_005_006_rank1_f1_max,0.878397183687012
20-61243,20-122198,2020-05-07,2020-10-06,NAME:angers nantes opera syndicat mixte,NAME_FALLBACK,4.993429697766097,2020-11-07,1.0512483574244416,0.8247919404292597,0.7873227297174427,0.1,0.6,0.5717609405084199,,0.8504049601173324,1,0.1171967705566021,2,HIGH,logistic_regression_synthetic_v0_4_transfer,0.7456781676471622,logistic_regression,v0_4_population_alias_revision,central_calibration_worlds_005_006_rank1_f1_max,0.8504049601173324
20-66280,21-83160,2020-05-28,2021-06-25,NAME:angers loire metropole,NAME_FALLBACK,12.91064388961892,2021-10-18,3.7779237844940874,0.3703460359176522,0.0416059710111585,0.4,0.6,0.2871485988333185,,0.894589322664362,1,0.0076407130532289,5,POTENTIAL,logistic_regression_synthetic_v0_4_transfer,0.7456781676471622,logistic_regression,v0_4_population_alias_revision,central_calibration_worlds_005_006_rank1_f1_max,0.894589322664362
20-67439,21-38984,2020-05-25,2021-03-23,NAME:sdis 44,NAME_FALLBACK,9.921156373193169,2020-10-25,4.894875164257556,0.1841874726237407,0.0681065202036254,0.6,0.6,0.309884150227204,,0.9676988222430544,1,0.1952516976249854,2,HIGH,logistic_regression_synthetic_v0_4_transfer,0.7456781676471622,logistic_regression,v0_4_population_alias_revision,central_calibration_worlds_005_006_rank1_f1_max,0.9676988222430544
20-68352,20-114714,2020-05-28,2020-09-20,NAME:conseil departemental loire-atlantique,NAME_FALLBACK,3.7779237844940874,2020-11-28,2.266754270696452,0.6222076215505914,0.0149871724605487,1.0,0.6,0.5207974157488399,,0.9947670289113613,1,0.1730791482099451,10,HIGH,logistic_regression_synthetic_v0_4_transfer,0.7456781676471622,logistic_regression,v0_4_population_alias_revision,central_calibration_worlds_005_006_rank1_f1_max,0.9947670289113613
20-68370,21-67011,2020-05-26,2021-05-20,NAME:synd dep d energie et d eqpt de vendee,NAME_FALLBACK,11.793692509855452,2020-11-26,5.7490144546649145,0.0418309242225142,0.0046873567629095,0.2,0.6,0.1320983059226469,,0.8568412585011472,1,0.1320983059226469,1,HIGH,logistic_regression_synthetic_v0_4_transfer,0.7456781676471622,logistic_regression,v0_4_population_alias_revision,central_calibration_worlds_005_006_rank1_f1_max,0.8568412585011472
20-72791,21-126360,2020-06-07,2021-09-23,SIRET:88324710800011,RAW_SIRET,15.538764783180026,2021-04-10,5.45335085413929,0.0911081909767849,0.9999999999999998,1.0,1.0,0.7727770477441961,,0.9999589186458667,1,0.7727770477441961,1,HIGH,logistic_regression_synthetic_v0_4_transfer,0.7456781676471622,logistic_regression,v0_4_population_alias_revision,central_calibration_worlds_005_006_rank1_f1_max,0.9999589186458667
20-75569,21-125536,2020-06-14,2021-09-22,NAME:crous de nantes,NAME_FALLBACK,15.275952693823916,2021-05-14,4.303547963206308,0.282742006132282,0.0036669070783496,0.2,0.6,0.1919689190104928,,0.7681750302527918,1,0.1919689190104928,1,HIGH,logistic_regression_synthetic_v0_4_transfer,0.7456781676471622,logistic_regression,v0_4_population_alias_revision,central_calibration_worlds_005_006_rank1_f1_max,0.7681750302527918
20-78232,21-57326,2020-06-18,2021-04-29,NAME:departement de maine-et-loire,NAME_FALLBACK,10.348226018396844,2020-12-18,4.336399474375821,0.2772667542706964,0.0147610371924527,0.1,0.6,0.1644830515850325,,0.7711617287187579,1,0.0164239901987577,3,POTENTIAL,logistic_regression_synthetic_v0_4_transfer,0.7456781676471622,logistic_regression,v0_4_population_alias_revision,central_calibration_worlds_005_006_rank1_f1_max,0.7711617287187579
20-87505,21-24011,2020-07-08,2021-02-19,NAME:commune de saint nazaire,NAME_FALLBACK,7.424441524310118,2021-02-24,0.164257555847569,0.9726237406920718,0.0102903921873532,0.1,0.6,0.3367575724385915,,0.8794132081785941,1,0.3367575724385915,1,HIGH,logistic_regression_synthetic_v0_4_transfer,0.7456781676471622,logistic_regression,v0_4_population_alias_revision,central_calibration_worlds_005_006_rank1_f1_max,0.8794132081785941
20-88363,21-51989,2020-07-09,2021-04-19,NAME:departement de la mayenne,NAME_FALLBACK,9.32982917214192,2021-01-09,3.28515111695138,0.4524748138414367,0.2178200616029382,0.4,0.6,0.3693557250213875,,0.8194786487352549,1,0.0030311430924884,5,POTENTIAL,logistic_regression_synthetic_v0_4_transfer,0.7456781676471622,logistic_regression,v0_4_population_alias_revision,central_calibration_worlds_005_006_rank1_f1_max,0.8194786487352549
20-91088,22-16534,2020-07-18,2022-02-03,SIRET:24720013200014,RAW_SIRET,18.561103810775293,2021-11-23,2.365308804204993,0.6057818659658345,0.3246330467212676,0.2,1.0,0.4250670328439022,,0.941513658136219,1,0.0887583782164324,5,HIGH,logistic_regression_synthetic_v0_4_transfer,0.7456781676471622,logistic_regression,v0_4_population_alias_revision,central_calibration_worlds_005_006_rank1_f1_max,0.941513658136219
20-91517,22-6934,2020-07-19,2022-01-13,NAME:nantes metropole,NAME_FALLBACK,17.83837056504599,2022-03-06,1.7082785808147174,0.7152869031975471,0.0356277332035462,0.1,0.6,0.2812914324206279,,0.8532660489352114,7,0.0148970662525235,19,POTENTIAL,logistic_regression_synthetic_v0_4_transfer,0.7456781676471622,logistic_regression,v0_4_population_alias_revision,central_calibration_worlds_005_006_rank1_f1_max,0.8532660489352114
20-93634,21-103501,2020-07-22,2021-07-23,NAME:departement de la sarthe,NAME_FALLBACK,12.02365308804205,2021-01-22,5.978975032851511,0.0035041611914148,0.0100534405045845,0.4,0.6,0.1843947444744583,,0.835316079970965,2,0.0288233370551988,2,POTENTIAL,logistic_regression_synthetic_v0_4_transfer,0.7456781676471622,logistic_regression,v0_4_population_alias_revision,central_calibration_worlds_005_006_rank1_f1_max,0.835316079970965
20-94462,21-37354,2020-07-26,2021-03-21,NAME:ch le mans,NAME_FALLBACK,7.818659658344283,2021-04-10,0.657030223390276,0.8904949627682873,0.0188196119046799,0.6,0.6,0.4692106048587098,,0.9779534977207976,1,0.2071488320250878,4,HIGH,logistic_regression_synthetic_v0_4_transfer,0.7456781676471622,logistic_regression,v0_4_population_alias_revision,central_calibration_worlds_005_006_rank1_f1_max,0.9779534977207976
20-95579,21-95316,2020-07-29,2021-07-08,NAME:cte de cnes du pays d ancenis,NAME_FALLBACK,11.300919842312746,2021-07-24,0.5256241787122208,0.9123959702146298,0.1183861201069388,0.1,0.6,0.359534134591086,,0.9539824765377248,1,0.359534134591086,1,HIGH,logistic_regression_synthetic_v0_4_transfer,0.7456781676471622,logistic_regression,v0_4_population_alias_revision,central_calibration_worlds_005_006_rank1_f1_max,0.9539824765377248
20-95675,21-57326,2020-07-28,2021-04-29,NAME:departement de maine-et-loire,NAME_FALLBACK,9.034165571616294,2021-01-28,2.9894875164257555,0.5017520805957074,0.0186756327955986,0.1,0.6,0.2219744916273864,,0.8055069536435143,1,0.0356646453958727,2,POTENTIAL,logistic_regression_synthetic_v0_4_transfer,0.7456781676471622,logistic_regression,v0_4_population_alias_revision,central_calibration_worlds_005_006_rank1_f1_max,0.8055069536435143
20-96618,20-115241,2020-07-29,2020-09-23,NAME:ch le mans,NAME_FALLBACK,1.8396846254927728,2021-02-13,4.697766097240473,0.2170389837932544,0.5638167266698864,1.0,0.6,0.6115956002827738,,0.9949227727055986,1,0.1394847204890906,5,HIGH,logistic_regression_synthetic_v0_4_transfer,0.7456781676471622,logistic_regression,v0_4_population_alias_revision,central_calibration_worlds_005_006_rank1_f1_max,0.9949227727055986
20-97380,21-72712,2020-08-01,2021-06-02,NAME:cci nantes saint-nazaire,NAME_FALLBACK,10.019710906701707,2021-06-11,0.2956636005256242,0.9507227332457292,0.1282204332687063,1.0,0.6,0.6425578349554795,,0.9998683928432481,1,0.6425578349554795,1,HIGH,logistic_regression_synthetic_v0_4_transfer,0.7456781676471622,logistic_regression,v0_4_population_alias_revision,central_calibration_worlds_005_006_rank1_f1_max,0.9998683928432481
20-98214,21-7561,2020-08-05,2021-01-18,NAME:nantes metropole,NAME_FALLBACK,5.45335085413929,2021-02-05,0.5913272010512484,0.9014454664914586,0.0,0.6,0.6,0.4653613666228646,,0.7597966901245453,1,0.0380989925536575,18,POTENTIAL,logistic_regression_synthetic_v0_4_transfer,0.7456781676471622,logistic_regression,v0_4_population_alias_revision,central_calibration_worlds_005_006_rank1_f1_max,0.7597966901245453
20-98264,21-7561,2020-08-05,2021-01-18,NAME:nantes metropole,NAME_FALLBACK,5.45335085413929,2021-02-05,0.5913272010512484,0.9014454664914586,0.0,0.6,0.6,0.4653613666228646,,0.7597966901245453,1,0.0380989925536575,18,POTENTIAL,logistic_regression_synthetic_v0_4_transfer,0.7456781676471622,logistic_regression,v0_4_population_alias_revision,central_calibration_worlds_005_006_rank1_f1_max,0.7597966901245453
21-102565,22-113250,2021-07-24,2022-08-19,NAME:ville de bouguenais,NAME_FALLBACK,12.844940867279892,2022-04-25,3.8107752956636,0.3648707840560666,0.2320903011856148,0.1,0.6,0.2624493014289818,,0.918224880584308,1,0.0010462455119109,2,POTENTIAL,logistic_regression_synthetic_v0_4_transfer,0.7456781676471622,logistic_regression,v0_4_population_alias_revision,central_calibration_worlds_005_006_rank1_f1_max,0.918224880584308
21-103501,21-156574,2021-07-23,2021-11-26,NAME:departement de la sarthe,NAME_FALLBACK,4.139290407358739,2022-01-23,1.9053876478318,0.6824353920280333,0.3198361347751099,1.0,0.6,0.6425514951782969,,0.9991466537201293,1,0.6425514951782969,1,HIGH,logistic_regression_synthetic_v0_4_transfer,0.7456781676471622,logistic_regression,v0_4_population_alias_revision,central_calibration_worlds_005_006_rank1_f1_max,0.9991466537201293
21-104870,22-83349,2021-07-29,2022-06-16,SIRET:22530001100015,RAW_SIRET,10.578186596583445,2022-05-11,1.1826544021024967,0.8028909329829172,0.6128460635097774,1.0,1.0,0.8152188554741514,,0.9998004518862176,1,0.2043641331056634,9,HIGH,logistic_regression_synthetic_v0_4_transfer,0.7456781676471622,logistic_regression,v0_4_population_alias_revision,central_calibration_worlds_005_006_rank1_f1_max,0.9998004518862176
21-111036,22-113250,2021-08-13,2022-08-19,NAME:ville de bouguenais,NAME_FALLBACK,12.187910643889618,2022-03-20,4.993429697766097,0.1677617170389838,0.3230639460270779,0.1,0.6,0.2450128103692231,,0.8782739187615249,2,0.1298278708430751,2,HIGH,logistic_regression_synthetic_v0_4_transfer,0.7456781676471622,logistic_regression,v0_4_population_alias_revision,central_calibration_worlds_005_006_rank1_f1_max,0.8782739187615249
21-113953,21-117615,2021-08-20,2021-09-01,NAME:chu de nantes,NAME_FALLBACK,0.3942181340341655,2022-02-20,5.650459921156373,0.0582566798072711,1.0,1.0,0.6,0.7245641699518177,,0.993680132084949,1,0.4017032238316056,5,HIGH,logistic_regression_synthetic_v0_4_transfer,0.7456781676471622,logistic_regression,v0_4_population_alias_revision,central_calibration_worlds_005_006_rank1_f1_max,0.993680132084949
21-116891,22-69952,2021-09-01,2022-05-16,SIRET:23440003400026,RAW_SIRET,8.442838370565045,2022-07-15,1.971090670170828,0.6714848883048621,0.0365609971436217,1.0,1.0,0.5806675710764831,,0.9998460416908522,1,0.1207877828358682,11,HIGH,logistic_regression_synthetic_v0_4_transfer,0.7456781676471622,logistic_regression,v0_4_population_alias_revision,central_calibration_worlds_005_006_rank1_f1_max,0.9998460416908522
21-117181,22-57715,2021-08-31,2022-04-22,NAME:satt ouest valorisation,NAME_FALLBACK,7.687253613666228,2022-02-28,1.7411300919842312,0.7098116513359615,0.6207670451588572,0.1,0.6,0.4847213786395903,,0.9018848463830977,1,0.4847213786395903,1,HIGH,logistic_regression_synthetic_v0_4_transfer,0.7456781676471622,logistic_regression,v0_4_population_alias_revision,central_calibration_worlds_005_006_rank1_f1_max,0.9018848463830977
21-117209,22-49221,2021-08-31,2022-04-07,NAME:departement de la mayenne,NAME_FALLBACK,7.194480946123521,2022-02-28,1.2483574244415243,0.791940429259746,0.149053859147232,0.1,0.6,0.3401539580164677,,0.810503229430023,1,0.0487009402254383,3,POTENTIAL,logistic_regression_synthetic_v0_4_transfer,0.7456781676471622,logistic_regression,v0_4_population_alias_revision,central_calibration_worlds_005_006_rank1_f1_max,0.810503229430023
21-11865,21-141238,2021-01-26,2021-10-21,NAME:cte de communes de la region de blain,NAME_FALLBACK,8.804204993429698,2022-01-12,2.726675427069645,0.5455540954883924,0.033539263390973,1.0,0.6,0.5081272660589387,,0.9999407466496779,1,0.5081272660589387,1,HIGH,logistic_regression_synthetic_v0_4_transfer,0.7456781676471622,logistic_regression,v0_4_population_alias_revision,central_calibration_worlds_005_006_rank1_f1_max,0.9999407466496779
21-119536,22-95583,2021-09-06,2022-07-07,NAME:commune de saint-herblain,NAME_FALLBACK,9.986859395532194,2022-03-06,4.040735873850197,0.3265440210249671,0.3000655074990502,0.1,0.6,0.2766589328809093,,0.8188691586419086,2,0.0697447234561602,3,HIGH,logistic_regression_synthetic_v0_4_transfer,0.7456781676471622,logistic_regression,v0_4_population_alias_revision,central_calibration_worlds_005_006_rank1_f1_max,0.8188691586419086
21-122032,22-118191,2021-09-10,2022-09-03,NAME:nantes metropole,NAME_FALLBACK,11.76084099868594,2022-07-12,1.7411300919842312,0.7098116513359615,0.04557906541291,1.0,0.6,0.553405585728509,,0.9998064539201895,1,0.1595429063468583,17,HIGH,logistic_regression_synthetic_v0_4_transfer,0.7456781676471622,logistic_regression,v0_4_population_alias_revision,central_calibration_worlds_005_006_rank1_f1_max,0.9998064539201895
21-122276,22-125236,2021-09-15,2022-09-19,NAME:universite d angers,NAME_FALLBACK,12.12220762155059,2022-06-03,3.54796320630749,0.4086727989487516,0.0,0.1,0.6,0.1921681997371879,,0.8869761219081649,1,0.031956854877788,2,POTENTIAL,logistic_regression_synthetic_v0_4_transfer,0.7456781676471622,logistic_regression,v0_4_population_alias_revision,central_calibration_worlds_005_006_rank1_f1_max,0.8869761219081649
21-124527,21-130046,2021-09-16,2021-09-29,NAME:gpm de nantes - st nazaire,NAME_FALLBACK,0.4270696452036793,2022-03-16,5.519053876478318,0.0801576872536137,1.0000000000000004,1.0,0.6,0.7300394218134036,,0.9960751334942033,1,0.4447836692120347,2,HIGH,logistic_regression_synthetic_v0_4_transfer,0.7456781676471622,logistic_regression,v0_4_population_alias_revision,central_calibration_worlds_005_006_rank1_f1_max,0.9960751334942033
21-125536,22-38732,2021-09-22,2022-03-17,NAME:crous de nantes,NAME_FALLBACK,5.781865965834428,2022-03-22,0.164257555847569,0.9726237406920718,0.0223333285874864,1.0,0.6,0.6109726001786382,,0.9995588823765461,1,0.6109726001786382,1,HIGH,logistic_regression_synthetic_v0_4_transfer,0.7456781676471622,logistic_regression,v0_4_population_alias_revision,central_calibration_worlds_005_006_rank1_f1_max,0.9995588823765461
21-125688,22-93332,2021-09-22,2022-07-06,NAME:vendee expansion,NAME_FALLBACK,9.42838370565046,2022-06-15,0.6898817345597897,0.8850197109067017,0.1348238300139508,0.2,0.6,0.3884432682315582,,0.9446841525616303,1,0.3884432682315582,1,HIGH,logistic_regression_synthetic_v0_4_transfer,0.7456781676471622,logistic_regression,v0_4_population_alias_revision,central_calibration_worlds_005_006_rank1_f1_max,0.9446841525616303
21-125738,21-161861,2021-09-20,2021-12-09,NAME:commune de saint nazaire,NAME_FALLBACK,2.628120893561104,2022-03-20,3.3180026281208934,0.4469995619798511,0.9321375392082408,1.0,0.6,0.797998029217847,,0.9989652235064517,1,0.797998029217847,1,HIGH,logistic_regression_synthetic_v0_4_transfer,0.7456781676471622,logistic_regression,v0_4_population_alias_revision,central_calibration_worlds_005_006_rank1_f1_max,0.9989652235064517
21-126684,23-63763,2021-09-24,2023-05-12,SIRET:23440003400026,RAW_SIRET,19.54664914586071,2023-02-28,2.3981603153745072,0.6003066141042488,0.0362862493238371,0.2,1.0,0.3227768407894052,,0.9721116869548404,6,0.037917184923201,13,POTENTIAL,logistic_regression_synthetic_v0_4_transfer,0.7456781676471622,logistic_regression,v0_4_population_alias_revision,central_calibration_worlds_005_006_rank1_f1_max,0.9721116869548404
21-12893,21-145116,2021-01-30,2021-10-30,SIRET:22530001100015,RAW_SIRET,8.968462549277266,2021-09-12,1.5768725361366622,0.7371879106438897,1.0000000000000002,0.4,1.0,0.7542969776609724,,0.9625158923083655,1,0.4230663609073145,4,HIGH,logistic_regression_synthetic_v0_4_transfer,0.7456781676471622,logistic_regression,v0_4_population_alias_revision,central_calibration_worlds_005_006_rank1_f1_max,0.9625158923083655
21-129937,22-41834,2021-10-01,2022-03-22,NAME:ville de nantes,NAME_FALLBACK,5.650459921156373,2022-04-01,0.328515111695138,0.9452474813841436,0.0,0.1,0.6,0.3263118703460359,,0.958128013838879,1,0.0966747723470827,3,HIGH,logistic_regression_synthetic_v0_4_transfer,0.7456781676471622,logistic_regression,v0_4_population_alias_revision,central_calibration_worlds_005_006_rank1_f1_max,0.958128013838879
21-130046,22-92345,2021-09-29,2022-07-03,NAME:gpm de nantes - st nazaire,NAME_FALLBACK,9.09986859395532,2022-03-29,3.1537450722733245,0.4743758212877792,0.0127324737987925,0.4,0.6,0.3030503211515222,,0.8639200229178439,1,0.3030503211515222,1,HIGH,logistic_regression_synthetic_v0_4_transfer,0.7456781676471622,logistic_regression,v0_4_population_alias_revision,central_calibration_worlds_005_006_rank1_f1_max,0.8639200229178439
21-130369,21-157863,2021-10-01,2021-12-02,NAME:commune de saint-herblain,NAME_FALLBACK,2.0367936925098555,2022-04-01,3.942181340341656,0.342969776609724,1.0,1.0,0.6,0.795742444152431,,0.9984236364028213,1,0.5197151959962335,2,HIGH,logistic_regression_synthetic_v0_4_transfer,0.7456781676471622,logistic_regression,v0_4_population_alias_revision,central_calibration_worlds_005_006_rank1_f1_max,0.9984236364028213
21-13699,21-20640,2021-02-03,2021-02-12,NAME:communaute de communes de sable,NAME_FALLBACK,0.2956636005256242,2021-08-03,5.650459921156373,0.0582566798072711,0.9567939091558684,1.0,0.6,0.7094420381563717,,0.9955725962129686,1,0.5617958729148393,2,HIGH,logistic_regression_synthetic_v0_4_transfer,0.7456781676471622,logistic_regression,v0_4_population_alias_revision,central_calibration_worlds_005_006_rank1_f1_max,0.9955725962129686
21-137487,22-93332,2021-10-15,2022-07-06,NAME:vendee expansion,NAME_FALLBACK,8.672798948751643,2022-06-15,0.6898817345597897,0.8850197109067017,0.2797786744300027,1.0,0.6,0.6791774637771764,,0.9998182726770364,1,0.6791774637771764,1,HIGH,logistic_regression_synthetic_v0_4_transfer,0.7456781676471622,logistic_regression,v0_4_population_alias_revision,central_calibration_worlds_005_006_rank1_f1_max,0.9998182726770364
21-138241,22-83128,2021-10-16,2022-06-14,SIRET:22720002900014,RAW_SIRET,7.917214191852825,2022-07-26,1.3797634691195797,0.7700394218134035,0.2393031254111336,0.4,1.0,0.4962659493472476,,0.8888478238297016,1,0.0944052747844516,5,HIGH,logistic_regression_synthetic_v0_4_transfer,0.7456781676471622,logistic_regression,v0_4_population_alias_revision,central_calibration_worlds_005_006_rank1_f1_max,0.8888478238297016
21-141754,23-29518,2021-10-21,2023-03-03,NAME:vendee grand littoral,NAME_FALLBACK,16.36005256241787,2022-10-21,4.369250985545335,0.2717915024091107,0.0,0.1,0.6,0.1579478756022777,,0.9565123325774103,1,0.1579478756022777,1,HIGH,logistic_regression_synthetic_v0_4_transfer,0.7456781676471622,logistic_regression,v0_4_population_alias_revision,central_calibration_worlds_005_006_rank1_f1_max,0.9565123325774103
21-14714,21-96695,2021-02-01,2021-07-12,NAME:universite de nantes,NAME_FALLBACK,5.289093298291721,2021-08-01,0.657030223390276,0.8904949627682873,0.1026665567726758,1.0,0.6,0.6185570355625083,,0.9998460387191005,2,0.2223562364480042,6,HIGH,logistic_regression_synthetic_v0_4_transfer,0.7456781676471622,logistic_regression,v0_4_population_alias_revision,central_calibration_worlds_005_006_rank1_f1_max,0.9998460387191005
21-148591,22-12003,2021-11-10,2022-01-26,NAME:laval agglomeration,NAME_FALLBACK,2.5295663600525624,2022-03-10,1.4126149802890933,0.7645641699518178,0.6788589799893974,1.0,0.6,0.7887416854842435,,0.9992249958794281,1,0.7887416854842435,1,HIGH,logistic_regression_synthetic_v0_4_transfer,0.7456781676471622,logistic_regression,v0_4_population_alias_revision,central_calibration_worlds_005_006_rank1_f1_max,0.9992249958794281
21-148611,22-171933,2021-11-10,2023-01-01,SIRET:24720013200014,RAW_SIRET,13.699080157687254,2023-02-13,1.4126149802890933,0.7645641699518178,0.5777380990772488,1.0,1.0,0.7933493771649914,,0.9999530624231517,1,0.6103445589433533,4,HIGH,logistic_regression_synthetic_v0_4_transfer,0.7456781676471622,logistic_regression,v0_4_population_alias_revision,central_calibration_worlds_005_006_rank1_f1_max,0.9999530624231517
21-150948,22-66848,2021-11-15,2022-05-12,NAME:semitan,NAME_FALLBACK,5.847568988173456,2022-05-15,0.0985545335085413,0.9835742444152432,0.0,0.4,0.6,0.4258935611038107,,0.7895533351337858,1,0.0331287814838702,5,POTENTIAL,logistic_regression_synthetic_v0_4_transfer,0.7456781676471622,logistic_regression,v0_4_population_alias_revision,central_calibration_worlds_005_006_rank1_f1_max,0.7895533351337858
21-153479,22-118191,2021-11-19,2022-09-03,NAME:nantes metropole,NAME_FALLBACK,9.461235216819974,2022-05-19,3.515111695137976,0.4141480508103373,0.0971842924948477,0.1,0.6,0.227551515075781,,0.8267917179707722,11,0.0103415961693987,15,POTENTIAL,logistic_regression_synthetic_v0_4_transfer,0.7456781676471622,logistic_regression,v0_4_population_alias_revision,central_calibration_worlds_005_006_rank1_f1_max,0.8267917179707722
21-156348,22-130851,2021-11-27,2022-10-02,SIRET:22530001100015,RAW_SIRET,10.151116951379764,2022-09-20,0.3942181340341655,0.9342969776609724,0.1221542915628732,1.0,1.0,0.6763282464622488,,0.99977859199476,1,0.1109554549921986,7,HIGH,logistic_regression_synthetic_v0_4_transfer,0.7456781676471622,logistic_regression,v0_4_population_alias_revision,central_calibration_worlds_005_006_rank1_f1_max,0.99977859199476
21-157863,22-95583,2021-12-02,2022-07-07,NAME:commune de saint-herblain,NAME_FALLBACK,7.128777923784494,2022-08-26,1.6425755584756898,0.7262374069207184,0.1965774451418546,0.1,0.6,0.3403614575298287,,0.8391163945489358,1,0.3403614575298287,1,HIGH,logistic_regression_synthetic_v0_4_transfer,0.7456781676471622,logistic_regression,v0_4_population_alias_revision,central_calibration_worlds_005_006_rank1_f1_max,0.8391163945489358
21-160384,22-93332,2021-12-06,2022-07-06,NAME:vendee expansion,NAME_FALLBACK,6.964520367936925,2022-06-06,0.985545335085414,0.835742444152431,0.1079569319162648,1.0,0.6,0.6067205372088005,,0.9996228681575053,1,0.6067205372088005,1,HIGH,logistic_regression_synthetic_v0_4_transfer,0.7456781676471622,logistic_regression,v0_4_population_alias_revision,central_calibration_worlds_005_006_rank1_f1_max,0.9996228681575053
21-161904,22-90329,2021-12-11,2022-06-30,SIRET:22440002800011,RAW_SIRET,6.603153745072273,2022-10-07,3.252299605781866,0.4579500657030223,0.2263034731243246,1.0,1.0,0.5936937320192692,,0.9961350647034223,1,0.1467987960893674,15,HIGH,logistic_regression_synthetic_v0_4_transfer,0.7456781676471622,logistic_regression,v0_4_population_alias_revision,central_calibration_worlds_005_006_rank1_f1_max,0.9961350647034223
21-163566,22-118191,2021-12-13,2022-09-03,NAME:nantes metropole,NAME_FALLBACK,8.672798948751643,2022-06-13,2.693823915900132,0.5510293473499781,0.0028843728036078,0.1,0.6,0.2287668673187572,,0.7714518993991571,8,0.1360582968732896,17,HIGH,logistic_regression_synthetic_v0_4_transfer,0.7456781676471622,logistic_regression,v0_4_population_alias_revision,central_calibration_worlds_005_006_rank1_f1_max,0.7714518993991571
21-163822,22-102623,2021-12-16,2022-07-24,NAME:nantes metropole,NAME_FALLBACK,7.227332457293035,2022-07-03,0.6898817345597897,0.8850197109067017,0.2007641085727083,1.0,0.6,0.6515223657271234,,0.9971260241400766,1,0.3545532331587002,17,HIGH,logistic_regression_synthetic_v0_4_transfer,0.7456781676471622,logistic_regression,v0_4_population_alias_revision,central_calibration_worlds_005_006_rank1_f1_max,0.9971260241400766
21-17328,21-23641,2021-02-05,2021-02-19,NAME:universite d angers,NAME_FALLBACK,0.4599211563731931,2021-07-16,4.829172141918528,0.195137976346912,1.0000000000000004,1.0,0.6,0.7587844940867281,,0.9951623545836792,1,0.180164727712407,5,HIGH,logistic_regression_synthetic_v0_4_transfer,0.7456781676471622,logistic_regression,v0_4_population_alias_revision,central_calibration_worlds_005_006_rank1_f1_max,0.9951623545836792
21-23641,21-35440,2021-02-19,2021-03-17,NAME:universite d angers,NAME_FALLBACK,0.8541392904073587,2021-07-16,3.975032851511169,0.3374945247481384,0.3835603862493899,1.0,0.6,0.5786197663743211,,0.994445191664355,1,0.265919654401776,4,HIGH,logistic_regression_synthetic_v0_4_transfer,0.7456781676471622,logistic_regression,v0_4_population_alias_revision,central_calibration_worlds_005_006_rank1_f1_max,0.994445191664355
21-23645,21-51020,2021-02-19,2021-04-16,NAME:semitan,NAME_FALLBACK,1.8396846254927728,2021-08-19,4.106438896189225,0.3155935173017958,1.0,1.0,0.6,0.7888983793254489,,0.9973169469604624,1,0.4926918793790283,5,HIGH,logistic_regression_synthetic_v0_4_transfer,0.7456781676471622,logistic_regression,v0_4_population_alias_revision,central_calibration_worlds_005_006_rank1_f1_max,0.9973169469604624
21-24515,21-35279,2021-02-22,2021-03-16,NAME:ifth,NAME_FALLBACK,0.7227332457293035,2021-06-22,3.219448094612352,0.463425317564608,0.9999999999999994,1.0,0.6,0.8258563293911518,,0.9984412061006389,1,0.8258563293911518,1,HIGH,logistic_regression_synthetic_v0_4_transfer,0.7456781676471622,logistic_regression,v0_4_population_alias_revision,central_calibration_worlds_005_006_rank1_f1_max,0.9984412061006389
21-25617,22-54720,2021-02-26,2022-04-14,SIRET:22720002900014,RAW_SIRET,13.534822601839684,2022-06-03,1.6425755584756898,0.7262374069207184,0.0454141721863328,0.2,1.0,0.357454311995396,,0.7949991945548954,1,0.0045114130863053,5,POTENTIAL,logistic_regression_synthetic_v0_4_transfer,0.7456781676471622,logistic_regression,v0_4_population_alias_revision,central_calibration_worlds_005_006_rank1_f1_max,0.7949991945548954
21-26779,22-69952,2021-02-28,2022-05-16,SIRET:23440003400026,RAW_SIRET,14.520367936925098,2022-06-03,0.5913272010512484,0.9014454664914586,0.0214735303641895,0.2,1.0,0.392877102250331,,0.9595973685297151,1,0.0001381263995825,10,POTENTIAL,logistic_regression_synthetic_v0_4_transfer,0.7456781676471622,logistic_regression,v0_4_population_alias_revision,central_calibration_worlds_005_006_rank1_f1_max,0.9595973685297151
21-28963,22-39260,2021-03-05,2022-03-16,NAME:ch le mans,NAME_FALLBACK,12.352168199737187,2022-05-21,2.1681997371879107,0.6386333771353483,0.0583323506927792,0.4,0.6,0.3600746670263098,,0.933486569561033,3,0.0303202582472855,4,POTENTIAL,logistic_regression_synthetic_v0_4_transfer,0.7456781676471622,logistic_regression,v0_4_population_alias_revision,central_calibration_worlds_005_006_rank1_f1_max,0.933486569561033
21-29818,22-28887,2021-03-07,2022-02-26,SIRET:52926090300016,RAW_SIRET,11.695137976346912,2021-09-13,5.45335085413929,0.0911081909767849,1.0000000000000002,1.0,1.0,0.7727770477441962,,0.9998846433642333,1,0.7727770477441962,1,HIGH,logistic_regression_synthetic_v0_4_transfer,0.7456781676471622,logistic_regression,v0_4_population_alias_revision,central_calibration_worlds_005_006_rank1_f1_max,0.9998846433642333
21-30471,22-113250,2021-03-08,2022-08-19,NAME:ville de bouguenais,NAME_FALLBACK,17.378449408672797,2022-06-03,2.5295663600525624,0.5784056066579062,0.2151092157070921,0.1,0.6,0.3098896271619588,,0.9821929542654426,1,0.0784502960509039,2,HIGH,logistic_regression_synthetic_v0_4_transfer,0.7456781676471622,logistic_regression,v0_4_population_alias_revision,central_calibration_worlds_005_006_rank1_f1_max,0.9821929542654426
21-32441,21-96695,2021-03-11,2021-07-12,NAME:universite de nantes,NAME_FALLBACK,4.040735873850197,2021-12-02,4.697766097240473,0.2170389837932544,0.1200098054865906,0.1,0.6,0.1862631778686203,,0.8550706455894383,1,0.1862631778686203,1,HIGH,logistic_regression_synthetic_v0_4_transfer,0.7456781676471622,logistic_regression,v0_4_population_alias_revision,central_calibration_worlds_005_006_rank1_f1_max,0.8550706455894383
21-34147,22-113250,2021-03-15,2022-08-19,NAME:ville de bouguenais,NAME_FALLBACK,17.1484888304862,2022-06-03,2.5295663600525624,0.5784056066579062,0.2151092157070921,0.1,0.6,0.3098896271619588,,0.981079679407611,1,0.0784502960509039,2,HIGH,logistic_regression_synthetic_v0_4_transfer,0.7456781676471622,logistic_regression,v0_4_population_alias_revision,central_calibration_worlds_005_006_rank1_f1_max,0.981079679407611
21-35196,21-89893,2021-03-16,2021-07-02,NAME:communaute d agglomeration du niortais,NAME_FALLBACK,3.54796320630749,2021-09-16,2.4967148488830486,0.5838808585194919,0.4837454701047893,1.0,0.6,0.6752811291665493,,0.9989916966436835,1,0.6752811291665493,1,HIGH,logistic_regression_synthetic_v0_4_transfer,0.7456781676471622,logistic_regression,v0_4_population_alias_revision,central_calibration_worlds_005_006_rank1_f1_max,0.9989916966436835
21-35440,22-22098,2021-03-17,2022-02-13,NAME:universite d angers,NAME_FALLBACK,10.939553219448094,2021-08-30,5.486202365308804,0.0856329391151993,0.0022929992310267,1.0,0.6,0.3822107845096592,,0.9991187091823794,1,0.082748376752617,4,HIGH,logistic_regression_synthetic_v0_4_transfer,0.7456781676471622,logistic_regression,v0_4_population_alias_revision,central_calibration_worlds_005_006_rank1_f1_max,0.9991187091823794
21-35651,22-13142,2021-03-19,2022-01-27,NAME:conseil regional des pays de la loire,NAME_FALLBACK,10.315374507227332,2021-09-19,4.270696452036794,0.2882172579938676,0.215652728085774,0.6,0.6,0.3875327693284878,,0.9452757706417534,2,0.0102069487050772,9,POTENTIAL,logistic_regression_synthetic_v0_4_transfer,0.7456781676471622,logistic_regression,v0_4_population_alias_revision,central_calibration_worlds_005_006_rank1_f1_max,0.9452757706417534
21-35939,21-78393,2021-03-19,2021-06-11,NAME:conseil departemental loire-atlantique,NAME_FALLBACK,2.759526938239159,2021-09-19,3.28515111695138,0.4524748138414367,0.2904337635881374,1.0,0.6,0.5747705207162073,,0.9947234990407547,1,0.2626681165152201,8,HIGH,logistic_regression_synthetic_v0_4_transfer,0.7456781676471622,logistic_regression,v0_4_population_alias_revision,central_calibration_worlds_005_006_rank1_f1_max,0.9947234990407547
21-36205,21-53968,2021-03-20,2021-04-24,NAME:conseil departemental loire-atlantique,NAME_FALLBACK,1.149802890932983,2021-09-20,4.894875164257556,0.1841874726237407,0.3987912863430825,1.0,0.6,0.545623818376014,,0.9985570046260572,1,0.2547369455516959,7,HIGH,logistic_regression_synthetic_v0_4_transfer,0.7456781676471622,logistic_regression,v0_4_population_alias_revision,central_calibration_worlds_005_006_rank1_f1_max,0.9985570046260572
21-36555,22-17364,2021-03-18,2022-02-04,NAME:sdis 44,NAME_FALLBACK,10.611038107752956,2021-09-18,4.566360052562418,0.2389399912395969,0.0120587837420879,0.2,0.6,0.18395557211963,,0.8255541709955634,1,0.0574901445466491,3,HIGH,logistic_regression_synthetic_v0_4_transfer,0.7456781676471622,logistic_regression,v0_4_population_alias_revision,central_calibration_worlds_005_006_rank1_f1_max,0.8255541709955634
21-40444,21-154866,2021-03-25,2021-11-25,NAME:ville de saint sebastien sur loire,NAME_FALLBACK,8.04862023653088,2021-09-25,2.0039421813403417,0.6660096364432764,0.0077159761869277,1.0,0.6,0.5292030007762438,,0.9995723653466824,1,0.5292030007762438,1,HIGH,logistic_regression_synthetic_v0_4_transfer,0.7456781676471622,logistic_regression,v0_4_population_alias_revision,central_calibration_worlds_005_006_rank1_f1_max,0.9995723653466824
21-41109,21-129937,2021-03-26,2021-10-01,NAME:ville de nantes,NAME_FALLBACK,6.208935611038108,2021-09-26,0.164257555847569,0.9726237406920718,0.0,0.1,0.6,0.3331559351730179,,0.960355756281255,1,0.0581266138317355,4,HIGH,logistic_regression_synthetic_v0_4_transfer,0.7456781676471622,logistic_regression,v0_4_population_alias_revision,central_calibration_worlds_005_006_rank1_f1_max,0.960355756281255
21-42540,22-113250,2021-03-30,2022-08-19,NAME:ville de bouguenais,NAME_FALLBACK,16.655716162943495,2022-06-18,2.0367936925098555,0.6605343845816907,0.2259022465338541,0.1,0.6,0.3341993824322716,,0.9816223826658721,1,0.1307966285741795,2,HIGH,logistic_regression_synthetic_v0_4_transfer,0.7456781676471622,logistic_regression,v0_4_population_alias_revision,central_calibration_worlds_005_006_rank1_f1_max,0.9816223826658721
21-43310,22-125236,2021-04-02,2022-09-19,NAME:universite d angers,NAME_FALLBACK,17.57555847568988,2022-06-22,2.923784494086728,0.5127025843188786,0.0664072391585778,0.1,0.6,0.2414181797852219,,0.977816865356295,1,0.1057865975340939,2,HIGH,logistic_regression_synthetic_v0_4_transfer,0.7456781676471622,logistic_regression,v0_4_population_alias_revision,central_calibration_worlds_005_006_rank1_f1_max,0.977816865356295
21-4564,21-148535,2021-01-12,2021-11-08,NAME:ecole centrale de nantes,NAME_FALLBACK,9.85545335085414,2021-07-12,3.9093298291721417,0.3484450284713097,0.0158015385604273,0.1,0.6,0.182641795613977,,0.9697723928748285,1,0.182641795613977,1,HIGH,logistic_regression_synthetic_v0_4_transfer,0.7456781676471622,logistic_regression,v0_4_population_alias_revision,central_calibration_worlds_005_006_rank1_f1_max,0.9697723928748285
21-50635,22-95027,2021-04-17,2022-07-09,NAME:gie sesam vitale,NAME_FALLBACK,14.71747700394218,2022-10-15,3.219448094612352,0.463425317564608,0.0,0.2,0.6,0.235856329391152,,0.9485075115943842,2,0.0657030223390275,4,HIGH,logistic_regression_synthetic_v0_4_transfer,0.7456781676471622,logistic_regression,v0_4_population_alias_revision,central_calibration_worlds_005_006_rank1_f1_max,0.9485075115943842
21-51104,22-95027,2021-04-18,2022-07-09,NAME:gie sesam vitale,NAME_FALLBACK,14.684625492772668,2022-10-15,3.219448094612352,0.463425317564608,0.3108290673104024,0.2,0.6,0.3446465029497929,,0.9620213371071759,2,0.1142178016440813,4,HIGH,logistic_regression_synthetic_v0_4_transfer,0.7456781676471622,logistic_regression,v0_4_population_alias_revision,central_calibration_worlds_005_006_rank1_f1_max,0.9620213371071759
21-51989,21-53976,2021-04-19,2021-04-22,NAME:departement de la mayenne,NAME_FALLBACK,0.0985545335085413,2021-10-19,5.913272010512483,0.0144546649145861,0.0728326216269307,1.0,0.6,0.3891050837980722,,0.9805713646796939,1,0.0338430252399064,5,POTENTIAL,logistic_regression_synthetic_v0_4_transfer,0.7456781676471622,logistic_regression,v0_4_population_alias_revision,central_calibration_worlds_005_006_rank1_f1_max,0.9805713646796939
21-53968,21-111863,2021-04-24,2021-08-13,NAME:conseil departemental loire-atlantique,NAME_FALLBACK,3.6465177398160313,2021-10-24,2.365308804204993,0.6057818659658345,0.0288037639037293,0.1,0.6,0.2515267838577639,,0.8472376437312449,1,0.0375424849686497,5,POTENTIAL,logistic_regression_synthetic_v0_4_transfer,0.7456781676471622,logistic_regression,v0_4_population_alias_revision,central_calibration_worlds_005_006_rank1_f1_max,0.8472376437312449
21-53976,22-7862,2021-04-22,2022-01-14,NAME:departement de la mayenne,NAME_FALLBACK,8.771353482260183,2021-10-22,2.759526938239159,0.5400788436268069,0.0195281113499696,0.4,0.6,0.3218545498791911,,0.8112121158673102,1,0.041176396232803,4,POTENTIAL,logistic_regression_synthetic_v0_4_transfer,0.7456781676471622,logistic_regression,v0_4_population_alias_revision,central_calibration_worlds_005_006_rank1_f1_max,0.8112121158673102
21-57326,21-156075,2021-04-29,2021-11-30,NAME:departement de maine-et-loire,NAME_FALLBACK,7.063074901445466,2021-10-29,1.0512483574244416,0.8247919404292597,0.003516051948749,0.1,0.6,0.2974286032893771,,0.9641731824389099,3,0.1325594376412369,3,HIGH,logistic_regression_synthetic_v0_4_transfer,0.7456781676471622,logistic_regression,v0_4_population_alias_revision,central_calibration_worlds_005_006_rank1_f1_max,0.9641731824389099
21-61224,21-96695,2021-05-06,2021-07-12,NAME:universite de nantes,NAME_FALLBACK,2.2010512483574245,2021-11-06,3.843626806833114,0.3593955321944809,0.1026665567726758,1.0,0.6,0.4857821779190568,,0.9995433162418627,1,0.4857821779190568,1,HIGH,logistic_regression_synthetic_v0_4_transfer,0.7456781676471622,logistic_regression,v0_4_population_alias_revision,central_calibration_worlds_005_006_rank1_f1_max,0.9995433162418627
21-64504,22-157032,2021-05-14,2022-11-27,SIRET:26530023600014,RAW_SIRET,18.462549277266756,2022-06-16,5.387647831800263,0.1020586946999562,0.0643416083796902,0.0,1.0,0.1480342366078806,,0.8953303797605411,1,0.1480342366078806,1,HIGH,logistic_regression_synthetic_v0_4_transfer,0.7456781676471622,logistic_regression,v0_4_population_alias_revision,central_calibration_worlds_005_006_rank1_f1_max,0.8953303797605411
21-69523,21-156075,2021-05-25,2021-11-30,NAME:departement de maine-et-loire,NAME_FALLBACK,6.208935611038108,2021-11-25,0.164257555847569,0.9726237406920718,0.0034754350668966,0.1,0.6,0.3343723374464317,,0.9700416871177002,1,0.0192100382580638,2,POTENTIAL,logistic_regression_synthetic_v0_4_transfer,0.7456781676471622,logistic_regression,v0_4_population_alias_revision,central_calibration_worlds_005_006_rank1_f1_max,0.9700416871177002
21-69590,22-12003,2021-05-25,2022-01-26,NAME:laval agglomeration,NAME_FALLBACK,8.081471747700395,2021-11-25,2.0367936925098555,0.6605343845816907,0.1501949489561919,0.1,0.6,0.3077018282800898,,0.8313123081947849,2,0.0651397352443787,2,HIGH,logistic_regression_synthetic_v0_4_transfer,0.7456781676471622,logistic_regression,v0_4_population_alias_revision,central_calibration_worlds_005_006_rank1_f1_max,0.8313123081947849
21-71012,21-96769,2021-05-27,2021-07-12,NAME:ville de sable sur sarthe,NAME_FALLBACK,1.5111695137976346,2021-11-27,4.533508541392904,0.2444152431011826,1.0,1.0,0.6,0.7711038107752957,,0.9981156969351692,1,0.7711038107752957,1,HIGH,logistic_regression_synthetic_v0_4_transfer,0.7456781676471622,logistic_regression,v0_4_population_alias_revision,central_calibration_worlds_005_006_rank1_f1_max,0.9981156969351692
21-71956,22-49221,2021-05-28,2022-04-07,NAME:departement de la mayenne,NAME_FALLBACK,10.315374507227332,2021-11-28,4.270696452036794,0.2882172579938676,0.2301396654783384,0.1,0.6,0.2426031974158853,,0.787469465213978,3,0.0211737917089591,4,POTENTIAL,logistic_regression_synthetic_v0_4_transfer,0.7456781676471622,logistic_regression,v0_4_population_alias_revision,central_calibration_worlds_005_006_rank1_f1_max,0.787469465213978
21-74412,21-83160,2021-06-11,2021-06-25,NAME:angers loire metropole,NAME_FALLBACK,0.4599211563731931,2021-12-11,5.551905387647832,0.074682435392028,0.2204913526654261,1.0,0.6,0.4558425822809061,,0.9881993855011458,1,0.1787525941220933,4,HIGH,logistic_regression_synthetic_v0_4_transfer,0.7456781676471622,logistic_regression,v0_4_population_alias_revision,central_calibration_worlds_005_006_rank1_f1_max,0.9881993855011458
21-76081,21-122032,2021-06-04,2021-09-10,NAME:nantes metropole,NAME_FALLBACK,3.219448094612352,2021-12-04,2.7923784494086727,0.5346035917652212,0.0034704847216146,1.0,0.6,0.4948655675938704,,0.9951138356993735,1,0.1573019973821152,21,HIGH,logistic_regression_synthetic_v0_4_transfer,0.7456781676471622,logistic_regression,v0_4_population_alias_revision,central_calibration_worlds_005_006_rank1_f1_max,0.9951138356993735
21-76512,22-95583,2021-06-09,2022-07-07,NAME:commune de saint-herblain,NAME_FALLBACK,12.91064388961892,2022-05-06,2.0367936925098555,0.6605343845816907,0.2054109879023069,0.1,0.6,0.32702744191123,,0.9502832298068945,1,0.0342041430366289,2,POTENTIAL,logistic_regression_synthetic_v0_4_transfer,0.7456781676471622,logistic_regression,v0_4_population_alias_revision,central_calibration_worlds_005_006_rank1_f1_max,0.9502832298068945
21-78101,22-171933,2021-06-11,2023-01-01,SIRET:24720013200014,RAW_SIRET,18.69250985545335,2022-11-29,1.0840998685939554,0.8193166885676741,0.5777380990772488,1.0,1.0,0.8070375068189556,,0.9999871898871625,1,0.1218243539202803,5,HIGH,logistic_regression_synthetic_v0_4_transfer,0.7456781676471622,logistic_regression,v0_4_population_alias_revision,central_calibration_worlds_005_006_rank1_f1_max,0.9999871898871625
21-78352,21-143183,2021-06-09,2021-10-25,NAME:nantes metropole,NAME_FALLBACK,4.533508541392904,2021-12-09,1.4783180026281209,0.7536136662286466,0.0663404925311698,1.0,0.6,0.571622588943071,,0.9983804177264907,1,0.1200515306388146,19,HIGH,logistic_regression_synthetic_v0_4_transfer,0.7456781676471622,logistic_regression,v0_4_population_alias_revision,central_calibration_worlds_005_006_rank1_f1_max,0.9983804177264907
21-78563,21-117615,2021-06-09,2021-09-01,NAME:chu de nantes,NAME_FALLBACK,2.759526938239159,2021-12-09,3.252299605781866,0.4579500657030223,0.0228237239224248,0.6,0.6,0.3624758197986042,,0.7953404507502588,1,0.0164257555847568,6,POTENTIAL,logistic_regression_synthetic_v0_4_transfer,0.7456781676471622,logistic_regression,v0_4_population_alias_revision,central_calibration_worlds_005_006_rank1_f1_max,0.7953404507502588
21-82013,22-98745,2021-06-18,2022-07-13,SIRET:13002591900015,RAW_SIRET,12.81208935611038,2022-04-13,2.9894875164257555,0.5017520805957074,0.0,0.6,1.0,0.4054380201489268,,0.9943532971727461,1,0.4054380201489268,1,HIGH,logistic_regression_synthetic_v0_4_transfer,0.7456781676471622,logistic_regression,v0_4_population_alias_revision,central_calibration_worlds_005_006_rank1_f1_max,0.9943532971727461
21-83144,22-48493,2021-06-19,2022-04-04,NAME:cmar pays de la loire,NAME_FALLBACK,9.494086727989488,2022-04-08,0.1314060446780552,0.9780989925536576,0.3810362171669224,0.1,0.6,0.4678874241468372,,0.9426840252342957,1,0.1425954492948254,2,HIGH,logistic_regression_synthetic_v0_4_transfer,0.7456781676471622,logistic_regression,v0_4_population_alias_revision,central_calibration_worlds_005_006_rank1_f1_max,0.9426840252342957
21-85842,22-26998,2021-06-25,2022-02-24,NAME:nantes metropole,NAME_FALLBACK,8.015768725361367,2021-12-25,2.0039421813403417,0.6660096364432764,0.0328395261247188,0.6,0.6,0.4179962432544706,,0.8300337407557256,1,0.0923649705355048,17,HIGH,logistic_regression_synthetic_v0_4_transfer,0.7456781676471622,logistic_regression,v0_4_population_alias_revision,central_calibration_worlds_005_006_rank1_f1_max,0.8300337407557256
21-86124,21-161507,2021-06-23,2021-12-08,NAME:sydela,NAME_FALLBACK,5.519053876478318,2021-10-23,1.5111695137976346,0.7481384143670609,0.798419998471066,1.0,0.6,0.8264816030566384,,0.999684411459029,1,0.8264816030566384,1,HIGH,logistic_regression_synthetic_v0_4_transfer,0.7456781676471622,logistic_regression,v0_4_population_alias_revision,central_calibration_worlds_005_006_rank1_f1_max,0.999684411459029
21-86231,22-159813,2021-06-25,2022-12-04,NAME:gie sesam vitale,NAME_FALLBACK,17.31274638633377,2022-12-10,0.1971090670170827,0.9671484888304862,0.0,0.2,0.6,0.3617871222076215,,0.9376359743507403,1,0.134143670608848,3,HIGH,logistic_regression_synthetic_v0_4_transfer,0.7456781676471622,logistic_regression,v0_4_population_alias_revision,central_calibration_worlds_005_006_rank1_f1_max,0.9376359743507403
21-86348,22-141031,2021-06-25,2022-10-22,NAME:semitan,NAME_FALLBACK,15.900131406044675,2022-07-30,2.759526938239159,0.5400788436268069,0.4359435260384555,0.2,0.6,0.4075999450201611,,0.9755813761284337,1,0.0039552103807362,5,POTENTIAL,logistic_regression_synthetic_v0_4_transfer,0.7456781676471622,logistic_regression,v0_4_population_alias_revision,central_calibration_worlds_005_006_rank1_f1_max,0.9755813761284337
21-88219,22-83128,2021-06-30,2022-06-14,SIRET:22720002900014,RAW_SIRET,11.465177398160314,2022-05-21,0.7884362680683311,0.8685939553219448,0.0319121661754438,0.4,1.0,0.4483177469918915,,0.945383449699179,2,0.014158279333408,6,POTENTIAL,logistic_regression_synthetic_v0_4_transfer,0.7456781676471622,logistic_regression,v0_4_population_alias_revision,central_calibration_worlds_005_006_rank1_f1_max,0.945383449699179
21-88699,22-141031,2021-06-30,2022-10-22,NAME:semitan,NAME_FALLBACK,15.735873850197107,2022-08-20,2.0696452036793693,0.6550591327201052,0.0,0.2,0.6,0.2837647831800263,,0.9675583493553732,3,0.0394678055190538,5,POTENTIAL,logistic_regression_synthetic_v0_4_transfer,0.7456781676471622,logistic_regression,v0_4_population_alias_revision,central_calibration_worlds_005_006_rank1_f1_max,0.9675583493553732
21-91773,22-74813,2021-07-04,2022-05-27,NAME:gie sesam vitale,NAME_FALLBACK,10.74244415243101,2022-01-04,4.697766097240473,0.2170389837932544,0.5563730870462691,0.2,0.6,0.3689903264145078,,0.9060323654416397,1,0.040282485853842,2,POTENTIAL,logistic_regression_synthetic_v0_4_transfer,0.7456781676471622,logistic_regression,v0_4_population_alias_revision,central_calibration_worlds_005_006_rank1_f1_max,0.9060323654416397
21-96114,21-150402,2021-07-15,2021-11-14,NAME:nantes metropole,NAME_FALLBACK,4.007884362680684,2022-01-15,2.0367936925098555,0.6605343845816907,0.0439861905406523,1.0,0.6,0.5405287628346509,,0.9921326292409403,1,0.1897095867599297,14,HIGH,logistic_regression_synthetic_v0_4_transfer,0.7456781676471622,logistic_regression,v0_4_population_alias_revision,central_calibration_worlds_005_006_rank1_f1_max,0.9921326292409403
21-97876,21-143183,2021-07-15,2021-10-25,NAME:nantes metropole,NAME_FALLBACK,3.350854139290407,2022-01-15,2.693823915900132,0.5510293473499781,0.0140062517354625,1.0,0.6,0.5026595249449064,,0.9983341926635835,1,0.1632472057047794,14,HIGH,logistic_regression_synthetic_v0_4_transfer,0.7456781676471622,logistic_regression,v0_4_population_alias_revision,central_calibration_worlds_005_006_rank1_f1_max,0.9983341926635835
22-100677,23-70292,2022-07-21,2023-05-24,NAME:vendee eau,NAME_FALLBACK,10.085413929040737,2023-05-19,0.164257555847569,0.9726237406920718,0.0091898798489751,0.1,0.6,0.3363723931201592,,0.987649945109268,1,0.0018476449817448,3,POTENTIAL,logistic_regression_synthetic_v0_4_transfer,0.7456781676471622,logistic_regression,v0_4_population_alias_revision,central_calibration_worlds_005_006_rank1_f1_max,0.987649945109268
22-104764,23-74653,2022-07-29,2023-06-03,NAME:semitan,NAME_FALLBACK,10.151116951379764,2023-06-09,0.1971090670170827,0.9671484888304862,0.0124241221097068,1.0,0.6,0.606135564946019,,0.9997859865390678,1,0.0043484427383972,4,POTENTIAL,logistic_regression_synthetic_v0_4_transfer,0.7456781676471622,logistic_regression,v0_4_population_alias_revision,central_calibration_worlds_005_006_rank1_f1_max,0.9997859865390678
22-105384,24-43365,2022-07-30,2024-04-14,SIRET:24720013200014,RAW_SIRET,20.49934296977661,2024-01-05,3.28515111695138,0.4524748138414367,0.5576746382331395,1.0,1.0,0.708304826841958,,0.9999676950265791,1,0.0424332019272886,10,POTENTIAL,logistic_regression_synthetic_v0_4_transfer,0.7456781676471622,logistic_regression,v0_4_population_alias_revision,central_calibration_worlds_005_006_rank1_f1_max,0.9999676950265791
22-105581,22-167195,2022-07-31,2022-12-21,NAME:st gilles croix de vie agglomeration,NAME_FALLBACK,4.697766097240473,2023-05-14,4.730617608409987,0.2115637319316688,0.6479006932094956,1.0,0.6,0.6396561756062407,,0.9983588632878909,1,0.4575471569470599,3,HIGH,logistic_regression_synthetic_v0_4_transfer,0.7456781676471622,logistic_regression,v0_4_population_alias_revision,central_calibration_worlds_005_006_rank1_f1_max,0.9983588632878909
22-105832,23-41648,2022-07-28,2023-03-28,SIRET:22850001300658,RAW_SIRET,7.982917214191852,2023-04-21,0.7884362680683311,0.8685939553219448,0.0,0.4,1.0,0.4371484888304862,,0.897401888214249,1,0.111064136647598,4,HIGH,logistic_regression_synthetic_v0_4_transfer,0.7456781676471622,logistic_regression,v0_4_population_alias_revision,central_calibration_worlds_005_006_rank1_f1_max,0.897401888214249
22-111359,23-102643,2022-08-20,2023-07-22,NAME:nantes metropole,NAME_FALLBACK,11.038107752956636,2023-02-20,4.993429697766097,0.1677617170389838,0.0709916422540964,1.0,0.6,0.4267875040486796,,0.9978425874963146,1,0.0171361236711918,12,POTENTIAL,logistic_regression_synthetic_v0_4_transfer,0.7456781676471622,logistic_regression,v0_4_population_alias_revision,central_calibration_worlds_005_006_rank1_f1_max,0.9978425874963146
22-114731,23-168051,2022-08-25,2023-12-01,SIRET:22530001100015,RAW_SIRET,15.210249671484888,2023-07-28,4.139290407358739,0.3101182654402102,0.1705777028350568,0.8,1.0,0.4772317623523224,,0.9992249713942126,1,0.0336331242740544,4,POTENTIAL,logistic_regression_synthetic_v0_4_transfer,0.7456781676471622,logistic_regression,v0_4_population_alias_revision,central_calibration_worlds_005_006_rank1_f1_max,0.9992249713942126
22-115287,23-101593,2022-08-27,2023-07-20,NAME:semitan,NAME_FALLBACK,10.74244415243101,2023-07-05,0.4927726675427069,0.9178712220762156,0.0,0.2,0.6,0.3494678055190539,,0.9266296449763324,1,0.0782334252122529,5,HIGH,logistic_regression_synthetic_v0_4_transfer,0.7456781676471622,logistic_regression,v0_4_population_alias_revision,central_calibration_worlds_005_006_rank1_f1_max,0.9266296449763324
22-116324,23-117420,2022-08-31,2023-08-24,SIRET:24720013200014,RAW_SIRET,11.76084099868594,2023-08-04,0.657030223390276,0.8904949627682873,0.2293048891509989,0.2,1.0,0.4628804518949214,,0.7979907228989498,1,0.1268746435883829,5,HIGH,logistic_regression_synthetic_v0_4_transfer,0.7456781676471622,logistic_regression,v0_4_population_alias_revision,central_calibration_worlds_005_006_rank1_f1_max,0.7979907228989498
22-118151,23-104721,2022-09-01,2023-07-21,NAME:chu de nantes,NAME_FALLBACK,10.611038107752956,2023-03-01,4.664914586070959,0.22251423565484,0.0766086201372901,0.1,0.6,0.1724415759617615,,0.7515553528373896,4,0.0136090297753198,4,POTENTIAL,logistic_regression_synthetic_v0_4_transfer,0.7456781676471622,logistic_regression,v0_4_population_alias_revision,central_calibration_worlds_005_006_rank1_f1_max,0.7515553528373896
22-118191,22-165917,2022-09-03,2022-12-18,NAME:nantes metropole,NAME_FALLBACK,3.4822601839684624,2023-03-03,2.463863337713535,0.5893561103810776,0.0123424722458668,1.0,0.6,0.5116588928813228,,0.9990223766099647,1,0.1360812619330984,11,HIGH,logistic_regression_synthetic_v0_4_transfer,0.7456781676471622,logistic_regression,v0_4_population_alias_revision,central_calibration_worlds_005_006_rank1_f1_max,0.9990223766099647
22-120001,22-126881,2022-09-06,2022-09-21,SIRET:22440002800011,RAW_SIRET,0.4927726675427069,2023-01-06,3.515111695137976,0.4141480508103373,0.0168891306870142,1.0,1.0,0.5094482084430393,,0.9869497501687406,1,0.0782609108985367,10,HIGH,logistic_regression_synthetic_v0_4_transfer,0.7456781676471622,logistic_regression,v0_4_population_alias_revision,central_calibration_worlds_005_006_rank1_f1_max,0.9869497501687406
22-121360,23-66104,2022-09-09,2023-05-17,SIRET:22530001100015,RAW_SIRET,8.21287779237845,2023-03-09,2.266754270696452,0.6222076215505914,0.0051518123521604,0.4,1.0,0.377355039710904,,0.8376208417541025,1,0.0034469194145639,5,POTENTIAL,logistic_regression_synthetic_v0_4_transfer,0.7456781676471622,logistic_regression,v0_4_population_alias_revision,central_calibration_worlds_005_006_rank1_f1_max,0.8376208417541025
22-122955,23-34018,2022-09-13,2023-03-14,NAME:departement de la mayenne,NAME_FALLBACK,5.978975032851511,2023-03-13,0.0328515111695138,0.9945247481384144,0.2422211017603772,0.1,0.6,0.4234085726507356,,0.8506591551888961,1,0.0273762593079281,2,POTENTIAL,logistic_regression_synthetic_v0_4_transfer,0.7456781676471622,logistic_regression,v0_4_population_alias_revision,central_calibration_worlds_005_006_rank1_f1_max,0.8506591551888961
22-123056,24-13163,2022-09-15,2024-02-04,SIRET:22440002800011,RAW_SIRET,16.655716162943495,2023-08-15,5.683311432325887,0.0527814279456855,0.0260779938335248,0.4,1.0,0.242322654828155,,0.9099563776790902,6,0.0328288402665053,9,POTENTIAL,logistic_regression_synthetic_v0_4_transfer,0.7456781676471622,logistic_regression,v0_4_population_alias_revision,central_calibration_worlds_005_006_rank1_f1_max,0.9099563776790902
22-123803,23-66104,2022-09-15,2023-05-17,SIRET:22530001100015,RAW_SIRET,8.015768725361367,2023-03-15,2.0696452036793693,0.6550591327201052,0.2487855677940983,0.4,1.0,0.4708397319079607,,0.8857264516947791,1,0.1151007230830629,4,HIGH,logistic_regression_synthetic_v0_4_transfer,0.7456781676471622,logistic_regression,v0_4_population_alias_revision,central_calibration_worlds_005_006_rank1_f1_max,0.8857264516947791
22-12758,23-47137,2022-02-03,2023-04-09,NAME:ville d angers,NAME_FALLBACK,14.126149802890932,2022-11-24,4.467805519053877,0.2553657468243538,0.8273712072782659,0.2,0.6,0.4734213592534814,,0.8463824155458047,1,0.4734213592534814,1,HIGH,logistic_regression_synthetic_v0_4_transfer,0.7456781676471622,logistic_regression,v0_4_population_alias_revision,central_calibration_worlds_005_006_rank1_f1_max,0.8463824155458047
22-127882,23-106776,2022-09-30,2023-07-27,SIRET:22490001900015,RAW_SIRET,9.85545335085414,2023-03-30,3.9093298291721417,0.3484450284713097,0.0990659542306215,0.2,1.0,0.281784341098545,,0.8791576407093825,3,0.0293600122078506,3,POTENTIAL,logistic_regression_synthetic_v0_4_transfer,0.7456781676471622,logistic_regression,v0_4_population_alias_revision,central_calibration_worlds_005_006_rank1_f1_max,0.8791576407093825
22-128177,23-41937,2022-09-28,2023-03-31,NAME:vendee,NAME_FALLBACK,6.044678055190539,2023-06-15,2.4967148488830486,0.5838808585194919,0.0083812166130362,0.2,0.6,0.2689036404444356,,0.7502449629600371,1,0.0204055151879149,2,POTENTIAL,logistic_regression_synthetic_v0_4_transfer,0.7456781676471622,logistic_regression,v0_4_population_alias_revision,central_calibration_worlds_005_006_rank1_f1_max,0.7502449629600371
22-130851,23-90833,2022-10-02,2023-07-01,SIRET:22530001100015,RAW_SIRET,8.935611038107753,2023-07-08,0.2299605781865965,0.9616732369689006,0.7843386056474413,0.6,1.0,0.7949368212188296,,0.995366134302422,1,0.2720904791293373,4,HIGH,logistic_regression_synthetic_v0_4_transfer,0.7456781676471622,logistic_regression,v0_4_population_alias_revision,central_calibration_worlds_005_006_rank1_f1_max,0.995366134302422
22-134805,24-60252,2022-10-09,2024-05-26,SIRET:22440002800011,RAW_SIRET,19.54664914586071,2024-01-06,4.6320630749014455,0.2279894875164257,0.0118071212711175,0.2,1.0,0.2211298643239976,,0.8096708811655737,7,0.0105423616209535,9,POTENTIAL,logistic_regression_synthetic_v0_4_transfer,0.7456781676471622,logistic_regression,v0_4_population_alias_revision,central_calibration_worlds_005_006_rank1_f1_max,0.8096708811655737
22-136844,24-88815,2022-10-14,2024-07-28,SIRET:24720013200014,RAW_SIRET,21.45203679369251,2024-07-05,0.7555847568988173,0.8740692071835304,0.0,0.2,1.0,0.3785173017958826,,0.9724096187356492,1,0.0408366184844503,6,POTENTIAL,logistic_regression_synthetic_v0_4_transfer,0.7456781676471622,logistic_regression,v0_4_population_alias_revision,central_calibration_worlds_005_006_rank1_f1_max,0.9724096187356492
22-137807,22-166987,2022-10-14,2022-12-19,NAME:gie des epl de vendee,NAME_FALLBACK,2.1681997371879107,2023-04-14,3.8107752956636,0.3648707840560666,0.3143480155576154,1.0,0.6,0.561239501459182,,0.9965334035560405,1,0.3576358283662251,3,HIGH,logistic_regression_synthetic_v0_4_transfer,0.7456781676471622,logistic_regression,v0_4_population_alias_revision,central_calibration_worlds_005_006_rank1_f1_max,0.9965334035560405
22-142509,23-78413,2022-10-24,2023-06-10,SIRET:24440040400129,RAW_SIRET,7.522996057818659,2023-04-24,1.5440210249671484,0.7426631625054753,0.1222622310783074,0.2,1.0,0.3884575715037763,,0.8004698423681573,1,0.0105414382759601,8,POTENTIAL,logistic_regression_synthetic_v0_4_transfer,0.7456781676471622,logistic_regression,v0_4_population_alias_revision,central_calibration_worlds_005_006_rank1_f1_max,0.8004698423681573
22-150236,23-117688,2022-11-10,2023-08-24,NAME:sdis 44,NAME_FALLBACK,9.42838370565046,2023-05-10,3.4822601839684624,0.4196233026719229,0.0433447922505332,0.1,0.6,0.2100765029556673,,0.8242702965210787,1,0.2100765029556673,1,HIGH,logistic_regression_synthetic_v0_4_transfer,0.7456781676471622,logistic_regression,v0_4_population_alias_revision,central_calibration_worlds_005_006_rank1_f1_max,0.8242702965210787
22-150264,22-162091,2022-11-10,2022-12-09,SIRET:23440003400026,RAW_SIRET,0.9526938239159,2023-05-10,4.993429697766097,0.1677617170389838,0.0895813654492879,1.0,1.0,0.4732939071669967,,0.9963587255202474,1,0.1018673829284945,13,HIGH,logistic_regression_synthetic_v0_4_transfer,0.7456781676471622,logistic_regression,v0_4_population_alias_revision,central_calibration_worlds_005_006_rank1_f1_max,0.9963587255202474
22-15069,22-120791,2022-02-06,2022-09-11,NAME:angers loire metropole,NAME_FALLBACK,7.128777923784494,2022-09-18,0.2299605781865965,0.9616732369689006,0.0124215247902589,0.4,0.6,0.4247658429188157,,0.8878627732671723,1,0.2721999660669669,2,HIGH,logistic_regression_synthetic_v0_4_transfer,0.7456781676471622,logistic_regression,v0_4_population_alias_revision,central_calibration_worlds_005_006_rank1_f1_max,0.8878627732671723
22-150817,24-83734,2022-11-12,2024-07-17,SIRET:19490970100303,RAW_SIRET,20.13797634691196,2024-04-13,3.1208935611038107,0.4798510731493649,0.0,0.0,1.0,0.2199627682873412,,0.752295773211671,1,0.0577351221825799,2,HIGH,logistic_regression_synthetic_v0_4_transfer,0.7456781676471622,logistic_regression,v0_4_population_alias_revision,central_calibration_worlds_005_006_rank1_f1_max,0.752295773211671
22-153504,23-125766,2022-11-20,2023-09-24,NAME:nantes metropole,NAME_FALLBACK,10.11826544021025,2023-05-20,4.1721419185282524,0.3046430135786245,0.1569072856964705,1.0,0.6,0.4910783033884208,,0.9996827615332098,1,0.0476768525458802,13,POTENTIAL,logistic_regression_synthetic_v0_4_transfer,0.7456781676471622,logistic_regression,v0_4_population_alias_revision,central_calibration_worlds_005_006_rank1_f1_max,0.9996827615332098
22-154717,23-125766,2022-11-23,2023-09-24,NAME:nantes metropole,NAME_FALLBACK,10.019710906701707,2023-05-23,4.073587385019711,0.3210687691633814,0.2882119863603319,1.0,0.6,0.5411413875169615,,0.9997614640238207,1,0.0851828105876542,12,HIGH,logistic_regression_synthetic_v0_4_transfer,0.7456781676471622,logistic_regression,v0_4_population_alias_revision,central_calibration_worlds_005_006_rank1_f1_max,0.9997614640238207
22-156333,23-60788,2022-11-24,2023-05-04,SIRET:24440040400129,RAW_SIRET,5.289093298291721,2023-05-24,0.657030223390276,0.8904949627682873,0.0523687726539455,0.4,1.0,0.4609528111209527,,0.752237771702191,1,0.1140499587407837,7,HIGH,logistic_regression_synthetic_v0_4_transfer,0.7456781676471622,logistic_regression,v0_4_population_alias_revision,central_calibration_worlds_005_006_rank1_f1_max,0.752237771702191
22-159813,23-115723,2022-12-04,2023-08-19,NAME:gie sesam vitale,NAME_FALLBACK,8.47568988173456,2023-11-06,2.59526938239159,0.567455102934735,0.7337418706179899,1.0,0.6,0.7586734304499803,,0.9997873042736587,1,0.7586734304499803,1,HIGH,logistic_regression_synthetic_v0_4_transfer,0.7456781676471622,logistic_regression,v0_4_population_alias_revision,central_calibration_worlds_005_006_rank1_f1_max,0.9997873042736587
22-162091,23-174149,2022-12-09,2023-12-16,SIRET:23440003400026,RAW_SIRET,12.220762155059132,2023-12-07,0.2956636005256242,0.9507227332457292,0.0061922614981221,0.0,1.0,0.3398479748357751,,0.7771179475972557,1,0.0132406585492843,6,POTENTIAL,logistic_regression_synthetic_v0_4_transfer,0.7456781676471622,logistic_regression,v0_4_population_alias_revision,central_calibration_worlds_005_006_rank1_f1_max,0.7771179475972557
22-162095,23-90833,2022-12-09,2023-07-01,SIRET:22530001100015,RAW_SIRET,6.701708278580814,2023-09-02,2.0696452036793693,0.6550591327201052,0.0164914115747707,0.6,1.0,0.449536777231196,,0.9676537535892887,2,0.0036922920269577,4,POTENTIAL,logistic_regression_synthetic_v0_4_transfer,0.7456781676471622,logistic_regression,v0_4_population_alias_revision,central_calibration_worlds_005_006_rank1_f1_max,0.9676537535892887
22-16534,23-117420,2022-02-03,2023-08-24,SIRET:24720013200014,RAW_SIRET,18.626806833114323,2023-08-01,0.7555847568988173,0.8740692071835304,0.0687273128727981,0.2,1.0,0.4025718613013619,,0.9534245708621409,1,0.0797790230239373,5,HIGH,logistic_regression_synthetic_v0_4_transfer,0.7456781676471622,logistic_regression,v0_4_population_alias_revision,central_calibration_worlds_005_006_rank1_f1_max,0.9534245708621409
22-165672,23-28773,2022-12-17,2023-03-04,SIRET:25490130900032,RAW_SIRET,2.5295663600525624,2023-06-17,3.4494086727989486,0.4250985545335085,1.0,1.0,1.0,0.856274638633377,,0.9998974911810709,1,0.856274638633377,1,HIGH,logistic_regression_synthetic_v0_4_transfer,0.7456781676471622,logistic_regression,v0_4_population_alias_revision,central_calibration_worlds_005_006_rank1_f1_max,0.9998974911810709
22-165707,23-168941,2022-12-15,2023-12-06,NAME:ch le mans,NAME_FALLBACK,11.695137976346912,2023-06-15,5.716162943495401,0.0473061760840999,0.0,0.2,0.6,0.1318265440210249,,0.8354386642654756,2,0.189774268849145,2,HIGH,logistic_regression_synthetic_v0_4_transfer,0.7456781676471622,logistic_regression,v0_4_population_alias_revision,central_calibration_worlds_005_006_rank1_f1_max,0.8354386642654756
22-165917,23-144303,2022-12-18,2023-10-20,NAME:nantes metropole,NAME_FALLBACK,10.052562417871222,2023-06-18,4.073587385019711,0.3210687691633814,0.2113927985482938,1.0,0.6,0.5142546717827481,,0.9997778472905064,1,0.1223686558951042,11,HIGH,logistic_regression_synthetic_v0_4_transfer,0.7456781676471622,logistic_regression,v0_4_population_alias_revision,central_calibration_worlds_005_006_rank1_f1_max,0.9997778472905064
22-165925,23-163953,2022-12-15,2023-11-22,SIRET:20005042500012,RAW_SIRET,11.23521681997372,2023-06-15,5.256241787122208,0.1239597021462987,0.0227668810350094,1.0,1.0,0.438958333898828,,0.9996560948221449,1,0.438958333898828,1,HIGH,logistic_regression_synthetic_v0_4_transfer,0.7456781676471622,logistic_regression,v0_4_population_alias_revision,central_calibration_worlds_005_006_rank1_f1_max,0.9996560948221449
22-166698,24-50203,2022-12-18,2024-04-28,SIRET:22850001300658,RAW_SIRET,16.327201051248355,2023-11-14,5.45335085413929,0.0911081909767849,0.012637262721385,0.4,1.0,0.247200089696681,,0.963868940006703,1,0.0623587625533974,2,HIGH,logistic_regression_synthetic_v0_4_transfer,0.7456781676471622,logistic_regression,v0_4_population_alias_revision,central_calibration_worlds_005_006_rank1_f1_max,0.963868940006703
22-167195,23-125744,2022-12-21,2023-09-08,NAME:st gilles croix de vie agglomeration,NAME_FALLBACK,8.5742444152431,2023-08-20,0.6241787122207622,0.8959702146298729,0.003607831584323,0.1,0.6,0.3152552947119812,,0.8813053637427741,1,0.016482310439328,2,POTENTIAL,logistic_regression_synthetic_v0_4_transfer,0.7456781676471622,logistic_regression,v0_4_population_alias_revision,central_calibration_worlds_005_006_rank1_f1_max,0.8813053637427741
22-16811,22-127882,2022-02-10,2022-09-30,SIRET:22490001900015,RAW_SIRET,7.621550591327201,2022-08-10,1.6754270696452036,0.7207621550591328,0.1025584826114456,0.2,1.0,0.3760860076787892,,0.9135345258753618,1,0.3760860076787892,1,HIGH,logistic_regression_synthetic_v0_4_transfer,0.7456781676471622,logistic_regression,v0_4_population_alias_revision,central_calibration_worlds_005_006_rank1_f1_max,0.9135345258753618
22-171933,24-43365,2023-01-01,2024-04-14,SIRET:24720013200014,RAW_SIRET,15.407358738501973,2023-12-01,4.434954007884363,0.2608409986859396,0.5576746382331395,1.0,1.0,0.6603963730530836,,0.9998437744241859,1,0.0424332019272886,9,POTENTIAL,logistic_regression_synthetic_v0_4_transfer,0.7456781676471622,logistic_regression,v0_4_population_alias_revision,central_calibration_worlds_005_006_rank1_f1_max,0.9998437744241859
22-17364,22-39410,2022-02-04,2022-03-18,NAME:sdis 44,NAME_FALLBACK,1.3797634691195797,2022-09-16,5.978975032851511,0.0035041611914148,1.0,1.0,0.6,0.7108760402978536,,0.9995094112302733,1,0.3488542592032536,2,HIGH,logistic_regression_synthetic_v0_4_transfer,0.7456781676471622,logistic_regression,v0_4_population_alias_revision,central_calibration_worlds_005_006_rank1_f1_max,0.9995094112302733
22-20320,23-20260,2022-02-10,2023-02-12,SIRET:23440003400026,RAW_SIRET,12.056504599211562,2022-12-17,1.8725361366622864,0.687910643889619,0.1474054901765122,0.2,1.0,0.383569582534184,,0.8912311570084068,3,0.0087379095773907,11,POTENTIAL,logistic_regression_synthetic_v0_4_transfer,0.7456781676471622,logistic_regression,v0_4_population_alias_revision,central_calibration_worlds_005_006_rank1_f1_max,0.8912311570084068
22-22098,22-125236,2022-02-13,2022-09-19,NAME:universite d angers,NAME_FALLBACK,7.161629434954008,2022-09-27,0.2628120893561104,0.9561979851073148,0.0019504763661653,0.1,0.6,0.3297321630049866,,0.8673083078345396,1,0.3297321630049866,1,HIGH,logistic_regression_synthetic_v0_4_transfer,0.7456781676471622,logistic_regression,v0_4_population_alias_revision,central_calibration_worlds_005_006_rank1_f1_max,0.8673083078345396
22-24441,22-135485,2022-02-18,2022-10-20,NAME:semitan mandataire de nantes metropole,NAME_FALLBACK,8.015768725361367,2023-02-21,4.073587385019711,0.3210687691633814,0.0,0.8,0.6,0.3802671922908453,,0.99240252287283,1,0.1063118703460359,3,HIGH,logistic_regression_synthetic_v0_4_transfer,0.7456781676471622,logistic_regression,v0_4_population_alias_revision,central_calibration_worlds_005_006_rank1_f1_max,0.99240252287283
22-26998,22-108057,2022-02-24,2022-08-06,NAME:nantes metropole,NAME_FALLBACK,5.354796320630749,2022-08-24,0.5913272010512484,0.9014454664914586,0.2151009371382511,1.0,0.6,0.6606466946212526,,0.9965908986302561,1,0.2090888366780496,15,HIGH,logistic_regression_synthetic_v0_4_transfer,0.7456781676471622,logistic_regression,v0_4_population_alias_revision,central_calibration_worlds_005_006_rank1_f1_max,0.9965908986302561
22-29878,22-162091,2022-03-02,2022-12-09,SIRET:23440003400026,RAW_SIRET,9.264126149802893,2023-02-28,2.6609724047306176,0.5565045992115638,0.2512917466966607,1.0,1.0,0.6270782611467222,,0.9998380442715301,1,0.1093669305616578,13,HIGH,logistic_regression_synthetic_v0_4_transfer,0.7456781676471622,logistic_regression,v0_4_population_alias_revision,central_calibration_worlds_005_006_rank1_f1_max,0.9998380442715301
22-32770,22-150264,2022-03-05,2022-11-10,SIRET:23440003400026,RAW_SIRET,8.21287779237845,2022-09-05,2.1681997371879107,0.6386333771353483,0.1221608331219366,0.2,1.0,0.3624146358765149,,0.7497160373933552,1,0.0435610403725034,10,POTENTIAL,logistic_regression_synthetic_v0_4_transfer,0.7456781676471622,logistic_regression,v0_4_population_alias_revision,central_calibration_worlds_005_006_rank1_f1_max,0.7497160373933552
22-39212,22-111359,2022-03-18,2022-08-20,NAME:nantes metropole,NAME_FALLBACK,5.091984231274639,2022-09-18,0.9526938239159,0.8412176960140166,0.12906299866147,0.6,0.6,0.4954764735350186,,0.8392911737485647,1,0.0862356405222409,14,HIGH,logistic_regression_synthetic_v0_4_transfer,0.7456781676471622,logistic_regression,v0_4_population_alias_revision,central_calibration_worlds_005_006_rank1_f1_max,0.8392911737485647
22-39410,22-150236,2022-03-18,2022-11-10,NAME:sdis 44,NAME_FALLBACK,7.7858081471747695,2022-09-18,1.7411300919842312,0.7098116513359615,0.2780185548325784,0.1,0.6,0.3647594070253928,,0.979192848618879,1,0.3647594070253928,1,HIGH,logistic_regression_synthetic_v0_4_transfer,0.7456781676471622,logistic_regression,v0_4_population_alias_revision,central_calibration_worlds_005_006_rank1_f1_max,0.979192848618879
22-39639,22-123803,2022-03-17,2022-09-15,SIRET:22530001100015,RAW_SIRET,5.978975032851511,2022-09-17,0.0657030223390276,0.9890494962768288,0.0271349453601687,0.8,1.0,0.5967596049452663,,0.9952583084063196,1,0.0171878228463553,7,POTENTIAL,logistic_regression_synthetic_v0_4_transfer,0.7456781676471622,logistic_regression,v0_4_population_alias_revision,central_calibration_worlds_005_006_rank1_f1_max,0.9952583084063196
22-40191,23-115723,2022-03-19,2023-08-19,NAME:gie sesam vitale,NAME_FALLBACK,17.017082785808146,2023-11-05,2.562417871222076,0.5729303547963207,0.0,0.2,0.6,0.2632325886990801,,0.8997330767782266,1,0.2632325886990801,1,HIGH,logistic_regression_synthetic_v0_4_transfer,0.7456781676471622,logistic_regression,v0_4_population_alias_revision,central_calibration_worlds_005_006_rank1_f1_max,0.8997330767782266
22-40744,22-162091,2022-03-20,2022-12-09,SIRET:23440003400026,RAW_SIRET,8.672798948751643,2023-02-04,1.8725361366622864,0.687910643889619,0.0028231995701595,1.0,1.0,0.5729657808219606,,0.9998062089256989,1,0.038493585887208,13,POTENTIAL,logistic_regression_synthetic_v0_4_transfer,0.7456781676471622,logistic_regression,v0_4_population_alias_revision,central_calibration_worlds_005_006_rank1_f1_max,0.9998062089256989
22-41834,23-31575,2022-03-22,2023-03-10,NAME:ville de nantes,NAME_FALLBACK,11.59658344283837,2022-09-22,5.551905387647832,0.074682435392028,0.0,0.1,0.6,0.108670608848007,,0.8099312265165529,1,0.108670608848007,1,HIGH,logistic_regression_synthetic_v0_4_transfer,0.7456781676471622,logistic_regression,v0_4_population_alias_revision,central_calibration_worlds_005_006_rank1_f1_max,0.8099312265165529
22-48493,22-143552,2022-04-04,2022-10-27,NAME:cmar pays de la loire,NAME_FALLBACK,6.767411300919842,2022-12-27,2.0039421813403417,0.6660096364432764,0.2397879021579032,0.1,0.6,0.3404281748660852,,0.8160203789410652,1,0.3404281748660852,1,HIGH,logistic_regression_synthetic_v0_4_transfer,0.7456781676471622,logistic_regression,v0_4_population_alias_revision,central_calibration_worlds_005_006_rank1_f1_max,0.8160203789410652
22-48708,22-156333,2022-08-31,2022-11-24,SIRET:24440040400129,RAW_SIRET,2.7923784494086727,2023-02-28,3.1537450722733245,0.4743758212877792,0.4325991114597768,1.0,1.0,0.6700036443328666,,0.9973264879809652,1,0.2731326773334184,7,HIGH,logistic_regression_synthetic_v0_4_transfer,0.7456781676471622,logistic_regression,v0_4_population_alias_revision,central_calibration_worlds_005_006_rank1_f1_max,0.9973264879809652
22-49221,23-23775,2022-04-07,2023-02-20,NAME:departement de la mayenne,NAME_FALLBACK,10.4796320630749,2022-10-07,4.467805519053877,0.2553657468243538,0.0381212056635991,0.1,0.6,0.1671838586883481,,0.7486364608449314,2,0.1539563833181129,4,HIGH,logistic_regression_synthetic_v0_4_transfer,0.7456781676471622,logistic_regression,v0_4_population_alias_revision,central_calibration_worlds_005_006_rank1_f1_max,0.7486364608449314
22-51860,23-41648,2022-04-10,2023-03-28,SIRET:22850001300658,RAW_SIRET,11.563731931668856,2023-03-17,0.3613666228646517,0.939772229522558,0.0841251777092865,0.2,1.0,0.4243868695788898,,0.8024339869005616,1,0.0879908288104595,4,HIGH,logistic_regression_synthetic_v0_4_transfer,0.7456781676471622,logistic_regression,v0_4_population_alias_revision,central_calibration_worlds_005_006_rank1_f1_max,0.8024339869005616
22-52027,22-157410,2022-04-13,2022-12-03,NAME:nantes metropole,NAME_FALLBACK,7.687253613666228,2022-10-13,1.6754270696452036,0.7207621550591328,0.0368031410569187,1.0,0.6,0.5530716381347047,,0.9973445396247967,1,0.0492964794465149,14,POTENTIAL,logistic_regression_synthetic_v0_4_transfer,0.7456781676471622,logistic_regression,v0_4_population_alias_revision,central_calibration_worlds_005_006_rank1_f1_max,0.9973445396247967
22-52158,22-61807,2022-04-11,2022-04-29,SIRET:22440002800011,RAW_SIRET,0.5913272010512484,2022-10-11,5.4204993429697765,0.0965834428383706,0.1159640952732297,1.0,1.0,0.464733294055223,,0.9644643289458361,1,0.0549259290917627,14,HIGH,logistic_regression_synthetic_v0_4_transfer,0.7456781676471622,logistic_regression,v0_4_population_alias_revision,central_calibration_worlds_005_006_rank1_f1_max,0.9644643289458361
22-55032,22-61807,2022-04-17,2022-04-29,SIRET:22440002800011,RAW_SIRET,0.3942181340341655,2022-10-17,5.617608409986859,0.0637319316688568,0.1014920244467494,1.0,1.0,0.4514551914735765,,0.9597890940369489,1,0.0824923022068232,14,HIGH,logistic_regression_synthetic_v0_4_transfer,0.7456781676471622,logistic_regression,v0_4_population_alias_revision,central_calibration_worlds_005_006_rank1_f1_max,0.9597890940369489
22-60784,23-56040,2022-04-30,2023-04-26,SIRET:22720002900014,RAW_SIRET,11.85939553219448,2023-03-04,1.7411300919842312,0.7098116513359615,0.0172953299101027,0.2,1.0,0.3435062783025263,,0.8051062273301094,1,0.3435062783025263,1,HIGH,logistic_regression_synthetic_v0_4_transfer,0.7456781676471622,logistic_regression,v0_4_population_alias_revision,central_calibration_worlds_005_006_rank1_f1_max,0.8051062273301094
22-66076,22-69458,2022-05-11,2022-05-18,NAME:ch le mans,NAME_FALLBACK,0.2299605781865965,2022-09-18,4.040735873850197,0.3265440210249671,0.7565369035163249,1.0,0.6,0.7064239214869554,,0.9965950287472428,1,0.494138465543089,2,HIGH,logistic_regression_synthetic_v0_4_transfer,0.7456781676471622,logistic_regression,v0_4_population_alias_revision,central_calibration_worlds_005_006_rank1_f1_max,0.9965950287472428
22-69242,22-142509,2022-05-14,2022-10-24,SIRET:24440040400129,RAW_SIRET,5.354796320630749,2022-11-14,0.6898817345597897,0.8850197109067017,0.1171757559869945,1.0,1.0,0.6622664423221235,,0.9998574274099966,1,0.2020452273892337,8,HIGH,logistic_regression_synthetic_v0_4_transfer,0.7456781676471622,logistic_regression,v0_4_population_alias_revision,central_calibration_worlds_005_006_rank1_f1_max,0.9998574274099966
22-6934,22-118191,2022-01-13,2022-09-03,NAME:nantes metropole,NAME_FALLBACK,7.654402102496714,2022-07-13,1.7082785808147174,0.7152869031975471,0.0023966809530723,0.1,0.6,0.2696605641329621,,0.8001163906304866,5,0.0011528760182958,16,POTENTIAL,logistic_regression_synthetic_v0_4_transfer,0.7456781676471622,logistic_regression,v0_4_population_alias_revision,central_calibration_worlds_005_006_rank1_f1_max,0.8001163906304866
22-69543,23-23775,2022-05-16,2023-02-20,NAME:departement de la mayenne,NAME_FALLBACK,9.198423127463863,2022-11-16,3.1537450722733245,0.4743758212877792,0.0425081327946733,0.1,0.6,0.2234718018000804,,0.7853000400289589,2,0.2382473707301682,3,HIGH,logistic_regression_synthetic_v0_4_transfer,0.7456781676471622,logistic_regression,v0_4_population_alias_revision,central_calibration_worlds_005_006_rank1_f1_max,0.7853000400289589
22-69952,23-20260,2022-05-16,2023-02-12,SIRET:23440003400026,RAW_SIRET,8.935611038107753,2022-11-16,2.890932982917214,0.5181778361804643,0.0289871008751316,1.0,1.0,0.5396899443514122,,0.999819902469649,1,0.1208195613164307,11,HIGH,logistic_regression_synthetic_v0_4_transfer,0.7456781676471622,logistic_regression,v0_4_population_alias_revision,central_calibration_worlds_005_006_rank1_f1_max,0.999819902469649
22-72517,22-162091,2022-05-22,2022-12-09,SIRET:23440003400026,RAW_SIRET,6.603153745072273,2022-11-22,0.5584756898817346,0.9069207183530442,0.6945790828601311,1.0,1.0,0.8698328585893068,,0.9999180596330212,1,0.1897527768244209,11,HIGH,logistic_regression_synthetic_v0_4_transfer,0.7456781676471622,logistic_regression,v0_4_population_alias_revision,central_calibration_worlds_005_006_rank1_f1_max,0.9999180596330212
22-72719,23-47137,2022-05-22,2023-04-09,NAME:ville d angers,NAME_FALLBACK,10.578186596583445,2023-01-31,2.2339027595269383,0.6276828734121769,0.8491594140800574,0.2,0.6,0.5741265132810642,,0.8114335553748805,1,0.5741265132810642,1,HIGH,logistic_regression_synthetic_v0_4_transfer,0.7456781676471622,logistic_regression,v0_4_population_alias_revision,central_calibration_worlds_005_006_rank1_f1_max,0.8114335553748805
22-74813,23-115723,2022-05-27,2023-08-19,NAME:gie sesam vitale,NAME_FALLBACK,14.750328515111695,2023-11-06,2.59526938239159,0.567455102934735,0.2928378930482742,0.2,0.6,0.3643570383005797,,0.9791907213914248,1,0.3643570383005797,1,HIGH,logistic_regression_synthetic_v0_4_transfer,0.7456781676471622,logistic_regression,v0_4_population_alias_revision,central_calibration_worlds_005_006_rank1_f1_max,0.9791907213914248
22-77601,24-81981,2022-06-03,2024-07-13,SIRET:23440003400026,RAW_SIRET,25.328515111695136,2024-01-27,5.519053876478318,0.0801576872536137,0.021340532530284,0.0,1.0,0.1275086081990028,,0.8187641936267728,4,0.039243494691544,4,POTENTIAL,logistic_regression_synthetic_v0_4_transfer,0.7456781676471622,logistic_regression,v0_4_population_alias_revision,central_calibration_worlds_005_006_rank1_f1_max,0.8187641936267728
22-77622,23-56040,2022-06-03,2023-04-26,SIRET:22720002900014,RAW_SIRET,10.74244415243101,2023-04-06,0.657030223390276,0.8904949627682873,0.1599456576771226,0.2,1.0,0.4386047208790647,,0.7881253834719734,1,0.23414355054772,3,HIGH,logistic_regression_synthetic_v0_4_transfer,0.7456781676471622,logistic_regression,v0_4_population_alias_revision,central_calibration_worlds_005_006_rank1_f1_max,0.7881253834719734
22-7862,22-49221,2022-01-14,2022-04-07,NAME:departement de la mayenne,NAME_FALLBACK,2.726675427069645,2022-07-14,3.219448094612352,0.463425317564608,0.1246458263129395,0.8,0.6,0.4594823686006808,,0.9790387227203772,1,0.1955202504295338,3,HIGH,logistic_regression_synthetic_v0_4_transfer,0.7456781676471622,logistic_regression,v0_4_population_alias_revision,central_calibration_worlds_005_006_rank1_f1_max,0.9790387227203772
22-83128,23-139972,2022-06-14,2023-10-06,SIRET:22720002900014,RAW_SIRET,15.735873850197107,2023-05-07,4.993429697766097,0.1677617170389838,0.2551002495842083,1.0,1.0,0.5312255166142189,,0.999901208677709,1,0.071549916627787,3,HIGH,logistic_regression_synthetic_v0_4_transfer,0.7456781676471622,logistic_regression,v0_4_population_alias_revision,central_calibration_worlds_005_006_rank1_f1_max,0.999901208677709
22-83349,22-162095,2022-06-16,2022-12-09,SIRET:22530001100015,RAW_SIRET,5.781865965834428,2023-04-05,3.843626806833114,0.3593955321944809,0.0188194561087742,1.0,1.0,0.4964356926866912,,0.9987090122409813,3,0.1761503252300544,3,HIGH,logistic_regression_synthetic_v0_4_transfer,0.7456781676471622,logistic_regression,v0_4_population_alias_revision,central_calibration_worlds_005_006_rank1_f1_max,0.9987090122409813
22-84979,22-124106,2022-06-19,2022-09-17,SIRET:19490970100303,RAW_SIRET,2.9566360052562417,2023-03-06,5.5847568988173455,0.0692071835304424,0.0105615023376393,1.0,1.0,0.4209983217007843,,0.9952791619935208,1,0.1585390857685752,3,HIGH,logistic_regression_synthetic_v0_4_transfer,0.7456781676471622,logistic_regression,v0_4_population_alias_revision,central_calibration_worlds_005_006_rank1_f1_max,0.9952791619935208
22-87044,23-56091,2022-06-21,2023-04-26,NAME:ubs,NAME_FALLBACK,10.151116951379764,2022-12-21,4.139290407358739,0.3101182654402102,0.2065123253091115,0.1,0.6,0.2398088802182416,,0.846923854856057,1,0.2398088802182416,1,HIGH,logistic_regression_synthetic_v0_4_transfer,0.7456781676471622,logistic_regression,v0_4_population_alias_revision,central_calibration_worlds_005_006_rank1_f1_max,0.846923854856057
22-8860,23-16355,2022-01-18,2023-02-05,SIRET:24440064400013,RAW_SIRET,12.582128777923783,2023-01-11,0.8212877792378449,0.8631187034603591,0.019283845617725,0.2,1.0,0.3825290218312935,,0.8124854434647355,1,0.0451606084275241,4,POTENTIAL,logistic_regression_synthetic_v0_4_transfer,0.7456781676471622,logistic_regression,v0_4_population_alias_revision,central_calibration_worlds_005_006_rank1_f1_max,0.8124854434647355
22-88894,22-142509,2022-06-24,2022-10-24,SIRET:24440040400129,RAW_SIRET,4.007884362680684,2022-12-24,2.0039421813403417,0.6660096364432764,0.1159423369260412,1.0,1.0,0.6070822270349335,,0.9996465273944858,1,0.2830896733774652,9,HIGH,logistic_regression_synthetic_v0_4_transfer,0.7456781676471622,logistic_regression,v0_4_population_alias_revision,central_calibration_worlds_005_006_rank1_f1_max,0.9996465273944858
22-90329,24-13163,2022-06-30,2024-02-04,SIRET:22440002800011,RAW_SIRET,19.185282522996054,2023-08-25,5.354796320630749,0.1075339465615418,0.319989429075903,1.0,1.0,0.5388797868169515,,0.9999165033483093,1,0.0041064388961892,8,POTENTIAL,logistic_regression_synthetic_v0_4_transfer,0.7456781676471622,logistic_regression,v0_4_population_alias_revision,central_calibration_worlds_005_006_rank1_f1_max,0.9999165033483093
22-94102,23-90833,2022-07-05,2023-07-01,SIRET:22530001100015,RAW_SIRET,11.85939553219448,2023-01-05,5.814717477003942,0.030880420499343,0.1123671893312558,1.0,1.0,0.4470486213907753,,0.9992588424093758,3,0.0258998586229911,7,POTENTIAL,logistic_regression_synthetic_v0_4_transfer,0.7456781676471622,logistic_regression,v0_4_population_alias_revision,central_calibration_worlds_005_006_rank1_f1_max,0.9992588424093758
22-94454,23-144303,2022-07-24,2023-10-20,NAME:nantes metropole,NAME_FALLBACK,14.88173455978975,2023-08-08,2.3981603153745072,0.6003066141042488,0.1252897750460644,0.2,0.6,0.3139280747921847,,0.899763374684599,3,0.0333085074099086,12,POTENTIAL,logistic_regression_synthetic_v0_4_transfer,0.7456781676471622,logistic_regression,v0_4_population_alias_revision,central_calibration_worlds_005_006_rank1_f1_max,0.899763374684599
22-94809,23-70584,2022-07-08,2023-05-24,SIRET:24440064400013,RAW_SIRET,10.512483574244415,2023-07-05,1.3797634691195797,0.7700394218134035,0.4514647026095493,1.0,1.0,0.7505225013666931,,0.999875071795992,1,0.250708277937392,4,HIGH,logistic_regression_synthetic_v0_4_transfer,0.7456781676471622,logistic_regression,v0_4_population_alias_revision,central_calibration_worlds_005_006_rank1_f1_max,0.999875071795992
22-94904,23-60788,2022-07-07,2023-05-04,SIRET:24440040400129,RAW_SIRET,9.888304862023652,2023-01-07,3.843626806833114,0.3593955321944809,0.0834328165611423,0.2,1.0,0.27905036884502,,0.7825589609065222,5,0.0092388504695217,8,POTENTIAL,logistic_regression_synthetic_v0_4_transfer,0.7456781676471622,logistic_regression,v0_4_population_alias_revision,central_calibration_worlds_005_006_rank1_f1_max,0.7825589609065222
22-95015,22-127675,2022-07-09,2022-09-25,NAME:conseil regional des pays de la loire,NAME_FALLBACK,2.562417871222076,2022-11-09,1.4783180026281209,0.7536136662286466,0.0078690248934534,0.6,0.6,0.4311575752698703,,0.905585649515905,1,0.1376895415563122,3,HIGH,logistic_regression_synthetic_v0_4_transfer,0.7456781676471622,logistic_regression,v0_4_population_alias_revision,central_calibration_worlds_005_006_rank1_f1_max,0.905585649515905
22-95027,23-115723,2022-07-09,2023-08-19,NAME:gie sesam vitale,NAME_FALLBACK,13.3377135348226,2023-12-29,4.336399474375821,0.2772667542706964,0.5074468667298777,0.2,0.6,0.3669230919231313,,0.9595162588252477,1,0.3669230919231313,1,HIGH,logistic_regression_synthetic_v0_4_transfer,0.7456781676471622,logistic_regression,v0_4_population_alias_revision,central_calibration_worlds_005_006_rank1_f1_max,0.9595162588252477
23-104721,24-34440,2023-07-21,2024-03-24,NAME:chu de nantes,NAME_FALLBACK,8.114323258869907,2024-01-21,2.0696452036793693,0.6550591327201052,0.0236061369739273,0.1,0.6,0.2620269311209008,,0.7638479450185203,1,0.0187678599450859,4,POTENTIAL,logistic_regression_synthetic_v0_4_transfer,0.7456781676471622,logistic_regression,v0_4_population_alias_revision,central_calibration_worlds_005_006_rank1_f1_max,0.7638479450185203
23-106736,23-148858,2023-07-28,2023-10-25,NAME:gcs e-sante pays de la loire,NAME_FALLBACK,2.923784494086728,2024-01-28,3.1208935611038107,0.4798510731493649,0.6204208616569318,1.0,0.6,0.6971100698672674,,0.9987506844566847,1,0.6971100698672674,1,HIGH,logistic_regression_synthetic_v0_4_transfer,0.7456781676471622,logistic_regression,v0_4_population_alias_revision,central_calibration_worlds_005_006_rank1_f1_max,0.9987506844566847
23-108546,24-21999,2023-07-28,2024-02-23,SIRET:20004248900019,RAW_SIRET,6.898817345597897,2024-01-28,0.8541392904073587,0.8576434515987735,0.0,0.2,1.0,0.3744108628996934,,0.9094148630609851,1,0.3744108628996934,1,HIGH,logistic_regression_synthetic_v0_4_transfer,0.7456781676471622,logistic_regression,v0_4_population_alias_revision,central_calibration_worlds_005_006_rank1_f1_max,0.9094148630609851
23-110154,24-15971,2023-08-02,2024-02-09,SIRET:21440184600016,RAW_SIRET,6.274638633377135,2023-12-02,2.266754270696452,0.6222076215505914,0.0727257735828611,0.4,1.0,0.4010059261416492,,0.8142145153346597,1,0.036957950065703,3,POTENTIAL,logistic_regression_synthetic_v0_4_transfer,0.7456781676471622,logistic_regression,v0_4_population_alias_revision,central_calibration_worlds_005_006_rank1_f1_max,0.8142145153346597
23-118784,24-76881,2023-08-24,2024-07-03,SIRET:21440162200011,RAW_SIRET,10.315374507227332,2024-02-24,4.270696452036794,0.2882172579938676,0.0121119698767382,1.0,1.0,0.4762935039553252,,0.9996198438360068,1,0.1691995197087341,2,HIGH,logistic_regression_synthetic_v0_4_transfer,0.7456781676471622,logistic_regression,v0_4_population_alias_revision,central_calibration_worlds_005_006_rank1_f1_max,0.9996198438360068
23-120222,23-154026,2023-08-31,2023-11-04,SIRET:24720013200014,RAW_SIRET,2.135348226018397,2024-04-01,4.894875164257556,0.1841874726237407,1.0000000000000002,1.0,1.0,0.7960468681559352,,0.9965543485210743,1,0.3777049034605608,8,HIGH,logistic_regression_synthetic_v0_4_transfer,0.7456781676471622,logistic_regression,v0_4_population_alias_revision,central_calibration_worlds_005_006_rank1_f1_max,0.9965543485210743
23-122162,23-179864,2023-09-03,2023-12-26,SIRET:50519064500018,RAW_SIRET,3.7450722733245727,2024-01-03,0.2628120893561104,0.9561979851073148,0.4394412007805104,0.4,1.0,0.6128539165500073,,0.8892949944995887,1,0.6128539165500073,1,HIGH,logistic_regression_synthetic_v0_4_transfer,0.7456781676471622,logistic_regression,v0_4_population_alias_revision,central_calibration_worlds_005_006_rank1_f1_max,0.8892949944995887
23-12419,23-174149,2023-01-28,2023-12-16,SIRET:23440003400026,RAW_SIRET,10.578186596583445,2023-12-18,0.0657030223390276,0.9890494962768288,0.0,0.4,1.0,0.4672623740692071,,0.9426941161280927,1,0.0396955759964957,6,POTENTIAL,logistic_regression_synthetic_v0_4_transfer,0.7456781676471622,logistic_regression,v0_4_population_alias_revision,central_calibration_worlds_005_006_rank1_f1_max,0.9426941161280927
23-125766,24-34987,2023-09-24,2024-03-22,NAME:nantes metropole,NAME_FALLBACK,5.913272010512483,2024-03-24,0.0657030223390276,0.9890494962768288,0.0331678913228809,1.0,0.6,0.6188711360322154,,0.9998203217520241,1,0.244334989515654,9,HIGH,logistic_regression_synthetic_v0_4_transfer,0.7456781676471622,logistic_regression,v0_4_population_alias_revision,central_calibration_worlds_005_006_rank1_f1_max,0.9998203217520241
23-132830,24-34987,2023-09-29,2024-03-22,NAME:nantes metropole,NAME_FALLBACK,5.7490144546649145,2024-03-29,0.2299605781865965,0.9616732369689006,0.1458989866827611,1.0,0.6,0.6514829545811915,,0.9998480499779578,1,0.3462033351731975,8,HIGH,logistic_regression_synthetic_v0_4_transfer,0.7456781676471622,logistic_regression,v0_4_population_alias_revision,central_calibration_worlds_005_006_rank1_f1_max,0.9998480499779578
23-14004,23-110154,2023-02-01,2023-08-02,SIRET:21440184600016,RAW_SIRET,5.978975032851511,2023-09-06,1.149802890932983,0.8083661848445028,0.1954474504216949,1.0,1.0,0.6704981538587189,,0.9992083954600359,1,0.321478483417881,7,HIGH,logistic_regression_synthetic_v0_4_transfer,0.7456781676471622,logistic_regression,v0_4_population_alias_revision,central_calibration_worlds_005_006_rank1_f1_max,0.9992083954600359
23-144303,24-75502,2023-10-20,2024-06-27,NAME:nantes metropole,NAME_FALLBACK,8.245729303547963,2024-04-20,2.2339027595269383,0.6276828734121769,0.0300945528222462,0.2,0.6,0.2874538118408304,,0.7461434634984605,3,0.0374209354322719,7,POTENTIAL,logistic_regression_synthetic_v0_4_transfer,0.7456781676471622,logistic_regression,v0_4_population_alias_revision,central_calibration_worlds_005_006_rank1_f1_max,0.7461434634984605
23-149615,25-25127,2023-10-24,2025-03-05,NAME:centre hospitalier de laval 53,NAME_FALLBACK,16.36005256241787,2024-10-17,4.566360052562418,0.2389399912395969,0.0167273642355,0.1,0.6,0.1555895752923242,,0.9547033706390715,1,0.1555895752923242,1,HIGH,logistic_regression_synthetic_v0_4_transfer,0.7456781676471622,logistic_regression,v0_4_population_alias_revision,central_calibration_worlds_005_006_rank1_f1_max,0.9547033706390715
23-160148,23-174149,2023-11-17,2023-12-16,SIRET:23440003400026,RAW_SIRET,0.9526938239159,2024-05-17,5.026281208935611,0.1622864651773982,0.2085958286868033,1.0,1.0,0.5135801563347306,,0.9936237558535473,1,0.236419735320068,4,HIGH,logistic_regression_synthetic_v0_4_transfer,0.7456781676471622,logistic_regression,v0_4_population_alias_revision,central_calibration_worlds_005_006_rank1_f1_max,0.9936237558535473
23-160919,24-54167,2023-11-16,2024-05-08,SIRET:26720016000013,RAW_SIRET,5.716162943495401,2024-05-16,0.2628120893561104,0.9561979851073148,0.0085345711440562,0.2,1.0,0.4020365961772484,,0.8844574716941007,1,0.0260074463425317,2,POTENTIAL,logistic_regression_synthetic_v0_4_transfer,0.7456781676471622,logistic_regression,v0_4_population_alias_revision,central_calibration_worlds_005_006_rank1_f1_max,0.8844574716941007
23-169673,24-127528,2023-12-08,2024-11-08,NAME:nantes metropole,NAME_FALLBACK,11.038107752956636,2024-06-08,5.026281208935611,0.1622864651773982,0.0486267762212877,0.1,0.6,0.1475909879718002,,0.9224620455529225,6,0.0586682116075283,8,HIGH,logistic_regression_synthetic_v0_4_transfer,0.7456781676471622,logistic_regression,v0_4_population_alias_revision,central_calibration_worlds_005_006_rank1_f1_max,0.9224620455529225
23-174031,24-10209,2023-12-16,2024-01-29,NAME:semitan,NAME_FALLBACK,1.445466491458607,2024-06-16,4.566360052562418,0.2389399912395969,0.0,0.8,0.6,0.3597349978098992,,0.9433929558268783,2,0.0619239397580463,4,HIGH,logistic_regression_synthetic_v0_4_transfer,0.7456781676471622,logistic_regression,v0_4_population_alias_revision,central_calibration_worlds_005_006_rank1_f1_max,0.9433929558268783
23-20260,23-134735,2023-02-12,2023-09-29,SIRET:23440003400026,RAW_SIRET,7.522996057818659,2023-08-12,1.5768725361366622,0.7371879106438897,0.01134534039675,1.0,1.0,0.5882678467998349,,0.9998205695542068,1,0.0185604831879481,11,POTENTIAL,logistic_regression_synthetic_v0_4_transfer,0.7456781676471622,logistic_regression,v0_4_population_alias_revision,central_calibration_worlds_005_006_rank1_f1_max,0.9998205695542068
23-217,23-159358,2023-01-02,2023-11-16,NAME:ville d orvault,NAME_FALLBACK,10.446780551905388,2023-07-02,4.50065703022339,0.2498904949627682,0.0028647265807317,0.1,0.6,0.1534752780439481,,0.812314497155051,1,0.1534752780439481,1,HIGH,logistic_regression_synthetic_v0_4_transfer,0.7456781676471622,logistic_regression,v0_4_population_alias_revision,central_calibration_worlds_005_006_rank1_f1_max,0.812314497155051
23-24753,23-99733,2023-02-23,2023-07-15,NAME:sdis49,NAME_FALLBACK,4.664914586070959,2023-08-22,1.2483574244415243,0.791940429259746,0.8066153089196675,1.0,0.6,0.84030046543682,,0.9993560596124926,1,0.5346877046281959,5,HIGH,logistic_regression_synthetic_v0_4_transfer,0.7456781676471622,logistic_regression,v0_4_population_alias_revision,central_calibration_worlds_005_006_rank1_f1_max,0.9993560596124926
23-30906,23-164280,2023-03-09,2023-11-25,NAME:societe d equipement de la touraine,NAME_FALLBACK,8.5742444152431,2024-03-09,3.4494086727989486,0.4250985545335085,0.7490511593999327,1.0,0.6,0.7284425444233535,,0.9997353613884497,1,0.7284425444233535,1,HIGH,logistic_regression_synthetic_v0_4_transfer,0.7456781676471622,logistic_regression,v0_4_population_alias_revision,central_calibration_worlds_005_006_rank1_f1_max,0.9997353613884497
23-31575,24-59713,2023-03-10,2024-05-23,NAME:ville de nantes,NAME_FALLBACK,14.45466491458607,2024-03-15,2.266754270696452,0.6222076215505914,0.0101308947051457,0.2,0.6,0.2790977185344488,,0.8329898436453151,1,0.2790977185344488,1,HIGH,logistic_regression_synthetic_v0_4_transfer,0.7456781676471622,logistic_regression,v0_4_population_alias_revision,central_calibration_worlds_005_006_rank1_f1_max,0.8329898436453151
23-31869,23-70292,2023-03-11,2023-05-24,NAME:vendee eau,NAME_FALLBACK,2.431011826544021,2023-09-25,4.073587385019711,0.3210687691633814,0.0322972268456302,0.1,0.6,0.1815712216868159,,0.7854486224622111,1,0.0023764788108642,2,POTENTIAL,logistic_regression_synthetic_v0_4_transfer,0.7456781676471622,logistic_regression,v0_4_population_alias_revision,central_calibration_worlds_005_006_rank1_f1_max,0.7854486224622111
23-31948,24-11486,2023-03-11,2024-02-01,SIRET:52926090300016,RAW_SIRET,10.74244415243101,2023-09-13,4.6320630749014455,0.2279894875164257,1.0000000000000002,1.0,1.0,0.8069973718791065,,0.99984563443124,1,0.0479084537888743,3,POTENTIAL,logistic_regression_synthetic_v0_4_transfer,0.7456781676471622,logistic_regression,v0_4_population_alias_revision,central_calibration_worlds_005_006_rank1_f1_max,0.99984563443124
23-34705,23-58292,2023-03-17,2023-04-29,NAME:nantes metropole,NAME_FALLBACK,1.4126149802890933,2023-09-17,4.6320630749014455,0.2279894875164257,0.0417834373900303,0.8,0.6,0.371621574965617,,0.8432207074800093,2,0.0228307283544088,12,POTENTIAL,logistic_regression_synthetic_v0_4_transfer,0.7456781676471622,logistic_regression,v0_4_population_alias_revision,central_calibration_worlds_005_006_rank1_f1_max,0.8432207074800093
23-37068,24-39718,2023-03-22,2024-04-04,NAME:nantes metropole,NAME_FALLBACK,12.450722733245728,2024-04-07,0.0985545335085413,0.9835742444152432,0.0246805099094784,0.4,0.6,0.4345317395721282,,0.9365722341007087,1,0.0153725625857406,8,POTENTIAL,logistic_regression_synthetic_v0_4_transfer,0.7456781676471622,logistic_regression,v0_4_population_alias_revision,central_calibration_worlds_005_006_rank1_f1_max,0.9365722341007087
23-41648,24-50203,2023-03-28,2024-04-28,SIRET:22850001300658,RAW_SIRET,13.042049934296976,2024-03-25,1.1169513797634691,0.8138414367060884,0.0076577058463928,0.4,1.0,0.4261405562227596,,0.9687923350320334,1,0.1053623798633386,4,HIGH,logistic_regression_synthetic_v0_4_transfer,0.7456781676471622,logistic_regression,v0_4_population_alias_revision,central_calibration_worlds_005_006_rank1_f1_max,0.9687923350320334
23-42778,24-34440,2023-04-01,2024-03-24,NAME:chu de nantes,NAME_FALLBACK,11.76084099868594,2023-10-01,5.7490144546649145,0.0418309242225142,0.0393257168106251,0.4,0.6,0.2042217319393473,,0.8192191278846601,3,0.0694842618425015,3,HIGH,logistic_regression_synthetic_v0_4_transfer,0.7456781676471622,logistic_regression,v0_4_population_alias_revision,central_calibration_worlds_005_006_rank1_f1_max,0.8192191278846601
23-48532,24-10209,2023-04-14,2024-01-29,NAME:semitan,NAME_FALLBACK,9.526938239159,2024-06-17,4.599211563731932,0.2334647393780113,0.0,0.8,0.6,0.3583661848445028,,0.9931341394098009,2,0.0592414929907381,4,HIGH,logistic_regression_synthetic_v0_4_transfer,0.7456781676471622,logistic_regression,v0_4_population_alias_revision,central_calibration_worlds_005_006_rank1_f1_max,0.9931341394098009
23-49047,24-33909,2023-04-14,2024-03-22,SIRET:20005433600017,RAW_SIRET,11.268068331143231,2023-12-12,3.3180026281208934,0.4469995619798511,0.2815016163589962,0.4,1.0,0.4302754562206115,,0.9527567169554562,1,0.4302754562206115,1,HIGH,logistic_regression_synthetic_v0_4_transfer,0.7456781676471622,logistic_regression,v0_4_population_alias_revision,central_calibration_worlds_005_006_rank1_f1_max,0.9527567169554562
23-49217,23-98718,2023-04-14,2023-07-14,SIRET:23440003400026,RAW_SIRET,2.9894875164257555,2023-10-14,3.0223390275952693,0.4962768287341218,0.9421072484367208,1.0,1.0,0.8538067441363826,,0.9978100576911098,1,0.4612828628740705,10,HIGH,logistic_regression_synthetic_v0_4_transfer,0.7456781676471622,logistic_regression,v0_4_population_alias_revision,central_calibration_worlds_005_006_rank1_f1_max,0.9978100576911098
23-56091,23-98709,2023-04-26,2023-07-14,NAME:ubs,NAME_FALLBACK,2.59526938239159,2023-08-26,1.4126149802890933,0.7645641699518178,0.2375020707614384,1.0,0.6,0.634266767254458,,0.9986021167393708,1,0.3438327942914984,2,HIGH,logistic_regression_synthetic_v0_4_transfer,0.7456781676471622,logistic_regression,v0_4_population_alias_revision,central_calibration_worlds_005_006_rank1_f1_max,0.9986021167393708
23-63743,23-134735,2023-05-12,2023-09-29,SIRET:23440003400026,RAW_SIRET,4.599211563731932,2023-11-12,1.445466491458607,0.7590889180902322,0.0084555387837856,1.0,1.0,0.5927316680968829,,0.9997532788430272,1,0.184752256321575,8,HIGH,logistic_regression_synthetic_v0_4_transfer,0.7456781676471622,logistic_regression,v0_4_population_alias_revision,central_calibration_worlds_005_006_rank1_f1_max,0.9997532788430272
23-63763,23-134735,2023-05-12,2023-09-29,SIRET:23440003400026,RAW_SIRET,4.599211563731932,2023-11-12,1.445466491458607,0.7590889180902322,0.0068795942241982,1.0,1.0,0.5921800875010274,,0.9997528690772147,1,0.1890241523280094,8,HIGH,logistic_regression_synthetic_v0_4_transfer,0.7456781676471622,logistic_regression,v0_4_population_alias_revision,central_calibration_worlds_005_006_rank1_f1_max,0.9997528690772147
23-65504,24-34440,2023-05-14,2024-03-24,NAME:chu de nantes,NAME_FALLBACK,10.348226018396844,2023-11-14,4.303547963206308,0.282742006132282,0.6173513989796738,0.4,0.6,0.4667584911759563,,0.8986530601983103,1,0.21283210958144,3,HIGH,logistic_regression_synthetic_v0_4_transfer,0.7456781676471622,logistic_regression,v0_4_population_alias_revision,central_calibration_worlds_005_006_rank1_f1_max,0.8986530601983103
23-65880,24-51821,2023-05-15,2024-05-02,SIRET:18440128900022,RAW_SIRET,11.59658344283837,2023-11-15,5.551905387647832,0.074682435392028,0.0855344523291992,0.4,1.0,0.2686076671632267,,0.9005075516046483,1,0.2686076671632267,1,HIGH,logistic_regression_synthetic_v0_4_transfer,0.7456781676471622,logistic_regression,v0_4_population_alias_revision,central_calibration_worlds_005_006_rank1_f1_max,0.9005075516046483
23-66104,23-168051,2023-05-17,2023-12-01,SIRET:22530001100015,RAW_SIRET,6.504599211563732,2024-03-23,3.712220762155059,0.3812965396408235,0.3188475969819713,0.4,1.0,0.4269207938538958,,0.7952201435961591,1,0.1568713938814794,3,HIGH,logistic_regression_synthetic_v0_4_transfer,0.7456781676471622,logistic_regression,v0_4_population_alias_revision,central_calibration_worlds_005_006_rank1_f1_max,0.7952201435961591
23-68037,23-144302,2023-05-19,2023-10-18,SIRET:24440061000055,RAW_SIRET,4.993429697766097,2023-12-06,1.609724047306176,0.731712658782304,0.0279506598153949,1.0,1.0,0.5927108956309642,,0.9993079398954722,1,0.3111406945837632,2,HIGH,logistic_regression_synthetic_v0_4_transfer,0.7456781676471622,logistic_regression,v0_4_population_alias_revision,central_calibration_worlds_005_006_rank1_f1_max,0.9993079398954722
23-69565,23-160919,2023-05-23,2023-11-16,SIRET:26720016000013,RAW_SIRET,5.814717477003942,2023-11-23,0.2299605781865965,0.9616732369689006,0.1108441681387074,0.2,1.0,0.4392137680907727,,0.8845618425695193,1,0.2297978049240281,3,HIGH,logistic_regression_synthetic_v0_4_transfer,0.7456781676471622,logistic_regression,v0_4_population_alias_revision,central_calibration_worlds_005_006_rank1_f1_max,0.8845618425695193
23-74379,23-174031,2023-06-03,2023-12-16,NAME:semitan,NAME_FALLBACK,6.438896189224704,2023-12-03,0.4270696452036793,0.9288217257993868,0.0,1.0,0.6,0.5922054314498466,,0.9993696553320763,1,0.1142258669335339,4,HIGH,logistic_regression_synthetic_v0_4_transfer,0.7456781676471622,logistic_regression,v0_4_population_alias_revision,central_calibration_worlds_005_006_rank1_f1_max,0.9993696553320763
23-74653,23-174031,2023-06-03,2023-12-16,NAME:semitan,NAME_FALLBACK,6.438896189224704,2024-05-04,4.599211563731932,0.2334647393780113,1.0000000000000002,1.0,0.6,0.7683661848445029,,0.9990916528198789,1,0.3497722295225581,5,HIGH,logistic_regression_synthetic_v0_4_transfer,0.7456781676471622,logistic_regression,v0_4_population_alias_revision,central_calibration_worlds_005_006_rank1_f1_max,0.9990916528198789
23-8217,23-132683,2023-01-19,2023-09-23,NAME:sdis49,NAME_FALLBACK,8.114323258869907,2023-10-30,1.2155059132720103,0.7974156811213315,0.0051862048178467,0.1,0.6,0.2911690919665792,,0.7811515691429662,1,0.006844064826982,5,POTENTIAL,logistic_regression_synthetic_v0_4_transfer,0.7456781676471622,logistic_regression,v0_4_population_alias_revision,central_calibration_worlds_005_006_rank1_f1_max,0.7811515691429662
23-93496,24-88815,2023-07-06,2024-07-28,SIRET:24720013200014,RAW_SIRET,12.746386333771351,2024-07-06,0.7227332457293035,0.879544459045116,0.4721367726653231,1.0,1.0,0.785133985194142,,0.9999269218250225,1,0.4471614389926729,6,HIGH,logistic_regression_synthetic_v0_4_transfer,0.7456781676471622,logistic_regression,v0_4_population_alias_revision,central_calibration_worlds_005_006_rank1_f1_max,0.9999269218250225
24-102689,24-141388,2024-09-11,2024-12-18,SIRET:24440040400129,RAW_SIRET,3.219448094612352,2025-02-11,1.8068331143232588,0.6988611476127902,0.0,1.0,1.0,0.5747152869031975,,0.9983151357992789,1,0.1079954004516946,18,HIGH,logistic_regression_synthetic_v0_4_transfer,0.7456781676471622,logistic_regression,v0_4_population_alias_revision,central_calibration_worlds_005_006_rank1_f1_max,0.9983151357992789
24-104541,24-117088,2024-09-15,2024-10-16,NAME:conseil departemental loire atlantique,NAME_FALLBACK,1.0183968462549278,2025-03-15,4.92772667542707,0.1787122207621551,1.0000000000000002,1.0,0.6,0.7546780551905388,,0.9934166242602793,1,0.030113885238721,8,POTENTIAL,logistic_regression_synthetic_v0_4_transfer,0.7456781676471622,logistic_regression,v0_4_population_alias_revision,central_calibration_worlds_005_006_rank1_f1_max,0.9934166242602793
24-106530,25-56786,2024-09-20,2025-05-22,SIRET:12001002000028,RAW_SIRET,8.015768725361367,2024-12-20,5.026281208935611,0.1622864651773982,0.0,1.0,1.0,0.4405716162943495,,0.999220643601918,1,0.4405716162943495,1,HIGH,logistic_regression_synthetic_v0_4_transfer,0.7456781676471622,logistic_regression,v0_4_population_alias_revision,central_calibration_worlds_005_006_rank1_f1_max,0.999220643601918
24-107602,24-117088,2024-09-24,2024-10-16,NAME:conseil departemental loire atlantique,NAME_FALLBACK,0.7227332457293035,2025-03-24,5.223390275952694,0.1294349540078844,1.0000000000000002,1.0,0.6,0.7423587385019712,,0.9932405596265305,1,0.3575604298980924,7,HIGH,logistic_regression_synthetic_v0_4_transfer,0.7456781676471622,logistic_regression,v0_4_population_alias_revision,central_calibration_worlds_005_006_rank1_f1_max,0.9932405596265305
24-108447,25-55152,2024-09-26,2025-05-18,NAME:conseil departemental loire atlantique,NAME_FALLBACK,7.687253613666228,2025-06-07,0.657030223390276,0.8904949627682873,0.1857396723910716,1.0,0.6,0.6476326260289469,,0.9994703574096759,1,0.2295105923651301,6,HIGH,logistic_regression_synthetic_v0_4_transfer,0.7456781676471622,logistic_regression,v0_4_population_alias_revision,central_calibration_worlds_005_006_rank1_f1_max,0.9994703574096759
24-110066,24-139192,2024-09-29,2024-12-13,SIRET:13003051300019,RAW_SIRET,2.463863337713535,2025-01-29,1.5440210249671484,0.7426631625054753,0.9671297844499316,1.0,1.0,0.9241612151838448,,0.9995022391176758,1,0.6942622648151915,2,HIGH,logistic_regression_synthetic_v0_4_transfer,0.7456781676471622,logistic_regression,v0_4_population_alias_revision,central_calibration_worlds_005_006_rank1_f1_max,0.9995022391176758
24-110261,24-141388,2024-09-29,2024-12-18,SIRET:24440040400129,RAW_SIRET,2.628120893561104,2025-03-29,3.3180026281208934,0.4469995619798511,0.0441790841735729,1.0,1.0,0.5272125699557133,,0.9970115855920226,1,0.209499613615651,18,HIGH,logistic_regression_synthetic_v0_4_transfer,0.7456781676471622,logistic_regression,v0_4_population_alias_revision,central_calibration_worlds_005_006_rank1_f1_max,0.9970115855920226
24-110276,26-57794,2024-09-27,2026-06-11,NAME:universite de rennes,NAME_FALLBACK,20.43363994743758,2026-03-27,2.4967148488830486,0.5838808585194919,0.1252799412481504,0.1,0.6,0.2798181940667256,,0.9913915741630969,1,0.1385196533300028,2,HIGH,logistic_regression_synthetic_v0_4_transfer,0.7456781676471622,logistic_regression,v0_4_population_alias_revision,central_calibration_worlds_005_006_rank1_f1_max,0.9913915741630969
24-111199,25-1120,2024-10-03,2025-01-08,SIRET:21370261600011,RAW_SIRET,3.1865965834428382,2025-04-03,2.7923784494086727,0.5346035917652212,1.0000000000000004,1.0,1.0,0.8836508979413055,,0.9994974120780161,1,0.8836508979413055,1,HIGH,logistic_regression_synthetic_v0_4_transfer,0.7456781676471622,logistic_regression,v0_4_population_alias_revision,central_calibration_worlds_005_006_rank1_f1_max,0.9994974120780161
24-111919,24-125547,2024-10-04,2024-11-06,SIRET:24850058900085,RAW_SIRET,1.0840998685939554,2025-02-04,2.9566360052562417,0.5072273324572931,0.9999999999999998,1.0,1.0,0.8768068331143232,,0.999070749344448,1,0.8768068331143232,1,HIGH,logistic_regression_synthetic_v0_4_transfer,0.7456781676471622,logistic_regression,v0_4_population_alias_revision,central_calibration_worlds_005_006_rank1_f1_max,0.999070749344448
24-112213,25-24140,2024-10-04,2025-03-05,NAME:departement de la vendee,NAME_FALLBACK,4.993429697766097,2025-05-21,2.5295663600525624,0.5784056066579062,0.0892645660830901,1.0,0.6,0.535843999793558,,0.9981453888661384,1,0.2902270879837603,5,HIGH,logistic_regression_synthetic_v0_4_transfer,0.7456781676471622,logistic_regression,v0_4_population_alias_revision,central_calibration_worlds_005_006_rank1_f1_max,0.9981453888661384
24-11486,24-27192,2024-02-01,2024-03-07,SIRET:52926090300016,RAW_SIRET,1.149802890932983,2024-08-17,5.354796320630749,0.1075339465615418,1.0000000000000002,1.0,1.0,0.7768834866403854,,0.9981011583778324,1,0.7768834866403854,1,HIGH,logistic_regression_synthetic_v0_4_transfer,0.7456781676471622,logistic_regression,v0_4_population_alias_revision,central_calibration_worlds_005_006_rank1_f1_max,0.9981011583778324
24-117855,25-86184,2024-10-17,2025-07-29,SIRET:24440040400129,RAW_SIRET,9.362680683311432,2025-03-17,4.402102496714849,0.2663162505475251,0.0194054626329703,1.0,1.0,0.4733709745584209,,0.9962435831246685,3,0.1595299515458106,16,HIGH,logistic_regression_synthetic_v0_4_transfer,0.7456781676471622,logistic_regression,v0_4_population_alias_revision,central_calibration_worlds_005_006_rank1_f1_max,0.9962435831246685
24-121511,26-6827,2024-10-25,2026-01-20,NAME:le mans metropole,NAME_FALLBACK,14.848883048620236,2025-10-26,2.8252299605781865,0.5291283399036355,0.005306894006992,0.2,0.6,0.2541394978783561,,0.7516184664746415,1,0.0362700099258297,4,POTENTIAL,logistic_regression_synthetic_v0_4_transfer,0.7456781676471622,logistic_regression,v0_4_population_alias_revision,central_calibration_worlds_005_006_rank1_f1_max,0.7516184664746415
24-126812,25-62715,2024-11-07,2025-06-04,NAME:nantes metropole,NAME_FALLBACK,6.865965834428383,2025-04-07,1.9053876478318,0.6824353920280333,0.7277204736045386,0.1,0.6,0.5153110137685968,,0.8362206166623093,1,0.2106260074340723,4,HIGH,logistic_regression_synthetic_v0_4_transfer,0.7456781676471622,logistic_regression,v0_4_population_alias_revision,central_calibration_worlds_005_006_rank1_f1_max,0.8362206166623093
24-127528,25-62715,2024-11-08,2025-06-04,NAME:nantes metropole,NAME_FALLBACK,6.83311432325887,2025-05-08,0.8869908015768725,0.8521681997371879,0.0644619161761829,0.1,0.6,0.325603720595961,,0.9659476855424716,2,0.0086911503079583,3,POTENTIAL,logistic_regression_synthetic_v0_4_transfer,0.7456781676471622,logistic_regression,v0_4_population_alias_revision,central_calibration_worlds_005_006_rank1_f1_max,0.9659476855424716
24-131094,25-925,2024-11-21,2025-01-08,SIRET:24490001500011,RAW_SIRET,1.5768725361366622,2025-05-21,4.369250985545335,0.2717915024091107,0.9999999999999998,1.0,1.0,0.8179478756022776,,0.9983314943415101,1,0.5158563293911518,3,HIGH,logistic_regression_synthetic_v0_4_transfer,0.7456781676471622,logistic_regression,v0_4_population_alias_revision,central_calibration_worlds_005_006_rank1_f1_max,0.9983314943415101
24-131879,25-5091,2024-11-22,2025-01-17,SIRET:24440040400129,RAW_SIRET,1.8396846254927728,2025-04-22,3.1208935611038107,0.4798510731493649,0.986120975622554,1.0,1.0,0.865105109755235,,0.9920470896106899,1,0.5064114654636801,17,HIGH,logistic_regression_synthetic_v0_4_transfer,0.7456781676471622,logistic_regression,v0_4_population_alias_revision,central_calibration_worlds_005_006_rank1_f1_max,0.9920470896106899
24-132338,25-135982,2024-11-24,2025-12-11,NAME:conseil departemental de la mayenne,NAME_FALLBACK,12.54927726675427,2025-07-20,4.730617608409987,0.2115637319316688,0.0691693221312357,0.6,0.6,0.3171001957288497,,0.9643475473437962,3,0.0335754738462146,8,POTENTIAL,logistic_regression_synthetic_v0_4_transfer,0.7456781676471622,logistic_regression,v0_4_population_alias_revision,central_calibration_worlds_005_006_rank1_f1_max,0.9643475473437962
24-136086,25-135982,2024-12-05,2025-12-11,NAME:conseil departemental de la mayenne,NAME_FALLBACK,12.187910643889618,2025-07-20,4.730617608409987,0.2115637319316688,0.1677420434840742,0.4,0.6,0.2916006482023432,,0.7951319492176722,3,0.0792884732202638,8,HIGH,logistic_regression_synthetic_v0_4_transfer,0.7456781676471622,logistic_regression,v0_4_population_alias_revision,central_calibration_worlds_005_006_rank1_f1_max,0.7951319492176722
24-138709,25-13176,2024-12-12,2025-02-06,SIRET:19753472000010,RAW_SIRET,1.8396846254927728,2025-04-12,2.135348226018397,0.6441086289969338,0.326589939956221,1.0,1.0,0.6753336362339107,,0.9984037543370978,1,0.3261529372748705,3,HIGH,logistic_regression_synthetic_v0_4_transfer,0.7456781676471622,logistic_regression,v0_4_population_alias_revision,central_calibration_worlds_005_006_rank1_f1_max,0.9984037543370978
24-138890,25-27783,2024-12-11,2025-03-13,NAME:societe publique regionale abbaye de fontevraud,NAME_FALLBACK,3.0223390275952693,2025-03-11,0.0657030223390276,0.9890494962768288,0.0101464016033246,0.8,0.6,0.5508136146303708,,0.9926832406926974,1,0.0383267630310995,2,POTENTIAL,logistic_regression_synthetic_v0_4_transfer,0.7456781676471622,logistic_regression,v0_4_population_alias_revision,central_calibration_worlds_005_006_rank1_f1_max,0.9926832406926974
24-139939,25-86184,2024-12-14,2025-07-29,SIRET:24440040400129,RAW_SIRET,7.457293035479632,2025-05-14,2.4967148488830486,0.5838808585194919,0.0106362814922456,1.0,1.0,0.549692913152159,,0.995924782218471,1,0.0279057909445373,17,POTENTIAL,logistic_regression_synthetic_v0_4_transfer,0.7456781676471622,logistic_regression,v0_4_population_alias_revision,central_calibration_worlds_005_006_rank1_f1_max,0.995924782218471
24-140261,25-3181,2024-12-15,2025-01-12,NAME:departement de la vendee,NAME_FALLBACK,0.9198423127463864,2025-07-07,5.781865965834428,0.0363556723609286,0.9999999999999996,1.0,0.6,0.719088918090232,,0.9950430699643557,1,0.3954200865728713,4,HIGH,logistic_regression_synthetic_v0_4_transfer,0.7456781676471622,logistic_regression,v0_4_population_alias_revision,central_calibration_worlds_005_006_rank1_f1_max,0.9950430699643557
24-14092,25-97524,2024-02-05,2025-09-02,NAME:semitan,NAME_FALLBACK,18.889618922470437,2026-02-05,5.124835742444152,0.1458607095926413,0.005711833678299,0.4,0.6,0.218464319185565,,0.9764507645283182,2,0.0335297521562338,2,POTENTIAL,logistic_regression_synthetic_v0_4_transfer,0.7456781676471622,logistic_regression,v0_4_population_alias_revision,central_calibration_worlds_005_006_rank1_f1_max,0.9764507645283182
24-142222,26-2529,2024-12-20,2026-01-09,NAME:spl le mans evenements,NAME_FALLBACK,12.64783180026281,2025-07-19,5.716162943495401,0.0473061760840999,0.018212164811729,0.1,0.6,0.1082008017051301,,0.8456561386093687,1,0.1082008017051301,1,HIGH,logistic_regression_synthetic_v0_4_transfer,0.7456781676471622,logistic_regression,v0_4_population_alias_revision,central_calibration_worlds_005_006_rank1_f1_max,0.8456561386093687
24-142269,25-63023,2024-12-20,2025-06-06,SIRET:12001201800111,RAW_SIRET,5.519053876478318,2025-09-20,3.4822601839684624,0.4196233026719229,0.5473301722348802,1.0,1.0,0.6964713859501888,,0.999288626642441,1,0.1790684928980817,3,HIGH,logistic_regression_synthetic_v0_4_transfer,0.7456781676471622,logistic_regression,v0_4_population_alias_revision,central_calibration_worlds_005_006_rank1_f1_max,0.999288626642441
24-14341,25-22758,2024-02-05,2025-02-27,NAME:conseil departemental loire atlantique,NAME_FALLBACK,12.746386333771351,2025-02-05,0.7227332457293035,0.879544459045116,0.0431804154166647,0.1,0.6,0.3249992601571116,,0.8638787166847336,1,0.0193982909424074,11,POTENTIAL,logistic_regression_synthetic_v0_4_transfer,0.7456781676471622,logistic_regression,v0_4_population_alias_revision,central_calibration_worlds_005_006_rank1_f1_max,0.8638787166847336
24-27595,25-117061,2024-03-07,2025-10-22,SIRET:17440005100010,RAW_SIRET,19.513797634691198,2025-09-13,1.281208935611038,0.7864651773981604,0.0040840612145054,0.2,1.0,0.3580457157746169,,0.9209586219862045,1,0.0489094152501476,9,POTENTIAL,logistic_regression_synthetic_v0_4_transfer,0.7456781676471622,logistic_regression,v0_4_population_alias_revision,central_calibration_worlds_005_006_rank1_f1_max,0.9209586219862045
24-27614,25-117061,2024-03-07,2025-10-22,SIRET:17440005100010,RAW_SIRET,19.513797634691198,2025-10-18,0.1314060446780552,0.9780989925536576,0.0097276040714467,0.2,1.0,0.4079294095634207,,0.962410366999674,1,0.0540507411446734,6,HIGH,logistic_regression_synthetic_v0_4_transfer,0.7456781676471622,logistic_regression,v0_4_population_alias_revision,central_calibration_worlds_005_006_rank1_f1_max,0.962410366999674
24-34987,24-127528,2024-03-22,2024-11-08,NAME:nantes metropole,NAME_FALLBACK,7.588699080157687,2024-09-22,1.5440210249671484,0.7426631625054753,0.0580982444584872,1.0,0.6,0.5660001761868394,,0.9999011230118193,1,0.2895244159633923,5,HIGH,logistic_regression_synthetic_v0_4_transfer,0.7456781676471622,logistic_regression,v0_4_population_alias_revision,central_calibration_worlds_005_006_rank1_f1_max,0.9999011230118193
24-36186,24-37419,2024-03-28,2024-03-30,SIRET:21440143200015,RAW_SIRET,0.0657030223390276,2024-07-28,3.942181340341656,0.342969776609724,1.0,1.0,1.0,0.8357424441524309,,0.9978036839699918,1,0.5427528230371353,3,HIGH,logistic_regression_synthetic_v0_4_transfer,0.7456781676471622,logistic_regression,v0_4_population_alias_revision,central_calibration_worlds_005_006_rank1_f1_max,0.9978036839699918
24-44676,24-55356,2024-04-17,2024-05-15,SIRET:83095506800044,RAW_SIRET,0.9198423127463864,2024-08-17,3.088042049934297,0.4853263250109505,0.5775810299797278,1.0,1.0,0.7234849417456423,,0.9981811407386265,1,0.4606732777159,2,HIGH,logistic_regression_synthetic_v0_4_transfer,0.7456781676471622,logistic_regression,v0_4_population_alias_revision,central_calibration_worlds_005_006_rank1_f1_max,0.9981811407386265
24-45430,26-16813,2024-04-17,2026-02-18,NAME:le mans metropole,NAME_FALLBACK,22.07621550591327,2025-12-27,1.7411300919842312,0.7098116513359615,0.0963508283128374,1.0,0.6,0.5711757027434834,,0.9999889422870909,1,0.1592093239912785,3,HIGH,logistic_regression_synthetic_v0_4_transfer,0.7456781676471622,logistic_regression,v0_4_population_alias_revision,central_calibration_worlds_005_006_rank1_f1_max,0.9999889422870909
24-60252,24-72692,2024-05-26,2024-06-23,SIRET:22440002800011,RAW_SIRET,0.9198423127463864,2024-09-26,3.1208935611038107,0.4798510731493649,1.0,1.0,1.0,0.8699627682873411,,0.9988218105233811,1,0.6711047076996886,2,HIGH,logistic_regression_synthetic_v0_4_transfer,0.7456781676471622,logistic_regression,v0_4_population_alias_revision,central_calibration_worlds_005_006_rank1_f1_max,0.9988218105233811
24-62548,24-74174,2024-05-31,2024-06-27,SIRET:17350005900014,RAW_SIRET,0.8869908015768725,2024-11-30,5.124835742444152,0.1458607095926413,1.0,1.0,1.0,0.7864651773981602,,0.9981006073316635,1,0.7864651773981602,1,HIGH,logistic_regression_synthetic_v0_4_transfer,0.7456781676471622,logistic_regression,v0_4_population_alias_revision,central_calibration_worlds_005_006_rank1_f1_max,0.9981006073316635
24-65481,26-47097,2024-06-05,2026-05-11,NAME:redon agglomeration,NAME_FALLBACK,23.160315374507228,2026-06-05,0.8212877792378449,0.8631187034603591,0.0067223545090169,0.1,0.6,0.3081324999432457,,0.9975507221379464,1,0.3081324999432457,1,HIGH,logistic_regression_synthetic_v0_4_transfer,0.7456781676471622,logistic_regression,v0_4_population_alias_revision,central_calibration_worlds_005_006_rank1_f1_max,0.9975507221379464
24-67295,26-47453,2024-06-10,2026-05-13,NAME:departement de la vendee,NAME_FALLBACK,23.061760840998684,2026-09-10,3.942181340341656,0.342969776609724,0.0964713762352096,0.2,0.6,0.2395074258347543,,0.9662547007301358,1,0.1309500445287774,2,HIGH,logistic_regression_synthetic_v0_4_transfer,0.7456781676471622,logistic_regression,v0_4_population_alias_revision,central_calibration_worlds_005_006_rank1_f1_max,0.9662547007301358
24-73665,24-139939,2024-06-26,2024-12-14,SIRET:24440040400129,RAW_SIRET,5.617608409986859,2024-11-26,0.5913272010512484,0.9014454664914586,0.0165088815370056,1.0,1.0,0.6311394751608166,,0.993440569063893,2,0.1813331485798752,21,HIGH,logistic_regression_synthetic_v0_4_transfer,0.7456781676471622,logistic_regression,v0_4_population_alias_revision,central_calibration_worlds_005_006_rank1_f1_max,0.993440569063893
24-74996,25-124768,2024-06-28,2025-11-09,SIRET:39172288100052,RAW_SIRET,16.392904073587385,2025-10-27,0.4270696452036793,0.9288217257993868,0.2601384698112211,0.2,1.0,0.4832538958837741,,0.9920908493972053,1,0.1998466929478756,4,HIGH,logistic_regression_synthetic_v0_4_transfer,0.7456781676471622,logistic_regression,v0_4_population_alias_revision,central_calibration_worlds_005_006_rank1_f1_max,0.9920908493972053
24-75502,25-62715,2024-06-27,2025-06-04,NAME:nantes metropole,NAME_FALLBACK,11.23521681997372,2024-12-27,5.223390275952694,0.1294349540078844,0.2286820561979556,0.1,0.6,0.2023974581712556,,0.754130495394015,5,0.0197801102983874,5,POTENTIAL,logistic_regression_synthetic_v0_4_transfer,0.7456781676471622,logistic_regression,v0_4_population_alias_revision,central_calibration_worlds_005_006_rank1_f1_max,0.754130495394015
24-76881,25-103197,2024-07-03,2025-09-18,SIRET:21440162200011,RAW_SIRET,14.520367936925098,2025-05-23,3.876478318002628,0.3539202803328953,0.202346285603843,1.0,1.0,0.5593012700445689,,0.9999108474848065,1,0.1683020760199153,2,HIGH,logistic_regression_synthetic_v0_4_transfer,0.7456781676471622,logistic_regression,v0_4_population_alias_revision,central_calibration_worlds_005_006_rank1_f1_max,0.9999108474848065
24-81519,24-139939,2024-07-12,2024-12-14,SIRET:24440040400129,RAW_SIRET,5.091984231274639,2024-12-12,0.0657030223390276,0.9890494962768288,0.0165088815370056,1.0,1.0,0.6530404826071591,,0.9951614573656488,1,0.0725058472187085,19,HIGH,logistic_regression_synthetic_v0_4_transfer,0.7456781676471622,logistic_regression,v0_4_population_alias_revision,central_calibration_worlds_005_006_rank1_f1_max,0.9951614573656488
24-82099,24-83982,2024-07-11,2024-07-16,NAME:grand port maritime de nantes saint nazaire 18 quai ernest renaud nantes 44186,NAME_FALLBACK,0.164257555847569,2025-01-11,5.88042049934297,0.0199299167761717,0.0032672562178939,1.0,0.6,0.3661260188703058,,0.9884429938298299,1,0.3661260188703058,1,HIGH,logistic_regression_synthetic_v0_4_transfer,0.7456781676471622,logistic_regression,v0_4_population_alias_revision,central_calibration_worlds_005_006_rank1_f1_max,0.9884429938298299
24-83640,25-53516,2024-07-17,2025-05-14,SIRET:80355563000018,RAW_SIRET,9.888304862023652,2025-03-14,2.0039421813403417,0.6660096364432764,0.3602434605502833,1.0,1.0,0.6925876203034181,,0.9999820952897552,1,0.6925876203034181,1,HIGH,logistic_regression_synthetic_v0_4_transfer,0.7456781676471622,logistic_regression,v0_4_population_alias_revision,central_calibration_worlds_005_006_rank1_f1_max,0.9999820952897552
24-86406,25-44681,2024-07-23,2025-04-20,SIRET:39172288100052,RAW_SIRET,8.902759526938238,2025-08-07,3.580814717477004,0.403197547087166,0.667910522537518,1.0,1.0,0.7345680696599227,,0.9999354530565754,1,0.0314826982041173,7,POTENTIAL,logistic_regression_synthetic_v0_4_transfer,0.7456781676471622,logistic_regression,v0_4_population_alias_revision,central_calibration_worlds_005_006_rank1_f1_max,0.9999354530565754
24-90280,24-102167,2024-08-01,2024-09-10,SIRET:17440005100010,RAW_SIRET,1.314060446780552,2025-02-01,4.730617608409987,0.2115637319316688,1.0,1.0,1.0,0.8028909329829171,,0.9927807263288431,1,0.4131474329161834,12,HIGH,logistic_regression_synthetic_v0_4_transfer,0.7456781676471622,logistic_regression,v0_4_population_alias_revision,central_calibration_worlds_005_006_rank1_f1_max,0.9927807263288431
24-94748,24-141388,2024-08-15,2024-12-18,SIRET:24440040400129,RAW_SIRET,4.106438896189225,2025-02-15,1.938239159001314,0.6769601401664477,0.0,1.0,1.0,0.5692400350416119,,0.9981596788180374,2,0.2158563293911518,20,HIGH,logistic_regression_synthetic_v0_4_transfer,0.7456781676471622,logistic_regression,v0_4_population_alias_revision,central_calibration_worlds_005_006_rank1_f1_max,0.9981596788180374
25-101313,26-33969,2025-09-13,2026-04-03,SIRET:21440109300015,RAW_SIRET,6.636005256241787,2026-02-13,1.609724047306176,0.731712658782304,0.320839280960395,1.0,1.0,0.6952219130317142,,0.9995644126213253,1,0.027376259307928,4,POTENTIAL,logistic_regression_synthetic_v0_4_transfer,0.7456781676471622,logistic_regression,v0_4_population_alias_revision,central_calibration_worlds_005_006_rank1_f1_max,0.9995644126213253
25-106850,25-109757,2025-09-27,2025-10-05,NAME:ville de saint nazaire,NAME_FALLBACK,0.2628120893561104,2026-02-27,4.763469119579501,0.2060884800700831,1.0,1.0,0.6,0.7615221200175206,,0.9933541970005483,1,0.4606835357915829,7,HIGH,logistic_regression_synthetic_v0_4_transfer,0.7456781676471622,logistic_regression,v0_4_population_alias_revision,central_calibration_worlds_005_006_rank1_f1_max,0.9933541970005483
25-109666,25-125088,2025-10-04,2025-11-12,SIRET:21440109300015,RAW_SIRET,1.281208935611038,2026-03-04,3.679369250985545,0.3867717915024091,0.9999999999999998,1.0,1.0,0.8466929478756021,,0.9985367965691258,1,0.3374488909008387,3,HIGH,logistic_regression_synthetic_v0_4_transfer,0.7456781676471622,logistic_regression,v0_4_population_alias_revision,central_calibration_worlds_005_006_rank1_f1_max,0.9985367965691258
25-110291,25-121229,2025-10-05,2025-10-31,SIRET:24440040400129,RAW_SIRET,0.8541392904073587,2026-03-05,4.106438896189225,0.3155935173017958,1.0,1.0,1.0,0.8288983793254489,,0.9932473621367902,1,0.4468936583672837,12,HIGH,logistic_regression_synthetic_v0_4_transfer,0.7456781676471622,logistic_regression,v0_4_population_alias_revision,central_calibration_worlds_005_006_rank1_f1_max,0.9932473621367902
25-113007,25-135765,2025-10-12,2025-12-11,SIRET:19753472000010,RAW_SIRET,1.971090670170828,2026-05-15,5.091984231274639,0.1513359614542269,0.0233055459521142,1.0,1.0,0.4459909314467967,,0.9947817948061352,1,0.2553913520712895,3,HIGH,logistic_regression_synthetic_v0_4_transfer,0.7456781676471622,logistic_regression,v0_4_population_alias_revision,central_calibration_worlds_005_006_rank1_f1_max,0.9947817948061352
25-1181,25-2044,2025-01-08,2025-01-09,SIRET:12002701600563,RAW_SIRET,0.0328515111695138,2025-07-08,5.913272010512483,0.0144546649145861,0.9999999999999998,1.0,1.0,0.7536136662286465,,0.9995743268514847,1,0.7536136662286465,1,HIGH,logistic_regression_synthetic_v0_4_transfer,0.7456781676471622,logistic_regression,v0_4_population_alias_revision,central_calibration_worlds_005_006_rank1_f1_max,0.9995743268514847
25-118828,26-45220,2025-10-25,2026-05-06,SIRET:23440003400026,RAW_SIRET,6.340341655716163,2026-02-25,2.299605781865966,0.6167323696890057,0.4474373738467468,0.2,1.0,0.4707861732686128,,0.790220537590017,1,0.1490926017119533,7,HIGH,logistic_regression_synthetic_v0_4_transfer,0.7456781676471622,logistic_regression,v0_4_population_alias_revision,central_calibration_worlds_005_006_rank1_f1_max,0.790220537590017
25-119617,25-135765,2025-10-28,2025-12-11,SIRET:19753472000010,RAW_SIRET,1.445466491458607,2026-02-28,2.59526938239159,0.567455102934735,0.0129602296057525,1.0,1.0,0.5463998560956971,,0.9971615248879948,1,0.2555503273989378,3,HIGH,logistic_regression_synthetic_v0_4_transfer,0.7456781676471622,logistic_regression,v0_4_population_alias_revision,central_calibration_worlds_005_006_rank1_f1_max,0.9971615248879948
25-121114,25-129489,2025-10-31,2025-11-25,SIRET:23440003400026,RAW_SIRET,0.8212877792378449,2026-02-28,3.1208935611038107,0.4798510731493649,1.0000000000000002,1.0,1.0,0.8699627682873412,,0.9978563398699974,1,0.4817494249217273,6,HIGH,logistic_regression_synthetic_v0_4_transfer,0.7456781676471622,logistic_regression,v0_4_population_alias_revision,central_calibration_worlds_005_006_rank1_f1_max,0.9978563398699974
25-121683,26-21262,2025-11-02,2026-03-04,SIRET:54665016900057,RAW_SIRET,4.007884362680684,2026-02-02,0.985545335085414,0.835742444152431,0.0379479074828605,0.2,1.0,0.3822173786571089,,0.8000213999922832,1,0.1814028215038495,2,HIGH,logistic_regression_synthetic_v0_4_transfer,0.7456781676471622,logistic_regression,v0_4_population_alias_revision,central_calibration_worlds_005_006_rank1_f1_max,0.8000213999922832
25-124007,25-137684,2025-11-06,2025-12-15,NAME:ville d orvault,NAME_FALLBACK,1.281208935611038,2026-04-06,3.679369250985545,0.3867717915024091,0.6369297232113044,1.0,0.6,0.6796183509995588,,0.9973906089511493,1,0.3677630562013954,2,HIGH,logistic_regression_synthetic_v0_4_transfer,0.7456781676471622,logistic_regression,v0_4_population_alias_revision,central_calibration_worlds_005_006_rank1_f1_max,0.9973906089511493
25-125277,26-3165,2025-11-13,2026-01-13,SIRET:83095506800044,RAW_SIRET,2.0039421813403417,2026-05-09,3.8107752956636,0.3648707840560666,0.8467874770335315,1.0,1.0,0.7875933129757526,,0.999845071975466,1,0.7875933129757526,1,HIGH,logistic_regression_synthetic_v0_4_transfer,0.7456781676471622,logistic_regression,v0_4_population_alias_revision,central_calibration_worlds_005_006_rank1_f1_max,0.999845071975466
25-128195,25-130089,2025-11-20,2025-11-26,SIRET:13002591900015,RAW_SIRET,0.1971090670170827,2026-04-20,4.763469119579501,0.2060884800700831,0.0313377507117034,0.6,1.0,0.342490332766617,,0.7812135307746703,1,0.342490332766617,1,HIGH,logistic_regression_synthetic_v0_4_transfer,0.7456781676471622,logistic_regression,v0_4_population_alias_revision,central_calibration_worlds_005_006_rank1_f1_max,0.7812135307746703
25-128632,25-138294,2025-11-21,2025-12-17,NAME:conseil departemental loire atlantique,NAME_FALLBACK,0.8541392904073587,2026-05-21,5.091984231274639,0.1513359614542269,0.9999999999999998,1.0,0.6,0.7478339903635567,,0.9937288911958146,1,0.3901842312951589,7,HIGH,logistic_regression_synthetic_v0_4_transfer,0.7456781676471622,logistic_regression,v0_4_population_alias_revision,central_calibration_worlds_005_006_rank1_f1_max,0.9937288911958146
25-129489,26-45220,2025-11-25,2026-05-06,SIRET:23440003400026,RAW_SIRET,5.321944809461235,2026-03-25,1.3797634691195797,0.7700394218134035,0.0283537487062093,0.4,1.0,0.4224336675005241,,0.761269227002186,1,0.0767811170960152,5,HIGH,logistic_regression_synthetic_v0_4_transfer,0.7456781676471622,logistic_regression,v0_4_population_alias_revision,central_calibration_worlds_005_006_rank1_f1_max,0.761269227002186
25-13579,25-135982,2025-02-06,2025-12-11,NAME:conseil departemental de la mayenne,NAME_FALLBACK,10.11826544021025,2025-09-07,3.1208935611038107,0.4798510731493649,0.3526344580013475,0.6,0.6,0.4833848285878128,,0.9687899445518403,1,0.1010568112861657,8,HIGH,logistic_regression_synthetic_v0_4_transfer,0.7456781676471622,logistic_regression,v0_4_population_alias_revision,central_calibration_worlds_005_006_rank1_f1_max,0.9687899445518403
25-135982,26-44140,2025-12-11,2026-05-02,NAME:conseil departemental de la mayenne,NAME_FALLBACK,4.664914586070959,2026-06-11,1.314060446780552,0.7809899255365746,0.2334314295980927,1.0,0.6,0.6369484817434761,,0.9971679527516982,1,0.0308377388458911,11,POTENTIAL,logistic_regression_synthetic_v0_4_transfer,0.7456781676471622,logistic_regression,v0_4_population_alias_revision,central_calibration_worlds_005_006_rank1_f1_max,0.9971679527516982
25-137164,26-60182,2025-12-14,2026-06-19,SIRET:24440040400129,RAW_SIRET,6.14323258869908,2026-05-14,1.1826544021024967,0.8028909329829172,0.0277969053468967,0.2,1.0,0.3704516501171432,,0.7636550772410067,1,0.0221632857891187,7,POTENTIAL,logistic_regression_synthetic_v0_4_transfer,0.7456781676471622,logistic_regression,v0_4_population_alias_revision,central_calibration_worlds_005_006_rank1_f1_max,0.7636550772410067
25-140719,26-59246,2025-12-19,2026-06-16,NAME:mairie de st herblain,NAME_FALLBACK,5.88042049934297,2026-06-19,0.0985545335085413,0.9835742444152432,0.2436428627839926,1.0,0.6,0.6911685630782083,,0.9996151075661933,1,0.2582269230568744,2,HIGH,logistic_regression_synthetic_v0_4_transfer,0.7456781676471622,logistic_regression,v0_4_population_alias_revision,central_calibration_worlds_005_006_rank1_f1_max,0.9996151075661933
25-14799,25-27783,2025-02-09,2025-03-13,NAME:societe publique regionale abbaye de fontevraud,NAME_FALLBACK,1.0512483574244416,2025-08-05,4.763469119579501,0.2060884800700831,1.0000000000000002,1.0,0.6,0.7615221200175208,,0.9973622576191603,1,0.6036596721939296,2,HIGH,logistic_regression_synthetic_v0_4_transfer,0.7456781676471622,logistic_regression,v0_4_population_alias_revision,central_calibration_worlds_005_006_rank1_f1_max,0.9973622576191603
25-15910,26-16813,2025-02-12,2026-02-18,NAME:le mans metropole,NAME_FALLBACK,12.187910643889618,2026-02-23,0.164257555847569,0.9726237406920718,0.0132705153310521,0.4,0.6,0.4278006155388862,,0.9692060123305415,1,0.0043824649292754,2,POTENTIAL,logistic_regression_synthetic_v0_4_transfer,0.7456781676471622,logistic_regression,v0_4_population_alias_revision,central_calibration_worlds_005_006_rank1_f1_max,0.9692060123305415
25-2262,25-41441,2025-01-10,2025-04-13,NAME:ville de saint nazaire,NAME_FALLBACK,3.055190538764783,2025-08-18,4.1721419185282524,0.3046430135786245,0.3619283442570504,1.0,0.6,0.5628356738846239,,0.9931693054043048,1,0.1922712889510913,9,HIGH,logistic_regression_synthetic_v0_4_transfer,0.7456781676471622,logistic_regression,v0_4_population_alias_revision,central_calibration_worlds_005_006_rank1_f1_max,0.9931693054043048
25-22758,26-45351,2025-02-27,2026-05-07,NAME:conseil departemental loire atlantique,NAME_FALLBACK,14.257555847568987,2026-02-27,2.266754270696452,0.6222076215505914,0.1261075681821256,0.1,0.6,0.2896895542513918,,0.9087835871895747,4,0.0491527839259183,8,POTENTIAL,logistic_regression_synthetic_v0_4_transfer,0.7456781676471622,logistic_regression,v0_4_population_alias_revision,central_calibration_worlds_005_006_rank1_f1_max,0.9087835871895747
25-26359,25-131747,2025-03-09,2025-11-30,NAME:conseil departemental de la mayenne,NAME_FALLBACK,8.73850197109067,2025-11-02,0.9198423127463864,0.8466929478756022,0.2455312233161634,1.0,0.6,0.6576091651295577,,0.9993755627052333,1,0.2960332154162317,9,HIGH,logistic_regression_synthetic_v0_4_transfer,0.7456781676471622,logistic_regression,v0_4_population_alias_revision,central_calibration_worlds_005_006_rank1_f1_max,0.9993755627052333
25-28394,26-3380,2025-03-14,2026-01-14,NAME:conseil departemental loire atlantique,NAME_FALLBACK,10.052562417871222,2025-11-18,1.8725361366622864,0.687910643889619,0.2832102536902695,1.0,0.6,0.6311012497639992,,0.9994357455424225,1,0.1348627584921963,9,HIGH,logistic_regression_synthetic_v0_4_transfer,0.7456781676471622,logistic_regression,v0_4_population_alias_revision,central_calibration_worlds_005_006_rank1_f1_max,0.9994357455424225
25-35036,26-9132,2025-03-28,2026-01-28,NAME:audencia eesc,NAME_FALLBACK,10.052562417871222,2026-03-28,1.938239159001314,0.6769601401664477,0.0814591810260886,0.4,0.6,0.3777507484007429,,0.9274523982807608,1,0.3777507484007429,1,HIGH,logistic_regression_synthetic_v0_4_transfer,0.7456781676471622,logistic_regression,v0_4_population_alias_revision,central_calibration_worlds_005_006_rank1_f1_max,0.9274523982807608
25-38470,25-117061,2025-04-06,2025-10-22,SIRET:17440005100010,RAW_SIRET,6.5374507227332455,2025-10-18,0.1314060446780552,0.9780989925536576,0.0134964987578611,0.4,1.0,0.4692485227036658,,0.8467020426867886,1,0.0469812203470435,6,POTENTIAL,logistic_regression_synthetic_v0_4_transfer,0.7456781676471622,logistic_regression,v0_4_population_alias_revision,central_calibration_worlds_005_006_rank1_f1_max,0.8467020426867886
25-40327,26-16633,2025-04-10,2026-02-18,NAME:ville de saint nazaire,NAME_FALLBACK,10.315374507227332,2025-12-12,2.2339027595269383,0.6276828734121769,0.0757204814320148,1.0,0.6,0.5434228868542494,,0.9994513642430238,1,0.2861549290232917,7,HIGH,logistic_regression_synthetic_v0_4_transfer,0.7456781676471622,logistic_regression,v0_4_population_alias_revision,central_calibration_worlds_005_006_rank1_f1_max,0.9994513642430238
25-44025,25-68958,2025-04-17,2025-06-19,NAME:ville de carquefou,NAME_FALLBACK,2.0696452036793693,2025-08-17,1.938239159001314,0.6769601401664477,0.3470794838247901,1.0,0.6,0.6507178543802885,,0.9985404313503486,1,0.6507178543802885,1,HIGH,logistic_regression_synthetic_v0_4_transfer,0.7456781676471622,logistic_regression,v0_4_population_alias_revision,central_calibration_worlds_005_006_rank1_f1_max,0.9985404313503486
25-45972,25-57091,2025-04-24,2025-05-22,SIRET:23440003400026,RAW_SIRET,0.9198423127463864,2025-08-24,3.088042049934297,0.4853263250109505,1.0,1.0,1.0,0.8713315812527375,,0.9963398612034258,1,0.4877495871863414,10,HIGH,logistic_regression_synthetic_v0_4_transfer,0.7456781676471622,logistic_regression,v0_4_population_alias_revision,central_calibration_worlds_005_006_rank1_f1_max,0.9963398612034258
25-48468,25-49952,2025-04-30,2025-05-04,SIRET:24440043800127,RAW_SIRET,0.1314060446780552,2025-10-30,5.88042049934297,0.0199299167761717,1.0,1.0,1.0,0.7549824791940428,,0.9970714610110378,1,0.7549824791940428,1,HIGH,logistic_regression_synthetic_v0_4_transfer,0.7456781676471622,logistic_regression,v0_4_population_alias_revision,central_calibration_worlds_005_006_rank1_f1_max,0.9970714610110378
25-48827,25-51236,2025-05-01,2025-05-07,SIRET:24440040400129,RAW_SIRET,0.1971090670170827,2025-10-01,4.829172141918528,0.195137976346912,1.0000000000000002,1.0,1.0,0.798784494086728,,0.982372980907661,1,0.006844064826982,16,POTENTIAL,logistic_regression_synthetic_v0_4_transfer,0.7456781676471622,logistic_regression,v0_4_population_alias_revision,central_calibration_worlds_005_006_rank1_f1_max,0.982372980907661
25-49867,25-51236,2025-05-02,2025-05-07,SIRET:24440040400129,RAW_SIRET,0.164257555847569,2025-10-02,4.862023653088042,0.1896627244853262,1.0000000000000002,1.0,1.0,0.7974156811213315,,0.984402517555587,1,0.2941332421040203,15,HIGH,logistic_regression_synthetic_v0_4_transfer,0.7456781676471622,logistic_regression,v0_4_population_alias_revision,central_calibration_worlds_005_006_rank1_f1_max,0.984402517555587
25-50085,26-45351,2025-05-04,2026-05-07,NAME:conseil departemental loire atlantique,NAME_FALLBACK,12.089356110381075,2026-02-05,2.9894875164257555,0.5017520805957074,0.2116965663611705,0.4,0.6,0.3795318183753365,,0.8708298134472817,5,0.036957950065703,8,POTENTIAL,logistic_regression_synthetic_v0_4_transfer,0.7456781676471622,logistic_regression,v0_4_population_alias_revision,central_calibration_worlds_005_006_rank1_f1_max,0.8708298134472817
25-51370,26-9688,2025-05-08,2026-01-29,SIRET:24440040400129,RAW_SIRET,8.73850197109067,2025-10-08,3.712220762155059,0.3812965396408235,0.1300237485768086,0.6,1.0,0.4208324469120889,,0.9181026489415129,1,0.0047146830735057,12,POTENTIAL,logistic_regression_synthetic_v0_4_transfer,0.7456781676471622,logistic_regression,v0_4_population_alias_revision,central_calibration_worlds_005_006_rank1_f1_max,0.9181026489415129
25-51463,25-86184,2025-05-08,2025-07-29,SIRET:24440040400129,RAW_SIRET,2.693823915900132,2025-10-08,2.33245729303548,0.61125711782742,0.0173177507090648,0.6,1.0,0.4388754922050276,,0.7495403669808023,1,0.0179366776130806,12,POTENTIAL,logistic_regression_synthetic_v0_4_transfer,0.7456781676471622,logistic_regression,v0_4_population_alias_revision,central_calibration_worlds_005_006_rank1_f1_max,0.7495403669808023
25-52714,25-121114,2025-05-11,2025-10-31,SIRET:23440003400026,RAW_SIRET,5.683311432325887,2025-09-11,1.6425755584756898,0.7262374069207184,0.0252529560276724,0.8,1.0,0.530397886339865,,0.9889755477899208,1,0.0342203241349101,9,POTENTIAL,logistic_regression_synthetic_v0_4_transfer,0.7456781676471622,logistic_regression,v0_4_population_alias_revision,central_calibration_worlds_005_006_rank1_f1_max,0.9889755477899208
25-53540,26-1571,2025-05-14,2026-01-09,SIRET:25440253000011,RAW_SIRET,7.884362680683311,2025-11-14,1.8396846254927728,0.6933858957512046,0.1253677319578199,0.4,1.0,0.4372251801230381,,0.9154910088942168,1,0.4372251801230381,1,HIGH,logistic_regression_synthetic_v0_4_transfer,0.7456781676471622,logistic_regression,v0_4_population_alias_revision,central_calibration_worlds_005_006_rank1_f1_max,0.9154910088942168
25-54937,26-28872,2025-05-17,2026-03-21,NAME:conseil departemental de la mayenne,NAME_FALLBACK,10.11826544021025,2026-02-28,0.6898817345597897,0.8850197109067017,0.1695340355517673,1.0,0.6,0.6405918401697941,,0.9992281377652442,2,0.0109505037231711,13,POTENTIAL,logistic_regression_synthetic_v0_4_transfer,0.7456781676471622,logistic_regression,v0_4_population_alias_revision,central_calibration_worlds_005_006_rank1_f1_max,0.9992281377652442
25-6053,26-8489,2025-01-19,2026-01-24,NAME:territoire d energie loire-atlantique,NAME_FALLBACK,12.155059132720105,2025-11-18,2.2010512483574245,0.6331581252737626,0.0114430531694821,0.6,0.6,0.4022945999277593,,0.9915398429660834,1,0.0822416236237177,2,HIGH,logistic_regression_synthetic_v0_4_transfer,0.7456781676471622,logistic_regression,v0_4_population_alias_revision,central_calibration_worlds_005_006_rank1_f1_max,0.9915398429660834
25-61834,26-21120,2025-06-04,2026-03-02,NAME:ville du mans,NAME_FALLBACK,8.902759526938238,2026-03-01,0.0328515111695138,0.9945247481384144,0.0143841711555712,0.1,0.6,0.3436656469390535,,0.8806645279105967,2,0.0409439095454606,4,POTENTIAL,logistic_regression_synthetic_v0_4_transfer,0.7456781676471622,logistic_regression,v0_4_population_alias_revision,central_calibration_worlds_005_006_rank1_f1_max,0.8806645279105967
25-6327,25-73652,2025-01-19,2025-07-02,SIRET:24440055200026,RAW_SIRET,5.387647831800263,2025-12-02,5.026281208935611,0.1622864651773982,0.9963730778051578,1.0,1.0,0.7893021935261548,,0.9999226660160446,1,0.7893021935261548,1,HIGH,logistic_regression_synthetic_v0_4_transfer,0.7456781676471622,logistic_regression,v0_4_population_alias_revision,central_calibration_worlds_005_006_rank1_f1_max,0.9999226660160446
25-65181,26-13734,2025-06-12,2026-02-10,SIRET:13001954000025,RAW_SIRET,7.982917214191852,2026-05-27,3.4822601839684624,0.4196233026719229,0.0707642217111951,0.8,1.0,0.469673303266899,,0.9968140713761217,1,0.469673303266899,1,HIGH,logistic_regression_synthetic_v0_4_transfer,0.7456781676471622,logistic_regression,v0_4_population_alias_revision,central_calibration_worlds_005_006_rank1_f1_max,0.9968140713761217
25-70695,26-31691,2025-06-25,2026-03-28,SIRET:24490001500011,RAW_SIRET,9.067017082785808,2025-11-25,4.040735873850197,0.3265440210249671,0.0041390128465044,0.4,1.0,0.3030846597525183,,0.8130389082876265,2,0.0366618260900433,4,POTENTIAL,logistic_regression_synthetic_v0_4_transfer,0.7456781676471622,logistic_regression,v0_4_population_alias_revision,central_calibration_worlds_005_006_rank1_f1_max,0.8130389082876265
25-74485,25-78511,2025-07-03,2025-07-11,SIRET:21490328800014,RAW_SIRET,0.2628120893561104,2025-11-03,3.7779237844940874,0.3703460359176522,0.3551161144635867,1.0,1.0,0.6168771490416683,,0.9970682864015927,1,0.6168771490416683,1,HIGH,logistic_regression_synthetic_v0_4_transfer,0.7456781676471622,logistic_regression,v0_4_population_alias_revision,central_calibration_worlds_005_006_rank1_f1_max,0.9970682864015927
25-76566,25-135765,2025-07-08,2025-12-11,SIRET:19753472000010,RAW_SIRET,5.124835742444152,2025-11-08,1.0840998685939554,0.8193166885676741,0.018283684258141,1.0,1.0,0.6112284616322678,,0.9991169140794331,3,0.0013217577086166,5,POTENTIAL,logistic_regression_synthetic_v0_4_transfer,0.7456781676471622,logistic_regression,v0_4_population_alias_revision,central_calibration_worlds_005_006_rank1_f1_max,0.9991169140794331
25-78668,25-130089,2025-07-11,2025-11-26,SIRET:13002591900015,RAW_SIRET,4.533508541392904,2026-01-11,1.5111695137976346,0.7481384143670609,0.1232816488663299,1.0,1.0,0.6301831806949806,,0.9993127563028534,1,0.1491178121467375,2,HIGH,logistic_regression_synthetic_v0_4_transfer,0.7456781676471622,logistic_regression,v0_4_population_alias_revision,central_calibration_worlds_005_006_rank1_f1_max,0.9993127563028534
25-7967,25-97524,2025-01-22,2025-09-02,NAME:semitan,NAME_FALLBACK,7.325886990801576,2025-07-22,1.3797634691195797,0.7700394218134035,0.0067407971581284,0.6,0.6,0.4348691344586958,,0.976171235529755,1,0.3137653236834001,2,HIGH,logistic_regression_synthetic_v0_4_transfer,0.7456781676471622,logistic_regression,v0_4_population_alias_revision,central_calibration_worlds_005_006_rank1_f1_max,0.976171235529755
25-83123,25-108260,2025-07-21,2025-09-30,NAME:communaute de communes sud vendee littoral,NAME_FALLBACK,2.33245729303548,2025-08-21,1.314060446780552,0.7809899255365746,0.6833920452772277,1.0,0.6,0.7944346972311733,,0.9990894644094229,1,0.5229571323330681,2,HIGH,logistic_regression_synthetic_v0_4_transfer,0.7456781676471622,logistic_regression,v0_4_population_alias_revision,central_calibration_worlds_005_006_rank1_f1_max,0.9990894644094229
25-99444,26-55163,2025-09-08,2026-06-04,NAME:chu nantes,NAME_FALLBACK,8.83705650459921,2026-03-08,2.890932982917214,0.5181778361804643,0.1926633111773046,0.1,0.6,0.2869766179571726,,0.8294184877683661,1,0.0514644968410764,2,HIGH,logistic_regression_synthetic_v0_4_transfer,0.7456781676471622,logistic_regression,v0_4_population_alias_revision,central_calibration_worlds_005_006_rank1_f1_max,0.8294184877683661
26-15866,26-42512,2026-02-15,2026-04-29,NAME:conseil departemental de la mayenne,NAME_FALLBACK,2.3981603153745072,2026-06-15,1.5440210249671484,0.7426631625054753,1.0,1.0,0.6,0.8956657906263688,,0.9983769688672554,1,0.05338370565046,8,HIGH,logistic_regression_synthetic_v0_4_transfer,0.7456781676471622,logistic_regression,v0_4_population_alias_revision,central_calibration_worlds_005_006_rank1_f1_max,0.9983769688672554
26-16442,26-29615,2026-02-18,2026-03-24,NAME:societe publique regionale abbaye de fontevraud,NAME_FALLBACK,1.1169513797634691,2026-04-18,0.8212877792378449,0.8631187034603591,1.0000000000000002,1.0,0.6,0.9257796758650898,,0.9993258795791886,1,0.9257796758650898,1,HIGH,logistic_regression_synthetic_v0_4_transfer,0.7456781676471622,logistic_regression,v0_4_population_alias_revision,central_calibration_worlds_005_006_rank1_f1_max,0.9993258795791886
26-20134,26-26706,2026-02-27,2026-03-15,NAME:conservatoire national des arts et metiers,NAME_FALLBACK,0.5256241787122208,2026-06-27,3.416557161629435,0.4305738063950942,0.9999999999999996,1.0,0.6,0.8176434515987734,,0.9982546707537707,1,0.8176434515987734,1,HIGH,logistic_regression_synthetic_v0_4_transfer,0.7456781676471622,logistic_regression,v0_4_population_alias_revision,central_calibration_worlds_005_006_rank1_f1_max,0.9982546707537707
26-28872,26-42512,2026-03-21,2026-04-29,NAME:conseil departemental de la mayenne,NAME_FALLBACK,1.281208935611038,2026-07-21,2.726675427069645,0.5455540954883924,1.0,1.0,0.6,0.8463885238720981,,0.9972773862368594,1,0.3027316770312069,7,HIGH,logistic_regression_synthetic_v0_4_transfer,0.7456781676471622,logistic_regression,v0_4_population_alias_revision,central_calibration_worlds_005_006_rank1_f1_max,0.9972773862368594
26-30515,26-46704,2026-03-24,2026-05-07,NAME:syndicat mixte e-collectivites,NAME_FALLBACK,1.445466491458607,2026-07-24,2.562417871222076,0.5729303547963207,0.1119360038755604,1.0,0.6,0.5424101900555263,,0.999625512751127,1,0.5424101900555263,1,HIGH,logistic_regression_synthetic_v0_4_transfer,0.7456781676471622,logistic_regression,v0_4_population_alias_revision,central_calibration_worlds_005_006_rank1_f1_max,0.999625512751127
26-32976,26-62132,2026-04-01,2026-06-25,SIRET:11001001400014,RAW_SIRET,2.7923784494086727,2026-10-01,3.219448094612352,0.463425317564608,0.9979210513331116,1.0,1.0,0.865128697357741,,0.9993620215071514,1,0.865128697357741,1,HIGH,logistic_regression_synthetic_v0_4_transfer,0.7456781676471622,logistic_regression,v0_4_population_alias_revision,central_calibration_worlds_005_006_rank1_f1_max,0.9993620215071514
26-33969,26-40548,2026-04-03,2026-04-23,SIRET:21440109300015,RAW_SIRET,0.657030223390276,2026-09-03,4.369250985545335,0.2717915024091107,1.0000000000000004,1.0,1.0,0.8179478756022778,,0.9983958646904576,1,0.8179478756022778,1,HIGH,logistic_regression_synthetic_v0_4_transfer,0.7456781676471622,logistic_regression,v0_4_population_alias_revision,central_calibration_worlds_005_006_rank1_f1_max,0.9983958646904576
26-39035,26-68796,2026-04-18,2026-07-11,SIRET:23440003400026,RAW_SIRET,2.759526938239159,2026-08-18,1.2483574244415243,0.791940429259746,0.6347913066319002,0.2,1.0,0.5801620646361015,,0.8319269565598648,1,0.3593847348191084,2,HIGH,logistic_regression_synthetic_v0_4_transfer,0.7456781676471622,logistic_regression,v0_4_population_alias_revision,central_calibration_worlds_005_006_rank1_f1_max,0.8319269565598648
26-42512,26-44140,2026-04-29,2026-05-02,NAME:conseil departemental de la mayenne,NAME_FALLBACK,0.0985545335085413,2026-07-29,2.890932982917214,0.5181778361804643,0.1233196687788681,1.0,0.6,0.5327063431177199,,0.9914682509258231,1,0.1163005041941541,6,HIGH,logistic_regression_synthetic_v0_4_transfer,0.7456781676471622,logistic_regression,v0_4_population_alias_revision,central_calibration_worlds_005_006_rank1_f1_max,0.9914682509258231
26-44140,26-52332,2026-05-02,2026-05-29,NAME:conseil departemental de la mayenne,NAME_FALLBACK,0.8869908015768725,2026-08-02,2.135348226018397,0.6441086289969338,0.0141632622771821,0.6,0.6,0.4059842990462471,,0.790845784050608,1,0.0124762019109481,5,POTENTIAL,logistic_regression_synthetic_v0_4_transfer,0.7456781676471622,logistic_regression,v0_4_population_alias_revision,central_calibration_worlds_005_006_rank1_f1_max,0.790845784050608
26-48762,26-52332,2026-05-19,2026-05-29,NAME:conseil departemental de la mayenne,NAME_FALLBACK,0.328515111695138,2026-09-19,3.712220762155059,0.3812965396408235,1.0,1.0,0.6,0.8053241349102058,,0.997319855040761,1,0.4794715244021614,3,HIGH,logistic_regression_synthetic_v0_4_transfer,0.7456781676471622,logistic_regression,v0_4_population_alias_revision,central_calibration_worlds_005_006_rank1_f1_max,0.997319855040761
26-56462,26-61592,2026-06-10,2026-06-24,SIRET:24440040400129,RAW_SIRET,0.4599211563731931,2026-11-10,4.566360052562418,0.2389399912395969,0.1090917372818001,0.8,1.0,0.4379171058585293,,0.964101322153797,1,0.2337913134068041,2,HIGH,logistic_regression_synthetic_v0_4_transfer,0.7456781676471622,logistic_regression,v0_4_population_alias_revision,central_calibration_worlds_005_006_rank1_f1_max,0.964101322153797
26-6662,26-68796,2026-01-21,2026-07-11,SIRET:23440003400026,RAW_SIRET,5.617608409986859,2026-09-21,2.365308804204993,0.6057818659658345,0.0198518596117221,0.2,1.0,0.3183936173555614,,0.7746367978760251,1,0.1163690391080461,3,HIGH,logistic_regression_synthetic_v0_4_transfer,0.7456781676471622,logistic_regression,v0_4_population_alias_revision,central_calibration_worlds_005_006_rank1_f1_max,0.7746367978760251
26-7971,26-11970,2026-01-24,2026-02-05,NAME:universite d angers,NAME_FALLBACK,0.3942181340341655,2026-07-24,5.551905387647832,0.074682435392028,1.0,1.0,0.6,0.7286706088480068,,0.996000668621436,1,0.4708615785953535,2,HIGH,logistic_regression_synthetic_v0_4_transfer,0.7456781676471622,logistic_regression,v0_4_population_alias_revision,central_calibration_worlds_005_006_rank1_f1_max,0.996000668621436
