alias_id,alias_name_normalized,department_key,inferred_siren,alias_confidence_status_m1,alias_support_notice_count_m1,profile_domains,participation_domains,all_profile_domains,domain_specificity,profile_support_count,profile_first_observation_date,profile_last_observation_date,profile_evidence_status,profile_evidence_reason,profile_data_coverage,ambiguity_flag
A00000,nantes metropole,44,,AMBIGUOUS_MULTIPLE_SIREN,778,marchepublics.nantesmetropole.fr;marchesoublics.nantesmetropole.fr;marchespublics.nantesmetropole;marchespublics.nantesmetropole.fr;nantesmetropole.fr,marchespublics.nantesmetropole.fr,marchepublics.nantesmetropole.fr;marchesoublics.nantesmetropole.fr;marchespublics.nantesmetropole;marchespublics.nantesmetropole.fr;nantesmetropole.fr,BUYER_SPECIFIC;HIGHLY_CONCENTRATED;SHARED_INSTITUTIONAL,9,2017-02-28,2020-12-31,STRONG_SUPPORT,alias has buyer-specific or highly concentrated profile-domain evidence,HAS_PROFILE_DATA,False
A00001,ville de nantes,44,,AMBIGUOUS_MULTIPLE_SIREN,343,marchepublics.nantesmetropole.fr;marchespublics.nantesmetropole.fr;nantes.fr,marchespublics.nantesmetropole.fr,marchepublics.nantesmetropole.fr;marchespublics.nantesmetropole.fr;nantes.fr,BUYER_SPECIFIC;SHARED_INSTITUTIONAL,6,2016-03-16,2020-12-20,STRONG_SUPPORT,alias has buyer-specific or highly concentrated profile-domain evidence,HAS_PROFILE_DATA,False
A00002,ville de saint nazaire,44,,AMBIGUOUS_MULTIPLE_SIREN,275,,,,,0,,,NO_PROFILE_EVIDENCE,no normalized profile or participation domain for alias name,NO_PROFILE_DATA,False
A00003,semitan mandataire de nantes metropole,44,,AMBIGUOUS_MULTIPLE_SIREN,154,marchespublics.semitan.fr;semitan.tan.fr,marchespublics.semitan.fr;semitan.tan.fr,marchespublics.semitan.fr;semitan.tan.fr,SHARED_INSTITUTIONAL,4,2019-01-26,2020-11-05,NEUTRAL_SHARED_PLATFORM,only generic or shared institutional domains observed,HAS_PROFILE_DATA,False
A00004,ville de bouguenais,44,,AMBIGUOUS_MULTIPLE_SIREN,92,ville-bouguenais.e-marchespublics.com,,ville-bouguenais.e-marchespublics.com,GENERIC_PLATFORM,1,2020-12-14,2020-12-14,NEUTRAL_SHARED_PLATFORM,only generic or shared institutional domains observed,HAS_PROFILE_DATA,False
A00005,mairie de saint-herblain,44,,AMBIGUOUS_MULTIPLE_SIREN,90,,,,,0,,,NO_PROFILE_EVIDENCE,no normalized profile or participation domain for alias name,NO_PROFILE_DATA,False
A00006,laval agglomeration,53,,AMBIGUOUS_MULTIPLE_SIREN,61,achatpublic.com;agglo-laval.achatpublic.com,achatpublic.com,achatpublic.com;agglo-laval.achatpublic.com,GENERIC_PLATFORM,4,2016-03-08,2020-09-03,NEUTRAL_SHARED_PLATFORM,only generic or shared institutional domains observed,HAS_PROFILE_DATA,False
A00007,frg02,44;49;79;85,,AMBIGUOUS_MULTIPLE_SIREN,52,,,,,0,,,NO_PROFILE_EVIDENCE,no normalized profile or participation domain for alias name,NO_PROFILE_DATA,False
A00008,ville de laval,53,,AMBIGUOUS_MULTIPLE_SIREN,45,achatpublic.com;agglo-laval.achatpublic.com;laval.achatpublic.com,agglo-laval.achatpublic.com,achatpublic.com;agglo-laval.achatpublic.com;laval.achatpublic.com,GENERIC_PLATFORM,4,2017-10-15,2019-09-09,NEUTRAL_SHARED_PLATFORM,only generic or shared institutional domains observed,HAS_PROFILE_DATA,False
A00009,groupement cenovia - transamo,72,,AMBIGUOUS_MULTIPLE_SIREN,44,,,,,0,,,NO_PROFILE_EVIDENCE,no normalized profile or participation domain for alias name,NO_PROFILE_DATA,False
A00010,commune d ancenis-saint-gereon,44;49;85,,AMBIGUOUS_MULTIPLE_SIREN,26,,,,,0,,,NO_PROFILE_EVIDENCE,no normalized profile or participation domain for alias name,NO_PROFILE_DATA,False
A00011,service marche public,44,,AMBIGUOUS_MULTIPLE_SIREN,23,,,,,0,,,NO_PROFILE_EVIDENCE,no normalized profile or participation domain for alias name,NO_PROFILE_DATA,False
A00012,ville de cholet,44;49;85,,AMBIGUOUS_MULTIPLE_SIREN,21,anjoumarchespublics.fr,,anjoumarchespublics.fr,GENERIC_PLATFORM,1,2020-07-03,2020-07-03,NEUTRAL_SHARED_PLATFORM,only generic or shared institutional domains observed,HAS_PROFILE_DATA,False
A00013,loire ocean metropole amenagement,44,,AMBIGUOUS_MULTIPLE_SIREN,15,achatpublic.com;marches-securises.fr,,achatpublic.com;marches-securises.fr,GENERIC_PLATFORM,3,2018-07-25,2019-11-26,NEUTRAL_SHARED_PLATFORM,only generic or shared institutional domains observed,HAS_PROFILE_DATA,False
A00014,commune,44,,AMBIGUOUS_MULTIPLE_SIREN,14,marches-publics.info;marches-securises.fr;xmarches.fr,,marches-publics.info;marches-securises.fr;xmarches.fr,GENERIC_PLATFORM,3,2019-04-30,2020-12-18,NEUTRAL_SHARED_PLATFORM,only generic or shared institutional domains observed,HAS_PROFILE_DATA,False
A00015,communaute de communes vie et boulogne,85,,AMBIGUOUS_MULTIPLE_SIREN,11,marches-securises.fr,marches-securises.fr,marches-securises.fr,GENERIC_PLATFORM,2,2019-09-28,2019-09-28,NEUTRAL_SHARED_PLATFORM,only generic or shared institutional domains observed,HAS_PROFILE_DATA,False
A00016,commune de beaupreau en mauges,49,,AMBIGUOUS_MULTIPLE_SIREN,10,anjoumarchespublics.fr;beaupreau-en-mauges.e-marchespublics.com;klekoon.com,klekoon.com,anjoumarchespublics.fr;beaupreau-en-mauges.e-marchespublics.com;klekoon.com,GENERIC_PLATFORM,6,2017-07-26,2020-07-26,NEUTRAL_SHARED_PLATFORM,only generic or shared institutional domains observed,HAS_PROFILE_DATA,False
A00017,sccv terreaterre,49,,AMBIGUOUS_MULTIPLE_SIREN,9,,,,,0,,,NO_PROFILE_EVIDENCE,no normalized profile or participation domain for alias name,NO_PROFILE_DATA,False
A00018,spl saumur val de loire tourisme,49,,AMBIGUOUS_MULTIPLE_SIREN,9,,,,,0,,,NO_PROFILE_EVIDENCE,no normalized profile or participation domain for alias name,NO_PROFILE_DATA,False
A00019,gie sonadev,44,,AMBIGUOUS_MULTIPLE_SIREN,8,,,,,0,,,NO_PROFILE_EVIDENCE,no normalized profile or participation domain for alias name,NO_PROFILE_DATA,False
A00020,lpo touchard washington,72,,AMBIGUOUS_MULTIPLE_SIREN,8,,,,,0,,,NO_PROFILE_EVIDENCE,no normalized profile or participation domain for alias name,NO_PROFILE_DATA,False
A00021,sarthe culture,72,,AMBIGUOUS_MULTIPLE_SIREN,8,,,,,0,,,NO_PROFILE_EVIDENCE,no normalized profile or participation domain for alias name,NO_PROFILE_DATA,False
A00022,siaep de la region de vive parence,72,,AMBIGUOUS_MULTIPLE_SIREN,6,,,,,0,,,NO_PROFILE_EVIDENCE,no normalized profile or participation domain for alias name,NO_PROFILE_DATA,False
A00023,service commande publique,44,,AMBIGUOUS_MULTIPLE_SIREN,5,,,,,0,,,NO_PROFILE_EVIDENCE,no normalized profile or participation domain for alias name,NO_PROFILE_DATA,False
A00024,syloa,44,,AMBIGUOUS_MULTIPLE_SIREN,5,,,,,0,,,NO_PROFILE_EVIDENCE,no normalized profile or participation domain for alias name,NO_PROFILE_DATA,False
A00025,crescendo hg,49,,AMBIGUOUS_MULTIPLE_SIREN,4,achatpublic.com;klekoon.com,achatpublic.com;klekoon.com,achatpublic.com;klekoon.com,GENERIC_PLATFORM,6,2017-07-07,2020-11-01,NEUTRAL_SHARED_PLATFORM,only generic or shared institutional domains observed,HAS_PROFILE_DATA,False
A00026,sem cenovia,72,,AMBIGUOUS_MULTIPLE_SIREN,4,,,,,0,,,NO_PROFILE_EVIDENCE,no normalized profile or participation domain for alias name,NO_PROFILE_DATA,False
A00027,shema au nom et pour le compte de la communaute de communes des pays de l aigle,14;27;28;53;61;72,,AMBIGUOUS_MULTIPLE_SIREN,4,,,,,0,,,NO_PROFILE_EVIDENCE,no normalized profile or participation domain for alias name,NO_PROFILE_DATA,False
A00028,tribunal administratif de nantes,49,,AMBIGUOUS_MULTIPLE_SIREN,4,,,,,0,,,NO_PROFILE_EVIDENCE,no normalized profile or participation domain for alias name,NO_PROFILE_DATA,False
A00029,centre communal d action sociale,16;17;33;79;85,,AMBIGUOUS_MULTIPLE_SIREN,3,achatpublic.com;agysoft.marches-publics.info;alm.marches-securises.fr;ccas-larochelle.fr;cdg59.fr;cluses.marcoweb.fr;cluses.marcweb.fr;demat-ampa.fr;e-marches06.fr;e-marchespublics.com;e-megalisbretagne.org;eadministration64.fr;ecrivainpublic.doubletrade.net;franconvillemp.marcoweb.fr;istres.fr;klekoon.com;lalonde.marcoweb.fr;lechat.doubletrade.net;mairie-balma.fr;mairie-francheville69.e-marchespublics.com;marches-aube.fr;marches-publics.com;marches-publics.info;marches-publics.orleans.fr;marches-publics.sis-marches.com;marches-securises.fr;marches.a-e-o.fr;marches.agglo-compiegne.fr;marches.e-bourgogne.fr;marches.grandbesancon.fr;marches.local-trust.com;marches.maximilien.fr;marches.megalis.bretagne.bzh;marches.megalisbretagne.org;marches.montpellier3m.fr;marchesonline.achatpublic.com;marchespublics-aquitaine.org;marchespublics.aquitaine.fr;marchespublics.colombes.fr;marchespublics.grandangouleme.fr;marchespublics.landespublic.org;marchespublics.limoges.fr;marchespublics596280.fr;midilibre-marchespublics.com;miramas.org;mp.beauvaisis.fr;mpe27.fr;ville-larochelle.fr;ville-levallois.fr;ville-lons.marcoweb.fr;ville-nogentsurmarne.achatpublic.com;ville-roquebrune-argens.e-marchespublics.com;ville-roubaix.fr;ville-saran.fr;vvachat.achatpublic.com;xmarches.fr,ccas-larochelle.fr;demat-ampa.fr;e-marchespublics.com;klekoon.com;marches-publics.sis-marches.com;marches.a-e-o.fr;marches.megalis.bretagne.bzh;marches.megalisbretagne.org;marchespublics.aquitaine.fr;midilibre-marchespublics.com;publication.marchesonline.com;ville-nogentsurmarne.achatpublic.com,achatpublic.com;agysoft.marches-publics.info;alm.marches-securises.fr;ccas-larochelle.fr;cdg59.fr;cluses.marcoweb.fr;cluses.marcweb.fr;demat-ampa.fr;e-marches06.fr;e-marchespublics.com;e-megalisbretagne.org;eadministration64.fr;ecrivainpublic.doubletrade.net;franconvillemp.marcoweb.fr;istres.fr;klekoon.com;lalonde.marcoweb.fr;lechat.doubletrade.net;mairie-balma.fr;mairie-francheville69.e-marchespublics.com;marches-aube.fr;marches-publics.com;marches-publics.info;marches-publics.orleans.fr;marches-publics.sis-marches.com;marches-securises.fr;marches.a-e-o.fr;marches.agglo-compiegne.fr;marches.e-bourgogne.fr;marches.grandbesancon.fr;marches.local-trust.com;marches.maximilien.fr;marches.megalis.bretagne.bzh;marches.megalisbretagne.org;marches.montpellier3m.fr;marchesonline.achatpublic.com;marchespublics-aquitaine.org;marchespublics.aquitaine.fr;marchespublics.colombes.fr;marchespublics.grandangouleme.fr;marchespublics.landespublic.org;marchespublics.limoges.fr;marchespublics596280.fr;midilibre-marchespublics.com;miramas.org;mp.beauvaisis.fr;mpe27.fr;publication.marchesonline.com;ville-larochelle.fr;ville-levallois.fr;ville-lons.marcoweb.fr;ville-nogentsurmarne.achatpublic.com;ville-roquebrune-argens.e-marchespublics.com;ville-roubaix.fr;ville-saran.fr;vvachat.achatpublic.com;xmarches.fr,AMBIGUOUS;BUYER_SPECIFIC;GENERIC_PLATFORM;SHARED_INSTITUTIONAL,86,2015-04-29,2020-10-19,STRONG_SUPPORT,alias has buyer-specific or highly concentrated profile-domain evidence,HAS_PROFILE_DATA,False
A00030,collectivite territoriale,44,,AMBIGUOUS_MULTIPLE_SIREN,3,,,,,0,,,NO_PROFILE_EVIDENCE,no normalized profile or participation domain for alias name,NO_PROFILE_DATA,False
A00031,prefecture de la mayenne,35;44;49;50;53;61;72,,AMBIGUOUS_MULTIPLE_SIREN,3,,,,,0,,,NO_PROFILE_EVIDENCE,no normalized profile or participation domain for alias name,NO_PROFILE_DATA,False
A00032,sante,49,,AMBIGUOUS_MULTIPLE_SIREN,3,,,,,0,,,NO_PROFILE_EVIDENCE,no normalized profile or participation domain for alias name,NO_PROFILE_DATA,False
A00033,shema,14;50;53;61;72,,AMBIGUOUS_MULTIPLE_SIREN,3,marchespublics.cg27.fr;okmarches-shema.omnikles.com;shema.fr;shema.safetender.com,,marchespublics.cg27.fr;okmarches-shema.omnikles.com;shema.fr;shema.safetender.com,GENERIC_PLATFORM;SHARED_INSTITUTIONAL,4,2019-01-11,2020-12-18,NEUTRAL_SHARED_PLATFORM,only generic or shared institutional domains observed,HAS_PROFILE_DATA,False
A00034,ville d angers,49,,AMBIGUOUS_MULTIPLE_SIREN,3,alm.marches-securises.fr;metropole-angers.marcoweb.fr,,alm.marches-securises.fr;metropole-angers.marcoweb.fr,GENERIC_PLATFORM;SHARED_INSTITUTIONAL,2,2016-03-10,2020-12-10,NEUTRAL_SHARED_PLATFORM,only generic or shared institutional domains observed,HAS_PROFILE_DATA,False
A00035,ccas des sables d olonne,85,,AMBIGUOUS_MULTIPLE_SIREN,2,,,,,0,,,NO_PROFILE_EVIDENCE,no normalized profile or participation domain for alias name,NO_PROFILE_DATA,False
A00036,centre hospitalier de cholet,49,,AMBIGUOUS_MULTIPLE_SIREN,2,ch-cholet.e-marchespublics.com,,ch-cholet.e-marchespublics.com,GENERIC_PLATFORM,1,2017-12-29,2017-12-29,NEUTRAL_SHARED_PLATFORM,only generic or shared institutional domains observed,HAS_PROFILE_DATA,False
A00037,collectivite territoriale,22;29;35;44;56,,AMBIGUOUS_MULTIPLE_SIREN,2,,,,,0,,,NO_PROFILE_EVIDENCE,no normalized profile or participation domain for alias name,NO_PROFILE_DATA,False
A00038,commune,49,,AMBIGUOUS_MULTIPLE_SIREN,2,marches-publics.info;marches-securises.fr;xmarches.fr,,marches-publics.info;marches-securises.fr;xmarches.fr,GENERIC_PLATFORM,3,2019-04-30,2020-12-18,NEUTRAL_SHARED_PLATFORM,only generic or shared institutional domains observed,HAS_PROFILE_DATA,False
A00039,enseignement superieur et recherche,44,,AMBIGUOUS_MULTIPLE_SIREN,2,,,,,0,,,NO_PROFILE_EVIDENCE,no normalized profile or participation domain for alias name,NO_PROFILE_DATA,False
A00040,ferme experimentale laitiere des trino,49,,AMBIGUOUS_MULTIPLE_SIREN,2,,,,,0,,,NO_PROFILE_EVIDENCE,no normalized profile or participation domain for alias name,NO_PROFILE_DATA,False
A00041,marche public,44,,AMBIGUOUS_MULTIPLE_SIREN,2,,,,,0,,,NO_PROFILE_EVIDENCE,no normalized profile or participation domain for alias name,NO_PROFILE_DATA,False
A00042,nantes metropole et ville de nantes,44,,AMBIGUOUS_MULTIPLE_SIREN,2,,,,,0,,,NO_PROFILE_EVIDENCE,no normalized profile or participation domain for alias name,NO_PROFILE_DATA,False
A00043,service public local,44,,AMBIGUOUS_MULTIPLE_SIREN,2,,,,,0,,,NO_PROFILE_EVIDENCE,no normalized profile or participation domain for alias name,NO_PROFILE_DATA,False
A00044,spl saumur val de loire equestre,49,,AMBIGUOUS_MULTIPLE_SIREN,2,,,,,0,,,NO_PROFILE_EVIDENCE,no normalized profile or participation domain for alias name,NO_PROFILE_DATA,False
A00045,tribunal administratif de nantes,44,,AMBIGUOUS_MULTIPLE_SIREN,2,,,,,0,,,NO_PROFILE_EVIDENCE,no normalized profile or participation domain for alias name,NO_PROFILE_DATA,False
A00046,ville de nantes et nantes metropole,44,,AMBIGUOUS_MULTIPLE_SIREN,2,,,,,0,,,NO_PROFILE_EVIDENCE,no normalized profile or participation domain for alias name,NO_PROFILE_DATA,False
A00047,ville saintes,16;17;79;85,,AMBIGUOUS_MULTIPLE_SIREN,2,,,,,0,,,NO_PROFILE_EVIDENCE,no normalized profile or participation domain for alias name,NO_PROFILE_DATA,False
A00048,le mans metropole,72,247200132,AUTO_PROPAGATE_ELIGIBLE,539,sarthe-marchespublics.fr,sarthe-marchespublics.fr,sarthe-marchespublics.fr,AMBIGUOUS,2,2019-03-28,2019-03-28,AMBIGUOUS,domain specificity is mixed or ambiguous,HAS_PROFILE_DATA,True
A00049,departement de la vendee,85,228500013,AUTO_PROPAGATE_ELIGIBLE,340,marchespublics.vendee.fr,,marchespublics.vendee.fr,SHARED_INSTITUTIONAL,1,2020-12-02,2020-12-02,NEUTRAL_SHARED_PLATFORM,only generic or shared institutional domains observed,HAS_PROFILE_DATA,False
A00050,departement de la sarthe,72,227200029,AUTO_PROPAGATE_ELIGIBLE,332,sarthe-marchespublics.fr,,sarthe-marchespublics.fr,AMBIGUOUS,2,2019-02-10,2020-12-20,AMBIGUOUS,domain specificity is mixed or ambiguous,HAS_PROFILE_DATA,True
A00051,vendee eau 85,85,258500222,AUTO_PROPAGATE_ELIGIBLE,263,,,,,0,,,NO_PROFILE_EVIDENCE,no normalized profile or participation domain for alias name,NO_PROFILE_DATA,False
A00052,conseil departemental loire atlantique,44,224400028,AUTO_PROPAGATE_ELIGIBLE,257,,,,,0,,,NO_PROFILE_EVIDENCE,no normalized profile or participation domain for alias name,NO_PROFILE_DATA,False
A00053,conseil departemental de la mayenne,53,225300011,AUTO_PROPAGATE_ELIGIBLE,256,agysoft.marches-publics.fr;agysoft.marches-publics.info;amayenne.marcoweb.fr;lamayenne.fr;lamayenne.marco-web.fr;lamayenne.marcoweb.fr,lamayenne.marco-web.fr,agysoft.marches-publics.fr;agysoft.marches-publics.info;amayenne.marcoweb.fr;lamayenne.fr;lamayenne.marco-web.fr;lamayenne.marcoweb.fr,BUYER_SPECIFIC;GENERIC_PLATFORM;HIGHLY_CONCENTRATED;SHARED_INSTITUTIONAL,8,2015-11-24,2019-06-11,STRONG_SUPPORT,alias has buyer-specific or highly concentrated profile-domain evidence,HAS_PROFILE_DATA,False
A00054,ville du mans,72,217201813,AUTO_PROPAGATE_ELIGIBLE,224,sarthe-marchespublics.fr;ww.sarthe-marchespublics.fr,,sarthe-marchespublics.fr;ww.sarthe-marchespublics.fr,AMBIGUOUS;BUYER_SPECIFIC,2,2016-01-27,2020-07-22,STRONG_SUPPORT,alias has buyer-specific or highly concentrated profile-domain evidence,HAS_PROFILE_DATA,False
A00055,angers loire metropole 49,49,244900015,AUTO_PROPAGATE_ELIGIBLE,216,,,,,0,,,NO_PROFILE_EVIDENCE,no normalized profile or participation domain for alias name,NO_PROFILE_DATA,False
A00056,saint-nazaire agglomeration - la carene,44,244400644,AUTO_PROPAGATE_ELIGIBLE,195,,,,,0,,,NO_PROFILE_EVIDENCE,no normalized profile or participation domain for alias name,NO_PROFILE_DATA,False
A00057,region des pays de la loire,44;49;53;72;85,234400034,AUTO_PROPAGATE_ELIGIBLE,185,,,,,0,,,NO_PROFILE_EVIDENCE,no normalized profile or participation domain for alias name,NO_PROFILE_DATA,False
A00058,centre hospitalier de laval 53,53,265300236,AUTO_PROPAGATE_ELIGIBLE,152,marches-securises.fr,,marches-securises.fr,GENERIC_PLATFORM,1,2020-11-11,2020-11-11,NEUTRAL_SHARED_PLATFORM,only generic or shared institutional domains observed,HAS_PROFILE_DATA,False
A00059,chu de nantes,44,264400136,AUTO_PROPAGATE_ELIGIBLE,137,achats-hopitaux.com;marches-publics.fr;marches-publics.gouv.fr,,achats-hopitaux.com;marches-publics.fr;marches-publics.gouv.fr,AMBIGUOUS;GENERIC_PLATFORM,4,2016-12-25,2020-12-23,AMBIGUOUS,domain specificity is mixed or ambiguous,HAS_PROFILE_DATA,True
A00060,semitan,44,314684960,AUTO_PROPAGATE_ELIGIBLE,134,marchespublics.semitan.fr;semitan.tan.fr;tan-marches.com,tan-marches.com,marchespublics.semitan.fr;semitan.tan.fr;tan-marches.com,HIGHLY_CONCENTRATED;SHARED_INSTITUTIONAL,5,2016-05-16,2020-10-16,STRONG_SUPPORT,alias has buyer-specific or highly concentrated profile-domain evidence,HAS_PROFILE_DATA,False
A00061,departement de maine-et-loire,49,224900019,AUTO_PROPAGATE_ELIGIBLE,125,anjoumarchespublics.fr,,anjoumarchespublics.fr,GENERIC_PLATFORM,2,2017-09-25,2020-12-23,NEUTRAL_SHARED_PLATFORM,only generic or shared institutional domains observed,HAS_PROFILE_DATA,False
A00062,ville d angers 49,49,214900078,AUTO_PROPAGATE_ELIGIBLE,124,,,,,0,,,NO_PROFILE_EVIDENCE,no normalized profile or participation domain for alias name,NO_PROFILE_DATA,False
A00063,universite d angers,49,194909701,AUTO_PROPAGATE_ELIGIBLE,119,marches-publics.gouv.fr,,marches-publics.gouv.fr,GENERIC_PLATFORM,2,2019-12-15,2020-12-11,NEUTRAL_SHARED_PLATFORM,only generic or shared institutional domains observed,HAS_PROFILE_DATA,False
A00064,mairie de reze,44,214401432,AUTO_PROPAGATE_ELIGIBLE,116,,,,,0,,,NO_PROFILE_EVIDENCE,no normalized profile or participation domain for alias name,NO_PROFILE_DATA,False
A00065,trivalis 85,85,258502962,AUTO_PROPAGATE_ELIGIBLE,111,,,,,0,,,NO_PROFILE_EVIDENCE,no normalized profile or participation domain for alias name,NO_PROFILE_DATA,False
A00066,cte de cnes du pays d ancenis,44,244400552,AUTO_PROPAGATE_ELIGIBLE,105,pays-ancenis.com;pays-ancenis.e-marchespublics.com,,pays-ancenis.com;pays-ancenis.e-marchespublics.com,GENERIC_PLATFORM;HIGHLY_CONCENTRATED,3,2019-03-20,2020-08-21,STRONG_SUPPORT,alias has buyer-specific or highly concentrated profile-domain evidence,HAS_PROFILE_DATA,False
A00067,nantes universite,44,130029747,AUTO_PROPAGATE_ELIGIBLE,95,,,,,0,,,NO_PROFILE_EVIDENCE,no normalized profile or participation domain for alias name,NO_PROFILE_DATA,False
A00068,chu angers,49,264900036,AUTO_PROPAGATE_ELIGIBLE,94,,,,,0,,,NO_PROFILE_EVIDENCE,no normalized profile or participation domain for alias name,NO_PROFILE_DATA,False
A00069,mauges communaute,49,200060010,AUTO_PROPAGATE_ELIGIBLE,94,ecrivainpublic.doubletrade.net;maugescommunaute.e-marchespublics.com;maugescommunaute.fr;synapse-ouest.com,maugescommunaute.e-marchespublics.com,ecrivainpublic.doubletrade.net;maugescommunaute.e-marchespublics.com;maugescommunaute.fr;synapse-ouest.com,BUYER_SPECIFIC;GENERIC_PLATFORM;SHARED_INSTITUTIONAL,6,2016-06-23,2020-12-23,STRONG_SUPPORT,alias has buyer-specific or highly concentrated profile-domain evidence,HAS_PROFILE_DATA,False
A00070,communaute d agglomeration saumur val de loire 49,49,200071876,AUTO_PROPAGATE_ELIGIBLE,78,,,,,0,,,NO_PROFILE_EVIDENCE,no normalized profile or participation domain for alias name,NO_PROFILE_DATA,False
A00071,chu nantes,44,264400136,AUTO_PROPAGATE_ELIGIBLE,77,marches-publics.gouv.fr,,marches-publics.gouv.fr,GENERIC_PLATFORM,1,2020-11-15,2020-11-15,NEUTRAL_SHARED_PLATFORM,only generic or shared institutional domains observed,HAS_PROFILE_DATA,False
A00072,spl sonadev territoires publics,44,797548989,AUTO_PROPAGATE_ELIGIBLE,74,,,,,0,,,NO_PROFILE_EVIDENCE,no normalized profile or participation domain for alias name,NO_PROFILE_DATA,False
A00073,communaute de communes baugeois vallee,49,244900882,AUTO_PROPAGATE_ELIGIBLE,72,achatpublic.com;synapse-ouest.com,,achatpublic.com;synapse-ouest.com,GENERIC_PLATFORM,2,2017-06-22,2019-10-19,NEUTRAL_SHARED_PLATFORM,only generic or shared institutional domains observed,HAS_PROFILE_DATA,False
A00074,communaute de communes du pays sabolien,72,247200090,AUTO_PROPAGATE_ELIGIBLE,71,,,,,0,,,NO_PROFILE_EVIDENCE,no normalized profile or participation domain for alias name,NO_PROFILE_DATA,False
A00075,territoire d energie loire-atlantique,44,200014926,AUTO_PROPAGATE_ELIGIBLE,71,,,,,0,,,NO_PROFILE_EVIDENCE,no normalized profile or participation domain for alias name,NO_PROFILE_DATA,False
A00076,cap atlantique,44,244400610,AUTO_PROPAGATE_ELIGIBLE,69,achatpublic.com;agysoft.marches-publics.info;cap-atlantique.achatpublic.com,agysoft.marches-publics.info,achatpublic.com;agysoft.marches-publics.info;cap-atlantique.achatpublic.com,GENERIC_PLATFORM,5,2016-03-30,2020-06-10,NEUTRAL_SHARED_PLATFORM,only generic or shared institutional domains observed,HAS_PROFILE_DATA,False
A00077,meldomys,49,274900034,AUTO_PROPAGATE_ELIGIBLE,69,,,,,0,,,NO_PROFILE_EVIDENCE,no normalized profile or participation domain for alias name,NO_PROFILE_DATA,False
A00078,ville d orvault,44,214401143,AUTO_PROPAGATE_ELIGIBLE,63,mairie-orvault.e-marchespublics.com,,mairie-orvault.e-marchespublics.com,GENERIC_PLATFORM,1,2019-11-07,2019-11-07,NEUTRAL_SHARED_PLATFORM,only generic or shared institutional domains observed,HAS_PROFILE_DATA,False
A00079,communaute urbaine d alencon,61;72,246100663,AUTO_PROPAGATE_ELIGIBLE,61,agysoft.marches-publics.info;marches.local-trust.com;marches.local-tust.com,,agysoft.marches-publics.info;marches.local-trust.com;marches.local-tust.com,GENERIC_PLATFORM;SHARED_INSTITUTIONAL,3,2018-12-20,2020-11-16,NEUTRAL_SHARED_PLATFORM,only generic or shared institutional domains observed,HAS_PROFILE_DATA,False
A00080,les sables d olonne agglomeration,85,200071165,AUTO_PROPAGATE_ELIGIBLE,61,,,,,0,,,NO_PROFILE_EVIDENCE,no normalized profile or participation domain for alias name,NO_PROFILE_DATA,False
A00081,communaute de communes ocean marais de monts 85,85,248500258,AUTO_PROPAGATE_ELIGIBLE,60,,,,,0,,,NO_PROFILE_EVIDENCE,no normalized profile or participation domain for alias name,NO_PROFILE_DATA,False
A00082,communaute de communes du sud estuaire,44,244400586,AUTO_PROPAGATE_ELIGIBLE,59,achatpublic.com,,achatpublic.com,GENERIC_PLATFORM,1,2018-10-14,2018-10-14,NEUTRAL_SHARED_PLATFORM,only generic or shared institutional domains observed,HAS_PROFILE_DATA,False
A00083,clisson sevre et maine agglo,44,200067635,AUTO_PROPAGATE_ELIGIBLE,57,marches-securises.fr,marches-securises.fr,marches-securises.fr,GENERIC_PLATFORM,2,2019-01-20,2019-01-20,NEUTRAL_SHARED_PLATFORM,only generic or shared institutional domains observed,HAS_PROFILE_DATA,False
A00084,centre hospitalier du mans,72,267200160,AUTO_PROPAGATE_ELIGIBLE,52,,,,,0,,,NO_PROFILE_EVIDENCE,no normalized profile or participation domain for alias name,NO_PROFILE_DATA,False
A00085,ecole centrale de nantes,44,194401006,AUTO_PROPAGATE_ELIGIBLE,52,marches-public.gouv.fr;marches-publics.gouv.fr,,marches-public.gouv.fr;marches-publics.gouv.fr,GENERIC_PLATFORM,3,2016-09-23,2020-12-24,NEUTRAL_SHARED_PLATFORM,only generic or shared institutional domains observed,HAS_PROFILE_DATA,False
A00086,grand lieu communaute 44,44,244400438,AUTO_PROPAGATE_ELIGIBLE,50,,,,,0,,,NO_PROFILE_EVIDENCE,no normalized profile or participation domain for alias name,NO_PROFILE_DATA,False
A00087,ville des sables d olonne,85,200082139,AUTO_PROPAGATE_ELIGIBLE,50,marches-securises.fr,marches-securises.fr,marches-securises.fr,GENERIC_PLATFORM,2,2018-09-30,2018-09-30,NEUTRAL_SHARED_PLATFORM,only generic or shared institutional domains observed,HAS_PROFILE_DATA,False
A00088,cenovia cites,72,834692402,AUTO_PROPAGATE_ELIGIBLE,49,marches-publics.info,,marches-publics.info,GENERIC_PLATFORM,1,2020-06-21,2020-06-21,NEUTRAL_SHARED_PLATFORM,only generic or shared institutional domains observed,HAS_PROFILE_DATA,False
A00089,ville de carquefou,44,214400269,AUTO_PROPAGATE_ELIGIBLE,49,e-marchespublics.com;mairie-carquefou.e-marchespublics.com,,e-marchespublics.com;mairie-carquefou.e-marchespublics.com,GENERIC_PLATFORM,2,2018-09-19,2020-07-09,NEUTRAL_SHARED_PLATFORM,only generic or shared institutional domains observed,HAS_PROFILE_DATA,False
A00090,ville d alencon,61;72,216100016,AUTO_PROPAGATE_ELIGIBLE,47,agysoft.marches-publics.info;marches-publics.cu-alencon.fr;marches.local-trust.com;marches.local-tust.com,agysoft.marches-publics.info,agysoft.marches-publics.info;marches-publics.cu-alencon.fr;marches.local-trust.com;marches.local-tust.com,BUYER_SPECIFIC;GENERIC_PLATFORM;SHARED_INSTITUTIONAL,5,2018-09-04,2020-06-27,STRONG_SUPPORT,alias has buyer-specific or highly concentrated profile-domain evidence,HAS_PROFILE_DATA,False
A00091,cmar pays de loire,44,130020688,AUTO_PROPAGATE_ELIGIBLE,46,,,,,0,,,NO_PROFILE_EVIDENCE,no normalized profile or participation domain for alias name,NO_PROFILE_DATA,False
A00092,cte de cnes du pays d ancenis,44;49,244400552,AUTO_PROPAGATE_ELIGIBLE,46,pays-ancenis.com;pays-ancenis.e-marchespublics.com,,pays-ancenis.com;pays-ancenis.e-marchespublics.com,GENERIC_PLATFORM;HIGHLY_CONCENTRATED,3,2019-03-20,2020-08-21,STRONG_SUPPORT,alias has buyer-specific or highly concentrated profile-domain evidence,HAS_PROFILE_DATA,False
A00093,podeliha,49,057201139,AUTO_PROPAGATE_ELIGIBLE,46,,,,,0,,,NO_PROFILE_EVIDENCE,no normalized profile or participation domain for alias name,NO_PROFILE_DATA,False
A00094,redon agglomeration,35;44;56,243500741,AUTO_PROPAGATE_ELIGIBLE,46,,,,,0,,,NO_PROFILE_EVIDENCE,no normalized profile or participation domain for alias name,NO_PROFILE_DATA,False
A00095,departement des cotes d armor,22;29;35;44;56,222200016,AUTO_PROPAGATE_ELIGIBLE,45,cotesdarmor.fr;e-megalisbretagne.org;marche.megalisbretagne.org;marches.e-megalisbretagne.org;marches.megalisbretagne.org;megalisbretagne.org,cotesdarmor.fr;e-megalisbretagne.org;marches.e-megalisbretagne.org,cotesdarmor.fr;e-megalisbretagne.org;marche.megalisbretagne.org;marches.e-megalisbretagne.org;marches.megalisbretagne.org;megalisbretagne.org,GENERIC_PLATFORM;SHARED_INSTITUTIONAL,13,2017-06-24,2020-11-20,NEUTRAL_SHARED_PLATFORM,only generic or shared institutional domains observed,HAS_PROFILE_DATA,False
A00096,pays de saint gilles croix de vie agglomeration 85,85,200023778,AUTO_PROPAGATE_ELIGIBLE,45,,,,,0,,,NO_PROFILE_EVIDENCE,no normalized profile or participation domain for alias name,NO_PROFILE_DATA,False
A00097,sdis de la sarthe,72,287200265,AUTO_PROPAGATE_ELIGIBLE,45,marches-publics.info,,marches-publics.info,GENERIC_PLATFORM,1,2020-01-23,2020-01-23,NEUTRAL_SHARED_PLATFORM,only generic or shared institutional domains observed,HAS_PROFILE_DATA,False
A00098,cholet agglomeration,44;49;85,200071678,AUTO_PROPAGATE_ELIGIBLE,44,,,,,0,,,NO_PROFILE_EVIDENCE,no normalized profile or participation domain for alias name,NO_PROFILE_DATA,False
A00099,communaute de communes sud vendee littoral,85,200073260,AUTO_PROPAGATE_ELIGIBLE,44,,,,,0,,,NO_PROFILE_EVIDENCE,no normalized profile or participation domain for alias name,NO_PROFILE_DATA,False
A00100,mairie de st herblain,44,214401622,AUTO_PROPAGATE_ELIGIBLE,44,,,,,0,,,NO_PROFILE_EVIDENCE,no normalized profile or participation domain for alias name,NO_PROFILE_DATA,False
A00101,ca pornic agglo pays de retz,44,200067346,AUTO_PROPAGATE_ELIGIBLE,43,eu.eu-supply.com;synapse-ouest.com,synapse-ouest.com,eu.eu-supply.com;synapse-ouest.com,GENERIC_PLATFORM,3,2019-01-12,2020-12-02,NEUTRAL_SHARED_PLATFORM,only generic or shared institutional domains observed,HAS_PROFILE_DATA,False
A00102,maine-et-loire habitat,49,274900034,AUTO_PROPAGATE_ELIGIBLE,43,,,,,0,,,NO_PROFILE_EVIDENCE,no normalized profile or participation domain for alias name,NO_PROFILE_DATA,False
A00103,chambre d agriculture de region pays de la loire,49,130031487,AUTO_PROPAGATE_ELIGIBLE,42,,,,,0,,,NO_PROFILE_EVIDENCE,no normalized profile or participation domain for alias name,NO_PROFILE_DATA,False
A00104,chd vendee,85,268502424,AUTO_PROPAGATE_ELIGIBLE,42,marches-publics.gouv.fr;marches.publics.gouv.fr,marches-publics.gouv.fr,marches-publics.gouv.fr;marches.publics.gouv.fr,GENERIC_PLATFORM,5,2019-06-09,2020-11-15,NEUTRAL_SHARED_PLATFORM,only generic or shared institutional domains observed,HAS_PROFILE_DATA,False
A00105,region pays de la loire,44;49;53;72;85,234400034,AUTO_PROPAGATE_ELIGIBLE,42,,,,,0,,,NO_PROFILE_EVIDENCE,no normalized profile or participation domain for alias name,NO_PROFILE_DATA,False
A00106,region des pays de la loire,44;49;53;72,234400034,AUTO_PROPAGATE_ELIGIBLE,41,,,,,0,,,NO_PROFILE_EVIDENCE,no normalized profile or participation domain for alias name,NO_PROFILE_DATA,False
A00107,audencia eesc,44,834748865,AUTO_PROPAGATE_ELIGIBLE,40,,,,,0,,,NO_PROFILE_EVIDENCE,no normalized profile or participation domain for alias name,NO_PROFILE_DATA,False
A00108,communaute de communes du pays flechois,72,247200348,AUTO_PROPAGATE_ELIGIBLE,40,,,,,0,,,NO_PROFILE_EVIDENCE,no normalized profile or participation domain for alias name,NO_PROFILE_DATA,False
A00109,communaute de communes vendee grand littoral 85,85,200071900,AUTO_PROPAGATE_ELIGIBLE,40,,,,,0,,,NO_PROFILE_EVIDENCE,no normalized profile or participation domain for alias name,NO_PROFILE_DATA,False
A00110,ville de saint gilles croix de vie 85,85,218502227,AUTO_PROPAGATE_ELIGIBLE,40,,,,,0,,,NO_PROFILE_EVIDENCE,no normalized profile or participation domain for alias name,NO_PROFILE_DATA,False
A00111,cc estuaire et sillon,44,200072734,AUTO_PROPAGATE_ELIGIBLE,39,,,,,0,,,NO_PROFILE_EVIDENCE,no normalized profile or participation domain for alias name,NO_PROFILE_DATA,False
A00112,cholet agglomeration,44;49;79;85,200071678,AUTO_PROPAGATE_ELIGIBLE,39,,,,,0,,,NO_PROFILE_EVIDENCE,no normalized profile or participation domain for alias name,NO_PROFILE_DATA,False
A00113,ville de vertou,44,214402158,AUTO_PROPAGATE_ELIGIBLE,38,vertou.e-marchespublics.com,,vertou.e-marchespublics.com,GENERIC_PLATFORM,2,2017-11-07,2018-05-23,NEUTRAL_SHARED_PLATFORM,only generic or shared institutional domains observed,HAS_PROFILE_DATA,False
A00114,syndicat departemental d energie et d equipement de la vendee 85,85,200042489,AUTO_PROPAGATE_ELIGIBLE,36,,,,,0,,,NO_PROFILE_EVIDENCE,no normalized profile or participation domain for alias name,NO_PROFILE_DATA,False
A00115,terres de montaigu communaute d agglomeration 85,85,200070233,AUTO_PROPAGATE_ELIGIBLE,36,,,,,0,,,NO_PROFILE_EVIDENCE,no normalized profile or participation domain for alias name,NO_PROFILE_DATA,False
A00116,sdis 85,85,288500010,AUTO_PROPAGATE_ELIGIBLE,35,sdis85.e-marchespublics.com,,sdis85.e-marchespublics.com,GENERIC_PLATFORM,1,2019-12-25,2019-12-25,NEUTRAL_SHARED_PLATFORM,only generic or shared institutional domains observed,HAS_PROFILE_DATA,False
A00117,ville de la baule escoublac,44,214400558,AUTO_PROPAGATE_ELIGIBLE,35,,,,,0,,,NO_PROFILE_EVIDENCE,no normalized profile or participation domain for alias name,NO_PROFILE_DATA,False
A00118,ville de saint sebastien sur loire,44,214401903,AUTO_PROPAGATE_ELIGIBLE,35,saintsebastien.e-marchespublics.com,,saintsebastien.e-marchespublics.com,GENERIC_PLATFORM,1,2020-01-11,2020-01-11,NEUTRAL_SHARED_PLATFORM,only generic or shared institutional domains observed,HAS_PROFILE_DATA,False
A00119,ch le mans,72,267200160,AUTO_PROPAGATE_ELIGIBLE,34,achatpublic.com;achatpublics.com;achats-hopitaux.com;marches-publics.gouv;marches-publics.gouv.fr,marches-publics.gouv.fr,achatpublic.com;achatpublics.com;achats-hopitaux.com;marches-publics.gouv;marches-publics.gouv.fr,GENERIC_PLATFORM;SHARED_INSTITUTIONAL,6,2015-12-02,2020-09-23,NEUTRAL_SHARED_PLATFORM,only generic or shared institutional domains observed,HAS_PROFILE_DATA,False
A00120,spl destination les sables d olonne 85,85,824359244,AUTO_PROPAGATE_ELIGIBLE,34,,,,,0,,,NO_PROFILE_EVIDENCE,no normalized profile or participation domain for alias name,NO_PROFILE_DATA,False
A00121,spl le mans evenements,72,412238065,AUTO_PROPAGATE_ELIGIBLE,34,,,,,0,,,NO_PROFILE_EVIDENCE,no normalized profile or participation domain for alias name,NO_PROFILE_DATA,False
A00122,ville de saumur 49,49,214903288,AUTO_PROPAGATE_ELIGIBLE,34,,,,,0,,,NO_PROFILE_EVIDENCE,no normalized profile or participation domain for alias name,NO_PROFILE_DATA,False
A00123,grand port maritime de nantes saint-nazaire,44,775604853,AUTO_PROPAGATE_ELIGIBLE,33,,,,,0,,,NO_PROFILE_EVIDENCE,no normalized profile or participation domain for alias name,NO_PROFILE_DATA,False
A00124,chu d angers,49,264900036,AUTO_PROPAGATE_ELIGIBLE,32,achatpublic.com;achats-hopitaux.com,,achatpublic.com;achats-hopitaux.com,GENERIC_PLATFORM,2,2015-10-01,2017-04-07,NEUTRAL_SHARED_PLATFORM,only generic or shared institutional domains observed,HAS_PROFILE_DATA,False
A00125,mairie de cordemais,44,214400459,AUTO_PROPAGATE_ELIGIBLE,32,cordemais.e-marchespublics.com;cordemais.fr;e-marchespublics.com,,cordemais.e-marchespublics.com;cordemais.fr;e-marchespublics.com,BUYER_SPECIFIC;GENERIC_PLATFORM,3,2017-10-26,2019-09-19,STRONG_SUPPORT,alias has buyer-specific or highly concentrated profile-domain evidence,HAS_PROFILE_DATA,False
A00126,societe publique regionale abbaye de fontevraud,49,529260903,AUTO_PROPAGATE_ELIGIBLE,32,,,,,0,,,NO_PROFILE_EVIDENCE,no normalized profile or participation domain for alias name,NO_PROFILE_DATA,False
A00127,grand lieu communaute,44,244400438,AUTO_PROPAGATE_ELIGIBLE,31,,,,,0,,,NO_PROFILE_EVIDENCE,no normalized profile or participation domain for alias name,NO_PROFILE_DATA,False
A00128,ville de la roche sur yon 85,85,218501914,AUTO_PROPAGATE_ELIGIBLE,31,,,,,0,,,NO_PROFILE_EVIDENCE,no normalized profile or participation domain for alias name,NO_PROFILE_DATA,False
A00129,ville de talmont - saint hilaire 85,85,218502888,AUTO_PROPAGATE_ELIGIBLE,31,,,,,0,,,NO_PROFILE_EVIDENCE,no normalized profile or participation domain for alias name,NO_PROFILE_DATA,False
A00130,communaute de communes pays de fontenay-vendee,85,200071934,AUTO_PROPAGATE_ELIGIBLE,30,,,,,0,,,NO_PROFILE_EVIDENCE,no normalized profile or participation domain for alias name,NO_PROFILE_DATA,False
A00131,sdis44,44,284400017,AUTO_PROPAGATE_ELIGIBLE,30,,,,,0,,,NO_PROFILE_EVIDENCE,no normalized profile or participation domain for alias name,NO_PROFILE_DATA,False
A00132,communaute de communes des coevrons 53,53,200033298,AUTO_PROPAGATE_ELIGIBLE,29,,,,,0,,,NO_PROFILE_EVIDENCE,no normalized profile or participation domain for alias name,NO_PROFILE_DATA,False
A00133,commune d allonnes,72,217200039,AUTO_PROPAGATE_ELIGIBLE,29,,,,,0,,,NO_PROFILE_EVIDENCE,no normalized profile or participation domain for alias name,NO_PROFILE_DATA,False
A00134,commune de coulaines,72,217200955,AUTO_PROPAGATE_ELIGIBLE,29,,,,,0,,,NO_PROFILE_EVIDENCE,no normalized profile or participation domain for alias name,NO_PROFILE_DATA,False
A00135,ville de saint herblain,44,214401622,AUTO_PROPAGATE_ELIGIBLE,29,,,,,0,,,NO_PROFILE_EVIDENCE,no normalized profile or participation domain for alias name,NO_PROFILE_DATA,False
A00136,commune de cesson-sevigne,22;29;35;53;56,213500515,AUTO_PROPAGATE_ELIGIBLE,28,,,,,0,,,NO_PROFILE_EVIDENCE,no normalized profile or participation domain for alias name,NO_PROFILE_DATA,False
A00137,commune du croisic,44,214400491,AUTO_PROPAGATE_ELIGIBLE,28,agysoft.marches-publics.info,,agysoft.marches-publics.info,GENERIC_PLATFORM,1,2020-01-23,2020-01-23,NEUTRAL_SHARED_PLATFORM,only generic or shared institutional domains observed,HAS_PROFILE_DATA,False
A00138,mairie de l ile d yeu,85,218501138,AUTO_PROPAGATE_ELIGIBLE,28,,,,,0,,,NO_PROFILE_EVIDENCE,no normalized profile or participation domain for alias name,NO_PROFILE_DATA,False
A00139,cc pleyben-chateaulin-porzay,22;29;35;44;56,200067247,AUTO_PROPAGATE_ELIGIBLE,27,,,,,0,,,NO_PROFILE_EVIDENCE,no normalized profile or participation domain for alias name,NO_PROFILE_DATA,False
A00140,communaute d agglomeration du niortais,16;17;44;79;85;86,200041317,AUTO_PROPAGATE_ELIGIBLE,27,achatpublic.com;agglo-niort.fr,,achatpublic.com;agglo-niort.fr,BUYER_SPECIFIC;GENERIC_PLATFORM,2,2015-10-19,2020-11-28,STRONG_SUPPORT,alias has buyer-specific or highly concentrated profile-domain evidence,HAS_PROFILE_DATA,False
A00141,loire-atlantique developpement - spl,44,793866443,AUTO_PROPAGATE_ELIGIBLE,27,,,,,0,,,NO_PROFILE_EVIDENCE,no normalized profile or participation domain for alias name,NO_PROFILE_DATA,False
A00142,la roche sur yon agglomeration 85,85,248500589,AUTO_PROPAGATE_ELIGIBLE,26,,,,,0,,,NO_PROFILE_EVIDENCE,no normalized profile or participation domain for alias name,NO_PROFILE_DATA,False
A00143,syndicat d eau de l anjou 49,49,200077402,AUTO_PROPAGATE_ELIGIBLE,26,,,,,0,,,NO_PROFILE_EVIDENCE,no normalized profile or participation domain for alias name,NO_PROFILE_DATA,False
A00144,angers loire restauration,49,840975379,AUTO_PROPAGATE_ELIGIBLE,25,,,,,0,,,NO_PROFILE_EVIDENCE,no normalized profile or participation domain for alias name,NO_PROFILE_DATA,False
A00145,centre hospitalier du mans - ets support du ght 72,72,267200160,AUTO_PROPAGATE_ELIGIBLE,25,,,,,0,,,NO_PROFILE_EVIDENCE,no normalized profile or participation domain for alias name,NO_PROFILE_DATA,False
A00146,communaute de communes chateaubriant derval 44,44,200072726,AUTO_PROPAGATE_ELIGIBLE,25,,,,,0,,,NO_PROFILE_EVIDENCE,no normalized profile or participation domain for alias name,NO_PROFILE_DATA,False
A00147,commune de sable-sur-sarthe,72,217202647,AUTO_PROPAGATE_ELIGIBLE,25,,,,,0,,,NO_PROFILE_EVIDENCE,no normalized profile or participation domain for alias name,NO_PROFILE_DATA,False
A00148,departement du maine et loire,49,224900019,AUTO_PROPAGATE_ELIGIBLE,25,,,,,0,,,NO_PROFILE_EVIDENCE,no normalized profile or participation domain for alias name,NO_PROFILE_DATA,False
A00149,mairie de thouare-sur-loire,44,214402042,AUTO_PROPAGATE_ELIGIBLE,25,,,,,0,,,NO_PROFILE_EVIDENCE,no normalized profile or participation domain for alias name,NO_PROFILE_DATA,False
A00150,ville de la roche-sur-yon 85,85,218501914,AUTO_PROPAGATE_ELIGIBLE,25,,,,,0,,,NO_PROFILE_EVIDENCE,no normalized profile or participation domain for alias name,NO_PROFILE_DATA,False
A00151,cnfpt - delegation pays de la loire,49,180014045,AUTO_PROPAGATE_ELIGIBLE,24,,,,,0,,,NO_PROFILE_EVIDENCE,no normalized profile or participation domain for alias name,NO_PROFILE_DATA,False
A00152,epf de la vendee 123 boulevard louis blanc 85000 la roche sur yon,85,524110921,AUTO_PROPAGATE_ELIGIBLE,24,,,,,0,,,NO_PROFILE_EVIDENCE,no normalized profile or participation domain for alias name,NO_PROFILE_DATA,False
A00153,mairie de pornichet,44,214401325,AUTO_PROPAGATE_ELIGIBLE,24,,,,,0,,,NO_PROFILE_EVIDENCE,no normalized profile or participation domain for alias name,NO_PROFILE_DATA,False
A00154,ville de guerande,44,214400699,AUTO_PROPAGATE_ELIGIBLE,24,ville-guerande-marches.com,ville-guerande-marches.com,ville-guerande-marches.com,SHARED_INSTITUTIONAL,2,2018-06-20,2018-06-20,NEUTRAL_SHARED_PLATFORM,only generic or shared institutional domains observed,HAS_PROFILE_DATA,False
A00155,atlantic eau,44,254401094,AUTO_PROPAGATE_ELIGIBLE,23,atlanticeau.e-marchespublics.com,,atlanticeau.e-marchespublics.com,GENERIC_PLATFORM,1,2020-10-20,2020-10-20,NEUTRAL_SHARED_PLATFORM,only generic or shared institutional domains observed,HAS_PROFILE_DATA,False
A00156,batiment cfa normandie,14;27;50;72;76,778116087,AUTO_PROPAGATE_ELIGIBLE,23,e-marchespublics.com,e-marchespublics.com,e-marchespublics.com,GENERIC_PLATFORM,2,2020-10-24,2020-10-24,NEUTRAL_SHARED_PLATFORM,only generic or shared institutional domains observed,HAS_PROFILE_DATA,False
A00157,creps des pays de la loire,44,194423125,AUTO_PROPAGATE_ELIGIBLE,23,e-marchespublics.com,,e-marchespublics.com,GENERIC_PLATFORM,1,2015-12-16,2015-12-16,NEUTRAL_SHARED_PLATFORM,only generic or shared institutional domains observed,HAS_PROFILE_DATA,False
A00158,sud retz atlantique 44,44,200071546,AUTO_PROPAGATE_ELIGIBLE,23,,,,,0,,,NO_PROFILE_EVIDENCE,no normalized profile or participation domain for alias name,NO_PROFILE_DATA,False
A00159,ville du pouliguen,44,214401358,AUTO_PROPAGATE_ELIGIBLE,23,,,,,0,,,NO_PROFILE_EVIDENCE,no normalized profile or participation domain for alias name,NO_PROFILE_DATA,False
A00160,gie sesam vitale,72,391722881,AUTO_PROPAGATE_ELIGIBLE,22,meoss.achatpublic.com;meoss.fr,achatpublic.com;meoss.achatpublic.com,achatpublic.com;meoss.achatpublic.com;meoss.fr,GENERIC_PLATFORM;SHARED_INSTITUTIONAL,6,2019-07-12,2020-04-11,NEUTRAL_SHARED_PLATFORM,only generic or shared institutional domains observed,HAS_PROFILE_DATA,False
A00161,ville d angers loire metropole 49,49,244900015,AUTO_PROPAGATE_ELIGIBLE,22,,,,,0,,,NO_PROFILE_EVIDENCE,no normalized profile or participation domain for alias name,NO_PROFILE_DATA,False
A00162,ville de chemille en anjou 49,49,200053593,AUTO_PROPAGATE_ELIGIBLE,22,,,,,0,,,NO_PROFILE_EVIDENCE,no normalized profile or participation domain for alias name,NO_PROFILE_DATA,False
A00163,centre communal d action sociale de la ville du mans,72,267200517,AUTO_PROPAGATE_ELIGIBLE,21,,,,,0,,,NO_PROFILE_EVIDENCE,no normalized profile or participation domain for alias name,NO_PROFILE_DATA,False
A00164,centre hospitalier du mans etablissement support du ght 72,72,267200160,AUTO_PROPAGATE_ELIGIBLE,21,,,,,0,,,NO_PROFILE_EVIDENCE,no normalized profile or participation domain for alias name,NO_PROFILE_DATA,False
A00165,communaute de communes anjou loir et sarthe 49,49,200068955,AUTO_PROPAGATE_ELIGIBLE,21,,,,,0,,,NO_PROFILE_EVIDENCE,no normalized profile or participation domain for alias name,NO_PROFILE_DATA,False
A00166,communaute de communes pays de fontenay vendee 85,85,200071934,AUTO_PROPAGATE_ELIGIBLE,21,,,,,0,,,NO_PROFILE_EVIDENCE,no normalized profile or participation domain for alias name,NO_PROFILE_DATA,False
A00167,commune d avrille,49,214900151,AUTO_PROPAGATE_ELIGIBLE,21,,,,,0,,,NO_PROFILE_EVIDENCE,no normalized profile or participation domain for alias name,NO_PROFILE_DATA,False
A00168,commune de saint brevin les pins,44,214401549,AUTO_PROPAGATE_ELIGIBLE,21,,,,,0,,,NO_PROFILE_EVIDENCE,no normalized profile or participation domain for alias name,NO_PROFILE_DATA,False
A00169,le mans universite,53;72,197209166,AUTO_PROPAGATE_ELIGIBLE,21,,,,,0,,,NO_PROFILE_EVIDENCE,no normalized profile or participation domain for alias name,NO_PROFILE_DATA,False
A00170,mairie de ponts de ce,49,214902462,AUTO_PROPAGATE_ELIGIBLE,21,,,,,0,,,NO_PROFILE_EVIDENCE,no normalized profile or participation domain for alias name,NO_PROFILE_DATA,False
A00171,metropole,44,244400404,AUTO_PROPAGATE_ELIGIBLE,21,,,,,0,,,NO_PROFILE_EVIDENCE,no normalized profile or participation domain for alias name,NO_PROFILE_DATA,False
A00172,saem vendee - vendee globe,85,451518641,AUTO_PROPAGATE_ELIGIBLE,21,,,,,0,,,NO_PROFILE_EVIDENCE,no normalized profile or participation domain for alias name,NO_PROFILE_DATA,False
A00173,ville de clisson 3 grande rue de la trinite 44190 clisson,44,214400434,AUTO_PROPAGATE_ELIGIBLE,21,,,,,0,,,NO_PROFILE_EVIDENCE,no normalized profile or participation domain for alias name,NO_PROFILE_DATA,False
A00174,ville de quimperle,22;29;35;44;56,212902332,AUTO_PROPAGATE_ELIGIBLE,21,marches.megalisbretagne.org,,marches.megalisbretagne.org,GENERIC_PLATFORM,1,2019-12-11,2019-12-11,NEUTRAL_SHARED_PLATFORM,only generic or shared institutional domains observed,HAS_PROFILE_DATA,False
A00175,cc estuaire et sillon,35;44;49;56;85,200072734,AUTO_PROPAGATE_ELIGIBLE,20,,,,,0,,,NO_PROFILE_EVIDENCE,no normalized profile or participation domain for alias name,NO_PROFILE_DATA,False
A00176,commune de la tranche sur mer 85,85,218502946,AUTO_PROPAGATE_ELIGIBLE,20,,,,,0,,,NO_PROFILE_EVIDENCE,no normalized profile or participation domain for alias name,NO_PROFILE_DATA,False
A00177,commune de saint-calais,72,217202696,AUTO_PROPAGATE_ELIGIBLE,20,,,,,0,,,NO_PROFILE_EVIDENCE,no normalized profile or participation domain for alias name,NO_PROFILE_DATA,False
A00178,mairie de blain,44,214400152,AUTO_PROPAGATE_ELIGIBLE,20,ville-blain.e-marchespublics.com;ville-blain.fr,ville-blain.e-marchespublics.com,ville-blain.e-marchespublics.com;ville-blain.fr,BUYER_SPECIFIC;GENERIC_PLATFORM,3,2018-12-21,2019-04-01,STRONG_SUPPORT,alias has buyer-specific or highly concentrated profile-domain evidence,HAS_PROFILE_DATA,False
A00179,mayenne communaute,53,200055887,AUTO_PROPAGATE_ELIGIBLE,20,agysoft.marches-publics.info;klekoon.com,agysoft.marches-publics.info,agysoft.marches-publics.info;klekoon.com,GENERIC_PLATFORM,3,2019-01-10,2019-09-19,NEUTRAL_SHARED_PLATFORM,only generic or shared institutional domains observed,HAS_PROFILE_DATA,False
A00180,sem laval mayenne amenagements,53,555650308,AUTO_PROPAGATE_ELIGIBLE,20,,,,,0,,,NO_PROFILE_EVIDENCE,no normalized profile or participation domain for alias name,NO_PROFILE_DATA,False
A00181,spl laval mayenne amenagements,53,799245709,AUTO_PROPAGATE_ELIGIBLE,20,,,,,0,,,NO_PROFILE_EVIDENCE,no normalized profile or participation domain for alias name,NO_PROFILE_DATA,False
A00182,ville de cholet,44;49;79;85,214900995,AUTO_PROPAGATE_ELIGIBLE,20,anjoumarchespublics.fr,,anjoumarchespublics.fr,GENERIC_PLATFORM,1,2020-07-03,2020-07-03,NEUTRAL_SHARED_PLATFORM,only generic or shared institutional domains observed,HAS_PROFILE_DATA,False
A00183,ch du mans,72,267200160,AUTO_PROPAGATE_ELIGIBLE,19,,,,,0,,,NO_PROFILE_EVIDENCE,no normalized profile or participation domain for alias name,NO_PROFILE_DATA,False
A00184,commune de bouaye,44,214400186,AUTO_PROPAGATE_ELIGIBLE,19,,,,,0,,,NO_PROFILE_EVIDENCE,no normalized profile or participation domain for alias name,NO_PROFILE_DATA,False
A00185,commune de pornic,44,214401317,AUTO_PROPAGATE_ELIGIBLE,19,pornic.fr;synapse-ouest.com;synapse-ouest.fr;synpase-ouest.com,,pornic.fr;synapse-ouest.com;synapse-ouest.fr;synpase-ouest.com,BUYER_SPECIFIC;GENERIC_PLATFORM;HIGHLY_CONCENTRATED;SHARED_INSTITUTIONAL,4,2015-09-18,2020-10-14,STRONG_SUPPORT,alias has buyer-specific or highly concentrated profile-domain evidence,HAS_PROFILE_DATA,False
A00186,commune mauges sur loire,49,200054336,AUTO_PROPAGATE_ELIGIBLE,19,,,,,0,,,NO_PROFILE_EVIDENCE,no normalized profile or participation domain for alias name,NO_PROFILE_DATA,False
A00187,region des pays de la loire,44,234400034,AUTO_PROPAGATE_ELIGIBLE,19,,,,,0,,,NO_PROFILE_EVIDENCE,no normalized profile or participation domain for alias name,NO_PROFILE_DATA,False
A00188,saumur aggloproprete,49,794885913,AUTO_PROPAGATE_ELIGIBLE,19,agglopropre49.e-marchespublics.com,,agglopropre49.e-marchespublics.com,GENERIC_PLATFORM,1,2019-11-14,2019-11-14,NEUTRAL_SHARED_PLATFORM,only generic or shared institutional domains observed,HAS_PROFILE_DATA,False
A00189,ville de saint sebastien sur loire,44;49;85,214401903,AUTO_PROPAGATE_ELIGIBLE,19,saintsebastien.e-marchespublics.com,,saintsebastien.e-marchespublics.com,GENERIC_PLATFORM,1,2020-01-11,2020-01-11,NEUTRAL_SHARED_PLATFORM,only generic or shared institutional domains observed,HAS_PROFILE_DATA,False
A00190,communaute de communes du val de sarthe,72,247200629,AUTO_PROPAGATE_ELIGIBLE,18,,,,,0,,,NO_PROFILE_EVIDENCE,no normalized profile or participation domain for alias name,NO_PROFILE_DATA,False
A00191,communaute de communes loire layon aubance,49,200071553,AUTO_PROPAGATE_ELIGIBLE,18,,,,,0,,,NO_PROFILE_EVIDENCE,no normalized profile or participation domain for alias name,NO_PROFILE_DATA,False
A00192,la cite des congres de nantes,44,381053768,AUTO_PROPAGATE_ELIGIBLE,18,lacite-nantes.e-marchespublics.com;lacite-nantes.fr,,lacite-nantes.e-marchespublics.com;lacite-nantes.fr,BUYER_SPECIFIC;GENERIC_PLATFORM,2,2018-04-16,2018-11-14,STRONG_SUPPORT,alias has buyer-specific or highly concentrated profile-domain evidence,HAS_PROFILE_DATA,False
A00193,communaute de communes du pays de mortagne 85,85,248500662,AUTO_PROPAGATE_ELIGIBLE,17,,,,,0,,,NO_PROFILE_EVIDENCE,no normalized profile or participation domain for alias name,NO_PROFILE_DATA,False
A00194,commune de fontenay le comte,85,218500924,AUTO_PROPAGATE_ELIGIBLE,17,marches-securise.fr;marches-securises.fr,,marches-securise.fr;marches-securises.fr,AMBIGUOUS;GENERIC_PLATFORM,2,2018-07-06,2019-03-03,AMBIGUOUS,domain specificity is mixed or ambiguous,HAS_PROFILE_DATA,True
A00195,commune de montrevault sur evre,49,200054302,AUTO_PROPAGATE_ELIGIBLE,17,,,,,0,,,NO_PROFILE_EVIDENCE,no normalized profile or participation domain for alias name,NO_PROFILE_DATA,False
A00196,mairie de pornic,44,214401317,AUTO_PROPAGATE_ELIGIBLE,17,,,,,0,,,NO_PROFILE_EVIDENCE,no normalized profile or participation domain for alias name,NO_PROFILE_DATA,False
A00197,syndicat intercommunal d energies de maine-et-loire sieml,49,254901309,AUTO_PROPAGATE_ELIGIBLE,17,,,,,0,,,NO_PROFILE_EVIDENCE,no normalized profile or participation domain for alias name,NO_PROFILE_DATA,False
A00198,ville de saint barthelemy d anjou 49,49,214902678,AUTO_PROPAGATE_ELIGIBLE,17,,,,,0,,,NO_PROFILE_EVIDENCE,no normalized profile or participation domain for alias name,NO_PROFILE_DATA,False
A00199,ville de saint hilaire de riez 85,85,218502268,AUTO_PROPAGATE_ELIGIBLE,17,,,,,0,,,NO_PROFILE_EVIDENCE,no normalized profile or participation domain for alias name,NO_PROFILE_DATA,False
A00200,cc oree de berce-belinois,72,247200447,AUTO_PROPAGATE_ELIGIBLE,16,,,,,0,,,NO_PROFILE_EVIDENCE,no normalized profile or participation domain for alias name,NO_PROFILE_DATA,False
A00201,cci de maine et loire,49,130004609,AUTO_PROPAGATE_ELIGIBLE,16,marches-publics.gouv.fr,,marches-publics.gouv.fr,GENERIC_PLATFORM,1,2019-01-17,2019-01-17,NEUTRAL_SHARED_PLATFORM,only generic or shared institutional domains observed,HAS_PROFILE_DATA,False
A00202,cenovia,72,576150270,AUTO_PROPAGATE_ELIGIBLE,16,achatpublic.com,,achatpublic.com,GENERIC_PLATFORM,1,2020-01-15,2020-01-15,NEUTRAL_SHARED_PLATFORM,only generic or shared institutional domains observed,HAS_PROFILE_DATA,False
A00203,communaute de communes du pays de craon,53,200048551,AUTO_PROPAGATE_ELIGIBLE,16,,,,,0,,,NO_PROFILE_EVIDENCE,no normalized profile or participation domain for alias name,NO_PROFILE_DATA,False
A00204,commune de saint jean de monts 85,44;49;53;72;85,218502342,AUTO_PROPAGATE_ELIGIBLE,16,,,,,0,,,NO_PROFILE_EVIDENCE,no normalized profile or participation domain for alias name,NO_PROFILE_DATA,False
A00205,ville de la fleche,72,217201540,AUTO_PROPAGATE_ELIGIBLE,16,,,,,0,,,NO_PROFILE_EVIDENCE,no normalized profile or participation domain for alias name,NO_PROFILE_DATA,False
A00206,caisse d allocations familiales de loire-atlantique,44,786019554,AUTO_PROPAGATE_ELIGIBLE,15,,,,,0,,,NO_PROFILE_EVIDENCE,no normalized profile or participation domain for alias name,NO_PROFILE_DATA,False
A00207,commune de saint jean de monts 85,85,218502342,AUTO_PROPAGATE_ELIGIBLE,15,,,,,0,,,NO_PROFILE_EVIDENCE,no normalized profile or participation domain for alias name,NO_PROFILE_DATA,False
A00208,commune des herbiers,85,218501096,AUTO_PROPAGATE_ELIGIBLE,15,marches-securises.fr;marchespublics85.fr;marchessecurises.fr,marchespublics85.fr,marches-securises.fr;marchespublics85.fr;marchessecurises.fr,AMBIGUOUS;GENERIC_PLATFORM,5,2015-11-16,2020-01-16,AMBIGUOUS,domain specificity is mixed or ambiguous,HAS_PROFILE_DATA,True
A00209,cte de communes d erdre et gesvres,44,244400503,AUTO_PROPAGATE_ELIGIBLE,15,cceg-.e-marchespublics.com;cceg.e-marchespublics.com,,cceg-.e-marchespublics.com;cceg.e-marchespublics.com,GENERIC_PLATFORM,2,2017-09-06,2020-09-28,NEUTRAL_SHARED_PLATFORM,only generic or shared institutional domains observed,HAS_PROFILE_DATA,False
A00210,gie fontevraud,49,799156336,AUTO_PROPAGATE_ELIGIBLE,15,achatpublic.com;marches-publics.info,,achatpublic.com;marches-publics.info,GENERIC_PLATFORM,2,2019-01-21,2020-07-22,NEUTRAL_SHARED_PLATFORM,only generic or shared institutional domains observed,HAS_PROFILE_DATA,False
A00211,podeliha,44;49;53;72;85,057201139,AUTO_PROPAGATE_ELIGIBLE,15,,,,,0,,,NO_PROFILE_EVIDENCE,no normalized profile or participation domain for alias name,NO_PROFILE_DATA,False
A00212,soclova,49,063200059,AUTO_PROPAGATE_ELIGIBLE,15,synapse-ouest.com,,synapse-ouest.com,GENERIC_PLATFORM,1,2019-12-12,2019-12-12,NEUTRAL_SHARED_PLATFORM,only generic or shared institutional domains observed,HAS_PROFILE_DATA,False
A00213,ville de lucon 85,85,218501286,AUTO_PROPAGATE_ELIGIBLE,15,,,,,0,,,NO_PROFILE_EVIDENCE,no normalized profile or participation domain for alias name,NO_PROFILE_DATA,False
A00214,ville de saint sebastien sur loire,35;44;49;56;85,214401903,AUTO_PROPAGATE_ELIGIBLE,15,saintsebastien.e-marchespublics.com,,saintsebastien.e-marchespublics.com,GENERIC_PLATFORM,1,2020-01-11,2020-01-11,NEUTRAL_SHARED_PLATFORM,only generic or shared institutional domains observed,HAS_PROFILE_DATA,False
A00215,c s t b,44,775688229,AUTO_PROPAGATE_ELIGIBLE,14,cstb.fr;marches-securises.fr,,cstb.fr;marches-securises.fr,BUYER_SPECIFIC;GENERIC_PLATFORM,3,2017-06-15,2020-12-17,STRONG_SUPPORT,alias has buyer-specific or highly concentrated profile-domain evidence,HAS_PROFILE_DATA,False
A00216,communaute de communes du sud est du pays manceau,72,247200421,AUTO_PROPAGATE_ELIGIBLE,14,,,,,0,,,NO_PROFILE_EVIDENCE,no normalized profile or participation domain for alias name,NO_PROFILE_DATA,False
A00217,la roche-sur-yon agglomeration 85,85,248500589,AUTO_PROPAGATE_ELIGIBLE,14,,,,,0,,,NO_PROFILE_EVIDENCE,no normalized profile or participation domain for alias name,NO_PROFILE_DATA,False
A00218,lbn communaute,72,200040475,AUTO_PROPAGATE_ELIGIBLE,14,,,,,0,,,NO_PROFILE_EVIDENCE,no normalized profile or participation domain for alias name,NO_PROFILE_DATA,False
A00219,mairie de pornic,35;44;56;85,214401317,AUTO_PROPAGATE_ELIGIBLE,14,,,,,0,,,NO_PROFILE_EVIDENCE,no normalized profile or participation domain for alias name,NO_PROFILE_DATA,False
A00220,universite gustave eiffel,44;77,130026123,AUTO_PROPAGATE_ELIGIBLE,14,,,,,0,,,NO_PROFILE_EVIDENCE,no normalized profile or participation domain for alias name,NO_PROFILE_DATA,False
A00221,ville d ombree d anjou 49,49,200069474,AUTO_PROPAGATE_ELIGIBLE,14,,,,,0,,,NO_PROFILE_EVIDENCE,no normalized profile or participation domain for alias name,NO_PROFILE_DATA,False
A00222,ville de la chapelle sur erdre,44,214400350,AUTO_PROPAGATE_ELIGIBLE,14,klekoon.fr,,klekoon.fr,GENERIC_PLATFORM,1,2015-05-20,2015-05-20,NEUTRAL_SHARED_PLATFORM,only generic or shared institutional domains observed,HAS_PROFILE_DATA,False
A00223,caisse d allocations familiales de loire-atlantique 22 rue de malville 44937 nantes cedex 9,44,786019554,AUTO_PROPAGATE_ELIGIBLE,13,,,,,0,,,NO_PROFILE_EVIDENCE,no normalized profile or participation domain for alias name,NO_PROFILE_DATA,False
A00224,challans gois communaute,85,200071629,AUTO_PROPAGATE_ELIGIBLE,13,,,,,0,,,NO_PROFILE_EVIDENCE,no normalized profile or participation domain for alias name,NO_PROFILE_DATA,False
A00225,chu angers etablissement support du groupement hospitalier de territoire de maine et loire,49,264900036,AUTO_PROPAGATE_ELIGIBLE,13,,,,,0,,,NO_PROFILE_EVIDENCE,no normalized profile or participation domain for alias name,NO_PROFILE_DATA,False
A00226,communaute de communes de l ile de noirmoutier 85,85,248500191,AUTO_PROPAGATE_ELIGIBLE,13,,,,,0,,,NO_PROFILE_EVIDENCE,no normalized profile or participation domain for alias name,NO_PROFILE_DATA,False
A00227,commune d ecommoy,72,217201243,AUTO_PROPAGATE_ELIGIBLE,13,sarthe-marchespublics.fr,,sarthe-marchespublics.fr,AMBIGUOUS,1,2018-06-01,2018-06-01,AMBIGUOUS,domain specificity is mixed or ambiguous,HAS_PROFILE_DATA,True
A00228,commune de brissac loire aubance,49,200064582,AUTO_PROPAGATE_ELIGIBLE,13,,,,,0,,,NO_PROFILE_EVIDENCE,no normalized profile or participation domain for alias name,NO_PROFILE_DATA,False
A00229,mairie de coueron,44,214400475,AUTO_PROPAGATE_ELIGIBLE,13,achatpublic.com,,achatpublic.com,GENERIC_PLATFORM,1,2020-11-03,2020-11-03,NEUTRAL_SHARED_PLATFORM,only generic or shared institutional domains observed,HAS_PROFILE_DATA,False
A00230,mairie de suce sur erdre,44,214402018,AUTO_PROPAGATE_ELIGIBLE,13,cceg.e-marchespublics.com;e-marchespublics.com,,cceg.e-marchespublics.com;e-marchespublics.com,GENERIC_PLATFORM,2,2015-04-10,2019-01-18,NEUTRAL_SHARED_PLATFORM,only generic or shared institutional domains observed,HAS_PROFILE_DATA,False
A00231,regie departementale des passages d eau de la vendee,85,786451260,AUTO_PROPAGATE_ELIGIBLE,13,,,,,0,,,NO_PROFILE_EVIDENCE,no normalized profile or participation domain for alias name,NO_PROFILE_DATA,False
A00232,ville de saint sebastien sur loire,44;49;72;85,214401903,AUTO_PROPAGATE_ELIGIBLE,13,saintsebastien.e-marchespublics.com,,saintsebastien.e-marchespublics.com,GENERIC_PLATFORM,1,2020-01-11,2020-01-11,NEUTRAL_SHARED_PLATFORM,only generic or shared institutional domains observed,HAS_PROFILE_DATA,False
A00233,ville de trelaze 49,49,214903536,AUTO_PROPAGATE_ELIGIBLE,13,,,,,0,,,NO_PROFILE_EVIDENCE,no normalized profile or participation domain for alias name,NO_PROFILE_DATA,False
A00234,angers loire metropole,49,244900015,AUTO_PROPAGATE_ELIGIBLE,12,alm.marches-securises.fr;alm.marhces-securises.fr;metropole-angers.marcoweb.fr,alm.marches-securises.fr,alm.marches-securises.fr;alm.marhces-securises.fr;metropole-angers.marcoweb.fr,BUYER_SPECIFIC;GENERIC_PLATFORM;SHARED_INSTITUTIONAL,5,2015-12-24,2020-10-06,STRONG_SUPPORT,alias has buyer-specific or highly concentrated profile-domain evidence,HAS_PROFILE_DATA,False
A00235,cc loir luce berce,72,200070373,AUTO_PROPAGATE_ELIGIBLE,12,marches-publics.info,,marches-publics.info,GENERIC_PLATFORM,1,2017-12-23,2017-12-23,NEUTRAL_SHARED_PLATFORM,only generic or shared institutional domains observed,HAS_PROFILE_DATA,False
A00236,cci du mans et de la sarthe,72,187200928,AUTO_PROPAGATE_ELIGIBLE,12,,,,,0,,,NO_PROFILE_EVIDENCE,no normalized profile or participation domain for alias name,NO_PROFILE_DATA,False
A00237,centre hospitalier du mans - etablissement support du ght 72,72,267200160,AUTO_PROPAGATE_ELIGIBLE,12,,,,,0,,,NO_PROFILE_EVIDENCE,no normalized profile or participation domain for alias name,NO_PROFILE_DATA,False
A00238,commune de doue-en-anjou,49,200065225,AUTO_PROPAGATE_ELIGIBLE,12,,,,,0,,,NO_PROFILE_EVIDENCE,no normalized profile or participation domain for alias name,NO_PROFILE_DATA,False
A00239,commune de mamers,72,217201805,AUTO_PROPAGATE_ELIGIBLE,12,marches-publics.info,,marches-publics.info,GENERIC_PLATFORM,1,2020-05-27,2020-05-27,NEUTRAL_SHARED_PLATFORM,only generic or shared institutional domains observed,HAS_PROFILE_DATA,False
A00240,commune de montfort le gesnois,72,217202415,AUTO_PROPAGATE_ELIGIBLE,12,,,,,0,,,NO_PROFILE_EVIDENCE,no normalized profile or participation domain for alias name,NO_PROFILE_DATA,False
A00241,crous de nantes pays de la loire,44;49;53;72;85,184401321,AUTO_PROPAGATE_ELIGIBLE,12,,,,,0,,,NO_PROFILE_EVIDENCE,no normalized profile or participation domain for alias name,NO_PROFILE_DATA,False
A00242,departement de maine et loire,49,224900019,AUTO_PROPAGATE_ELIGIBLE,12,,,,,0,,,NO_PROFILE_EVIDENCE,no normalized profile or participation domain for alias name,NO_PROFILE_DATA,False
A00243,departement du maine-et-loire,49,224900019,AUTO_PROPAGATE_ELIGIBLE,12,,,,,0,,,NO_PROFILE_EVIDENCE,no normalized profile or participation domain for alias name,NO_PROFILE_DATA,False
A00244,institut public ocens,44;49;53;72;85,264402702,AUTO_PROPAGATE_ELIGIBLE,12,,,,,0,,,NO_PROFILE_EVIDENCE,no normalized profile or participation domain for alias name,NO_PROFILE_DATA,False
A00245,pays de blain communaute,44,244400453,AUTO_PROPAGATE_ELIGIBLE,12,,,,,0,,,NO_PROFILE_EVIDENCE,no normalized profile or participation domain for alias name,NO_PROFILE_DATA,False
A00246,podeliha,72,057201139,AUTO_PROPAGATE_ELIGIBLE,12,,,,,0,,,NO_PROFILE_EVIDENCE,no normalized profile or participation domain for alias name,NO_PROFILE_DATA,False
A00247,region des pays de la loire,44;49;53;85,234400034,AUTO_PROPAGATE_ELIGIBLE,12,,,,,0,,,NO_PROFILE_EVIDENCE,no normalized profile or participation domain for alias name,NO_PROFILE_DATA,False
A00248,syndicat 3rd anjou,49,254900517,AUTO_PROPAGATE_ELIGIBLE,12,,,,,0,,,NO_PROFILE_EVIDENCE,no normalized profile or participation domain for alias name,NO_PROFILE_DATA,False
A00249,syndicat mixte des 24 heures du mans,72,257201467,AUTO_PROPAGATE_ELIGIBLE,12,,,,,0,,,NO_PROFILE_EVIDENCE,no normalized profile or participation domain for alias name,NO_PROFILE_DATA,False
A00250,ville de corbas,26;38;42;69;72,216902734,AUTO_PROPAGATE_ELIGIBLE,12,achatpublic.com;marchespublics.grandlyon.com,,achatpublic.com;marchespublics.grandlyon.com,AMBIGUOUS;GENERIC_PLATFORM,2,2018-12-18,2020-09-10,AMBIGUOUS,domain specificity is mixed or ambiguous,HAS_PROFILE_DATA,True
A00251,ville de fontenay le comte 85,85,218500924,AUTO_PROPAGATE_ELIGIBLE,12,,,,,0,,,NO_PROFILE_EVIDENCE,no normalized profile or participation domain for alias name,NO_PROFILE_DATA,False
A00252,ville de trignac,44,214402109,AUTO_PROPAGATE_ELIGIBLE,12,demat.centraledesmarches.com,,demat.centraledesmarches.com,GENERIC_PLATFORM,1,2019-10-23,2019-10-23,NEUTRAL_SHARED_PLATFORM,only generic or shared institutional domains observed,HAS_PROFILE_DATA,False
A00253,chd vendee etablissement support du ght vendee,85,268502424,AUTO_PROPAGATE_ELIGIBLE,11,,,,,0,,,NO_PROFILE_EVIDENCE,no normalized profile or participation domain for alias name,NO_PROFILE_DATA,False
A00254,communaute de communes sevre et loire,44,200067866,AUTO_PROPAGATE_ELIGIBLE,11,cc-sevreloire.e-marchespublics.com;synapse-ouest.com,cc-sevreloire.e-marchespublics.com,cc-sevreloire.e-marchespublics.com;synapse-ouest.com,GENERIC_PLATFORM,3,2018-05-23,2020-09-27,NEUTRAL_SHARED_PLATFORM,only generic or shared institutional domains observed,HAS_PROFILE_DATA,False
A00255,commune de la ferte-bernard,72,217201326,AUTO_PROPAGATE_ELIGIBLE,11,,,,,0,,,NO_PROFILE_EVIDENCE,no normalized profile or participation domain for alias name,NO_PROFILE_DATA,False
A00256,commune de loire-authion 49,49,200057438,AUTO_PROPAGATE_ELIGIBLE,11,,,,,0,,,NO_PROFILE_EVIDENCE,no normalized profile or participation domain for alias name,NO_PROFILE_DATA,False
A00257,commune de saint-brevin-les-pins,44,214401549,AUTO_PROPAGATE_ELIGIBLE,11,,,,,0,,,NO_PROFILE_EVIDENCE,no normalized profile or participation domain for alias name,NO_PROFILE_DATA,False
A00258,departement du finistere,22;29;35;44;56,222900011,AUTO_PROPAGATE_ELIGIBLE,11,e-magalisbretagne.org;e-megalisbretagne.org;finistere.fr;marches.e-megalisbretagne.org;marches.megails.bretagne.bzh;marches.megalis.bretagne.bzh;marches.megalisbretagne.org;megalisbretagne.org;ww.e-megalisbretagne.org,marches.megalisbretagne.org,e-magalisbretagne.org;e-megalisbretagne.org;finistere.fr;marches.e-megalisbretagne.org;marches.megails.bretagne.bzh;marches.megalis.bretagne.bzh;marches.megalisbretagne.org;megalisbretagne.org;ww.e-megalisbretagne.org,GENERIC_PLATFORM;SHARED_INSTITUTIONAL,12,2016-04-01,2020-11-11,NEUTRAL_SHARED_PLATFORM,only generic or shared institutional domains observed,HAS_PROFILE_DATA,False
A00259,gcs hacom,14;27;50;53;61;76,130020589,AUTO_PROPAGATE_ELIGIBLE,11,,,,,0,,,NO_PROFILE_EVIDENCE,no normalized profile or participation domain for alias name,NO_PROFILE_DATA,False
A00260,i f c e,49,130010440,AUTO_PROPAGATE_ELIGIBLE,11,,,,,0,,,NO_PROFILE_EVIDENCE,no normalized profile or participation domain for alias name,NO_PROFILE_DATA,False
A00261,mairie de coueron,35;44;49;56;85,214400475,AUTO_PROPAGATE_ELIGIBLE,11,achatpublic.com,,achatpublic.com,GENERIC_PLATFORM,1,2020-11-03,2020-11-03,NEUTRAL_SHARED_PLATFORM,only generic or shared institutional domains observed,HAS_PROFILE_DATA,False
A00262,mairie de saint etienne de montluc,44,214401580,AUTO_PROPAGATE_ELIGIBLE,11,centraledesmarches.com;e-marchespublics.com;st-etienne-montluc.net,,centraledesmarches.com;e-marchespublics.com;st-etienne-montluc.net,BUYER_SPECIFIC;GENERIC_PLATFORM,3,2015-12-15,2019-10-03,STRONG_SUPPORT,alias has buyer-specific or highly concentrated profile-domain evidence,HAS_PROFILE_DATA,False
A00263,nantes universite,44;49;85,130029747,AUTO_PROPAGATE_ELIGIBLE,11,,,,,0,,,NO_PROFILE_EVIDENCE,no normalized profile or participation domain for alias name,NO_PROFILE_DATA,False
A00264,spl eau du bassin rennais,22;29;35;44;56,798203576,AUTO_PROPAGATE_ELIGIBLE,11,megalisbretagne.org,marches.megalisbretagne.org,marches.megalisbretagne.org;megalisbretagne.org,GENERIC_PLATFORM,2,2017-09-20,2017-09-20,NEUTRAL_SHARED_PLATFORM,only generic or shared institutional domains observed,HAS_PROFILE_DATA,False
A00265,vendee expansion - sem,85,546650169,AUTO_PROPAGATE_ELIGIBLE,11,,,,,0,,,NO_PROFILE_EVIDENCE,no normalized profile or participation domain for alias name,NO_PROFILE_DATA,False
A00266,ville de cesson-sevigne,22;29;35;53;56,213500515,AUTO_PROPAGATE_ELIGIBLE,11,,,,,0,,,NO_PROFILE_EVIDENCE,no normalized profile or participation domain for alias name,NO_PROFILE_DATA,False
A00267,ville de saint-herblain,44,214401622,AUTO_PROPAGATE_ELIGIBLE,11,,,,,0,,,NO_PROFILE_EVIDENCE,no normalized profile or participation domain for alias name,NO_PROFILE_DATA,False
A00268,ville de segre en anjou bleu 49,49,200065423,AUTO_PROPAGATE_ELIGIBLE,11,,,,,0,,,NO_PROFILE_EVIDENCE,no normalized profile or participation domain for alias name,NO_PROFILE_DATA,False
A00269,angers loire tourisme expo congres,49,830955068,AUTO_PROPAGATE_ELIGIBLE,10,marches-securises.fr,,marches-securises.fr,GENERIC_PLATFORM,1,2018-11-21,2018-11-21,NEUTRAL_SHARED_PLATFORM,only generic or shared institutional domains observed,HAS_PROFILE_DATA,False
A00270,cci nantes saint-nazaire,44,130008105,AUTO_PROPAGATE_ELIGIBLE,10,marches-publics.gouv.fr,,marches-publics.gouv.fr,GENERIC_PLATFORM,1,2019-08-30,2019-08-30,NEUTRAL_SHARED_PLATFORM,only generic or shared institutional domains observed,HAS_PROFILE_DATA,False
A00271,centre hospitalier universitaire de nantes,44,264400136,AUTO_PROPAGATE_ELIGIBLE,10,,,,,0,,,NO_PROFILE_EVIDENCE,no normalized profile or participation domain for alias name,NO_PROFILE_DATA,False
A00272,chd vendee - etablissement support du ght vendee,85,268502424,AUTO_PROPAGATE_ELIGIBLE,10,,,,,0,,,NO_PROFILE_EVIDENCE,no normalized profile or participation domain for alias name,NO_PROFILE_DATA,False
A00273,communaute d agglomeration du niortais,16;17;44;79,200041317,AUTO_PROPAGATE_ELIGIBLE,10,achatpublic.com;agglo-niort.fr,,achatpublic.com;agglo-niort.fr,BUYER_SPECIFIC;GENERIC_PLATFORM,2,2015-10-19,2020-11-28,STRONG_SUPPORT,alias has buyer-specific or highly concentrated profile-domain evidence,HAS_PROFILE_DATA,False
A00274,communaute de communes de chateau gontier 53,53,245300447,AUTO_PROPAGATE_ELIGIBLE,10,,,,,0,,,NO_PROFILE_EVIDENCE,no normalized profile or participation domain for alias name,NO_PROFILE_DATA,False
A00275,communaute de communes de l ernee,53,245300355,AUTO_PROPAGATE_ELIGIBLE,10,lernee.marches-publics.info,lernee.marches-publics.info,lernee.marches-publics.info,GENERIC_PLATFORM,2,2019-08-03,2019-08-03,NEUTRAL_SHARED_PLATFORM,only generic or shared institutional domains observed,HAS_PROFILE_DATA,False
A00276,communaute de communes du gesnois bilurien,72,200072684,AUTO_PROPAGATE_ELIGIBLE,10,,,,,0,,,NO_PROFILE_EVIDENCE,no normalized profile or participation domain for alias name,NO_PROFILE_DATA,False
A00277,communaute de communes du pays de meslay grez,53,245300223,AUTO_PROPAGATE_ELIGIBLE,10,,,,,0,,,NO_PROFILE_EVIDENCE,no normalized profile or participation domain for alias name,NO_PROFILE_DATA,False
A00278,communaute de communes haute sarthe alpes mancelles,53;61;72,200072700,AUTO_PROPAGATE_ELIGIBLE,10,,,,,0,,,NO_PROFILE_EVIDENCE,no normalized profile or participation domain for alias name,NO_PROFILE_DATA,False
A00279,commune de beaufort en anjou,49,200058899,AUTO_PROPAGATE_ELIGIBLE,10,achatpublic.com;synapse-ouest.com,achatpublic.com,achatpublic.com;synapse-ouest.com,GENERIC_PLATFORM,3,2018-06-07,2020-07-24,NEUTRAL_SHARED_PLATFORM,only generic or shared institutional domains observed,HAS_PROFILE_DATA,False
A00280,commune de mulsanne,72,217202134,AUTO_PROPAGATE_ELIGIBLE,10,,,,,0,,,NO_PROFILE_EVIDENCE,no normalized profile or participation domain for alias name,NO_PROFILE_DATA,False
A00281,cte de communes du pays des herbiers,85,248500621,AUTO_PROPAGATE_ELIGIBLE,10,marches-securises.fr;marchespublics85.fr,,marches-securises.fr;marchespublics85.fr,AMBIGUOUS;GENERIC_PLATFORM,2,2015-03-05,2019-10-02,AMBIGUOUS,domain specificity is mixed or ambiguous,HAS_PROFILE_DATA,True
A00282,direction interdepartementale des routes ouest - dir ouest,22;29;35;44;49;53;56,130001704,AUTO_PROPAGATE_ELIGIBLE,10,,,,,0,,,NO_PROFILE_EVIDENCE,no normalized profile or participation domain for alias name,NO_PROFILE_DATA,False
A00283,ecole nationale superieure d arts et metiers,13;33;49;51;57;59;71;75,197534720,AUTO_PROPAGATE_ELIGIBLE,10,,,,,0,,,NO_PROFILE_EVIDENCE,no normalized profile or participation domain for alias name,NO_PROFILE_DATA,False
A00284,grand port maritime de nantes saint-nazaire gpmnsn,44,775604853,AUTO_PROPAGATE_ELIGIBLE,10,,,,,0,,,NO_PROFILE_EVIDENCE,no normalized profile or participation domain for alias name,NO_PROFILE_DATA,False
A00285,grand port maritime de nantes st-nazaire,44,775604853,AUTO_PROPAGATE_ELIGIBLE,10,,,,,0,,,NO_PROFILE_EVIDENCE,no normalized profile or participation domain for alias name,NO_PROFILE_DATA,False
A00286,le mans metropole - communaute urbaine,72,247200132,AUTO_PROPAGATE_ELIGIBLE,10,sarthe-marchespublics.fr,,sarthe-marchespublics.fr,AMBIGUOUS,1,2020-11-30,2020-11-30,AMBIGUOUS,domain specificity is mixed or ambiguous,HAS_PROFILE_DATA,True
A00287,ville de chateaubriant,44,214400368,AUTO_PROPAGATE_ELIGIBLE,10,,,,,0,,,NO_PROFILE_EVIDENCE,no normalized profile or participation domain for alias name,NO_PROFILE_DATA,False
A00288,villes de nantes,44,214401093,AUTO_PROPAGATE_ELIGIBLE,10,,,,,0,,,NO_PROFILE_EVIDENCE,no normalized profile or participation domain for alias name,NO_PROFILE_DATA,False
A00289,cci maine et loire,49,130004609,AUTO_PROPAGATE_ELIGIBLE,9,,,,,0,,,NO_PROFILE_EVIDENCE,no normalized profile or participation domain for alias name,NO_PROFILE_DATA,False
A00290,cci region pays de la loire,44,184401289,AUTO_PROPAGATE_ELIGIBLE,9,,,,,0,,,NO_PROFILE_EVIDENCE,no normalized profile or participation domain for alias name,NO_PROFILE_DATA,False
A00291,communaute de communes de la champagne conlinoise et du pays de sille 4cps,72,200072718,AUTO_PROPAGATE_ELIGIBLE,9,,,,,0,,,NO_PROFILE_EVIDENCE,no normalized profile or participation domain for alias name,NO_PROFILE_DATA,False
A00292,communaute de communes du pays de saint-fulgent - les essarts 85,85,200071918,AUTO_PROPAGATE_ELIGIBLE,9,,,,,0,,,NO_PROFILE_EVIDENCE,no normalized profile or participation domain for alias name,NO_PROFILE_DATA,False
A00293,communaute de communes vendee sevre autise 85,85,248500563,AUTO_PROPAGATE_ELIGIBLE,9,,,,,0,,,NO_PROFILE_EVIDENCE,no normalized profile or participation domain for alias name,NO_PROFILE_DATA,False
A00294,commune de la suze sur sarthe,72,217203462,AUTO_PROPAGATE_ELIGIBLE,9,,,,,0,,,NO_PROFILE_EVIDENCE,no normalized profile or participation domain for alias name,NO_PROFILE_DATA,False
A00295,commune de parigne l eveque,72,217202316,AUTO_PROPAGATE_ELIGIBLE,9,sarthe-marchespublics.fr,,sarthe-marchespublics.fr,AMBIGUOUS,1,2019-10-01,2019-10-01,AMBIGUOUS,domain specificity is mixed or ambiguous,HAS_PROFILE_DATA,True
A00296,commune de sevremoine,49,200054385,AUTO_PROPAGATE_ELIGIBLE,9,sevremoine.e-marchespublics.com,sevremoine.e-marchespublics.com,sevremoine.e-marchespublics.com,GENERIC_PLATFORM,2,2019-08-28,2019-08-28,NEUTRAL_SHARED_PLATFORM,only generic or shared institutional domains observed,HAS_PROFILE_DATA,False
A00297,conseil regional des pays de la loire,44;49;53;72;85,234400034,AUTO_PROPAGATE_ELIGIBLE,9,aof-crpdll-prod.local-trust.com;boamp.fr;marchepublics.paysdelaloire.fr;marches-formation.paysdelaloire.fr;marchespublics.paysdelaloire.fr;paysdelaloire.fr;wwww.marchespublics.paysdelaloire.fr,aof-crpdll-prod.local-trust.com;marchespublics.paysdelaloire.fr,aof-crpdll-prod.local-trust.com;boamp.fr;marchepublics.paysdelaloire.fr;marches-formation.paysdelaloire.fr;marchespublics.paysdelaloire.fr;paysdelaloire.fr;wwww.marchespublics.paysdelaloire.fr,BUYER_SPECIFIC;GENERIC_PLATFORM,12,2015-05-06,2020-12-10,STRONG_SUPPORT,alias has buyer-specific or highly concentrated profile-domain evidence,HAS_PROFILE_DATA,False
A00298,groupement transamo - cenovia,72,399663905,AUTO_PROPAGATE_ELIGIBLE,9,,,,,0,,,NO_PROFILE_EVIDENCE,no normalized profile or participation domain for alias name,NO_PROFILE_DATA,False
A00299,inst interdpt bassin sevre niortaise,17;79;85,257901330,AUTO_PROPAGATE_ELIGIBLE,9,e-marchespublics.com;sevre-niortaise.e-marchespublics.com;sevre-niortaise.fr,,e-marchespublics.com;sevre-niortaise.e-marchespublics.com;sevre-niortaise.fr,GENERIC_PLATFORM;SHARED_INSTITUTIONAL,4,2016-02-15,2019-12-02,NEUTRAL_SHARED_PLATFORM,only generic or shared institutional domains observed,HAS_PROFILE_DATA,False
A00300,institut mines-telecom atlantique,44,180092025,AUTO_PROPAGATE_ELIGIBLE,9,marches-publics.gouv.fr,,marches-publics.gouv.fr,GENERIC_PLATFORM,1,2019-02-20,2019-02-20,NEUTRAL_SHARED_PLATFORM,only generic or shared institutional domains observed,HAS_PROFILE_DATA,False
A00301,oniris,44,130008535,AUTO_PROPAGATE_ELIGIBLE,9,marches-publics.gouv.fr;oniris-nantes.fr,,marches-publics.gouv.fr;oniris-nantes.fr,BUYER_SPECIFIC;GENERIC_PLATFORM,3,2016-01-29,2019-12-20,STRONG_SUPPORT,alias has buyer-specific or highly concentrated profile-domain evidence,HAS_PROFILE_DATA,False
A00302,sem sonadev,44,007180516,AUTO_PROPAGATE_ELIGIBLE,9,,,,,0,,,NO_PROFILE_EVIDENCE,no normalized profile or participation domain for alias name,NO_PROFILE_DATA,False
A00303,service public de l enseignement superieur,44;49;53;72;85,234400034,AUTO_PROPAGATE_ELIGIBLE,9,,,,,0,,,NO_PROFILE_EVIDENCE,no normalized profile or participation domain for alias name,NO_PROFILE_DATA,False
A00304,syndicat mixte atlantic eau 44,44,254401094,AUTO_PROPAGATE_ELIGIBLE,9,,,,,0,,,NO_PROFILE_EVIDENCE,no normalized profile or participation domain for alias name,NO_PROFILE_DATA,False
A00305,syndicat mixte des ports44,44,200091007,AUTO_PROPAGATE_ELIGIBLE,9,,,,,0,,,NO_PROFILE_EVIDENCE,no normalized profile or participation domain for alias name,NO_PROFILE_DATA,False
A00306,syndicat mixte valor3e,44;49,254902562,AUTO_PROPAGATE_ELIGIBLE,9,centraledesmarches.com;e-marchespublis.com,demat.centraledesmarches.com;e-marchespublis.com,centraledesmarches.com;demat.centraledesmarches.com;e-marchespublis.com,GENERIC_PLATFORM;SHARED_INSTITUTIONAL,4,2016-02-18,2020-01-31,NEUTRAL_SHARED_PLATFORM,only generic or shared institutional domains observed,HAS_PROFILE_DATA,False
A00307,syvalorm loir et sarthe,72,257201376,AUTO_PROPAGATE_ELIGIBLE,9,,,,,0,,,NO_PROFILE_EVIDENCE,no normalized profile or participation domain for alias name,NO_PROFILE_DATA,False
A00308,ville de la roche-sur-yon,85,218501914,AUTO_PROPAGATE_ELIGIBLE,9,marches-securises.fr,,marches-securises.fr,GENERIC_PLATFORM,2,2016-03-08,2016-05-20,NEUTRAL_SHARED_PLATFORM,only generic or shared institutional domains observed,HAS_PROFILE_DATA,False
A00309,ville de poitiers,16;17;37;44;75;79;86,218601946,AUTO_PROPAGATE_ELIGIBLE,9,marches-securises.fr,,marches-securises.fr,GENERIC_PLATFORM,1,2019-04-12,2019-04-12,NEUTRAL_SHARED_PLATFORM,only generic or shared institutional domains observed,HAS_PROFILE_DATA,False
A00310,ville de saint sebastien sur loire,35;44;49;53;56;72;85,214401903,AUTO_PROPAGATE_ELIGIBLE,9,saintsebastien.e-marchespublics.com,,saintsebastien.e-marchespublics.com,GENERIC_PLATFORM,1,2020-01-11,2020-01-11,NEUTRAL_SHARED_PLATFORM,only generic or shared institutional domains observed,HAS_PROFILE_DATA,False
A00311,chambre de commerce d industrie de maine loire,49,130004609,AUTO_PROPAGATE_ELIGIBLE,8,,,,,0,,,NO_PROFILE_EVIDENCE,no normalized profile or participation domain for alias name,NO_PROFILE_DATA,False
A00312,communaute d agglomeration du niortais,17;79;85;86,200041317,AUTO_PROPAGATE_ELIGIBLE,8,achatpublic.com;agglo-niort.fr,,achatpublic.com;agglo-niort.fr,BUYER_SPECIFIC;GENERIC_PLATFORM,2,2015-10-19,2020-11-28,STRONG_SUPPORT,alias has buyer-specific or highly concentrated profile-domain evidence,HAS_PROFILE_DATA,False
A00313,commune de challans,85,218500478,AUTO_PROPAGATE_ELIGIBLE,8,marches-securises.fr,marches-securises.fr,marches-securises.fr,GENERIC_PLATFORM,2,2020-08-02,2020-08-02,NEUTRAL_SHARED_PLATFORM,only generic or shared institutional domains observed,HAS_PROFILE_DATA,False
A00314,commune de divatte sur loire,44,200054815,AUTO_PROPAGATE_ELIGIBLE,8,,,,,0,,,NO_PROFILE_EVIDENCE,no normalized profile or participation domain for alias name,NO_PROFILE_DATA,False
A00315,commune de loir en vallee,72,200072262,AUTO_PROPAGATE_ELIGIBLE,8,,,,,0,,,NO_PROFILE_EVIDENCE,no normalized profile or participation domain for alias name,NO_PROFILE_DATA,False
A00316,commune nouvelle de montval sur loir,72,200063196,AUTO_PROPAGATE_ELIGIBLE,8,,,,,0,,,NO_PROFILE_EVIDENCE,no normalized profile or participation domain for alias name,NO_PROFILE_DATA,False
A00317,destination angers,49,830955068,AUTO_PROPAGATE_ELIGIBLE,8,,,,,0,,,NO_PROFILE_EVIDENCE,no normalized profile or participation domain for alias name,NO_PROFILE_DATA,False
A00318,france travail pays de la loire,44;49;53;72;85,130005481,AUTO_PROPAGATE_ELIGIBLE,8,,,,,0,,,NO_PROFILE_EVIDENCE,no normalized profile or participation domain for alias name,NO_PROFILE_DATA,False
A00319,grand port maritime nantes st-nazaire,44,775604853,AUTO_PROPAGATE_ELIGIBLE,8,,,,,0,,,NO_PROFILE_EVIDENCE,no normalized profile or participation domain for alias name,NO_PROFILE_DATA,False
A00320,inrae pays de la loire,44;49,180070039,AUTO_PROPAGATE_ELIGIBLE,8,,,,,0,,,NO_PROFILE_EVIDENCE,no normalized profile or participation domain for alias name,NO_PROFILE_DATA,False
A00321,loire ocean developpement,44,865800767,AUTO_PROPAGATE_ELIGIBLE,8,achatpublic.com;marches-securises.fr,,achatpublic.com;marches-securises.fr,GENERIC_PLATFORM,3,2017-01-16,2020-10-19,NEUTRAL_SHARED_PLATFORM,only generic or shared institutional domains observed,HAS_PROFILE_DATA,False
A00322,mairie de saint etienne de montluc,35;44;49;56;85,214401580,AUTO_PROPAGATE_ELIGIBLE,8,centraledesmarches.com;e-marchespublics.com;st-etienne-montluc.net,,centraledesmarches.com;e-marchespublics.com;st-etienne-montluc.net,BUYER_SPECIFIC;GENERIC_PLATFORM,3,2015-12-15,2019-10-03,STRONG_SUPPORT,alias has buyer-specific or highly concentrated profile-domain evidence,HAS_PROFILE_DATA,False
A00323,oniris ecole nationale veterinaire agroalimentaire et de l alimentation nantes atlantique,44,130008535,AUTO_PROPAGATE_ELIGIBLE,8,,,,,0,,,NO_PROFILE_EVIDENCE,no normalized profile or participation domain for alias name,NO_PROFILE_DATA,False
A00324,services techniques,44;85,218501633,AUTO_PROPAGATE_ELIGIBLE,8,autrans.fr,,autrans.fr,SHARED_INSTITUTIONAL,1,2016-11-30,2016-11-30,NEUTRAL_SHARED_PLATFORM,only generic or shared institutional domains observed,HAS_PROFILE_DATA,False
A00325,sidpep,72,200037075,AUTO_PROPAGATE_ELIGIBLE,8,,,,,0,,,NO_PROFILE_EVIDENCE,no normalized profile or participation domain for alias name,NO_PROFILE_DATA,False
A00326,sivert de l anjou 49,49,254902257,AUTO_PROPAGATE_ELIGIBLE,8,,,,,0,,,NO_PROFILE_EVIDENCE,no normalized profile or participation domain for alias name,NO_PROFILE_DATA,False
A00327,sivom bocage cenomans,72,200070209,AUTO_PROPAGATE_ELIGIBLE,8,,,,,0,,,NO_PROFILE_EVIDENCE,no normalized profile or participation domain for alias name,NO_PROFILE_DATA,False
A00328,syndicat mixte du val de loir,72,257200147,AUTO_PROPAGATE_ELIGIBLE,8,marches-publics.info;syndicatvaldeloir.e-marchespublics.com,,marches-publics.info;syndicatvaldeloir.e-marchespublics.com,GENERIC_PLATFORM,2,2017-11-18,2019-06-13,NEUTRAL_SHARED_PLATFORM,only generic or shared institutional domains observed,HAS_PROFILE_DATA,False
A00329,syndicat mixte valor3e,49,254902562,AUTO_PROPAGATE_ELIGIBLE,8,centraledesmarches.com;e-marchespublis.com,demat.centraledesmarches.com;e-marchespublis.com,centraledesmarches.com;demat.centraledesmarches.com;e-marchespublis.com,GENERIC_PLATFORM;SHARED_INSTITUTIONAL,4,2016-02-18,2020-01-31,NEUTRAL_SHARED_PLATFORM,only generic or shared institutional domains observed,HAS_PROFILE_DATA,False
A00330,universite bretagne sud,22;29;35;44;56;75,195617188,AUTO_PROPAGATE_ELIGIBLE,8,,,,,0,,,NO_PROFILE_EVIDENCE,no normalized profile or participation domain for alias name,NO_PROFILE_DATA,False
A00331,universite de rennes,22;29;35;44;56,130030513,AUTO_PROPAGATE_ELIGIBLE,8,,,,,0,,,NO_PROFILE_EVIDENCE,no normalized profile or participation domain for alias name,NO_PROFILE_DATA,False
A00332,ville de mayenne,53,215301474,AUTO_PROPAGATE_ELIGIBLE,8,agysoft.marches-publics.info;klekoon.com;mairie-mayenne.fr,agysoft.marches-publics.info,agysoft.marches-publics.info;klekoon.com;mairie-mayenne.fr,GENERIC_PLATFORM;SHARED_INSTITUTIONAL,4,2017-03-08,2019-11-17,NEUTRAL_SHARED_PLATFORM,only generic or shared institutional domains observed,HAS_PROFILE_DATA,False
A00333,ville de saint sebastien sur loire,35;44;49;85,214401903,AUTO_PROPAGATE_ELIGIBLE,8,saintsebastien.e-marchespublics.com,,saintsebastien.e-marchespublics.com,GENERIC_PLATFORM,1,2020-01-11,2020-01-11,NEUTRAL_SHARED_PLATFORM,only generic or shared institutional domains observed,HAS_PROFILE_DATA,False
A00334,ville de saint sebastien sur loire,44;49;56;72;85,214401903,AUTO_PROPAGATE_ELIGIBLE,8,saintsebastien.e-marchespublics.com,,saintsebastien.e-marchespublics.com,GENERIC_PLATFORM,1,2020-01-11,2020-01-11,NEUTRAL_SHARED_PLATFORM,only generic or shared institutional domains observed,HAS_PROFILE_DATA,False
A00335,ville de saint-berthevin,35;44;49;53;61;72;85,215302019,AUTO_PROPAGATE_ELIGIBLE,8,,,,,0,,,NO_PROFILE_EVIDENCE,no normalized profile or participation domain for alias name,NO_PROFILE_DATA,False
A00336,angers loire metropole 49,44;49;53;72,244900015,AUTO_PROPAGATE_ELIGIBLE,7,,,,,0,,,NO_PROFILE_EVIDENCE,no normalized profile or participation domain for alias name,NO_PROFILE_DATA,False
A00337,carsat pays de la loire,44,775605595,AUTO_PROPAGATE_ELIGIBLE,7,,,,,0,,,NO_PROFILE_EVIDENCE,no normalized profile or participation domain for alias name,NO_PROFILE_DATA,False
A00338,cc maine coeur de sarthe,72,200068963,AUTO_PROPAGATE_ELIGIBLE,7,,,,,0,,,NO_PROFILE_EVIDENCE,no normalized profile or participation domain for alias name,NO_PROFILE_DATA,False
A00339,cci nantes st-nazaire,44,130008105,AUTO_PROPAGATE_ELIGIBLE,7,,,,,0,,,NO_PROFILE_EVIDENCE,no normalized profile or participation domain for alias name,NO_PROFILE_DATA,False
A00340,centre hospitalier du mans - ets support ght 72,72,267200160,AUTO_PROPAGATE_ELIGIBLE,7,,,,,0,,,NO_PROFILE_EVIDENCE,no normalized profile or participation domain for alias name,NO_PROFILE_DATA,False
A00341,cmar pays de loire,85,130020688,AUTO_PROPAGATE_ELIGIBLE,7,,,,,0,,,NO_PROFILE_EVIDENCE,no normalized profile or participation domain for alias name,NO_PROFILE_DATA,False
A00342,cnrs dr17,44,180089013,AUTO_PROPAGATE_ELIGIBLE,7,,,,,0,,,NO_PROFILE_EVIDENCE,no normalized profile or participation domain for alias name,NO_PROFILE_DATA,False
A00343,communaute d agglomeration du niortais,16;17;79;85;86,200041317,AUTO_PROPAGATE_ELIGIBLE,7,achatpublic.com;agglo-niort.fr,,achatpublic.com;agglo-niort.fr,BUYER_SPECIFIC;GENERIC_PLATFORM,2,2015-10-19,2020-11-28,STRONG_SUPPORT,alias has buyer-specific or highly concentrated profile-domain evidence,HAS_PROFILE_DATA,False
A00344,communaute de communes de coeur de charente,16;17;24;33;79;85;86;87,200072023,AUTO_PROPAGATE_ELIGIBLE,7,,,,,0,,,NO_PROFILE_EVIDENCE,no normalized profile or participation domain for alias name,NO_PROFILE_DATA,False
A00345,communaute de communes des vallees de la braye et de l anille,72,200072692,AUTO_PROPAGATE_ELIGIBLE,7,,,,,0,,,NO_PROFILE_EVIDENCE,no normalized profile or participation domain for alias name,NO_PROFILE_DATA,False
A00346,communaute de communes du pays de chantonnay 85,85,248500340,AUTO_PROPAGATE_ELIGIBLE,7,,,,,0,,,NO_PROFILE_EVIDENCE,no normalized profile or participation domain for alias name,NO_PROFILE_DATA,False
A00347,communaute de communes du pays des achards 85,85,248500530,AUTO_PROPAGATE_ELIGIBLE,7,,,,,0,,,NO_PROFILE_EVIDENCE,no normalized profile or participation domain for alias name,NO_PROFILE_DATA,False
A00348,commune d ernee,53,215300963,AUTO_PROPAGATE_ELIGIBLE,7,,,,,0,,,NO_PROFILE_EVIDENCE,no normalized profile or participation domain for alias name,NO_PROFILE_DATA,False
A00349,commune de ruaudin,72,217202605,AUTO_PROPAGATE_ELIGIBLE,7,,,,,0,,,NO_PROFILE_EVIDENCE,no normalized profile or participation domain for alias name,NO_PROFILE_DATA,False
A00350,departement de la mayenne,53,225300011,AUTO_PROPAGATE_ELIGIBLE,7,lamayenne.fr,lamayenne.fr,lamayenne.fr,SHARED_INSTITUTIONAL,2,2020-12-25,2020-12-25,NEUTRAL_SHARED_PLATFORM,only generic or shared institutional domains observed,HAS_PROFILE_DATA,False
A00351,imt atlantique,29;35;44,180092025,AUTO_PROPAGATE_ELIGIBLE,7,,,,,0,,,NO_PROFILE_EVIDENCE,no normalized profile or participation domain for alias name,NO_PROFILE_DATA,False
A00352,loire-atlantique developpement - gie,44,793698705,AUTO_PROPAGATE_ELIGIBLE,7,,,,,0,,,NO_PROFILE_EVIDENCE,no normalized profile or participation domain for alias name,NO_PROFILE_DATA,False
A00353,loire-atlantique developpement - sela,44,860800077,AUTO_PROPAGATE_ELIGIBLE,7,,,,,0,,,NO_PROFILE_EVIDENCE,no normalized profile or participation domain for alias name,NO_PROFILE_DATA,False
A00354,mairie de la montagne,44,214401010,AUTO_PROPAGATE_ELIGIBLE,7,e-marchespublics.com;ville-lamontagne.e-marchespublics.com,,e-marchespublics.com;ville-lamontagne.e-marchespublics.com,GENERIC_PLATFORM,2,2018-01-28,2019-03-04,NEUTRAL_SHARED_PLATFORM,only generic or shared institutional domains observed,HAS_PROFILE_DATA,False
A00355,mairie de montoir de bretagne,44,214401036,AUTO_PROPAGATE_ELIGIBLE,7,,,,,0,,,NO_PROFILE_EVIDENCE,no normalized profile or participation domain for alias name,NO_PROFILE_DATA,False
A00356,mairie du cellier,44,214400285,AUTO_PROPAGATE_ELIGIBLE,7,,,,,0,,,NO_PROFILE_EVIDENCE,no normalized profile or participation domain for alias name,NO_PROFILE_DATA,False
A00357,mancelle d habitation,72,575850490,AUTO_PROPAGATE_ELIGIBLE,7,,,,,0,,,NO_PROFILE_EVIDENCE,no normalized profile or participation domain for alias name,NO_PROFILE_DATA,False
A00358,nantes universite,35;44;49;56;85,130029747,AUTO_PROPAGATE_ELIGIBLE,7,,,,,0,,,NO_PROFILE_EVIDENCE,no normalized profile or participation domain for alias name,NO_PROFILE_DATA,False
A00359,rectorat de nantes,44,174404301,AUTO_PROPAGATE_ELIGIBLE,7,,,,,0,,,NO_PROFILE_EVIDENCE,no normalized profile or participation domain for alias name,NO_PROFILE_DATA,False
A00360,region pays de la loire,44,234400034,AUTO_PROPAGATE_ELIGIBLE,7,,,,,0,,,NO_PROFILE_EVIDENCE,no normalized profile or participation domain for alias name,NO_PROFILE_DATA,False
A00361,service marches publics,44,244400404,AUTO_PROPAGATE_ELIGIBLE,7,,,,,0,,,NO_PROFILE_EVIDENCE,no normalized profile or participation domain for alias name,NO_PROFILE_DATA,False
A00362,service public de l enseignement secondaire,44;49;53;72;85,234400034,AUTO_PROPAGATE_ELIGIBLE,7,,,,,0,,,NO_PROFILE_EVIDENCE,no normalized profile or participation domain for alias name,NO_PROFILE_DATA,False
A00363,syndicat grand lieu estuaire,44,200003317,AUTO_PROPAGATE_ELIGIBLE,7,,,,,0,,,NO_PROFILE_EVIDENCE,no normalized profile or participation domain for alias name,NO_PROFILE_DATA,False
A00364,ugecam brpl,44,428692008,AUTO_PROPAGATE_ELIGIBLE,7,,,,,0,,,NO_PROFILE_EVIDENCE,no normalized profile or participation domain for alias name,NO_PROFILE_DATA,False
A00365,universite rennes 2,22;29;35;44;56;72,193509379,AUTO_PROPAGATE_ELIGIBLE,7,marches-publics.gouv.fr,,marches-publics.gouv.fr,GENERIC_PLATFORM,2,2017-06-24,2017-09-27,NEUTRAL_SHARED_PLATFORM,only generic or shared institutional domains observed,HAS_PROFILE_DATA,False
A00366,ville de beaucouze,49,214900201,AUTO_PROPAGATE_ELIGIBLE,7,alm.marches-securises.fr;marches-securises.fr;metropole-angers.marcoweb.fr,alm.marches-securises.fr;marches-securises.fr,alm.marches-securises.fr;marches-securises.fr;metropole-angers.marcoweb.fr,GENERIC_PLATFORM;SHARED_INSTITUTIONAL,7,2015-11-13,2019-02-10,NEUTRAL_SHARED_PLATFORM,only generic or shared institutional domains observed,HAS_PROFILE_DATA,False
A00367,ville du pellerin,44,214401200,AUTO_PROPAGATE_ELIGIBLE,7,,,,,0,,,NO_PROFILE_EVIDENCE,no normalized profile or participation domain for alias name,NO_PROFILE_DATA,False
A00368,alter public agissant au nom et pour le compte du sieml,49,058201526,AUTO_PROPAGATE_ELIGIBLE,6,,,,,0,,,NO_PROFILE_EVIDENCE,no normalized profile or participation domain for alias name,NO_PROFILE_DATA,False
A00369,ca saumur val de loire,49,200071876,AUTO_PROPAGATE_ELIGIBLE,6,eu-supply.com;marches-securises.fr;synapse-ouest.com;synapse-ouest.fr,,eu-supply.com;marches-securises.fr;synapse-ouest.com;synapse-ouest.fr,GENERIC_PLATFORM;SHARED_INSTITUTIONAL,6,2017-12-05,2020-12-04,NEUTRAL_SHARED_PLATFORM,only generic or shared institutional domains observed,HAS_PROFILE_DATA,False
A00370,caisse des depots,49,180020026,AUTO_PROPAGATE_ELIGIBLE,6,agysoft.marches-publics.info;caissedesdepots.fr;caissedesdepots.marches-publics.info;marches.caissedesdepots;marches.caissedesdepots.fr,agysoft.marches-publics.info;caissedesdepots.fr;caissedesdepots.marches-publics.info;marches.caissedesdepots.fr,agysoft.marches-publics.info;caissedesdepots.fr;caissedesdepots.marches-publics.info;marches.caissedesdepots;marches.caissedesdepots.fr,BUYER_SPECIFIC;GENERIC_PLATFORM;HIGHLY_CONCENTRATED,14,2016-01-22,2020-12-12,STRONG_SUPPORT,alias has buyer-specific or highly concentrated profile-domain evidence,HAS_PROFILE_DATA,False
A00371,cc maine saosnois,72,200072676,AUTO_PROPAGATE_ELIGIBLE,6,,,,,0,,,NO_PROFILE_EVIDENCE,no normalized profile or participation domain for alias name,NO_PROFILE_DATA,False
A00372,centre de gestion fpt loire-atlantique,44,284400025,AUTO_PROPAGATE_ELIGIBLE,6,e-marchespublics.fr,,e-marchespublics.fr,GENERIC_PLATFORM,1,2016-02-17,2016-02-17,NEUTRAL_SHARED_PLATFORM,only generic or shared institutional domains observed,HAS_PROFILE_DATA,False
A00373,cisn residences locatives,44,006380158,AUTO_PROPAGATE_ELIGIBLE,6,,,,,0,,,NO_PROFILE_EVIDENCE,no normalized profile or participation domain for alias name,NO_PROFILE_DATA,False
A00374,communaute de communes anjou loir et sarthe,49,200068955,AUTO_PROPAGATE_ELIGIBLE,6,,,,,0,,,NO_PROFILE_EVIDENCE,no normalized profile or participation domain for alias name,NO_PROFILE_DATA,False
A00375,communaute de communes du pays de pont-chateau - st gildas des bois,44,200000438,AUTO_PROPAGATE_ELIGIBLE,6,,,,,0,,,NO_PROFILE_EVIDENCE,no normalized profile or participation domain for alias name,NO_PROFILE_DATA,False
A00376,communaute de communes du pays de pouzauges 85,85,248500464,AUTO_PROPAGATE_ELIGIBLE,6,,,,,0,,,NO_PROFILE_EVIDENCE,no normalized profile or participation domain for alias name,NO_PROFILE_DATA,False
A00377,communaute de communes du perche emeraude,72,247200686,AUTO_PROPAGATE_ELIGIBLE,6,,,,,0,,,NO_PROFILE_EVIDENCE,no normalized profile or participation domain for alias name,NO_PROFILE_DATA,False
A00378,communaute de communes sud sarthe,72,200073112,AUTO_PROPAGATE_ELIGIBLE,6,,,,,0,,,NO_PROFILE_EVIDENCE,no normalized profile or participation domain for alias name,NO_PROFILE_DATA,False
A00379,commune de cholet,44;49;79;85,214900995,AUTO_PROPAGATE_ELIGIBLE,6,,,,,0,,,NO_PROFILE_EVIDENCE,no normalized profile or participation domain for alias name,NO_PROFILE_DATA,False
A00380,commune de la chevroliere,44;85,214400418,AUTO_PROPAGATE_ELIGIBLE,6,mairie-lachevroliere.e-marchespublics.com,,mairie-lachevroliere.e-marchespublics.com,GENERIC_PLATFORM,1,2017-01-24,2017-01-24,NEUTRAL_SHARED_PLATFORM,only generic or shared institutional domains observed,HAS_PROFILE_DATA,False
A00381,commune de montaigu-vendee 85,85,200081115,AUTO_PROPAGATE_ELIGIBLE,6,,,,,0,,,NO_PROFILE_EVIDENCE,no normalized profile or participation domain for alias name,NO_PROFILE_DATA,False
A00382,commune de petit-mars,44,214401226,AUTO_PROPAGATE_ELIGIBLE,6,,,,,0,,,NO_PROFILE_EVIDENCE,no normalized profile or participation domain for alias name,NO_PROFILE_DATA,False
A00383,commune de rouans,44,214401457,AUTO_PROPAGATE_ELIGIBLE,6,,,,,0,,,NO_PROFILE_EVIDENCE,no normalized profile or participation domain for alias name,NO_PROFILE_DATA,False
A00384,commune de savigne l eveque,72,217203298,AUTO_PROPAGATE_ELIGIBLE,6,,,,,0,,,NO_PROFILE_EVIDENCE,no normalized profile or participation domain for alias name,NO_PROFILE_DATA,False
A00385,cpam de loire-atlantique,44,515163749,AUTO_PROPAGATE_ELIGIBLE,6,achatpublic.com,,achatpublic.com,GENERIC_PLATFORM,1,2019-07-08,2019-07-08,NEUTRAL_SHARED_PLATFORM,only generic or shared institutional domains observed,HAS_PROFILE_DATA,False
A00386,dir ouest,22;29;35;44;56,130001704,AUTO_PROPAGATE_ELIGIBLE,6,marches-publics.gouv.fr,marches-publics.gouv.fr,marches-publics.gouv.fr,GENERIC_PLATFORM,5,2019-06-14,2020-08-27,NEUTRAL_SHARED_PLATFORM,only generic or shared institutional domains observed,HAS_PROFILE_DATA,False
A00387,dreal pays de la loire,44;53,130006109,AUTO_PROPAGATE_ELIGIBLE,6,marches-publics.gouv.fr;ww.marches-publics.gouv.fr,marches-publics.gouv.fr,marches-publics.gouv.fr;ww.marches-publics.gouv.fr,GENERIC_PLATFORM,3,2015-06-15,2020-10-21,NEUTRAL_SHARED_PLATFORM,only generic or shared institutional domains observed,HAS_PROFILE_DATA,False
A00388,enseignement secondaire,44;49;53;72;85,234400034,AUTO_PROPAGATE_ELIGIBLE,6,,,,,0,,,NO_PROFILE_EVIDENCE,no normalized profile or participation domain for alias name,NO_PROFILE_DATA,False
A00389,epf de la vendee 123 boulevard louis blanc 85 000 la roche sur yon,85,524110921,AUTO_PROPAGATE_ELIGIBLE,6,,,,,0,,,NO_PROFILE_EVIDENCE,no normalized profile or participation domain for alias name,NO_PROFILE_DATA,False
A00390,eptb de la sevre nantaise,44,200034080,AUTO_PROPAGATE_ELIGIBLE,6,,,,,0,,,NO_PROFILE_EVIDENCE,no normalized profile or participation domain for alias name,NO_PROFILE_DATA,False
A00391,etablissement francais du sang centre-pays de la loire,37;44,428822852,AUTO_PROPAGATE_ELIGIBLE,6,,,,,0,,,NO_PROFILE_EVIDENCE,no normalized profile or participation domain for alias name,NO_PROFILE_DATA,False
A00392,i f c e,19;49,130010440,AUTO_PROPAGATE_ELIGIBLE,6,,,,,0,,,NO_PROFILE_EVIDENCE,no normalized profile or participation domain for alias name,NO_PROFILE_DATA,False
A00393,imt atlantique,22;29;35;44;56,180092025,AUTO_PROPAGATE_ELIGIBLE,6,,,,,0,,,NO_PROFILE_EVIDENCE,no normalized profile or participation domain for alias name,NO_PROFILE_DATA,False
A00394,l aiguillon-la-presqu ile,85,200096832,AUTO_PROPAGATE_ELIGIBLE,6,,,,,0,,,NO_PROFILE_EVIDENCE,no normalized profile or participation domain for alias name,NO_PROFILE_DATA,False
A00395,lycee grandmont,18;28;36;37;41;44;45;72;75,193700382,AUTO_PROPAGATE_ELIGIBLE,6,,,,,0,,,NO_PROFILE_EVIDENCE,no normalized profile or participation domain for alias name,NO_PROFILE_DATA,False
A00396,mairie d herbignac,44,214400723,AUTO_PROPAGATE_ELIGIBLE,6,,,,,0,,,NO_PROFILE_EVIDENCE,no normalized profile or participation domain for alias name,NO_PROFILE_DATA,False
A00397,mairie de cordemais,35;44;49;56;85,214400459,AUTO_PROPAGATE_ELIGIBLE,6,cordemais.e-marchespublics.com;cordemais.fr;e-marchespublics.com,,cordemais.e-marchespublics.com;cordemais.fr;e-marchespublics.com,BUYER_SPECIFIC;GENERIC_PLATFORM,3,2017-10-26,2019-09-19,STRONG_SUPPORT,alias has buyer-specific or highly concentrated profile-domain evidence,HAS_PROFILE_DATA,False
A00398,mairie de saint etienne de montluc,35;44;49;56,214401580,AUTO_PROPAGATE_ELIGIBLE,6,centraledesmarches.com;e-marchespublics.com;st-etienne-montluc.net,,centraledesmarches.com;e-marchespublics.com;st-etienne-montluc.net,BUYER_SPECIFIC;GENERIC_PLATFORM,3,2015-12-15,2019-10-03,STRONG_SUPPORT,alias has buyer-specific or highly concentrated profile-domain evidence,HAS_PROFILE_DATA,False
A00399,montaigu-vendee 85,85,200081115,AUTO_PROPAGATE_ELIGIBLE,6,,,,,0,,,NO_PROFILE_EVIDENCE,no normalized profile or participation domain for alias name,NO_PROFILE_DATA,False
A00400,nantes universite,44;85,130029747,AUTO_PROPAGATE_ELIGIBLE,6,,,,,0,,,NO_PROFILE_EVIDENCE,no normalized profile or participation domain for alias name,NO_PROFILE_DATA,False
A00401,podeliha,49;85,057201139,AUTO_PROPAGATE_ELIGIBLE,6,,,,,0,,,NO_PROFILE_EVIDENCE,no normalized profile or participation domain for alias name,NO_PROFILE_DATA,False
A00402,region bretagne,22;29;35;44;56,233500016,AUTO_PROPAGATE_ELIGIBLE,6,bretagne.bzh;e-megalisbretagne.fr;e-megalisbretagne.org;marches-megalisbretagne.org;marches.e-megalisbretagne.org;marches.megalis.bretagne.bzh;marches.megalisbretagne.org;megalis-bretagne.org;megalis.bretagne.bzh;megalisbretagne.org,marches.megalis.bretagne.bzh;marches.megalisbretagne.org,bretagne.bzh;e-megalisbretagne.fr;e-megalisbretagne.org;marches-megalisbretagne.org;marches.e-megalisbretagne.org;marches.megalis.bretagne.bzh;marches.megalisbretagne.org;megalis-bretagne.org;megalis.bretagne.bzh;megalisbretagne.org,BUYER_SPECIFIC;GENERIC_PLATFORM;HIGHLY_CONCENTRATED,18,2015-12-23,2020-12-17,STRONG_SUPPORT,alias has buyer-specific or highly concentrated profile-domain evidence,HAS_PROFILE_DATA,False
A00403,region des pays de la loire 1 rue de la loire 44966 nantes cedex 9,44;49;53;72;85,234400034,AUTO_PROPAGATE_ELIGIBLE,6,,,,,0,,,NO_PROFILE_EVIDENCE,no normalized profile or participation domain for alias name,NO_PROFILE_DATA,False
A00404,service public hospitalier,44,264400136,AUTO_PROPAGATE_ELIGIBLE,6,,,,,0,,,NO_PROFILE_EVIDENCE,no normalized profile or participation domain for alias name,NO_PROFILE_DATA,False
A00405,societe publique locale d alencon,61;72,818969552,AUTO_PROPAGATE_ELIGIBLE,6,,,,,0,,,NO_PROFILE_EVIDENCE,no normalized profile or participation domain for alias name,NO_PROFILE_DATA,False
A00406,spl erdre cens chezine restauration durable,44,980626808,AUTO_PROPAGATE_ELIGIBLE,6,,,,,0,,,NO_PROFILE_EVIDENCE,no normalized profile or participation domain for alias name,NO_PROFILE_DATA,False
A00407,syndicat mixte du pole metropolitain le mans-sarthe,72,200051944,AUTO_PROPAGATE_ELIGIBLE,6,,,,,0,,,NO_PROFILE_EVIDENCE,no normalized profile or participation domain for alias name,NO_PROFILE_DATA,False
A00408,terres de montaigu communaute d agglomeration,85,200070233,AUTO_PROPAGATE_ELIGIBLE,6,,,,,0,,,NO_PROFILE_EVIDENCE,no normalized profile or participation domain for alias name,NO_PROFILE_DATA,False
A00409,universite rennes 2,22;29;35;44;50;53;56,193509379,AUTO_PROPAGATE_ELIGIBLE,6,marches-publics.gouv.fr,,marches-publics.gouv.fr,GENERIC_PLATFORM,2,2017-06-24,2017-09-27,NEUTRAL_SHARED_PLATFORM,only generic or shared institutional domains observed,HAS_PROFILE_DATA,False
A00410,urssaf des pays de la loire,44,535104756,AUTO_PROPAGATE_ELIGIBLE,6,achatpublic.com,,achatpublic.com,GENERIC_PLATFORM,1,2019-08-25,2019-08-25,NEUTRAL_SHARED_PLATFORM,only generic or shared institutional domains observed,HAS_PROFILE_DATA,False
A00411,ville d aizenay,85,218500031,AUTO_PROPAGATE_ELIGIBLE,6,marches-securises.fr,marches-securises.fr,marches-securises.fr,GENERIC_PLATFORM,2,2019-02-02,2019-02-02,NEUTRAL_SHARED_PLATFORM,only generic or shared institutional domains observed,HAS_PROFILE_DATA,False
A00412,ville de le pouliguen,44,214401358,AUTO_PROPAGATE_ELIGIBLE,6,,,,,0,,,NO_PROFILE_EVIDENCE,no normalized profile or participation domain for alias name,NO_PROFILE_DATA,False
A00413,ville du poire sur vie 85,85,218501781,AUTO_PROPAGATE_ELIGIBLE,6,,,,,0,,,NO_PROFILE_EVIDENCE,no normalized profile or participation domain for alias name,NO_PROFILE_DATA,False
A00414,3rd anjou,49,254900517,AUTO_PROPAGATE_ELIGIBLE,5,,,,,0,,,NO_PROFILE_EVIDENCE,no normalized profile or participation domain for alias name,NO_PROFILE_DATA,False
A00415,alter public au nom et pour le compte de la ville d avrille,49,528848153,AUTO_PROPAGATE_ELIGIBLE,5,,,,,0,,,NO_PROFILE_EVIDENCE,no normalized profile or participation domain for alias name,NO_PROFILE_DATA,False
A00416,anjou bleu communaute 49,49,244900809,AUTO_PROPAGATE_ELIGIBLE,5,,,,,0,,,NO_PROFILE_EVIDENCE,no normalized profile or participation domain for alias name,NO_PROFILE_DATA,False
A00417,ca pornic agglo pays de retz,35;44;49;56;85,200067346,AUTO_PROPAGATE_ELIGIBLE,5,eu.eu-supply.com;synapse-ouest.com,synapse-ouest.com,eu.eu-supply.com;synapse-ouest.com,GENERIC_PLATFORM,3,2019-01-12,2020-12-02,NEUTRAL_SHARED_PLATFORM,only generic or shared institutional domains observed,HAS_PROFILE_DATA,False
A00418,ccas de la ville d angers 49,49,214900078,AUTO_PROPAGATE_ELIGIBLE,5,,,,,0,,,NO_PROFILE_EVIDENCE,no normalized profile or participation domain for alias name,NO_PROFILE_DATA,False
A00419,cci pau bearn,38;44;64;93,186400024,AUTO_PROPAGATE_ELIGIBLE,5,marches-publics.gouv.fr,,marches-publics.gouv.fr,GENERIC_PLATFORM,1,2020-12-10,2020-12-10,NEUTRAL_SHARED_PLATFORM,only generic or shared institutional domains observed,HAS_PROFILE_DATA,False
A00420,centre hospitalier universitaire d angers,49,264900036,AUTO_PROPAGATE_ELIGIBLE,5,,,,,0,,,NO_PROFILE_EVIDENCE,no normalized profile or participation domain for alias name,NO_PROFILE_DATA,False
A00421,chd vendee etablissement support du ght85,85,268502424,AUTO_PROPAGATE_ELIGIBLE,5,,,,,0,,,NO_PROFILE_EVIDENCE,no normalized profile or participation domain for alias name,NO_PROFILE_DATA,False
A00422,cholet agglomeration,49,200071678,AUTO_PROPAGATE_ELIGIBLE,5,,,,,0,,,NO_PROFILE_EVIDENCE,no normalized profile or participation domain for alias name,NO_PROFILE_DATA,False
A00423,communaute de communes de nozay,44,244400537,AUTO_PROPAGATE_ELIGIBLE,5,,,,,0,,,NO_PROFILE_EVIDENCE,no normalized profile or participation domain for alias name,NO_PROFILE_DATA,False
A00424,communaute de communes du pays de pontchateau st gildas des bois,44,200000438,AUTO_PROPAGATE_ELIGIBLE,5,,,,,0,,,NO_PROFILE_EVIDENCE,no normalized profile or participation domain for alias name,NO_PROFILE_DATA,False
A00425,commune d ancenis-saint-gereon,44,200083228,AUTO_PROPAGATE_ELIGIBLE,5,,,,,0,,,NO_PROFILE_EVIDENCE,no normalized profile or participation domain for alias name,NO_PROFILE_DATA,False
A00426,commune de beaufort-en-anjou,49,200058899,AUTO_PROPAGATE_ELIGIBLE,5,,,,,0,,,NO_PROFILE_EVIDENCE,no normalized profile or participation domain for alias name,NO_PROFILE_DATA,False
A00427,commune de bouin 85,85,218500296,AUTO_PROPAGATE_ELIGIBLE,5,,,,,0,,,NO_PROFILE_EVIDENCE,no normalized profile or participation domain for alias name,NO_PROFILE_DATA,False
A00428,commune de bournezeau 85,85,218500346,AUTO_PROPAGATE_ELIGIBLE,5,,,,,0,,,NO_PROFILE_EVIDENCE,no normalized profile or participation domain for alias name,NO_PROFILE_DATA,False
A00429,commune de chalonnes sur loire,49,214900631,AUTO_PROPAGATE_ELIGIBLE,5,,,,,0,,,NO_PROFILE_EVIDENCE,no normalized profile or participation domain for alias name,NO_PROFILE_DATA,False
A00430,commune de marigne-laille,72,217201870,AUTO_PROPAGATE_ELIGIBLE,5,,,,,0,,,NO_PROFILE_EVIDENCE,no normalized profile or participation domain for alias name,NO_PROFILE_DATA,False
A00431,commune de mortagne sur sevre 85,85,218501518,AUTO_PROPAGATE_ELIGIBLE,5,,,,,0,,,NO_PROFILE_EVIDENCE,no normalized profile or participation domain for alias name,NO_PROFILE_DATA,False
A00432,commune de mouilleron le captif 85,85,218501559,AUTO_PROPAGATE_ELIGIBLE,5,,,,,0,,,NO_PROFILE_EVIDENCE,no normalized profile or participation domain for alias name,NO_PROFILE_DATA,False
A00433,commune de noirmoutier en l ile,44;85,218501633,AUTO_PROPAGATE_ELIGIBLE,5,,,,,0,,,NO_PROFILE_EVIDENCE,no normalized profile or participation domain for alias name,NO_PROFILE_DATA,False
A00434,commune de precigne,72,217202449,AUTO_PROPAGATE_ELIGIBLE,5,,,,,0,,,NO_PROFILE_EVIDENCE,no normalized profile or participation domain for alias name,NO_PROFILE_DATA,False
A00435,commune de saint mars du desert,44,214401796,AUTO_PROPAGATE_ELIGIBLE,5,e-marchespublics.com,,e-marchespublics.com,GENERIC_PLATFORM,1,2017-11-06,2017-11-06,NEUTRAL_SHARED_PLATFORM,only generic or shared institutional domains observed,HAS_PROFILE_DATA,False
A00436,commune de sainte luce sur loire,44,214401721,AUTO_PROPAGATE_ELIGIBLE,5,,,,,0,,,NO_PROFILE_EVIDENCE,no normalized profile or participation domain for alias name,NO_PROFILE_DATA,False
A00437,commune du grand-luce,72,217201433,AUTO_PROPAGATE_ELIGIBLE,5,marches-publics.info,marches-publics.info,marches-publics.info,GENERIC_PLATFORM,2,2017-06-02,2017-06-02,NEUTRAL_SHARED_PLATFORM,only generic or shared institutional domains observed,HAS_PROFILE_DATA,False
A00438,commune du plessis grammoire 49,49,214902413,AUTO_PROPAGATE_ELIGIBLE,5,,,,,0,,,NO_PROFILE_EVIDENCE,no normalized profile or participation domain for alias name,NO_PROFILE_DATA,False
A00439,commune nouvelle de montval sur loir,44;49;72,200063196,AUTO_PROPAGATE_ELIGIBLE,5,,,,,0,,,NO_PROFILE_EVIDENCE,no normalized profile or participation domain for alias name,NO_PROFILE_DATA,False
A00440,direction de l administration penitentiaire,13;31;33;35;44;59;67;69;75,120012018,AUTO_PROPAGATE_ELIGIBLE,5,,,,,0,,,NO_PROFILE_EVIDENCE,no normalized profile or participation domain for alias name,NO_PROFILE_DATA,False
A00441,dreal pays de la loire,44,130006109,AUTO_PROPAGATE_ELIGIBLE,5,marches-publics.gouv.fr;ww.marches-publics.gouv.fr,marches-publics.gouv.fr,marches-publics.gouv.fr;ww.marches-publics.gouv.fr,GENERIC_PLATFORM,3,2015-06-15,2020-10-21,NEUTRAL_SHARED_PLATFORM,only generic or shared institutional domains observed,HAS_PROFILE_DATA,False
A00442,epcc les quinconces l espal,72,899828867,AUTO_PROPAGATE_ELIGIBLE,5,,,,,0,,,NO_PROFILE_EVIDENCE,no normalized profile or participation domain for alias name,NO_PROFILE_DATA,False
A00443,etablissement francais du sang centre pays de la loire,37;44,428822852,AUTO_PROPAGATE_ELIGIBLE,5,,,,,0,,,NO_PROFILE_EVIDENCE,no normalized profile or participation domain for alias name,NO_PROFILE_DATA,False
A00444,etablissement public foncier de loire-atlantique,44,754078475,AUTO_PROPAGATE_ELIGIBLE,5,,,,,0,,,NO_PROFILE_EVIDENCE,no normalized profile or participation domain for alias name,NO_PROFILE_DATA,False
A00445,fondation nantes universite,44,529791816,AUTO_PROPAGATE_ELIGIBLE,5,,,,,0,,,NO_PROFILE_EVIDENCE,no normalized profile or participation domain for alias name,NO_PROFILE_DATA,False
A00446,gemapi,44,200055127,AUTO_PROPAGATE_ELIGIBLE,5,,,,,0,,,NO_PROFILE_EVIDENCE,no normalized profile or participation domain for alias name,NO_PROFILE_DATA,False
A00447,gie nge,44,830410965,AUTO_PROPAGATE_ELIGIBLE,5,,,,,0,,,NO_PROFILE_EVIDENCE,no normalized profile or participation domain for alias name,NO_PROFILE_DATA,False
A00448,gie saumur val de loire,49,953695673,AUTO_PROPAGATE_ELIGIBLE,5,,,,,0,,,NO_PROFILE_EVIDENCE,no normalized profile or participation domain for alias name,NO_PROFILE_DATA,False
A00449,gie sesam-vitale,72,391722881,AUTO_PROPAGATE_ELIGIBLE,5,,,,,0,,,NO_PROFILE_EVIDENCE,no normalized profile or participation domain for alias name,NO_PROFILE_DATA,False
A00450,grand port maritime de nantes saint nazaire 18 quai ernest renaud nantes 44186,44,775604853,AUTO_PROPAGATE_ELIGIBLE,5,,,,,0,,,NO_PROFILE_EVIDENCE,no normalized profile or participation domain for alias name,NO_PROFILE_DATA,False
A00451,institut public ocens,44,264402702,AUTO_PROPAGATE_ELIGIBLE,5,,,,,0,,,NO_PROFILE_EVIDENCE,no normalized profile or participation domain for alias name,NO_PROFILE_DATA,False
A00452,institution de gestion sociale des armees - igesa,44,180090060,AUTO_PROPAGATE_ELIGIBLE,5,,,,,0,,,NO_PROFILE_EVIDENCE,no normalized profile or participation domain for alias name,NO_PROFILE_DATA,False
A00453,la fabrik du sud loire,44,130026040,AUTO_PROPAGATE_ELIGIBLE,5,,,,,0,,,NO_PROFILE_EVIDENCE,no normalized profile or participation domain for alias name,NO_PROFILE_DATA,False
A00454,la roche-sur-yon agglomeration,85,248500589,AUTO_PROPAGATE_ELIGIBLE,5,marches-securises.fr,,marches-securises.fr,GENERIC_PLATFORM,2,2016-05-26,2020-10-16,NEUTRAL_SHARED_PLATFORM,only generic or shared institutional domains observed,HAS_PROFILE_DATA,False
A00455,loire atlantique nautisme,44,808417075,AUTO_PROPAGATE_ELIGIBLE,5,,,,,0,,,NO_PROFILE_EVIDENCE,no normalized profile or participation domain for alias name,NO_PROFILE_DATA,False
A00456,lycee chevrollier,49,194900031,AUTO_PROPAGATE_ELIGIBLE,5,lyceechevrollier.e-marchespublics.com,,lyceechevrollier.e-marchespublics.com,GENERIC_PLATFORM,1,2020-01-25,2020-01-25,NEUTRAL_SHARED_PLATFORM,only generic or shared institutional domains observed,HAS_PROFILE_DATA,False
A00457,mairie de bouguenais,44,214400202,AUTO_PROPAGATE_ELIGIBLE,5,,,,,0,,,NO_PROFILE_EVIDENCE,no normalized profile or participation domain for alias name,NO_PROFILE_DATA,False
A00458,mfr - ifacom 85,85,342299716,AUTO_PROPAGATE_ELIGIBLE,5,,,,,0,,,NO_PROFILE_EVIDENCE,no normalized profile or participation domain for alias name,NO_PROFILE_DATA,False
A00459,msa 44-85,44;85,521676155,AUTO_PROPAGATE_ELIGIBLE,5,,,,,0,,,NO_PROFILE_EVIDENCE,no normalized profile or participation domain for alias name,NO_PROFILE_DATA,False
A00460,orne habitat,14;27;28;35;50;53;61;72;76,495176158,AUTO_PROPAGATE_ELIGIBLE,5,,,,,0,,,NO_PROFILE_EVIDENCE,no normalized profile or participation domain for alias name,NO_PROFILE_DATA,False
A00461,petr pays vallee du loir,72,200076396,AUTO_PROPAGATE_ELIGIBLE,5,pays-valleeduloir.fr,,pays-valleeduloir.fr,SHARED_INSTITUTIONAL,1,2018-07-18,2018-07-18,NEUTRAL_SHARED_PLATFORM,only generic or shared institutional domains observed,HAS_PROFILE_DATA,False
A00462,podeliha,85,057201139,AUTO_PROPAGATE_ELIGIBLE,5,,,,,0,,,NO_PROFILE_EVIDENCE,no normalized profile or participation domain for alias name,NO_PROFILE_DATA,False
A00463,port de nantes saint-nazaire,44,775604853,AUTO_PROPAGATE_ELIGIBLE,5,,,,,0,,,NO_PROFILE_EVIDENCE,no normalized profile or participation domain for alias name,NO_PROFILE_DATA,False
A00464,prefecture de la charente - maritime,16;17;33;79;85;86,171700016,AUTO_PROPAGATE_ELIGIBLE,5,,,,,0,,,NO_PROFILE_EVIDENCE,no normalized profile or participation domain for alias name,NO_PROFILE_DATA,False
A00465,region pays de la loire,44;49;53;72,234400034,AUTO_PROPAGATE_ELIGIBLE,5,,,,,0,,,NO_PROFILE_EVIDENCE,no normalized profile or participation domain for alias name,NO_PROFILE_DATA,False
A00466,saeml vendee energie,85,752561878,AUTO_PROPAGATE_ELIGIBLE,5,vendee-energie.e-marchespublics.com,,vendee-energie.e-marchespublics.com,GENERIC_PLATFORM,1,2020-11-21,2020-11-21,NEUTRAL_SHARED_PLATFORM,only generic or shared institutional domains observed,HAS_PROFILE_DATA,False
A00467,saep dollon perche vairais,72,938364494,AUTO_PROPAGATE_ELIGIBLE,5,,,,,0,,,NO_PROFILE_EVIDENCE,no normalized profile or participation domain for alias name,NO_PROFILE_DATA,False
A00468,samoa agissant au nom et pour le compte de nantes metropole,44,450452115,AUTO_PROPAGATE_ELIGIBLE,5,,,,,0,,,NO_PROFILE_EVIDENCE,no normalized profile or participation domain for alias name,NO_PROFILE_DATA,False
A00469,sdis 49 - maine et loire,49,284900016,AUTO_PROPAGATE_ELIGIBLE,5,,,,,0,,,NO_PROFILE_EVIDENCE,no normalized profile or participation domain for alias name,NO_PROFILE_DATA,False
A00470,sdis 79 deux sevres,17;79;85;86,287900336,AUTO_PROPAGATE_ELIGIBLE,5,,,,,0,,,NO_PROFILE_EVIDENCE,no normalized profile or participation domain for alias name,NO_PROFILE_DATA,False
A00471,sdis de la vendee,85,288500010,AUTO_PROPAGATE_ELIGIBLE,5,,,,,0,,,NO_PROFILE_EVIDENCE,no normalized profile or participation domain for alias name,NO_PROFILE_DATA,False
A00472,service achats ach,44,775604853,AUTO_PROPAGATE_ELIGIBLE,5,,,,,0,,,NO_PROFILE_EVIDENCE,no normalized profile or participation domain for alias name,NO_PROFILE_DATA,False
A00473,service departemental d incendie et de secours de maine et loire,35;44;49;53;72,284900016,AUTO_PROPAGATE_ELIGIBLE,5,,,,,0,,,NO_PROFILE_EVIDENCE,no normalized profile or participation domain for alias name,NO_PROFILE_DATA,False
A00474,sevre loire habitat,49,342007812,AUTO_PROPAGATE_ELIGIBLE,5,achatpublic.com,,achatpublic.com,GENERIC_PLATFORM,1,2020-07-24,2020-07-24,NEUTRAL_SHARED_PLATFORM,only generic or shared institutional domains observed,HAS_PROFILE_DATA,False
A00475,syndicat intercommunal d energies de maine-et-loire,49,254901309,AUTO_PROPAGATE_ELIGIBLE,5,,,,,0,,,NO_PROFILE_EVIDENCE,no normalized profile or participation domain for alias name,NO_PROFILE_DATA,False
A00476,syndicat mixte edenn,44,200079077,AUTO_PROPAGATE_ELIGIBLE,5,,,,,0,,,NO_PROFILE_EVIDENCE,no normalized profile or participation domain for alias name,NO_PROFILE_DATA,False
A00477,territoire d energie de mayenne 53,53,200082477,AUTO_PROPAGATE_ELIGIBLE,5,,,,,0,,,NO_PROFILE_EVIDENCE,no normalized profile or participation domain for alias name,NO_PROFILE_DATA,False
A00478,ugecam bretagne pays de la loire,44,428692008,AUTO_PROPAGATE_ELIGIBLE,5,,,,,0,,,NO_PROFILE_EVIDENCE,no normalized profile or participation domain for alias name,NO_PROFILE_DATA,False
A00479,universite de rennes,22;35;44;50;53;56,130030513,AUTO_PROPAGATE_ELIGIBLE,5,,,,,0,,,NO_PROFILE_EVIDENCE,no normalized profile or participation domain for alias name,NO_PROFILE_DATA,False
A00480,universite de rennes,22;35;50;53;56,130030513,AUTO_PROPAGATE_ELIGIBLE,5,,,,,0,,,NO_PROFILE_EVIDENCE,no normalized profile or participation domain for alias name,NO_PROFILE_DATA,False
A00481,universite de rennes,35;44;75,130030513,AUTO_PROPAGATE_ELIGIBLE,5,,,,,0,,,NO_PROFILE_EVIDENCE,no normalized profile or participation domain for alias name,NO_PROFILE_DATA,False
A00482,ville d auray,22;29;35;44;56,215600073,AUTO_PROPAGATE_ELIGIBLE,5,marches.megalisbretagne.org;megalis.bretagne.bzh;megalisbretagne.org,megalis.bretagne.bzh,marches.megalisbretagne.org;megalis.bretagne.bzh;megalisbretagne.org,GENERIC_PLATFORM,5,2016-06-22,2020-09-23,NEUTRAL_SHARED_PLATFORM,only generic or shared institutional domains observed,HAS_PROFILE_DATA,False
A00483,ville d ecouflant,44;49;53;72;85,214901290,AUTO_PROPAGATE_ELIGIBLE,5,alm.marches-securises.fr;marches-securises.fr;metropole-angers.marcoweb.fr,,alm.marches-securises.fr;marches-securises.fr;metropole-angers.marcoweb.fr,GENERIC_PLATFORM;SHARED_INSTITUTIONAL,3,2015-11-25,2019-04-15,NEUTRAL_SHARED_PLATFORM,only generic or shared institutional domains observed,HAS_PROFILE_DATA,False
A00484,ville d indre 44,44,214400749,AUTO_PROPAGATE_ELIGIBLE,5,,,,,0,,,NO_PROFILE_EVIDENCE,no normalized profile or participation domain for alias name,NO_PROFILE_DATA,False
A00485,ville de bouchemaine,49,214900359,AUTO_PROPAGATE_ELIGIBLE,5,alm.marches-securises.fr;marches-securises.fr;metropole-angers.marcoweb.fr,,alm.marches-securises.fr;marches-securises.fr;metropole-angers.marcoweb.fr,GENERIC_PLATFORM;SHARED_INSTITUTIONAL,3,2015-11-13,2019-02-04,NEUTRAL_SHARED_PLATFORM,only generic or shared institutional domains observed,HAS_PROFILE_DATA,False
A00486,ville de ouistreham,14;27;28;35;50;53;61;72;76,211404884,AUTO_PROPAGATE_ELIGIBLE,5,ouistreham-rivabella.fr;ville-ouistreham.e-marchespublics.com,,ouistreham-rivabella.fr;ville-ouistreham.e-marchespublics.com,GENERIC_PLATFORM;SHARED_INSTITUTIONAL,2,2017-11-08,2018-10-20,NEUTRAL_SHARED_PLATFORM,only generic or shared institutional domains observed,HAS_PROFILE_DATA,False
A00487,ville de pornic,35;44;56;85,214401317,AUTO_PROPAGATE_ELIGIBLE,5,,,,,0,,,NO_PROFILE_EVIDENCE,no normalized profile or participation domain for alias name,NO_PROFILE_DATA,False
A00488,21440131700018,35;44;56;85,214401317,AUTO_PROPAGATE_ELIGIBLE,4,,,,,0,,,NO_PROFILE_EVIDENCE,no normalized profile or participation domain for alias name,NO_PROFILE_DATA,False
A00489,ars pays de la loire,44;49;53;72;85,130008006,AUTO_PROPAGATE_ELIGIBLE,4,marches-publics.gouv.fr;pays-de-la-loire.ars.sante.fr,,marches-publics.gouv.fr;pays-de-la-loire.ars.sante.fr,BUYER_SPECIFIC;GENERIC_PLATFORM,2,2019-12-04,2020-01-26,STRONG_SUPPORT,alias has buyer-specific or highly concentrated profile-domain evidence,HAS_PROFILE_DATA,False
A00490,cap atlantique,44;56,244400610,AUTO_PROPAGATE_ELIGIBLE,4,achatpublic.com;agysoft.marches-publics.info;cap-atlantique.achatpublic.com,agysoft.marches-publics.info,achatpublic.com;agysoft.marches-publics.info;cap-atlantique.achatpublic.com,GENERIC_PLATFORM,5,2016-03-30,2020-06-10,NEUTRAL_SHARED_PLATFORM,only generic or shared institutional domains observed,HAS_PROFILE_DATA,False
A00491,cap lan,44,264402595,AUTO_PROPAGATE_ELIGIBLE,4,,,,,0,,,NO_PROFILE_EVIDENCE,no normalized profile or participation domain for alias name,NO_PROFILE_DATA,False
A00492,cc loire layon aubance,35;37;44;49;53;72;79;85;86,200071553,AUTO_PROPAGATE_ELIGIBLE,4,,,,,0,,,NO_PROFILE_EVIDENCE,no normalized profile or participation domain for alias name,NO_PROFILE_DATA,False
A00493,cc loire layon aubance,49,200071553,AUTO_PROPAGATE_ELIGIBLE,4,,,,,0,,,NO_PROFILE_EVIDENCE,no normalized profile or participation domain for alias name,NO_PROFILE_DATA,False
A00494,centre de gestion de la fonction publique territoriale de la vendee 85,85,288500028,AUTO_PROPAGATE_ELIGIBLE,4,,,,,0,,,NO_PROFILE_EVIDENCE,no normalized profile or participation domain for alias name,NO_PROFILE_DATA,False
A00495,centre hospitalier le mans,72,267200160,AUTO_PROPAGATE_ELIGIBLE,4,,,,,0,,,NO_PROFILE_EVIDENCE,no normalized profile or participation domain for alias name,NO_PROFILE_DATA,False
A00496,chambre de commerce et d industrie de la vendee,17;44;49;79;85,188500490,AUTO_PROPAGATE_ELIGIBLE,4,,,,,0,,,NO_PROFILE_EVIDENCE,no normalized profile or participation domain for alias name,NO_PROFILE_DATA,False
A00497,chambre de commerce et d industrie de la vendee,85,188500490,AUTO_PROPAGATE_ELIGIBLE,4,,,,,0,,,NO_PROFILE_EVIDENCE,no normalized profile or participation domain for alias name,NO_PROFILE_DATA,False
A00498,chambre de commerce et d industrie nantes saint-nazaire,44,130008105,AUTO_PROPAGATE_ELIGIBLE,4,,,,,0,,,NO_PROFILE_EVIDENCE,no normalized profile or participation domain for alias name,NO_PROFILE_DATA,False
A00499,chd vendee etablissement support du ght 85,85,268502424,AUTO_PROPAGATE_ELIGIBLE,4,,,,,0,,,NO_PROFILE_EVIDENCE,no normalized profile or participation domain for alias name,NO_PROFILE_DATA,False
A00500,chu nantes,35;44;56;85,264400136,AUTO_PROPAGATE_ELIGIBLE,4,marches-publics.gouv.fr,,marches-publics.gouv.fr,GENERIC_PLATFORM,1,2020-11-15,2020-11-15,NEUTRAL_SHARED_PLATFORM,only generic or shared institutional domains observed,HAS_PROFILE_DATA,False
A00501,cias de la roche-sur-yon 85,85,200096659,AUTO_PROPAGATE_ELIGIBLE,4,,,,,0,,,NO_PROFILE_EVIDENCE,no normalized profile or participation domain for alias name,NO_PROFILE_DATA,False
A00502,cias du pays de saint gilles croix de vie 85,85,200061265,AUTO_PROPAGATE_ELIGIBLE,4,,,,,0,,,NO_PROFILE_EVIDENCE,no normalized profile or participation domain for alias name,NO_PROFILE_DATA,False
A00503,cias terres de montaigu 85,85,200073922,AUTO_PROPAGATE_ELIGIBLE,4,,,,,0,,,NO_PROFILE_EVIDENCE,no normalized profile or participation domain for alias name,NO_PROFILE_DATA,False
A00504,cisn cooperative,44,005580113,AUTO_PROPAGATE_ELIGIBLE,4,,,,,0,,,NO_PROFILE_EVIDENCE,no normalized profile or participation domain for alias name,NO_PROFILE_DATA,False
A00505,clisson sevre et maine agglo,44;49;85,200067635,AUTO_PROPAGATE_ELIGIBLE,4,marches-securises.fr,marches-securises.fr,marches-securises.fr,GENERIC_PLATFORM,2,2019-01-20,2019-01-20,NEUTRAL_SHARED_PLATFORM,only generic or shared institutional domains observed,HAS_PROFILE_DATA,False
A00506,cnfpt - inset angers,49,180014045,AUTO_PROPAGATE_ELIGIBLE,4,,,,,0,,,NO_PROFILE_EVIDENCE,no normalized profile or participation domain for alias name,NO_PROFILE_DATA,False
A00507,cnieg caisse nationale des industries electriques et gazieres,44;49,478650385,AUTO_PROPAGATE_ELIGIBLE,4,,,,,0,,,NO_PROFILE_EVIDENCE,no normalized profile or participation domain for alias name,NO_PROFILE_DATA,False
A00508,communaute de communes de pleyben-chateaulin-porzay,22;29;35;44,200067247,AUTO_PROPAGATE_ELIGIBLE,4,,,,,0,,,NO_PROFILE_EVIDENCE,no normalized profile or participation domain for alias name,NO_PROFILE_DATA,False
A00509,communaute de communes du bocage mayennais 53,53,245300389,AUTO_PROPAGATE_ELIGIBLE,4,,,,,0,,,NO_PROFILE_EVIDENCE,no normalized profile or participation domain for alias name,NO_PROFILE_DATA,False
A00510,commune de cesson-sevigne,22;29;35;53,213500515,AUTO_PROPAGATE_ELIGIBLE,4,,,,,0,,,NO_PROFILE_EVIDENCE,no normalized profile or participation domain for alias name,NO_PROFILE_DATA,False
A00511,commune de cesson-sevigne,22;35;44;49;50;53;56,213500515,AUTO_PROPAGATE_ELIGIBLE,4,,,,,0,,,NO_PROFILE_EVIDENCE,no normalized profile or participation domain for alias name,NO_PROFILE_DATA,False
A00512,commune de cesson-sevigne,22;35;53;56,213500515,AUTO_PROPAGATE_ELIGIBLE,4,,,,,0,,,NO_PROFILE_EVIDENCE,no normalized profile or participation domain for alias name,NO_PROFILE_DATA,False
A00513,commune de chateau gontier sur mayenne 53,53,200084655,AUTO_PROPAGATE_ELIGIBLE,4,,,,,0,,,NO_PROFILE_EVIDENCE,no normalized profile or participation domain for alias name,NO_PROFILE_DATA,False
A00514,commune de coudrecieux,72,217200948,AUTO_PROPAGATE_ELIGIBLE,4,,,,,0,,,NO_PROFILE_EVIDENCE,no normalized profile or participation domain for alias name,NO_PROFILE_DATA,False
A00515,commune de durtal,49,214901274,AUTO_PROPAGATE_ELIGIBLE,4,,,,,0,,,NO_PROFILE_EVIDENCE,no normalized profile or participation domain for alias name,NO_PROFILE_DATA,False
A00516,commune de grandchamp des fontaines,44,214400665,AUTO_PROPAGATE_ELIGIBLE,4,,,,,0,,,NO_PROFILE_EVIDENCE,no normalized profile or participation domain for alias name,NO_PROFILE_DATA,False
A00517,commune de l huisserie,53,215301193,AUTO_PROPAGATE_ELIGIBLE,4,,,,,0,,,NO_PROFILE_EVIDENCE,no normalized profile or participation domain for alias name,NO_PROFILE_DATA,False
A00518,commune de la bazoge,72,217200245,AUTO_PROPAGATE_ELIGIBLE,4,,,,,0,,,NO_PROFILE_EVIDENCE,no normalized profile or participation domain for alias name,NO_PROFILE_DATA,False
A00519,commune de la ferte-bernard,28;72,217201326,AUTO_PROPAGATE_ELIGIBLE,4,,,,,0,,,NO_PROFILE_EVIDENCE,no normalized profile or participation domain for alias name,NO_PROFILE_DATA,False
A00520,commune de lege 44,44;85,214400814,AUTO_PROPAGATE_ELIGIBLE,4,,,,,0,,,NO_PROFILE_EVIDENCE,no normalized profile or participation domain for alias name,NO_PROFILE_DATA,False
A00521,commune de lys-haut-layon,49,200059475,AUTO_PROPAGATE_ELIGIBLE,4,,,,,0,,,NO_PROFILE_EVIDENCE,no normalized profile or participation domain for alias name,NO_PROFILE_DATA,False
A00522,commune de mareuil sur lay dissais 85,85,218501351,AUTO_PROPAGATE_ELIGIBLE,4,,,,,0,,,NO_PROFILE_EVIDENCE,no normalized profile or participation domain for alias name,NO_PROFILE_DATA,False
A00523,commune de nantes,44,214401093,AUTO_PROPAGATE_ELIGIBLE,4,marches.publics.nantesmetropole.fr;marchespublics.nantesmetropole;marchespublics.nantesmetropole.fr,,marches.publics.nantesmetropole.fr;marchespublics.nantesmetropole;marchespublics.nantesmetropole.fr,BUYER_SPECIFIC;HIGHLY_CONCENTRATED;SHARED_INSTITUTIONAL,5,2018-05-03,2020-11-15,STRONG_SUPPORT,alias has buyer-specific or highly concentrated profile-domain evidence,HAS_PROFILE_DATA,False
A00524,commune de nort-sur-erdre,44,214401101,AUTO_PROPAGATE_ELIGIBLE,4,,,,,0,,,NO_PROFILE_EVIDENCE,no normalized profile or participation domain for alias name,NO_PROFILE_DATA,False
A00525,commune de pont-chateau,44,214401291,AUTO_PROPAGATE_ELIGIBLE,4,centraledesmarches.com,demat.centraledesmarches.com,centraledesmarches.com;demat.centraledesmarches.com,GENERIC_PLATFORM,2,2019-01-25,2019-01-25,NEUTRAL_SHARED_PLATFORM,only generic or shared institutional domains observed,HAS_PROFILE_DATA,False
A00526,commune de saint colomban 44,44,214401556,AUTO_PROPAGATE_ELIGIBLE,4,,,,,0,,,NO_PROFILE_EVIDENCE,no normalized profile or participation domain for alias name,NO_PROFILE_DATA,False
A00527,commune de saint hilaire de riez,85,218502268,AUTO_PROPAGATE_ELIGIBLE,4,,,,,0,,,NO_PROFILE_EVIDENCE,no normalized profile or participation domain for alias name,NO_PROFILE_DATA,False
A00528,commune de saint philbert de bouaine 85,85,218502623,AUTO_PROPAGATE_ELIGIBLE,4,,,,,0,,,NO_PROFILE_EVIDENCE,no normalized profile or participation domain for alias name,NO_PROFILE_DATA,False
A00529,commune de saint-herblain,44,214401622,AUTO_PROPAGATE_ELIGIBLE,4,achatpublic.com,achatpublic.com,achatpublic.com,GENERIC_PLATFORM,2,2020-09-30,2020-09-30,NEUTRAL_SHARED_PLATFORM,only generic or shared institutional domains observed,HAS_PROFILE_DATA,False
A00530,commune de saint-pierre-lacour,53,215302472,AUTO_PROPAGATE_ELIGIBLE,4,,,,,0,,,NO_PROFILE_EVIDENCE,no normalized profile or participation domain for alias name,NO_PROFILE_DATA,False
A00531,commune de sille-le-philippe,72,217203355,AUTO_PROPAGATE_ELIGIBLE,4,,,,,0,,,NO_PROFILE_EVIDENCE,no normalized profile or participation domain for alias name,NO_PROFILE_DATA,False
A00532,commune de vallet,44,214402125,AUTO_PROPAGATE_ELIGIBLE,4,achatpublic.com;commune-vallet.e-marchespublics.com,,achatpublic.com;commune-vallet.e-marchespublics.com,GENERIC_PLATFORM,2,2019-03-05,2020-10-01,NEUTRAL_SHARED_PLATFORM,only generic or shared institutional domains observed,HAS_PROFILE_DATA,False
A00533,commune du croisic,44;56;85,214400491,AUTO_PROPAGATE_ELIGIBLE,4,agysoft.marches-publics.info,,agysoft.marches-publics.info,GENERIC_PLATFORM,1,2020-01-23,2020-01-23,NEUTRAL_SHARED_PLATFORM,only generic or shared institutional domains observed,HAS_PROFILE_DATA,False
A00534,commune les sables d olonne,85,200082139,AUTO_PROPAGATE_ELIGIBLE,4,marches-securises.fr,marches-securises.fr,marches-securises.fr,GENERIC_PLATFORM,2,2020-11-08,2020-11-08,NEUTRAL_SHARED_PLATFORM,only generic or shared institutional domains observed,HAS_PROFILE_DATA,False
A00535,commune saint philbert de grand lieu,44,214401887,AUTO_PROPAGATE_ELIGIBLE,4,mairie-stphilbert.e-marchespublics.com,,mairie-stphilbert.e-marchespublics.com,GENERIC_PLATFORM,1,2019-05-09,2019-05-09,NEUTRAL_SHARED_PLATFORM,only generic or shared institutional domains observed,HAS_PROFILE_DATA,False
A00536,crous de nantes,44;49;53;72;85,184401321,AUTO_PROPAGATE_ELIGIBLE,4,achatpublic.com,achatpublic.com,achatpublic.com,GENERIC_PLATFORM,2,2020-06-14,2020-06-14,NEUTRAL_SHARED_PLATFORM,only generic or shared institutional domains observed,HAS_PROFILE_DATA,False
A00537,crous de nantes pays de la loire,44,184401321,AUTO_PROPAGATE_ELIGIBLE,4,,,,,0,,,NO_PROFILE_EVIDENCE,no normalized profile or participation domain for alias name,NO_PROFILE_DATA,False
A00538,departement de loire-atlantique,44,224400028,AUTO_PROPAGATE_ELIGIBLE,4,,,,,0,,,NO_PROFILE_EVIDENCE,no normalized profile or participation domain for alias name,NO_PROFILE_DATA,False
A00539,dgac dsna dsr sdfi dsa pole achats athis,44;91,120064019,AUTO_PROPAGATE_ELIGIBLE,4,,,,,0,,,NO_PROFILE_EVIDENCE,no normalized profile or participation domain for alias name,NO_PROFILE_DATA,False
A00540,dir ouest,22;29;35;44;49;53;56,130001704,AUTO_PROPAGATE_ELIGIBLE,4,marches-publics.gouv.fr,marches-publics.gouv.fr,marches-publics.gouv.fr,GENERIC_PLATFORM,5,2019-06-14,2020-08-27,NEUTRAL_SHARED_PLATFORM,only generic or shared institutional domains observed,HAS_PROFILE_DATA,False
A00541,ehpad bellevue,53,265300129,AUTO_PROPAGATE_ELIGIBLE,4,,,,,0,,,NO_PROFILE_EVIDENCE,no normalized profile or participation domain for alias name,NO_PROFILE_DATA,False
A00542,eplefpa la germiniere,72,197200108,AUTO_PROPAGATE_ELIGIBLE,4,,,,,0,,,NO_PROFILE_EVIDENCE,no normalized profile or participation domain for alias name,NO_PROFILE_DATA,False
A00543,epms le littoral,44,264403015,AUTO_PROPAGATE_ELIGIBLE,4,,,,,0,,,NO_PROFILE_EVIDENCE,no normalized profile or participation domain for alias name,NO_PROFILE_DATA,False
A00544,epms le littoral 55 avenue de bodon 44250 st brevin les pins,44,264403015,AUTO_PROPAGATE_ELIGIBLE,4,,,,,0,,,NO_PROFILE_EVIDENCE,no normalized profile or participation domain for alias name,NO_PROFILE_DATA,False
A00545,france travail,44,130005481,AUTO_PROPAGATE_ELIGIBLE,4,,,,,0,,,NO_PROFILE_EVIDENCE,no normalized profile or participation domain for alias name,NO_PROFILE_DATA,False
A00546,grand port maritime,44,775604853,AUTO_PROPAGATE_ELIGIBLE,4,,,,,0,,,NO_PROFILE_EVIDENCE,no normalized profile or participation domain for alias name,NO_PROFILE_DATA,False
A00547,grand port maritime de nantes saint-nazaire,35;44;49;85,775604853,AUTO_PROPAGATE_ELIGIBLE,4,,,,,0,,,NO_PROFILE_EVIDENCE,no normalized profile or participation domain for alias name,NO_PROFILE_DATA,False
A00548,grand port maritime de nantes saint-nazaire service achats magasins ach,44,775604853,AUTO_PROPAGATE_ELIGIBLE,4,,,,,0,,,NO_PROFILE_EVIDENCE,no normalized profile or participation domain for alias name,NO_PROFILE_DATA,False
A00549,grand port maritime de nantes saintnazaire service achat,44,775604853,AUTO_PROPAGATE_ELIGIBLE,4,,,,,0,,,NO_PROFILE_EVIDENCE,no normalized profile or participation domain for alias name,NO_PROFILE_DATA,False
A00550,grand port maritime de nantes saintnazaire service achat siret 77560485300041 18 quai ernest renaud - nantes 44186 http www nantes port fr marchespublics,44,775604853,AUTO_PROPAGATE_ELIGIBLE,4,,,,,0,,,NO_PROFILE_EVIDENCE,no normalized profile or participation domain for alias name,NO_PROFILE_DATA,False
A00551,grand port maritime nantes saint-nazaire,44,775604853,AUTO_PROPAGATE_ELIGIBLE,4,,,,,0,,,NO_PROFILE_EVIDENCE,no normalized profile or participation domain for alias name,NO_PROFILE_DATA,False
A00552,groupe cisn,44,006380158,AUTO_PROPAGATE_ELIGIBLE,4,,,,,0,,,NO_PROFILE_EVIDENCE,no normalized profile or participation domain for alias name,NO_PROFILE_DATA,False
A00553,ia-gipafoc,44,424175461,AUTO_PROPAGATE_ELIGIBLE,4,,,,,0,,,NO_PROFILE_EVIDENCE,no normalized profile or participation domain for alias name,NO_PROFILE_DATA,False
A00554,imt atlantique,44,180092025,AUTO_PROPAGATE_ELIGIBLE,4,,,,,0,,,NO_PROFILE_EVIDENCE,no normalized profile or participation domain for alias name,NO_PROFILE_DATA,False
A00555,inrae centre pays de la loire,44;49,180070039,AUTO_PROPAGATE_ELIGIBLE,4,,,,,0,,,NO_PROFILE_EVIDENCE,no normalized profile or participation domain for alias name,NO_PROFILE_DATA,False
A00556,institut francais du cheval et de l equitation,49,130010440,AUTO_PROPAGATE_ELIGIBLE,4,,,,,0,,,NO_PROFILE_EVIDENCE,no normalized profile or participation domain for alias name,NO_PROFILE_DATA,False
A00557,institut mines-telecom atlantique,29;35;44,180092025,AUTO_PROPAGATE_ELIGIBLE,4,marches-publics.gouv.fr,,marches-publics.gouv.fr,GENERIC_PLATFORM,1,2019-02-20,2019-02-20,NEUTRAL_SHARED_PLATFORM,only generic or shared institutional domains observed,HAS_PROFILE_DATA,False
A00558,le mans universite,72,197209166,AUTO_PROPAGATE_ELIGIBLE,4,,,,,0,,,NO_PROFILE_EVIDENCE,no normalized profile or participation domain for alias name,NO_PROFILE_DATA,False
A00559,le plongeoir - cite du cirque,72,505190645,AUTO_PROPAGATE_ELIGIBLE,4,,,,,0,,,NO_PROFILE_EVIDENCE,no normalized profile or participation domain for alias name,NO_PROFILE_DATA,False
A00560,les ports de loire-atlantique,44,200091007,AUTO_PROPAGATE_ELIGIBLE,4,,,,,0,,,NO_PROFILE_EVIDENCE,no normalized profile or participation domain for alias name,NO_PROFILE_DATA,False
A00561,mairie de coueron,44;85,214400475,AUTO_PROPAGATE_ELIGIBLE,4,achatpublic.com,,achatpublic.com,GENERIC_PLATFORM,1,2020-11-03,2020-11-03,NEUTRAL_SHARED_PLATFORM,only generic or shared institutional domains observed,HAS_PROFILE_DATA,False
A00562,mairie de saint herblain,44,214401622,AUTO_PROPAGATE_ELIGIBLE,4,,,,,0,,,NO_PROFILE_EVIDENCE,no normalized profile or participation domain for alias name,NO_PROFILE_DATA,False
A00563,mairie de treillieres,44,214402091,AUTO_PROPAGATE_ELIGIBLE,4,,,,,0,,,NO_PROFILE_EVIDENCE,no normalized profile or participation domain for alias name,NO_PROFILE_DATA,False
A00564,mairie st julien de concelles,44,214401697,AUTO_PROPAGATE_ELIGIBLE,4,,,,,0,,,NO_PROFILE_EVIDENCE,no normalized profile or participation domain for alias name,NO_PROFILE_DATA,False
A00565,mairie tours,37;41;45;72;86,213702616,AUTO_PROPAGATE_ELIGIBLE,4,,,,,0,,,NO_PROFILE_EVIDENCE,no normalized profile or participation domain for alias name,NO_PROFILE_DATA,False
A00566,parc de loisirs du lac de maine,49,428632343,AUTO_PROPAGATE_ELIGIBLE,4,,,,,0,,,NO_PROFILE_EVIDENCE,no normalized profile or participation domain for alias name,NO_PROFILE_DATA,False
A00567,podeliha,44;49;53;72,057201139,AUTO_PROPAGATE_ELIGIBLE,4,,,,,0,,,NO_PROFILE_EVIDENCE,no normalized profile or participation domain for alias name,NO_PROFILE_DATA,False
A00568,podeliha,44;49;85,057201139,AUTO_PROPAGATE_ELIGIBLE,4,,,,,0,,,NO_PROFILE_EVIDENCE,no normalized profile or participation domain for alias name,NO_PROFILE_DATA,False
A00569,region des pays de la loire,44;49;72,234400034,AUTO_PROPAGATE_ELIGIBLE,4,,,,,0,,,NO_PROFILE_EVIDENCE,no normalized profile or participation domain for alias name,NO_PROFILE_DATA,False
A00570,region des pays de la loire,44;53;72;85,234400034,AUTO_PROPAGATE_ELIGIBLE,4,,,,,0,,,NO_PROFILE_EVIDENCE,no normalized profile or participation domain for alias name,NO_PROFILE_DATA,False
A00571,region des pays de la loire,49,234400034,AUTO_PROPAGATE_ELIGIBLE,4,,,,,0,,,NO_PROFILE_EVIDENCE,no normalized profile or participation domain for alias name,NO_PROFILE_DATA,False
A00572,sarthe numerique,72,257202432,AUTO_PROPAGATE_ELIGIBLE,4,,,,,0,,,NO_PROFILE_EVIDENCE,no normalized profile or participation domain for alias name,NO_PROFILE_DATA,False
A00573,scom de l est vendeen 85,85,258500651,AUTO_PROPAGATE_ELIGIBLE,4,,,,,0,,,NO_PROFILE_EVIDENCE,no normalized profile or participation domain for alias name,NO_PROFILE_DATA,False
A00574,sdis 44 loire atlantique,44,284400017,AUTO_PROPAGATE_ELIGIBLE,4,,,,,0,,,NO_PROFILE_EVIDENCE,no normalized profile or participation domain for alias name,NO_PROFILE_DATA,False
A00575,sdis 53,53,285300018,AUTO_PROPAGATE_ELIGIBLE,4,,,,,0,,,NO_PROFILE_EVIDENCE,no normalized profile or participation domain for alias name,NO_PROFILE_DATA,False
A00576,sdis 79 deux sevres,16;17;79;85,287900336,AUTO_PROPAGATE_ELIGIBLE,4,,,,,0,,,NO_PROFILE_EVIDENCE,no normalized profile or participation domain for alias name,NO_PROFILE_DATA,False
A00577,semminn,44,860800168,AUTO_PROPAGATE_ELIGIBLE,4,,,,,0,,,NO_PROFILE_EVIDENCE,no normalized profile or participation domain for alias name,NO_PROFILE_DATA,False
A00578,sgami ouest,36;37;41;44;49;72;86,130020365,AUTO_PROPAGATE_ELIGIBLE,4,marches-publics.gouv.fr,,marches-publics.gouv.fr,GENERIC_PLATFORM,1,2019-05-24,2019-05-24,NEUTRAL_SHARED_PLATFORM,only generic or shared institutional domains observed,HAS_PROFILE_DATA,False
A00579,spl eau du bassin rennais,22;29;35;44,798203576,AUTO_PROPAGATE_ELIGIBLE,4,megalisbretagne.org,marches.megalisbretagne.org,marches.megalisbretagne.org;megalisbretagne.org,GENERIC_PLATFORM,2,2017-09-20,2017-09-20,NEUTRAL_SHARED_PLATFORM,only generic or shared institutional domains observed,HAS_PROFILE_DATA,False
A00580,syndicat mixte de la baie de bourgneuf 85,44;85,200088771,AUTO_PROPAGATE_ELIGIBLE,4,,,,,0,,,NO_PROFILE_EVIDENCE,no normalized profile or participation domain for alias name,NO_PROFILE_DATA,False
A00581,syndicat mixte de la baie de bourgneuf 85,85,200088771,AUTO_PROPAGATE_ELIGIBLE,4,,,,,0,,,NO_PROFILE_EVIDENCE,no normalized profile or participation domain for alias name,NO_PROFILE_DATA,False
A00582,syndicat mixte du marais poitevin bassin du lay 85,85,258501659,AUTO_PROPAGATE_ELIGIBLE,4,,,,,0,,,NO_PROFILE_EVIDENCE,no normalized profile or participation domain for alias name,NO_PROFILE_DATA,False
A00583,syndicat mixte les ports de loire-atlantique,44;56,200091007,AUTO_PROPAGATE_ELIGIBLE,4,,,,,0,,,NO_PROFILE_EVIDENCE,no normalized profile or participation domain for alias name,NO_PROFILE_DATA,False
A00584,territoire d energie mayenne,53,200082477,AUTO_PROPAGATE_ELIGIBLE,4,achatpublic.com,,achatpublic.com,GENERIC_PLATFORM,1,2020-04-08,2020-04-08,NEUTRAL_SHARED_PLATFORM,only generic or shared institutional domains observed,HAS_PROFILE_DATA,False
A00585,territoires publics,35;44,523189553,AUTO_PROPAGATE_ELIGIBLE,4,achatpublic.com;territoires.achatpublic.com,,achatpublic.com;territoires.achatpublic.com,GENERIC_PLATFORM,3,2019-04-08,2020-12-02,NEUTRAL_SHARED_PLATFORM,only generic or shared institutional domains observed,HAS_PROFILE_DATA,False
A00586,theatre de laval,53,200094100,AUTO_PROPAGATE_ELIGIBLE,4,,,,,0,,,NO_PROFILE_EVIDENCE,no normalized profile or participation domain for alias name,NO_PROFILE_DATA,False
A00587,transamo mandataire de la communaute urbaine de le mans metropole,72,399663905,AUTO_PROPAGATE_ELIGIBLE,4,,,,,0,,,NO_PROFILE_EVIDENCE,no normalized profile or participation domain for alias name,NO_PROFILE_DATA,False
A00588,universite de rennes,22;29;35;50;53;56,130030513,AUTO_PROPAGATE_ELIGIBLE,4,,,,,0,,,NO_PROFILE_EVIDENCE,no normalized profile or participation domain for alias name,NO_PROFILE_DATA,False
A00589,universite de rennes,22;35;44;56,130030513,AUTO_PROPAGATE_ELIGIBLE,4,,,,,0,,,NO_PROFILE_EVIDENCE,no normalized profile or participation domain for alias name,NO_PROFILE_DATA,False
A00590,ville d ecouflant,49,214901290,AUTO_PROPAGATE_ELIGIBLE,4,alm.marches-securises.fr;marches-securises.fr;metropole-angers.marcoweb.fr,,alm.marches-securises.fr;marches-securises.fr;metropole-angers.marcoweb.fr,GENERIC_PLATFORM;SHARED_INSTITUTIONAL,3,2015-11-25,2019-04-15,NEUTRAL_SHARED_PLATFORM,only generic or shared institutional domains observed,HAS_PROFILE_DATA,False
A00591,ville de murs erigne 49,49,214902231,AUTO_PROPAGATE_ELIGIBLE,4,,,,,0,,,NO_PROFILE_EVIDENCE,no normalized profile or participation domain for alias name,NO_PROFILE_DATA,False
A00592,ville de saint sebastien sur loire,44;85,214401903,AUTO_PROPAGATE_ELIGIBLE,4,saintsebastien.e-marchespublics.com,,saintsebastien.e-marchespublics.com,GENERIC_PLATFORM,1,2020-01-11,2020-01-11,NEUTRAL_SHARED_PLATFORM,only generic or shared institutional domains observed,HAS_PROFILE_DATA,False
A00593,ville de saint-sebastien-sur-loire,44,214401903,AUTO_PROPAGATE_ELIGIBLE,4,,,,,0,,,NO_PROFILE_EVIDENCE,no normalized profile or participation domain for alias name,NO_PROFILE_DATA,False
A00594,ville de sautron,44,214401945,AUTO_PROPAGATE_ELIGIBLE,4,sautron-marches.com,sautron-marches.com,sautron-marches.com,BUYER_SPECIFIC,2,2015-03-27,2015-03-27,STRONG_SUPPORT,alias has buyer-specific or highly concentrated profile-domain evidence,HAS_PROFILE_DATA,False
A00595,alter public agissant au nom et pour le compte de la commune de sevremoine,49,528848153,AUTO_PROPAGATE_ELIGIBLE,3,,,,,0,,,NO_PROFILE_EVIDENCE,no normalized profile or participation domain for alias name,NO_PROFILE_DATA,False
A00596,alter public agissant au nom et pour le compte de la ville d avrille,49,528848153,AUTO_PROPAGATE_ELIGIBLE,3,,,,,0,,,NO_PROFILE_EVIDENCE,no normalized profile or participation domain for alias name,NO_PROFILE_DATA,False
A00597,alter public agissant au nom et pour le compte de la ville de cholet,49,528848153,AUTO_PROPAGATE_ELIGIBLE,3,,,,,0,,,NO_PROFILE_EVIDENCE,no normalized profile or participation domain for alias name,NO_PROFILE_DATA,False
A00598,alter public agissant au nom et pour le compte du departement de maine-et-loire et de la commune de beaupreau-en-mauges,49,528848153,AUTO_PROPAGATE_ELIGIBLE,3,,,,,0,,,NO_PROFILE_EVIDENCE,no normalized profile or participation domain for alias name,NO_PROFILE_DATA,False
A00599,alter public au nom et pour le compte de la ville de bouchemaine,49,528848153,AUTO_PROPAGATE_ELIGIBLE,3,,,,,0,,,NO_PROFILE_EVIDENCE,no normalized profile or participation domain for alias name,NO_PROFILE_DATA,False
A00600,angers loire metropole 49,44;49;72;85,244900015,AUTO_PROPAGATE_ELIGIBLE,3,,,,,0,,,NO_PROFILE_EVIDENCE,no normalized profile or participation domain for alias name,NO_PROFILE_DATA,False
A00601,angers nantes opera syndicat mixte,44;49,254902505,AUTO_PROPAGATE_ELIGIBLE,3,,,,,0,,,NO_PROFILE_EVIDENCE,no normalized profile or participation domain for alias name,NO_PROFILE_DATA,False
A00602,anjou theatre,49,518201777,AUTO_PROPAGATE_ELIGIBLE,3,,,,,0,,,NO_PROFILE_EVIDENCE,no normalized profile or participation domain for alias name,NO_PROFILE_DATA,False
A00603,association de decarbonation loire estuaire,44,924071764,AUTO_PROPAGATE_ELIGIBLE,3,,,,,0,,,NO_PROFILE_EVIDENCE,no normalized profile or participation domain for alias name,NO_PROFILE_DATA,False
A00604,association du personnel des services departementaux,72,395259948,AUTO_PROPAGATE_ELIGIBLE,3,,,,,0,,,NO_PROFILE_EVIDENCE,no normalized profile or participation domain for alias name,NO_PROFILE_DATA,False
A00605,caf de loire-atlantique,44,786019554,AUTO_PROPAGATE_ELIGIBLE,3,,,,,0,,,NO_PROFILE_EVIDENCE,no normalized profile or participation domain for alias name,NO_PROFILE_DATA,False
A00606,caisse d allocations familiales de loire-atlantique 22 rue de malville 44937 nantes,44,786019554,AUTO_PROPAGATE_ELIGIBLE,3,,,,,0,,,NO_PROFILE_EVIDENCE,no normalized profile or participation domain for alias name,NO_PROFILE_DATA,False
A00607,caisse des depots et consignations,49,180020026,AUTO_PROPAGATE_ELIGIBLE,3,,,,,0,,,NO_PROFILE_EVIDENCE,no normalized profile or participation domain for alias name,NO_PROFILE_DATA,False
A00608,caisse primaire d assurance maladie de loire-atlantique,44,515163749,AUTO_PROPAGATE_ELIGIBLE,3,,,,,0,,,NO_PROFILE_EVIDENCE,no normalized profile or participation domain for alias name,NO_PROFILE_DATA,False
A00609,caisse primaire d assurance maladie de loire-atlantique cpam,44,515163749,AUTO_PROPAGATE_ELIGIBLE,3,,,,,0,,,NO_PROFILE_EVIDENCE,no normalized profile or participation domain for alias name,NO_PROFILE_DATA,False
A00610,cc challans gois communaute,44;85,200071629,AUTO_PROPAGATE_ELIGIBLE,3,marches-securises.fr,marches-securises.fr,marches-securises.fr,GENERIC_PLATFORM,2,2018-11-08,2018-11-08,NEUTRAL_SHARED_PLATFORM,only generic or shared institutional domains observed,HAS_PROFILE_DATA,False
A00611,cc du pays de mortagne,85,248500662,AUTO_PROPAGATE_ELIGIBLE,3,cc-mortagne-vendee.fr;marches-securises.fr,,cc-mortagne-vendee.fr;marches-securises.fr,BUYER_SPECIFIC;GENERIC_PLATFORM,2,2018-01-13,2019-10-15,STRONG_SUPPORT,alias has buyer-specific or highly concentrated profile-domain evidence,HAS_PROFILE_DATA,False
A00612,cc estuaire et sillon,35;44;49;56;72;85,200072734,AUTO_PROPAGATE_ELIGIBLE,3,,,,,0,,,NO_PROFILE_EVIDENCE,no normalized profile or participation domain for alias name,NO_PROFILE_DATA,False
A00613,cc pays de chateau gontier,53,245300447,AUTO_PROPAGATE_ELIGIBLE,3,,,,,0,,,NO_PROFILE_EVIDENCE,no normalized profile or participation domain for alias name,NO_PROFILE_DATA,False
A00614,ccas d alencon,61;72,266100015,AUTO_PROPAGATE_ELIGIBLE,3,,,,,0,,,NO_PROFILE_EVIDENCE,no normalized profile or participation domain for alias name,NO_PROFILE_DATA,False
A00615,ccas reze,44,264400433,AUTO_PROPAGATE_ELIGIBLE,3,,,,,0,,,NO_PROFILE_EVIDENCE,no normalized profile or participation domain for alias name,NO_PROFILE_DATA,False
A00616,centre communal d action sociale de coulaines,72,267200483,AUTO_PROPAGATE_ELIGIBLE,3,,,,,0,,,NO_PROFILE_EVIDENCE,no normalized profile or participation domain for alias name,NO_PROFILE_DATA,False
A00617,centre departemental de gestion de la fonction publique territoriale de maine et loire,49,284900024,AUTO_PROPAGATE_ELIGIBLE,3,,,,,0,,,NO_PROFILE_EVIDENCE,no normalized profile or participation domain for alias name,NO_PROFILE_DATA,False
A00618,centre hospitalier du mans- ets support ght 72,72,267200160,AUTO_PROPAGATE_ELIGIBLE,3,,,,,0,,,NO_PROFILE_EVIDENCE,no normalized profile or participation domain for alias name,NO_PROFILE_DATA,False
A00619,centre hospitalier j monod,14;27;28;35;50;53;61;72;76,266100577,AUTO_PROPAGATE_ELIGIBLE,3,achatpublic.com,,achatpublic.com,GENERIC_PLATFORM,2,2016-10-28,2020-01-16,NEUTRAL_SHARED_PLATFORM,only generic or shared institutional domains observed,HAS_PROFILE_DATA,False
A00620,challans gois communaute 85,85,200071629,AUTO_PROPAGATE_ELIGIBLE,3,,,,,0,,,NO_PROFILE_EVIDENCE,no normalized profile or participation domain for alias name,NO_PROFILE_DATA,False
A00621,chambre de commerce et d industrie de la vendee,44;85,188500490,AUTO_PROPAGATE_ELIGIBLE,3,,,,,0,,,NO_PROFILE_EVIDENCE,no normalized profile or participation domain for alias name,NO_PROFILE_DATA,False
A00622,chambre de commerce et d industrie de mayenne,53,185300449,AUTO_PROPAGATE_ELIGIBLE,3,,,,,0,,,NO_PROFILE_EVIDENCE,no normalized profile or participation domain for alias name,NO_PROFILE_DATA,False
A00623,chambre de commerce et d industrie region pays de la loire,44,184401289,AUTO_PROPAGATE_ELIGIBLE,3,,,,,0,,,NO_PROFILE_EVIDENCE,no normalized profile or participation domain for alias name,NO_PROFILE_DATA,False
A00624,chd vendee etablissement support du ght85,44;85,268502424,AUTO_PROPAGATE_ELIGIBLE,3,,,,,0,,,NO_PROFILE_EVIDENCE,no normalized profile or participation domain for alias name,NO_PROFILE_DATA,False
A00625,chu d angers etablissement support du groupement hospitalier de territoire du maine-et-loire,49,264900036,AUTO_PROPAGATE_ELIGIBLE,3,,,,,0,,,NO_PROFILE_EVIDENCE,no normalized profile or participation domain for alias name,NO_PROFILE_DATA,False
A00626,cmar pays de loire,44;49;85,130020688,AUTO_PROPAGATE_ELIGIBLE,3,,,,,0,,,NO_PROFILE_EVIDENCE,no normalized profile or participation domain for alias name,NO_PROFILE_DATA,False
A00627,cmar pays de loire,44;53,130020688,AUTO_PROPAGATE_ELIGIBLE,3,,,,,0,,,NO_PROFILE_EVIDENCE,no normalized profile or participation domain for alias name,NO_PROFILE_DATA,False
A00628,cmar pays de loire,49;53;72,130020688,AUTO_PROPAGATE_ELIGIBLE,3,,,,,0,,,NO_PROFILE_EVIDENCE,no normalized profile or participation domain for alias name,NO_PROFILE_DATA,False
A00629,cnrs dr17,35;44,180089013,AUTO_PROPAGATE_ELIGIBLE,3,,,,,0,,,NO_PROFILE_EVIDENCE,no normalized profile or participation domain for alias name,NO_PROFILE_DATA,False
A00630,communaute d etablissements geriatriques de la vallee de la sarthe,72,267205524,AUTO_PROPAGATE_ELIGIBLE,3,,,,,0,,,NO_PROFILE_EVIDENCE,no normalized profile or participation domain for alias name,NO_PROFILE_DATA,False
A00631,communaute de communes de belle ile en mer,22;29;35;44;56;75;92,245600465,AUTO_PROPAGATE_ELIGIBLE,3,,,,,0,,,NO_PROFILE_EVIDENCE,no normalized profile or participation domain for alias name,NO_PROFILE_DATA,False
A00632,communaute de communes de l ile de re,17;33;44,200070159,AUTO_PROPAGATE_ELIGIBLE,3,achatpublic.com,,achatpublic.com,GENERIC_PLATFORM,1,2020-12-18,2020-12-18,NEUTRAL_SHARED_PLATFORM,only generic or shared institutional domains observed,HAS_PROFILE_DATA,False
A00633,communaute de communes des pays de l aigle,14;27;28;61;72,200068468,AUTO_PROPAGATE_ELIGIBLE,3,,,,,0,,,NO_PROFILE_EVIDENCE,no normalized profile or participation domain for alias name,NO_PROFILE_DATA,False
A00634,communaute de communes du pays des herbiers ccph,85,248500621,AUTO_PROPAGATE_ELIGIBLE,3,,,,,0,,,NO_PROFILE_EVIDENCE,no normalized profile or participation domain for alias name,NO_PROFILE_DATA,False
A00635,communaute lesneven cote des legendes,22;29;35;44;56,242900793,AUTO_PROPAGATE_ELIGIBLE,3,marches.megalisbretagne.org;megalisbretagne.org,marches.megalisbretagne.org;megalisbretagne.org,marches.megalisbretagne.org;megalisbretagne.org,GENERIC_PLATFORM,4,2017-06-23,2019-11-02,NEUTRAL_SHARED_PLATFORM,only generic or shared institutional domains observed,HAS_PROFILE_DATA,False
A00636,commune d ecuille 49,49,214901308,AUTO_PROPAGATE_ELIGIBLE,3,,,,,0,,,NO_PROFILE_EVIDENCE,no normalized profile or participation domain for alias name,NO_PROFILE_DATA,False
A00637,commune de besse sur braye,72,217200351,AUTO_PROPAGATE_ELIGIBLE,3,sarthe-marchespublics.fr,,sarthe-marchespublics.fr,AMBIGUOUS,1,2017-08-18,2017-08-18,AMBIGUOUS,domain specificity is mixed or ambiguous,HAS_PROFILE_DATA,True
A00638,commune de bouchemaine,49,214900359,AUTO_PROPAGATE_ELIGIBLE,3,,,,,0,,,NO_PROFILE_EVIDENCE,no normalized profile or participation domain for alias name,NO_PROFILE_DATA,False
A00639,commune de bouvron,44,214400236,AUTO_PROPAGATE_ELIGIBLE,3,,,,,0,,,NO_PROFILE_EVIDENCE,no normalized profile or participation domain for alias name,NO_PROFILE_DATA,False
A00640,commune de bretignolles-sur-mer,85,218500353,AUTO_PROPAGATE_ELIGIBLE,3,,,,,0,,,NO_PROFILE_EVIDENCE,no normalized profile or participation domain for alias name,NO_PROFILE_DATA,False
A00641,commune de cesson sevigne,22;29;35;53;56,213500515,AUTO_PROPAGATE_ELIGIBLE,3,marches.megalis.bretagne.bzh;marches.megalisbretagne.org,,marches.megalis.bretagne.bzh;marches.megalisbretagne.org,GENERIC_PLATFORM,3,2019-10-11,2020-10-27,NEUTRAL_SHARED_PLATFORM,only generic or shared institutional domains observed,HAS_PROFILE_DATA,False
A00642,commune de chanverrie 85,85,200085009,AUTO_PROPAGATE_ELIGIBLE,3,,,,,0,,,NO_PROFILE_EVIDENCE,no normalized profile or participation domain for alias name,NO_PROFILE_DATA,False
A00643,commune de cholet,44;49;85,214900995,AUTO_PROPAGATE_ELIGIBLE,3,,,,,0,,,NO_PROFILE_EVIDENCE,no normalized profile or participation domain for alias name,NO_PROFILE_DATA,False
A00644,commune de coex 85,85,218500700,AUTO_PROPAGATE_ELIGIBLE,3,,,,,0,,,NO_PROFILE_EVIDENCE,no normalized profile or participation domain for alias name,NO_PROFILE_DATA,False
A00645,commune de houdan,27;28;45;72;75;76;78;92;95,217803105,AUTO_PROPAGATE_ELIGIBLE,3,houdan.e-marchespublics.com,,houdan.e-marchespublics.com,GENERIC_PLATFORM,1,2019-06-18,2019-06-18,NEUTRAL_SHARED_PLATFORM,only generic or shared institutional domains observed,HAS_PROFILE_DATA,False
A00646,commune de l aiguillon-la-presqu ile,85,200096832,AUTO_PROPAGATE_ELIGIBLE,3,,,,,0,,,NO_PROFILE_EVIDENCE,no normalized profile or participation domain for alias name,NO_PROFILE_DATA,False
A00647,commune de la chevroliere,44;49;53;72;85,214400418,AUTO_PROPAGATE_ELIGIBLE,3,mairie-lachevroliere.e-marchespublics.com,,mairie-lachevroliere.e-marchespublics.com,GENERIC_PLATFORM,1,2017-01-24,2017-01-24,NEUTRAL_SHARED_PLATFORM,only generic or shared institutional domains observed,HAS_PROFILE_DATA,False
A00648,commune de la suze sur sarthe,49;72,217203462,AUTO_PROPAGATE_ELIGIBLE,3,,,,,0,,,NO_PROFILE_EVIDENCE,no normalized profile or participation domain for alias name,NO_PROFILE_DATA,False
A00649,commune de lege 44,44,214400814,AUTO_PROPAGATE_ELIGIBLE,3,,,,,0,,,NO_PROFILE_EVIDENCE,no normalized profile or participation domain for alias name,NO_PROFILE_DATA,False
A00650,commune de meslay du maine,53,215301524,AUTO_PROPAGATE_ELIGIBLE,3,,,,,0,,,NO_PROFILE_EVIDENCE,no normalized profile or participation domain for alias name,NO_PROFILE_DATA,False
A00651,commune de montaigu-vendee,85,200081115,AUTO_PROPAGATE_ELIGIBLE,3,,,,,0,,,NO_PROFILE_EVIDENCE,no normalized profile or participation domain for alias name,NO_PROFILE_DATA,False
A00652,commune de notre dame des landes,44,214401119,AUTO_PROPAGATE_ELIGIBLE,3,e-marchespublics.com,e-marchespublics.com,e-marchespublics.com,GENERIC_PLATFORM,2,2017-12-22,2017-12-22,NEUTRAL_SHARED_PLATFORM,only generic or shared institutional domains observed,HAS_PROFILE_DATA,False
A00653,commune de noyen sur sarthe,72,217202233,AUTO_PROPAGATE_ELIGIBLE,3,,,,,0,,,NO_PROFILE_EVIDENCE,no normalized profile or participation domain for alias name,NO_PROFILE_DATA,False
A00654,commune de oize,72,217202266,AUTO_PROPAGATE_ELIGIBLE,3,,,,,0,,,NO_PROFILE_EVIDENCE,no normalized profile or participation domain for alias name,NO_PROFILE_DATA,False
A00655,commune de pleneuf val andre,22;28;29;35;44;53;56;72,212201867,AUTO_PROPAGATE_ELIGIBLE,3,,,,,0,,,NO_PROFILE_EVIDENCE,no normalized profile or participation domain for alias name,NO_PROFILE_DATA,False
A00656,commune de pleneuf val andre,22;29;35;44;56,212201867,AUTO_PROPAGATE_ELIGIBLE,3,,,,,0,,,NO_PROFILE_EVIDENCE,no normalized profile or participation domain for alias name,NO_PROFILE_DATA,False
A00657,commune de pleneuf-val-andre,22;29;35;44;56,212201867,AUTO_PROPAGATE_ELIGIBLE,3,e-megalisbretagne.org;marches.e-megalisbretagne.org;pleneuf-val-andre.fr,,e-megalisbretagne.org;marches.e-megalisbretagne.org;pleneuf-val-andre.fr,GENERIC_PLATFORM;SHARED_INSTITUTIONAL,3,2016-01-05,2018-03-29,NEUTRAL_SHARED_PLATFORM,only generic or shared institutional domains observed,HAS_PROFILE_DATA,False
A00658,commune de plesse,44,214401283,AUTO_PROPAGATE_ELIGIBLE,3,demat.centraledesmarches.com,,demat.centraledesmarches.com,GENERIC_PLATFORM,1,2016-03-17,2016-03-17,NEUTRAL_SHARED_PLATFORM,only generic or shared institutional domains observed,HAS_PROFILE_DATA,False
A00659,commune de pont saint martin,44,214401309,AUTO_PROPAGATE_ELIGIBLE,3,,,,,0,,,NO_PROFILE_EVIDENCE,no normalized profile or participation domain for alias name,NO_PROFILE_DATA,False
A00660,commune de pouzauges,85,218501823,AUTO_PROPAGATE_ELIGIBLE,3,,,,,0,,,NO_PROFILE_EVIDENCE,no normalized profile or participation domain for alias name,NO_PROFILE_DATA,False
A00661,commune de pruille le chetif,72,217202472,AUTO_PROPAGATE_ELIGIBLE,3,,,,,0,,,NO_PROFILE_EVIDENCE,no normalized profile or participation domain for alias name,NO_PROFILE_DATA,False
A00662,commune de rives du loir en anjou 49,49,200084283,AUTO_PROPAGATE_ELIGIBLE,3,,,,,0,,,NO_PROFILE_EVIDENCE,no normalized profile or participation domain for alias name,NO_PROFILE_DATA,False
A00663,commune de ruille en champagne,72,217202613,AUTO_PROPAGATE_ELIGIBLE,3,,,,,0,,,NO_PROFILE_EVIDENCE,no normalized profile or participation domain for alias name,NO_PROFILE_DATA,False
A00664,commune de saint gervais de la foret 41,28;36;37;41;45;72,214102121,AUTO_PROPAGATE_ELIGIBLE,3,,,,,0,,,NO_PROFILE_EVIDENCE,no normalized profile or participation domain for alias name,NO_PROFILE_DATA,False
A00665,commune de saint jean d asse,72,217202902,AUTO_PROPAGATE_ELIGIBLE,3,marches-publics.info,,marches-publics.info,GENERIC_PLATFORM,1,2019-01-22,2019-01-22,NEUTRAL_SHARED_PLATFORM,only generic or shared institutional domains observed,HAS_PROFILE_DATA,False
A00666,commune de saint-celerin,72,217202712,AUTO_PROPAGATE_ELIGIBLE,3,,,,,0,,,NO_PROFILE_EVIDENCE,no normalized profile or participation domain for alias name,NO_PROFILE_DATA,False
A00667,commune de saint-pierre-la-cour,53,215302472,AUTO_PROPAGATE_ELIGIBLE,3,,,,,0,,,NO_PROFILE_EVIDENCE,no normalized profile or participation domain for alias name,NO_PROFILE_DATA,False
A00668,commune de spay,72,217203447,AUTO_PROPAGATE_ELIGIBLE,3,,,,,0,,,NO_PROFILE_EVIDENCE,no normalized profile or participation domain for alias name,NO_PROFILE_DATA,False
A00669,commune de tonnay charente,17;33;44,211704499,AUTO_PROPAGATE_ELIGIBLE,3,marches-securises.fr,marches-securises.fr,marches-securises.fr,GENERIC_PLATFORM,2,2020-03-08,2020-03-08,NEUTRAL_SHARED_PLATFORM,only generic or shared institutional domains observed,HAS_PROFILE_DATA,False
A00670,commune de treillieres,44,214402091,AUTO_PROPAGATE_ELIGIBLE,3,,,,,0,,,NO_PROFILE_EVIDENCE,no normalized profile or participation domain for alias name,NO_PROFILE_DATA,False
A00671,commune de vair sur loire,44,200055820,AUTO_PROPAGATE_ELIGIBLE,3,lecrivainpublic.fr,lecrivainpublic.fr,lecrivainpublic.fr,BUYER_SPECIFIC,2,2017-04-27,2017-04-27,STRONG_SUPPORT,alias has buyer-specific or highly concentrated profile-domain evidence,HAS_PROFILE_DATA,False
A00672,commune du fenouiller,85,218500882,AUTO_PROPAGATE_ELIGIBLE,3,,,,,0,,,NO_PROFILE_EVIDENCE,no normalized profile or participation domain for alias name,NO_PROFILE_DATA,False
A00673,commune du fenouiller 85,85,218500882,AUTO_PROPAGATE_ELIGIBLE,3,,,,,0,,,NO_PROFILE_EVIDENCE,no normalized profile or participation domain for alias name,NO_PROFILE_DATA,False
A00674,conseil d etat,44;75,110000270,AUTO_PROPAGATE_ELIGIBLE,3,marches-publics.gouv.fr,,marches-publics.gouv.fr,GENERIC_PLATFORM,2,2019-03-30,2020-12-09,NEUTRAL_SHARED_PLATFORM,only generic or shared institutional domains observed,HAS_PROFILE_DATA,False
A00675,conservatoire national des arts et met,16;50;72;75;78;93,197534712,AUTO_PROPAGATE_ELIGIBLE,3,,,,,0,,,NO_PROFILE_EVIDENCE,no normalized profile or participation domain for alias name,NO_PROFILE_DATA,False
A00676,cpam de la sarthe,72,786338830,AUTO_PROPAGATE_ELIGIBLE,3,cnamts.achatpublic.com,,cnamts.achatpublic.com,GENERIC_PLATFORM,1,2020-11-25,2020-11-25,NEUTRAL_SHARED_PLATFORM,only generic or shared institutional domains observed,HAS_PROFILE_DATA,False
A00677,cpam de la vendee,16;17;44;49;85,786448027,AUTO_PROPAGATE_ELIGIBLE,3,,,,,0,,,NO_PROFILE_EVIDENCE,no normalized profile or participation domain for alias name,NO_PROFILE_DATA,False
A00678,cpam de loire atlantique,44,515163749,AUTO_PROPAGATE_ELIGIBLE,3,,,,,0,,,NO_PROFILE_EVIDENCE,no normalized profile or participation domain for alias name,NO_PROFILE_DATA,False
A00679,cpam de maine et loire,49,515090686,AUTO_PROPAGATE_ELIGIBLE,3,achatpublic.com,,achatpublic.com,GENERIC_PLATFORM,1,2017-05-12,2017-05-12,NEUTRAL_SHARED_PLATFORM,only generic or shared institutional domains observed,HAS_PROFILE_DATA,False
A00680,crc pays de la loire,85,390831725,AUTO_PROPAGATE_ELIGIBLE,3,,,,,0,,,NO_PROFILE_EVIDENCE,no normalized profile or participation domain for alias name,NO_PROFILE_DATA,False
A00681,crous d orleans tours,18;28;36;37;41;45;72;89;91,184500213,AUTO_PROPAGATE_ELIGIBLE,3,,,,,0,,,NO_PROFILE_EVIDENCE,no normalized profile or participation domain for alias name,NO_PROFILE_DATA,False
A00682,crous de nantes,44,184401321,AUTO_PROPAGATE_ELIGIBLE,3,achatpublic.com,achatpublic.com,achatpublic.com,GENERIC_PLATFORM,2,2020-06-14,2020-06-14,NEUTRAL_SHARED_PLATFORM,only generic or shared institutional domains observed,HAS_PROFILE_DATA,False
A00683,ddfip49,49,130013295,AUTO_PROPAGATE_ELIGIBLE,3,,,,,0,,,NO_PROFILE_EVIDENCE,no normalized profile or participation domain for alias name,NO_PROFILE_DATA,False
A00684,departement de maine-et-loire difaje service de la commande publique et des assurances hotel du departement - cs 94104 49941 angers cedex 9,49,224900019,AUTO_PROPAGATE_ELIGIBLE,3,,,,,0,,,NO_PROFILE_EVIDENCE,no normalized profile or participation domain for alias name,NO_PROFILE_DATA,False
A00685,departement de maine-et-loire hotel du departement difaje-scpa cs94104 49941 angers cedex 9,49,224900019,AUTO_PROPAGATE_ELIGIBLE,3,,,,,0,,,NO_PROFILE_EVIDENCE,no normalized profile or participation domain for alias name,NO_PROFILE_DATA,False
A00686,departement des cotes d armor,22;29;35;44;56;72,222200016,AUTO_PROPAGATE_ELIGIBLE,3,cotesdarmor.fr;e-megalisbretagne.org;marche.megalisbretagne.org;marches.e-megalisbretagne.org;marches.megalisbretagne.org;megalisbretagne.org,cotesdarmor.fr;e-megalisbretagne.org;marches.e-megalisbretagne.org,cotesdarmor.fr;e-megalisbretagne.org;marche.megalisbretagne.org;marches.e-megalisbretagne.org;marches.megalisbretagne.org;megalisbretagne.org,GENERIC_PLATFORM;SHARED_INSTITUTIONAL,13,2017-06-24,2020-11-20,NEUTRAL_SHARED_PLATFORM,only generic or shared institutional domains observed,HAS_PROFILE_DATA,False
A00687,departement du maine-et-loire,44;49;53;72,224900019,AUTO_PROPAGATE_ELIGIBLE,3,,,,,0,,,NO_PROFILE_EVIDENCE,no normalized profile or participation domain for alias name,NO_PROFILE_DATA,False
A00688,dir ouest,22;29;35;44;53;56,130001704,AUTO_PROPAGATE_ELIGIBLE,3,marches-publics.gouv.fr,marches-publics.gouv.fr,marches-publics.gouv.fr,GENERIC_PLATFORM,5,2019-06-14,2020-08-27,NEUTRAL_SHARED_PLATFORM,only generic or shared institutional domains observed,HAS_PROFILE_DATA,False
A00689,dir ouest,44,130001704,AUTO_PROPAGATE_ELIGIBLE,3,marches-publics.gouv.fr,marches-publics.gouv.fr,marches-publics.gouv.fr,GENERIC_PLATFORM,5,2019-06-14,2020-08-27,NEUTRAL_SHARED_PLATFORM,only generic or shared institutional domains observed,HAS_PROFILE_DATA,False
A00690,direction interregionale des services penitentiaires de rennes,35;44,173501206,AUTO_PROPAGATE_ELIGIBLE,3,,,,,0,,,NO_PROFILE_EVIDENCE,no normalized profile or participation domain for alias name,NO_PROFILE_DATA,False
A00691,drac des pays de la loire,44,174404608,AUTO_PROPAGATE_ELIGIBLE,3,,,,,0,,,NO_PROFILE_EVIDENCE,no normalized profile or participation domain for alias name,NO_PROFILE_DATA,False
A00692,drac pays de la loire,44,174404608,AUTO_PROPAGATE_ELIGIBLE,3,,,,,0,,,NO_PROFILE_EVIDENCE,no normalized profile or participation domain for alias name,NO_PROFILE_DATA,False
A00693,drfip 44,44,130012925,AUTO_PROPAGATE_ELIGIBLE,3,,,,,0,,,NO_PROFILE_EVIDENCE,no normalized profile or participation domain for alias name,NO_PROFILE_DATA,False
A00694,ecole des beaux arts nantes sn,44,200023612,AUTO_PROPAGATE_ELIGIBLE,3,,,,,0,,,NO_PROFILE_EVIDENCE,no normalized profile or participation domain for alias name,NO_PROFILE_DATA,False
A00695,ecole nationale superieure d arts et metiers,49,197534720,AUTO_PROPAGATE_ELIGIBLE,3,,,,,0,,,NO_PROFILE_EVIDENCE,no normalized profile or participation domain for alias name,NO_PROFILE_DATA,False
A00696,efs centre-pays de la loire,37;44;49,428822852,AUTO_PROPAGATE_ELIGIBLE,3,,,,,0,,,NO_PROFILE_EVIDENCE,no normalized profile or participation domain for alias name,NO_PROFILE_DATA,False
A00697,ehpad - residence les cordeliers,85,200082154,AUTO_PROPAGATE_ELIGIBLE,3,,,,,0,,,NO_PROFILE_EVIDENCE,no normalized profile or participation domain for alias name,NO_PROFILE_DATA,False
A00698,ehpad residence les cygnes,28;41;45;72,264100165,AUTO_PROPAGATE_ELIGIBLE,3,,,,,0,,,NO_PROFILE_EVIDENCE,no normalized profile or participation domain for alias name,NO_PROFILE_DATA,False
A00699,epa masse des douanes,35;44,180092066,AUTO_PROPAGATE_ELIGIBLE,3,marches-publics.gouv.fr,,marches-publics.gouv.fr,GENERIC_PLATFORM,1,2016-03-09,2016-03-09,NEUTRAL_SHARED_PLATFORM,only generic or shared institutional domains observed,HAS_PROFILE_DATA,False
A00700,epf de la vendee 123 bd louis blanc 85000 la roche sur yon,85,524110921,AUTO_PROPAGATE_ELIGIBLE,3,,,,,0,,,NO_PROFILE_EVIDENCE,no normalized profile or participation domain for alias name,NO_PROFILE_DATA,False
A00701,epms de l anjou,49,264902537,AUTO_PROPAGATE_ELIGIBLE,3,,,,,0,,,NO_PROFILE_EVIDENCE,no normalized profile or participation domain for alias name,NO_PROFILE_DATA,False
A00702,esid de bordeaux,85,110090016,AUTO_PROPAGATE_ELIGIBLE,3,,,,,0,,,NO_PROFILE_EVIDENCE,no normalized profile or participation domain for alias name,NO_PROFILE_DATA,False
A00703,etablissement francais du sang,37;44,428822852,AUTO_PROPAGATE_ELIGIBLE,3,dondesang.efs.sante.fr;dondusang.net;etablissement-francais-du-sang.fr;marche-publics.gouv.fr;marches-marches.gouv.fr;marches-publics.efs.sante.fr;marches-publics.gouv.fr;marchespublics.gouv.fr;wwwmarches-publics.gouv.fr;wwww.marches-publics.gouv.fr,marches-publics.gouv.fr,dondesang.efs.sante.fr;dondusang.net;etablissement-francais-du-sang.fr;marche-publics.gouv.fr;marches-marches.gouv.fr;marches-publics.efs.sante.fr;marches-publics.gouv.fr;marchespublics.gouv.fr;wwwmarches-publics.gouv.fr;wwww.marches-publics.gouv.fr,AMBIGUOUS;BUYER_SPECIFIC;GENERIC_PLATFORM,18,2015-05-04,2020-12-17,STRONG_SUPPORT,alias has buyer-specific or highly concentrated profile-domain evidence,HAS_PROFILE_DATA,False
A00704,etablissement francais du sang,37;44;93,428822852,AUTO_PROPAGATE_ELIGIBLE,3,dondesang.efs.sante.fr;dondusang.net;etablissement-francais-du-sang.fr;marche-publics.gouv.fr;marches-marches.gouv.fr;marches-publics.efs.sante.fr;marches-publics.gouv.fr;marchespublics.gouv.fr;wwwmarches-publics.gouv.fr;wwww.marches-publics.gouv.fr,marches-publics.gouv.fr,dondesang.efs.sante.fr;dondusang.net;etablissement-francais-du-sang.fr;marche-publics.gouv.fr;marches-marches.gouv.fr;marches-publics.efs.sante.fr;marches-publics.gouv.fr;marchespublics.gouv.fr;wwwmarches-publics.gouv.fr;wwww.marches-publics.gouv.fr,AMBIGUOUS;BUYER_SPECIFIC;GENERIC_PLATFORM,18,2015-05-04,2020-12-17,STRONG_SUPPORT,alias has buyer-specific or highly concentrated profile-domain evidence,HAS_PROFILE_DATA,False
A00705,etablissement public de l etat,44,775604853,AUTO_PROPAGATE_ELIGIBLE,3,,,,,0,,,NO_PROFILE_EVIDENCE,no normalized profile or participation domain for alias name,NO_PROFILE_DATA,False
A00706,etablissement public de sante,44,264400136,AUTO_PROPAGATE_ELIGIBLE,3,,,,,0,,,NO_PROFILE_EVIDENCE,no normalized profile or participation domain for alias name,NO_PROFILE_DATA,False
A00707,etablissement public loire,37;44;45;49,254502008,AUTO_PROPAGATE_ELIGIBLE,3,eptb-loire.e-marchespublics.com;eptb-loire.fr,,eptb-loire.e-marchespublics.com;eptb-loire.fr,GENERIC_PLATFORM;SHARED_INSTITUTIONAL,2,2016-04-22,2019-12-29,NEUTRAL_SHARED_PLATFORM,only generic or shared institutional domains observed,HAS_PROFILE_DATA,False
A00708,etablissement public loire,45;49,254502008,AUTO_PROPAGATE_ELIGIBLE,3,eptb-loire.e-marchespublics.com;eptb-loire.fr,,eptb-loire.e-marchespublics.com;eptb-loire.fr,GENERIC_PLATFORM;SHARED_INSTITUTIONAL,2,2016-04-22,2019-12-29,NEUTRAL_SHARED_PLATFORM,only generic or shared institutional domains observed,HAS_PROFILE_DATA,False
A00709,etat represente par le prefet de l orne represente par la ddt de l orne,61;72,130010788,AUTO_PROPAGATE_ELIGIBLE,3,,,,,0,,,NO_PROFILE_EVIDENCE,no normalized profile or participation domain for alias name,NO_PROFILE_DATA,False
A00710,france travail pays de la loire,44,130005481,AUTO_PROPAGATE_ELIGIBLE,3,,,,,0,,,NO_PROFILE_EVIDENCE,no normalized profile or participation domain for alias name,NO_PROFILE_DATA,False
A00711,france velo tourisme,44,515329514,AUTO_PROPAGATE_ELIGIBLE,3,,,,,0,,,NO_PROFILE_EVIDENCE,no normalized profile or participation domain for alias name,NO_PROFILE_DATA,False
A00712,gcs e-sante pays de la loire,44;49;53;72;85,538208455,AUTO_PROPAGATE_ELIGIBLE,3,,,,,0,,,NO_PROFILE_EVIDENCE,no normalized profile or participation domain for alias name,NO_PROFILE_DATA,False
A00713,gcsms estuaire,44,130013808,AUTO_PROPAGATE_ELIGIBLE,3,,,,,0,,,NO_PROFILE_EVIDENCE,no normalized profile or participation domain for alias name,NO_PROFILE_DATA,False
A00714,gie loire ocean,44,539616508,AUTO_PROPAGATE_ELIGIBLE,3,achatpublic.com,,achatpublic.com,GENERIC_PLATFORM,1,2019-09-29,2019-09-29,NEUTRAL_SHARED_PLATFORM,only generic or shared institutional domains observed,HAS_PROFILE_DATA,False
A00715,gip gredha groupement regional des pays de la loire pour l elimination des dechets hospitaliers et assimiles,44;49;53;72;85,184409118,AUTO_PROPAGATE_ELIGIBLE,3,,,,,0,,,NO_PROFILE_EVIDENCE,no normalized profile or participation domain for alias name,NO_PROFILE_DATA,False
A00716,gpmnsn,44,775604853,AUTO_PROPAGATE_ELIGIBLE,3,,,,,0,,,NO_PROFILE_EVIDENCE,no normalized profile or participation domain for alias name,NO_PROFILE_DATA,False
A00717,grand port maritime de nantes saint nazaire,44,775604853,AUTO_PROPAGATE_ELIGIBLE,3,,,,,0,,,NO_PROFILE_EVIDENCE,no normalized profile or participation domain for alias name,NO_PROFILE_DATA,False
A00718,grand port maritime de nantes saint-nazaire,44;49;85,775604853,AUTO_PROPAGATE_ELIGIBLE,3,,,,,0,,,NO_PROFILE_EVIDENCE,no normalized profile or participation domain for alias name,NO_PROFILE_DATA,False
A00719,groupement d achats de l herm,85,268502366,AUTO_PROPAGATE_ELIGIBLE,3,,,,,0,,,NO_PROFILE_EVIDENCE,no normalized profile or participation domain for alias name,NO_PROFILE_DATA,False
A00720,groupement de commandes ville de cholet coordonnateur ccas de cholet,44;49;79;85,214900995,AUTO_PROPAGATE_ELIGIBLE,3,,,,,0,,,NO_PROFILE_EVIDENCE,no normalized profile or participation domain for alias name,NO_PROFILE_DATA,False
A00721,inesaae - l institut agro,13;21;34;35;48;49;63,130026222,AUTO_PROPAGATE_ELIGIBLE,3,,,,,0,,,NO_PROFILE_EVIDENCE,no normalized profile or participation domain for alias name,NO_PROFILE_DATA,False
A00722,inrae centre pays de la loire,44,180070039,AUTO_PROPAGATE_ELIGIBLE,3,,,,,0,,,NO_PROFILE_EVIDENCE,no normalized profile or participation domain for alias name,NO_PROFILE_DATA,False
A00723,inrae pays de la loire,44,180070039,AUTO_PROPAGATE_ELIGIBLE,3,,,,,0,,,NO_PROFILE_EVIDENCE,no normalized profile or participation domain for alias name,NO_PROFILE_DATA,False
A00724,institut national des sciences appliquees de rennes,22;29;35;44;50;53;56,193500972,AUTO_PROPAGATE_ELIGIBLE,3,,,,,0,,,NO_PROFILE_EVIDENCE,no normalized profile or participation domain for alias name,NO_PROFILE_DATA,False
A00725,lycee rosa parks,85,199106253,AUTO_PROPAGATE_ELIGIBLE,3,,,,,0,,,NO_PROFILE_EVIDENCE,no normalized profile or participation domain for alias name,NO_PROFILE_DATA,False
A00726,mairie d herbignac,44;56,214400723,AUTO_PROPAGATE_ELIGIBLE,3,,,,,0,,,NO_PROFILE_EVIDENCE,no normalized profile or participation domain for alias name,NO_PROFILE_DATA,False
A00727,mairie de la chapelle heulin,44,214400327,AUTO_PROPAGATE_ELIGIBLE,3,,,,,0,,,NO_PROFILE_EVIDENCE,no normalized profile or participation domain for alias name,NO_PROFILE_DATA,False
A00728,mairie de nort-sur-erdre,35;44;49;85,214401101,AUTO_PROPAGATE_ELIGIBLE,3,cceg.e-marchespublics.com;e-marchespublics.com,e-marchespublics.com,cceg.e-marchespublics.com;e-marchespublics.com,GENERIC_PLATFORM,4,2017-01-08,2018-11-18,NEUTRAL_SHARED_PLATFORM,only generic or shared institutional domains observed,HAS_PROFILE_DATA,False
A00729,mairie de pornic,35;44;49;56;85,214401317,AUTO_PROPAGATE_ELIGIBLE,3,,,,,0,,,NO_PROFILE_EVIDENCE,no normalized profile or participation domain for alias name,NO_PROFILE_DATA,False
A00730,mairie de reze,44;49;85,214401432,AUTO_PROPAGATE_ELIGIBLE,3,,,,,0,,,NO_PROFILE_EVIDENCE,no normalized profile or participation domain for alias name,NO_PROFILE_DATA,False
A00731,mairie de saint etienne de montluc,35;44;49;85,214401580,AUTO_PROPAGATE_ELIGIBLE,3,centraledesmarches.com;e-marchespublics.com;st-etienne-montluc.net,,centraledesmarches.com;e-marchespublics.com;st-etienne-montluc.net,BUYER_SPECIFIC;GENERIC_PLATFORM,3,2015-12-15,2019-10-03,STRONG_SUPPORT,alias has buyer-specific or highly concentrated profile-domain evidence,HAS_PROFILE_DATA,False
A00732,mairie de savenay,44,214401952,AUTO_PROPAGATE_ELIGIBLE,3,achatpublic.com,,achatpublic.com,GENERIC_PLATFORM,1,2017-01-13,2017-01-13,NEUTRAL_SHARED_PLATFORM,only generic or shared institutional domains observed,HAS_PROFILE_DATA,False
A00733,mairie du cellier,35;44;49;53;85,214400285,AUTO_PROPAGATE_ELIGIBLE,3,,,,,0,,,NO_PROFILE_EVIDENCE,no normalized profile or participation domain for alias name,NO_PROFILE_DATA,False
A00734,mairie saint aignan grand lieu,44,214401507,AUTO_PROPAGATE_ELIGIBLE,3,,,,,0,,,NO_PROFILE_EVIDENCE,no normalized profile or participation domain for alias name,NO_PROFILE_DATA,False
A00735,mash mutualisation d achat au service de l habitat,44,883247108,AUTO_PROPAGATE_ELIGIBLE,3,,,,,0,,,NO_PROFILE_EVIDENCE,no normalized profile or participation domain for alias name,NO_PROFILE_DATA,False
A00736,mayenne tres haut debit,53,200061778,AUTO_PROPAGATE_ELIGIBLE,3,achatpublic.com;agysoft.marches-publics.info;lamayenne.marcoweb.fr,agysoft.marches-publics.info;lamayenne.marcoweb.fr,achatpublic.com;agysoft.marches-publics.info;lamayenne.marcoweb.fr,GENERIC_PLATFORM;HIGHLY_CONCENTRATED,5,2017-03-19,2018-03-28,STRONG_SUPPORT,alias has buyer-specific or highly concentrated profile-domain evidence,HAS_PROFILE_DATA,False
A00737,mixt terrain d arts loire-atlantique,44,798868717,AUTO_PROPAGATE_ELIGIBLE,3,,,,,0,,,NO_PROFILE_EVIDENCE,no normalized profile or participation domain for alias name,NO_PROFILE_DATA,False
A00738,morlaix communaute,22;29;35;44;56,242900835,AUTO_PROPAGATE_ELIGIBLE,3,e-marchespublics.com;marches.e-megalisbretagne.org;marches.megalisbretagne.org;megalisbretagne.org,marches.e-megalisbretagne.org;marches.megalisbretagne.org,e-marchespublics.com;marches.e-megalisbretagne.org;marches.megalisbretagne.org;megalisbretagne.org,GENERIC_PLATFORM,7,2015-11-10,2020-02-21,NEUTRAL_SHARED_PLATFORM,only generic or shared institutional domains observed,HAS_PROFILE_DATA,False
A00739,noyant-villages,49,200070050,AUTO_PROPAGATE_ELIGIBLE,3,,,,,0,,,NO_PROFILE_EVIDENCE,no normalized profile or participation domain for alias name,NO_PROFILE_DATA,False
A00740,plateforme regionale des achats pfra des pays de la loire,44,174400002,AUTO_PROPAGATE_ELIGIBLE,3,,,,,0,,,NO_PROFILE_EVIDENCE,no normalized profile or participation domain for alias name,NO_PROFILE_DATA,False
A00741,plateforme regionale des achats pfra des pays de la loire,44;49;53;72;85,174400002,AUTO_PROPAGATE_ELIGIBLE,3,,,,,0,,,NO_PROFILE_EVIDENCE,no normalized profile or participation domain for alias name,NO_PROFILE_DATA,False
A00742,podeliha,44;49;72;85,057201139,AUTO_PROPAGATE_ELIGIBLE,3,,,,,0,,,NO_PROFILE_EVIDENCE,no normalized profile or participation domain for alias name,NO_PROFILE_DATA,False
A00743,podeliha,49;53,057201139,AUTO_PROPAGATE_ELIGIBLE,3,,,,,0,,,NO_PROFILE_EVIDENCE,no normalized profile or participation domain for alias name,NO_PROFILE_DATA,False
A00744,podeliha,49;53;72,057201139,AUTO_PROPAGATE_ELIGIBLE,3,,,,,0,,,NO_PROFILE_EVIDENCE,no normalized profile or participation domain for alias name,NO_PROFILE_DATA,False
A00745,podeliha,49;72,057201139,AUTO_PROPAGATE_ELIGIBLE,3,,,,,0,,,NO_PROFILE_EVIDENCE,no normalized profile or participation domain for alias name,NO_PROFILE_DATA,False
A00746,podeliha,53,057201139,AUTO_PROPAGATE_ELIGIBLE,3,,,,,0,,,NO_PROFILE_EVIDENCE,no normalized profile or participation domain for alias name,NO_PROFILE_DATA,False
A00747,poher communaute,22;29;35;44;56,242900744,AUTO_PROPAGATE_ELIGIBLE,3,marche.e-megalis.org;marches.megalisbretagne.org;megalisbretagne.org,,marche.e-megalis.org;marches.megalisbretagne.org;megalisbretagne.org,GENERIC_PLATFORM;SHARED_INSTITUTIONAL,3,2015-03-05,2017-09-29,NEUTRAL_SHARED_PLATFORM,only generic or shared institutional domains observed,HAS_PROFILE_DATA,False
A00748,pole medico-social bais hambers,53,200044881,AUTO_PROPAGATE_ELIGIBLE,3,,,,,0,,,NO_PROFILE_EVIDENCE,no normalized profile or participation domain for alias name,NO_PROFILE_DATA,False
A00749,port autonome de papeete,13;17;29;33;44;59;69;75;76,489395640,AUTO_PROPAGATE_ELIGIBLE,3,,,,,0,,,NO_PROFILE_EVIDENCE,no normalized profile or participation domain for alias name,NO_PROFILE_DATA,False
A00750,rectorat de nantes,44;49,174404301,AUTO_PROPAGATE_ELIGIBLE,3,,,,,0,,,NO_PROFILE_EVIDENCE,no normalized profile or participation domain for alias name,NO_PROFILE_DATA,False
A00751,rectorat de nantes,49;53,174404301,AUTO_PROPAGATE_ELIGIBLE,3,,,,,0,,,NO_PROFILE_EVIDENCE,no normalized profile or participation domain for alias name,NO_PROFILE_DATA,False
A00752,region des pays de la loire,72,234400034,AUTO_PROPAGATE_ELIGIBLE,3,,,,,0,,,NO_PROFILE_EVIDENCE,no normalized profile or participation domain for alias name,NO_PROFILE_DATA,False
A00753,saint-nazaire agglomeration tourisme,44,828620831,AUTO_PROPAGATE_ELIGIBLE,3,,,,,0,,,NO_PROFILE_EVIDENCE,no normalized profile or participation domain for alias name,NO_PROFILE_DATA,False
A00754,saintes grandes rives - l agglo,16;17;33;79;85,200036473,AUTO_PROPAGATE_ELIGIBLE,3,,,,,0,,,NO_PROFILE_EVIDENCE,no normalized profile or participation domain for alias name,NO_PROFILE_DATA,False
A00755,saintes grandes rives - l agglo,16;17;33;85,200036473,AUTO_PROPAGATE_ELIGIBLE,3,,,,,0,,,NO_PROFILE_EVIDENCE,no normalized profile or participation domain for alias name,NO_PROFILE_DATA,False
A00756,sas vendee gnv,85,831178298,AUTO_PROPAGATE_ELIGIBLE,3,,,,,0,,,NO_PROFILE_EVIDENCE,no normalized profile or participation domain for alias name,NO_PROFILE_DATA,False
A00757,sas vendee grand littoral energie,85,910792290,AUTO_PROPAGATE_ELIGIBLE,3,,,,,0,,,NO_PROFILE_EVIDENCE,no normalized profile or participation domain for alias name,NO_PROFILE_DATA,False
A00758,sdis 44,44,284400017,AUTO_PROPAGATE_ELIGIBLE,3,achatpublic.com,,achatpublic.com,GENERIC_PLATFORM,1,2020-10-16,2020-10-16,NEUTRAL_SHARED_PLATFORM,only generic or shared institutional domains observed,HAS_PROFILE_DATA,False
A00759,sdis de la mayenne,53,285300018,AUTO_PROPAGATE_ELIGIBLE,3,sdis53.e-marchespublics.com,sdis53.e-marchespublics.com,sdis53.e-marchespublics.com,GENERIC_PLATFORM,2,2018-12-01,2018-12-01,NEUTRAL_SHARED_PLATFORM,only generic or shared institutional domains observed,HAS_PROFILE_DATA,False
A00760,service achats ach,35;44;49;85,775604853,AUTO_PROPAGATE_ELIGIBLE,3,,,,,0,,,NO_PROFILE_EVIDENCE,no normalized profile or participation domain for alias name,NO_PROFILE_DATA,False
A00761,service departemental d incendie et de secours de la mayenne,53,285300018,AUTO_PROPAGATE_ELIGIBLE,3,,,,,0,,,NO_PROFILE_EVIDENCE,no normalized profile or participation domain for alias name,NO_PROFILE_DATA,False
A00762,service departemental d incendie et de secours de maine-et-loire,49,284900016,AUTO_PROPAGATE_ELIGIBLE,3,,,,,0,,,NO_PROFILE_EVIDENCE,no normalized profile or participation domain for alias name,NO_PROFILE_DATA,False
A00763,service marches,44,005580113,AUTO_PROPAGATE_ELIGIBLE,3,,,,,0,,,NO_PROFILE_EVIDENCE,no normalized profile or participation domain for alias name,NO_PROFILE_DATA,False
A00764,sgami ouest,22;29;35;44;56,110014016,AUTO_PROPAGATE_ELIGIBLE,3,marches-publics.gouv.fr,,marches-publics.gouv.fr,GENERIC_PLATFORM,1,2019-05-24,2019-05-24,NEUTRAL_SHARED_PLATFORM,only generic or shared institutional domains observed,HAS_PROFILE_DATA,False
A00765,shema - au nom et pour le compte de roval,14;50;61;72,311866206,AUTO_PROPAGATE_ELIGIBLE,3,,,,,0,,,NO_PROFILE_EVIDENCE,no normalized profile or participation domain for alias name,NO_PROFILE_DATA,False
A00766,shema au nom et pour le compte du conseil departemental de l orne,14;28;35;50;53;61;72,226100014,AUTO_PROPAGATE_ELIGIBLE,3,,,,,0,,,NO_PROFILE_EVIDENCE,no normalized profile or participation domain for alias name,NO_PROFILE_DATA,False
A00767,sivert est anjou 49,49,254902257,AUTO_PROPAGATE_ELIGIBLE,3,,,,,0,,,NO_PROFILE_EVIDENCE,no normalized profile or participation domain for alias name,NO_PROFILE_DATA,False
A00768,societe d economie mixte des transports en commun de l agglomeration mancelle,72,325793826,AUTO_PROPAGATE_ELIGIBLE,3,,,,,0,,,NO_PROFILE_EVIDENCE,no normalized profile or participation domain for alias name,NO_PROFILE_DATA,False
A00769,spic - arena loire trelaze 49,49,792700114,AUTO_PROPAGATE_ELIGIBLE,3,,,,,0,,,NO_PROFILE_EVIDENCE,no normalized profile or participation domain for alias name,NO_PROFILE_DATA,False
A00770,spic arena loire trelaze 49800,49,792700114,AUTO_PROPAGATE_ELIGIBLE,3,,,,,0,,,NO_PROFILE_EVIDENCE,no normalized profile or participation domain for alias name,NO_PROFILE_DATA,False
A00771,spl altec,49,830955068,AUTO_PROPAGATE_ELIGIBLE,3,,,,,0,,,NO_PROFILE_EVIDENCE,no normalized profile or participation domain for alias name,NO_PROFILE_DATA,False
A00772,spl angers loire tourisme expo congres altec - destination angers,49,830955068,AUTO_PROPAGATE_ELIGIBLE,3,,,,,0,,,NO_PROFILE_EVIDENCE,no normalized profile or participation domain for alias name,NO_PROFILE_DATA,False
A00773,spl sonadev territoires publics,35;44;49;56;85,797548989,AUTO_PROPAGATE_ELIGIBLE,3,,,,,0,,,NO_PROFILE_EVIDENCE,no normalized profile or participation domain for alias name,NO_PROFILE_DATA,False
A00774,syclea 85,85,258500651,AUTO_PROPAGATE_ELIGIBLE,3,,,,,0,,,NO_PROFILE_EVIDENCE,no normalized profile or participation domain for alias name,NO_PROFILE_DATA,False
A00775,sycodem sud vendee 85,85,258500446,AUTO_PROPAGATE_ELIGIBLE,3,,,,,0,,,NO_PROFILE_EVIDENCE,no normalized profile or participation domain for alias name,NO_PROFILE_DATA,False
A00776,syndicat departemental d energie 35,35;44,200050425,AUTO_PROPAGATE_ELIGIBLE,3,,,,,0,,,NO_PROFILE_EVIDENCE,no normalized profile or participation domain for alias name,NO_PROFILE_DATA,False
A00777,syndicat loire aval structure porteuse du sage estuaire de la loire,44,200055127,AUTO_PROPAGATE_ELIGIBLE,3,,,,,0,,,NO_PROFILE_EVIDENCE,no normalized profile or participation domain for alias name,NO_PROFILE_DATA,False
A00778,syndicat mixte centre nord atlantique,35;44;49;56;85,254402522,AUTO_PROPAGATE_ELIGIBLE,3,smcna.e-marchespublics.com;smcna.e-marchespublics.fr;smcna.fr,smcna.e-marchespublics.com,smcna.e-marchespublics.com;smcna.e-marchespublics.fr;smcna.fr,GENERIC_PLATFORM;SHARED_INSTITUTIONAL,4,2017-12-22,2020-09-10,NEUTRAL_SHARED_PLATFORM,only generic or shared institutional domains observed,HAS_PROFILE_DATA,False
A00779,syndicat mixte centre nord atlantique,44,254402522,AUTO_PROPAGATE_ELIGIBLE,3,smcna.e-marchespublics.com;smcna.e-marchespublics.fr;smcna.fr,smcna.e-marchespublics.com,smcna.e-marchespublics.com;smcna.e-marchespublics.fr;smcna.fr,GENERIC_PLATFORM;SHARED_INSTITUTIONAL,4,2017-12-22,2020-09-10,NEUTRAL_SHARED_PLATFORM,only generic or shared institutional domains observed,HAS_PROFILE_DATA,False
A00780,syndicat mixte e-collectivites,85,200043115,AUTO_PROPAGATE_ELIGIBLE,3,,,,,0,,,NO_PROFILE_EVIDENCE,no normalized profile or participation domain for alias name,NO_PROFILE_DATA,False
A00781,syndicat mixte edenn,49,200079077,AUTO_PROPAGATE_ELIGIBLE,3,,,,,0,,,NO_PROFILE_EVIDENCE,no normalized profile or participation domain for alias name,NO_PROFILE_DATA,False
A00782,territoires et developpement,35;44,579200825,AUTO_PROPAGATE_ELIGIBLE,3,territoires.achapublic.com;territoires.achatpublic.com,,territoires.achapublic.com;territoires.achatpublic.com,GENERIC_PLATFORM;SHARED_INSTITUTIONAL,2,2017-10-11,2019-04-04,NEUTRAL_SHARED_PLATFORM,only generic or shared institutional domains observed,HAS_PROFILE_DATA,False
A00783,ugecam bretagne pays de la loire,29;35;44;49;56,428692008,AUTO_PROPAGATE_ELIGIBLE,3,,,,,0,,,NO_PROFILE_EVIDENCE,no normalized profile or participation domain for alias name,NO_PROFILE_DATA,False
A00784,ugecam brpl,35;44,428692008,AUTO_PROPAGATE_ELIGIBLE,3,,,,,0,,,NO_PROFILE_EVIDENCE,no normalized profile or participation domain for alias name,NO_PROFILE_DATA,False
A00785,universite bretagne sud,44;56;75,195617188,AUTO_PROPAGATE_ELIGIBLE,3,,,,,0,,,NO_PROFILE_EVIDENCE,no normalized profile or participation domain for alias name,NO_PROFILE_DATA,False
A00786,universite du maine,53;72,197209166,AUTO_PROPAGATE_ELIGIBLE,3,marches-publics.gouv.fr,,marches-publics.gouv.fr,GENERIC_PLATFORM,1,2017-10-18,2017-10-18,NEUTRAL_SHARED_PLATFORM,only generic or shared institutional domains observed,HAS_PROFILE_DATA,False
A00787,universite gustave eiffel,44,130026123,AUTO_PROPAGATE_ELIGIBLE,3,,,,,0,,,NO_PROFILE_EVIDENCE,no normalized profile or participation domain for alias name,NO_PROFILE_DATA,False
A00788,universite gustave eiffel,44;75;77,130026123,AUTO_PROPAGATE_ELIGIBLE,3,,,,,0,,,NO_PROFILE_EVIDENCE,no normalized profile or participation domain for alias name,NO_PROFILE_DATA,False
A00789,urssaf bretagne,22;29;35;44;56,753759570,AUTO_PROPAGATE_ELIGIBLE,3,achatpublic.com,,achatpublic.com,GENERIC_PLATFORM,1,2018-03-23,2018-03-23,NEUTRAL_SHARED_PLATFORM,only generic or shared institutional domains observed,HAS_PROFILE_DATA,False
A00790,urssaf pays de la loire,44,535104756,AUTO_PROPAGATE_ELIGIBLE,3,,,,,0,,,NO_PROFILE_EVIDENCE,no normalized profile or participation domain for alias name,NO_PROFILE_DATA,False
A00791,vallons de haute bretagne communaute,22;29;35;44;56,200043990,AUTO_PROPAGATE_ELIGIBLE,3,,,,,0,,,NO_PROFILE_EVIDENCE,no normalized profile or participation domain for alias name,NO_PROFILE_DATA,False
A00792,vendee eau,85,258500222,AUTO_PROPAGATE_ELIGIBLE,3,marches-securises.fr;vendee-eau.fr,marches-securises.fr,marches-securises.fr;vendee-eau.fr,GENERIC_PLATFORM;HIGHLY_CONCENTRATED,5,2015-10-09,2020-08-13,STRONG_SUPPORT,alias has buyer-specific or highly concentrated profile-domain evidence,HAS_PROFILE_DATA,False
A00793,vendee expansion-sem,85,546650169,AUTO_PROPAGATE_ELIGIBLE,3,,,,,0,,,NO_PROFILE_EVIDENCE,no normalized profile or participation domain for alias name,NO_PROFILE_DATA,False
A00794,vendee grand littoral,85,200071900,AUTO_PROPAGATE_ELIGIBLE,3,marches-securises.fr,,marches-securises.fr,GENERIC_PLATFORM,2,2019-06-13,2020-01-24,NEUTRAL_SHARED_PLATFORM,only generic or shared institutional domains observed,HAS_PROFILE_DATA,False
A00795,ville de clisson,44,214400434,AUTO_PROPAGATE_ELIGIBLE,3,,,,,0,,,NO_PROFILE_EVIDENCE,no normalized profile or participation domain for alias name,NO_PROFILE_DATA,False
A00796,ville de clisson 44190 clisson,44,214400434,AUTO_PROPAGATE_ELIGIBLE,3,,,,,0,,,NO_PROFILE_EVIDENCE,no normalized profile or participation domain for alias name,NO_PROFILE_DATA,False
A00797,ville de la riche,36;37;41;49;72;86,213701956,AUTO_PROPAGATE_ELIGIBLE,3,achatpublic.com;lariche.achatpublic.com,,achatpublic.com;lariche.achatpublic.com,GENERIC_PLATFORM,2,2017-03-21,2019-11-14,NEUTRAL_SHARED_PLATFORM,only generic or shared institutional domains observed,HAS_PROFILE_DATA,False
A00798,ville de noirmoutier,44;85,218501633,AUTO_PROPAGATE_ELIGIBLE,3,marches-securises.fr,,marches-securises.fr,GENERIC_PLATFORM,1,2019-03-28,2019-03-28,NEUTRAL_SHARED_PLATFORM,only generic or shared institutional domains observed,HAS_PROFILE_DATA,False
A00799,ville de quimperle 29,22;29;35;44;56,212902332,AUTO_PROPAGATE_ELIGIBLE,3,,,,,0,,,NO_PROFILE_EVIDENCE,no normalized profile or participation domain for alias name,NO_PROFILE_DATA,False
A00800,ville de redon,35;44,213502362,AUTO_PROPAGATE_ELIGIBLE,3,marches.megalisbretagne.org,marches.megalisbretagne.org,marches.megalisbretagne.org,GENERIC_PLATFORM,2,2019-09-19,2019-09-19,NEUTRAL_SHARED_PLATFORM,only generic or shared institutional domains observed,HAS_PROFILE_DATA,False
A00801,ville de saint brevin les pins,44,214401549,AUTO_PROPAGATE_ELIGIBLE,3,saint-brevin-marches.com,,saint-brevin-marches.com,BUYER_SPECIFIC,2,2017-06-01,2017-11-01,STRONG_SUPPORT,alias has buyer-specific or highly concentrated profile-domain evidence,HAS_PROFILE_DATA,False
A00802,ville de saint julien de concelles,44,214401697,AUTO_PROPAGATE_ELIGIBLE,3,,,,,0,,,NO_PROFILE_EVIDENCE,no normalized profile or participation domain for alias name,NO_PROFILE_DATA,False
A00803,ville de saint-malo,22;29;35;44;50;53;56,213502883,AUTO_PROPAGATE_ELIGIBLE,3,e-megalisbretagne.org;marches.e-megalisbretagne.org;marches.megalisbretagne.org;megalisbretagne.org,marches.megalisbretagne.org,e-megalisbretagne.org;marches.e-megalisbretagne.org;marches.megalisbretagne.org;megalisbretagne.org,GENERIC_PLATFORM,6,2019-02-15,2020-03-22,NEUTRAL_SHARED_PLATFORM,only generic or shared institutional domains observed,HAS_PROFILE_DATA,False
A00804,ville de saintes,16;17;33;79;85,211704150,AUTO_PROPAGATE_ELIGIBLE,3,,,,,0,,,NO_PROFILE_EVIDENCE,no normalized profile or participation domain for alias name,NO_PROFILE_DATA,False
A00805,ville de tours,37;41;45;72;86,213702616,AUTO_PROPAGATE_ELIGIBLE,3,achatpublic.com;tours.achatpublic.com,tours.achatpublic.com,achatpublic.com;tours.achatpublic.com,GENERIC_PLATFORM,3,2020-12-03,2020-12-10,NEUTRAL_SHARED_PLATFORM,only generic or shared institutional domains observed,HAS_PROFILE_DATA,False
A00806,44800 saint-herblain,44,184401289,AUTO_PROPAGATE_ELIGIBLE,2,,,,,0,,,NO_PROFILE_EVIDENCE,no normalized profile or participation domain for alias name,NO_PROFILE_DATA,False
A00807,agence de l eau loire-bretagne,22;44;45;63;72;86,184503019,AUTO_PROPAGATE_ELIGIBLE,2,marches-publics.gouv.fr;ww.marches-publics.gouv.fr;wwww.marches-publics.gouv.fr,marches-publics.gouv.fr,marches-publics.gouv.fr;ww.marches-publics.gouv.fr;wwww.marches-publics.gouv.fr,GENERIC_PLATFORM,5,2017-10-16,2020-08-26,NEUTRAL_SHARED_PLATFORM,only generic or shared institutional domains observed,HAS_PROFILE_DATA,False
A00808,agence de l eau loire-bretagne,26;44;45;54;63;69;75,184503019,AUTO_PROPAGATE_ELIGIBLE,2,marches-publics.gouv.fr;ww.marches-publics.gouv.fr;wwww.marches-publics.gouv.fr,marches-publics.gouv.fr,marches-publics.gouv.fr;ww.marches-publics.gouv.fr;wwww.marches-publics.gouv.fr,GENERIC_PLATFORM,5,2017-10-16,2020-08-26,NEUTRAL_SHARED_PLATFORM,only generic or shared institutional domains observed,HAS_PROFILE_DATA,False
A00809,agence de l eau loire-bretagne,35;44;45;75,184503019,AUTO_PROPAGATE_ELIGIBLE,2,marches-publics.gouv.fr;ww.marches-publics.gouv.fr;wwww.marches-publics.gouv.fr,marches-publics.gouv.fr,marches-publics.gouv.fr;ww.marches-publics.gouv.fr;wwww.marches-publics.gouv.fr,GENERIC_PLATFORM,5,2017-10-16,2020-08-26,NEUTRAL_SHARED_PLATFORM,only generic or shared institutional domains observed,HAS_PROFILE_DATA,False
A00810,agence de l eau loire-bretagne,44;45;75;91;92;93;94,184503019,AUTO_PROPAGATE_ELIGIBLE,2,marches-publics.gouv.fr;ww.marches-publics.gouv.fr;wwww.marches-publics.gouv.fr,marches-publics.gouv.fr,marches-publics.gouv.fr;ww.marches-publics.gouv.fr;wwww.marches-publics.gouv.fr,GENERIC_PLATFORM,5,2017-10-16,2020-08-26,NEUTRAL_SHARED_PLATFORM,only generic or shared institutional domains observed,HAS_PROFILE_DATA,False
A00811,agence de l eau seine-normandie,17;22;33;44;50;62;64;76;80,187500095,AUTO_PROPAGATE_ELIGIBLE,2,marches-publics.gouv.fr,marches-publics.gouv.fr,marches-publics.gouv.fr,GENERIC_PLATFORM,2,2016-02-18,2016-02-18,NEUTRAL_SHARED_PLATFORM,only generic or shared institutional domains observed,HAS_PROFILE_DATA,False
A00812,agence pour la promotion du choletais,49,284900032,AUTO_PROPAGATE_ELIGIBLE,2,,,,,0,,,NO_PROFILE_EVIDENCE,no normalized profile or participation domain for alias name,NO_PROFILE_DATA,False
A00813,agence publique pour l immobilier de la justice,49;94,180092256,AUTO_PROPAGATE_ELIGIBLE,2,,,,,0,,,NO_PROFILE_EVIDENCE,no normalized profile or participation domain for alias name,NO_PROFILE_DATA,False
A00814,agence publique pour l immobilier de la justice apij,49;75;94,180092256,AUTO_PROPAGATE_ELIGIBLE,2,,,,,0,,,NO_PROFILE_EVIDENCE,no normalized profile or participation domain for alias name,NO_PROFILE_DATA,False
A00815,alter cites agissant au nom et pour le compte de la ville de feneu,35;49,058201526,AUTO_PROPAGATE_ELIGIBLE,2,,,,,0,,,NO_PROFILE_EVIDENCE,no normalized profile or participation domain for alias name,NO_PROFILE_DATA,False
A00816,alter public agissant au nom et pour le compte du departement de maine-et-loire,49,528848153,AUTO_PROPAGATE_ELIGIBLE,2,,,,,0,,,NO_PROFILE_EVIDENCE,no normalized profile or participation domain for alias name,NO_PROFILE_DATA,False
A00817,alter public au nom et pour le compte d angers loire metropole,49,528848153,AUTO_PROPAGATE_ELIGIBLE,2,,,,,0,,,NO_PROFILE_EVIDENCE,no normalized profile or participation domain for alias name,NO_PROFILE_DATA,False
A00818,alter public au nom et pour le compte de la commune de loire-authion,49,528848153,AUTO_PROPAGATE_ELIGIBLE,2,,,,,0,,,NO_PROFILE_EVIDENCE,no normalized profile or participation domain for alias name,NO_PROFILE_DATA,False
A00819,alter public au nom et pour le compte de la ville d angers,49,528848153,AUTO_PROPAGATE_ELIGIBLE,2,,,,,0,,,NO_PROFILE_EVIDENCE,no normalized profile or participation domain for alias name,NO_PROFILE_DATA,False
A00820,amenao,49;53;72,576450589,AUTO_PROPAGATE_ELIGIBLE,2,,,,,0,,,NO_PROFILE_EVIDENCE,no normalized profile or participation domain for alias name,NO_PROFILE_DATA,False
A00821,amenao,72,576450589,AUTO_PROPAGATE_ELIGIBLE,2,,,,,0,,,NO_PROFILE_EVIDENCE,no normalized profile or participation domain for alias name,NO_PROFILE_DATA,False
A00822,angers loire metropole 49,44;49;53;72;85,244900015,AUTO_PROPAGATE_ELIGIBLE,2,,,,,0,,,NO_PROFILE_EVIDENCE,no normalized profile or participation domain for alias name,NO_PROFILE_DATA,False
A00823,angers loire metropole 49,44;49;53;85,244900015,AUTO_PROPAGATE_ELIGIBLE,2,,,,,0,,,NO_PROFILE_EVIDENCE,no normalized profile or participation domain for alias name,NO_PROFILE_DATA,False
A00824,angers loire metropole 49,44;49;85,244900015,AUTO_PROPAGATE_ELIGIBLE,2,,,,,0,,,NO_PROFILE_EVIDENCE,no normalized profile or participation domain for alias name,NO_PROFILE_DATA,False
A00825,angers loire metropole 49 direction eau et assainissement,44;49;53;72;85,244900015,AUTO_PROPAGATE_ELIGIBLE,2,,,,,0,,,NO_PROFILE_EVIDENCE,no normalized profile or participation domain for alias name,NO_PROFILE_DATA,False
A00826,angers loire metropole direction eau et assainissement 49,44;49;53;72,244900015,AUTO_PROPAGATE_ELIGIBLE,2,,,,,0,,,NO_PROFILE_EVIDENCE,no normalized profile or participation domain for alias name,NO_PROFILE_DATA,False
A00827,arifts pays de la loire,44;49;53,509618500,AUTO_PROPAGATE_ELIGIBLE,2,,,,,0,,,NO_PROFILE_EVIDENCE,no normalized profile or participation domain for alias name,NO_PROFILE_DATA,False
A00828,asciste ingenierie grand ouest,72,841054539,AUTO_PROPAGATE_ELIGIBLE,2,marches-publics.info,,marches-publics.info,GENERIC_PLATFORM,1,2020-01-22,2020-01-22,NEUTRAL_SHARED_PLATFORM,only generic or shared institutional domains observed,HAS_PROFILE_DATA,False
A00829,association centre culturel de l ouest,49,305815003,AUTO_PROPAGATE_ELIGIBLE,2,,,,,0,,,NO_PROFILE_EVIDENCE,no normalized profile or participation domain for alias name,NO_PROFILE_DATA,False
A00830,association e-toile,14;44;49;53;61;72;85,803555630,AUTO_PROPAGATE_ELIGIBLE,2,,,,,0,,,NO_PROFILE_EVIDENCE,no normalized profile or participation domain for alias name,NO_PROFILE_DATA,False
A00831,atdec de nantes metropole,44,839782455,AUTO_PROPAGATE_ELIGIBLE,2,,,,,0,,,NO_PROFILE_EVIDENCE,no normalized profile or participation domain for alias name,NO_PROFILE_DATA,False
A00832,c s t b,44;77,775688229,AUTO_PROPAGATE_ELIGIBLE,2,cstb.fr;marches-securises.fr,,cstb.fr;marches-securises.fr,BUYER_SPECIFIC;GENERIC_PLATFORM,3,2017-06-15,2020-12-17,STRONG_SUPPORT,alias has buyer-specific or highly concentrated profile-domain evidence,HAS_PROFILE_DATA,False
A00833,ca clisson sevre et maine agglo,44,200067635,AUTO_PROPAGATE_ELIGIBLE,2,,,,,0,,,NO_PROFILE_EVIDENCE,no normalized profile or participation domain for alias name,NO_PROFILE_DATA,False
A00834,ca clisson sevre et maine agglo,44;49;85,200067635,AUTO_PROPAGATE_ELIGIBLE,2,,,,,0,,,NO_PROFILE_EVIDENCE,no normalized profile or participation domain for alias name,NO_PROFILE_DATA,False
A00835,caf de loire-atlantique,28;36;37;44;45;53;85,786019554,AUTO_PROPAGATE_ELIGIBLE,2,,,,,0,,,NO_PROFILE_EVIDENCE,no normalized profile or participation domain for alias name,NO_PROFILE_DATA,False
A00836,caf de maine-et-loire,49,534172481,AUTO_PROPAGATE_ELIGIBLE,2,,,,,0,,,NO_PROFILE_EVIDENCE,no normalized profile or participation domain for alias name,NO_PROFILE_DATA,False
A00837,caisse d allocations familiales de loire atlantique 22 rue de malville 44937 nantes cedex,44,786019554,AUTO_PROPAGATE_ELIGIBLE,2,,,,,0,,,NO_PROFILE_EVIDENCE,no normalized profile or participation domain for alias name,NO_PROFILE_DATA,False
A00838,caisse d allocations familiales de loire atlantique 22 rue de malville 44937 nantes cedex 9,44,786019554,AUTO_PROPAGATE_ELIGIBLE,2,,,,,0,,,NO_PROFILE_EVIDENCE,no normalized profile or participation domain for alias name,NO_PROFILE_DATA,False
A00839,caisse primaire d assurance maladie du morbihan,22;29;35;44;56,777907684,AUTO_PROPAGATE_ELIGIBLE,2,,,,,0,,,NO_PROFILE_EVIDENCE,no normalized profile or participation domain for alias name,NO_PROFILE_DATA,False
A00840,carif-oref de normandie,14;27;35;44;61;75;76,130023831,AUTO_PROPAGATE_ELIGIBLE,2,,,,,0,,,NO_PROFILE_EVIDENCE,no normalized profile or participation domain for alias name,NO_PROFILE_DATA,False
A00841,casier judiciaire national,44,120010020,AUTO_PROPAGATE_ELIGIBLE,2,,,,,0,,,NO_PROFILE_EVIDENCE,no normalized profile or participation domain for alias name,NO_PROFILE_DATA,False
A00842,cc du bocage mayennais administration generales,53,245300389,AUTO_PROPAGATE_ELIGIBLE,2,,,,,0,,,NO_PROFILE_EVIDENCE,no normalized profile or participation domain for alias name,NO_PROFILE_DATA,False
A00843,cc estuaire et sillon,22;29;35;44;49;56;85,200072734,AUTO_PROPAGATE_ELIGIBLE,2,,,,,0,,,NO_PROFILE_EVIDENCE,no normalized profile or participation domain for alias name,NO_PROFILE_DATA,False
A00844,cc estuaire et sillon,35;44;49;85,200072734,AUTO_PROPAGATE_ELIGIBLE,2,,,,,0,,,NO_PROFILE_EVIDENCE,no normalized profile or participation domain for alias name,NO_PROFILE_DATA,False
A00845,cc estuaire et sillon,35;44;56,200072734,AUTO_PROPAGATE_ELIGIBLE,2,,,,,0,,,NO_PROFILE_EVIDENCE,no normalized profile or participation domain for alias name,NO_PROFILE_DATA,False
A00846,cc estuaire et sillon,35;44;56;85,200072734,AUTO_PROPAGATE_ELIGIBLE,2,,,,,0,,,NO_PROFILE_EVIDENCE,no normalized profile or participation domain for alias name,NO_PROFILE_DATA,False
A00847,cc ocean marais de monts,85,248500258,AUTO_PROPAGATE_ELIGIBLE,2,marches-securises.fr,,marches-securises.fr,GENERIC_PLATFORM,1,2019-10-07,2019-10-07,NEUTRAL_SHARED_PLATFORM,only generic or shared institutional domains observed,HAS_PROFILE_DATA,False
A00848,cc pleyben-chateaulin-porzay,22;29;35;44,200067247,AUTO_PROPAGATE_ELIGIBLE,2,,,,,0,,,NO_PROFILE_EVIDENCE,no normalized profile or participation domain for alias name,NO_PROFILE_DATA,False
A00849,ccas - residence autonomie,72,267201325,AUTO_PROPAGATE_ELIGIBLE,2,,,,,0,,,NO_PROFILE_EVIDENCE,no normalized profile or participation domain for alias name,NO_PROFILE_DATA,False
A00850,ccas de l ile d yeu,85,268500519,AUTO_PROPAGATE_ELIGIBLE,2,,,,,0,,,NO_PROFILE_EVIDENCE,no normalized profile or participation domain for alias name,NO_PROFILE_DATA,False
A00851,ccas de la ville de nantes,44,214401093,AUTO_PROPAGATE_ELIGIBLE,2,,,,,0,,,NO_PROFILE_EVIDENCE,no normalized profile or participation domain for alias name,NO_PROFILE_DATA,False
A00852,ccas de la ville des herbiers,85,268500758,AUTO_PROPAGATE_ELIGIBLE,2,lesherbiers.fr;marches-securises.fr,marches-securises.fr,lesherbiers.fr;marches-securises.fr,GENERIC_PLATFORM;SHARED_INSTITUTIONAL,3,2018-12-28,2019-11-27,NEUTRAL_SHARED_PLATFORM,only generic or shared institutional domains observed,HAS_PROFILE_DATA,False
A00853,ccas de mauges sur loire,49,200054344,AUTO_PROPAGATE_ELIGIBLE,2,,,,,0,,,NO_PROFILE_EVIDENCE,no normalized profile or participation domain for alias name,NO_PROFILE_DATA,False
A00854,ccas de saint berthevin,35;44;53;72,265301895,AUTO_PROPAGATE_ELIGIBLE,2,,,,,0,,,NO_PROFILE_EVIDENCE,no normalized profile or participation domain for alias name,NO_PROFILE_DATA,False
A00855,cci centre val de loire,35;44;45,184500114,AUTO_PROPAGATE_ELIGIBLE,2,,,,,0,,,NO_PROFILE_EVIDENCE,no normalized profile or participation domain for alias name,NO_PROFILE_DATA,False
A00856,cci de la region pays de la loire,44,184401289,AUTO_PROPAGATE_ELIGIBLE,2,,,,,0,,,NO_PROFILE_EVIDENCE,no normalized profile or participation domain for alias name,NO_PROFILE_DATA,False
A00857,cci nantes - saint-nazaire,44,130008105,AUTO_PROPAGATE_ELIGIBLE,2,,,,,0,,,NO_PROFILE_EVIDENCE,no normalized profile or participation domain for alias name,NO_PROFILE_DATA,False
A00858,cci pays de la loire,44,184401289,AUTO_PROPAGATE_ELIGIBLE,2,,,,,0,,,NO_PROFILE_EVIDENCE,no normalized profile or participation domain for alias name,NO_PROFILE_DATA,False
A00859,cci pays de la loire,44;49;85,184401289,AUTO_PROPAGATE_ELIGIBLE,2,,,,,0,,,NO_PROFILE_EVIDENCE,no normalized profile or participation domain for alias name,NO_PROFILE_DATA,False
A00860,cdg 53 mayenne,53,285300026,AUTO_PROPAGATE_ELIGIBLE,2,,,,,0,,,NO_PROFILE_EVIDENCE,no normalized profile or participation domain for alias name,NO_PROFILE_DATA,False
A00861,centre communal d action sociale ccas,44,264400342,AUTO_PROPAGATE_ELIGIBLE,2,,,,,0,,,NO_PROFILE_EVIDENCE,no normalized profile or participation domain for alias name,NO_PROFILE_DATA,False
A00862,centre communal d actions sociales,72,267200277,AUTO_PROPAGATE_ELIGIBLE,2,,,,,0,,,NO_PROFILE_EVIDENCE,no normalized profile or participation domain for alias name,NO_PROFILE_DATA,False
A00863,centre d action social d ernee,53,265300731,AUTO_PROPAGATE_ELIGIBLE,2,,,,,0,,,NO_PROFILE_EVIDENCE,no normalized profile or participation domain for alias name,NO_PROFILE_DATA,False
A00864,centre de gestion de la fonction publique territoriale de la sarthe,72,287200273,AUTO_PROPAGATE_ELIGIBLE,2,,,,,0,,,NO_PROFILE_EVIDENCE,no normalized profile or participation domain for alias name,NO_PROFILE_DATA,False
A00865,centre de gestion de la fonction publique territoriale de la vendee,85,288500028,AUTO_PROPAGATE_ELIGIBLE,2,,,,,0,,,NO_PROFILE_EVIDENCE,no normalized profile or participation domain for alias name,NO_PROFILE_DATA,False
A00866,centre de gestion de la fonction publique territoriale de loire-atlantique,44;49;53;72;85,284400025,AUTO_PROPAGATE_ELIGIBLE,2,,,,,0,,,NO_PROFILE_EVIDENCE,no normalized profile or participation domain for alias name,NO_PROFILE_DATA,False
A00867,centre de gestion de loire-atlantique,44,284400025,AUTO_PROPAGATE_ELIGIBLE,2,,,,,0,,,NO_PROFILE_EVIDENCE,no normalized profile or participation domain for alias name,NO_PROFILE_DATA,False
A00868,centre des monuments nationaux,49;75,180046013,AUTO_PROPAGATE_ELIGIBLE,2,marches-publics.gouv.fr,marches-publics.gouv.fr,marches-publics.gouv.fr,GENERIC_PLATFORM,2,2020-12-24,2020-12-24,NEUTRAL_SHARED_PLATFORM,only generic or shared institutional domains observed,HAS_PROFILE_DATA,False
A00869,centre hospitalier universitaire de nantes,44;49;85,264400136,AUTO_PROPAGATE_ELIGIBLE,2,,,,,0,,,NO_PROFILE_EVIDENCE,no normalized profile or participation domain for alias name,NO_PROFILE_DATA,False
A00870,centre intercommunal d action sociale,53,200011906,AUTO_PROPAGATE_ELIGIBLE,2,achatpublic.com;agglo-annecy.fr;annemasse-agglo.marcoweb.fr;frontenex.fr;grandannecy.fr;marches.megalis.bretagne.bzh;marchespublics.dordogne.fr;marchespublics.landespublic.org;marchespublics.ledauphine-legales.com;megalisbretagne.org;mpe27.fr,annemasse-agglo.marcoweb.fr;marchespublics.landespublic.org,achatpublic.com;agglo-annecy.fr;annemasse-agglo.marcoweb.fr;frontenex.fr;grandannecy.fr;marches.megalis.bretagne.bzh;marchespublics.dordogne.fr;marchespublics.landespublic.org;marchespublics.ledauphine-legales.com;megalisbretagne.org;mpe27.fr,AMBIGUOUS;GENERIC_PLATFORM;SHARED_INSTITUTIONAL,13,2016-03-10,2020-07-22,WEAK_SUPPORT,limited or moderately informative domain evidence without contradiction,HAS_PROFILE_DATA,False
A00871,centre intercommunal d action sociale du choletais,44;49;85,200031631,AUTO_PROPAGATE_ELIGIBLE,2,,,,,0,,,NO_PROFILE_EVIDENCE,no normalized profile or participation domain for alias name,NO_PROFILE_DATA,False
A00872,cfa 3ifa,14;61;72,352823611,AUTO_PROPAGATE_ELIGIBLE,2,,,,,0,,,NO_PROFILE_EVIDENCE,no normalized profile or participation domain for alias name,NO_PROFILE_DATA,False
A00873,ch du mans - ets support du ght 72,72,267200160,AUTO_PROPAGATE_ELIGIBLE,2,,,,,0,,,NO_PROFILE_EVIDENCE,no normalized profile or participation domain for alias name,NO_PROFILE_DATA,False
A00874,chalonnes sur loire,49,214900631,AUTO_PROPAGATE_ELIGIBLE,2,,,,,0,,,NO_PROFILE_EVIDENCE,no normalized profile or participation domain for alias name,NO_PROFILE_DATA,False
A00875,chambre agriculture du cher,18;28;33;35;37;44;45;75;92,181800038,AUTO_PROPAGATE_ELIGIBLE,2,,,,,0,,,NO_PROFILE_EVIDENCE,no normalized profile or participation domain for alias name,NO_PROFILE_DATA,False
A00876,chambre d agriculture de region pays de la loire,44;49,130031487,AUTO_PROPAGATE_ELIGIBLE,2,,,,,0,,,NO_PROFILE_EVIDENCE,no normalized profile or participation domain for alias name,NO_PROFILE_DATA,False
A00877,chambre de commerce et d industrie de maine et loire,49,130004609,AUTO_PROPAGATE_ELIGIBLE,2,,,,,0,,,NO_PROFILE_EVIDENCE,no normalized profile or participation domain for alias name,NO_PROFILE_DATA,False
A00878,chambre de commerce et d industrie du maine et loire,49,130004609,AUTO_PROPAGATE_ELIGIBLE,2,,,,,0,,,NO_PROFILE_EVIDENCE,no normalized profile or participation domain for alias name,NO_PROFILE_DATA,False
A00879,chambre de commerce et de l industrie,17;44;79;85,188500490,AUTO_PROPAGATE_ELIGIBLE,2,,,,,0,,,NO_PROFILE_EVIDENCE,no normalized profile or participation domain for alias name,NO_PROFILE_DATA,False
A00880,chambre de commerce et de l industrie de vendee,17;44;49;79;85,188500490,AUTO_PROPAGATE_ELIGIBLE,2,,,,,0,,,NO_PROFILE_EVIDENCE,no normalized profile or participation domain for alias name,NO_PROFILE_DATA,False
A00881,charente maritime developpement agissant au nom et pour le compte de la commune de saint christophe 17220,16;17;33;79;85;86,923497747,AUTO_PROPAGATE_ELIGIBLE,2,,,,,0,,,NO_PROFILE_EVIDENCE,no normalized profile or participation domain for alias name,NO_PROFILE_DATA,False
A00882,chd vendee,44;85,268502424,AUTO_PROPAGATE_ELIGIBLE,2,marches-publics.gouv.fr;marches.publics.gouv.fr,marches-publics.gouv.fr,marches-publics.gouv.fr;marches.publics.gouv.fr,GENERIC_PLATFORM,5,2019-06-09,2020-11-15,NEUTRAL_SHARED_PLATFORM,only generic or shared institutional domains observed,HAS_PROFILE_DATA,False
A00883,chd vendee - etablissement support du ght vendee coordonnateur du groupement de commandes,85,268502424,AUTO_PROPAGATE_ELIGIBLE,2,,,,,0,,,NO_PROFILE_EVIDENCE,no normalized profile or participation domain for alias name,NO_PROFILE_DATA,False
A00884,chd vendee etablissement support ght 85,85,268502424,AUTO_PROPAGATE_ELIGIBLE,2,,,,,0,,,NO_PROFILE_EVIDENCE,no normalized profile or participation domain for alias name,NO_PROFILE_DATA,False
A00885,chm 72,72,267200160,AUTO_PROPAGATE_ELIGIBLE,2,,,,,0,,,NO_PROFILE_EVIDENCE,no normalized profile or participation domain for alias name,NO_PROFILE_DATA,False
A00886,chu d angers etablissement support du ght 49,49,264900036,AUTO_PROPAGATE_ELIGIBLE,2,,,,,0,,,NO_PROFILE_EVIDENCE,no normalized profile or participation domain for alias name,NO_PROFILE_DATA,False
A00887,cias de la roche-sur-yon agglomeration 85,85,200096659,AUTO_PROPAGATE_ELIGIBLE,2,,,,,0,,,NO_PROFILE_EVIDENCE,no normalized profile or participation domain for alias name,NO_PROFILE_DATA,False
A00888,cias du pays de chantonnay 85,85,268504461,AUTO_PROPAGATE_ELIGIBLE,2,,,,,0,,,NO_PROFILE_EVIDENCE,no normalized profile or participation domain for alias name,NO_PROFILE_DATA,False
A00889,clisson sevre et maine agglo,44;85,200067635,AUTO_PROPAGATE_ELIGIBLE,2,marches-securises.fr,marches-securises.fr,marches-securises.fr,GENERIC_PLATFORM,2,2019-01-20,2019-01-20,NEUTRAL_SHARED_PLATFORM,only generic or shared institutional domains observed,HAS_PROFILE_DATA,False
A00890,cmar pays de loire,44;53;72,130020688,AUTO_PROPAGATE_ELIGIBLE,2,,,,,0,,,NO_PROFILE_EVIDENCE,no normalized profile or participation domain for alias name,NO_PROFILE_DATA,False
A00891,cmar pays de loire,44;85,130020688,AUTO_PROPAGATE_ELIGIBLE,2,,,,,0,,,NO_PROFILE_EVIDENCE,no normalized profile or participation domain for alias name,NO_PROFILE_DATA,False
A00892,cmar pays de loire,49,130020688,AUTO_PROPAGATE_ELIGIBLE,2,,,,,0,,,NO_PROFILE_EVIDENCE,no normalized profile or participation domain for alias name,NO_PROFILE_DATA,False
A00893,cmar pays de loire,53,130020688,AUTO_PROPAGATE_ELIGIBLE,2,,,,,0,,,NO_PROFILE_EVIDENCE,no normalized profile or participation domain for alias name,NO_PROFILE_DATA,False
A00894,cnieg caisse nationale des industries electriques et gazieres,44,478650385,AUTO_PROPAGATE_ELIGIBLE,2,,,,,0,,,NO_PROFILE_EVIDENCE,no normalized profile or participation domain for alias name,NO_PROFILE_DATA,False
A00895,coallia,22;29;35;44;56;75,775680309,AUTO_PROPAGATE_ELIGIBLE,2,coallia.e-marchespublics.com,coallia.e-marchespublics.com,coallia.e-marchespublics.com,GENERIC_PLATFORM,2,2018-12-24,2018-12-24,NEUTRAL_SHARED_PLATFORM,only generic or shared institutional domains observed,HAS_PROFILE_DATA,False
A00896,com de communes du mont des avaloirs,53,200042182,AUTO_PROPAGATE_ELIGIBLE,2,centraledesmarches.com;demat.centraledesmarches.com,,centraledesmarches.com;demat.centraledesmarches.com,GENERIC_PLATFORM,2,2017-08-01,2018-10-13,NEUTRAL_SHARED_PLATFORM,only generic or shared institutional domains observed,HAS_PROFILE_DATA,False
A00897,comite interprofessionnel pintade,35;44;49;72;75;92,411177181,AUTO_PROPAGATE_ELIGIBLE,2,,,,,0,,,NO_PROFILE_EVIDENCE,no normalized profile or participation domain for alias name,NO_PROFILE_DATA,False
A00898,commandement des ecoles de la gn,13;17;31;33;35;44;57;69;75,157000100,AUTO_PROPAGATE_ELIGIBLE,2,,,,,0,,,NO_PROFILE_EVIDENCE,no normalized profile or participation domain for alias name,NO_PROFILE_DATA,False
A00899,communal,44,214400715,AUTO_PROPAGATE_ELIGIBLE,2,,,,,0,,,NO_PROFILE_EVIDENCE,no normalized profile or participation domain for alias name,NO_PROFILE_DATA,False
A00900,communaute d agglomeration de la region nazairienne et de l estuaire,44,244400644,AUTO_PROPAGATE_ELIGIBLE,2,,,,,0,,,NO_PROFILE_EVIDENCE,no normalized profile or participation domain for alias name,NO_PROFILE_DATA,False
A00901,communaute d agglomeration du cotentin,14;35;44;50,200067205,AUTO_PROPAGATE_ELIGIBLE,2,marches-publics-manche.fr;marches-publics.info;marchespublicsmanche.fr,marches-publics-manche.fr;marchespublicsmanche.fr,marches-publics-manche.fr;marches-publics.info;marchespublicsmanche.fr,AMBIGUOUS;GENERIC_PLATFORM,6,2018-08-05,2020-12-18,AMBIGUOUS,domain specificity is mixed or ambiguous,HAS_PROFILE_DATA,True
A00902,communaute d agglomeration du niortais,16;17;33;44;79;86,200041317,AUTO_PROPAGATE_ELIGIBLE,2,achatpublic.com;agglo-niort.fr,,achatpublic.com;agglo-niort.fr,BUYER_SPECIFIC;GENERIC_PLATFORM,2,2015-10-19,2020-11-28,STRONG_SUPPORT,alias has buyer-specific or highly concentrated profile-domain evidence,HAS_PROFILE_DATA,False
A00903,communaute d agglomeration pornic agglo pays de retz - direction gestion et prevention des dechets,44,200067346,AUTO_PROPAGATE_ELIGIBLE,2,,,,,0,,,NO_PROFILE_EVIDENCE,no normalized profile or participation domain for alias name,NO_PROFILE_DATA,False
A00904,communaute d agglomeration saumur val de loire,49,200071876,AUTO_PROPAGATE_ELIGIBLE,2,,,,,0,,,NO_PROFILE_EVIDENCE,no normalized profile or participation domain for alias name,NO_PROFILE_DATA,False
A00905,communaute de communes de belle ile en mer,22;29;35;44;56;75,245600465,AUTO_PROPAGATE_ELIGIBLE,2,,,,,0,,,NO_PROFILE_EVIDENCE,no normalized profile or participation domain for alias name,NO_PROFILE_DATA,False
A00906,communaute de communes de l huisne sarthoise,72,247200686,AUTO_PROPAGATE_ELIGIBLE,2,,,,,0,,,NO_PROFILE_EVIDENCE,no normalized profile or participation domain for alias name,NO_PROFILE_DATA,False
A00907,communaute de communes de l ile de re,17;33;79;85,241700459,AUTO_PROPAGATE_ELIGIBLE,2,achatpublic.com,,achatpublic.com,GENERIC_PLATFORM,1,2020-12-18,2020-12-18,NEUTRAL_SHARED_PLATFORM,only generic or shared institutional domains observed,HAS_PROFILE_DATA,False
A00908,communaute de communes de l ile de re,17;79;85;86,241700459,AUTO_PROPAGATE_ELIGIBLE,2,achatpublic.com,,achatpublic.com,GENERIC_PLATFORM,1,2020-12-18,2020-12-18,NEUTRAL_SHARED_PLATFORM,only generic or shared institutional domains observed,HAS_PROFILE_DATA,False
A00909,communaute de communes de la chataigneraie 85,85,248500415,AUTO_PROPAGATE_ELIGIBLE,2,,,,,0,,,NO_PROFILE_EVIDENCE,no normalized profile or participation domain for alias name,NO_PROFILE_DATA,False
A00910,communaute de communes de pleyben-chateaulin-porzay,22;29;35;44;56,200067247,AUTO_PROPAGATE_ELIGIBLE,2,,,,,0,,,NO_PROFILE_EVIDENCE,no normalized profile or participation domain for alias name,NO_PROFILE_DATA,False
A00911,communaute de communes des coevrons,53,200033298,AUTO_PROPAGATE_ELIGIBLE,2,centraledesmarches.com;coevrons.fr;demat.centraledesmarches.com;marches-securises.fr,,centraledesmarches.com;coevrons.fr;demat.centraledesmarches.com;marches-securises.fr,BUYER_SPECIFIC;GENERIC_PLATFORM,5,2016-02-03,2020-04-08,STRONG_SUPPORT,alias has buyer-specific or highly concentrated profile-domain evidence,HAS_PROFILE_DATA,False
A00912,communaute de communes du pays d ancenis,44,244400552,AUTO_PROPAGATE_ELIGIBLE,2,,,,,0,,,NO_PROFILE_EVIDENCE,no normalized profile or participation domain for alias name,NO_PROFILE_DATA,False
A00913,communaute de communes du pays de chateau gontier 53,53,245300447,AUTO_PROPAGATE_ELIGIBLE,2,,,,,0,,,NO_PROFILE_EVIDENCE,no normalized profile or participation domain for alias name,NO_PROFILE_DATA,False
A00914,communaute de communes du pays de pont-chateau - saint-gildas-des-bois,44,200000438,AUTO_PROPAGATE_ELIGIBLE,2,,,,,0,,,NO_PROFILE_EVIDENCE,no normalized profile or participation domain for alias name,NO_PROFILE_DATA,False
A00915,communaute de communes du pays de saint-fulgent les essarts 85,85,200071918,AUTO_PROPAGATE_ELIGIBLE,2,,,,,0,,,NO_PROFILE_EVIDENCE,no normalized profile or participation domain for alias name,NO_PROFILE_DATA,False
A00916,communaute de communes du pays des herbiers,44;85,248500621,AUTO_PROPAGATE_ELIGIBLE,2,,,,,0,,,NO_PROFILE_EVIDENCE,no normalized profile or participation domain for alias name,NO_PROFILE_DATA,False
A00917,communaute de communes ile de re,17;79;85;86,241700459,AUTO_PROPAGATE_ELIGIBLE,2,,,,,0,,,NO_PROFILE_EVIDENCE,no normalized profile or participation domain for alias name,NO_PROFILE_DATA,False
A00918,communaute de communes loire layon aubance,35;37;44;49,200071553,AUTO_PROPAGATE_ELIGIBLE,2,,,,,0,,,NO_PROFILE_EVIDENCE,no normalized profile or participation domain for alias name,NO_PROFILE_DATA,False
A00919,communaute lesneven cote des legendes,22;29;35;44;56;75,242900793,AUTO_PROPAGATE_ELIGIBLE,2,marches.megalisbretagne.org;megalisbretagne.org,marches.megalisbretagne.org;megalisbretagne.org,marches.megalisbretagne.org;megalisbretagne.org,GENERIC_PLATFORM,4,2017-06-23,2019-11-02,NEUTRAL_SHARED_PLATFORM,only generic or shared institutional domains observed,HAS_PROFILE_DATA,False
A00920,communaute lesneven cote des legendes clcl,22;29;35;44;56,242900793,AUTO_PROPAGATE_ELIGIBLE,2,,,,,0,,,NO_PROFILE_EVIDENCE,no normalized profile or participation domain for alias name,NO_PROFILE_DATA,False
A00921,commune d ambrieres-les-vallees 53,53,215300039,AUTO_PROPAGATE_ELIGIBLE,2,,,,,0,,,NO_PROFILE_EVIDENCE,no normalized profile or participation domain for alias name,NO_PROFILE_DATA,False
A00922,commune d ancinnes,72,217200054,AUTO_PROPAGATE_ELIGIBLE,2,,,,,0,,,NO_PROFILE_EVIDENCE,no normalized profile or participation domain for alias name,NO_PROFILE_DATA,False
A00923,commune d angers,49,214900078,AUTO_PROPAGATE_ELIGIBLE,2,alm.marches-securises.fr,,alm.marches-securises.fr,GENERIC_PLATFORM,1,2020-07-02,2020-07-02,NEUTRAL_SHARED_PLATFORM,only generic or shared institutional domains observed,HAS_PROFILE_DATA,False
A00924,commune d auvers le hamon,37;49;53;61;72,217200161,AUTO_PROPAGATE_ELIGIBLE,2,,,,,0,,,NO_PROFILE_EVIDENCE,no normalized profile or participation domain for alias name,NO_PROFILE_DATA,False
A00925,commune d auvers le hamon,72,217200161,AUTO_PROPAGATE_ELIGIBLE,2,,,,,0,,,NO_PROFILE_EVIDENCE,no normalized profile or participation domain for alias name,NO_PROFILE_DATA,False
A00926,commune d ingrandes-le-fresne-sur-loire,49,200102614,AUTO_PROPAGATE_ELIGIBLE,2,,,,,0,,,NO_PROFILE_EVIDENCE,no normalized profile or participation domain for alias name,NO_PROFILE_DATA,False
A00927,commune d oree d anjou,49,200056158,AUTO_PROPAGATE_ELIGIBLE,2,,,,,0,,,NO_PROFILE_EVIDENCE,no normalized profile or participation domain for alias name,NO_PROFILE_DATA,False
A00928,commune de brette les pins,72,217200476,AUTO_PROPAGATE_ELIGIBLE,2,,,,,0,,,NO_PROFILE_EVIDENCE,no normalized profile or participation domain for alias name,NO_PROFILE_DATA,False
A00929,commune de brulon,72,217200500,AUTO_PROPAGATE_ELIGIBLE,2,,,,,0,,,NO_PROFILE_EVIDENCE,no normalized profile or participation domain for alias name,NO_PROFILE_DATA,False
A00930,commune de cesson-sevigne,22;35;44;56,213500515,AUTO_PROPAGATE_ELIGIBLE,2,,,,,0,,,NO_PROFILE_EVIDENCE,no normalized profile or participation domain for alias name,NO_PROFILE_DATA,False
A00931,commune de chantonnay,85,218500510,AUTO_PROPAGATE_ELIGIBLE,2,,,,,0,,,NO_PROFILE_EVIDENCE,no normalized profile or participation domain for alias name,NO_PROFILE_DATA,False
A00932,commune de chateaubourg,22;29;35;44;53,213500689,AUTO_PROPAGATE_ELIGIBLE,2,,,,,0,,,NO_PROFILE_EVIDENCE,no normalized profile or participation domain for alias name,NO_PROFILE_DATA,False
A00933,commune de connerre,72,217200906,AUTO_PROPAGATE_ELIGIBLE,2,,,,,0,,,NO_PROFILE_EVIDENCE,no normalized profile or participation domain for alias name,NO_PROFILE_DATA,False
A00934,commune de corcoue sur logne,44,214401564,AUTO_PROPAGATE_ELIGIBLE,2,,,,,0,,,NO_PROFILE_EVIDENCE,no normalized profile or participation domain for alias name,NO_PROFILE_DATA,False
A00935,commune de corze 49,49,214901100,AUTO_PROPAGATE_ELIGIBLE,2,,,,,0,,,NO_PROFILE_EVIDENCE,no normalized profile or participation domain for alias name,NO_PROFILE_DATA,False
A00936,commune de cugand-la-bernardiere 85,85,929673945,AUTO_PROPAGATE_ELIGIBLE,2,,,,,0,,,NO_PROFILE_EVIDENCE,no normalized profile or participation domain for alias name,NO_PROFILE_DATA,False
A00937,commune de curzon 85,85,218500775,AUTO_PROPAGATE_ELIGIBLE,2,,,,,0,,,NO_PROFILE_EVIDENCE,no normalized profile or participation domain for alias name,NO_PROFILE_DATA,False
A00938,commune de gorges,44,214400640,AUTO_PROPAGATE_ELIGIBLE,2,,,,,0,,,NO_PROFILE_EVIDENCE,no normalized profile or participation domain for alias name,NO_PROFILE_DATA,False
A00939,commune de grandchamp des fontaines,44;75,214400665,AUTO_PROPAGATE_ELIGIBLE,2,,,,,0,,,NO_PROFILE_EVIDENCE,no normalized profile or participation domain for alias name,NO_PROFILE_DATA,False
A00940,commune de grosbreuil 85,85,218501039,AUTO_PROPAGATE_ELIGIBLE,2,,,,,0,,,NO_PROFILE_EVIDENCE,no normalized profile or participation domain for alias name,NO_PROFILE_DATA,False
A00941,commune de haute-goulaine,44,214400715,AUTO_PROPAGATE_ELIGIBLE,2,,,,,0,,,NO_PROFILE_EVIDENCE,no normalized profile or participation domain for alias name,NO_PROFILE_DATA,False
A00942,commune de la chapelle des fougeretz,22;35;44;53;56,213500598,AUTO_PROPAGATE_ELIGIBLE,2,marches.e-megalisbretagne.org,,marches.e-megalisbretagne.org,GENERIC_PLATFORM,1,2018-02-27,2018-02-27,NEUTRAL_SHARED_PLATFORM,only generic or shared institutional domains observed,HAS_PROFILE_DATA,False
A00943,commune de la chataigneraie,85,218500593,AUTO_PROPAGATE_ELIGIBLE,2,,,,,0,,,NO_PROFILE_EVIDENCE,no normalized profile or participation domain for alias name,NO_PROFILE_DATA,False
A00944,commune de la-haye-fouassiere,44,214400707,AUTO_PROPAGATE_ELIGIBLE,2,,,,,0,,,NO_PROFILE_EVIDENCE,no normalized profile or participation domain for alias name,NO_PROFILE_DATA,False
A00945,commune de laigne en belin,72,217201557,AUTO_PROPAGATE_ELIGIBLE,2,,,,,0,,,NO_PROFILE_EVIDENCE,no normalized profile or participation domain for alias name,NO_PROFILE_DATA,False
A00946,commune de lion-d angers,49,200053239,AUTO_PROPAGATE_ELIGIBLE,2,,,,,0,,,NO_PROFILE_EVIDENCE,no normalized profile or participation domain for alias name,NO_PROFILE_DATA,False
A00947,commune de luceau,72,217201730,AUTO_PROPAGATE_ELIGIBLE,2,,,,,0,,,NO_PROFILE_EVIDENCE,no normalized profile or participation domain for alias name,NO_PROFILE_DATA,False
A00948,commune de machecoul-saint-meme 44,44,200056455,AUTO_PROPAGATE_ELIGIBLE,2,,,,,0,,,NO_PROFILE_EVIDENCE,no normalized profile or participation domain for alias name,NO_PROFILE_DATA,False
A00949,commune de machecoul-saint-meme 44,44;85,200056455,AUTO_PROPAGATE_ELIGIBLE,2,,,,,0,,,NO_PROFILE_EVIDENCE,no normalized profile or participation domain for alias name,NO_PROFILE_DATA,False
A00950,commune de marcon,72,217201839,AUTO_PROPAGATE_ELIGIBLE,2,,,,,0,,,NO_PROFILE_EVIDENCE,no normalized profile or participation domain for alias name,NO_PROFILE_DATA,False
A00951,commune de monce en belin,72,217202001,AUTO_PROPAGATE_ELIGIBLE,2,,,,,0,,,NO_PROFILE_EVIDENCE,no normalized profile or participation domain for alias name,NO_PROFILE_DATA,False
A00952,commune de montrevault sur evre,44;49,200054302,AUTO_PROPAGATE_ELIGIBLE,2,,,,,0,,,NO_PROFILE_EVIDENCE,no normalized profile or participation domain for alias name,NO_PROFILE_DATA,False
A00953,commune de montrevault sur evre,44;49;85,200054302,AUTO_PROPAGATE_ELIGIBLE,2,,,,,0,,,NO_PROFILE_EVIDENCE,no normalized profile or participation domain for alias name,NO_PROFILE_DATA,False
A00954,commune de nesmy 85,85,218501609,AUTO_PROPAGATE_ELIGIBLE,2,,,,,0,,,NO_PROFILE_EVIDENCE,no normalized profile or participation domain for alias name,NO_PROFILE_DATA,False
A00955,commune de nivillac,44;56,215601477,AUTO_PROPAGATE_ELIGIBLE,2,,,,,0,,,NO_PROFILE_EVIDENCE,no normalized profile or participation domain for alias name,NO_PROFILE_DATA,False
A00956,commune de nort-sur-erdre,35;44;49;85,214401101,AUTO_PROPAGATE_ELIGIBLE,2,,,,,0,,,NO_PROFILE_EVIDENCE,no normalized profile or participation domain for alias name,NO_PROFILE_DATA,False
A00957,commune de parce-sur-sarthe,72,217202282,AUTO_PROPAGATE_ELIGIBLE,2,,,,,0,,,NO_PROFILE_EVIDENCE,no normalized profile or participation domain for alias name,NO_PROFILE_DATA,False
A00958,commune de pont-chateau 44160,44,214401291,AUTO_PROPAGATE_ELIGIBLE,2,,,,,0,,,NO_PROFILE_EVIDENCE,no normalized profile or participation domain for alias name,NO_PROFILE_DATA,False
A00959,commune de port-brillet,53,215301821,AUTO_PROPAGATE_ELIGIBLE,2,,,,,0,,,NO_PROFILE_EVIDENCE,no normalized profile or participation domain for alias name,NO_PROFILE_DATA,False
A00960,commune de prahecq,16;17;79;85;86,217902162,AUTO_PROPAGATE_ELIGIBLE,2,,,,,0,,,NO_PROFILE_EVIDENCE,no normalized profile or participation domain for alias name,NO_PROFILE_DATA,False
A00961,commune de prinquiau,44,214401374,AUTO_PROPAGATE_ELIGIBLE,2,,,,,0,,,NO_PROFILE_EVIDENCE,no normalized profile or participation domain for alias name,NO_PROFILE_DATA,False
A00962,commune de rives du fougerais 85,85,200102572,AUTO_PROPAGATE_ELIGIBLE,2,,,,,0,,,NO_PROFILE_EVIDENCE,no normalized profile or participation domain for alias name,NO_PROFILE_DATA,False
A00963,commune de rocheserviere 85,85,218501906,AUTO_PROPAGATE_ELIGIBLE,2,,,,,0,,,NO_PROFILE_EVIDENCE,no normalized profile or participation domain for alias name,NO_PROFILE_DATA,False
A00964,commune de saint aubin des coudrais,72,217202670,AUTO_PROPAGATE_ELIGIBLE,2,,,,,0,,,NO_PROFILE_EVIDENCE,no normalized profile or participation domain for alias name,NO_PROFILE_DATA,False
A00965,commune de saint jean de monts 85,44;85,218502342,AUTO_PROPAGATE_ELIGIBLE,2,,,,,0,,,NO_PROFILE_EVIDENCE,no normalized profile or participation domain for alias name,NO_PROFILE_DATA,False
A00966,commune de saint lyphard,44,214401754,AUTO_PROPAGATE_ELIGIBLE,2,,,,,0,,,NO_PROFILE_EVIDENCE,no normalized profile or participation domain for alias name,NO_PROFILE_DATA,False
A00967,commune de saint-mars-de-coutais,44,214401788,AUTO_PROPAGATE_ELIGIBLE,2,,,,,0,,,NO_PROFILE_EVIDENCE,no normalized profile or participation domain for alias name,NO_PROFILE_DATA,False
A00968,commune de sainte-anne-sur-vilaine,22;35;44;50;53;56,213502495,AUTO_PROPAGATE_ELIGIBLE,2,,,,,0,,,NO_PROFILE_EVIDENCE,no normalized profile or participation domain for alias name,NO_PROFILE_DATA,False
A00969,commune de sainte-gemmes-sur-loire,22;29;35;44;49;53;56;72;85,214902785,AUTO_PROPAGATE_ELIGIBLE,2,,,,,0,,,NO_PROFILE_EVIDENCE,no normalized profile or participation domain for alias name,NO_PROFILE_DATA,False
A00970,commune de sainte-pazanne,44,214401861,AUTO_PROPAGATE_ELIGIBLE,2,,,,,0,,,NO_PROFILE_EVIDENCE,no normalized profile or participation domain for alias name,NO_PROFILE_DATA,False
A00971,commune de sainte-reine-de-bretagne,44,214401895,AUTO_PROPAGATE_ELIGIBLE,2,,,,,0,,,NO_PROFILE_EVIDENCE,no normalized profile or participation domain for alias name,NO_PROFILE_DATA,False
A00972,commune de sautron,44,214401945,AUTO_PROPAGATE_ELIGIBLE,2,marches-publics.info,marches-publics.info,marches-publics.info,GENERIC_PLATFORM,2,2019-07-28,2019-07-28,NEUTRAL_SHARED_PLATFORM,only generic or shared institutional domains observed,HAS_PROFILE_DATA,False
A00973,commune de sille le guillaume,72,217203348,AUTO_PROPAGATE_ELIGIBLE,2,marches-publics.info,,marches-publics.info,GENERIC_PLATFORM,1,2017-07-05,2017-07-05,NEUTRAL_SHARED_PLATFORM,only generic or shared institutional domains observed,HAS_PROFILE_DATA,False
A00974,commune de tregastel,22;29;35;44;56,212203533,AUTO_PROPAGATE_ELIGIBLE,2,,,,,0,,,NO_PROFILE_EVIDENCE,no normalized profile or participation domain for alias name,NO_PROFILE_DATA,False
A00975,commune de tremeven,22;29;35;44;56,212902977,AUTO_PROPAGATE_ELIGIBLE,2,,,,,0,,,NO_PROFILE_EVIDENCE,no normalized profile or participation domain for alias name,NO_PROFILE_DATA,False
A00976,commune de val d erdre-auxence,49,200066207,AUTO_PROPAGATE_ELIGIBLE,2,anjoumarchespublics.fr,,anjoumarchespublics.fr,GENERIC_PLATFORM,1,2018-04-11,2018-04-11,NEUTRAL_SHARED_PLATFORM,only generic or shared institutional domains observed,HAS_PROFILE_DATA,False
A00977,commune de vertou,44,214402158,AUTO_PROPAGATE_ELIGIBLE,2,e-marchespublics.com,e-marchespublics.com,e-marchespublics.com,GENERIC_PLATFORM,2,2020-01-09,2020-01-09,NEUTRAL_SHARED_PLATFORM,only generic or shared institutional domains observed,HAS_PROFILE_DATA,False
A00978,commune des sorinieres,22;44;49;56;72;85,214401986,AUTO_PROPAGATE_ELIGIBLE,2,ville-sorinieres-marches.com,,ville-sorinieres-marches.com,SHARED_INSTITUTIONAL,1,2018-11-18,2018-11-18,NEUTRAL_SHARED_PLATFORM,only generic or shared institutional domains observed,HAS_PROFILE_DATA,False
A00979,commune du cellier 44,44,214400285,AUTO_PROPAGATE_ELIGIBLE,2,,,,,0,,,NO_PROFILE_EVIDENCE,no normalized profile or participation domain for alias name,NO_PROFILE_DATA,False
A00980,commune du gua 17600,16;17;33;79;85,211701859,AUTO_PROPAGATE_ELIGIBLE,2,,,,,0,,,NO_PROFILE_EVIDENCE,no normalized profile or participation domain for alias name,NO_PROFILE_DATA,False
A00981,commune du lude,72,200077162,AUTO_PROPAGATE_ELIGIBLE,2,,,,,0,,,NO_PROFILE_EVIDENCE,no normalized profile or participation domain for alias name,NO_PROFILE_DATA,False
A00982,commune le temple de bretagne,44,214402034,AUTO_PROPAGATE_ELIGIBLE,2,,,,,0,,,NO_PROFILE_EVIDENCE,no normalized profile or participation domain for alias name,NO_PROFILE_DATA,False
A00983,commune les deux alpes,13;38;41;43;44;69;75;93,200064434,AUTO_PROPAGATE_ELIGIBLE,2,e-marchespublics.com;lesdeuxalpes.e-marchespublics.com,e-marchespublics.com,e-marchespublics.com;lesdeuxalpes.e-marchespublics.com,GENERIC_PLATFORM,4,2019-04-07,2019-12-13,NEUTRAL_SHARED_PLATFORM,only generic or shared institutional domains observed,HAS_PROFILE_DATA,False
A00984,commune les deux alpes,13;38;44;45;69;73;94,200064434,AUTO_PROPAGATE_ELIGIBLE,2,e-marchespublics.com;lesdeuxalpes.e-marchespublics.com,e-marchespublics.com,e-marchespublics.com;lesdeuxalpes.e-marchespublics.com,GENERIC_PLATFORM,4,2019-04-07,2019-12-13,NEUTRAL_SHARED_PLATFORM,only generic or shared institutional domains observed,HAS_PROFILE_DATA,False
A00985,commune les monts d aunay,14;27;35;50;56;61;72;75;76,200066454,AUTO_PROPAGATE_ELIGIBLE,2,,,,,0,,,NO_PROFILE_EVIDENCE,no normalized profile or participation domain for alias name,NO_PROFILE_DATA,False
A00986,commune mauges sur loire,44;49,200054336,AUTO_PROPAGATE_ELIGIBLE,2,,,,,0,,,NO_PROFILE_EVIDENCE,no normalized profile or participation domain for alias name,NO_PROFILE_DATA,False
A00987,communes de saint gildas des bois,44,214401614,AUTO_PROPAGATE_ELIGIBLE,2,,,,,0,,,NO_PROFILE_EVIDENCE,no normalized profile or participation domain for alias name,NO_PROFILE_DATA,False
A00988,conseil departemental d ille et vilaine,35;44;53,223500018,AUTO_PROPAGATE_ELIGIBLE,2,,,,,0,,,NO_PROFILE_EVIDENCE,no normalized profile or participation domain for alias name,NO_PROFILE_DATA,False
A00989,conseil departemental de la vienne,16;36;37;49;79;86,228600011,AUTO_PROPAGATE_ELIGIBLE,2,,,,,0,,,NO_PROFILE_EVIDENCE,no normalized profile or participation domain for alias name,NO_PROFILE_DATA,False
A00990,conseil departemental de la vienne,16;36;37;49;79;86;87,228600011,AUTO_PROPAGATE_ELIGIBLE,2,,,,,0,,,NO_PROFILE_EVIDENCE,no normalized profile or participation domain for alias name,NO_PROFILE_DATA,False
A00991,conseil regional des pays de la loire,44,234400034,AUTO_PROPAGATE_ELIGIBLE,2,aof-crpdll-prod.local-trust.com;boamp.fr;marchepublics.paysdelaloire.fr;marches-formation.paysdelaloire.fr;marchespublics.paysdelaloire.fr;paysdelaloire.fr;wwww.marchespublics.paysdelaloire.fr,aof-crpdll-prod.local-trust.com;marchespublics.paysdelaloire.fr,aof-crpdll-prod.local-trust.com;boamp.fr;marchepublics.paysdelaloire.fr;marches-formation.paysdelaloire.fr;marchespublics.paysdelaloire.fr;paysdelaloire.fr;wwww.marchespublics.paysdelaloire.fr,BUYER_SPECIFIC;GENERIC_PLATFORM,12,2015-05-06,2020-12-10,STRONG_SUPPORT,alias has buyer-specific or highly concentrated profile-domain evidence,HAS_PROFILE_DATA,False
A00992,conseil regional des pays de la loire,44;49;53;72,234400034,AUTO_PROPAGATE_ELIGIBLE,2,aof-crpdll-prod.local-trust.com;boamp.fr;marchepublics.paysdelaloire.fr;marches-formation.paysdelaloire.fr;marchespublics.paysdelaloire.fr;paysdelaloire.fr;wwww.marchespublics.paysdelaloire.fr,aof-crpdll-prod.local-trust.com;marchespublics.paysdelaloire.fr,aof-crpdll-prod.local-trust.com;boamp.fr;marchepublics.paysdelaloire.fr;marches-formation.paysdelaloire.fr;marchespublics.paysdelaloire.fr;paysdelaloire.fr;wwww.marchespublics.paysdelaloire.fr,BUYER_SPECIFIC;GENERIC_PLATFORM,12,2015-05-06,2020-12-10,STRONG_SUPPORT,alias has buyer-specific or highly concentrated profile-domain evidence,HAS_PROFILE_DATA,False
A00993,conservatoire du littoral,14;27;50;53;61;76,180005019,AUTO_PROPAGATE_ELIGIBLE,2,conservatoire-du-littoral.fr;marches-publics.gouv.fr,,conservatoire-du-littoral.fr;marches-publics.gouv.fr,BUYER_SPECIFIC;GENERIC_PLATFORM,2,2019-03-15,2020-03-26,STRONG_SUPPORT,alias has buyer-specific or highly concentrated profile-domain evidence,HAS_PROFILE_DATA,False
A00994,conservatoire du littoral,17;35;44;49;53;56;85,180005019,AUTO_PROPAGATE_ELIGIBLE,2,conservatoire-du-littoral.fr;marches-publics.gouv.fr,,conservatoire-du-littoral.fr;marches-publics.gouv.fr,BUYER_SPECIFIC;GENERIC_PLATFORM,2,2019-03-15,2020-03-26,STRONG_SUPPORT,alias has buyer-specific or highly concentrated profile-domain evidence,HAS_PROFILE_DATA,False
A00995,conservatoire du littoral,17;35;44;56;85,180005019,AUTO_PROPAGATE_ELIGIBLE,2,conservatoire-du-littoral.fr;marches-publics.gouv.fr,,conservatoire-du-littoral.fr;marches-publics.gouv.fr,BUYER_SPECIFIC;GENERIC_PLATFORM,2,2019-03-15,2020-03-26,STRONG_SUPPORT,alias has buyer-specific or highly concentrated profile-domain evidence,HAS_PROFILE_DATA,False
A00996,conservatoire du littoral,22;29;35;44;49;56,180005019,AUTO_PROPAGATE_ELIGIBLE,2,conservatoire-du-littoral.fr;marches-publics.gouv.fr,,conservatoire-du-littoral.fr;marches-publics.gouv.fr,BUYER_SPECIFIC;GENERIC_PLATFORM,2,2019-03-15,2020-03-26,STRONG_SUPPORT,alias has buyer-specific or highly concentrated profile-domain evidence,HAS_PROFILE_DATA,False
A00997,conservatoire du littoral,22;29;35;44;56,180005019,AUTO_PROPAGATE_ELIGIBLE,2,conservatoire-du-littoral.fr;marches-publics.gouv.fr,,conservatoire-du-littoral.fr;marches-publics.gouv.fr,BUYER_SPECIFIC;GENERIC_PLATFORM,2,2019-03-15,2020-03-26,STRONG_SUPPORT,alias has buyer-specific or highly concentrated profile-domain evidence,HAS_PROFILE_DATA,False
A00998,conservatoire du littoral,22;35;53;56,180005019,AUTO_PROPAGATE_ELIGIBLE,2,conservatoire-du-littoral.fr;marches-publics.gouv.fr,,conservatoire-du-littoral.fr;marches-publics.gouv.fr,BUYER_SPECIFIC;GENERIC_PLATFORM,2,2019-03-15,2020-03-26,STRONG_SUPPORT,alias has buyer-specific or highly concentrated profile-domain evidence,HAS_PROFILE_DATA,False
A00999,conservatoire national des arts et metiers,16;50;72;75;93,197534712,AUTO_PROPAGATE_ELIGIBLE,2,,,,,0,,,NO_PROFILE_EVIDENCE,no normalized profile or participation domain for alias name,NO_PROFILE_DATA,False
A01000,conservatoire national des arts et metiers,72;75;78;93,197534712,AUTO_PROPAGATE_ELIGIBLE,2,,,,,0,,,NO_PROFILE_EVIDENCE,no normalized profile or participation domain for alias name,NO_PROFILE_DATA,False
A01001,crous de nantes pays de la loire,35;44;49;53;72;85,184401321,AUTO_PROPAGATE_ELIGIBLE,2,,,,,0,,,NO_PROFILE_EVIDENCE,no normalized profile or participation domain for alias name,NO_PROFILE_DATA,False
A01002,crous de nantes pays de la loire,44;49;53;72,184401321,AUTO_PROPAGATE_ELIGIBLE,2,,,,,0,,,NO_PROFILE_EVIDENCE,no normalized profile or participation domain for alias name,NO_PROFILE_DATA,False
A01003,crpcen,44;74;75,775671886,AUTO_PROPAGATE_ELIGIBLE,2,achatpublic.com;crpcen.achatpublic.com;meoss.achatpublic.com,,achatpublic.com;crpcen.achatpublic.com;meoss.achatpublic.com,GENERIC_PLATFORM,3,2018-04-13,2019-11-17,NEUTRAL_SHARED_PLATFORM,only generic or shared institutional domains observed,HAS_PROFILE_DATA,False
A01004,cte de cnes chateaubriant-derval,44,200072726,AUTO_PROPAGATE_ELIGIBLE,2,marches-securises.fr,,marches-securises.fr,GENERIC_PLATFORM,1,2020-05-14,2020-05-14,NEUTRAL_SHARED_PLATFORM,only generic or shared institutional domains observed,HAS_PROFILE_DATA,False
A01005,cte de cnes de l ile de noirmoutier,85,248500191,AUTO_PROPAGATE_ELIGIBLE,2,marches-securises.fr,marches-securises.fr,marches-securises.fr,GENERIC_PLATFORM,2,2019-12-07,2019-12-07,NEUTRAL_SHARED_PLATFORM,only generic or shared institutional domains observed,HAS_PROFILE_DATA,False
A01006,cte de cnes du pays d ancenis,44;49;53,244400552,AUTO_PROPAGATE_ELIGIBLE,2,pays-ancenis.com;pays-ancenis.e-marchespublics.com,,pays-ancenis.com;pays-ancenis.e-marchespublics.com,GENERIC_PLATFORM;HIGHLY_CONCENTRATED,3,2019-03-20,2020-08-21,STRONG_SUPPORT,alias has buyer-specific or highly concentrated profile-domain evidence,HAS_PROFILE_DATA,False
A01007,cte de communes estuaire et sillon,44,200072734,AUTO_PROPAGATE_ELIGIBLE,2,,,,,0,,,NO_PROFILE_EVIDENCE,no normalized profile or participation domain for alias name,NO_PROFILE_DATA,False
A01008,departement cotes d armor,22;29;35;44;56,222200016,AUTO_PROPAGATE_ELIGIBLE,2,,,,,0,,,NO_PROFILE_EVIDENCE,no normalized profile or participation domain for alias name,NO_PROFILE_DATA,False
A01009,departement de la vendee,44;85,228500013,AUTO_PROPAGATE_ELIGIBLE,2,marchespublics.vendee.fr,,marchespublics.vendee.fr,SHARED_INSTITUTIONAL,1,2020-12-02,2020-12-02,NEUTRAL_SHARED_PLATFORM,only generic or shared institutional domains observed,HAS_PROFILE_DATA,False
A01010,departement de la vienne,16;17;36;37;49;79;85;86;87,228600011,AUTO_PROPAGATE_ELIGIBLE,2,marches.departement86.fr;marches.local-trust.com,,marches.departement86.fr;marches.local-trust.com,GENERIC_PLATFORM;SHARED_INSTITUTIONAL,3,2016-02-17,2019-03-26,NEUTRAL_SHARED_PLATFORM,only generic or shared institutional domains observed,HAS_PROFILE_DATA,False
A01011,departement de maine-et-loire,35;37;44;49;53;72;79;85;86,224900019,AUTO_PROPAGATE_ELIGIBLE,2,anjoumarchespublics.fr,,anjoumarchespublics.fr,GENERIC_PLATFORM,2,2017-09-25,2020-12-23,NEUTRAL_SHARED_PLATFORM,only generic or shared institutional domains observed,HAS_PROFILE_DATA,False
A01012,departement du finistere,22;29;44;56,222900011,AUTO_PROPAGATE_ELIGIBLE,2,e-magalisbretagne.org;e-megalisbretagne.org;finistere.fr;marches.e-megalisbretagne.org;marches.megails.bretagne.bzh;marches.megalis.bretagne.bzh;marches.megalisbretagne.org;megalisbretagne.org;ww.e-megalisbretagne.org,marches.megalisbretagne.org,e-magalisbretagne.org;e-megalisbretagne.org;finistere.fr;marches.e-megalisbretagne.org;marches.megails.bretagne.bzh;marches.megalis.bretagne.bzh;marches.megalisbretagne.org;megalisbretagne.org;ww.e-megalisbretagne.org,GENERIC_PLATFORM;SHARED_INSTITUTIONAL,12,2016-04-01,2020-11-11,NEUTRAL_SHARED_PLATFORM,only generic or shared institutional domains observed,HAS_PROFILE_DATA,False
A01013,departement du finistere 32 boulevard dupleix 29196 quimper,29;35;44;56,222900011,AUTO_PROPAGATE_ELIGIBLE,2,,,,,0,,,NO_PROFILE_EVIDENCE,no normalized profile or participation domain for alias name,NO_PROFILE_DATA,False
A01014,dgac dsna do,14;27;29;35;44;49;50;61;85,120064019,AUTO_PROPAGATE_ELIGIBLE,2,,,,,0,,,NO_PROFILE_EVIDENCE,no normalized profile or participation domain for alias name,NO_PROFILE_DATA,False
A01015,dgampa,16;17;44;75;92,130030018,AUTO_PROPAGATE_ELIGIBLE,2,,,,,0,,,NO_PROFILE_EVIDENCE,no normalized profile or participation domain for alias name,NO_PROFILE_DATA,False
A01016,dgampa,29;33;44;75,130030018,AUTO_PROPAGATE_ELIGIBLE,2,,,,,0,,,NO_PROFILE_EVIDENCE,no normalized profile or participation domain for alias name,NO_PROFILE_DATA,False
A01017,dir ouest,22;29;35;44,130001704,AUTO_PROPAGATE_ELIGIBLE,2,marches-publics.gouv.fr,marches-publics.gouv.fr,marches-publics.gouv.fr,GENERIC_PLATFORM,5,2019-06-14,2020-08-27,NEUTRAL_SHARED_PLATFORM,only generic or shared institutional domains observed,HAS_PROFILE_DATA,False
A01018,direction eau et assainissement angers loire metropole 49,44;49;53;72,244900015,AUTO_PROPAGATE_ELIGIBLE,2,,,,,0,,,NO_PROFILE_EVIDENCE,no normalized profile or participation domain for alias name,NO_PROFILE_DATA,False
A01019,direction interdepartementale des routes ouest,22;29;35;44;56,130001704,AUTO_PROPAGATE_ELIGIBLE,2,,,,,0,,,NO_PROFILE_EVIDENCE,no normalized profile or participation domain for alias name,NO_PROFILE_DATA,False
A01020,direction interdepartementale des routes ouest,44,130001704,AUTO_PROPAGATE_ELIGIBLE,2,,,,,0,,,NO_PROFILE_EVIDENCE,no normalized profile or participation domain for alias name,NO_PROFILE_DATA,False
A01021,direction interdepartementale des routes ouest - dir ouest,22;29;35;44;53;56,130001704,AUTO_PROPAGATE_ELIGIBLE,2,,,,,0,,,NO_PROFILE_EVIDENCE,no normalized profile or participation domain for alias name,NO_PROFILE_DATA,False
A01022,direction regionale finances publiques pays de la loire et departement loire atlantique drfip 44,44,130012925,AUTO_PROPAGATE_ELIGIBLE,2,,,,,0,,,NO_PROFILE_EVIDENCE,no normalized profile or participation domain for alias name,NO_PROFILE_DATA,False
A01023,dirouest,22;29;35;44;56,130001704,AUTO_PROPAGATE_ELIGIBLE,2,,,,,0,,,NO_PROFILE_EVIDENCE,no normalized profile or participation domain for alias name,NO_PROFILE_DATA,False
A01024,disp de rennes,35;44,173501206,AUTO_PROPAGATE_ELIGIBLE,2,,,,,0,,,NO_PROFILE_EVIDENCE,no normalized profile or participation domain for alias name,NO_PROFILE_DATA,False
A01025,disp rennes,35;44,173501206,AUTO_PROPAGATE_ELIGIBLE,2,,,,,0,,,NO_PROFILE_EVIDENCE,no normalized profile or participation domain for alias name,NO_PROFILE_DATA,False
A01026,dreal pays de la loire,53,130006109,AUTO_PROPAGATE_ELIGIBLE,2,marches-publics.gouv.fr;ww.marches-publics.gouv.fr,marches-publics.gouv.fr,marches-publics.gouv.fr;ww.marches-publics.gouv.fr,GENERIC_PLATFORM,3,2015-06-15,2020-10-21,NEUTRAL_SHARED_PLATFORM,only generic or shared institutional domains observed,HAS_PROFILE_DATA,False
A01027,dreal pays de la loire - sial - division maitrise d ouvrage routiere,44;53,130006109,AUTO_PROPAGATE_ELIGIBLE,2,,,,,0,,,NO_PROFILE_EVIDENCE,no normalized profile or participation domain for alias name,NO_PROFILE_DATA,False
A01028,drfip 44,35;37;44;49;53;56;72;79;85,130012925,AUTO_PROPAGATE_ELIGIBLE,2,,,,,0,,,NO_PROFILE_EVIDENCE,no normalized profile or participation domain for alias name,NO_PROFILE_DATA,False
A01029,drfip35,22;29;35;44;50;56,130014939,AUTO_PROPAGATE_ELIGIBLE,2,,,,,0,,,NO_PROFILE_EVIDENCE,no normalized profile or participation domain for alias name,NO_PROFILE_DATA,False
A01030,e p i s m arc-en-ciel du perche saosnois,72,200096766,AUTO_PROPAGATE_ELIGIBLE,2,,,,,0,,,NO_PROFILE_EVIDENCE,no normalized profile or participation domain for alias name,NO_PROFILE_DATA,False
A01031,e-toile coordonnateur groupement comm,14;35;44;49;53;61;72;85,803555630,AUTO_PROPAGATE_ELIGIBLE,2,,,,,0,,,NO_PROFILE_EVIDENCE,no normalized profile or participation domain for alias name,NO_PROFILE_DATA,False
A01032,e-toile coordonnateur groupement comm,14;35;49,803555630,AUTO_PROPAGATE_ELIGIBLE,2,,,,,0,,,NO_PROFILE_EVIDENCE,no normalized profile or participation domain for alias name,NO_PROFILE_DATA,False
A01033,ecole nationale superieure d arts et metiers,53,197534720,AUTO_PROPAGATE_ELIGIBLE,2,,,,,0,,,NO_PROFILE_EVIDENCE,no normalized profile or participation domain for alias name,NO_PROFILE_DATA,False
A01034,ecole nationale superieure d arts et metiers ensam,49,197534720,AUTO_PROPAGATE_ELIGIBLE,2,,,,,0,,,NO_PROFILE_EVIDENCE,no normalized profile or participation domain for alias name,NO_PROFILE_DATA,False
A01035,ehpad alienor d aquitaine,49,264906660,AUTO_PROPAGATE_ELIGIBLE,2,,,,,0,,,NO_PROFILE_EVIDENCE,no normalized profile or participation domain for alias name,NO_PROFILE_DATA,False
A01036,ehpad le clos fleuri,44,264400276,AUTO_PROPAGATE_ELIGIBLE,2,,,,,0,,,NO_PROFILE_EVIDENCE,no normalized profile or participation domain for alias name,NO_PROFILE_DATA,False
A01037,ehpad les jardins du castel,22;35;44;50;53;56;75;92;93,263500175,AUTO_PROPAGATE_ELIGIBLE,2,,,,,0,,,NO_PROFILE_EVIDENCE,no normalized profile or participation domain for alias name,NO_PROFILE_DATA,False
A01038,ehpad les pinelles,18;28;36;37;41;45;72,264502006,AUTO_PROPAGATE_ELIGIBLE,2,,,,,0,,,NO_PROFILE_EVIDENCE,no normalized profile or participation domain for alias name,NO_PROFILE_DATA,False
A01039,ehpad mer et pins,35;44;49;56;85,264403072,AUTO_PROPAGATE_ELIGIBLE,2,marches.a-e-o.fr,,marches.a-e-o.fr,SHARED_INSTITUTIONAL,1,2019-04-04,2019-04-04,NEUTRAL_SHARED_PLATFORM,only generic or shared institutional domains observed,HAS_PROFILE_DATA,False
A01040,ehpad residence de fontenay,72,267200285,AUTO_PROPAGATE_ELIGIBLE,2,,,,,0,,,NO_PROFILE_EVIDENCE,no normalized profile or participation domain for alias name,NO_PROFILE_DATA,False
A01041,ehpad residence le clos fleuri donges,44,264400276,AUTO_PROPAGATE_ELIGIBLE,2,,,,,0,,,NO_PROFILE_EVIDENCE,no normalized profile or participation domain for alias name,NO_PROFILE_DATA,False
A01042,ehpad residences les hauts de maine,49,200072627,AUTO_PROPAGATE_ELIGIBLE,2,,,,,0,,,NO_PROFILE_EVIDENCE,no normalized profile or participation domain for alias name,NO_PROFILE_DATA,False
A01043,ehpadabbaye,44;49;53;72;85,200054567,AUTO_PROPAGATE_ELIGIBLE,2,,,,,0,,,NO_PROFILE_EVIDENCE,no normalized profile or participation domain for alias name,NO_PROFILE_DATA,False
A01044,ehpadabbaye,72,200054567,AUTO_PROPAGATE_ELIGIBLE,2,,,,,0,,,NO_PROFILE_EVIDENCE,no normalized profile or participation domain for alias name,NO_PROFILE_DATA,False
A01045,enseignement superieur et recherche,35;44;49;56;85,180092025,AUTO_PROPAGATE_ELIGIBLE,2,,,,,0,,,NO_PROFILE_EVIDENCE,no normalized profile or participation domain for alias name,NO_PROFILE_DATA,False
A01046,epcc le quai cdn,49,483321915,AUTO_PROPAGATE_ELIGIBLE,2,,,,,0,,,NO_PROFILE_EVIDENCE,no normalized profile or participation domain for alias name,NO_PROFILE_DATA,False
A01047,epl cholet sports loisirs,49,439950619,AUTO_PROPAGATE_ELIGIBLE,2,interco.achatpublic.com;marchesonline.achatpublic.com,,interco.achatpublic.com;marchesonline.achatpublic.com,GENERIC_PLATFORM,2,2017-11-22,2019-07-04,NEUTRAL_SHARED_PLATFORM,only generic or shared institutional domains observed,HAS_PROFILE_DATA,False
A01048,epsms mayenne,53,265303321,AUTO_PROPAGATE_ELIGIBLE,2,e-marchespublics.com,,e-marchespublics.com,GENERIC_PLATFORM,1,2020-11-12,2020-11-12,NEUTRAL_SHARED_PLATFORM,only generic or shared institutional domains observed,HAS_PROFILE_DATA,False
A01049,esid de rennes,72,110090016,AUTO_PROPAGATE_ELIGIBLE,2,marches-publics.gouv.fr,,marches-publics.gouv.fr,GENERIC_PLATFORM,1,2019-10-28,2019-10-28,NEUTRAL_SHARED_PLATFORM,only generic or shared institutional domains observed,HAS_PROFILE_DATA,False
A01050,espacil accession coordonnateur du groupement de commandes espacil accession - habitat 44,44,303587596,AUTO_PROPAGATE_ELIGIBLE,2,,,,,0,,,NO_PROFILE_EVIDENCE,no normalized profile or participation domain for alias name,NO_PROFILE_DATA,False
A01051,etablissement francais du sang centre-pays de la loire,37;44;49,428822852,AUTO_PROPAGATE_ELIGIBLE,2,,,,,0,,,NO_PROFILE_EVIDENCE,no normalized profile or participation domain for alias name,NO_PROFILE_DATA,False
A01052,etablissement public de sante,49,264900036,AUTO_PROPAGATE_ELIGIBLE,2,,,,,0,,,NO_PROFILE_EVIDENCE,no normalized profile or participation domain for alias name,NO_PROFILE_DATA,False
A01053,etablissement public du marais poitevin,17;79;85,130015001,AUTO_PROPAGATE_ELIGIBLE,2,,,,,0,,,NO_PROFILE_EVIDENCE,no normalized profile or participation domain for alias name,NO_PROFILE_DATA,False
A01054,etablissement public foncier de loire atlantique,44,754078475,AUTO_PROPAGATE_ELIGIBLE,2,,,,,0,,,NO_PROFILE_EVIDENCE,no normalized profile or participation domain for alias name,NO_PROFILE_DATA,False
A01055,etablissement public foncier de loire atlantique epf44,44,754078475,AUTO_PROPAGATE_ELIGIBLE,2,,,,,0,,,NO_PROFILE_EVIDENCE,no normalized profile or participation domain for alias name,NO_PROFILE_DATA,False
A01056,etablissement public loire,18;28;36;37;41;45;49,254502008,AUTO_PROPAGATE_ELIGIBLE,2,eptb-loire.e-marchespublics.com;eptb-loire.fr,,eptb-loire.e-marchespublics.com;eptb-loire.fr,GENERIC_PLATFORM;SHARED_INSTITUTIONAL,2,2016-04-22,2019-12-29,NEUTRAL_SHARED_PLATFORM,only generic or shared institutional domains observed,HAS_PROFILE_DATA,False
A01057,etablissement public loire,18;36;37;41;44;45;49,254502008,AUTO_PROPAGATE_ELIGIBLE,2,eptb-loire.e-marchespublics.com;eptb-loire.fr,,eptb-loire.e-marchespublics.com;eptb-loire.fr,GENERIC_PLATFORM;SHARED_INSTITUTIONAL,2,2016-04-22,2019-12-29,NEUTRAL_SHARED_PLATFORM,only generic or shared institutional domains observed,HAS_PROFILE_DATA,False
A01058,etablissement public loire,18;36;37;41;44;45;58,254502008,AUTO_PROPAGATE_ELIGIBLE,2,eptb-loire.e-marchespublics.com;eptb-loire.fr,,eptb-loire.e-marchespublics.com;eptb-loire.fr,GENERIC_PLATFORM;SHARED_INSTITUTIONAL,2,2016-04-22,2019-12-29,NEUTRAL_SHARED_PLATFORM,only generic or shared institutional domains observed,HAS_PROFILE_DATA,False
A01059,etablissement public loire,18;37;44;45;49,254502008,AUTO_PROPAGATE_ELIGIBLE,2,eptb-loire.e-marchespublics.com;eptb-loire.fr,,eptb-loire.e-marchespublics.com;eptb-loire.fr,GENERIC_PLATFORM;SHARED_INSTITUTIONAL,2,2016-04-22,2019-12-29,NEUTRAL_SHARED_PLATFORM,only generic or shared institutional domains observed,HAS_PROFILE_DATA,False
A01060,etablissement public loire,18;41;45;49;72,254502008,AUTO_PROPAGATE_ELIGIBLE,2,eptb-loire.e-marchespublics.com;eptb-loire.fr,,eptb-loire.e-marchespublics.com;eptb-loire.fr,GENERIC_PLATFORM;SHARED_INSTITUTIONAL,2,2016-04-22,2019-12-29,NEUTRAL_SHARED_PLATFORM,only generic or shared institutional domains observed,HAS_PROFILE_DATA,False
A01061,etablissement public loire,36;37;41;42;43;44;45;49;71,254502008,AUTO_PROPAGATE_ELIGIBLE,2,eptb-loire.e-marchespublics.com;eptb-loire.fr,,eptb-loire.e-marchespublics.com;eptb-loire.fr,GENERIC_PLATFORM;SHARED_INSTITUTIONAL,2,2016-04-22,2019-12-29,NEUTRAL_SHARED_PLATFORM,only generic or shared institutional domains observed,HAS_PROFILE_DATA,False
A01062,etablissement public loire,37;41;44;45;49,254502008,AUTO_PROPAGATE_ELIGIBLE,2,eptb-loire.e-marchespublics.com;eptb-loire.fr,,eptb-loire.e-marchespublics.com;eptb-loire.fr,GENERIC_PLATFORM;SHARED_INSTITUTIONAL,2,2016-04-22,2019-12-29,NEUTRAL_SHARED_PLATFORM,only generic or shared institutional domains observed,HAS_PROFILE_DATA,False
A01063,etablissement public loire,37;41;45;49,254502008,AUTO_PROPAGATE_ELIGIBLE,2,eptb-loire.e-marchespublics.com;eptb-loire.fr,,eptb-loire.e-marchespublics.com;eptb-loire.fr,GENERIC_PLATFORM;SHARED_INSTITUTIONAL,2,2016-04-22,2019-12-29,NEUTRAL_SHARED_PLATFORM,only generic or shared institutional domains observed,HAS_PROFILE_DATA,False
A01064,etablissement public loire,37;44;45;49;53;72;79,254502008,AUTO_PROPAGATE_ELIGIBLE,2,eptb-loire.e-marchespublics.com;eptb-loire.fr,,eptb-loire.e-marchespublics.com;eptb-loire.fr,GENERIC_PLATFORM;SHARED_INSTITUTIONAL,2,2016-04-22,2019-12-29,NEUTRAL_SHARED_PLATFORM,only generic or shared institutional domains observed,HAS_PROFILE_DATA,False
A01065,etablissement public loire,37;45;49,254502008,AUTO_PROPAGATE_ELIGIBLE,2,eptb-loire.e-marchespublics.com;eptb-loire.fr,,eptb-loire.e-marchespublics.com;eptb-loire.fr,GENERIC_PLATFORM;SHARED_INSTITUTIONAL,2,2016-04-22,2019-12-29,NEUTRAL_SHARED_PLATFORM,only generic or shared institutional domains observed,HAS_PROFILE_DATA,False
A01066,etablissement public loire,41;45;72,254502008,AUTO_PROPAGATE_ELIGIBLE,2,eptb-loire.e-marchespublics.com;eptb-loire.fr,,eptb-loire.e-marchespublics.com;eptb-loire.fr,GENERIC_PLATFORM;SHARED_INSTITUTIONAL,2,2016-04-22,2019-12-29,NEUTRAL_SHARED_PLATFORM,only generic or shared institutional domains observed,HAS_PROFILE_DATA,False
A01067,etablissement public loire,44;45;49,254502008,AUTO_PROPAGATE_ELIGIBLE,2,eptb-loire.e-marchespublics.com;eptb-loire.fr,,eptb-loire.e-marchespublics.com;eptb-loire.fr,GENERIC_PLATFORM;SHARED_INSTITUTIONAL,2,2016-04-22,2019-12-29,NEUTRAL_SHARED_PLATFORM,only generic or shared institutional domains observed,HAS_PROFILE_DATA,False
A01068,etat - dgfip,17;33;37;44;75;79;85;87;91,130004955,AUTO_PROPAGATE_ELIGIBLE,2,,,,,0,,,NO_PROFILE_EVIDENCE,no normalized profile or participation domain for alias name,NO_PROFILE_DATA,False
A01069,fonciere logement 75,22;29;44;56;75,443966510,AUTO_PROPAGATE_ELIGIBLE,2,,,,,0,,,NO_PROFILE_EVIDENCE,no normalized profile or participation domain for alias name,NO_PROFILE_DATA,False
A01070,fonciere logement 75,22;35;44;53;56;75,443966510,AUTO_PROPAGATE_ELIGIBLE,2,,,,,0,,,NO_PROFILE_EVIDENCE,no normalized profile or participation domain for alias name,NO_PROFILE_DATA,False
A01071,fondation open-c,22;44,923395909,AUTO_PROPAGATE_ELIGIBLE,2,,,,,0,,,NO_PROFILE_EVIDENCE,no normalized profile or participation domain for alias name,NO_PROFILE_DATA,False
A01072,formation,44;49;53;72;85,234400034,AUTO_PROPAGATE_ELIGIBLE,2,,,,,0,,,NO_PROFILE_EVIDENCE,no normalized profile or participation domain for alias name,NO_PROFILE_DATA,False
A01073,fournitures de denrees alimentaires pour les adherents du groupement d achats de l herm,85,218502946,AUTO_PROPAGATE_ELIGIBLE,2,,,,,0,,,NO_PROFILE_EVIDENCE,no normalized profile or participation domain for alias name,NO_PROFILE_DATA,False
A01074,foyer logement clair matin,61;72,266100015,AUTO_PROPAGATE_ELIGIBLE,2,,,,,0,,,NO_PROFILE_EVIDENCE,no normalized profile or participation domain for alias name,NO_PROFILE_DATA,False
A01075,france travail,44;49;53;72;85,130005481,AUTO_PROPAGATE_ELIGIBLE,2,,,,,0,,,NO_PROFILE_EVIDENCE,no normalized profile or participation domain for alias name,NO_PROFILE_DATA,False
A01076,france travail pays de la loire,44;72;85,130005481,AUTO_PROPAGATE_ELIGIBLE,2,,,,,0,,,NO_PROFILE_EVIDENCE,no normalized profile or participation domain for alias name,NO_PROFILE_DATA,False
A01077,france travail pays de la loire,85,130005481,AUTO_PROPAGATE_ELIGIBLE,2,,,,,0,,,NO_PROFILE_EVIDENCE,no normalized profile or participation domain for alias name,NO_PROFILE_DATA,False
A01078,gcs biologie 85,85,130021033,AUTO_PROPAGATE_ELIGIBLE,2,,,,,0,,,NO_PROFILE_EVIDENCE,no normalized profile or participation domain for alias name,NO_PROFILE_DATA,False
A01079,gcs cci la fabrik du sud loire,44,130026040,AUTO_PROPAGATE_ELIGIBLE,2,,,,,0,,,NO_PROFILE_EVIDENCE,no normalized profile or participation domain for alias name,NO_PROFILE_DATA,False
A01080,getigne,44,214400632,AUTO_PROPAGATE_ELIGIBLE,2,,,,,0,,,NO_PROFILE_EVIDENCE,no normalized profile or participation domain for alias name,NO_PROFILE_DATA,False
A01081,gip atlanpole 44,44,254401839,AUTO_PROPAGATE_ELIGIBLE,2,,,,,0,,,NO_PROFILE_EVIDENCE,no normalized profile or participation domain for alias name,NO_PROFILE_DATA,False
A01082,gip resah,44,130005010,AUTO_PROPAGATE_ELIGIBLE,2,achat-hopital.com;marches.maximilien.fr;maximilien.fr;plateforme.achat-hopital.com;resah.fr,marches.maximilien.fr,achat-hopital.com;marches.maximilien.fr;maximilien.fr;plateforme.achat-hopital.com;resah.fr,GENERIC_PLATFORM;SHARED_INSTITUTIONAL,9,2019-08-14,2020-12-24,NEUTRAL_SHARED_PLATFORM,only generic or shared institutional domains observed,HAS_PROFILE_DATA,False
A01083,gpm de nantes - st nazaire,44,775604853,AUTO_PROPAGATE_ELIGIBLE,2,achatpublic.com;meoss.achatpublic.com,meoss.achatpublic.com,achatpublic.com;meoss.achatpublic.com,GENERIC_PLATFORM,3,2020-09-24,2020-10-28,NEUTRAL_SHARED_PLATFORM,only generic or shared institutional domains observed,HAS_PROFILE_DATA,False
A01084,grand port maritime de nantes saint-nazaire,29;44;49;85,775604853,AUTO_PROPAGATE_ELIGIBLE,2,,,,,0,,,NO_PROFILE_EVIDENCE,no normalized profile or participation domain for alias name,NO_PROFILE_DATA,False
A01085,grand port maritime de nantes saint-nazaire,35;44;53;56,775604853,AUTO_PROPAGATE_ELIGIBLE,2,,,,,0,,,NO_PROFILE_EVIDENCE,no normalized profile or participation domain for alias name,NO_PROFILE_DATA,False
A01086,grand port maritime de nantes saint-nazaire -service achats ach,29;44;49;85,775604853,AUTO_PROPAGATE_ELIGIBLE,2,,,,,0,,,NO_PROFILE_EVIDENCE,no normalized profile or participation domain for alias name,NO_PROFILE_DATA,False
A01087,grand port maritime de nantes saint-nazaire service achat ach,44,775604853,AUTO_PROPAGATE_ELIGIBLE,2,,,,,0,,,NO_PROFILE_EVIDENCE,no normalized profile or participation domain for alias name,NO_PROFILE_DATA,False
A01088,grand port maritime nantes st-nazaire - entite adjudicatrice service achats ach,44,775604853,AUTO_PROPAGATE_ELIGIBLE,2,,,,,0,,,NO_PROFILE_EVIDENCE,no normalized profile or participation domain for alias name,NO_PROFILE_DATA,False
A01089,groupement cisn,44,005580113,AUTO_PROPAGATE_ELIGIBLE,2,,,,,0,,,NO_PROFILE_EVIDENCE,no normalized profile or participation domain for alias name,NO_PROFILE_DATA,False
A01090,groupement d autorites concedantes regions des pays de la loire et normandie coordonnateur region des pays de la loire,44;49;53;72;85,234400034,AUTO_PROPAGATE_ELIGIBLE,2,,,,,0,,,NO_PROFILE_EVIDENCE,no normalized profile or participation domain for alias name,NO_PROFILE_DATA,False
A01091,groupement d interet public - gip gigalis,44,254402530,AUTO_PROPAGATE_ELIGIBLE,2,,,,,0,,,NO_PROFILE_EVIDENCE,no normalized profile or participation domain for alias name,NO_PROFILE_DATA,False
A01092,groupement d interet public arronax,35;44;85,130004112,AUTO_PROPAGATE_ELIGIBLE,2,interco.achatpublic.com;marchesonline.achatpublic.com,publication.marchesonline.com,interco.achatpublic.com;marchesonline.achatpublic.com;publication.marchesonline.com,GENERIC_PLATFORM,4,2019-04-19,2019-09-15,NEUTRAL_SHARED_PLATFORM,only generic or shared institutional domains observed,HAS_PROFILE_DATA,False
A01093,groupement de collectivites,44,244400404,AUTO_PROPAGATE_ELIGIBLE,2,,,,,0,,,NO_PROFILE_EVIDENCE,no normalized profile or participation domain for alias name,NO_PROFILE_DATA,False
A01094,groupement de commande des ecoles nationales veterinaires francaises - mandataire du groupement ecole nationale veterinaire de toulouse envt,31;44;69;94,193101532,AUTO_PROPAGATE_ELIGIBLE,2,,,,,0,,,NO_PROFILE_EVIDENCE,no normalized profile or participation domain for alias name,NO_PROFILE_DATA,False
A01095,groupement de commande ville-ccas de cesson-sevigne,22;29;35;53;56,213500515,AUTO_PROPAGATE_ELIGIBLE,2,,,,,0,,,NO_PROFILE_EVIDENCE,no normalized profile or participation domain for alias name,NO_PROFILE_DATA,False
A01096,groupement de commandes ville de cholet cholet agglomeration cias du choletais ccas de cholet coordonnateur ville de cholet,44;49;79;85,214900995,AUTO_PROPAGATE_ELIGIBLE,2,,,,,0,,,NO_PROFILE_EVIDENCE,no normalized profile or participation domain for alias name,NO_PROFILE_DATA,False
A01097,groupement hospitalier de territoire 79 - ch niort,16;17;49;79;85;86,267900017,AUTO_PROPAGATE_ELIGIBLE,2,,,,,0,,,NO_PROFILE_EVIDENCE,no normalized profile or participation domain for alias name,NO_PROFILE_DATA,False
A01098,groupement transamo la set agissant au nom et pour le compte du syndicat des mobilites de touraine smt maitre d ouvrage,36;37;44;45;49,584801625,AUTO_PROPAGATE_ELIGIBLE,2,,,,,0,,,NO_PROFILE_EVIDENCE,no normalized profile or participation domain for alias name,NO_PROFILE_DATA,False
A01099,groupement transamo la set agissant au nom et pour le compte du syndicat des mobilites de touraine smt maitre d ouvrage,37;44;45;72,584801625,AUTO_PROPAGATE_ELIGIBLE,2,,,,,0,,,NO_PROFILE_EVIDENCE,no normalized profile or participation domain for alias name,NO_PROFILE_DATA,False
A01100,hopital intercommunal de la presqu ile guerande - le croisic,44,264403106,AUTO_PROPAGATE_ELIGIBLE,2,,,,,0,,,NO_PROFILE_EVIDENCE,no normalized profile or participation domain for alias name,NO_PROFILE_DATA,False
A01101,hopital memorial france etats unis,14;35;50;53;61,265001073,AUTO_PROPAGATE_ELIGIBLE,2,ch-stlo.fr,plateforme.achat-hopital.com,ch-stlo.fr;plateforme.achat-hopital.com,GENERIC_PLATFORM;SHARED_INSTITUTIONAL,2,2019-11-09,2019-11-09,NEUTRAL_SHARED_PLATFORM,only generic or shared institutional domains observed,HAS_PROFILE_DATA,False
A01102,ifce 170 avenue du cadre noir 49400 saumur,49,130010440,AUTO_PROPAGATE_ELIGIBLE,2,,,,,0,,,NO_PROFILE_EVIDENCE,no normalized profile or participation domain for alias name,NO_PROFILE_DATA,False
A01103,imt atlantique bretagne - pays de la loire,22;29;35;44;56,180092025,AUTO_PROPAGATE_ELIGIBLE,2,,,,,0,,,NO_PROFILE_EVIDENCE,no normalized profile or participation domain for alias name,NO_PROFILE_DATA,False
A01104,imt atlantique bretagne - pays de la loire,29;35;44,180092025,AUTO_PROPAGATE_ELIGIBLE,2,,,,,0,,,NO_PROFILE_EVIDENCE,no normalized profile or participation domain for alias name,NO_PROFILE_DATA,False
A01105,insa rennes,22;29;35;44;50;53;56,193500972,AUTO_PROPAGATE_ELIGIBLE,2,,,,,0,,,NO_PROFILE_EVIDENCE,no normalized profile or participation domain for alias name,NO_PROFILE_DATA,False
A01106,inserm,44;45;75;78;91;92;93;94;95,180036048,AUTO_PROPAGATE_ELIGIBLE,2,marches-publics.gouv.fr,marches-publics.gouv.fr,marches-publics.gouv.fr,GENERIC_PLATFORM,3,2015-06-09,2020-09-05,NEUTRAL_SHARED_PLATFORM,only generic or shared institutional domains observed,HAS_PROFILE_DATA,False
A01107,inst interdpt bassin sevre niortaise,17;44;49;79;85;86,257901330,AUTO_PROPAGATE_ELIGIBLE,2,e-marchespublics.com;sevre-niortaise.e-marchespublics.com;sevre-niortaise.fr,,e-marchespublics.com;sevre-niortaise.e-marchespublics.com;sevre-niortaise.fr,GENERIC_PLATFORM;SHARED_INSTITUTIONAL,4,2016-02-15,2019-12-02,NEUTRAL_SHARED_PLATFORM,only generic or shared institutional domains observed,HAS_PROFILE_DATA,False
A01108,institut de cancerologie de l ouest,44,532254307,AUTO_PROPAGATE_ELIGIBLE,2,,,,,0,,,NO_PROFILE_EVIDENCE,no normalized profile or participation domain for alias name,NO_PROFILE_DATA,False
A01109,institut mines-telecom atlantique,29;35;44;56,180092025,AUTO_PROPAGATE_ELIGIBLE,2,marches-publics.gouv.fr,,marches-publics.gouv.fr,GENERIC_PLATFORM,1,2019-02-20,2019-02-20,NEUTRAL_SHARED_PLATFORM,only generic or shared institutional domains observed,HAS_PROFILE_DATA,False
A01110,l acheteur est le cariforef des pays de la loire groupement d interet public dont le siege est situe au 12 boulevard georges pompidou batiment sevres 44200 nantes,44,130005119,AUTO_PROPAGATE_ELIGIBLE,2,,,,,0,,,NO_PROFILE_EVIDENCE,no normalized profile or participation domain for alias name,NO_PROFILE_DATA,False
A01111,la set,18;36;37;72,584801625,AUTO_PROPAGATE_ELIGIBLE,2,,,,,0,,,NO_PROFILE_EVIDENCE,no normalized profile or participation domain for alias name,NO_PROFILE_DATA,False
A01112,la set,37;41;45;72,584801625,AUTO_PROPAGATE_ELIGIBLE,2,,,,,0,,,NO_PROFILE_EVIDENCE,no normalized profile or participation domain for alias name,NO_PROFILE_DATA,False
A01113,la soderec agissant au nom et pour le compte de l hipi,44,264403106,AUTO_PROPAGATE_ELIGIBLE,2,,,,,0,,,NO_PROFILE_EVIDENCE,no normalized profile or participation domain for alias name,NO_PROFILE_DATA,False
A01114,liffre-cormier communaute,22;29;35;44;50;53;56,243500774,AUTO_PROPAGATE_ELIGIBLE,2,,,,,0,,,NO_PROFILE_EVIDENCE,no normalized profile or participation domain for alias name,NO_PROFILE_DATA,False
A01115,liffre-cormier communaute,22;29;35;44;56,243500774,AUTO_PROPAGATE_ELIGIBLE,2,,,,,0,,,NO_PROFILE_EVIDENCE,no normalized profile or participation domain for alias name,NO_PROFILE_DATA,False
A01116,liffre-cormier communaute,22;35;44;53,243500774,AUTO_PROPAGATE_ELIGIBLE,2,,,,,0,,,NO_PROFILE_EVIDENCE,no normalized profile or participation domain for alias name,NO_PROFILE_DATA,False
A01117,louresse-rochemenier,49,214901829,AUTO_PROPAGATE_ELIGIBLE,2,,,,,0,,,NO_PROFILE_EVIDENCE,no normalized profile or participation domain for alias name,NO_PROFILE_DATA,False
A01118,lycee aristide briand,44,174404301,AUTO_PROPAGATE_ELIGIBLE,2,,,,,0,,,NO_PROFILE_EVIDENCE,no normalized profile or participation domain for alias name,NO_PROFILE_DATA,False
A01119,lycee des metiers chevrollier-greta,49,194900031,AUTO_PROPAGATE_ELIGIBLE,2,,,,,0,,,NO_PROFILE_EVIDENCE,no normalized profile or participation domain for alias name,NO_PROFILE_DATA,False
A01120,lycee polyvalent sadi carnot-jean bertin,49,174404301,AUTO_PROPAGATE_ELIGIBLE,2,,,,,0,,,NO_PROFILE_EVIDENCE,no normalized profile or participation domain for alias name,NO_PROFILE_DATA,False
A01121,lycee professionnel jean rondeau - etablissement public local d enseignement eple,72,197213010,AUTO_PROPAGATE_ELIGIBLE,2,,,,,0,,,NO_PROFILE_EVIDENCE,no normalized profile or participation domain for alias name,NO_PROFILE_DATA,False
A01122,lycee public leonard de vinci,85,198513905,AUTO_PROPAGATE_ELIGIBLE,2,,,,,0,,,NO_PROFILE_EVIDENCE,no normalized profile or participation domain for alias name,NO_PROFILE_DATA,False
A01123,mairie d herbignac,35;44;56;85,214400723,AUTO_PROPAGATE_ELIGIBLE,2,,,,,0,,,NO_PROFILE_EVIDENCE,no normalized profile or participation domain for alias name,NO_PROFILE_DATA,False
A01124,mairie de bauge en anjou,49,200052702,AUTO_PROPAGATE_ELIGIBLE,2,anjoumarchespublics.fr,,anjoumarchespublics.fr,GENERIC_PLATFORM,1,2020-10-14,2020-10-14,NEUTRAL_SHARED_PLATFORM,only generic or shared institutional domains observed,HAS_PROFILE_DATA,False
A01125,mairie de bouloire,72,217200427,AUTO_PROPAGATE_ELIGIBLE,2,,,,,0,,,NO_PROFILE_EVIDENCE,no normalized profile or participation domain for alias name,NO_PROFILE_DATA,False
A01126,mairie de brains,44,214400244,AUTO_PROPAGATE_ELIGIBLE,2,,,,,0,,,NO_PROFILE_EVIDENCE,no normalized profile or participation domain for alias name,NO_PROFILE_DATA,False
A01127,mairie de briollay,44;49;53;72,214900482,AUTO_PROPAGATE_ELIGIBLE,2,,,,,0,,,NO_PROFILE_EVIDENCE,no normalized profile or participation domain for alias name,NO_PROFILE_DATA,False
A01128,mairie de change,53,215300542,AUTO_PROPAGATE_ELIGIBLE,2,agglo-laval.achatpublic.com,,agglo-laval.achatpublic.com,GENERIC_PLATFORM,1,2020-10-04,2020-10-04,NEUTRAL_SHARED_PLATFORM,only generic or shared institutional domains observed,HAS_PROFILE_DATA,False
A01129,mairie de clisson 3 grande rue de la trinite 44190 clisson,44,214400434,AUTO_PROPAGATE_ELIGIBLE,2,,,,,0,,,NO_PROFILE_EVIDENCE,no normalized profile or participation domain for alias name,NO_PROFILE_DATA,False
A01130,mairie de coueron,44;49,214400475,AUTO_PROPAGATE_ELIGIBLE,2,achatpublic.com,,achatpublic.com,GENERIC_PLATFORM,1,2020-11-03,2020-11-03,NEUTRAL_SHARED_PLATFORM,only generic or shared institutional domains observed,HAS_PROFILE_DATA,False
A01131,mairie de donges,44,214400525,AUTO_PROPAGATE_ELIGIBLE,2,,,,,0,,,NO_PROFILE_EVIDENCE,no normalized profile or participation domain for alias name,NO_PROFILE_DATA,False
A01132,mairie de jupilles,72,217201532,AUTO_PROPAGATE_ELIGIBLE,2,,,,,0,,,NO_PROFILE_EVIDENCE,no normalized profile or participation domain for alias name,NO_PROFILE_DATA,False
A01133,mairie de la plaine sur mer,44,214401267,AUTO_PROPAGATE_ELIGIBLE,2,,,,,0,,,NO_PROFILE_EVIDENCE,no normalized profile or participation domain for alias name,NO_PROFILE_DATA,False
A01134,mairie de luisant,27;28;45;72;78,212802201,AUTO_PROPAGATE_ELIGIBLE,2,,,,,0,,,NO_PROFILE_EVIDENCE,no normalized profile or participation domain for alias name,NO_PROFILE_DATA,False
A01135,mairie de montoire-sur-le-loir,28;36;37;41;45;49;72,214101495,AUTO_PROPAGATE_ELIGIBLE,2,,,,,0,,,NO_PROFILE_EVIDENCE,no normalized profile or participation domain for alias name,NO_PROFILE_DATA,False
A01136,mairie de nort-sur-erdre,44,214401101,AUTO_PROPAGATE_ELIGIBLE,2,cceg.e-marchespublics.com;e-marchespublics.com,e-marchespublics.com,cceg.e-marchespublics.com;e-marchespublics.com,GENERIC_PLATFORM,4,2017-01-08,2018-11-18,NEUTRAL_SHARED_PLATFORM,only generic or shared institutional domains observed,HAS_PROFILE_DATA,False
A01137,mairie de plerin,22;29;35;44;56,212201875,AUTO_PROPAGATE_ELIGIBLE,2,,,,,0,,,NO_PROFILE_EVIDENCE,no normalized profile or participation domain for alias name,NO_PROFILE_DATA,False
A01138,mairie de saint etienne de montluc,44;49;56;85,214401580,AUTO_PROPAGATE_ELIGIBLE,2,centraledesmarches.com;e-marchespublics.com;st-etienne-montluc.net,,centraledesmarches.com;e-marchespublics.com;st-etienne-montluc.net,BUYER_SPECIFIC;GENERIC_PLATFORM,3,2015-12-15,2019-10-03,STRONG_SUPPORT,alias has buyer-specific or highly concentrated profile-domain evidence,HAS_PROFILE_DATA,False
A01139,mairie de saint etienne de montluc,44;49;85,214401580,AUTO_PROPAGATE_ELIGIBLE,2,centraledesmarches.com;e-marchespublics.com;st-etienne-montluc.net,,centraledesmarches.com;e-marchespublics.com;st-etienne-montluc.net,BUYER_SPECIFIC;GENERIC_PLATFORM,3,2015-12-15,2019-10-03,STRONG_SUPPORT,alias has buyer-specific or highly concentrated profile-domain evidence,HAS_PROFILE_DATA,False
A01140,mairie de saint julien de concelles,44,214401697,AUTO_PROPAGATE_ELIGIBLE,2,,,,,0,,,NO_PROFILE_EVIDENCE,no normalized profile or participation domain for alias name,NO_PROFILE_DATA,False
A01141,mairie de saint lyphard,44,214401754,AUTO_PROPAGATE_ELIGIBLE,2,,,,,0,,,NO_PROFILE_EVIDENCE,no normalized profile or participation domain for alias name,NO_PROFILE_DATA,False
A01142,mairie de saint-herblain coordonnateur du groupement,44,214401622,AUTO_PROPAGATE_ELIGIBLE,2,,,,,0,,,NO_PROFILE_EVIDENCE,no normalized profile or participation domain for alias name,NO_PROFILE_DATA,False
A01143,mairie de saint-jean-de-boiseau,44,214401663,AUTO_PROPAGATE_ELIGIBLE,2,,,,,0,,,NO_PROFILE_EVIDENCE,no normalized profile or participation domain for alias name,NO_PROFILE_DATA,False
A01144,mairie de sainte-gemmes-sur-loire,49,214902785,AUTO_PROPAGATE_ELIGIBLE,2,,,,,0,,,NO_PROFILE_EVIDENCE,no normalized profile or participation domain for alias name,NO_PROFILE_DATA,False
A01145,mairie des herbiers,85,218501096,AUTO_PROPAGATE_ELIGIBLE,2,,,,,0,,,NO_PROFILE_EVIDENCE,no normalized profile or participation domain for alias name,NO_PROFILE_DATA,False
A01146,mairie heric,44,214400731,AUTO_PROPAGATE_ELIGIBLE,2,,,,,0,,,NO_PROFILE_EVIDENCE,no normalized profile or participation domain for alias name,NO_PROFILE_DATA,False
A01147,meae-dil,44;67;75,120006010,AUTO_PROPAGATE_ELIGIBLE,2,,,,,0,,,NO_PROFILE_EVIDENCE,no normalized profile or participation domain for alias name,NO_PROFILE_DATA,False
A01148,min angers-val de loire sominval 49,49,060201084,AUTO_PROPAGATE_ELIGIBLE,2,,,,,0,,,NO_PROFILE_EVIDENCE,no normalized profile or participation domain for alias name,NO_PROFILE_DATA,False
A01149,ministere de l europe et des affaires etrangeres,35;44;49;56;75;85,110006012,AUTO_PROPAGATE_ELIGIBLE,2,,,,,0,,,NO_PROFILE_EVIDENCE,no normalized profile or participation domain for alias name,NO_PROFILE_DATA,False
A01150,ministere de l europe et des affaires etrangeres,44,120006010,AUTO_PROPAGATE_ELIGIBLE,2,,,,,0,,,NO_PROFILE_EVIDENCE,no normalized profile or participation domain for alias name,NO_PROFILE_DATA,False
A01151,mise sous pli et adressage de la propagande electorale pour les elections municipales et communautaires des 15 et 22 mars 2026,44,214401093,AUTO_PROPAGATE_ELIGIBLE,2,,,,,0,,,NO_PROFILE_EVIDENCE,no normalized profile or participation domain for alias name,NO_PROFILE_DATA,False
A01152,msa 49 maine et loire,49,786118968,AUTO_PROPAGATE_ELIGIBLE,2,,,,,0,,,NO_PROFILE_EVIDENCE,no normalized profile or participation domain for alias name,NO_PROFILE_DATA,False
A01153,msa mayenne-orne-sarthe,53;61;72,481521003,AUTO_PROPAGATE_ELIGIBLE,2,,,,,0,,,NO_PROFILE_EVIDENCE,no normalized profile or participation domain for alias name,NO_PROFILE_DATA,False
A01154,nantes metropole amenagement - mandataire agissant au nom et pour le compte de la nantes metropole,44;75,345002281,AUTO_PROPAGATE_ELIGIBLE,2,,,,,0,,,NO_PROFILE_EVIDENCE,no normalized profile or participation domain for alias name,NO_PROFILE_DATA,False
A01155,nantes metropole amenagement agissant au nom et pour le compte de nantes metropole - 2 cours du champ de mars - 44 000 nantes,44,244400404,AUTO_PROPAGATE_ELIGIBLE,2,,,,,0,,,NO_PROFILE_EVIDENCE,no normalized profile or participation domain for alias name,NO_PROFILE_DATA,False
A01156,nantes metropole amenagement agissant au nom pour le compte de nantes metropole - 2 cours du champ-de-mars 44923 nantes cedex 9,44,345002281,AUTO_PROPAGATE_ELIGIBLE,2,,,,,0,,,NO_PROFILE_EVIDENCE,no normalized profile or participation domain for alias name,NO_PROFILE_DATA,False
A01157,nantes metropoles,44,244400404,AUTO_PROPAGATE_ELIGIBLE,2,,,,,0,,,NO_PROFILE_EVIDENCE,no normalized profile or participation domain for alias name,NO_PROFILE_DATA,False
A01158,nantes universite,44;49;53,130029747,AUTO_PROPAGATE_ELIGIBLE,2,,,,,0,,,NO_PROFILE_EVIDENCE,no normalized profile or participation domain for alias name,NO_PROFILE_DATA,False
A01159,nantes universte,44,130029747,AUTO_PROPAGATE_ELIGIBLE,2,,,,,0,,,NO_PROFILE_EVIDENCE,no normalized profile or participation domain for alias name,NO_PROFILE_DATA,False
A01160,office francais de la biodiversite,17;33;85;94,130025919,AUTO_PROPAGATE_ELIGIBLE,2,,,,,0,,,NO_PROFILE_EVIDENCE,no normalized profile or participation domain for alias name,NO_PROFILE_DATA,False
A01161,office francais de la biodiversite,22;29;35;44;56;85,130025919,AUTO_PROPAGATE_ELIGIBLE,2,,,,,0,,,NO_PROFILE_EVIDENCE,no normalized profile or participation domain for alias name,NO_PROFILE_DATA,False
A01162,office francais de la biodiversite,44;75;85,130025919,AUTO_PROPAGATE_ELIGIBLE,2,,,,,0,,,NO_PROFILE_EVIDENCE,no normalized profile or participation domain for alias name,NO_PROFILE_DATA,False
A01163,oph saumur habitat,49,274900026,AUTO_PROPAGATE_ELIGIBLE,2,,,,,0,,,NO_PROFILE_EVIDENCE,no normalized profile or participation domain for alias name,NO_PROFILE_DATA,False
A01164,optimarche,44;93,788428662,AUTO_PROPAGATE_ELIGIBLE,2,,,,,0,,,NO_PROFILE_EVIDENCE,no normalized profile or participation domain for alias name,NO_PROFILE_DATA,False
A01165,pays de la loire mobilites - exploitation,85,989458625,AUTO_PROPAGATE_ELIGIBLE,2,,,,,0,,,NO_PROFILE_EVIDENCE,no normalized profile or participation domain for alias name,NO_PROFILE_DATA,False
A01166,pays de saint gilles croix de vie agglomeration,85,200023778,AUTO_PROPAGATE_ELIGIBLE,2,,,,,0,,,NO_PROFILE_EVIDENCE,no normalized profile or participation domain for alias name,NO_PROFILE_DATA,False
A01167,podeliha,44;49,057201139,AUTO_PROPAGATE_ELIGIBLE,2,,,,,0,,,NO_PROFILE_EVIDENCE,no normalized profile or participation domain for alias name,NO_PROFILE_DATA,False
A01168,rectorat de la region academique pays de le loire,44;49,174404301,AUTO_PROPAGATE_ELIGIBLE,2,,,,,0,,,NO_PROFILE_EVIDENCE,no normalized profile or participation domain for alias name,NO_PROFILE_DATA,False
A01169,region bretagne,22;29;35;44;49;50;53;56;72,233500016,AUTO_PROPAGATE_ELIGIBLE,2,bretagne.bzh;e-megalisbretagne.fr;e-megalisbretagne.org;marches-megalisbretagne.org;marches.e-megalisbretagne.org;marches.megalis.bretagne.bzh;marches.megalisbretagne.org;megalis-bretagne.org;megalis.bretagne.bzh;megalisbretagne.org,marches.megalis.bretagne.bzh;marches.megalisbretagne.org,bretagne.bzh;e-megalisbretagne.fr;e-megalisbretagne.org;marches-megalisbretagne.org;marches.e-megalisbretagne.org;marches.megalis.bretagne.bzh;marches.megalisbretagne.org;megalis-bretagne.org;megalis.bretagne.bzh;megalisbretagne.org,BUYER_SPECIFIC;GENERIC_PLATFORM;HIGHLY_CONCENTRATED,18,2015-12-23,2020-12-17,STRONG_SUPPORT,alias has buyer-specific or highly concentrated profile-domain evidence,HAS_PROFILE_DATA,False
A01170,region de gendarmerie de bretagne,22;29;35;44;50;56,157000290,AUTO_PROPAGATE_ELIGIBLE,2,,,,,0,,,NO_PROFILE_EVIDENCE,no normalized profile or participation domain for alias name,NO_PROFILE_DATA,False
A01171,region des pays de la loire,44;75;85,234400034,AUTO_PROPAGATE_ELIGIBLE,2,,,,,0,,,NO_PROFILE_EVIDENCE,no normalized profile or participation domain for alias name,NO_PROFILE_DATA,False
A01172,region des pays de la loire,85,234400034,AUTO_PROPAGATE_ELIGIBLE,2,,,,,0,,,NO_PROFILE_EVIDENCE,no normalized profile or participation domain for alias name,NO_PROFILE_DATA,False
A01173,region pays de la loire,44;49;53;85,234400034,AUTO_PROPAGATE_ELIGIBLE,2,,,,,0,,,NO_PROFILE_EVIDENCE,no normalized profile or participation domain for alias name,NO_PROFILE_DATA,False
A01174,reseau canope,16;17;41;75;85;86,180043010,AUTO_PROPAGATE_ELIGIBLE,2,,,,,0,,,NO_PROFILE_EVIDENCE,no normalized profile or participation domain for alias name,NO_PROFILE_DATA,False
A01175,residence de la rochefoucauld,44,264400284,AUTO_PROPAGATE_ELIGIBLE,2,,,,,0,,,NO_PROFILE_EVIDENCE,no normalized profile or participation domain for alias name,NO_PROFILE_DATA,False
A01176,rgbret,22;29;35;44;50;56,157000019,AUTO_PROPAGATE_ELIGIBLE,2,,,,,0,,,NO_PROFILE_EVIDENCE,no normalized profile or participation domain for alias name,NO_PROFILE_DATA,False
A01177,rives et eaux du sud ouest,31;47;65;82;85,592780233,AUTO_PROPAGATE_ELIGIBLE,2,,,,,0,,,NO_PROFILE_EVIDENCE,no normalized profile or participation domain for alias name,NO_PROFILE_DATA,False
A01178,sa hlm,72,575850490,AUTO_PROPAGATE_ELIGIBLE,2,,,,,0,,,NO_PROFILE_EVIDENCE,no normalized profile or participation domain for alias name,NO_PROFILE_DATA,False
A01179,sarthe habitat,72,403040850,AUTO_PROPAGATE_ELIGIBLE,2,sarthe-habitat-marches.com;sarthe-habitat.fr,,sarthe-habitat-marches.com;sarthe-habitat.fr,SHARED_INSTITUTIONAL,2,2015-07-30,2017-01-20,NEUTRAL_SHARED_PLATFORM,only generic or shared institutional domains observed,HAS_PROFILE_DATA,False
A01180,satt ouest valorisation,35;44;75,753000611,AUTO_PROPAGATE_ELIGIBLE,2,boamp.fr;interco.achatpublic.com,,boamp.fr;interco.achatpublic.com,GENERIC_PLATFORM,2,2016-07-05,2019-03-12,NEUTRAL_SHARED_PLATFORM,only generic or shared institutional domains observed,HAS_PROFILE_DATA,False
A01181,saumur agglobus,49,313089013,AUTO_PROPAGATE_ELIGIBLE,2,,,,,0,,,NO_PROFILE_EVIDENCE,no normalized profile or participation domain for alias name,NO_PROFILE_DATA,False
A01182,sdis 35 - coordonnateur du groupement de commandes,14;22;35;53,283503555,AUTO_PROPAGATE_ELIGIBLE,2,,,,,0,,,NO_PROFILE_EVIDENCE,no normalized profile or participation domain for alias name,NO_PROFILE_DATA,False
A01183,sdis 35 - coordonnateur du groupement de commandes,22;27;29;35;44;49;50;53;56,283503555,AUTO_PROPAGATE_ELIGIBLE,2,,,,,0,,,NO_PROFILE_EVIDENCE,no normalized profile or participation domain for alias name,NO_PROFILE_DATA,False
A01184,sdis 35 - coordonnateur du groupement de commandes,22;28;29;35;44;56;72;76;85,283503555,AUTO_PROPAGATE_ELIGIBLE,2,,,,,0,,,NO_PROFILE_EVIDENCE,no normalized profile or participation domain for alias name,NO_PROFILE_DATA,False
A01185,sdis 35 - coordonnateur du groupement de commandes,22;29;35;44;50;76;85,283503555,AUTO_PROPAGATE_ELIGIBLE,2,,,,,0,,,NO_PROFILE_EVIDENCE,no normalized profile or participation domain for alias name,NO_PROFILE_DATA,False
A01186,sdis 79 deux sevres,16;79;85;86,287900336,AUTO_PROPAGATE_ELIGIBLE,2,,,,,0,,,NO_PROFILE_EVIDENCE,no normalized profile or participation domain for alias name,NO_PROFILE_DATA,False
A01187,secretariat general du ministere de la justice sg delegation interregionale grand-ouest,14;35;44,130005093,AUTO_PROPAGATE_ELIGIBLE,2,,,,,0,,,NO_PROFILE_EVIDENCE,no normalized profile or participation domain for alias name,NO_PROFILE_DATA,False
A01188,sem energies midi atlantique 17,16;17;33;79;85,838311371,AUTO_PROPAGATE_ELIGIBLE,2,,,,,0,,,NO_PROFILE_EVIDENCE,no normalized profile or participation domain for alias name,NO_PROFILE_DATA,False
A01189,sem sonadev,35;44;49;85,007180516,AUTO_PROPAGATE_ELIGIBLE,2,,,,,0,,,NO_PROFILE_EVIDENCE,no normalized profile or participation domain for alias name,NO_PROFILE_DATA,False
A01190,seml le mans evenements,72,412238065,AUTO_PROPAGATE_ELIGIBLE,2,marches.publics.info,marches.publics.info,marches.publics.info,SHARED_INSTITUTIONAL,2,2017-02-24,2017-02-24,NEUTRAL_SHARED_PLATFORM,only generic or shared institutional domains observed,HAS_PROFILE_DATA,False
A01191,service achats responsables,10;44;51;52;55;57;59,210800967,AUTO_PROPAGATE_ELIGIBLE,2,,,,,0,,,NO_PROFILE_EVIDENCE,no normalized profile or participation domain for alias name,NO_PROFILE_DATA,False
A01192,service commun d achats,22;29;35;44;53;56,384862132,AUTO_PROPAGATE_ELIGIBLE,2,interco.achatpublic.com;marchesonline.achatpublic.com,,interco.achatpublic.com;marchesonline.achatpublic.com,GENERIC_PLATFORM,2,2019-06-28,2019-12-29,NEUTRAL_SHARED_PLATFORM,only generic or shared institutional domains observed,HAS_PROFILE_DATA,False
A01193,service commun d achats,22;29;35;44;56,384862132,AUTO_PROPAGATE_ELIGIBLE,2,interco.achatpublic.com;marchesonline.achatpublic.com,,interco.achatpublic.com;marchesonline.achatpublic.com,GENERIC_PLATFORM,2,2019-06-28,2019-12-29,NEUTRAL_SHARED_PLATFORM,only generic or shared institutional domains observed,HAS_PROFILE_DATA,False
A01194,service departemental d incendie et de secours de maine et loire,35;44;49;53,284900016,AUTO_PROPAGATE_ELIGIBLE,2,,,,,0,,,NO_PROFILE_EVIDENCE,no normalized profile or participation domain for alias name,NO_PROFILE_DATA,False
A01195,service departemental d incendie et de secours de maine et loire,35;44;49;72,284900016,AUTO_PROPAGATE_ELIGIBLE,2,,,,,0,,,NO_PROFILE_EVIDENCE,no normalized profile or participation domain for alias name,NO_PROFILE_DATA,False
A01196,service departemental d incendie et de secours de maine et loire,49,284900016,AUTO_PROPAGATE_ELIGIBLE,2,,,,,0,,,NO_PROFILE_EVIDENCE,no normalized profile or participation domain for alias name,NO_PROFILE_DATA,False
A01197,service departemental d incendie et de secours de maine-et-loire,35;44;49;53;72,284900016,AUTO_PROPAGATE_ELIGIBLE,2,,,,,0,,,NO_PROFILE_EVIDENCE,no normalized profile or participation domain for alias name,NO_PROFILE_DATA,False
A01198,service departemental d incendie et de secours de maine-et-loire,49;53;72,284900016,AUTO_PROPAGATE_ELIGIBLE,2,,,,,0,,,NO_PROFILE_EVIDENCE,no normalized profile or participation domain for alias name,NO_PROFILE_DATA,False
A01199,service departemental d incendie et de secours des deux sevres sdis 79,79;85;86,287900336,AUTO_PROPAGATE_ELIGIBLE,2,,,,,0,,,NO_PROFILE_EVIDENCE,no normalized profile or participation domain for alias name,NO_PROFILE_DATA,False
A01200,service public de l enseignement,44;49;53;72;85,234400034,AUTO_PROPAGATE_ELIGIBLE,2,,,,,0,,,NO_PROFILE_EVIDENCE,no normalized profile or participation domain for alias name,NO_PROFILE_DATA,False
A01201,setram,72,325793826,AUTO_PROPAGATE_ELIGIBLE,2,,,,,0,,,NO_PROFILE_EVIDENCE,no normalized profile or participation domain for alias name,NO_PROFILE_DATA,False
A01202,sgami ouest,14;27;28;35;44;72;76;77;78,110014016,AUTO_PROPAGATE_ELIGIBLE,2,marches-publics.gouv.fr,,marches-publics.gouv.fr,GENERIC_PLATFORM,1,2019-05-24,2019-05-24,NEUTRAL_SHARED_PLATFORM,only generic or shared institutional domains observed,HAS_PROFILE_DATA,False
A01203,sgami ouest,14;29;35;37;44;45;49;72;76,130020365,AUTO_PROPAGATE_ELIGIBLE,2,marches-publics.gouv.fr,,marches-publics.gouv.fr,GENERIC_PLATFORM,1,2019-05-24,2019-05-24,NEUTRAL_SHARED_PLATFORM,only generic or shared institutional domains observed,HAS_PROFILE_DATA,False
A01204,sgami ouest,14;35;44;49;50;53;76,130020365,AUTO_PROPAGATE_ELIGIBLE,2,marches-publics.gouv.fr,,marches-publics.gouv.fr,GENERIC_PLATFORM,1,2019-05-24,2019-05-24,NEUTRAL_SHARED_PLATFORM,only generic or shared institutional domains observed,HAS_PROFILE_DATA,False
A01205,sgami ouest,22;29;35;44;49;56;72;85,130020365,AUTO_PROPAGATE_ELIGIBLE,2,marches-publics.gouv.fr,,marches-publics.gouv.fr,GENERIC_PLATFORM,1,2019-05-24,2019-05-24,NEUTRAL_SHARED_PLATFORM,only generic or shared institutional domains observed,HAS_PROFILE_DATA,False
A01206,sgami ouest,22;29;35;44;50;53;56;72,130020365,AUTO_PROPAGATE_ELIGIBLE,2,marches-publics.gouv.fr,,marches-publics.gouv.fr,GENERIC_PLATFORM,1,2019-05-24,2019-05-24,NEUTRAL_SHARED_PLATFORM,only generic or shared institutional domains observed,HAS_PROFILE_DATA,False
A01207,sgami ouest,35;44;49;53;56;85,110014016,AUTO_PROPAGATE_ELIGIBLE,2,marches-publics.gouv.fr,,marches-publics.gouv.fr,GENERIC_PLATFORM,1,2019-05-24,2019-05-24,NEUTRAL_SHARED_PLATFORM,only generic or shared institutional domains observed,HAS_PROFILE_DATA,False
A01208,sgami ouest dagf bzamp,14;27;28;35;44;45;75;76,130020365,AUTO_PROPAGATE_ELIGIBLE,2,,,,,0,,,NO_PROFILE_EVIDENCE,no normalized profile or participation domain for alias name,NO_PROFILE_DATA,False
A01209,sgami ouest dagf bzamp,17;35;37;44;49;53;56;72;85,130020365,AUTO_PROPAGATE_ELIGIBLE,2,,,,,0,,,NO_PROFILE_EVIDENCE,no normalized profile or participation domain for alias name,NO_PROFILE_DATA,False
A01210,shema - au nom et pour le compte de la cdc des pays de l aigle,14;27;28;50;53;61,200068468,AUTO_PROPAGATE_ELIGIBLE,2,,,,,0,,,NO_PROFILE_EVIDENCE,no normalized profile or participation domain for alias name,NO_PROFILE_DATA,False
A01211,shema - au nom et pour le compte du cfa3ifa,14;27;50;53;61;72,401104567,AUTO_PROPAGATE_ELIGIBLE,2,,,,,0,,,NO_PROFILE_EVIDENCE,no normalized profile or participation domain for alias name,NO_PROFILE_DATA,False
A01212,shema au nom et pour le compte de la communaute de communes des pays de l aigle,14;27;28;61;72,352823611,AUTO_PROPAGATE_ELIGIBLE,2,,,,,0,,,NO_PROFILE_EVIDENCE,no normalized profile or participation domain for alias name,NO_PROFILE_DATA,False
A01213,shema au nom et pour le compte de la communaute de communes du val d orne,14;35;50;61;72,352823611,AUTO_PROPAGATE_ELIGIBLE,2,,,,,0,,,NO_PROFILE_EVIDENCE,no normalized profile or participation domain for alias name,NO_PROFILE_DATA,False
A01214,shema au nom et pour le compte du conseil departemental de l orne,14;27;53;61;72,352823611,AUTO_PROPAGATE_ELIGIBLE,2,,,,,0,,,NO_PROFILE_EVIDENCE,no normalized profile or participation domain for alias name,NO_PROFILE_DATA,False
A01215,shema au nom et pour le compte du syndicat mixte du haras national du pin,14;53;61;72,352823611,AUTO_PROPAGATE_ELIGIBLE,2,,,,,0,,,NO_PROFILE_EVIDENCE,no normalized profile or participation domain for alias name,NO_PROFILE_DATA,False
A01216,sidaep mauges gatine,49,254900061,AUTO_PROPAGATE_ELIGIBLE,2,,,,,0,,,NO_PROFILE_EVIDENCE,no normalized profile or participation domain for alias name,NO_PROFILE_DATA,False
A01217,sivu de production et distribution d eau potable la ferte bernard et cherre-au,72,200096949,AUTO_PROPAGATE_ELIGIBLE,2,,,,,0,,,NO_PROFILE_EVIDENCE,no normalized profile or participation domain for alias name,NO_PROFILE_DATA,False
A01218,sivu44115,29;35;37;44;85,200021376,AUTO_PROPAGATE_ELIGIBLE,2,,,,,0,,,NO_PROFILE_EVIDENCE,no normalized profile or participation domain for alias name,NO_PROFILE_DATA,False
A01219,sm du circuit des 24 heures du mans,72,257201467,AUTO_PROPAGATE_ELIGIBLE,2,,,,,0,,,NO_PROFILE_EVIDENCE,no normalized profile or participation domain for alias name,NO_PROFILE_DATA,False
A01220,sm du pnr loire anjou touraine,37;49,254902265,AUTO_PROPAGATE_ELIGIBLE,2,e-marchespublics.fr,,e-marchespublics.fr,GENERIC_PLATFORM,1,2017-09-13,2017-09-13,NEUTRAL_SHARED_PLATFORM,only generic or shared institutional domains observed,HAS_PROFILE_DATA,False
A01221,smabvo,16;17;24;32;33;46;47;64;85,200078848,AUTO_PROPAGATE_ELIGIBLE,2,,,,,0,,,NO_PROFILE_EVIDENCE,no normalized profile or participation domain for alias name,NO_PROFILE_DATA,False
A01222,smaep de l aunay-la touche,72,200089993,AUTO_PROPAGATE_ELIGIBLE,2,,,,,0,,,NO_PROFILE_EVIDENCE,no normalized profile or participation domain for alias name,NO_PROFILE_DATA,False
A01223,smidap,44,254401391,AUTO_PROPAGATE_ELIGIBLE,2,,,,,0,,,NO_PROFILE_EVIDENCE,no normalized profile or participation domain for alias name,NO_PROFILE_DATA,False
A01224,smsa syndicat mixte de la sarthe amont,72,200099166,AUTO_PROPAGATE_ELIGIBLE,2,,,,,0,,,NO_PROFILE_EVIDENCE,no normalized profile or participation domain for alias name,NO_PROFILE_DATA,False
A01225,societe publique locale d alencon,14;50;53;61;72,818969552,AUTO_PROPAGATE_ELIGIBLE,2,,,,,0,,,NO_PROFILE_EVIDENCE,no normalized profile or participation domain for alias name,NO_PROFILE_DATA,False
A01226,spl atlantia,44,799313051,AUTO_PROPAGATE_ELIGIBLE,2,,,,,0,,,NO_PROFILE_EVIDENCE,no normalized profile or participation domain for alias name,NO_PROFILE_DATA,False
A01227,spl espace mayenne,53,845214709,AUTO_PROPAGATE_ELIGIBLE,2,,,,,0,,,NO_PROFILE_EVIDENCE,no normalized profile or participation domain for alias name,NO_PROFILE_DATA,False
A01228,spla territoires publics mandataire agissant au nom et pour le compte de rennes metropole,35;44,523189553,AUTO_PROPAGATE_ELIGIBLE,2,,,,,0,,,NO_PROFILE_EVIDENCE,no normalized profile or participation domain for alias name,NO_PROFILE_DATA,False
A01229,st gilles croix de vie agglomeration,85,200023778,AUTO_PROPAGATE_ELIGIBLE,2,,,,,0,,,NO_PROFILE_EVIDENCE,no normalized profile or participation domain for alias name,NO_PROFILE_DATA,False
A01230,sydeva,49,254900020,AUTO_PROPAGATE_ELIGIBLE,2,,,,,0,,,NO_PROFILE_EVIDENCE,no normalized profile or participation domain for alias name,NO_PROFILE_DATA,False
A01231,syndicat grand lieu estuaire,44;85,200003317,AUTO_PROPAGATE_ELIGIBLE,2,,,,,0,,,NO_PROFILE_EVIDENCE,no normalized profile or participation domain for alias name,NO_PROFILE_DATA,False
A01232,syndicat inter-collectivites des eaux de la region mancelle,72,257200543,AUTO_PROPAGATE_ELIGIBLE,2,,,,,0,,,NO_PROFILE_EVIDENCE,no normalized profile or participation domain for alias name,NO_PROFILE_DATA,False
A01233,syndicat intercommunal d energies de maine-et-loire - sieml,49,254901309,AUTO_PROPAGATE_ELIGIBLE,2,,,,,0,,,NO_PROFILE_EVIDENCE,no normalized profile or participation domain for alias name,NO_PROFILE_DATA,False
A01234,syndicat loire aval,44,200055127,AUTO_PROPAGATE_ELIGIBLE,2,,,,,0,,,NO_PROFILE_EVIDENCE,no normalized profile or participation domain for alias name,NO_PROFILE_DATA,False
A01235,syndicat mixte atlanpole 44,44,254401839,AUTO_PROPAGATE_ELIGIBLE,2,,,,,0,,,NO_PROFILE_EVIDENCE,no normalized profile or participation domain for alias name,NO_PROFILE_DATA,False
A01236,syndicat mixte des eaux de beaufort,22;35;44;50,200093599,AUTO_PROPAGATE_ELIGIBLE,2,,,,,0,,,NO_PROFILE_EVIDENCE,no normalized profile or participation domain for alias name,NO_PROFILE_DATA,False
A01237,syndicat mixte e-collectivites vendee,85,200043115,AUTO_PROPAGATE_ELIGIBLE,2,,,,,0,,,NO_PROFILE_EVIDENCE,no normalized profile or participation domain for alias name,NO_PROFILE_DATA,False
A01238,syndicat mixte les ports de loire atlantique,44,200091007,AUTO_PROPAGATE_ELIGIBLE,2,,,,,0,,,NO_PROFILE_EVIDENCE,no normalized profile or participation domain for alias name,NO_PROFILE_DATA,False
A01239,syndicat mixte les ports de loire-atlantique,44,200091007,AUTO_PROPAGATE_ELIGIBLE,2,,,,,0,,,NO_PROFILE_EVIDENCE,no normalized profile or participation domain for alias name,NO_PROFILE_DATA,False
A01240,territoires developpement,35;44,579200825,AUTO_PROPAGATE_ELIGIBLE,2,,,,,0,,,NO_PROFILE_EVIDENCE,no normalized profile or participation domain for alias name,NO_PROFILE_DATA,False
A01241,traitement des dechets,22;29;35;44;56,255613374,AUTO_PROPAGATE_ELIGIBLE,2,,,,,0,,,NO_PROFILE_EVIDENCE,no normalized profile or participation domain for alias name,NO_PROFILE_DATA,False
A01242,transports publics du choletais,49,444306484,AUTO_PROPAGATE_ELIGIBLE,2,e-marchespublics.com,,e-marchespublics.com,GENERIC_PLATFORM,1,2018-05-03,2018-05-03,NEUTRAL_SHARED_PLATFORM,only generic or shared institutional domains observed,HAS_PROFILE_DATA,False
A01243,travaux de couverture et de charpente du theatre le tivoli a clisson,44,214400434,AUTO_PROPAGATE_ELIGIBLE,2,,,,,0,,,NO_PROFILE_EVIDENCE,no normalized profile or participation domain for alias name,NO_PROFILE_DATA,False
A01244,travaux de transformation du laboratoire l2 mycobacterie en laboratoire l3 du batiment ibs pour le chu d angers,49,264900036,AUTO_PROPAGATE_ELIGIBLE,2,,,,,0,,,NO_PROFILE_EVIDENCE,no normalized profile or participation domain for alias name,NO_PROFILE_DATA,False
A01245,ugecam bretagne pays de la loire,29;44;49;56,428692008,AUTO_PROPAGATE_ELIGIBLE,2,,,,,0,,,NO_PROFILE_EVIDENCE,no normalized profile or participation domain for alias name,NO_PROFILE_DATA,False
A01246,ugecam bretagne pays de la loire,35;44,428692008,AUTO_PROPAGATE_ELIGIBLE,2,,,,,0,,,NO_PROFILE_EVIDENCE,no normalized profile or participation domain for alias name,NO_PROFILE_DATA,False
A01247,ugecam brpl,29;35;44;56,428692008,AUTO_PROPAGATE_ELIGIBLE,2,,,,,0,,,NO_PROFILE_EVIDENCE,no normalized profile or participation domain for alias name,NO_PROFILE_DATA,False
A01248,ugecam brpl,85,428692008,AUTO_PROPAGATE_ELIGIBLE,2,,,,,0,,,NO_PROFILE_EVIDENCE,no normalized profile or participation domain for alias name,NO_PROFILE_DATA,False
A01249,uioss rennes,22;35;44;49;50;53;56;72;85,777735531,AUTO_PROPAGATE_ELIGIBLE,2,,,,,0,,,NO_PROFILE_EVIDENCE,no normalized profile or participation domain for alias name,NO_PROFILE_DATA,False
A01250,universite bretagne sud,22;29;35;44;56,195617188,AUTO_PROPAGATE_ELIGIBLE,2,,,,,0,,,NO_PROFILE_EVIDENCE,no normalized profile or participation domain for alias name,NO_PROFILE_DATA,False
A01251,universite bretagne sud,22;35;44;56,195617188,AUTO_PROPAGATE_ELIGIBLE,2,,,,,0,,,NO_PROFILE_EVIDENCE,no normalized profile or participation domain for alias name,NO_PROFILE_DATA,False
A01252,universite bretagne sud,22;35;44;56;75,195617188,AUTO_PROPAGATE_ELIGIBLE,2,,,,,0,,,NO_PROFILE_EVIDENCE,no normalized profile or participation domain for alias name,NO_PROFILE_DATA,False
A01253,universite bretagne sud,35;44;56;75,195617188,AUTO_PROPAGATE_ELIGIBLE,2,,,,,0,,,NO_PROFILE_EVIDENCE,no normalized profile or participation domain for alias name,NO_PROFILE_DATA,False
A01254,universite de nantes,44,130029747,AUTO_PROPAGATE_ELIGIBLE,2,marches-public.gouv.fr;marches-publics.gouv.fr;marchespublics.gouv.fr,,marches-public.gouv.fr;marches-publics.gouv.fr;marchespublics.gouv.fr,GENERIC_PLATFORM,4,2019-01-30,2020-07-29,NEUTRAL_SHARED_PLATFORM,only generic or shared institutional domains observed,HAS_PROFILE_DATA,False
A01255,universite de rennes,22;29;35;44;49;56;75,130030513,AUTO_PROPAGATE_ELIGIBLE,2,,,,,0,,,NO_PROFILE_EVIDENCE,no normalized profile or participation domain for alias name,NO_PROFILE_DATA,False
A01256,universite de rennes,22;35;44;75,130030513,AUTO_PROPAGATE_ELIGIBLE,2,,,,,0,,,NO_PROFILE_EVIDENCE,no normalized profile or participation domain for alias name,NO_PROFILE_DATA,False
A01257,universite du maine,72,197209166,AUTO_PROPAGATE_ELIGIBLE,2,marches-publics.gouv.fr,,marches-publics.gouv.fr,GENERIC_PLATFORM,1,2017-10-18,2017-10-18,NEUTRAL_SHARED_PLATFORM,only generic or shared institutional domains observed,HAS_PROFILE_DATA,False
A01258,universite gustave eiffel,44;69;77,130026123,AUTO_PROPAGATE_ELIGIBLE,2,,,,,0,,,NO_PROFILE_EVIDENCE,no normalized profile or participation domain for alias name,NO_PROFILE_DATA,False
A01259,universite rennes 2,22;29;35;44;50;56;72,193509379,AUTO_PROPAGATE_ELIGIBLE,2,marches-publics.gouv.fr,,marches-publics.gouv.fr,GENERIC_PLATFORM,2,2017-06-24,2017-09-27,NEUTRAL_SHARED_PLATFORM,only generic or shared institutional domains observed,HAS_PROFILE_DATA,False
A01260,universite rennes 2,22;35;44;50;53;56,193509379,AUTO_PROPAGATE_ELIGIBLE,2,marches-publics.gouv.fr,,marches-publics.gouv.fr,GENERIC_PLATFORM,2,2017-06-24,2017-09-27,NEUTRAL_SHARED_PLATFORM,only generic or shared institutional domains observed,HAS_PROFILE_DATA,False
A01261,urssaf bretagne,22;29;35;44;56;75,753759570,AUTO_PROPAGATE_ELIGIBLE,2,achatpublic.com,,achatpublic.com,GENERIC_PLATFORM,1,2018-03-23,2018-03-23,NEUTRAL_SHARED_PLATFORM,only generic or shared institutional domains observed,HAS_PROFILE_DATA,False
A01262,valcor valorisation cornouaille,22;29;35;44;56,252901871,AUTO_PROPAGATE_ELIGIBLE,2,,,,,0,,,NO_PROFILE_EVIDENCE,no normalized profile or participation domain for alias name,NO_PROFILE_DATA,False
A01263,vendee expansion - spl,85,788779502,AUTO_PROPAGATE_ELIGIBLE,2,,,,,0,,,NO_PROFILE_EVIDENCE,no normalized profile or participation domain for alias name,NO_PROFILE_DATA,False
A01264,ville d evron 53,53,200084697,AUTO_PROPAGATE_ELIGIBLE,2,,,,,0,,,NO_PROFILE_EVIDENCE,no normalized profile or participation domain for alias name,NO_PROFILE_DATA,False
A01265,ville de bretignolles sur mer,85,218500353,AUTO_PROPAGATE_ELIGIBLE,2,marches-securises.fr,marches-securises.fr,marches-securises.fr,GENERIC_PLATFORM,3,2017-09-22,2019-05-12,NEUTRAL_SHARED_PLATFORM,only generic or shared institutional domains observed,HAS_PROFILE_DATA,False
A01266,ville de bretignolles sur mer 85,85,218500353,AUTO_PROPAGATE_ELIGIBLE,2,,,,,0,,,NO_PROFILE_EVIDENCE,no normalized profile or participation domain for alias name,NO_PROFILE_DATA,False
A01267,ville de carnac,22;29;35;44;56,215600347,AUTO_PROPAGATE_ELIGIBLE,2,marches.megalisbretagne.org;megalisbretagne.org,marches.megalisbretagne.org;megalisbretagne.org,marches.megalisbretagne.org;megalisbretagne.org,GENERIC_PLATFORM,4,2019-04-14,2019-07-24,NEUTRAL_SHARED_PLATFORM,only generic or shared institutional domains observed,HAS_PROFILE_DATA,False
A01268,ville de cholet,49,214900995,AUTO_PROPAGATE_ELIGIBLE,2,anjoumarchespublics.fr,,anjoumarchespublics.fr,GENERIC_PLATFORM,1,2020-07-03,2020-07-03,NEUTRAL_SHARED_PLATFORM,only generic or shared institutional domains observed,HAS_PROFILE_DATA,False
A01269,ville de cholet groupement ville de cholet - cholet agglomeration,44;49;85,214900995,AUTO_PROPAGATE_ELIGIBLE,2,,,,,0,,,NO_PROFILE_EVIDENCE,no normalized profile or participation domain for alias name,NO_PROFILE_DATA,False
A01270,ville de clermont-ferrand,63;85,216301135,AUTO_PROPAGATE_ELIGIBLE,2,clermont-ferrand.fr;marches-publics.info,clermont-ferrand.fr,clermont-ferrand.fr;marches-publics.info,BUYER_SPECIFIC;GENERIC_PLATFORM,3,2018-04-24,2020-12-02,STRONG_SUPPORT,alias has buyer-specific or highly concentrated profile-domain evidence,HAS_PROFILE_DATA,False
A01271,ville de l huisserie,53,215301193,AUTO_PROPAGATE_ELIGIBLE,2,,,,,0,,,NO_PROFILE_EVIDENCE,no normalized profile or participation domain for alias name,NO_PROFILE_DATA,False
A01272,ville de la chapelle sur erdre,44;49,214400350,AUTO_PROPAGATE_ELIGIBLE,2,klekoon.fr,,klekoon.fr,GENERIC_PLATFORM,1,2015-05-20,2015-05-20,NEUTRAL_SHARED_PLATFORM,only generic or shared institutional domains observed,HAS_PROFILE_DATA,False
A01273,ville de la riche,18;28;36;37;41;45;49;72;86,213701956,AUTO_PROPAGATE_ELIGIBLE,2,achatpublic.com;lariche.achatpublic.com,,achatpublic.com;lariche.achatpublic.com,GENERIC_PLATFORM,2,2017-03-21,2019-11-14,NEUTRAL_SHARED_PLATFORM,only generic or shared institutional domains observed,HAS_PROFILE_DATA,False
A01274,ville de la riche,18;36;37;41;45;49;72;86,213701956,AUTO_PROPAGATE_ELIGIBLE,2,achatpublic.com;lariche.achatpublic.com,,achatpublic.com;lariche.achatpublic.com,GENERIC_PLATFORM,2,2017-03-21,2019-11-14,NEUTRAL_SHARED_PLATFORM,only generic or shared institutional domains observed,HAS_PROFILE_DATA,False
A01275,ville de la roche-sur-yon,44;49;85,218501914,AUTO_PROPAGATE_ELIGIBLE,2,marches-securises.fr,,marches-securises.fr,GENERIC_PLATFORM,2,2016-03-08,2016-05-20,NEUTRAL_SHARED_PLATFORM,only generic or shared institutional domains observed,HAS_PROFILE_DATA,False
A01276,ville de nantes en groupement de commande avec nantes metropole et ccas,44,214401093,AUTO_PROPAGATE_ELIGIBLE,2,,,,,0,,,NO_PROFILE_EVIDENCE,no normalized profile or participation domain for alias name,NO_PROFILE_DATA,False
A01277,ville de ouistreham,14;27;28;35;50;61;72;76,211404884,AUTO_PROPAGATE_ELIGIBLE,2,ouistreham-rivabella.fr;ville-ouistreham.e-marchespublics.com,,ouistreham-rivabella.fr;ville-ouistreham.e-marchespublics.com,GENERIC_PLATFORM;SHARED_INSTITUTIONAL,2,2017-11-08,2018-10-20,NEUTRAL_SHARED_PLATFORM,only generic or shared institutional domains observed,HAS_PROFILE_DATA,False
A01278,ville de perigny,16;17;40;85,211702741,AUTO_PROPAGATE_ELIGIBLE,2,marches-securises.fr,marches-securises.fr,marches-securises.fr,GENERIC_PLATFORM,3,2016-08-23,2017-05-14,NEUTRAL_SHARED_PLATFORM,only generic or shared institutional domains observed,HAS_PROFILE_DATA,False
A01279,ville de pornic,44,214401317,AUTO_PROPAGATE_ELIGIBLE,2,,,,,0,,,NO_PROFILE_EVIDENCE,no normalized profile or participation domain for alias name,NO_PROFILE_DATA,False
A01280,ville de quiberon,22;29;35;44;49;56,215601865,AUTO_PROPAGATE_ELIGIBLE,2,,,,,0,,,NO_PROFILE_EVIDENCE,no normalized profile or participation domain for alias name,NO_PROFILE_DATA,False
A01281,ville de quiberon,22;29;35;44;56,215601865,AUTO_PROPAGATE_ELIGIBLE,2,,,,,0,,,NO_PROFILE_EVIDENCE,no normalized profile or participation domain for alias name,NO_PROFILE_DATA,False
A01282,ville de quimper,22;29;35;44;56,212902324,AUTO_PROPAGATE_ELIGIBLE,2,e-megalisbretagne.org;marches.megalis.bretagne.bzh;marches.megalisbretagne.org;megalisbretagne.org;megalisbretahne.org;quimper.bzh,marches.megalis.bretagne.bzh;marches.megalisbretagne.org,e-megalisbretagne.org;marches.megalis.bretagne.bzh;marches.megalisbretagne.org;megalisbretagne.org;megalisbretahne.org;quimper.bzh,GENERIC_PLATFORM;SHARED_INSTITUTIONAL,12,2015-08-21,2020-12-04,NEUTRAL_SHARED_PLATFORM,only generic or shared institutional domains observed,HAS_PROFILE_DATA,False
A01283,ville de reze,44,214401432,AUTO_PROPAGATE_ELIGIBLE,2,boamp.fr;mairie-reze.marcoweb.fr,,boamp.fr;mairie-reze.marcoweb.fr,BUYER_SPECIFIC;GENERIC_PLATFORM,2,2015-03-16,2017-10-07,STRONG_SUPPORT,alias has buyer-specific or highly concentrated profile-domain evidence,HAS_PROFILE_DATA,False
A01284,ville de saint berthevin,35;44;49;53;61;72;85,215302019,AUTO_PROPAGATE_ELIGIBLE,2,achatpublic.com,,achatpublic.com,GENERIC_PLATFORM,1,2019-07-25,2019-07-25,NEUTRAL_SHARED_PLATFORM,only generic or shared institutional domains observed,HAS_PROFILE_DATA,False
A01285,ville de saint berthevin,53,215302019,AUTO_PROPAGATE_ELIGIBLE,2,achatpublic.com,,achatpublic.com,GENERIC_PLATFORM,1,2019-07-25,2019-07-25,NEUTRAL_SHARED_PLATFORM,only generic or shared institutional domains observed,HAS_PROFILE_DATA,False
A01286,ville de saint herbalin,44,214401622,AUTO_PROPAGATE_ELIGIBLE,2,,,,,0,,,NO_PROFILE_EVIDENCE,no normalized profile or participation domain for alias name,NO_PROFILE_DATA,False
A01287,ville de saint hilaire de riez,85,218502268,AUTO_PROPAGATE_ELIGIBLE,2,marches-securises.fr,,marches-securises.fr,GENERIC_PLATFORM,1,2019-12-20,2019-12-20,NEUTRAL_SHARED_PLATFORM,only generic or shared institutional domains observed,HAS_PROFILE_DATA,False
A01288,ville de saint sebastien sur loire,35;44;49;53;72;85,214401903,AUTO_PROPAGATE_ELIGIBLE,2,saintsebastien.e-marchespublics.com,,saintsebastien.e-marchespublics.com,GENERIC_PLATFORM,1,2020-01-11,2020-01-11,NEUTRAL_SHARED_PLATFORM,only generic or shared institutional domains observed,HAS_PROFILE_DATA,False
A01289,ville de saint sebastien sur loire,44;49;56;85,214401903,AUTO_PROPAGATE_ELIGIBLE,2,saintsebastien.e-marchespublics.com,,saintsebastien.e-marchespublics.com,GENERIC_PLATFORM,1,2020-01-11,2020-01-11,NEUTRAL_SHARED_PLATFORM,only generic or shared institutional domains observed,HAS_PROFILE_DATA,False
A01290,ville de saint-sebastien-sur-loire,29;35;44;49;56;85,214401903,AUTO_PROPAGATE_ELIGIBLE,2,,,,,0,,,NO_PROFILE_EVIDENCE,no normalized profile or participation domain for alias name,NO_PROFILE_DATA,False
A01291,ville de st andre des eaux,44,214401515,AUTO_PROPAGATE_ELIGIBLE,2,,,,,0,,,NO_PROFILE_EVIDENCE,no normalized profile or participation domain for alias name,NO_PROFILE_DATA,False
A01292,ville de thouare-sur-loire,44,214402042,AUTO_PROPAGATE_ELIGIBLE,2,thouare.e-marchespublics.com,,thouare.e-marchespublics.com,GENERIC_PLATFORM,1,2019-12-06,2019-12-06,NEUTRAL_SHARED_PLATFORM,only generic or shared institutional domains observed,HAS_PROFILE_DATA,False
A01293,ville de verrieres en anjou 49,49,200056679,AUTO_PROPAGATE_ELIGIBLE,2,,,,,0,,,NO_PROFILE_EVIDENCE,no normalized profile or participation domain for alias name,NO_PROFILE_DATA,False
A01294,ville et ccas de bouguenais,44,214400202,AUTO_PROPAGATE_ELIGIBLE,2,,,,,0,,,NO_PROFILE_EVIDENCE,no normalized profile or participation domain for alias name,NO_PROFILE_DATA,False
A01295,ensam,13;33;49;51;57;59;71;75,197534720,GENERIC_ALIAS_REVIEW_ONLY,12,marches-publics.gouv.fr,,marches-publics.gouv.fr,GENERIC_PLATFORM,1,2015-03-06,2015-03-06,NEUTRAL_SHARED_PLATFORM,only generic or shared institutional domains observed,HAS_PROFILE_DATA,False
A01296,ensam,49,197534720,GENERIC_ALIAS_REVIEW_ONLY,8,marches-publics.gouv.fr,,marches-publics.gouv.fr,GENERIC_PLATFORM,1,2015-03-06,2015-03-06,NEUTRAL_SHARED_PLATFORM,only generic or shared institutional domains observed,HAS_PROFILE_DATA,False
A01297,sieml,49,254901309,GENERIC_ALIAS_REVIEW_ONLY,7,,,,,0,,,NO_PROFILE_EVIDENCE,no normalized profile or participation domain for alias name,NO_PROFILE_DATA,False
A01298,ensam,13;33;49;51;57;59;71;73;75,197534720,GENERIC_ALIAS_REVIEW_ONLY,6,marches-publics.gouv.fr,,marches-publics.gouv.fr,GENERIC_PLATFORM,1,2015-03-06,2015-03-06,NEUTRAL_SHARED_PLATFORM,only generic or shared institutional domains observed,HAS_PROFILE_DATA,False
A01299,shema,14;27;28;50;53;61,200068468,GENERIC_ALIAS_REVIEW_ONLY,6,marchespublics.cg27.fr;okmarches-shema.omnikles.com;shema.fr;shema.safetender.com,,marchespublics.cg27.fr;okmarches-shema.omnikles.com;shema.fr;shema.safetender.com,GENERIC_PLATFORM;SHARED_INSTITUTIONAL,4,2019-01-11,2020-12-18,NEUTRAL_SHARED_PLATFORM,only generic or shared institutional domains observed,HAS_PROFILE_DATA,False
A01300,shema,14;50;61;72,352823611,GENERIC_ALIAS_REVIEW_ONLY,6,marchespublics.cg27.fr;okmarches-shema.omnikles.com;shema.fr;shema.safetender.com,,marchespublics.cg27.fr;okmarches-shema.omnikles.com;shema.fr;shema.safetender.com,GENERIC_PLATFORM;SHARED_INSTITUTIONAL,4,2019-01-11,2020-12-18,NEUTRAL_SHARED_PLATFORM,only generic or shared institutional domains observed,HAS_PROFILE_DATA,False
A01301,stran,44,330319435,GENERIC_ALIAS_REVIEW_ONLY,6,,,,,0,,,NO_PROFILE_EVIDENCE,no normalized profile or participation domain for alias name,NO_PROFILE_DATA,False
A01302,shema,14;27;28;53;61;72,352823611,GENERIC_ALIAS_REVIEW_ONLY,5,marchespublics.cg27.fr;okmarches-shema.omnikles.com;shema.fr;shema.safetender.com,,marchespublics.cg27.fr;okmarches-shema.omnikles.com;shema.fr;shema.safetender.com,GENERIC_PLATFORM;SHARED_INSTITUTIONAL,4,2019-01-11,2020-12-18,NEUTRAL_SHARED_PLATFORM,only generic or shared institutional domains observed,HAS_PROFILE_DATA,False
A01303,geves,49,180089286,GENERIC_ALIAS_REVIEW_ONLY,4,e-marchespublics.com,e-marchespublics.com,e-marchespublics.com,GENERIC_PLATFORM,4,2019-10-15,2019-12-05,NEUTRAL_SHARED_PLATFORM,only generic or shared institutional domains observed,HAS_PROFILE_DATA,False
A01304,commune,16;17;40;85,211702741,GENERIC_ALIAS_REVIEW_ONLY,3,marches-publics.info;marches-securises.fr;xmarches.fr,,marches-publics.info;marches-securises.fr;xmarches.fr,GENERIC_PLATFORM,3,2019-04-30,2020-12-18,NEUTRAL_SHARED_PLATFORM,only generic or shared institutional domains observed,HAS_PROFILE_DATA,False
A01305,commune,16;17;40;85;89,211702741,GENERIC_ALIAS_REVIEW_ONLY,3,marches-publics.info;marches-securises.fr;xmarches.fr,,marches-publics.info;marches-securises.fr;xmarches.fr,GENERIC_PLATFORM,3,2019-04-30,2020-12-18,NEUTRAL_SHARED_PLATFORM,only generic or shared institutional domains observed,HAS_PROFILE_DATA,False
A01306,enr44,44,840290183,GENERIC_ALIAS_REVIEW_ONLY,3,,,,,0,,,NO_PROFILE_EVIDENCE,no normalized profile or participation domain for alias name,NO_PROFILE_DATA,False
A01307,oryon,85,547050146,GENERIC_ALIAS_REVIEW_ONLY,3,,,,,0,,,NO_PROFILE_EVIDENCE,no normalized profile or participation domain for alias name,NO_PROFILE_DATA,False
A01308,sysem,22;29;35;44;56,255613374,GENERIC_ALIAS_REVIEW_ONLY,3,marches.megalisbretagne.org;sysem-marches.com;sysem.marches.com,marches.megalisbretagne.org,marches.megalisbretagne.org;sysem-marches.com;sysem.marches.com,BUYER_SPECIFIC;GENERIC_PLATFORM;SHARED_INSTITUTIONAL,5,2015-05-12,2020-12-25,STRONG_SUPPORT,alias has buyer-specific or highly concentrated profile-domain evidence,HAS_PROFILE_DATA,False
A01309,apni,33;34;56;57;62;69;75;84;85,891307563,GENERIC_ALIAS_REVIEW_ONLY,2,,,,,0,,,NO_PROFILE_EVIDENCE,no normalized profile or participation domain for alias name,NO_PROFILE_DATA,False
A01310,cetim,42;44;60;68,775629074,GENERIC_ALIAS_REVIEW_ONLY,2,achatpublic.com,,achatpublic.com,GENERIC_PLATFORM,1,2018-09-07,2018-09-07,NEUTRAL_SHARED_PLATFORM,only generic or shared institutional domains observed,HAS_PROFILE_DATA,False
A01311,cnieg,44,478650385,GENERIC_ALIAS_REVIEW_ONLY,2,cnieg.e-marchespublics.com,,cnieg.e-marchespublics.com,GENERIC_PLATFORM,1,2020-06-27,2020-06-27,NEUTRAL_SHARED_PLATFORM,only generic or shared institutional domains observed,HAS_PROFILE_DATA,False
A01312,dap,13;31;33;44;67;69;75,120012018,GENERIC_ALIAS_REVIEW_ONLY,2,,,,,0,,,NO_PROFILE_EVIDENCE,no normalized profile or participation domain for alias name,NO_PROFILE_DATA,False
A01313,dgap,13;31;33;34;35;44;59;69;75,120012018,GENERIC_ALIAS_REVIEW_ONLY,2,,,,,0,,,NO_PROFILE_EVIDENCE,no normalized profile or participation domain for alias name,NO_PROFILE_DATA,False
A01314,ensam,13;33;49;57;59;71;75,197534720,GENERIC_ALIAS_REVIEW_ONLY,2,marches-publics.gouv.fr,,marches-publics.gouv.fr,GENERIC_PLATFORM,1,2015-03-06,2015-03-06,NEUTRAL_SHARED_PLATFORM,only generic or shared institutional domains observed,HAS_PROFILE_DATA,False
A01315,ensam,49;57;71;73;75,197534720,GENERIC_ALIAS_REVIEW_ONLY,2,marches-publics.gouv.fr,,marches-publics.gouv.fr,GENERIC_PLATFORM,1,2015-03-06,2015-03-06,NEUTRAL_SHARED_PLATFORM,only generic or shared institutional domains observed,HAS_PROFILE_DATA,False
A01316,ensm,13;35;44;76,130013097,GENERIC_ALIAS_REVIEW_ONLY,2,,,,,0,,,NO_PROFILE_EVIDENCE,no normalized profile or participation domain for alias name,NO_PROFILE_DATA,False
A01317,frg02,44;49;85,200071678,GENERIC_ALIAS_REVIEW_ONLY,2,,,,,0,,,NO_PROFILE_EVIDENCE,no normalized profile or participation domain for alias name,NO_PROFILE_DATA,False
A01318,geves,17;34;49,180089286,GENERIC_ALIAS_REVIEW_ONLY,2,e-marchespublics.com,e-marchespublics.com,e-marchespublics.com,GENERIC_PLATFORM,4,2019-10-15,2019-12-05,NEUTRAL_SHARED_PLATFORM,only generic or shared institutional domains observed,HAS_PROFILE_DATA,False
A01319,geves,17;34;49;84,180089286,GENERIC_ALIAS_REVIEW_ONLY,2,e-marchespublics.com,e-marchespublics.com,e-marchespublics.com,GENERIC_PLATFORM,4,2019-10-15,2019-12-05,NEUTRAL_SHARED_PLATFORM,only generic or shared institutional domains observed,HAS_PROFILE_DATA,False
A01320,insee,44;45;57;59;75;92,120027016,GENERIC_ALIAS_REVIEW_ONLY,2,marches-publics.gouv.fr,,marches-publics.gouv.fr,GENERIC_PLATFORM,1,2020-09-24,2020-09-24,NEUTRAL_SHARED_PLATFORM,only generic or shared institutional domains observed,HAS_PROFILE_DATA,False
A01321,mairie,44,214400715,GENERIC_ALIAS_REVIEW_ONLY,2,abpao.fr;achat-national.com;achatpublic.com;adm76.fr;adto.fr;boamp.fr;centraledesmarches.com;demat.centraledesmarches.com;e-aveyron.fr;e-marcheslorraine.fr;e-marchespublics.com;e-megalisbretagne.org;e-occitanie.fr;eadministration64.fr;klekoon.com;ladepeche-marchespublics.fr;loire.fr;lunion-legales.fr;marche.e-megalisbretagne.org;marches-publics.info;marches-securises.fr;marches.cdg5962.fr;marches.grandbesancon;marchespublics-idf-centre.fr;marchespublics.adm76.com;marchespublics.agglo-villefranche.fr;marchespublics.eure.fr;marchespublics596280.fr;marchespublics82.com;megalis.bzh;megalisbretagne.org;mp74.fr;mpe76.fr;pmca.marches-publics.info;pro-marchespublics.com;saint-genis-pouilly.fr;villarslesdombes.synapse-entreprises.com;xmarches.fr,adto.fr;demat.centraledesmarches.com;e-occitanie.fr;klekoon.com;ladepeche-marchespublics.fr;megalis.bzh;pro-marchespublics.com;webmarche.adullact.org,abpao.fr;achat-national.com;achatpublic.com;adm76.fr;adto.fr;boamp.fr;centraledesmarches.com;demat.centraledesmarches.com;e-aveyron.fr;e-marcheslorraine.fr;e-marchespublics.com;e-megalisbretagne.org;e-occitanie.fr;eadministration64.fr;klekoon.com;ladepeche-marchespublics.fr;loire.fr;lunion-legales.fr;marche.e-megalisbretagne.org;marches-publics.info;marches-securises.fr;marches.cdg5962.fr;marches.grandbesancon;marchespublics-idf-centre.fr;marchespublics.adm76.com;marchespublics.agglo-villefranche.fr;marchespublics.eure.fr;marchespublics596280.fr;marchespublics82.com;megalis.bzh;megalisbretagne.org;mp74.fr;mpe76.fr;pmca.marches-publics.info;pro-marchespublics.com;saint-genis-pouilly.fr;villarslesdombes.synapse-entreprises.com;webmarche.adullact.org;xmarches.fr,AMBIGUOUS;BUYER_SPECIFIC;GENERIC_PLATFORM;SHARED_INSTITUTIONAL,52,2015-03-16,2020-10-23,STRONG_SUPPORT,alias has buyer-specific or highly concentrated profile-domain evidence,HAS_PROFILE_DATA,False
A01322,meae,44;75,110006012,GENERIC_ALIAS_REVIEW_ONLY,2,,,,,0,,,NO_PROFILE_EVIDENCE,no normalized profile or participation domain for alias name,NO_PROFILE_DATA,False
A01323,oryon,44;85,547050146,GENERIC_ALIAS_REVIEW_ONLY,2,,,,,0,,,NO_PROFILE_EVIDENCE,no normalized profile or participation domain for alias name,NO_PROFILE_DATA,False
A01324,shema,14;27;35;50;53;61;72,352823611,GENERIC_ALIAS_REVIEW_ONLY,2,marchespublics.cg27.fr;okmarches-shema.omnikles.com;shema.fr;shema.safetender.com,,marchespublics.cg27.fr;okmarches-shema.omnikles.com;shema.fr;shema.safetender.com,GENERIC_PLATFORM;SHARED_INSTITUTIONAL,4,2019-01-11,2020-12-18,NEUTRAL_SHARED_PLATFORM,only generic or shared institutional domains observed,HAS_PROFILE_DATA,False
A01325,sicab,49,200034494,GENERIC_ALIAS_REVIEW_ONLY,2,,,,,0,,,NO_PROFILE_EVIDENCE,no normalized profile or participation domain for alias name,NO_PROFILE_DATA,False
A01326,sysem,22;29;35;44;49;56;72;85,255613374,GENERIC_ALIAS_REVIEW_ONLY,2,marches.megalisbretagne.org;sysem-marches.com;sysem.marches.com,marches.megalisbretagne.org,marches.megalisbretagne.org;sysem-marches.com;sysem.marches.com,BUYER_SPECIFIC;GENERIC_PLATFORM;SHARED_INSTITUTIONAL,5,2015-05-12,2020-12-25,STRONG_SUPPORT,alias has buyer-specific or highly concentrated profile-domain evidence,HAS_PROFILE_DATA,False
A01327,universite,44;77,130026123,GENERIC_ALIAS_REVIEW_ONLY,2,,,,,0,,,NO_PROFILE_EVIDENCE,no normalized profile or participation domain for alias name,NO_PROFILE_DATA,False
A01328,ville,44,214401093,GENERIC_ALIAS_REVIEW_ONLY,2,,,,,0,,,NO_PROFILE_EVIDENCE,no normalized profile or participation domain for alias name,NO_PROFILE_DATA,False
A01329,28300,27;28;45;72;78;91,806520201,GENERIC_ALIAS_REVIEW_ONLY,1,,,,,0,,,NO_PROFILE_EVIDENCE,no normalized profile or participation domain for alias name,NO_PROFILE_DATA,False
A01330,achat,44,308128354,GENERIC_ALIAS_REVIEW_ONLY,1,achats-hopitaux.com,,achats-hopitaux.com,GENERIC_PLATFORM,1,2015-06-08,2015-06-08,NEUTRAL_SHARED_PLATFORM,only generic or shared institutional domains observed,HAS_PROFILE_DATA,False
A01331,acoss,44;75;78;92;93;95,180035016,GENERIC_ALIAS_REVIEW_ONLY,1,achatpublic.com;acoss.achatpublic.com,achatpublic.com;acoss.achatpublic.com,achatpublic.com;acoss.achatpublic.com,GENERIC_PLATFORM,6,2016-05-12,2020-12-25,NEUTRAL_SHARED_PLATFORM,only generic or shared institutional domains observed,HAS_PROFILE_DATA,False
A01332,adoma,13;31;33;44;57;59;69;75,788058030,GENERIC_ALIAS_REVIEW_ONLY,1,achatpublic.com;adoma.cdc-habitat.fr,,achatpublic.com;adoma.cdc-habitat.fr,BUYER_SPECIFIC;GENERIC_PLATFORM,3,2017-04-03,2020-12-30,STRONG_SUPPORT,alias has buyer-specific or highly concentrated profile-domain evidence,HAS_PROFILE_DATA,False
A01333,adoma,13;49;59;69;75,788058030,GENERIC_ALIAS_REVIEW_ONLY,1,achatpublic.com;adoma.cdc-habitat.fr,,achatpublic.com;adoma.cdc-habitat.fr,BUYER_SPECIFIC;GENERIC_PLATFORM,3,2017-04-03,2020-12-30,STRONG_SUPPORT,alias has buyer-specific or highly concentrated profile-domain evidence,HAS_PROFILE_DATA,False
A01334,anses,14;22;35;49;54;63;69;79;94,130012024,GENERIC_ALIAS_REVIEW_ONLY,1,marches-publics.gouv.fr,,marches-publics.gouv.fr,GENERIC_PLATFORM,1,2020-07-01,2020-07-01,NEUTRAL_SHARED_PLATFORM,only generic or shared institutional domains observed,HAS_PROFILE_DATA,False
A01335,cerib,28;49;75;77;78;91;92;93,775682784,GENERIC_ALIAS_REVIEW_ONLY,1,,,,,0,,,NO_PROFILE_EVIDENCE,no normalized profile or participation domain for alias name,NO_PROFILE_DATA,False
A01336,cmvrh,13;31;37;44;54;59;69;75;76,130016413,GENERIC_ALIAS_REVIEW_ONLY,1,,,,,0,,,NO_PROFILE_EVIDENCE,no normalized profile or participation domain for alias name,NO_PROFILE_DATA,False
A01337,cnieg,44;49,478650385,GENERIC_ALIAS_REVIEW_ONLY,1,cnieg.e-marchespublics.com,,cnieg.e-marchespublics.com,GENERIC_PLATFORM,1,2020-06-27,2020-06-27,NEUTRAL_SHARED_PLATFORM,only generic or shared institutional domains observed,HAS_PROFILE_DATA,False
A01338,cnieg,44;75,478650385,GENERIC_ALIAS_REVIEW_ONLY,1,cnieg.e-marchespublics.com,,cnieg.e-marchespublics.com,GENERIC_PLATFORM,1,2020-06-27,2020-06-27,NEUTRAL_SHARED_PLATFORM,only generic or shared institutional domains observed,HAS_PROFILE_DATA,False
A01339,communaute d agglomeration,44;49;85,200067635,GENERIC_ALIAS_REVIEW_ONLY,1,,,,,0,,,NO_PROFILE_EVIDENCE,no normalized profile or participation domain for alias name,NO_PROFILE_DATA,False
A01340,commune,16;17;40;44;89,211702741,GENERIC_ALIAS_REVIEW_ONLY,1,marches-publics.info;marches-securises.fr;xmarches.fr,,marches-publics.info;marches-securises.fr;xmarches.fr,GENERIC_PLATFORM,3,2019-04-30,2020-12-18,NEUTRAL_SHARED_PLATFORM,only generic or shared institutional domains observed,HAS_PROFILE_DATA,False
A01341,commune,16;17;44;85,211702741,GENERIC_ALIAS_REVIEW_ONLY,1,marches-publics.info;marches-securises.fr;xmarches.fr,,marches-publics.info;marches-securises.fr;xmarches.fr,GENERIC_PLATFORM,3,2019-04-30,2020-12-18,NEUTRAL_SHARED_PLATFORM,only generic or shared institutional domains observed,HAS_PROFILE_DATA,False
A01342,commune,16;17;85;89,211702741,GENERIC_ALIAS_REVIEW_ONLY,1,marches-publics.info;marches-securises.fr;xmarches.fr,,marches-publics.info;marches-securises.fr;xmarches.fr,GENERIC_PLATFORM,3,2019-04-30,2020-12-18,NEUTRAL_SHARED_PLATFORM,only generic or shared institutional domains observed,HAS_PROFILE_DATA,False
A01343,commune,22;35;44;56,212202147,GENERIC_ALIAS_REVIEW_ONLY,1,marches-publics.info;marches-securises.fr;xmarches.fr,,marches-publics.info;marches-securises.fr;xmarches.fr,GENERIC_PLATFORM,3,2019-04-30,2020-12-18,NEUTRAL_SHARED_PLATFORM,only generic or shared institutional domains observed,HAS_PROFILE_DATA,False
A01344,compa,44;49,244400552,GENERIC_ALIAS_REVIEW_ONLY,1,,,,,0,,,NO_PROFILE_EVIDENCE,no normalized profile or participation domain for alias name,NO_PROFILE_DATA,False
A01345,dnrfp,13;17;22;29;33;35;50;56;85,160023024,GENERIC_ALIAS_REVIEW_ONLY,1,,,,,0,,,NO_PROFILE_EVIDENCE,no normalized profile or participation domain for alias name,NO_PROFILE_DATA,False
A01346,ensam,13;33;49;51;53;57;59;71;75,197534720,GENERIC_ALIAS_REVIEW_ONLY,1,marches-publics.gouv.fr,,marches-publics.gouv.fr,GENERIC_PLATFORM,1,2015-03-06,2015-03-06,NEUTRAL_SHARED_PLATFORM,only generic or shared institutional domains observed,HAS_PROFILE_DATA,False
A01347,ensam,13;33;49;51;57;59,197534720,GENERIC_ALIAS_REVIEW_ONLY,1,marches-publics.gouv.fr,,marches-publics.gouv.fr,GENERIC_PLATFORM,1,2015-03-06,2015-03-06,NEUTRAL_SHARED_PLATFORM,only generic or shared institutional domains observed,HAS_PROFILE_DATA,False
A01348,ensam,13;33;49;51;57;59;71,197534720,GENERIC_ALIAS_REVIEW_ONLY,1,marches-publics.gouv.fr,,marches-publics.gouv.fr,GENERIC_PLATFORM,1,2015-03-06,2015-03-06,NEUTRAL_SHARED_PLATFORM,only generic or shared institutional domains observed,HAS_PROFILE_DATA,False
A01349,ensam,33;49;51;57;59;71;73;75,197534720,GENERIC_ALIAS_REVIEW_ONLY,1,marches-publics.gouv.fr,,marches-publics.gouv.fr,GENERIC_PLATFORM,1,2015-03-06,2015-03-06,NEUTRAL_SHARED_PLATFORM,only generic or shared institutional domains observed,HAS_PROFILE_DATA,False
A01350,ensam,49;51;59,197534720,GENERIC_ALIAS_REVIEW_ONLY,1,marches-publics.gouv.fr,,marches-publics.gouv.fr,GENERIC_PLATFORM,1,2015-03-06,2015-03-06,NEUTRAL_SHARED_PLATFORM,only generic or shared institutional domains observed,HAS_PROFILE_DATA,False
A01351,ensam,49;57;59,197534720,GENERIC_ALIAS_REVIEW_ONLY,1,marches-publics.gouv.fr,,marches-publics.gouv.fr,GENERIC_PLATFORM,1,2015-03-06,2015-03-06,NEUTRAL_SHARED_PLATFORM,only generic or shared institutional domains observed,HAS_PROFILE_DATA,False
A01352,ensam,49;71,197534720,GENERIC_ALIAS_REVIEW_ONLY,1,marches-publics.gouv.fr,,marches-publics.gouv.fr,GENERIC_PLATFORM,1,2015-03-06,2015-03-06,NEUTRAL_SHARED_PLATFORM,only generic or shared institutional domains observed,HAS_PROFILE_DATA,False
A01353,ensm-,13;35;44;76,130013097,GENERIC_ALIAS_REVIEW_ONLY,1,,,,,0,,,NO_PROFILE_EVIDENCE,no normalized profile or participation domain for alias name,NO_PROFILE_DATA,False
A01354,inrap,17;44;79;85,180092264,GENERIC_ALIAS_REVIEW_ONLY,1,inrap.fr;marches-publics.gouv.fr;marches.publics.gouv.fr;ww.marches-publics.gouv.fr,marches.publics.gouv.fr,inrap.fr;marches-publics.gouv.fr;marches.publics.gouv.fr;ww.marches-publics.gouv.fr,GENERIC_PLATFORM;SHARED_INSTITUTIONAL,5,2015-11-09,2019-05-22,NEUTRAL_SHARED_PLATFORM,only generic or shared institutional domains observed,HAS_PROFILE_DATA,False
A01355,insee,44;49;53;72;85,120027016,GENERIC_ALIAS_REVIEW_ONLY,1,marches-publics.gouv.fr,,marches-publics.gouv.fr,GENERIC_PLATFORM,1,2020-09-24,2020-09-24,NEUTRAL_SHARED_PLATFORM,only generic or shared institutional domains observed,HAS_PROFILE_DATA,False
A01356,mairie,13;44;67;69;75;91;92;93;94,219200730,GENERIC_ALIAS_REVIEW_ONLY,1,abpao.fr;achat-national.com;achatpublic.com;adm76.fr;adto.fr;boamp.fr;centraledesmarches.com;demat.centraledesmarches.com;e-aveyron.fr;e-marcheslorraine.fr;e-marchespublics.com;e-megalisbretagne.org;e-occitanie.fr;eadministration64.fr;klekoon.com;ladepeche-marchespublics.fr;loire.fr;lunion-legales.fr;marche.e-megalisbretagne.org;marches-publics.info;marches-securises.fr;marches.cdg5962.fr;marches.grandbesancon;marchespublics-idf-centre.fr;marchespublics.adm76.com;marchespublics.agglo-villefranche.fr;marchespublics.eure.fr;marchespublics596280.fr;marchespublics82.com;megalis.bzh;megalisbretagne.org;mp74.fr;mpe76.fr;pmca.marches-publics.info;pro-marchespublics.com;saint-genis-pouilly.fr;villarslesdombes.synapse-entreprises.com;xmarches.fr,adto.fr;demat.centraledesmarches.com;e-occitanie.fr;klekoon.com;ladepeche-marchespublics.fr;megalis.bzh;pro-marchespublics.com;webmarche.adullact.org,abpao.fr;achat-national.com;achatpublic.com;adm76.fr;adto.fr;boamp.fr;centraledesmarches.com;demat.centraledesmarches.com;e-aveyron.fr;e-marcheslorraine.fr;e-marchespublics.com;e-megalisbretagne.org;e-occitanie.fr;eadministration64.fr;klekoon.com;ladepeche-marchespublics.fr;loire.fr;lunion-legales.fr;marche.e-megalisbretagne.org;marches-publics.info;marches-securises.fr;marches.cdg5962.fr;marches.grandbesancon;marchespublics-idf-centre.fr;marchespublics.adm76.com;marchespublics.agglo-villefranche.fr;marchespublics.eure.fr;marchespublics596280.fr;marchespublics82.com;megalis.bzh;megalisbretagne.org;mp74.fr;mpe76.fr;pmca.marches-publics.info;pro-marchespublics.com;saint-genis-pouilly.fr;villarslesdombes.synapse-entreprises.com;webmarche.adullact.org;xmarches.fr,AMBIGUOUS;BUYER_SPECIFIC;GENERIC_PLATFORM;SHARED_INSTITUTIONAL,52,2015-03-16,2020-10-23,STRONG_SUPPORT,alias has buyer-specific or highly concentrated profile-domain evidence,HAS_PROFILE_DATA,False
A01357,mairie,13;49;69;75;77;92;93;94;95,219200730,GENERIC_ALIAS_REVIEW_ONLY,1,abpao.fr;achat-national.com;achatpublic.com;adm76.fr;adto.fr;boamp.fr;centraledesmarches.com;demat.centraledesmarches.com;e-aveyron.fr;e-marcheslorraine.fr;e-marchespublics.com;e-megalisbretagne.org;e-occitanie.fr;eadministration64.fr;klekoon.com;ladepeche-marchespublics.fr;loire.fr;lunion-legales.fr;marche.e-megalisbretagne.org;marches-publics.info;marches-securises.fr;marches.cdg5962.fr;marches.grandbesancon;marchespublics-idf-centre.fr;marchespublics.adm76.com;marchespublics.agglo-villefranche.fr;marchespublics.eure.fr;marchespublics596280.fr;marchespublics82.com;megalis.bzh;megalisbretagne.org;mp74.fr;mpe76.fr;pmca.marches-publics.info;pro-marchespublics.com;saint-genis-pouilly.fr;villarslesdombes.synapse-entreprises.com;xmarches.fr,adto.fr;demat.centraledesmarches.com;e-occitanie.fr;klekoon.com;ladepeche-marchespublics.fr;megalis.bzh;pro-marchespublics.com;webmarche.adullact.org,abpao.fr;achat-national.com;achatpublic.com;adm76.fr;adto.fr;boamp.fr;centraledesmarches.com;demat.centraledesmarches.com;e-aveyron.fr;e-marcheslorraine.fr;e-marchespublics.com;e-megalisbretagne.org;e-occitanie.fr;eadministration64.fr;klekoon.com;ladepeche-marchespublics.fr;loire.fr;lunion-legales.fr;marche.e-megalisbretagne.org;marches-publics.info;marches-securises.fr;marches.cdg5962.fr;marches.grandbesancon;marchespublics-idf-centre.fr;marchespublics.adm76.com;marchespublics.agglo-villefranche.fr;marchespublics.eure.fr;marchespublics596280.fr;marchespublics82.com;megalis.bzh;megalisbretagne.org;mp74.fr;mpe76.fr;pmca.marches-publics.info;pro-marchespublics.com;saint-genis-pouilly.fr;villarslesdombes.synapse-entreprises.com;webmarche.adullact.org;xmarches.fr,AMBIGUOUS;BUYER_SPECIFIC;GENERIC_PLATFORM;SHARED_INSTITUTIONAL,52,2015-03-16,2020-10-23,STRONG_SUPPORT,alias has buyer-specific or highly concentrated profile-domain evidence,HAS_PROFILE_DATA,False
A01358,mairie,22;29;35;44;56,212901722,GENERIC_ALIAS_REVIEW_ONLY,1,abpao.fr;achat-national.com;achatpublic.com;adm76.fr;adto.fr;boamp.fr;centraledesmarches.com;demat.centraledesmarches.com;e-aveyron.fr;e-marcheslorraine.fr;e-marchespublics.com;e-megalisbretagne.org;e-occitanie.fr;eadministration64.fr;klekoon.com;ladepeche-marchespublics.fr;loire.fr;lunion-legales.fr;marche.e-megalisbretagne.org;marches-publics.info;marches-securises.fr;marches.cdg5962.fr;marches.grandbesancon;marchespublics-idf-centre.fr;marchespublics.adm76.com;marchespublics.agglo-villefranche.fr;marchespublics.eure.fr;marchespublics596280.fr;marchespublics82.com;megalis.bzh;megalisbretagne.org;mp74.fr;mpe76.fr;pmca.marches-publics.info;pro-marchespublics.com;saint-genis-pouilly.fr;villarslesdombes.synapse-entreprises.com;xmarches.fr,adto.fr;demat.centraledesmarches.com;e-occitanie.fr;klekoon.com;ladepeche-marchespublics.fr;megalis.bzh;pro-marchespublics.com;webmarche.adullact.org,abpao.fr;achat-national.com;achatpublic.com;adm76.fr;adto.fr;boamp.fr;centraledesmarches.com;demat.centraledesmarches.com;e-aveyron.fr;e-marcheslorraine.fr;e-marchespublics.com;e-megalisbretagne.org;e-occitanie.fr;eadministration64.fr;klekoon.com;ladepeche-marchespublics.fr;loire.fr;lunion-legales.fr;marche.e-megalisbretagne.org;marches-publics.info;marches-securises.fr;marches.cdg5962.fr;marches.grandbesancon;marchespublics-idf-centre.fr;marchespublics.adm76.com;marchespublics.agglo-villefranche.fr;marchespublics.eure.fr;marchespublics596280.fr;marchespublics82.com;megalis.bzh;megalisbretagne.org;mp74.fr;mpe76.fr;pmca.marches-publics.info;pro-marchespublics.com;saint-genis-pouilly.fr;villarslesdombes.synapse-entreprises.com;webmarche.adullact.org;xmarches.fr,AMBIGUOUS;BUYER_SPECIFIC;GENERIC_PLATFORM;SHARED_INSTITUTIONAL,52,2015-03-16,2020-10-23,STRONG_SUPPORT,alias has buyer-specific or highly concentrated profile-domain evidence,HAS_PROFILE_DATA,False
A01359,mairie,75;76;77;85;91;92;93;94;95,219200730,GENERIC_ALIAS_REVIEW_ONLY,1,abpao.fr;achat-national.com;achatpublic.com;adm76.fr;adto.fr;boamp.fr;centraledesmarches.com;demat.centraledesmarches.com;e-aveyron.fr;e-marcheslorraine.fr;e-marchespublics.com;e-megalisbretagne.org;e-occitanie.fr;eadministration64.fr;klekoon.com;ladepeche-marchespublics.fr;loire.fr;lunion-legales.fr;marche.e-megalisbretagne.org;marches-publics.info;marches-securises.fr;marches.cdg5962.fr;marches.grandbesancon;marchespublics-idf-centre.fr;marchespublics.adm76.com;marchespublics.agglo-villefranche.fr;marchespublics.eure.fr;marchespublics596280.fr;marchespublics82.com;megalis.bzh;megalisbretagne.org;mp74.fr;mpe76.fr;pmca.marches-publics.info;pro-marchespublics.com;saint-genis-pouilly.fr;villarslesdombes.synapse-entreprises.com;xmarches.fr,adto.fr;demat.centraledesmarches.com;e-occitanie.fr;klekoon.com;ladepeche-marchespublics.fr;megalis.bzh;pro-marchespublics.com;webmarche.adullact.org,abpao.fr;achat-national.com;achatpublic.com;adm76.fr;adto.fr;boamp.fr;centraledesmarches.com;demat.centraledesmarches.com;e-aveyron.fr;e-marcheslorraine.fr;e-marchespublics.com;e-megalisbretagne.org;e-occitanie.fr;eadministration64.fr;klekoon.com;ladepeche-marchespublics.fr;loire.fr;lunion-legales.fr;marche.e-megalisbretagne.org;marches-publics.info;marches-securises.fr;marches.cdg5962.fr;marches.grandbesancon;marchespublics-idf-centre.fr;marchespublics.adm76.com;marchespublics.agglo-villefranche.fr;marchespublics.eure.fr;marchespublics596280.fr;marchespublics82.com;megalis.bzh;megalisbretagne.org;mp74.fr;mpe76.fr;pmca.marches-publics.info;pro-marchespublics.com;saint-genis-pouilly.fr;villarslesdombes.synapse-entreprises.com;webmarche.adullact.org;xmarches.fr,AMBIGUOUS;BUYER_SPECIFIC;GENERIC_PLATFORM;SHARED_INSTITUTIONAL,52,2015-03-16,2020-10-23,STRONG_SUPPORT,alias has buyer-specific or highly concentrated profile-domain evidence,HAS_PROFILE_DATA,False
A01360,oppic,49,180092082,GENERIC_ALIAS_REVIEW_ONLY,1,e-marches.oppic.fr;marches-public.gouv.fr;marches-publics.gouv.fr;marches.publics.gouv.fr;marchespublics.gouv.fr,marches-public.gouv.fr;marches-publics.gouv.fr,e-marches.oppic.fr;marches-public.gouv.fr;marches-publics.gouv.fr;marches.publics.gouv.fr;marchespublics.gouv.fr,BUYER_SPECIFIC;GENERIC_PLATFORM,11,2015-07-24,2020-12-25,STRONG_SUPPORT,alias has buyer-specific or highly concentrated profile-domain evidence,HAS_PROFILE_DATA,False
A01361,oppic,49;75;77;78;91;92;93;94;95,180092082,GENERIC_ALIAS_REVIEW_ONLY,1,e-marches.oppic.fr;marches-public.gouv.fr;marches-publics.gouv.fr;marches.publics.gouv.fr;marchespublics.gouv.fr,marches-public.gouv.fr;marches-publics.gouv.fr,e-marches.oppic.fr;marches-public.gouv.fr;marches-publics.gouv.fr;marches.publics.gouv.fr;marchespublics.gouv.fr,BUYER_SPECIFIC;GENERIC_PLATFORM,11,2015-07-24,2020-12-25,STRONG_SUPPORT,alias has buyer-specific or highly concentrated profile-domain evidence,HAS_PROFILE_DATA,False
A01362,samoa,44,450452115,GENERIC_ALIAS_REVIEW_ONLY,1,marches-securises.fr,marches-securises.fr,marches-securises.fr,GENERIC_PLATFORM,4,2015-11-12,2019-11-24,NEUTRAL_SHARED_PLATFORM,only generic or shared institutional domains observed,HAS_PROFILE_DATA,False
A01363,sante,35;44,264400136,GENERIC_ALIAS_REVIEW_ONLY,1,,,,,0,,,NO_PROFILE_EVIDENCE,no normalized profile or participation domain for alias name,NO_PROFILE_DATA,False
A01364,sdadd,35;44;57;59;69;75;92,130016546,GENERIC_ALIAS_REVIEW_ONLY,1,,,,,0,,,NO_PROFILE_EVIDENCE,no normalized profile or participation domain for alias name,NO_PROFILE_DATA,False
A01365,sde35,22;29;35;53;56,200050425,GENERIC_ALIAS_REVIEW_ONLY,1,marches.e-megalisbretagne.org;marches.megalis.bretagne.bzh;marches.megalisbretagne.org,,marches.e-megalisbretagne.org;marches.megalis.bretagne.bzh;marches.megalisbretagne.org,GENERIC_PLATFORM,3,2017-09-20,2020-10-12,NEUTRAL_SHARED_PLATFORM,only generic or shared institutional domains observed,HAS_PROFILE_DATA,False
A01366,sde35,22;35;49;50;56,200050425,GENERIC_ALIAS_REVIEW_ONLY,1,marches.e-megalisbretagne.org;marches.megalis.bretagne.bzh;marches.megalisbretagne.org,,marches.e-megalisbretagne.org;marches.megalis.bretagne.bzh;marches.megalisbretagne.org,GENERIC_PLATFORM,3,2017-09-20,2020-10-12,NEUTRAL_SHARED_PLATFORM,only generic or shared institutional domains observed,HAS_PROFILE_DATA,False
A01367,semae,31;45;49;51;59;69;75,775657398,GENERIC_ALIAS_REVIEW_ONLY,1,,,,,0,,,NO_PROFILE_EVIDENCE,no normalized profile or participation domain for alias name,NO_PROFILE_DATA,False
A01368,shema,14;27;50;53;61;72,352823611,GENERIC_ALIAS_REVIEW_ONLY,1,marchespublics.cg27.fr;okmarches-shema.omnikles.com;shema.fr;shema.safetender.com,,marchespublics.cg27.fr;okmarches-shema.omnikles.com;shema.fr;shema.safetender.com,GENERIC_PLATFORM;SHARED_INSTITUTIONAL,4,2019-01-11,2020-12-18,NEUTRAL_SHARED_PLATFORM,only generic or shared institutional domains observed,HAS_PROFILE_DATA,False
A01369,shema,14;61;72,352823611,GENERIC_ALIAS_REVIEW_ONLY,1,marchespublics.cg27.fr;okmarches-shema.omnikles.com;shema.fr;shema.safetender.com,,marchespublics.cg27.fr;okmarches-shema.omnikles.com;shema.fr;shema.safetender.com,GENERIC_PLATFORM;SHARED_INSTITUTIONAL,4,2019-01-11,2020-12-18,NEUTRAL_SHARED_PLATFORM,only generic or shared institutional domains observed,HAS_PROFILE_DATA,False
A01370,smbaa,49,200050441,GENERIC_ALIAS_REVIEW_ONLY,1,,,,,0,,,NO_PROFILE_EVIDENCE,no normalized profile or participation domain for alias name,NO_PROFILE_DATA,False
A01371,smvsa,85,258501634,GENERIC_ALIAS_REVIEW_ONLY,1,,,,,0,,,NO_PROFILE_EVIDENCE,no normalized profile or participation domain for alias name,NO_PROFILE_DATA,False
A01372,srd,16;17;79;85;86,502035785,GENERIC_ALIAS_REVIEW_ONLY,1,marches-securises.fr,,marches-securises.fr,GENERIC_PLATFORM,1,2019-12-01,2019-12-01,NEUTRAL_SHARED_PLATFORM,only generic or shared institutional domains observed,HAS_PROFILE_DATA,False
A01373,vivea,25;31;49;69;75;80,440656247,GENERIC_ALIAS_REVIEW_ONLY,1,,,,,0,,,NO_PROFILE_EVIDENCE,no normalized profile or participation domain for alias name,NO_PROFILE_DATA,False
A01374,054 cpe,37;44;45;86,213702616,LOW_SUPPORT_REVIEW_ONLY,1,,,,,0,,,NO_PROFILE_EVIDENCE,no normalized profile or participation domain for alias name,NO_PROFILE_DATA,False
A01375,10-003,28;36;37;44;45,949868814,LOW_SUPPORT_REVIEW_ONLY,1,,,,,0,,,NO_PROFILE_EVIDENCE,no normalized profile or participation domain for alias name,NO_PROFILE_DATA,False
A01376,12006401900074,14;29;35;37;44,120064019,LOW_SUPPORT_REVIEW_ONLY,1,,,,,0,,,NO_PROFILE_EVIDENCE,no normalized profile or participation domain for alias name,NO_PROFILE_DATA,False
A01377,12006401900074,35;44;49;53;56;85,120064019,LOW_SUPPORT_REVIEW_ONLY,1,,,,,0,,,NO_PROFILE_EVIDENCE,no normalized profile or participation domain for alias name,NO_PROFILE_DATA,False
A01378,12eme base sout mater portion ctrale,22;35;44;49;53;56,110090016,LOW_SUPPORT_REVIEW_ONLY,1,,,,,0,,,NO_PROFILE_EVIDENCE,no normalized profile or participation domain for alias name,NO_PROFILE_DATA,False
A01379,12eme base sout mater portion ctrale,36;37;41;49;72;86,110090016,LOW_SUPPORT_REVIEW_ONLY,1,,,,,0,,,NO_PROFILE_EVIDENCE,no normalized profile or participation domain for alias name,NO_PROFILE_DATA,False
A01380,13 001,18;28;36;37;41;45;49;72,949868814,LOW_SUPPORT_REVIEW_ONLY,1,,,,,0,,,NO_PROFILE_EVIDENCE,no normalized profile or participation domain for alias name,NO_PROFILE_DATA,False
A01381,13000810500178,44,130008105,LOW_SUPPORT_REVIEW_ONLY,1,,,,,0,,,NO_PROFILE_EVIDENCE,no normalized profile or participation domain for alias name,NO_PROFILE_DATA,False
A01382,13001831000016,49;69,130018310,LOW_SUPPORT_REVIEW_ONLY,1,,,,,0,,,NO_PROFILE_EVIDENCE,no normalized profile or participation domain for alias name,NO_PROFILE_DATA,False
A01383,21370208700015,36;37;41;49;53;72;79;86,213702087,LOW_SUPPORT_REVIEW_ONLY,1,,,,,0,,,NO_PROFILE_EVIDENCE,no normalized profile or participation domain for alias name,NO_PROFILE_DATA,False
A01384,214 401 317 00018,35;44;56;85,214401317,LOW_SUPPORT_REVIEW_ONLY,1,,,,,0,,,NO_PROFILE_EVIDENCE,no normalized profile or participation domain for alias name,NO_PROFILE_DATA,False
A01385,21440131700018,35;44;49;56;85,214401317,LOW_SUPPORT_REVIEW_ONLY,1,,,,,0,,,NO_PROFILE_EVIDENCE,no normalized profile or participation domain for alias name,NO_PROFILE_DATA,False
A01386,21440131700018,44,214401317,LOW_SUPPORT_REVIEW_ONLY,1,,,,,0,,,NO_PROFILE_EVIDENCE,no normalized profile or participation domain for alias name,NO_PROFILE_DATA,False
A01387,21720210000012,72,217202100,LOW_SUPPORT_REVIEW_ONLY,1,,,,,0,,,NO_PROFILE_EVIDENCE,no normalized profile or participation domain for alias name,NO_PROFILE_DATA,False
A01388,21770294300010,17;44;49;75;79;85,217702943,LOW_SUPPORT_REVIEW_ONLY,1,,,,,0,,,NO_PROFILE_EVIDENCE,no normalized profile or participation domain for alias name,NO_PROFILE_DATA,False
A01389,22 002,18;36;37;41;45;49;72;79;86,987729696,LOW_SUPPORT_REVIEW_ONLY,1,,,,,0,,,NO_PROFILE_EVIDENCE,no normalized profile or participation domain for alias name,NO_PROFILE_DATA,False
A01390,22-001,28;37;41;44;45;49;72;85;86,987729696,LOW_SUPPORT_REVIEW_ONLY,1,,,,,0,,,NO_PROFILE_EVIDENCE,no normalized profile or participation domain for alias name,NO_PROFILE_DATA,False
A01391,3rd anjou 103 rue charles darwin 49125 tierce,49,254900517,LOW_SUPPORT_REVIEW_ONLY,1,,,,,0,,,NO_PROFILE_EVIDENCE,no normalized profile or participation domain for alias name,NO_PROFILE_DATA,False
A01392,44800 saint herblain,44,808417075,LOW_SUPPORT_REVIEW_ONLY,1,,,,,0,,,NO_PROFILE_EVIDENCE,no normalized profile or participation domain for alias name,NO_PROFILE_DATA,False
A01393,52167615500026,44;85,521676155,LOW_SUPPORT_REVIEW_ONLY,1,,,,,0,,,NO_PROFILE_EVIDENCE,no normalized profile or participation domain for alias name,NO_PROFILE_DATA,False
A01394,686spl,85,218501195,LOW_SUPPORT_REVIEW_ONLY,1,,,,,0,,,NO_PROFILE_EVIDENCE,no normalized profile or participation domain for alias name,NO_PROFILE_DATA,False
A01395,775 675 796,49;75,775675796,LOW_SUPPORT_REVIEW_ONLY,1,,,,,0,,,NO_PROFILE_EVIDENCE,no normalized profile or participation domain for alias name,NO_PROFILE_DATA,False
A01396,777 749 326 00149,22;35;44,777749326,LOW_SUPPORT_REVIEW_ONLY,1,,,,,0,,,NO_PROFILE_EVIDENCE,no normalized profile or participation domain for alias name,NO_PROFILE_DATA,False
A01397,acquisition maintenance et hebergement d un outil de visualisation de la strategie environnementale et energetique pour le patrimoine bati de la ville et metropole de nantes et mission d accompagnement pour la mise en oeuvre,44,244400404,LOW_SUPPORT_REVIEW_ONLY,1,,,,,0,,,NO_PROFILE_EVIDENCE,no normalized profile or participation domain for alias name,NO_PROFILE_DATA,False
A01398,activites portuaires,44,775604853,LOW_SUPPORT_REVIEW_ONLY,1,,,,,0,,,NO_PROFILE_EVIDENCE,no normalized profile or participation domain for alias name,NO_PROFILE_DATA,False
A01399,administration,44;49;53;72;85,234400034,LOW_SUPPORT_REVIEW_ONLY,1,,,,,0,,,NO_PROFILE_EVIDENCE,no normalized profile or participation domain for alias name,NO_PROFILE_DATA,False
A01400,administration generale,16;17;79;85;86,200041317,LOW_SUPPORT_REVIEW_ONLY,1,,,,,0,,,NO_PROFILE_EVIDENCE,no normalized profile or participation domain for alias name,NO_PROFILE_DATA,False
A01401,administration generale,44;49;53;72;85,234400034,LOW_SUPPORT_REVIEW_ONLY,1,,,,,0,,,NO_PROFILE_EVIDENCE,no normalized profile or participation domain for alias name,NO_PROFILE_DATA,False
A01402,administration locale,44,214400715,LOW_SUPPORT_REVIEW_ONLY,1,,,,,0,,,NO_PROFILE_EVIDENCE,no normalized profile or participation domain for alias name,NO_PROFILE_DATA,False
A01403,administration publique generale,44;49;53;72;85,234400034,LOW_SUPPORT_REVIEW_ONLY,1,,,,,0,,,NO_PROFILE_EVIDENCE,no normalized profile or participation domain for alias name,NO_PROFILE_DATA,False
A01404,aefe agence pour l enseignement francais a l etranger,44;75,180006082,LOW_SUPPORT_REVIEW_ONLY,1,,,,,0,,,NO_PROFILE_EVIDENCE,no normalized profile or participation domain for alias name,NO_PROFILE_DATA,False
A01405,agence bio,13;33;35;44;49;75;92;93;94,187512553,LOW_SUPPORT_REVIEW_ONLY,1,marches-publics.gouv.fr,,marches-publics.gouv.fr,GENERIC_PLATFORM,1,2017-01-03,2017-01-03,NEUTRAL_SHARED_PLATFORM,only generic or shared institutional domains observed,HAS_PROFILE_DATA,False
A01406,agence de developpement pour la normandie,14;27;35;50;61;72;76;79;92,200006500,LOW_SUPPORT_REVIEW_ONLY,1,,,,,0,,,NO_PROFILE_EVIDENCE,no normalized profile or participation domain for alias name,NO_PROFILE_DATA,False
A01407,agence de developpement touristique et d attractivite de la sarthe,72,528139876,LOW_SUPPORT_REVIEW_ONLY,1,,,,,0,,,NO_PROFILE_EVIDENCE,no normalized profile or participation domain for alias name,NO_PROFILE_DATA,False
A01408,agence de gestion de l immo de l etat,85,428684963,LOW_SUPPORT_REVIEW_ONLY,1,,,,,0,,,NO_PROFILE_EVIDENCE,no normalized profile or participation domain for alias name,NO_PROFILE_DATA,False
A01409,agence de l eau loire bretagne,44;45;75;91;92;93;94,184503019,LOW_SUPPORT_REVIEW_ONLY,1,,,,,0,,,NO_PROFILE_EVIDENCE,no normalized profile or participation domain for alias name,NO_PROFILE_DATA,False
A01410,agence de l eau loire-bretagne,44;45,184503019,LOW_SUPPORT_REVIEW_ONLY,1,marches-publics.gouv.fr;ww.marches-publics.gouv.fr;wwww.marches-publics.gouv.fr,marches-publics.gouv.fr,marches-publics.gouv.fr;ww.marches-publics.gouv.fr;wwww.marches-publics.gouv.fr,GENERIC_PLATFORM,5,2017-10-16,2020-08-26,NEUTRAL_SHARED_PLATFORM,only generic or shared institutional domains observed,HAS_PROFILE_DATA,False
A01411,agence etudes urbaines region nantaise,44,315400176,LOW_SUPPORT_REVIEW_ONLY,1,,,,,0,,,NO_PROFILE_EVIDENCE,no normalized profile or participation domain for alias name,NO_PROFILE_DATA,False
A01412,agence nationale cohesion territoires,60;75;77;78;84;85;86;87;92,130026032,LOW_SUPPORT_REVIEW_ONLY,1,marches-public.gouv.fr;marches-publics.gouv.fr,,marches-public.gouv.fr;marches-publics.gouv.fr,GENERIC_PLATFORM,2,2020-10-13,2020-10-28,NEUTRAL_SHARED_PLATFORM,only generic or shared institutional domains observed,HAS_PROFILE_DATA,False
A01413,agence publique pour l immobilier de la justice apij,49;94,180092256,LOW_SUPPORT_REVIEW_ONLY,1,,,,,0,,,NO_PROFILE_EVIDENCE,no normalized profile or participation domain for alias name,NO_PROFILE_DATA,False
A01414,agricampus laval,53,195300819,LOW_SUPPORT_REVIEW_ONLY,1,,,,,0,,,NO_PROFILE_EVIDENCE,no normalized profile or participation domain for alias name,NO_PROFILE_DATA,False
A01415,agrican - association de gestion du restaurant inter administratif de la cite administrative de nantes,44,930629704,LOW_SUPPORT_REVIEW_ONLY,1,,,,,0,,,NO_PROFILE_EVIDENCE,no normalized profile or participation domain for alias name,NO_PROFILE_DATA,False
A01416,aip irve saint-nazaire,44,214401846,LOW_SUPPORT_REVIEW_ONLY,1,,,,,0,,,NO_PROFILE_EVIDENCE,no normalized profile or participation domain for alias name,NO_PROFILE_DATA,False
A01417,alter cites,49,058201526,LOW_SUPPORT_REVIEW_ONLY,1,achatpublic.com,,achatpublic.com,GENERIC_PLATFORM,1,2018-03-29,2018-03-29,NEUTRAL_SHARED_PLATFORM,only generic or shared institutional domains observed,HAS_PROFILE_DATA,False
A01418,alter cites agissant au nom et pour le compte de la ville de feneu,49,058201526,LOW_SUPPORT_REVIEW_ONLY,1,,,,,0,,,NO_PROFILE_EVIDENCE,no normalized profile or participation domain for alias name,NO_PROFILE_DATA,False
A01419,alter public agissant au nom et pour le compte de la commune loire authion,49,528848153,LOW_SUPPORT_REVIEW_ONLY,1,,,,,0,,,NO_PROFILE_EVIDENCE,no normalized profile or participation domain for alias name,NO_PROFILE_DATA,False
A01420,amenagement,22;29;35;44;56,215600347,LOW_SUPPORT_REVIEW_ONLY,1,,,,,0,,,NO_PROFILE_EVIDENCE,no normalized profile or participation domain for alias name,NO_PROFILE_DATA,False
A01421,amenagement d aires de jeux de plein air,44,214401093,LOW_SUPPORT_REVIEW_ONLY,1,,,,,0,,,NO_PROFILE_EVIDENCE,no normalized profile or participation domain for alias name,NO_PROFILE_DATA,False
A01422,amenagement d aires de jeux de plein air - groupement de commandes villes de nantes nantes metropole nantes metropole habitat,44,214401093,LOW_SUPPORT_REVIEW_ONLY,1,,,,,0,,,NO_PROFILE_EVIDENCE,no normalized profile or participation domain for alias name,NO_PROFILE_DATA,False
A01423,amenagement de l avenue peccot des rues de solay et bastie en accompagnement du projet immobilier ilot neo,44,244400404,LOW_SUPPORT_REVIEW_ONLY,1,,,,,0,,,NO_PROFILE_EVIDENCE,no normalized profile or participation domain for alias name,NO_PROFILE_DATA,False
A01424,amenagement du boulevard charles de gaulle - secteur tisserand a saint-herblain,44,244400404,LOW_SUPPORT_REVIEW_ONLY,1,,,,,0,,,NO_PROFILE_EVIDENCE,no normalized profile or participation domain for alias name,NO_PROFILE_DATA,False
A01425,amenagements scenographiques,44,244400404,LOW_SUPPORT_REVIEW_ONLY,1,,,,,0,,,NO_PROFILE_EVIDENCE,no normalized profile or participation domain for alias name,NO_PROFILE_DATA,False
A01426,amtalents,49;75,900210840,LOW_SUPPORT_REVIEW_ONLY,1,,,,,0,,,NO_PROFILE_EVIDENCE,no normalized profile or participation domain for alias name,NO_PROFILE_DATA,False
A01427,angers loire metropole,44;49;53;72,244900015,LOW_SUPPORT_REVIEW_ONLY,1,alm.marches-securises.fr;alm.marhces-securises.fr;metropole-angers.marcoweb.fr,alm.marches-securises.fr,alm.marches-securises.fr;alm.marhces-securises.fr;metropole-angers.marcoweb.fr,BUYER_SPECIFIC;GENERIC_PLATFORM;SHARED_INSTITUTIONAL,5,2015-12-24,2020-10-06,STRONG_SUPPORT,alias has buyer-specific or highly concentrated profile-domain evidence,HAS_PROFILE_DATA,False
A01428,angers loire metropole 49,44;49,244900015,LOW_SUPPORT_REVIEW_ONLY,1,,,,,0,,,NO_PROFILE_EVIDENCE,no normalized profile or participation domain for alias name,NO_PROFILE_DATA,False
A01429,angers loire metropole 49,44;49;75;91;92;93,244900015,LOW_SUPPORT_REVIEW_ONLY,1,,,,,0,,,NO_PROFILE_EVIDENCE,no normalized profile or participation domain for alias name,NO_PROFILE_DATA,False
A01430,angers loire metropole 49 direction eau et assainissement,44;49;72;85,244900015,LOW_SUPPORT_REVIEW_ONLY,1,,,,,0,,,NO_PROFILE_EVIDENCE,no normalized profile or participation domain for alias name,NO_PROFILE_DATA,False
A01431,angers loire metropole 49 direction eau et assainissement,49,244900015,LOW_SUPPORT_REVIEW_ONLY,1,,,,,0,,,NO_PROFILE_EVIDENCE,no normalized profile or participation domain for alias name,NO_PROFILE_DATA,False
A01432,angers loire metropole direction eau et assainissement 49,44;49;53;72;85,244900015,LOW_SUPPORT_REVIEW_ONLY,1,,,,,0,,,NO_PROFILE_EVIDENCE,no normalized profile or participation domain for alias name,NO_PROFILE_DATA,False
A01433,angers loire metropole direction eau et assainissement 49,44;49;53;85,244900015,LOW_SUPPORT_REVIEW_ONLY,1,,,,,0,,,NO_PROFILE_EVIDENCE,no normalized profile or participation domain for alias name,NO_PROFILE_DATA,False
A01434,angers loire metropole pour le compte du pole metropolitain loire angers 49,49,254902034,LOW_SUPPORT_REVIEW_ONLY,1,,,,,0,,,NO_PROFILE_EVIDENCE,no normalized profile or participation domain for alias name,NO_PROFILE_DATA,False
A01435,anjou bleu communaute,49,244900809,LOW_SUPPORT_REVIEW_ONLY,1,,,,,0,,,NO_PROFILE_EVIDENCE,no normalized profile or participation domain for alias name,NO_PROFILE_DATA,False
A01436,apij - agence immobiliere pour l immobilier de la justice,49;75;94,180092256,LOW_SUPPORT_REVIEW_ONLY,1,,,,,0,,,NO_PROFILE_EVIDENCE,no normalized profile or participation domain for alias name,NO_PROFILE_DATA,False
A01437,apis-gene,31;44;69;75;77;78;91;92;93,447906330,LOW_SUPPORT_REVIEW_ONLY,1,,,,,0,,,NO_PROFILE_EVIDENCE,no normalized profile or participation domain for alias name,NO_PROFILE_DATA,False
A01438,aqta energies,22;29;35;44;56,928888627,LOW_SUPPORT_REVIEW_ONLY,1,,,,,0,,,NO_PROFILE_EVIDENCE,no normalized profile or participation domain for alias name,NO_PROFILE_DATA,False
A01439,arc sud bretagne,29;35;44;56,200027027,LOW_SUPPORT_REVIEW_ONLY,1,,,,,0,,,NO_PROFILE_EVIDENCE,no normalized profile or participation domain for alias name,NO_PROFILE_DATA,False
A01440,archives nationales du monde du travail,44;59;93;94,130025042,LOW_SUPPORT_REVIEW_ONLY,1,,,,,0,,,NO_PROFILE_EVIDENCE,no normalized profile or participation domain for alias name,NO_PROFILE_DATA,False
A01441,are-bordeaux,17;33;44;49;79;85,110010014,LOW_SUPPORT_REVIEW_ONLY,1,,,,,0,,,NO_PROFILE_EVIDENCE,no normalized profile or participation domain for alias name,NO_PROFILE_DATA,False
A01442,arifts pays de la loire,49,509618500,LOW_SUPPORT_REVIEW_ONLY,1,,,,,0,,,NO_PROFILE_EVIDENCE,no normalized profile or participation domain for alias name,NO_PROFILE_DATA,False
A01443,armement des phares et balises,17;29;44;56;85,130003213,LOW_SUPPORT_REVIEW_ONLY,1,marches-publics.gouv.fr,,marches-publics.gouv.fr,GENERIC_PLATFORM,1,2017-05-04,2017-05-04,NEUTRAL_SHARED_PLATFORM,only generic or shared institutional domains observed,HAS_PROFILE_DATA,False
A01444,armement des phares et balises,17;44;56;85,130003213,LOW_SUPPORT_REVIEW_ONLY,1,marches-publics.gouv.fr,,marches-publics.gouv.fr,GENERIC_PLATFORM,1,2017-05-04,2017-05-04,NEUTRAL_SHARED_PLATFORM,only generic or shared institutional domains observed,HAS_PROFILE_DATA,False
A01445,armement des phares et balises,29;34;44,130003213,LOW_SUPPORT_REVIEW_ONLY,1,marches-publics.gouv.fr,,marches-publics.gouv.fr,GENERIC_PLATFORM,1,2017-05-04,2017-05-04,NEUTRAL_SHARED_PLATFORM,only generic or shared institutional domains observed,HAS_PROFILE_DATA,False
A01446,armement des phares et balises 2 rue de kerivoal - cs 93039 - 29334 quimper cedex tel 0290085524 - fax 0298987225 mel apb dam dgitm developpement-durable gouv fr siret 130 003 213 00027,17;44;56;85,130003213,LOW_SUPPORT_REVIEW_ONLY,1,,,,,0,,,NO_PROFILE_EVIDENCE,no normalized profile or participation domain for alias name,NO_PROFILE_DATA,False
A01447,armement des phares et balises 2 rue de kerivoal cs 93039 29334 quimper cedex quimper tel 33 2 99 33 43 65 www ecologie gouv fr,17;44;85,130003213,LOW_SUPPORT_REVIEW_ONLY,1,,,,,0,,,NO_PROFILE_EVIDENCE,no normalized profile or participation domain for alias name,NO_PROFILE_DATA,False
A01448,arml association regionale des missions locales des pays de la loire,35;37;44;49;53;56;72;79;85,794197434,LOW_SUPPORT_REVIEW_ONLY,1,,,,,0,,,NO_PROFILE_EVIDENCE,no normalized profile or participation domain for alias name,NO_PROFILE_DATA,False
A01449,ars pays de la loire,44,130008006,LOW_SUPPORT_REVIEW_ONLY,1,marches-publics.gouv.fr;pays-de-la-loire.ars.sante.fr,,marches-publics.gouv.fr;pays-de-la-loire.ars.sante.fr,BUYER_SPECIFIC;GENERIC_PLATFORM,2,2019-12-04,2020-01-26,STRONG_SUPPORT,alias has buyer-specific or highly concentrated profile-domain evidence,HAS_PROFILE_DATA,False
A01450,asa brehal,14;22;29;35;44;50;56;76;85,295000517,LOW_SUPPORT_REVIEW_ONLY,1,,,,,0,,,NO_PROFILE_EVIDENCE,no normalized profile or participation domain for alias name,NO_PROFILE_DATA,False
A01451,ascrif,13;31;33;44;59;67;69;75,443620471,LOW_SUPPORT_REVIEW_ONLY,1,,,,,0,,,NO_PROFILE_EVIDENCE,no normalized profile or participation domain for alias name,NO_PROFILE_DATA,False
A01452,association de gestion de la cantine et des loisirs du parc departemental,72,479642472,LOW_SUPPORT_REVIEW_ONLY,1,,,,,0,,,NO_PROFILE_EVIDENCE,no normalized profile or participation domain for alias name,NO_PROFILE_DATA,False
A01453,association ferrocampus,17;33;85,891397614,LOW_SUPPORT_REVIEW_ONLY,1,,,,,0,,,NO_PROFILE_EVIDENCE,no normalized profile or participation domain for alias name,NO_PROFILE_DATA,False
A01454,assurances de la collectivite,44,200078079,LOW_SUPPORT_REVIEW_ONLY,1,,,,,0,,,NO_PROFILE_EVIDENCE,no normalized profile or participation domain for alias name,NO_PROFILE_DATA,False
A01455,atlansun,22;29;35;44;56,788752178,LOW_SUPPORT_REVIEW_ONLY,1,,,,,0,,,NO_PROFILE_EVIDENCE,no normalized profile or participation domain for alias name,NO_PROFILE_DATA,False
A01456,atlansun,22;35;44;56,788752178,LOW_SUPPORT_REVIEW_ONLY,1,,,,,0,,,NO_PROFILE_EVIDENCE,no normalized profile or participation domain for alias name,NO_PROFILE_DATA,False
A01457,autorite locale,22;29;35;44;56,215600347,LOW_SUPPORT_REVIEW_ONLY,1,,,,,0,,,NO_PROFILE_EVIDENCE,no normalized profile or participation domain for alias name,NO_PROFILE_DATA,False
A01458,autorite locale - metropole,44,244400404,LOW_SUPPORT_REVIEW_ONLY,1,,,,,0,,,NO_PROFILE_EVIDENCE,no normalized profile or participation domain for alias name,NO_PROFILE_DATA,False
A01459,autoroutes du sud de la france,13;17;30;63;65;66;79;84;85,572139996,LOW_SUPPORT_REVIEW_ONLY,1,,,,,0,,,NO_PROFILE_EVIDENCE,no normalized profile or participation domain for alias name,NO_PROFILE_DATA,False
A01460,autoroutes du sud de la france asf,11;17;30;31;34;72,572139996,LOW_SUPPORT_REVIEW_ONLY,1,,,,,0,,,NO_PROFILE_EVIDENCE,no normalized profile or participation domain for alias name,NO_PROFILE_DATA,False
A01461,bains sur oust,35;44,200050425,LOW_SUPPORT_REVIEW_ONLY,1,,,,,0,,,NO_PROFILE_EVIDENCE,no normalized profile or participation domain for alias name,NO_PROFILE_DATA,False
A01462,barbe - devaux sas,72,267200160,LOW_SUPPORT_REVIEW_ONLY,1,,,,,0,,,NO_PROFILE_EVIDENCE,no normalized profile or participation domain for alias name,NO_PROFILE_DATA,False
A01463,basse goulaine,29;35;37;44;85,214400095,LOW_SUPPORT_REVIEW_ONLY,1,,,,,0,,,NO_PROFILE_EVIDENCE,no normalized profile or participation domain for alias name,NO_PROFILE_DATA,False
A01464,batii ville de nantes,44,214401093,LOW_SUPPORT_REVIEW_ONLY,1,,,,,0,,,NO_PROFILE_EVIDENCE,no normalized profile or participation domain for alias name,NO_PROFILE_DATA,False
A01465,batiment cfa bretagne,35;44;76,777509274,LOW_SUPPORT_REVIEW_ONLY,1,,,,,0,,,NO_PROFILE_EVIDENCE,no normalized profile or participation domain for alias name,NO_PROFILE_DATA,False
A01466,batiments administratifs,44,212902324,LOW_SUPPORT_REVIEW_ONLY,1,,,,,0,,,NO_PROFILE_EVIDENCE,no normalized profile or participation domain for alias name,NO_PROFILE_DATA,False
A01467,baud communaute,22;29;35;44;56,200096675,LOW_SUPPORT_REVIEW_ONLY,1,,,,,0,,,NO_PROFILE_EVIDENCE,no normalized profile or participation domain for alias name,NO_PROFILE_DATA,False
A01468,bibliotheque nationale de france,13;48;72;75;91;92;93;94;95,180046252,LOW_SUPPORT_REVIEW_ONLY,1,marchespublics.bnf.fr,,marchespublics.bnf.fr,SHARED_INSTITUTIONAL,1,2020-12-31,2020-12-31,NEUTRAL_SHARED_PLATFORM,only generic or shared institutional domains observed,HAS_PROFILE_DATA,False
A01469,bibliotheque nationale de france,72;75;94,180046252,LOW_SUPPORT_REVIEW_ONLY,1,marchespublics.bnf.fr,,marchespublics.bnf.fr,SHARED_INSTITUTIONAL,1,2020-12-31,2020-12-31,NEUTRAL_SHARED_PLATFORM,only generic or shared institutional domains observed,HAS_PROFILE_DATA,False
A01470,biogaz 44,44,994734812,LOW_SUPPORT_REVIEW_ONLY,1,,,,,0,,,NO_PROFILE_EVIDENCE,no normalized profile or participation domain for alias name,NO_PROFILE_DATA,False
A01471,bma spl agissant au nom et pour le compte du groupement de commandes morlaix communaute ville de morlaix,22;29;35;44;56,834175572,LOW_SUPPORT_REVIEW_ONLY,1,,,,,0,,,NO_PROFILE_EVIDENCE,no normalized profile or participation domain for alias name,NO_PROFILE_DATA,False
A01472,brest metropole amenagement spl agissant au nom et pour le compte de la ville de brest,22;29;35;44;56;75;76;77;78,834175572,LOW_SUPPORT_REVIEW_ONLY,1,,,,,0,,,NO_PROFILE_EVIDENCE,no normalized profile or participation domain for alias name,NO_PROFILE_DATA,False
A01473,brest metropole amenagement spl agissant au nom et pour le compte de la ville de brest,22;29;35;44;56;75;77;78;92,834175572,LOW_SUPPORT_REVIEW_ONLY,1,,,,,0,,,NO_PROFILE_EVIDENCE,no normalized profile or participation domain for alias name,NO_PROFILE_DATA,False
A01474,breti sun isdnd,35;44,883983280,LOW_SUPPORT_REVIEW_ONLY,1,,,,,0,,,NO_PROFILE_EVIDENCE,no normalized profile or participation domain for alias name,NO_PROFILE_DATA,False
A01475,brigade verte d alsace,26;44;57;67;68;69;90;92;93,256802091,LOW_SUPPORT_REVIEW_ONLY,1,,,,,0,,,NO_PROFILE_EVIDENCE,no normalized profile or participation domain for alias name,NO_PROFILE_DATA,False
A01476,bureau de recherche en geologie miniere brgm,35;44;49;56;85,582056149,LOW_SUPPORT_REVIEW_ONLY,1,,,,,0,,,NO_PROFILE_EVIDENCE,no normalized profile or participation domain for alias name,NO_PROFILE_DATA,False
A01477,bureau de recherche en geologie miniere brgm,44,582056149,LOW_SUPPORT_REVIEW_ONLY,1,,,,,0,,,NO_PROFILE_EVIDENCE,no normalized profile or participation domain for alias name,NO_PROFILE_DATA,False
A01478,c c a s ville de nantes,44,264400391,LOW_SUPPORT_REVIEW_ONLY,1,,,,,0,,,NO_PROFILE_EVIDENCE,no normalized profile or participation domain for alias name,NO_PROFILE_DATA,False
A01479,ca pornic agglo pays de retz,35;44;49,200067346,LOW_SUPPORT_REVIEW_ONLY,1,eu.eu-supply.com;synapse-ouest.com,synapse-ouest.com,eu.eu-supply.com;synapse-ouest.com,GENERIC_PLATFORM,3,2019-01-12,2020-12-02,NEUTRAL_SHARED_PLATFORM,only generic or shared institutional domains observed,HAS_PROFILE_DATA,False
A01480,ca saumur val de loire,37;44;49;53;72;85;86,200071876,LOW_SUPPORT_REVIEW_ONLY,1,eu-supply.com;marches-securises.fr;synapse-ouest.com;synapse-ouest.fr,,eu-supply.com;marches-securises.fr;synapse-ouest.com;synapse-ouest.fr,GENERIC_PLATFORM;SHARED_INSTITUTIONAL,6,2017-12-05,2020-12-04,NEUTRAL_SHARED_PLATFORM,only generic or shared institutional domains observed,HAS_PROFILE_DATA,False
A01481,caf d indre et loire,18;28;36;37;41;45;49;72;86,775347875,LOW_SUPPORT_REVIEW_ONLY,1,,,,,0,,,NO_PROFILE_EVIDENCE,no normalized profile or participation domain for alias name,NO_PROFILE_DATA,False
A01482,caf de la loire atlantique,44,786019554,LOW_SUPPORT_REVIEW_ONLY,1,achatpublic.com,achatpublic.com,achatpublic.com,GENERIC_PLATFORM,2,2019-08-25,2019-08-25,NEUTRAL_SHARED_PLATFORM,only generic or shared institutional domains observed,HAS_PROFILE_DATA,False
A01483,caf de la manche,14;22;29;35;50;53;56;61;76,780860292,LOW_SUPPORT_REVIEW_ONLY,1,,,,,0,,,NO_PROFILE_EVIDENCE,no normalized profile or participation domain for alias name,NO_PROFILE_DATA,False
A01484,caf de la mayenne,35;44;49;53;61;72,775613995,LOW_SUPPORT_REVIEW_ONLY,1,achatpublic.com,,achatpublic.com,GENERIC_PLATFORM,1,2018-03-25,2018-03-25,NEUTRAL_SHARED_PLATFORM,only generic or shared institutional domains observed,HAS_PROFILE_DATA,False
A01485,caf de la vendee,17;33;35;37;44;49;56;79;85,786448050,LOW_SUPPORT_REVIEW_ONLY,1,,,,,0,,,NO_PROFILE_EVIDENCE,no normalized profile or participation domain for alias name,NO_PROFILE_DATA,False
A01486,caf de loir et cher,18;28;37;41;45;49;72;86,775369598,LOW_SUPPORT_REVIEW_ONLY,1,achatpublic.com;meoss.achatpublic.com,,achatpublic.com;meoss.achatpublic.com,GENERIC_PLATFORM,2,2017-05-05,2017-07-07,NEUTRAL_SHARED_PLATFORM,only generic or shared institutional domains observed,HAS_PROFILE_DATA,False
A01487,caf de loir et cher,18;28;37;41;45;72,775369598,LOW_SUPPORT_REVIEW_ONLY,1,achatpublic.com;meoss.achatpublic.com,,achatpublic.com;meoss.achatpublic.com,GENERIC_PLATFORM,2,2017-05-05,2017-07-07,NEUTRAL_SHARED_PLATFORM,only generic or shared institutional domains observed,HAS_PROFILE_DATA,False
A01488,caf de maine-et-loire,28;36;37;41;44;45;49;53;85,534172481,LOW_SUPPORT_REVIEW_ONLY,1,,,,,0,,,NO_PROFILE_EVIDENCE,no normalized profile or participation domain for alias name,NO_PROFILE_DATA,False
A01489,caf des deux sevres,16;17;79;85;86,781459599,LOW_SUPPORT_REVIEW_ONLY,1,,,,,0,,,NO_PROFILE_EVIDENCE,no normalized profile or participation domain for alias name,NO_PROFILE_DATA,False
A01490,caf touraine,28;37;44;45,775347875,LOW_SUPPORT_REVIEW_ONLY,1,achatpublic.com,,achatpublic.com,GENERIC_PLATFORM,1,2019-06-07,2019-06-07,NEUTRAL_SHARED_PLATFORM,only generic or shared institutional domains observed,HAS_PROFILE_DATA,False
A01491,caf touraine,36;37;41;45;49;72;86,775347875,LOW_SUPPORT_REVIEW_ONLY,1,achatpublic.com,,achatpublic.com,GENERIC_PLATFORM,1,2019-06-07,2019-06-07,NEUTRAL_SHARED_PLATFORM,only generic or shared institutional domains observed,HAS_PROFILE_DATA,False
A01492,caf touraine service achats,18;28;36;37;41;45;49;72,775347875,LOW_SUPPORT_REVIEW_ONLY,1,,,,,0,,,NO_PROFILE_EVIDENCE,no normalized profile or participation domain for alias name,NO_PROFILE_DATA,False
A01493,cafat - direction des systemes d information,13;44;69;75;91;92;93;94;95,229880018,LOW_SUPPORT_REVIEW_ONLY,1,,,,,0,,,NO_PROFILE_EVIDENCE,no normalized profile or participation domain for alias name,NO_PROFILE_DATA,False
A01494,caisse d allocations familiales de la sarthe,72,786338871,LOW_SUPPORT_REVIEW_ONLY,1,,,,,0,,,NO_PROFILE_EVIDENCE,no normalized profile or participation domain for alias name,NO_PROFILE_DATA,False
A01495,caisse d assurance maladie du val d oise,72;75;77;78;92;93;95,323391367,LOW_SUPPORT_REVIEW_ONLY,1,,,,,0,,,NO_PROFILE_EVIDENCE,no normalized profile or participation domain for alias name,NO_PROFILE_DATA,False
A01496,caisse des depots,49;75,180020026,LOW_SUPPORT_REVIEW_ONLY,1,agysoft.marches-publics.info;caissedesdepots.fr;caissedesdepots.marches-publics.info;marches.caissedesdepots;marches.caissedesdepots.fr,agysoft.marches-publics.info;caissedesdepots.fr;caissedesdepots.marches-publics.info;marches.caissedesdepots.fr,agysoft.marches-publics.info;caissedesdepots.fr;caissedesdepots.marches-publics.info;marches.caissedesdepots;marches.caissedesdepots.fr,BUYER_SPECIFIC;GENERIC_PLATFORM;HIGHLY_CONCENTRATED,14,2016-01-22,2020-12-12,STRONG_SUPPORT,alias has buyer-specific or highly concentrated profile-domain evidence,HAS_PROFILE_DATA,False
A01497,caisse nationale de l assurance maladie,10;21;27;35;38;49;59;69;75,180035024,LOW_SUPPORT_REVIEW_ONLY,1,,,,,0,,,NO_PROFILE_EVIDENCE,no normalized profile or participation domain for alias name,NO_PROFILE_DATA,False
A01498,caisse primaire d assurance maladie,44,515163749,LOW_SUPPORT_REVIEW_ONLY,1,,,,,0,,,NO_PROFILE_EVIDENCE,no normalized profile or participation domain for alias name,NO_PROFILE_DATA,False
A01499,caisse primaire d assurance maladie cpam de loire-atlantique,44,515163749,LOW_SUPPORT_REVIEW_ONLY,1,,,,,0,,,NO_PROFILE_EVIDENCE,no normalized profile or participation domain for alias name,NO_PROFILE_DATA,False
A01500,caisse primaire d assurance maladie de l isere,13;31;33;38;44;59;69;75,515393262,LOW_SUPPORT_REVIEW_ONLY,1,,,,,0,,,NO_PROFILE_EVIDENCE,no normalized profile or participation domain for alias name,NO_PROFILE_DATA,False
A01501,camping municipal de banyuls sur mer,11;30;66;85,441977485,LOW_SUPPORT_REVIEW_ONLY,1,,,,,0,,,NO_PROFILE_EVIDENCE,no normalized profile or participation domain for alias name,NO_PROFILE_DATA,False
A01502,canssm filieris,30;49;57;59;64;68;71;81,775685316,LOW_SUPPORT_REVIEW_ONLY,1,,,,,0,,,NO_PROFILE_EVIDENCE,no normalized profile or participation domain for alias name,NO_PROFILE_DATA,False
A01503,cap anjou bleu,49,330874736,LOW_SUPPORT_REVIEW_ONLY,1,,,,,0,,,NO_PROFILE_EVIDENCE,no normalized profile or participation domain for alias name,NO_PROFILE_DATA,False
A01504,cap lan,44;85,264402595,LOW_SUPPORT_REVIEW_ONLY,1,,,,,0,,,NO_PROFILE_EVIDENCE,no normalized profile or participation domain for alias name,NO_PROFILE_DATA,False
A01505,cap-lan,44,264402595,LOW_SUPPORT_REVIEW_ONLY,1,,,,,0,,,NO_PROFILE_EVIDENCE,no normalized profile or participation domain for alias name,NO_PROFILE_DATA,False
A01506,cap-lan,44;85,264402595,LOW_SUPPORT_REVIEW_ONLY,1,,,,,0,,,NO_PROFILE_EVIDENCE,no normalized profile or participation domain for alias name,NO_PROFILE_DATA,False
A01507,caplan,44,264402595,LOW_SUPPORT_REVIEW_ONLY,1,,,,,0,,,NO_PROFILE_EVIDENCE,no normalized profile or participation domain for alias name,NO_PROFILE_DATA,False
A01508,cariforef,44,130005119,LOW_SUPPORT_REVIEW_ONLY,1,,,,,0,,,NO_PROFILE_EVIDENCE,no normalized profile or participation domain for alias name,NO_PROFILE_DATA,False
A01509,carsat bretagne,22;35;44;56,777749326,LOW_SUPPORT_REVIEW_ONLY,1,,,,,0,,,NO_PROFILE_EVIDENCE,no normalized profile or participation domain for alias name,NO_PROFILE_DATA,False
A01510,carsat bretagne,35;44,777749326,LOW_SUPPORT_REVIEW_ONLY,1,,,,,0,,,NO_PROFILE_EVIDENCE,no normalized profile or participation domain for alias name,NO_PROFILE_DATA,False
A01511,carsat bretagne,35;44;53,777749326,LOW_SUPPORT_REVIEW_ONLY,1,,,,,0,,,NO_PROFILE_EVIDENCE,no normalized profile or participation domain for alias name,NO_PROFILE_DATA,False
A01512,carsat pays de loire,44,775605595,LOW_SUPPORT_REVIEW_ONLY,1,meoss.achatpublic.com,achatpublic.com,achatpublic.com;meoss.achatpublic.com,GENERIC_PLATFORM,2,2019-12-15,2019-12-15,NEUTRAL_SHARED_PLATFORM,only generic or shared institutional domains observed,HAS_PROFILE_DATA,False
A01513,cc bretagne porte de loire communaute,22;29;35;44;49;53;56;72;85,200070662,LOW_SUPPORT_REVIEW_ONLY,1,,,,,0,,,NO_PROFILE_EVIDENCE,no normalized profile or participation domain for alias name,NO_PROFILE_DATA,False
A01514,cc bretagne romantique,22;29;35;44;49;53;56;72;85,243500733,LOW_SUPPORT_REVIEW_ONLY,1,,,,,0,,,NO_PROFILE_EVIDENCE,no normalized profile or participation domain for alias name,NO_PROFILE_DATA,False
A01515,cc challans-gois communaute,85,200071629,LOW_SUPPORT_REVIEW_ONLY,1,,,,,0,,,NO_PROFILE_EVIDENCE,no normalized profile or participation domain for alias name,NO_PROFILE_DATA,False
A01516,cc du grand chateaudun,27;28;37;41;45;61;72;75;91,200069961,LOW_SUPPORT_REVIEW_ONLY,1,amf28.org,,amf28.org,GENERIC_PLATFORM,1,2020-03-28,2020-03-28,NEUTRAL_SHARED_PLATFORM,only generic or shared institutional domains observed,HAS_PROFILE_DATA,False
A01517,cc du grand chateaudun,27;28;37;41;45;61;72;78;91,200069961,LOW_SUPPORT_REVIEW_ONLY,1,amf28.org,,amf28.org,GENERIC_PLATFORM,1,2020-03-28,2020-03-28,NEUTRAL_SHARED_PLATFORM,only generic or shared institutional domains observed,HAS_PROFILE_DATA,False
A01518,cc du grand chateaudun,27;28;41;45;61;72,200069961,LOW_SUPPORT_REVIEW_ONLY,1,amf28.org,,amf28.org,GENERIC_PLATFORM,1,2020-03-28,2020-03-28,NEUTRAL_SHARED_PLATFORM,only generic or shared institutional domains observed,HAS_PROFILE_DATA,False
A01519,cc du grand chateaudun,27;28;45;72,200069961,LOW_SUPPORT_REVIEW_ONLY,1,amf28.org,,amf28.org,GENERIC_PLATFORM,1,2020-03-28,2020-03-28,NEUTRAL_SHARED_PLATFORM,only generic or shared institutional domains observed,HAS_PROFILE_DATA,False
A01520,cc du grand chateaudun,28;37;41;45;72,200069961,LOW_SUPPORT_REVIEW_ONLY,1,amf28.org,,amf28.org,GENERIC_PLATFORM,1,2020-03-28,2020-03-28,NEUTRAL_SHARED_PLATFORM,only generic or shared institutional domains observed,HAS_PROFILE_DATA,False
A01521,cc du grand chateaudun,28;37;41;45;72;75;78;87;93,200069961,LOW_SUPPORT_REVIEW_ONLY,1,amf28.org,,amf28.org,GENERIC_PLATFORM,1,2020-03-28,2020-03-28,NEUTRAL_SHARED_PLATFORM,only generic or shared institutional domains observed,HAS_PROFILE_DATA,False
A01522,cc du pays de chateaugiron,22;29;35;44;56,243500659,LOW_SUPPORT_REVIEW_ONLY,1,marches.megalisbretagne.org;megalisbretagne.org,,marches.megalisbretagne.org;megalisbretagne.org,GENERIC_PLATFORM,2,2018-01-11,2018-08-03,NEUTRAL_SHARED_PLATFORM,only generic or shared institutional domains observed,HAS_PROFILE_DATA,False
A01523,cc du pays de st fulgent les essarts,85,200071918,LOW_SUPPORT_REVIEW_ONLY,1,marches-securises.fr,,marches-securises.fr,GENERIC_PLATFORM,1,2020-11-23,2020-11-23,NEUTRAL_SHARED_PLATFORM,only generic or shared institutional domains observed,HAS_PROFILE_DATA,False
A01524,cc entre beauce et perche,28;45;61;72;75;78,200058360,LOW_SUPPORT_REVIEW_ONLY,1,,,,,0,,,NO_PROFILE_EVIDENCE,no normalized profile or participation domain for alias name,NO_PROFILE_DATA,False
A01525,cc estuaire et sillon,35;37;44;49;56;79;85,200072734,LOW_SUPPORT_REVIEW_ONLY,1,,,,,0,,,NO_PROFILE_EVIDENCE,no normalized profile or participation domain for alias name,NO_PROFILE_DATA,False
A01526,cc estuaire et sillon,35;44;49,200072734,LOW_SUPPORT_REVIEW_ONLY,1,,,,,0,,,NO_PROFILE_EVIDENCE,no normalized profile or participation domain for alias name,NO_PROFILE_DATA,False
A01527,cc estuaire et sillon,35;44;49;53;56;85,200072734,LOW_SUPPORT_REVIEW_ONLY,1,,,,,0,,,NO_PROFILE_EVIDENCE,no normalized profile or participation domain for alias name,NO_PROFILE_DATA,False
A01528,cc estuaire et sillon,35;44;49;53;85,200072734,LOW_SUPPORT_REVIEW_ONLY,1,,,,,0,,,NO_PROFILE_EVIDENCE,no normalized profile or participation domain for alias name,NO_PROFILE_DATA,False
A01529,cc estuaire et sillon,35;44;49;56,200072734,LOW_SUPPORT_REVIEW_ONLY,1,,,,,0,,,NO_PROFILE_EVIDENCE,no normalized profile or participation domain for alias name,NO_PROFILE_DATA,False
A01530,cc estuaire et sillon,35;44;49;56;72,200072734,LOW_SUPPORT_REVIEW_ONLY,1,,,,,0,,,NO_PROFILE_EVIDENCE,no normalized profile or participation domain for alias name,NO_PROFILE_DATA,False
A01531,cc estuaire et sillon,44;49;85,200072734,LOW_SUPPORT_REVIEW_ONLY,1,,,,,0,,,NO_PROFILE_EVIDENCE,no normalized profile or participation domain for alias name,NO_PROFILE_DATA,False
A01532,cc estuaire et sillon,44;56;79,200072734,LOW_SUPPORT_REVIEW_ONLY,1,,,,,0,,,NO_PROFILE_EVIDENCE,no normalized profile or participation domain for alias name,NO_PROFILE_DATA,False
A01533,cc loire layon aubance,37;44;49;53;72;79;85;86,200071553,LOW_SUPPORT_REVIEW_ONLY,1,,,,,0,,,NO_PROFILE_EVIDENCE,no normalized profile or participation domain for alias name,NO_PROFILE_DATA,False
A01534,cc loire layon aubance,44;49;53;72;85,200071553,LOW_SUPPORT_REVIEW_ONLY,1,,,,,0,,,NO_PROFILE_EVIDENCE,no normalized profile or participation domain for alias name,NO_PROFILE_DATA,False
A01535,cc pays de fontenay vendee,85,200071934,LOW_SUPPORT_REVIEW_ONLY,1,fontenayvendee.fr;marches-securises.fr,marches-securises.fr,fontenayvendee.fr;marches-securises.fr,GENERIC_PLATFORM;SHARED_INSTITUTIONAL,3,2018-05-08,2020-07-24,NEUTRAL_SHARED_PLATFORM,only generic or shared institutional domains observed,HAS_PROFILE_DATA,False
A01536,cc vallees du haut anjou,49,200071868,LOW_SUPPORT_REVIEW_ONLY,1,,,,,0,,,NO_PROFILE_EVIDENCE,no normalized profile or participation domain for alias name,NO_PROFILE_DATA,False
A01537,cc-pleyben-chateaulin-porzay,22;29;35;44;56,200067247,LOW_SUPPORT_REVIEW_ONLY,1,,,,,0,,,NO_PROFILE_EVIDENCE,no normalized profile or participation domain for alias name,NO_PROFILE_DATA,False
A01538,ccas allonnes,72,267200475,LOW_SUPPORT_REVIEW_ONLY,1,,,,,0,,,NO_PROFILE_EVIDENCE,no normalized profile or participation domain for alias name,NO_PROFILE_DATA,False
A01539,ccas de beaupreau en mauges,49,200053643,LOW_SUPPORT_REVIEW_ONLY,1,,,,,0,,,NO_PROFILE_EVIDENCE,no normalized profile or participation domain for alias name,NO_PROFILE_DATA,False
A01540,ccas de bouguenais,44,264400300,LOW_SUPPORT_REVIEW_ONLY,1,,,,,0,,,NO_PROFILE_EVIDENCE,no normalized profile or participation domain for alias name,NO_PROFILE_DATA,False
A01541,ccas de chalonnes sur loire 23 allee du parc 49290 chalonnes-sur-loire,49,264901893,LOW_SUPPORT_REVIEW_ONLY,1,,,,,0,,,NO_PROFILE_EVIDENCE,no normalized profile or participation domain for alias name,NO_PROFILE_DATA,False
A01542,ccas de chalonnes sur loire 4 rue des poilus 49290 chalonnes-sur-loire,49,264901893,LOW_SUPPORT_REVIEW_ONLY,1,,,,,0,,,NO_PROFILE_EVIDENCE,no normalized profile or participation domain for alias name,NO_PROFILE_DATA,False
A01543,ccas de clisson 3 grande rue de la trinite 44190 clisson,44,264401555,LOW_SUPPORT_REVIEW_ONLY,1,,,,,0,,,NO_PROFILE_EVIDENCE,no normalized profile or participation domain for alias name,NO_PROFILE_DATA,False
A01544,ccas de corbas,26;38;42;69;72,266910413,LOW_SUPPORT_REVIEW_ONLY,1,,,,,0,,,NO_PROFILE_EVIDENCE,no normalized profile or participation domain for alias name,NO_PROFILE_DATA,False
A01545,ccas de corbas,38;42;69;72,266910413,LOW_SUPPORT_REVIEW_ONLY,1,,,,,0,,,NO_PROFILE_EVIDENCE,no normalized profile or participation domain for alias name,NO_PROFILE_DATA,False
A01546,ccas de la roche-sur-yon 85,85,268500857,LOW_SUPPORT_REVIEW_ONLY,1,,,,,0,,,NO_PROFILE_EVIDENCE,no normalized profile or participation domain for alias name,NO_PROFILE_DATA,False
A01547,ccas de la ville de saint herblain,44,264400342,LOW_SUPPORT_REVIEW_ONLY,1,,,,,0,,,NO_PROFILE_EVIDENCE,no normalized profile or participation domain for alias name,NO_PROFILE_DATA,False
A01548,ccas de laigne en belin,72,267201465,LOW_SUPPORT_REVIEW_ONLY,1,,,,,0,,,NO_PROFILE_EVIDENCE,no normalized profile or participation domain for alias name,NO_PROFILE_DATA,False
A01549,ccas de laigne-saint-gervais,72,939036273,LOW_SUPPORT_REVIEW_ONLY,1,,,,,0,,,NO_PROFILE_EVIDENCE,no normalized profile or participation domain for alias name,NO_PROFILE_DATA,False
A01550,ccas de quimper,22;29;35;44;56;75,262900343,LOW_SUPPORT_REVIEW_ONLY,1,,,,,0,,,NO_PROFILE_EVIDENCE,no normalized profile or participation domain for alias name,NO_PROFILE_DATA,False
A01551,ccas de quimperle 29,22;29;35;44;56,262900467,LOW_SUPPORT_REVIEW_ONLY,1,,,,,0,,,NO_PROFILE_EVIDENCE,no normalized profile or participation domain for alias name,NO_PROFILE_DATA,False
A01552,ccc0pmg075-min culture bureau de la qualite comptable,53,174404608,LOW_SUPPORT_REVIEW_ONLY,1,,,,,0,,,NO_PROFILE_EVIDENCE,no normalized profile or participation domain for alias name,NO_PROFILE_DATA,False
A01553,cci 44,44,130008105,LOW_SUPPORT_REVIEW_ONLY,1,,,,,0,,,NO_PROFILE_EVIDENCE,no normalized profile or participation domain for alias name,NO_PROFILE_DATA,False
A01554,cci de maine-et-loire,49,130004609,LOW_SUPPORT_REVIEW_ONLY,1,,,,,0,,,NO_PROFILE_EVIDENCE,no normalized profile or participation domain for alias name,NO_PROFILE_DATA,False
A01555,cci mayenne,49;53,185300449,LOW_SUPPORT_REVIEW_ONLY,1,mayenne.cci.fr,marches-publics.gouv.fr,marches-publics.gouv.fr;mayenne.cci.fr,GENERIC_PLATFORM;SHARED_INSTITUTIONAL,2,2015-03-06,2015-03-06,NEUTRAL_SHARED_PLATFORM,only generic or shared institutional domains observed,HAS_PROFILE_DATA,False
A01556,cci mayenne,53,185300449,LOW_SUPPORT_REVIEW_ONLY,1,mayenne.cci.fr,marches-publics.gouv.fr,marches-publics.gouv.fr;mayenne.cci.fr,GENERIC_PLATFORM;SHARED_INSTITUTIONAL,2,2015-03-06,2015-03-06,NEUTRAL_SHARED_PLATFORM,only generic or shared institutional domains observed,HAS_PROFILE_DATA,False
A01557,cci pau bearn,32;44;64;93,186400024,LOW_SUPPORT_REVIEW_ONLY,1,marches-publics.gouv.fr,,marches-publics.gouv.fr,GENERIC_PLATFORM,1,2020-12-10,2020-12-10,NEUTRAL_SHARED_PLATFORM,only generic or shared institutional domains observed,HAS_PROFILE_DATA,False
A01558,cci pau bearn,44;93,186400024,LOW_SUPPORT_REVIEW_ONLY,1,marches-publics.gouv.fr,,marches-publics.gouv.fr,GENERIC_PLATFORM,1,2020-12-10,2020-12-10,NEUTRAL_SHARED_PLATFORM,only generic or shared institutional domains observed,HAS_PROFILE_DATA,False
A01559,ccma- service rh,53,200042182,LOW_SUPPORT_REVIEW_ONLY,1,,,,,0,,,NO_PROFILE_EVIDENCE,no normalized profile or participation domain for alias name,NO_PROFILE_DATA,False
A01560,ccse - petite enfance,44,244400586,LOW_SUPPORT_REVIEW_ONLY,1,,,,,0,,,NO_PROFILE_EVIDENCE,no normalized profile or participation domain for alias name,NO_PROFILE_DATA,False
A01561,cd22-2024-spnb2-lo,22;29;35;44;56,222200016,LOW_SUPPORT_REVIEW_ONLY,1,,,,,0,,,NO_PROFILE_EVIDENCE,no normalized profile or participation domain for alias name,NO_PROFILE_DATA,False
A01562,cdc du pays de pontchateau st gildois des bois,44,200000438,LOW_SUPPORT_REVIEW_ONLY,1,,,,,0,,,NO_PROFILE_EVIDENCE,no normalized profile or participation domain for alias name,NO_PROFILE_DATA,False
A01563,cdg 56,22;29;35;44;56;69;75;78;92,285600482,LOW_SUPPORT_REVIEW_ONLY,1,,,,,0,,,NO_PROFILE_EVIDENCE,no normalized profile or participation domain for alias name,NO_PROFILE_DATA,False
A01564,cenovia cites,72;75,924459787,LOW_SUPPORT_REVIEW_ONLY,1,marches-publics.info,,marches-publics.info,GENERIC_PLATFORM,1,2020-06-21,2020-06-21,NEUTRAL_SHARED_PLATFORM,only generic or shared institutional domains observed,HAS_PROFILE_DATA,False
A01565,centr hospitalier du mans - ets support du ght 72,72,267200160,LOW_SUPPORT_REVIEW_ONLY,1,,,,,0,,,NO_PROFILE_EVIDENCE,no normalized profile or participation domain for alias name,NO_PROFILE_DATA,False
A01566,centrale solaire de menee lambourg sas portee a par la carene et enr44,44,912271350,LOW_SUPPORT_REVIEW_ONLY,1,,,,,0,,,NO_PROFILE_EVIDENCE,no normalized profile or participation domain for alias name,NO_PROFILE_DATA,False
A01567,centre communal d action sociale,10;49;51;52;75,265109322,LOW_SUPPORT_REVIEW_ONLY,1,achatpublic.com;agysoft.marches-publics.info;alm.marches-securises.fr;ccas-larochelle.fr;cdg59.fr;cluses.marcoweb.fr;cluses.marcweb.fr;demat-ampa.fr;e-marches06.fr;e-marchespublics.com;e-megalisbretagne.org;eadministration64.fr;ecrivainpublic.doubletrade.net;franconvillemp.marcoweb.fr;istres.fr;klekoon.com;lalonde.marcoweb.fr;lechat.doubletrade.net;mairie-balma.fr;mairie-francheville69.e-marchespublics.com;marches-aube.fr;marches-publics.com;marches-publics.info;marches-publics.orleans.fr;marches-publics.sis-marches.com;marches-securises.fr;marches.a-e-o.fr;marches.agglo-compiegne.fr;marches.e-bourgogne.fr;marches.grandbesancon.fr;marches.local-trust.com;marches.maximilien.fr;marches.megalis.bretagne.bzh;marches.megalisbretagne.org;marches.montpellier3m.fr;marchesonline.achatpublic.com;marchespublics-aquitaine.org;marchespublics.aquitaine.fr;marchespublics.colombes.fr;marchespublics.grandangouleme.fr;marchespublics.landespublic.org;marchespublics.limoges.fr;marchespublics596280.fr;midilibre-marchespublics.com;miramas.org;mp.beauvaisis.fr;mpe27.fr;ville-larochelle.fr;ville-levallois.fr;ville-lons.marcoweb.fr;ville-nogentsurmarne.achatpublic.com;ville-roquebrune-argens.e-marchespublics.com;ville-roubaix.fr;ville-saran.fr;vvachat.achatpublic.com;xmarches.fr,ccas-larochelle.fr;demat-ampa.fr;e-marchespublics.com;klekoon.com;marches-publics.sis-marches.com;marches.a-e-o.fr;marches.megalis.bretagne.bzh;marches.megalisbretagne.org;marchespublics.aquitaine.fr;midilibre-marchespublics.com;publication.marchesonline.com;ville-nogentsurmarne.achatpublic.com,achatpublic.com;agysoft.marches-publics.info;alm.marches-securises.fr;ccas-larochelle.fr;cdg59.fr;cluses.marcoweb.fr;cluses.marcweb.fr;demat-ampa.fr;e-marches06.fr;e-marchespublics.com;e-megalisbretagne.org;eadministration64.fr;ecrivainpublic.doubletrade.net;franconvillemp.marcoweb.fr;istres.fr;klekoon.com;lalonde.marcoweb.fr;lechat.doubletrade.net;mairie-balma.fr;mairie-francheville69.e-marchespublics.com;marches-aube.fr;marches-publics.com;marches-publics.info;marches-publics.orleans.fr;marches-publics.sis-marches.com;marches-securises.fr;marches.a-e-o.fr;marches.agglo-compiegne.fr;marches.e-bourgogne.fr;marches.grandbesancon.fr;marches.local-trust.com;marches.maximilien.fr;marches.megalis.bretagne.bzh;marches.megalisbretagne.org;marches.montpellier3m.fr;marchesonline.achatpublic.com;marchespublics-aquitaine.org;marchespublics.aquitaine.fr;marchespublics.colombes.fr;marchespublics.grandangouleme.fr;marchespublics.landespublic.org;marchespublics.limoges.fr;marchespublics596280.fr;midilibre-marchespublics.com;miramas.org;mp.beauvaisis.fr;mpe27.fr;publication.marchesonline.com;ville-larochelle.fr;ville-levallois.fr;ville-lons.marcoweb.fr;ville-nogentsurmarne.achatpublic.com;ville-roquebrune-argens.e-marchespublics.com;ville-roubaix.fr;ville-saran.fr;vvachat.achatpublic.com;xmarches.fr,AMBIGUOUS;BUYER_SPECIFIC;GENERIC_PLATFORM;SHARED_INSTITUTIONAL,86,2015-04-29,2020-10-19,STRONG_SUPPORT,alias has buyer-specific or highly concentrated profile-domain evidence,HAS_PROFILE_DATA,False
A01568,centre communal d action sociale,49,200056687,LOW_SUPPORT_REVIEW_ONLY,1,achatpublic.com;agysoft.marches-publics.info;alm.marches-securises.fr;ccas-larochelle.fr;cdg59.fr;cluses.marcoweb.fr;cluses.marcweb.fr;demat-ampa.fr;e-marches06.fr;e-marchespublics.com;e-megalisbretagne.org;eadministration64.fr;ecrivainpublic.doubletrade.net;franconvillemp.marcoweb.fr;istres.fr;klekoon.com;lalonde.marcoweb.fr;lechat.doubletrade.net;mairie-balma.fr;mairie-francheville69.e-marchespublics.com;marches-aube.fr;marches-publics.com;marches-publics.info;marches-publics.orleans.fr;marches-publics.sis-marches.com;marches-securises.fr;marches.a-e-o.fr;marches.agglo-compiegne.fr;marches.e-bourgogne.fr;marches.grandbesancon.fr;marches.local-trust.com;marches.maximilien.fr;marches.megalis.bretagne.bzh;marches.megalisbretagne.org;marches.montpellier3m.fr;marchesonline.achatpublic.com;marchespublics-aquitaine.org;marchespublics.aquitaine.fr;marchespublics.colombes.fr;marchespublics.grandangouleme.fr;marchespublics.landespublic.org;marchespublics.limoges.fr;marchespublics596280.fr;midilibre-marchespublics.com;miramas.org;mp.beauvaisis.fr;mpe27.fr;ville-larochelle.fr;ville-levallois.fr;ville-lons.marcoweb.fr;ville-nogentsurmarne.achatpublic.com;ville-roquebrune-argens.e-marchespublics.com;ville-roubaix.fr;ville-saran.fr;vvachat.achatpublic.com;xmarches.fr,ccas-larochelle.fr;demat-ampa.fr;e-marchespublics.com;klekoon.com;marches-publics.sis-marches.com;marches.a-e-o.fr;marches.megalis.bretagne.bzh;marches.megalisbretagne.org;marchespublics.aquitaine.fr;midilibre-marchespublics.com;publication.marchesonline.com;ville-nogentsurmarne.achatpublic.com,achatpublic.com;agysoft.marches-publics.info;alm.marches-securises.fr;ccas-larochelle.fr;cdg59.fr;cluses.marcoweb.fr;cluses.marcweb.fr;demat-ampa.fr;e-marches06.fr;e-marchespublics.com;e-megalisbretagne.org;eadministration64.fr;ecrivainpublic.doubletrade.net;franconvillemp.marcoweb.fr;istres.fr;klekoon.com;lalonde.marcoweb.fr;lechat.doubletrade.net;mairie-balma.fr;mairie-francheville69.e-marchespublics.com;marches-aube.fr;marches-publics.com;marches-publics.info;marches-publics.orleans.fr;marches-publics.sis-marches.com;marches-securises.fr;marches.a-e-o.fr;marches.agglo-compiegne.fr;marches.e-bourgogne.fr;marches.grandbesancon.fr;marches.local-trust.com;marches.maximilien.fr;marches.megalis.bretagne.bzh;marches.megalisbretagne.org;marches.montpellier3m.fr;marchesonline.achatpublic.com;marchespublics-aquitaine.org;marchespublics.aquitaine.fr;marchespublics.colombes.fr;marchespublics.grandangouleme.fr;marchespublics.landespublic.org;marchespublics.limoges.fr;marchespublics596280.fr;midilibre-marchespublics.com;miramas.org;mp.beauvaisis.fr;mpe27.fr;publication.marchesonline.com;ville-larochelle.fr;ville-levallois.fr;ville-lons.marcoweb.fr;ville-nogentsurmarne.achatpublic.com;ville-roquebrune-argens.e-marchespublics.com;ville-roubaix.fr;ville-saran.fr;vvachat.achatpublic.com;xmarches.fr,AMBIGUOUS;BUYER_SPECIFIC;GENERIC_PLATFORM;SHARED_INSTITUTIONAL,86,2015-04-29,2020-10-19,STRONG_SUPPORT,alias has buyer-specific or highly concentrated profile-domain evidence,HAS_PROFILE_DATA,False
A01569,centre communal d action sociale,72,267201341,LOW_SUPPORT_REVIEW_ONLY,1,achatpublic.com;agysoft.marches-publics.info;alm.marches-securises.fr;ccas-larochelle.fr;cdg59.fr;cluses.marcoweb.fr;cluses.marcweb.fr;demat-ampa.fr;e-marches06.fr;e-marchespublics.com;e-megalisbretagne.org;eadministration64.fr;ecrivainpublic.doubletrade.net;franconvillemp.marcoweb.fr;istres.fr;klekoon.com;lalonde.marcoweb.fr;lechat.doubletrade.net;mairie-balma.fr;mairie-francheville69.e-marchespublics.com;marches-aube.fr;marches-publics.com;marches-publics.info;marches-publics.orleans.fr;marches-publics.sis-marches.com;marches-securises.fr;marches.a-e-o.fr;marches.agglo-compiegne.fr;marches.e-bourgogne.fr;marches.grandbesancon.fr;marches.local-trust.com;marches.maximilien.fr;marches.megalis.bretagne.bzh;marches.megalisbretagne.org;marches.montpellier3m.fr;marchesonline.achatpublic.com;marchespublics-aquitaine.org;marchespublics.aquitaine.fr;marchespublics.colombes.fr;marchespublics.grandangouleme.fr;marchespublics.landespublic.org;marchespublics.limoges.fr;marchespublics596280.fr;midilibre-marchespublics.com;miramas.org;mp.beauvaisis.fr;mpe27.fr;ville-larochelle.fr;ville-levallois.fr;ville-lons.marcoweb.fr;ville-nogentsurmarne.achatpublic.com;ville-roquebrune-argens.e-marchespublics.com;ville-roubaix.fr;ville-saran.fr;vvachat.achatpublic.com;xmarches.fr,ccas-larochelle.fr;demat-ampa.fr;e-marchespublics.com;klekoon.com;marches-publics.sis-marches.com;marches.a-e-o.fr;marches.megalis.bretagne.bzh;marches.megalisbretagne.org;marchespublics.aquitaine.fr;midilibre-marchespublics.com;publication.marchesonline.com;ville-nogentsurmarne.achatpublic.com,achatpublic.com;agysoft.marches-publics.info;alm.marches-securises.fr;ccas-larochelle.fr;cdg59.fr;cluses.marcoweb.fr;cluses.marcweb.fr;demat-ampa.fr;e-marches06.fr;e-marchespublics.com;e-megalisbretagne.org;eadministration64.fr;ecrivainpublic.doubletrade.net;franconvillemp.marcoweb.fr;istres.fr;klekoon.com;lalonde.marcoweb.fr;lechat.doubletrade.net;mairie-balma.fr;mairie-francheville69.e-marchespublics.com;marches-aube.fr;marches-publics.com;marches-publics.info;marches-publics.orleans.fr;marches-publics.sis-marches.com;marches-securises.fr;marches.a-e-o.fr;marches.agglo-compiegne.fr;marches.e-bourgogne.fr;marches.grandbesancon.fr;marches.local-trust.com;marches.maximilien.fr;marches.megalis.bretagne.bzh;marches.megalisbretagne.org;marches.montpellier3m.fr;marchesonline.achatpublic.com;marchespublics-aquitaine.org;marchespublics.aquitaine.fr;marchespublics.colombes.fr;marchespublics.grandangouleme.fr;marchespublics.landespublic.org;marchespublics.limoges.fr;marchespublics596280.fr;midilibre-marchespublics.com;miramas.org;mp.beauvaisis.fr;mpe27.fr;publication.marchesonline.com;ville-larochelle.fr;ville-levallois.fr;ville-lons.marcoweb.fr;ville-nogentsurmarne.achatpublic.com;ville-roquebrune-argens.e-marchespublics.com;ville-roubaix.fr;ville-saran.fr;vvachat.achatpublic.com;xmarches.fr,AMBIGUOUS;BUYER_SPECIFIC;GENERIC_PLATFORM;SHARED_INSTITUTIONAL,86,2015-04-29,2020-10-19,STRONG_SUPPORT,alias has buyer-specific or highly concentrated profile-domain evidence,HAS_PROFILE_DATA,False
A01570,centre culturel de rencontre d ambronay,26;34;38;44;69;71;73;75,342766334,LOW_SUPPORT_REVIEW_ONLY,1,,,,,0,,,NO_PROFILE_EVIDENCE,no normalized profile or participation domain for alias name,NO_PROFILE_DATA,False
A01571,centre d action communale et sociale,44,214401507,LOW_SUPPORT_REVIEW_ONLY,1,,,,,0,,,NO_PROFILE_EVIDENCE,no normalized profile or participation domain for alias name,NO_PROFILE_DATA,False
A01572,centre d incendie et de secours,85,546650169,LOW_SUPPORT_REVIEW_ONLY,1,,,,,0,,,NO_PROFILE_EVIDENCE,no normalized profile or participation domain for alias name,NO_PROFILE_DATA,False
A01573,centre de formation,44,424175461,LOW_SUPPORT_REVIEW_ONLY,1,,,,,0,,,NO_PROFILE_EVIDENCE,no normalized profile or participation domain for alias name,NO_PROFILE_DATA,False
A01574,centre de gestion de la fonction publi,85,288500028,LOW_SUPPORT_REVIEW_ONLY,1,marches-securises.fr,marches-securises.fr,marches-securises.fr,GENERIC_PLATFORM,2,2017-03-23,2017-03-23,NEUTRAL_SHARED_PLATFORM,only generic or shared institutional domains observed,HAS_PROFILE_DATA,False
A01575,centre de gestion de la fonction publique territoriale de la charente maritime,16;17;79;85;86,281700260,LOW_SUPPORT_REVIEW_ONLY,1,,,,,0,,,NO_PROFILE_EVIDENCE,no normalized profile or participation domain for alias name,NO_PROFILE_DATA,False
A01576,centre de gestion de la fonction publique territoriale de loire-atlantique,44,284400025,LOW_SUPPORT_REVIEW_ONLY,1,,,,,0,,,NO_PROFILE_EVIDENCE,no normalized profile or participation domain for alias name,NO_PROFILE_DATA,False
A01577,centre de gestion et de formation de polynesie francaise cgf,31;33;34;44;59;67;69;75;92,200030492,LOW_SUPPORT_REVIEW_ONLY,1,,,,,0,,,NO_PROFILE_EVIDENCE,no normalized profile or participation domain for alias name,NO_PROFILE_DATA,False
A01578,centre de sante mentale angevin - cesame,49,264900036,LOW_SUPPORT_REVIEW_ONLY,1,,,,,0,,,NO_PROFILE_EVIDENCE,no normalized profile or participation domain for alias name,NO_PROFILE_DATA,False
A01579,centre de sante mentale angevin membre du ght49,49,264900036,LOW_SUPPORT_REVIEW_ONLY,1,,,,,0,,,NO_PROFILE_EVIDENCE,no normalized profile or participation domain for alias name,NO_PROFILE_DATA,False
A01580,centre des finances publiques,35;44;56,130010184,LOW_SUPPORT_REVIEW_ONLY,1,,,,,0,,,NO_PROFILE_EVIDENCE,no normalized profile or participation domain for alias name,NO_PROFILE_DATA,False
A01581,centre hospitalier de chateaubriant,44,200044972,LOW_SUPPORT_REVIEW_ONLY,1,achat-hopital.com,,achat-hopital.com,GENERIC_PLATFORM,2,2017-08-04,2017-08-31,NEUTRAL_SHARED_PLATFORM,only generic or shared institutional domains observed,HAS_PROFILE_DATA,False
A01582,centre hospitalier de cholet etablissement partie au ght 49,49,264900036,LOW_SUPPORT_REVIEW_ONLY,1,,,,,0,,,NO_PROFILE_EVIDENCE,no normalized profile or participation domain for alias name,NO_PROFILE_DATA,False
A01583,centre hospitalier de la corniche angevine,49,264900085,LOW_SUPPORT_REVIEW_ONLY,1,,,,,0,,,NO_PROFILE_EVIDENCE,no normalized profile or participation domain for alias name,NO_PROFILE_DATA,False
A01584,centre hospitalier de laval 53 gcs laboratoire la mayenne 53,53,265300236,LOW_SUPPORT_REVIEW_ONLY,1,,,,,0,,,NO_PROFILE_EVIDENCE,no normalized profile or participation domain for alias name,NO_PROFILE_DATA,False
A01585,centre hospitalier de saumur,49,264900036,LOW_SUPPORT_REVIEW_ONLY,1,marches-securises.fr,,marches-securises.fr,GENERIC_PLATFORM,1,2017-10-12,2017-10-12,NEUTRAL_SHARED_PLATFORM,only generic or shared institutional domains observed,HAS_PROFILE_DATA,False
A01586,centre hospitalier de saumur - etablissement partie au ght 49,49,264900036,LOW_SUPPORT_REVIEW_ONLY,1,,,,,0,,,NO_PROFILE_EVIDENCE,no normalized profile or participation domain for alias name,NO_PROFILE_DATA,False
A01587,centre hospitalier departemental de vendee - site de la roche sur yon,85,268502424,LOW_SUPPORT_REVIEW_ONLY,1,,,,,0,,,NO_PROFILE_EVIDENCE,no normalized profile or participation domain for alias name,NO_PROFILE_DATA,False
A01588,centre hospitalier du mans - eta support du ght 72,72,267200160,LOW_SUPPORT_REVIEW_ONLY,1,,,,,0,,,NO_PROFILE_EVIDENCE,no normalized profile or participation domain for alias name,NO_PROFILE_DATA,False
A01589,centre hospitalier du mans - ets support du ght72,72,267200160,LOW_SUPPORT_REVIEW_ONLY,1,,,,,0,,,NO_PROFILE_EVIDENCE,no normalized profile or participation domain for alias name,NO_PROFILE_DATA,False
A01590,centre hospitalier du mans pour le compte du groupement hospitalier de territoire de la sarthe ght 72,72,267200160,LOW_SUPPORT_REVIEW_ONLY,1,,,,,0,,,NO_PROFILE_EVIDENCE,no normalized profile or participation domain for alias name,NO_PROFILE_DATA,False
A01591,centre hospitalier j monod,14;27;35;50;53;61;72;76,266100577,LOW_SUPPORT_REVIEW_ONLY,1,achatpublic.com,,achatpublic.com,GENERIC_PLATFORM,2,2016-10-28,2020-01-16,NEUTRAL_SHARED_PLATFORM,only generic or shared institutional domains observed,HAS_PROFILE_DATA,False
A01592,centre hospitalier j monod de flers - au nom du ght les collines de normandie - pour le compte du chic des andaines la ferte-mace et domfront,14;27;35;50;53;61;72;76,266100577,LOW_SUPPORT_REVIEW_ONLY,1,,,,,0,,,NO_PROFILE_EVIDENCE,no normalized profile or participation domain for alias name,NO_PROFILE_DATA,False
A01593,centre hospitalier laval,53,265300236,LOW_SUPPORT_REVIEW_ONLY,1,,,,,0,,,NO_PROFILE_EVIDENCE,no normalized profile or participation domain for alias name,NO_PROFILE_DATA,False
A01594,centre hospitalier loire vendee ocean,44,268502424,LOW_SUPPORT_REVIEW_ONLY,1,achat-hopital.com,,achat-hopital.com,GENERIC_PLATFORM,1,2018-01-14,2018-01-14,NEUTRAL_SHARED_PLATFORM,only generic or shared institutional domains observed,HAS_PROFILE_DATA,False
A01595,centre hospitalier loire vendee ocean,85,268502424,LOW_SUPPORT_REVIEW_ONLY,1,achat-hopital.com,,achat-hopital.com,GENERIC_PLATFORM,1,2018-01-14,2018-01-14,NEUTRAL_SHARED_PLATFORM,only generic or shared institutional domains observed,HAS_PROFILE_DATA,False
A01596,centre hospitalier loire vendee ocean 85300 challans,85,268502424,LOW_SUPPORT_REVIEW_ONLY,1,,,,,0,,,NO_PROFILE_EVIDENCE,no normalized profile or participation domain for alias name,NO_PROFILE_DATA,False
A01597,centre hospitalier michel mazeas,22;29;35;44;56;75,262900061,LOW_SUPPORT_REVIEW_ONLY,1,,,,,0,,,NO_PROFILE_EVIDENCE,no normalized profile or participation domain for alias name,NO_PROFILE_DATA,False
A01598,centre hospitalier perigueux,24;33;44;46,262405806,LOW_SUPPORT_REVIEW_ONLY,1,achatpublic.com,achatpublic.com,achatpublic.com,GENERIC_PLATFORM,2,2020-11-05,2020-11-05,NEUTRAL_SHARED_PLATFORM,only generic or shared institutional domains observed,HAS_PROFILE_DATA,False
A01599,centre hospitalier universitaire d angers etablissement support du groupement hospitalier de territoire 49,49,264900036,LOW_SUPPORT_REVIEW_ONLY,1,,,,,0,,,NO_PROFILE_EVIDENCE,no normalized profile or participation domain for alias name,NO_PROFILE_DATA,False
A01600,centre hospitalier universitaire de poitiers,85,200055358,LOW_SUPPORT_REVIEW_ONLY,1,,,,,0,,,NO_PROFILE_EVIDENCE,no normalized profile or participation domain for alias name,NO_PROFILE_DATA,False
A01601,centre intercommunal d action sociale,61;72,266105790,LOW_SUPPORT_REVIEW_ONLY,1,achatpublic.com;agglo-annecy.fr;annemasse-agglo.marcoweb.fr;frontenex.fr;grandannecy.fr;marches.megalis.bretagne.bzh;marchespublics.dordogne.fr;marchespublics.landespublic.org;marchespublics.ledauphine-legales.com;megalisbretagne.org;mpe27.fr,annemasse-agglo.marcoweb.fr;marchespublics.landespublic.org,achatpublic.com;agglo-annecy.fr;annemasse-agglo.marcoweb.fr;frontenex.fr;grandannecy.fr;marches.megalis.bretagne.bzh;marchespublics.dordogne.fr;marchespublics.landespublic.org;marchespublics.ledauphine-legales.com;megalisbretagne.org;mpe27.fr,AMBIGUOUS;GENERIC_PLATFORM;SHARED_INSTITUTIONAL,13,2016-03-10,2020-07-22,WEAK_SUPPORT,limited or moderately informative domain evidence without contradiction,HAS_PROFILE_DATA,False
A01602,centre national de la recherche scientifique,16;17;33;36;37;49;79;85;86,180089013,LOW_SUPPORT_REVIEW_ONLY,1,,,,,0,,,NO_PROFILE_EVIDENCE,no normalized profile or participation domain for alias name,NO_PROFILE_DATA,False
A01603,centre regional oeuvres univ scolaires,29;33;35;44;49;53;56;72;85,184401321,LOW_SUPPORT_REVIEW_ONLY,1,achatpublic.com;marches-publics.gouv.fr;marches-publics.gov.fr,marches-publics.gouv.fr,achatpublic.com;marches-publics.gouv.fr;marches-publics.gov.fr,GENERIC_PLATFORM;SHARED_INSTITUTIONAL,4,2020-09-21,2020-12-15,NEUTRAL_SHARED_PLATFORM,only generic or shared institutional domains observed,HAS_PROFILE_DATA,False
A01604,centre regional oeuvres univ scolaires,29;33;44;49;53;56;72;85;92,184401321,LOW_SUPPORT_REVIEW_ONLY,1,achatpublic.com;marches-publics.gouv.fr;marches-publics.gov.fr,marches-publics.gouv.fr,achatpublic.com;marches-publics.gouv.fr;marches-publics.gov.fr,GENERIC_PLATFORM;SHARED_INSTITUTIONAL,4,2020-09-21,2020-12-15,NEUTRAL_SHARED_PLATFORM,only generic or shared institutional domains observed,HAS_PROFILE_DATA,False
A01605,cerema,44,130018310,LOW_SUPPORT_REVIEW_ONLY,1,marches-publics.gouv.fr,,marches-publics.gouv.fr,GENERIC_PLATFORM,1,2018-12-14,2018-12-14,NEUTRAL_SHARED_PLATFORM,only generic or shared institutional domains observed,HAS_PROFILE_DATA,False
A01606,cerema,44;62;63,130018310,LOW_SUPPORT_REVIEW_ONLY,1,marches-publics.gouv.fr,,marches-publics.gouv.fr,GENERIC_PLATFORM,1,2018-12-14,2018-12-14,NEUTRAL_SHARED_PLATFORM,only generic or shared institutional domains observed,HAS_PROFILE_DATA,False
A01607,cerema,44;69,130018310,LOW_SUPPORT_REVIEW_ONLY,1,marches-publics.gouv.fr,,marches-publics.gouv.fr,GENERIC_PLATFORM,1,2018-12-14,2018-12-14,NEUTRAL_SHARED_PLATFORM,only generic or shared institutional domains observed,HAS_PROFILE_DATA,False
A01608,cerema,49;69,130018310,LOW_SUPPORT_REVIEW_ONLY,1,marches-publics.gouv.fr,,marches-publics.gouv.fr,GENERIC_PLATFORM,1,2018-12-14,2018-12-14,NEUTRAL_SHARED_PLATFORM,only generic or shared institutional domains observed,HAS_PROFILE_DATA,False
A01609,cesame centre de sante mentale angevin,49,264900036,LOW_SUPPORT_REVIEW_ONLY,1,,,,,0,,,NO_PROFILE_EVIDENCE,no normalized profile or participation domain for alias name,NO_PROFILE_DATA,False
A01610,ch laval,53,265300236,LOW_SUPPORT_REVIEW_ONLY,1,,,,,0,,,NO_PROFILE_EVIDENCE,no normalized profile or participation domain for alias name,NO_PROFILE_DATA,False
A01611,chambre agriculture pays de la loire,44;49;85,130031487,LOW_SUPPORT_REVIEW_ONLY,1,chambre-agriculture-pdl.e-marchespublics.com;e-marchespublics.com;paysdelaloire.chambagri.fr,e-marchespublics.com,chambre-agriculture-pdl.e-marchespublics.com;e-marchespublics.com;paysdelaloire.chambagri.fr,BUYER_SPECIFIC;GENERIC_PLATFORM,4,2017-11-12,2020-07-16,STRONG_SUPPORT,alias has buyer-specific or highly concentrated profile-domain evidence,HAS_PROFILE_DATA,False
A01612,chambre de commerce et d industrie,44,130008105,LOW_SUPPORT_REVIEW_ONLY,1,marches-publics.gouv.fr;marches.e-megalisbretagne.org,marches-publics.gouv.fr,marches-publics.gouv.fr;marches.e-megalisbretagne.org,GENERIC_PLATFORM,4,2016-09-20,2019-10-07,NEUTRAL_SHARED_PLATFORM,only generic or shared institutional domains observed,HAS_PROFILE_DATA,False
A01613,chambre de commerce et d industrie charente-maritime,16;17;33;79;85,130029804,LOW_SUPPORT_REVIEW_ONLY,1,,,,,0,,,NO_PROFILE_EVIDENCE,no normalized profile or participation domain for alias name,NO_PROFILE_DATA,False
A01614,chambre de commerce et d industrie de la vendee,17;44;49;85,188500490,LOW_SUPPORT_REVIEW_ONLY,1,,,,,0,,,NO_PROFILE_EVIDENCE,no normalized profile or participation domain for alias name,NO_PROFILE_DATA,False
A01615,chambre de commerce et d industrie du 53 mayenne,53,185300449,LOW_SUPPORT_REVIEW_ONLY,1,,,,,0,,,NO_PROFILE_EVIDENCE,no normalized profile or participation domain for alias name,NO_PROFILE_DATA,False
A01616,chambre de commerce et d industrie nantes st-nazaire,44,184401289,LOW_SUPPORT_REVIEW_ONLY,1,,,,,0,,,NO_PROFILE_EVIDENCE,no normalized profile or participation domain for alias name,NO_PROFILE_DATA,False
A01617,chambre de commerce et de l industrie,17;44;49;85,188500490,LOW_SUPPORT_REVIEW_ONLY,1,,,,,0,,,NO_PROFILE_EVIDENCE,no normalized profile or participation domain for alias name,NO_PROFILE_DATA,False
A01618,chambre de commerce et de l industrie,17;44;85,188500490,LOW_SUPPORT_REVIEW_ONLY,1,,,,,0,,,NO_PROFILE_EVIDENCE,no normalized profile or participation domain for alias name,NO_PROFILE_DATA,False
A01619,chambre de commerce et de l industrie de vendee,17;44;49;85,188500490,LOW_SUPPORT_REVIEW_ONLY,1,,,,,0,,,NO_PROFILE_EVIDENCE,no normalized profile or participation domain for alias name,NO_PROFILE_DATA,False
A01620,chambre de commerce et de l industrie de vendee,44;85,188500490,LOW_SUPPORT_REVIEW_ONLY,1,,,,,0,,,NO_PROFILE_EVIDENCE,no normalized profile or participation domain for alias name,NO_PROFILE_DATA,False
A01621,chd vendee,17;44;49;79;85,268502424,LOW_SUPPORT_REVIEW_ONLY,1,marches-publics.gouv.fr;marches.publics.gouv.fr,marches-publics.gouv.fr,marches-publics.gouv.fr;marches.publics.gouv.fr,GENERIC_PLATFORM,5,2019-06-09,2020-11-15,NEUTRAL_SHARED_PLATFORM,only generic or shared institutional domains observed,HAS_PROFILE_DATA,False
A01622,chd vendee - etablissement support du ght 85 - coordonnateur du groupement de commandes,85,268502424,LOW_SUPPORT_REVIEW_ONLY,1,,,,,0,,,NO_PROFILE_EVIDENCE,no normalized profile or participation domain for alias name,NO_PROFILE_DATA,False
A01623,chd vendee - etablissement support du ght vendee - coordonnateur du groupement d autorites concedantes,85,268502424,LOW_SUPPORT_REVIEW_ONLY,1,,,,,0,,,NO_PROFILE_EVIDENCE,no normalized profile or participation domain for alias name,NO_PROFILE_DATA,False
A01624,chd vendee - etablissement support du ght vendee et pour le compte des etablissements composant sa direction commune,85,268502424,LOW_SUPPORT_REVIEW_ONLY,1,,,,,0,,,NO_PROFILE_EVIDENCE,no normalized profile or participation domain for alias name,NO_PROFILE_DATA,False
A01625,chd vendee coordonnateur du groupement de commandes,85,268502424,LOW_SUPPORT_REVIEW_ONLY,1,,,,,0,,,NO_PROFILE_EVIDENCE,no normalized profile or participation domain for alias name,NO_PROFILE_DATA,False
A01626,chd vendee etablissement support du ght vendee coordonnateur du groupement de commandes,85,268502424,LOW_SUPPORT_REVIEW_ONLY,1,,,,,0,,,NO_PROFILE_EVIDENCE,no normalized profile or participation domain for alias name,NO_PROFILE_DATA,False
A01627,chd vendee etablissement support du ght85,79;85,268502424,LOW_SUPPORT_REVIEW_ONLY,1,,,,,0,,,NO_PROFILE_EVIDENCE,no normalized profile or participation domain for alias name,NO_PROFILE_DATA,False
A01628,chd vendee les oudairies 85925 la roche sur yon cedex 9,85,268502424,LOW_SUPPORT_REVIEW_ONLY,1,,,,,0,,,NO_PROFILE_EVIDENCE,no normalized profile or participation domain for alias name,NO_PROFILE_DATA,False
A01629,chd vendee pour le compte du chlvo,44;85,268502424,LOW_SUPPORT_REVIEW_ONLY,1,,,,,0,,,NO_PROFILE_EVIDENCE,no normalized profile or participation domain for alias name,NO_PROFILE_DATA,False
A01630,chi angers ght 49,49,264900036,LOW_SUPPORT_REVIEW_ONLY,1,,,,,0,,,NO_PROFILE_EVIDENCE,no normalized profile or participation domain for alias name,NO_PROFILE_DATA,False
A01631,chi lys hyrome - etablissement partie au ght49,49,264900036,LOW_SUPPORT_REVIEW_ONLY,1,,,,,0,,,NO_PROFILE_EVIDENCE,no normalized profile or participation domain for alias name,NO_PROFILE_DATA,False
A01632,chi toulon la seyne sur mer,13;69;83;85,268300126,LOW_SUPPORT_REVIEW_ONLY,1,ch-toulon.achatpublic.com;marches-publics.gouv.fr,marches-publics.gouv.fr,ch-toulon.achatpublic.com;marches-publics.gouv.fr,GENERIC_PLATFORM,3,2016-04-01,2020-09-11,NEUTRAL_SHARED_PLATFORM,only generic or shared institutional domains observed,HAS_PROFILE_DATA,False
A01633,cholet agglomeration,49;79;85,200071678,LOW_SUPPORT_REVIEW_ONLY,1,,,,,0,,,NO_PROFILE_EVIDENCE,no normalized profile or participation domain for alias name,NO_PROFILE_DATA,False
A01634,cholet sports loisirs,35;37;44;49;53;72;79;85;86,439950619,LOW_SUPPORT_REVIEW_ONLY,1,,,,,0,,,NO_PROFILE_EVIDENCE,no normalized profile or participation domain for alias name,NO_PROFILE_DATA,False
A01635,cholet sports loisirs,49,439950619,LOW_SUPPORT_REVIEW_ONLY,1,,,,,0,,,NO_PROFILE_EVIDENCE,no normalized profile or participation domain for alias name,NO_PROFILE_DATA,False
A01636,chu angers etablissement support du ght 49,49,264900036,LOW_SUPPORT_REVIEW_ONLY,1,,,,,0,,,NO_PROFILE_EVIDENCE,no normalized profile or participation domain for alias name,NO_PROFILE_DATA,False
A01637,chu angers etablissement support du ght49,49,264900036,LOW_SUPPORT_REVIEW_ONLY,1,,,,,0,,,NO_PROFILE_EVIDENCE,no normalized profile or participation domain for alias name,NO_PROFILE_DATA,False
A01638,chu angers etablissement support du groupement hospitalier de territoire du maine et loire,49,264900036,LOW_SUPPORT_REVIEW_ONLY,1,,,,,0,,,NO_PROFILE_EVIDENCE,no normalized profile or participation domain for alias name,NO_PROFILE_DATA,False
A01639,chu angers ght 49,49,264900036,LOW_SUPPORT_REVIEW_ONLY,1,,,,,0,,,NO_PROFILE_EVIDENCE,no normalized profile or participation domain for alias name,NO_PROFILE_DATA,False
A01640,chu angers pour uniha,49,264900036,LOW_SUPPORT_REVIEW_ONLY,1,,,,,0,,,NO_PROFILE_EVIDENCE,no normalized profile or participation domain for alias name,NO_PROFILE_DATA,False
A01641,chu d angers etablissement support du ght49,49,264900036,LOW_SUPPORT_REVIEW_ONLY,1,,,,,0,,,NO_PROFILE_EVIDENCE,no normalized profile or participation domain for alias name,NO_PROFILE_DATA,False
A01642,chu d angers etablissement support du groupement hospitalier de territoire de maine-et-loire,49,264900036,LOW_SUPPORT_REVIEW_ONLY,1,,,,,0,,,NO_PROFILE_EVIDENCE,no normalized profile or participation domain for alias name,NO_PROFILE_DATA,False
A01643,chu d angers etablissement support du groupement hospitalier de territoire du maine-et-loire ght 49,49,264900036,LOW_SUPPORT_REVIEW_ONLY,1,,,,,0,,,NO_PROFILE_EVIDENCE,no normalized profile or participation domain for alias name,NO_PROFILE_DATA,False
A01644,chu de nantes - etablissement public de sante,44,264400136,LOW_SUPPORT_REVIEW_ONLY,1,,,,,0,,,NO_PROFILE_EVIDENCE,no normalized profile or participation domain for alias name,NO_PROFILE_DATA,False
A01645,chu de nantes 5 allee de l ile gloriette 44093 nantes cedex 01,44,264400136,LOW_SUPPORT_REVIEW_ONLY,1,,,,,0,,,NO_PROFILE_EVIDENCE,no normalized profile or participation domain for alias name,NO_PROFILE_DATA,False
A01646,chu de nantes agissant au nom et pour le compte du gip logistique et restauration hospitaliere,44,264400136,LOW_SUPPORT_REVIEW_ONLY,1,,,,,0,,,NO_PROFILE_EVIDENCE,no normalized profile or participation domain for alias name,NO_PROFILE_DATA,False
A01647,chu de nantes etablissement public de sante,44,264400136,LOW_SUPPORT_REVIEW_ONLY,1,,,,,0,,,NO_PROFILE_EVIDENCE,no normalized profile or participation domain for alias name,NO_PROFILE_DATA,False
A01648,chu de nantes represente par la soderec mandataire agissant au nom et pour le compte du maitre d ouvrage,44,313335978,LOW_SUPPORT_REVIEW_ONLY,1,,,,,0,,,NO_PROFILE_EVIDENCE,no normalized profile or participation domain for alias name,NO_PROFILE_DATA,False
A01649,chu de nnates,44,264400136,LOW_SUPPORT_REVIEW_ONLY,1,,,,,0,,,NO_PROFILE_EVIDENCE,no normalized profile or participation domain for alias name,NO_PROFILE_DATA,False
A01650,chu de poitiers,16;17;23;33;37;44;79;86;87,268600020,LOW_SUPPORT_REVIEW_ONLY,1,achatpublic.com;achats-hopitaux.com;marches-publics.gouv.fr;wwww.marches-publics.gouv.fr,marches-publics.gouv.fr,achatpublic.com;achats-hopitaux.com;marches-publics.gouv.fr;wwww.marches-publics.gouv.fr,GENERIC_PLATFORM,8,2016-11-14,2020-09-24,NEUTRAL_SHARED_PLATFORM,only generic or shared institutional domains observed,HAS_PROFILE_DATA,False
A01651,chu de poitiers,16;17;33;36;37;75;79;85;86,268600020,LOW_SUPPORT_REVIEW_ONLY,1,achatpublic.com;achats-hopitaux.com;marches-publics.gouv.fr;wwww.marches-publics.gouv.fr,marches-publics.gouv.fr,achatpublic.com;achats-hopitaux.com;marches-publics.gouv.fr;wwww.marches-publics.gouv.fr,GENERIC_PLATFORM,8,2016-11-14,2020-09-24,NEUTRAL_SHARED_PLATFORM,only generic or shared institutional domains observed,HAS_PROFILE_DATA,False
A01652,chu de poitiers,16;17;33;44;79;86;87,268600020,LOW_SUPPORT_REVIEW_ONLY,1,achatpublic.com;achats-hopitaux.com;marches-publics.gouv.fr;wwww.marches-publics.gouv.fr,marches-publics.gouv.fr,achatpublic.com;achats-hopitaux.com;marches-publics.gouv.fr;wwww.marches-publics.gouv.fr,GENERIC_PLATFORM,8,2016-11-14,2020-09-24,NEUTRAL_SHARED_PLATFORM,only generic or shared institutional domains observed,HAS_PROFILE_DATA,False
A01653,chu nantes,44;49;85,264400136,LOW_SUPPORT_REVIEW_ONLY,1,marches-publics.gouv.fr,,marches-publics.gouv.fr,GENERIC_PLATFORM,1,2020-11-15,2020-11-15,NEUTRAL_SHARED_PLATFORM,only generic or shared institutional domains observed,HAS_PROFILE_DATA,False
A01654,chu nantes,44;53;85,264400136,LOW_SUPPORT_REVIEW_ONLY,1,marches-publics.gouv.fr,,marches-publics.gouv.fr,GENERIC_PLATFORM,1,2020-11-15,2020-11-15,NEUTRAL_SHARED_PLATFORM,only generic or shared institutional domains observed,HAS_PROFILE_DATA,False
A01655,chu nantes,44;69,264400136,LOW_SUPPORT_REVIEW_ONLY,1,marches-publics.gouv.fr,,marches-publics.gouv.fr,GENERIC_PLATFORM,1,2020-11-15,2020-11-15,NEUTRAL_SHARED_PLATFORM,only generic or shared institutional domains observed,HAS_PROFILE_DATA,False
A01656,chu nantes,44;75,264400136,LOW_SUPPORT_REVIEW_ONLY,1,marches-publics.gouv.fr,,marches-publics.gouv.fr,GENERIC_PLATFORM,1,2020-11-15,2020-11-15,NEUTRAL_SHARED_PLATFORM,only generic or shared institutional domains observed,HAS_PROFILE_DATA,False
A01657,cias du thouarsais,44;49;79;85;86,200042877,LOW_SUPPORT_REVIEW_ONLY,1,,,,,0,,,NO_PROFILE_EVIDENCE,no normalized profile or participation domain for alias name,NO_PROFILE_DATA,False
A01658,cias du val d ille-aubigne,14;22;35;44,200026797,LOW_SUPPORT_REVIEW_ONLY,1,,,,,0,,,NO_PROFILE_EVIDENCE,no normalized profile or participation domain for alias name,NO_PROFILE_DATA,False
A01659,cias pays saint gilles croix de vie,16;22;29;35;44;49;56;79;85,200061265,LOW_SUPPORT_REVIEW_ONLY,1,,,,,0,,,NO_PROFILE_EVIDENCE,no normalized profile or participation domain for alias name,NO_PROFILE_DATA,False
A01660,cias vendee sevre autise,85,200096774,LOW_SUPPORT_REVIEW_ONLY,1,,,,,0,,,NO_PROFILE_EVIDENCE,no normalized profile or participation domain for alias name,NO_PROFILE_DATA,False
A01661,cif cooperative,44,855800462,LOW_SUPPORT_REVIEW_ONLY,1,ao-goupecif.com;ao-groupecif.com;boamp.fr;groupecif.com,ao-groupecif.com,ao-goupecif.com;ao-groupecif.com;boamp.fr;groupecif.com,GENERIC_PLATFORM;SHARED_INSTITUTIONAL,5,2015-07-28,2019-11-20,NEUTRAL_SHARED_PLATFORM,only generic or shared institutional domains observed,HAS_PROFILE_DATA,False
A01662,cisn cooperative et cisn residences locatives,44,005580113,LOW_SUPPORT_REVIEW_ONLY,1,,,,,0,,,NO_PROFILE_EVIDENCE,no normalized profile or participation domain for alias name,NO_PROFILE_DATA,False
A01663,cisn reisdences locatives,44,006380158,LOW_SUPPORT_REVIEW_ONLY,1,,,,,0,,,NO_PROFILE_EVIDENCE,no normalized profile or participation domain for alias name,NO_PROFILE_DATA,False
A01664,clisson sevre et maine agglo 44,44,200067635,LOW_SUPPORT_REVIEW_ONLY,1,,,,,0,,,NO_PROFILE_EVIDENCE,no normalized profile or participation domain for alias name,NO_PROFILE_DATA,False
A01665,clisson sevre maine agglo,44;85,200067635,LOW_SUPPORT_REVIEW_ONLY,1,,,,,0,,,NO_PROFILE_EVIDENCE,no normalized profile or participation domain for alias name,NO_PROFILE_DATA,False
A01666,cma des pays de la loire,44,130020688,LOW_SUPPORT_REVIEW_ONLY,1,,,,,0,,,NO_PROFILE_EVIDENCE,no normalized profile or participation domain for alias name,NO_PROFILE_DATA,False
A01667,cmar pays de la loire,49,130020688,LOW_SUPPORT_REVIEW_ONLY,1,boamp.fr;reseaucma.e-marchespublics.com,,boamp.fr;reseaucma.e-marchespublics.com,GENERIC_PLATFORM,2,2017-02-16,2019-12-02,NEUTRAL_SHARED_PLATFORM,only generic or shared institutional domains observed,HAS_PROFILE_DATA,False
A01668,cmar pays de loire,44;49;53;72;85,130020688,LOW_SUPPORT_REVIEW_ONLY,1,,,,,0,,,NO_PROFILE_EVIDENCE,no normalized profile or participation domain for alias name,NO_PROFILE_DATA,False
A01669,cnam - conservatoire national des arts et metiers,16;50;72;75;78;93,197534712,LOW_SUPPORT_REVIEW_ONLY,1,,,,,0,,,NO_PROFILE_EVIDENCE,no normalized profile or participation domain for alias name,NO_PROFILE_DATA,False
A01670,cnam - conservatoire national des arts et metiers,72;75;78;93,197534712,LOW_SUPPORT_REVIEW_ONLY,1,,,,,0,,,NO_PROFILE_EVIDENCE,no normalized profile or participation domain for alias name,NO_PROFILE_DATA,False
A01671,cnfpt - direction de l achat public,44;49;53;72;75;85,180014045,LOW_SUPPORT_REVIEW_ONLY,1,,,,,0,,,NO_PROFILE_EVIDENCE,no normalized profile or participation domain for alias name,NO_PROFILE_DATA,False
A01672,cnfpt - direction de l achat public,58;73;75;85,180014045,LOW_SUPPORT_REVIEW_ONLY,1,,,,,0,,,NO_PROFILE_EVIDENCE,no normalized profile or participation domain for alias name,NO_PROFILE_DATA,False
A01673,cnrs - delegation regionale aquitaine,16;17;49;79;85;86,180089013,LOW_SUPPORT_REVIEW_ONLY,1,,,,,0,,,NO_PROFILE_EVIDENCE,no normalized profile or participation domain for alias name,NO_PROFILE_DATA,False
A01674,cnrs - delegation regionale aquitaine,16;17;79;85,180089013,LOW_SUPPORT_REVIEW_ONLY,1,,,,,0,,,NO_PROFILE_EVIDENCE,no normalized profile or participation domain for alias name,NO_PROFILE_DATA,False
A01675,cnrs dr17,35;44;75,180089013,LOW_SUPPORT_REVIEW_ONLY,1,,,,,0,,,NO_PROFILE_EVIDENCE,no normalized profile or participation domain for alias name,NO_PROFILE_DATA,False
A01676,cofiroute,28;37;44;49;53;61;72,552115891,LOW_SUPPORT_REVIEW_ONLY,1,,,,,0,,,NO_PROFILE_EVIDENCE,no normalized profile or participation domain for alias name,NO_PROFILE_DATA,False
A01677,collectivite eau du bassin rennais,22;35;44;53;56,253502629,LOW_SUPPORT_REVIEW_ONLY,1,,,,,0,,,NO_PROFILE_EVIDENCE,no normalized profile or participation domain for alias name,NO_PROFILE_DATA,False
A01678,collectivite locale,22;29;35;44,212203533,LOW_SUPPORT_REVIEW_ONLY,1,,,,,0,,,NO_PROFILE_EVIDENCE,no normalized profile or participation domain for alias name,NO_PROFILE_DATA,False
A01679,collectivite locale,22;29;35;44;56,212203533,LOW_SUPPORT_REVIEW_ONLY,1,,,,,0,,,NO_PROFILE_EVIDENCE,no normalized profile or participation domain for alias name,NO_PROFILE_DATA,False
A01680,collectivite territoriale,14;35;44;76,251405304,LOW_SUPPORT_REVIEW_ONLY,1,,,,,0,,,NO_PROFILE_EVIDENCE,no normalized profile or participation domain for alias name,NO_PROFILE_DATA,False
A01681,collectivite territoriale - communaute d agglomeration petite enfance creche,22;29;35;44;56,200068120,LOW_SUPPORT_REVIEW_ONLY,1,,,,,0,,,NO_PROFILE_EVIDENCE,no normalized profile or participation domain for alias name,NO_PROFILE_DATA,False
A01682,collectivite territoriale - pouvoir adjudicateur,22;29;35;53;56,213500515,LOW_SUPPORT_REVIEW_ONLY,1,,,,,0,,,NO_PROFILE_EVIDENCE,no normalized profile or participation domain for alias name,NO_PROFILE_DATA,False
A01683,collectivite territoriale administration generale,44,214401093,LOW_SUPPORT_REVIEW_ONLY,1,,,,,0,,,NO_PROFILE_EVIDENCE,no normalized profile or participation domain for alias name,NO_PROFILE_DATA,False
A01684,college francois mauriac,12;27;28;38;53;75;78;91;92,197802549,LOW_SUPPORT_REVIEW_ONLY,1,,,,,0,,,NO_PROFILE_EVIDENCE,no normalized profile or participation domain for alias name,NO_PROFILE_DATA,False
A01685,college marie marvingt 44340 bouguenais,44,194403168,LOW_SUPPORT_REVIEW_ONLY,1,,,,,0,,,NO_PROFILE_EVIDENCE,no normalized profile or participation domain for alias name,NO_PROFILE_DATA,False
A01686,com d agglo reg nazairienne estuaire,44,244400644,LOW_SUPPORT_REVIEW_ONLY,1,agglo-carene.fr,agglo-carene.fr,agglo-carene.fr,AMBIGUOUS,2,2020-11-15,2020-11-15,AMBIGUOUS,domain specificity is mixed or ambiguous,HAS_PROFILE_DATA,True
A01687,com de communes arc sud bretagne,44;56,200027027,LOW_SUPPORT_REVIEW_ONLY,1,,,,,0,,,NO_PROFILE_EVIDENCE,no normalized profile or participation domain for alias name,NO_PROFILE_DATA,False
A01688,com de communes du pays houdanais,27;28;72;78;92;95,247800550,LOW_SUPPORT_REVIEW_ONLY,1,cc-payshoudanais.com;cc-payshoudanais.e-marchespublics.com;cc-payshoudanais.fr;e-marchespublics.com;marches-publics.info,e-marchespublics.com,cc-payshoudanais.com;cc-payshoudanais.e-marchespublics.com;cc-payshoudanais.fr;e-marchespublics.com;marches-publics.info,GENERIC_PLATFORM;SHARED_INSTITUTIONAL,6,2015-06-01,2019-09-02,NEUTRAL_SHARED_PLATFORM,only generic or shared institutional domains observed,HAS_PROFILE_DATA,False
A01689,comava - siaep colmont mayenne varenne,53,200003820,LOW_SUPPORT_REVIEW_ONLY,1,,,,,0,,,NO_PROFILE_EVIDENCE,no normalized profile or participation domain for alias name,NO_PROFILE_DATA,False
A01690,comite national des actions sociales,30;33;53;62;67;73;78,309954956,LOW_SUPPORT_REVIEW_ONLY,1,achatpublic.com,,achatpublic.com,GENERIC_PLATFORM,1,2020-04-17,2020-04-17,NEUTRAL_SHARED_PLATFORM,only generic or shared institutional domains observed,HAS_PROFILE_DATA,False
A01691,comite regional de la conchyliculture des pays de la loire,44;85,390831725,LOW_SUPPORT_REVIEW_ONLY,1,,,,,0,,,NO_PROFILE_EVIDENCE,no normalized profile or participation domain for alias name,NO_PROFILE_DATA,False
A01692,commande publique achats,44,830410965,LOW_SUPPORT_REVIEW_ONLY,1,,,,,0,,,NO_PROFILE_EVIDENCE,no normalized profile or participation domain for alias name,NO_PROFILE_DATA,False
A01693,commande publique suresnes,10;70;75;76;77;85;92;93;94,219200730,LOW_SUPPORT_REVIEW_ONLY,1,,,,,0,,,NO_PROFILE_EVIDENCE,no normalized profile or participation domain for alias name,NO_PROFILE_DATA,False
A01694,commandement du soutien operationnel de la gendarmerie nationale comsopgn,18;19;36;37;45;49;53;86;87,157000019,LOW_SUPPORT_REVIEW_ONLY,1,,,,,0,,,NO_PROFILE_EVIDENCE,no normalized profile or participation domain for alias name,NO_PROFILE_DATA,False
A01695,commandement du soutien operationnel de la gendarmerie nationale comsopgn,18;44;45;49;53;72;86,157000019,LOW_SUPPORT_REVIEW_ONLY,1,,,,,0,,,NO_PROFILE_EVIDENCE,no normalized profile or participation domain for alias name,NO_PROFILE_DATA,False
A01696,commandement du soutien operationnel de la gendarmerie nationale comsopgn,36;72;87;92;93;94,157000019,LOW_SUPPORT_REVIEW_ONLY,1,,,,,0,,,NO_PROFILE_EVIDENCE,no normalized profile or participation domain for alias name,NO_PROFILE_DATA,False
A01697,communaute communes de parthenay-gatine,79;85;86;87,200041333,LOW_SUPPORT_REVIEW_ONLY,1,,,,,0,,,NO_PROFILE_EVIDENCE,no normalized profile or participation domain for alias name,NO_PROFILE_DATA,False
A01698,communaute d agglomeration clisson sevre et maine agglo,44;49;85,200067635,LOW_SUPPORT_REVIEW_ONLY,1,,,,,0,,,NO_PROFILE_EVIDENCE,no normalized profile or participation domain for alias name,NO_PROFILE_DATA,False
A01699,communaute d agglomeration de saint-nazaire carene,35;44;49;75;85;91;92;93,828620831,LOW_SUPPORT_REVIEW_ONLY,1,,,,,0,,,NO_PROFILE_EVIDENCE,no normalized profile or participation domain for alias name,NO_PROFILE_DATA,False
A01700,communaute d agglomeration du cotentin,14;27;35;50;53;61,200067205,LOW_SUPPORT_REVIEW_ONLY,1,marches-publics-manche.fr;marches-publics.info;marchespublicsmanche.fr,marches-publics-manche.fr;marchespublicsmanche.fr,marches-publics-manche.fr;marches-publics.info;marchespublicsmanche.fr,AMBIGUOUS;GENERIC_PLATFORM,6,2018-08-05,2020-12-18,AMBIGUOUS,domain specificity is mixed or ambiguous,HAS_PROFILE_DATA,True
A01701,communaute d agglomeration du niortais,16;17;44;75;79;86,200041317,LOW_SUPPORT_REVIEW_ONLY,1,achatpublic.com;agglo-niort.fr,,achatpublic.com;agglo-niort.fr,BUYER_SPECIFIC;GENERIC_PLATFORM,2,2015-10-19,2020-11-28,STRONG_SUPPORT,alias has buyer-specific or highly concentrated profile-domain evidence,HAS_PROFILE_DATA,False
A01702,communaute d agglomeration du niortais,16;17;75;79;85;86,200041317,LOW_SUPPORT_REVIEW_ONLY,1,achatpublic.com;agglo-niort.fr,,achatpublic.com;agglo-niort.fr,BUYER_SPECIFIC;GENERIC_PLATFORM,2,2015-10-19,2020-11-28,STRONG_SUPPORT,alias has buyer-specific or highly concentrated profile-domain evidence,HAS_PROFILE_DATA,False
A01703,communaute d agglomeration et de la commune de montaigu-vendee,85,200070233,LOW_SUPPORT_REVIEW_ONLY,1,,,,,0,,,NO_PROFILE_EVIDENCE,no normalized profile or participation domain for alias name,NO_PROFILE_DATA,False
A01704,communaute d etablissements geriatriques de la vallee de la sarthe,49;72,267205524,LOW_SUPPORT_REVIEW_ONLY,1,,,,,0,,,NO_PROFILE_EVIDENCE,no normalized profile or participation domain for alias name,NO_PROFILE_DATA,False
A01705,communaute de communes bayeux intercom,14;35;50;53;61,241400555,LOW_SUPPORT_REVIEW_ONLY,1,,,,,0,,,NO_PROFILE_EVIDENCE,no normalized profile or participation domain for alias name,NO_PROFILE_DATA,False
A01706,communaute de communes chateaubriant derval 44,15;44;65;73;74,200072726,LOW_SUPPORT_REVIEW_ONLY,1,,,,,0,,,NO_PROFILE_EVIDENCE,no normalized profile or participation domain for alias name,NO_PROFILE_DATA,False
A01707,communaute de communes de belle ile en mer,22;29;35;44;49;56;75,245600465,LOW_SUPPORT_REVIEW_ONLY,1,,,,,0,,,NO_PROFILE_EVIDENCE,no normalized profile or participation domain for alias name,NO_PROFILE_DATA,False
A01708,communaute de communes de l ile de re,16;17;79;85,200070159,LOW_SUPPORT_REVIEW_ONLY,1,achatpublic.com,,achatpublic.com,GENERIC_PLATFORM,1,2020-12-18,2020-12-18,NEUTRAL_SHARED_PLATFORM,only generic or shared institutional domains observed,HAS_PROFILE_DATA,False
A01709,communaute de communes de l ile de re,17;33;44;79,241700459,LOW_SUPPORT_REVIEW_ONLY,1,achatpublic.com,,achatpublic.com,GENERIC_PLATFORM,1,2020-12-18,2020-12-18,NEUTRAL_SHARED_PLATFORM,only generic or shared institutional domains observed,HAS_PROFILE_DATA,False
A01710,communaute de communes de l ile de re,17;33;44;85,241700459,LOW_SUPPORT_REVIEW_ONLY,1,achatpublic.com,,achatpublic.com,GENERIC_PLATFORM,1,2020-12-18,2020-12-18,NEUTRAL_SHARED_PLATFORM,only generic or shared institutional domains observed,HAS_PROFILE_DATA,False
A01711,communaute de communes de l ile de re,17;33;85,241700459,LOW_SUPPORT_REVIEW_ONLY,1,achatpublic.com,,achatpublic.com,GENERIC_PLATFORM,1,2020-12-18,2020-12-18,NEUTRAL_SHARED_PLATFORM,only generic or shared institutional domains observed,HAS_PROFILE_DATA,False
A01712,communaute de communes de parthenay-gatine,16;79;85;86,200041333,LOW_SUPPORT_REVIEW_ONLY,1,,,,,0,,,NO_PROFILE_EVIDENCE,no normalized profile or participation domain for alias name,NO_PROFILE_DATA,False
A01713,communaute de communes du mont des avaloirs,53,200042182,LOW_SUPPORT_REVIEW_ONLY,1,,,,,0,,,NO_PROFILE_EVIDENCE,no normalized profile or participation domain for alias name,NO_PROFILE_DATA,False
A01714,communaute de communes du pays de pont-chateau - saint gildas des bois,44,200000438,LOW_SUPPORT_REVIEW_ONLY,1,,,,,0,,,NO_PROFILE_EVIDENCE,no normalized profile or participation domain for alias name,NO_PROFILE_DATA,False
A01715,communaute de communes du pays de st-fulgent - les essarts,85,200071918,LOW_SUPPORT_REVIEW_ONLY,1,,,,,0,,,NO_PROFILE_EVIDENCE,no normalized profile or participation domain for alias name,NO_PROFILE_DATA,False
A01716,communaute de communes du pays de wissembourg,44;54;57;67;68;84;88;92,246700926,LOW_SUPPORT_REVIEW_ONLY,1,,,,,0,,,NO_PROFILE_EVIDENCE,no normalized profile or participation domain for alias name,NO_PROFILE_DATA,False
A01717,communaute de communes du pays loudunais,49;86,248600447,LOW_SUPPORT_REVIEW_ONLY,1,,,,,0,,,NO_PROFILE_EVIDENCE,no normalized profile or participation domain for alias name,NO_PROFILE_DATA,False
A01718,communaute de communes du pays sabolien,49,247200090,LOW_SUPPORT_REVIEW_ONLY,1,,,,,0,,,NO_PROFILE_EVIDENCE,no normalized profile or participation domain for alias name,NO_PROFILE_DATA,False
A01719,communaute de communes ile de re,16;17;79;85,241700459,LOW_SUPPORT_REVIEW_ONLY,1,,,,,0,,,NO_PROFILE_EVIDENCE,no normalized profile or participation domain for alias name,NO_PROFILE_DATA,False
A01720,communaute de communes ile de re,17;33;85,241700459,LOW_SUPPORT_REVIEW_ONLY,1,,,,,0,,,NO_PROFILE_EVIDENCE,no normalized profile or participation domain for alias name,NO_PROFILE_DATA,False
A01721,communaute de communes loire layon aubance,35;44;49;53,200071553,LOW_SUPPORT_REVIEW_ONLY,1,,,,,0,,,NO_PROFILE_EVIDENCE,no normalized profile or participation domain for alias name,NO_PROFILE_DATA,False
A01722,communaute de communes loire layon aubance,35;49;79;85,200071553,LOW_SUPPORT_REVIEW_ONLY,1,,,,,0,,,NO_PROFILE_EVIDENCE,no normalized profile or participation domain for alias name,NO_PROFILE_DATA,False
A01723,communaute de communes parthenay gatine,16;17;79;85;86,200041333,LOW_SUPPORT_REVIEW_ONLY,1,,,,,0,,,NO_PROFILE_EVIDENCE,no normalized profile or participation domain for alias name,NO_PROFILE_DATA,False
A01724,communaute de communes pays flechois,72,247200348,LOW_SUPPORT_REVIEW_ONLY,1,groupe-ada.com,groupe-ada.com,groupe-ada.com,AMBIGUOUS,2,2017-07-13,2017-07-13,AMBIGUOUS,domain specificity is mixed or ambiguous,HAS_PROFILE_DATA,True
A01725,communaute de communes vendee grand littoral 85 mandataire du groupement de commandes,85,200071900,LOW_SUPPORT_REVIEW_ONLY,1,,,,,0,,,NO_PROFILE_EVIDENCE,no normalized profile or participation domain for alias name,NO_PROFILE_DATA,False
A01726,communaute lesneven cote des legendes,22;28;29;35;44;53;72;85,242900793,LOW_SUPPORT_REVIEW_ONLY,1,marches.megalisbretagne.org;megalisbretagne.org,marches.megalisbretagne.org;megalisbretagne.org,marches.megalisbretagne.org;megalisbretagne.org,GENERIC_PLATFORM,4,2017-06-23,2019-11-02,NEUTRAL_SHARED_PLATFORM,only generic or shared institutional domains observed,HAS_PROFILE_DATA,False
A01727,communaute lesneven cote des legendes clcl,22;29;35;44;56;75,242900793,LOW_SUPPORT_REVIEW_ONLY,1,,,,,0,,,NO_PROFILE_EVIDENCE,no normalized profile or participation domain for alias name,NO_PROFILE_DATA,False
A01728,commune - amenagement sportif,22;29;35;44;56,212902324,LOW_SUPPORT_REVIEW_ONLY,1,,,,,0,,,NO_PROFILE_EVIDENCE,no normalized profile or participation domain for alias name,NO_PROFILE_DATA,False
A01729,commune - installation d ombrieres photovoltaiques,22;29;35;44;56,212902324,LOW_SUPPORT_REVIEW_ONLY,1,,,,,0,,,NO_PROFILE_EVIDENCE,no normalized profile or participation domain for alias name,NO_PROFILE_DATA,False
A01730,commune - refection des etancheites de toitures terrasses,22;29;35;44;56,212902324,LOW_SUPPORT_REVIEW_ONLY,1,,,,,0,,,NO_PROFILE_EVIDENCE,no normalized profile or participation domain for alias name,NO_PROFILE_DATA,False
A01731,commune d allonnes,49,214900029,LOW_SUPPORT_REVIEW_ONLY,1,,,,,0,,,NO_PROFILE_EVIDENCE,no normalized profile or participation domain for alias name,NO_PROFILE_DATA,False
A01732,commune d allonnes 49,49,214900029,LOW_SUPPORT_REVIEW_ONLY,1,,,,,0,,,NO_PROFILE_EVIDENCE,no normalized profile or participation domain for alias name,NO_PROFILE_DATA,False
A01733,commune d apremont,17;44;49;79;85,218500064,LOW_SUPPORT_REVIEW_ONLY,1,,,,,0,,,NO_PROFILE_EVIDENCE,no normalized profile or participation domain for alias name,NO_PROFILE_DATA,False
A01734,commune d argentre,35;49;53;72,215300070,LOW_SUPPORT_REVIEW_ONLY,1,,,,,0,,,NO_PROFILE_EVIDENCE,no normalized profile or participation domain for alias name,NO_PROFILE_DATA,False
A01735,commune d avoise,72,217200211,LOW_SUPPORT_REVIEW_ONLY,1,,,,,0,,,NO_PROFILE_EVIDENCE,no normalized profile or participation domain for alias name,NO_PROFILE_DATA,False
A01736,commune d elven,22;29;35;44;56,215600537,LOW_SUPPORT_REVIEW_ONLY,1,e-megalisbretagne.org;megalisbretagne.org,marches.e-megalisbretagne.org;marches.megalisbretagne.org,e-megalisbretagne.org;marches.e-megalisbretagne.org;marches.megalisbretagne.org;megalisbretagne.org,GENERIC_PLATFORM,4,2015-08-05,2020-05-22,NEUTRAL_SHARED_PLATFORM,only generic or shared institutional domains observed,HAS_PROFILE_DATA,False
A01737,commune d entrammes,53,215300948,LOW_SUPPORT_REVIEW_ONLY,1,,,,,0,,,NO_PROFILE_EVIDENCE,no normalized profile or participation domain for alias name,NO_PROFILE_DATA,False
A01738,commune d erbray,44,214400541,LOW_SUPPORT_REVIEW_ONLY,1,,,,,0,,,NO_PROFILE_EVIDENCE,no normalized profile or participation domain for alias name,NO_PROFILE_DATA,False
A01739,commune d evron,53,200084697,LOW_SUPPORT_REVIEW_ONLY,1,marches-securises.fr,,marches-securises.fr,GENERIC_PLATFORM,1,2019-02-21,2019-02-21,NEUTRAL_SHARED_PLATFORM,only generic or shared institutional domains observed,HAS_PROFILE_DATA,False
A01740,commune d olivet 53 au benefice d un groupement de commande,53,215301698,LOW_SUPPORT_REVIEW_ONLY,1,,,,,0,,,NO_PROFILE_EVIDENCE,no normalized profile or participation domain for alias name,NO_PROFILE_DATA,False
A01741,commune d ombree d anjou 49,49,200069474,LOW_SUPPORT_REVIEW_ONLY,1,,,,,0,,,NO_PROFILE_EVIDENCE,no normalized profile or participation domain for alias name,NO_PROFILE_DATA,False
A01742,commune d oree d anjou,44;49,200056158,LOW_SUPPORT_REVIEW_ONLY,1,,,,,0,,,NO_PROFILE_EVIDENCE,no normalized profile or participation domain for alias name,NO_PROFILE_DATA,False
A01743,commune de allaire,35;44;56,215600016,LOW_SUPPORT_REVIEW_ONLY,1,megalisbretagne.org,,megalisbretagne.org,GENERIC_PLATFORM,1,2019-12-20,2019-12-20,NEUTRAL_SHARED_PLATFORM,only generic or shared institutional domains observed,HAS_PROFILE_DATA,False
A01744,commune de avessac,44,214400079,LOW_SUPPORT_REVIEW_ONLY,1,,,,,0,,,NO_PROFILE_EVIDENCE,no normalized profile or participation domain for alias name,NO_PROFILE_DATA,False
A01745,commune de bain de bretagne,35;44;56,213500127,LOW_SUPPORT_REVIEW_ONLY,1,,,,,0,,,NO_PROFILE_EVIDENCE,no normalized profile or participation domain for alias name,NO_PROFILE_DATA,False
A01746,commune de barbatre 85,85,218500114,LOW_SUPPORT_REVIEW_ONLY,1,,,,,0,,,NO_PROFILE_EVIDENCE,no normalized profile or participation domain for alias name,NO_PROFILE_DATA,False
A01747,commune de beaufay,72,217200260,LOW_SUPPORT_REVIEW_ONLY,1,,,,,0,,,NO_PROFILE_EVIDENCE,no normalized profile or participation domain for alias name,NO_PROFILE_DATA,False
A01748,commune de bellevigne-en-layon,49,200055218,LOW_SUPPORT_REVIEW_ONLY,1,,,,,0,,,NO_PROFILE_EVIDENCE,no normalized profile or participation domain for alias name,NO_PROFILE_DATA,False
A01749,commune de bois plage en re,16;17;24;33;79;85,211700513,LOW_SUPPORT_REVIEW_ONLY,1,,,,,0,,,NO_PROFILE_EVIDENCE,no normalized profile or participation domain for alias name,NO_PROFILE_DATA,False
A01750,commune de boussay,44,214400228,LOW_SUPPORT_REVIEW_ONLY,1,,,,,0,,,NO_PROFILE_EVIDENCE,no normalized profile or participation domain for alias name,NO_PROFILE_DATA,False
A01751,commune de brain sur allonnes 49,49,214900417,LOW_SUPPORT_REVIEW_ONLY,1,,,,,0,,,NO_PROFILE_EVIDENCE,no normalized profile or participation domain for alias name,NO_PROFILE_DATA,False
A01752,commune de briollay,44;49;53;72,214900482,LOW_SUPPORT_REVIEW_ONLY,1,marches-securises.fr,,marches-securises.fr,GENERIC_PLATFORM,1,2016-03-24,2016-03-24,NEUTRAL_SHARED_PLATFORM,only generic or shared institutional domains observed,HAS_PROFILE_DATA,False
A01753,commune de briollay,49,214900482,LOW_SUPPORT_REVIEW_ONLY,1,marches-securises.fr,,marches-securises.fr,GENERIC_PLATFORM,1,2016-03-24,2016-03-24,NEUTRAL_SHARED_PLATFORM,only generic or shared institutional domains observed,HAS_PROFILE_DATA,False
A01754,commune de bruz,22;29;35;44;50;56,213500473,LOW_SUPPORT_REVIEW_ONLY,1,marches.megalisbretagne.org;megalis.bretagne.bzh;megalisbretagne.org,marches.megalisbretagne.org;megalis.bretagne.bzh,marches.megalisbretagne.org;megalis.bretagne.bzh;megalisbretagne.org,GENERIC_PLATFORM,5,2018-10-17,2020-08-06,NEUTRAL_SHARED_PLATFORM,only generic or shared institutional domains observed,HAS_PROFILE_DATA,False
A01755,commune de carnac,22;29;44;56,215600347,LOW_SUPPORT_REVIEW_ONLY,1,,,,,0,,,NO_PROFILE_EVIDENCE,no normalized profile or participation domain for alias name,NO_PROFILE_DATA,False
A01756,commune de carnoux-en-provence,13;84;85,211301197,LOW_SUPPORT_REVIEW_ONLY,1,,,,,0,,,NO_PROFILE_EVIDENCE,no normalized profile or participation domain for alias name,NO_PROFILE_DATA,False
A01757,commune de casson,35;44;49;53;56;85,214400277,LOW_SUPPORT_REVIEW_ONLY,1,,,,,0,,,NO_PROFILE_EVIDENCE,no normalized profile or participation domain for alias name,NO_PROFILE_DATA,False
A01758,commune de casson,35;44;49;56;85,214400277,LOW_SUPPORT_REVIEW_ONLY,1,,,,,0,,,NO_PROFILE_EVIDENCE,no normalized profile or participation domain for alias name,NO_PROFILE_DATA,False
A01759,commune de casson,44;49;53;56;72;85,214400277,LOW_SUPPORT_REVIEW_ONLY,1,,,,,0,,,NO_PROFILE_EVIDENCE,no normalized profile or participation domain for alias name,NO_PROFILE_DATA,False
A01760,commune de cerans-foulletourte,72,217200518,LOW_SUPPORT_REVIEW_ONLY,1,marches-publics.info,,marches-publics.info,GENERIC_PLATFORM,1,2016-08-27,2016-08-27,NEUTRAL_SHARED_PLATFORM,only generic or shared institutional domains observed,HAS_PROFILE_DATA,False
A01761,commune de cesson sevigne,22;35;44;49;50;53;56,213500515,LOW_SUPPORT_REVIEW_ONLY,1,marches.megalis.bretagne.bzh;marches.megalisbretagne.org,,marches.megalis.bretagne.bzh;marches.megalisbretagne.org,GENERIC_PLATFORM,3,2019-10-11,2020-10-27,NEUTRAL_SHARED_PLATFORM,only generic or shared institutional domains observed,HAS_PROFILE_DATA,False
A01762,commune de cesson-sevigne,22;35;44;53;56,213500515,LOW_SUPPORT_REVIEW_ONLY,1,,,,,0,,,NO_PROFILE_EVIDENCE,no normalized profile or participation domain for alias name,NO_PROFILE_DATA,False
A01763,commune de cesson-sevigne,29;35;44,213500515,LOW_SUPPORT_REVIEW_ONLY,1,,,,,0,,,NO_PROFILE_EVIDENCE,no normalized profile or participation domain for alias name,NO_PROFILE_DATA,False
A01764,commune de cesson-sevigne,29;35;44;56,213500515,LOW_SUPPORT_REVIEW_ONLY,1,,,,,0,,,NO_PROFILE_EVIDENCE,no normalized profile or participation domain for alias name,NO_PROFILE_DATA,False
A01765,commune de cesson-sevigne,29;35;53;56,213500515,LOW_SUPPORT_REVIEW_ONLY,1,,,,,0,,,NO_PROFILE_EVIDENCE,no normalized profile or participation domain for alias name,NO_PROFILE_DATA,False
A01766,commune de challans,44;85,218500478,LOW_SUPPORT_REVIEW_ONLY,1,marches-securises.fr,marches-securises.fr,marches-securises.fr,GENERIC_PLATFORM,2,2020-08-02,2020-08-02,NEUTRAL_SHARED_PLATFORM,only generic or shared institutional domains observed,HAS_PROFILE_DATA,False
A01767,commune de challans - coordonnateur du groupement de commandes,44;85,218500478,LOW_SUPPORT_REVIEW_ONLY,1,,,,,0,,,NO_PROFILE_EVIDENCE,no normalized profile or participation domain for alias name,NO_PROFILE_DATA,False
A01768,commune de challes,72,217200534,LOW_SUPPORT_REVIEW_ONLY,1,,,,,0,,,NO_PROFILE_EVIDENCE,no normalized profile or participation domain for alias name,NO_PROFILE_DATA,False
A01769,commune de champagne,72,217200542,LOW_SUPPORT_REVIEW_ONLY,1,marches-publics.info,,marches-publics.info,GENERIC_PLATFORM,1,2019-01-13,2019-01-13,NEUTRAL_SHARED_PLATFORM,only generic or shared institutional domains observed,HAS_PROFILE_DATA,False
A01770,commune de change,72,217200583,LOW_SUPPORT_REVIEW_ONLY,1,,,,,0,,,NO_PROFILE_EVIDENCE,no normalized profile or participation domain for alias name,NO_PROFILE_DATA,False
A01771,commune de change - service technique,53,215300542,LOW_SUPPORT_REVIEW_ONLY,1,,,,,0,,,NO_PROFILE_EVIDENCE,no normalized profile or participation domain for alias name,NO_PROFILE_DATA,False
A01772,commune de chantonnay service developpement communal,85,218500510,LOW_SUPPORT_REVIEW_ONLY,1,,,,,0,,,NO_PROFILE_EVIDENCE,no normalized profile or participation domain for alias name,NO_PROFILE_DATA,False
A01773,commune de chanverrie,85,200085009,LOW_SUPPORT_REVIEW_ONLY,1,,,,,0,,,NO_PROFILE_EVIDENCE,no normalized profile or participation domain for alias name,NO_PROFILE_DATA,False
A01774,commune de charchigne 53,53,215300617,LOW_SUPPORT_REVIEW_ONLY,1,,,,,0,,,NO_PROFILE_EVIDENCE,no normalized profile or participation domain for alias name,NO_PROFILE_DATA,False
A01775,commune de chateau-gontier sur mayenne,53,200084655,LOW_SUPPORT_REVIEW_ONLY,1,,,,,0,,,NO_PROFILE_EVIDENCE,no normalized profile or participation domain for alias name,NO_PROFILE_DATA,False
A01776,commune de chauche 85,85,218500643,LOW_SUPPORT_REVIEW_ONLY,1,,,,,0,,,NO_PROFILE_EVIDENCE,no normalized profile or participation domain for alias name,NO_PROFILE_DATA,False
A01777,commune de chauray,16;17;79;85;86,217900810,LOW_SUPPORT_REVIEW_ONLY,1,,,,,0,,,NO_PROFILE_EVIDENCE,no normalized profile or participation domain for alias name,NO_PROFILE_DATA,False
A01778,commune de chemille-en-anjou,49,200053593,LOW_SUPPORT_REVIEW_ONLY,1,,,,,0,,,NO_PROFILE_EVIDENCE,no normalized profile or participation domain for alias name,NO_PROFILE_DATA,False
A01779,commune de cherance,72,217200781,LOW_SUPPORT_REVIEW_ONLY,1,,,,,0,,,NO_PROFILE_EVIDENCE,no normalized profile or participation domain for alias name,NO_PROFILE_DATA,False
A01780,commune de cholet,49,214900995,LOW_SUPPORT_REVIEW_ONLY,1,,,,,0,,,NO_PROFILE_EVIDENCE,no normalized profile or participation domain for alias name,NO_PROFILE_DATA,False
A01781,commune de conflans sur anille,72,217200872,LOW_SUPPORT_REVIEW_ONLY,1,,,,,0,,,NO_PROFILE_EVIDENCE,no normalized profile or participation domain for alias name,NO_PROFILE_DATA,False
A01782,commune de conlie,72,217200898,LOW_SUPPORT_REVIEW_ONLY,1,,,,,0,,,NO_PROFILE_EVIDENCE,no normalized profile or participation domain for alias name,NO_PROFILE_DATA,False
A01783,commune de courgenard,72,217201052,LOW_SUPPORT_REVIEW_ONLY,1,,,,,0,,,NO_PROFILE_EVIDENCE,no normalized profile or participation domain for alias name,NO_PROFILE_DATA,False
A01784,commune de dinard,22;35;44;50;53;56,213500937,LOW_SUPPORT_REVIEW_ONLY,1,marche.e-megalisbretagne.org;marches.e-megalisbretagne.org;marches.megalisbretagne.org;megalis.bretagne.bzh;megalisbretagne.org,,marche.e-megalisbretagne.org;marches.e-megalisbretagne.org;marches.megalisbretagne.org;megalis.bretagne.bzh;megalisbretagne.org,AMBIGUOUS;GENERIC_PLATFORM,5,2017-09-20,2020-10-13,AMBIGUOUS,domain specificity is mixed or ambiguous,HAS_PROFILE_DATA,True
A01785,commune de dollon,72,217201185,LOW_SUPPORT_REVIEW_ONLY,1,,,,,0,,,NO_PROFILE_EVIDENCE,no normalized profile or participation domain for alias name,NO_PROFILE_DATA,False
A01786,commune de douillet le joly,72,217201219,LOW_SUPPORT_REVIEW_ONLY,1,,,,,0,,,NO_PROFILE_EVIDENCE,no normalized profile or participation domain for alias name,NO_PROFILE_DATA,False
A01787,commune de duneau,72,217201227,LOW_SUPPORT_REVIEW_ONLY,1,,,,,0,,,NO_PROFILE_EVIDENCE,no normalized profile or participation domain for alias name,NO_PROFILE_DATA,False
A01788,commune de falleron 85,85,218500866,LOW_SUPPORT_REVIEW_ONLY,1,,,,,0,,,NO_PROFILE_EVIDENCE,no normalized profile or participation domain for alias name,NO_PROFILE_DATA,False
A01789,commune de fay de bretagne,44,214400566,LOW_SUPPORT_REVIEW_ONLY,1,,,,,0,,,NO_PROFILE_EVIDENCE,no normalized profile or participation domain for alias name,NO_PROFILE_DATA,False
A01790,commune de feneu,44;49;53;72,214901357,LOW_SUPPORT_REVIEW_ONLY,1,,,,,0,,,NO_PROFILE_EVIDENCE,no normalized profile or participation domain for alias name,NO_PROFILE_DATA,False
A01791,commune de flamanville,14;22;35;50;53,215001843,LOW_SUPPORT_REVIEW_ONLY,1,,,,,0,,,NO_PROFILE_EVIDENCE,no normalized profile or participation domain for alias name,NO_PROFILE_DATA,False
A01792,commune de flamanville,14;22;35;50;53;61,215001843,LOW_SUPPORT_REVIEW_ONLY,1,,,,,0,,,NO_PROFILE_EVIDENCE,no normalized profile or participation domain for alias name,NO_PROFILE_DATA,False
A01793,commune de flamanville,14;27;35;50;53;61;76;92,215001843,LOW_SUPPORT_REVIEW_ONLY,1,,,,,0,,,NO_PROFILE_EVIDENCE,no normalized profile or participation domain for alias name,NO_PROFILE_DATA,False
A01794,commune de frehel,22;29;35;44;56,212201792,LOW_SUPPORT_REVIEW_ONLY,1,,,,,0,,,NO_PROFILE_EVIDENCE,no normalized profile or participation domain for alias name,NO_PROFILE_DATA,False
A01795,commune de gennes-val-de-loire,49,200075547,LOW_SUPPORT_REVIEW_ONLY,1,,,,,0,,,NO_PROFILE_EVIDENCE,no normalized profile or participation domain for alias name,NO_PROFILE_DATA,False
A01796,commune de guemene-penfao,44,214400673,LOW_SUPPORT_REVIEW_ONLY,1,,,,,0,,,NO_PROFILE_EVIDENCE,no normalized profile or participation domain for alias name,NO_PROFILE_DATA,False
A01797,commune de guemene-penfao 44290,44,214400673,LOW_SUPPORT_REVIEW_ONLY,1,,,,,0,,,NO_PROFILE_EVIDENCE,no normalized profile or participation domain for alias name,NO_PROFILE_DATA,False
A01798,commune de juigne-sur-sarthe,72,217201516,LOW_SUPPORT_REVIEW_ONLY,1,,,,,0,,,NO_PROFILE_EVIDENCE,no normalized profile or participation domain for alias name,NO_PROFILE_DATA,False
A01799,commune de kourou,44;75,219733045,LOW_SUPPORT_REVIEW_ONLY,1,kourou.synapse-entreprise.com;kourou.synapse-entreprises.com,kourou.synapse-entreprises.com,kourou.synapse-entreprise.com;kourou.synapse-entreprises.com,GENERIC_PLATFORM;SHARED_INSTITUTIONAL,3,2018-05-14,2019-06-19,NEUTRAL_SHARED_PLATFORM,only generic or shared institutional domains observed,HAS_PROFILE_DATA,False
A01800,commune de l herbergement,85,218501088,LOW_SUPPORT_REVIEW_ONLY,1,,,,,0,,,NO_PROFILE_EVIDENCE,no normalized profile or participation domain for alias name,NO_PROFILE_DATA,False
A01801,commune de l herbergement 85,85,218501088,LOW_SUPPORT_REVIEW_ONLY,1,,,,,0,,,NO_PROFILE_EVIDENCE,no normalized profile or participation domain for alias name,NO_PROFILE_DATA,False
A01802,commune de l huisserie,35;44;49;53,215301193,LOW_SUPPORT_REVIEW_ONLY,1,,,,,0,,,NO_PROFILE_EVIDENCE,no normalized profile or participation domain for alias name,NO_PROFILE_DATA,False
A01803,commune de l huisserie,44;49;53;72,215301193,LOW_SUPPORT_REVIEW_ONLY,1,,,,,0,,,NO_PROFILE_EVIDENCE,no normalized profile or participation domain for alias name,NO_PROFILE_DATA,False
A01804,commune de l ile de brehat,22;29;35;44;53,212200166,LOW_SUPPORT_REVIEW_ONLY,1,,,,,0,,,NO_PROFILE_EVIDENCE,no normalized profile or participation domain for alias name,NO_PROFILE_DATA,False
A01805,commune de la barre de monts,85,218500122,LOW_SUPPORT_REVIEW_ONLY,1,,,,,0,,,NO_PROFILE_EVIDENCE,no normalized profile or participation domain for alias name,NO_PROFILE_DATA,False
A01806,commune de la barre-de-monts,85,218500122,LOW_SUPPORT_REVIEW_ONLY,1,,,,,0,,,NO_PROFILE_EVIDENCE,no normalized profile or participation domain for alias name,NO_PROFILE_DATA,False
A01807,commune de la bernerie-en-retz,44,214400129,LOW_SUPPORT_REVIEW_ONLY,1,,,,,0,,,NO_PROFILE_EVIDENCE,no normalized profile or participation domain for alias name,NO_PROFILE_DATA,False
A01808,commune de la chapelle aux choux,72,217200609,LOW_SUPPORT_REVIEW_ONLY,1,,,,,0,,,NO_PROFILE_EVIDENCE,no normalized profile or participation domain for alias name,NO_PROFILE_DATA,False
A01809,commune de la chapelle des fougeretz,22;29;35;44;50;53,213500598,LOW_SUPPORT_REVIEW_ONLY,1,marches.e-megalisbretagne.org,,marches.e-megalisbretagne.org,GENERIC_PLATFORM,1,2018-02-27,2018-02-27,NEUTRAL_SHARED_PLATFORM,only generic or shared institutional domains observed,HAS_PROFILE_DATA,False
A01810,commune de la chapelle des fougeretz,22;35;44;50;56,213500598,LOW_SUPPORT_REVIEW_ONLY,1,marches.e-megalisbretagne.org,,marches.e-megalisbretagne.org,GENERIC_PLATFORM,1,2018-02-27,2018-02-27,NEUTRAL_SHARED_PLATFORM,only generic or shared institutional domains observed,HAS_PROFILE_DATA,False
A01811,commune de la chapelle des fougeretz,35;44,213500598,LOW_SUPPORT_REVIEW_ONLY,1,marches.e-megalisbretagne.org,,marches.e-megalisbretagne.org,GENERIC_PLATFORM,1,2018-02-27,2018-02-27,NEUTRAL_SHARED_PLATFORM,only generic or shared institutional domains observed,HAS_PROFILE_DATA,False
A01812,commune de la chapelle du bois,72,217200625,LOW_SUPPORT_REVIEW_ONLY,1,,,,,0,,,NO_PROFILE_EVIDENCE,no normalized profile or participation domain for alias name,NO_PROFILE_DATA,False
A01813,commune de la chevroliere,44,214400418,LOW_SUPPORT_REVIEW_ONLY,1,mairie-lachevroliere.e-marchespublics.com,,mairie-lachevroliere.e-marchespublics.com,GENERIC_PLATFORM,1,2017-01-24,2017-01-24,NEUTRAL_SHARED_PLATFORM,only generic or shared institutional domains observed,HAS_PROFILE_DATA,False
A01814,commune de la gueriniere,85,218501062,LOW_SUPPORT_REVIEW_ONLY,1,,,,,0,,,NO_PROFILE_EVIDENCE,no normalized profile or participation domain for alias name,NO_PROFILE_DATA,False
A01815,commune de la milesse,72,217201987,LOW_SUPPORT_REVIEW_ONLY,1,,,,,0,,,NO_PROFILE_EVIDENCE,no normalized profile or participation domain for alias name,NO_PROFILE_DATA,False
A01816,commune de la quinte,72,217202498,LOW_SUPPORT_REVIEW_ONLY,1,,,,,0,,,NO_PROFILE_EVIDENCE,no normalized profile or participation domain for alias name,NO_PROFILE_DATA,False
A01817,commune de la trinite surzur,22;29;35;44;56;76,215602590,LOW_SUPPORT_REVIEW_ONLY,1,,,,,0,,,NO_PROFILE_EVIDENCE,no normalized profile or participation domain for alias name,NO_PROFILE_DATA,False
A01818,commune de la turballe,44,214402117,LOW_SUPPORT_REVIEW_ONLY,1,,,,,0,,,NO_PROFILE_EVIDENCE,no normalized profile or participation domain for alias name,NO_PROFILE_DATA,False
A01819,commune de laigne-st-gervais,72,933183378,LOW_SUPPORT_REVIEW_ONLY,1,,,,,0,,,NO_PROFILE_EVIDENCE,no normalized profile or participation domain for alias name,NO_PROFILE_DATA,False
A01820,commune de larmor-plage 4 avenue des 4 freres leroy queret 56260 larmor plage,44;56,215601071,LOW_SUPPORT_REVIEW_ONLY,1,,,,,0,,,NO_PROFILE_EVIDENCE,no normalized profile or participation domain for alias name,NO_PROFILE_DATA,False
A01821,commune de lavardin,72,217201573,LOW_SUPPORT_REVIEW_ONLY,1,,,,,0,,,NO_PROFILE_EVIDENCE,no normalized profile or participation domain for alias name,NO_PROFILE_DATA,False
A01822,commune de lege,44;85,214400814,LOW_SUPPORT_REVIEW_ONLY,1,centraledesmarches.com,,centraledesmarches.com,GENERIC_PLATFORM,1,2017-11-08,2017-11-08,NEUTRAL_SHARED_PLATFORM,only generic or shared institutional domains observed,HAS_PROFILE_DATA,False
A01823,commune de lhomme,72,217201615,LOW_SUPPORT_REVIEW_ONLY,1,,,,,0,,,NO_PROFILE_EVIDENCE,no normalized profile or participation domain for alias name,NO_PROFILE_DATA,False
A01824,commune de loire-authion 49 pour les besoins du siiva - syndicat mixte d irrigation du val d authion,49,200057438,LOW_SUPPORT_REVIEW_ONLY,1,,,,,0,,,NO_PROFILE_EVIDENCE,no normalized profile or participation domain for alias name,NO_PROFILE_DATA,False
A01825,commune de loire-authion 49250 - saint mathurin sur loire,49,200057438,LOW_SUPPORT_REVIEW_ONLY,1,,,,,0,,,NO_PROFILE_EVIDENCE,no normalized profile or participation domain for alias name,NO_PROFILE_DATA,False
A01826,commune de loix 17,17;79;85,211702071,LOW_SUPPORT_REVIEW_ONLY,1,,,,,0,,,NO_PROFILE_EVIDENCE,no normalized profile or participation domain for alias name,NO_PROFILE_DATA,False
A01827,commune de longuenee en anjou 49,49,200056091,LOW_SUPPORT_REVIEW_ONLY,1,,,,,0,,,NO_PROFILE_EVIDENCE,no normalized profile or participation domain for alias name,NO_PROFILE_DATA,False
A01828,commune de longuenee-en-anjou 49,49,200056091,LOW_SUPPORT_REVIEW_ONLY,1,,,,,0,,,NO_PROFILE_EVIDENCE,no normalized profile or participation domain for alias name,NO_PROFILE_DATA,False
A01829,commune de luisant,27;28;45;72;78;91,212802201,LOW_SUPPORT_REVIEW_ONLY,1,,,,,0,,,NO_PROFILE_EVIDENCE,no normalized profile or participation domain for alias name,NO_PROFILE_DATA,False
A01830,commune de magne 79,16;17;79;85;86,217901628,LOW_SUPPORT_REVIEW_ONLY,1,,,,,0,,,NO_PROFILE_EVIDENCE,no normalized profile or participation domain for alias name,NO_PROFILE_DATA,False
A01831,commune de mareuil-sur-lay-dissais,85,218501351,LOW_SUPPORT_REVIEW_ONLY,1,,,,,0,,,NO_PROFILE_EVIDENCE,no normalized profile or participation domain for alias name,NO_PROFILE_DATA,False
A01832,commune de marzan,35;44;56,215601261,LOW_SUPPORT_REVIEW_ONLY,1,,,,,0,,,NO_PROFILE_EVIDENCE,no normalized profile or participation domain for alias name,NO_PROFILE_DATA,False
A01833,commune de matignon,22;29;35;44;56,212201438,LOW_SUPPORT_REVIEW_ONLY,1,,,,,0,,,NO_PROFILE_EVIDENCE,no normalized profile or participation domain for alias name,NO_PROFILE_DATA,False
A01834,commune de maze-milon 49,49,200058873,LOW_SUPPORT_REVIEW_ONLY,1,,,,,0,,,NO_PROFILE_EVIDENCE,no normalized profile or participation domain for alias name,NO_PROFILE_DATA,False
A01835,commune de meillac,22;35;44;50;53;56,213501729,LOW_SUPPORT_REVIEW_ONLY,1,marches.megalisbretagne.org,,marches.megalisbretagne.org,GENERIC_PLATFORM,1,2016-01-28,2016-01-28,NEUTRAL_SHARED_PLATFORM,only generic or shared institutional domains observed,HAS_PROFILE_DATA,False
A01836,commune de mesanger,44,214400962,LOW_SUPPORT_REVIEW_ONLY,1,ecrivainpublic.doubletrade.net,ecrivainpublic.doubletrade.net,ecrivainpublic.doubletrade.net,SHARED_INSTITUTIONAL,2,2017-06-21,2017-06-21,NEUTRAL_SHARED_PLATFORM,only generic or shared institutional domains observed,HAS_PROFILE_DATA,False
A01837,commune de mezieres sous lavardin,53;61;72,217201979,LOW_SUPPORT_REVIEW_ONLY,1,,,,,0,,,NO_PROFILE_EVIDENCE,no normalized profile or participation domain for alias name,NO_PROFILE_DATA,False
A01838,commune de mezieres sous lavardin,72,217201979,LOW_SUPPORT_REVIEW_ONLY,1,,,,,0,,,NO_PROFILE_EVIDENCE,no normalized profile or participation domain for alias name,NO_PROFILE_DATA,False
A01839,commune de montreuil le henri,72,217202100,LOW_SUPPORT_REVIEW_ONLY,1,,,,,0,,,NO_PROFILE_EVIDENCE,no normalized profile or participation domain for alias name,NO_PROFILE_DATA,False
A01840,commune de montreuil-juigne 49460,49,214902140,LOW_SUPPORT_REVIEW_ONLY,1,,,,,0,,,NO_PROFILE_EVIDENCE,no normalized profile or participation domain for alias name,NO_PROFILE_DATA,False
A01841,commune de morannes sur sarthe - daumeray 49,49,200064566,LOW_SUPPORT_REVIEW_ONLY,1,,,,,0,,,NO_PROFILE_EVIDENCE,no normalized profile or participation domain for alias name,NO_PROFILE_DATA,False
A01842,commune de nesmy,85,218501609,LOW_SUPPORT_REVIEW_ONLY,1,marches-securises.fr,marches-securises.fr,marches-securises.fr,GENERIC_PLATFORM,2,2017-08-20,2017-08-20,NEUTRAL_SHARED_PLATFORM,only generic or shared institutional domains observed,HAS_PROFILE_DATA,False
A01843,commune de neuvillette-en-charnie,72,217202183,LOW_SUPPORT_REVIEW_ONLY,1,,,,,0,,,NO_PROFILE_EVIDENCE,no normalized profile or participation domain for alias name,NO_PROFILE_DATA,False
A01844,commune de noirmoutier en l ile,85,218501633,LOW_SUPPORT_REVIEW_ONLY,1,,,,,0,,,NO_PROFILE_EVIDENCE,no normalized profile or participation domain for alias name,NO_PROFILE_DATA,False
A01845,commune de noirmoutier-en-l ile,44;49;72;85,218501633,LOW_SUPPORT_REVIEW_ONLY,1,,,,,0,,,NO_PROFILE_EVIDENCE,no normalized profile or participation domain for alias name,NO_PROFILE_DATA,False
A01846,commune de noirmoutier-en-l ile,44;85,218501633,LOW_SUPPORT_REVIEW_ONLY,1,,,,,0,,,NO_PROFILE_EVIDENCE,no normalized profile or participation domain for alias name,NO_PROFILE_DATA,False
A01847,commune de nort-sur-erdre,35;44;49;56;85,214401101,LOW_SUPPORT_REVIEW_ONLY,1,,,,,0,,,NO_PROFILE_EVIDENCE,no normalized profile or participation domain for alias name,NO_PROFILE_DATA,False
A01848,commune de nort-sur-erdre,44;49,214401101,LOW_SUPPORT_REVIEW_ONLY,1,,,,,0,,,NO_PROFILE_EVIDENCE,no normalized profile or participation domain for alias name,NO_PROFILE_DATA,False
A01849,commune de notre dame de monts,85,218501641,LOW_SUPPORT_REVIEW_ONLY,1,,,,,0,,,NO_PROFILE_EVIDENCE,no normalized profile or participation domain for alias name,NO_PROFILE_DATA,False
A01850,commune de noyant villages,49,200070050,LOW_SUPPORT_REVIEW_ONLY,1,centraledesmarches.com;demat.centraledesmarches.com,,centraledesmarches.com;demat.centraledesmarches.com,GENERIC_PLATFORM,2,2017-05-29,2017-11-25,NEUTRAL_SHARED_PLATFORM,only generic or shared institutional domains observed,HAS_PROFILE_DATA,False
A01851,commune de noyant-villages,49,200070050,LOW_SUPPORT_REVIEW_ONLY,1,,,,,0,,,NO_PROFILE_EVIDENCE,no normalized profile or participation domain for alias name,NO_PROFILE_DATA,False
A01852,commune de nozay,44,214401135,LOW_SUPPORT_REVIEW_ONLY,1,synapse-ouest.com,,synapse-ouest.com,GENERIC_PLATFORM,1,2017-07-21,2017-07-21,NEUTRAL_SHARED_PLATFORM,only generic or shared institutional domains observed,HAS_PROFILE_DATA,False
A01853,commune de nozay ozg - 44,44,214401135,LOW_SUPPORT_REVIEW_ONLY,1,,,,,0,,,NO_PROFILE_EVIDENCE,no normalized profile or participation domain for alias name,NO_PROFILE_DATA,False
A01854,commune de ombree d anjou,35;44;49;53,200069474,LOW_SUPPORT_REVIEW_ONLY,1,marches-securises.fr,,marches-securises.fr,GENERIC_PLATFORM,1,2020-01-23,2020-01-23,NEUTRAL_SHARED_PLATFORM,only generic or shared institutional domains observed,HAS_PROFILE_DATA,False
A01855,commune de palluau,85,218501690,LOW_SUPPORT_REVIEW_ONLY,1,,,,,0,,,NO_PROFILE_EVIDENCE,no normalized profile or participation domain for alias name,NO_PROFILE_DATA,False
A01856,commune de pannece,44,214401184,LOW_SUPPORT_REVIEW_ONLY,1,,,,,0,,,NO_PROFILE_EVIDENCE,no normalized profile or participation domain for alias name,NO_PROFILE_DATA,False
A01857,commune de penvenan,22;29;35;44;75,212201669,LOW_SUPPORT_REVIEW_ONLY,1,e-megalisbretagne.org;megalisbretagne.org,,e-megalisbretagne.org;megalisbretagne.org,GENERIC_PLATFORM,3,2015-05-22,2018-11-30,NEUTRAL_SHARED_PLATFORM,only generic or shared institutional domains observed,HAS_PROFILE_DATA,False
A01858,commune de peyrehorade,29;40;44,214002248,LOW_SUPPORT_REVIEW_ONLY,1,,,,,0,,,NO_PROFILE_EVIDENCE,no normalized profile or participation domain for alias name,NO_PROFILE_DATA,False
A01859,commune de pierres,27;28;45;72;75;78;91;92,212802987,LOW_SUPPORT_REVIEW_ONLY,1,,,,,0,,,NO_PROFILE_EVIDENCE,no normalized profile or participation domain for alias name,NO_PROFILE_DATA,False
A01860,commune de pleneuf val andre,14;22;28;29;35;44;50;53;56,212201867,LOW_SUPPORT_REVIEW_ONLY,1,,,,,0,,,NO_PROFILE_EVIDENCE,no normalized profile or participation domain for alias name,NO_PROFILE_DATA,False
A01861,commune de pleneuf val andre,22;29;35;44;53;56,212201867,LOW_SUPPORT_REVIEW_ONLY,1,,,,,0,,,NO_PROFILE_EVIDENCE,no normalized profile or participation domain for alias name,NO_PROFILE_DATA,False
A01862,commune de pleneuf-val-andre,22;29;35;44,212201867,LOW_SUPPORT_REVIEW_ONLY,1,e-megalisbretagne.org;marches.e-megalisbretagne.org;pleneuf-val-andre.fr,,e-megalisbretagne.org;marches.e-megalisbretagne.org;pleneuf-val-andre.fr,GENERIC_PLATFORM;SHARED_INSTITUTIONAL,3,2016-01-05,2018-03-29,NEUTRAL_SHARED_PLATFORM,only generic or shared institutional domains observed,HAS_PROFILE_DATA,False
A01863,commune de plogastel saint germain,22;29;35;44;56,212901672,LOW_SUPPORT_REVIEW_ONLY,1,,,,,0,,,NO_PROFILE_EVIDENCE,no normalized profile or participation domain for alias name,NO_PROFILE_DATA,False
A01864,commune de plouharnel,14;22;29;35;44;50;56;79;85,215601683,LOW_SUPPORT_REVIEW_ONLY,1,,,,,0,,,NO_PROFILE_EVIDENCE,no normalized profile or participation domain for alias name,NO_PROFILE_DATA,False
A01865,commune de pornic,44;56,214401317,LOW_SUPPORT_REVIEW_ONLY,1,pornic.fr;synapse-ouest.com;synapse-ouest.fr;synpase-ouest.com,,pornic.fr;synapse-ouest.com;synapse-ouest.fr;synpase-ouest.com,BUYER_SPECIFIC;GENERIC_PLATFORM;HIGHLY_CONCENTRATED;SHARED_INSTITUTIONAL,4,2015-09-18,2020-10-14,STRONG_SUPPORT,alias has buyer-specific or highly concentrated profile-domain evidence,HAS_PROFILE_DATA,False
A01866,commune de port-brillet,35;53,215301821,LOW_SUPPORT_REVIEW_ONLY,1,,,,,0,,,NO_PROFILE_EVIDENCE,no normalized profile or participation domain for alias name,NO_PROFILE_DATA,False
A01867,commune de puilboreau,17;85,211702915,LOW_SUPPORT_REVIEW_ONLY,1,marches-securises.fr,,marches-securises.fr,GENERIC_PLATFORM,1,2019-05-11,2019-05-11,NEUTRAL_SHARED_PLATFORM,only generic or shared institutional domains observed,HAS_PROFILE_DATA,False
A01868,commune de quiberon,17;22;29;33;35;44;49;56,215601865,LOW_SUPPORT_REVIEW_ONLY,1,,,,,0,,,NO_PROFILE_EVIDENCE,no normalized profile or participation domain for alias name,NO_PROFILE_DATA,False
A01869,commune de quiberon,29;35;44;50;53;56,215601865,LOW_SUPPORT_REVIEW_ONLY,1,,,,,0,,,NO_PROFILE_EVIDENCE,no normalized profile or participation domain for alias name,NO_PROFILE_DATA,False
A01870,commune de quiers sur bezonde,18;28;36;37;41;45;72,214502593,LOW_SUPPORT_REVIEW_ONLY,1,,,,,0,,,NO_PROFILE_EVIDENCE,no normalized profile or participation domain for alias name,NO_PROFILE_DATA,False
A01871,commune de quimperle,22;29;35;44;56,212902332,LOW_SUPPORT_REVIEW_ONLY,1,,,,,0,,,NO_PROFILE_EVIDENCE,no normalized profile or participation domain for alias name,NO_PROFILE_DATA,False
A01872,commune de rives de l yon,85,200059962,LOW_SUPPORT_REVIEW_ONLY,1,,,,,0,,,NO_PROFILE_EVIDENCE,no normalized profile or participation domain for alias name,NO_PROFILE_DATA,False
A01873,commune de rochefort sur loire,49,214902595,LOW_SUPPORT_REVIEW_ONLY,1,,,,,0,,,NO_PROFILE_EVIDENCE,no normalized profile or participation domain for alias name,NO_PROFILE_DATA,False
A01874,commune de roeze sur sarthe,72,217202530,LOW_SUPPORT_REVIEW_ONLY,1,,,,,0,,,NO_PROFILE_EVIDENCE,no normalized profile or participation domain for alias name,NO_PROFILE_DATA,False
A01875,commune de rouans - 44,44,214401457,LOW_SUPPORT_REVIEW_ONLY,1,,,,,0,,,NO_PROFILE_EVIDENCE,no normalized profile or participation domain for alias name,NO_PROFILE_DATA,False
A01876,commune de rouge,44,214401465,LOW_SUPPORT_REVIEW_ONLY,1,,,,,0,,,NO_PROFILE_EVIDENCE,no normalized profile or participation domain for alias name,NO_PROFILE_DATA,False
A01877,commune de rouge 44,44,214401465,LOW_SUPPORT_REVIEW_ONLY,1,,,,,0,,,NO_PROFILE_EVIDENCE,no normalized profile or participation domain for alias name,NO_PROFILE_DATA,False
A01878,commune de saffre 44,44,214401499,LOW_SUPPORT_REVIEW_ONLY,1,,,,,0,,,NO_PROFILE_EVIDENCE,no normalized profile or participation domain for alias name,NO_PROFILE_DATA,False
A01879,commune de saint andre goule d oie 85,85,218501963,LOW_SUPPORT_REVIEW_ONLY,1,,,,,0,,,NO_PROFILE_EVIDENCE,no normalized profile or participation domain for alias name,NO_PROFILE_DATA,False
A01880,commune de saint aubin de locquenay,72,217202662,LOW_SUPPORT_REVIEW_ONLY,1,,,,,0,,,NO_PROFILE_EVIDENCE,no normalized profile or participation domain for alias name,NO_PROFILE_DATA,False
A01881,commune de saint corneille,72,217202753,LOW_SUPPORT_REVIEW_ONLY,1,,,,,0,,,NO_PROFILE_EVIDENCE,no normalized profile or participation domain for alias name,NO_PROFILE_DATA,False
A01882,commune de saint cosme en vairais,72,217202761,LOW_SUPPORT_REVIEW_ONLY,1,,,,,0,,,NO_PROFILE_EVIDENCE,no normalized profile or participation domain for alias name,NO_PROFILE_DATA,False
A01883,commune de saint etienne du bois,85,218502102,LOW_SUPPORT_REVIEW_ONLY,1,,,,,0,,,NO_PROFILE_EVIDENCE,no normalized profile or participation domain for alias name,NO_PROFILE_DATA,False
A01884,commune de saint georges le gaultier,72,217202829,LOW_SUPPORT_REVIEW_ONLY,1,,,,,0,,,NO_PROFILE_EVIDENCE,no normalized profile or participation domain for alias name,NO_PROFILE_DATA,False
A01885,commune de saint georges sur loire,49,214902835,LOW_SUPPORT_REVIEW_ONLY,1,,,,,0,,,NO_PROFILE_EVIDENCE,no normalized profile or participation domain for alias name,NO_PROFILE_DATA,False
A01886,commune de saint laurent sur sevre 85,85,218502383,LOW_SUPPORT_REVIEW_ONLY,1,,,,,0,,,NO_PROFILE_EVIDENCE,no normalized profile or participation domain for alias name,NO_PROFILE_DATA,False
A01887,commune de saint mars d outille,14;28;35;37;49;53;61;72,217202993,LOW_SUPPORT_REVIEW_ONLY,1,,,,,0,,,NO_PROFILE_EVIDENCE,no normalized profile or participation domain for alias name,NO_PROFILE_DATA,False
A01888,commune de saint mars de coutais,44;49;56;85,214401788,LOW_SUPPORT_REVIEW_ONLY,1,interco.achatpublic.com,,interco.achatpublic.com,GENERIC_PLATFORM,1,2019-05-06,2019-05-06,NEUTRAL_SHARED_PLATFORM,only generic or shared institutional domains observed,HAS_PROFILE_DATA,False
A01889,commune de saint nazaire,44,214401846,LOW_SUPPORT_REVIEW_ONLY,1,agglo-carene.fr,,agglo-carene.fr,AMBIGUOUS,1,2020-12-10,2020-12-10,AMBIGUOUS,domain specificity is mixed or ambiguous,HAS_PROFILE_DATA,True
A01890,commune de saint ouen en belin,72,217203066,LOW_SUPPORT_REVIEW_ONLY,1,,,,,0,,,NO_PROFILE_EVIDENCE,no normalized profile or participation domain for alias name,NO_PROFILE_DATA,False
A01891,commune de saint pavace,72,217203108,LOW_SUPPORT_REVIEW_ONLY,1,,,,,0,,,NO_PROFILE_EVIDENCE,no normalized profile or participation domain for alias name,NO_PROFILE_DATA,False
A01892,commune de saint pierre des nids 53,53,215302464,LOW_SUPPORT_REVIEW_ONLY,1,,,,,0,,,NO_PROFILE_EVIDENCE,no normalized profile or participation domain for alias name,NO_PROFILE_DATA,False
A01893,commune de saint saturnin,72,217203207,LOW_SUPPORT_REVIEW_ONLY,1,,,,,0,,,NO_PROFILE_EVIDENCE,no normalized profile or participation domain for alias name,NO_PROFILE_DATA,False
A01894,commune de saint vincent sur graon 85,85,218502771,LOW_SUPPORT_REVIEW_ONLY,1,,,,,0,,,NO_PROFILE_EVIDENCE,no normalized profile or participation domain for alias name,NO_PROFILE_DATA,False
A01895,commune de saint vincent sur jard,85,218502789,LOW_SUPPORT_REVIEW_ONLY,1,,,,,0,,,NO_PROFILE_EVIDENCE,no normalized profile or participation domain for alias name,NO_PROFILE_DATA,False
A01896,commune de saint-ave,22;29;35;44;56,215602061,LOW_SUPPORT_REVIEW_ONLY,1,marches.e-megalisbretagne.org;marches.megalisbretagne.org;megalisbretagne.org,,marches.e-megalisbretagne.org;marches.megalisbretagne.org;megalisbretagne.org,GENERIC_PLATFORM,4,2015-03-25,2019-11-08,NEUTRAL_SHARED_PLATFORM,only generic or shared institutional domains observed,HAS_PROFILE_DATA,False
A01897,commune de saint-barthelemy-d anjou 49,49,214902678,LOW_SUPPORT_REVIEW_ONLY,1,,,,,0,,,NO_PROFILE_EVIDENCE,no normalized profile or participation domain for alias name,NO_PROFILE_DATA,False
A01898,commune de saint-biez en belin,72,217202688,LOW_SUPPORT_REVIEW_ONLY,1,,,,,0,,,NO_PROFILE_EVIDENCE,no normalized profile or participation domain for alias name,NO_PROFILE_DATA,False
A01899,commune de saint-clement-de-la-place,49,214902710,LOW_SUPPORT_REVIEW_ONLY,1,,,,,0,,,NO_PROFILE_EVIDENCE,no normalized profile or participation domain for alias name,NO_PROFILE_DATA,False
A01900,commune de saint-denis-la-chevasse,85,218502086,LOW_SUPPORT_REVIEW_ONLY,1,,,,,0,,,NO_PROFILE_EVIDENCE,no normalized profile or participation domain for alias name,NO_PROFILE_DATA,False
A01901,commune de saint-jean-de-la-croix,35;37;44;49;56;72;85,214902884,LOW_SUPPORT_REVIEW_ONLY,1,,,,,0,,,NO_PROFILE_EVIDENCE,no normalized profile or participation domain for alias name,NO_PROFILE_DATA,False
A01902,commune de saint-jean-de-la-croix,44;49;53;72;79;85,214902884,LOW_SUPPORT_REVIEW_ONLY,1,,,,,0,,,NO_PROFILE_EVIDENCE,no normalized profile or participation domain for alias name,NO_PROFILE_DATA,False
A01903,commune de saint-martin-la-pallu,37;49;79;86,200082675,LOW_SUPPORT_REVIEW_ONLY,1,,,,,0,,,NO_PROFILE_EVIDENCE,no normalized profile or participation domain for alias name,NO_PROFILE_DATA,False
A01904,commune de saint-medard-sur-ille,22;29;35;44;50;53;56,213502966,LOW_SUPPORT_REVIEW_ONLY,1,,,,,0,,,NO_PROFILE_EVIDENCE,no normalized profile or participation domain for alias name,NO_PROFILE_DATA,False
A01905,commune de saint-michel-chef-chef 44,44,214401820,LOW_SUPPORT_REVIEW_ONLY,1,,,,,0,,,NO_PROFILE_EVIDENCE,no normalized profile or participation domain for alias name,NO_PROFILE_DATA,False
A01906,commune de saint-nazaire,44,214401846,LOW_SUPPORT_REVIEW_ONLY,1,agglo-carene.fr;marches-publics.sis-marches.com;marchespublics-agglo-carene.omnikles.com;marchespublics.agglo-carene.fr,marches-publics.sis-marches.com,agglo-carene.fr;marches-publics.sis-marches.com;marchespublics-agglo-carene.omnikles.com;marchespublics.agglo-carene.fr,AMBIGUOUS;SHARED_INSTITUTIONAL,5,2015-05-04,2019-05-24,WEAK_SUPPORT,limited or moderately informative domain evidence without contradiction,HAS_PROFILE_DATA,False
A01907,commune de saint-paterne - le chevain,61;72,200065811,LOW_SUPPORT_REVIEW_ONLY,1,,,,,0,,,NO_PROFILE_EVIDENCE,no normalized profile or participation domain for alias name,NO_PROFILE_DATA,False
A01908,commune de saint-paterne - le chevain,72,200065811,LOW_SUPPORT_REVIEW_ONLY,1,,,,,0,,,NO_PROFILE_EVIDENCE,no normalized profile or participation domain for alias name,NO_PROFILE_DATA,False
A01909,commune de saint-pierre-du-chemin,85,218502649,LOW_SUPPORT_REVIEW_ONLY,1,,,,,0,,,NO_PROFILE_EVIDENCE,no normalized profile or participation domain for alias name,NO_PROFILE_DATA,False
A01910,commune de saint-vincent-sur-graon,85,218502771,LOW_SUPPORT_REVIEW_ONLY,1,,,,,0,,,NO_PROFILE_EVIDENCE,no normalized profile or participation domain for alias name,NO_PROFILE_DATA,False
A01911,commune de sainte gemmes sur loire 49,49,214902785,LOW_SUPPORT_REVIEW_ONLY,1,,,,,0,,,NO_PROFILE_EVIDENCE,no normalized profile or participation domain for alias name,NO_PROFILE_DATA,False
A01912,commune de saintes,16;17;33;79;85,211704150,LOW_SUPPORT_REVIEW_ONLY,1,achatpublic.com;ville-saintes.fr,,achatpublic.com;ville-saintes.fr,GENERIC_PLATFORM;SHARED_INSTITUTIONAL,2,2018-06-10,2020-12-28,NEUTRAL_SHARED_PLATFORM,only generic or shared institutional domains observed,HAS_PROFILE_DATA,False
A01913,commune de saintes,16;17;33;85,211704150,LOW_SUPPORT_REVIEW_ONLY,1,achatpublic.com;ville-saintes.fr,,achatpublic.com;ville-saintes.fr,GENERIC_PLATFORM;SHARED_INSTITUTIONAL,2,2018-06-10,2020-12-28,NEUTRAL_SHARED_PLATFORM,only generic or shared institutional domains observed,HAS_PROFILE_DATA,False
A01914,commune de sarce,72,217203272,LOW_SUPPORT_REVIEW_ONLY,1,,,,,0,,,NO_PROFILE_EVIDENCE,no normalized profile or participation domain for alias name,NO_PROFILE_DATA,False
A01915,commune de sarzeau,44;56,215602400,LOW_SUPPORT_REVIEW_ONLY,1,,,,,0,,,NO_PROFILE_EVIDENCE,no normalized profile or participation domain for alias name,NO_PROFILE_DATA,False
A01916,commune de savonnieres,37;41;49;72,213702434,LOW_SUPPORT_REVIEW_ONLY,1,,,,,0,,,NO_PROFILE_EVIDENCE,no normalized profile or participation domain for alias name,NO_PROFILE_DATA,False
A01917,commune de senonches,27;28;61;72;78,212803738,LOW_SUPPORT_REVIEW_ONLY,1,agysoft.marches-publics.info;am28.org;amf28.org;cad-en.marcoweb.fr,,agysoft.marches-publics.info;am28.org;amf28.org;cad-en.marcoweb.fr,GENERIC_PLATFORM,4,2017-02-20,2019-11-12,NEUTRAL_SHARED_PLATFORM,only generic or shared institutional domains observed,HAS_PROFILE_DATA,False
A01918,commune de sille-le-philippe,49;72,217203355,LOW_SUPPORT_REVIEW_ONLY,1,,,,,0,,,NO_PROFILE_EVIDENCE,no normalized profile or participation domain for alias name,NO_PROFILE_DATA,False
A01919,commune de soulge-sur-ouette,53,215302621,LOW_SUPPORT_REVIEW_ONLY,1,,,,,0,,,NO_PROFILE_EVIDENCE,no normalized profile or participation domain for alias name,NO_PROFILE_DATA,False
A01920,commune de soullans,85,218502847,LOW_SUPPORT_REVIEW_ONLY,1,marches-securises.fr,,marches-securises.fr,GENERIC_PLATFORM,1,2019-04-08,2019-04-08,NEUTRAL_SHARED_PLATFORM,only generic or shared institutional domains observed,HAS_PROFILE_DATA,False
A01921,commune de talmont saint hilaire,85,218502888,LOW_SUPPORT_REVIEW_ONLY,1,,,,,0,,,NO_PROFILE_EVIDENCE,no normalized profile or participation domain for alias name,NO_PROFILE_DATA,False
A01922,commune de theligny,28;61;72,217203538,LOW_SUPPORT_REVIEW_ONLY,1,,,,,0,,,NO_PROFILE_EVIDENCE,no normalized profile or participation domain for alias name,NO_PROFILE_DATA,False
A01923,commune de thire,85,218502904,LOW_SUPPORT_REVIEW_ONLY,1,,,,,0,,,NO_PROFILE_EVIDENCE,no normalized profile or participation domain for alias name,NO_PROFILE_DATA,False
A01924,commune de tonnay charente,16;17;33;85;86,211704499,LOW_SUPPORT_REVIEW_ONLY,1,marches-securises.fr,marches-securises.fr,marches-securises.fr,GENERIC_PLATFORM,2,2020-03-08,2020-03-08,NEUTRAL_SHARED_PLATFORM,only generic or shared institutional domains observed,HAS_PROFILE_DATA,False
A01925,commune de tonnay charente,17;33;79;85;86,211704499,LOW_SUPPORT_REVIEW_ONLY,1,marches-securises.fr,marches-securises.fr,marches-securises.fr,GENERIC_PLATFORM,2,2020-03-08,2020-03-08,NEUTRAL_SHARED_PLATFORM,only generic or shared institutional domains observed,HAS_PROFILE_DATA,False
A01926,commune de tonnay charente,17;33;85;87,211704499,LOW_SUPPORT_REVIEW_ONLY,1,marches-securises.fr,marches-securises.fr,marches-securises.fr,GENERIC_PLATFORM,2,2020-03-08,2020-03-08,NEUTRAL_SHARED_PLATFORM,only generic or shared institutional domains observed,HAS_PROFILE_DATA,False
A01927,commune de tonnay-charente,16;17;24;79;85,211704499,LOW_SUPPORT_REVIEW_ONLY,1,,,,,0,,,NO_PROFILE_EVIDENCE,no normalized profile or participation domain for alias name,NO_PROFILE_DATA,False
A01928,commune de torce en vallee,72,217203595,LOW_SUPPORT_REVIEW_ONLY,1,,,,,0,,,NO_PROFILE_EVIDENCE,no normalized profile or participation domain for alias name,NO_PROFILE_DATA,False
A01929,commune de tregastel,22;35;44;56,212203533,LOW_SUPPORT_REVIEW_ONLY,1,,,,,0,,,NO_PROFILE_EVIDENCE,no normalized profile or participation domain for alias name,NO_PROFILE_DATA,False
A01930,commune de trementines,44;49;75;85;92;94,214903551,LOW_SUPPORT_REVIEW_ONLY,1,,,,,0,,,NO_PROFILE_EVIDENCE,no normalized profile or participation domain for alias name,NO_PROFILE_DATA,False
A01931,commune de vaire 85,85,218502987,LOW_SUPPORT_REVIEW_ONLY,1,,,,,0,,,NO_PROFILE_EVIDENCE,no normalized profile or participation domain for alias name,NO_PROFILE_DATA,False
A01932,commune de val d erdre-auxence,44;49,200066207,LOW_SUPPORT_REVIEW_ONLY,1,anjoumarchespublics.fr,,anjoumarchespublics.fr,GENERIC_PLATFORM,1,2018-04-11,2018-04-11,NEUTRAL_SHARED_PLATFORM,only generic or shared institutional domains observed,HAS_PROFILE_DATA,False
A01933,commune de val en vignes,16;17;37;49;79;85;86,200068575,LOW_SUPPORT_REVIEW_ONLY,1,,,,,0,,,NO_PROFILE_EVIDENCE,no normalized profile or participation domain for alias name,NO_PROFILE_DATA,False
A01934,commune de val-de-la-hune,72,933368573,LOW_SUPPORT_REVIEW_ONLY,1,,,,,0,,,NO_PROFILE_EVIDENCE,no normalized profile or participation domain for alias name,NO_PROFILE_DATA,False
A01935,commune de val-du-layon,49,200056034,LOW_SUPPORT_REVIEW_ONLY,1,,,,,0,,,NO_PROFILE_EVIDENCE,no normalized profile or participation domain for alias name,NO_PROFILE_DATA,False
A01936,commune de vay 44,44,214402141,LOW_SUPPORT_REVIEW_ONLY,1,,,,,0,,,NO_PROFILE_EVIDENCE,no normalized profile or participation domain for alias name,NO_PROFILE_DATA,False
A01937,commune de vern-sur-seiche,22;29;35;44;56,213503527,LOW_SUPPORT_REVIEW_ONLY,1,,,,,0,,,NO_PROFILE_EVIDENCE,no normalized profile or participation domain for alias name,NO_PROFILE_DATA,False
A01938,commune de villebarou 41,18;28;36;37;41;45;72;75,214102766,LOW_SUPPORT_REVIEW_ONLY,1,,,,,0,,,NO_PROFILE_EVIDENCE,no normalized profile or participation domain for alias name,NO_PROFILE_DATA,False
A01939,commune de villedoux,17;33;44;85;86,211704721,LOW_SUPPORT_REVIEW_ONLY,1,,,,,0,,,NO_PROFILE_EVIDENCE,no normalized profile or participation domain for alias name,NO_PROFILE_DATA,False
A01940,commune de villeneuve en perseigne,72,200047629,LOW_SUPPORT_REVIEW_ONLY,1,,,,,0,,,NO_PROFILE_EVIDENCE,no normalized profile or participation domain for alias name,NO_PROFILE_DATA,False
A01941,commune de viry-chatillon,85;91,219106879,LOW_SUPPORT_REVIEW_ONLY,1,marchespublics-idf-centre.fr,,marchespublics-idf-centre.fr,GENERIC_PLATFORM,1,2019-01-31,2019-01-31,NEUTRAL_SHARED_PLATFORM,only generic or shared institutional domains observed,HAS_PROFILE_DATA,False
A01942,commune des brouzils 85,85,218500387,LOW_SUPPORT_REVIEW_ONLY,1,,,,,0,,,NO_PROFILE_EVIDENCE,no normalized profile or participation domain for alias name,NO_PROFILE_DATA,False
A01943,commune des epesses,85,218500825,LOW_SUPPORT_REVIEW_ONLY,1,centraledesmarches.com,,centraledesmarches.com,GENERIC_PLATFORM,2,2017-02-15,2017-05-23,NEUTRAL_SHARED_PLATFORM,only generic or shared institutional domains observed,HAS_PROFILE_DATA,False
A01944,commune des herbiers,44;85,218501096,LOW_SUPPORT_REVIEW_ONLY,1,marches-securises.fr;marchespublics85.fr;marchessecurises.fr,marchespublics85.fr,marches-securises.fr;marchespublics85.fr;marchessecurises.fr,AMBIGUOUS;GENERIC_PLATFORM,5,2015-11-16,2020-01-16,AMBIGUOUS,domain specificity is mixed or ambiguous,HAS_PROFILE_DATA,True
A01945,commune des rairies,49,214902579,LOW_SUPPORT_REVIEW_ONLY,1,anjoumarchespublics.fr,,anjoumarchespublics.fr,GENERIC_PLATFORM,1,2015-04-24,2015-04-24,NEUTRAL_SHARED_PLATFORM,only generic or shared institutional domains observed,HAS_PROFILE_DATA,False
A01946,commune des sorinieres,44;49;72;85,214401986,LOW_SUPPORT_REVIEW_ONLY,1,ville-sorinieres-marches.com,,ville-sorinieres-marches.com,SHARED_INSTITUTIONAL,1,2018-11-18,2018-11-18,NEUTRAL_SHARED_PLATFORM,only generic or shared institutional domains observed,HAS_PROFILE_DATA,False
A01947,commune des sorinieres 44840,44;49;85,214401986,LOW_SUPPORT_REVIEW_ONLY,1,,,,,0,,,NO_PROFILE_EVIDENCE,no normalized profile or participation domain for alias name,NO_PROFILE_DATA,False
A01948,commune du boupere 85,85,218500312,LOW_SUPPORT_REVIEW_ONLY,1,,,,,0,,,NO_PROFILE_EVIDENCE,no normalized profile or participation domain for alias name,NO_PROFILE_DATA,False
A01949,commune du loroux-bottereau 44,44,214400848,LOW_SUPPORT_REVIEW_ONLY,1,,,,,0,,,NO_PROFILE_EVIDENCE,no normalized profile or participation domain for alias name,NO_PROFILE_DATA,False
A01950,commune du plessis-grammoire,49,214902413,LOW_SUPPORT_REVIEW_ONLY,1,,,,,0,,,NO_PROFILE_EVIDENCE,no normalized profile or participation domain for alias name,NO_PROFILE_DATA,False
A01951,commune etude vulnerabilite inondations,22;29;35;44;56,212902324,LOW_SUPPORT_REVIEW_ONLY,1,,,,,0,,,NO_PROFILE_EVIDENCE,no normalized profile or participation domain for alias name,NO_PROFILE_DATA,False
A01952,commune gennes-val-de-loire 49,49,200075547,LOW_SUPPORT_REVIEW_ONLY,1,,,,,0,,,NO_PROFILE_EVIDENCE,no normalized profile or participation domain for alias name,NO_PROFILE_DATA,False
A01953,commune joue sur erdre,44,214400772,LOW_SUPPORT_REVIEW_ONLY,1,,,,,0,,,NO_PROFILE_EVIDENCE,no normalized profile or participation domain for alias name,NO_PROFILE_DATA,False
A01954,commune landivy,53,215301250,LOW_SUPPORT_REVIEW_ONLY,1,,,,,0,,,NO_PROFILE_EVIDENCE,no normalized profile or participation domain for alias name,NO_PROFILE_DATA,False
A01955,commune le chateau d oleron,16;17;79;85,211700935,LOW_SUPPORT_REVIEW_ONLY,1,,,,,0,,,NO_PROFILE_EVIDENCE,no normalized profile or participation domain for alias name,NO_PROFILE_DATA,False
A01956,commune le chateau d oleron,16;17;85;86,211700935,LOW_SUPPORT_REVIEW_ONLY,1,,,,,0,,,NO_PROFILE_EVIDENCE,no normalized profile or participation domain for alias name,NO_PROFILE_DATA,False
A01957,commune le landreau 44,44,214400798,LOW_SUPPORT_REVIEW_ONLY,1,,,,,0,,,NO_PROFILE_EVIDENCE,no normalized profile or participation domain for alias name,NO_PROFILE_DATA,False
A01958,commune le puy notre dame 49,49,214902538,LOW_SUPPORT_REVIEW_ONLY,1,,,,,0,,,NO_PROFILE_EVIDENCE,no normalized profile or participation domain for alias name,NO_PROFILE_DATA,False
A01959,commune le temple de bretagne,35;44;49;56,214402034,LOW_SUPPORT_REVIEW_ONLY,1,,,,,0,,,NO_PROFILE_EVIDENCE,no normalized profile or participation domain for alias name,NO_PROFILE_DATA,False
A01960,commune les deux alpes,13;14;38;44;59;69;75;91;93,200064434,LOW_SUPPORT_REVIEW_ONLY,1,e-marchespublics.com;lesdeuxalpes.e-marchespublics.com,e-marchespublics.com,e-marchespublics.com;lesdeuxalpes.e-marchespublics.com,GENERIC_PLATFORM,4,2019-04-07,2019-12-13,NEUTRAL_SHARED_PLATFORM,only generic or shared institutional domains observed,HAS_PROFILE_DATA,False
A01961,commune les deux alpes,13;14;38;44;69;75;92;93;94,200064434,LOW_SUPPORT_REVIEW_ONLY,1,e-marchespublics.com;lesdeuxalpes.e-marchespublics.com,e-marchespublics.com,e-marchespublics.com;lesdeuxalpes.e-marchespublics.com,GENERIC_PLATFORM,4,2019-04-07,2019-12-13,NEUTRAL_SHARED_PLATFORM,only generic or shared institutional domains observed,HAS_PROFILE_DATA,False
A01962,commune les deux alpes,13;14;38;44;69;75;93,200064434,LOW_SUPPORT_REVIEW_ONLY,1,e-marchespublics.com;lesdeuxalpes.e-marchespublics.com,e-marchespublics.com,e-marchespublics.com;lesdeuxalpes.e-marchespublics.com,GENERIC_PLATFORM,4,2019-04-07,2019-12-13,NEUTRAL_SHARED_PLATFORM,only generic or shared institutional domains observed,HAS_PROFILE_DATA,False
A01963,commune les deux alpes,13;15;38;44;55;62;69;75;93,200064434,LOW_SUPPORT_REVIEW_ONLY,1,e-marchespublics.com;lesdeuxalpes.e-marchespublics.com,e-marchespublics.com,e-marchespublics.com;lesdeuxalpes.e-marchespublics.com,GENERIC_PLATFORM,4,2019-04-07,2019-12-13,NEUTRAL_SHARED_PLATFORM,only generic or shared institutional domains observed,HAS_PROFILE_DATA,False
A01964,commune nouvelle de saint denis coordonnateur,72;77;92;93,929939411,LOW_SUPPORT_REVIEW_ONLY,1,,,,,0,,,NO_PROFILE_EVIDENCE,no normalized profile or participation domain for alias name,NO_PROFILE_DATA,False
A01965,communes,16;17;44;85,211702741,LOW_SUPPORT_REVIEW_ONLY,1,,,,,0,,,NO_PROFILE_EVIDENCE,no normalized profile or participation domain for alias name,NO_PROFILE_DATA,False
A01966,comsopgn,14;36;53;68;69;83;92,130021983,LOW_SUPPORT_REVIEW_ONLY,1,marches-publics.gouv.fr,marches-publics.gouv.fr,marches-publics.gouv.fr,GENERIC_PLATFORM,2,2019-12-15,2019-12-15,NEUTRAL_SHARED_PLATFORM,only generic or shared institutional domains observed,HAS_PROFILE_DATA,False
A01967,comsopgn,14;36;53;92,130021983,LOW_SUPPORT_REVIEW_ONLY,1,marches-publics.gouv.fr,marches-publics.gouv.fr,marches-publics.gouv.fr,GENERIC_PLATFORM,2,2019-12-15,2019-12-15,NEUTRAL_SHARED_PLATFORM,only generic or shared institutional domains observed,HAS_PROFILE_DATA,False
A01968,connaissance environnementale,35;37;44;49;56;79;85,184409209,LOW_SUPPORT_REVIEW_ONLY,1,,,,,0,,,NO_PROFILE_EVIDENCE,no normalized profile or participation domain for alias name,NO_PROFILE_DATA,False
A01969,connaissance environnementale,35;44;49;85,184409209,LOW_SUPPORT_REVIEW_ONLY,1,,,,,0,,,NO_PROFILE_EVIDENCE,no normalized profile or participation domain for alias name,NO_PROFILE_DATA,False
A01970,conseil d etat 1 place du palais royal 75100 paris cedex 01,44;75,110000270,LOW_SUPPORT_REVIEW_ONLY,1,,,,,0,,,NO_PROFILE_EVIDENCE,no normalized profile or participation domain for alias name,NO_PROFILE_DATA,False
A01971,conseil departemental d indre et loire,37;72,223700014,LOW_SUPPORT_REVIEW_ONLY,1,,,,,0,,,NO_PROFILE_EVIDENCE,no normalized profile or participation domain for alias name,NO_PROFILE_DATA,False
A01972,conseil departemental de l orne,53;61;72,226100014,LOW_SUPPORT_REVIEW_ONLY,1,achatpublic.com;cg61.achatpublic.com;orne.achatpublic.com,,achatpublic.com;cg61.achatpublic.com;orne.achatpublic.com,GENERIC_PLATFORM,4,2018-11-13,2020-11-12,NEUTRAL_SHARED_PLATFORM,only generic or shared institutional domains observed,HAS_PROFILE_DATA,False
A01973,conseil departemental de l orne - pole attractivite territoriale 27 bd de strasbourg cs 30528 alencon 61017,53;61,226100014,LOW_SUPPORT_REVIEW_ONLY,1,,,,,0,,,NO_PROFILE_EVIDENCE,no normalized profile or participation domain for alias name,NO_PROFILE_DATA,False
A01974,conseil economique social et environnemental ceser des pays de la loire,44;49;53;72;85,234400034,LOW_SUPPORT_REVIEW_ONLY,1,,,,,0,,,NO_PROFILE_EVIDENCE,no normalized profile or participation domain for alias name,NO_PROFILE_DATA,False
A01975,conseil general de la vendee,85,228500013,LOW_SUPPORT_REVIEW_ONLY,1,marchespublics.vendee.fr,,marchespublics.vendee.fr,SHARED_INSTITUTIONAL,1,2020-11-22,2020-11-22,NEUTRAL_SHARED_PLATFORM,only generic or shared institutional domains observed,HAS_PROFILE_DATA,False
A01976,conseil regional de bretagne,22;29;35;44;56,233500016,LOW_SUPPORT_REVIEW_ONLY,1,megalisbretagne.org,megalisbretagne.org,megalisbretagne.org,GENERIC_PLATFORM,2,2017-11-17,2017-11-17,NEUTRAL_SHARED_PLATFORM,only generic or shared institutional domains observed,HAS_PROFILE_DATA,False
A01977,conservatoire du littoral,14;22;27;35;50;53;61;76,180005019,LOW_SUPPORT_REVIEW_ONLY,1,conservatoire-du-littoral.fr;marches-publics.gouv.fr,,conservatoire-du-littoral.fr;marches-publics.gouv.fr,BUYER_SPECIFIC;GENERIC_PLATFORM,2,2019-03-15,2020-03-26,STRONG_SUPPORT,alias has buyer-specific or highly concentrated profile-domain evidence,HAS_PROFILE_DATA,False
A01978,conservatoire du littoral,14;27;28;35;53;61;72;80,180005019,LOW_SUPPORT_REVIEW_ONLY,1,conservatoire-du-littoral.fr;marches-publics.gouv.fr,,conservatoire-du-littoral.fr;marches-publics.gouv.fr,BUYER_SPECIFIC;GENERIC_PLATFORM,2,2019-03-15,2020-03-26,STRONG_SUPPORT,alias has buyer-specific or highly concentrated profile-domain evidence,HAS_PROFILE_DATA,False
A01979,conservatoire du littoral,16;17;24;33;79;85;86,180005019,LOW_SUPPORT_REVIEW_ONLY,1,conservatoire-du-littoral.fr;marches-publics.gouv.fr,,conservatoire-du-littoral.fr;marches-publics.gouv.fr,BUYER_SPECIFIC;GENERIC_PLATFORM,2,2019-03-15,2020-03-26,STRONG_SUPPORT,alias has buyer-specific or highly concentrated profile-domain evidence,HAS_PROFILE_DATA,False
A01980,conservatoire du littoral,16;17;33;75;79;85;86,180005019,LOW_SUPPORT_REVIEW_ONLY,1,conservatoire-du-littoral.fr;marches-publics.gouv.fr,,conservatoire-du-littoral.fr;marches-publics.gouv.fr,BUYER_SPECIFIC;GENERIC_PLATFORM,2,2019-03-15,2020-03-26,STRONG_SUPPORT,alias has buyer-specific or highly concentrated profile-domain evidence,HAS_PROFILE_DATA,False
A01981,conservatoire du littoral,16;17;33;85;86,180005019,LOW_SUPPORT_REVIEW_ONLY,1,conservatoire-du-littoral.fr;marches-publics.gouv.fr,,conservatoire-du-littoral.fr;marches-publics.gouv.fr,BUYER_SPECIFIC;GENERIC_PLATFORM,2,2019-03-15,2020-03-26,STRONG_SUPPORT,alias has buyer-specific or highly concentrated profile-domain evidence,HAS_PROFILE_DATA,False
A01982,conservatoire du littoral,17;22;29;35;44;56,180005019,LOW_SUPPORT_REVIEW_ONLY,1,conservatoire-du-littoral.fr;marches-publics.gouv.fr,,conservatoire-du-littoral.fr;marches-publics.gouv.fr,BUYER_SPECIFIC;GENERIC_PLATFORM,2,2019-03-15,2020-03-26,STRONG_SUPPORT,alias has buyer-specific or highly concentrated profile-domain evidence,HAS_PROFILE_DATA,False
A01983,conservatoire du littoral,17;22;35;44;56,180005019,LOW_SUPPORT_REVIEW_ONLY,1,conservatoire-du-littoral.fr;marches-publics.gouv.fr,,conservatoire-du-littoral.fr;marches-publics.gouv.fr,BUYER_SPECIFIC;GENERIC_PLATFORM,2,2019-03-15,2020-03-26,STRONG_SUPPORT,alias has buyer-specific or highly concentrated profile-domain evidence,HAS_PROFILE_DATA,False
A01984,conservatoire du littoral,17;33;75;79;85;86,180005019,LOW_SUPPORT_REVIEW_ONLY,1,conservatoire-du-littoral.fr;marches-publics.gouv.fr,,conservatoire-du-littoral.fr;marches-publics.gouv.fr,BUYER_SPECIFIC;GENERIC_PLATFORM,2,2019-03-15,2020-03-26,STRONG_SUPPORT,alias has buyer-specific or highly concentrated profile-domain evidence,HAS_PROFILE_DATA,False
A01985,conservatoire du littoral,17;35;44;56,180005019,LOW_SUPPORT_REVIEW_ONLY,1,conservatoire-du-littoral.fr;marches-publics.gouv.fr,,conservatoire-du-littoral.fr;marches-publics.gouv.fr,BUYER_SPECIFIC;GENERIC_PLATFORM,2,2019-03-15,2020-03-26,STRONG_SUPPORT,alias has buyer-specific or highly concentrated profile-domain evidence,HAS_PROFILE_DATA,False
A01986,conservatoire du littoral,22;29;35;44;49;50;53;56;61,180005019,LOW_SUPPORT_REVIEW_ONLY,1,conservatoire-du-littoral.fr;marches-publics.gouv.fr,,conservatoire-du-littoral.fr;marches-publics.gouv.fr,BUYER_SPECIFIC;GENERIC_PLATFORM,2,2019-03-15,2020-03-26,STRONG_SUPPORT,alias has buyer-specific or highly concentrated profile-domain evidence,HAS_PROFILE_DATA,False
A01987,conservatoire du littoral,22;29;35;44;53;56,180005019,LOW_SUPPORT_REVIEW_ONLY,1,conservatoire-du-littoral.fr;marches-publics.gouv.fr,,conservatoire-du-littoral.fr;marches-publics.gouv.fr,BUYER_SPECIFIC;GENERIC_PLATFORM,2,2019-03-15,2020-03-26,STRONG_SUPPORT,alias has buyer-specific or highly concentrated profile-domain evidence,HAS_PROFILE_DATA,False
A01988,conservatoire national des arts et met,31;34;44;69;75;91;92;93;94,197534712,LOW_SUPPORT_REVIEW_ONLY,1,,,,,0,,,NO_PROFILE_EVIDENCE,no normalized profile or participation domain for alias name,NO_PROFILE_DATA,False
A01989,conservatoire national des arts et metiers,50;72;75;78;93,197534712,LOW_SUPPORT_REVIEW_ONLY,1,,,,,0,,,NO_PROFILE_EVIDENCE,no normalized profile or participation domain for alias name,NO_PROFILE_DATA,False
A01990,conservatoire national des arts et metiers,72;75,197534712,LOW_SUPPORT_REVIEW_ONLY,1,,,,,0,,,NO_PROFILE_EVIDENCE,no normalized profile or participation domain for alias name,NO_PROFILE_DATA,False
A01991,conservatoire national des arts et metiers,72;75;93,197534712,LOW_SUPPORT_REVIEW_ONLY,1,,,,,0,,,NO_PROFILE_EVIDENCE,no normalized profile or participation domain for alias name,NO_PROFILE_DATA,False
A01992,conservatoire national des arts et metiers - cnam,72,197534712,LOW_SUPPORT_REVIEW_ONLY,1,,,,,0,,,NO_PROFILE_EVIDENCE,no normalized profile or participation domain for alias name,NO_PROFILE_DATA,False
A01993,conservatoire national des arts et metiers cnam - esgt,72;75,197534712,LOW_SUPPORT_REVIEW_ONLY,1,,,,,0,,,NO_PROFILE_EVIDENCE,no normalized profile or participation domain for alias name,NO_PROFILE_DATA,False
A01994,construction d une station d epuration en filtres plantes de roseaux d une capacite nominale de 165eh aux sorinieres,44,244400404,LOW_SUPPORT_REVIEW_ONLY,1,,,,,0,,,NO_PROFILE_EVIDENCE,no normalized profile or participation domain for alias name,NO_PROFILE_DATA,False
A01995,cour d appel de caen,14;27;35;50;61;72;76,171401110,LOW_SUPPORT_REVIEW_ONLY,1,,,,,0,,,NO_PROFILE_EVIDENCE,no normalized profile or participation domain for alias name,NO_PROFILE_DATA,False
A01996,cour d appel de caen,14;27;50;61;72;76,171401110,LOW_SUPPORT_REVIEW_ONLY,1,,,,,0,,,NO_PROFILE_EVIDENCE,no normalized profile or participation domain for alias name,NO_PROFILE_DATA,False
A01997,cour d appel de poitiers - service adminsitratif regional,16;17;33;85;86,178601118,LOW_SUPPORT_REVIEW_ONLY,1,,,,,0,,,NO_PROFILE_EVIDENCE,no normalized profile or participation domain for alias name,NO_PROFILE_DATA,False
A01998,cpam d indre et loire,18;36;37;41;45;72,775593916,LOW_SUPPORT_REVIEW_ONLY,1,,,,,0,,,NO_PROFILE_EVIDENCE,no normalized profile or participation domain for alias name,NO_PROFILE_DATA,False
A01999,cpam de loire atlantique mayenne et vendee,44;53;85,515163749,LOW_SUPPORT_REVIEW_ONLY,1,,,,,0,,,NO_PROFILE_EVIDENCE,no normalized profile or participation domain for alias name,NO_PROFILE_DATA,False
A02000,cpam de loire atlantique siret 51516374900010,44,515163749,LOW_SUPPORT_REVIEW_ONLY,1,,,,,0,,,NO_PROFILE_EVIDENCE,no normalized profile or participation domain for alias name,NO_PROFILE_DATA,False
A02001,cpam de maine et loire,44;49;53;72;85,515090686,LOW_SUPPORT_REVIEW_ONLY,1,achatpublic.com,,achatpublic.com,GENERIC_PLATFORM,1,2017-05-12,2017-05-12,NEUTRAL_SHARED_PLATFORM,only generic or shared institutional domains observed,HAS_PROFILE_DATA,False
A02002,cpam de maine et loire 32 rue louis gain 49937 angers cedex 9,37;44;49;53;72;85,515090686,LOW_SUPPORT_REVIEW_ONLY,1,,,,,0,,,NO_PROFILE_EVIDENCE,no normalized profile or participation domain for alias name,NO_PROFILE_DATA,False
A02003,cpam du calvados,14;50;61;72;76,780716171,LOW_SUPPORT_REVIEW_ONLY,1,achatpublic.com,,achatpublic.com,GENERIC_PLATFORM,1,2020-02-14,2020-02-14,NEUTRAL_SHARED_PLATFORM,only generic or shared institutional domains observed,HAS_PROFILE_DATA,False
A02004,cpam du val d oise,29;77;78;85;91;92;93;94;95,323391367,LOW_SUPPORT_REVIEW_ONLY,1,,,,,0,,,NO_PROFILE_EVIDENCE,no normalized profile or participation domain for alias name,NO_PROFILE_DATA,False
A02005,cpam du val d oise,72;75;77;78;91;92;93;94;95,323391367,LOW_SUPPORT_REVIEW_ONLY,1,,,,,0,,,NO_PROFILE_EVIDENCE,no normalized profile or participation domain for alias name,NO_PROFILE_DATA,False
A02006,cpam maine et loire,35;44;49;53;72;85,515090686,LOW_SUPPORT_REVIEW_ONLY,1,,,,,0,,,NO_PROFILE_EVIDENCE,no normalized profile or participation domain for alias name,NO_PROFILE_DATA,False
A02007,cpam maine et loire,35;44;49;72;75;78;85;91,515090686,LOW_SUPPORT_REVIEW_ONLY,1,,,,,0,,,NO_PROFILE_EVIDENCE,no normalized profile or participation domain for alias name,NO_PROFILE_DATA,False
A02008,cpam maine et loire,44;49;72;75,515090686,LOW_SUPPORT_REVIEW_ONLY,1,,,,,0,,,NO_PROFILE_EVIDENCE,no normalized profile or participation domain for alias name,NO_PROFILE_DATA,False
A02009,cpam orne,14;27;28;35;50;53;61;72,780937769,LOW_SUPPORT_REVIEW_ONLY,1,,,,,0,,,NO_PROFILE_EVIDENCE,no normalized profile or participation domain for alias name,NO_PROFILE_DATA,False
A02010,credit municipal strasbourg,44;67;68;75;95,266700715,LOW_SUPPORT_REVIEW_ONLY,1,,,,,0,,,NO_PROFILE_EVIDENCE,no normalized profile or participation domain for alias name,NO_PROFILE_DATA,False
A02011,crescendo agissant au nom et pour le compte de l ifacom,85,823848114,LOW_SUPPORT_REVIEW_ONLY,1,,,,,0,,,NO_PROFILE_EVIDENCE,no normalized profile or participation domain for alias name,NO_PROFILE_DATA,False
A02012,crous d orleans tours,18;28;36;37;41;45;72;75;89,184500213,LOW_SUPPORT_REVIEW_ONLY,1,,,,,0,,,NO_PROFILE_EVIDENCE,no normalized profile or participation domain for alias name,NO_PROFILE_DATA,False
A02013,crous d orleans tours,18;28;36;37;41;45;72;78;91,184500213,LOW_SUPPORT_REVIEW_ONLY,1,,,,,0,,,NO_PROFILE_EVIDENCE,no normalized profile or participation domain for alias name,NO_PROFILE_DATA,False
A02014,crous de nantes,29;37;44;49;50;53;56;72;85,184401321,LOW_SUPPORT_REVIEW_ONLY,1,achatpublic.com,achatpublic.com,achatpublic.com,GENERIC_PLATFORM,2,2020-06-14,2020-06-14,NEUTRAL_SHARED_PLATFORM,only generic or shared institutional domains observed,HAS_PROFILE_DATA,False
A02015,crous de nantes,44;49;53;75,184401321,LOW_SUPPORT_REVIEW_ONLY,1,achatpublic.com,achatpublic.com,achatpublic.com,GENERIC_PLATFORM,2,2020-06-14,2020-06-14,NEUTRAL_SHARED_PLATFORM,only generic or shared institutional domains observed,HAS_PROFILE_DATA,False
A02016,crous de nantes,44;49;72;85,184401321,LOW_SUPPORT_REVIEW_ONLY,1,achatpublic.com,achatpublic.com,achatpublic.com,GENERIC_PLATFORM,2,2020-06-14,2020-06-14,NEUTRAL_SHARED_PLATFORM,only generic or shared institutional domains observed,HAS_PROFILE_DATA,False
A02017,crous de nantes,49,184401321,LOW_SUPPORT_REVIEW_ONLY,1,achatpublic.com,achatpublic.com,achatpublic.com,GENERIC_PLATFORM,2,2020-06-14,2020-06-14,NEUTRAL_SHARED_PLATFORM,only generic or shared institutional domains observed,HAS_PROFILE_DATA,False
A02018,crous de nantes etablissement public au service de la vie etudiante,29;35;44;49;53;56;72;83;85,184401321,LOW_SUPPORT_REVIEW_ONLY,1,,,,,0,,,NO_PROFILE_EVIDENCE,no normalized profile or participation domain for alias name,NO_PROFILE_DATA,False
A02019,crous de nantes pays de la loire,14;17;29;41;44;49;56;72;85,184401321,LOW_SUPPORT_REVIEW_ONLY,1,,,,,0,,,NO_PROFILE_EVIDENCE,no normalized profile or participation domain for alias name,NO_PROFILE_DATA,False
A02020,crous de nantes pays de la loire,17;35;42;44;49;53;56;72;85,184401321,LOW_SUPPORT_REVIEW_ONLY,1,,,,,0,,,NO_PROFILE_EVIDENCE,no normalized profile or participation domain for alias name,NO_PROFILE_DATA,False
A02021,crous de nantes pays de la loire,29;35;44;49,184401321,LOW_SUPPORT_REVIEW_ONLY,1,,,,,0,,,NO_PROFILE_EVIDENCE,no normalized profile or participation domain for alias name,NO_PROFILE_DATA,False
A02022,crous de nantes pays de la loire,29;35;44;49;53;56;72;85,184401321,LOW_SUPPORT_REVIEW_ONLY,1,,,,,0,,,NO_PROFILE_EVIDENCE,no normalized profile or participation domain for alias name,NO_PROFILE_DATA,False
A02023,crous de nantes pays de la loire,35;44;49;53;56;72;85;92,184401321,LOW_SUPPORT_REVIEW_ONLY,1,,,,,0,,,NO_PROFILE_EVIDENCE,no normalized profile or participation domain for alias name,NO_PROFILE_DATA,False
A02024,crous de nantes pays de la loire,35;44;49;56;75;78;85;92;94,184401321,LOW_SUPPORT_REVIEW_ONLY,1,,,,,0,,,NO_PROFILE_EVIDENCE,no normalized profile or participation domain for alias name,NO_PROFILE_DATA,False
A02025,crous de nantes pays de la loire,35;44;53;56;69;72;75;76;92,184401321,LOW_SUPPORT_REVIEW_ONLY,1,,,,,0,,,NO_PROFILE_EVIDENCE,no normalized profile or participation domain for alias name,NO_PROFILE_DATA,False
A02026,crous de nantes pays de la loire,43;49;53;72;85,184401321,LOW_SUPPORT_REVIEW_ONLY,1,,,,,0,,,NO_PROFILE_EVIDENCE,no normalized profile or participation domain for alias name,NO_PROFILE_DATA,False
A02027,cte cne pontchateau-st gildas des bois,44,200000438,LOW_SUPPORT_REVIEW_ONLY,1,cc-paysdepontchateau.synapse-ouest.fr,cc-paysdepontchateau.synapse-ouest.fr,cc-paysdepontchateau.synapse-ouest.fr,BUYER_SPECIFIC,2,2019-12-11,2019-12-11,STRONG_SUPPORT,alias has buyer-specific or highly concentrated profile-domain evidence,HAS_PROFILE_DATA,False
A02028,cte communes erdre et gesvres,44,244400503,LOW_SUPPORT_REVIEW_ONLY,1,,,,,0,,,NO_PROFILE_EVIDENCE,no normalized profile or participation domain for alias name,NO_PROFILE_DATA,False
A02029,cte de cnes du pays d ancenis,35;44;53,244400552,LOW_SUPPORT_REVIEW_ONLY,1,pays-ancenis.com;pays-ancenis.e-marchespublics.com,,pays-ancenis.com;pays-ancenis.e-marchespublics.com,GENERIC_PLATFORM;HIGHLY_CONCENTRATED,3,2019-03-20,2020-08-21,STRONG_SUPPORT,alias has buyer-specific or highly concentrated profile-domain evidence,HAS_PROFILE_DATA,False
A02030,cte de communes du pays des herbiers,44;49;85,248500621,LOW_SUPPORT_REVIEW_ONLY,1,marches-securises.fr;marchespublics85.fr,,marches-securises.fr;marchespublics85.fr,AMBIGUOUS;GENERIC_PLATFORM,2,2015-03-05,2019-10-02,AMBIGUOUS,domain specificity is mixed or ambiguous,HAS_PROFILE_DATA,True
A02031,cte de communes du pays des herbiers,44;85,248500621,LOW_SUPPORT_REVIEW_ONLY,1,marches-securises.fr;marchespublics85.fr,,marches-securises.fr;marchespublics85.fr,AMBIGUOUS;GENERIC_PLATFORM,2,2015-03-05,2019-10-02,AMBIGUOUS,domain specificity is mixed or ambiguous,HAS_PROFILE_DATA,True
A02032,cte de communes haute sarthe mancelles,53;61;72,200072700,LOW_SUPPORT_REVIEW_ONLY,1,,,,,0,,,NO_PROFILE_EVIDENCE,no normalized profile or participation domain for alias name,NO_PROFILE_DATA,False
A02033,cte reg peches maritimes elevages mari,44;85,442954400,LOW_SUPPORT_REVIEW_ONLY,1,,,,,0,,,NO_PROFILE_EVIDENCE,no normalized profile or participation domain for alias name,NO_PROFILE_DATA,False
A02034,cte tourisme iles de guadeloupe,29;34;44;75;84;95,839308988,LOW_SUPPORT_REVIEW_ONLY,1,,,,,0,,,NO_PROFILE_EVIDENCE,no normalized profile or participation domain for alias name,NO_PROFILE_DATA,False
A02035,cti angers 1 rue bouche thomas 49000 angers,35;44;49;53;72;85,380632166,LOW_SUPPORT_REVIEW_ONLY,1,,,,,0,,,NO_PROFILE_EVIDENCE,no normalized profile or participation domain for alias name,NO_PROFILE_DATA,False
A02036,cti angers 1 rue bouche thomas 49037 angers cedex 01,35;44;49;53;72;85,380632166,LOW_SUPPORT_REVIEW_ONLY,1,,,,,0,,,NO_PROFILE_EVIDENCE,no normalized profile or participation domain for alias name,NO_PROFILE_DATA,False
A02037,ctre com action sociale de bouchemaine,49,264904996,LOW_SUPPORT_REVIEW_ONLY,1,,,,,0,,,NO_PROFILE_EVIDENCE,no normalized profile or participation domain for alias name,NO_PROFILE_DATA,False
A02038,ctre de gest fonction pub territoriale,22;35;44,283503563,LOW_SUPPORT_REVIEW_ONLY,1,centraledesmarches.com;demat.centraledesmarches.com,demat.centraledesmarches.com,centraledesmarches.com;demat.centraledesmarches.com,GENERIC_PLATFORM,4,2019-08-29,2020-03-28,NEUTRAL_SHARED_PLATFORM,only generic or shared institutional domains observed,HAS_PROFILE_DATA,False
A02039,ddetspp 79,16;17;33;79;85;86,130027469,LOW_SUPPORT_REVIEW_ONLY,1,,,,,0,,,NO_PROFILE_EVIDENCE,no normalized profile or participation domain for alias name,NO_PROFILE_DATA,False
A02040,ddfip de la sarthe,35;36;37;44;49;53;61;72,130013063,LOW_SUPPORT_REVIEW_ONLY,1,,,,,0,,,NO_PROFILE_EVIDENCE,no normalized profile or participation domain for alias name,NO_PROFILE_DATA,False
A02041,ddfip du morbihan,22;29;35;44;56,130010184,LOW_SUPPORT_REVIEW_ONLY,1,,,,,0,,,NO_PROFILE_EVIDENCE,no normalized profile or participation domain for alias name,NO_PROFILE_DATA,False
A02042,ddfip loir et cher,18;21;28;37;41;44;45;49;89,130013253,LOW_SUPPORT_REVIEW_ONLY,1,,,,,0,,,NO_PROFILE_EVIDENCE,no normalized profile or participation domain for alias name,NO_PROFILE_DATA,False
A02043,ddt de l orne,61;72,130010788,LOW_SUPPORT_REVIEW_ONLY,1,,,,,0,,,NO_PROFILE_EVIDENCE,no normalized profile or participation domain for alias name,NO_PROFILE_DATA,False
A02044,ddtm de la manche,35;50;53;61,130008170,LOW_SUPPORT_REVIEW_ONLY,1,,,,,0,,,NO_PROFILE_EVIDENCE,no normalized profile or participation domain for alias name,NO_PROFILE_DATA,False
A02045,deconstruction reconstruction de la maison de quartier doulon- consultation des bureaux d etudes specialises pour la constitution de l equipe de maitrise d œuvre du batii,44,214401093,LOW_SUPPORT_REVIEW_ONLY,1,,,,,0,,,NO_PROFILE_EVIDENCE,no normalized profile or participation domain for alias name,NO_PROFILE_DATA,False
A02046,delegataire de service public,22;29;35;44;56,797819034,LOW_SUPPORT_REVIEW_ONLY,1,,,,,0,,,NO_PROFILE_EVIDENCE,no normalized profile or participation domain for alias name,NO_PROFILE_DATA,False
A02047,delegation interregionale du secretariat general du ministere de la justice,14;35;44;75,130005093,LOW_SUPPORT_REVIEW_ONLY,1,,,,,0,,,NO_PROFILE_EVIDENCE,no normalized profile or participation domain for alias name,NO_PROFILE_DATA,False
A02048,departement d ille et vilaine,22;29;35;53;56,223500018,LOW_SUPPORT_REVIEW_ONLY,1,e-megalisbretagne.org;ille-et-vilaine.fr;ille.et.vilaine.fr;marche.e-megalisbretagne.org;marches.-megalisbretagne.org;marches.e-megalis.org;marches.e-megalisbretagen.org;marches.e-megalisbretagne.org;marches.e-megalisbretgne.org;marches.e-meglisbretagne.org;marches.megalisbretagne.bzh;marches.megalisbretagne.org;megalisbretagne.bzh;megalisbretagne.org,megalis.bretagne.bzh,e-megalisbretagne.org;ille-et-vilaine.fr;ille.et.vilaine.fr;marche.e-megalisbretagne.org;marches.-megalisbretagne.org;marches.e-megalis.org;marches.e-megalisbretagen.org;marches.e-megalisbretagne.org;marches.e-megalisbretgne.org;marches.e-meglisbretagne.org;marches.megalisbretagne.bzh;marches.megalisbretagne.org;megalis.bretagne.bzh;megalisbretagne.bzh;megalisbretagne.org,AMBIGUOUS;GENERIC_PLATFORM;SHARED_INSTITUTIONAL,19,2015-04-30,2020-12-08,WEAK_SUPPORT,limited or moderately informative domain evidence without contradiction,HAS_PROFILE_DATA,False
A02049,departement de l isere,26;38;72;73,223800012,LOW_SUPPORT_REVIEW_ONLY,1,elegia.achatpublic.com;marches-publics.info,,elegia.achatpublic.com;marches-publics.info,GENERIC_PLATFORM,2,2020-10-30,2020-12-19,NEUTRAL_SHARED_PLATFORM,only generic or shared institutional domains observed,HAS_PROFILE_DATA,False
A02050,departement de la vienne,16;17;33;44;79;86,228600011,LOW_SUPPORT_REVIEW_ONLY,1,marches.departement86.fr;marches.local-trust.com,,marches.departement86.fr;marches.local-trust.com,GENERIC_PLATFORM;SHARED_INSTITUTIONAL,3,2016-02-17,2019-03-26,NEUTRAL_SHARED_PLATFORM,only generic or shared institutional domains observed,HAS_PROFILE_DATA,False
A02051,departement de maine-et-loire,35;37;44;49;72;79;85;86,224900019,LOW_SUPPORT_REVIEW_ONLY,1,anjoumarchespublics.fr,,anjoumarchespublics.fr,GENERIC_PLATFORM,2,2017-09-25,2020-12-23,NEUTRAL_SHARED_PLATFORM,only generic or shared institutional domains observed,HAS_PROFILE_DATA,False
A02052,departement de maine-et-loire,44;49;53;72;79;85;86,224900019,LOW_SUPPORT_REVIEW_ONLY,1,anjoumarchespublics.fr,,anjoumarchespublics.fr,GENERIC_PLATFORM,2,2017-09-25,2020-12-23,NEUTRAL_SHARED_PLATFORM,only generic or shared institutional domains observed,HAS_PROFILE_DATA,False
A02053,departement de maine-et-loire,44;49;53;72;85,224900019,LOW_SUPPORT_REVIEW_ONLY,1,anjoumarchespublics.fr,,anjoumarchespublics.fr,GENERIC_PLATFORM,2,2017-09-25,2020-12-23,NEUTRAL_SHARED_PLATFORM,only generic or shared institutional domains observed,HAS_PROFILE_DATA,False
A02054,departement de maine-et-loire hotel du departement - difaje-scpa cs 94104 - 49941 angers cedex 9,49,224900019,LOW_SUPPORT_REVIEW_ONLY,1,,,,,0,,,NO_PROFILE_EVIDENCE,no normalized profile or participation domain for alias name,NO_PROFILE_DATA,False
A02055,departement de maine-et-loire hotel du departement difaje scpa dm cs 94104 49941 angers cedex 9,49,224900019,LOW_SUPPORT_REVIEW_ONLY,1,,,,,0,,,NO_PROFILE_EVIDENCE,no normalized profile or participation domain for alias name,NO_PROFILE_DATA,False
A02056,departement de maine-et-loire point s de contact service de la commande publique et des assurances,49,224900019,LOW_SUPPORT_REVIEW_ONLY,1,,,,,0,,,NO_PROFILE_EVIDENCE,no normalized profile or participation domain for alias name,NO_PROFILE_DATA,False
A02057,departement des cotes d armor,22;29;35;44,222200016,LOW_SUPPORT_REVIEW_ONLY,1,cotesdarmor.fr;e-megalisbretagne.org;marche.megalisbretagne.org;marches.e-megalisbretagne.org;marches.megalisbretagne.org;megalisbretagne.org,cotesdarmor.fr;e-megalisbretagne.org;marches.e-megalisbretagne.org,cotesdarmor.fr;e-megalisbretagne.org;marche.megalisbretagne.org;marches.e-megalisbretagne.org;marches.megalisbretagne.org;megalisbretagne.org,GENERIC_PLATFORM;SHARED_INSTITUTIONAL,13,2017-06-24,2020-11-20,NEUTRAL_SHARED_PLATFORM,only generic or shared institutional domains observed,HAS_PROFILE_DATA,False
A02058,departement des cotes d armor,22;29;35;44;59;72,222200016,LOW_SUPPORT_REVIEW_ONLY,1,cotesdarmor.fr;e-megalisbretagne.org;marche.megalisbretagne.org;marches.e-megalisbretagne.org;marches.megalisbretagne.org;megalisbretagne.org,cotesdarmor.fr;e-megalisbretagne.org;marches.e-megalisbretagne.org,cotesdarmor.fr;e-megalisbretagne.org;marche.megalisbretagne.org;marches.e-megalisbretagne.org;marches.megalisbretagne.org;megalisbretagne.org,GENERIC_PLATFORM;SHARED_INSTITUTIONAL,13,2017-06-24,2020-11-20,NEUTRAL_SHARED_PLATFORM,only generic or shared institutional domains observed,HAS_PROFILE_DATA,False
A02059,departement des cotes d armor,22;29;35;56;72,222200016,LOW_SUPPORT_REVIEW_ONLY,1,cotesdarmor.fr;e-megalisbretagne.org;marche.megalisbretagne.org;marches.e-megalisbretagne.org;marches.megalisbretagne.org;megalisbretagne.org,cotesdarmor.fr;e-megalisbretagne.org;marches.e-megalisbretagne.org,cotesdarmor.fr;e-megalisbretagne.org;marche.megalisbretagne.org;marches.e-megalisbretagne.org;marches.megalisbretagne.org;megalisbretagne.org,GENERIC_PLATFORM;SHARED_INSTITUTIONAL,13,2017-06-24,2020-11-20,NEUTRAL_SHARED_PLATFORM,only generic or shared institutional domains observed,HAS_PROFILE_DATA,False
A02060,departement du finistere 32 boulevard dupleix 29196 quimper,22;29;35;44;56,222900011,LOW_SUPPORT_REVIEW_ONLY,1,,,,,0,,,NO_PROFILE_EVIDENCE,no normalized profile or participation domain for alias name,NO_PROFILE_DATA,False
A02061,destination domfront bagnoles,14;27;50;53;61;76,982935934,LOW_SUPPORT_REVIEW_ONLY,1,,,,,0,,,NO_PROFILE_EVIDENCE,no normalized profile or participation domain for alias name,NO_PROFILE_DATA,False
A02062,dgac dsna,14;29;35;37;44,120064019,LOW_SUPPORT_REVIEW_ONLY,1,,,,,0,,,NO_PROFILE_EVIDENCE,no normalized profile or participation domain for alias name,NO_PROFILE_DATA,False
A02063,dgac dsna,44,120064019,LOW_SUPPORT_REVIEW_ONLY,1,,,,,0,,,NO_PROFILE_EVIDENCE,no normalized profile or participation domain for alias name,NO_PROFILE_DATA,False
A02064,dgac dsna dsr sdfi dsa pamdo,14;29;35;37;44,120064019,LOW_SUPPORT_REVIEW_ONLY,1,,,,,0,,,NO_PROFILE_EVIDENCE,no normalized profile or participation domain for alias name,NO_PROFILE_DATA,False
A02065,dgac snia,35;44;49;53;56;72;85,120064019,LOW_SUPPORT_REVIEW_ONLY,1,,,,,0,,,NO_PROFILE_EVIDENCE,no normalized profile or participation domain for alias name,NO_PROFILE_DATA,False
A02066,dgac-dsna-dsr-sdfi-dsa-pa,29;44;50;61,120064019,LOW_SUPPORT_REVIEW_ONLY,1,,,,,0,,,NO_PROFILE_EVIDENCE,no normalized profile or participation domain for alias name,NO_PROFILE_DATA,False
A02067,dgampa,22;29;35;44;56;75;92,130030018,LOW_SUPPORT_REVIEW_ONLY,1,,,,,0,,,NO_PROFILE_EVIDENCE,no normalized profile or participation domain for alias name,NO_PROFILE_DATA,False
A02068,dinan agglomeration,22;35;44;50,200068989,LOW_SUPPORT_REVIEW_ONLY,1,dinan-agglomeration.fr;marches.e-megalisbretagne.fr;marches.e-megalisbretagne.org;marches.megalis.bretagne.bzh;marches.megalisbretagne.org;marches.meglisbretagne.org;megalis.bretagne.bzh;megalisbretagne.fr;megalisbretagne.org,marches.megalis.bretagne.bzh,dinan-agglomeration.fr;marches.e-megalisbretagne.fr;marches.e-megalisbretagne.org;marches.megalis.bretagne.bzh;marches.megalisbretagne.org;marches.meglisbretagne.org;megalis.bretagne.bzh;megalisbretagne.fr;megalisbretagne.org,GENERIC_PLATFORM;SHARED_INSTITUTIONAL,11,2017-04-27,2020-10-09,NEUTRAL_SHARED_PLATFORM,only generic or shared institutional domains observed,HAS_PROFILE_DATA,False
A02069,dir interdepartementale des rte ouest,22;29;35;44;49;53;56,130001704,LOW_SUPPORT_REVIEW_ONLY,1,marches-publics.gouv.fr,,marches-publics.gouv.fr,GENERIC_PLATFORM,1,2020-07-10,2020-07-10,NEUTRAL_SHARED_PLATFORM,only generic or shared institutional domains observed,HAS_PROFILE_DATA,False
A02070,dir nord-ouest,14;27;35;44;50;53;61;72;76,130001696,LOW_SUPPORT_REVIEW_ONLY,1,marches-publics.gouv.fr,,marches-publics.gouv.fr,GENERIC_PLATFORM,1,2015-08-31,2015-08-31,NEUTRAL_SHARED_PLATFORM,only generic or shared institutional domains observed,HAS_PROFILE_DATA,False
A02071,dir nord-ouest,18;28;36;37;41;45;61;72;76,130001696,LOW_SUPPORT_REVIEW_ONLY,1,marches-publics.gouv.fr,,marches-publics.gouv.fr,GENERIC_PLATFORM,1,2015-08-31,2015-08-31,NEUTRAL_SHARED_PLATFORM,only generic or shared institutional domains observed,HAS_PROFILE_DATA,False
A02072,dir ouest,22;29;35;44;49;53;56;72;85,130001704,LOW_SUPPORT_REVIEW_ONLY,1,marches-publics.gouv.fr,marches-publics.gouv.fr,marches-publics.gouv.fr,GENERIC_PLATFORM,5,2019-06-14,2020-08-27,NEUTRAL_SHARED_PLATFORM,only generic or shared institutional domains observed,HAS_PROFILE_DATA,False
A02073,dir ouest,22;29;35;44;50;53;56,130001704,LOW_SUPPORT_REVIEW_ONLY,1,marches-publics.gouv.fr,marches-publics.gouv.fr,marches-publics.gouv.fr,GENERIC_PLATFORM,5,2019-06-14,2020-08-27,NEUTRAL_SHARED_PLATFORM,only generic or shared institutional domains observed,HAS_PROFILE_DATA,False
A02074,dir ouest,22;29;35;44;53;56;75;78,130001704,LOW_SUPPORT_REVIEW_ONLY,1,marches-publics.gouv.fr,marches-publics.gouv.fr,marches-publics.gouv.fr,GENERIC_PLATFORM,5,2019-06-14,2020-08-27,NEUTRAL_SHARED_PLATFORM,only generic or shared institutional domains observed,HAS_PROFILE_DATA,False
A02075,dir ouest,22;35;44;50;53;56,130001704,LOW_SUPPORT_REVIEW_ONLY,1,marches-publics.gouv.fr,marches-publics.gouv.fr,marches-publics.gouv.fr,GENERIC_PLATFORM,5,2019-06-14,2020-08-27,NEUTRAL_SHARED_PLATFORM,only generic or shared institutional domains observed,HAS_PROFILE_DATA,False
A02076,dir ouest,22;35;44;56,130001704,LOW_SUPPORT_REVIEW_ONLY,1,marches-publics.gouv.fr,marches-publics.gouv.fr,marches-publics.gouv.fr,GENERIC_PLATFORM,5,2019-06-14,2020-08-27,NEUTRAL_SHARED_PLATFORM,only generic or shared institutional domains observed,HAS_PROFILE_DATA,False
A02077,dir ouest,35;44;49;53;56;85,130001704,LOW_SUPPORT_REVIEW_ONLY,1,marches-publics.gouv.fr,marches-publics.gouv.fr,marches-publics.gouv.fr,GENERIC_PLATFORM,5,2019-06-14,2020-08-27,NEUTRAL_SHARED_PLATFORM,only generic or shared institutional domains observed,HAS_PROFILE_DATA,False
A02078,dir ouest,35;44;49;56,130001704,LOW_SUPPORT_REVIEW_ONLY,1,marches-publics.gouv.fr,marches-publics.gouv.fr,marches-publics.gouv.fr,GENERIC_PLATFORM,5,2019-06-14,2020-08-27,NEUTRAL_SHARED_PLATFORM,only generic or shared institutional domains observed,HAS_PROFILE_DATA,False
A02079,dir ouest,35;44;75;77;78;91;92;93;94,130001704,LOW_SUPPORT_REVIEW_ONLY,1,marches-publics.gouv.fr,marches-publics.gouv.fr,marches-publics.gouv.fr,GENERIC_PLATFORM,5,2019-06-14,2020-08-27,NEUTRAL_SHARED_PLATFORM,only generic or shared institutional domains observed,HAS_PROFILE_DATA,False
A02080,dir ouest,35;44;91,130001704,LOW_SUPPORT_REVIEW_ONLY,1,marches-publics.gouv.fr,marches-publics.gouv.fr,marches-publics.gouv.fr,GENERIC_PLATFORM,5,2019-06-14,2020-08-27,NEUTRAL_SHARED_PLATFORM,only generic or shared institutional domains observed,HAS_PROFILE_DATA,False
A02081,dir ouest smt,22;29;35;44;49;53;56,130001704,LOW_SUPPORT_REVIEW_ONLY,1,,,,,0,,,NO_PROFILE_EVIDENCE,no normalized profile or participation domain for alias name,NO_PROFILE_DATA,False
A02082,direction administration penitentiaire,13;31;33;35;44;59;67;75,120012018,LOW_SUPPORT_REVIEW_ONLY,1,,,,,0,,,NO_PROFILE_EVIDENCE,no normalized profile or participation domain for alias name,NO_PROFILE_DATA,False
A02083,direction administration penitentiaire,13;31;33;44;59;69;75,120012018,LOW_SUPPORT_REVIEW_ONLY,1,,,,,0,,,NO_PROFILE_EVIDENCE,no normalized profile or participation domain for alias name,NO_PROFILE_DATA,False
A02084,direction cybersecurite cloud et ia,44,254402530,LOW_SUPPORT_REVIEW_ONLY,1,,,,,0,,,NO_PROFILE_EVIDENCE,no normalized profile or participation domain for alias name,NO_PROFILE_DATA,False
A02085,direction d administration centrale dgac,22;29;35;44;56,120064019,LOW_SUPPORT_REVIEW_ONLY,1,,,,,0,,,NO_PROFILE_EVIDENCE,no normalized profile or participation domain for alias name,NO_PROFILE_DATA,False
A02086,direction de l administration penitentaire,13;31;33;35;44;59;67;69;75,120012018,LOW_SUPPORT_REVIEW_ONLY,1,,,,,0,,,NO_PROFILE_EVIDENCE,no normalized profile or participation domain for alias name,NO_PROFILE_DATA,False
A02087,direction de l administration penitentiaire,13;21;31;33;35;44;67;69;75,120012018,LOW_SUPPORT_REVIEW_ONLY,1,,,,,0,,,NO_PROFILE_EVIDENCE,no normalized profile or participation domain for alias name,NO_PROFILE_DATA,False
A02088,direction de l administration penitentiaire,13;21;31;33;44;59;67;69;75,120012018,LOW_SUPPORT_REVIEW_ONLY,1,,,,,0,,,NO_PROFILE_EVIDENCE,no normalized profile or participation domain for alias name,NO_PROFILE_DATA,False
A02089,direction de l administration penitentiaire,13;31;33;35;44;67;75,120012018,LOW_SUPPORT_REVIEW_ONLY,1,,,,,0,,,NO_PROFILE_EVIDENCE,no normalized profile or participation domain for alias name,NO_PROFILE_DATA,False
A02090,direction de l administration penitentiaire,13;33;35;44;57;67;69;75,120012018,LOW_SUPPORT_REVIEW_ONLY,1,,,,,0,,,NO_PROFILE_EVIDENCE,no normalized profile or participation domain for alias name,NO_PROFILE_DATA,False
A02091,direction de l administration penitentiaire,13;33;44;59;67;69;75,120012018,LOW_SUPPORT_REVIEW_ONLY,1,,,,,0,,,NO_PROFILE_EVIDENCE,no normalized profile or participation domain for alias name,NO_PROFILE_DATA,False
A02092,direction de l education,44;49;53;72;85,234400034,LOW_SUPPORT_REVIEW_ONLY,1,,,,,0,,,NO_PROFILE_EVIDENCE,no normalized profile or participation domain for alias name,NO_PROFILE_DATA,False
A02093,direction dep fin publiques morbihan,22;29;35;44;56,130010184,LOW_SUPPORT_REVIEW_ONLY,1,,,,,0,,,NO_PROFILE_EVIDENCE,no normalized profile or participation domain for alias name,NO_PROFILE_DATA,False
A02094,direction departementale des finances publiques d indre et loire,37;41;45;49;86,130014780,LOW_SUPPORT_REVIEW_ONLY,1,,,,,0,,,NO_PROFILE_EVIDENCE,no normalized profile or participation domain for alias name,NO_PROFILE_DATA,False
A02095,direction departementale des finances publiques d indre-et-loire,37;41;45;49,130014780,LOW_SUPPORT_REVIEW_ONLY,1,,,,,0,,,NO_PROFILE_EVIDENCE,no normalized profile or participation domain for alias name,NO_PROFILE_DATA,False
A02096,direction departementale des finances publiques des deux sevres,16;17;79;85;86,130008436,LOW_SUPPORT_REVIEW_ONLY,1,,,,,0,,,NO_PROFILE_EVIDENCE,no normalized profile or participation domain for alias name,NO_PROFILE_DATA,False
A02097,direction departementale des territoires et de la mer ddtm - ille-et-vilaine,35;44;56,130010937,LOW_SUPPORT_REVIEW_ONLY,1,,,,,0,,,NO_PROFILE_EVIDENCE,no normalized profile or participation domain for alias name,NO_PROFILE_DATA,False
A02098,direction departementale des territoires et de la mer de l herault,11;13;30;31;33;34;44;69;75,130008568,LOW_SUPPORT_REVIEW_ONLY,1,,,,,0,,,NO_PROFILE_EVIDENCE,no normalized profile or participation domain for alias name,NO_PROFILE_DATA,False
A02099,direction du patrimoine et du developpement,49,063200059,LOW_SUPPORT_REVIEW_ONLY,1,,,,,0,,,NO_PROFILE_EVIDENCE,no normalized profile or participation domain for alias name,NO_PROFILE_DATA,False
A02100,direction generale de l aviation civile service national d ingenierie aeroportuaire,29;35;44;56,120064019,LOW_SUPPORT_REVIEW_ONLY,1,,,,,0,,,NO_PROFILE_EVIDENCE,no normalized profile or participation domain for alias name,NO_PROFILE_DATA,False
A02101,direction generale des douanes et droits indirects musee national des douanes,13;31;33;44;64;69;75;86;87,173302308,LOW_SUPPORT_REVIEW_ONLY,1,,,,,0,,,NO_PROFILE_EVIDENCE,no normalized profile or participation domain for alias name,NO_PROFILE_DATA,False
A02102,direction generale des services,44,214401788,LOW_SUPPORT_REVIEW_ONLY,1,,,,,0,,,NO_PROFILE_EVIDENCE,no normalized profile or participation domain for alias name,NO_PROFILE_DATA,False
A02103,direction gestion et prevention des dechets,44,200067346,LOW_SUPPORT_REVIEW_ONLY,1,,,,,0,,,NO_PROFILE_EVIDENCE,no normalized profile or participation domain for alias name,NO_PROFILE_DATA,False
A02104,direction interdepartementale des routes ouest,35;44;49;56,130001704,LOW_SUPPORT_REVIEW_ONLY,1,,,,,0,,,NO_PROFILE_EVIDENCE,no normalized profile or participation domain for alias name,NO_PROFILE_DATA,False
A02105,direction interdepartementale des routes ouest dir ouest,22;29;35;44;49;53;56,130001704,LOW_SUPPORT_REVIEW_ONLY,1,,,,,0,,,NO_PROFILE_EVIDENCE,no normalized profile or participation domain for alias name,NO_PROFILE_DATA,False
A02106,direction interdepartementale des routes ouest dir ouest,35;44,130001704,LOW_SUPPORT_REVIEW_ONLY,1,,,,,0,,,NO_PROFILE_EVIDENCE,no normalized profile or participation domain for alias name,NO_PROFILE_DATA,False
A02107,direction interregionale de la mer - nord atlantique manche ouest dirm namo,22;29;35;44;56,130011778,LOW_SUPPORT_REVIEW_ONLY,1,,,,,0,,,NO_PROFILE_EVIDENCE,no normalized profile or participation domain for alias name,NO_PROFILE_DATA,False
A02108,direction interregionale de la mer nord atlantique-manche ouest,29;44,130011778,LOW_SUPPORT_REVIEW_ONLY,1,,,,,0,,,NO_PROFILE_EVIDENCE,no normalized profile or participation domain for alias name,NO_PROFILE_DATA,False
A02109,direction interregionale des services penitentiaires de dijon,27;28;41;45;61;72;77;78;91,172101206,LOW_SUPPORT_REVIEW_ONLY,1,,,,,0,,,NO_PROFILE_EVIDENCE,no normalized profile or participation domain for alias name,NO_PROFILE_DATA,False
A02110,direction interregionale des services penitentiaires de rennes,35;85,173501206,LOW_SUPPORT_REVIEW_ONLY,1,,,,,0,,,NO_PROFILE_EVIDENCE,no normalized profile or participation domain for alias name,NO_PROFILE_DATA,False
A02111,direction interregionale des services penitentiaires de rennes,44;85,173501206,LOW_SUPPORT_REVIEW_ONLY,1,,,,,0,,,NO_PROFILE_EVIDENCE,no normalized profile or participation domain for alias name,NO_PROFILE_DATA,False
A02112,direction patrimoine et developpement,49,063200059,LOW_SUPPORT_REVIEW_ONLY,1,,,,,0,,,NO_PROFILE_EVIDENCE,no normalized profile or participation domain for alias name,NO_PROFILE_DATA,False
A02113,direction prevention et gestion des dechets,44,200067346,LOW_SUPPORT_REVIEW_ONLY,1,,,,,0,,,NO_PROFILE_EVIDENCE,no normalized profile or participation domain for alias name,NO_PROFILE_DATA,False
A02114,direction regionale des affaires culturelles des pays de la loire,44;49;53;72;85,174404608,LOW_SUPPORT_REVIEW_ONLY,1,,,,,0,,,NO_PROFILE_EVIDENCE,no normalized profile or participation domain for alias name,NO_PROFILE_DATA,False
A02115,direction regionale des affaires culturelles du pays de la loire,49,174404608,LOW_SUPPORT_REVIEW_ONLY,1,,,,,0,,,NO_PROFILE_EVIDENCE,no normalized profile or participation domain for alias name,NO_PROFILE_DATA,False
A02116,direction regionale des finances publiques,44,130012925,LOW_SUPPORT_REVIEW_ONLY,1,,,,,0,,,NO_PROFILE_EVIDENCE,no normalized profile or participation domain for alias name,NO_PROFILE_DATA,False
A02117,directrice generale des services,44,214401309,LOW_SUPPORT_REVIEW_ONLY,1,,,,,0,,,NO_PROFILE_EVIDENCE,no normalized profile or participation domain for alias name,NO_PROFILE_DATA,False
A02118,directrice regionale de l environnement de l amenagement et du logement des pays de la loire,44;49,130006109,LOW_SUPPORT_REVIEW_ONLY,1,,,,,0,,,NO_PROFILE_EVIDENCE,no normalized profile or participation domain for alias name,NO_PROFILE_DATA,False
A02119,dirpjj grand centre,18;28;36;37;41;45;49;72;86,130007453,LOW_SUPPORT_REVIEW_ONLY,1,,,,,0,,,NO_PROFILE_EVIDENCE,no normalized profile or participation domain for alias name,NO_PROFILE_DATA,False
A02120,disp de rennes,61;72,173501206,LOW_SUPPORT_REVIEW_ONLY,1,,,,,0,,,NO_PROFILE_EVIDENCE,no normalized profile or participation domain for alias name,NO_PROFILE_DATA,False
A02121,disp dijon,21;27;28;41;45;61;72;78;91,172101206,LOW_SUPPORT_REVIEW_ONLY,1,,,,,0,,,NO_PROFILE_EVIDENCE,no normalized profile or participation domain for alias name,NO_PROFILE_DATA,False
A02122,disp grand ouest,35;53,173501206,LOW_SUPPORT_REVIEW_ONLY,1,,,,,0,,,NO_PROFILE_EVIDENCE,no normalized profile or participation domain for alias name,NO_PROFILE_DATA,False
A02123,disp rennes,35;85,173501206,LOW_SUPPORT_REVIEW_ONLY,1,,,,,0,,,NO_PROFILE_EVIDENCE,no normalized profile or participation domain for alias name,NO_PROFILE_DATA,False
A02124,dngcd service operationnel a competence nationale,27;44;75;76,130025216,LOW_SUPPORT_REVIEW_ONLY,1,,,,,0,,,NO_PROFILE_EVIDENCE,no normalized profile or participation domain for alias name,NO_PROFILE_DATA,False
A02125,dp-25-5,72,391722881,LOW_SUPPORT_REVIEW_ONLY,1,,,,,0,,,NO_PROFILE_EVIDENCE,no normalized profile or participation domain for alias name,NO_PROFILE_DATA,False
A02126,draaf pays de la loire,35;37;44;49;53;56;72;79;85,130006430,LOW_SUPPORT_REVIEW_ONLY,1,,,,,0,,,NO_PROFILE_EVIDENCE,no normalized profile or participation domain for alias name,NO_PROFILE_DATA,False
A02127,draaf pays de la loire,44;49;53;72;85,130006430,LOW_SUPPORT_REVIEW_ONLY,1,,,,,0,,,NO_PROFILE_EVIDENCE,no normalized profile or participation domain for alias name,NO_PROFILE_DATA,False
A02128,drac des pays de la loire,44;85,174404608,LOW_SUPPORT_REVIEW_ONLY,1,,,,,0,,,NO_PROFILE_EVIDENCE,no normalized profile or participation domain for alias name,NO_PROFILE_DATA,False
A02129,drac des pays de la loire,49,174404608,LOW_SUPPORT_REVIEW_ONLY,1,,,,,0,,,NO_PROFILE_EVIDENCE,no normalized profile or participation domain for alias name,NO_PROFILE_DATA,False
A02130,drac des pays de la loire,53,174404608,LOW_SUPPORT_REVIEW_ONLY,1,,,,,0,,,NO_PROFILE_EVIDENCE,no normalized profile or participation domain for alias name,NO_PROFILE_DATA,False
A02131,drac des pays de la loire udap44,35;44;49;53;56;72;85,174404608,LOW_SUPPORT_REVIEW_ONLY,1,,,,,0,,,NO_PROFILE_EVIDENCE,no normalized profile or participation domain for alias name,NO_PROFILE_DATA,False
A02132,drac pays de la loire,44;49;53;72;85,174404608,LOW_SUPPORT_REVIEW_ONLY,1,,,,,0,,,NO_PROFILE_EVIDENCE,no normalized profile or participation domain for alias name,NO_PROFILE_DATA,False
A02133,dracenie provence verdon agglomeration,53,248300493,LOW_SUPPORT_REVIEW_ONLY,1,emarches.dracenie.com;marches-securises.fr,,emarches.dracenie.com;marches-securises.fr,GENERIC_PLATFORM;SHARED_INSTITUTIONAL,2,2020-03-04,2020-11-11,NEUTRAL_SHARED_PLATFORM,only generic or shared institutional domains observed,HAS_PROFILE_DATA,False
A02134,dragages ports,17;44;59;76,317665420,LOW_SUPPORT_REVIEW_ONLY,1,marches-publics.gouv.fr,,marches-publics.gouv.fr,GENERIC_PLATFORM,1,2020-07-09,2020-07-09,NEUTRAL_SHARED_PLATFORM,only generic or shared institutional domains observed,HAS_PROFILE_DATA,False
A02135,dreal - division maitrise d ouvrage,44,130006109,LOW_SUPPORT_REVIEW_ONLY,1,,,,,0,,,NO_PROFILE_EVIDENCE,no normalized profile or participation domain for alias name,NO_PROFILE_DATA,False
A02136,dreal bretagne,22;29;35;44;53;56,130010002,LOW_SUPPORT_REVIEW_ONLY,1,bretagne.developpement-durable.gouv.fr;marches-publics.gouv.fr,,bretagne.developpement-durable.gouv.fr;marches-publics.gouv.fr,BUYER_SPECIFIC;GENERIC_PLATFORM,3,2017-06-29,2020-03-06,STRONG_SUPPORT,alias has buyer-specific or highly concentrated profile-domain evidence,HAS_PROFILE_DATA,False
A02137,dreal bretagne,22;35;44;56,130010002,LOW_SUPPORT_REVIEW_ONLY,1,bretagne.developpement-durable.gouv.fr;marches-publics.gouv.fr,,bretagne.developpement-durable.gouv.fr;marches-publics.gouv.fr,BUYER_SPECIFIC;GENERIC_PLATFORM,3,2017-06-29,2020-03-06,STRONG_SUPPORT,alias has buyer-specific or highly concentrated profile-domain evidence,HAS_PROFILE_DATA,False
A02138,dreal centre-val de loire,18;28;36;37;41;45;49;75;91,130009301,LOW_SUPPORT_REVIEW_ONLY,1,,,,,0,,,NO_PROFILE_EVIDENCE,no normalized profile or participation domain for alias name,NO_PROFILE_DATA,False
A02139,dreal des pays de loire,44;49,130006109,LOW_SUPPORT_REVIEW_ONLY,1,,,,,0,,,NO_PROFILE_EVIDENCE,no normalized profile or participation domain for alias name,NO_PROFILE_DATA,False
A02140,dreal na,16;17;24;33;40;47;64;85;86,130010457,LOW_SUPPORT_REVIEW_ONLY,1,,,,,0,,,NO_PROFILE_EVIDENCE,no normalized profile or participation domain for alias name,NO_PROFILE_DATA,False
A02141,dreal nouvelle aquitaine,16;17;24;33;85;86;87,130010457,LOW_SUPPORT_REVIEW_ONLY,1,marches-publics.gouv.fr,,marches-publics.gouv.fr,GENERIC_PLATFORM,1,2020-12-10,2020-12-10,NEUTRAL_SHARED_PLATFORM,only generic or shared institutional domains observed,HAS_PROFILE_DATA,False
A02142,dreal pays de la loire,44;49;53,130006109,LOW_SUPPORT_REVIEW_ONLY,1,marches-publics.gouv.fr;ww.marches-publics.gouv.fr,marches-publics.gouv.fr,marches-publics.gouv.fr;ww.marches-publics.gouv.fr,GENERIC_PLATFORM,3,2015-06-15,2020-10-21,NEUTRAL_SHARED_PLATFORM,only generic or shared institutional domains observed,HAS_PROFILE_DATA,False
A02143,dreal pays de la loire,44;49;53;72;85,130006109,LOW_SUPPORT_REVIEW_ONLY,1,marches-publics.gouv.fr;ww.marches-publics.gouv.fr,marches-publics.gouv.fr,marches-publics.gouv.fr;ww.marches-publics.gouv.fr,GENERIC_PLATFORM,3,2015-06-15,2020-10-21,NEUTRAL_SHARED_PLATFORM,only generic or shared institutional domains observed,HAS_PROFILE_DATA,False
A02144,dreal pays de la loire,44;49;72;85,130006109,LOW_SUPPORT_REVIEW_ONLY,1,marches-publics.gouv.fr;ww.marches-publics.gouv.fr,marches-publics.gouv.fr,marches-publics.gouv.fr;ww.marches-publics.gouv.fr,GENERIC_PLATFORM,3,2015-06-15,2020-10-21,NEUTRAL_SHARED_PLATFORM,only generic or shared institutional domains observed,HAS_PROFILE_DATA,False
A02145,dreal pays de la loire - etat,44;49;53;72;85,130006109,LOW_SUPPORT_REVIEW_ONLY,1,,,,,0,,,NO_PROFILE_EVIDENCE,no normalized profile or participation domain for alias name,NO_PROFILE_DATA,False
A02146,dreal pays de la loire division maitrise d ouvrage,44,130006109,LOW_SUPPORT_REVIEW_ONLY,1,,,,,0,,,NO_PROFILE_EVIDENCE,no normalized profile or participation domain for alias name,NO_PROFILE_DATA,False
A02147,dreal pays de la loire sial dmo,44;53,130006109,LOW_SUPPORT_REVIEW_ONLY,1,,,,,0,,,NO_PROFILE_EVIDENCE,no normalized profile or participation domain for alias name,NO_PROFILE_DATA,False
A02148,dreets des pays de la loire,72,267200160,LOW_SUPPORT_REVIEW_ONLY,1,,,,,0,,,NO_PROFILE_EVIDENCE,no normalized profile or participation domain for alias name,NO_PROFILE_DATA,False
A02149,dreets pdl,44,130029283,LOW_SUPPORT_REVIEW_ONLY,1,,,,,0,,,NO_PROFILE_EVIDENCE,no normalized profile or participation domain for alias name,NO_PROFILE_DATA,False
A02150,drfip 35,22;29;35;44;49;50;53;56;72,130014939,LOW_SUPPORT_REVIEW_ONLY,1,marches-publics.gouv.fr,marches-publics.gouv.fr,marches-publics.gouv.fr,GENERIC_PLATFORM,2,2017-10-07,2017-10-07,NEUTRAL_SHARED_PLATFORM,only generic or shared institutional domains observed,HAS_PROFILE_DATA,False
A02151,drfip 35,22;29;35;44;50;53;56,130014939,LOW_SUPPORT_REVIEW_ONLY,1,marches-publics.gouv.fr,marches-publics.gouv.fr,marches-publics.gouv.fr,GENERIC_PLATFORM,2,2017-10-07,2017-10-07,NEUTRAL_SHARED_PLATFORM,only generic or shared institutional domains observed,HAS_PROFILE_DATA,False
A02152,drfip 35 rennes,22;29;35;44;50;53;56,130014939,LOW_SUPPORT_REVIEW_ONLY,1,,,,,0,,,NO_PROFILE_EVIDENCE,no normalized profile or participation domain for alias name,NO_PROFILE_DATA,False
A02153,drfip de bretagne et du departement d ille et vilaine drfip 35,22;35;50;53,130014939,LOW_SUPPORT_REVIEW_ONLY,1,,,,,0,,,NO_PROFILE_EVIDENCE,no normalized profile or participation domain for alias name,NO_PROFILE_DATA,False
A02154,drfip35,14;22;29;35;50;53;56,130014939,LOW_SUPPORT_REVIEW_ONLY,1,,,,,0,,,NO_PROFILE_EVIDENCE,no normalized profile or participation domain for alias name,NO_PROFILE_DATA,False
A02155,drfip35,22;29;35;44;50;53;56,130014939,LOW_SUPPORT_REVIEW_ONLY,1,,,,,0,,,NO_PROFILE_EVIDENCE,no normalized profile or participation domain for alias name,NO_PROFILE_DATA,False
A02156,dsna dti,31;44,120064027,LOW_SUPPORT_REVIEW_ONLY,1,,,,,0,,,NO_PROFILE_EVIDENCE,no normalized profile or participation domain for alias name,NO_PROFILE_DATA,False
A02157,dsna dti,44,120064019,LOW_SUPPORT_REVIEW_ONLY,1,,,,,0,,,NO_PROFILE_EVIDENCE,no normalized profile or participation domain for alias name,NO_PROFILE_DATA,False
A02158,e n s m,22;35;44,130013097,LOW_SUPPORT_REVIEW_ONLY,1,,,,,0,,,NO_PROFILE_EVIDENCE,no normalized profile or participation domain for alias name,NO_PROFILE_DATA,False
A02159,e p i s m arc-en-ciel du perche saosnois,18;28;36;37;45;72,200096766,LOW_SUPPORT_REVIEW_ONLY,1,,,,,0,,,NO_PROFILE_EVIDENCE,no normalized profile or participation domain for alias name,NO_PROFILE_DATA,False
A02160,e-toile coordonnateur groupement comm,14;49,803555630,LOW_SUPPORT_REVIEW_ONLY,1,,,,,0,,,NO_PROFILE_EVIDENCE,no normalized profile or participation domain for alias name,NO_PROFILE_DATA,False
A02161,eau du pays de fougeres,22;29;35;44;49;50;53;56,253502603,LOW_SUPPORT_REVIEW_ONLY,1,,,,,0,,,NO_PROFILE_EVIDENCE,no normalized profile or participation domain for alias name,NO_PROFILE_DATA,False
A02162,ecole centrale de nantes 44,44,194401006,LOW_SUPPORT_REVIEW_ONLY,1,,,,,0,,,NO_PROFILE_EVIDENCE,no normalized profile or participation domain for alias name,NO_PROFILE_DATA,False
A02163,ecole des beaux arts nantes saint-nazaire,44,200023612,LOW_SUPPORT_REVIEW_ONLY,1,,,,,0,,,NO_PROFILE_EVIDENCE,no normalized profile or participation domain for alias name,NO_PROFILE_DATA,False
A02164,ecole des beaux-arts de nantes saint-nazaire,44,200023612,LOW_SUPPORT_REVIEW_ONLY,1,,,,,0,,,NO_PROFILE_EVIDENCE,no normalized profile or participation domain for alias name,NO_PROFILE_DATA,False
A02165,ecole des hautes etudes en sante publique - ehesp,22;35;44;49;50;53;56,130003627,LOW_SUPPORT_REVIEW_ONLY,1,,,,,0,,,NO_PROFILE_EVIDENCE,no normalized profile or participation domain for alias name,NO_PROFILE_DATA,False
A02166,ecole nationale superieure d architecture de bretagne 44 boulevard de chezy cs 16427 35064 rennes,22;35;44;50;53;56,193500899,LOW_SUPPORT_REVIEW_ONLY,1,,,,,0,,,NO_PROFILE_EVIDENCE,no normalized profile or participation domain for alias name,NO_PROFILE_DATA,False
A02167,ecole nationale superieure d architecture de nantes ensa nantes,44,194401048,LOW_SUPPORT_REVIEW_ONLY,1,,,,,0,,,NO_PROFILE_EVIDENCE,no normalized profile or participation domain for alias name,NO_PROFILE_DATA,False
A02168,ecole nationale superieure d arts et metiers,13;33;49;51;53;57;59;71;75,197534720,LOW_SUPPORT_REVIEW_ONLY,1,,,,,0,,,NO_PROFILE_EVIDENCE,no normalized profile or participation domain for alias name,NO_PROFILE_DATA,False
A02169,ecole nationale superieure maritime,13;35;44;76,130013097,LOW_SUPPORT_REVIEW_ONLY,1,marches-publics.gouv.fr,,marches-publics.gouv.fr,GENERIC_PLATFORM,1,2018-11-20,2018-11-20,NEUTRAL_SHARED_PLATFORM,only generic or shared institutional domains observed,HAS_PROFILE_DATA,False
A02170,ecole nationale superieure maritime,35;44;76,130013097,LOW_SUPPORT_REVIEW_ONLY,1,marches-publics.gouv.fr,,marches-publics.gouv.fr,GENERIC_PLATFORM,1,2018-11-20,2018-11-20,NEUTRAL_SHARED_PLATFORM,only generic or shared institutional domains observed,HAS_PROFILE_DATA,False
A02171,ecole nationale superieure maritime,44;76,130013097,LOW_SUPPORT_REVIEW_ONLY,1,marches-publics.gouv.fr,,marches-publics.gouv.fr,GENERIC_PLATFORM,1,2018-11-20,2018-11-20,NEUTRAL_SHARED_PLATFORM,only generic or shared institutional domains observed,HAS_PROFILE_DATA,False
A02172,ecole nationale superieure maritime ensm,13;35;44;76,130013097,LOW_SUPPORT_REVIEW_ONLY,1,,,,,0,,,NO_PROFILE_EVIDENCE,no normalized profile or participation domain for alias name,NO_PROFILE_DATA,False
A02173,ecole nationale veterinaire agro-alimentaire et de l alimentation nantes atlantique,44,130008535,LOW_SUPPORT_REVIEW_ONLY,1,,,,,0,,,NO_PROFILE_EVIDENCE,no normalized profile or participation domain for alias name,NO_PROFILE_DATA,False
A02174,edition impression et diffusion du catalogue de l exposition maternites archeologie du bien naitre au chronographe a reze du 9 avril 2026 au 10 janvier 2027,44,244400404,LOW_SUPPORT_REVIEW_ONLY,1,,,,,0,,,NO_PROFILE_EVIDENCE,no normalized profile or participation domain for alias name,NO_PROFILE_DATA,False
A02175,edition impression et diffusion du catalogue de l exposition personnelle de anne et patrick poirier au musee d arts de nantes 22 mai - 30 aout 2026,44,244400404,LOW_SUPPORT_REVIEW_ONLY,1,,,,,0,,,NO_PROFILE_EVIDENCE,no normalized profile or participation domain for alias name,NO_PROFILE_DATA,False
A02176,efs-cpdl,37;44;49;93,428822852,LOW_SUPPORT_REVIEW_ONLY,1,,,,,0,,,NO_PROFILE_EVIDENCE,no normalized profile or participation domain for alias name,NO_PROFILE_DATA,False
A02177,ehesp - csp 15 avenue du professeur leon bernard cs 74312 35043 - rennes cedex,22;35;44;56,130003627,LOW_SUPPORT_REVIEW_ONLY,1,,,,,0,,,NO_PROFILE_EVIDENCE,no normalized profile or participation domain for alias name,NO_PROFILE_DATA,False
A02178,ehpad bodincrapez,72,200101103,LOW_SUPPORT_REVIEW_ONLY,1,,,,,0,,,NO_PROFILE_EVIDENCE,no normalized profile or participation domain for alias name,NO_PROFILE_DATA,False
A02179,ehpad harcourt,14;27;28;35;50;53;61;76;91,262702939,LOW_SUPPORT_REVIEW_ONLY,1,,,,,0,,,NO_PROFILE_EVIDENCE,no normalized profile or participation domain for alias name,NO_PROFILE_DATA,False
A02180,ehpad isac de rohan - blain,44,264400219,LOW_SUPPORT_REVIEW_ONLY,1,,,,,0,,,NO_PROFILE_EVIDENCE,no normalized profile or participation domain for alias name,NO_PROFILE_DATA,False
A02181,ehpad l arc en ciel de montmirail 72320,72,267200079,LOW_SUPPORT_REVIEW_ONLY,1,,,,,0,,,NO_PROFILE_EVIDENCE,no normalized profile or participation domain for alias name,NO_PROFILE_DATA,False
A02182,ehpad la reynerie - 85230 bouin,85,268502424,LOW_SUPPORT_REVIEW_ONLY,1,,,,,0,,,NO_PROFILE_EVIDENCE,no normalized profile or participation domain for alias name,NO_PROFILE_DATA,False
A02183,ehpad la reynerie 85230 bouin,85,268502424,LOW_SUPPORT_REVIEW_ONLY,1,,,,,0,,,NO_PROFILE_EVIDENCE,no normalized profile or participation domain for alias name,NO_PROFILE_DATA,False
A02184,ehpad la vallee du goyen,22;29;35;44,200096790,LOW_SUPPORT_REVIEW_ONLY,1,,,,,0,,,NO_PROFILE_EVIDENCE,no normalized profile or participation domain for alias name,NO_PROFILE_DATA,False
A02185,ehpad la vallee du goyen,22;29;35;44;56,200096790,LOW_SUPPORT_REVIEW_ONLY,1,,,,,0,,,NO_PROFILE_EVIDENCE,no normalized profile or participation domain for alias name,NO_PROFILE_DATA,False
A02186,ehpad les baraquins,18;28;36;37;45;85,263702722,LOW_SUPPORT_REVIEW_ONLY,1,boamp.fr,,boamp.fr,GENERIC_PLATFORM,1,2015-11-24,2015-11-24,NEUTRAL_SHARED_PLATFORM,only generic or shared institutional domains observed,HAS_PROFILE_DATA,False
A02187,ehpad les frenes - les chataigniers,72,267200236,LOW_SUPPORT_REVIEW_ONLY,1,,,,,0,,,NO_PROFILE_EVIDENCE,no normalized profile or participation domain for alias name,NO_PROFILE_DATA,False
A02188,ehpad les glycines 20 rue principale 72510 mansigne,72,267200111,LOW_SUPPORT_REVIEW_ONLY,1,,,,,0,,,NO_PROFILE_EVIDENCE,no normalized profile or participation domain for alias name,NO_PROFILE_DATA,False
A02189,ehpad mer et pins,44,264403072,LOW_SUPPORT_REVIEW_ONLY,1,marches.a-e-o.fr,,marches.a-e-o.fr,SHARED_INSTITUTIONAL,1,2019-04-04,2019-04-04,NEUTRAL_SHARED_PLATFORM,only generic or shared institutional domains observed,HAS_PROFILE_DATA,False
A02190,ehpad residence catherine de courtoux,72,267200293,LOW_SUPPORT_REVIEW_ONLY,1,,,,,0,,,NO_PROFILE_EVIDENCE,no normalized profile or participation domain for alias name,NO_PROFILE_DATA,False
A02191,ema dcssa daps-ssa,44,110090016,LOW_SUPPORT_REVIEW_ONLY,1,defense.gouv.fr;marches-public.gouv.fr;marches-publics.gouv.fr,marches-public.gouv.fr,defense.gouv.fr;marches-public.gouv.fr;marches-publics.gouv.fr,GENERIC_PLATFORM;HIGHLY_CONCENTRATED,4,2019-12-14,2020-11-21,STRONG_SUPPORT,alias has buyer-specific or highly concentrated profile-domain evidence,HAS_PROFILE_DATA,False
A02192,energie en pays de chantonnay,35;44;85,909506438,LOW_SUPPORT_REVIEW_ONLY,1,,,,,0,,,NO_PROFILE_EVIDENCE,no normalized profile or participation domain for alias name,NO_PROFILE_DATA,False
A02193,enr44 840 290 183 00010,44,840290183,LOW_SUPPORT_REVIEW_ONLY,1,,,,,0,,,NO_PROFILE_EVIDENCE,no normalized profile or participation domain for alias name,NO_PROFILE_DATA,False
A02194,ensa nantes ecole nationale superieure d architecture de nantes,44,194401048,LOW_SUPPORT_REVIEW_ONLY,1,,,,,0,,,NO_PROFILE_EVIDENCE,no normalized profile or participation domain for alias name,NO_PROFILE_DATA,False
A02195,enseignement superieur et de recherche,22;29;44;56,180092025,LOW_SUPPORT_REVIEW_ONLY,1,,,,,0,,,NO_PROFILE_EVIDENCE,no normalized profile or participation domain for alias name,NO_PROFILE_DATA,False
A02196,enseignement superieur et recherche,22;29;35;44;49;56;85,180092025,LOW_SUPPORT_REVIEW_ONLY,1,,,,,0,,,NO_PROFILE_EVIDENCE,no normalized profile or participation domain for alias name,NO_PROFILE_DATA,False
A02197,enseignement superieur et recherche,22;29;44;56,180092025,LOW_SUPPORT_REVIEW_ONLY,1,,,,,0,,,NO_PROFILE_EVIDENCE,no normalized profile or participation domain for alias name,NO_PROFILE_DATA,False
A02198,enseignement superieur et recherche,22;35;44;72,130030513,LOW_SUPPORT_REVIEW_ONLY,1,,,,,0,,,NO_PROFILE_EVIDENCE,no normalized profile or participation domain for alias name,NO_PROFILE_DATA,False
A02199,enseignement superieur et recherche,29;35;44,180092025,LOW_SUPPORT_REVIEW_ONLY,1,,,,,0,,,NO_PROFILE_EVIDENCE,no normalized profile or participation domain for alias name,NO_PROFILE_DATA,False
A02200,enseignement superieur recherche,44,130029747,LOW_SUPPORT_REVIEW_ONLY,1,,,,,0,,,NO_PROFILE_EVIDENCE,no normalized profile or participation domain for alias name,NO_PROFILE_DATA,False
A02201,entreprendre pour humaniser la dependance ehd,16;17;33;79;85;86,450695804,LOW_SUPPORT_REVIEW_ONLY,1,,,,,0,,,NO_PROFILE_EVIDENCE,no normalized profile or participation domain for alias name,NO_PROFILE_DATA,False
A02202,entretien de la voirie,44,214400715,LOW_SUPPORT_REVIEW_ONLY,1,,,,,0,,,NO_PROFILE_EVIDENCE,no normalized profile or participation domain for alias name,NO_PROFILE_DATA,False
A02203,entretiens des espaces verts,44,214400434,LOW_SUPPORT_REVIEW_ONLY,1,,,,,0,,,NO_PROFILE_EVIDENCE,no normalized profile or participation domain for alias name,NO_PROFILE_DATA,False
A02204,environnement,11;17;31;34;66;79;81;85,180005019,LOW_SUPPORT_REVIEW_ONLY,1,,,,,0,,,NO_PROFILE_EVIDENCE,no normalized profile or participation domain for alias name,NO_PROFILE_DATA,False
A02205,environnement,16;17;24;33;40;44;47;85,180005019,LOW_SUPPORT_REVIEW_ONLY,1,,,,,0,,,NO_PROFILE_EVIDENCE,no normalized profile or participation domain for alias name,NO_PROFILE_DATA,False
A02206,environnement,22;29;35;44;56,180005019,LOW_SUPPORT_REVIEW_ONLY,1,,,,,0,,,NO_PROFILE_EVIDENCE,no normalized profile or participation domain for alias name,NO_PROFILE_DATA,False
A02207,epf de la vende 123 boulevard louis blanc 85000 la roche sur yon,85,524110921,LOW_SUPPORT_REVIEW_ONLY,1,,,,,0,,,NO_PROFILE_EVIDENCE,no normalized profile or participation domain for alias name,NO_PROFILE_DATA,False
A02208,epf de la vendee,85,524110921,LOW_SUPPORT_REVIEW_ONLY,1,demat.centraledesmarches.com,,demat.centraledesmarches.com,GENERIC_PLATFORM,1,2019-11-26,2019-11-26,NEUTRAL_SHARED_PLATFORM,only generic or shared institutional domains observed,HAS_PROFILE_DATA,False
A02209,epf de la vendee 123 boulevard louis blanc 8000 la roche sur yon,85,524110921,LOW_SUPPORT_REVIEW_ONLY,1,,,,,0,,,NO_PROFILE_EVIDENCE,no normalized profile or participation domain for alias name,NO_PROFILE_DATA,False
A02210,epf loire atlantique,44,754078475,LOW_SUPPORT_REVIEW_ONLY,1,,,,,0,,,NO_PROFILE_EVIDENCE,no normalized profile or participation domain for alias name,NO_PROFILE_DATA,False
A02211,epic cholet sports loisirs,35;37;44;49;53;72;79;85;86,439950619,LOW_SUPPORT_REVIEW_ONLY,1,,,,,0,,,NO_PROFILE_EVIDENCE,no normalized profile or participation domain for alias name,NO_PROFILE_DATA,False
A02212,epic cholet sports loisirs avenue anatole manceau 49300 cholet,35;37;44;49;53;72;79;85;86,439950619,LOW_SUPPORT_REVIEW_ONLY,1,,,,,0,,,NO_PROFILE_EVIDENCE,no normalized profile or participation domain for alias name,NO_PROFILE_DATA,False
A02213,epic cholet sports loisirs gestionnaire d equipements de sports et de loisirs de cholet agglomeration,35;37;44;49;53;72;79;85;86,439950619,LOW_SUPPORT_REVIEW_ONLY,1,,,,,0,,,NO_PROFILE_EVIDENCE,no normalized profile or participation domain for alias name,NO_PROFILE_DATA,False
A02214,epic du parc de loisirs du lac de maine,49,428632343,LOW_SUPPORT_REVIEW_ONLY,1,,,,,0,,,NO_PROFILE_EVIDENCE,no normalized profile or participation domain for alias name,NO_PROFILE_DATA,False
A02215,episms bodin-crapez,72,200101103,LOW_SUPPORT_REVIEW_ONLY,1,,,,,0,,,NO_PROFILE_EVIDENCE,no normalized profile or participation domain for alias name,NO_PROFILE_DATA,False
A02216,eplefpa,14;27;35;50;53;61;72;76,196107908,LOW_SUPPORT_REVIEW_ONLY,1,,,,,0,,,NO_PROFILE_EVIDENCE,no normalized profile or participation domain for alias name,NO_PROFILE_DATA,False
A02217,eplefpa,14;27;35;50;61;72;76,196107908,LOW_SUPPORT_REVIEW_ONLY,1,,,,,0,,,NO_PROFILE_EVIDENCE,no normalized profile or participation domain for alias name,NO_PROFILE_DATA,False
A02218,eplefpa - exploitation la germiniere,72,197200108,LOW_SUPPORT_REVIEW_ONLY,1,,,,,0,,,NO_PROFILE_EVIDENCE,no normalized profile or participation domain for alias name,NO_PROFILE_DATA,False
A02219,eplefpa alencon sees,14;27;28;61;72,196107908,LOW_SUPPORT_REVIEW_ONLY,1,,,,,0,,,NO_PROFILE_EVIDENCE,no normalized profile or participation domain for alias name,NO_PROFILE_DATA,False
A02220,eplefpa alencon sees,14;27;35;50;61;72;76,196107908,LOW_SUPPORT_REVIEW_ONLY,1,,,,,0,,,NO_PROFILE_EVIDENCE,no normalized profile or participation domain for alias name,NO_PROFILE_DATA,False
A02221,eplefpa alencon-sees,14;27;35;42;53;61;72;76;78,196107908,LOW_SUPPORT_REVIEW_ONLY,1,,,,,0,,,NO_PROFILE_EVIDENCE,no normalized profile or participation domain for alias name,NO_PROFILE_DATA,False
A02222,eplefpa laval agricampus,53,195300819,LOW_SUPPORT_REVIEW_ONLY,1,,,,,0,,,NO_PROFILE_EVIDENCE,no normalized profile or participation domain for alias name,NO_PROFILE_DATA,False
A02223,epsilon centrale d achat informatique,13;21;33;44;45;59;67;69;75,802596031,LOW_SUPPORT_REVIEW_ONLY,1,achatpublic.com,achatpublic.com,achatpublic.com,GENERIC_PLATFORM,2,2019-02-10,2019-02-10,NEUTRAL_SHARED_PLATFORM,only generic or shared institutional domains observed,HAS_PROFILE_DATA,False
A02224,epsms du pays de challans,85,268502762,LOW_SUPPORT_REVIEW_ONLY,1,centraledesmarches.com,demat.centraledesmarches.com,centraledesmarches.com;demat.centraledesmarches.com,GENERIC_PLATFORM,2,2017-02-16,2017-02-16,NEUTRAL_SHARED_PLATFORM,only generic or shared institutional domains observed,HAS_PROFILE_DATA,False
A02225,erganeo,13;31;33;44;59;67;69;75,539868224,LOW_SUPPORT_REVIEW_ONLY,1,,,,,0,,,NO_PROFILE_EVIDENCE,no normalized profile or participation domain for alias name,NO_PROFILE_DATA,False
A02226,esat foyers la soubretiere,44;85,264402595,LOW_SUPPORT_REVIEW_ONLY,1,,,,,0,,,NO_PROFILE_EVIDENCE,no normalized profile or participation domain for alias name,NO_PROFILE_DATA,False
A02227,esat foyers la soubretiere cap lan,44,264402595,LOW_SUPPORT_REVIEW_ONLY,1,,,,,0,,,NO_PROFILE_EVIDENCE,no normalized profile or participation domain for alias name,NO_PROFILE_DATA,False
A02228,esid de rennes - ministere des armees et des anciens combattants,22;35;44;53;56,110090016,LOW_SUPPORT_REVIEW_ONLY,1,,,,,0,,,NO_PROFILE_EVIDENCE,no normalized profile or participation domain for alias name,NO_PROFILE_DATA,False
A02229,esid rennes,49,110090016,LOW_SUPPORT_REVIEW_ONLY,1,,,,,0,,,NO_PROFILE_EVIDENCE,no normalized profile or participation domain for alias name,NO_PROFILE_DATA,False
A02230,esid rennes - ministere des armees,35;44,110090016,LOW_SUPPORT_REVIEW_ONLY,1,,,,,0,,,NO_PROFILE_EVIDENCE,no normalized profile or participation domain for alias name,NO_PROFILE_DATA,False
A02231,esid rennes - ministere des armees,35;44;56,110090016,LOW_SUPPORT_REVIEW_ONLY,1,,,,,0,,,NO_PROFILE_EVIDENCE,no normalized profile or participation domain for alias name,NO_PROFILE_DATA,False
A02232,etablissement francais du sang,37;44;49,428822852,LOW_SUPPORT_REVIEW_ONLY,1,dondesang.efs.sante.fr;dondusang.net;etablissement-francais-du-sang.fr;marche-publics.gouv.fr;marches-marches.gouv.fr;marches-publics.efs.sante.fr;marches-publics.gouv.fr;marchespublics.gouv.fr;wwwmarches-publics.gouv.fr;wwww.marches-publics.gouv.fr,marches-publics.gouv.fr,dondesang.efs.sante.fr;dondusang.net;etablissement-francais-du-sang.fr;marche-publics.gouv.fr;marches-marches.gouv.fr;marches-publics.efs.sante.fr;marches-publics.gouv.fr;marchespublics.gouv.fr;wwwmarches-publics.gouv.fr;wwww.marches-publics.gouv.fr,AMBIGUOUS;BUYER_SPECIFIC;GENERIC_PLATFORM,18,2015-05-04,2020-12-17,STRONG_SUPPORT,alias has buyer-specific or highly concentrated profile-domain evidence,HAS_PROFILE_DATA,False
A02233,etablissement francais du sang,37;49,428822852,LOW_SUPPORT_REVIEW_ONLY,1,dondesang.efs.sante.fr;dondusang.net;etablissement-francais-du-sang.fr;marche-publics.gouv.fr;marches-marches.gouv.fr;marches-publics.efs.sante.fr;marches-publics.gouv.fr;marchespublics.gouv.fr;wwwmarches-publics.gouv.fr;wwww.marches-publics.gouv.fr,marches-publics.gouv.fr,dondesang.efs.sante.fr;dondusang.net;etablissement-francais-du-sang.fr;marche-publics.gouv.fr;marches-marches.gouv.fr;marches-publics.efs.sante.fr;marches-publics.gouv.fr;marchespublics.gouv.fr;wwwmarches-publics.gouv.fr;wwww.marches-publics.gouv.fr,AMBIGUOUS;BUYER_SPECIFIC;GENERIC_PLATFORM,18,2015-05-04,2020-12-17,STRONG_SUPPORT,alias has buyer-specific or highly concentrated profile-domain evidence,HAS_PROFILE_DATA,False
A02234,etablissement francais du sang centre pays de la loire,37;44;93,428822852,LOW_SUPPORT_REVIEW_ONLY,1,,,,,0,,,NO_PROFILE_EVIDENCE,no normalized profile or participation domain for alias name,NO_PROFILE_DATA,False
A02235,etablissement francais du sang centre-pays de la loire,37;44;49;93,428822852,LOW_SUPPORT_REVIEW_ONLY,1,,,,,0,,,NO_PROFILE_EVIDENCE,no normalized profile or participation domain for alias name,NO_PROFILE_DATA,False
A02236,etablissement francais du sang centre-pays de la loire,37;44;93,428822852,LOW_SUPPORT_REVIEW_ONLY,1,,,,,0,,,NO_PROFILE_EVIDENCE,no normalized profile or participation domain for alias name,NO_PROFILE_DATA,False
A02237,etablissement francais du sang centre-pays de la loire,37;49,428822852,LOW_SUPPORT_REVIEW_ONLY,1,,,,,0,,,NO_PROFILE_EVIDENCE,no normalized profile or participation domain for alias name,NO_PROFILE_DATA,False
A02238,etablissement francais du sang centre-pays de la loire,44,428822852,LOW_SUPPORT_REVIEW_ONLY,1,,,,,0,,,NO_PROFILE_EVIDENCE,no normalized profile or participation domain for alias name,NO_PROFILE_DATA,False
A02239,etablissement public,35;37;44;49;53;56;61;72;85,285300026,LOW_SUPPORT_REVIEW_ONLY,1,ecole.marches-publics.gouv.fr;marches-publics.gouv.fr;marches.publics.gouv.fr;marches.quaibranly.fr,marches-publics.gouv.fr,ecole.marches-publics.gouv.fr;marches-publics.gouv.fr;marches.publics.gouv.fr;marches.quaibranly.fr,GENERIC_PLATFORM;SHARED_INSTITUTIONAL,6,2017-06-21,2019-05-10,NEUTRAL_SHARED_PLATFORM,only generic or shared institutional domains observed,HAS_PROFILE_DATA,False
A02240,etablissement public a caractere administratif,35;49;53;61;72,285300026,LOW_SUPPORT_REVIEW_ONLY,1,,,,,0,,,NO_PROFILE_EVIDENCE,no normalized profile or participation domain for alias name,NO_PROFILE_DATA,False
A02241,etablissement public a caractere administratif,44;49;53;72,284900016,LOW_SUPPORT_REVIEW_ONLY,1,,,,,0,,,NO_PROFILE_EVIDENCE,no normalized profile or participation domain for alias name,NO_PROFILE_DATA,False
A02242,etablissement public administratif,18;36;37;41;45;53,283700128,LOW_SUPPORT_REVIEW_ONLY,1,,,,,0,,,NO_PROFILE_EVIDENCE,no normalized profile or participation domain for alias name,NO_PROFILE_DATA,False
A02243,etablissement public administratif agence pour la promotion du choletais,44;49,284900032,LOW_SUPPORT_REVIEW_ONLY,1,,,,,0,,,NO_PROFILE_EVIDENCE,no normalized profile or participation domain for alias name,NO_PROFILE_DATA,False
A02244,etablissement public d enseignement superieur et de recherche,22;35;44,130030513,LOW_SUPPORT_REVIEW_ONLY,1,,,,,0,,,NO_PROFILE_EVIDENCE,no normalized profile or participation domain for alias name,NO_PROFILE_DATA,False
A02245,etablissement public de sante chu de nantes,35;44,264400136,LOW_SUPPORT_REVIEW_ONLY,1,,,,,0,,,NO_PROFILE_EVIDENCE,no normalized profile or participation domain for alias name,NO_PROFILE_DATA,False
A02246,etablissement public du marais poitevi,17;79;85,130015001,LOW_SUPPORT_REVIEW_ONLY,1,,,,,0,,,NO_PROFILE_EVIDENCE,no normalized profile or participation domain for alias name,NO_PROFILE_DATA,False
A02247,etablissement public du marais poitevi,17;79;85;86,130015001,LOW_SUPPORT_REVIEW_ONLY,1,,,,,0,,,NO_PROFILE_EVIDENCE,no normalized profile or participation domain for alias name,NO_PROFILE_DATA,False
A02248,etablissement public du marais poitevin,17;79;85;86,130015001,LOW_SUPPORT_REVIEW_ONLY,1,,,,,0,,,NO_PROFILE_EVIDENCE,no normalized profile or participation domain for alias name,NO_PROFILE_DATA,False
A02249,etablissement public du mont saint-michel,14;35;50;53,884439035,LOW_SUPPORT_REVIEW_ONLY,1,,,,,0,,,NO_PROFILE_EVIDENCE,no normalized profile or participation domain for alias name,NO_PROFILE_DATA,False
A02250,etablissement public foncier 44,44,754078475,LOW_SUPPORT_REVIEW_ONLY,1,,,,,0,,,NO_PROFILE_EVIDENCE,no normalized profile or participation domain for alias name,NO_PROFILE_DATA,False
A02251,etablissement public foncier de grand est,10;51;53;54;55;57;88,301365847,LOW_SUPPORT_REVIEW_ONLY,1,,,,,0,,,NO_PROFILE_EVIDENCE,no normalized profile or participation domain for alias name,NO_PROFILE_DATA,False
A02252,etablissement public foncier de loire atlantique epf 44,44,754078475,LOW_SUPPORT_REVIEW_ONLY,1,,,,,0,,,NO_PROFILE_EVIDENCE,no normalized profile or participation domain for alias name,NO_PROFILE_DATA,False
A02253,etablissement public foncier de loire atlantique epfl,44,754078475,LOW_SUPPORT_REVIEW_ONLY,1,,,,,0,,,NO_PROFILE_EVIDENCE,no normalized profile or participation domain for alias name,NO_PROFILE_DATA,False
A02254,etablissement public foncier epfl - departement loire atlantique,44,754078475,LOW_SUPPORT_REVIEW_ONLY,1,,,,,0,,,NO_PROFILE_EVIDENCE,no normalized profile or participation domain for alias name,NO_PROFILE_DATA,False
A02255,etablissement public local cdg 37,37;72;75;79,283700128,LOW_SUPPORT_REVIEW_ONLY,1,,,,,0,,,NO_PROFILE_EVIDENCE,no normalized profile or participation domain for alias name,NO_PROFILE_DATA,False
A02256,etablissement public loire,18;28;36;37;41;45;49;58,254502008,LOW_SUPPORT_REVIEW_ONLY,1,eptb-loire.e-marchespublics.com;eptb-loire.fr,,eptb-loire.e-marchespublics.com;eptb-loire.fr,GENERIC_PLATFORM;SHARED_INSTITUTIONAL,2,2016-04-22,2019-12-29,NEUTRAL_SHARED_PLATFORM,only generic or shared institutional domains observed,HAS_PROFILE_DATA,False
A02257,etablissement public loire,28;35;36;37;41;44;45;49;58,254502008,LOW_SUPPORT_REVIEW_ONLY,1,eptb-loire.e-marchespublics.com;eptb-loire.fr,,eptb-loire.e-marchespublics.com;eptb-loire.fr,GENERIC_PLATFORM;SHARED_INSTITUTIONAL,2,2016-04-22,2019-12-29,NEUTRAL_SHARED_PLATFORM,only generic or shared institutional domains observed,HAS_PROFILE_DATA,False
A02258,etablissement public loire,41;45;49;72,254502008,LOW_SUPPORT_REVIEW_ONLY,1,eptb-loire.e-marchespublics.com;eptb-loire.fr,,eptb-loire.e-marchespublics.com;eptb-loire.fr,GENERIC_PLATFORM;SHARED_INSTITUTIONAL,2,2016-04-22,2019-12-29,NEUTRAL_SHARED_PLATFORM,only generic or shared institutional domains observed,HAS_PROFILE_DATA,False
A02259,etablissement public loire,44;45,254502008,LOW_SUPPORT_REVIEW_ONLY,1,eptb-loire.e-marchespublics.com;eptb-loire.fr,,eptb-loire.e-marchespublics.com;eptb-loire.fr,GENERIC_PLATFORM;SHARED_INSTITUTIONAL,2,2016-04-22,2019-12-29,NEUTRAL_SHARED_PLATFORM,only generic or shared institutional domains observed,HAS_PROFILE_DATA,False
A02260,etablissement public loire,45;72,254502008,LOW_SUPPORT_REVIEW_ONLY,1,eptb-loire.e-marchespublics.com;eptb-loire.fr,,eptb-loire.e-marchespublics.com;eptb-loire.fr,GENERIC_PLATFORM;SHARED_INSTITUTIONAL,2,2016-04-22,2019-12-29,NEUTRAL_SHARED_PLATFORM,only generic or shared institutional domains observed,HAS_PROFILE_DATA,False
A02261,etat - dreal pays de la loire division maitrise d ouvrage routiere,44;53,130006109,LOW_SUPPORT_REVIEW_ONLY,1,,,,,0,,,NO_PROFILE_EVIDENCE,no normalized profile or participation domain for alias name,NO_PROFILE_DATA,False
A02262,etat - ministere de l economie et des finances,17;33;44;85,110020013,LOW_SUPPORT_REVIEW_ONLY,1,,,,,0,,,NO_PROFILE_EVIDENCE,no normalized profile or participation domain for alias name,NO_PROFILE_DATA,False
A02263,etat - ministere de l economie et des finances,17;79;85,110020013,LOW_SUPPORT_REVIEW_ONLY,1,,,,,0,,,NO_PROFILE_EVIDENCE,no normalized profile or participation domain for alias name,NO_PROFILE_DATA,False
A02264,etat - ministere du partenariat avec les territoires et de la decentralisation - ministere charge des transports - direction interdepartementale des routes ouest,22;29;35;44;53;56,110060035,LOW_SUPPORT_REVIEW_ONLY,1,,,,,0,,,NO_PROFILE_EVIDENCE,no normalized profile or participation domain for alias name,NO_PROFILE_DATA,False
A02265,etat - ministere en charge des transports - dir ouest,22;29;35;44;56,130001704,LOW_SUPPORT_REVIEW_ONLY,1,,,,,0,,,NO_PROFILE_EVIDENCE,no normalized profile or participation domain for alias name,NO_PROFILE_DATA,False
A02266,etat - ministere en charge des transports - diro,44,130001704,LOW_SUPPORT_REVIEW_ONLY,1,,,,,0,,,NO_PROFILE_EVIDENCE,no normalized profile or participation domain for alias name,NO_PROFILE_DATA,False
A02267,etat - ministere en charge des transports direction interdepartementale des routes ouest,35;44;49;85,110060035,LOW_SUPPORT_REVIEW_ONLY,1,,,,,0,,,NO_PROFILE_EVIDENCE,no normalized profile or participation domain for alias name,NO_PROFILE_DATA,False
A02268,etat ministere de la transition ecologique et de la cohesion des territoires direction interdepartementale des routes ouest,22;29;35;44;49;53;56,110068012,LOW_SUPPORT_REVIEW_ONLY,1,,,,,0,,,NO_PROFILE_EVIDENCE,no normalized profile or participation domain for alias name,NO_PROFILE_DATA,False
A02269,etat ministere de la transition ecologique et solidaire direction interdepartementale des routes ouest,22;29;35;44;56,110068012,LOW_SUPPORT_REVIEW_ONLY,1,,,,,0,,,NO_PROFILE_EVIDENCE,no normalized profile or participation domain for alias name,NO_PROFILE_DATA,False
A02270,etat ministre de l economie des finances et de la souverainete industrielle et numerique secretariat general service de l immobilier et de l environnement professionnel sous-direction de l immobilier bureau immobilier et maitrise d ouvrage antenne de nantes,35;44;49;85,110020013,LOW_SUPPORT_REVIEW_ONLY,1,,,,,0,,,NO_PROFILE_EVIDENCE,no normalized profile or participation domain for alias name,NO_PROFILE_DATA,False
A02271,etat prefecture de la mayenne,14;35;44;49;53;72,175300011,LOW_SUPPORT_REVIEW_ONLY,1,,,,,0,,,NO_PROFILE_EVIDENCE,no normalized profile or participation domain for alias name,NO_PROFILE_DATA,False
A02272,etude de programmation dans le cadre du projet de reamenagement du velodrome metropolitain marcel de provote de coueron,44,244400404,LOW_SUPPORT_REVIEW_ONLY,1,,,,,0,,,NO_PROFILE_EVIDENCE,no normalized profile or participation domain for alias name,NO_PROFILE_DATA,False
A02273,evenementiel,85,546650169,LOW_SUPPORT_REVIEW_ONLY,1,,,,,0,,,NO_PROFILE_EVIDENCE,no normalized profile or participation domain for alias name,NO_PROFILE_DATA,False
A02274,filieris,12;13;49;59;64;75;81;83,775685316,LOW_SUPPORT_REVIEW_ONLY,1,,,,,0,,,NO_PROFILE_EVIDENCE,no normalized profile or participation domain for alias name,NO_PROFILE_DATA,False
A02275,filieris,13;42;49;55;59;64;75;81;83,775685316,LOW_SUPPORT_REVIEW_ONLY,1,,,,,0,,,NO_PROFILE_EVIDENCE,no normalized profile or participation domain for alias name,NO_PROFILE_DATA,False
A02276,fonciere d habitat et humanisme,49;69;92,339804858,LOW_SUPPORT_REVIEW_ONLY,1,achatpublic.com;ciclop.marcoweb.fr,,achatpublic.com;ciclop.marcoweb.fr,AMBIGUOUS;GENERIC_PLATFORM,2,2016-11-17,2019-05-18,AMBIGUOUS,domain specificity is mixed or ambiguous,HAS_PROFILE_DATA,True
A02277,fonciere logement 75,27;28;41;45;61;72;78;91,443966510,LOW_SUPPORT_REVIEW_ONLY,1,,,,,0,,,NO_PROFILE_EVIDENCE,no normalized profile or participation domain for alias name,NO_PROFILE_DATA,False
A02278,fondation open-c,44,923395909,LOW_SUPPORT_REVIEW_ONLY,1,,,,,0,,,NO_PROFILE_EVIDENCE,no normalized profile or participation domain for alias name,NO_PROFILE_DATA,False
A02279,fonds regional d art contemporain de bretagne,22;35;44;56,200037653,LOW_SUPPORT_REVIEW_ONLY,1,,,,,0,,,NO_PROFILE_EVIDENCE,no normalized profile or participation domain for alias name,NO_PROFILE_DATA,False
A02280,formation et accompagnement des entreprises,49,130004609,LOW_SUPPORT_REVIEW_ONLY,1,,,,,0,,,NO_PROFILE_EVIDENCE,no normalized profile or participation domain for alias name,NO_PROFILE_DATA,False
A02281,formation et accompagnement entreprises,49,130004609,LOW_SUPPORT_REVIEW_ONLY,1,,,,,0,,,NO_PROFILE_EVIDENCE,no normalized profile or participation domain for alias name,NO_PROFILE_DATA,False
A02282,formation logiciels metiers,44,244400404,LOW_SUPPORT_REVIEW_ONLY,1,,,,,0,,,NO_PROFILE_EVIDENCE,no normalized profile or participation domain for alias name,NO_PROFILE_DATA,False
A02283,formation numerique et bureautique,44,244400404,LOW_SUPPORT_REVIEW_ONLY,1,,,,,0,,,NO_PROFILE_EVIDENCE,no normalized profile or participation domain for alias name,NO_PROFILE_DATA,False
A02284,fougeres agglomeration,35;53,200072452,LOW_SUPPORT_REVIEW_ONLY,1,megalisbretagne.or;megalisbretagne.org,megalisbretagne.org,megalisbretagne.or;megalisbretagne.org,GENERIC_PLATFORM;SHARED_INSTITUTIONAL,3,2018-04-14,2019-01-07,NEUTRAL_SHARED_PLATFORM,only generic or shared institutional domains observed,HAS_PROFILE_DATA,False
A02285,fourniture et la livraison de lait infantile pour les enfants accueillis dans les multi accueils municipaux de la ville de nantes,44,214401093,LOW_SUPPORT_REVIEW_ONLY,1,,,,,0,,,NO_PROFILE_EVIDENCE,no normalized profile or participation domain for alias name,NO_PROFILE_DATA,False
A02286,fourniture et livraison de jus de fruits bio pour les activites receptives de la ville de nantes,44,214401093,LOW_SUPPORT_REVIEW_ONLY,1,,,,,0,,,NO_PROFILE_EVIDENCE,no normalized profile or participation domain for alias name,NO_PROFILE_DATA,False
A02287,foyer de vie la madeleine,44,264402728,LOW_SUPPORT_REVIEW_ONLY,1,,,,,0,,,NO_PROFILE_EVIDENCE,no normalized profile or participation domain for alias name,NO_PROFILE_DATA,False
A02288,france travail,44;49;53;79;85,130005481,LOW_SUPPORT_REVIEW_ONLY,1,,,,,0,,,NO_PROFILE_EVIDENCE,no normalized profile or participation domain for alias name,NO_PROFILE_DATA,False
A02289,france travail,44;75,130005481,LOW_SUPPORT_REVIEW_ONLY,1,,,,,0,,,NO_PROFILE_EVIDENCE,no normalized profile or participation domain for alias name,NO_PROFILE_DATA,False
A02290,france travail bretagne,22;35;44;56,130005481,LOW_SUPPORT_REVIEW_ONLY,1,,,,,0,,,NO_PROFILE_EVIDENCE,no normalized profile or participation domain for alias name,NO_PROFILE_DATA,False
A02291,france travail pays de la loire,35;44;49;56,130005481,LOW_SUPPORT_REVIEW_ONLY,1,,,,,0,,,NO_PROFILE_EVIDENCE,no normalized profile or participation domain for alias name,NO_PROFILE_DATA,False
A02292,france travail pays de la loire,44;49;53;72,130005481,LOW_SUPPORT_REVIEW_ONLY,1,,,,,0,,,NO_PROFILE_EVIDENCE,no normalized profile or participation domain for alias name,NO_PROFILE_DATA,False
A02293,gcs giba,49,264900036,LOW_SUPPORT_REVIEW_ONLY,1,,,,,0,,,NO_PROFILE_EVIDENCE,no normalized profile or participation domain for alias name,NO_PROFILE_DATA,False
A02294,gcsms siao 85,85,531889657,LOW_SUPPORT_REVIEW_ONLY,1,,,,,0,,,NO_PROFILE_EVIDENCE,no normalized profile or participation domain for alias name,NO_PROFILE_DATA,False
A02295,gendarmerie nationale,36;37;53;72;87;91;92;93;94,157000019,LOW_SUPPORT_REVIEW_ONLY,1,,,,,0,,,NO_PROFILE_EVIDENCE,no normalized profile or participation domain for alias name,NO_PROFILE_DATA,False
A02296,gendarmerie nationale - comsopgn - le blanc,36;72;87;93,157000019,LOW_SUPPORT_REVIEW_ONLY,1,,,,,0,,,NO_PROFILE_EVIDENCE,no normalized profile or participation domain for alias name,NO_PROFILE_DATA,False
A02297,gendarmerie nationale commandement du soutien operationnel de la gendarmerie nationale comsopgn,17;18;19;36;37;45;49;86,157000019,LOW_SUPPORT_REVIEW_ONLY,1,,,,,0,,,NO_PROFILE_EVIDENCE,no normalized profile or participation domain for alias name,NO_PROFILE_DATA,False
A02298,geo vendee 85,85,488256835,LOW_SUPPORT_REVIEW_ONLY,1,,,,,0,,,NO_PROFILE_EVIDENCE,no normalized profile or participation domain for alias name,NO_PROFILE_DATA,False
A02299,gestion d un port maritime,44,775604853,LOW_SUPPORT_REVIEW_ONLY,1,,,,,0,,,NO_PROFILE_EVIDENCE,no normalized profile or participation domain for alias name,NO_PROFILE_DATA,False
A02300,ght 44,44,264400136,LOW_SUPPORT_REVIEW_ONLY,1,,,,,0,,,NO_PROFILE_EVIDENCE,no normalized profile or participation domain for alias name,NO_PROFILE_DATA,False
A02301,ght49 pour le centre de sante mentale angevin,49,264900036,LOW_SUPPORT_REVIEW_ONLY,1,,,,,0,,,NO_PROFILE_EVIDENCE,no normalized profile or participation domain for alias name,NO_PROFILE_DATA,False
A02302,gie c chartres ressources 28,27;28;41;45;61;72;75;78;91,948694591,LOW_SUPPORT_REVIEW_ONLY,1,,,,,0,,,NO_PROFILE_EVIDENCE,no normalized profile or participation domain for alias name,NO_PROFILE_DATA,False
A02303,gie des epl des pays de la loire,44;49;53;72;75;85,529210809,LOW_SUPPORT_REVIEW_ONLY,1,,,,,0,,,NO_PROFILE_EVIDENCE,no normalized profile or participation domain for alias name,NO_PROFILE_DATA,False
A02304,gie dragages-ports,44;76,317665420,LOW_SUPPORT_REVIEW_ONLY,1,,,,,0,,,NO_PROFILE_EVIDENCE,no normalized profile or participation domain for alias name,NO_PROFILE_DATA,False
A02305,gie laval mayenne amenagements,53,820275691,LOW_SUPPORT_REVIEW_ONLY,1,,,,,0,,,NO_PROFILE_EVIDENCE,no normalized profile or participation domain for alias name,NO_PROFILE_DATA,False
A02306,gie nge,44;85,830410965,LOW_SUPPORT_REVIEW_ONLY,1,,,,,0,,,NO_PROFILE_EVIDENCE,no normalized profile or participation domain for alias name,NO_PROFILE_DATA,False
A02307,gie sesam-vitale 5 boulevard marie et alexandre oyon 72019 le mans cedex 2,72,391722881,LOW_SUPPORT_REVIEW_ONLY,1,,,,,0,,,NO_PROFILE_EVIDENCE,no normalized profile or participation domain for alias name,NO_PROFILE_DATA,False
A02308,gigalis,44,254402530,LOW_SUPPORT_REVIEW_ONLY,1,,,,,0,,,NO_PROFILE_EVIDENCE,no normalized profile or participation domain for alias name,NO_PROFILE_DATA,False
A02309,giglais,44,254402530,LOW_SUPPORT_REVIEW_ONLY,1,,,,,0,,,NO_PROFILE_EVIDENCE,no normalized profile or participation domain for alias name,NO_PROFILE_DATA,False
A02310,gip anjou tourisme,49,130026362,LOW_SUPPORT_REVIEW_ONLY,1,,,,,0,,,NO_PROFILE_EVIDENCE,no normalized profile or participation domain for alias name,NO_PROFILE_DATA,False
A02311,gip arronax,44;75,130004112,LOW_SUPPORT_REVIEW_ONLY,1,,,,,0,,,NO_PROFILE_EVIDENCE,no normalized profile or participation domain for alias name,NO_PROFILE_DATA,False
A02312,gip blanchisserie interhospitaliere de la roche sur yon - vendee,85,268502408,LOW_SUPPORT_REVIEW_ONLY,1,,,,,0,,,NO_PROFILE_EVIDENCE,no normalized profile or participation domain for alias name,NO_PROFILE_DATA,False
A02313,gip cuisine bassin des vallees 53,53,991184003,LOW_SUPPORT_REVIEW_ONLY,1,,,,,0,,,NO_PROFILE_EVIDENCE,no normalized profile or participation domain for alias name,NO_PROFILE_DATA,False
A02314,gip daifi,49;56,189710163,LOW_SUPPORT_REVIEW_ONLY,1,daifi971.org;eguadeloupe.com,,daifi971.org;eguadeloupe.com,GENERIC_PLATFORM;SHARED_INSTITUTIONAL,3,2015-06-23,2019-10-03,NEUTRAL_SHARED_PLATFORM,only generic or shared institutional domains observed,HAS_PROFILE_DATA,False
A02315,gip epau,72,834692402,LOW_SUPPORT_REVIEW_ONLY,1,,,,,0,,,NO_PROFILE_EVIDENCE,no normalized profile or participation domain for alias name,NO_PROFILE_DATA,False
A02316,gip gredha groupement regional des pays de la loire pour l elimination des dechets hospitaliers et assimiles,49,184409118,LOW_SUPPORT_REVIEW_ONLY,1,,,,,0,,,NO_PROFILE_EVIDENCE,no normalized profile or participation domain for alias name,NO_PROFILE_DATA,False
A02317,gip vitalys,22;29;35;44;56,182909051,LOW_SUPPORT_REVIEW_ONLY,1,klekoon.com,,klekoon.com,GENERIC_PLATFORM,1,2020-11-09,2020-11-09,NEUTRAL_SHARED_PLATFORM,only generic or shared institutional domains observed,HAS_PROFILE_DATA,False
A02318,gouvernement polynesie francaise,31;33;44;67;69;74;75,130005820,LOW_SUPPORT_REVIEW_ONLY,1,,,,,0,,,NO_PROFILE_EVIDENCE,no normalized profile or participation domain for alias name,NO_PROFILE_DATA,False
A02319,gpt de cooperation sanitaire hacom,14;27;50;53;61;76,130020589,LOW_SUPPORT_REVIEW_ONLY,1,achatpublic.com,,achatpublic.com,GENERIC_PLATFORM,1,2020-06-18,2020-06-18,NEUTRAL_SHARED_PLATFORM,only generic or shared institutional domains observed,HAS_PROFILE_DATA,False
A02320,gpt de cooperation sanitaire hacom,27;50;53;61;76,130020589,LOW_SUPPORT_REVIEW_ONLY,1,achatpublic.com,,achatpublic.com,GENERIC_PLATFORM,1,2020-06-18,2020-06-18,NEUTRAL_SHARED_PLATFORM,only generic or shared institutional domains observed,HAS_PROFILE_DATA,False
A02321,gpt set fonctionnement,37;44;45;75;92,584801625,LOW_SUPPORT_REVIEW_ONLY,1,,,,,0,,,NO_PROFILE_EVIDENCE,no normalized profile or participation domain for alias name,NO_PROFILE_DATA,False
A02322,grand port maritime de nantes - service achats ach,44,775604853,LOW_SUPPORT_REVIEW_ONLY,1,,,,,0,,,NO_PROFILE_EVIDENCE,no normalized profile or participation domain for alias name,NO_PROFILE_DATA,False
A02323,grand port maritime de nantes saint-nazaire,35;44;49;72,775604853,LOW_SUPPORT_REVIEW_ONLY,1,,,,,0,,,NO_PROFILE_EVIDENCE,no normalized profile or participation domain for alias name,NO_PROFILE_DATA,False
A02324,grand port maritime de nantes saint-naziare service achats ach,44,775604853,LOW_SUPPORT_REVIEW_ONLY,1,,,,,0,,,NO_PROFILE_EVIDENCE,no normalized profile or participation domain for alias name,NO_PROFILE_DATA,False
A02325,grand port maritime de nantes saintnazaire service achat ach,44,775604853,LOW_SUPPORT_REVIEW_ONLY,1,,,,,0,,,NO_PROFILE_EVIDENCE,no normalized profile or participation domain for alias name,NO_PROFILE_DATA,False
A02326,grand port maritime de nantes st nazaire,44,775604853,LOW_SUPPORT_REVIEW_ONLY,1,,,,,0,,,NO_PROFILE_EVIDENCE,no normalized profile or participation domain for alias name,NO_PROFILE_DATA,False
A02327,grand port maritime nantes saint-nazaire,35;44;49;56;85,775604853,LOW_SUPPORT_REVIEW_ONLY,1,,,,,0,,,NO_PROFILE_EVIDENCE,no normalized profile or participation domain for alias name,NO_PROFILE_DATA,False
A02328,grand port maritime nantes st-nazaire service achats,44,775604853,LOW_SUPPORT_REVIEW_ONLY,1,,,,,0,,,NO_PROFILE_EVIDENCE,no normalized profile or participation domain for alias name,NO_PROFILE_DATA,False
A02329,grand-port maritime de nantes saint-nazaire,44,775604853,LOW_SUPPORT_REVIEW_ONLY,1,,,,,0,,,NO_PROFILE_EVIDENCE,no normalized profile or participation domain for alias name,NO_PROFILE_DATA,False
A02330,grdf service achats,44,444786511,LOW_SUPPORT_REVIEW_ONLY,1,,,,,0,,,NO_PROFILE_EVIDENCE,no normalized profile or participation domain for alias name,NO_PROFILE_DATA,False
A02331,groupe cif,44,855800462,LOW_SUPPORT_REVIEW_ONLY,1,,,,,0,,,NO_PROFILE_EVIDENCE,no normalized profile or participation domain for alias name,NO_PROFILE_DATA,False
A02332,groupement d interet public cuisine des lys,49,130031552,LOW_SUPPORT_REVIEW_ONLY,1,,,,,0,,,NO_PROFILE_EVIDENCE,no normalized profile or participation domain for alias name,NO_PROFILE_DATA,False
A02333,groupement d interet public gigalis,44,254402530,LOW_SUPPORT_REVIEW_ONLY,1,,,,,0,,,NO_PROFILE_EVIDENCE,no normalized profile or participation domain for alias name,NO_PROFILE_DATA,False
A02334,groupement d interet public gip logistique et restauration hospitaliere represente par le chu de nantes agissant en son nom et pour son compte,44,264400136,LOW_SUPPORT_REVIEW_ONLY,1,,,,,0,,,NO_PROFILE_EVIDENCE,no normalized profile or participation domain for alias name,NO_PROFILE_DATA,False
A02335,groupement d interet public loire estuaire,35;44;49;85,184409209,LOW_SUPPORT_REVIEW_ONLY,1,,,,,0,,,NO_PROFILE_EVIDENCE,no normalized profile or participation domain for alias name,NO_PROFILE_DATA,False
A02336,groupement d interet public vendee numerique,85,130018559,LOW_SUPPORT_REVIEW_ONLY,1,,,,,0,,,NO_PROFILE_EVIDENCE,no normalized profile or participation domain for alias name,NO_PROFILE_DATA,False
A02337,groupement de commande entre podeliha - 12 boulevard yvonne poirel - 49000 angers et axeliha - 12 boulevard yvonne poirel - 49000 angers podeliha est coordonnateur du groupement de commande pour la phase passation uniquement,49,057201139,LOW_SUPPORT_REVIEW_ONLY,1,,,,,0,,,NO_PROFILE_EVIDENCE,no normalized profile or participation domain for alias name,NO_PROFILE_DATA,False
A02338,groupement de commande set set energies set amenagement ge groupe set et gie groupe set dont la set est le coordonnateur du groupement 40 rue james watt 37200 tours,37;44;75;92,584801625,LOW_SUPPORT_REVIEW_ONLY,1,,,,,0,,,NO_PROFILE_EVIDENCE,no normalized profile or participation domain for alias name,NO_PROFILE_DATA,False
A02339,groupement de commande ville-ccas de cesson-sevigne mandataire coordonnateur ville de cesson-sevigne,22;29;35;53;56,213500515,LOW_SUPPORT_REVIEW_ONLY,1,,,,,0,,,NO_PROFILE_EVIDENCE,no normalized profile or participation domain for alias name,NO_PROFILE_DATA,False
A02340,groupement de commandes entre plusieurs societes du groupe cisn dont le coordonnateur est cisn cooperative,44,005580113,LOW_SUPPORT_REVIEW_ONLY,1,,,,,0,,,NO_PROFILE_EVIDENCE,no normalized profile or participation domain for alias name,NO_PROFILE_DATA,False
A02341,groupement de commandes nantes metropole coordonnateur ville de nantes,44,244400404,LOW_SUPPORT_REVIEW_ONLY,1,,,,,0,,,NO_PROFILE_EVIDENCE,no normalized profile or participation domain for alias name,NO_PROFILE_DATA,False
A02342,groupement de commandes pour les marches de verifications et de contoles obligatoires pour les eple de la sarthe,72,197200330,LOW_SUPPORT_REVIEW_ONLY,1,,,,,0,,,NO_PROFILE_EVIDENCE,no normalized profile or participation domain for alias name,NO_PROFILE_DATA,False
A02343,groupement de commandes ville de cholet coordonnateur,44;49;79;85,214900995,LOW_SUPPORT_REVIEW_ONLY,1,,,,,0,,,NO_PROFILE_EVIDENCE,no normalized profile or participation domain for alias name,NO_PROFILE_DATA,False
A02344,groupement de commandes ville de cholet coordonnateur centre communal d action sociale ccas de cholet cholet agglomeration centre intercommunal d action sociale cias du choletais cholet sports loisirs csl,44;49;79;85,214900995,LOW_SUPPORT_REVIEW_ONLY,1,,,,,0,,,NO_PROFILE_EVIDENCE,no normalized profile or participation domain for alias name,NO_PROFILE_DATA,False
A02345,groupement de cooperation sociale et medico-sociale,17;44;49;79;86,130020381,LOW_SUPPORT_REVIEW_ONLY,1,,,,,0,,,NO_PROFILE_EVIDENCE,no normalized profile or participation domain for alias name,NO_PROFILE_DATA,False
A02346,groupement transamo la set agissant au nom et pour le compte du smt maitre d ouvrage,37;44;45;49,584801625,LOW_SUPPORT_REVIEW_ONLY,1,,,,,0,,,NO_PROFILE_EVIDENCE,no normalized profile or participation domain for alias name,NO_PROFILE_DATA,False
A02347,groupement transamo la set agissant au nom et pour le compte du syndicat des mobilites de touraine smt maitre d ouvrage,18;28;36;37;41;44;45,584801625,LOW_SUPPORT_REVIEW_ONLY,1,,,,,0,,,NO_PROFILE_EVIDENCE,no normalized profile or participation domain for alias name,NO_PROFILE_DATA,False
A02348,groupement transamo la set agissant au nom et pour le compte du syndicat des mobilites de touraine smt maitre d ouvrage,27;28;36;37;41;44;45,584801625,LOW_SUPPORT_REVIEW_ONLY,1,,,,,0,,,NO_PROFILE_EVIDENCE,no normalized profile or participation domain for alias name,NO_PROFILE_DATA,False
A02349,groupement transamo la set agissant au nom et pour le compte du syndicat des mobilites de touraine smt maitre d ouvrage,27;28;36;37;44;45;49,584801625,LOW_SUPPORT_REVIEW_ONLY,1,,,,,0,,,NO_PROFILE_EVIDENCE,no normalized profile or participation domain for alias name,NO_PROFILE_DATA,False
A02350,groupement transamo la set agissant au nom et pour le compte du syndicat des mobilites de touraine smt maitre d ouvrage,28;37;44;45,584801625,LOW_SUPPORT_REVIEW_ONLY,1,,,,,0,,,NO_PROFILE_EVIDENCE,no normalized profile or participation domain for alias name,NO_PROFILE_DATA,False
A02351,groupement transamo la set agissant au nom et pour le compte du syndicat des mobilites de touraine smt maitre d ouvrage,37;44;45;49,584801625,LOW_SUPPORT_REVIEW_ONLY,1,,,,,0,,,NO_PROFILE_EVIDENCE,no normalized profile or participation domain for alias name,NO_PROFILE_DATA,False
A02352,habitat 17,16;17;33;85;86,271700031,LOW_SUPPORT_REVIEW_ONLY,1,marches-securises.fr,,marches-securises.fr,GENERIC_PLATFORM,2,2016-03-22,2018-03-04,NEUTRAL_SHARED_PLATFORM,only generic or shared institutional domains observed,HAS_PROFILE_DATA,False
A02353,habitat 17 - office public de l habitat de la charente-maritime,16;17;85;86,271700031,LOW_SUPPORT_REVIEW_ONLY,1,,,,,0,,,NO_PROFILE_EVIDENCE,no normalized profile or participation domain for alias name,NO_PROFILE_DATA,False
A02354,habitat 17 9-11 avenue de mulhouse 17000 la rochelle siret 271 700 031 00021,16;17;33;79;85;86,271700031,LOW_SUPPORT_REVIEW_ONLY,1,,,,,0,,,NO_PROFILE_EVIDENCE,no normalized profile or participation domain for alias name,NO_PROFILE_DATA,False
A02355,habitat 17 oph charente maritime,16;17;85;86,271700031,LOW_SUPPORT_REVIEW_ONLY,1,,,,,0,,,NO_PROFILE_EVIDENCE,no normalized profile or participation domain for alias name,NO_PROFILE_DATA,False
A02356,habitat 17 oph de la charente maritime,16;17;33;85,271700031,LOW_SUPPORT_REVIEW_ONLY,1,,,,,0,,,NO_PROFILE_EVIDENCE,no normalized profile or participation domain for alias name,NO_PROFILE_DATA,False
A02357,habitat drouais 28,28;37;44;75,393448881,LOW_SUPPORT_REVIEW_ONLY,1,,,,,0,,,NO_PROFILE_EVIDENCE,no normalized profile or participation domain for alias name,NO_PROFILE_DATA,False
A02358,habitat drouais 28,28;59;72;75;76;79,393448881,LOW_SUPPORT_REVIEW_ONLY,1,,,,,0,,,NO_PROFILE_EVIDENCE,no normalized profile or participation domain for alias name,NO_PROFILE_DATA,False
A02359,habitat17,16;17;33;85,271700031,LOW_SUPPORT_REVIEW_ONLY,1,,,,,0,,,NO_PROFILE_EVIDENCE,no normalized profile or participation domain for alias name,NO_PROFILE_DATA,False
A02360,habitation moderne,54;57;67;68;85,568501415,LOW_SUPPORT_REVIEW_ONLY,1,alsacemarchespublics.eu,alsacemarchespublics.eu,alsacemarchespublics.eu,GENERIC_PLATFORM,3,2019-05-07,2019-07-12,NEUTRAL_SHARED_PLATFORM,only generic or shared institutional domains observed,HAS_PROFILE_DATA,False
A02361,i f c e,19;49;61,130010440,LOW_SUPPORT_REVIEW_ONLY,1,,,,,0,,,NO_PROFILE_EVIDENCE,no normalized profile or participation domain for alias name,NO_PROFILE_DATA,False
A02362,ia gipafoc,44,424175461,LOW_SUPPORT_REVIEW_ONLY,1,,,,,0,,,NO_PROFILE_EVIDENCE,no normalized profile or participation domain for alias name,NO_PROFILE_DATA,False
A02363,ifce service achats rout de troche 19230 arnac pompadour,49,130010440,LOW_SUPPORT_REVIEW_ONLY,1,,,,,0,,,NO_PROFILE_EVIDENCE,no normalized profile or participation domain for alias name,NO_PROFILE_DATA,False
A02364,imt atantique,22;29;35;44;56,180092025,LOW_SUPPORT_REVIEW_ONLY,1,,,,,0,,,NO_PROFILE_EVIDENCE,no normalized profile or participation domain for alias name,NO_PROFILE_DATA,False
A02365,imt atlantique,22;29;35;44;49;53;56;72;85,180092025,LOW_SUPPORT_REVIEW_ONLY,1,,,,,0,,,NO_PROFILE_EVIDENCE,no normalized profile or participation domain for alias name,NO_PROFILE_DATA,False
A02366,imt atlantique bretagne - pays de la loire,44,180092025,LOW_SUPPORT_REVIEW_ONLY,1,,,,,0,,,NO_PROFILE_EVIDENCE,no normalized profile or participation domain for alias name,NO_PROFILE_DATA,False
A02367,inrae centre pays de la loire,44;49;75,180070039,LOW_SUPPORT_REVIEW_ONLY,1,,,,,0,,,NO_PROFILE_EVIDENCE,no normalized profile or participation domain for alias name,NO_PROFILE_DATA,False
A02368,inrae centre pays de la loire,49,180070039,LOW_SUPPORT_REVIEW_ONLY,1,,,,,0,,,NO_PROFILE_EVIDENCE,no normalized profile or participation domain for alias name,NO_PROFILE_DATA,False
A02369,inrae n-aquitaine-poitiers,17;79;85;86,180070039,LOW_SUPPORT_REVIEW_ONLY,1,marches-publics.gouv.fr,marches-publics.gouv.fr,marches-publics.gouv.fr,GENERIC_PLATFORM,2,2020-02-21,2020-02-21,NEUTRAL_SHARED_PLATFORM,only generic or shared institutional domains observed,HAS_PROFILE_DATA,False
A02370,inrae pays de la loire,44;49;75,180070039,LOW_SUPPORT_REVIEW_ONLY,1,,,,,0,,,NO_PROFILE_EVIDENCE,no normalized profile or participation domain for alias name,NO_PROFILE_DATA,False
A02371,inrae pays de la loire,49,180070039,LOW_SUPPORT_REVIEW_ONLY,1,,,,,0,,,NO_PROFILE_EVIDENCE,no normalized profile or participation domain for alias name,NO_PROFILE_DATA,False
A02372,inrae pays de la loire site angers,44;49,180070039,LOW_SUPPORT_REVIEW_ONLY,1,,,,,0,,,NO_PROFILE_EVIDENCE,no normalized profile or participation domain for alias name,NO_PROFILE_DATA,False
A02373,inrae sdar centre de recherche pays de la loire site de nantes 3 impasse yvette cauchois c s 71627 44316 nantes cedex 3,44;49,180070039,LOW_SUPPORT_REVIEW_ONLY,1,,,,,0,,,NO_PROFILE_EVIDENCE,no normalized profile or participation domain for alias name,NO_PROFILE_DATA,False
A02374,insa lyon,49;69;75,196901920,LOW_SUPPORT_REVIEW_ONLY,1,,,,,0,,,NO_PROFILE_EVIDENCE,no normalized profile or participation domain for alias name,NO_PROFILE_DATA,False
A02375,insa rennes enseignement superieur et recherche,22;29;35;44;50;53;56,193500972,LOW_SUPPORT_REVIEW_ONLY,1,,,,,0,,,NO_PROFILE_EVIDENCE,no normalized profile or participation domain for alias name,NO_PROFILE_DATA,False
A02376,inserm nouvelle aquitaine,13;33;34;44;66;75,180036048,LOW_SUPPORT_REVIEW_ONLY,1,,,,,0,,,NO_PROFILE_EVIDENCE,no normalized profile or participation domain for alias name,NO_PROFILE_DATA,False
A02377,inst interdpt bassin sevre niortaise,17;33;44;79;85;86,257901330,LOW_SUPPORT_REVIEW_ONLY,1,e-marchespublics.com;sevre-niortaise.e-marchespublics.com;sevre-niortaise.fr,,e-marchespublics.com;sevre-niortaise.e-marchespublics.com;sevre-niortaise.fr,GENERIC_PLATFORM;SHARED_INSTITUTIONAL,4,2016-02-15,2019-12-02,NEUTRAL_SHARED_PLATFORM,only generic or shared institutional domains observed,HAS_PROFILE_DATA,False
A02378,inst interdpt bassin sevre niortaise,17;43;79;85;86,257901330,LOW_SUPPORT_REVIEW_ONLY,1,e-marchespublics.com;sevre-niortaise.e-marchespublics.com;sevre-niortaise.fr,,e-marchespublics.com;sevre-niortaise.e-marchespublics.com;sevre-niortaise.fr,GENERIC_PLATFORM;SHARED_INSTITUTIONAL,4,2016-02-15,2019-12-02,NEUTRAL_SHARED_PLATFORM,only generic or shared institutional domains observed,HAS_PROFILE_DATA,False
A02379,inst interdpt bassin sevre niortaise,17;44;79;85,257901330,LOW_SUPPORT_REVIEW_ONLY,1,e-marchespublics.com;sevre-niortaise.e-marchespublics.com;sevre-niortaise.fr,,e-marchespublics.com;sevre-niortaise.e-marchespublics.com;sevre-niortaise.fr,GENERIC_PLATFORM;SHARED_INSTITUTIONAL,4,2016-02-15,2019-12-02,NEUTRAL_SHARED_PLATFORM,only generic or shared institutional domains observed,HAS_PROFILE_DATA,False
A02380,inst nal recherches archeologiques pre,22;35;44;76,180092264,LOW_SUPPORT_REVIEW_ONLY,1,marches-publics.gouv.fr,marches-publics.gouv.fr,marches-publics.gouv.fr,GENERIC_PLATFORM,2,2020-05-22,2020-05-22,NEUTRAL_SHARED_PLATFORM,only generic or shared institutional domains observed,HAS_PROFILE_DATA,False
A02381,inst nal recherches archeologiques pre,27;72;75;76,180092264,LOW_SUPPORT_REVIEW_ONLY,1,marches-publics.gouv.fr,marches-publics.gouv.fr,marches-publics.gouv.fr,GENERIC_PLATFORM,2,2020-05-22,2020-05-22,NEUTRAL_SHARED_PLATFORM,only generic or shared institutional domains observed,HAS_PROFILE_DATA,False
A02382,institut de cancerologie de l ouest clcc,44,532254307,LOW_SUPPORT_REVIEW_ONLY,1,,,,,0,,,NO_PROFILE_EVIDENCE,no normalized profile or participation domain for alias name,NO_PROFILE_DATA,False
A02383,institut francais du cheval et de l equitation,19;49;50;61,130010440,LOW_SUPPORT_REVIEW_ONLY,1,,,,,0,,,NO_PROFILE_EVIDENCE,no normalized profile or participation domain for alias name,NO_PROFILE_DATA,False
A02384,institut national des sciences appliquees de rennes,22;29;35;44;50;56,193500972,LOW_SUPPORT_REVIEW_ONLY,1,,,,,0,,,NO_PROFILE_EVIDENCE,no normalized profile or participation domain for alias name,NO_PROFILE_DATA,False
A02385,institut polytechnique de grenoble,38;44,193819125,LOW_SUPPORT_REVIEW_ONLY,1,marches-publics.gouv.fr,,marches-publics.gouv.fr,GENERIC_PLATFORM,1,2020-02-07,2020-02-07,NEUTRAL_SHARED_PLATFORM,only generic or shared institutional domains observed,HAS_PROFILE_DATA,False
A02386,institut public ocens,35;44;49;56;85,264402702,LOW_SUPPORT_REVIEW_ONLY,1,,,,,0,,,NO_PROFILE_EVIDENCE,no normalized profile or participation domain for alias name,NO_PROFILE_DATA,False
A02387,institut public ocens,44;53;72;85,264402702,LOW_SUPPORT_REVIEW_ONLY,1,,,,,0,,,NO_PROFILE_EVIDENCE,no normalized profile or participation domain for alias name,NO_PROFILE_DATA,False
A02388,institut regional d administration,44,194416186,LOW_SUPPORT_REVIEW_ONLY,1,,,,,0,,,NO_PROFILE_EVIDENCE,no normalized profile or participation domain for alias name,NO_PROFILE_DATA,False
A02389,institut sps,42;50;56;57;63;64;75;85;92,814124582,LOW_SUPPORT_REVIEW_ONLY,1,,,,,0,,,NO_PROFILE_EVIDENCE,no normalized profile or participation domain for alias name,NO_PROFILE_DATA,False
A02390,institution interdepartementale du bassin de la sevre niortaise iibsn,17;79;85,257901330,LOW_SUPPORT_REVIEW_ONLY,1,,,,,0,,,NO_PROFILE_EVIDENCE,no normalized profile or participation domain for alias name,NO_PROFILE_DATA,False
A02391,l4h societe cooperative de coordination a capital variable,72,575850490,LOW_SUPPORT_REVIEW_ONLY,1,,,,,0,,,NO_PROFILE_EVIDENCE,no normalized profile or participation domain for alias name,NO_PROFILE_DATA,False
A02392,la fabrik du sud loire,35;44;49;56;85,130026040,LOW_SUPPORT_REVIEW_ONLY,1,,,,,0,,,NO_PROFILE_EVIDENCE,no normalized profile or participation domain for alias name,NO_PROFILE_DATA,False
A02393,la fabrik du sud loire,44;49;85,130026040,LOW_SUPPORT_REVIEW_ONLY,1,,,,,0,,,NO_PROFILE_EVIDENCE,no normalized profile or participation domain for alias name,NO_PROFILE_DATA,False
A02394,la garnache,44;85,218500965,LOW_SUPPORT_REVIEW_ONLY,1,,,,,0,,,NO_PROFILE_EVIDENCE,no normalized profile or participation domain for alias name,NO_PROFILE_DATA,False
A02395,la presente consultation porte sur les travaux de transformation de l ecole primaire des reformes en ecole maternelle et la mise en accessibilite de cette derniere,44,214401093,LOW_SUPPORT_REVIEW_ONLY,1,,,,,0,,,NO_PROFILE_EVIDENCE,no normalized profile or participation domain for alias name,NO_PROFILE_DATA,False
A02396,la roche sur yon agglomeration,44;85,248500589,LOW_SUPPORT_REVIEW_ONLY,1,,,,,0,,,NO_PROFILE_EVIDENCE,no normalized profile or participation domain for alias name,NO_PROFILE_DATA,False
A02397,la set,37;44;75,584801625,LOW_SUPPORT_REVIEW_ONLY,1,,,,,0,,,NO_PROFILE_EVIDENCE,no normalized profile or participation domain for alias name,NO_PROFILE_DATA,False
A02398,la soderec,44,264400136,LOW_SUPPORT_REVIEW_ONLY,1,achats-hopitaux.com;marchespublics.grandest.fr,,achats-hopitaux.com;marchespublics.grandest.fr,AMBIGUOUS;GENERIC_PLATFORM,2,2017-01-08,2020-01-31,AMBIGUOUS,domain specificity is mixed or ambiguous,HAS_PROFILE_DATA,True
A02399,la soderec mandataire du chu de nantes,44,264400136,LOW_SUPPORT_REVIEW_ONLY,1,,,,,0,,,NO_PROFILE_EVIDENCE,no normalized profile or participation domain for alias name,NO_PROFILE_DATA,False
A02400,labocea,22;29;35;44;50;56;75,130002082,LOW_SUPPORT_REVIEW_ONLY,1,,,,,0,,,NO_PROFILE_EVIDENCE,no normalized profile or participation domain for alias name,NO_PROFILE_DATA,False
A02401,lbn communaute,49;53;61;72,200040475,LOW_SUPPORT_REVIEW_ONLY,1,,,,,0,,,NO_PROFILE_EVIDENCE,no normalized profile or participation domain for alias name,NO_PROFILE_DATA,False
A02402,le cinematographe cine nantes loire atlantique,44,419029129,LOW_SUPPORT_REVIEW_ONLY,1,,,,,0,,,NO_PROFILE_EVIDENCE,no normalized profile or participation domain for alias name,NO_PROFILE_DATA,False
A02403,le groupement transamo mandataire la set intervient au nom et pour le compte du syndicat des mobilites de touraine smt dans le cadre du mandat de maitrise d ouvrage qui lui a ete notifie le 19 fevrier 2020 pour la realisation de la deuxieme ligne de tramway et ses composantes sur le territoire de la metropole tourangelle,37;41;44;45,584801625,LOW_SUPPORT_REVIEW_ONLY,1,,,,,0,,,NO_PROFILE_EVIDENCE,no normalized profile or participation domain for alias name,NO_PROFILE_DATA,False
A02404,le logis breton,22;28;35;44;56,375580701,LOW_SUPPORT_REVIEW_ONLY,1,achatpublic.com;lelogisbreton.com,achatpublic.com;synapse-ouest.com,achatpublic.com;lelogisbreton.com;synapse-ouest.com,GENERIC_PLATFORM;SHARED_INSTITUTIONAL,4,2017-09-14,2019-10-10,NEUTRAL_SHARED_PLATFORM,only generic or shared institutional domains observed,HAS_PROFILE_DATA,False
A02405,le maitre de l ouvrage est le centre regional des oeuvres universitaires et scolaires de nantes - pays de la loire 2 bd guy mollet - bp 52213 - 44322 nantes cedex 03,44;49;53;72;85,184401321,LOW_SUPPORT_REVIEW_ONLY,1,,,,,0,,,NO_PROFILE_EVIDENCE,no normalized profile or participation domain for alias name,NO_PROFILE_DATA,False
A02406,le mans universite,52;72,197209166,LOW_SUPPORT_REVIEW_ONLY,1,,,,,0,,,NO_PROFILE_EVIDENCE,no normalized profile or participation domain for alias name,NO_PROFILE_DATA,False
A02407,le quai - cdn,44;49,483321915,LOW_SUPPORT_REVIEW_ONLY,1,,,,,0,,,NO_PROFILE_EVIDENCE,no normalized profile or participation domain for alias name,NO_PROFILE_DATA,False
A02408,les ponts de ce,49,214902462,LOW_SUPPORT_REVIEW_ONLY,1,,,,,0,,,NO_PROFILE_EVIDENCE,no normalized profile or participation domain for alias name,NO_PROFILE_DATA,False
A02409,lotissement communal de la ville de soullans,85,218502847,LOW_SUPPORT_REVIEW_ONLY,1,,,,,0,,,NO_PROFILE_EVIDENCE,no normalized profile or participation domain for alias name,NO_PROFILE_DATA,False
A02410,lpo nikola tesla,12;14;44;73;75;78;91;94,200075158,LOW_SUPPORT_REVIEW_ONLY,1,,,,,0,,,NO_PROFILE_EVIDENCE,no normalized profile or participation domain for alias name,NO_PROFILE_DATA,False
A02411,lycee des metiers chevrollier-greta-cfa 49,49,194900031,LOW_SUPPORT_REVIEW_ONLY,1,,,,,0,,,NO_PROFILE_EVIDENCE,no normalized profile or participation domain for alias name,NO_PROFILE_DATA,False
A02412,lycee duplessis mornay,49,174404301,LOW_SUPPORT_REVIEW_ONLY,1,,,,,0,,,NO_PROFILE_EVIDENCE,no normalized profile or participation domain for alias name,NO_PROFILE_DATA,False
A02413,lycee ernest renan,22;29;35;44;50;53;56,192200574,LOW_SUPPORT_REVIEW_ONLY,1,,,,,0,,,NO_PROFILE_EVIDENCE,no normalized profile or participation domain for alias name,NO_PROFILE_DATA,False
A02414,lycee general et technologique albert camus,35;41;56;85,194402889,LOW_SUPPORT_REVIEW_ONLY,1,,,,,0,,,NO_PROFILE_EVIDENCE,no normalized profile or participation domain for alias name,NO_PROFILE_DATA,False
A02415,lycee general et technologique albert camus,35;44;56;85,194402889,LOW_SUPPORT_REVIEW_ONLY,1,,,,,0,,,NO_PROFILE_EVIDENCE,no normalized profile or participation domain for alias name,NO_PROFILE_DATA,False
A02416,lycee general et technologique albert camus,44,194402889,LOW_SUPPORT_REVIEW_ONLY,1,,,,,0,,,NO_PROFILE_EVIDENCE,no normalized profile or participation domain for alias name,NO_PROFILE_DATA,False
A02417,lycee grandmont,18;28;36;37;41;45;49;72;75,193700382,LOW_SUPPORT_REVIEW_ONLY,1,,,,,0,,,NO_PROFILE_EVIDENCE,no normalized profile or participation domain for alias name,NO_PROFILE_DATA,False
A02418,lycee international de palaiseau paris saclay etablissement public local d enseignement,18;28;36;37;41;45;72;86;91,200095412,LOW_SUPPORT_REVIEW_ONLY,1,,,,,0,,,NO_PROFILE_EVIDENCE,no normalized profile or participation domain for alias name,NO_PROFILE_DATA,False
A02419,lycee nicolas appert,44,194420949,LOW_SUPPORT_REVIEW_ONLY,1,achatpublic.com,,achatpublic.com,GENERIC_PLATFORM,1,2017-12-21,2017-12-21,NEUTRAL_SHARED_PLATFORM,only generic or shared institutional domains observed,HAS_PROFILE_DATA,False
A02420,lycee polyvalent joubert- maillard,44,194400016,LOW_SUPPORT_REVIEW_ONLY,1,,,,,0,,,NO_PROFILE_EVIDENCE,no normalized profile or participation domain for alias name,NO_PROFILE_DATA,False
A02421,lycee polyvalent mezeray-gabriel,14;27;28;35;50;53;61;72;76,196100069,LOW_SUPPORT_REVIEW_ONLY,1,,,,,0,,,NO_PROFILE_EVIDENCE,no normalized profile or participation domain for alias name,NO_PROFILE_DATA,False
A02422,lycee polyvalent robert garnier,28;41;44;49;61;72;91;92,197200173,LOW_SUPPORT_REVIEW_ONLY,1,,,,,0,,,NO_PROFILE_EVIDENCE,no normalized profile or participation domain for alias name,NO_PROFILE_DATA,False
A02423,maine loire habitat office pub habitat,49,274900034,LOW_SUPPORT_REVIEW_ONLY,1,marches-publics.info;smbgroupe.doubletrade.com;smbgroupe.doubletrade.net,marches-publics.info;smbgroupe.doubletrade.com,marches-publics.info;smbgroupe.doubletrade.com;smbgroupe.doubletrade.net,AMBIGUOUS;BUYER_SPECIFIC;GENERIC_PLATFORM,5,2017-10-06,2020-11-15,STRONG_SUPPORT,alias has buyer-specific or highly concentrated profile-domain evidence,HAS_PROFILE_DATA,False
A02424,maire de carrouges,61;72,216100743,LOW_SUPPORT_REVIEW_ONLY,1,,,,,0,,,NO_PROFILE_EVIDENCE,no normalized profile or participation domain for alias name,NO_PROFILE_DATA,False
A02425,mairie bouchamps-les-craon,35;44;49;53;72,215300351,LOW_SUPPORT_REVIEW_ONLY,1,,,,,0,,,NO_PROFILE_EVIDENCE,no normalized profile or participation domain for alias name,NO_PROFILE_DATA,False
A02426,mairie d 039 avessac,44,214400079,LOW_SUPPORT_REVIEW_ONLY,1,,,,,0,,,NO_PROFILE_EVIDENCE,no normalized profile or participation domain for alias name,NO_PROFILE_DATA,False
A02427,mairie d herbignac,35;44;49;56;85,214400723,LOW_SUPPORT_REVIEW_ONLY,1,,,,,0,,,NO_PROFILE_EVIDENCE,no normalized profile or participation domain for alias name,NO_PROFILE_DATA,False
A02428,mairie d indre - adresse avenue de la loire - 44610 indre,44,345002281,LOW_SUPPORT_REVIEW_ONLY,1,,,,,0,,,NO_PROFILE_EVIDENCE,no normalized profile or participation domain for alias name,NO_PROFILE_DATA,False
A02429,mairie de basse goulaine,22;35;44;72;79;85,214400095,LOW_SUPPORT_REVIEW_ONLY,1,,,,,0,,,NO_PROFILE_EVIDENCE,no normalized profile or participation domain for alias name,NO_PROFILE_DATA,False
A02430,mairie de basse goulaine,29;35;37;44;85,214400095,LOW_SUPPORT_REVIEW_ONLY,1,,,,,0,,,NO_PROFILE_EVIDENCE,no normalized profile or participation domain for alias name,NO_PROFILE_DATA,False
A02431,mairie de bauge en anjou,35;45;49;56;75,200052702,LOW_SUPPORT_REVIEW_ONLY,1,anjoumarchespublics.fr,,anjoumarchespublics.fr,GENERIC_PLATFORM,1,2020-10-14,2020-10-14,NEUTRAL_SHARED_PLATFORM,only generic or shared institutional domains observed,HAS_PROFILE_DATA,False
A02432,mairie de beaulieu-sur-layon,49,214900227,LOW_SUPPORT_REVIEW_ONLY,1,,,,,0,,,NO_PROFILE_EVIDENCE,no normalized profile or participation domain for alias name,NO_PROFILE_DATA,False
A02433,mairie de beville le comte,28;45;72;78,212800395,LOW_SUPPORT_REVIEW_ONLY,1,,,,,0,,,NO_PROFILE_EVIDENCE,no normalized profile or participation domain for alias name,NO_PROFILE_DATA,False
A02434,mairie de blain,35;44,214400152,LOW_SUPPORT_REVIEW_ONLY,1,ville-blain.e-marchespublics.com;ville-blain.fr,ville-blain.e-marchespublics.com,ville-blain.e-marchespublics.com;ville-blain.fr,BUYER_SPECIFIC;GENERIC_PLATFORM,3,2018-12-21,2019-04-01,STRONG_SUPPORT,alias has buyer-specific or highly concentrated profile-domain evidence,HAS_PROFILE_DATA,False
A02435,mairie de bouchemaine 5 quai de la noe 49080 bouchemaine,49,214900359,LOW_SUPPORT_REVIEW_ONLY,1,,,,,0,,,NO_PROFILE_EVIDENCE,no normalized profile or participation domain for alias name,NO_PROFILE_DATA,False
A02436,mairie de briollay,44;49;53;72;85,214900482,LOW_SUPPORT_REVIEW_ONLY,1,,,,,0,,,NO_PROFILE_EVIDENCE,no normalized profile or participation domain for alias name,NO_PROFILE_DATA,False
A02437,mairie de brissac loire aubance,49,200064582,LOW_SUPPORT_REVIEW_ONLY,1,,,,,0,,,NO_PROFILE_EVIDENCE,no normalized profile or participation domain for alias name,NO_PROFILE_DATA,False
A02438,mairie de cadaujac 3 place de l eglise 33140 cadaujac,17;40;44;64;85,213300809,LOW_SUPPORT_REVIEW_ONLY,1,,,,,0,,,NO_PROFILE_EVIDENCE,no normalized profile or participation domain for alias name,NO_PROFILE_DATA,False
A02439,mairie de carquefou,44,214400269,LOW_SUPPORT_REVIEW_ONLY,1,,,,,0,,,NO_PROFILE_EVIDENCE,no normalized profile or participation domain for alias name,NO_PROFILE_DATA,False
A02440,mairie de cesson-sevigne,22;29;35;53;56,213500515,LOW_SUPPORT_REVIEW_ONLY,1,marches.e-megalisbretagne.org;marches.megalisbretagne.org,,marches.e-megalisbretagne.org;marches.megalisbretagne.org,GENERIC_PLATFORM,2,2016-07-27,2018-11-15,NEUTRAL_SHARED_PLATFORM,only generic or shared institutional domains observed,HAS_PROFILE_DATA,False
A02441,mairie de change 53,53,215300542,LOW_SUPPORT_REVIEW_ONLY,1,,,,,0,,,NO_PROFILE_EVIDENCE,no normalized profile or participation domain for alias name,NO_PROFILE_DATA,False
A02442,mairie de coueron,35;44;56;85,214400475,LOW_SUPPORT_REVIEW_ONLY,1,achatpublic.com,,achatpublic.com,GENERIC_PLATFORM,1,2020-11-03,2020-11-03,NEUTRAL_SHARED_PLATFORM,only generic or shared institutional domains observed,HAS_PROFILE_DATA,False
A02443,mairie de courlay,49;79;85;86,217901032,LOW_SUPPORT_REVIEW_ONLY,1,,,,,0,,,NO_PROFILE_EVIDENCE,no normalized profile or participation domain for alias name,NO_PROFILE_DATA,False
A02444,mairie de creully sur seulles,14;27;35;50;53;61;75;76;78,200065118,LOW_SUPPORT_REVIEW_ONLY,1,,,,,0,,,NO_PROFILE_EVIDENCE,no normalized profile or participation domain for alias name,NO_PROFILE_DATA,False
A02445,mairie de dol de bretagne,22;29;35;50;53;56,213500952,LOW_SUPPORT_REVIEW_ONLY,1,megalisbretagne.org,,megalisbretagne.org,GENERIC_PLATFORM,1,2019-09-02,2019-09-02,NEUTRAL_SHARED_PLATFORM,only generic or shared institutional domains observed,HAS_PROFILE_DATA,False
A02446,mairie de dol de bretagne,22;35;44;50;53;56,213500952,LOW_SUPPORT_REVIEW_ONLY,1,megalisbretagne.org,,megalisbretagne.org,GENERIC_PLATFORM,1,2019-09-02,2019-09-02,NEUTRAL_SHARED_PLATFORM,only generic or shared institutional domains observed,HAS_PROFILE_DATA,False
A02447,mairie de dol de bretagne,22;35;50;53,213500952,LOW_SUPPORT_REVIEW_ONLY,1,megalisbretagne.org,,megalisbretagne.org,GENERIC_PLATFORM,1,2019-09-02,2019-09-02,NEUTRAL_SHARED_PLATFORM,only generic or shared institutional domains observed,HAS_PROFILE_DATA,False
A02448,mairie de getigne,44,214400632,LOW_SUPPORT_REVIEW_ONLY,1,,,,,0,,,NO_PROFILE_EVIDENCE,no normalized profile or participation domain for alias name,NO_PROFILE_DATA,False
A02449,mairie de gorges,44,214400640,LOW_SUPPORT_REVIEW_ONLY,1,,,,,0,,,NO_PROFILE_EVIDENCE,no normalized profile or participation domain for alias name,NO_PROFILE_DATA,False
A02450,mairie de gourhel,22;29;35;44;56,215600651,LOW_SUPPORT_REVIEW_ONLY,1,,,,,0,,,NO_PROFILE_EVIDENCE,no normalized profile or participation domain for alias name,NO_PROFILE_DATA,False
A02451,mairie de grand champ,29;35;44;56;75;79;92,215600677,LOW_SUPPORT_REVIEW_ONLY,1,,,,,0,,,NO_PROFILE_EVIDENCE,no normalized profile or participation domain for alias name,NO_PROFILE_DATA,False
A02452,mairie de guenrouet,44,214400681,LOW_SUPPORT_REVIEW_ONLY,1,,,,,0,,,NO_PROFILE_EVIDENCE,no normalized profile or participation domain for alias name,NO_PROFILE_DATA,False
A02453,mairie de guerande,44,254401599,LOW_SUPPORT_REVIEW_ONLY,1,agysoft.marches-publics.info,agysoft.marches-publics.info,agysoft.marches-publics.info,GENERIC_PLATFORM,2,2020-05-14,2020-05-14,NEUTRAL_SHARED_PLATFORM,only generic or shared institutional domains observed,HAS_PROFILE_DATA,False
A02454,mairie de la chapelle launay,44,214400335,LOW_SUPPORT_REVIEW_ONLY,1,,,,,0,,,NO_PROFILE_EVIDENCE,no normalized profile or participation domain for alias name,NO_PROFILE_DATA,False
A02455,mairie de la fontaine saint martin,72,217201359,LOW_SUPPORT_REVIEW_ONLY,1,,,,,0,,,NO_PROFILE_EVIDENCE,no normalized profile or participation domain for alias name,NO_PROFILE_DATA,False
A02456,mairie de la meziere,22;29;35;49;53;56;72,213501778,LOW_SUPPORT_REVIEW_ONLY,1,,,,,0,,,NO_PROFILE_EVIDENCE,no normalized profile or participation domain for alias name,NO_PROFILE_DATA,False
A02457,mairie de la trinite,13;34;59;69;72;75;79;83,210601498,LOW_SUPPORT_REVIEW_ONLY,1,,,,,0,,,NO_PROFILE_EVIDENCE,no normalized profile or participation domain for alias name,NO_PROFILE_DATA,False
A02458,mairie de mareil sur loir,72,217201854,LOW_SUPPORT_REVIEW_ONLY,1,,,,,0,,,NO_PROFILE_EVIDENCE,no normalized profile or participation domain for alias name,NO_PROFILE_DATA,False
A02459,mairie de maze-milon,49,200058873,LOW_SUPPORT_REVIEW_ONLY,1,,,,,0,,,NO_PROFILE_EVIDENCE,no normalized profile or participation domain for alias name,NO_PROFILE_DATA,False
A02460,mairie de monce en belin,72,217202001,LOW_SUPPORT_REVIEW_ONLY,1,,,,,0,,,NO_PROFILE_EVIDENCE,no normalized profile or participation domain for alias name,NO_PROFILE_DATA,False
A02461,mairie de montargis,44;45;46,214502080,LOW_SUPPORT_REVIEW_ONLY,1,,,,,0,,,NO_PROFILE_EVIDENCE,no normalized profile or participation domain for alias name,NO_PROFILE_DATA,False
A02462,mairie de montoire-sur-le-loir,28;36;37;41;45;49;61;72;86,214101495,LOW_SUPPORT_REVIEW_ONLY,1,,,,,0,,,NO_PROFILE_EVIDENCE,no normalized profile or participation domain for alias name,NO_PROFILE_DATA,False
A02463,mairie de montoire-sur-le-loir,28;36;37;41;45;53;72,214101495,LOW_SUPPORT_REVIEW_ONLY,1,,,,,0,,,NO_PROFILE_EVIDENCE,no normalized profile or participation domain for alias name,NO_PROFILE_DATA,False
A02464,mairie de noirmoutier en l ile,85,218501633,LOW_SUPPORT_REVIEW_ONLY,1,,,,,0,,,NO_PROFILE_EVIDENCE,no normalized profile or participation domain for alias name,NO_PROFILE_DATA,False
A02465,mairie de noirmoutier-en-l ile,44;85,218501633,LOW_SUPPORT_REVIEW_ONLY,1,,,,,0,,,NO_PROFILE_EVIDENCE,no normalized profile or participation domain for alias name,NO_PROFILE_DATA,False
A02466,mairie de noyant-villages,49,200070050,LOW_SUPPORT_REVIEW_ONLY,1,,,,,0,,,NO_PROFILE_EVIDENCE,no normalized profile or participation domain for alias name,NO_PROFILE_DATA,False
A02467,mairie de pierrefitte-sur-seine,59;71;72;75;91;92;93;94;95,219300597,LOW_SUPPORT_REVIEW_ONLY,1,,,,,0,,,NO_PROFILE_EVIDENCE,no normalized profile or participation domain for alias name,NO_PROFILE_DATA,False
A02468,mairie de plerin siret 212 201 875 00011,22;29;35;44;56,212201875,LOW_SUPPORT_REVIEW_ONLY,1,,,,,0,,,NO_PROFILE_EVIDENCE,no normalized profile or participation domain for alias name,NO_PROFILE_DATA,False
A02469,mairie de ploueze,22;29;35;44;56,212202147,LOW_SUPPORT_REVIEW_ONLY,1,,,,,0,,,NO_PROFILE_EVIDENCE,no normalized profile or participation domain for alias name,NO_PROFILE_DATA,False
A02470,mairie de plougrescant,22;29;35;44;56;72;75;79;92,212202188,LOW_SUPPORT_REVIEW_ONLY,1,,,,,0,,,NO_PROFILE_EVIDENCE,no normalized profile or participation domain for alias name,NO_PROFILE_DATA,False
A02471,mairie de pont-saint-martin,44,214401309,LOW_SUPPORT_REVIEW_ONLY,1,,,,,0,,,NO_PROFILE_EVIDENCE,no normalized profile or participation domain for alias name,NO_PROFILE_DATA,False
A02472,mairie de pornic,35;49;56;85,214401317,LOW_SUPPORT_REVIEW_ONLY,1,,,,,0,,,NO_PROFILE_EVIDENCE,no normalized profile or participation domain for alias name,NO_PROFILE_DATA,False
A02473,mairie de prefailles,44,214401366,LOW_SUPPORT_REVIEW_ONLY,1,,,,,0,,,NO_PROFILE_EVIDENCE,no normalized profile or participation domain for alias name,NO_PROFILE_DATA,False
A02474,mairie de quiberon,22;29;35;44;49;56,215601865,LOW_SUPPORT_REVIEW_ONLY,1,,,,,0,,,NO_PROFILE_EVIDENCE,no normalized profile or participation domain for alias name,NO_PROFILE_DATA,False
A02475,mairie de quiberon,22;29;35;44;49;56;85,215601865,LOW_SUPPORT_REVIEW_ONLY,1,,,,,0,,,NO_PROFILE_EVIDENCE,no normalized profile or participation domain for alias name,NO_PROFILE_DATA,False
A02476,mairie de rene,72,217202514,LOW_SUPPORT_REVIEW_ONLY,1,,,,,0,,,NO_PROFILE_EVIDENCE,no normalized profile or participation domain for alias name,NO_PROFILE_DATA,False
A02477,mairie de ruffec,16;17;24;33;79;85;86,211602925,LOW_SUPPORT_REVIEW_ONLY,1,klekoon.com,,klekoon.com,GENERIC_PLATFORM,1,2016-01-11,2016-01-11,NEUTRAL_SHARED_PLATFORM,only generic or shared institutional domains observed,HAS_PROFILE_DATA,False
A02478,mairie de ruffec 16,16;17;19;79;85;86;87,211602925,LOW_SUPPORT_REVIEW_ONLY,1,,,,,0,,,NO_PROFILE_EVIDENCE,no normalized profile or participation domain for alias name,NO_PROFILE_DATA,False
A02479,mairie de saint arnoult en yvelines,27;28;41;45;60;72;77;78;95,217805373,LOW_SUPPORT_REVIEW_ONLY,1,,,,,0,,,NO_PROFILE_EVIDENCE,no normalized profile or participation domain for alias name,NO_PROFILE_DATA,False
A02480,mairie de saint aubin des coudrais,49;72,217202670,LOW_SUPPORT_REVIEW_ONLY,1,,,,,0,,,NO_PROFILE_EVIDENCE,no normalized profile or participation domain for alias name,NO_PROFILE_DATA,False
A02481,mairie de saint colomban,44,214401556,LOW_SUPPORT_REVIEW_ONLY,1,,,,,0,,,NO_PROFILE_EVIDENCE,no normalized profile or participation domain for alias name,NO_PROFILE_DATA,False
A02482,mairie de saint etienne de montluc,13;44,214401580,LOW_SUPPORT_REVIEW_ONLY,1,centraledesmarches.com;e-marchespublics.com;st-etienne-montluc.net,,centraledesmarches.com;e-marchespublics.com;st-etienne-montluc.net,BUYER_SPECIFIC;GENERIC_PLATFORM,3,2015-12-15,2019-10-03,STRONG_SUPPORT,alias has buyer-specific or highly concentrated profile-domain evidence,HAS_PROFILE_DATA,False
A02483,mairie de saint etienne de montluc,35;44;49,214401580,LOW_SUPPORT_REVIEW_ONLY,1,centraledesmarches.com;e-marchespublics.com;st-etienne-montluc.net,,centraledesmarches.com;e-marchespublics.com;st-etienne-montluc.net,BUYER_SPECIFIC;GENERIC_PLATFORM,3,2015-12-15,2019-10-03,STRONG_SUPPORT,alias has buyer-specific or highly concentrated profile-domain evidence,HAS_PROFILE_DATA,False
A02484,mairie de saint etienne de montluc,35;44;53;56;72;85,214401580,LOW_SUPPORT_REVIEW_ONLY,1,centraledesmarches.com;e-marchespublics.com;st-etienne-montluc.net,,centraledesmarches.com;e-marchespublics.com;st-etienne-montluc.net,BUYER_SPECIFIC;GENERIC_PLATFORM,3,2015-12-15,2019-10-03,STRONG_SUPPORT,alias has buyer-specific or highly concentrated profile-domain evidence,HAS_PROFILE_DATA,False
A02485,mairie de saint etienne de montluc,35;44;56,214401580,LOW_SUPPORT_REVIEW_ONLY,1,centraledesmarches.com;e-marchespublics.com;st-etienne-montluc.net,,centraledesmarches.com;e-marchespublics.com;st-etienne-montluc.net,BUYER_SPECIFIC;GENERIC_PLATFORM,3,2015-12-15,2019-10-03,STRONG_SUPPORT,alias has buyer-specific or highly concentrated profile-domain evidence,HAS_PROFILE_DATA,False
A02486,mairie de saint gildas des bois - 44530 -,44,214401614,LOW_SUPPORT_REVIEW_ONLY,1,,,,,0,,,NO_PROFILE_EVIDENCE,no normalized profile or participation domain for alias name,NO_PROFILE_DATA,False
A02487,mairie de saint julien de concelles,35;41;44;49;53;56;72;79;85,214401697,LOW_SUPPORT_REVIEW_ONLY,1,,,,,0,,,NO_PROFILE_EVIDENCE,no normalized profile or participation domain for alias name,NO_PROFILE_DATA,False
A02488,mairie de saint julien de concelles,44;49;72;75;85,214401697,LOW_SUPPORT_REVIEW_ONLY,1,,,,,0,,,NO_PROFILE_EVIDENCE,no normalized profile or participation domain for alias name,NO_PROFILE_DATA,False
A02489,mairie de saint mars de coutais,44;49;56;85,214401788,LOW_SUPPORT_REVIEW_ONLY,1,,,,,0,,,NO_PROFILE_EVIDENCE,no normalized profile or participation domain for alias name,NO_PROFILE_DATA,False
A02490,mairie de saint-aignan de grand lieu,44,214401507,LOW_SUPPORT_REVIEW_ONLY,1,,,,,0,,,NO_PROFILE_EVIDENCE,no normalized profile or participation domain for alias name,NO_PROFILE_DATA,False
A02491,mairie de saint-andre des eaux,44,214401515,LOW_SUPPORT_REVIEW_ONLY,1,,,,,0,,,NO_PROFILE_EVIDENCE,no normalized profile or participation domain for alias name,NO_PROFILE_DATA,False
A02492,mairie de saint-andre des eaux 5 place de la mairie 44117 saint-andre des eaux,44,214401515,LOW_SUPPORT_REVIEW_ONLY,1,,,,,0,,,NO_PROFILE_EVIDENCE,no normalized profile or participation domain for alias name,NO_PROFILE_DATA,False
A02493,mairie de sainte gemme,44;49;79;85,217902501,LOW_SUPPORT_REVIEW_ONLY,1,,,,,0,,,NO_PROFILE_EVIDENCE,no normalized profile or participation domain for alias name,NO_PROFILE_DATA,False
A02494,mairie de sarzeau,35;44;56,215602400,LOW_SUPPORT_REVIEW_ONLY,1,,,,,0,,,NO_PROFILE_EVIDENCE,no normalized profile or participation domain for alias name,NO_PROFILE_DATA,False
A02495,mairie de savonnieres,28;36;37;41;45;49;72,213702434,LOW_SUPPORT_REVIEW_ONLY,1,,,,,0,,,NO_PROFILE_EVIDENCE,no normalized profile or participation domain for alias name,NO_PROFILE_DATA,False
A02496,mairie de savonnieres,36;37;41;45;49;72;86,213702434,LOW_SUPPORT_REVIEW_ONLY,1,,,,,0,,,NO_PROFILE_EVIDENCE,no normalized profile or participation domain for alias name,NO_PROFILE_DATA,False
A02497,mairie de savonnieres,36;37;41;49,213702434,LOW_SUPPORT_REVIEW_ONLY,1,,,,,0,,,NO_PROFILE_EVIDENCE,no normalized profile or participation domain for alias name,NO_PROFILE_DATA,False
A02498,mairie de savonnieres,36;37;41;49;72;79;86,213702434,LOW_SUPPORT_REVIEW_ONLY,1,,,,,0,,,NO_PROFILE_EVIDENCE,no normalized profile or participation domain for alias name,NO_PROFILE_DATA,False
A02499,mairie de savonnieres,37;41;45;49;72,213702434,LOW_SUPPORT_REVIEW_ONLY,1,,,,,0,,,NO_PROFILE_EVIDENCE,no normalized profile or participation domain for alias name,NO_PROFILE_DATA,False
A02500,mairie de st-herblain,35;44;85,214401622,LOW_SUPPORT_REVIEW_ONLY,1,,,,,0,,,NO_PROFILE_EVIDENCE,no normalized profile or participation domain for alias name,NO_PROFILE_DATA,False
A02501,mairie de st-herblain,44,214401622,LOW_SUPPORT_REVIEW_ONLY,1,,,,,0,,,NO_PROFILE_EVIDENCE,no normalized profile or participation domain for alias name,NO_PROFILE_DATA,False
A02502,mairie de vigneux de bretagne,44,214402174,LOW_SUPPORT_REVIEW_ONLY,1,cceg.e-marchespublics.com,,cceg.e-marchespublics.com,GENERIC_PLATFORM,1,2017-04-24,2017-04-24,NEUTRAL_SHARED_PLATFORM,only generic or shared institutional domains observed,HAS_PROFILE_DATA,False
A02503,mairie de villejuif,44;75;77;78;91;92;93;94;95,219400769,LOW_SUPPORT_REVIEW_ONLY,1,,,,,0,,,NO_PROFILE_EVIDENCE,no normalized profile or participation domain for alias name,NO_PROFILE_DATA,False
A02504,mairie de voivres les le mans,72,217203819,LOW_SUPPORT_REVIEW_ONLY,1,,,,,0,,,NO_PROFILE_EVIDENCE,no normalized profile or participation domain for alias name,NO_PROFILE_DATA,False
A02505,mairie des portes du coglais,14;22;29;35;44;50;53;56;61,200065621,LOW_SUPPORT_REVIEW_ONLY,1,,,,,0,,,NO_PROFILE_EVIDENCE,no normalized profile or participation domain for alias name,NO_PROFILE_DATA,False
A02506,mairie des sorinieres 49 rue georges clemenceau 44840,44;49;85,214401986,LOW_SUPPORT_REVIEW_ONLY,1,,,,,0,,,NO_PROFILE_EVIDENCE,no normalized profile or participation domain for alias name,NO_PROFILE_DATA,False
A02507,mairie des sorinieres 49 rue georges clemenceau 44840 les sorineres siret 214 401 986 00010,22;29;44;49;85,214401986,LOW_SUPPORT_REVIEW_ONLY,1,,,,,0,,,NO_PROFILE_EVIDENCE,no normalized profile or participation domain for alias name,NO_PROFILE_DATA,False
A02508,mairie et ccas de coueron,35;44;49;56;85,214400475,LOW_SUPPORT_REVIEW_ONLY,1,,,,,0,,,NO_PROFILE_EVIDENCE,no normalized profile or participation domain for alias name,NO_PROFILE_DATA,False
A02509,mairie la riche,36;37;41;49,213701956,LOW_SUPPORT_REVIEW_ONLY,1,,,,,0,,,NO_PROFILE_EVIDENCE,no normalized profile or participation domain for alias name,NO_PROFILE_DATA,False
A02510,mairie le genest-saint-isle,53,215301037,LOW_SUPPORT_REVIEW_ONLY,1,,,,,0,,,NO_PROFILE_EVIDENCE,no normalized profile or participation domain for alias name,NO_PROFILE_DATA,False
A02511,mairie les portes du coglais,22;29;35;44;50;53;56;75,200065621,LOW_SUPPORT_REVIEW_ONLY,1,,,,,0,,,NO_PROFILE_EVIDENCE,no normalized profile or participation domain for alias name,NO_PROFILE_DATA,False
A02512,mairie les touches,44,214402059,LOW_SUPPORT_REVIEW_ONLY,1,,,,,0,,,NO_PROFILE_EVIDENCE,no normalized profile or participation domain for alias name,NO_PROFILE_DATA,False
A02513,mairie saint-avertin,36;37;41;49,213702087,LOW_SUPPORT_REVIEW_ONLY,1,,,,,0,,,NO_PROFILE_EVIDENCE,no normalized profile or participation domain for alias name,NO_PROFILE_DATA,False
A02514,mairie st lyphard,44,214401754,LOW_SUPPORT_REVIEW_ONLY,1,,,,,0,,,NO_PROFILE_EVIDENCE,no normalized profile or participation domain for alias name,NO_PROFILE_DATA,False
A02515,mairie tours,17;37;41;45;49;75;79;86,213702616,LOW_SUPPORT_REVIEW_ONLY,1,,,,,0,,,NO_PROFILE_EVIDENCE,no normalized profile or participation domain for alias name,NO_PROFILE_DATA,False
A02516,mairie tours,28;36;37;41;45;72,213702616,LOW_SUPPORT_REVIEW_ONLY,1,,,,,0,,,NO_PROFILE_EVIDENCE,no normalized profile or participation domain for alias name,NO_PROFILE_DATA,False
A02517,mairie tours,37;41;45;49;72,213702616,LOW_SUPPORT_REVIEW_ONLY,1,,,,,0,,,NO_PROFILE_EVIDENCE,no normalized profile or participation domain for alias name,NO_PROFILE_DATA,False
A02518,mairie tours,37;41;45;49;72;86,213702616,LOW_SUPPORT_REVIEW_ONLY,1,,,,,0,,,NO_PROFILE_EVIDENCE,no normalized profile or participation domain for alias name,NO_PROFILE_DATA,False
A02519,mairie trignac,44,214402109,LOW_SUPPORT_REVIEW_ONLY,1,,,,,0,,,NO_PROFILE_EVIDENCE,no normalized profile or participation domain for alias name,NO_PROFILE_DATA,False
A02520,maison de retraite les cordelieres,49,264900184,LOW_SUPPORT_REVIEW_ONLY,1,,,,,0,,,NO_PROFILE_EVIDENCE,no normalized profile or participation domain for alias name,NO_PROFILE_DATA,False
A02521,maison familiale rurale 85,85,786469528,LOW_SUPPORT_REVIEW_ONLY,1,,,,,0,,,NO_PROFILE_EVIDENCE,no normalized profile or participation domain for alias name,NO_PROFILE_DATA,False
A02522,maison familiale rurale puy sec,85,786469528,LOW_SUPPORT_REVIEW_ONLY,1,,,,,0,,,NO_PROFILE_EVIDENCE,no normalized profile or participation domain for alias name,NO_PROFILE_DATA,False
A02523,maison retraite de saint jean brevelay,22;29;35;44;56,265600254,LOW_SUPPORT_REVIEW_ONLY,1,,,,,0,,,NO_PROFILE_EVIDENCE,no normalized profile or participation domain for alias name,NO_PROFILE_DATA,False
A02524,maitre d ouvrage mairie d indre - adresse avenue de la loire - 44610 indre mandataire agissant au nom et pour le compte du maitre d ouvrage nantes metropole amenagement adresse 2 avenue carnot - bp 50906 44009 nantes cedex 1,44,345002281,LOW_SUPPORT_REVIEW_ONLY,1,,,,,0,,,NO_PROFILE_EVIDENCE,no normalized profile or participation domain for alias name,NO_PROFILE_DATA,False
A02525,maitre d ouvrage ville de veigne 2 pl du marechal leclerc cs 30031 37250 veigne la set amenagement agissant au nom et pour le compte de la ville de veigne representee par madame isabelle carron directeur general dans le cadre d un mandat de maitrise d ouvrage,28;37;45;49,213702665,LOW_SUPPORT_REVIEW_ONLY,1,,,,,0,,,NO_PROFILE_EVIDENCE,no normalized profile or participation domain for alias name,NO_PROFILE_DATA,False
A02526,maitre d ouvrage ville de veigne 2 pl du marechal leclerc cs 30031 37250 veigne la set amenagement agissant au nom et pour le compte de la ville de veigne representee par madame isabelle carron directeur general dans le cadre d un mandat de maitrise d ouvrage,28;37;45;49;86,213702665,LOW_SUPPORT_REVIEW_ONLY,1,,,,,0,,,NO_PROFILE_EVIDENCE,no normalized profile or participation domain for alias name,NO_PROFILE_DATA,False
A02527,maitrise d oeuvre dragage port,22;29;35;44;56,200068120,LOW_SUPPORT_REVIEW_ONLY,1,,,,,0,,,NO_PROFILE_EVIDENCE,no normalized profile or participation domain for alias name,NO_PROFILE_DATA,False
A02528,maitrise d oeuvre operateur de solutions et dispositif essentiel du deploiement des services de l assurance maladie via les industriels fournisseurs de solutions aux professionnels de sante,72,391722881,LOW_SUPPORT_REVIEW_ONLY,1,,,,,0,,,NO_PROFILE_EVIDENCE,no normalized profile or participation domain for alias name,NO_PROFILE_DATA,False
A02529,maitrise d oeuvre zone d activites economiques zae,22;29;35;44;56,200068120,LOW_SUPPORT_REVIEW_ONLY,1,,,,,0,,,NO_PROFILE_EVIDENCE,no normalized profile or participation domain for alias name,NO_PROFILE_DATA,False
A02530,malicorne-sur-sarthe,72,200001873,LOW_SUPPORT_REVIEW_ONLY,1,,,,,0,,,NO_PROFILE_EVIDENCE,no normalized profile or participation domain for alias name,NO_PROFILE_DATA,False
A02531,marche de fourniture pour le cerema,49,130018310,LOW_SUPPORT_REVIEW_ONLY,1,,,,,0,,,NO_PROFILE_EVIDENCE,no normalized profile or participation domain for alias name,NO_PROFILE_DATA,False
A02532,marche de services,17;44;49;53;72;85,285300026,LOW_SUPPORT_REVIEW_ONLY,1,,,,,0,,,NO_PROFILE_EVIDENCE,no normalized profile or participation domain for alias name,NO_PROFILE_DATA,False
A02533,marche de travaux,44,214400715,LOW_SUPPORT_REVIEW_ONLY,1,,,,,0,,,NO_PROFILE_EVIDENCE,no normalized profile or participation domain for alias name,NO_PROFILE_DATA,False
A02534,marche n 2024-04,44,214400640,LOW_SUPPORT_REVIEW_ONLY,1,,,,,0,,,NO_PROFILE_EVIDENCE,no normalized profile or participation domain for alias name,NO_PROFILE_DATA,False
A02535,marche public de maitrise d oeuvre,44,214401093,LOW_SUPPORT_REVIEW_ONLY,1,,,,,0,,,NO_PROFILE_EVIDENCE,no normalized profile or participation domain for alias name,NO_PROFILE_DATA,False
A02536,marches de travaux,44,214400715,LOW_SUPPORT_REVIEW_ONLY,1,,,,,0,,,NO_PROFILE_EVIDENCE,no normalized profile or participation domain for alias name,NO_PROFILE_DATA,False
A02537,marches publics,44,214401093,LOW_SUPPORT_REVIEW_ONLY,1,,,,,0,,,NO_PROFILE_EVIDENCE,no normalized profile or participation domain for alias name,NO_PROFILE_DATA,False
A02538,marches publics,44;49;53;56;72;79;85,214901290,LOW_SUPPORT_REVIEW_ONLY,1,,,,,0,,,NO_PROFILE_EVIDENCE,no normalized profile or participation domain for alias name,NO_PROFILE_DATA,False
A02539,marches securises,85,268502408,LOW_SUPPORT_REVIEW_ONLY,1,,,,,0,,,NO_PROFILE_EVIDENCE,no normalized profile or participation domain for alias name,NO_PROFILE_DATA,False
A02540,mariie de langon,35;44,213501455,LOW_SUPPORT_REVIEW_ONLY,1,,,,,0,,,NO_PROFILE_EVIDENCE,no normalized profile or participation domain for alias name,NO_PROFILE_DATA,False
A02541,mas fraiche pasquier,44,264402686,LOW_SUPPORT_REVIEW_ONLY,1,,,,,0,,,NO_PROFILE_EVIDENCE,no normalized profile or participation domain for alias name,NO_PROFILE_DATA,False
A02542,mash mutualisation d achat au service de l habitat,33;44;69;75,883247108,LOW_SUPPORT_REVIEW_ONLY,1,,,,,0,,,NO_PROFILE_EVIDENCE,no normalized profile or participation domain for alias name,NO_PROFILE_DATA,False
A02543,mauges communaute,44;49;85,200060010,LOW_SUPPORT_REVIEW_ONLY,1,ecrivainpublic.doubletrade.net;maugescommunaute.e-marchespublics.com;maugescommunaute.fr;synapse-ouest.com,maugescommunaute.e-marchespublics.com,ecrivainpublic.doubletrade.net;maugescommunaute.e-marchespublics.com;maugescommunaute.fr;synapse-ouest.com,BUYER_SPECIFIC;GENERIC_PLATFORM;SHARED_INSTITUTIONAL,6,2016-06-23,2020-12-23,STRONG_SUPPORT,alias has buyer-specific or highly concentrated profile-domain evidence,HAS_PROFILE_DATA,False
A02544,may-sur-evre,49,214901936,LOW_SUPPORT_REVIEW_ONLY,1,,,,,0,,,NO_PROFILE_EVIDENCE,no normalized profile or participation domain for alias name,NO_PROFILE_DATA,False
A02545,mediatheque,22;29;35;44;56,200068120,LOW_SUPPORT_REVIEW_ONLY,1,,,,,0,,,NO_PROFILE_EVIDENCE,no normalized profile or participation domain for alias name,NO_PROFILE_DATA,False
A02546,meduane habitat,35;44;49;53;72,556550325,LOW_SUPPORT_REVIEW_ONLY,1,,,,,0,,,NO_PROFILE_EVIDENCE,no normalized profile or participation domain for alias name,NO_PROFILE_DATA,False
A02547,megalis,22;29;35;44;56,130022932,LOW_SUPPORT_REVIEW_ONLY,1,,,,,0,,,NO_PROFILE_EVIDENCE,no normalized profile or participation domain for alias name,NO_PROFILE_DATA,False
A02548,meteo france,31;44;94,180060030,LOW_SUPPORT_REVIEW_ONLY,1,achatpublic.com;achatpublic.fr;marches-publics.gouv.fr;marhes-publics.gouv.fr;meteofrance.achatpublic.com,achatpublic.fr,achatpublic.com;achatpublic.fr;marches-publics.gouv.fr;marhes-publics.gouv.fr;meteofrance.achatpublic.com,GENERIC_PLATFORM;SHARED_INSTITUTIONAL,7,2015-12-31,2020-12-16,NEUTRAL_SHARED_PLATFORM,only generic or shared institutional domains observed,HAS_PROFILE_DATA,False
A02549,meteo-france,31;44;94,180060030,LOW_SUPPORT_REVIEW_ONLY,1,,,,,0,,,NO_PROFILE_EVIDENCE,no normalized profile or participation domain for alias name,NO_PROFILE_DATA,False
A02550,metropole nantes metropole,44,244400404,LOW_SUPPORT_REVIEW_ONLY,1,marchespublics.nantesmetropole.fr,,marchespublics.nantesmetropole.fr,SHARED_INSTITUTIONAL,2,2020-08-16,2020-10-22,NEUTRAL_SHARED_PLATFORM,only generic or shared institutional domains observed,HAS_PROFILE_DATA,False
A02551,mfr ifacom 85,85,342299716,LOW_SUPPORT_REVIEW_ONLY,1,,,,,0,,,NO_PROFILE_EVIDENCE,no normalized profile or participation domain for alias name,NO_PROFILE_DATA,False
A02552,mfr la meignanne 49,49,786169367,LOW_SUPPORT_REVIEW_ONLY,1,,,,,0,,,NO_PROFILE_EVIDENCE,no normalized profile or participation domain for alias name,NO_PROFILE_DATA,False
A02553,mfr-cfa de mareuil sur lay 85,85,786423285,LOW_SUPPORT_REVIEW_ONLY,1,,,,,0,,,NO_PROFILE_EVIDENCE,no normalized profile or participation domain for alias name,NO_PROFILE_DATA,False
A02554,minarm sca pfc brest,29;44;50;83,110090016,LOW_SUPPORT_REVIEW_ONLY,1,,,,,0,,,NO_PROFILE_EVIDENCE,no normalized profile or participation domain for alias name,NO_PROFILE_DATA,False
A02555,ministere charge des transports - direction generale de l aviation civile dgac - service technique de l aviation civile stac,22;35;44;56,110060035,LOW_SUPPORT_REVIEW_ONLY,1,,,,,0,,,NO_PROFILE_EVIDENCE,no normalized profile or participation domain for alias name,NO_PROFILE_DATA,False
A02556,ministere charge des transports direction generale de l aviation civile direction des services de la navigation aerienne dsna direction des operations do 9 rue de champagne 91200 athis-mons pour le compte du sna o aeroport de nantes-atlantique 44343 bouguenais cedex,44;91,110060035,LOW_SUPPORT_REVIEW_ONLY,1,,,,,0,,,NO_PROFILE_EVIDENCE,no normalized profile or participation domain for alias name,NO_PROFILE_DATA,False
A02557,ministere de l economie des finances et de l industrie,44,110020013,LOW_SUPPORT_REVIEW_ONLY,1,,,,,0,,,NO_PROFILE_EVIDENCE,no normalized profile or participation domain for alias name,NO_PROFILE_DATA,False
A02558,ministere de l economie des finances et de la souverainete industrielle et numerique secretariat general service de l immobilier et de l environnement professionnel sous-direction de l immobilier et du cadre de vie bureau immobilier et maitrise d ouvrage,36;37;44;49,110020013,LOW_SUPPORT_REVIEW_ONLY,1,,,,,0,,,NO_PROFILE_EVIDENCE,no normalized profile or participation domain for alias name,NO_PROFILE_DATA,False
A02559,ministere de l economie des finances et de la souverainete industrielle et numerique secretariat general service des achats des finances - sous-direction de la gestion financiere et des achats bureau des achats mutualises de l administration centrale,44,110020013,LOW_SUPPORT_REVIEW_ONLY,1,,,,,0,,,NO_PROFILE_EVIDENCE,no normalized profile or participation domain for alias name,NO_PROFILE_DATA,False
A02560,ministere de l europe et des affaires etrangeres delegation de la direction generation de l administration et de la modernisation a nantes,44,120006010,LOW_SUPPORT_REVIEW_ONLY,1,,,,,0,,,NO_PROFILE_EVIDENCE,no normalized profile or participation domain for alias name,NO_PROFILE_DATA,False
A02561,ministere de l interieur - region de gendarmerie de bretagne,22;29;35;44;50;53;56;75;92,110014016,LOW_SUPPORT_REVIEW_ONLY,1,,,,,0,,,NO_PROFILE_EVIDENCE,no normalized profile or participation domain for alias name,NO_PROFILE_DATA,False
A02562,ministere de l interieur gendarmerie nationale,18;44;45;53;61;72,157000019,LOW_SUPPORT_REVIEW_ONLY,1,,,,,0,,,NO_PROFILE_EVIDENCE,no normalized profile or participation domain for alias name,NO_PROFILE_DATA,False
A02563,ministere de la culture,13;34;44;67;69;75;80,110046018,LOW_SUPPORT_REVIEW_ONLY,1,archivesnationales.culture.gouv.fr;marches-publics.gouv.fr,marches-publics.gouv.fr,archivesnationales.culture.gouv.fr;marches-publics.gouv.fr,GENERIC_PLATFORM;SHARED_INSTITUTIONAL,5,2019-02-04,2020-12-20,NEUTRAL_SHARED_PLATFORM,only generic or shared institutional domains observed,HAS_PROFILE_DATA,False
A02564,ministere de la culture direction regionale des affaires culturelles des pays de la loire,44;53;72;85,110046018,LOW_SUPPORT_REVIEW_ONLY,1,,,,,0,,,NO_PROFILE_EVIDENCE,no normalized profile or participation domain for alias name,NO_PROFILE_DATA,False
A02565,ministere de la justice,18;21;26;36;37;41;45;72;77,130005093,LOW_SUPPORT_REVIEW_ONLY,1,achats-publics.gouv.fr;justice.gouv.fr;marches-publics.gouv.fr;marches.publics.gouv.fr;marchespublics.gouv.fr,marches-publics.gouv.fr,achats-publics.gouv.fr;justice.gouv.fr;marches-publics.gouv.fr;marches.publics.gouv.fr;marchespublics.gouv.fr,GENERIC_PLATFORM;SHARED_INSTITUTIONAL,12,2015-06-25,2020-08-14,NEUTRAL_SHARED_PLATFORM,only generic or shared institutional domains observed,HAS_PROFILE_DATA,False
A02566,ministere de la justice,21;27;28;41;45;72;77;78;91,130005093,LOW_SUPPORT_REVIEW_ONLY,1,achats-publics.gouv.fr;justice.gouv.fr;marches-publics.gouv.fr;marches.publics.gouv.fr;marchespublics.gouv.fr,marches-publics.gouv.fr,achats-publics.gouv.fr;justice.gouv.fr;marches-publics.gouv.fr;marches.publics.gouv.fr;marchespublics.gouv.fr,GENERIC_PLATFORM;SHARED_INSTITUTIONAL,12,2015-06-25,2020-08-14,NEUTRAL_SHARED_PLATFORM,only generic or shared institutional domains observed,HAS_PROFILE_DATA,False
A02567,ministere de la justice - casier judiciaire national,44,130005093,LOW_SUPPORT_REVIEW_ONLY,1,,,,,0,,,NO_PROFILE_EVIDENCE,no normalized profile or participation domain for alias name,NO_PROFILE_DATA,False
A02568,ministere de la justice - dirsg so - di de bordeaux,16;17;33;37;49;79;85;86,130005093,LOW_SUPPORT_REVIEW_ONLY,1,,,,,0,,,NO_PROFILE_EVIDENCE,no normalized profile or participation domain for alias name,NO_PROFILE_DATA,False
A02569,ministere ou tout autre autorite nationale ou federale y compris leurs subdivisions regionales ou locales,22;29;35;44;56,130001704,LOW_SUPPORT_REVIEW_ONLY,1,,,,,0,,,NO_PROFILE_EVIDENCE,no normalized profile or participation domain for alias name,NO_PROFILE_DATA,False
A02570,ministeres de la transition ecologique de l amenagement du territoire des transports de la ville et du logement,44;75;77;78;91;92;93;94;95,130019540,LOW_SUPPORT_REVIEW_ONLY,1,,,,,0,,,NO_PROFILE_EVIDENCE,no normalized profile or participation domain for alias name,NO_PROFILE_DATA,False
A02571,ministre de l economie des finances et de la souverainete industrielle et numerique secretariat general service de l immobilier et de l environnement professionnel sous-direction de l immobilier et du cadre de vie bureau immobilier et maitrise d ouvrage antenne de nantes,36;37;41;44;45;49;72,110020013,LOW_SUPPORT_REVIEW_ONLY,1,,,,,0,,,NO_PROFILE_EVIDENCE,no normalized profile or participation domain for alias name,NO_PROFILE_DATA,False
A02572,mission d assistance a maitrise d ouvrage sur le volet environnemental - moulin boisseau,44,535164412,LOW_SUPPORT_REVIEW_ONLY,1,,,,,0,,,NO_PROFILE_EVIDENCE,no normalized profile or participation domain for alias name,NO_PROFILE_DATA,False
A02573,mission politique de la ville et renouvellement urbain,44,244400404,LOW_SUPPORT_REVIEW_ONLY,1,,,,,0,,,NO_PROFILE_EVIDENCE,no normalized profile or participation domain for alias name,NO_PROFILE_DATA,False
A02574,monsieur le directeur regional de l environnement de l amenagement et du logement de la region centre val de loire 5 avenue buffon cs 96407 45064 orleans cedex 2 tel 02 36 17 41 41,18;28;36;37;41;45;49;63;75,130009301,LOW_SUPPORT_REVIEW_ONLY,1,,,,,0,,,NO_PROFILE_EVIDENCE,no normalized profile or participation domain for alias name,NO_PROFILE_DATA,False
A02575,msa de maine et loire,35;44;49;72;85,786118968,LOW_SUPPORT_REVIEW_ONLY,1,,,,,0,,,NO_PROFILE_EVIDENCE,no normalized profile or participation domain for alias name,NO_PROFILE_DATA,False
A02576,msa de maine et loire,37;49;53;56;72;85,786118968,LOW_SUPPORT_REVIEW_ONLY,1,,,,,0,,,NO_PROFILE_EVIDENCE,no normalized profile or participation domain for alias name,NO_PROFILE_DATA,False
A02577,msa de maine et loire,49,786118968,LOW_SUPPORT_REVIEW_ONLY,1,,,,,0,,,NO_PROFILE_EVIDENCE,no normalized profile or participation domain for alias name,NO_PROFILE_DATA,False
A02578,msa mayenne orne sarthe,53;61;72,481521003,LOW_SUPPORT_REVIEW_ONLY,1,achatpublic.com;msa.achatpublic.com,,achatpublic.com;msa.achatpublic.com,GENERIC_PLATFORM,2,2018-12-01,2020-05-29,NEUTRAL_SHARED_PLATFORM,only generic or shared institutional domains observed,HAS_PROFILE_DATA,False
A02579,msa mayenne orne sarthe,72,481521003,LOW_SUPPORT_REVIEW_ONLY,1,achatpublic.com;msa.achatpublic.com,,achatpublic.com;msa.achatpublic.com,GENERIC_PLATFORM,2,2018-12-01,2020-05-29,NEUTRAL_SHARED_PLATFORM,only generic or shared institutional domains observed,HAS_PROFILE_DATA,False
A02580,mte dgpr srn service central vigicrues,13;31;33;34;44;69;75;92,110068012,LOW_SUPPORT_REVIEW_ONLY,1,,,,,0,,,NO_PROFILE_EVIDENCE,no normalized profile or participation domain for alias name,NO_PROFILE_DATA,False
A02581,mtes-mctrct-mer ac dgampa,13;29;33;44;50;62;76;92,130019268,LOW_SUPPORT_REVIEW_ONLY,1,,,,,0,,,NO_PROFILE_EVIDENCE,no normalized profile or participation domain for alias name,NO_PROFILE_DATA,False
A02582,mutualisation des achats au service de l habitat - grand ouest mash-go,14;27;44;50,883247108,LOW_SUPPORT_REVIEW_ONLY,1,,,,,0,,,NO_PROFILE_EVIDENCE,no normalized profile or participation domain for alias name,NO_PROFILE_DATA,False
A02583,mutualisation des achats au service de l habitat du grand ouest mash - go,44;49;75,883247108,LOW_SUPPORT_REVIEW_ONLY,1,,,,,0,,,NO_PROFILE_EVIDENCE,no normalized profile or participation domain for alias name,NO_PROFILE_DATA,False
A02584,mutualisation des achats au service de l habitat mash,14;27;44;50,883247108,LOW_SUPPORT_REVIEW_ONLY,1,,,,,0,,,NO_PROFILE_EVIDENCE,no normalized profile or participation domain for alias name,NO_PROFILE_DATA,False
A02585,mutualisation des achats au service de l habitat mash,44;49;75,883247108,LOW_SUPPORT_REVIEW_ONLY,1,,,,,0,,,NO_PROFILE_EVIDENCE,no normalized profile or participation domain for alias name,NO_PROFILE_DATA,False
A02586,n siret 28490001600023,44;49,284900016,LOW_SUPPORT_REVIEW_ONLY,1,,,,,0,,,NO_PROFILE_EVIDENCE,no normalized profile or participation domain for alias name,NO_PROFILE_DATA,False
A02587,nantes gestion equipement,44,308128354,LOW_SUPPORT_REVIEW_ONLY,1,,,,,0,,,NO_PROFILE_EVIDENCE,no normalized profile or participation domain for alias name,NO_PROFILE_DATA,False
A02588,nantes metropmole,44,244400404,LOW_SUPPORT_REVIEW_ONLY,1,,,,,0,,,NO_PROFILE_EVIDENCE,no normalized profile or participation domain for alias name,NO_PROFILE_DATA,False
A02589,nantes metropole,35;44;85,244400404,LOW_SUPPORT_REVIEW_ONLY,1,marchepublics.nantesmetropole.fr;marchesoublics.nantesmetropole.fr;marchespublics.nantesmetropole;marchespublics.nantesmetropole.fr;nantesmetropole.fr,marchespublics.nantesmetropole.fr,marchepublics.nantesmetropole.fr;marchesoublics.nantesmetropole.fr;marchespublics.nantesmetropole;marchespublics.nantesmetropole.fr;nantesmetropole.fr,BUYER_SPECIFIC;HIGHLY_CONCENTRATED;SHARED_INSTITUTIONAL,9,2017-02-28,2020-12-31,STRONG_SUPPORT,alias has buyer-specific or highly concentrated profile-domain evidence,HAS_PROFILE_DATA,False
A02590,nantes metropole - 2 cours champ de mars 44000 nantes mandataire agissant au nom et pour le compte du pouvoir adjudicateur nantes metropole amenagement adresse 2 avenue carnot - bp 50906 - 44009 nantes cedex 1 represente par hassan bouflim - directeur general,44,244400404,LOW_SUPPORT_REVIEW_ONLY,1,,,,,0,,,NO_PROFILE_EVIDENCE,no normalized profile or participation domain for alias name,NO_PROFILE_DATA,False
A02591,nantes metropole - autorite locale,44,244400404,LOW_SUPPORT_REVIEW_ONLY,1,,,,,0,,,NO_PROFILE_EVIDENCE,no normalized profile or participation domain for alias name,NO_PROFILE_DATA,False
A02592,nantes metropole - cycle de l eau,44,244400404,LOW_SUPPORT_REVIEW_ONLY,1,,,,,0,,,NO_PROFILE_EVIDENCE,no normalized profile or participation domain for alias name,NO_PROFILE_DATA,False
A02593,nantes metropole - direction des dechets,44,244400404,LOW_SUPPORT_REVIEW_ONLY,1,,,,,0,,,NO_PROFILE_EVIDENCE,no normalized profile or participation domain for alias name,NO_PROFILE_DATA,False
A02594,nantes metropole amenagement - mandataire agissant au nom et pour le compte de la nantes metropole,44,345002281,LOW_SUPPORT_REVIEW_ONLY,1,,,,,0,,,NO_PROFILE_EVIDENCE,no normalized profile or participation domain for alias name,NO_PROFILE_DATA,False
A02595,nantes metropole amenagement - mandataire agissant au nom et pour le compte du maitre d ouvrage ville d orvault 9 rue marcel-deniau cs 70616 44706 orvault cedex,35;44,345002281,LOW_SUPPORT_REVIEW_ONLY,1,,,,,0,,,NO_PROFILE_EVIDENCE,no normalized profile or participation domain for alias name,NO_PROFILE_DATA,False
A02596,nantes metropole amenagement agissant au nom et pour le compte de nantes metropole,44,345002281,LOW_SUPPORT_REVIEW_ONLY,1,,,,,0,,,NO_PROFILE_EVIDENCE,no normalized profile or participation domain for alias name,NO_PROFILE_DATA,False
A02597,nantes metropole amenagement agissant au nom et pour le compte de nantes metropole - 2 cours du champ-de-mars 44923 nantes cedex 9,44,345002281,LOW_SUPPORT_REVIEW_ONLY,1,,,,,0,,,NO_PROFILE_EVIDENCE,no normalized profile or participation domain for alias name,NO_PROFILE_DATA,False
A02598,nantes metropole amenagement agissant au nom pour le compte de nantes metropole - 2 cours du champ-de-mars 44923 nantes cedex 9,44;75,345002281,LOW_SUPPORT_REVIEW_ONLY,1,,,,,0,,,NO_PROFILE_EVIDENCE,no normalized profile or participation domain for alias name,NO_PROFILE_DATA,False
A02599,nantes metropole amenagement mandataire agissant au nom et pour le compte de la ville de reze,44;75,345002281,LOW_SUPPORT_REVIEW_ONLY,1,,,,,0,,,NO_PROFILE_EVIDENCE,no normalized profile or participation domain for alias name,NO_PROFILE_DATA,False
A02600,nantes metropole direction des services de mobilites services transports collectifs,44,244400404,LOW_SUPPORT_REVIEW_ONLY,1,,,,,0,,,NO_PROFILE_EVIDENCE,no normalized profile or participation domain for alias name,NO_PROFILE_DATA,False
A02601,nantes universite,35;44,130029747,LOW_SUPPORT_REVIEW_ONLY,1,,,,,0,,,NO_PROFILE_EVIDENCE,no normalized profile or participation domain for alias name,NO_PROFILE_DATA,False
A02602,nantes universite,35;44;49;53;56;72;85,130029747,LOW_SUPPORT_REVIEW_ONLY,1,,,,,0,,,NO_PROFILE_EVIDENCE,no normalized profile or participation domain for alias name,NO_PROFILE_DATA,False
A02603,nantes universite,44;49,130029747,LOW_SUPPORT_REVIEW_ONLY,1,,,,,0,,,NO_PROFILE_EVIDENCE,no normalized profile or participation domain for alias name,NO_PROFILE_DATA,False
A02604,nantes universite,44;49;53;72;85,130029747,LOW_SUPPORT_REVIEW_ONLY,1,,,,,0,,,NO_PROFILE_EVIDENCE,no normalized profile or participation domain for alias name,NO_PROFILE_DATA,False
A02605,nantes universite,44;75,130029747,LOW_SUPPORT_REVIEW_ONLY,1,,,,,0,,,NO_PROFILE_EVIDENCE,no normalized profile or participation domain for alias name,NO_PROFILE_DATA,False
A02606,nantes universite 1 quai de tourville 44035 nantes,44,130029747,LOW_SUPPORT_REVIEW_ONLY,1,,,,,0,,,NO_PROFILE_EVIDENCE,no normalized profile or participation domain for alias name,NO_PROFILE_DATA,False
A02607,nettoyage plages,22;29;35;44;56,215600347,LOW_SUPPORT_REVIEW_ONLY,1,,,,,0,,,NO_PROFILE_EVIDENCE,no normalized profile or participation domain for alias name,NO_PROFILE_DATA,False
A02608,nettoyage_batiments_2026,44,214400673,LOW_SUPPORT_REVIEW_ONLY,1,,,,,0,,,NO_PROFILE_EVIDENCE,no normalized profile or participation domain for alias name,NO_PROFILE_DATA,False
A02609,observatoire de l environnement en bretagne,22;29;35;44;49;50;53;56;61,130003254,LOW_SUPPORT_REVIEW_ONLY,1,,,,,0,,,NO_PROFILE_EVIDENCE,no normalized profile or participation domain for alias name,NO_PROFILE_DATA,False
A02610,odeadom,31;34;49;51;69;75;91;93,130006547,LOW_SUPPORT_REVIEW_ONLY,1,marches-publics.gouv.fr,,marches-publics.gouv.fr,GENERIC_PLATFORM,1,2016-02-08,2016-02-08,NEUTRAL_SHARED_PLATFORM,only generic or shared institutional domains observed,HAS_PROFILE_DATA,False
A02611,office francais de la biodiversite,13;24;44;85,130025919,LOW_SUPPORT_REVIEW_ONLY,1,,,,,0,,,NO_PROFILE_EVIDENCE,no normalized profile or participation domain for alias name,NO_PROFILE_DATA,False
A02612,office francais de la biodiversite,13;29;40;50;56;62;80;85;94,130025919,LOW_SUPPORT_REVIEW_ONLY,1,,,,,0,,,NO_PROFILE_EVIDENCE,no normalized profile or participation domain for alias name,NO_PROFILE_DATA,False
A02613,office francais de la biodiversite,17;85,130025919,LOW_SUPPORT_REVIEW_ONLY,1,,,,,0,,,NO_PROFILE_EVIDENCE,no normalized profile or participation domain for alias name,NO_PROFILE_DATA,False
A02614,office francais de la biodiversite,29;34;44;78;94,130025919,LOW_SUPPORT_REVIEW_ONLY,1,,,,,0,,,NO_PROFILE_EVIDENCE,no normalized profile or participation domain for alias name,NO_PROFILE_DATA,False
A02615,office francais de la biodiversite,29;44,130025919,LOW_SUPPORT_REVIEW_ONLY,1,,,,,0,,,NO_PROFILE_EVIDENCE,no normalized profile or participation domain for alias name,NO_PROFILE_DATA,False
A02616,office francais de la biodiversite,44;56,130025919,LOW_SUPPORT_REVIEW_ONLY,1,,,,,0,,,NO_PROFILE_EVIDENCE,no normalized profile or participation domain for alias name,NO_PROFILE_DATA,False
A02617,office public de l habitat vendee habitat,85,278500012,LOW_SUPPORT_REVIEW_ONLY,1,,,,,0,,,NO_PROFILE_EVIDENCE,no normalized profile or participation domain for alias name,NO_PROFILE_DATA,False
A02618,office publique de la biodiversite,17;85,130025919,LOW_SUPPORT_REVIEW_ONLY,1,,,,,0,,,NO_PROFILE_EVIDENCE,no normalized profile or participation domain for alias name,NO_PROFILE_DATA,False
A02619,oniris ecole nationale veteriaire agroalimentaire de l alimentation nantes atlantique,44,130008535,LOW_SUPPORT_REVIEW_ONLY,1,,,,,0,,,NO_PROFILE_EVIDENCE,no normalized profile or participation domain for alias name,NO_PROFILE_DATA,False
A02620,op 1049,27;28;41;45;72;78;91;92,806520201,LOW_SUPPORT_REVIEW_ONLY,1,,,,,0,,,NO_PROFILE_EVIDENCE,no normalized profile or participation domain for alias name,NO_PROFILE_DATA,False
A02621,op 22-001,28;37;41;44;45;49;72;85;86,987729696,LOW_SUPPORT_REVIEW_ONLY,1,,,,,0,,,NO_PROFILE_EVIDENCE,no normalized profile or participation domain for alias name,NO_PROFILE_DATA,False
A02622,operation 22-001,28;37;41;44;45;49;72;85;86,200019123,LOW_SUPPORT_REVIEW_ONLY,1,,,,,0,,,NO_PROFILE_EVIDENCE,no normalized profile or participation domain for alias name,NO_PROFILE_DATA,False
A02623,orchestre national des pays de la loire,44;49,254402027,LOW_SUPPORT_REVIEW_ONLY,1,,,,,0,,,NO_PROFILE_EVIDENCE,no normalized profile or participation domain for alias name,NO_PROFILE_DATA,False
A02624,organisme de droit public,37;44;49,428822852,LOW_SUPPORT_REVIEW_ONLY,1,,,,,0,,,NO_PROFILE_EVIDENCE,no normalized profile or participation domain for alias name,NO_PROFILE_DATA,False
A02625,organisme de droit public,37;49,428822852,LOW_SUPPORT_REVIEW_ONLY,1,,,,,0,,,NO_PROFILE_EVIDENCE,no normalized profile or participation domain for alias name,NO_PROFILE_DATA,False
A02626,organisme de securite sociale,72,786338871,LOW_SUPPORT_REVIEW_ONLY,1,,,,,0,,,NO_PROFILE_EVIDENCE,no normalized profile or participation domain for alias name,NO_PROFILE_DATA,False
A02627,organismes de securite sociale,28;36;37;41;45;49;53;72;85,775347875,LOW_SUPPORT_REVIEW_ONLY,1,,,,,0,,,NO_PROFILE_EVIDENCE,no normalized profile or participation domain for alias name,NO_PROFILE_DATA,False
A02628,orne habitat,14;27;28;35;53;61;72;76,495176158,LOW_SUPPORT_REVIEW_ONLY,1,,,,,0,,,NO_PROFILE_EVIDENCE,no normalized profile or participation domain for alias name,NO_PROFILE_DATA,False
A02629,parc naturel regional de briere,44,254400955,LOW_SUPPORT_REVIEW_ONLY,1,demat.centraledesmarches.com,,demat.centraledesmarches.com,GENERIC_PLATFORM,1,2017-04-24,2017-04-24,NEUTRAL_SHARED_PLATFORM,only generic or shared institutional domains observed,HAS_PROFILE_DATA,False
A02630,pays de blain communaute - 44130 -,44,244400453,LOW_SUPPORT_REVIEW_ONLY,1,,,,,0,,,NO_PROFILE_EVIDENCE,no normalized profile or participation domain for alias name,NO_PROFILE_DATA,False
A02631,pays de la loire,44;49;53;72;85,174400002,LOW_SUPPORT_REVIEW_ONLY,1,,,,,0,,,NO_PROFILE_EVIDENCE,no normalized profile or participation domain for alias name,NO_PROFILE_DATA,False
A02632,pfra des pays de la loire,44;49;53;72;85,174400002,LOW_SUPPORT_REVIEW_ONLY,1,,,,,0,,,NO_PROFILE_EVIDENCE,no normalized profile or participation domain for alias name,NO_PROFILE_DATA,False
A02633,plate-forme commissariat est,13;18;38;57;71;72;78;91,110090016,LOW_SUPPORT_REVIEW_ONLY,1,,,,,0,,,NO_PROFILE_EVIDENCE,no normalized profile or participation domain for alias name,NO_PROFILE_DATA,False
A02634,pnr du marais poitevin,17;79;85,257902205,LOW_SUPPORT_REVIEW_ONLY,1,,,,,0,,,NO_PROFILE_EVIDENCE,no normalized profile or participation domain for alias name,NO_PROFILE_DATA,False
A02635,podeliha,44,057201139,LOW_SUPPORT_REVIEW_ONLY,1,,,,,0,,,NO_PROFILE_EVIDENCE,no normalized profile or participation domain for alias name,NO_PROFILE_DATA,False
A02636,podeliha,44;49;53;72;75;85,057201139,LOW_SUPPORT_REVIEW_ONLY,1,,,,,0,,,NO_PROFILE_EVIDENCE,no normalized profile or participation domain for alias name,NO_PROFILE_DATA,False
A02637,podeliha,44;49;53;85,057201139,LOW_SUPPORT_REVIEW_ONLY,1,,,,,0,,,NO_PROFILE_EVIDENCE,no normalized profile or participation domain for alias name,NO_PROFILE_DATA,False
A02638,podeliha,49;53;72;85,057201139,LOW_SUPPORT_REVIEW_ONLY,1,,,,,0,,,NO_PROFILE_EVIDENCE,no normalized profile or participation domain for alias name,NO_PROFILE_DATA,False
A02639,podeliha,53;72,057201139,LOW_SUPPORT_REVIEW_ONLY,1,,,,,0,,,NO_PROFILE_EVIDENCE,no normalized profile or participation domain for alias name,NO_PROFILE_DATA,False
A02640,podeliha et axeliha,49,057201139,LOW_SUPPORT_REVIEW_ONLY,1,,,,,0,,,NO_PROFILE_EVIDENCE,no normalized profile or participation domain for alias name,NO_PROFILE_DATA,False
A02641,pole ligerien les moncellieres,44;49,479756579,LOW_SUPPORT_REVIEW_ONLY,1,,,,,0,,,NO_PROFILE_EVIDENCE,no normalized profile or participation domain for alias name,NO_PROFILE_DATA,False
A02642,pole metropolitain nantes saint-nazaire,44,200035335,LOW_SUPPORT_REVIEW_ONLY,1,,,,,0,,,NO_PROFILE_EVIDENCE,no normalized profile or participation domain for alias name,NO_PROFILE_DATA,False
A02643,pole regional du handicap,72;75,302589148,LOW_SUPPORT_REVIEW_ONLY,1,,,,,0,,,NO_PROFILE_EVIDENCE,no normalized profile or participation domain for alias name,NO_PROFILE_DATA,False
A02644,pornic agglo pays de retz,35;44;49,200067346,LOW_SUPPORT_REVIEW_ONLY,1,,,,,0,,,NO_PROFILE_EVIDENCE,no normalized profile or participation domain for alias name,NO_PROFILE_DATA,False
A02645,port nantes saint-nazaire,44,775604853,LOW_SUPPORT_REVIEW_ONLY,1,,,,,0,,,NO_PROFILE_EVIDENCE,no normalized profile or participation domain for alias name,NO_PROFILE_DATA,False
A02646,pour les services des ministeres charges de l education nationale de l enseignement superieur et de la recherche et des sports de la jeunesse et de la vie associative et les autres services situes sur ce site,44,110043015,LOW_SUPPORT_REVIEW_ONLY,1,,,,,0,,,NO_PROFILE_EVIDENCE,no normalized profile or participation domain for alias name,NO_PROFILE_DATA,False
A02647,pouvoir adjudicateur,21;26;34;38;44;69;71;75,342766334,LOW_SUPPORT_REVIEW_ONLY,1,,,,,0,,,NO_PROFILE_EVIDENCE,no normalized profile or participation domain for alias name,NO_PROFILE_DATA,False
A02648,pr2fecture du morbihan,22;29;35;44;56,175600014,LOW_SUPPORT_REVIEW_ONLY,1,,,,,0,,,NO_PROFILE_EVIDENCE,no normalized profile or participation domain for alias name,NO_PROFILE_DATA,False
A02649,prefecture,17;35;44;49;53;72;79;85,130027592,LOW_SUPPORT_REVIEW_ONLY,1,marches-publics.gouv.fr,marches-publics.gouv.fr,marches-publics.gouv.fr,GENERIC_PLATFORM,2,2015-04-15,2015-04-15,NEUTRAL_SHARED_PLATFORM,only generic or shared institutional domains observed,HAS_PROFILE_DATA,False
A02650,prefecture 86,16;17;33;37;79;85;86;87,130027600,LOW_SUPPORT_REVIEW_ONLY,1,,,,,0,,,NO_PROFILE_EVIDENCE,no normalized profile or participation domain for alias name,NO_PROFILE_DATA,False
A02651,prefecture de bretagne - sgar - pfrh,22;29;35;44;53;56,173500018,LOW_SUPPORT_REVIEW_ONLY,1,,,,,0,,,NO_PROFILE_EVIDENCE,no normalized profile or participation domain for alias name,NO_PROFILE_DATA,False
A02652,prefecture de departement sarthe,49;72,177200011,LOW_SUPPORT_REVIEW_ONLY,1,,,,,0,,,NO_PROFILE_EVIDENCE,no normalized profile or participation domain for alias name,NO_PROFILE_DATA,False
A02653,prefecture de la loire-atlantique,44,174400010,LOW_SUPPORT_REVIEW_ONLY,1,,,,,0,,,NO_PROFILE_EVIDENCE,no normalized profile or participation domain for alias name,NO_PROFILE_DATA,False
A02654,prefecture de la mayenne,35;37;44;49;53;61;72;85,175300011,LOW_SUPPORT_REVIEW_ONLY,1,,,,,0,,,NO_PROFILE_EVIDENCE,no normalized profile or participation domain for alias name,NO_PROFILE_DATA,False
A02655,prefecture de la mayenne,35;44;49;53;61;72;85,130027774,LOW_SUPPORT_REVIEW_ONLY,1,,,,,0,,,NO_PROFILE_EVIDENCE,no normalized profile or participation domain for alias name,NO_PROFILE_DATA,False
A02656,prefecture de la mayenne - sgcd53,35;44;49;50;53;61;72,130027774,LOW_SUPPORT_REVIEW_ONLY,1,,,,,0,,,NO_PROFILE_EVIDENCE,no normalized profile or participation domain for alias name,NO_PROFILE_DATA,False
A02657,prefecture de la region pays de la loire,44;49;53;72;85,174400002,LOW_SUPPORT_REVIEW_ONLY,1,,,,,0,,,NO_PROFILE_EVIDENCE,no normalized profile or participation domain for alias name,NO_PROFILE_DATA,False
A02658,prefecture de la vendee,17;44;49;53;72;85,178500013,LOW_SUPPORT_REVIEW_ONLY,1,marches-publics.gouv.fr,marches-publics.gouv.fr,marches-publics.gouv.fr,GENERIC_PLATFORM,3,2015-04-20,2019-03-21,NEUTRAL_SHARED_PLATFORM,only generic or shared institutional domains observed,HAS_PROFILE_DATA,False
A02659,prefecture de region bretagne,22;29;35;44;50;53;56,173500018,LOW_SUPPORT_REVIEW_ONLY,1,boamp.fr,,boamp.fr,GENERIC_PLATFORM,1,2015-04-02,2015-04-02,NEUTRAL_SHARED_PLATFORM,only generic or shared institutional domains observed,HAS_PROFILE_DATA,False
A02660,prefecture de region des pays de la loire,44;49;53;72,174400002,LOW_SUPPORT_REVIEW_ONLY,1,,,,,0,,,NO_PROFILE_EVIDENCE,no normalized profile or participation domain for alias name,NO_PROFILE_DATA,False
A02661,prefecture des cotes-d armor,22;29;35;44;56,130027048,LOW_SUPPORT_REVIEW_ONLY,1,,,,,0,,,NO_PROFILE_EVIDENCE,no normalized profile or participation domain for alias name,NO_PROFILE_DATA,False
A02662,prefet de la region pays de la loire,44;49;53;72;85,174400002,LOW_SUPPORT_REVIEW_ONLY,1,marches-publics.gouv.fr,,marches-publics.gouv.fr,GENERIC_PLATFORM,1,2020-08-27,2020-08-27,NEUTRAL_SHARED_PLATFORM,only generic or shared institutional domains observed,HAS_PROFILE_DATA,False
A02663,prefet de la region pays de la loire prefet de loire atlantique,44;49;53;72;85,174400002,LOW_SUPPORT_REVIEW_ONLY,1,,,,,0,,,NO_PROFILE_EVIDENCE,no normalized profile or participation domain for alias name,NO_PROFILE_DATA,False
A02664,prefet de loire-atlantique prefet de la region pays de la loire,44;72,174400002,LOW_SUPPORT_REVIEW_ONLY,1,,,,,0,,,NO_PROFILE_EVIDENCE,no normalized profile or participation domain for alias name,NO_PROFILE_DATA,False
A02665,prestations pour le traitement des appels de la hotline et des mails traitant de sujets deploiement et raccordement a la fibre optique,49,200052587,LOW_SUPPORT_REVIEW_ONLY,1,,,,,0,,,NO_PROFILE_EVIDENCE,no normalized profile or participation domain for alias name,NO_PROFILE_DATA,False
A02666,professionnalisation des ateliers de francais et l accompagnement des acteurs locaux sur les enjeux linguistiques,44,214401093,LOW_SUPPORT_REVIEW_ONLY,1,,,,,0,,,NO_PROFILE_EVIDENCE,no normalized profile or participation domain for alias name,NO_PROFILE_DATA,False
A02667,promotion du tourisme en vendee,85,546650169,LOW_SUPPORT_REVIEW_ONLY,1,,,,,0,,,NO_PROFILE_EVIDENCE,no normalized profile or participation domain for alias name,NO_PROFILE_DATA,False
A02668,protection production et distribution de la ressource en eau potable,22;35;53,253502629,LOW_SUPPORT_REVIEW_ONLY,1,,,,,0,,,NO_PROFILE_EVIDENCE,no normalized profile or participation domain for alias name,NO_PROFILE_DATA,False
A02669,prsg 24-001,72,267200160,LOW_SUPPORT_REVIEW_ONLY,1,,,,,0,,,NO_PROFILE_EVIDENCE,no normalized profile or participation domain for alias name,NO_PROFILE_DATA,False
A02670,quimper bretagne occidentale,22;29;44;56,200068120,LOW_SUPPORT_REVIEW_ONLY,1,,,,,0,,,NO_PROFILE_EVIDENCE,no normalized profile or participation domain for alias name,NO_PROFILE_DATA,False
A02671,quimper bretagne occidentale,29;35;44;56,200068120,LOW_SUPPORT_REVIEW_ONLY,1,,,,,0,,,NO_PROFILE_EVIDENCE,no normalized profile or participation domain for alias name,NO_PROFILE_DATA,False
A02672,realisation d un diagnostic territorial startegique cartographie actions de lutte contre les discriminations sur le marche du travail dans l agglomeration nantaise,44,244400404,LOW_SUPPORT_REVIEW_ONLY,1,,,,,0,,,NO_PROFILE_EVIDENCE,no normalized profile or participation domain for alias name,NO_PROFILE_DATA,False
A02673,realisation de reportages videos et audios a visee documentaire et historique destines a alimenter differents supports de diffusion,44,214401093,LOW_SUPPORT_REVIEW_ONLY,1,,,,,0,,,NO_PROFILE_EVIDENCE,no normalized profile or participation domain for alias name,NO_PROFILE_DATA,False
A02674,recherche,44,194401006,LOW_SUPPORT_REVIEW_ONLY,1,,,,,0,,,NO_PROFILE_EVIDENCE,no normalized profile or participation domain for alias name,NO_PROFILE_DATA,False
A02675,rectorat de l academie de nantes,17;22;35;44;49;53;72;75;85,174404301,LOW_SUPPORT_REVIEW_ONLY,1,,,,,0,,,NO_PROFILE_EVIDENCE,no normalized profile or participation domain for alias name,NO_PROFILE_DATA,False
A02676,rectorat de l academie de nantes,17;35;37;44;49;53;72;79;85,174404301,LOW_SUPPORT_REVIEW_ONLY,1,,,,,0,,,NO_PROFILE_EVIDENCE,no normalized profile or participation domain for alias name,NO_PROFILE_DATA,False
A02677,rectorat de la region academique grand est rectorat de l academie de nancy-metz,33;35;44;54;57;69;75;91;92,130029531,LOW_SUPPORT_REVIEW_ONLY,1,,,,,0,,,NO_PROFILE_EVIDENCE,no normalized profile or participation domain for alias name,NO_PROFILE_DATA,False
A02678,rectorat de la region academique pays de la loire,44,174404301,LOW_SUPPORT_REVIEW_ONLY,1,,,,,0,,,NO_PROFILE_EVIDENCE,no normalized profile or participation domain for alias name,NO_PROFILE_DATA,False
A02679,rectorat de la region academique pays de la loire,44;49,174404301,LOW_SUPPORT_REVIEW_ONLY,1,,,,,0,,,NO_PROFILE_EVIDENCE,no normalized profile or participation domain for alias name,NO_PROFILE_DATA,False
A02680,rectorat de la region academique pays de la loire service des constructions universitaires scus 8 rue du general margueritte bp 72616 44 326 nantes cedex 03,17;35;37;44;49;53;72;75;85,174404301,LOW_SUPPORT_REVIEW_ONLY,1,,,,,0,,,NO_PROFILE_EVIDENCE,no normalized profile or participation domain for alias name,NO_PROFILE_DATA,False
A02681,rectorat de la region academique pays de le loire,44,174404301,LOW_SUPPORT_REVIEW_ONLY,1,,,,,0,,,NO_PROFILE_EVIDENCE,no normalized profile or participation domain for alias name,NO_PROFILE_DATA,False
A02682,rectorat de nantes,49,174404301,LOW_SUPPORT_REVIEW_ONLY,1,,,,,0,,,NO_PROFILE_EVIDENCE,no normalized profile or participation domain for alias name,NO_PROFILE_DATA,False
A02683,rectorat de rennes - drie,22;35;53,173504309,LOW_SUPPORT_REVIEW_ONLY,1,,,,,0,,,NO_PROFILE_EVIDENCE,no normalized profile or participation domain for alias name,NO_PROFILE_DATA,False
A02684,rectorat division scus,44;72,174404301,LOW_SUPPORT_REVIEW_ONLY,1,marches-publics.gouv.fr,,marches-publics.gouv.fr,GENERIC_PLATFORM,1,2019-07-02,2019-07-02,NEUTRAL_SHARED_PLATFORM,only generic or shared institutional domains observed,HAS_PROFILE_DATA,False
A02685,regie malouine de l eau,22;29;31;35;37;44;52;56,539392159,LOW_SUPPORT_REVIEW_ONLY,1,,,,,0,,,NO_PROFILE_EVIDENCE,no normalized profile or participation domain for alias name,NO_PROFILE_DATA,False
A02686,region,44;49;53;72;85,234400034,LOW_SUPPORT_REVIEW_ONLY,1,avis.maximilien.fr;marches.maximilien.fr,,avis.maximilien.fr;marches.maximilien.fr,GENERIC_PLATFORM,2,2015-06-04,2018-01-30,NEUTRAL_SHARED_PLATFORM,only generic or shared institutional domains observed,HAS_PROFILE_DATA,False
A02687,region bretagne,22;29;35;44,233500016,LOW_SUPPORT_REVIEW_ONLY,1,bretagne.bzh;e-megalisbretagne.fr;e-megalisbretagne.org;marches-megalisbretagne.org;marches.e-megalisbretagne.org;marches.megalis.bretagne.bzh;marches.megalisbretagne.org;megalis-bretagne.org;megalis.bretagne.bzh;megalisbretagne.org,marches.megalis.bretagne.bzh;marches.megalisbretagne.org,bretagne.bzh;e-megalisbretagne.fr;e-megalisbretagne.org;marches-megalisbretagne.org;marches.e-megalisbretagne.org;marches.megalis.bretagne.bzh;marches.megalisbretagne.org;megalis-bretagne.org;megalis.bretagne.bzh;megalisbretagne.org,BUYER_SPECIFIC;GENERIC_PLATFORM;HIGHLY_CONCENTRATED,18,2015-12-23,2020-12-17,STRONG_SUPPORT,alias has buyer-specific or highly concentrated profile-domain evidence,HAS_PROFILE_DATA,False
A02688,region bretagne,22;29;35;44;56;75,233500016,LOW_SUPPORT_REVIEW_ONLY,1,bretagne.bzh;e-megalisbretagne.fr;e-megalisbretagne.org;marches-megalisbretagne.org;marches.e-megalisbretagne.org;marches.megalis.bretagne.bzh;marches.megalisbretagne.org;megalis-bretagne.org;megalis.bretagne.bzh;megalisbretagne.org,marches.megalis.bretagne.bzh;marches.megalisbretagne.org,bretagne.bzh;e-megalisbretagne.fr;e-megalisbretagne.org;marches-megalisbretagne.org;marches.e-megalisbretagne.org;marches.megalis.bretagne.bzh;marches.megalisbretagne.org;megalis-bretagne.org;megalis.bretagne.bzh;megalisbretagne.org,BUYER_SPECIFIC;GENERIC_PLATFORM;HIGHLY_CONCENTRATED,18,2015-12-23,2020-12-17,STRONG_SUPPORT,alias has buyer-specific or highly concentrated profile-domain evidence,HAS_PROFILE_DATA,False
A02689,region bretagne,22;29;35;44;56;92,233500016,LOW_SUPPORT_REVIEW_ONLY,1,bretagne.bzh;e-megalisbretagne.fr;e-megalisbretagne.org;marches-megalisbretagne.org;marches.e-megalisbretagne.org;marches.megalis.bretagne.bzh;marches.megalisbretagne.org;megalis-bretagne.org;megalis.bretagne.bzh;megalisbretagne.org,marches.megalis.bretagne.bzh;marches.megalisbretagne.org,bretagne.bzh;e-megalisbretagne.fr;e-megalisbretagne.org;marches-megalisbretagne.org;marches.e-megalisbretagne.org;marches.megalis.bretagne.bzh;marches.megalisbretagne.org;megalis-bretagne.org;megalis.bretagne.bzh;megalisbretagne.org,BUYER_SPECIFIC;GENERIC_PLATFORM;HIGHLY_CONCENTRATED,18,2015-12-23,2020-12-17,STRONG_SUPPORT,alias has buyer-specific or highly concentrated profile-domain evidence,HAS_PROFILE_DATA,False
A02690,region bretagne,22;35;44;56,233500016,LOW_SUPPORT_REVIEW_ONLY,1,bretagne.bzh;e-megalisbretagne.fr;e-megalisbretagne.org;marches-megalisbretagne.org;marches.e-megalisbretagne.org;marches.megalis.bretagne.bzh;marches.megalisbretagne.org;megalis-bretagne.org;megalis.bretagne.bzh;megalisbretagne.org,marches.megalis.bretagne.bzh;marches.megalisbretagne.org,bretagne.bzh;e-megalisbretagne.fr;e-megalisbretagne.org;marches-megalisbretagne.org;marches.e-megalisbretagne.org;marches.megalis.bretagne.bzh;marches.megalisbretagne.org;megalis-bretagne.org;megalis.bretagne.bzh;megalisbretagne.org,BUYER_SPECIFIC;GENERIC_PLATFORM;HIGHLY_CONCENTRATED,18,2015-12-23,2020-12-17,STRONG_SUPPORT,alias has buyer-specific or highly concentrated profile-domain evidence,HAS_PROFILE_DATA,False
A02691,region de gendarmerie bretagne - rgbret rennes,22;29;35;44;50;53;56,157000290,LOW_SUPPORT_REVIEW_ONLY,1,,,,,0,,,NO_PROFILE_EVIDENCE,no normalized profile or participation domain for alias name,NO_PROFILE_DATA,False
A02692,region de gendarmerie de nouvelle-aqui,16;17;19;23;33;79;85;86;87,157000258,LOW_SUPPORT_REVIEW_ONLY,1,,,,,0,,,NO_PROFILE_EVIDENCE,no normalized profile or participation domain for alias name,NO_PROFILE_DATA,False
A02693,region des pays de la loire,44;49,234400034,LOW_SUPPORT_REVIEW_ONLY,1,,,,,0,,,NO_PROFILE_EVIDENCE,no normalized profile or participation domain for alias name,NO_PROFILE_DATA,False
A02694,region des pays de la loire,44;49;53;72;75;85,234400034,LOW_SUPPORT_REVIEW_ONLY,1,,,,,0,,,NO_PROFILE_EVIDENCE,no normalized profile or participation domain for alias name,NO_PROFILE_DATA,False
A02695,region des pays de la loire,44;49;72;85,234400034,LOW_SUPPORT_REVIEW_ONLY,1,,,,,0,,,NO_PROFILE_EVIDENCE,no normalized profile or participation domain for alias name,NO_PROFILE_DATA,False
A02696,region des pays de la loire,44;49;85,234400034,LOW_SUPPORT_REVIEW_ONLY,1,,,,,0,,,NO_PROFILE_EVIDENCE,no normalized profile or participation domain for alias name,NO_PROFILE_DATA,False
A02697,region des pays de la loire,44;53,234400034,LOW_SUPPORT_REVIEW_ONLY,1,,,,,0,,,NO_PROFILE_EVIDENCE,no normalized profile or participation domain for alias name,NO_PROFILE_DATA,False
A02698,region des pays de la loire,44;72;85,234400034,LOW_SUPPORT_REVIEW_ONLY,1,,,,,0,,,NO_PROFILE_EVIDENCE,no normalized profile or participation domain for alias name,NO_PROFILE_DATA,False
A02699,region des pays de la loire 1 rue de la loire 44966 nantes cedex 9,44,234400034,LOW_SUPPORT_REVIEW_ONLY,1,,,,,0,,,NO_PROFILE_EVIDENCE,no normalized profile or participation domain for alias name,NO_PROFILE_DATA,False
A02700,region des pays de la loire 1 rue de la loire 44966 nantes cedex 9,44;49;53;57;72;85,234400034,LOW_SUPPORT_REVIEW_ONLY,1,,,,,0,,,NO_PROFILE_EVIDENCE,no normalized profile or participation domain for alias name,NO_PROFILE_DATA,False
A02701,region des pays la loire,44;49;53;72;85,234400034,LOW_SUPPORT_REVIEW_ONLY,1,,,,,0,,,NO_PROFILE_EVIDENCE,no normalized profile or participation domain for alias name,NO_PROFILE_DATA,False
A02702,region pay de la loire,44;49;53;72;85,234400034,LOW_SUPPORT_REVIEW_ONLY,1,,,,,0,,,NO_PROFILE_EVIDENCE,no normalized profile or participation domain for alias name,NO_PROFILE_DATA,False
A02703,region pays de la loire,49,234400034,LOW_SUPPORT_REVIEW_ONLY,1,,,,,0,,,NO_PROFILE_EVIDENCE,no normalized profile or participation domain for alias name,NO_PROFILE_DATA,False
A02704,region pays de la loire,49;72,234400034,LOW_SUPPORT_REVIEW_ONLY,1,,,,,0,,,NO_PROFILE_EVIDENCE,no normalized profile or participation domain for alias name,NO_PROFILE_DATA,False
A02705,region pays de la loire,53,234400034,LOW_SUPPORT_REVIEW_ONLY,1,,,,,0,,,NO_PROFILE_EVIDENCE,no normalized profile or participation domain for alias name,NO_PROFILE_DATA,False
A02706,region pays de la loire,85,234400034,LOW_SUPPORT_REVIEW_ONLY,1,,,,,0,,,NO_PROFILE_EVIDENCE,no normalized profile or participation domain for alias name,NO_PROFILE_DATA,False
A02707,renovation des escaliers monumentaux a la cite des congres,44,244400404,LOW_SUPPORT_REVIEW_ONLY,1,,,,,0,,,NO_PROFILE_EVIDENCE,no normalized profile or participation domain for alias name,NO_PROFILE_DATA,False
A02708,renovation menuiseries du campus,51;52;53;54;57;75;91;92,130020761,LOW_SUPPORT_REVIEW_ONLY,1,,,,,0,,,NO_PROFILE_EVIDENCE,no normalized profile or participation domain for alias name,NO_PROFILE_DATA,False
A02709,reseau canope,13;17;40;64;75;77;85;86,180043010,LOW_SUPPORT_REVIEW_ONLY,1,,,,,0,,,NO_PROFILE_EVIDENCE,no normalized profile or participation domain for alias name,NO_PROFILE_DATA,False
A02710,reseau canope,13;31;65;75;78;79;85;86,180043010,LOW_SUPPORT_REVIEW_ONLY,1,,,,,0,,,NO_PROFILE_EVIDENCE,no normalized profile or participation domain for alias name,NO_PROFILE_DATA,False
A02711,reseau canope,33;44;75;86;91;92;93,180043010,LOW_SUPPORT_REVIEW_ONLY,1,,,,,0,,,NO_PROFILE_EVIDENCE,no normalized profile or participation domain for alias name,NO_PROFILE_DATA,False
A02712,reseau canope,85;86,180043010,LOW_SUPPORT_REVIEW_ONLY,1,,,,,0,,,NO_PROFILE_EVIDENCE,no normalized profile or participation domain for alias name,NO_PROFILE_DATA,False
A02713,residence le val d emilie,35;44;49;53;56;72;85,264400060,LOW_SUPPORT_REVIEW_ONLY,1,,,,,0,,,NO_PROFILE_EVIDENCE,no normalized profile or participation domain for alias name,NO_PROFILE_DATA,False
A02714,responsable assurance amp contrats d exploitation,44,006380158,LOW_SUPPORT_REVIEW_ONLY,1,,,,,0,,,NO_PROFILE_EVIDENCE,no normalized profile or participation domain for alias name,NO_PROFILE_DATA,False
A02715,restauration scolaire,44,214401085,LOW_SUPPORT_REVIEW_ONLY,1,,,,,0,,,NO_PROFILE_EVIDENCE,no normalized profile or participation domain for alias name,NO_PROFILE_DATA,False
A02716,restauration scolaire et portage de repas,44,200058121,LOW_SUPPORT_REVIEW_ONLY,1,,,,,0,,,NO_PROFILE_EVIDENCE,no normalized profile or participation domain for alias name,NO_PROFILE_DATA,False
A02717,rgbret,22;29;35;44;50;53;56;75,157000019,LOW_SUPPORT_REVIEW_ONLY,1,,,,,0,,,NO_PROFILE_EVIDENCE,no normalized profile or participation domain for alias name,NO_PROFILE_DATA,False
A02718,rgbret,22;29;35;44;50;56;75,157000290,LOW_SUPPORT_REVIEW_ONLY,1,,,,,0,,,NO_PROFILE_EVIDENCE,no normalized profile or participation domain for alias name,NO_PROFILE_DATA,False
A02719,s3t ec,22;29;35;44;49;50;56;75;76,200084945,LOW_SUPPORT_REVIEW_ONLY,1,,,,,0,,,NO_PROFILE_EVIDENCE,no normalized profile or participation domain for alias name,NO_PROFILE_DATA,False
A02720,sa d hlm bsb-les foyers,14;22;29;35;53;56,609200258,LOW_SUPPORT_REVIEW_ONLY,1,,,,,0,,,NO_PROFILE_EVIDENCE,no normalized profile or participation domain for alias name,NO_PROFILE_DATA,False
A02721,sade cgth,44,254401094,LOW_SUPPORT_REVIEW_ONLY,1,,,,,0,,,NO_PROFILE_EVIDENCE,no normalized profile or participation domain for alias name,NO_PROFILE_DATA,False
A02722,saedel,27;28;45;61;72;77;78;91,806520201,LOW_SUPPORT_REVIEW_ONLY,1,achatpublic.com;saedel.achatpublic.com,,achatpublic.com;saedel.achatpublic.com,GENERIC_PLATFORM,2,2019-03-14,2019-11-08,NEUTRAL_SHARED_PLATFORM,only generic or shared institutional domains observed,HAS_PROFILE_DATA,False
A02723,saedel,27;28;45;72;78;91,806520201,LOW_SUPPORT_REVIEW_ONLY,1,achatpublic.com;saedel.achatpublic.com,,achatpublic.com;saedel.achatpublic.com,GENERIC_PLATFORM,2,2019-03-14,2019-11-08,NEUTRAL_SHARED_PLATFORM,only generic or shared institutional domains observed,HAS_PROFILE_DATA,False
A02724,saeml loire atlantique peche et plaisance,44;56;85,524007754,LOW_SUPPORT_REVIEW_ONLY,1,,,,,0,,,NO_PROFILE_EVIDENCE,no normalized profile or participation domain for alias name,NO_PROFILE_DATA,False
A02725,saep de la region de dollon,72,200097053,LOW_SUPPORT_REVIEW_ONLY,1,,,,,0,,,NO_PROFILE_EVIDENCE,no normalized profile or participation domain for alias name,NO_PROFILE_DATA,False
A02726,saep vignoble-grandlieu,44,200078913,LOW_SUPPORT_REVIEW_ONLY,1,,,,,0,,,NO_PROFILE_EVIDENCE,no normalized profile or participation domain for alias name,NO_PROFILE_DATA,False
A02727,saep vignoble-grandlieu siret 20007891300015,44;49;85,200078913,LOW_SUPPORT_REVIEW_ONLY,1,,,,,0,,,NO_PROFILE_EVIDENCE,no normalized profile or participation domain for alias name,NO_PROFILE_DATA,False
A02728,saepa de la region de connerre,72,257200782,LOW_SUPPORT_REVIEW_ONLY,1,,,,,0,,,NO_PROFILE_EVIDENCE,no normalized profile or participation domain for alias name,NO_PROFILE_DATA,False
A02729,saint barthelemy d anjou,49,214902678,LOW_SUPPORT_REVIEW_ONLY,1,alm.marches-securises.fr;marches-securises.fr,,alm.marches-securises.fr;marches-securises.fr,GENERIC_PLATFORM,2,2019-07-19,2019-07-23,NEUTRAL_SHARED_PLATFORM,only generic or shared institutional domains observed,HAS_PROFILE_DATA,False
A02730,saint vincent sur jard,85,218502789,LOW_SUPPORT_REVIEW_ONLY,1,,,,,0,,,NO_PROFILE_EVIDENCE,no normalized profile or participation domain for alias name,NO_PROFILE_DATA,False
A02731,saint-nazaire agglomeration tourisme,44;49;56;85,828620831,LOW_SUPPORT_REVIEW_ONLY,1,,,,,0,,,NO_PROFILE_EVIDENCE,no normalized profile or participation domain for alias name,NO_PROFILE_DATA,False
A02732,saint-nazaire agglomeration tourisme,44;49;75;85,828620831,LOW_SUPPORT_REVIEW_ONLY,1,,,,,0,,,NO_PROFILE_EVIDENCE,no normalized profile or participation domain for alias name,NO_PROFILE_DATA,False
A02733,saint-nazaire agglomeration tourisme,44;75;77;78;92,828620831,LOW_SUPPORT_REVIEW_ONLY,1,,,,,0,,,NO_PROFILE_EVIDENCE,no normalized profile or participation domain for alias name,NO_PROFILE_DATA,False
A02734,saint-sauveur-villages,14;22;35;50;53;61;76,200087047,LOW_SUPPORT_REVIEW_ONLY,1,e-marchespublics.com,e-marchespublics.com,e-marchespublics.com,GENERIC_PLATFORM,2,2019-09-22,2019-09-22,NEUTRAL_SHARED_PLATFORM,only generic or shared institutional domains observed,HAS_PROFILE_DATA,False
A02735,saintes grandes rives - l agglo,16;17;79;85,200036473,LOW_SUPPORT_REVIEW_ONLY,1,,,,,0,,,NO_PROFILE_EVIDENCE,no normalized profile or participation domain for alias name,NO_PROFILE_DATA,False
A02736,saintes grandes rives l agglo,16;17;33;85,200036473,LOW_SUPPORT_REVIEW_ONLY,1,,,,,0,,,NO_PROFILE_EVIDENCE,no normalized profile or participation domain for alias name,NO_PROFILE_DATA,False
A02737,salle de spectacle,22;29;35;44;56,200068120,LOW_SUPPORT_REVIEW_ONLY,1,,,,,0,,,NO_PROFILE_EVIDENCE,no normalized profile or participation domain for alias name,NO_PROFILE_DATA,False
A02738,salubrite publique,22;29;35;44;56,215600347,LOW_SUPPORT_REVIEW_ONLY,1,,,,,0,,,NO_PROFILE_EVIDENCE,no normalized profile or participation domain for alias name,NO_PROFILE_DATA,False
A02739,salubrite publique,22;29;44;56,215600347,LOW_SUPPORT_REVIEW_ONLY,1,,,,,0,,,NO_PROFILE_EVIDENCE,no normalized profile or participation domain for alias name,NO_PROFILE_DATA,False
A02740,sans objet,16;17;75;77;79;85;86;87;93,180043010,LOW_SUPPORT_REVIEW_ONLY,1,,,,,0,,,NO_PROFILE_EVIDENCE,no normalized profile or participation domain for alias name,NO_PROFILE_DATA,False
A02741,sans objet,16;17;79;85;86,180043010,LOW_SUPPORT_REVIEW_ONLY,1,,,,,0,,,NO_PROFILE_EVIDENCE,no normalized profile or participation domain for alias name,NO_PROFILE_DATA,False
A02742,sans objet,22;29;35;44;56;75,242900835,LOW_SUPPORT_REVIEW_ONLY,1,,,,,0,,,NO_PROFILE_EVIDENCE,no normalized profile or participation domain for alias name,NO_PROFILE_DATA,False
A02743,sans objet,49,057201139,LOW_SUPPORT_REVIEW_ONLY,1,,,,,0,,,NO_PROFILE_EVIDENCE,no normalized profile or participation domain for alias name,NO_PROFILE_DATA,False
A02744,sante en tant qu etablissement public de sante chu nantes,44,264400136,LOW_SUPPORT_REVIEW_ONLY,1,,,,,0,,,NO_PROFILE_EVIDENCE,no normalized profile or participation domain for alias name,NO_PROFILE_DATA,False
A02745,sar de la cour d appel de rennes,35;44,173501115,LOW_SUPPORT_REVIEW_ONLY,1,,,,,0,,,NO_PROFILE_EVIDENCE,no normalized profile or participation domain for alias name,NO_PROFILE_DATA,False
A02746,sar de rennes,35;44,173501115,LOW_SUPPORT_REVIEW_ONLY,1,,,,,0,,,NO_PROFILE_EVIDENCE,no normalized profile or participation domain for alias name,NO_PROFILE_DATA,False
A02747,sarthe habitat,44;49;53;72,403040850,LOW_SUPPORT_REVIEW_ONLY,1,sarthe-habitat-marches.com;sarthe-habitat.fr,,sarthe-habitat-marches.com;sarthe-habitat.fr,SHARED_INSTITUTIONAL,2,2015-07-30,2017-01-20,NEUTRAL_SHARED_PLATFORM,only generic or shared institutional domains observed,HAS_PROFILE_DATA,False
A02748,sas anjou commerces et centralites,49,917408080,LOW_SUPPORT_REVIEW_ONLY,1,,,,,0,,,NO_PROFILE_EVIDENCE,no normalized profile or participation domain for alias name,NO_PROFILE_DATA,False
A02749,sas ferme experimentale porcine des trinottieres,49,829241629,LOW_SUPPORT_REVIEW_ONLY,1,,,,,0,,,NO_PROFILE_EVIDENCE,no normalized profile or participation domain for alias name,NO_PROFILE_DATA,False
A02750,sas loire atlantique nautisme,44,808417075,LOW_SUPPORT_REVIEW_ONLY,1,,,,,0,,,NO_PROFILE_EVIDENCE,no normalized profile or participation domain for alias name,NO_PROFILE_DATA,False
A02751,sas vendee solaire coordonnateur du groupement de commandes,44;85,790969133,LOW_SUPPORT_REVIEW_ONLY,1,,,,,0,,,NO_PROFILE_EVIDENCE,no normalized profile or participation domain for alias name,NO_PROFILE_DATA,False
A02752,sas vendee tri energie,44;85,904356789,LOW_SUPPORT_REVIEW_ONLY,1,,,,,0,,,NO_PROFILE_EVIDENCE,no normalized profile or participation domain for alias name,NO_PROFILE_DATA,False
A02753,sasu fnccr,11;13;31;35;44;59;69;75;94,978657120,LOW_SUPPORT_REVIEW_ONLY,1,,,,,0,,,NO_PROFILE_EVIDENCE,no normalized profile or participation domain for alias name,NO_PROFILE_DATA,False
A02754,sasu fnccr,13;31;33;43;44;59;67;69;75,978657120,LOW_SUPPORT_REVIEW_ONLY,1,,,,,0,,,NO_PROFILE_EVIDENCE,no normalized profile or participation domain for alias name,NO_PROFILE_DATA,False
A02755,sasu fnccr,13;31;35;44;59;67;69;75;94,978657120,LOW_SUPPORT_REVIEW_ONLY,1,,,,,0,,,NO_PROFILE_EVIDENCE,no normalized profile or participation domain for alias name,NO_PROFILE_DATA,False
A02756,sdis 17,17;40;47;79;85;86,281700252,LOW_SUPPORT_REVIEW_ONLY,1,marches-publics.info,,marches-publics.info,GENERIC_PLATFORM,2,2017-02-15,2020-10-28,NEUTRAL_SHARED_PLATFORM,only generic or shared institutional domains observed,HAS_PROFILE_DATA,False
A02757,sdis 28,27;28;61;72,282800366,LOW_SUPPORT_REVIEW_ONLY,1,,,,,0,,,NO_PROFILE_EVIDENCE,no normalized profile or participation domain for alias name,NO_PROFILE_DATA,False
A02758,sdis 28,28;41;45;72,282800366,LOW_SUPPORT_REVIEW_ONLY,1,,,,,0,,,NO_PROFILE_EVIDENCE,no normalized profile or participation domain for alias name,NO_PROFILE_DATA,False
A02759,sdis 35 - coordonnateur du groupement de commandes,14;18;22;27;28;29;35;44;45,283503555,LOW_SUPPORT_REVIEW_ONLY,1,,,,,0,,,NO_PROFILE_EVIDENCE,no normalized profile or participation domain for alias name,NO_PROFILE_DATA,False
A02760,sdis 35 - coordonnateur du groupement de commandes,14;18;27;29;35;44;45;49;50,283503555,LOW_SUPPORT_REVIEW_ONLY,1,,,,,0,,,NO_PROFILE_EVIDENCE,no normalized profile or participation domain for alias name,NO_PROFILE_DATA,False
A02761,sdis 35 - coordonnateur du groupement de commandes,14;22;27;35;44;49;50;53;56,283503555,LOW_SUPPORT_REVIEW_ONLY,1,,,,,0,,,NO_PROFILE_EVIDENCE,no normalized profile or participation domain for alias name,NO_PROFILE_DATA,False
A02762,sdis 44,29;35;44;76,287600019,LOW_SUPPORT_REVIEW_ONLY,1,achatpublic.com,,achatpublic.com,GENERIC_PLATFORM,1,2020-10-16,2020-10-16,NEUTRAL_SHARED_PLATFORM,only generic or shared institutional domains observed,HAS_PROFILE_DATA,False
A02763,sdis 49 - maine et loire,35;44;49;53,284900016,LOW_SUPPORT_REVIEW_ONLY,1,,,,,0,,,NO_PROFILE_EVIDENCE,no normalized profile or participation domain for alias name,NO_PROFILE_DATA,False
A02764,sdis 49 etablissement public local a caractere administratif,49,284900016,LOW_SUPPORT_REVIEW_ONLY,1,,,,,0,,,NO_PROFILE_EVIDENCE,no normalized profile or participation domain for alias name,NO_PROFILE_DATA,False
A02765,sdis de la vendee les oudairies - bp 695 85017 la roche sur yon cedex,85,288500010,LOW_SUPPORT_REVIEW_ONLY,1,,,,,0,,,NO_PROFILE_EVIDENCE,no normalized profile or participation domain for alias name,NO_PROFILE_DATA,False
A02766,sdis28,27;28;41;45;61;72;78;91,282800366,LOW_SUPPORT_REVIEW_ONLY,1,,,,,0,,,NO_PROFILE_EVIDENCE,no normalized profile or participation domain for alias name,NO_PROFILE_DATA,False
A02767,secretariat d etat charge de la mer et de la biodiversite direction generale des affaires maritimes de la peche et de l aquaculture dgampa,22;29;35;44;56;92,130030018,LOW_SUPPORT_REVIEW_ONLY,1,,,,,0,,,NO_PROFILE_EVIDENCE,no normalized profile or participation domain for alias name,NO_PROFILE_DATA,False
A02768,secretariat general sg service des ressources humaines srh sous-direction des politiques sociales et des conditions de travail srh3 bureau des ressources internes - srh3c secteur cadre de vie professionnel batiment atrium 5 place des vins de france - 75573 - paris cedex 12,22;29;35;44,120020011,LOW_SUPPORT_REVIEW_ONLY,1,,,,,0,,,NO_PROFILE_EVIDENCE,no normalized profile or participation domain for alias name,NO_PROFILE_DATA,False
A02769,secretariat general sg service des ressources humaines srh sous-direction des politiques sociales et des conditions de travail srh3 bureau des ressources internes - srh3c secteur cadre de vie professionnel batiment atrium 5 place des vins de france - 75573 - paris cedex 12,22;29;35;44;49;56,120020011,LOW_SUPPORT_REVIEW_ONLY,1,,,,,0,,,NO_PROFILE_EVIDENCE,no normalized profile or participation domain for alias name,NO_PROFILE_DATA,False
A02770,securite maritime,44,775604853,LOW_SUPPORT_REVIEW_ONLY,1,,,,,0,,,NO_PROFILE_EVIDENCE,no normalized profile or participation domain for alias name,NO_PROFILE_DATA,False
A02771,securite sociale,37;41;45;72,311510440,LOW_SUPPORT_REVIEW_ONLY,1,,,,,0,,,NO_PROFILE_EVIDENCE,no normalized profile or participation domain for alias name,NO_PROFILE_DATA,False
A02772,securite sociale coordonnateur caf de maine-et-loire,18;28;36;37;41;44;45;49;72,534172481,LOW_SUPPORT_REVIEW_ONLY,1,,,,,0,,,NO_PROFILE_EVIDENCE,no normalized profile or participation domain for alias name,NO_PROFILE_DATA,False
A02773,sem energies midi atlantique,16;17;33;79;85,838311371,LOW_SUPPORT_REVIEW_ONLY,1,marches-securises.fr,,marches-securises.fr,GENERIC_PLATFORM,1,2019-10-26,2019-10-26,NEUTRAL_SHARED_PLATFORM,only generic or shared institutional domains observed,HAS_PROFILE_DATA,False
A02774,sem laval mayenne amenagement,53,799245709,LOW_SUPPORT_REVIEW_ONLY,1,,,,,0,,,NO_PROFILE_EVIDENCE,no normalized profile or participation domain for alias name,NO_PROFILE_DATA,False
A02775,sem lma,53,555650308,LOW_SUPPORT_REVIEW_ONLY,1,,,,,0,,,NO_PROFILE_EVIDENCE,no normalized profile or participation domain for alias name,NO_PROFILE_DATA,False
A02776,sem sonadev,35;44;49;56;85,007180516,LOW_SUPPORT_REVIEW_ONLY,1,,,,,0,,,NO_PROFILE_EVIDENCE,no normalized profile or participation domain for alias name,NO_PROFILE_DATA,False
A02777,semdas agissant au nom et pour le compte de la rochelle universite,16;17;33;79;85;86,716350137,LOW_SUPPORT_REVIEW_ONLY,1,,,,,0,,,NO_PROFILE_EVIDENCE,no normalized profile or participation domain for alias name,NO_PROFILE_DATA,False
A02778,semdas agissant au nom et pour le compte du departement de la charente maritime,16;17;33;79;85;86,716350137,LOW_SUPPORT_REVIEW_ONLY,1,,,,,0,,,NO_PROFILE_EVIDENCE,no normalized profile or participation domain for alias name,NO_PROFILE_DATA,False
A02779,semitan mandataire de la loma,44,314684960,LOW_SUPPORT_REVIEW_ONLY,1,,,,,0,,,NO_PROFILE_EVIDENCE,no normalized profile or participation domain for alias name,NO_PROFILE_DATA,False
A02780,service administration generale,44,244400404,LOW_SUPPORT_REVIEW_ONLY,1,,,,,0,,,NO_PROFILE_EVIDENCE,no normalized profile or participation domain for alias name,NO_PROFILE_DATA,False
A02781,service commun d achats,22;29;35;53;56,384862132,LOW_SUPPORT_REVIEW_ONLY,1,interco.achatpublic.com;marchesonline.achatpublic.com,,interco.achatpublic.com;marchesonline.achatpublic.com,GENERIC_PLATFORM,2,2019-06-28,2019-12-29,NEUTRAL_SHARED_PLATFORM,only generic or shared institutional domains observed,HAS_PROFILE_DATA,False
A02782,service construction,49,063200059,LOW_SUPPORT_REVIEW_ONLY,1,,,,,0,,,NO_PROFILE_EVIDENCE,no normalized profile or participation domain for alias name,NO_PROFILE_DATA,False
A02783,service d administration territoriale,44,244400404,LOW_SUPPORT_REVIEW_ONLY,1,,,,,0,,,NO_PROFILE_EVIDENCE,no normalized profile or participation domain for alias name,NO_PROFILE_DATA,False
A02784,service d amenagement et d entretien de l espace vert de la commune,44;49,214901290,LOW_SUPPORT_REVIEW_ONLY,1,,,,,0,,,NO_PROFILE_EVIDENCE,no normalized profile or participation domain for alias name,NO_PROFILE_DATA,False
A02785,service d analyses biologiques,17;85,130025919,LOW_SUPPORT_REVIEW_ONLY,1,,,,,0,,,NO_PROFILE_EVIDENCE,no normalized profile or participation domain for alias name,NO_PROFILE_DATA,False
A02786,service de receuil,44,214401507,LOW_SUPPORT_REVIEW_ONLY,1,,,,,0,,,NO_PROFILE_EVIDENCE,no normalized profile or participation domain for alias name,NO_PROFILE_DATA,False
A02787,service departemental d incendie et de secours d eure-et-loir,27;28;41;45;61;72;78;91,282800366,LOW_SUPPORT_REVIEW_ONLY,1,,,,,0,,,NO_PROFILE_EVIDENCE,no normalized profile or participation domain for alias name,NO_PROFILE_DATA,False
A02788,service departemental d incendie et de secours de la mayenne,35;50;53;61,285300018,LOW_SUPPORT_REVIEW_ONLY,1,,,,,0,,,NO_PROFILE_EVIDENCE,no normalized profile or participation domain for alias name,NO_PROFILE_DATA,False
A02789,service departemental d incendie et de secours de la mayenne,35;50;53;61;72,285300018,LOW_SUPPORT_REVIEW_ONLY,1,,,,,0,,,NO_PROFILE_EVIDENCE,no normalized profile or participation domain for alias name,NO_PROFILE_DATA,False
A02790,service departemental d incendie et de secours de la vendee,85,546650169,LOW_SUPPORT_REVIEW_ONLY,1,,,,,0,,,NO_PROFILE_EVIDENCE,no normalized profile or participation domain for alias name,NO_PROFILE_DATA,False
A02791,service departemental d incendie et de secours de maine et loire,33;44;49;72,284900016,LOW_SUPPORT_REVIEW_ONLY,1,,,,,0,,,NO_PROFILE_EVIDENCE,no normalized profile or participation domain for alias name,NO_PROFILE_DATA,False
A02792,service departemental d incendie et de secours de maine et loire,44;49;53;72,284900016,LOW_SUPPORT_REVIEW_ONLY,1,,,,,0,,,NO_PROFILE_EVIDENCE,no normalized profile or participation domain for alias name,NO_PROFILE_DATA,False
A02793,service departemental d incendie et de secours de maine et loire,44;49;53;85,284900016,LOW_SUPPORT_REVIEW_ONLY,1,,,,,0,,,NO_PROFILE_EVIDENCE,no normalized profile or participation domain for alias name,NO_PROFILE_DATA,False
A02794,service departemental d incendie et de secours de maine et loire,49;53,284900016,LOW_SUPPORT_REVIEW_ONLY,1,,,,,0,,,NO_PROFILE_EVIDENCE,no normalized profile or participation domain for alias name,NO_PROFILE_DATA,False
A02795,service departemental d incendie et de secours de maine-et-loire,35;44;49;53,284900016,LOW_SUPPORT_REVIEW_ONLY,1,,,,,0,,,NO_PROFILE_EVIDENCE,no normalized profile or participation domain for alias name,NO_PROFILE_DATA,False
A02796,service departemental d incendie et de secours de maine-et-loire,44;49;53;85,284900016,LOW_SUPPORT_REVIEW_ONLY,1,,,,,0,,,NO_PROFILE_EVIDENCE,no normalized profile or participation domain for alias name,NO_PROFILE_DATA,False
A02797,service departemental d incendie et de secours de maine-et-loire,49;53;85,284900016,LOW_SUPPORT_REVIEW_ONLY,1,,,,,0,,,NO_PROFILE_EVIDENCE,no normalized profile or participation domain for alias name,NO_PROFILE_DATA,False
A02798,service departemental d incendie et de secours de maine-et-loire - 6 avenue du grand perigne - 49070 beaucouze,49,284900016,LOW_SUPPORT_REVIEW_ONLY,1,,,,,0,,,NO_PROFILE_EVIDENCE,no normalized profile or participation domain for alias name,NO_PROFILE_DATA,False
A02799,service departemental d incendie et de secours de maine-et-loire 6 avenue du grand perigne 49071 beaucouze cedex 01,49,284900016,LOW_SUPPORT_REVIEW_ONLY,1,,,,,0,,,NO_PROFILE_EVIDENCE,no normalized profile or participation domain for alias name,NO_PROFILE_DATA,False
A02800,service departemental d incendie et de secours de maine-et-loire 6 avenue du grand perigne cs 90087 beaucouze,49;53;85,284900016,LOW_SUPPORT_REVIEW_ONLY,1,,,,,0,,,NO_PROFILE_EVIDENCE,no normalized profile or participation domain for alias name,NO_PROFILE_DATA,False
A02801,service des ressources numeriques,44,244400404,LOW_SUPPORT_REVIEW_ONLY,1,,,,,0,,,NO_PROFILE_EVIDENCE,no normalized profile or participation domain for alias name,NO_PROFILE_DATA,False
A02802,service developpement,44,005580113,LOW_SUPPORT_REVIEW_ONLY,1,,,,,0,,,NO_PROFILE_EVIDENCE,no normalized profile or participation domain for alias name,NO_PROFILE_DATA,False
A02803,service informatique,44,254402530,LOW_SUPPORT_REVIEW_ONLY,1,,,,,0,,,NO_PROFILE_EVIDENCE,no normalized profile or participation domain for alias name,NO_PROFILE_DATA,False
A02804,service juridique,44,308128354,LOW_SUPPORT_REVIEW_ONLY,1,,,,,0,,,NO_PROFILE_EVIDENCE,no normalized profile or participation domain for alias name,NO_PROFILE_DATA,False
A02805,service juridique et marches,44,345002281,LOW_SUPPORT_REVIEW_ONLY,1,,,,,0,,,NO_PROFILE_EVIDENCE,no normalized profile or participation domain for alias name,NO_PROFILE_DATA,False
A02806,service marche publics,44,244400404,LOW_SUPPORT_REVIEW_ONLY,1,,,,,0,,,NO_PROFILE_EVIDENCE,no normalized profile or participation domain for alias name,NO_PROFILE_DATA,False
A02807,service national d ingenierie aeroportuaire,22;29;35;44;56,120064019,LOW_SUPPORT_REVIEW_ONLY,1,,,,,0,,,NO_PROFILE_EVIDENCE,no normalized profile or participation domain for alias name,NO_PROFILE_DATA,False
A02808,service patrimoine,44,006380158,LOW_SUPPORT_REVIEW_ONLY,1,,,,,0,,,NO_PROFILE_EVIDENCE,no normalized profile or participation domain for alias name,NO_PROFILE_DATA,False
A02809,service public,85,546650169,LOW_SUPPORT_REVIEW_ONLY,1,,,,,0,,,NO_PROFILE_EVIDENCE,no normalized profile or participation domain for alias name,NO_PROFILE_DATA,False
A02810,service public administratif,29;44,212902324,LOW_SUPPORT_REVIEW_ONLY,1,,,,,0,,,NO_PROFILE_EVIDENCE,no normalized profile or participation domain for alias name,NO_PROFILE_DATA,False
A02811,service public administratif commune de la chapelle des fougeretz,22;35;44;50;56,213500598,LOW_SUPPORT_REVIEW_ONLY,1,,,,,0,,,NO_PROFILE_EVIDENCE,no normalized profile or participation domain for alias name,NO_PROFILE_DATA,False
A02812,service public culturel,44,450452115,LOW_SUPPORT_REVIEW_ONLY,1,,,,,0,,,NO_PROFILE_EVIDENCE,no normalized profile or participation domain for alias name,NO_PROFILE_DATA,False
A02813,service public de distribution d eau potable,22;35;44;53,253502629,LOW_SUPPORT_REVIEW_ONLY,1,,,,,0,,,NO_PROFILE_EVIDENCE,no normalized profile or participation domain for alias name,NO_PROFILE_DATA,False
A02814,service public de l eau - an dour,22;29;35;44;56,977874585,LOW_SUPPORT_REVIEW_ONLY,1,,,,,0,,,NO_PROFILE_EVIDENCE,no normalized profile or participation domain for alias name,NO_PROFILE_DATA,False
A02815,service public de l education,44,214400715,LOW_SUPPORT_REVIEW_ONLY,1,,,,,0,,,NO_PROFILE_EVIDENCE,no normalized profile or participation domain for alias name,NO_PROFILE_DATA,False
A02816,service public de production et de distribution d eau potable,22;35;44;50;53;56,253502629,LOW_SUPPORT_REVIEW_ONLY,1,,,,,0,,,NO_PROFILE_EVIDENCE,no normalized profile or participation domain for alias name,NO_PROFILE_DATA,False
A02817,service public de recherche en agriculture alimentation et environnement inrae,44;69;75;92,180070039,LOW_SUPPORT_REVIEW_ONLY,1,,,,,0,,,NO_PROFILE_EVIDENCE,no normalized profile or participation domain for alias name,NO_PROFILE_DATA,False
A02818,service public de sante,44,264400136,LOW_SUPPORT_REVIEW_ONLY,1,,,,,0,,,NO_PROFILE_EVIDENCE,no normalized profile or participation domain for alias name,NO_PROFILE_DATA,False
A02819,service public en charge de la gemapi,44,200055127,LOW_SUPPORT_REVIEW_ONLY,1,,,,,0,,,NO_PROFILE_EVIDENCE,no normalized profile or participation domain for alias name,NO_PROFILE_DATA,False
A02820,service public hospitalier,49,264900036,LOW_SUPPORT_REVIEW_ONLY,1,,,,,0,,,NO_PROFILE_EVIDENCE,no normalized profile or participation domain for alias name,NO_PROFILE_DATA,False
A02821,service public local,44;49;53;72;85,234400034,LOW_SUPPORT_REVIEW_ONLY,1,,,,,0,,,NO_PROFILE_EVIDENCE,no normalized profile or participation domain for alias name,NO_PROFILE_DATA,False
A02822,service publique de l enseignement secondaire,44;49;53;72;85,234400034,LOW_SUPPORT_REVIEW_ONLY,1,,,,,0,,,NO_PROFILE_EVIDENCE,no normalized profile or participation domain for alias name,NO_PROFILE_DATA,False
A02823,service scolaire,75;85;91,219103397,LOW_SUPPORT_REVIEW_ONLY,1,,,,,0,,,NO_PROFILE_EVIDENCE,no normalized profile or participation domain for alias name,NO_PROFILE_DATA,False
A02824,services d administration generales,44,200034080,LOW_SUPPORT_REVIEW_ONLY,1,,,,,0,,,NO_PROFILE_EVIDENCE,no normalized profile or participation domain for alias name,NO_PROFILE_DATA,False
A02825,set amenagement representee par madame isabelle carrob directeur general 40 rue james watt 37200 tours chorus siret 987 729 696 000 11 code service 22-002,18;36;37;41;45;49;72;79;86,987729696,LOW_SUPPORT_REVIEW_ONLY,1,,,,,0,,,NO_PROFILE_EVIDENCE,no normalized profile or participation domain for alias name,NO_PROFILE_DATA,False
A02826,sg des ministeres economiques et financiers - service immobilier et environnement professionnel,17;33;44;79;85;86,110020013,LOW_SUPPORT_REVIEW_ONLY,1,,,,,0,,,NO_PROFILE_EVIDENCE,no normalized profile or participation domain for alias name,NO_PROFILE_DATA,False
A02827,sgami ouest,14;22;29;35;44;50;53;56;72,130020365,LOW_SUPPORT_REVIEW_ONLY,1,marches-publics.gouv.fr,,marches-publics.gouv.fr,GENERIC_PLATFORM,1,2019-05-24,2019-05-24,NEUTRAL_SHARED_PLATFORM,only generic or shared institutional domains observed,HAS_PROFILE_DATA,False
A02828,sgami ouest,14;22;29;35;44;50;56,110014016,LOW_SUPPORT_REVIEW_ONLY,1,marches-publics.gouv.fr,,marches-publics.gouv.fr,GENERIC_PLATFORM,1,2019-05-24,2019-05-24,NEUTRAL_SHARED_PLATFORM,only generic or shared institutional domains observed,HAS_PROFILE_DATA,False
A02829,sgami ouest,14;22;29;35;44;53;56,130020365,LOW_SUPPORT_REVIEW_ONLY,1,marches-publics.gouv.fr,,marches-publics.gouv.fr,GENERIC_PLATFORM,1,2019-05-24,2019-05-24,NEUTRAL_SHARED_PLATFORM,only generic or shared institutional domains observed,HAS_PROFILE_DATA,False
A02830,sgami ouest,14;22;35;44;49;50;53;56;72,130020365,LOW_SUPPORT_REVIEW_ONLY,1,marches-publics.gouv.fr,,marches-publics.gouv.fr,GENERIC_PLATFORM,1,2019-05-24,2019-05-24,NEUTRAL_SHARED_PLATFORM,only generic or shared institutional domains observed,HAS_PROFILE_DATA,False
A02831,sgami ouest,14;28;35;36;44;45;50;76;85,130020365,LOW_SUPPORT_REVIEW_ONLY,1,marches-publics.gouv.fr,,marches-publics.gouv.fr,GENERIC_PLATFORM,1,2019-05-24,2019-05-24,NEUTRAL_SHARED_PLATFORM,only generic or shared institutional domains observed,HAS_PROFILE_DATA,False
A02832,sgami ouest,14;29;35;37;41;44;56;72;76,130020365,LOW_SUPPORT_REVIEW_ONLY,1,marches-publics.gouv.fr,,marches-publics.gouv.fr,GENERIC_PLATFORM,1,2019-05-24,2019-05-24,NEUTRAL_SHARED_PLATFORM,only generic or shared institutional domains observed,HAS_PROFILE_DATA,False
A02833,sgami ouest,18;22;27;28;35;44;49;56;76,130020365,LOW_SUPPORT_REVIEW_ONLY,1,marches-publics.gouv.fr,,marches-publics.gouv.fr,GENERIC_PLATFORM,1,2019-05-24,2019-05-24,NEUTRAL_SHARED_PLATFORM,only generic or shared institutional domains observed,HAS_PROFILE_DATA,False
A02834,sgami ouest,18;28;35;41;44;45;75,110014016,LOW_SUPPORT_REVIEW_ONLY,1,marches-publics.gouv.fr,,marches-publics.gouv.fr,GENERIC_PLATFORM,1,2019-05-24,2019-05-24,NEUTRAL_SHARED_PLATFORM,only generic or shared institutional domains observed,HAS_PROFILE_DATA,False
A02835,sgami ouest,22;35;44;75,130020365,LOW_SUPPORT_REVIEW_ONLY,1,marches-publics.gouv.fr,,marches-publics.gouv.fr,GENERIC_PLATFORM,1,2019-05-24,2019-05-24,NEUTRAL_SHARED_PLATFORM,only generic or shared institutional domains observed,HAS_PROFILE_DATA,False
A02836,sgami ouest,28;37;41;45;49;61;72;78;92,130020365,LOW_SUPPORT_REVIEW_ONLY,1,marches-publics.gouv.fr,,marches-publics.gouv.fr,GENERIC_PLATFORM,1,2019-05-24,2019-05-24,NEUTRAL_SHARED_PLATFORM,only generic or shared institutional domains observed,HAS_PROFILE_DATA,False
A02837,sgami ouest,28;37;45;49;72;75;78;91;92,130020365,LOW_SUPPORT_REVIEW_ONLY,1,marches-publics.gouv.fr,,marches-publics.gouv.fr,GENERIC_PLATFORM,1,2019-05-24,2019-05-24,NEUTRAL_SHARED_PLATFORM,only generic or shared institutional domains observed,HAS_PROFILE_DATA,False
A02838,sgami ouest,35;44,130020365,LOW_SUPPORT_REVIEW_ONLY,1,marches-publics.gouv.fr,,marches-publics.gouv.fr,GENERIC_PLATFORM,1,2019-05-24,2019-05-24,NEUTRAL_SHARED_PLATFORM,only generic or shared institutional domains observed,HAS_PROFILE_DATA,False
A02839,sgami ouest,35;44;45;72;76,130020365,LOW_SUPPORT_REVIEW_ONLY,1,marches-publics.gouv.fr,,marches-publics.gouv.fr,GENERIC_PLATFORM,1,2019-05-24,2019-05-24,NEUTRAL_SHARED_PLATFORM,only generic or shared institutional domains observed,HAS_PROFILE_DATA,False
A02840,sgami ouest,35;44;45;75,130020365,LOW_SUPPORT_REVIEW_ONLY,1,marches-publics.gouv.fr,,marches-publics.gouv.fr,GENERIC_PLATFORM,1,2019-05-24,2019-05-24,NEUTRAL_SHARED_PLATFORM,only generic or shared institutional domains observed,HAS_PROFILE_DATA,False
A02841,sgami ouest,35;44;49;53;56;72;75;76;85,130020365,LOW_SUPPORT_REVIEW_ONLY,1,marches-publics.gouv.fr,,marches-publics.gouv.fr,GENERIC_PLATFORM,1,2019-05-24,2019-05-24,NEUTRAL_SHARED_PLATFORM,only generic or shared institutional domains observed,HAS_PROFILE_DATA,False
A02842,sgami ouest,35;44;49;53;72;85,130029283,LOW_SUPPORT_REVIEW_ONLY,1,marches-publics.gouv.fr,,marches-publics.gouv.fr,GENERIC_PLATFORM,1,2019-05-24,2019-05-24,NEUTRAL_SHARED_PLATFORM,only generic or shared institutional domains observed,HAS_PROFILE_DATA,False
A02843,sgami ouest,35;44;49;56;85,130020365,LOW_SUPPORT_REVIEW_ONLY,1,marches-publics.gouv.fr,,marches-publics.gouv.fr,GENERIC_PLATFORM,1,2019-05-24,2019-05-24,NEUTRAL_SHARED_PLATFORM,only generic or shared institutional domains observed,HAS_PROFILE_DATA,False
A02844,sgami ouest,35;44;50;76,130020365,LOW_SUPPORT_REVIEW_ONLY,1,marches-publics.gouv.fr,,marches-publics.gouv.fr,GENERIC_PLATFORM,1,2019-05-24,2019-05-24,NEUTRAL_SHARED_PLATFORM,only generic or shared institutional domains observed,HAS_PROFILE_DATA,False
A02845,sgami ouest,35;44;75;76,130020365,LOW_SUPPORT_REVIEW_ONLY,1,marches-publics.gouv.fr,,marches-publics.gouv.fr,GENERIC_PLATFORM,1,2019-05-24,2019-05-24,NEUTRAL_SHARED_PLATFORM,only generic or shared institutional domains observed,HAS_PROFILE_DATA,False
A02846,sgami ouest dagf bzamp,14;18;27;35;44;45;75;76,130020365,LOW_SUPPORT_REVIEW_ONLY,1,,,,,0,,,NO_PROFILE_EVIDENCE,no normalized profile or participation domain for alias name,NO_PROFILE_DATA,False
A02847,sgami ouest dagf bzamp,14;22;27;28;35;41;44;45;76,130020365,LOW_SUPPORT_REVIEW_ONLY,1,,,,,0,,,NO_PROFILE_EVIDENCE,no normalized profile or participation domain for alias name,NO_PROFILE_DATA,False
A02848,sgami ouest dagf bzamp,22;27;28;29;35;44;45;56;76,130020365,LOW_SUPPORT_REVIEW_ONLY,1,,,,,0,,,NO_PROFILE_EVIDENCE,no normalized profile or participation domain for alias name,NO_PROFILE_DATA,False
A02849,sgami ouest dagf bzamp,22;35;44;45;53,130020365,LOW_SUPPORT_REVIEW_ONLY,1,,,,,0,,,NO_PROFILE_EVIDENCE,no normalized profile or participation domain for alias name,NO_PROFILE_DATA,False
A02850,sgami ouest dagf bzamp,35;44;53,130020365,LOW_SUPPORT_REVIEW_ONLY,1,,,,,0,,,NO_PROFILE_EVIDENCE,no normalized profile or participation domain for alias name,NO_PROFILE_DATA,False
A02851,sgar des pays de la loire,44;49;53;72;85,174400002,LOW_SUPPORT_REVIEW_ONLY,1,,,,,0,,,NO_PROFILE_EVIDENCE,no normalized profile or participation domain for alias name,NO_PROFILE_DATA,False
A02852,sgcd72,49;72;85,130027220,LOW_SUPPORT_REVIEW_ONLY,1,,,,,0,,,NO_PROFILE_EVIDENCE,no normalized profile or participation domain for alias name,NO_PROFILE_DATA,False
A02853,sgcd79 pour la ddetspp,16;17;33;79;85;86,130027469,LOW_SUPPORT_REVIEW_ONLY,1,,,,,0,,,NO_PROFILE_EVIDENCE,no normalized profile or participation domain for alias name,NO_PROFILE_DATA,False
A02854,shema - au nom et pour le compte de flers agglo,14;50;61;72,200035814,LOW_SUPPORT_REVIEW_ONLY,1,,,,,0,,,NO_PROFILE_EVIDENCE,no normalized profile or participation domain for alias name,NO_PROFILE_DATA,False
A02855,shema - au nom et pour le compte de la cdc des pays de l aigle,14;27;28;61;72,200068468,LOW_SUPPORT_REVIEW_ONLY,1,,,,,0,,,NO_PROFILE_EVIDENCE,no normalized profile or participation domain for alias name,NO_PROFILE_DATA,False
A02856,shema - au nom et pour le compte de la communaute d agglomeration du mt st michel normandie,35;50;53;61,352823611,LOW_SUPPORT_REVIEW_ONLY,1,,,,,0,,,NO_PROFILE_EVIDENCE,no normalized profile or participation domain for alias name,NO_PROFILE_DATA,False
A02857,shema au nom et pour le compte de la cdc de la vallee de la haute sarthe,14;61;72,352823611,LOW_SUPPORT_REVIEW_ONLY,1,,,,,0,,,NO_PROFILE_EVIDENCE,no normalized profile or participation domain for alias name,NO_PROFILE_DATA,False
A02858,shema au nom et pour le compte de la communaute de communes cdc du val d orne,14;50;53;61;72,352823611,LOW_SUPPORT_REVIEW_ONLY,1,,,,,0,,,NO_PROFILE_EVIDENCE,no normalized profile or participation domain for alias name,NO_PROFILE_DATA,False
A02859,shema au nom et pour le compte de la communaute de communes de la vallee de la sarthe,14;35;53;61;72,352823611,LOW_SUPPORT_REVIEW_ONLY,1,,,,,0,,,NO_PROFILE_EVIDENCE,no normalized profile or participation domain for alias name,NO_PROFILE_DATA,False
A02860,shema au nom et pour le compte du cfa 3ifa,14;61;72,401104567,LOW_SUPPORT_REVIEW_ONLY,1,,,,,0,,,NO_PROFILE_EVIDENCE,no normalized profile or participation domain for alias name,NO_PROFILE_DATA,False
A02861,shema au nom et pour le compte du conseil departemental de l orne,14;27;28;61;72,352823611,LOW_SUPPORT_REVIEW_ONLY,1,,,,,0,,,NO_PROFILE_EVIDENCE,no normalized profile or participation domain for alias name,NO_PROFILE_DATA,False
A02862,shema au nom et pour le compte du syndicat mixte du haras national du pin,14;50;61;72,352823611,LOW_SUPPORT_REVIEW_ONLY,1,,,,,0,,,NO_PROFILE_EVIDENCE,no normalized profile or participation domain for alias name,NO_PROFILE_DATA,False
A02863,si energies de maine et loire,44;49,254901309,LOW_SUPPORT_REVIEW_ONLY,1,achatpublic.com,achatpublic.com,achatpublic.com,GENERIC_PLATFORM,2,2020-02-06,2020-02-06,NEUTRAL_SHARED_PLATFORM,only generic or shared institutional domains observed,HAS_PROFILE_DATA,False
A02864,si energies de maine et loire,49,254901309,LOW_SUPPORT_REVIEW_ONLY,1,achatpublic.com,achatpublic.com,achatpublic.com,GENERIC_PLATFORM,2,2020-02-06,2020-02-06,NEUTRAL_SHARED_PLATFORM,only generic or shared institutional domains observed,HAS_PROFILE_DATA,False
A02865,siaep charnie et champagne,72,200103554,LOW_SUPPORT_REVIEW_ONLY,1,,,,,0,,,NO_PROFILE_EVIDENCE,no normalized profile or participation domain for alias name,NO_PROFILE_DATA,False
A02866,siaep de grazay-jublains-marcille 53,53,255300634,LOW_SUPPORT_REVIEW_ONLY,1,,,,,0,,,NO_PROFILE_EVIDENCE,no normalized profile or participation domain for alias name,NO_PROFILE_DATA,False
A02867,siaep de la region de questembert,22;29;35;44;56,200051688,LOW_SUPPORT_REVIEW_ONLY,1,,,,,0,,,NO_PROFILE_EVIDENCE,no normalized profile or participation domain for alias name,NO_PROFILE_DATA,False
A02868,siaep de la region des fontenelles,72,257200493,LOW_SUPPORT_REVIEW_ONLY,1,,,,,0,,,NO_PROFILE_EVIDENCE,no normalized profile or participation domain for alias name,NO_PROFILE_DATA,False
A02869,siaep de st sebastien crozant,23;36;44;63;79;87,252323902,LOW_SUPPORT_REVIEW_ONLY,1,,,,,0,,,NO_PROFILE_EVIDENCE,no normalized profile or participation domain for alias name,NO_PROFILE_DATA,False
A02870,sicom de ressources informatiques - siri,49,200089761,LOW_SUPPORT_REVIEW_ONLY,1,,,,,0,,,NO_PROFILE_EVIDENCE,no normalized profile or participation domain for alias name,NO_PROFILE_DATA,False
A02871,sicpacs coulaines sarge,72,257202192,LOW_SUPPORT_REVIEW_ONLY,1,,,,,0,,,NO_PROFILE_EVIDENCE,no normalized profile or participation domain for alias name,NO_PROFILE_DATA,False
A02872,sid nord ouest,35;44;53;56,901768291,LOW_SUPPORT_REVIEW_ONLY,1,,,,,0,,,NO_PROFILE_EVIDENCE,no normalized profile or participation domain for alias name,NO_PROFILE_DATA,False
A02873,sid nord ouest,35;72,901768291,LOW_SUPPORT_REVIEW_ONLY,1,,,,,0,,,NO_PROFILE_EVIDENCE,no normalized profile or participation domain for alias name,NO_PROFILE_DATA,False
A02874,sid nord ouest,49,901768291,LOW_SUPPORT_REVIEW_ONLY,1,,,,,0,,,NO_PROFILE_EVIDENCE,no normalized profile or participation domain for alias name,NO_PROFILE_DATA,False
A02875,sid nord-ouest,18;28;35;37;41;45;72;89;91,110090016,LOW_SUPPORT_REVIEW_ONLY,1,,,,,0,,,NO_PROFILE_EVIDENCE,no normalized profile or participation domain for alias name,NO_PROFILE_DATA,False
A02876,sid nord-ouest,35;37;44;49;53;56;72;85,110090016,LOW_SUPPORT_REVIEW_ONLY,1,,,,,0,,,NO_PROFILE_EVIDENCE,no normalized profile or participation domain for alias name,NO_PROFILE_DATA,False
A02877,sieml - syndicat intercommunal d energies de maine-et-loire,49,254901309,LOW_SUPPORT_REVIEW_ONLY,1,,,,,0,,,NO_PROFILE_EVIDENCE,no normalized profile or participation domain for alias name,NO_PROFILE_DATA,False
A02878,sieml syndicat intercommunal d energies de maine-et-loire,49,254901309,LOW_SUPPORT_REVIEW_ONLY,1,,,,,0,,,NO_PROFILE_EVIDENCE,no normalized profile or participation domain for alias name,NO_PROFILE_DATA,False
A02879,sirtom de courville sur eure,14;27;28;37;45;61;72;78,252801196,LOW_SUPPORT_REVIEW_ONLY,1,,,,,0,,,NO_PROFILE_EVIDENCE,no normalized profile or participation domain for alias name,NO_PROFILE_DATA,False
A02880,sitcom de la region d argentan,14;53;61;72,200045110,LOW_SUPPORT_REVIEW_ONLY,1,,,,,0,,,NO_PROFILE_EVIDENCE,no normalized profile or participation domain for alias name,NO_PROFILE_DATA,False
A02881,sitcom region d argentan,14;61;72,200045110,LOW_SUPPORT_REVIEW_ONLY,1,klekoon.com;sitcom-argentan.fr,klekoon.com,klekoon.com;sitcom-argentan.fr,GENERIC_PLATFORM;SHARED_INSTITUTIONAL,4,2017-05-13,2020-03-28,NEUTRAL_SHARED_PLATFORM,only generic or shared institutional domains observed,HAS_PROFILE_DATA,False
A02882,sivert de l est anjou,49,254902257,LOW_SUPPORT_REVIEW_ONLY,1,anjoumarchespublics.fr,anjoumarchespublics.fr,anjoumarchespublics.fr,GENERIC_PLATFORM,2,2015-07-15,2020-04-18,NEUTRAL_SHARED_PLATFORM,only generic or shared institutional domains observed,HAS_PROFILE_DATA,False
A02883,sivert et tours metropole val de loire,37;49,243700754,LOW_SUPPORT_REVIEW_ONLY,1,,,,,0,,,NO_PROFILE_EVIDENCE,no normalized profile or participation domain for alias name,NO_PROFILE_DATA,False
A02884,sivom de la hune,72,247200272,LOW_SUPPORT_REVIEW_ONLY,1,,,,,0,,,NO_PROFILE_EVIDENCE,no normalized profile or participation domain for alias name,NO_PROFILE_DATA,False
A02885,sivom du secteur de ligne,22;35;44;49;53;56;72;79;85,244400669,LOW_SUPPORT_REVIEW_ONLY,1,,,,,0,,,NO_PROFILE_EVIDENCE,no normalized profile or participation domain for alias name,NO_PROFILE_DATA,False
A02886,sivom du secteur de ligne,44,244400669,LOW_SUPPORT_REVIEW_ONLY,1,,,,,0,,,NO_PROFILE_EVIDENCE,no normalized profile or participation domain for alias name,NO_PROFILE_DATA,False
A02887,sivos auneau,27;28;37;45;49;61;75;78;85,252802053,LOW_SUPPORT_REVIEW_ONLY,1,,,,,0,,,NO_PROFILE_EVIDENCE,no normalized profile or participation domain for alias name,NO_PROFILE_DATA,False
A02888,sivu de basse-goulaine saint-sebastien-sur-loire,44,200021376,LOW_SUPPORT_REVIEW_ONLY,1,,,,,0,,,NO_PROFILE_EVIDENCE,no normalized profile or participation domain for alias name,NO_PROFILE_DATA,False
A02889,sivu des landes,72,257202465,LOW_SUPPORT_REVIEW_ONLY,1,,,,,0,,,NO_PROFILE_EVIDENCE,no normalized profile or participation domain for alias name,NO_PROFILE_DATA,False
A02890,sivu du centre aquatique de basse-goulaine et saint sebastien-sur-loire,44,200021376,LOW_SUPPORT_REVIEW_ONLY,1,,,,,0,,,NO_PROFILE_EVIDENCE,no normalized profile or participation domain for alias name,NO_PROFILE_DATA,False
A02891,sivu du port de plaisance et de peche de la baule - le pouliguen,44,254400849,LOW_SUPPORT_REVIEW_ONLY,1,,,,,0,,,NO_PROFILE_EVIDENCE,no normalized profile or participation domain for alias name,NO_PROFILE_DATA,False
A02892,sivu44115,44,200021376,LOW_SUPPORT_REVIEW_ONLY,1,,,,,0,,,NO_PROFILE_EVIDENCE,no normalized profile or participation domain for alias name,NO_PROFILE_DATA,False
A02893,sm du pnr loire anjou touraine,49,254902265,LOW_SUPPORT_REVIEW_ONLY,1,e-marchespublics.fr,,e-marchespublics.fr,GENERIC_PLATFORM,1,2017-09-13,2017-09-13,NEUTRAL_SHARED_PLATFORM,only generic or shared institutional domains observed,HAS_PROFILE_DATA,False
A02894,smaep de la region de mayet 1 rue raymond justice 72360 mayet tel 02 43 46 54 91,72,200089068,LOW_SUPPORT_REVIEW_ONLY,1,,,,,0,,,NO_PROFILE_EVIDENCE,no normalized profile or participation domain for alias name,NO_PROFILE_DATA,False
A02895,smaep de la region loir braye et deme,72,200089076,LOW_SUPPORT_REVIEW_ONLY,1,,,,,0,,,NO_PROFILE_EVIDENCE,no normalized profile or participation domain for alias name,NO_PROFILE_DATA,False
A02896,smaep sarthe et loir,72,200090009,LOW_SUPPORT_REVIEW_ONLY,1,,,,,0,,,NO_PROFILE_EVIDENCE,no normalized profile or participation domain for alias name,NO_PROFILE_DATA,False
A02897,smictom du centre-ouest,22;29;35;44;53;56,253500995,LOW_SUPPORT_REVIEW_ONLY,1,,,,,0,,,NO_PROFILE_EVIDENCE,no normalized profile or participation domain for alias name,NO_PROFILE_DATA,False
A02898,smidap,44;85,254401391,LOW_SUPPORT_REVIEW_ONLY,1,,,,,0,,,NO_PROFILE_EVIDENCE,no normalized profile or participation domain for alias name,NO_PROFILE_DATA,False
A02899,smt syndicat mixte des transports,44,254402738,LOW_SUPPORT_REVIEW_ONLY,1,,,,,0,,,NO_PROFILE_EVIDENCE,no normalized profile or participation domain for alias name,NO_PROFILE_DATA,False
A02900,societe d equipement de la touraine,37;44;75;92,584801625,LOW_SUPPORT_REVIEW_ONLY,1,achatpublic.com;achats.regioncentre.fr;set.achatpublic.com,,achatpublic.com;achats.regioncentre.fr;set.achatpublic.com,AMBIGUOUS;GENERIC_PLATFORM,3,2016-03-15,2020-12-23,AMBIGUOUS,domain specificity is mixed or ambiguous,HAS_PROFILE_DATA,True
A02901,societe d equipement de la touraine representee par m clement mignet directeur general 40 rue james watt - 37206 tours cedex 3 chorus siret 584 801 625 00040 code service 57501,18;36;37;41;45;49;72;79;86,584801625,LOW_SUPPORT_REVIEW_ONLY,1,,,,,0,,,NO_PROFILE_EVIDENCE,no normalized profile or participation domain for alias name,NO_PROFILE_DATA,False
A02902,societe d equipement de la touraine representee par madame isabelle carron directeur general 40 rue james watt - 37200 tours chorus siret 584 801 625 000 40 code service 13103,18;36;37;41;45;49;72;79;86,584801625,LOW_SUPPORT_REVIEW_ONLY,1,,,,,0,,,NO_PROFILE_EVIDENCE,no normalized profile or participation domain for alias name,NO_PROFILE_DATA,False
A02903,societe d equipement de la touraine representee par monsieur clement mignet directeur general 40 rue james watt - 37206 tours cedex 3 chorus siret 584 801 625 000 40 code service 445,18;36;37;41;45;49;72;79;86,584801625,LOW_SUPPORT_REVIEW_ONLY,1,,,,,0,,,NO_PROFILE_EVIDENCE,no normalized profile or participation domain for alias name,NO_PROFILE_DATA,False
A02904,societe d equipement de touraine representee par isabelle carron directeur general acticampus 4 - 40 rue james watt 37200 tours,28;37;41;44;45;49;72;85;86,584801625,LOW_SUPPORT_REVIEW_ONLY,1,,,,,0,,,NO_PROFILE_EVIDENCE,no normalized profile or participation domain for alias name,NO_PROFILE_DATA,False
A02905,societe publique locale port heraclea 83,13;83;85,841593825,LOW_SUPPORT_REVIEW_ONLY,1,,,,,0,,,NO_PROFILE_EVIDENCE,no normalized profile or participation domain for alias name,NO_PROFILE_DATA,False
A02906,societe publique regionale des pays de la loire,37;44;49;53;72;79;85,513682591,LOW_SUPPORT_REVIEW_ONLY,1,,,,,0,,,NO_PROFILE_EVIDENCE,no normalized profile or participation domain for alias name,NO_PROFILE_DATA,False
A02907,societe publique regionale des pays de la loire,44;72,513682591,LOW_SUPPORT_REVIEW_ONLY,1,,,,,0,,,NO_PROFILE_EVIDENCE,no normalized profile or participation domain for alias name,NO_PROFILE_DATA,False
A02908,societe publique regionale des pays de la loire solutions co,44;49;53;72;85,513682591,LOW_SUPPORT_REVIEW_ONLY,1,,,,,0,,,NO_PROFILE_EVIDENCE,no normalized profile or participation domain for alias name,NO_PROFILE_DATA,False
A02909,societe publique regionale des pays de la loire solutions co,49,513682591,LOW_SUPPORT_REVIEW_ONLY,1,,,,,0,,,NO_PROFILE_EVIDENCE,no normalized profile or participation domain for alias name,NO_PROFILE_DATA,False
A02910,societe publique regionale des pays de la loire solutions co,72,513682591,LOW_SUPPORT_REVIEW_ONLY,1,,,,,0,,,NO_PROFILE_EVIDENCE,no normalized profile or participation domain for alias name,NO_PROFILE_DATA,False
A02911,socrate,14;27;44;61;69;75;76;78;92,924071277,LOW_SUPPORT_REVIEW_ONLY,1,,,,,0,,,NO_PROFILE_EVIDENCE,no normalized profile or participation domain for alias name,NO_PROFILE_DATA,False
A02912,sominval,49,060201084,LOW_SUPPORT_REVIEW_ONLY,1,centraledesmarches.com;demat.centraledesmarches.com,,centraledesmarches.com;demat.centraledesmarches.com,GENERIC_PLATFORM,2,2015-06-04,2017-01-19,NEUTRAL_SHARED_PLATFORM,only generic or shared institutional domains observed,HAS_PROFILE_DATA,False
A02913,sominval 49,49,060201084,LOW_SUPPORT_REVIEW_ONLY,1,,,,,0,,,NO_PROFILE_EVIDENCE,no normalized profile or participation domain for alias name,NO_PROFILE_DATA,False
A02914,sorbonne universite station biologique de roscoff place georges teissier 29680 roscoff,14;22;29;35;44;56;75;76;78,130023385,LOW_SUPPORT_REVIEW_ONLY,1,,,,,0,,,NO_PROFILE_EVIDENCE,no normalized profile or participation domain for alias name,NO_PROFILE_DATA,False
A02915,spib2c,28;37;41;72;75;91;95,130004955,LOW_SUPPORT_REVIEW_ONLY,1,,,,,0,,,NO_PROFILE_EVIDENCE,no normalized profile or participation domain for alias name,NO_PROFILE_DATA,False
A02916,spl angers loire tourisme expo congres,49,830955068,LOW_SUPPORT_REVIEW_ONLY,1,,,,,0,,,NO_PROFILE_EVIDENCE,no normalized profile or participation domain for alias name,NO_PROFILE_DATA,False
A02917,spl bois energie renouvelable,22;29;35;44;56,849724976,LOW_SUPPORT_REVIEW_ONLY,1,,,,,0,,,NO_PROFILE_EVIDENCE,no normalized profile or participation domain for alias name,NO_PROFILE_DATA,False
A02918,spl bois energie renouvelable,22;29;35;44;56;75,849724976,LOW_SUPPORT_REVIEW_ONLY,1,,,,,0,,,NO_PROFILE_EVIDENCE,no normalized profile or participation domain for alias name,NO_PROFILE_DATA,False
A02919,spl destination angers,49,830955068,LOW_SUPPORT_REVIEW_ONLY,1,,,,,0,,,NO_PROFILE_EVIDENCE,no normalized profile or participation domain for alias name,NO_PROFILE_DATA,False
A02920,spl eau du bassin rennais,22;35;44;49;53;56;72,798203576,LOW_SUPPORT_REVIEW_ONLY,1,megalisbretagne.org,marches.megalisbretagne.org,marches.megalisbretagne.org;megalisbretagne.org,GENERIC_PLATFORM,2,2017-09-20,2017-09-20,NEUTRAL_SHARED_PLATFORM,only generic or shared institutional domains observed,HAS_PROFILE_DATA,False
A02921,spl eau du bassin rennais,22;35;44;56;69;75;91;94;95,798203576,LOW_SUPPORT_REVIEW_ONLY,1,megalisbretagne.org,marches.megalisbretagne.org,marches.megalisbretagne.org;megalisbretagne.org,GENERIC_PLATFORM,2,2017-09-20,2017-09-20,NEUTRAL_SHARED_PLATFORM,only generic or shared institutional domains observed,HAS_PROFILE_DATA,False
A02922,spl eau du bassin rennais,22;35;44;56;75;78;92,798203576,LOW_SUPPORT_REVIEW_ONLY,1,megalisbretagne.org,marches.megalisbretagne.org,marches.megalisbretagne.org;megalisbretagne.org,GENERIC_PLATFORM,2,2017-09-20,2017-09-20,NEUTRAL_SHARED_PLATFORM,only generic or shared institutional domains observed,HAS_PROFILE_DATA,False
A02923,spl eau du bassin rennais,22;35;44;75,798203576,LOW_SUPPORT_REVIEW_ONLY,1,megalisbretagne.org,marches.megalisbretagne.org,marches.megalisbretagne.org;megalisbretagne.org,GENERIC_PLATFORM,2,2017-09-20,2017-09-20,NEUTRAL_SHARED_PLATFORM,only generic or shared institutional domains observed,HAS_PROFILE_DATA,False
A02924,spl eau du bassin rennais,35;44,798203576,LOW_SUPPORT_REVIEW_ONLY,1,megalisbretagne.org,marches.megalisbretagne.org,marches.megalisbretagne.org;megalisbretagne.org,GENERIC_PLATFORM,2,2017-09-20,2017-09-20,NEUTRAL_SHARED_PLATFORM,only generic or shared institutional domains observed,HAS_PROFILE_DATA,False
A02925,spl la baule-presqu ile de guerande tourisme,44,825236326,LOW_SUPPORT_REVIEW_ONLY,1,,,,,0,,,NO_PROFILE_EVIDENCE,no normalized profile or participation domain for alias name,NO_PROFILE_DATA,False
A02926,spl laval mayenne amenagement,53,799245709,LOW_SUPPORT_REVIEW_ONLY,1,,,,,0,,,NO_PROFILE_EVIDENCE,no normalized profile or participation domain for alias name,NO_PROFILE_DATA,False
A02927,spl lma,53,799245709,LOW_SUPPORT_REVIEW_ONLY,1,,,,,0,,,NO_PROFILE_EVIDENCE,no normalized profile or participation domain for alias name,NO_PROFILE_DATA,False
A02928,spl normantri,14;50;53;72,881170658,LOW_SUPPORT_REVIEW_ONLY,1,,,,,0,,,NO_PROFILE_EVIDENCE,no normalized profile or participation domain for alias name,NO_PROFILE_DATA,False
A02929,spl poitou amenagement agissant au nom et pour le compte de la ville de poitiers 86,16;17;33;35;44;75;79;85;86,218601946,LOW_SUPPORT_REVIEW_ONLY,1,,,,,0,,,NO_PROFILE_EVIDENCE,no normalized profile or participation domain for alias name,NO_PROFILE_DATA,False
A02930,spl poitou amenagement agissant au nom et pour le compte de la ville de poitiers 86,16;17;37;44;75;79;86,218601946,LOW_SUPPORT_REVIEW_ONLY,1,,,,,0,,,NO_PROFILE_EVIDENCE,no normalized profile or participation domain for alias name,NO_PROFILE_DATA,False
A02931,spl poitou amenagement au nom et pour le compte de la ville de poitiers 86,16;17;33;37;79;85;86,218601946,LOW_SUPPORT_REVIEW_ONLY,1,,,,,0,,,NO_PROFILE_EVIDENCE,no normalized profile or participation domain for alias name,NO_PROFILE_DATA,False
A02932,spl saumur agglo bus,37;44;49;79;86,313089013,LOW_SUPPORT_REVIEW_ONLY,1,e-marchespublics.com,,e-marchespublics.com,GENERIC_PLATFORM,1,2019-11-14,2019-11-14,NEUTRAL_SHARED_PLATFORM,only generic or shared institutional domains observed,HAS_PROFILE_DATA,False
A02933,spl saumur agglo bus,49,313089013,LOW_SUPPORT_REVIEW_ONLY,1,e-marchespublics.com,,e-marchespublics.com,GENERIC_PLATFORM,1,2019-11-14,2019-11-14,NEUTRAL_SHARED_PLATFORM,only generic or shared institutional domains observed,HAS_PROFILE_DATA,False
A02934,spl saumur agglo bus - transports aux usagers,37;49;79,313089013,LOW_SUPPORT_REVIEW_ONLY,1,,,,,0,,,NO_PROFILE_EVIDENCE,no normalized profile or participation domain for alias name,NO_PROFILE_DATA,False
A02935,spl sonadev territoires publics,44;49;56;85,797548989,LOW_SUPPORT_REVIEW_ONLY,1,,,,,0,,,NO_PROFILE_EVIDENCE,no normalized profile or participation domain for alias name,NO_PROFILE_DATA,False
A02936,spl unitri,44;49;79;85;86,848014411,LOW_SUPPORT_REVIEW_ONLY,1,,,,,0,,,NO_PROFILE_EVIDENCE,no normalized profile or participation domain for alias name,NO_PROFILE_DATA,False
A02937,sptf societe de prestations et transactions foncieres,11;17;24;30;34;45;49;82,377790233,LOW_SUPPORT_REVIEW_ONLY,1,,,,,0,,,NO_PROFILE_EVIDENCE,no normalized profile or participation domain for alias name,NO_PROFILE_DATA,False
A02938,station biologique de paimpont,22;35;50;53;56,130030513,LOW_SUPPORT_REVIEW_ONLY,1,,,,,0,,,NO_PROFILE_EVIDENCE,no normalized profile or participation domain for alias name,NO_PROFILE_DATA,False
A02939,statkraft renouvelables,44,887943454,LOW_SUPPORT_REVIEW_ONLY,1,,,,,0,,,NO_PROFILE_EVIDENCE,no normalized profile or participation domain for alias name,NO_PROFILE_DATA,False
A02940,sydeva,37;49,254900020,LOW_SUPPORT_REVIEW_ONLY,1,,,,,0,,,NO_PROFILE_EVIDENCE,no normalized profile or participation domain for alias name,NO_PROFILE_DATA,False
A02941,sydnicat loire aval,44,200055127,LOW_SUPPORT_REVIEW_ONLY,1,,,,,0,,,NO_PROFILE_EVIDENCE,no normalized profile or participation domain for alias name,NO_PROFILE_DATA,False
A02942,synd mixte portage sage rance fremur b,14;22;29;35;44;56;76;85,200016103,LOW_SUPPORT_REVIEW_ONLY,1,,,,,0,,,NO_PROFILE_EVIDENCE,no normalized profile or participation domain for alias name,NO_PROFILE_DATA,False
A02943,syndicat d eau de l anjou,49,200077402,LOW_SUPPORT_REVIEW_ONLY,1,e-marchespublics.com,e-marchespublics.com,e-marchespublics.com,GENERIC_PLATFORM,2,2020-01-24,2020-01-24,NEUTRAL_SHARED_PLATFORM,only generic or shared institutional domains observed,HAS_PROFILE_DATA,False
A02944,syndicat d eau du nord ouest mayennais,53,200077048,LOW_SUPPORT_REVIEW_ONLY,1,,,,,0,,,NO_PROFILE_EVIDENCE,no normalized profile or participation domain for alias name,NO_PROFILE_DATA,False
A02945,syndicat de bassins versants,49,200058352,LOW_SUPPORT_REVIEW_ONLY,1,,,,,0,,,NO_PROFILE_EVIDENCE,no normalized profile or participation domain for alias name,NO_PROFILE_DATA,False
A02946,syndicat de la loire aval,44,200055127,LOW_SUPPORT_REVIEW_ONLY,1,,,,,0,,,NO_PROFILE_EVIDENCE,no normalized profile or participation domain for alias name,NO_PROFILE_DATA,False
A02947,syndicat departemental d energie et d equipement du finistere,29;37;41;44;49;53;56;72;85,252901145,LOW_SUPPORT_REVIEW_ONLY,1,,,,,0,,,NO_PROFILE_EVIDENCE,no normalized profile or participation domain for alias name,NO_PROFILE_DATA,False
A02948,syndicat departemental d energie et d equipement du finistere,29;44;49;53,252901145,LOW_SUPPORT_REVIEW_ONLY,1,,,,,0,,,NO_PROFILE_EVIDENCE,no normalized profile or participation domain for alias name,NO_PROFILE_DATA,False
A02949,syndicat departemental de l energie 35,29;35;50;53;56,200050425,LOW_SUPPORT_REVIEW_ONLY,1,,,,,0,,,NO_PROFILE_EVIDENCE,no normalized profile or participation domain for alias name,NO_PROFILE_DATA,False
A02950,syndicat des bassins cotiers de la region de dol de bretagne,14;22;29;35;44;50;53;56,200078962,LOW_SUPPORT_REVIEW_ONLY,1,,,,,0,,,NO_PROFILE_EVIDENCE,no normalized profile or participation domain for alias name,NO_PROFILE_DATA,False
A02951,syndicat des eaux de beaufort,22;35;44;50,200093599,LOW_SUPPORT_REVIEW_ONLY,1,,,,,0,,,NO_PROFILE_EVIDENCE,no normalized profile or participation domain for alias name,NO_PROFILE_DATA,False
A02952,syndicat des eaux de beaufort ille-et-vilaine,22;35;44;50,200093599,LOW_SUPPORT_REVIEW_ONLY,1,,,,,0,,,NO_PROFILE_EVIDENCE,no normalized profile or participation domain for alias name,NO_PROFILE_DATA,False
A02953,syndicat du bassin de l oudon 53,49,200077881,LOW_SUPPORT_REVIEW_ONLY,1,,,,,0,,,NO_PROFILE_EVIDENCE,no normalized profile or participation domain for alias name,NO_PROFILE_DATA,False
A02954,syndicat du bassin de l oudon 53,49;53,200077881,LOW_SUPPORT_REVIEW_ONLY,1,,,,,0,,,NO_PROFILE_EVIDENCE,no normalized profile or participation domain for alias name,NO_PROFILE_DATA,False
A02955,syndicat du bassin versant des 4 rivieres,27;28;45;61;72;78;91,200078152,LOW_SUPPORT_REVIEW_ONLY,1,,,,,0,,,NO_PROFILE_EVIDENCE,no normalized profile or participation domain for alias name,NO_PROFILE_DATA,False
A02956,syndicat du bassin versant des 4 rivieres sbv4r,27;28;45;61;72;75;78;91;92,200078152,LOW_SUPPORT_REVIEW_ONLY,1,,,,,0,,,NO_PROFILE_EVIDENCE,no normalized profile or participation domain for alias name,NO_PROFILE_DATA,False
A02957,syndicat intercommunal d alimentation en eau potable,28;41;49;53;61;72,200040640,LOW_SUPPORT_REVIEW_ONLY,1,,,,,0,,,NO_PROFILE_EVIDENCE,no normalized profile or participation domain for alias name,NO_PROFILE_DATA,False
A02958,syndicat intercommunal d energies de-maine-et-loire,49,254901309,LOW_SUPPORT_REVIEW_ONLY,1,,,,,0,,,NO_PROFILE_EVIDENCE,no normalized profile or participation domain for alias name,NO_PROFILE_DATA,False
A02959,syndicat intercommunal d energies-de-maine-et-loire sieml,49,254901309,LOW_SUPPORT_REVIEW_ONLY,1,,,,,0,,,NO_PROFILE_EVIDENCE,no normalized profile or participation domain for alias name,NO_PROFILE_DATA,False
A02960,syndicat intercommunal de collecte et de tri des ordures menageres,14;61;72,200045110,LOW_SUPPORT_REVIEW_ONLY,1,,,,,0,,,NO_PROFILE_EVIDENCE,no normalized profile or participation domain for alias name,NO_PROFILE_DATA,False
A02961,syndicat mixte centre nord atlantique,35;44;49,254402522,LOW_SUPPORT_REVIEW_ONLY,1,smcna.e-marchespublics.com;smcna.e-marchespublics.fr;smcna.fr,smcna.e-marchespublics.com,smcna.e-marchespublics.com;smcna.e-marchespublics.fr;smcna.fr,GENERIC_PLATFORM;SHARED_INSTITUTIONAL,4,2017-12-22,2020-09-10,NEUTRAL_SHARED_PLATFORM,only generic or shared institutional domains observed,HAS_PROFILE_DATA,False
A02962,syndicat mixte chere don isac,35;44;56,200091296,LOW_SUPPORT_REVIEW_ONLY,1,,,,,0,,,NO_PROFILE_EVIDENCE,no normalized profile or participation domain for alias name,NO_PROFILE_DATA,False
A02963,syndicat mixte de gestion du conservatoire a rayonnement departemental olivier messiaen,13;69;72;75;95,250400868,LOW_SUPPORT_REVIEW_ONLY,1,,,,,0,,,NO_PROFILE_EVIDENCE,no normalized profile or participation domain for alias name,NO_PROFILE_DATA,False
A02964,syndicat mixte de l aeroport de laval et de la mayenne,53,255301210,LOW_SUPPORT_REVIEW_ONLY,1,,,,,0,,,NO_PROFILE_EVIDENCE,no normalized profile or participation domain for alias name,NO_PROFILE_DATA,False
A02965,syndicat mixte de la baie de bourgneuf,85,200088771,LOW_SUPPORT_REVIEW_ONLY,1,,,,,0,,,NO_PROFILE_EVIDENCE,no normalized profile or participation domain for alias name,NO_PROFILE_DATA,False
A02966,syndicat mixte des ports de peche-plaisance de cornouaille,29;44,200076669,LOW_SUPPORT_REVIEW_ONLY,1,,,,,0,,,NO_PROFILE_EVIDENCE,no normalized profile or participation domain for alias name,NO_PROFILE_DATA,False
A02967,syndicat mixte du pays de rennes,35;44,253514681,LOW_SUPPORT_REVIEW_ONLY,1,,,,,0,,,NO_PROFILE_EVIDENCE,no normalized profile or participation domain for alias name,NO_PROFILE_DATA,False
A02968,syndicat mixte du perche sarthois,72,257202424,LOW_SUPPORT_REVIEW_ONLY,1,,,,,0,,,NO_PROFILE_EVIDENCE,no normalized profile or participation domain for alias name,NO_PROFILE_DATA,False
A02969,syndicat mixte du scot du pays de fougeres,22;29;35;44;50;53;56;72;75,253514632,LOW_SUPPORT_REVIEW_ONLY,1,,,,,0,,,NO_PROFILE_EVIDENCE,no normalized profile or participation domain for alias name,NO_PROFILE_DATA,False
A02970,syndicat mixte e-collectivites,44;49;53;72;85,200043115,LOW_SUPPORT_REVIEW_ONLY,1,,,,,0,,,NO_PROFILE_EVIDENCE,no normalized profile or participation domain for alias name,NO_PROFILE_DATA,False
A02971,syndicat mixte edenn,44;49,200079077,LOW_SUPPORT_REVIEW_ONLY,1,,,,,0,,,NO_PROFILE_EVIDENCE,no normalized profile or participation domain for alias name,NO_PROFILE_DATA,False
A02972,syndicat mixte etablissement public territorial du bassin de la sevre nantaise,44,200034080,LOW_SUPPORT_REVIEW_ONLY,1,,,,,0,,,NO_PROFILE_EVIDENCE,no normalized profile or participation domain for alias name,NO_PROFILE_DATA,False
A02973,syndicat mixte etablissement public territorial du bassin de la sevre nantaise eptb,44,200034080,LOW_SUPPORT_REVIEW_ONLY,1,,,,,0,,,NO_PROFILE_EVIDENCE,no normalized profile or participation domain for alias name,NO_PROFILE_DATA,False
A02974,syndicat mixte eure blaise vesgre,27;28;45;61;72;76;78;91;95,939284501,LOW_SUPPORT_REVIEW_ONLY,1,,,,,0,,,NO_PROFILE_EVIDENCE,no normalized profile or participation domain for alias name,NO_PROFILE_DATA,False
A02975,syndicat mixte fare loir aune marconne maulne,72,200080554,LOW_SUPPORT_REVIEW_ONLY,1,,,,,0,,,NO_PROFILE_EVIDENCE,no normalized profile or participation domain for alias name,NO_PROFILE_DATA,False
A02976,syndicat mixte ferme,49,254900517,LOW_SUPPORT_REVIEW_ONLY,1,,,,,0,,,NO_PROFILE_EVIDENCE,no normalized profile or participation domain for alias name,NO_PROFILE_DATA,False
A02977,syndicat mixte fontenay sud vendee developpement 85,85,200000099,LOW_SUPPORT_REVIEW_ONLY,1,,,,,0,,,NO_PROFILE_EVIDENCE,no normalized profile or participation domain for alias name,NO_PROFILE_DATA,False
A02978,syndicat mixte interregional mission val de loire,37;41;44;45;49;75,254503048,LOW_SUPPORT_REVIEW_ONLY,1,,,,,0,,,NO_PROFILE_EVIDENCE,no normalized profile or participation domain for alias name,NO_PROFILE_DATA,False
A02979,syndicat mixte les ports de la loire-atlantique 4 esplanade anna marly 44600 saint-nazaire france,44,200091007,LOW_SUPPORT_REVIEW_ONLY,1,,,,,0,,,NO_PROFILE_EVIDENCE,no normalized profile or participation domain for alias name,NO_PROFILE_DATA,False
A02980,syndicat mixte orchestre national pays de la loire,44;49,254402027,LOW_SUPPORT_REVIEW_ONLY,1,,,,,0,,,NO_PROFILE_EVIDENCE,no normalized profile or participation domain for alias name,NO_PROFILE_DATA,False
A02981,syndicat mixte pour le developpement numerique,72,257202176,LOW_SUPPORT_REVIEW_ONLY,1,,,,,0,,,NO_PROFILE_EVIDENCE,no normalized profile or participation domain for alias name,NO_PROFILE_DATA,False
A02982,syndicat mixte pour les inondations l amenagement et la gestion de l eau 06,53,200071397,LOW_SUPPORT_REVIEW_ONLY,1,,,,,0,,,NO_PROFILE_EVIDENCE,no normalized profile or participation domain for alias name,NO_PROFILE_DATA,False
A02983,syndicat mixte regional e-collectivites,85,200043115,LOW_SUPPORT_REVIEW_ONLY,1,,,,,0,,,NO_PROFILE_EVIDENCE,no normalized profile or participation domain for alias name,NO_PROFILE_DATA,False
A02984,syndicat mixte vendee coeur ocean 85,85,200033926,LOW_SUPPORT_REVIEW_ONLY,1,,,,,0,,,NO_PROFILE_EVIDENCE,no normalized profile or participation domain for alias name,NO_PROFILE_DATA,False
A02985,syndicat mixte vendee coeur ocean structure porteuse du scot du sud ouest vendeen 85,85,200033926,LOW_SUPPORT_REVIEW_ONLY,1,,,,,0,,,NO_PROFILE_EVIDENCE,no normalized profile or participation domain for alias name,NO_PROFILE_DATA,False
A02986,syndicat pour la reduction le reemploi et le recyclage de dechets en anjou,49,254900517,LOW_SUPPORT_REVIEW_ONLY,1,,,,,0,,,NO_PROFILE_EVIDENCE,no normalized profile or participation domain for alias name,NO_PROFILE_DATA,False
A02987,syndicat trivalis,85,258502962,LOW_SUPPORT_REVIEW_ONLY,1,marches-securises.fr,,marches-securises.fr,GENERIC_PLATFORM,2,2015-03-25,2020-11-29,NEUTRAL_SHARED_PLATFORM,only generic or shared institutional domains observed,HAS_PROFILE_DATA,False
A02988,sysem - syndicat mixte du sud est du morbihan,22;29;35;44;56,255613374,LOW_SUPPORT_REVIEW_ONLY,1,,,,,0,,,NO_PROFILE_EVIDENCE,no normalized profile or participation domain for alias name,NO_PROFILE_DATA,False
A02989,systra,22;35;44;49;50;53;56;75,387949530,LOW_SUPPORT_REVIEW_ONLY,1,,,,,0,,,NO_PROFILE_EVIDENCE,no normalized profile or participation domain for alias name,NO_PROFILE_DATA,False
A02990,syvalorm loir-et-sarthe,41;72,257201376,LOW_SUPPORT_REVIEW_ONLY,1,,,,,0,,,NO_PROFILE_EVIDENCE,no normalized profile or participation domain for alias name,NO_PROFILE_DATA,False
A02991,syvalorm loir-et-sarthe,72,257201376,LOW_SUPPORT_REVIEW_ONLY,1,,,,,0,,,NO_PROFILE_EVIDENCE,no normalized profile or participation domain for alias name,NO_PROFILE_DATA,False
A02992,syvose oucques,18;28;36;37;41;45;72,254102205,LOW_SUPPORT_REVIEW_ONLY,1,,,,,0,,,NO_PROFILE_EVIDENCE,no normalized profile or participation domain for alias name,NO_PROFILE_DATA,False
A02993,t-pa-1484837,85,547050146,LOW_SUPPORT_REVIEW_ONLY,1,,,,,0,,,NO_PROFILE_EVIDENCE,no normalized profile or participation domain for alias name,NO_PROFILE_DATA,False
A02994,territoire d energie loire-atlantique,44;49;53;85,200014926,LOW_SUPPORT_REVIEW_ONLY,1,,,,,0,,,NO_PROFILE_EVIDENCE,no normalized profile or participation domain for alias name,NO_PROFILE_DATA,False
A02995,territoires publics agissant au nom et pour le compte de rennes metropole 1 rue genevieve de gaulle-anthonioz cs 50726 - 35207 rennes cedex 2,35;44,243500139,LOW_SUPPORT_REVIEW_ONLY,1,,,,,0,,,NO_PROFILE_EVIDENCE,no normalized profile or participation domain for alias name,NO_PROFILE_DATA,False
A02996,territoires publics mandataire agissant au nom et pour le compte de rennes metropole,35;44,523189553,LOW_SUPPORT_REVIEW_ONLY,1,,,,,0,,,NO_PROFILE_EVIDENCE,no normalized profile or participation domain for alias name,NO_PROFILE_DATA,False
A02997,territoires publics mandataire agissant au nom et pour le compte du groupement de commandes constitue par rennes metropole et vezin le coquet coordinateur du groupement rennes metropole,35;44,523189553,LOW_SUPPORT_REVIEW_ONLY,1,,,,,0,,,NO_PROFILE_EVIDENCE,no normalized profile or participation domain for alias name,NO_PROFILE_DATA,False
A02998,transport par voie d eau,44;49,130017791,LOW_SUPPORT_REVIEW_ONLY,1,,,,,0,,,NO_PROFILE_EVIDENCE,no normalized profile or participation domain for alias name,NO_PROFILE_DATA,False
A02999,travaux,35;44;45;59;75;91;92,130020761,LOW_SUPPORT_REVIEW_ONLY,1,,,,,0,,,NO_PROFILE_EVIDENCE,no normalized profile or participation domain for alias name,NO_PROFILE_DATA,False
A03000,travaux dans une ecole,44,214401093,LOW_SUPPORT_REVIEW_ONLY,1,,,,,0,,,NO_PROFILE_EVIDENCE,no normalized profile or participation domain for alias name,NO_PROFILE_DATA,False
A03001,travaux de curage desamiantage deplombage et deconstruction de batiments,14;35;50;53;61,211400478,LOW_SUPPORT_REVIEW_ONLY,1,,,,,0,,,NO_PROFILE_EVIDENCE,no normalized profile or participation domain for alias name,NO_PROFILE_DATA,False
A03002,travaux de renovation du grand auditorium de la grande halle et de la galerie de liaison a la cite des congres de nantes,44,244400404,LOW_SUPPORT_REVIEW_ONLY,1,,,,,0,,,NO_PROFILE_EVIDENCE,no normalized profile or participation domain for alias name,NO_PROFILE_DATA,False
A03003,travaux de restructuration du service d accueil des urgences pour l etablissement centre hospitalier de cholet - facades lots 04a et 04b,49,264900036,LOW_SUPPORT_REVIEW_ONLY,1,,,,,0,,,NO_PROFILE_EVIDENCE,no normalized profile or participation domain for alias name,NO_PROFILE_DATA,False
A03004,travaux de ventilation des chambres amont et avale des citernes c7 c8 de l usine de l eau,44,244400404,LOW_SUPPORT_REVIEW_ONLY,1,,,,,0,,,NO_PROFILE_EVIDENCE,no normalized profile or participation domain for alias name,NO_PROFILE_DATA,False
A03005,travaux voirie,44,244400404,LOW_SUPPORT_REVIEW_ONLY,1,,,,,0,,,NO_PROFILE_EVIDENCE,no normalized profile or participation domain for alias name,NO_PROFILE_DATA,False
A03006,tribunal administratif,44;49;53;72;85,234400034,LOW_SUPPORT_REVIEW_ONLY,1,,,,,0,,,NO_PROFILE_EVIDENCE,no normalized profile or participation domain for alias name,NO_PROFILE_DATA,False
A03007,tribunal administratif d orleans,18;28;36;37;41;45;49;72,495111023,LOW_SUPPORT_REVIEW_ONLY,1,,,,,0,,,NO_PROFILE_EVIDENCE,no normalized profile or participation domain for alias name,NO_PROFILE_DATA,False
A03008,tribunal administratif de nantes,72,267200160,LOW_SUPPORT_REVIEW_ONLY,1,,,,,0,,,NO_PROFILE_EVIDENCE,no normalized profile or participation domain for alias name,NO_PROFILE_DATA,False
A03009,u r s s a f des pays de loire,49,535104756,LOW_SUPPORT_REVIEW_ONLY,1,,,,,0,,,NO_PROFILE_EVIDENCE,no normalized profile or participation domain for alias name,NO_PROFILE_DATA,False
A03010,uc-irsa,18;36;37;41;45;49;53;72;86,775593775,LOW_SUPPORT_REVIEW_ONLY,1,achatpublic.com,,achatpublic.com,GENERIC_PLATFORM,1,2019-01-16,2019-01-16,NEUTRAL_SHARED_PLATFORM,only generic or shared institutional domains observed,HAS_PROFILE_DATA,False
A03011,uc-irsa,36;37;41;45;49;53;72;86,775593775,LOW_SUPPORT_REVIEW_ONLY,1,achatpublic.com,,achatpublic.com,GENERIC_PLATFORM,1,2019-01-16,2019-01-16,NEUTRAL_SHARED_PLATFORM,only generic or shared institutional domains observed,HAS_PROFILE_DATA,False
A03012,uc-irsa,37;41;44;45;49;61;72;79;86,775593775,LOW_SUPPORT_REVIEW_ONLY,1,achatpublic.com,,achatpublic.com,GENERIC_PLATFORM,1,2019-01-16,2019-01-16,NEUTRAL_SHARED_PLATFORM,only generic or shared institutional domains observed,HAS_PROFILE_DATA,False
A03013,uc-irsa - union de caisses-institut inter-regional pour la sante 45 rue de la parmentiere b p 122 37521 la riche,36;37;44;45;49;50;53;61;76,775593775,LOW_SUPPORT_REVIEW_ONLY,1,,,,,0,,,NO_PROFILE_EVIDENCE,no normalized profile or participation domain for alias name,NO_PROFILE_DATA,False
A03014,uc-irsa - union de caisses-institut inter-regional pour la sante madame anne charbonnier 45 rue de la parmentiere b p 122 37521 la riche,18;37;44;45;49;50;76,775593775,LOW_SUPPORT_REVIEW_ONLY,1,,,,,0,,,NO_PROFILE_EVIDENCE,no normalized profile or participation domain for alias name,NO_PROFILE_DATA,False
A03015,ugecam bretagne pays de la loire,29;35;44;49,428692008,LOW_SUPPORT_REVIEW_ONLY,1,,,,,0,,,NO_PROFILE_EVIDENCE,no normalized profile or participation domain for alias name,NO_PROFILE_DATA,False
A03016,ugecam bretagne pays de la loire,29;35;44;49;56;85,428692008,LOW_SUPPORT_REVIEW_ONLY,1,,,,,0,,,NO_PROFILE_EVIDENCE,no normalized profile or participation domain for alias name,NO_PROFILE_DATA,False
A03017,ugecam bretagne pays de la loire,44;56,428692008,LOW_SUPPORT_REVIEW_ONLY,1,,,,,0,,,NO_PROFILE_EVIDENCE,no normalized profile or participation domain for alias name,NO_PROFILE_DATA,False
A03018,ugecam bretagne pays de la loire,44;85,428692008,LOW_SUPPORT_REVIEW_ONLY,1,,,,,0,,,NO_PROFILE_EVIDENCE,no normalized profile or participation domain for alias name,NO_PROFILE_DATA,False
A03019,ugecam bretagne pays de la loire,85,428692008,LOW_SUPPORT_REVIEW_ONLY,1,,,,,0,,,NO_PROFILE_EVIDENCE,no normalized profile or participation domain for alias name,NO_PROFILE_DATA,False
A03020,ugecam brpl,29;35;44;49;56,428692008,LOW_SUPPORT_REVIEW_ONLY,1,,,,,0,,,NO_PROFILE_EVIDENCE,no normalized profile or participation domain for alias name,NO_PROFILE_DATA,False
A03021,ugecam brpl,44;85,428692008,LOW_SUPPORT_REVIEW_ONLY,1,,,,,0,,,NO_PROFILE_EVIDENCE,no normalized profile or participation domain for alias name,NO_PROFILE_DATA,False
A03022,uioss angers,37;44;49;53;72;85,503708901,LOW_SUPPORT_REVIEW_ONLY,1,,,,,0,,,NO_PROFILE_EVIDENCE,no normalized profile or participation domain for alias name,NO_PROFILE_DATA,False
A03023,uioss angers,49,503708901,LOW_SUPPORT_REVIEW_ONLY,1,,,,,0,,,NO_PROFILE_EVIDENCE,no normalized profile or participation domain for alias name,NO_PROFILE_DATA,False
A03024,uioss angers 32 rue louis gain 49937 angers cedex 9,49,503708901,LOW_SUPPORT_REVIEW_ONLY,1,,,,,0,,,NO_PROFILE_EVIDENCE,no normalized profile or participation domain for alias name,NO_PROFILE_DATA,False
A03025,uioss de loir-et-cher,28;37;41;45;72;75;86,311510440,LOW_SUPPORT_REVIEW_ONLY,1,,,,,0,,,NO_PROFILE_EVIDENCE,no normalized profile or participation domain for alias name,NO_PROFILE_DATA,False
A03026,uioss loir-et-cher,18;28;36;37;41;45;72;86,311510440,LOW_SUPPORT_REVIEW_ONLY,1,,,,,0,,,NO_PROFILE_EVIDENCE,no normalized profile or participation domain for alias name,NO_PROFILE_DATA,False
A03027,uioss loir-et-cher,18;28;37;41;45;72;86,311510440,LOW_SUPPORT_REVIEW_ONLY,1,,,,,0,,,NO_PROFILE_EVIDENCE,no normalized profile or participation domain for alias name,NO_PROFILE_DATA,False
A03028,uioss loir-et-cher,28;37;41;45;49;72;86,311510440,LOW_SUPPORT_REVIEW_ONLY,1,,,,,0,,,NO_PROFILE_EVIDENCE,no normalized profile or participation domain for alias name,NO_PROFILE_DATA,False
A03029,uioss loir-et-cher,37;41;45;72;75,311510440,LOW_SUPPORT_REVIEW_ONLY,1,,,,,0,,,NO_PROFILE_EVIDENCE,no normalized profile or participation domain for alias name,NO_PROFILE_DATA,False
A03030,uioss rennes,35;44;49;50;53;56,777735531,LOW_SUPPORT_REVIEW_ONLY,1,,,,,0,,,NO_PROFILE_EVIDENCE,no normalized profile or participation domain for alias name,NO_PROFILE_DATA,False
A03031,union de caisse institu inter regional pour la sante,18;35;37;44;45;49;50;72;76,775593775,LOW_SUPPORT_REVIEW_ONLY,1,,,,,0,,,NO_PROFILE_EVIDENCE,no normalized profile or participation domain for alias name,NO_PROFILE_DATA,False
A03032,universite bretagne sud,13;22;31;33;35;44;56;69;75,195617188,LOW_SUPPORT_REVIEW_ONLY,1,,,,,0,,,NO_PROFILE_EVIDENCE,no normalized profile or participation domain for alias name,NO_PROFILE_DATA,False
A03033,universite bretagne sud,29;31;35;44;56;75,195617188,LOW_SUPPORT_REVIEW_ONLY,1,,,,,0,,,NO_PROFILE_EVIDENCE,no normalized profile or participation domain for alias name,NO_PROFILE_DATA,False
A03034,universite bretagne sud,35;44;56,195617188,LOW_SUPPORT_REVIEW_ONLY,1,,,,,0,,,NO_PROFILE_EVIDENCE,no normalized profile or participation domain for alias name,NO_PROFILE_DATA,False
A03035,universite bretagne sud,44;56,195617188,LOW_SUPPORT_REVIEW_ONLY,1,,,,,0,,,NO_PROFILE_EVIDENCE,no normalized profile or participation domain for alias name,NO_PROFILE_DATA,False
A03036,universite bretagne sud - iut de vannes,22;29;35;44;56,195617188,LOW_SUPPORT_REVIEW_ONLY,1,,,,,0,,,NO_PROFILE_EVIDENCE,no normalized profile or participation domain for alias name,NO_PROFILE_DATA,False
A03037,universite bretagne sud direction des affaires financieres,22;29;35;44;56;75,195617188,LOW_SUPPORT_REVIEW_ONLY,1,,,,,0,,,NO_PROFILE_EVIDENCE,no normalized profile or participation domain for alias name,NO_PROFILE_DATA,False
A03038,universite clermont auvergne,15;23;33;42;43;44;63;69,130028061,LOW_SUPPORT_REVIEW_ONLY,1,marche-publics.gouv.fr;marches-publics.gouv.fr,marches-publics.gouv.fr,marche-publics.gouv.fr;marches-publics.gouv.fr,GENERIC_PLATFORM,3,2020-10-11,2020-10-13,NEUTRAL_SHARED_PLATFORM,only generic or shared institutional domains observed,HAS_PROFILE_DATA,False
A03039,universite clermont auvergne,15;31;33;43;44;63;69;75,130028061,LOW_SUPPORT_REVIEW_ONLY,1,marche-publics.gouv.fr;marches-publics.gouv.fr,marches-publics.gouv.fr,marche-publics.gouv.fr;marches-publics.gouv.fr,GENERIC_PLATFORM,3,2020-10-11,2020-10-13,NEUTRAL_SHARED_PLATFORM,only generic or shared institutional domains observed,HAS_PROFILE_DATA,False
A03040,universite de rennes,12;13;29;35;47;49;67;75,130030513,LOW_SUPPORT_REVIEW_ONLY,1,,,,,0,,,NO_PROFILE_EVIDENCE,no normalized profile or participation domain for alias name,NO_PROFILE_DATA,False
A03041,universite de rennes,13;21;29;33;35;44;49;75,130030513,LOW_SUPPORT_REVIEW_ONLY,1,,,,,0,,,NO_PROFILE_EVIDENCE,no normalized profile or participation domain for alias name,NO_PROFILE_DATA,False
A03042,universite de rennes,13;22;29;31;35;44;49;75,130030513,LOW_SUPPORT_REVIEW_ONLY,1,,,,,0,,,NO_PROFILE_EVIDENCE,no normalized profile or participation domain for alias name,NO_PROFILE_DATA,False
A03043,universite de rennes,13;22;29;35;44;49;69;75,130030513,LOW_SUPPORT_REVIEW_ONLY,1,,,,,0,,,NO_PROFILE_EVIDENCE,no normalized profile or participation domain for alias name,NO_PROFILE_DATA,False
A03044,universite de rennes,13;22;29;35;44;49;75,130030513,LOW_SUPPORT_REVIEW_ONLY,1,,,,,0,,,NO_PROFILE_EVIDENCE,no normalized profile or participation domain for alias name,NO_PROFILE_DATA,False
A03045,universite de rennes,13;29;35;44;49;75;85,130030513,LOW_SUPPORT_REVIEW_ONLY,1,,,,,0,,,NO_PROFILE_EVIDENCE,no normalized profile or participation domain for alias name,NO_PROFILE_DATA,False
A03046,universite de rennes,21;22;29;35;49;75,130030513,LOW_SUPPORT_REVIEW_ONLY,1,,,,,0,,,NO_PROFILE_EVIDENCE,no normalized profile or participation domain for alias name,NO_PROFILE_DATA,False
A03047,universite de rennes,22;29;35;44,130030513,LOW_SUPPORT_REVIEW_ONLY,1,,,,,0,,,NO_PROFILE_EVIDENCE,no normalized profile or participation domain for alias name,NO_PROFILE_DATA,False
A03048,universite de rennes,22;29;35;44;49;75,130030513,LOW_SUPPORT_REVIEW_ONLY,1,,,,,0,,,NO_PROFILE_EVIDENCE,no normalized profile or participation domain for alias name,NO_PROFILE_DATA,False
A03049,universite de rennes,22;29;35;44;50;53;56,130030513,LOW_SUPPORT_REVIEW_ONLY,1,,,,,0,,,NO_PROFILE_EVIDENCE,no normalized profile or participation domain for alias name,NO_PROFILE_DATA,False
A03050,universite de rennes,22;29;35;44;75,130030513,LOW_SUPPORT_REVIEW_ONLY,1,,,,,0,,,NO_PROFILE_EVIDENCE,no normalized profile or participation domain for alias name,NO_PROFILE_DATA,False
A03051,universite de rennes,22;29;35;49;56,130030513,LOW_SUPPORT_REVIEW_ONLY,1,,,,,0,,,NO_PROFILE_EVIDENCE,no normalized profile or participation domain for alias name,NO_PROFILE_DATA,False
A03052,universite de rennes,22;35;44,130030513,LOW_SUPPORT_REVIEW_ONLY,1,,,,,0,,,NO_PROFILE_EVIDENCE,no normalized profile or participation domain for alias name,NO_PROFILE_DATA,False
A03053,universite de rennes,22;35;44;53,130030513,LOW_SUPPORT_REVIEW_ONLY,1,,,,,0,,,NO_PROFILE_EVIDENCE,no normalized profile or participation domain for alias name,NO_PROFILE_DATA,False
A03054,universite de rennes,29;35;44;49;75,130030513,LOW_SUPPORT_REVIEW_ONLY,1,,,,,0,,,NO_PROFILE_EVIDENCE,no normalized profile or participation domain for alias name,NO_PROFILE_DATA,False
A03055,universite de rennes,29;35;44;49;75;99,130030513,LOW_SUPPORT_REVIEW_ONLY,1,,,,,0,,,NO_PROFILE_EVIDENCE,no normalized profile or participation domain for alias name,NO_PROFILE_DATA,False
A03056,universite de rennes,29;35;44;56;75,130030513,LOW_SUPPORT_REVIEW_ONLY,1,,,,,0,,,NO_PROFILE_EVIDENCE,no normalized profile or participation domain for alias name,NO_PROFILE_DATA,False
A03057,universite de rennes,29;35;44;75,130030513,LOW_SUPPORT_REVIEW_ONLY,1,,,,,0,,,NO_PROFILE_EVIDENCE,no normalized profile or participation domain for alias name,NO_PROFILE_DATA,False
A03058,universite de rennes,35;44;49;75,130030513,LOW_SUPPORT_REVIEW_ONLY,1,,,,,0,,,NO_PROFILE_EVIDENCE,no normalized profile or participation domain for alias name,NO_PROFILE_DATA,False
A03059,universite de rennes,35;44;59;75,130030513,LOW_SUPPORT_REVIEW_ONLY,1,,,,,0,,,NO_PROFILE_EVIDENCE,no normalized profile or participation domain for alias name,NO_PROFILE_DATA,False
A03060,universite de rennes,35;44;69;75,130030513,LOW_SUPPORT_REVIEW_ONLY,1,,,,,0,,,NO_PROFILE_EVIDENCE,no normalized profile or participation domain for alias name,NO_PROFILE_DATA,False
A03061,universite du mans,53;72,197209166,LOW_SUPPORT_REVIEW_ONLY,1,,,,,0,,,NO_PROFILE_EVIDENCE,no normalized profile or participation domain for alias name,NO_PROFILE_DATA,False
A03062,universite du mans,72,197209166,LOW_SUPPORT_REVIEW_ONLY,1,,,,,0,,,NO_PROFILE_EVIDENCE,no normalized profile or participation domain for alias name,NO_PROFILE_DATA,False
A03063,universite gustave eiffel,13;44;59;69;75;77;78,130026123,LOW_SUPPORT_REVIEW_ONLY,1,,,,,0,,,NO_PROFILE_EVIDENCE,no normalized profile or participation domain for alias name,NO_PROFILE_DATA,False
A03064,universite gustave eiffel,13;44;59;69;77,130026123,LOW_SUPPORT_REVIEW_ONLY,1,,,,,0,,,NO_PROFILE_EVIDENCE,no normalized profile or participation domain for alias name,NO_PROFILE_DATA,False
A03065,universite gustave eiffel,44;69;75;77;78,130026123,LOW_SUPPORT_REVIEW_ONLY,1,,,,,0,,,NO_PROFILE_EVIDENCE,no normalized profile or participation domain for alias name,NO_PROFILE_DATA,False
A03066,universite gustave eiffel,44;75,130026123,LOW_SUPPORT_REVIEW_ONLY,1,,,,,0,,,NO_PROFILE_EVIDENCE,no normalized profile or participation domain for alias name,NO_PROFILE_DATA,False
A03067,universite gustave eiffel,44;75;77;78,130026123,LOW_SUPPORT_REVIEW_ONLY,1,,,,,0,,,NO_PROFILE_EVIDENCE,no normalized profile or participation domain for alias name,NO_PROFILE_DATA,False
A03068,universite rennes 2,14;22;29;35;44;50;53;56,193509379,LOW_SUPPORT_REVIEW_ONLY,1,marches-publics.gouv.fr,,marches-publics.gouv.fr,GENERIC_PLATFORM,2,2017-06-24,2017-09-27,NEUTRAL_SHARED_PLATFORM,only generic or shared institutional domains observed,HAS_PROFILE_DATA,False
A03069,universite rennes 2,22;29;35;44;50;53;56;72,193509379,LOW_SUPPORT_REVIEW_ONLY,1,marches-publics.gouv.fr,,marches-publics.gouv.fr,GENERIC_PLATFORM,2,2017-06-24,2017-09-27,NEUTRAL_SHARED_PLATFORM,only generic or shared institutional domains observed,HAS_PROFILE_DATA,False
A03070,universite rennes 2,22;35;44;50;53;56;72,193509379,LOW_SUPPORT_REVIEW_ONLY,1,marches-publics.gouv.fr,,marches-publics.gouv.fr,GENERIC_PLATFORM,2,2017-06-24,2017-09-27,NEUTRAL_SHARED_PLATFORM,only generic or shared institutional domains observed,HAS_PROFILE_DATA,False
A03071,universite rennes 2,22;35;44;56;72,193509379,LOW_SUPPORT_REVIEW_ONLY,1,marches-publics.gouv.fr,,marches-publics.gouv.fr,GENERIC_PLATFORM,2,2017-06-24,2017-09-27,NEUTRAL_SHARED_PLATFORM,only generic or shared institutional domains observed,HAS_PROFILE_DATA,False
A03072,urb2024-002,44;85,218501633,LOW_SUPPORT_REVIEW_ONLY,1,,,,,0,,,NO_PROFILE_EVIDENCE,no normalized profile or participation domain for alias name,NO_PROFILE_DATA,False
A03073,urssaf bretagne,22;29;35;44;50;53;56,753759570,LOW_SUPPORT_REVIEW_ONLY,1,achatpublic.com,,achatpublic.com,GENERIC_PLATFORM,1,2018-03-23,2018-03-23,NEUTRAL_SHARED_PLATFORM,only generic or shared institutional domains observed,HAS_PROFILE_DATA,False
A03074,urssaf bretagne,22;29;35;44;50;53;56;75,753759570,LOW_SUPPORT_REVIEW_ONLY,1,achatpublic.com,,achatpublic.com,GENERIC_PLATFORM,1,2018-03-23,2018-03-23,NEUTRAL_SHARED_PLATFORM,only generic or shared institutional domains observed,HAS_PROFILE_DATA,False
A03075,urssaf bretgane,22;29;35;44;56;75,753759570,LOW_SUPPORT_REVIEW_ONLY,1,,,,,0,,,NO_PROFILE_EVIDENCE,no normalized profile or participation domain for alias name,NO_PROFILE_DATA,False
A03076,urssaf des pays de la loire,44;53;85,535104756,LOW_SUPPORT_REVIEW_ONLY,1,achatpublic.com,,achatpublic.com,GENERIC_PLATFORM,1,2019-08-25,2019-08-25,NEUTRAL_SHARED_PLATFORM,only generic or shared institutional domains observed,HAS_PROFILE_DATA,False
A03077,urssaf pays de la loire,44;49;53;72;85,535104756,LOW_SUPPORT_REVIEW_ONLY,1,,,,,0,,,NO_PROFILE_EVIDENCE,no normalized profile or participation domain for alias name,NO_PROFILE_DATA,False
A03078,valcor valorisation cornouaille,22;29;35;44,252901871,LOW_SUPPORT_REVIEW_ONLY,1,,,,,0,,,NO_PROFILE_EVIDENCE,no normalized profile or participation domain for alias name,NO_PROFILE_DATA,False
A03079,vallons d ehaute bretagne communaute,35;44;56,200043990,LOW_SUPPORT_REVIEW_ONLY,1,,,,,0,,,NO_PROFILE_EVIDENCE,no normalized profile or participation domain for alias name,NO_PROFILE_DATA,False
A03080,vallons de haute bretagne communaute,22;29;35;44;56;75,200043990,LOW_SUPPORT_REVIEW_ONLY,1,,,,,0,,,NO_PROFILE_EVIDENCE,no normalized profile or participation domain for alias name,NO_PROFILE_DATA,False
A03081,vendee expansion - gie,85,790020010,LOW_SUPPORT_REVIEW_ONLY,1,,,,,0,,,NO_PROFILE_EVIDENCE,no normalized profile or participation domain for alias name,NO_PROFILE_DATA,False
A03082,vendee expansion sem pole tourisme,85,546650169,LOW_SUPPORT_REVIEW_ONLY,1,,,,,0,,,NO_PROFILE_EVIDENCE,no normalized profile or participation domain for alias name,NO_PROFILE_DATA,False
A03083,vendee globe,85,546650169,LOW_SUPPORT_REVIEW_ONLY,1,,,,,0,,,NO_PROFILE_EVIDENCE,no normalized profile or participation domain for alias name,NO_PROFILE_DATA,False
A03084,vendee tri energie,85,904356789,LOW_SUPPORT_REVIEW_ONLY,1,,,,,0,,,NO_PROFILE_EVIDENCE,no normalized profile or participation domain for alias name,NO_PROFILE_DATA,False
A03085,ville - les ponts-de-ce,49,214902462,LOW_SUPPORT_REVIEW_ONLY,1,alm.marches-securises.fr,,alm.marches-securises.fr,GENERIC_PLATFORM,1,2019-05-29,2019-05-29,NEUTRAL_SHARED_PLATFORM,only generic or shared institutional domains observed,HAS_PROFILE_DATA,False
A03086,ville d aubervilliers,75;77;85;93;94,219300019,LOW_SUPPORT_REVIEW_ONLY,1,avis.maximilien.fr;marches.maximilien.fr;maximilien.fr,avis.maximilien.fr;marches.maximilien.fr;maximilien.fr,avis.maximilien.fr;marches.maximilien.fr;maximilien.fr,GENERIC_PLATFORM,6,2016-01-14,2020-10-18,NEUTRAL_SHARED_PLATFORM,only generic or shared institutional domains observed,HAS_PROFILE_DATA,False
A03087,ville d aubervilliers,75;85;93,219300019,LOW_SUPPORT_REVIEW_ONLY,1,avis.maximilien.fr;marches.maximilien.fr;maximilien.fr,avis.maximilien.fr;marches.maximilien.fr;maximilien.fr,avis.maximilien.fr;marches.maximilien.fr;maximilien.fr,GENERIC_PLATFORM,6,2016-01-14,2020-10-18,NEUTRAL_SHARED_PLATFORM,only generic or shared institutional domains observed,HAS_PROFILE_DATA,False
A03088,ville d auray,22;29;35;44;56;75,215600073,LOW_SUPPORT_REVIEW_ONLY,1,marches.megalisbretagne.org;megalis.bretagne.bzh;megalisbretagne.org,megalis.bretagne.bzh,marches.megalisbretagne.org;megalis.bretagne.bzh;megalisbretagne.org,GENERIC_PLATFORM,5,2016-06-22,2020-09-23,NEUTRAL_SHARED_PLATFORM,only generic or shared institutional domains observed,HAS_PROFILE_DATA,False
A03089,ville d auvers le hamon,72,217200161,LOW_SUPPORT_REVIEW_ONLY,1,sarthe-marchespublics.fr,,sarthe-marchespublics.fr,AMBIGUOUS,2,2018-06-15,2019-10-25,AMBIGUOUS,domain specificity is mixed or ambiguous,HAS_PROFILE_DATA,True
A03090,ville d avrille 49,49,214900151,LOW_SUPPORT_REVIEW_ONLY,1,,,,,0,,,NO_PROFILE_EVIDENCE,no normalized profile or participation domain for alias name,NO_PROFILE_DATA,False
A03091,ville d ecouflant,44;49,214901290,LOW_SUPPORT_REVIEW_ONLY,1,alm.marches-securises.fr;marches-securises.fr;metropole-angers.marcoweb.fr,,alm.marches-securises.fr;marches-securises.fr;metropole-angers.marcoweb.fr,GENERIC_PLATFORM;SHARED_INSTITUTIONAL,3,2015-11-25,2019-04-15,NEUTRAL_SHARED_PLATFORM,only generic or shared institutional domains observed,HAS_PROFILE_DATA,False
A03092,ville d hennebont,35;44;56;75,215600834,LOW_SUPPORT_REVIEW_ONLY,1,marches.megalisbretagne.org;megalis.bretagne.fr,,marches.megalisbretagne.org;megalis.bretagne.fr,GENERIC_PLATFORM;SHARED_INSTITUTIONAL,2,2019-03-14,2020-06-10,NEUTRAL_SHARED_PLATFORM,only generic or shared institutional domains observed,HAS_PROFILE_DATA,False
A03093,ville d hennebont,44;56,215600834,LOW_SUPPORT_REVIEW_ONLY,1,marches.megalisbretagne.org;megalis.bretagne.fr,,marches.megalisbretagne.org;megalis.bretagne.fr,GENERIC_PLATFORM;SHARED_INSTITUTIONAL,2,2019-03-14,2020-06-10,NEUTRAL_SHARED_PLATFORM,only generic or shared institutional domains observed,HAS_PROFILE_DATA,False
A03094,ville d herouville saint-clair,14;27;35;44;50;69;75;76;95,211403274,LOW_SUPPORT_REVIEW_ONLY,1,achatpublic.com;pa-herouville.net,,achatpublic.com;pa-herouville.net,AMBIGUOUS;GENERIC_PLATFORM,2,2018-04-07,2019-12-07,AMBIGUOUS,domain specificity is mixed or ambiguous,HAS_PROFILE_DATA,True
A03095,ville d indre,44,214400749,LOW_SUPPORT_REVIEW_ONLY,1,,,,,0,,,NO_PROFILE_EVIDENCE,no normalized profile or participation domain for alias name,NO_PROFILE_DATA,False
A03096,ville d indre 44610,44,214400749,LOW_SUPPORT_REVIEW_ONLY,1,,,,,0,,,NO_PROFILE_EVIDENCE,no normalized profile or participation domain for alias name,NO_PROFILE_DATA,False
A03097,ville d ombree d anjou 49,35;44;49;53,200069474,LOW_SUPPORT_REVIEW_ONLY,1,,,,,0,,,NO_PROFILE_EVIDENCE,no normalized profile or participation domain for alias name,NO_PROFILE_DATA,False
A03098,ville de bain de bretagne,35;44;56,213500127,LOW_SUPPORT_REVIEW_ONLY,1,megalisbretagne.org,megalisbretagne.org,megalisbretagne.org,GENERIC_PLATFORM,2,2019-03-10,2019-03-10,NEUTRAL_SHARED_PLATFORM,only generic or shared institutional domains observed,HAS_PROFILE_DATA,False
A03099,ville de basse-goulaine,44,214400095,LOW_SUPPORT_REVIEW_ONLY,1,,,,,0,,,NO_PROFILE_EVIDENCE,no normalized profile or participation domain for alias name,NO_PROFILE_DATA,False
A03100,ville de basse-goulaine,44;49;56;85,214400095,LOW_SUPPORT_REVIEW_ONLY,1,,,,,0,,,NO_PROFILE_EVIDENCE,no normalized profile or participation domain for alias name,NO_PROFILE_DATA,False
A03101,ville de bayeux - centre technique municipal,14;35;50;53;61,211400478,LOW_SUPPORT_REVIEW_ONLY,1,,,,,0,,,NO_PROFILE_EVIDENCE,no normalized profile or participation domain for alias name,NO_PROFILE_DATA,False
A03102,ville de bayeux - travaux - musee,14;35;50;53;61,211400478,LOW_SUPPORT_REVIEW_ONLY,1,,,,,0,,,NO_PROFILE_EVIDENCE,no normalized profile or participation domain for alias name,NO_PROFILE_DATA,False
A03103,ville de beaucouze 49,49,214900201,LOW_SUPPORT_REVIEW_ONLY,1,,,,,0,,,NO_PROFILE_EVIDENCE,no normalized profile or participation domain for alias name,NO_PROFILE_DATA,False
A03104,ville de carnac,22;29;35;44;56;75,215600347,LOW_SUPPORT_REVIEW_ONLY,1,marches.megalisbretagne.org;megalisbretagne.org,marches.megalisbretagne.org;megalisbretagne.org,marches.megalisbretagne.org;megalisbretagne.org,GENERIC_PLATFORM,4,2019-04-14,2019-07-24,NEUTRAL_SHARED_PLATFORM,only generic or shared institutional domains observed,HAS_PROFILE_DATA,False
A03105,ville de carnac,29;35;44;56,215600347,LOW_SUPPORT_REVIEW_ONLY,1,marches.megalisbretagne.org;megalisbretagne.org,marches.megalisbretagne.org;megalisbretagne.org,marches.megalisbretagne.org;megalisbretagne.org,GENERIC_PLATFORM,4,2019-04-14,2019-07-24,NEUTRAL_SHARED_PLATFORM,only generic or shared institutional domains observed,HAS_PROFILE_DATA,False
A03106,ville de cesson-sevigne,22;35;44;49;50;53;56,213500515,LOW_SUPPORT_REVIEW_ONLY,1,,,,,0,,,NO_PROFILE_EVIDENCE,no normalized profile or participation domain for alias name,NO_PROFILE_DATA,False
A03107,ville de cesson-sevigne,22;35;53;56,213500515,LOW_SUPPORT_REVIEW_ONLY,1,,,,,0,,,NO_PROFILE_EVIDENCE,no normalized profile or participation domain for alias name,NO_PROFILE_DATA,False
A03108,ville de cholet coordonnateur - groupement de commande,44;49;79;85,214900995,LOW_SUPPORT_REVIEW_ONLY,1,,,,,0,,,NO_PROFILE_EVIDENCE,no normalized profile or participation domain for alias name,NO_PROFILE_DATA,False
A03109,ville de cholet493,44;49;85,214900995,LOW_SUPPORT_REVIEW_ONLY,1,,,,,0,,,NO_PROFILE_EVIDENCE,no normalized profile or participation domain for alias name,NO_PROFILE_DATA,False
A03110,ville de corbas,38;42;69;72,216902734,LOW_SUPPORT_REVIEW_ONLY,1,achatpublic.com;marchespublics.grandlyon.com,,achatpublic.com;marchespublics.grandlyon.com,AMBIGUOUS;GENERIC_PLATFORM,2,2018-12-18,2020-09-10,AMBIGUOUS,domain specificity is mixed or ambiguous,HAS_PROFILE_DATA,True
A03111,ville de fougeres,35;50;53,213501158,LOW_SUPPORT_REVIEW_ONLY,1,e-megalisbretagne.org;marches.megalis.bretagne.bzh;megalisbretagne.org,,e-megalisbretagne.org;marches.megalis.bretagne.bzh;megalisbretagne.org,GENERIC_PLATFORM,3,2018-09-19,2020-11-14,NEUTRAL_SHARED_PLATFORM,only generic or shared institutional domains observed,HAS_PROFILE_DATA,False
A03112,ville de l huisserie 53970,53,215301193,LOW_SUPPORT_REVIEW_ONLY,1,,,,,0,,,NO_PROFILE_EVIDENCE,no normalized profile or participation domain for alias name,NO_PROFILE_DATA,False
A03113,ville de la riche,18;36;37;41;45;47;49;72;86,213701956,LOW_SUPPORT_REVIEW_ONLY,1,achatpublic.com;lariche.achatpublic.com,,achatpublic.com;lariche.achatpublic.com,GENERIC_PLATFORM,2,2017-03-21,2019-11-14,NEUTRAL_SHARED_PLATFORM,only generic or shared institutional domains observed,HAS_PROFILE_DATA,False
A03114,ville de laval et ahuille argentre bonchamp chalons du maine la chapelle anthenaise l huisserie loiron ruille louverne louvigne le genest st isle montigne le brillant nuille sur vicoin parne sur roc saint berthevin saint germain le fouilloux saint jean sur mayenne et saint ouen des toits,53,215301300,LOW_SUPPORT_REVIEW_ONLY,1,,,,,0,,,NO_PROFILE_EVIDENCE,no normalized profile or participation domain for alias name,NO_PROFILE_DATA,False
A03115,ville de le coudray,27;28;72;75;78;91,212801104,LOW_SUPPORT_REVIEW_ONLY,1,,,,,0,,,NO_PROFILE_EVIDENCE,no normalized profile or participation domain for alias name,NO_PROFILE_DATA,False
A03116,ville de lucon,85,218501286,LOW_SUPPORT_REVIEW_ONLY,1,marche-securises.fr;marches-securises.fr,,marche-securises.fr;marches-securises.fr,AMBIGUOUS;GENERIC_PLATFORM,2,2017-04-27,2017-10-27,AMBIGUOUS,domain specificity is mixed or ambiguous,HAS_PROFILE_DATA,True
A03117,ville de luisant,27;28;45;72;78,212802201,LOW_SUPPORT_REVIEW_ONLY,1,am28.org,,am28.org,GENERIC_PLATFORM,1,2018-03-23,2018-03-23,NEUTRAL_SHARED_PLATFORM,only generic or shared institutional domains observed,HAS_PROFILE_DATA,False
A03118,ville de mitry-mory,77;85,217702943,LOW_SUPPORT_REVIEW_ONLY,1,achatpublic.com,,achatpublic.com,GENERIC_PLATFORM,1,2019-09-15,2019-09-15,NEUTRAL_SHARED_PLATFORM,only generic or shared institutional domains observed,HAS_PROFILE_DATA,False
A03119,ville de montargis,42;44;45;46,214502080,LOW_SUPPORT_REVIEW_ONLY,1,klekoon.com;webmarche.solaere.recia.fr,,klekoon.com;webmarche.solaere.recia.fr,AMBIGUOUS;GENERIC_PLATFORM,2,2018-11-13,2019-09-04,AMBIGUOUS,domain specificity is mixed or ambiguous,HAS_PROFILE_DATA,True
A03120,ville de montoire-sur-le-loir,28;36;37;41;45;72,214101495,LOW_SUPPORT_REVIEW_ONLY,1,,,,,0,,,NO_PROFILE_EVIDENCE,no normalized profile or participation domain for alias name,NO_PROFILE_DATA,False
A03121,ville de montoire-sur-le-loir,28;37;41;45;72,214101495,LOW_SUPPORT_REVIEW_ONLY,1,,,,,0,,,NO_PROFILE_EVIDENCE,no normalized profile or participation domain for alias name,NO_PROFILE_DATA,False
A03122,ville de nantes - nantes metropole,44,214401093,LOW_SUPPORT_REVIEW_ONLY,1,,,,,0,,,NO_PROFILE_EVIDENCE,no normalized profile or participation domain for alias name,NO_PROFILE_DATA,False
A03123,ville de nantes coordonnateur,44,244400404,LOW_SUPPORT_REVIEW_ONLY,1,,,,,0,,,NO_PROFILE_EVIDENCE,no normalized profile or participation domain for alias name,NO_PROFILE_DATA,False
A03124,ville de nantes en groupement avec le ccas et nantes metropole,44,214401093,LOW_SUPPORT_REVIEW_ONLY,1,,,,,0,,,NO_PROFILE_EVIDENCE,no normalized profile or participation domain for alias name,NO_PROFILE_DATA,False
A03125,ville de nantes groupement de commande avec le ccas nantes metropole,44,214401093,LOW_SUPPORT_REVIEW_ONLY,1,,,,,0,,,NO_PROFILE_EVIDENCE,no normalized profile or participation domain for alias name,NO_PROFILE_DATA,False
A03126,ville de nantes groupement de commande avec nantes metropole et le ccas,44,214401093,LOW_SUPPORT_REVIEW_ONLY,1,,,,,0,,,NO_PROFILE_EVIDENCE,no normalized profile or participation domain for alias name,NO_PROFILE_DATA,False
A03127,ville de nantes nantes metropole,44,214401093,LOW_SUPPORT_REVIEW_ONLY,1,,,,,0,,,NO_PROFILE_EVIDENCE,no normalized profile or participation domain for alias name,NO_PROFILE_DATA,False
A03128,ville de noirmoutier,44;49;72;85,218501633,LOW_SUPPORT_REVIEW_ONLY,1,marches-securises.fr,,marches-securises.fr,GENERIC_PLATFORM,1,2019-03-28,2019-03-28,NEUTRAL_SHARED_PLATFORM,only generic or shared institutional domains observed,HAS_PROFILE_DATA,False
A03129,ville de noirmoutier,44;49;85,218501633,LOW_SUPPORT_REVIEW_ONLY,1,marches-securises.fr,,marches-securises.fr,GENERIC_PLATFORM,1,2019-03-28,2019-03-28,NEUTRAL_SHARED_PLATFORM,only generic or shared institutional domains observed,HAS_PROFILE_DATA,False
A03130,ville de noirmoutier,85,218501633,LOW_SUPPORT_REVIEW_ONLY,1,marches-securises.fr,,marches-securises.fr,GENERIC_PLATFORM,1,2019-03-28,2019-03-28,NEUTRAL_SHARED_PLATFORM,only generic or shared institutional domains observed,HAS_PROFILE_DATA,False
A03131,ville de parthenay,16;17;79;85;86,217902022,LOW_SUPPORT_REVIEW_ONLY,1,achatpublic.com,,achatpublic.com,GENERIC_PLATFORM,1,2020-10-09,2020-10-09,NEUTRAL_SHARED_PLATFORM,only generic or shared institutional domains observed,HAS_PROFILE_DATA,False
A03132,ville de perigny,16;17;44;89,211702741,LOW_SUPPORT_REVIEW_ONLY,1,marches-securises.fr,marches-securises.fr,marches-securises.fr,GENERIC_PLATFORM,3,2016-08-23,2017-05-14,NEUTRAL_SHARED_PLATFORM,only generic or shared institutional domains observed,HAS_PROFILE_DATA,False
A03133,ville de poitiers 86,16;17;33;37;79;85;86,218601946,LOW_SUPPORT_REVIEW_ONLY,1,,,,,0,,,NO_PROFILE_EVIDENCE,no normalized profile or participation domain for alias name,NO_PROFILE_DATA,False
A03134,ville de pornichet,44,214401325,LOW_SUPPORT_REVIEW_ONLY,1,mairie-pornichet.marcoweb.fr;marchespublics.agglo-carene.fr;ville-pornichet.e-marchespublics.com;ville-pornichet.marchespublics.com,marchespublics.agglo-carene.fr;ville-pornichet.e-marchespublics.com,mairie-pornichet.marcoweb.fr;marchespublics.agglo-carene.fr;ville-pornichet.e-marchespublics.com;ville-pornichet.marchespublics.com,GENERIC_PLATFORM;SHARED_INSTITUTIONAL,8,2016-08-01,2020-08-14,NEUTRAL_SHARED_PLATFORM,only generic or shared institutional domains observed,HAS_PROFILE_DATA,False
A03135,ville de quiberon,22;29;35;44;49;56;85,215601865,LOW_SUPPORT_REVIEW_ONLY,1,,,,,0,,,NO_PROFILE_EVIDENCE,no normalized profile or participation domain for alias name,NO_PROFILE_DATA,False
A03136,ville de quimper,29;35;44,212902324,LOW_SUPPORT_REVIEW_ONLY,1,e-megalisbretagne.org;marches.megalis.bretagne.bzh;marches.megalisbretagne.org;megalisbretagne.org;megalisbretahne.org;quimper.bzh,marches.megalis.bretagne.bzh;marches.megalisbretagne.org,e-megalisbretagne.org;marches.megalis.bretagne.bzh;marches.megalisbretagne.org;megalisbretagne.org;megalisbretahne.org;quimper.bzh,GENERIC_PLATFORM;SHARED_INSTITUTIONAL,12,2015-08-21,2020-12-04,NEUTRAL_SHARED_PLATFORM,only generic or shared institutional domains observed,HAS_PROFILE_DATA,False
A03137,ville de saint berthevin,35;44;53;72,215302019,LOW_SUPPORT_REVIEW_ONLY,1,achatpublic.com,,achatpublic.com,GENERIC_PLATFORM,1,2019-07-25,2019-07-25,NEUTRAL_SHARED_PLATFORM,only generic or shared institutional domains observed,HAS_PROFILE_DATA,False
A03138,ville de saint berthevin,44;49;53;72,215302019,LOW_SUPPORT_REVIEW_ONLY,1,achatpublic.com,,achatpublic.com,GENERIC_PLATFORM,1,2019-07-25,2019-07-25,NEUTRAL_SHARED_PLATFORM,only generic or shared institutional domains observed,HAS_PROFILE_DATA,False
A03139,ville de saint hilaire de riez,44;49;53;72;75;85,218502268,LOW_SUPPORT_REVIEW_ONLY,1,marches-securises.fr,,marches-securises.fr,GENERIC_PLATFORM,1,2019-12-20,2019-12-20,NEUTRAL_SHARED_PLATFORM,only generic or shared institutional domains observed,HAS_PROFILE_DATA,False
A03140,ville de saint sebastien sur loire,35;44;85,214401903,LOW_SUPPORT_REVIEW_ONLY,1,saintsebastien.e-marchespublics.com,,saintsebastien.e-marchespublics.com,GENERIC_PLATFORM,1,2020-01-11,2020-01-11,NEUTRAL_SHARED_PLATFORM,only generic or shared institutional domains observed,HAS_PROFILE_DATA,False
A03141,ville de saint-avertin,36;37;41;49;72;79;86,213702087,LOW_SUPPORT_REVIEW_ONLY,1,saintavertin.achatpublic.com,,saintavertin.achatpublic.com,GENERIC_PLATFORM,1,2020-10-09,2020-10-09,NEUTRAL_SHARED_PLATFORM,only generic or shared institutional domains observed,HAS_PROFILE_DATA,False
A03142,ville de saint-barthelemy-d anjou 49,49,214902678,LOW_SUPPORT_REVIEW_ONLY,1,,,,,0,,,NO_PROFILE_EVIDENCE,no normalized profile or participation domain for alias name,NO_PROFILE_DATA,False
A03143,ville de saint-berthevin,44;49;53;61;72;85,215302019,LOW_SUPPORT_REVIEW_ONLY,1,,,,,0,,,NO_PROFILE_EVIDENCE,no normalized profile or participation domain for alias name,NO_PROFILE_DATA,False
A03144,ville de saint-berthevin,44;49;53;72,215302019,LOW_SUPPORT_REVIEW_ONLY,1,,,,,0,,,NO_PROFILE_EVIDENCE,no normalized profile or participation domain for alias name,NO_PROFILE_DATA,False
A03145,ville de saint-berthevin,44;49;53;72;85,215302019,LOW_SUPPORT_REVIEW_ONLY,1,,,,,0,,,NO_PROFILE_EVIDENCE,no normalized profile or participation domain for alias name,NO_PROFILE_DATA,False
A03146,ville de saint-sebastien-sur-loire,35;44;49;85,214401903,LOW_SUPPORT_REVIEW_ONLY,1,,,,,0,,,NO_PROFILE_EVIDENCE,no normalized profile or participation domain for alias name,NO_PROFILE_DATA,False
A03147,ville de saumur,49,214903288,LOW_SUPPORT_REVIEW_ONLY,1,marches-securises.fr;synapse-entreprises.com;synapse-entreprises.fr;synapse-ouest.com;ville-saumur.fr,synapse-ouest.com,marches-securises.fr;synapse-entreprises.com;synapse-entreprises.fr;synapse-ouest.com;ville-saumur.fr,BUYER_SPECIFIC;GENERIC_PLATFORM;SHARED_INSTITUTIONAL,8,2015-07-22,2020-12-13,STRONG_SUPPORT,alias has buyer-specific or highly concentrated profile-domain evidence,HAS_PROFILE_DATA,False
A03148,ville de suresnes,75;76;77;85;91;92;93;94;95,219200730,LOW_SUPPORT_REVIEW_ONLY,1,ville-suresnes.fr,,ville-suresnes.fr,AMBIGUOUS,1,2018-08-23,2018-08-23,AMBIGUOUS,domain specificity is mixed or ambiguous,HAS_PROFILE_DATA,True
A03149,ville de thouars,16;17;44;75;79;85;86,200084267,LOW_SUPPORT_REVIEW_ONLY,1,marches-securises.fr,,marches-securises.fr,GENERIC_PLATFORM,1,2019-10-11,2019-10-11,NEUTRAL_SHARED_PLATFORM,only generic or shared institutional domains observed,HAS_PROFILE_DATA,False
A03150,ville de tiffauges,85,218502938,LOW_SUPPORT_REVIEW_ONLY,1,,,,,0,,,NO_PROFILE_EVIDENCE,no normalized profile or participation domain for alias name,NO_PROFILE_DATA,False
A03151,ville des herbiers 85,85,218501096,LOW_SUPPORT_REVIEW_ONLY,1,,,,,0,,,NO_PROFILE_EVIDENCE,no normalized profile or participation domain for alias name,NO_PROFILE_DATA,False
A03152,ville saintes,16;17;33;79;85,211704150,LOW_SUPPORT_REVIEW_ONLY,1,,,,,0,,,NO_PROFILE_EVIDENCE,no normalized profile or participation domain for alias name,NO_PROFILE_DATA,False
A03153,ville-ccas de cesson-sevigne,22;29;35;53;56,213500515,LOW_SUPPORT_REVIEW_ONLY,1,,,,,0,,,NO_PROFILE_EVIDENCE,no normalized profile or participation domain for alias name,NO_PROFILE_DATA,False
A03154,vnf-dtbs-service territorial loire,44,130017791,LOW_SUPPORT_REVIEW_ONLY,1,,,,,0,,,NO_PROFILE_EVIDENCE,no normalized profile or participation domain for alias name,NO_PROFILE_DATA,False
A03155,voies navigables de france,44,130017791,LOW_SUPPORT_REVIEW_ONLY,1,marches-publics.gouv.fr;marches-publicsgouv.fr,,marches-publics.gouv.fr;marches-publicsgouv.fr,BUYER_SPECIFIC;GENERIC_PLATFORM,4,2018-08-08,2020-12-14,STRONG_SUPPORT,alias has buyer-specific or highly concentrated profile-domain evidence,HAS_PROFILE_DATA,False
A03156,voies navigables de france,44;49,130017791,LOW_SUPPORT_REVIEW_ONLY,1,marches-publics.gouv.fr;marches-publicsgouv.fr,,marches-publics.gouv.fr;marches-publicsgouv.fr,BUYER_SPECIFIC;GENERIC_PLATFORM,4,2018-08-08,2020-12-14,STRONG_SUPPORT,alias has buyer-specific or highly concentrated profile-domain evidence,HAS_PROFILE_DATA,False
A03157,voir rc,44,005580113,LOW_SUPPORT_REVIEW_ONLY,1,,,,,0,,,NO_PROFILE_EVIDENCE,no normalized profile or participation domain for alias name,NO_PROFILE_DATA,False
A03158,voirie,29;44,212902324,LOW_SUPPORT_REVIEW_ONLY,1,,,,,0,,,NO_PROFILE_EVIDENCE,no normalized profile or participation domain for alias name,NO_PROFILE_DATA,False
