source_notice_id,candidate_notice_id,candidate_rank,m0_composite_score,in_balanced_linked_set,posterior_M
15-100455,19-156899,1,0.5912505643053088,True,0.999999999999
15-100455,19-189603,2,0.3555787993580194,False,0.0040766743208934175
15-100455,19-189628,3,0.3401793782149451,False,0.0005752127798002993
15-100455,20-21049,4,0.304666646566897,False,0.0005202408483296415
15-100455,19-191665,5,0.3005299416489048,False,0.004222512167936927
15-100455,20-26585,6,0.2926831848806275,False,0.0053270049661626705
15-100455,19-158679,7,0.2654503500924354,False,0.0005001034489440976
15-100455,20-11000,8,0.2624744694758111,False,0.0035751882225236726
15-100455,20-25276,9,0.2572988980868034,False,0.0034566712782255885
15-100455,19-151382,10,0.2568508269768009,False,0.0035689912135564547
15-100455,20-12070,11,0.2568301151382799,False,0.004770760944498773
15-100455,20-37940,12,0.2334008337647921,False,0.0036773805865755087
15-100455,20-26328,13,0.2283763157631682,False,0.003354155411898779
15-100455,20-32203,14,0.2063544469603,False,0.0035990822932340056
15-100455,20-34392,15,0.1977597748617616,False,0.0038689826501922277
15-100455,19-123920,16,0.1863639765995146,False,0.0004818037622091614
15-100455,19-119269,17,0.1621820066601463,False,0.003669685367596014
15-100455,20-66643,18,0.1399610578497234,False,0.003971292175290774
15-100455,20-54283,19,0.1389008173497161,False,0.00397515572358345
15-100455,20-49949,20,0.1328805465166622,False,0.0035609604080685192
15-100455,19-105083,21,0.0949015505256479,False,0.004216199891239448
15-100455,19-92498,22,0.070672939224365,False,0.004351667382290266
15-101366,19-160471,1,0.2707467671061223,False,0.003442075209544946
15-101366,19-120297,2,0.2617754501549766,False,0.003143262980460844
15-101366,19-177021,3,0.2233225952245341,False,0.003528861875733847
15-102348,18-101350,1,0.2199062662406082,False,0.00437751870084286
15-102348,19-43671,2,0.1778587395601194,False,0.00409231993081107
15-102348,19-59879,3,0.141508558867714,False,0.0042350555160082124
15-102348,18-77300,4,0.1035028229272697,False,0.004423321916682239
15-104125,19-112016,1,0.312246959541571,False,0.0031772026883169586
15-104125,19-109269,2,0.2949866467581168,False,0.0031504939298354876
15-104125,19-54406,3,0.2628846343472731,False,0.0005495327701585441
15-104125,19-58204,4,0.2104820073158841,False,0.003170014394988706
15-104125,19-182466,5,0.1406271865016149,False,0.000536234980222314
15-104125,19-6267,6,0.0912870374189543,False,0.0037172598819949615
15-105085,19-106429,1,0.3861762499732171,True,0.0006676421355736824
15-106427,19-14536,1,0.0902947992388928,False,0.0049082898217325125
15-107245,19-177021,1,0.302964194141614,False,0.0010856259796421873
15-107245,20-85738,2,0.1557037698974848,False,0.003539941866138468
15-107245,19-160471,3,0.1382651971997109,False,0.0032985686893884066
15-111004,18-27476,1,0.3006346489470116,False,0.999999999999
15-111004,18-46346,2,0.2738785894808582,False,0.999999999999
15-111004,17-124586,3,0.1865714951865254,False,0.999999999999
15-111004,17-102187,4,0.1575294874221634,False,0.999999999999
15-111004,18-74252,5,0.1538718577475983,False,0.999999999999
15-111481,19-59985,1,0.5656383925709163,True,0.999999999999
15-111481,19-103545,2,0.3147184588655121,False,0.0032019879357264524
15-111481,19-165120,3,0.1856096878580905,False,0.0032112123780144177
15-112635,18-26654,1,0.1523336595507967,False,0.999999999999
15-112713,17-108459,1,0.3375807033547067,True,0.0005663911080168943
15-112713,17-37863,2,0.3243938123113647,False,0.003636955467326204
15-112713,17-33827,3,0.3213675193519685,False,0.004275358665690808
15-112713,17-37945,4,0.3146521305827365,False,0.002921683941365572
15-112713,17-39483,5,0.3034019562685877,False,0.0020555847451209724
15-112713,17-67752,6,0.2274351101169429,False,0.00333209853761624
15-112713,17-146735,7,0.1936697918006941,False,0.0042262810280847465
15-112713,17-170649,8,0.1683651236544441,False,0.0004863280787396806
15-113716,16-67782,1,0.3464433575534219,True,0.0005246438898298503
15-113716,16-131471,2,0.1716360052562417,False,0.002083911898506299
15-114783,20-4011,1,0.3011375463926913,False,0.0008311013934780107
15-114783,20-6485,2,0.2406055586266303,False,0.00094007078009703
15-114783,19-103125,3,0.2290122645641699,False,0.002891458233921996
15-115319,18-28408,1,0.3292158876287769,True,0.000714381780269372
15-115319,18-31687,2,0.2899913994143273,False,0.00406006349358107
15-115319,18-12119,3,0.2867814544032925,False,0.003486339370337124
15-115319,18-46804,4,0.252573839365152,False,0.0038236559477743143
15-115319,18-265,5,0.2460945444289568,False,0.004627178502062453
15-115319,18-87166,6,0.1412873104919003,False,0.00447150876269247
15-115319,18-101994,7,0.1379378474449337,False,0.0006281821345306628
15-115319,17-142035,8,0.1346840099039137,False,0.004009782790962301
15-115319,17-140948,9,0.1340912813940477,False,0.0035690244474781245
15-115319,17-140377,10,0.122472623740692,False,0.014329716197423988
15-115319,18-105237,11,0.0980373362460256,False,0.0044563076186185015
15-115319,17-120212,12,0.0727277242033594,False,0.004201065625365972
15-115319,17-118765,13,0.0622448532632501,False,0.017343209545982965
15-115988,18-25585,1,0.3422175988129948,True,0.3255338917471011
15-115988,18-101099,2,0.3047595731793785,False,0.004878829308088072
15-115988,18-60154,3,0.2793571264361871,False,0.0006587223470400612
15-115988,18-91090,4,0.2737847368477915,False,0.004461561286939068
15-115988,18-40625,5,0.2055241948312831,False,0.0007212043241021283
15-115988,18-117389,6,0.1493789343139485,False,0.003628922350456472
15-115988,18-30024,7,0.1246998710709804,False,0.0033712853327810834
15-115988,19-8916,8,0.0861038507117881,False,0.003647237584736355
15-115988,19-11075,9,0.0718646818176162,False,0.004205237291820857
15-115991,20-8882,1,0.6618801364484657,True,0.999999999999
15-118979,19-130357,1,0.5292948828999324,True,0.026663473903504514
15-118979,19-71137,2,0.5274729550488548,False,0.999999999999
15-118979,19-145053,3,0.3888851105405898,False,0.0022674750693451825
15-118979,19-99281,4,0.3262623259263763,False,0.004411607305648801
15-118979,19-174809,5,0.3102804679274355,False,0.002309380668781732
15-118979,19-159320,6,0.3025682272755784,False,0.0007438996762257148
15-118979,19-90783,7,0.2851749546127741,False,0.0004827575256627393
15-118979,19-15392,8,0.1408496482024443,False,0.0008679774530517439
15-118979,20-13755,9,0.1223005346747859,False,0.001353045359995347
15-118979,19-19933,10,0.0771915666355987,False,0.004181896382983845
15-121163,16-3447,1,0.3120932694737275,False,0.0005414505121475118
15-126308,16-10649,1,0.4413240625187826,True,0.023279185833480195
15-129133,16-97484,1,0.2878891096664839,False,0.00046253423558322926
15-129133,15-169941,2,0.1152114827641485,False,0.0007843456777065497
15-132610,15-164088,1,0.2444908258686772,False,0.0007557384910536052
15-132610,15-142860,2,0.1463492690694432,False,0.0005216343652901195
15-132610,15-140619,3,0.1454223917697519,False,0.0005373453935942455
15-136102,18-158087,1,0.7585660963415759,True,0.999999999999
15-136102,18-108773,2,0.3497653905767232,False,0.0006583799572915445
15-136102,18-96257,3,0.295044437119594,False,0.00466006512153141
15-136371,20-52846,1,0.3121263210019182,False,0.000646908699298471
15-137458,18-158087,1,0.6461429812407118,True,0.999999999999
15-137458,18-108773,2,0.3402169405346236,False,0.0006068574629025228
15-137458,18-96257,3,0.2852096041806362,False,0.004274173062561579
15-139094,19-141668,1,0.4286355597058081,True,0.015948762987310763
15-139094,20-72017,2,0.3506580673087069,False,0.04388158205431495
15-139094,19-108347,3,0.110576067266307,False,0.004311797150240308
15-139179,16-68672,1,0.3580407071965413,True,0.0012069780102534193
15-139179,15-184750,2,0.3173280876280358,False,0.0011979369691500652
15-139179,15-153858,3,0.2004426156029322,False,0.0007688647781296547
15-139179,16-92101,4,0.2003645053326163,False,0.0005715959975518641
15-139462,19-146419,1,0.2977233107549011,False,0.999999999999
15-140619,19-104228,1,0.2557631350426623,False,0.0036249245979474275
15-140619,19-185562,2,0.2544036344477799,False,0.004727285102619733
15-140966,16-101519,1,0.4233088687279372,True,0.002536122638987794
15-141361,19-177480,1,0.3931417074864605,True,0.999999999999
15-141361,20-32737,2,0.3894678055190539,False,0.999999999999
15-141361,20-5957,3,0.3661977193436176,False,0.999999999999
15-141361,20-8845,4,0.3144247426519442,False,0.999999999999
15-141361,19-143955,5,0.3115028063859649,False,0.999999999999
15-141361,20-65753,6,0.2318328257486745,False,0.999999999999
15-141361,19-147943,7,0.2245559380524206,False,0.999999999999
15-141361,19-128681,8,0.1677172894168331,False,0.999999999999
15-141361,19-137030,9,0.1355743941670811,False,0.999999999999
15-142165,15-169682,1,0.2345740432792646,False,0.0008029664657731026
15-142860,15-164088,1,0.1825764761626856,False,0.0005210918058899212
15-144405,19-157248,1,0.3393222014619223,True,0.0009134834140501373
15-144617,19-120297,1,0.0888866453506819,False,0.0036311888424881787
15-145608,18-127661,1,0.2980737753544212,False,0.004121582964501319
15-145608,18-148384,2,0.2729277725181922,False,0.003864212182630628
15-145608,18-72093,3,0.1607093377650106,False,0.00333720469844011
15-145893,20-75569,1,0.2276522712808016,False,0.0010644932940069053
15-146024,19-6267,1,0.2901408499997656,False,0.003742106230707833
15-146024,19-54406,2,0.2135716955271814,False,0.0006503268351005409
15-146024,18-142560,3,0.2001171735997492,False,0.0037016586751792615
15-146024,19-58204,4,0.185687548502831,False,0.0033382066844502606
15-146024,18-130463,5,0.17754391478337,False,0.003296849479190368
15-146824,16-9312,1,0.3549732632095645,True,0.0004907097973770762
15-147732,16-78789,1,0.3916994047280253,True,0.0022610133163610707
15-147732,16-7903,2,0.3033232543279573,False,0.0006191716451129767
15-147732,16-8523,3,0.2703059410255223,False,0.0004663218685721903
15-153604,16-79410,1,0.2807525725734592,False,0.0004624923980249569
15-153858,16-151274,1,0.2553302612960277,False,0.00320331156633584
15-153858,16-92101,2,0.2292400350416119,False,0.01372073351520314
15-153858,16-68672,3,0.2228208410366929,False,0.0004673518194232251
15-153858,17-19962,4,0.1407883166095144,False,0.005575000711926807
15-154566,20-4011,1,0.4352998797475963,True,0.0014413425281655829
15-154566,20-6485,2,0.3873529161394238,False,0.0007095574136604138
15-154566,20-64610,3,0.2690095315379694,False,0.0007551492492749993
15-155719,18-158087,1,0.7961032036377926,True,0.999999999999
15-155719,18-108773,2,0.3276586764290276,False,0.0009666631703350243
15-155719,18-96257,3,0.2425881207369669,False,0.004531517502146923
15-159244,19-151382,1,0.6710701497771914,True,0.999999999999
15-159244,20-11000,2,0.5167696592141751,False,0.999999999999
15-159244,19-92498,3,0.4746907050476862,False,0.999999999999
15-159244,19-105083,4,0.4717726752612501,False,0.999999999999
15-159244,19-67059,5,0.4108400244661466,False,0.999999999999
15-159244,19-158679,6,0.3599132181258346,False,0.0004809359025607397
15-159244,19-156899,7,0.341031271247233,False,0.0035435864472385856
15-159244,19-189603,8,0.31935791197211,False,0.006693663176741112
15-159244,19-123920,9,0.2957374729786012,False,0.0006248017422892048
15-159244,19-189628,10,0.2680452892725514,False,0.0005014892171027841
15-159244,20-21049,11,0.2371897380627897,False,0.0005733595151497385
15-159244,19-119269,12,0.2360406921385458,False,0.0034915830354999822
15-159244,19-191665,13,0.2269535494049304,False,0.0037629659397686033
15-159244,20-37940,14,0.2248416760261002,False,0.009635407106011034
15-159244,20-26585,15,0.2191426420198857,False,0.005612513230746149
15-159244,20-12070,16,0.1839222463198226,False,0.003916436851147033
15-159244,20-25276,17,0.1782819136040198,False,0.0034506511652546688
15-159244,20-26328,18,0.1581147461459159,False,0.0032737481710748344
15-159244,20-32203,19,0.1280738829446336,False,0.004332459194474555
15-159244,20-34392,20,0.1241414715530182,False,0.0037639406162786287
15-159244,19-69736,21,0.1194137172914777,False,0.00410220942871811
15-159244,19-74485,22,0.0971924460253018,False,0.004306925556299806
15-159244,20-54283,23,0.0657752867085153,False,0.0060260619686847575
15-159973,20-49879,1,0.2118680727005695,False,0.003239932694167099
15-159973,20-59788,2,0.1749101226348665,False,0.0032922960837762244
15-160513,16-61061,1,0.3472967152209935,True,0.00046645339405788834
15-160513,16-35152,2,0.2935286356719043,False,0.0004924505179059341
15-160513,16-26598,3,0.2765301475909996,False,0.0004629380131030594
15-160513,15-189271,4,0.2015717718288235,False,0.0004965556512782638
15-160513,16-123593,5,0.177431912866825,False,0.0005204985843292561
15-160513,16-125010,6,0.174493467638309,False,0.000509441242918763
15-160513,16-127032,7,0.1645747458343545,False,0.0005548902346018044
15-160513,15-176598,8,0.1488140779604569,False,0.0004969264436490147
15-160539,16-57014,1,0.3840318839968244,True,0.0006083931679111232
15-160539,16-54197,2,0.3720617178084065,False,0.0005565508968575218
15-160539,16-37108,3,0.371613338959777,False,0.0009639091226488812
15-160539,16-54370,4,0.3694826155112803,False,0.0005426098142762817
15-160539,16-63342,5,0.3412555161509454,False,0.0004722275084137245
15-160539,16-33632,6,0.3218219696861872,False,0.0005516330216181493
15-160539,16-49246,7,0.3214636507568463,False,0.0005898689366362903
15-160539,16-31513,8,0.3150962144606618,False,0.0005449298181096551
15-160539,16-71885,9,0.3109267775833872,False,0.0005369701154256639
15-160539,16-73215,10,0.3057796758650898,False,0.002025433849242908
15-160539,16-80903,11,0.2944619125878868,False,0.000572154312600025
15-160539,16-33283,12,0.2835444318278137,False,0.0004761055828620838
15-160539,16-103833,13,0.2668086833836899,False,0.0004820407700597554
15-160539,16-102715,14,0.2430014105655333,False,0.0005581634410254827
15-160539,15-192356,15,0.2073575371548491,False,0.0005307239968435098
15-160539,16-128178,16,0.1730950140535776,False,0.0005248118386070879
15-160539,16-128161,17,0.1649427041418001,False,0.0005127635837101047
15-160539,16-137769,18,0.1546963306586346,False,0.0004897810111699072
15-160539,16-155479,19,0.1541727119057591,False,0.0008855044346238167
15-160539,16-135042,20,0.1507712881471107,False,0.0005239918504119868
15-160539,15-178791,21,0.147257292954777,False,0.0004984214943673415
15-160539,15-175210,22,0.1305039064073319,False,0.0005178509834159663
15-160539,16-153330,23,0.0984593458038041,False,0.0006563268305805712
15-160688,20-8882,1,0.2014787324750726,False,0.0031799673163467232
15-162447,16-49246,1,0.4069505237662212,True,0.0008602811463159095
15-162447,16-80903,2,0.380524070033422,False,0.0010623360381347014
15-162447,16-57014,3,0.3644358413176854,False,0.0004896444519026474
15-162447,16-54197,4,0.3549494943880086,False,0.00047276919412309705
15-162447,16-54370,5,0.354718939280018,False,0.00047244753397129906
15-162447,16-63342,6,0.3247074001832723,False,0.0005732150188580903
15-162447,16-31513,7,0.3175791101161695,False,0.0005225946873894578
15-162447,16-71885,8,0.3038707174742859,False,0.0005406553202916421
15-162447,16-37108,9,0.3030535707321289,False,0.0004616127899807927
15-162447,16-73215,10,0.300769281842891,False,0.0006743554594410275
15-162447,16-33283,11,0.2941016390429992,False,0.0004628949465161627
15-162447,16-33632,12,0.287721389509292,False,0.0005114283368812733
15-162447,16-102715,13,0.2575689843371112,False,0.00046952839774988097
15-162447,16-103833,14,0.2410583244556693,False,0.0004733617483861424
15-162447,15-192356,15,0.1907778168250878,False,0.0004736700207581419
15-162447,16-128161,16,0.1712476996199187,False,0.00048276261307048324
15-162447,16-135042,17,0.167328737928101,False,0.0005115496193183726
15-162447,16-128178,18,0.1662374531245288,False,0.0005275793549673553
15-162447,16-137769,19,0.1578669054076275,False,0.0004958031155399677
15-162447,15-178791,20,0.150473402809795,False,0.0005147764060850623
15-162447,15-175210,21,0.1361447640261217,False,0.0005192194323532484
15-162447,15-160539,22,0.105907211442643,False,0.0005760931797494046
15-162906,16-68875,1,0.3649843036561478,True,0.0005751571139025666
15-162906,16-27767,2,0.2899811335351499,False,0.0004757656948400482
15-164088,19-185562,1,0.3344547700336236,True,0.006154605651842267
15-164088,19-104228,2,0.202491565486292,False,0.003965685889465479
15-164187,19-169855,1,0.4741223577358893,True,0.0024633808025931025
15-164187,19-163024,2,0.3945975027525733,False,0.0006942531320935621
15-164187,19-176592,3,0.3606286326407045,False,0.0006796120100420367
15-164187,20-16671,4,0.2331187034603591,False,0.0028866587395558565
15-164187,20-27358,5,0.2316554638025881,False,0.0006687609030118976
15-165050,19-136955,1,0.8454957718359251,True,0.999999999999
15-165050,19-169306,2,0.3571845080588566,False,0.001153985937974014
15-165050,19-169787,3,0.321709256197271,False,0.0008157222403218361
15-165050,19-176963,4,0.277076214475631,False,0.0009948299603859778
15-165050,20-10269,5,0.1960047576585158,False,0.0032249151224290956
15-165050,19-85688,6,0.1707302032275232,False,0.001334988342459334
15-165050,20-31457,7,0.1369079050639782,False,0.005938821222789698
15-167650,16-30715,1,0.261228465057014,False,0.0005195244904483764
15-167650,16-25827,2,0.2505979187709246,False,0.0005156894516564932
15-169809,19-165120,1,0.3114519640864179,False,0.0032050152742852337
15-169809,20-19986,2,0.1979433454117916,False,0.0032132606579449077
15-169809,19-103545,3,0.1790375433134178,False,0.003686089863936731
15-169809,20-27417,4,0.171774339604598,False,0.0035411887917597825
15-169809,20-50446,5,0.1228195122402413,False,0.003381621038714442
15-169941,17-71852,1,0.0800312813547469,False,0.005542588156924004
15-170544,16-18733,1,0.3200382710658783,False,0.0014884141798002933
15-171733,16-85256,1,0.3140650613966856,False,0.00046206381052502874
15-173090,20-31844,1,0.3807227332457293,True,0.009190080492579418
15-173090,20-35694,2,0.3015751186871589,False,0.0004589857164759591
15-173090,20-25372,3,0.2943732286829101,False,0.0031635600364941963
15-173090,20-96600,4,0.1357127278584245,False,0.0010924857426333938
15-174358,20-31844,1,0.3807227332457293,True,0.009190080492579418
15-174358,20-35694,2,0.2933591104462811,False,0.0004829343196384881
15-174358,20-25372,3,0.2862242168884368,False,0.0034210473467567886
15-174358,20-96600,4,0.127292419235856,False,0.0011918571565086421
15-174987,19-136955,1,0.8097214671190311,True,0.999999999999
15-174987,19-169306,2,0.3571602871873393,False,0.0011620846236554026
15-174987,19-169787,3,0.3326355390489249,False,0.000832232248130953
15-174987,19-176963,4,0.304410165166787,False,0.0009983446639878462
15-174987,20-10269,5,0.2230117419823646,False,0.00320812998406379
15-174987,20-31457,6,0.1642634264822637,False,0.005890535214451593
15-174987,19-127477,7,0.1529345838242449,False,0.00074643336144784
15-174987,19-85688,8,0.1433379316295714,False,0.0014060688491386417
15-175210,20-32203,1,0.3727430847447172,True,0.000776542972865988
15-175210,20-26585,2,0.3700822449708392,False,0.0006631114148981651
15-175210,20-34392,3,0.3642615768173812,False,0.0008168176554412764
15-175210,20-26328,4,0.360365381998512,False,0.0007246415760591152
15-175210,20-12070,5,0.3246772882740035,False,0.0007180941957972698
15-175210,20-86796,6,0.3245346549436996,False,0.015745936274812414
15-175210,20-21049,7,0.3207193412265859,False,0.00047685020272512615
15-175210,20-37940,8,0.3170366009920997,False,0.0031922787463852594
15-175210,20-25276,9,0.3109885333061505,False,0.0031803811841399684
15-175210,20-54283,10,0.3054026193053356,False,0.0008007237170716709
15-175210,20-66643,11,0.2831027735464357,False,0.0006518668840353267
15-175210,19-191665,12,0.2782169796630863,False,0.0008714141470298391
15-175210,20-11000,13,0.2665322667094618,False,0.0032866576991408664
15-175210,19-189628,14,0.2430552940611656,False,0.0005274777192137537
15-175210,20-49949,15,0.2391521282849028,False,0.0034524199885704954
15-175210,19-189603,16,0.2241032254908457,False,0.00318818404859733
15-175210,20-78012,17,0.1730231266336181,False,0.0034459257809679794
15-175210,20-98264,18,0.1629022620641178,False,0.0008666098531736993
15-175210,20-98214,19,0.1629022620641178,False,0.0008666098531736993
15-175210,19-158679,20,0.1601910909093251,False,0.0005089195781096867
15-175210,20-91517,21,0.1343936698101828,False,0.003366630662630461
15-175210,19-156899,22,0.1327023474931059,False,0.003380079983837521
15-175210,19-151382,23,0.1324927349492733,False,0.003361257906126655
15-175210,20-106651,24,0.1033011406460484,False,0.0006222528817865474
15-175415,16-73319,1,0.5180802523099626,True,0.006817091283369524
15-175415,16-107267,2,0.3996977913694003,False,0.002755898159717754
15-175415,16-95598,3,0.3575636359254099,False,0.0008150121299937755
15-175415,16-79523,4,0.3242728311818163,False,0.00047355234089887203
15-175415,16-153795,5,0.2175959988584026,False,0.0011274313327038542
15-175690,20-6485,1,0.3485132057132735,True,0.0007723142373191301
15-175690,20-4011,2,0.2965660657844263,False,0.0007722213867228176
15-175690,20-64610,3,0.2778952074660135,False,0.0008977634595422122
15-176598,16-35152,1,0.4967517224855837,True,0.08850944227568779
15-176598,16-61061,2,0.326053313013612,False,0.0004603071476323976
15-176598,16-127032,3,0.2784811964898198,False,0.0007698847358846191
15-176598,16-26598,4,0.2347513486453248,False,0.00046387329825066
15-176598,16-125010,5,0.2192167445491593,False,0.0005024797033111741
15-176598,16-123593,6,0.2164416582887821,False,0.0007891432362092607
15-176598,15-189271,7,0.1682015825486847,False,0.0005708574695571127
15-178206,16-55859,1,0.3418227625154605,True,0.0005417399932052749
15-178206,16-82345,2,0.3352783002077682,False,0.0004838632555692176
15-178562,20-8882,1,0.6428772888224363,True,0.999999999999
15-178728,19-177021,1,0.20670142129689,False,0.0006729722865312442
15-178728,20-85738,2,0.1953675393627272,False,0.003614356968753017
15-178728,19-160471,3,0.0890465630311184,False,0.003793594039344332
15-178791,19-191665,1,0.6293790344280494,True,0.999999999999
15-178791,19-119269,2,0.6113635875928471,False,0.999999999999
15-178791,20-12070,3,0.5340771767320986,False,0.999999999999
15-178791,20-26585,4,0.5111688214664944,False,0.999999999999
15-178791,20-34392,5,0.4710983288531519,False,0.999999999999
15-178791,20-54283,6,0.4122393713411064,False,0.999999999999
15-178791,19-189603,7,0.3964444492465385,False,0.010201798867629175
15-178791,20-66643,8,0.38999067208172,False,0.999999999999
15-178791,19-189628,9,0.3173607276307099,False,0.0005471768637525525
15-178791,20-32203,10,0.3002948068757952,False,0.0027694200838215906
15-178791,19-158679,11,0.2819150127281262,False,0.0008323489271227974
15-178791,20-26328,12,0.2698953853436863,False,0.0006597046282226258
15-178791,19-156899,13,0.2664149841760498,False,0.0031574380593025583
15-178791,20-37940,14,0.2570022409718422,False,0.006728292328777323
15-178791,20-21049,15,0.2511902405503645,False,0.00047569621545003017
15-178791,19-151382,16,0.2488258920258565,False,0.003283951789841129
15-178791,20-11000,17,0.241281848715851,False,0.0033959309946691428
15-178791,20-25276,18,0.2161602598847507,False,0.003167682212752189
15-178791,19-123920,19,0.1971245686977223,False,0.00048175322609390864
15-178791,19-105083,20,0.1173947266339014,False,0.004287632238024287
15-178791,20-49949,21,0.1058764798138865,False,0.0041391551754080625
15-178791,19-92498,22,0.0959604906425463,False,0.0037278972090077937
15-179747,19-165120,1,0.2863815047834729,False,0.003169961427370314
15-179747,20-19986,2,0.2221862604606282,False,0.003198406194502857
15-179747,20-27417,3,0.1962170691491365,False,0.003526572978506794
15-179747,19-103545,4,0.1532150189456631,False,0.003722728027783909
15-179747,20-50446,5,0.146823590876244,False,0.0032898722547288037
15-179747,20-62727,6,0.1036415045538738,False,0.0035668922214115665
15-182813,20-12202,1,0.3162901053874531,False,0.016795174416355526
15-182813,20-70855,2,0.2743031438921378,False,0.003863805179658126
15-182813,19-174098,3,0.1869527526843021,False,0.008837742803529692
15-182813,20-125567,4,0.1745314247765958,False,0.007077534689109025
15-182813,19-184490,5,0.1208796870955783,False,0.003686570182601207
15-182813,20-116086,6,0.1182411197240468,False,0.004070705807867392
15-182957,19-165120,1,0.2763218675439603,False,0.00317208385550624
15-182957,20-19986,2,0.2313299687549488,False,0.0032008560442352355
15-182957,20-27417,3,0.2055819328431518,False,0.0035374978598243026
15-182957,20-50446,4,0.1557029541731892,False,0.003261917126902883
15-182957,19-103545,5,0.1458630662507666,False,0.0038401175937928887
15-182957,20-62727,6,0.112411763816185,False,0.003471903517622801
15-182957,20-70773,7,0.1121567399835199,False,0.0066592246187697525
15-182957,20-68923,8,0.0732979348004223,False,0.004256534051894949
15-184251,20-47300,1,0.341451587659654,True,0.999999999999
15-184743,16-80474,1,0.3926782025954226,True,0.0006383817690562536
15-184750,16-68672,1,0.3486139643256984,True,0.0005493648097675258
15-184750,16-92101,2,0.3390548569503505,False,0.0004632860513148011
15-184750,16-151274,3,0.2106708180837477,False,0.000597429920657376
15-187883,19-70735,1,0.376191445705198,True,0.999999999999
15-187883,19-18263,2,0.3139648824972202,False,0.999999999999
15-187883,19-146419,3,0.2449183691812944,False,0.999999999999
15-187883,18-152399,4,0.1329485667798787,False,0.999999999999
15-189271,20-16042,1,0.4096501172206848,True,0.0023468889113521323
15-189271,20-25157,2,0.3850114838435495,False,0.0023514107156601305
15-189271,19-130357,3,0.3795584271627613,False,0.009141407656937805
15-189271,20-13755,4,0.3756128201693506,False,0.0031193985558128348
15-189271,20-15455,5,0.3715063812731614,False,0.0031192850853232995
15-189271,19-174809,6,0.3639978767621458,False,0.0006828086481399098
15-189271,19-159320,7,0.3245156788018432,False,0.0007014285797249703
15-189271,19-145053,8,0.2865140024998402,False,0.0006899996083695154
15-189271,19-99281,9,0.1255838172454014,False,0.004638697904737969
15-190662,17-3197,1,0.2173559605784639,False,0.000507978986839957
15-190662,17-18523,2,0.1827095657747966,False,0.00047602131720597435
15-190662,16-74267,3,0.1616503609729329,False,0.0006619018313191794
15-190662,17-32213,4,0.1576136740029723,False,0.0005029838033043476
15-192276,20-59788,1,0.3121193692638421,False,0.0034576646463524117
15-192276,20-49879,2,0.2751614191981391,False,0.0034508805433945875
15-192276,20-91479,3,0.2618419167863891,False,0.00314520797194228
15-192356,20-32203,1,0.7644784430602949,True,0.999999999999
15-192356,19-191665,2,0.4300617024837896,False,0.002906874786644426
15-192356,20-26585,3,0.4241257612258822,False,0.003649501006819295
15-192356,20-12070,4,0.3896240256021181,False,0.002485035077006727
15-192356,19-189603,5,0.3776537955006781,False,0.005148161991303716
15-192356,19-189628,6,0.3425813843043397,False,0.0005093537396671836
15-192356,20-34392,7,0.3272694623528952,False,0.0025885256128426906
15-192356,20-21049,8,0.3206792214775542,False,0.0005529347705646534
15-192356,19-119269,9,0.3145608066220734,False,0.0040746009260280176
15-192356,20-26328,10,0.3087683463501686,False,0.0006470889392255482
15-192356,20-66643,11,0.2825301954495068,False,0.0030087916849106007
15-192356,20-25276,12,0.2791706079014894,False,0.00387415782347628
15-192356,20-11000,13,0.2752566140359653,False,0.003329780755490662
15-192356,20-54283,14,0.2684105048408496,False,0.002650030675562278
15-192356,19-156899,15,0.2646558426874742,False,0.0037418673557835843
15-192356,19-151382,16,0.2543291537437397,False,0.0038272709656222074
15-192356,19-158679,17,0.2505871315821221,False,0.0006402878491571805
15-192356,20-37940,18,0.2418371880680367,False,0.0036283924591105866
15-192356,19-123920,19,0.1923963641819835,False,0.0005372466451087368
15-192356,20-49949,20,0.145201327158419,False,0.0033853113011705353
15-192356,19-105083,21,0.0852513131108323,False,0.004323170025768477
15-192356,20-78012,22,0.0778482717736726,False,0.0038669604023841126
15-194034,20-8874,1,0.2893299640802859,False,0.003263552991215649
15-32051,15-56571,1,0.4515349349259781,True,0.8022982674120037
15-32051,15-39187,2,0.4455828312088862,False,0.9998623466707065
15-32168,19-147943,1,0.6979149898146194,True,0.999999999999
15-32168,19-128681,2,0.4021690133076551,False,0.999999999999
15-32168,19-137030,3,0.3455392183044449,False,0.999999999999
15-32168,19-143955,4,0.3269334574221081,False,0.999999999999
15-32168,19-108948,5,0.2861742254057237,False,0.999999999999
15-32168,19-177480,6,0.2377068104476496,False,0.999999999999
15-32168,20-5957,7,0.2338796219195073,False,0.999999999999
15-32168,20-8845,8,0.2095729991524642,False,0.999999999999
15-33241,18-94803,1,0.2895823198113408,False,0.0006491696379240079
15-33241,18-121819,2,0.2887459688290236,False,0.004024175487265191
15-33241,18-120601,3,0.2860083428982308,False,0.004019220122426345
15-33241,18-159101,4,0.2425942699353067,False,0.003219786975192813
15-33241,18-76556,5,0.1917983725683686,False,0.003215694913648947
15-33752,19-174098,1,0.3255052314320441,True,0.0006484567057786487
15-33752,19-184490,2,0.287462952549004,False,0.0007016855863402502
15-33752,19-129278,3,0.265329292163627,False,0.0031413592625151535
15-33752,20-12202,4,0.2274350670847411,False,0.0007121927254723527
15-33752,19-79409,5,0.1370283951186633,False,0.0033013479760918177
15-33752,19-75460,6,0.1115221200175207,False,0.014478813619861019
15-33752,19-56150,7,0.0622448532632501,False,0.017343209545982965
15-39187,15-56571,1,0.4272242005997737,True,0.649953552423019
15-42765,15-167650,1,0.4024763089115339,True,0.0016724571551225541
15-42765,15-114971,2,0.2755420753636382,False,0.00046231090736826533
15-42765,15-82510,3,0.1898277432714906,False,0.0006948460073209028
15-42765,16-25827,4,0.1323062038428573,False,0.000563468381734944
15-42765,16-30715,5,0.1210643625604768,False,0.000580702606193267
15-43149,18-128642,1,0.2466477124508038,False,0.00318902343769302
15-44894,15-126736,1,0.4292069367328556,True,0.002713741551316799
15-45169,19-75795,1,0.560306507968839,True,0.3874891226507292
15-46309,18-152399,1,0.2540860929494425,False,0.999999999999
15-47591,18-32259,1,0.3126237406920718,False,0.0020300884400605034
15-47591,18-27688,2,0.2757283898556833,False,0.003853432062922645
15-48624,16-49315,1,0.3620789062796352,True,0.00048635071295541826
15-49442,15-91934,1,0.3775039380976233,True,0.0005893248759370658
15-49442,16-37530,2,0.1598869652212238,False,0.0005618118361679402
15-50024,19-75795,1,0.3230062070304091,False,0.0053253209198879815
15-50314,19-51014,1,0.3108007063668672,False,0.0036356432144507016
15-50314,19-34512,2,0.2796840964245356,False,0.003502254855414246
15-50732,15-169809,1,0.3124337858084746,False,0.0004642463669698932
15-50732,15-179747,2,0.2870978269453593,False,0.0004634459954692907
15-50732,15-182957,3,0.2767443338414763,False,0.00046288878863729013
15-50732,15-111481,4,0.2621157563379118,False,0.00046477871281689264
15-50732,16-7640,5,0.2214139119979831,False,0.00048460378030189933
15-50732,15-95253,6,0.2067031198401497,False,0.0005238067218433621
15-50732,15-92216,7,0.2047517021948379,False,0.0004772059248459981
15-50732,15-83632,8,0.1872416736209245,False,0.0004807413371600223
15-50732,15-86218,9,0.1835444198820713,False,0.000528117645742314
15-50732,15-78916,10,0.1669450922639185,False,0.0005067520452303859
15-50732,15-64142,11,0.1472372517343678,False,0.000513536569904993
15-50732,15-59370,12,0.1376068541702309,False,0.0005106876496684575
15-51820,17-48667,1,0.309752576249973,False,0.005476830489201343
15-51820,17-66007,2,0.2635783881994997,False,0.0048454769105204685
15-51820,17-20825,3,0.2379678697066334,False,0.004578158867769546
15-51820,17-80512,4,0.2253824589158295,False,0.004755320484450019
15-53947,19-104228,1,0.2527840504421961,False,0.004398584818114087
15-53947,18-182041,2,0.2107379640437952,False,0.0035008097232673693
15-54892,18-128642,1,0.2463113565374963,False,0.003195727754469304
15-55407,19-189603,1,0.3807366726428752,True,0.0058774550503129675
15-55407,19-189628,2,0.3375546671057247,False,0.0005358881193136049
15-55407,19-156899,3,0.3180367796203618,False,0.006161753283913918
15-55407,20-37940,4,0.3084607975172655,False,0.0009358141262043755
15-55407,20-21049,5,0.3051033278350036,False,0.0005432315805023999
15-55407,19-151382,6,0.3024090626237821,False,0.0058789544858978155
15-55407,19-191665,7,0.2971873760076816,False,0.003988828891358062
15-55407,20-26585,8,0.293671040603492,False,0.005727472693515979
15-55407,20-11000,9,0.2777319349299616,False,0.0031871751197533986
15-55407,20-25276,10,0.2719638984049494,False,0.004169067975791707
15-55407,19-158679,11,0.2638096530459627,False,0.0006742834072077193
15-55407,20-12070,12,0.2574438195714632,False,0.003527238616180921
15-55407,20-26328,13,0.235009221057023,False,0.003152958911301787
15-55407,20-32203,14,0.2278413787592536,False,0.0033206395875521513
15-55407,19-123920,15,0.2154445912929653,False,0.0005815969075903557
15-55407,19-119269,16,0.2139991137170756,False,0.00654965260360029
15-55407,20-34392,17,0.1958053891874324,False,0.003566640228244985
15-55407,20-66643,18,0.1714425292773567,False,0.0061690767601005605
15-55407,20-54283,19,0.1369464316753868,False,0.003670873900054958
15-55407,20-49949,20,0.1316028853673749,False,0.00341813463643314
15-55407,19-105083,21,0.1010567305555842,False,0.0038492427951012675
15-55407,19-92498,22,0.0935889086247625,False,0.003714085250907175
15-55830,19-43671,1,0.3321320479865212,True,0.004100880230539753
15-55830,19-59879,2,0.3302059348111174,False,0.0032966362008675872
15-55830,19-80203,3,0.3113409958735648,False,0.004205289638177861
15-55830,19-73678,4,0.3064092206371424,False,0.003344438975099021
15-56649,19-147943,1,0.4099637266138822,True,0.999999999999
15-56649,19-128681,2,0.3615896794847278,False,0.999999999999
15-56649,19-143955,3,0.3417871222076215,False,0.999999999999
15-56649,19-137030,4,0.3264358141047455,False,0.999999999999
15-56649,19-177480,5,0.2692400350416119,False,0.999999999999
15-56649,20-5957,6,0.2660666477539443,False,0.999999999999
15-56649,19-108948,7,0.2458076752569396,False,0.999999999999
15-56649,20-32737,8,0.1971752441202584,False,0.999999999999
15-56649,20-8845,9,0.1971644146127298,False,0.999999999999
15-56776,18-27688,1,0.4927463759964809,True,0.29578526476470646
15-56776,18-32259,2,0.2898972679401716,False,0.000588581828877625
15-58213,16-16005,1,0.2164195119136975,False,0.00047620363929918436
15-58224,20-8882,1,0.159031885335406,False,0.0007246997309499655
15-58339,19-103125,1,0.3248291721419185,True,0.0028441189460573692
15-58339,20-6485,2,0.1657295034101351,False,0.0007203576231433338
15-58339,20-4011,3,0.1523587385019711,False,0.0030843002605146115
15-58971,16-36754,1,0.1778707499385508,False,0.0005635944601329711
15-58989,19-106429,1,0.2613249908118215,False,0.0007077679459395252
15-58989,18-148384,2,0.1067824070792545,False,0.0039532913525709935
15-59370,19-59985,1,0.3177746011949363,False,0.0033317314216717193
15-59370,19-103545,2,0.2239019540936678,False,0.0031599957768463443
15-59370,18-159101,3,0.1053606720849852,False,0.003534600155363946
15-59770,19-88615,1,0.2472767287952764,False,0.003591947521173778
15-59770,19-97500,2,0.229220186056545,False,0.0033111137273512284
15-60447,15-126308,1,0.7767192259736686,True,0.999999999999
15-60447,16-10649,2,0.3338218270564533,False,0.023085052006209767
15-60447,15-63415,3,0.2028314984923678,False,0.0015505103044809528
15-63415,15-126308,1,0.3914770418190353,True,0.0029311895303573833
15-63415,16-10649,2,0.3434720425397693,False,0.0019772957327674626
15-63856,19-88615,1,0.2526911612826371,False,0.00359838465793095
15-63856,19-97500,2,0.2345937225289875,False,0.003313056051096504
15-64142,19-59985,1,0.5023963543716514,True,0.0035225373499051136
15-64142,18-159101,2,0.2547790508968405,False,0.001877193153507587
15-64142,19-103545,3,0.2451859204350585,False,0.003395141147715653
15-64904,19-141668,1,0.3227388600427145,False,0.004230454821172594
15-64904,19-108347,2,0.2413485784023558,False,0.0006789888153953038
15-65742,18-40230,1,0.1759361071954037,False,0.003364246014038725
15-65742,18-177619,2,0.1019404292597459,False,0.014643306907256955
15-69497,19-85688,1,0.4112598828756841,True,0.002111882205608034
15-69497,19-35566,2,0.3648496022103487,False,0.0021042884861392735
15-69497,19-47186,3,0.3062890927897905,False,0.00046119764609236423
15-69497,19-16795,4,0.2353045560949243,False,0.00047192232914357925
15-69497,19-136955,5,0.1983253708416982,False,0.0009438135041768593
15-69497,19-11075,6,0.1929852394063566,False,0.003246205382231086
15-69497,19-8916,7,0.1740347406811511,False,0.0032547749151840017
15-69497,18-117389,8,0.1161582497621433,False,0.00349635720801953
15-70236,19-141668,1,0.3033780192186021,False,0.004087261926133154
15-70236,19-108347,2,0.2871358348303328,False,0.0032938734324150314
15-71156,20-47300,1,0.6720088819485037,True,0.999999999999
15-71764,16-136139,1,0.4048159965992103,True,0.018937696134590565
15-71764,16-175021,2,0.3536677857537216,False,0.0076242661484582745
15-71764,16-124376,3,0.3153743923606419,False,0.007160591563774584
15-71764,16-175178,4,0.2917021108400736,False,0.0005367656464873475
15-71764,16-85619,5,0.2498226283297037,False,0.012980183162210836
15-71764,16-85662,6,0.2339780432404696,False,0.00971759055515561
15-71764,17-34018,7,0.1637649577173841,False,0.0005448645992263099
15-71764,16-61484,8,0.1632287582534303,False,0.009372395646101633
15-71764,16-85552,9,0.129671881929285,False,0.0033976866333717682
15-71764,16-84309,10,0.1174632145973444,False,0.004847265061923277
15-71764,17-44607,11,0.1027095439395068,False,0.003983721402108223
15-71764,17-48788,12,0.0962742359255126,False,0.0039658782972053835
15-72457,19-75460,1,0.3124260948037454,False,0.0034967769357549094
15-72457,19-79409,2,0.3038518150684578,False,0.003378300605244654
15-72457,19-44791,3,0.2714687078603813,False,0.0006180093503466154
15-72457,19-56150,4,0.2697434580821666,False,0.003962104609165486
15-72457,19-32405,5,0.2264068247239226,False,0.003193614854972696
15-72457,19-129278,6,0.1909169022757526,False,0.0032084844405324523
15-74861,19-47186,1,0.2968254027680282,False,0.0004754460097856669
15-74861,19-85688,2,0.2872676827098297,False,0.004591391762613613
15-74861,19-35566,3,0.236875786240113,False,0.0032036374315912515
15-74861,19-8916,4,0.2094208824204799,False,0.000779588827460452
15-74861,19-16795,5,0.1990980546938857,False,0.0005379894949781019
15-74861,19-11075,6,0.156778738005318,False,0.0037039511759674737
15-74861,19-136955,7,0.1532146534462079,False,0.006138910218911588
15-74861,19-169787,8,0.100959542935277,False,0.0006537160245654543
15-74861,18-117389,9,0.0783458486510163,False,0.0041881250618637095
15-74861,19-169306,10,0.0764347947968626,False,0.004309600470765568
15-75102,18-128642,1,0.389040282561122,True,0.006195802990984004
15-75567,19-105083,1,0.808631494057763,True,0.999999999999
15-75567,19-67059,2,0.607409399264766,False,0.999999999999
15-75567,19-55110,3,0.602435607045569,False,0.999999999999
15-75567,19-92498,4,0.5778240437607249,False,0.999999999999
15-75567,19-151382,5,0.481337629280928,False,0.999999999999
15-75567,19-69736,6,0.3309453336558337,False,0.00355346319503361
15-75567,19-74485,7,0.3140994115411307,False,0.0038229651360738963
15-75567,19-119269,8,0.273573296241454,False,0.00470344656380831
15-75567,19-43954,9,0.2704214896321941,False,0.00047384298680202793
15-75567,19-123920,10,0.2644337395385363,False,0.0005035411275104824
15-75567,19-36958,11,0.2532096318283026,False,0.003350738295411919
15-75567,19-16942,12,0.2006907126901078,False,0.0034249252640848136
15-75567,19-156899,13,0.1486668514841582,False,0.004003976285913056
15-75567,18-168544,14,0.1478765297144404,False,0.004904243631066904
15-75567,19-158679,15,0.1376139075060651,False,0.0005620968765253657
15-75567,18-181130,16,0.1326985317255787,False,0.003327967565680316
15-75567,18-174875,17,0.1128984398750172,False,0.0034722181255431627
15-75567,18-164871,18,0.1099528852861764,False,0.0005684539840358081
15-76604,17-69162,1,0.3058935611038108,False,0.014178075996727347
15-76604,17-40324,2,0.238784316667425,False,0.0033812743752303013
15-76604,17-10496,3,0.2160883350379984,False,0.0007465162735901249
15-78916,19-103545,1,0.2685735467887813,False,0.0031440019682860334
15-78916,19-59985,2,0.2671407937054633,False,0.0036797888207210105
15-78916,19-165120,3,0.0951612245688651,False,0.003940223577672759
15-79398,15-139094,1,0.2451361535809317,False,0.0013567518038000654
15-81386,19-87510,1,0.3704714887752198,True,0.0006681254532782397
15-81386,19-46291,2,0.2553493189624805,False,0.0006039264835269822
15-81386,19-34598,3,0.2047285106894525,False,0.0033227418723420503
15-81652,16-7903,1,0.3789615932542441,True,0.0013009852130185125
15-81652,16-8523,2,0.3686854253813111,False,0.0010948999226275782
15-81652,15-147732,3,0.3248356511297195,False,0.0007172350005077116
15-81652,16-78789,4,0.1855642446786751,False,0.0017584213290024447
15-82604,19-46630,1,0.3509309578304695,True,0.0021273477331647563
15-82604,19-99946,2,0.2742060271598061,False,0.0038839828328045525
15-82604,19-118102,3,0.2318037352526943,False,0.003877179298844858
15-82604,19-24951,4,0.1772115935773167,False,0.003269434419442246
15-82604,19-5191,5,0.129644638087848,False,0.003364494441205846
15-82604,19-7863,6,0.1272418275941577,False,0.0041745370976752376
15-82604,19-3707,7,0.1194196494846739,False,0.0038612120549884753
15-82604,19-169357,8,0.0972121070161752,False,0.0038463018053666296
15-82604,18-171623,9,0.076568460736159,False,0.004574225736084246
15-83632,19-103545,1,0.2770661693853701,False,0.0032119688320583054
15-83632,19-59985,2,0.2605328229402275,False,0.0031622497052200345
15-83632,19-165120,3,0.121746437564984,False,0.0033549059195113274
15-84820,19-189603,1,0.378612730681689,True,0.005701372521362083
15-84820,19-189628,2,0.3374047056164548,False,0.0005385587660146234
15-84820,19-156899,3,0.3157991631256989,False,0.005961403891282602
15-84820,20-37940,4,0.3068221471523259,False,0.0009171870652827424
15-84820,20-21049,5,0.3039108399026806,False,0.0005369614164808742
15-84820,19-151382,6,0.3002574675899065,False,0.005699199969088453
15-84820,19-191665,7,0.2970934312523129,False,0.004011692622517122
15-84820,20-26585,8,0.2915686902042641,False,0.005558600452254153
15-84820,20-11000,9,0.277076137590258,False,0.0031790590456505863
15-84820,20-25276,10,0.270497134533143,False,0.004100182707601919
15-84820,19-158679,11,0.2637620195616058,False,0.0006785601414062765
15-84820,20-12070,12,0.2572799415514949,False,0.0035440800082758455
15-84820,20-26328,13,0.2345033128956606,False,0.0031522395346826686
15-84820,20-32203,14,0.2270235755095174,False,0.003303574015552868
15-84820,19-123920,15,0.2141631660316556,False,0.0005739543519211324
15-84820,19-119269,16,0.2117261117233938,False,0.006331441852257062
15-84820,20-34392,17,0.1956425992265488,False,0.003583723288999193
15-84820,20-66643,18,0.1693506873436115,False,0.005988693304591185
15-84820,20-54283,19,0.1367836417145032,False,0.003688454358570896
15-84820,20-49949,20,0.1313298997401105,False,0.00342915516084568
15-84820,19-105083,21,0.1009017555365486,False,0.0038680935797480763
15-84820,19-92498,22,0.0929518862638503,False,0.0037057259753034625
15-84881,19-189603,1,0.3809303622204077,True,0.00589391984874808
15-84881,19-189628,2,0.337929657650043,False,0.0005296769867680053
15-84881,19-151382,3,0.3351038151417791,False,0.0008480563878971208
15-84881,20-11000,4,0.3197597806493695,False,0.0007082051006798088
15-84881,20-21049,5,0.3153274650281852,False,0.0006059282160587014
15-84881,20-26585,6,0.2999092281103208,False,0.0062764212700232485
15-84881,19-191665,7,0.2989327846388703,False,0.0036787086345921893
15-84881,20-12070,8,0.2938595407485538,False,0.003602654201189964
15-84881,19-156899,9,0.284535349416345,False,0.00398338970207711
15-84881,20-25276,10,0.2726748042404863,False,0.004203324047644486
15-84881,19-158679,11,0.2638142033085027,False,0.0006738825955099748
15-84881,20-26328,12,0.2362995564944704,False,0.003157473457321238
15-84881,20-37940,13,0.234198177873531,False,0.0038650704703626277
15-84881,19-119269,14,0.2174303891688489,False,0.006900287360590443
15-84881,20-32203,15,0.2017019262757069,False,0.00367046394886331
15-84881,19-123920,16,0.1985364758261443,False,0.0005014167479369894
15-84881,20-34392,17,0.1935336769343618,False,0.0038978785044683287
15-84881,20-49949,18,0.189887844849488,False,0.000720030673456473
15-84881,19-105083,19,0.161803423855429,False,0.0007754413035698186
15-84881,20-66643,20,0.1478659975190884,False,0.004543718237692662
15-84881,19-92498,21,0.1361312834448899,False,0.0008320018006972402
15-84881,20-54283,22,0.1346747194223162,False,0.0040117535118932394
15-85320,19-51014,1,0.2318127720263954,False,0.0031915807163018944
15-85320,19-34512,2,0.1868068331143232,False,0.013848824864997781
15-85858,20-31844,1,0.271313801834479,False,0.0026235588540696867
15-85858,19-73678,2,0.2137990359181912,False,0.0026956298766943505
15-85858,20-35694,3,0.2057956047101323,False,0.000511531073991248
15-85858,20-25372,4,0.1901734410002653,False,0.003249073173299918
15-85858,19-80203,5,0.122866615539018,False,0.003896640989830082
15-86193,15-190662,1,0.3344367523454365,True,0.00046223927935093353
15-86193,16-2845,2,0.3000475762639676,False,0.00047574189606205687
15-86193,16-9226,3,0.2875553446885051,False,0.0004765488553855022
15-86193,16-19242,4,0.2687488044109829,False,0.00046011609808950803
15-86193,15-146024,5,0.2572507059827559,False,0.00047915137906486503
15-86193,15-104125,6,0.1507117794953789,False,0.0004905159489210803
15-86193,15-97256,7,0.1211730607989148,False,0.0006095099193150231
15-86193,16-74267,8,0.1026409659205262,False,0.000749070431869061
15-86218,19-103545,1,0.2898109804699519,False,0.0031597065955491356
15-86218,19-59985,2,0.2465058428199303,False,0.003951243598090581
15-86218,19-165120,3,0.1521091990708356,False,0.0038421405034107523
15-86342,16-63741,1,0.6248272906687251,True,0.999999999999
15-86342,16-55322,2,0.2614239342702941,False,0.0004873361966091979
15-86342,16-115075,3,0.2569481152878455,False,0.0037746695235685683
15-86342,16-118057,4,0.2530348235097616,False,0.0034337287589737355
15-86342,16-118029,5,0.2489283846135723,False,0.003434360252880221
15-86342,16-40500,6,0.1938259397992776,False,0.003401961962155365
15-86342,16-15813,7,0.135440852899247,False,0.0033020934745776435
15-86342,16-15210,8,0.1316609687136825,False,0.0033460414414821383
15-86342,16-9809,9,0.1199850672063096,False,0.0033598200145908566
15-86342,16-10414,10,0.1111393691555136,False,0.003629605529862372
15-89263,19-75795,1,0.4011096633494203,True,0.0031118238863093563
15-89415,19-99946,1,0.2973837418908485,False,0.00320274121404881
15-89415,19-118102,2,0.2448499817355982,False,0.004024481562915038
15-89415,19-24951,3,0.2368278717484372,False,0.0006737060505242782
15-89415,19-46630,4,0.2244488775809035,False,0.0031683868878558744
15-89415,19-169357,5,0.2029594714804016,False,0.000759807130325139
15-89415,19-3707,6,0.1789576958257592,False,0.0006923041132375765
15-89415,19-7863,7,0.1736350253093588,False,0.000866100924437643
15-89415,19-5191,8,0.1239500528018645,False,0.0033584627922285063
15-89415,18-171623,9,0.0665181381675382,False,0.0058951700814534255
15-89902,15-192356,1,0.3783540190411256,True,0.000612022723947853
15-89902,15-160539,2,0.3429137754281501,False,0.0006582323835314219
15-89902,15-178791,3,0.3392981289789691,False,0.0004689492033983553
15-89902,15-175210,4,0.3300198270367931,False,0.0004610997373308833
15-89902,15-159244,5,0.3202057890148623,False,0.0005502885766260433
15-89902,16-31513,6,0.2914001535215327,False,0.0007302420771148215
15-89902,15-162447,7,0.2906157767427892,False,0.0004590596749949317
15-89902,16-37108,8,0.2718800309162129,False,0.0006684473389117151
15-89902,16-33632,9,0.2523768333063092,False,0.0005064487268853443
15-89902,16-57014,10,0.2392215887609926,False,0.0008397866249006395
15-89902,16-33283,11,0.2363377265067132,False,0.0004639294970697635
15-89902,16-54197,12,0.1951234020572638,False,0.0004953494152561194
15-89902,16-54370,13,0.1870587163800284,False,0.0004778543658628644
15-89902,16-49246,14,0.1736884938081037,False,0.0006764477671882597
15-89902,15-100455,15,0.1613052610752343,False,0.0005869079562940034
15-89902,16-63342,16,0.1398766562896472,False,0.0006673935040130915
15-89902,16-71885,17,0.1213210546060452,False,0.0005757638285504105
15-89902,16-73215,18,0.115514673674989,False,0.0022222183410459573
15-89902,16-80903,19,0.1074953252353319,False,0.0005861292834418325
15-92216,19-103545,1,0.2945901517198819,False,0.0032329932660204825
15-92216,19-59985,2,0.2424095124665783,False,0.0031710827858781546
15-92216,19-165120,3,0.1391938550135165,False,0.003299030556283092
15-92588,19-147943,1,0.3878228229210927,True,0.999999999999
15-92588,19-128681,2,0.3346541688899503,False,0.999999999999
15-92588,19-143955,3,0.3155290952456092,False,0.999999999999
15-92588,19-137030,4,0.3019517315257862,False,0.999999999999
15-92588,19-177480,5,0.3003609931116596,False,0.999999999999
15-92588,20-5957,6,0.294557764628707,False,0.999999999999
15-92588,20-8845,7,0.2744029294762721,False,0.999999999999
15-92588,20-32737,8,0.2252036987988376,False,0.999999999999
15-92588,19-108948,9,0.2241512902404303,False,0.999999999999
15-92906,19-103125,1,0.2947152869031975,False,0.0028440785077446843
15-92906,20-4011,2,0.2567847652213429,False,0.0022155989984212797
15-92906,20-6485,3,0.2423904684846856,False,0.002331424035845139
15-95253,19-103545,1,0.3126965756211352,False,0.0031836593969978974
15-95253,19-59985,2,0.2231742249330149,False,0.003976481872967005
15-95253,19-165120,3,0.1746306689357331,False,0.003736207322005727
15-95813,19-185562,1,0.3494102224012881,True,0.008138062937573198
15-95813,19-104228,2,0.2149264369111518,False,0.004415065106414377
15-96106,20-4011,1,0.4444973097301501,True,0.999999999999
15-96106,19-103125,2,0.3353583169427966,False,0.0006623196091349441
15-96106,20-6485,3,0.2487575515691253,False,0.0027048739853857483
15-96870,19-136955,1,0.5046014016644765,True,0.999999999999
15-96870,19-85688,2,0.3452082288505036,False,0.0008790394838620567
15-96870,19-35566,3,0.2765679290545833,False,0.0008811441758728223
15-96870,19-47186,4,0.2492465595905529,False,0.0004945753177005931
15-96870,19-169306,5,0.1856244214476682,False,0.0009976440732763173
15-96870,19-169787,6,0.1501491695860826,False,0.0007120600308139494
15-96870,19-16795,7,0.1448383402569239,False,0.0006208677046305097
15-96870,19-11075,8,0.1025190235683563,False,0.004311689210637682
15-96870,19-8916,9,0.094311577523523,False,0.004922423684043799
15-97256,15-190662,1,0.3435597116961274,True,0.0005159615267898638
15-97256,16-19242,2,0.330871974553984,False,0.0005899283979870342
15-97256,16-2845,3,0.3213325294855204,False,0.0005514553692520733
15-97256,16-9226,4,0.3105774455659568,False,0.0005187203990139017
15-97256,15-146024,5,0.2247420304558193,False,0.0005397482037300358
15-97256,16-74267,6,0.1338297784967055,False,0.0005595704553039412
15-97256,15-104125,7,0.1297875763160713,False,0.0005192263203103062
15-98729,15-170834,1,0.4572899387071104,True,0.005639116671988114
15-98729,15-104589,2,0.2834506921017665,False,0.006374020340192879
15-98729,15-134999,3,0.2117070372989037,False,0.00047908777936152443
15-98729,15-98483,4,0.120555746471663,False,0.0005793003414595734
15-98976,19-51014,1,0.2451188600613095,False,0.004439104575189202
15-98976,19-34512,2,0.1562522719000232,False,0.004029233363107668
16-100426,21-74412,1,0.1965217984244942,False,0.0034443520457476417
16-100426,20-85492,2,0.1071495660851795,False,0.003909399040609886
16-101519,17-114542,1,0.1387031715040512,False,0.000656799277205141
16-101519,17-121705,2,0.1112272275714771,False,0.0006978068719958841
16-102715,19-69736,1,0.6208870603443148,True,0.999999999999
16-102715,19-105083,2,0.3148515956717805,False,0.0037323677101100336
16-102715,19-123920,3,0.3058565700106359,False,0.000528505502832975
16-102715,19-119269,4,0.2912550647677882,False,0.003246788902252818
16-102715,19-92498,5,0.2909026030507513,False,0.0033881015717878845
16-102715,19-74485,6,0.2404849267174253,False,0.003783696127150779
16-102715,19-67059,7,0.2273156234293324,False,0.003705523401028037
16-102715,19-55110,8,0.22564778652941,False,0.003562208907636386
16-102715,19-158679,9,0.2099507597344898,False,0.0005373524745499979
16-102715,19-43954,10,0.2010411625787814,False,0.00047361257553861855
16-102715,19-151382,11,0.1927005478364984,False,0.0036093647569094087
16-102715,19-156899,12,0.1783843467911048,False,0.003937670850432875
16-102715,19-189603,13,0.1555696214520661,False,0.005407902640817924
16-102715,19-36958,14,0.1489766448215163,False,0.004715985368709998
16-102715,19-189628,15,0.1440987915414012,False,0.0005106525990151115
16-102715,19-16942,16,0.1036030586760146,False,0.003559927792700798
16-102715,19-191665,17,0.084372280703576,False,0.00423183908166812
16-103833,20-49949,1,0.4847624179233951,True,0.015198531054644741
16-103833,20-78012,2,0.3696692254246499,False,0.0006909454808548783
16-103833,20-91517,3,0.3393638974345933,False,0.0035241985598576096
16-103833,20-86796,4,0.3094466255453926,False,0.0034900503060305127
16-103833,20-66643,5,0.2850206145165648,False,0.0037260990461694624
16-103833,20-106651,6,0.2846190375510496,False,0.0004992896469936773
16-103833,20-98264,7,0.2785173017958826,False,0.013751736754806466
16-103833,20-98214,8,0.2785173017958826,False,0.013751736754806466
16-103833,20-115663,9,0.2246854430972156,False,0.003231952048973954
16-103833,20-139000,10,0.2228702176907048,False,0.000756018660256822
16-103833,20-132336,11,0.2183874516546217,False,0.0006947142785003772
16-103833,20-54283,12,0.2044373951183352,False,0.0036680602364605086
16-103833,20-37940,13,0.182991523277145,False,0.0035794170216944914
16-103833,20-26585,14,0.1757735609769879,False,0.0044899681764145665
16-103833,20-25276,15,0.1713461455494032,False,0.00441412232846616
16-103833,20-21049,16,0.1680523045196583,False,0.0005390270721566873
16-103833,20-11000,17,0.1476001723299875,False,0.0007571963938312145
16-103833,20-142134,18,0.1469639291267735,False,0.003283038970021888
16-103833,20-34392,19,0.1455784376062897,False,0.0037607213323065758
16-103833,20-32203,20,0.1418064098350563,False,0.0034902004728582766
16-103833,20-26328,21,0.1294331840981255,False,0.0033301308273861524
16-103833,20-12070,22,0.0817994505242628,False,0.004557496459449725
16-106116,16-165866,1,0.524012420912512,True,0.12080955832253815
16-106116,16-176618,2,0.4423852290343557,False,0.002936984423569127
16-106116,17-44864,3,0.26297071390575,False,0.00047530901926352734
16-106116,16-153566,4,0.2303292842137621,False,0.0005145675653067497
16-106116,16-153632,5,0.2261035532177903,False,0.0006342154414651939
16-106116,16-142611,6,0.2180772681917999,False,0.00046910950824755656
16-106116,17-54861,7,0.2178838190181622,False,0.00047650949223837583
16-106116,16-127861,8,0.1888302505408755,False,0.000504547586597166
16-106204,20-35694,1,0.3330102185153045,True,0.001051312887895518
16-106204,20-25372,2,0.3235871241422955,False,0.006703102874076342
16-106204,20-31844,3,0.2212202780066084,False,0.003473044314080148
16-10649,18-6138,1,0.209397226403914,False,0.003954645604415968
16-10649,18-134465,2,0.1267082607724399,False,0.0033542286081637064
16-10649,17-174760,3,0.119790318037808,False,0.003665372468135835
16-10778,20-97584,1,0.3397716829968498,True,0.0018365149021395597
16-10778,21-51104,2,0.208115401701666,False,0.0009382046183165468
16-10778,21-31568,3,0.2030048182216381,False,0.002929735532809954
16-10778,21-50635,4,0.1532934129451195,False,0.0012136796072247072
16-108313,17-65610,1,0.2483809421632178,False,0.0006615922754946825
16-108313,17-88463,2,0.1320778408483142,False,0.0005469603076148988
16-108742,17-20203,1,0.3230371802826376,True,0.0004727422208311853
16-108742,17-62974,2,0.2095897307000767,False,0.00047404881783543937
16-109017,20-97584,1,0.2983267355836027,False,0.006042537131476321
16-109017,20-27358,2,0.1046780551905387,False,0.014592228725498329
16-109017,20-16671,3,0.0800394218134034,False,0.015268294826687933
16-109275,17-46886,1,0.473375981706443,True,0.034916609979469326
16-109275,17-14320,2,0.376682582904481,False,0.0005764050572449916
16-109275,16-166021,3,0.267661203146059,False,0.00046028562720425983
16-110202,17-129931,1,0.2985155841169222,False,0.0005307134868763536
16-111174,17-3293,1,0.319276216081823,False,0.0007560853063126711
16-11249,19-190109,1,0.1760014846557636,False,0.0034265361956297307
16-114945,20-118996,1,0.2983705845153112,False,0.0006632111449620442
16-114945,20-68923,2,0.2906942028357396,False,0.0006947128630401254
16-114945,20-88353,3,0.2867772755032889,False,0.0036313542467333207
16-114945,20-62727,4,0.2659375240495187,False,0.0007958320891978192
16-114945,20-70773,5,0.2328212357374765,False,0.004409918029940199
16-114945,20-50446,6,0.2153241349102058,False,0.0029097330136888667
16-114945,20-136269,7,0.1744875164257555,False,0.013908359432166149
16-114945,20-27417,8,0.0909899255365746,False,0.014893476149577582
16-114945,20-19986,9,0.0739930346597663,False,0.005092006520476966
16-114945,21-13248,10,0.0737698480149876,False,0.004285215302846273
16-119669,18-154990,1,0.3178243191213872,False,0.00320695821824529
16-120395,18-46132,1,0.2007741875059184,False,0.999999999999
16-120395,18-71355,2,0.1229988791637995,False,0.999999999999
16-123498,20-88353,1,0.2615513859118193,False,0.003327464495351395
16-123498,20-118996,2,0.2579861134459314,False,0.004192902407680563
16-123498,20-136269,3,0.217573422820176,False,0.0031884458133840904
16-123498,20-70773,4,0.2124117364986884,False,0.0032823570631404886
16-123498,20-62727,5,0.2041781157775479,False,0.003337981148233215
16-123498,20-68923,6,0.196899741725087,False,0.004069993183681622
16-123498,20-50446,7,0.1546175907376112,False,0.003367361665899348
16-123498,21-13248,8,0.0938647273950359,False,0.004155372179611623
16-123498,21-15299,9,0.0857204476895139,False,0.0045672612714109
16-123498,20-27417,10,0.0681653103590495,False,0.004528172483255145
16-123593,19-130357,1,0.3331559351730179,True,0.002072282835478257
16-123593,19-145053,2,0.2705187811572282,False,0.0035971602140024944
16-123593,19-159320,3,0.2677612565530499,False,0.0005241425214768396
16-123593,19-90783,4,0.263101463093003,False,0.0004605495643158394
16-123593,19-99281,5,0.244716985796935,False,0.0032363770558158133
16-123593,19-174809,6,0.1924032174016538,False,0.003644549381014143
16-123593,19-71137,7,0.173307478962482,False,0.00330711411166614
16-123593,20-13755,8,0.1045268660182122,False,0.0034849847687146627
16-123593,20-16042,9,0.1025527177975902,False,0.003466578517350419
16-123593,20-15455,10,0.1004204271220229,False,0.0035121472894702878
16-123593,20-25157,11,0.0779140844204549,False,0.003911430353126477
16-124376,21-35651,1,0.4042504619082324,True,0.004854323040483407
16-124376,21-16505,2,0.3839117714566441,False,0.0011549628635602388
16-124376,20-125567,3,0.2851829348791392,False,0.004650071880919669
16-124376,21-46043,4,0.2224217214088612,False,0.0008643589929149524
16-124376,20-116086,5,0.2003961192750806,False,0.003337158605806436
16-124376,21-67771,6,0.1394909128039496,False,0.0037326878412442164
16-124376,21-62138,7,0.1298600886151093,False,0.00350170716545586
16-12477,19-87510,1,0.3544892681547919,True,0.003949470099421341
16-12477,19-46291,2,0.2400794681070078,False,0.0005636565256888771
16-12477,19-34598,3,0.1854721703791638,False,0.0035209591325151804
16-125010,20-93634,1,0.3302373782471715,True,0.0007168385689997653
16-127032,20-93634,1,0.1944626703998148,False,0.0006876692659301145
16-127032,21-47350,2,0.1625511744880184,False,0.0033673419921433643
16-127861,18-34113,1,0.1607241502761988,False,0.0007036460007881421
16-128161,21-7561,1,0.6868437729252053,True,0.999999999999
16-128161,20-139000,2,0.5174197475176248,False,0.3567343876175183
16-128161,20-98264,3,0.4420915462111257,False,0.05618292165037557
16-128161,20-98214,4,0.4420915462111257,False,0.05618292165037557
16-128161,20-115663,5,0.3622370397375466,False,0.0006821677403989083
16-128161,20-106651,6,0.3298032953484486,False,0.0005226185926555465
16-128161,20-66643,7,0.3020836484702169,False,0.002156866585787063
16-128161,20-86796,8,0.2886866751861759,False,0.0007275789556399674
16-128161,20-132336,9,0.2524126643093414,False,0.0031836653333129584
16-128161,20-91517,10,0.2427695949572607,False,0.0038696776069669517
16-128161,20-54283,11,0.2423909354588534,False,0.002959610783114933
16-128161,21-13474,12,0.232300195667764,False,0.0028105344234905325
16-128161,20-142134,13,0.2174798972627221,False,0.0035705659652034935
16-128161,20-78012,14,0.2060926054788223,False,0.003321691950654794
16-128161,20-34392,15,0.1835319779468079,False,0.0037859032906010608
16-128161,20-49949,16,0.1357143630808891,False,0.0036604418341472564
16-128161,20-37940,17,0.0828499043566669,False,0.0038043636692957857
16-128178,17-13461,1,0.2970201298691265,False,0.0008207420942313334
16-128178,17-51157,2,0.2969628010437846,False,0.00046005773912259786
16-128178,17-50845,3,0.2927749602749181,False,0.0004999199506132808
16-128178,17-55087,4,0.2858477728040403,False,0.00046310284028426205
16-128178,17-58214,5,0.2704066574761009,False,0.0004739126829321271
16-128178,17-53540,6,0.2532611961685978,False,0.0008114908824760696
16-128178,17-65753,7,0.2488986509797562,False,0.0005469166848567029
16-128178,17-73536,8,0.2299802211571803,False,0.0005194918319471172
16-128178,17-68985,9,0.2178078427711546,False,0.0004829624128594065
16-128178,17-76616,10,0.216651172469407,False,0.0005721511669018277
16-128178,17-77744,11,0.2149344331374984,False,0.0008191202735685516
16-128178,17-91935,12,0.2001500667386474,False,0.0004806935584894844
16-128178,16-153330,13,0.1846233766217425,False,0.0004751193490071272
16-128178,16-155479,14,0.1812813051738095,False,0.0004802728224498846
16-128178,17-106054,15,0.1581991361586325,False,0.00048597006675763464
16-128178,17-106009,16,0.1441040853033973,False,0.0005986199177822594
16-128178,17-111330,17,0.1347799947820857,False,0.0005029156584499729
16-128178,16-135042,18,0.1340701185253683,False,0.0005048983211307368
16-128178,16-137769,19,0.1315302833439167,False,0.0005092198704044399
16-128178,16-128161,20,0.1157601777849914,False,0.0005338433726076911
16-128870,21-26465,1,0.6501741097401008,True,0.999999999999
16-128870,20-118996,2,0.5235280033499108,False,0.999999999999
16-128870,21-15299,3,0.4076407519270099,False,0.000756710946783412
16-128870,21-13248,4,0.3137105281177291,False,0.003520298600596142
16-128870,21-45622,5,0.2326837158637267,False,0.0032331645782897756
16-128870,21-78563,6,0.2047079855144769,False,0.000714548556995387
16-128870,21-76925,7,0.2018735080605769,False,0.000765163942319276
16-128870,20-136269,8,0.1980229773901241,False,0.0036209934956424362
16-128870,21-58722,9,0.1959247064017874,False,0.0034409624310854543
16-129697,17-76396,1,0.2245396053382783,False,0.0005031178909908309
16-130215,20-155309,1,0.7777811908997152,True,0.999999999999
16-130215,20-133527,2,0.7067578229541904,False,0.999999999999
16-130215,20-144067,3,0.2805542697354714,False,0.999999999999
16-131495,20-137315,1,0.3513306739623875,True,0.009458867818253192
16-131495,21-44149,2,0.1963631532873956,False,0.003411480969143458
16-132618,17-74632,1,0.3525225023747995,True,0.0005282023665327526
16-132618,17-91590,2,0.33514598218232,False,0.0005989063883962753
16-132618,17-105380,3,0.3235382828345855,False,0.00046301110115129534
16-132618,17-60124,4,0.2903019822361491,False,0.00046661429065462874
16-132618,17-142028,5,0.2353784320858238,False,0.0005628105846122761
16-132618,17-144102,6,0.1839553219448094,False,0.002069378929381459
16-132618,17-15387,7,0.16898894411349,False,0.00048450391275654543
16-132618,17-160290,8,0.1471314198763999,False,0.0005880396388114824
16-134086,17-15162,1,0.2880463378524299,False,0.0005279329667999675
16-134086,17-58113,2,0.2811489265485534,False,0.0006125949025687323
16-134086,17-68883,3,0.2524038542752288,False,0.0006142926149972749
16-134086,16-184750,4,0.2359702146298729,False,0.0020308059006339464
16-134086,16-161272,5,0.1716972357937351,False,0.0005466983761970227
16-134086,16-158508,6,0.1586505916305196,False,0.0006821787987268267
16-134501,20-97584,1,0.3190324891820112,False,0.0006613692898464564
16-134501,21-31568,2,0.1277201051248357,False,0.003353326311441244
16-135042,21-60721,1,0.3422206494076954,True,0.0007349958194838487
16-135042,21-76081,2,0.3345903785080511,False,0.0007413523031625388
16-135042,21-85552,3,0.3124815275920817,False,0.0006946438211396614
16-135042,21-85842,4,0.3041584951710843,False,0.0007953605560407075
16-135042,21-48340,5,0.2926484910862525,False,0.0032985993100403026
16-135042,21-78352,6,0.2864247028379468,False,0.003177909222811722
16-135042,21-45579,7,0.2796776346054753,False,0.003502851395721176
16-135042,21-92788,8,0.2758307804416159,False,0.00045968572695669887
16-135042,21-76634,9,0.2720085072881104,False,0.0034511155687928434
16-135042,21-13474,10,0.2552379214771126,False,0.0006846055273811966
16-135042,21-7561,11,0.240013351407735,False,0.0006602080020385879
16-135042,21-97876,12,0.2344674330474939,False,0.003164438921289873
16-135042,21-96114,13,0.2213968222179657,False,0.0033661006681091656
16-135042,21-122032,14,0.1973190822564496,False,0.0009111541021350819
16-135042,20-139000,15,0.1370343499270769,False,0.0005017453710611255
16-135042,20-142134,16,0.0885692547793938,False,0.0039668792524753735
16-135042,21-143183,17,0.079837823156462,False,0.0039949542657379735
16-135042,21-145412,18,0.0786641320146642,False,0.003849566140205929
16-135042,20-132336,19,0.0745040196884405,False,0.00403253596817624
16-136057,19-114994,1,0.150484807312743,False,0.003380749953585207
16-136139,21-35651,1,0.6960708639626554,True,0.7718290844584547
16-136139,21-16505,2,0.3802122975130239,False,0.0013405333893525028
16-136139,21-46043,3,0.3688616005230962,False,0.0008038261048531055
16-136139,21-67771,4,0.2867827455116047,False,0.003551023862440036
16-136139,21-62138,5,0.2790023391133898,False,0.003199315222275998
16-136139,21-115415,6,0.2211112123834374,False,0.008818831375590818
16-136139,21-89559,7,0.2096744872500424,False,0.0031710790219927065
16-136139,21-130956,8,0.1702140882655333,False,0.010523321280987142
16-136139,20-125567,9,0.1522902431300637,False,0.006200468032166474
16-137769,17-50845,1,0.3270784154331298,True,0.0004625719839116521
16-137769,17-55087,2,0.3239271111354267,False,0.00046838487390242164
16-137769,17-51157,3,0.3158173500062652,False,0.0004641738420416099
16-137769,17-58214,4,0.2883344033674808,False,0.0005965975487853745
16-137769,17-53540,5,0.284917412729202,False,0.0005123532207496355
16-137769,17-13461,6,0.2827626203513441,False,0.00046779345085394374
16-137769,17-65753,7,0.282361247979396,False,0.0004692130095513569
16-137769,17-73536,8,0.2659604216955459,False,0.00046118729051284447
16-137769,17-76616,9,0.2476963456963364,False,0.0004888926223045721
16-137769,17-77744,10,0.2465906496981026,False,0.0005147128891356528
16-137769,17-68985,11,0.2409884813556623,False,0.0005005546871704002
16-137769,17-91935,12,0.2113207326643356,False,0.00048238035015407454
16-137769,17-106009,13,0.1751492585303267,False,0.0005037997511132575
16-137769,17-106054,14,0.1677353688361017,False,0.0007234532705502431
16-137769,17-111330,15,0.1586198842766991,False,0.00048805152339387737
16-137769,16-155479,16,0.1512385552716691,False,0.0005090079812471348
16-137769,16-153330,17,0.1413299707519086,False,0.0007945427146403631
16-139147,21-91773,1,0.7266527893954071,True,0.999999999999
16-139147,21-51104,2,0.387322638316914,False,0.003063047733443028
16-139147,21-86231,3,0.3563118703460359,False,0.002883377200688419
16-139147,21-50635,4,0.3239610302498574,False,0.00300057940886216
16-139147,21-31568,5,0.2712176960140167,False,0.009424631187558197
16-139456,20-50911,1,0.1739677437044703,False,0.0007405567318759501
16-139456,20-67439,2,0.1499460938864256,False,0.003716889729175638
16-139456,21-36555,3,0.1378649012519757,False,0.0008035695301895187
16-139456,21-38984,4,0.0699045532967488,False,0.004330601534911058
16-139674,20-150503,1,0.5245888399231603,True,0.999999999999
16-139674,21-25617,2,0.3029319395230099,False,0.999999999999
16-139674,21-88219,3,0.1410853375292758,False,0.999999999999
16-140691,20-53038,1,0.089299964270806,False,0.0038821590737085844
16-141250,16-177041,1,0.4369577813032176,True,0.32584765984773056
16-142611,20-48669,1,0.0636136662286465,False,0.01686792892292542
16-145577,17-51018,1,0.3784173876421575,True,0.0005533716711532279
16-145577,17-83585,2,0.2535136099305555,False,0.0004857972934295503
16-14558,20-13447,1,0.6682792261589376,True,0.999999999999
16-148980,21-86403,1,0.4205007662901066,True,0.017809143758541857
16-148980,20-135543,2,0.2122741558664242,False,0.0008249522460205862
16-15282,19-190109,1,0.2712672276724734,False,0.00315066148750168
16-153330,22-6934,1,0.3187620313010894,False,0.0004893942723154903
16-153330,22-26998,2,0.2826237406920718,False,0.013772054018303522
16-153330,21-163566,3,0.2781335197529205,False,0.00047593413391127585
16-153330,22-34888,4,0.2633083076657723,False,0.005088241292134426
16-153330,21-150402,5,0.2589695277762965,False,0.001056470447610408
16-153330,22-39212,6,0.2546088924240325,False,0.004459385650537683
16-153330,22-39891,7,0.2511410424879544,False,0.013702011106131524
16-153330,21-163822,8,0.2449905121696591,False,0.0039876795388379595
16-153330,21-153479,9,0.2359643772521203,False,0.0007278702278160796
16-153330,22-52027,10,0.2343313431343139,False,0.0031533173569837955
16-153330,21-143183,11,0.2317440531172102,False,0.0010359956600389164
16-153330,22-54446,12,0.2153350732322693,False,0.004290217161719387
16-153330,21-145412,13,0.1817121431702589,False,0.004127324152144458
16-153330,21-122032,14,0.1156032841233004,False,0.0036891524658564973
16-153330,22-94454,15,0.0783311119429173,False,0.005961360525890054
16-153330,22-102623,16,0.0782277042027795,False,0.006119077388295483
16-153330,22-108057,17,0.069878611962204,False,0.005528850335594119
16-153372,17-53291,1,0.352584429074066,True,0.00047017387151148527
16-153632,17-54861,1,0.3402349603646724,True,0.0007343376726960917
16-153632,17-44864,2,0.320548118114389,False,0.0004983510715769578
16-153632,16-176618,3,0.1637382697875886,False,0.0005745163092965648
16-153632,16-165866,4,0.1365705495413338,False,0.0005255831162108883
16-155479,19-55110,1,0.3848550131196506,True,0.005747065288631133
16-155479,19-69736,2,0.3250511331413828,False,0.003964176276715405
16-155479,19-43954,3,0.3223386542440037,False,0.0005095075729894771
16-155479,19-36958,4,0.2945434284114461,False,0.0031501015773660887
16-155479,19-67059,5,0.281077139757643,False,0.003216275842575797
16-155479,19-74485,6,0.2597624753222004,False,0.00376168956761856
16-155479,19-16942,7,0.2440794359109981,False,0.003159262370530372
16-155479,19-92498,8,0.2210765577713177,False,0.0032218946901200556
16-155479,19-119269,9,0.2154045242231266,False,0.004678721970473882
16-155479,19-123920,10,0.1987224177416168,False,0.0004844043065483502
16-155479,19-105083,11,0.1913547467731927,False,0.003389299141541439
16-155479,18-168544,12,0.1890083221691647,False,0.0038880068169379464
16-155479,18-181130,13,0.1877482703648217,False,0.003235381649022149
16-155479,18-174875,14,0.1657604774827055,False,0.003485773498866806
16-155479,18-164871,15,0.1599095361021836,False,0.0006903209661052896
16-155479,18-151434,16,0.1374619704240406,False,0.0005007043778228372
16-158508,21-20759,1,0.1692790235575205,False,0.004817908154657589
16-16005,16-106116,1,0.4126388181686229,True,0.0011529453379616032
16-16005,16-142611,2,0.3559210240293838,False,0.001041153534164119
16-16005,16-127861,3,0.3346676928216864,False,0.0004918146778071373
16-16005,16-165866,4,0.3134161954988543,False,0.001537084427220686
16-16005,16-153632,5,0.2694172570703417,False,0.0005008968447225981
16-16005,16-176618,6,0.2433335299049076,False,0.0008373758410790728
16-16005,16-153566,7,0.2332325886990801,False,0.002032124098670014
16-161115,20-137315,1,0.3095224818216793,False,0.00815596115695738
16-161115,21-44149,2,0.2440982016950634,False,0.0031712065035747706
16-161272,21-20759,1,0.2412583656451413,False,0.0008035994856119685
16-165866,17-44864,1,0.3189178559693587,False,0.0005224318467488653
16-165866,17-54861,2,0.3174563333356119,False,0.00047234909580020967
16-165866,16-176618,3,0.269637288971452,False,0.002888863500621072
16-166021,17-46886,1,0.2885500397828533,False,0.0005876962447231463
16-166021,17-14320,2,0.2212732605214128,False,0.00047120496429833207
16-16627,20-85738,1,0.0999565618009468,False,0.0035281575411926064
16-166758,19-114994,1,0.1112597533671573,False,0.0034209302449088688
16-168154,20-85492,1,0.1460736789835527,False,0.004212454196980271
16-168154,20-66280,2,0.1382046661184288,False,0.0007923460123166246
16-168154,20-47368,3,0.0677044009985749,False,0.005082604363988747
16-170680,20-118996,1,0.4268563147110005,True,0.013622402092272458
16-170680,21-26465,2,0.3721797207187527,False,0.013946360627548096
16-170680,20-136269,3,0.3315036372519369,False,0.003699203503089418
16-170680,21-15299,4,0.27961381819269,False,0.000718866100455983
16-170680,21-13248,5,0.2279319814582169,False,0.0033803804658892995
16-170680,21-58722,6,0.1821320674185199,False,0.006901365393371938
16-170680,20-70773,7,0.1673171160466374,False,0.008182194316876782
16-170680,21-45622,8,0.1378570895516314,False,0.003374694110050045
16-170680,20-88353,9,0.133928226075001,False,0.0033804764891625923
16-170680,20-68923,10,0.1315533083161875,False,0.0008617054016881704
16-175021,20-70855,1,0.3012331421245925,False,0.0032984404780226494
16-175021,20-12202,2,0.2455904745903512,False,0.006862838606888581
16-175021,20-116086,3,0.2139785216723906,False,0.0006696680872587211
16-175021,20-125567,4,0.168899368232865,False,0.004771496535587827
16-175021,19-174098,5,0.1403300454032052,False,0.006636475503429548
16-175021,19-184490,6,0.0966282278490268,False,0.004480285692588021
16-175178,18-31687,1,0.3712947882750887,True,0.0005233076950853122
16-175178,18-28408,2,0.3339831691948889,False,0.0004703544453672943
16-175178,18-46804,3,0.3219527806513422,False,0.0004713825142313046
16-175178,18-12119,4,0.2872615723259817,False,0.0004875263604702771
16-175178,18-265,5,0.242814279456855,False,0.0020278156011760665
16-175178,18-87166,6,0.2092071867686976,False,0.0004960289801152133
16-175178,18-101994,7,0.1837271169151929,False,0.0004753426198634146
16-175178,18-105237,8,0.1583067231013692,False,0.0007124218140963748
16-175178,17-140377,9,0.1379345904964581,False,0.0004998933748704128
16-175178,17-140948,10,0.1344592213621082,False,0.0005226858978583895
16-175178,17-142035,11,0.1322575954167617,False,0.0006420514259656718
16-175178,18-124336,12,0.1014366340895183,False,0.0006760302957843141
16-178183,18-546,1,0.3229158584449417,False,0.0035845708104837426
16-178183,17-176420,2,0.3124652060002716,False,0.004903297436420959
16-178183,17-161006,3,0.2822328572528573,False,0.0034090587304379323
16-178183,17-159853,4,0.26976119222286,False,0.003957814852086404
16-178183,18-8070,5,0.2688116035064033,False,0.0036388579315123543
16-178183,17-144060,6,0.2581451109825458,False,0.0005253987195934532
16-178183,18-25585,7,0.2190046097520614,False,0.003995146105632497
16-178183,17-139193,8,0.2150275751424762,False,0.003966482409144777
16-178183,18-30024,9,0.2018637757336837,False,0.01379029634537923
16-178183,18-40625,10,0.1786502282157496,False,0.004234837717315754
16-178183,18-60154,11,0.121273870465505,False,0.00434330416078051
16-178183,17-99753,12,0.1020577481819094,False,0.0038869124275972516
16-179721,20-59734,1,0.1191302422933238,False,0.0039054600140264436
16-180522,18-101350,1,0.3075436602821159,False,0.0035228682290960826
16-180522,18-77300,2,0.2478981327265712,False,0.0034096826675378035
16-180522,18-53373,3,0.1805525922240562,False,0.0036059613450062536
16-180522,18-54467,4,0.1790897741412404,False,0.004651204579350976
16-180522,18-47589,5,0.1717331383034802,False,0.003277749597356714
16-180522,18-37425,6,0.1374733612998422,False,0.0036188604489630163
16-180522,18-18602,7,0.0810481108613326,False,0.005940248505163746
16-182034,21-38984,1,0.4689114038917267,True,0.018786372129940103
16-182034,21-36555,2,0.2804644011360342,False,0.006136501862169571
16-18277,16-94328,1,0.2950315569729936,False,0.0004912810855253422
16-183156,21-88219,1,0.4261289207884849,True,0.999999999999
16-183156,21-25617,2,0.2822053745371676,False,0.999999999999
16-183156,21-138241,3,0.2499825064013223,False,0.999999999999
16-183156,20-150503,4,0.1692153802920575,False,0.999999999999
16-183461,17-155110,1,0.5382662534917485,True,0.13240780939147254
16-183461,18-54451,2,0.2216714265674785,False,0.006457370093131117
16-184210,21-91773,1,0.2207993867717915,False,0.002901975646142474
16-184210,21-86231,2,0.2084800700832238,False,0.0029203743650175135
16-184210,22-40191,3,0.1660468681559351,False,0.0030235627984991032
16-184750,21-20759,1,0.3124288148957151,False,0.0007470520948462071
16-18733,16-183509,1,0.2344059538586,False,0.0008875510539377192
16-19242,16-74267,1,0.2486050871005978,False,0.0004925007829249125
16-19242,17-3197,2,0.1366963906127762,False,0.0005371467292099257
16-20762,20-65753,1,0.8010534248663123,True,0.999999999999
16-20762,20-111698,2,0.436205468593636,False,0.999999999999
16-20762,20-110309,3,0.2816052524233351,False,0.999999999999
16-20762,20-138135,4,0.2775320120868297,False,0.999999999999
16-20762,20-8845,5,0.244910927567802,False,0.999999999999
16-20762,20-124045,6,0.2319983759060622,False,0.999999999999
16-20762,20-142015,7,0.2196522551683379,False,0.999999999999
16-20762,20-32737,8,0.1722486642388613,False,0.999999999999
16-20762,20-5957,9,0.1120919532281112,False,0.999999999999
16-25268,19-34512,1,0.367113617077607,True,0.0006621529802157725
16-25268,19-51014,2,0.3483623387474926,False,0.0006587768540675302
16-25313,19-80203,1,0.3024812166480515,False,0.0006564152180168516
16-25313,19-73678,2,0.2182846544060042,False,0.003390659911185259
16-25313,19-59879,3,0.1923688055369755,False,0.003193530610401451
16-25313,19-43671,4,0.1517426627481997,False,0.003335764449801052
16-26260,20-114032,1,0.1924798715819449,False,0.004827706605512131
16-26598,20-25157,1,0.3408240147629168,True,0.0035376004809458093
16-26598,20-16042,2,0.3161853813857815,False,0.0034605078171796597
16-26598,20-15455,3,0.3027211495687429,False,0.0031864737326416184
16-26598,20-13755,4,0.2986147106725537,False,0.003182807369553696
16-26598,19-174809,5,0.2346344641690007,False,0.004126902454378047
16-26598,19-159320,6,0.2075997665130523,False,0.0005461093857770274
16-26598,19-145053,7,0.1575228478000089,False,0.004401031433675828
16-26598,20-93634,8,0.1434688058959913,False,0.003708597744874598
16-26598,19-130357,9,0.1180018749137009,False,0.0005730481152707815
16-2845,19-6267,1,0.2990544588569919,False,0.003662894501062809
16-2845,19-54406,2,0.2278047080545003,False,0.000497523269217225
16-2845,19-58204,3,0.1953517246523259,False,0.0032741025993929655
16-2845,18-142560,4,0.1947512835942136,False,0.0034289346575119587
16-2845,18-130463,5,0.1599569524473493,False,0.0046711507944912495
16-30120,20-97584,1,0.2405316222474326,False,0.0006924644931511723
16-30120,21-31568,2,0.2259244170130515,False,0.001115642101728501
16-30120,21-50635,3,0.1753759456047375,False,0.0011283174949869453
16-30120,21-51104,4,0.1728909329829172,False,0.0030005118556497698
16-30963,20-70265,1,0.920357462778618,True,0.999999999999
16-30963,20-71496,2,0.3322054314498467,False,0.999999999999
16-30963,20-61728,3,0.2971807984684483,False,0.999999999999
16-30963,20-58079,4,0.2857588369367259,False,0.999999999999
16-30963,20-49221,5,0.2575924293585848,False,0.999999999999
16-30963,20-35779,6,0.2188288813899053,False,0.999999999999
16-30963,20-20672,7,0.1783237109055969,False,0.999999999999
16-30963,20-17802,8,0.1700591201603999,False,0.999999999999
16-30963,20-10119,9,0.1697273141869263,False,0.999999999999
16-30963,20-133527,10,0.1647539691649552,False,0.999999999999
16-30963,20-144067,11,0.13463882593141,False,0.999999999999
16-30963,19-187630,12,0.1062253148317675,False,0.999999999999
16-31513,16-128178,1,0.3643223763359384,True,0.0004929197618727694
16-31513,16-128161,2,0.3583702225834655,False,0.0004795023910926619
16-31513,16-137769,3,0.3503061457716872,False,0.0004800678610807985
16-31513,16-135042,4,0.3316515384424846,False,0.0005001883618922574
16-31513,16-155479,5,0.3112016967724143,False,0.0005122867664825027
16-31513,16-103833,6,0.304989828229562,False,0.0005217565960932393
16-31513,16-153330,7,0.2742040104818791,False,0.0007355891760925284
16-31513,16-102715,8,0.2658547980537074,False,0.0005340954067998743
16-31513,16-80903,9,0.26347213959835,False,0.000605004735842999
16-31513,16-49246,10,0.2559997362866207,False,0.0016457423617823696
16-31513,16-57014,11,0.2498684667476397,False,0.001207683527829224
16-31513,16-73215,12,0.2001794180044674,False,0.0005207564734697831
16-31513,16-71885,13,0.1976774134757785,False,0.0005708132685562003
16-31513,16-54370,14,0.1912965128108858,False,0.000578755773791372
16-31513,16-54197,15,0.1815010532968796,False,0.0005293557610889874
16-31513,16-63342,16,0.1770504287558636,False,0.0005470856378844507
16-31513,16-37108,17,0.1676938839213586,False,0.0008037292130697695
16-31513,17-13461,18,0.1573869218239088,False,0.0004884459735810404
16-31513,16-33283,19,0.1446021371534613,False,0.0007371885420678438
16-31513,16-33632,20,0.1363815914331503,False,0.0006503634308277829
16-32344,20-125567,1,0.3769225178730954,True,0.0035180191404714086
16-32344,20-70855,2,0.2680787966659314,False,0.003154564352600405
16-32344,20-116086,3,0.2162235341457735,False,0.0037345768536782772
16-32344,20-12202,4,0.1877590427421698,False,0.010256983618048564
16-32977,20-52846,1,0.5124361991117563,True,0.02279131548092594
16-33283,20-32203,1,0.3818862146687873,True,0.0006658489216371105
16-33283,20-34392,2,0.3753492791848848,False,0.0007575115916761889
16-33283,20-26585,3,0.3656313776494924,False,0.0006514341483697881
16-33283,20-26328,4,0.3577811509053162,False,0.0006633911148179262
16-33283,20-37940,5,0.3215866548955158,False,0.003238608758364749
16-33283,20-54283,6,0.3164903216728393,False,0.0007174663677998224
16-33283,20-21049,7,0.3128479804963033,False,0.00047412007658925563
16-33283,20-12070,8,0.309772229522558,False,0.0028418502366237344
16-33283,20-25276,9,0.3028636681491361,False,0.0031629178595328268
16-33283,20-66643,10,0.2993190129741335,False,0.0006716486286225532
16-33283,20-11000,11,0.2786087250558119,False,0.0032689762693940807
16-33283,19-191665,12,0.2727341883238606,False,0.0007508960359491327
16-33283,20-49949,13,0.2470213737408728,False,0.003478840778374299
16-33283,19-189628,14,0.2388536267466104,False,0.0004847436780901825
16-33283,19-189603,15,0.2193989206205082,False,0.003163149312179802
16-33283,20-86796,16,0.2138544969584117,False,0.0007374275375293382
16-33283,20-78012,17,0.1814079010835408,False,0.0034231633661470336
16-33283,20-98264,18,0.1674156811213315,False,0.0030186483098781822
16-33283,20-98214,19,0.1674156811213315,False,0.0030186483098781822
16-33283,20-91517,20,0.1460500618906467,False,0.0032811608437682454
16-33283,19-158679,21,0.1454400500303753,False,0.0006579917274793682
16-33283,19-151382,22,0.1359719824964367,False,0.0036290155793015427
16-33283,19-156899,23,0.1287505112477016,False,0.0033278898655882605
16-33283,20-106651,24,0.1126101335087315,False,0.0005769865262048263
16-33632,20-26585,1,0.4729446083787131,True,0.0031491494003170416
16-33632,20-34392,2,0.4325297607123005,False,0.0032582740160022644
16-33632,20-32203,3,0.4255177746764283,False,0.0029747654907349994
16-33632,20-54283,4,0.3736708032002549,False,0.0028534794005381833
16-33632,20-12070,5,0.3704653921263652,False,0.0029931776533915285
16-33632,20-26328,6,0.3696722592202148,False,0.0006605259643127241
16-33632,20-66643,7,0.362447458131048,False,0.0022042877339934945
16-33632,20-21049,8,0.354076737720023,False,0.0005904413739075791
16-33632,20-37940,9,0.3400406342212059,False,0.0034735703160473233
16-33632,20-25276,10,0.3359392574184983,False,0.00397559407213378
16-33632,19-191665,11,0.3271186930072081,False,0.0034675481666645034
16-33632,19-189603,12,0.2866606439844175,False,0.006207166435009999
16-33632,20-11000,13,0.2487898192206852,False,0.004653255262171646
16-33632,20-49949,14,0.2433881102905268,False,0.004608809593484902
16-33632,20-98264,15,0.228784494086728,False,0.009738948729505365
16-33632,20-98214,16,0.228784494086728,False,0.009738948729505365
16-33632,19-189628,17,0.2287791649216315,False,0.0007827611600380468
16-33632,20-86796,18,0.2164686388476749,False,0.000716475945906458
16-33632,20-91517,19,0.1857693835479822,False,0.004184909639343701
16-33632,20-78012,20,0.177951518292791,False,0.004038851186502598
16-33632,19-156899,21,0.1549437655370618,False,0.0038340731331867168
16-33632,19-158679,22,0.1415221200175208,False,0.002135574126444949
16-33632,19-151382,23,0.1313577607529504,False,0.0035529700002394173
16-33632,20-106651,24,0.1152120701590643,False,0.0005582279980455093
16-35152,20-93634,1,0.3531794267238449,True,0.0006476216351396114
16-35152,20-25157,2,0.1222448532632501,False,0.003607600850947923
16-3538,19-144868,1,0.2495731089921842,False,0.999999999999
16-3538,19-181393,2,0.2131988583995812,False,0.999999999999
16-3538,19-10428,3,0.1934466203282835,False,0.999999999999
16-3538,19-12828,4,0.1837744057424533,False,0.999999999999
16-3538,19-187630,5,0.1298266771039471,False,0.999999999999
16-36374,17-17888,1,0.1754047019933788,False,0.000517437143354609
16-36496,20-57925,1,0.274935097385371,False,0.0031719712851448322
16-36496,20-119246,2,0.093562828710291,False,0.000826606017502387
16-36496,20-114632,3,0.0758821453988587,False,0.004813365993746215
16-37108,17-55087,1,0.4377157779702438,True,0.0019010301561969791
16-37108,17-51157,2,0.4325316555076325,False,0.01974520111688068
16-37108,17-50845,3,0.3780778738731274,False,0.0006100912647795791
16-37108,17-58214,4,0.3495930918783028,False,0.005923794081889505
16-37108,17-65753,5,0.314206895944696,False,0.00048649043276367013
16-37108,17-53540,6,0.2913626374308999,False,0.000659108896565517
16-37108,17-77744,7,0.2530358743998005,False,0.0006606062630194967
16-37108,17-76616,8,0.2440314956092552,False,0.0031855899418256144
16-37108,17-73536,9,0.2437072081071276,False,0.0031939477272242335
16-37108,17-13461,10,0.2421062978137345,False,0.0031992808305150505
16-37108,16-155479,11,0.2370182170680682,False,0.01588065619687535
16-37108,17-111330,12,0.2358095430372762,False,0.009543757974451594
16-37108,17-106054,13,0.2345887043843461,False,0.006465340782246124
16-37108,17-68985,14,0.2206585156540539,False,0.0035235070696553257
16-37108,17-91935,15,0.2190288428270768,False,0.003492404836881587
16-37108,17-106009,16,0.1714844084432456,False,0.003267043985422216
16-37108,16-153330,17,0.1001484919634869,False,0.005808155326443843
16-38113,20-85738,1,0.099157176940839,False,0.003523520812197873
16-40204,20-47606,1,0.3022901523424235,False,0.003613328584610976
16-40204,20-94462,2,0.1406707299610056,False,0.00420523263203129
16-40204,20-96618,3,0.1387103841676237,False,0.0037813382744157947
16-40204,19-169357,4,0.1323031236107987,False,0.003607133436741952
16-40204,20-103852,5,0.1059415294344883,False,0.0038936964519634275
16-4040,20-22311,1,0.1922618575493841,False,0.00500660656020092
16-40838,19-29459,1,0.1486369836168529,False,0.0004942696787735552
16-40880,20-96600,1,0.3615811429978617,True,0.000697288004920641
16-40880,20-111877,2,0.3464145169627277,False,0.002112799235000082
16-40880,20-31844,3,0.2747431081947418,False,0.0030366571120221454
16-40880,20-35694,4,0.2199202623123924,False,0.0004888150818888742
16-40880,20-25372,5,0.157250029517663,False,0.0032727782432950153
16-40880,20-152526,6,0.0964751274026639,False,0.0035844277872232695
16-42023,19-34598,1,0.3474493967199277,True,0.004544782139509603
16-42023,19-46291,2,0.3438067138188988,False,0.0005647136107416103
16-42023,19-87510,3,0.2606810933406082,False,0.003973356177437465
16-42023,18-132522,4,0.0622448532632501,False,0.017343209545982965
16-42170,20-59734,1,0.1788074275897891,False,0.004838159932811279
16-45870,19-127477,1,0.4666629522650822,True,0.003871611894475447
16-45870,20-66280,2,0.3601184808234157,False,0.0021739553735044565
16-45870,19-176963,3,0.3353736359092301,False,0.002118473389863179
16-45870,20-31457,4,0.2828329110445847,False,0.003370425533698498
16-45870,20-10269,5,0.2339139200175608,False,0.0035598366421559485
16-45870,20-47368,6,0.2328773655694031,False,0.005484024150302571
16-45870,19-169306,7,0.1784132511061006,False,0.0008303489477881926
16-45870,20-85492,8,0.1549697038166344,False,0.005448842456240032
16-45870,19-169787,9,0.1538885029676863,False,0.0005866882514788352
16-47620,20-58079,1,0.7681728630372606,True,0.999999999999
16-47620,20-71496,2,0.2799627682873412,False,0.999999999999
16-47620,20-133527,3,0.2760840998685939,False,0.999999999999
16-47620,20-144067,4,0.2758936070360188,False,0.999999999999
16-47620,20-70265,5,0.2142791974190331,False,0.999999999999
16-47620,20-155309,6,0.2090122645641699,False,0.999999999999
16-47620,20-61728,7,0.2049580327227044,False,0.999999999999
16-47620,20-49221,8,0.1428259366618043,False,0.999999999999
16-47620,20-35779,9,0.1390232378907492,False,0.999999999999
16-47825,16-168154,1,0.2793648823930015,False,0.0004766180231240763
16-47825,16-178183,2,0.2414761614794474,False,0.0005314106339098866
16-47825,16-100426,3,0.2291851631304984,False,0.0005325892727713169
16-47825,16-81907,4,0.2063826495686957,False,0.00047257665614336175
16-47825,16-70219,5,0.1799233597920581,False,0.0004883865333192275
16-47825,17-20859,6,0.1790221582608653,False,0.0004835144964982743
16-47825,16-70307,7,0.1698393409471497,False,0.0004810503864269463
16-47825,17-30623,8,0.1502770859875407,False,0.0004993150185544331
16-47825,17-23552,9,0.1415948178788405,False,0.0005027881800879333
16-47825,16-57562,10,0.1404199591443335,False,0.0004976842176151323
16-47825,16-62950,11,0.1379773669838513,False,0.0005829626449598735
16-48016,19-80203,1,0.3730239750626647,True,0.0012284837350151326
16-48016,19-73678,2,0.2850011153163301,False,0.005273018796824129
16-48016,19-59879,3,0.241700909323076,False,0.004724327659514962
16-48016,19-43671,4,0.2072961377857899,False,0.00488101909413461
16-48130,20-155309,1,0.2831816968497829,False,0.999999999999
16-48130,20-144067,2,0.2775269789183303,False,0.999999999999
16-48130,20-133527,3,0.2154962915876133,False,0.999999999999
16-48232,20-97584,1,0.2406634732441631,False,0.0006930326751769812
16-48232,21-31568,2,0.2259032289988175,False,0.0011214653996368363
16-48232,21-50635,3,0.1753527272116864,False,0.001134190314668702
16-48232,21-51104,4,0.1728909329829172,False,0.0030005118556497698
16-49246,16-137769,1,0.3351680301026624,True,0.00046541928674108065
16-49246,16-155479,2,0.3266752192722551,False,0.0005078980156231054
16-49246,16-153330,3,0.322306185768286,False,0.0007173400232090327
16-49246,16-128161,4,0.3199230732370288,False,0.0004656770684397956
16-49246,16-135042,5,0.3135374523012108,False,0.0005400532435734708
16-49246,16-128178,6,0.3018307162544333,False,0.0004596810178989605
16-49246,16-80903,7,0.2753231410187137,False,0.0014992382763646685
16-49246,16-102715,8,0.2310535105249024,False,0.00046442827169522715
16-49246,16-103833,9,0.2225702949427763,False,0.0005100755099474671
16-49246,17-13461,10,0.1935118048646637,False,0.0006273135926131675
16-49246,16-71885,11,0.1795948714807703,False,0.0005155745419922338
16-49246,16-73215,12,0.1512534416807529,False,0.0005542617984988071
16-49246,16-63342,13,0.1449767881162878,False,0.0004981440945054757
16-49246,16-57014,14,0.1079697909678704,False,0.0005797930629766504
16-49246,16-54197,15,0.1059280666499881,False,0.0005759249404171202
16-49246,16-54370,16,0.1056292109828183,False,0.0005784131437354689
16-49246,17-50845,17,0.099975102122556,False,0.0006322582974858166
16-49315,16-153372,1,0.6298843442969597,True,0.8479216667373243
16-5277,19-136955,1,0.2862397784066974,False,0.0037042958138393473
16-5277,19-169787,2,0.227652683678639,False,0.000623661065039224
16-5277,19-85688,3,0.2071903163472596,False,0.00511026216538978
16-5277,19-169306,4,0.2031279355402246,False,0.004259416314541605
16-5277,19-35566,5,0.1764315311336061,False,0.007651885212846973
16-5277,19-47186,6,0.1656043166715106,False,0.0004972946084639472
16-5277,19-176963,7,0.1215834140157232,False,0.004820010925670953
16-5277,20-10269,8,0.0895270886617345,False,0.004635472500191964
16-54197,20-49949,1,0.3618690541838042,True,0.0006854885341357282
16-54197,20-66643,2,0.3091763291797949,False,0.003759333276573714
16-54197,20-54283,3,0.3059184758159596,False,0.003918822612235047
16-54197,20-78012,4,0.2914660802476622,False,0.0007264152397074596
16-54197,20-37940,5,0.2911223999127427,False,0.0032250345384947786
16-54197,20-26585,6,0.2873087814517088,False,0.003924848390613325
16-54197,20-21049,7,0.2787802212818568,False,0.00047582971960543046
16-54197,20-25276,8,0.2696554670207884,False,0.003413858590849071
16-54197,20-11000,9,0.2691005037274497,False,0.000663017841687422
16-54197,20-34392,10,0.263485273888671,False,0.003832228206980675
16-54197,20-32203,11,0.2608375355612826,False,0.0033677272868602396
16-54197,20-26328,12,0.2504809118137725,False,0.0031469991297921667
16-54197,20-91517,13,0.2146506006314053,False,0.003345445877832558
16-54197,20-86796,14,0.2051679779931821,False,0.0035800516821509303
16-54197,20-12070,15,0.2039094454978491,False,0.0035695456417301325
16-54197,19-189628,16,0.197468895070255,False,0.0004724161151747313
16-54197,19-189603,17,0.1889377304356088,False,0.0035823767504852585
16-54197,20-106651,18,0.1639304889496257,False,0.000542031159444162
16-54197,20-98264,19,0.1621311605669297,False,0.004297617539242088
16-54197,20-98214,20,0.1621311605669297,False,0.004297617539242088
16-54197,19-191665,21,0.1594799114888986,False,0.003917723548179482
16-54197,20-115663,22,0.1105895884108466,False,0.0034055648946765054
16-54197,19-158679,23,0.1019461829753052,False,0.0006360952928421035
16-54197,19-156899,24,0.0899311680311832,False,0.004356001571253517
16-54252,19-190109,1,0.1733622948468607,False,0.003252463576837848
16-54370,20-49949,1,0.3606497122905699,True,0.0006986955554736997
16-54370,20-54283,2,0.3055166236974764,False,0.004004821935429113
16-54370,20-66643,3,0.301687045365328,False,0.0035056220086669104
16-54370,20-21049,4,0.300538768167487,False,0.0005727661374083727
16-54370,20-78012,5,0.2907019971774113,False,0.0007439201442467405
16-54370,20-37940,6,0.2880016154007918,False,0.003180770189020325
16-54370,20-26585,7,0.2802256297080156,False,0.0036533775364291825
16-54370,20-11000,8,0.2683673874516314,False,0.0006667216294876932
16-54370,20-25276,9,0.2658789325620059,False,0.0033210421010622417
16-54370,20-34392,10,0.2630834217701877,False,0.003916334670748532
16-54370,20-32203,11,0.2601025925535393,False,0.0034167800268718783
16-54370,20-26328,12,0.2512402674560404,False,0.0031446870490587316
16-54370,20-91517,13,0.2122196661428838,False,0.003295441047355372
16-54370,20-86796,14,0.204979198159685,False,0.0036010915004126036
16-54370,20-12070,15,0.2040640182057354,False,0.003553577224925561
16-54370,19-189628,16,0.1971634047581715,False,0.0004722446522084841
16-54370,19-189603,17,0.1859982092608247,False,0.0034979057099937404
16-54370,20-106651,18,0.1637435593124334,False,0.00054524045042508
16-54370,20-98264,19,0.16219901323851,False,0.0042733965215689465
16-54370,20-98214,20,0.16219901323851,False,0.0042733965215689465
16-54370,19-191665,21,0.159125206267222,False,0.003992343363736259
16-54370,20-115663,22,0.1095318385413419,False,0.003413229252144662
16-54370,19-158679,23,0.1016786829222726,False,0.0006378752058714948
16-54370,19-156899,24,0.0984974222526577,False,0.004623246401457395
16-5452,20-35694,1,0.2929585988727217,False,0.0005528405830855103
16-5452,20-96600,2,0.2488989339888289,False,0.0034969632459795766
16-5452,20-25372,3,0.2235851613342437,False,0.003352821809033051
16-5452,20-31844,4,0.2153203028722337,False,0.003514477301509584
16-5452,20-111877,5,0.1745710480653836,False,0.003266272360710311
16-55322,16-118029,1,0.1036357669457601,False,0.0006154808675189449
16-55322,16-118057,2,0.0995293280495708,False,0.0006438400671789185
16-55859,16-82345,1,0.162731754402977,False,0.0004861016371276179
16-56698,20-47606,1,0.3112132460022495,False,0.003234374414998674
16-56698,20-96618,2,0.2928590704227918,False,0.010932391373272113
16-56698,20-103852,3,0.2465988291132754,False,0.008775218684517638
16-56698,20-94462,4,0.1788171925088642,False,0.004830977929532213
16-56698,19-169357,5,0.1027280516867473,False,0.00345873151937314
16-56698,20-115241,6,0.0979933727238989,False,0.005185256261346635
16-57014,16-155479,1,0.3819205811287137,True,0.0005867142268845719
16-57014,16-153330,2,0.3341376083579219,False,0.0006495525380045694
16-57014,16-135042,3,0.3166189016372395,False,0.0004593700736522217
16-57014,16-137769,4,0.3149364955731253,False,0.0004630481109682186
16-57014,16-128178,5,0.2966869837906811,False,0.0004612159088074757
16-57014,16-128161,6,0.2901904822746602,False,0.0005152593567890095
16-57014,16-103833,7,0.2649126372477837,False,0.0006464603260908205
16-57014,17-13461,8,0.2240015125573203,False,0.000468535549259208
16-57014,16-102715,9,0.2191128074265487,False,0.00046662556197229034
16-57014,17-50845,10,0.1800529338650064,False,0.0009022667145030315
16-57014,17-55087,11,0.1707666176514807,False,0.0014047675289414034
16-57014,16-80903,12,0.1559831013273205,False,0.0005414691476320024
16-57014,17-51157,13,0.1539977854355711,False,0.0007858831834676328
16-57014,16-71885,14,0.1416353571441197,False,0.0005398802088544114
16-57014,16-73215,15,0.1388494109886713,False,0.0005956106574565982
16-57014,16-63342,16,0.1263614257998324,False,0.0005146889125765815
16-57562,19-127477,1,0.4317903295191623,True,0.002204195451431997
16-57562,20-66280,2,0.3980360429243444,False,0.002131564629696098
16-57562,19-176963,3,0.2987829774394617,False,0.0021448051229851425
16-57562,20-47368,4,0.2675667980727113,False,0.013717890539445507
16-57562,20-31457,5,0.2397464441778982,False,0.005443601594625921
16-57562,20-10269,6,0.1935681258914705,False,0.005062938655636588
16-57562,20-85492,7,0.189544459045116,False,0.013837066052970876
16-57562,19-169306,8,0.1397506360552802,False,0.0012088451052939839
16-57562,19-169787,9,0.1152258879168658,False,0.0008459425505603336
16-57663,17-48667,1,0.2896361761675544,False,0.0036205149193384357
16-57663,17-66007,2,0.2867301795882611,False,0.013798465823535208
16-57663,17-80512,3,0.2557888846148128,False,0.0034322478040090406
16-57663,17-20825,4,0.2130789966862267,False,0.004754528500533355
16-577,16-98551,1,0.2718581023260175,False,0.00046936694780599756
16-58728,20-96600,1,0.3606997052654669,True,0.0006927135718194195
16-58728,20-111877,2,0.3459052243906964,False,0.002111535024244517
16-58728,20-31844,3,0.2746893846710269,False,0.0030547603915366344
16-58728,20-35694,4,0.2191607268864905,False,0.0004865902088786717
16-58728,20-25372,5,0.1566905710549323,False,0.0032682957354472934
16-58728,20-152526,6,0.0959292986581009,False,0.0035802746891167017
16-59706,20-96618,1,0.3045247481384143,False,0.014107983438759238
16-59706,20-94462,2,0.303631118071981,False,0.004126883157593877
16-59706,20-103852,3,0.2833547630885482,False,0.005796763665529551
16-59706,20-115241,4,0.2400553048870763,False,0.005070827018215796
16-59706,20-47606,5,0.1449478211215297,False,0.004145324546532464
16-59706,20-150854,6,0.1337330323125207,False,0.004883636317848892
16-61061,20-25157,1,0.2734073920378049,False,0.0012570106921323658
16-61061,20-15455,2,0.271774325958221,False,0.0006583917192673785
16-61061,20-93634,3,0.268482110805581,False,0.0006601236600107037
16-61061,20-13755,4,0.2676678870620317,False,0.0006592699385220708
16-61061,20-16042,5,0.2487687586606695,False,0.0012649750699279935
16-61061,19-174809,6,0.2396607302903864,False,0.0023801614960662393
16-6135,20-19626,1,0.2464570893500041,False,0.0004684899737812112
16-6135,20-19624,2,0.2439221699138171,False,0.0004785710704613443
16-6135,20-118393,3,0.2072316869123826,False,0.0008659645868588042
16-61484,20-125567,1,0.3460529029063824,True,0.004858512493681271
16-61484,20-116086,2,0.3116128465683127,False,0.0037168583998175293
16-61484,21-16505,3,0.255863956098003,False,0.0011302815653914647
16-61484,21-35651,4,0.2256559084298584,False,0.0019338734116471036
16-61484,20-70855,5,0.1645645926562726,False,0.003586495736589339
16-62950,19-47186,1,0.2978847187871077,False,0.000490355875547417
16-62950,19-85688,2,0.2650358078947569,False,0.0047787077019461645
16-62950,19-35566,3,0.2386787579769169,False,0.003642355093929567
16-62950,19-16795,4,0.2319983900037955,False,0.00046486376261726414
16-62950,19-11075,5,0.1896790733152278,False,0.00319660506460079
16-62950,19-8916,6,0.1704458700155765,False,0.003894646977135787
16-62950,19-136955,7,0.1356175538898642,False,0.003840884012076403
16-62950,18-117389,8,0.1120396524227701,False,0.00339745030537553
16-62960,20-96600,1,0.3544521029517266,True,0.003921505521221178
16-62960,20-111877,2,0.3194146204382588,False,0.005070943923772825
16-62960,20-35694,3,0.2005036031192895,False,0.0006080900298239111
16-62960,20-152526,4,0.1619136306683123,False,0.0039247241749918805
16-62960,20-25372,5,0.1411683932133249,False,0.004082664182202345
16-62960,20-31844,6,0.1148439569735991,False,0.004245048630088484
16-63342,17-143219,1,0.338719915631517,True,0.00047505247139898024
16-63342,17-143241,2,0.3076157701633548,False,0.0036599994068987297
16-63342,17-168569,3,0.291987832324903,False,0.0033866929866028053
16-63342,17-158224,4,0.2838027017109173,False,0.0038904752346707377
16-63342,17-167707,5,0.2692960944309865,False,0.003235888585104639
16-63342,17-129614,6,0.2664652097294385,False,0.0035210487902329426
16-63342,17-179112,7,0.2474391807319235,False,0.0031625762932258783
16-63342,17-173663,8,0.2380575616906197,False,0.0037325171737613723
16-63342,17-111330,9,0.2260652941071411,False,0.0031999406529980563
16-63342,18-18447,10,0.2196676976595429,False,0.0004926013248717341
16-63342,18-21811,11,0.2107724867939085,False,0.0004925530989336702
16-63342,17-106009,12,0.201125113091304,False,0.003305267988071755
16-63342,17-106054,13,0.1972925383668018,False,0.003553201706764081
16-63342,18-20656,14,0.1926884532604707,False,0.0004910866972307945
16-63342,18-11225,15,0.1863982810675833,False,0.003309259461572284
16-63342,17-91935,16,0.1828741267422049,False,0.00327435826518868
16-63342,17-77744,17,0.1551973577346218,False,0.0005186307975043582
16-63342,17-68985,18,0.1498817381887106,False,0.0033424544203990883
16-63342,17-65753,19,0.1466562241249643,False,0.0005225696264985402
16-63342,18-35370,20,0.1454516348302361,False,0.0006573032266121209
16-63342,18-28651,21,0.1449945991949145,False,0.0032754676446038996
16-63342,17-76616,22,0.1285780259252944,False,0.003438240884493946
16-63342,17-73536,23,0.1169343474157007,False,0.0035093891143495115
16-63342,17-53540,24,0.1168705947035224,False,0.000552647263946288
16-63342,18-46720,25,0.1081291306039692,False,0.0036037084635757674
16-63342,18-37028,26,0.1033092422251423,False,0.014617308258355464
16-63342,17-55087,27,0.0985695381444959,False,0.0008253773215514086
16-63342,17-58214,28,0.0794717570081871,False,0.003926871544598554
16-63342,18-53378,29,0.0698427468172816,False,0.004336252533127084
16-63342,18-53804,30,0.0654245753558954,False,0.006097819074388351
16-63741,16-118029,1,0.0636836239261725,False,0.005590889830290703
16-6558,19-80203,1,0.3029425727298723,False,0.0006546812412928414
16-6558,19-73678,2,0.2185706418078921,False,0.0033731796104017556
16-6558,19-59879,3,0.1929441417510858,False,0.003190506739266591
16-6558,19-43671,4,0.1521424970110785,False,0.003323990446985468
16-65767,16-92246,1,0.3680421223106888,True,0.0181972518863634
16-67461,20-47606,1,0.2566162943495401,False,0.013703793446224358
16-67461,20-94462,2,0.2046014016644765,False,0.013781223893918247
16-67461,20-96618,3,0.2004949627682873,False,0.013795009794596642
16-67461,20-103852,4,0.1676434515987735,False,0.013946503119144162
16-67461,20-115241,5,0.1238414367060884,False,0.014313291255675726
16-67782,16-131471,1,0.1854380201489268,False,0.013854897970780265
16-68218,18-101350,1,0.4883345058615889,True,0.003046250341771625
16-68218,18-53373,2,0.2615762795365624,False,0.005613299989811138
16-68218,18-77300,3,0.2589865248832231,False,0.003259876547302871
16-68218,18-37425,4,0.2209544588163473,False,0.0059982827210942665
16-68218,18-54467,5,0.1993793598942245,False,0.0032107112797862282
16-68218,18-47589,6,0.1954491738994093,False,0.003283505460471187
16-68218,18-10415,7,0.1588475797956119,False,0.008391024083269567
16-68218,18-18602,8,0.0916377205768573,False,0.00437284863922006
16-68672,16-151274,1,0.4032826475866343,True,0.001057053101398279
16-68672,17-19962,2,0.2652997634755379,False,0.0005714275314654564
16-68672,16-92101,3,0.1494615819320517,False,0.0005990756866458212
16-70203,20-96600,1,0.3744460609861176,True,0.0007395746649241398
16-70203,20-111877,2,0.3697633238485295,False,0.0028044542829586535
16-70203,20-31844,3,0.2315221200175208,False,0.009709868605395423
16-70203,20-35694,4,0.154931094569244,False,0.0005373771885130103
16-70203,20-152526,5,0.1185858863278757,False,0.004338067803892767
16-70203,20-25372,6,0.096758725375669,False,0.004436193838832549
16-70219,20-66280,1,0.4433390428765084,True,0.002190073747448224
16-70219,19-127477,2,0.4249947285616148,False,0.002126243932332699
16-70219,20-47368,3,0.298607966895317,False,0.005525645157410835
16-70219,19-176963,4,0.2713067254451353,False,0.0021927895597647516
16-70219,20-85492,5,0.2242430065144772,False,0.0037600972196041227
16-70219,20-31457,6,0.2105404595545269,False,0.004627829317370538
16-70219,20-10269,7,0.1673105319106497,False,0.0037398604725054313
16-70307,16-168154,1,0.3361767239929404,True,0.000711287044268128
16-70307,16-178183,2,0.3026586359710855,False,0.0007853677989707262
16-70307,17-20859,3,0.2235895830568627,False,0.0006220711695809095
16-70307,17-23552,4,0.217601457594573,False,0.00047043920727967103
16-70307,17-30623,5,0.1948445107835381,False,0.000628842184931985
16-70307,16-100426,6,0.1615354346417263,False,0.0006011810700728092
16-70307,16-81907,7,0.1302359028014736,False,0.0005139278472487088
16-71885,16-155479,1,0.3145300436499493,False,0.00047283834233905305
16-71885,16-153330,2,0.3103381733521197,False,0.0004900169666143271
16-71885,16-137769,3,0.262100631911397,False,0.0004929688559790817
16-71885,16-135042,4,0.2582692125850123,False,0.0005043681368291932
16-71885,17-13461,5,0.2519718602865671,False,0.0005755601171398628
16-71885,16-128161,6,0.2460864899830384,False,0.0004909589565755311
16-71885,16-128178,7,0.2394378912146527,False,0.00047456060129340646
16-71885,16-102715,8,0.1802469334056126,False,0.00048569168617808273
16-71885,17-51157,9,0.1769794607075424,False,0.0005298898814695571
16-71885,16-103833,10,0.1741284575113854,False,0.00047924617303568687
16-71885,17-50845,11,0.1529544672684468,False,0.0006199267200420252
16-71885,17-55087,12,0.1443715639986088,False,0.0005235600529777947
16-71885,16-80903,13,0.1438572104855898,False,0.0005909693126974283
16-71885,17-58214,14,0.1313155403052569,False,0.0005406509154771982
16-71885,17-53540,15,0.1207587732593143,False,0.0006227003863741432
16-71885,17-65753,16,0.1127180472566345,False,0.0006301819070247253
16-72442,21-15299,1,0.3886570132852661,True,0.002134247701821572
16-72442,21-76925,2,0.3197282322573466,False,0.3165231084320898
16-72442,20-118996,3,0.2735006804124761,False,0.0006899804993796275
16-72442,21-26465,4,0.272968720277188,False,0.000995802198287082
16-72442,20-136269,5,0.2645111522110406,False,0.0033959870263967633
16-72442,21-78563,6,0.2567651778283805,False,0.01795171791413398
16-72442,21-13248,7,0.2534084965330424,False,0.003936630404383799
16-72442,21-45622,8,0.1632540583755718,False,0.0035832657087360837
16-72442,21-58722,9,0.1305597312345039,False,0.0036449247779514003
16-72442,20-88353,10,0.1003163410278934,False,0.0036804849258716197
16-72521,16-113197,1,0.4279458079468495,True,0.05487781887011061
16-73142,20-96618,1,0.3418550994319318,True,0.0035414220472609454
16-73142,20-103852,2,0.3160554168669081,False,0.0033558845142453
16-73142,20-94462,3,0.3028969558861579,False,0.004376682477376295
16-73142,20-115241,4,0.239773418485677,False,0.005405075183679169
16-73142,20-47606,5,0.1482385705154581,False,0.003609404157669424
16-73142,20-150854,6,0.135260584647732,False,0.0042020304466682075
16-73199,16-75407,1,0.1017555838777281,False,0.0006373523259497286
16-73215,20-26328,1,0.495520666012774,True,0.999999999999
16-73215,20-66643,2,0.3740592141462564,False,0.0007877670818105322
16-73215,20-54283,3,0.3289356110381077,False,0.0028457979774813634
16-73215,20-86796,4,0.3099406583477034,False,0.0009893232382127799
16-73215,20-49949,5,0.2785173017958826,False,0.013751736754806466
16-73215,20-78012,6,0.2744108628996934,False,0.0137360814940892
16-73215,20-32203,7,0.2722273340326903,False,0.0006891565797382975
16-73215,20-34392,8,0.2700766535260622,False,0.0028549476448354095
16-73215,20-98264,9,0.2687078405606657,False,0.0028557884619437764
16-73215,20-98214,10,0.2687078405606657,False,0.0028557884619437764
16-73215,20-115663,11,0.2686585976200931,False,0.000986019146952118
16-73215,20-26585,12,0.2519770747581626,False,0.000761380446804777
16-73215,20-91517,13,0.2356631029127686,False,0.003929408615296552
16-73215,20-37940,14,0.2182116832087897,False,0.0038659826043285577
16-73215,20-106651,15,0.2087473179240323,False,0.0007143970314807795
16-73215,20-12070,16,0.2084800700832238,False,0.0029203743650175135
16-73215,20-21049,17,0.2039524454153725,False,0.0005874212631475981
16-73215,20-25276,18,0.1880170043914823,False,0.0039133508140740915
16-73215,19-191665,19,0.1660468681559351,False,0.0030235627984991032
16-73215,20-11000,20,0.1507692839889567,False,0.004043206240914382
16-73215,19-189628,21,0.1296777395584997,False,0.0007235810254485752
16-73215,19-189603,22,0.1047119462198001,False,0.004102905088065144
16-73215,20-132336,23,0.0814424175488822,False,0.004683419798587779
16-73215,20-142134,24,0.0673154523893499,False,0.004664041504904155
16-73358,19-114994,1,0.3429024763433869,True,0.004235919385479928
16-74267,20-29934,1,0.1913596791992406,False,0.0037956433552822663
16-74267,19-182466,2,0.1040105037016097,False,0.0007435954277007932
16-7640,20-19986,1,0.2892340147766889,False,0.0033257161326958992
16-7640,20-27417,2,0.268726203868658,False,0.0033895969839637043
16-7640,19-165120,3,0.2195214989211865,False,0.003162826767571452
16-7640,20-50446,4,0.2066913288129067,False,0.0032964543527331234
16-7640,20-62727,5,0.1966144282513986,False,0.003845935319587954
16-7640,20-68923,6,0.1354663413518128,False,0.003686593709683447
16-7640,20-70773,7,0.1341947903575119,False,0.0033419610902817257
16-7640,20-88353,8,0.1104755856506752,False,0.00407547536247638
16-7712,20-6485,1,0.4389460018263973,True,0.8597885760742672
16-7712,20-64610,2,0.3021973811374359,False,0.0007050714064078581
16-7712,20-4011,3,0.130732887050828,False,0.0008773642434449366
16-77563,19-160018,1,0.5678032034766622,True,0.999999999999
16-79523,18-97311,1,0.2262581500326498,False,0.0005696383501511744
16-79523,18-88858,2,0.1825603311285152,False,0.0036901800024151605
16-80903,16-155479,1,0.2949683854888829,False,0.0005266742047624212
16-80903,16-153330,2,0.2896182525849141,False,0.000692605794909334
16-80903,17-13461,3,0.2654094862201944,False,0.0005833217149165322
16-80903,16-137769,4,0.2556000194535963,False,0.0004629602825524434
16-80903,16-135042,5,0.242917972596653,False,0.0005299116008093811
16-80903,16-128161,6,0.2399407880243216,False,0.0004639444831769687
16-80903,16-128178,7,0.2197807464204716,False,0.0005309950261714719
16-80903,17-55087,8,0.1704152609029448,False,0.0004820448740557779
16-80903,17-50845,9,0.1691959521246189,False,0.0005434243564308469
16-80903,17-51157,10,0.1615838201568702,False,0.0005201243372713898
16-80903,16-102715,11,0.156655540732259,False,0.00048794451296204494
16-80903,17-58214,12,0.152804621499766,False,0.0004897771406190497
16-80903,16-103833,13,0.1521859164420883,False,0.0005227795947386265
16-80903,17-73536,14,0.1468366044191369,False,0.00061925701664807
16-80903,17-53540,15,0.1341832725522173,False,0.0006175412708052179
16-80903,17-65753,16,0.125196298901774,False,0.000659997386849951
16-80903,17-77744,17,0.0958565095211179,False,0.0007319591654488856
16-80903,17-76616,18,0.0955685007021768,False,0.0007323293469686297
16-81774,20-97584,1,0.3078056044108569,False,0.0006519818596813395
16-81774,20-27358,2,0.242910942866379,False,0.0006645309452120484
16-81774,20-16671,3,0.2043736311870346,False,0.0029273190749734552
16-81907,21-74412,1,0.1946863094294188,False,0.0026858401419003553
16-81907,20-85492,2,0.1112829519708914,False,0.005483656627141286
16-82345,17-56105,1,0.1460043751733013,False,0.0004988808424673555
16-82782,19-99589,1,0.4043205807981499,True,0.0117915806456894
16-83187,19-10579,1,0.1405008339065174,False,0.003287089433380928
16-83712,16-145933,1,0.2747246060816213,False,0.00046755339006665704
16-83712,16-86665,2,0.1018265440210249,False,0.0023242502923224847
16-84309,19-129278,1,0.2768205050851522,False,0.003912831531447985
16-84309,19-174098,2,0.2258753411486152,False,0.0044630427562532965
16-84309,19-184490,3,0.1954082549575674,False,0.004692259176154684
16-84309,19-79409,4,0.1488164352410402,False,0.004818416303627642
16-84309,19-75460,5,0.1408804180178628,False,0.004145561392096934
16-84309,20-12202,6,0.1357300035750573,False,0.004524764415039108
16-84309,19-44791,7,0.0925196266720367,False,0.0009283268987652377
16-84309,19-56150,8,0.0894070044851148,False,0.005633266514843053
16-84729,20-135543,1,0.9175667980727114,True,0.999999999999
16-8523,16-78789,1,0.3117094294070665,False,0.0005145456919951904
16-85552,21-16505,1,0.2555713474708248,False,0.0032367998744134946
16-85552,20-125567,2,0.2288968565057766,False,0.0033266401723195792
16-85552,21-35651,3,0.2067982448216677,False,0.0031737240695301335
16-85552,20-116086,4,0.1969995560952706,False,0.003583507734569803
16-85552,21-62138,5,0.1946827906621295,False,0.0006854210731542454
16-85552,21-67771,6,0.168203133770214,False,0.005103464876812791
16-85552,21-46043,7,0.163176153570637,False,0.003996858872218044
16-85619,19-174098,1,0.3819492365520663,True,0.0069882153164351184
16-85619,20-12202,2,0.3713487728771941,False,0.013010692734495776
16-85619,19-184490,3,0.3118975469520525,False,0.003353191403151743
16-85619,19-129278,4,0.2373807090848078,False,0.00517472315917839
16-85619,20-70855,5,0.1287413946610912,False,0.0010633683625464066
16-85662,21-16505,1,0.3963223966237515,True,0.004889814602655667
16-85662,20-125567,2,0.3555386869118144,False,0.005043290322938484
16-85662,21-35651,3,0.295164344061296,False,0.0020002708756130315
16-85662,20-116086,4,0.2601674471810147,False,0.003697133957025727
16-85662,21-46043,5,0.158733130468054,False,0.0008752918533990247
16-85662,20-70855,6,0.1133461479484833,False,0.0034050405374609254
16-86665,16-145933,1,0.249658344283837,False,0.002025261223795116
16-87635,20-106379,1,0.2715116914504008,False,0.0007908012468347183
16-87635,20-114106,2,0.1817290207131379,False,0.004122365099475632
16-87635,19-190328,3,0.0690889180902321,False,0.01598370237184729
16-87909,18-103711,1,0.3691438933741482,True,0.004746549055420735
16-87909,18-143391,2,0.2736904767451598,False,0.004004720861963373
16-88869,17-3608,1,0.3057796758650898,False,0.002025433849242908
16-9086,19-70735,1,0.3748263239981685,True,0.999999999999
16-9086,19-18263,2,0.3107592056541667,False,0.999999999999
16-9086,19-146419,3,0.2431989611411778,False,0.999999999999
16-9086,18-152399,4,0.13167980158955,False,0.999999999999
16-92101,21-4564,1,0.2562048389892482,False,0.004357568608523908
16-9226,19-6267,1,0.3119553399910926,False,0.0036770003053599267
16-9226,19-54406,2,0.2392940131224595,False,0.0005042175495553961
16-9226,19-58204,3,0.2078679502573515,False,0.003255809358107127
16-9226,18-142560,4,0.1828412457973909,False,0.003417330376898821
16-9226,18-130463,5,0.1493942746251517,False,0.004047884820861568
16-9226,19-112016,6,0.0736940730984223,False,0.004287386678733586
16-94711,20-91479,1,0.0840687789227145,False,0.004245012420606444
16-95121,18-92681,1,0.265241652871303,False,0.005157030001907439
16-95121,19-5147,2,0.2341104557291949,False,0.004955223404550402
16-96174,20-138135,1,0.3972588394997645,True,0.999999999999
16-96174,20-111698,2,0.3861419856356533,False,0.999999999999
16-96174,20-142015,3,0.3615780140214047,False,0.999999999999
16-96174,21-26779,4,0.2629960235397975,False,0.999999999999
16-96174,20-124045,5,0.2557832652125448,False,0.999999999999
16-96174,20-110309,6,0.2214903080515711,False,0.999999999999
16-96174,21-57207,7,0.1799942592706856,False,0.999999999999
16-96425,16-108742,1,0.4601809086145513,True,0.9999139223199617
16-96425,17-20203,2,0.2932014208416154,False,0.0004694647322816986
16-96425,17-62974,3,0.1797901546806577,False,0.0004810331786780074
16-98551,20-64610,1,0.3216317387979281,False,0.0006555689962613359
16-98551,20-6485,2,0.145514673674989,False,0.0031266355122138035
16-98551,20-4011,3,0.1424085562102272,False,0.0008167615304554277
16-98835,20-65717,1,0.549859119391592,True,0.999999999999
17-102039,21-103501,1,0.4370188259189891,True,0.002158150333050605
17-102039,21-156574,2,0.2510807278606728,False,0.0032325152383497107
17-102039,21-47350,3,0.2026815461919074,False,0.003307863454855969
17-102482,21-113953,1,0.6097060042537827,True,0.999999999999
17-102482,21-117615,2,0.5932802486690258,False,0.999999999999
17-102482,21-76925,3,0.4990115063131594,False,0.3390083494896347
17-102482,21-78563,4,0.4379709625844789,False,0.020879461631847666
17-102482,21-58722,5,0.2547722185905686,False,0.0039012542841243337
17-102482,21-15299,6,0.2070777115471192,False,0.0035188293435008343
17-102482,21-133549,7,0.2025630624790492,False,0.003742362687821039
17-102482,21-26465,8,0.1835758898053829,False,0.000757303344526699
17-102482,21-45622,9,0.1806363395490307,False,0.0033900316999932946
17-102482,21-159824,10,0.1267838384854131,False,0.003766380889793837
17-102482,21-165631,11,0.1089892699352598,False,0.0038382318359174205
17-102482,21-13248,12,0.0837764440548348,False,0.004111024257515186
17-102708,21-67771,1,0.3588834258802851,True,0.0009728371467581202
17-102708,21-115415,2,0.3369133584236516,False,0.005551003882625374
17-102708,21-89559,3,0.2934648278878164,False,0.003510971977671092
17-102708,21-130956,4,0.2855691899533594,False,0.005633782752738791
17-102708,21-35651,5,0.2323982284816494,False,0.006529231021507724
17-102708,21-62138,6,0.2180785622593545,False,0.0035105224853998656
17-102708,21-46043,7,0.1754468918118751,False,0.0044209076352455055
17-102708,21-16505,8,0.1575958440042781,False,0.005326401516907092
17-102923,21-67771,1,0.2991106333458483,False,0.0006772547834538229
17-102923,21-89559,2,0.2904604735850416,False,0.003531204984014973
17-102923,21-115415,3,0.2781440058074392,False,0.0031442582528644703
17-102923,21-130956,4,0.218466411293227,False,0.0033092024833205782
17-102923,21-62138,5,0.2117338450471372,False,0.004119206132100626
17-102923,21-46043,6,0.1721295356314715,False,0.004735851804772057
17-102923,21-35651,7,0.148133678044342,False,0.0036196032590008597
17-102923,21-16505,8,0.0929359390329119,False,0.003772923854766333
17-102923,22-8616,9,0.0735889893472502,False,0.005349299179498391
17-103193,22-84327,1,0.3116326865103947,False,0.0046636164138885395
17-103193,22-25102,2,0.2855239205797135,False,0.0006553469115294095
17-103193,22-13142,3,0.2285923223968366,False,0.0038670862987314506
17-103193,22-95015,4,0.2211466909716384,False,0.003825480695550107
17-103193,22-8616,5,0.1899426953670275,False,0.0032022820419713494
17-103193,22-127675,6,0.1470354599789344,False,0.0036278972016182214
17-103193,22-141355,7,0.0816722683518203,False,0.0038397337936415853
17-104235,21-91773,1,0.2853613666228646,False,0.013788867345481723
17-104235,21-86231,2,0.273042049934297,False,0.013731724512643952
17-104235,21-50635,3,0.1901687230503664,False,0.003271400900007077
17-104235,21-51104,4,0.1799627682873412,False,0.013880519598439042
17-104235,21-31568,5,0.1414068264098937,False,0.0033157415042150504
17-104238,21-77546,1,0.5657452894961355,True,0.999999999999
17-104238,21-53968,2,0.3931100257646459,False,0.0035014021049824193
17-104238,21-36205,3,0.3475888986641489,False,0.0037609110597452075
17-104238,21-78393,4,0.3361890606815151,False,0.000646299998354255
17-104238,21-111863,5,0.3139979499410361,False,0.0005095190481339667
17-104238,21-80765,6,0.3119291110290489,False,0.00046012106833640307
17-104238,21-51620,7,0.2439808141878653,False,0.0010471377972835047
17-104238,21-69124,8,0.2367839539180156,False,0.0035446049344304855
17-104238,21-35939,9,0.2106592872073355,False,0.0007064260002167916
17-104238,21-29866,10,0.1302721053428299,False,0.0038375229258483727
17-10496,19-120297,1,0.2771234471381812,False,0.0031796218717969034
17-10496,19-160471,2,0.1787860208212034,False,0.0035855087920624077
17-10496,19-177021,3,0.1049344154588864,False,0.003506403325062523
17-105380,18-47589,1,0.536793615946479,True,0.022479081734075777
17-105380,18-53373,2,0.3468949877525717,False,0.0004672628678810629
17-105380,18-54467,3,0.3411967028949683,False,0.0004945107867123297
17-105380,18-37425,4,0.3225668255524577,False,0.0005023563550066828
17-105380,18-77300,5,0.2983466238182118,False,0.0004660066162548418
17-105380,18-101350,6,0.2420188870666031,False,0.0004631693344328761
17-105380,18-18602,7,0.2388721416377413,False,0.0005593064484286491
17-105380,18-10415,8,0.2307458733399956,False,0.0004647456961040322
17-105380,17-160290,9,0.1217779513644173,False,0.0005506292060140403
17-105440,19-21908,1,0.348349799408426,True,0.004673017662152634
17-105440,19-13728,2,0.3455524906793476,False,0.0005352561913051731
17-105440,19-4449,3,0.2998031391433033,False,0.003576692799797717
17-105440,19-21591,4,0.2978268699872884,False,0.0032651233155521595
17-105440,18-149893,5,0.1984594243884682,False,0.003259972609310701
17-105440,19-54309,6,0.187157826066755,False,0.004728518734574403
17-105440,19-81470,7,0.1488797679616489,False,0.004184945880991488
17-105440,19-98987,8,0.1203319023702498,False,0.0034182885715561538
17-105440,18-114870,9,0.0884830865008731,False,0.00418552288730732
17-105683,19-105444,1,0.3491906485191757,True,0.999999999999
17-106009,22-26998,1,0.5287315103648877,True,0.999999999999
17-106009,21-153479,2,0.3406902344589478,False,0.00047422375951384224
17-106009,21-163566,3,0.335476280938801,False,0.000814447566200154
17-106009,21-150402,4,0.3161080671351656,False,0.003536238311330975
17-106009,21-163822,5,0.3061314077019245,False,0.0036644523499703902
17-106009,22-6934,6,0.2928822995629933,False,0.0008283390942625795
17-106009,22-52027,7,0.2788462380971526,False,0.00217055184295816
17-106009,21-143183,8,0.2764699103240376,False,0.0032297552554860095
17-106009,22-39891,9,0.2688651517181976,False,0.00070958043349979
17-106009,21-145412,10,0.2634494024456161,False,0.003477891750242776
17-106009,21-85842,11,0.2624829192777815,False,0.024482539100009314
17-106009,22-39212,12,0.2606753552614699,False,0.0006682415849470788
17-106009,21-122032,13,0.2474912862358587,False,0.0012212581616178754
17-106009,21-85552,14,0.213993549843368,False,0.0023656034113008102
17-106009,21-97876,15,0.2054886356702225,False,0.007691136649109835
17-106009,22-34888,16,0.1984006498613585,False,0.0032062085158541713
17-106009,22-54446,17,0.1696465086367418,False,0.0034960225765226574
17-106009,21-92788,18,0.1363703086026946,False,0.0005108246095774743
17-106009,21-96114,19,0.1162187690702387,False,0.00363592005513046
17-106009,21-78352,20,0.0713703522833508,False,0.005437545900342956
17-106054,21-153479,1,0.3454002758329218,True,0.0004880354792129906
17-106054,21-163566,2,0.3377505989328441,False,0.0006084623907669566
17-106054,22-26998,3,0.3154375008140874,False,0.009235606594388537
17-106054,21-163822,4,0.3036759095790076,False,0.00411425808743153
17-106054,22-34888,5,0.2949929738060483,False,0.009303563707053996
17-106054,22-6934,6,0.2947723285522951,False,0.0006162527080249682
17-106054,22-39891,7,0.2842831683080798,False,0.009379595989664239
17-106054,21-150402,8,0.2819987380380967,False,0.0035458751848224633
17-106054,21-143183,9,0.2811799516980117,False,0.0033235546981461536
17-106054,21-145412,10,0.2710234852115363,False,0.003168366952418218
17-106054,22-54446,11,0.2031979196225311,False,0.00071700557323052
17-106054,21-122032,12,0.2011970477749294,False,0.003202500011023943
17-106054,21-96114,13,0.1803125071791876,False,0.005316056788356255
17-106054,22-39212,14,0.1800826126344902,False,0.003660539343482741
17-106054,22-52027,15,0.1725981086785154,False,0.0034572763967111444
17-106054,21-92788,16,0.1539991803283198,False,0.0005120829346836137
17-106054,21-97876,17,0.1214410300869661,False,0.0033930869728376833
17-106054,21-78352,18,0.0894227771212737,False,0.005471930674820021
17-106054,21-85842,19,0.0891627986405793,False,0.003784432682533768
17-106054,21-85552,20,0.0853560912281296,False,0.0038088436462500714
17-107162,17-165149,1,0.279176764612113,False,0.00046230832012240073
17-107265,17-123168,1,0.4668159195197462,True,0.9896998836564892
17-107265,18-52915,2,0.2959126905040992,False,0.0006941941967351636
17-107265,17-167643,3,0.2636165731629595,False,0.0005539985112912041
17-107265,17-161917,4,0.2484931725399982,False,0.0006051970838819105
17-107265,18-58285,5,0.2454815702193916,False,0.00047846596487194
17-107265,18-73028,6,0.1740190733975479,False,0.000653105996264861
17-107265,18-74544,7,0.1709073937978495,False,0.0005634809737938825
17-107265,18-80158,8,0.1585378148017365,False,0.0005247986156732994
17-107265,17-123450,9,0.1583001623829704,False,0.0004859064181477093
17-107265,18-96470,10,0.1147861703444995,False,0.0006500578156947932
17-108459,17-170649,1,0.2880503946036786,False,0.00046098111368800607
17-108459,18-38970,2,0.2700759450511925,False,0.0006193667840444732
17-108459,18-38978,3,0.2697369735302416,False,0.0006395924185616358
17-108459,17-146735,4,0.2199363557420831,False,0.00046672056897420044
17-108459,18-57746,5,0.219544459045116,False,0.00203978626971466
17-109277,18-61507,1,0.20379587329898,False,0.0032125174123020382
17-109277,17-110921,2,0.0774878030547134,False,0.0038849519121567783
17-10967,17-21818,1,0.4427731838133728,True,0.9999749075512506
17-10967,17-102741,2,0.3169376756091822,False,0.0005074336427561082
17-10967,17-147130,3,0.2515979295278303,False,0.0005030130032303672
17-110921,21-148535,1,0.3782934969659499,True,0.0015648115946852903
17-110921,22-49146,2,0.2104079343572134,False,0.003219846072085944
17-111330,22-26998,1,0.8655797312571141,True,0.999999999999
17-111330,22-39891,2,0.5104435835356276,False,0.017186628429463714
17-111330,22-52027,3,0.3861573488351137,False,0.0027352044135427666
17-111330,22-39212,4,0.367515188868147,False,0.0008971049901468161
17-111330,22-34888,5,0.3648379668133018,False,0.008778266747223314
17-111330,22-6934,6,0.3188236919274962,False,0.0005853066133106002
17-111330,21-153479,7,0.3039750201075389,False,0.0006675272081552571
17-111330,21-163566,8,0.2770944652053175,False,0.0005590396204068173
17-111330,22-54446,9,0.275292482221622,False,0.004808275977517129
17-111330,21-163822,10,0.2554443945772443,False,0.0033628517118087396
17-111330,21-150402,11,0.2402590186395022,False,0.003451256606431094
17-111330,21-143183,12,0.2397546959726287,False,0.004610287752001496
17-111330,22-94454,13,0.2223321591568263,False,0.0025179788391035537
17-111330,21-145412,14,0.2014839429067187,False,0.00317994976503834
17-111330,21-122032,15,0.1889480717712298,False,0.0006862118739642649
17-111330,22-102623,16,0.0881644680636718,False,0.0036226308250304506
17-114118,22-25102,1,0.36138547260263,True,0.0006521245654413616
17-114118,22-13142,2,0.3473240503392995,False,0.0037469160466521625
17-114118,22-8616,3,0.3172178157223571,False,0.0032186057548157687
17-114118,21-130956,4,0.2111776226906769,False,0.00494504899850385
17-114118,22-84327,5,0.1885561027297109,False,0.004886147081785905
17-114118,21-115415,6,0.1552484706556369,False,0.004964924702834124
17-114118,22-95015,7,0.0973544882185276,False,0.0042643876528557995
17-114542,17-152907,1,0.546274638633377,True,0.999999999999
17-114542,17-121705,2,0.4523800222238174,False,0.9991326680797723
17-117075,21-133433,1,0.8480283275974152,True,0.999999999999
17-118765,22-25102,1,0.4801708354419554,True,0.005597367280846904
17-118765,22-8616,2,0.3080305572423314,False,0.003390971063737363
17-118765,22-13142,3,0.2944051784766324,False,0.0035547168144529034
17-118765,21-130956,4,0.1766345106602221,False,0.0037625226241940844
17-118765,21-115415,5,0.1453680346720755,False,0.0033485060930190445
17-118765,22-84327,6,0.1011179883631806,False,0.0037156409257601795
17-118765,22-95015,7,0.0649824791940429,False,0.016554336157490152
17-118982,18-6802,1,0.5814627324230788,True,0.5058406181390082
17-118982,17-172986,2,0.5317523045832062,False,0.5858085148964403
17-120212,22-8616,1,0.3721970527216184,True,0.0008589652478066358
17-120212,22-13142,2,0.3682984206652596,False,0.0006811325750327168
17-120212,22-25102,3,0.2776841573454298,False,0.0032330586411796025
17-120212,21-130956,4,0.170626641672883,False,0.003428682353681662
17-120212,21-115415,5,0.1338795370236702,False,0.003356326719577659
17-120212,22-84327,6,0.1242457113769645,False,0.003360034298899486
17-120212,22-95015,7,0.0784421435893373,False,0.00441280576503968
17-120545,21-133662,1,0.5395444590451159,True,0.999999999999
17-121705,17-152907,1,0.5071325408396736,True,0.9990758269814152
17-123168,18-52915,1,0.3382603167576763,True,0.00065384949815878
17-123168,18-58285,2,0.2902213736134943,False,0.0004693947395011705
17-123168,18-73028,3,0.220409135334853,False,0.000649304409839604
17-123168,18-74544,4,0.217149100553784,False,0.0005581157551985363
17-123168,17-167643,5,0.2168022286135843,False,0.000567628073573636
17-123168,18-80158,6,0.2046108428486827,False,0.0005155366412355406
17-123168,17-161917,7,0.2017689161543551,False,0.0006227278721504141
17-123168,18-96470,8,0.1611137870840987,False,0.000617967333812141
17-123168,18-114870,9,0.1203315666816579,False,0.0005970327179628075
17-123168,17-123450,10,0.1107074082029401,False,0.0005579951304838822
17-123450,21-111863,1,0.3138972348936731,False,0.0006208515918839117
17-123450,21-80765,2,0.2358523237238285,False,0.0005131534630098222
17-123450,21-77546,3,0.2242008777249992,False,0.0033043848075086546
17-123450,21-78393,4,0.2222256351649049,False,0.0032424350536099113
17-123450,21-69124,5,0.1907010223107491,False,0.0032069455091691475
17-123450,21-53968,6,0.1433784413422118,False,0.003301706605643959
17-123450,21-51620,7,0.1259369445505402,False,0.0038863703658775545
17-123450,21-35939,8,0.1127036616277142,False,0.003705037788664692
17-123450,21-29866,9,0.1026258593902894,False,0.0043023682963250895
17-123450,21-36205,10,0.0950562640610997,False,0.003534009532018295
17-124242,21-113588,1,0.2059702146298729,False,0.01377686396042695
17-124586,22-35499,1,0.2499828240831507,False,0.999999999999
17-124586,22-59884,2,0.1780904626492978,False,0.999999999999
17-124586,22-77057,3,0.1285718007141508,False,0.999999999999
17-124586,22-84979,4,0.1063898329191681,False,0.999999999999
17-129614,22-26998,1,0.5882090784863006,True,0.999999999999
17-129614,21-153479,2,0.3987213309871281,False,0.0011706962630870202
17-129614,22-52027,3,0.3458021854750886,False,0.003383863445418969
17-129614,22-39891,4,0.3424441957149401,False,0.0014231494282462658
17-129614,21-143183,5,0.3345010068522179,False,0.007982427572574143
17-129614,21-150402,6,0.3324707319764506,False,0.005122773469268387
17-129614,21-163566,7,0.3305850463462363,False,0.0007156689959564795
17-129614,22-6934,8,0.3097933916625179,False,0.0007381177905540578
17-129614,21-163822,9,0.3089672246647301,False,0.003673233649757988
17-129614,22-39212,10,0.2915535410388096,False,0.0007343528002711931
17-129614,22-34888,11,0.2586738747113524,False,0.004269457457339125
17-129614,21-85842,12,0.2525877456976014,False,0.017475532648085833
17-129614,21-122032,13,0.2487218148994058,False,0.0006569430565879454
17-129614,21-145412,14,0.2458787855029229,False,0.0035956978085536274
17-129614,21-85552,15,0.2102731800001915,False,0.0029170612927309093
17-129614,22-54446,16,0.2055183736774423,False,0.004162126428889573
17-129614,21-96114,17,0.1310964995196387,False,0.0037750192614191256
17-129614,21-92788,18,0.1267802938746008,False,0.0005142074886893155
17-129614,21-97876,19,0.0939963257567245,False,0.005134095520379615
17-129931,22-48493,1,0.3344318146857231,True,0.0006320476346936459
17-129931,22-76804,2,0.2284750463508582,False,0.003436206703920474
17-130980,21-133662,1,0.2840646840653654,False,0.0041874707552071195
17-131042,19-33087,1,0.3045442519801058,False,0.003910000236055231
17-131042,19-4677,2,0.2847713690234534,False,0.0033433217693022675
17-133233,18-4239,1,0.2540883624929168,False,0.0005533850755839319
17-13461,21-7561,1,0.3743462234758667,True,0.0006546671201187084
17-13461,21-13474,2,0.3654587855701858,False,0.0009217037352285924
17-13461,20-139000,3,0.271047344016271,False,0.00046013574048312666
17-13461,20-115663,4,0.2450690738497134,False,0.00084123892655097
17-13461,21-85552,5,0.2281325254732988,False,0.0008909532061081896
17-13461,21-45579,6,0.2249151952042535,False,0.00332293710704583
17-13461,20-142134,7,0.2223192542246646,False,0.003392412698438492
17-13461,21-76081,8,0.2104616145246646,False,0.0006795174262584147
17-13461,21-60721,9,0.2085939553219448,False,0.002047275394208439
17-13461,21-48340,10,0.2078233879908426,False,0.004618359285075319
17-13461,20-132336,11,0.2008449921459817,False,0.004111585648476664
17-13461,21-85842,12,0.168784494086728,False,0.003013894605545801
17-13461,21-76634,13,0.144930637396103,False,0.0033501323697489697
17-13461,21-78352,14,0.1351608939013131,False,0.00391689396712018
17-13461,20-106651,15,0.1343692856674561,False,0.000574499202135868
17-13461,21-92788,16,0.1296664787988072,False,0.0005924816390713519
17-13461,20-98264,17,0.1277201051248357,False,0.003353326311441244
17-13461,20-98214,18,0.1277201051248357,False,0.003353326311441244
17-13461,21-96114,19,0.0857733187338233,False,0.004209200927182839
17-13461,21-97876,20,0.0830316601788019,False,0.005268430375387272
17-134974,18-73911,1,0.4239652297504212,True,0.006967181091040352
17-135696,21-143444,1,0.311288668001439,False,0.0006924378700318083
17-135696,21-143328,2,0.3099198550360426,False,0.0006924882155507444
17-135696,21-86403,3,0.1394233170255063,False,0.0008089301660433946
17-139193,21-83160,1,0.4907936961730068,True,0.401532320225167
17-139193,21-74412,2,0.4273891743980234,False,0.2906209716199588
17-139193,21-162690,3,0.1836031217717152,False,0.0037340298886536826
17-139193,22-15069,4,0.1474662919612773,False,0.0034659845700036446
17-139193,22-24902,5,0.1183661848445028,False,0.014381711583447334
17-140377,22-8616,1,0.4224222714308476,True,0.0027227641261731435
17-140377,22-13142,2,0.4104672369380717,False,0.0029203083185634937
17-140377,22-25102,3,0.2580974371922703,False,0.0048481768675810106
17-140377,21-130956,4,0.1735842757188787,False,0.004679224367943003
17-140377,21-115415,5,0.1232155977054515,False,0.004168156329462729
17-140377,22-84327,6,0.0965029787843947,False,0.004525279444766893
17-140377,22-95015,7,0.0649824791940429,False,0.016554336157490152
17-140948,22-25102,1,0.360962909205669,True,0.0006528658989605061
17-140948,22-13142,2,0.346159315857039,False,0.0037061576698322832
17-140948,22-8616,3,0.3165582270952204,False,0.0032105779983276133
17-140948,21-130956,4,0.2093798729832565,False,0.004832196673599363
17-140948,22-84327,5,0.1868134495420783,False,0.004780074091538516
17-140948,21-115415,6,0.1535539418536201,False,0.004861919031046621
17-140948,22-95015,7,0.0972588441485203,False,0.004289157366190188
17-14103,17-150835,1,0.2649102684024282,False,0.0005378728006488146
17-14103,17-21659,2,0.1798893795040475,False,0.0007666472990691998
17-142028,21-96695,1,0.1626581489998089,False,0.0035098806873762917
17-142035,22-25102,1,0.3522417845370709,True,0.00071909357701652
17-142035,22-13142,2,0.3072539941523289,False,0.00393747731489606
17-142035,22-8616,3,0.3057944207970969,False,0.0032149168938272214
17-142035,21-130956,4,0.1527633889541994,False,0.0033948501715540627
17-142035,22-84327,5,0.1308039624805518,False,0.0035234220032289132
17-142035,21-115415,6,0.1084111980982845,False,0.003419527235104909
17-142035,22-95015,7,0.095189137949901,False,0.0052647821233103055
17-142620,18-167367,1,0.2514531723720749,False,0.003237871306982268
17-142620,18-173792,2,0.2336586038219215,False,0.003244305529452154
17-143219,18-53804,1,0.4215161955619164,True,0.0010750584393427725
17-143219,18-28651,2,0.3718332797506509,False,0.0008902444411852039
17-143219,18-61655,3,0.3504709193319421,False,0.0005311192239700039
17-143219,18-20656,4,0.3461321922787853,False,0.0008771530886904396
17-143219,18-56546,5,0.3410358813765679,False,0.0004637379430659061
17-143219,18-46720,6,0.3392010379659959,False,0.000562171616321913
17-143219,18-53378,7,0.3344018411319194,False,0.0005178361689594151
17-143219,17-129614,8,0.3289432575806671,False,0.002452204368765088
17-143219,18-90441,9,0.3276794215787821,False,0.0010551106862212469
17-143219,18-21811,10,0.3172045865949852,False,0.0005816519637210554
17-143219,18-37028,11,0.3162657531246405,False,0.0005407677595598345
17-143219,18-61256,12,0.3139443670400603,False,0.0005102115132073463
17-143219,18-18447,13,0.3101498915767347,False,0.0005896838493675724
17-143219,18-35370,14,0.3044183220191935,False,0.000613773356587371
17-143219,18-66863,15,0.3019842938310457,False,0.00046111406684096174
17-143219,18-122376,16,0.2414442047588083,False,0.0011038523762321095
17-143219,18-11225,17,0.2400892451004418,False,0.0007248032547850482
17-143219,18-90097,18,0.2377444613678549,False,0.0005064540602706125
17-143219,17-167707,19,0.2351331515266122,False,0.0008426638635619365
17-143219,17-158224,20,0.2229309560332842,False,0.0009930732497937568
17-143219,17-168569,21,0.212392379813266,False,0.00061872686799576
17-143219,18-103911,22,0.2001615203137856,False,0.0005435415710778531
17-143219,17-179112,23,0.1921602197195944,False,0.0006268124557005063
17-143219,17-173663,24,0.1884671946135843,False,0.0005161476777954141
17-143219,18-128159,25,0.1267728860375471,False,0.0007434833201222786
17-143219,17-143241,26,0.1008083537011367,False,0.000658193800179896
17-143241,22-154717,1,0.7189865652753149,True,0.999999999999
17-143241,22-153504,2,0.6305901906207549,False,0.999999999999
17-143241,22-133794,3,0.3104006029181697,False,0.003679693158801288
17-143241,22-118191,4,0.2750673950257348,False,0.003427523888652238
17-143241,22-111359,5,0.2524542966806981,False,0.003847046407606547
17-143241,22-157410,6,0.2505765423885628,False,0.003164738202663007
17-143241,22-108057,7,0.2368702367893715,False,0.003418740298804189
17-143241,22-94454,8,0.2182321756815064,False,0.00349656628279469
17-143241,22-102623,9,0.216243652654172,False,0.0037314316726990405
17-143241,22-165917,10,0.2121258318699116,False,0.003736505036794622
17-143241,23-34705,11,0.102550421657256,False,0.0034595483216889387
17-143241,23-37068,12,0.0864892282727161,False,0.003809665894999828
17-143241,22-54446,13,0.0854385508378453,False,0.003736356854680226
17-143241,22-52027,14,0.0808770219628785,False,0.0038279872599040914
17-143241,23-38908,15,0.0779968447727827,False,0.004246681048614596
17-144060,18-40625,1,0.3146658466799752,False,0.000659745487123053
17-144060,18-60154,2,0.3120113893651095,False,0.000652860827920083
17-144060,18-30024,3,0.2890706507912369,False,0.0006286933624974185
17-144060,18-25585,4,0.2847319752321037,False,0.00047056334073113885
17-144060,18-91090,5,0.2340996909602499,False,0.0008141674369545825
17-144060,18-8070,6,0.2336903523394408,False,0.0004931279670191841
17-144060,18-546,7,0.2109393978841933,False,0.0005808972132102216
17-144060,18-101099,8,0.2030669809246751,False,0.0007416631977240871
17-144060,17-176420,9,0.1828843072441638,False,0.0005678152153551336
17-144060,17-161006,10,0.1649463244879027,False,0.0004865634633125618
17-144060,17-159853,11,0.1372824610919739,False,0.0006608979864325226
17-146735,18-57746,1,0.3447419532107525,True,0.0004689787190787835
17-146735,18-38970,2,0.317399124261043,False,0.00046385412247376413
17-146735,18-38978,3,0.3155437755966138,False,0.00046889767378712914
17-146735,18-115270,4,0.1868390274215131,False,0.0005053341968278804
17-146735,17-170649,5,0.1616543663287462,False,0.000559944782400718
17-146735,18-132522,6,0.1133475834177007,False,0.003434617478988964
17-149350,18-148384,1,0.2013807819430213,False,0.00320373880403218
17-149350,18-127661,2,0.1348954446252314,False,0.0033533277568402768
17-149350,19-106429,3,0.0975425675409948,False,0.0035367774670210083
17-14986,21-133549,1,0.2935068263106871,False,0.003149245616461883
17-14986,21-117615,2,0.2878194992553541,False,0.0007931388212618963
17-14986,21-113953,3,0.2713937436705972,False,0.0007955842049904355
17-14986,21-159824,4,0.2689356110381077,False,0.013720853594711549
17-14986,21-165631,5,0.2511410424879544,False,0.013702011106131524
17-14986,21-76925,6,0.1804933179080146,False,0.0007032013599522172
17-14986,21-78563,7,0.1788156615144035,False,0.0007158723950812698
17-14986,22-47598,8,0.1077285924452266,False,0.004033013812242173
17-150835,21-152380,1,0.6885173017958826,True,0.999999999999
17-15162,21-20759,1,0.417607467703836,True,0.0026036942091189237
17-152746,21-156783,1,0.28992058445435,False,0.003587408699657114
17-15387,20-25372,1,0.3334326464302398,True,0.006315174717809359
17-15387,20-35694,2,0.2630635561011378,False,0.00047075834465755336
17-15387,20-31844,3,0.2318266250224367,False,0.003872413371274864
17-155110,18-141270,1,0.4345942024205716,True,0.9606785178156795
17-155110,18-54451,2,0.3352883346950324,False,0.0008602276273226779
17-155110,18-60137,3,0.2468739331969482,False,0.0005108865363857973
17-156331,18-38591,1,0.3544618593247314,True,0.0008108565597319888
17-156331,18-41248,2,0.3476863656505782,False,0.0006313637848706755
17-156331,18-36652,3,0.3304176525697296,False,0.0006053997259358209
17-156331,18-97311,4,0.3299707307486398,False,0.0008308444539152777
17-156331,18-15680,5,0.2927703830109188,False,0.0007725486589819916
17-156331,18-88858,6,0.2879506850150842,False,0.00046262077479144683
17-156331,17-178496,7,0.2387524781216412,False,0.0009463617710867605
17-156331,17-164463,8,0.2337902497757543,False,0.0016950859518283473
17-156331,17-177418,9,0.15445044526436,False,0.0006138796947031577
17-157486,21-156574,1,0.485711399706238,True,0.003810996287562972
17-157486,21-103501,2,0.2877194153003104,False,0.0024624209807602103
17-158224,22-54446,1,0.2685409554394632,False,0.0036758130813300286
17-158224,22-52027,2,0.2636085039679031,False,0.003808805374584577
17-158224,22-39891,3,0.2328097594481689,False,0.0034173006266738667
17-158224,22-39212,4,0.2296344955541125,False,0.00358100712344775
17-158224,22-94454,5,0.2265705241756574,False,0.0036212542757819073
17-158224,22-102623,6,0.2254555494818174,False,0.0037859844253375673
17-158224,22-34888,7,0.2198514909080057,False,0.0036103814331150605
17-158224,21-153479,8,0.210131871710341,False,0.0021053359247914503
17-158224,22-108057,9,0.2047578556497338,False,0.004842840850246907
17-158224,22-26998,10,0.1982018282979918,False,0.003788091522473487
17-158224,22-111359,11,0.1864945708595461,False,0.004361777854254146
17-158224,22-118191,12,0.170003843469368,False,0.0037415946387213983
17-158224,22-6934,13,0.1673681863954874,False,0.000771985167023822
17-158224,21-163566,14,0.125180485055125,False,0.0007715126325158148
17-158224,22-133794,15,0.1199660680187195,False,0.004328607206689283
17-158224,21-163822,16,0.1061119005119274,False,0.003625858164241276
17-158731,21-143444,1,0.2506921512244975,False,0.002672214957563453
17-158731,21-143328,2,0.2493233382591011,False,0.00267516808339835
17-159373,22-47598,1,0.2986090614976177,False,0.00398138992863876
17-159373,21-165631,2,0.1496280651509552,False,0.004395865129364633
17-159373,21-159824,3,0.1318334966008019,False,0.004447690131655454
17-159373,22-118151,4,0.1230054889005115,False,0.0039282051414663436
17-159853,21-83160,1,0.4461775037534541,True,0.999999999999
17-159853,21-74412,2,0.409929163303789,False,0.999999999999
17-159853,21-162690,3,0.2395029131811877,False,0.0035454981982826874
17-159853,22-15069,4,0.2039202402704577,False,0.0033003131500701824
17-159853,22-24902,5,0.1731187034603591,False,0.013915682347787839
17-160290,19-43671,1,0.2589397824322396,False,0.003215231195749502
17-160290,19-59879,2,0.2082806441918671,False,0.003243975285125136
17-160290,19-73678,3,0.1679874563757571,False,0.0036525083120447673
17-160290,19-80203,4,0.1545217467723142,False,0.003328818881043205
17-161006,23-23753,1,0.2077811309346917,False,0.004077732833377265
17-161006,22-120791,2,0.1860209329253775,False,0.0032215994391621705
17-161006,23-43939,3,0.1725609372494274,False,0.003477890099473197
17-161600,18-44171,1,0.2852442670269366,False,0.00049308585060107
17-161600,18-22059,2,0.239647389146345,False,0.0004649748606139306
17-161917,21-77546,1,0.4082112345310021,True,0.999999999999
17-161917,21-111863,2,0.215164501527357,False,0.000502679974668551
17-161917,21-78393,3,0.1640134900389288,False,0.0007143005112028694
17-161917,21-80765,4,0.1250963644327639,False,0.0021819866798243426
17-161917,21-69124,5,0.0785708084806608,False,0.003851531449676756
17-16255,18-8280,1,0.1134556777195032,False,0.0007292157111688522
17-162755,22-7823,1,0.3734700870810182,True,0.017942277654121392
17-163707,22-40191,1,0.2098488830486202,False,0.00291815620998833
17-163707,21-91773,2,0.1769973718791064,False,0.0029882928766967543
17-163707,21-86231,3,0.1646780551905387,False,0.0030286479052475603
17-164463,18-41248,1,0.3426175150420911,True,0.0008012333603288201
17-164463,18-97311,2,0.3042977031450877,False,0.0004810951362174388
17-164463,18-88858,3,0.3015833481826548,False,0.00046468857996389976
17-164463,18-38591,4,0.2979889522196254,False,0.0005423091710238324
17-164463,18-36652,5,0.2908260948594589,False,0.0005141564231549909
17-164463,18-15680,6,0.2322293960844113,False,0.0005120285974474806
17-164463,17-178496,7,0.1666529317436416,False,0.0005399379341375745
17-164463,17-177418,8,0.1322009922039307,False,0.0005954989549913907
17-165149,22-2032,1,0.2865742380940776,False,0.003387828631183707
17-167643,20-117677,1,0.2258855936871426,False,0.005737793949089854
17-167643,20-114714,2,0.2200422969506926,False,0.0037788170902834407
17-167643,20-107502,3,0.1956278898916892,False,0.004562363826216437
17-167643,21-29866,4,0.1773901029896591,False,0.004200606207901934
17-167643,21-36205,5,0.1610142290125961,False,0.0038833677297865753
17-167643,21-35939,6,0.1592165367030165,False,0.005266930605045504
17-167643,20-91116,7,0.1261442572311947,False,0.005665658553625529
17-167643,21-51620,8,0.1169973718791064,False,0.014400020961059076
17-167643,21-53968,9,0.1155739576994204,False,0.003691898537117537
17-167643,21-69124,10,0.0737206945643897,False,0.004372372412233873
17-167707,21-143183,1,0.6222105813829526,True,0.999999999999
17-167707,21-97876,2,0.4329726381346042,False,0.999999999999
17-167707,21-78352,3,0.4191267505192648,False,0.999999999999
17-167707,21-153479,4,0.3864309055178628,False,0.0006343106163732288
17-167707,21-150402,5,0.3831241740864021,False,0.0006879551904650547
17-167707,21-163566,6,0.3285714924109599,False,0.0004898823591300363
17-167707,22-26998,7,0.3162303637116577,False,0.012375586111075677
17-167707,22-39891,8,0.3034493768198502,False,0.018230092998341402
17-167707,22-34888,9,0.2909797450308496,False,0.011409017380208475
17-167707,21-163822,10,0.2903152709751451,False,0.003715448841212714
17-167707,21-145412,11,0.2878359074962743,False,0.0031555952747219992
17-167707,22-6934,12,0.2846000505434649,False,0.000499492854664226
17-167707,21-96114,13,0.2540600836733087,False,0.001060592647558406
17-167707,21-122032,14,0.2181262168470658,False,0.003169416992924623
17-167707,22-39212,15,0.2142478293006691,False,0.004168884916217061
17-167707,21-92788,16,0.1843632324208543,False,0.0005653885642007294
17-167707,22-54446,17,0.181457945986208,False,0.004639431437515086
17-167707,22-52027,18,0.1737457704500848,False,0.004042101228345996
17-167707,21-76634,19,0.172932381070843,False,0.008956919286676784
17-167707,21-85552,20,0.118936905824959,False,0.003479402485405011
17-167707,21-85842,21,0.1040933702898841,False,0.0036802126670667464
17-167707,21-76081,22,0.0726989195991077,False,0.004351273348176063
17-168569,21-150402,1,0.3889044886475446,True,0.007646394563268704
17-168569,21-153479,2,0.3677519935968987,False,0.0005279437107990188
17-168569,21-122032,3,0.3544958924601133,False,0.001443553886105019
17-168569,22-39891,4,0.3324962718146414,False,0.002732399027515425
17-168569,21-163566,5,0.3246477901096586,False,0.0005751221195179082
17-168569,21-143183,6,0.3035316694619885,False,0.0035628094656376683
17-168569,21-163822,7,0.2933986207479903,False,0.003517016214706585
17-168569,22-26998,8,0.2877470009757432,False,0.000711244239278408
17-168569,21-145412,9,0.2864079253361259,False,0.0031551903402480116
17-168569,22-6934,10,0.281570618713463,False,0.0005931469737242319
17-168569,22-39212,11,0.2570950388681544,False,0.0007163963726644764
17-168569,22-52027,12,0.2231898648971784,False,0.0007423845595913056
17-168569,22-34888,13,0.1966431382104561,False,0.003255382524006909
17-168569,21-85552,14,0.1791469026462572,False,0.0007232002041312775
17-168569,22-54446,15,0.1729520002914666,False,0.004136315700122966
17-168569,21-85842,16,0.1594007952068855,False,0.0008445205188725075
17-168569,21-92788,17,0.1590985941779659,False,0.00048717676919483665
17-168569,21-96114,18,0.1397929819326542,False,0.0032890028486060262
17-168569,21-76081,19,0.1385594957760859,False,0.0007884273948845612
17-168569,21-97876,20,0.1301785094305573,False,0.0035664787820599737
17-168569,21-76634,21,0.1111266234153124,False,0.004098707395333077
17-168569,21-78352,22,0.094410472829236,False,0.003600023029052215
17-168958,21-143444,1,0.3658800763901784,True,0.48225167274586844
17-170649,18-57746,1,0.2852474813841437,False,0.002019797492303177
17-170649,18-115270,2,0.2842299520199453,False,0.0005158916078579361
17-170649,18-38970,3,0.238784603961637,False,0.0007170258788524039
17-170649,18-38978,4,0.2385977937439261,False,0.0007417402064891259
17-170649,18-132522,5,0.1866929478756022,False,0.0020665053545
17-170763,18-82638,1,0.4194809501788794,True,0.0010407205983127043
17-171316,22-69952,1,0.3927868232295534,True,0.999999999999
17-171316,22-20320,2,0.3774630204218534,False,0.999999999999
17-171316,22-72517,3,0.3312727249880959,False,0.999999999999
17-171316,22-77601,4,0.3077721334940861,False,0.999999999999
17-171316,22-85365,5,0.3046219390220156,False,0.999999999999
17-171316,22-32770,6,0.3005579602315811,False,0.999999999999
17-171316,22-29878,7,0.2987328927901779,False,0.999999999999
17-171316,22-40744,8,0.2966952245974374,False,0.999999999999
17-172986,18-6802,1,0.4899331656785667,True,0.9999953851184384
17-173663,21-143183,1,0.5456074336601483,True,0.999999999999
17-173663,21-97876,2,0.4074383820694848,False,0.999999999999
17-173663,21-163566,3,0.3468297994031551,False,0.0004910798193352292
17-173663,21-150402,4,0.3308502694515888,False,0.0007699840096707287
17-173663,21-163822,5,0.3204496959136483,False,0.00372771851958485
17-173663,22-6934,6,0.3107615911365288,False,0.00048666482267318553
17-173663,21-153479,7,0.3098277577950585,False,0.0005098048376932149
17-173663,21-145412,8,0.2591082281266612,False,0.0032136920297155735
17-173663,22-26998,9,0.2234726795392004,False,0.0033274038046008617
17-173663,22-34888,10,0.2010966052224944,False,0.0034575441629281145
17-173663,22-39891,11,0.1957275172053905,False,0.0032304553283695726
17-173663,22-39212,12,0.1892695954409664,False,0.003699629055358421
17-173663,21-122032,13,0.1792030571740715,False,0.004586441802190669
17-173663,22-52027,14,0.1711272332881617,False,0.003246597630617021
17-173663,21-96114,15,0.1670008321525942,False,0.0007514363615326212
17-173663,22-54446,16,0.1520566418877275,False,0.0035127515989013445
17-173663,21-92788,17,0.144121096453362,False,0.0005206877829090598
17-173663,21-85842,18,0.080188729943416,False,0.0038724058508328883
17-173663,21-85552,19,0.0745186312539426,False,0.004106427891455076
17-173975,22-85365,1,0.6496339331833398,True,0.999999999999
17-173975,22-72517,2,0.6111628357048733,False,0.999999999999
17-173975,22-40744,3,0.51667882629682,False,0.999999999999
17-173975,22-150264,4,0.5119915311945706,False,0.999999999999
17-173975,22-29878,5,0.4888145098929747,False,0.999999999999
17-173975,22-162091,6,0.4562627082680137,False,0.999999999999
17-173975,22-77601,7,0.3292936870927402,False,0.999999999999
17-173975,22-69952,8,0.2963954116525805,False,0.999999999999
17-173975,22-32770,9,0.2566248396096412,False,0.999999999999
17-173975,22-20320,10,0.1614119349311054,False,0.999999999999
17-173975,22-153148,11,0.1569973718791064,False,0.999999999999
17-174760,22-150236,1,0.2407837889521818,False,0.0005609687692474839
17-174760,22-39410,2,0.1747824175331924,False,0.003741432180473332
17-174760,22-17364,3,0.1172922729865432,False,0.004095074337763397
17-175897,18-43533,1,0.2346014016644765,False,0.0020314562421765614
17-175897,18-154990,2,0.1440786365480567,False,0.0005421351783413189
17-176420,21-162690,1,0.2812674968740333,False,0.0038459818367585384
17-176420,22-15069,2,0.2438654732165795,False,0.0035182766007583175
17-176420,22-24902,3,0.2181585336525925,False,0.005080813314616179
17-176420,21-83160,4,0.0785001225363645,False,0.004164162834047379
17-179112,21-122032,1,0.4700813093872181,True,0.999999999999
17-179112,21-163822,2,0.3396440711468843,False,0.0035322494910970453
17-179112,21-163566,3,0.3291668789064381,False,0.0007200425417253931
17-179112,22-6934,4,0.3111211895246545,False,0.0007444081351538654
17-179112,21-153479,5,0.2976391031062011,False,0.0006098424249175214
17-179112,22-26998,6,0.2929417278581318,False,0.0006723275975851041
17-179112,21-150402,7,0.2685979687359013,False,0.003259394796791349
17-179112,22-39212,8,0.2685340320505099,False,0.0006535478473646652
17-179112,22-39891,9,0.2631102260186845,False,0.0006666004064905067
17-179112,21-145412,10,0.2482698326701351,False,0.003308714496186459
17-179112,22-52027,11,0.239573601199436,False,0.0006652828115768797
17-179112,21-143183,12,0.2334187789712909,False,0.0041732308298888425
17-179112,22-34888,13,0.2177588803003472,False,0.0031722015242497815
17-179112,22-54446,14,0.1728810107542552,False,0.003224078035776846
17-179112,21-85842,15,0.1535669569936288,False,0.0008289811128237831
17-179112,21-85552,16,0.1266081783061248,False,0.0012121191823337891
17-179112,21-92788,17,0.1150050707150277,False,0.0005605874115593034
17-179112,21-96114,18,0.1075299261584877,False,0.0034239638132879226
17-179112,21-97876,19,0.1027458246729829,False,0.003505540485149831
17-181054,21-11865,1,0.2756214623040351,False,0.0031834805191551067
17-181551,21-156574,1,0.280639097782552,False,0.003543688222848338
17-181551,21-103501,2,0.1028114378173556,False,0.00590502678307078
17-18523,18-53780,1,0.3087173839874214,False,0.00045966300389114947
17-18523,18-62604,2,0.2982437477840953,False,0.005648257032330031
17-20203,18-144441,1,0.4578140697996106,True,0.03294088858477567
17-20203,19-97500,2,0.2602031634937791,False,0.0022043982254131723
17-20203,19-88615,3,0.2130442018148315,False,0.0007545972485909324
17-20659,21-44149,1,0.7900723755723869,True,0.999999999999
17-20659,20-137315,2,0.1887059382171965,False,0.011388339292288501
17-20825,20-47606,1,0.3042228400483656,False,0.0032694741874189663
17-20825,20-103852,2,0.1957253049970025,False,0.003812256351865106
17-20825,20-94462,3,0.1954340410127508,False,0.0033862625244999414
17-20825,20-96618,4,0.194889577736752,False,0.0032497828932780298
17-20825,20-115241,5,0.1211684317644586,False,0.003361001922539878
17-20825,19-169357,6,0.1086405257778218,False,0.003756007666908327
17-20859,17-144060,1,0.3277583900225774,True,0.0007236328853830301
17-20859,17-139193,2,0.290370533072635,False,0.0037073017240684164
17-20859,17-159853,3,0.2860425540046656,False,0.0035568483906820805
17-20859,17-161006,4,0.2736412995365788,False,0.004536368660668606
17-20859,17-176420,5,0.2402031079121411,False,0.0038360651731814068
17-20859,18-546,6,0.2110973796088153,False,0.003929089903274002
17-20859,18-8070,7,0.1921139085316671,False,0.004296537821884911
17-20859,17-99753,8,0.1711268851548414,False,0.005835120351720251
17-20859,18-25585,9,0.1441896041035224,False,0.004395517632108778
17-20859,18-30024,10,0.1279478756022777,False,0.014266477786483241
17-20859,17-77672,11,0.1236775088712882,False,0.0035643582277449654
17-20859,18-40625,12,0.104006779594123,False,0.004786427064829702
17-21818,17-102741,1,0.3099663656834788,False,0.0005080299310183059
17-21818,17-147130,2,0.2583081939523407,False,0.000503916830199093
17-2217,17-9629,1,0.4627770477441962,True,0.999999999999
17-2217,17-102568,2,0.3838463465239103,False,0.000685498962513088
17-2217,17-48519,3,0.3060061504960418,False,0.0008969843181110437
17-2217,17-161606,4,0.1863789895278772,False,0.000537404707475024
17-22230,21-76512,1,0.6545247481384142,True,0.999999999999
17-22230,21-71538,2,0.371339525666002,False,0.00524270965324323
17-22230,21-42297,3,0.2979591969581222,False,0.005410293909722703
17-22230,21-119536,4,0.2922825129503818,False,0.009093890944890003
17-22230,21-130369,5,0.222320737930614,False,0.005314361440207429
17-22230,20-156321,6,0.1584296557165348,False,0.005869829234573178
17-22230,21-157863,7,0.1374543340760367,False,0.006379511942215353
17-23490,22-17397,1,0.2199398736861388,False,0.005911183423465105
17-23552,21-74412,1,0.1881485108619895,False,0.0032099102258418637
17-23552,21-83160,2,0.175669196418239,False,0.0032296460310985375
17-25692,17-102039,1,0.2953585315415563,False,0.0005469555372990823
17-25692,17-157486,2,0.2514718999296216,False,0.00046166852629404734
17-25692,17-74587,3,0.2477955410249618,False,0.00046770354538697373
17-25692,17-181551,4,0.1793885401171902,False,0.0005301333774843569
17-25692,18-21245,5,0.1011218470135662,False,0.0007681525395281637
17-25915,21-45622,1,0.3326774878753214,True,0.0006531211841403854
17-25915,21-26465,2,0.3087031686036122,False,0.0037055389079681546
17-25915,21-15299,3,0.2988122978653877,False,0.0032036938300147766
17-25915,21-13248,4,0.2856679958470407,False,0.0034633250103995898
17-25915,21-58722,5,0.2605885650218293,False,0.00369533638116735
17-25915,20-136269,6,0.1818089578224399,False,0.003205680060244287
17-25915,21-78563,7,0.1795970374515623,False,0.0032129693359705864
17-25915,21-76925,8,0.17811371251385,False,0.0032285490896582537
17-25915,20-118996,9,0.1190992893142687,False,0.0037341749816856237
17-25915,21-113953,10,0.0721059955533141,False,0.004180704007414866
17-26666,21-125688,1,0.1505546952826859,False,0.0007755313050995104
17-29415,21-77546,1,0.6673926099145326,True,0.999999999999
17-29415,20-114714,2,0.3880974469139762,False,0.999999999999
17-29415,21-36205,3,0.3547336623210974,False,0.0007019369471804116
17-29415,21-35939,4,0.3541861089580277,False,0.0007360098779500914
17-29415,21-51620,5,0.3083898528812258,False,0.001020224568946781
17-29415,21-53968,6,0.3060602991798876,False,0.0007086951885907309
17-29415,21-29866,7,0.3055117201479995,False,0.005514395383839987
17-29415,21-78393,8,0.242920688439074,False,0.0006876302366031044
17-29415,21-80765,9,0.2005266431404914,False,0.0007176066936640801
17-29415,21-69124,10,0.2000711208417909,False,0.005451132179299002
17-29415,20-107502,11,0.1236136662286465,False,0.003507393095299292
17-29415,21-111863,12,0.1192926950184157,False,0.0006926571015699706
17-29415,20-117677,13,0.0966305833274238,False,0.005191548069022562
17-30623,18-40625,1,0.3065910984727915,False,0.004609761221184684
17-30623,18-30024,2,0.2894678055190539,False,0.013820533703023597
17-30623,18-25585,3,0.2783332747123704,False,0.004272449786147339
17-30623,18-60154,4,0.2491851099387825,False,0.004434164405410991
17-30623,18-8070,5,0.2304406715627665,False,0.0042608024437369345
17-30623,18-546,6,0.2138350055396081,False,0.00392674582690917
17-30623,17-176420,7,0.1854505892962847,False,0.003882116956908297
17-30623,18-91090,8,0.1712584742258792,False,0.00560513444035908
17-30623,17-161006,9,0.1477105067201093,False,0.0046599650428015464
17-30623,17-159853,10,0.1436860056034392,False,0.003664437577841194
17-30623,18-101099,11,0.1402311065521269,False,0.005140406317870021
17-30623,17-144060,12,0.125174071143909,False,0.0007723455752303034
17-30623,17-139193,13,0.0877862141939666,False,0.004079170755425202
17-3197,17-32213,1,0.237742030726643,False,0.0007050044455722085
17-3197,17-18523,2,0.1543025265370541,False,0.0004882390510748066
17-32165,18-13243,1,0.2373390275952694,False,0.002030173023399871
17-32203,18-13243,1,0.3249430573806395,True,0.002046252556623063
17-32203,18-94561,2,0.1131291082179012,False,0.0005696329734265193
17-32213,21-37673,1,0.8465714049628768,True,0.999999999999
17-32213,21-41109,2,0.3195946777937156,False,0.0006110242143054323
17-32213,20-143279,3,0.2219991051643897,False,0.0005174796456163165
17-33827,17-170649,1,0.2981096952051043,False,0.000769838010907066
17-33827,17-146735,2,0.2968120571669667,False,0.0005007818172075316
17-33827,17-108459,3,0.2862769629914171,False,0.0004962936688844426
17-33827,17-37863,4,0.2456040542822809,False,0.0032856582473525836
17-33827,17-37945,5,0.2363894174782209,False,0.0027031201256071244
17-33827,17-39483,6,0.2297077346207232,False,0.002055997596643443
17-33827,17-67752,7,0.1925554217866637,False,0.0004797614763031514
17-34018,17-120212,1,0.3415032339815661,True,0.00046615854613841644
17-34018,17-118765,2,0.3262634959490399,False,0.0004713890178927849
17-34018,17-140948,3,0.3085307567703276,False,0.0005087282537345482
17-34018,17-140377,4,0.3075632316329239,False,0.0006798574134683652
17-34018,17-142035,5,0.3073300110695129,False,0.00048159420627568014
17-34018,17-114118,6,0.3046100518710582,False,0.0005060382389074882
17-34018,17-102923,7,0.2785849387961884,False,0.00048124203183537076
17-34018,17-102708,8,0.2770573036253364,False,0.000474500961035666
17-34018,17-103193,9,0.2749342396558657,False,0.0005184780120733003
17-34018,17-85841,10,0.2311198710662611,False,0.0005488313766668076
17-34018,18-265,11,0.1985447406378954,False,0.00047377824380907477
17-34018,17-71849,12,0.1958892578066316,False,0.0005479912261003846
17-34018,17-68186,13,0.1890881064285162,False,0.0005255365334313071
17-34018,17-62129,14,0.1655527098626118,False,0.000674247640569796
17-34018,18-12119,15,0.1545093587129223,False,0.0005438207142471526
17-34018,17-44607,16,0.1317815105605387,False,0.0005084737028730053
17-34018,17-48788,17,0.1308841395881974,False,0.0005656629783451074
17-34018,18-28408,18,0.1120442682152422,False,0.0005862038989150483
17-34018,18-31687,19,0.1034594179810353,False,0.0005944800016623139
17-35545,21-113953,1,0.2902544624069757,False,0.003991588027060742
17-35545,21-117615,2,0.2738287068222188,False,0.003969872702134994
17-35545,21-76925,3,0.2410486011309038,False,0.0035269461684388774
17-35545,21-78563,4,0.2402436208586633,False,0.0036167399896390555
17-35545,21-45622,5,0.2245853195946829,False,0.0006681422555979735
17-35545,21-133549,6,0.2219247108999057,False,0.004391948553339225
17-35545,21-58722,7,0.2006544113280543,False,0.0031800260589456486
17-35545,21-159824,8,0.1443369176923584,False,0.005127765875202575
17-35545,21-165631,9,0.1265423491422051,False,0.005192368481940213
17-35545,21-15299,10,0.1151579482966002,False,0.004856211149885995
17-35545,21-26465,11,0.0992544148777729,False,0.004132915729784679
17-35759,21-126684,1,0.3440692071835304,True,0.999999999999
17-35759,21-116891,2,0.317254891215345,False,0.999999999999
17-35759,21-26779,3,0.313967947022502,False,0.999999999999
17-35759,21-57207,4,0.2791472955508732,False,0.999999999999
17-3608,17-132446,1,0.2400766535260622,False,0.002028959524177392
17-37863,17-39483,1,0.3889139795389042,True,0.596083380711479
17-37863,17-146735,2,0.3083119282880699,False,0.00048431584744228033
17-37863,17-108459,3,0.2777034213644708,False,0.0004875483286688691
17-37863,17-170649,4,0.2448949503153841,False,0.0004739719109655595
17-37863,17-67752,5,0.1759965972472342,False,0.0005416948625080629
17-37945,17-39483,1,0.3646249626374468,True,0.2069796283772299
17-37945,17-146735,2,0.3084401742224739,False,0.0004834232128051659
17-37945,17-108459,3,0.2843060582593924,False,0.0004610893262890126
17-37945,17-170649,4,0.2743887756140856,False,0.0005222117977481197
17-37945,17-67752,5,0.1770897228810928,False,0.000524860959257602
17-38998,17-103816,1,0.2223959702146298,False,0.013733667854600503
17-39483,17-146735,1,0.3126685872627699,False,0.0004938665775991709
17-39483,17-108459,2,0.2711685848901071,False,0.0004972599938304303
17-39483,17-170649,3,0.2456109983439732,False,0.0005096762726599351
17-39483,17-67752,4,0.169837828450433,False,0.0005571675201993271
17-39483,18-38970,5,0.0937640828479544,False,0.0008951274233513611
17-39483,18-38978,6,0.0935677545071802,False,0.0009258875724687916
17-44607,21-67771,1,0.4989363664467803,True,0.999999999999
17-44607,21-115415,2,0.3454409312832942,False,0.003996282975570927
17-44607,21-89559,3,0.256307016217468,False,0.003661474572051759
17-44607,21-46043,4,0.2550365236387164,False,0.010689458290883639
17-44607,21-130956,5,0.2470516120719981,False,0.0036193708688936773
17-44607,21-62138,6,0.1797847643753524,False,0.00392887438296288
17-44607,22-13142,7,0.1459460095240511,False,0.00508942056618348
17-44607,21-35651,8,0.1157698319023756,False,0.0036739364597520177
17-44607,22-8616,9,0.0994131791464627,False,0.0037534308233833657
17-45104,20-118247,1,0.3595575903237719,True,0.00785138146042712
17-45104,20-156321,2,0.3047974942702353,False,0.001600322784275885
17-47703,21-51020,1,0.3878362848717846,True,0.006653979695997501
17-47703,21-86348,2,0.375130394397165,False,0.0019936284888354932
17-47703,21-23645,3,0.3358213921867211,False,0.0065484543828163
17-47703,21-46780,4,0.3173110318059994,False,0.003533298429497747
17-47703,21-88699,5,0.2550197109067017,False,0.0028655539486902117
17-48667,21-37354,1,0.2966120919885397,False,0.0033830684364300635
17-48667,21-28963,2,0.2694934197376026,False,0.004026044493416494
17-48667,20-150854,3,0.1498488830486202,False,0.014065824228518872
17-48667,21-118586,4,0.1096620860691692,False,0.0036442071775011574
17-48717,19-105444,1,0.3088872353216171,False,0.999999999999
17-48788,22-8616,1,0.3351948756545926,True,0.008765922518466217
17-48788,21-115415,2,0.3028943158429971,False,0.0032450891057406845
17-48788,21-130956,3,0.258821597582541,False,0.00314475190964634
17-48788,21-89559,4,0.2551554698047623,False,0.005026244495970623
17-48788,21-35651,5,0.2356227185960264,False,0.0027112699099860666
17-48788,21-46043,6,0.2112958436749257,False,0.0006891288518882818
17-48788,21-62138,7,0.2102778589704536,False,0.0033444445234618305
17-48788,22-13142,8,0.2042966570523603,False,0.002696511229633658
17-48788,21-67771,9,0.201887598482931,False,0.004214838446739481
17-49707,20-8882,1,0.2198064021908985,False,0.003166345296671778
17-50132,22-17397,1,0.1396206863351169,False,0.0046171279290831155
17-50845,17-143219,1,0.4337372748911615,True,0.0011584435548560319
17-50845,17-143241,2,0.3390637043573342,False,0.0005655942664142231
17-50845,17-111330,3,0.3230705358038319,False,0.0006884758012416767
17-50845,17-167707,4,0.3205105902686583,False,0.00054443114908802
17-50845,17-168569,5,0.3109475373338535,False,0.0005052910488913953
17-50845,17-158224,6,0.3036854432257282,False,0.0005008055995969057
17-50845,17-129614,7,0.2912534564584569,False,0.0005589913407698403
17-50845,17-106009,8,0.2628840006111216,False,0.0004750880579903763
17-50845,17-173663,9,0.2556510413339985,False,0.0005215863511340358
17-50845,17-179112,10,0.2439270152622487,False,0.0006297221161639074
17-50845,17-106054,11,0.2412252570156743,False,0.0005138283497832635
17-50845,17-91935,12,0.2345464889571367,False,0.0004986017826031526
17-50845,18-28651,13,0.2245920686828452,False,0.0008739181658534896
17-50845,18-18447,14,0.2203737766717707,False,0.0005595892439278921
17-50845,18-20656,15,0.2203246846326309,False,0.0005938742482649887
17-50845,18-21811,16,0.2111678126494531,False,0.0005570914288738192
17-50845,17-55087,17,0.1953661709991868,False,0.0011317630296355098
17-50845,18-11225,18,0.1930484848719352,False,0.0008227001969907526
17-50845,17-76616,19,0.1903369134451119,False,0.0004905307355535164
17-50845,17-68985,20,0.1726869609179757,False,0.000553743423619708
17-50845,17-65753,21,0.1706065772543241,False,0.0005507298460894686
17-50845,17-51157,22,0.1650110282220592,False,0.0007968913619903586
17-50845,17-77744,23,0.1632422373773405,False,0.0006473461481181916
17-50845,17-73536,24,0.1625370921565275,False,0.0004945595837991255
17-50845,18-35370,25,0.1327013549752096,False,0.0006230413816729148
17-50845,17-53540,26,0.1249154743462411,False,0.0006759443745385882
17-50845,17-58214,27,0.1236499468002296,False,0.0005433653073777903
17-50845,18-37028,28,0.1228142069788148,False,0.0006459627652226519
17-50845,18-46720,29,0.1011135047956796,False,0.0006493788717002212
17-51018,17-83585,1,0.1877884878506948,False,0.0004975344410995027
17-51157,19-69736,1,0.3332139055391476,True,0.0037615310311095353
17-51157,19-55110,2,0.3249240374525497,False,0.0032428871112662855
17-51157,19-43954,3,0.3110581411471578,False,0.0004845019326081826
17-51157,19-36958,4,0.2957940400851072,False,0.0033467288515527218
17-51157,19-67059,5,0.2918611554345531,False,0.0033346136520419523
17-51157,19-74485,6,0.2758799590344398,False,0.003472636145779761
17-51157,19-16942,7,0.2412992599770413,False,0.003335593022718239
17-51157,19-92498,8,0.2349574754893302,False,0.0032091009289447205
17-51157,19-119269,9,0.2233963614813571,False,0.004337735434288646
17-51157,19-123920,10,0.2200295176926121,False,0.0005040361952157504
17-51157,19-105083,11,0.2047615631691176,False,0.0033916941423156183
17-51157,18-168544,12,0.1940144383587039,False,0.004863333545780536
17-51157,18-181130,13,0.1713271158084466,False,0.00333085646893756
17-51157,18-164871,14,0.1558902434877054,False,0.0004968661183429605
17-51157,18-174875,15,0.153377367571258,False,0.003429481037421839
17-51157,19-151382,16,0.1437870481216299,False,0.005800143624970434
17-51157,19-156899,17,0.1272233345688439,False,0.007960642614092423
17-51157,18-151434,18,0.1254892427422116,False,0.0005191185495917427
17-51157,19-158679,19,0.0965007530976891,False,0.000863516905991785
17-53291,17-161600,1,0.3174283209459987,False,0.0004604124062224814
17-53291,18-22059,2,0.2576712803918394,False,0.0009499221567447697
17-53291,18-44171,3,0.1306141730449486,False,0.000510130276969002
17-53475,22-40191,1,0.332814279456855,True,0.009223452862190255
17-53475,22-95027,2,0.2600987610617224,False,0.005581974946437709
17-53475,22-74813,3,0.2584151768208617,False,0.0012204187417533031
17-53540,17-77744,1,0.4764651773981603,True,0.999999999999
17-53540,17-158224,2,0.3313642880198475,False,0.0008079827586503161
17-53540,17-143241,3,0.3123624179587883,False,0.0007650695090237165
17-53540,17-167707,4,0.310420373583184,False,0.0006699115218878319
17-53540,17-143219,5,0.3097918832316232,False,0.0005650061816556976
17-53540,17-168569,6,0.308802745435056,False,0.0006925670401381664
17-53540,17-173663,7,0.2847738131776173,False,0.0008028169270216326
17-53540,17-129614,8,0.2792301906546567,False,0.0006452276545421339
17-53540,17-179112,9,0.2788856892900249,False,0.0005910102183076261
17-53540,18-11225,10,0.2405647814649109,False,0.00046691690048987424
17-53540,17-111330,11,0.2244495188707139,False,0.0006530907338185814
17-53540,18-18447,12,0.2085939553219448,False,0.002047275394208439
17-53540,17-106009,13,0.2074736328411561,False,0.0005133911048496084
17-53540,18-20656,14,0.2074695032866083,False,0.0005626629096956089
17-53540,17-106054,15,0.2019185583346914,False,0.000714565720095804
17-53540,18-21811,16,0.2003810775295663,False,0.0020537676691766405
17-53540,18-28651,17,0.1878143996700076,False,0.0004973443094597175
17-53540,17-91935,18,0.1844076779482426,False,0.000475142976922156
17-53540,18-35370,19,0.1660776011768323,False,0.0006405020166364789
17-53540,18-37028,20,0.1538414367060884,False,0.0021108579236242112
17-53540,17-68985,21,0.1353202749709225,False,0.0007033648173200501
17-53540,17-76616,22,0.1349265456751464,False,0.0005431741994850308
17-53540,18-46720,23,0.1317335803502918,False,0.000806497914577512
17-53540,17-73536,24,0.1252939099162695,False,0.0005389874527184005
17-53540,18-53378,25,0.1136573514526754,False,0.0008929451363834803
17-53540,18-53804,26,0.1113496271606291,False,0.0008154156287667524
17-53540,18-56546,27,0.1104555539004762,False,0.0006682839083901916
17-53540,17-65753,28,0.0994541019686787,False,0.0007115802313844632
17-53540,18-61655,29,0.0960985609968886,False,0.0007218002635409461
17-53540,18-61256,30,0.0939334924407261,False,0.0008724941375529623
17-54861,21-124087,1,0.2014141734135042,False,0.0034343063253755328
17-55087,17-143219,1,0.4277370602040997,True,0.0011652250534960706
17-55087,17-167707,2,0.4097451807855154,False,0.0016434443401815628
17-55087,17-111330,3,0.3626276845132816,False,0.0015911253217235166
17-55087,17-143241,4,0.3433007645495929,False,0.000482523516851899
17-55087,17-129614,5,0.3281130137426813,False,0.0007355208453994923
17-55087,17-168569,6,0.3247411615824847,False,0.0005057009176183469
17-55087,17-106054,7,0.3178261921285154,False,0.0010770774771729833
17-55087,17-158224,8,0.3171396046492642,False,0.0005050281698783773
17-55087,18-20656,9,0.3025390391031574,False,0.0016291019090203483
17-55087,18-28651,10,0.2979222188155197,False,0.0024514320876440165
17-55087,17-173663,11,0.2747050590511241,False,0.0004728102777099215
17-55087,17-179112,12,0.2596742755266316,False,0.0005501194534200572
17-55087,17-106009,13,0.2463114131134769,False,0.000470338180715217
17-55087,18-18447,14,0.2241072582853795,False,0.000508490202117984
17-55087,17-91935,15,0.2239721768996068,False,0.000513825083698512
17-55087,18-21811,16,0.2151162027984284,False,0.0005076282493850144
17-55087,18-11225,17,0.2066337761199671,False,0.0008436669975127323
17-55087,17-58214,18,0.1982616822717723,False,0.001218572959265457
17-55087,17-76616,19,0.1737643259474673,False,0.0004893161574038458
17-55087,17-68985,20,0.1597584707056223,False,0.0005449453876783931
17-55087,18-35370,21,0.1537089711591695,False,0.0005015475936348599
17-55087,17-73536,22,0.1515885618726092,False,0.0004921208428730993
17-55087,17-65753,23,0.1498673927560649,False,0.0005334529333442906
17-55087,17-77744,24,0.1492554196866986,False,0.0006740684129230395
17-55087,18-37028,25,0.1361293066611135,False,0.0006501033281780274
17-55087,18-46720,26,0.1158193762016985,False,0.000584396622631044
17-55087,17-53540,27,0.1109286566555992,False,0.0007182725478597185
17-55087,18-53804,28,0.1078605632681119,False,0.0007732109863570617
17-55087,18-53378,29,0.1067822697634706,False,0.0005874684480852026
17-56452,19-108948,1,0.4380952543765228,True,0.999999999999
17-56452,19-128681,2,0.33777857999646,False,0.999999999999
17-56452,19-137030,3,0.3146321915676324,False,0.999999999999
17-56452,19-147943,4,0.2970677285372343,False,0.999999999999
17-56452,19-143955,5,0.2958667359267298,False,0.999999999999
17-56452,19-177480,6,0.2066214967019358,False,0.999999999999
17-56452,20-8845,7,0.1826241903053183,False,0.999999999999
17-56452,20-5957,8,0.1417886523973766,False,0.999999999999
17-58113,21-20759,1,0.2731758519913801,False,0.0007397679482615197
17-58214,21-85842,1,0.4198351094429368,True,0.014870431305122443
17-58214,21-45579,2,0.3718536677686078,False,0.00676088197372814
17-58214,21-85552,3,0.3693674134515893,False,0.0021510005171961003
17-58214,21-60721,4,0.336787271587992,False,0.0005905847089988479
17-58214,21-76081,5,0.3290651311506359,False,0.0007132208395439616
17-58214,21-76634,6,0.3272838753862114,False,0.004868781437641051
17-58214,21-13474,7,0.3189626791877996,False,0.002353956110743467
17-58214,21-7561,8,0.3017141340940438,False,0.0021975662605513793
17-58214,21-48340,9,0.2973332494280989,False,0.003427236823149364
17-58214,21-96114,10,0.2781888547255552,False,0.005087649182143745
17-58214,21-97876,11,0.2697461800219699,False,0.004561726944837544
17-58214,21-78352,12,0.2678222995843636,False,0.0032015661825522913
17-58214,21-92788,13,0.2617435078525799,False,0.00047067865287792363
17-58214,21-122032,14,0.2014574449147134,False,0.0006818073204717369
17-58214,20-139000,15,0.1575986417095368,False,0.0005074671928063076
17-58214,21-143183,16,0.1006403038624449,False,0.004009349341936705
17-58214,20-142134,17,0.0990560490649409,False,0.0036081281307844084
17-58214,20-132336,18,0.0961120633726072,False,0.0036146147628827226
17-58486,21-117615,1,0.4262724065310035,True,0.002276055022202023
17-58486,21-113953,2,0.4098466509462466,False,0.002249988147566146
17-58486,21-76925,3,0.3138598860011248,False,0.0021911579659438947
17-58486,21-78563,4,0.3115171637136648,False,0.0022584362249962945
17-58486,21-133549,5,0.2769277403931918,False,0.00365630315970818
17-58486,21-159824,6,0.2004453611675951,False,0.0036571068458750773
17-58486,21-165631,7,0.1826507926174417,False,0.0036782614116021143
17-58486,21-58722,8,0.1443741928215818,False,0.0033046257187190026
17-58486,21-45622,9,0.1033173470663452,False,0.003893403594560126
17-60124,18-101350,1,0.2493471632920459,False,0.0035164021235221357
17-60124,18-77300,2,0.1896439166559613,False,0.0035101967282347734
17-60124,18-53373,3,0.1257612686942546,False,0.0035144513028080005
17-60124,18-54467,4,0.121414784355413,False,0.004931717116118007
17-60124,18-47589,5,0.1130234122310636,False,0.003467783730842393
17-60124,18-37425,6,0.0793103205962158,False,0.004054418833579998
17-6085,17-105683,1,0.5222261203506002,True,0.999999999999
17-6085,17-73142,2,0.1542010632364982,False,0.999999999999
17-61199,21-137487,1,0.3883229443401692,True,0.999999999999
17-61199,21-125688,2,0.289573794774657,False,0.002057531215626487
17-61541,21-76925,1,0.8283063695889719,True,0.999999999999
17-61541,21-113953,2,0.5545125140648302,False,0.33747417699991195
17-61541,21-117615,3,0.5380867584800733,False,0.31092588510091734
17-61541,21-78563,4,0.3963802675961786,False,0.01570019891768232
17-61541,21-133549,5,0.2499674363819243,False,0.0034604819585592095
17-61541,21-58722,6,0.1736044701626358,False,0.0032404872379727593
17-61541,21-159824,7,0.1665550619551149,False,0.007425871251257662
17-61541,21-165631,8,0.1487604934049616,False,0.007491114696618482
17-61541,21-26465,9,0.1350719524204497,False,0.000956016800689542
17-61541,21-45622,10,0.1312530335328712,False,0.003894727810598053
17-62129,21-35651,1,0.3861760008564783,True,0.0020988428977028253
17-62129,21-46043,2,0.3371662824088169,False,0.0010174022535450607
17-62129,21-62138,3,0.3105673592869459,False,0.003866205101063407
17-62129,21-67771,4,0.2984520094912734,False,0.003210657894653942
17-62129,21-16505,5,0.2694206306134137,False,0.0006521740140383986
17-62129,21-89559,6,0.2554292308135674,False,0.0031859604608846957
17-62129,21-115415,7,0.1765990712911612,False,0.0032245003203759974
17-62129,21-130956,8,0.1183126898698421,False,0.003373921041553227
17-62490,17-98996,1,0.2255699558239078,False,0.0005485614339095731
17-65610,17-88463,1,0.1563593385372314,False,0.0005358513490996197
17-65753,18-18447,1,0.4319180435042746,True,0.017319804873869915
17-65753,18-21811,2,0.4190611808137467,False,0.014898258686676472
17-65753,17-129614,3,0.3864612818332625,False,0.001144492905422443
17-65753,17-168569,4,0.3460075005175902,False,0.00048188960902898723
17-65753,17-143219,5,0.345546284150016,False,0.0005547682159970434
17-65753,17-167707,6,0.3449509770995004,False,0.0004755336932909261
17-65753,17-158224,7,0.3433745787019848,False,0.0005745895601107997
17-65753,17-143241,8,0.3396732069448759,False,0.000500660866053428
17-65753,17-173663,9,0.3238474452328606,False,0.00048245464690973953
17-65753,17-179112,10,0.2912995017735057,False,0.00050106955917325
17-65753,18-20656,11,0.2498119669611097,False,0.0005135781756501966
17-65753,17-111330,12,0.2483957690459855,False,0.0004966563491817535
17-65753,18-11225,13,0.2362288117953042,False,0.0006971158729163549
17-65753,18-28651,14,0.2315448568177399,False,0.0005496393576417371
17-65753,17-106009,15,0.2274270981866997,False,0.0005044533894668163
17-65753,18-35370,16,0.2071838101032658,False,0.000511165504667275
17-65753,17-106054,17,0.196802108834274,False,0.0005580291969994006
17-65753,18-56546,18,0.1870896703040927,False,0.0008076096874515014
17-65753,17-91935,19,0.184179145936959,False,0.00048709243010277073
17-65753,18-37028,20,0.1650059002872969,False,0.000625826795868528
17-65753,17-76616,21,0.1548800110206901,False,0.0005392948627676936
17-65753,18-46720,22,0.1426460608248316,False,0.00060246318480756
17-65753,17-73536,23,0.1342879640810673,False,0.0005225633698237189
17-65753,17-68985,24,0.1303539754503408,False,0.0005761438263991972
17-65753,18-53378,25,0.1257876591998858,False,0.0005908602976885512
17-65753,18-61655,26,0.1248907808468302,False,0.0005381451963519995
17-65753,18-53804,27,0.1216776789703477,False,0.0006377431996423915
17-65753,17-77744,28,0.1213551094150212,False,0.0006518828012877238
17-65753,18-61256,29,0.1060696024788905,False,0.0006105407316192026
17-66007,21-28963,1,0.285907413141683,False,0.004863775247018962
17-66007,21-37354,2,0.2457212447945547,False,0.0034731920619140515
17-66007,21-118586,3,0.1966455670980039,False,0.0037927574698987314
17-66007,21-139293,4,0.1762017846050845,False,0.006764565364519142
17-66007,21-148700,5,0.1344970119445832,False,0.0069127838281128765
17-66007,20-150854,6,0.1057635665755479,False,0.003919203266612934
17-67752,20-59734,1,0.2963118703460359,False,0.013900037850936972
17-68186,22-13142,1,0.400567672993612,True,0.0012056127539877845
17-68186,22-8616,2,0.339100581789401,False,0.0006747281493954369
17-68186,21-130956,3,0.3084641977705705,False,0.008593173902487799
17-68186,21-115415,4,0.2553315365183476,False,0.008601712674454406
17-68186,22-25102,5,0.2317695460500357,False,0.0036540047748509284
17-68186,22-84327,6,0.1723077824935053,False,0.010905430466359342
17-68186,21-89559,7,0.0933253851913476,False,0.0035703456981674574
17-68883,21-20759,1,0.2444307797180555,False,0.0007460079498518002
17-68985,21-163566,1,0.3664949242024723,True,0.000497394920925686
17-68985,21-150402,2,0.3437697437174029,False,0.0006991504746901774
17-68985,22-6934,3,0.3186597568625897,False,0.00046852191343270606
17-68985,21-153479,4,0.3184636108706929,False,0.0005253441261865582
17-68985,21-143183,5,0.3142432867357827,False,0.0007358649132015186
17-68985,21-163822,6,0.3118959955681588,False,0.003295794934969706
17-68985,21-145412,7,0.2756517861977479,False,0.0031416982704121355
17-68985,22-26998,8,0.2135098365375393,False,0.0033539220898917113
17-68985,22-34888,9,0.1952075499826127,False,0.0032787363790360044
17-68985,21-122032,10,0.1890286254149474,False,0.004447783426341114
17-68985,22-39212,11,0.1859021576421092,False,0.0032812582384607026
17-68985,22-39891,12,0.1834219717607163,False,0.003321965891378905
17-68985,21-97876,13,0.1811174153454128,False,0.0006996135635458104
17-68985,21-96114,14,0.1796607416192225,False,0.0007088846340181813
17-68985,21-92788,15,0.152576677377008,False,0.0005082303644801439
17-68985,22-54446,16,0.150115096659303,False,0.0032719459398716467
17-68985,21-78352,17,0.1479822006203588,False,0.0011185463160029384
17-68985,22-52027,18,0.1479430929255479,False,0.003438974570767533
17-68985,21-85842,19,0.094665638913594,False,0.003541949544922573
17-68985,21-85552,20,0.08449742290495,False,0.0038786926416392504
17-71407,22-118151,1,0.338322103904138,True,0.0006462037785852999
17-71407,22-47598,2,0.1646754983994,False,0.0033349355559484165
17-71407,23-6398,3,0.0846630786292323,False,0.0037811476106783997
17-7154,17-108459,1,0.3344155212853018,True,0.0004893447855822931
17-7154,17-67752,2,0.2594568173037392,False,0.000603515351925534
17-7154,17-146735,3,0.2263433201484321,False,0.00047016463094524757
17-7154,17-39483,4,0.18660384492314,False,0.0005227911645947611
17-7154,17-37945,5,0.1822679761449597,False,0.0005110357567108271
17-7154,17-37863,6,0.1820436214606381,False,0.0005133899433373934
17-7154,17-33827,7,0.1726691615274731,False,0.0005143793829311249
17-7154,17-170649,8,0.1483710425061507,False,0.0007595507247590893
17-71849,22-8616,1,0.4111676629874775,True,0.28065225685586875
17-71849,21-130956,2,0.3587039587938765,False,0.004090148809321066
17-71849,22-13142,3,0.3189404924295609,False,0.0026717199750251153
17-71849,21-115415,4,0.3141225741835515,False,0.004078911379697262
17-71849,21-89559,5,0.1935008088918551,False,0.0033468573328615412
17-71849,21-67771,6,0.1722223222469626,False,0.003755195108195905
17-71849,22-25102,7,0.1448241440979412,False,0.003391840066616857
17-71849,21-46043,8,0.1323174784213365,False,0.001095495491594878
17-71849,21-62138,9,0.1218704138661884,False,0.003383386110500294
17-73142,21-148611,1,0.2637647831800263,False,0.999999999999
17-73142,21-87461,2,0.2549295927519086,False,0.999999999999
17-73142,21-78101,3,0.2281756460797196,False,0.999999999999
17-73142,21-170414,4,0.2216360268807978,False,0.999999999999
17-73142,22-16534,5,0.2194644281215357,False,0.999999999999
17-73511,17-81541,1,0.4641458607095927,True,0.999999999999
17-73536,21-143183,1,0.594464822586342,True,0.999999999999
17-73536,21-97876,2,0.4525991193802091,False,0.999999999999
17-73536,21-78352,3,0.4385849519350601,False,0.999999999999
17-73536,21-150402,4,0.3831472352091006,False,0.0006758730684490586
17-73536,21-153479,5,0.3395217652057024,False,0.0004955214926725805
17-73536,21-145412,6,0.3070287139032864,False,0.003221027841248158
17-73536,21-163566,7,0.3049140445712197,False,0.0005024648624026212
17-73536,21-163822,8,0.2734666266095923,False,0.003284528110196101
17-73536,22-6934,9,0.2612393865010803,False,0.000519354282819821
17-73536,21-122032,10,0.2250935972859027,False,0.0049878300488805415
17-73536,21-96114,11,0.2147971704021654,False,0.0007043284053795688
17-73536,21-92788,12,0.2044111757801499,False,0.0005449019742138911
17-73536,22-26998,13,0.1796494466981654,False,0.0032733211768182567
17-73536,22-34888,14,0.1596011367670453,False,0.0032943238638728925
17-73536,22-39891,15,0.1549142073020271,False,0.0032524868064064496
17-73536,21-85552,16,0.1488562945593532,False,0.0035496316713652014
17-73536,22-39212,17,0.1480222527859403,False,0.00337577786946453
17-73536,21-85842,18,0.1239841166741198,False,0.0037835422041837792
17-73536,22-54446,19,0.1146475733149748,False,0.0033837233405459113
17-73536,22-52027,20,0.1100598810259691,False,0.0036155833004731406
17-73536,21-76634,21,0.1088461709809396,False,0.003420450178365263
17-73536,21-76081,22,0.0925944853746615,False,0.004488496438519105
17-73917,17-155110,1,0.3071457406327617,False,0.0006146738990754246
17-73917,18-54451,2,0.1403086024203899,False,0.0005402651126425475
17-74587,21-103501,1,0.358069901838792,True,0.0026795265363912138
17-74587,21-47350,2,0.2486685354218918,False,0.0033598172660927843
17-74587,21-156574,3,0.2203231932014157,False,0.002934755803214766
17-74632,21-61224,1,0.6159879911950867,True,0.999999999999
17-74632,21-96695,2,0.5937738134689323,False,0.999999999999
17-74632,21-14714,3,0.4873195724478243,False,0.999999999999
17-74632,21-54745,4,0.2953473928835329,False,0.003440028896544598
17-74632,21-32441,5,0.2337079746023774,False,0.0005520138248949615
17-74632,21-42527,6,0.2297154209449091,False,0.00375737324085567
17-74632,21-19011,7,0.1628970481590339,False,0.004064412259735931
17-74632,20-152526,8,0.0878181327233662,False,0.004074064234514384
17-75186,18-38804,1,0.2206984278242188,False,0.0034099933307998164
17-75186,18-32739,2,0.2042216803373361,False,0.003426790020189994
17-75830,19-95263,1,0.206283768811967,False,0.004728076863538233
17-76616,21-85842,1,0.4609607992602607,True,0.022164433990655243
17-76616,21-76081,2,0.4219363104619412,False,0.0008717316099522904
17-76616,21-85552,3,0.4206843076182256,False,0.0021141118664771328
17-76616,21-97876,4,0.3492139970368454,False,0.007254118479450442
17-76616,21-76634,5,0.3316176757108928,False,0.0033101107824301435
17-76616,21-78352,6,0.3131574744909724,False,0.003307462781678052
17-76616,21-92788,7,0.3074719292772457,False,0.0004732211631265622
17-76616,21-60721,8,0.3009058664720588,False,0.0008876899663927263
17-76616,21-7561,9,0.2783853844126509,False,0.002350125883742488
17-76616,21-13474,10,0.2729158508073663,False,0.00237181241234249
17-76616,21-96114,11,0.2599441304368616,False,0.0034285272676059927
17-76616,21-48340,12,0.2503419870059291,False,0.0034306909261669545
17-76616,21-45579,13,0.2471774000382158,False,0.003179615696354546
17-76616,21-122032,14,0.235171969547291,False,0.001226575734577382
17-76616,21-143183,15,0.1409574267497932,False,0.0034099522289814223
17-76616,21-153479,16,0.1367371026148829,False,0.0005286949587641735
17-76616,21-150402,17,0.1258430649450649,False,0.0038792370274757055
17-76616,21-145412,18,0.1115111632866148,False,0.0037058590974865316
17-77672,21-74412,1,0.3193021711588152,False,0.0032027017692025967
17-77672,21-83160,2,0.299562142192141,False,0.003159518473335072
17-77744,17-168569,1,0.3375478177083805,True,0.000714630807425054
17-77744,17-167707,2,0.3364278199257158,False,0.0006875022046607278
17-77744,17-173663,3,0.3217317632433203,False,0.0008105779035172292
17-77744,17-129614,4,0.3161881407203597,False,0.0006489264398394814
17-77744,17-179112,5,0.3158436393557279,False,0.0005940242790012526
17-77744,17-158224,6,0.3135697194696942,False,0.0007959545681988145
17-77744,18-11225,7,0.277522731530614,False,0.00046364845579912125
17-77744,17-143241,8,0.2754044678930852,False,0.0007616391283734994
17-77744,17-143219,9,0.2728339331659202,False,0.0005636371684359042
17-77744,18-18447,10,0.2455519053876478,False,0.002026741327170484
17-77744,18-20656,11,0.2444274533523113,False,0.0005564675860190179
17-77744,18-21811,12,0.2373390275952694,False,0.002030173023399871
17-77744,18-28651,13,0.2247723497357107,False,0.0004894123079597822
17-77744,18-35370,14,0.2030355512425353,False,0.0006277814304696865
17-77744,18-37028,15,0.1907993867717915,False,0.002062409613574894
17-77744,17-111330,16,0.1874915688050109,False,0.0006626595677446672
17-77744,17-106009,17,0.1705156827754531,False,0.0005237950418390295
17-77744,18-46720,18,0.1686915304159948,False,0.0007786044470643119
17-77744,17-106054,19,0.1649606082689884,False,0.0007290435129106041
17-77744,18-53378,20,0.1506153015183784,False,0.0008456030281840487
17-77744,18-53804,21,0.1483075772263321,False,0.0007684034157024445
17-77744,17-91935,22,0.1474497278825396,False,0.0004926704503987523
17-77744,18-56546,23,0.1474135039661793,False,0.0006260490201277671
17-77744,18-61655,24,0.1330565110625916,False,0.0006101495618948438
17-77744,18-61256,25,0.1308914425064291,False,0.0007375507615969216
17-77744,18-66863,26,0.1094241603401654,False,0.0009389473044099897
17-77744,17-68985,27,0.0983623249052195,False,0.0007866538769727339
17-77744,17-76616,28,0.0979685956094434,False,0.0006778907678507371
17-78402,20-137315,1,0.3335690290441507,True,0.0006468642837360549
17-78402,20-72017,2,0.1666237527594611,False,0.0032509482346660614
17-78402,21-44149,3,0.0671039019436209,False,0.004900671028970658
17-79002,20-140005,1,0.702043272383722,True,0.999999999999
17-80194,21-77546,1,0.49373263003463,True,0.015489711597142174
17-80194,21-78393,2,0.3747891644775506,False,0.0007101631251318876
17-80194,21-80765,3,0.3337317793299961,False,0.0006792708734373903
17-80194,21-53968,4,0.3216577706669619,False,0.0006554651228185444
17-80194,21-51620,5,0.3019308533892441,False,0.0009603965421468901
17-80194,21-69124,6,0.29834185956556,False,0.003298616881009816
17-80194,21-36205,7,0.2639069014065711,False,0.0008270972379393914
17-80194,21-35939,8,0.2628900045129413,False,0.0008099217235220488
17-80194,21-111863,9,0.2516363942470588,False,0.000663177964049451
17-80194,21-29866,10,0.1930130280619414,False,0.0033099561542414206
17-80207,20-53038,1,0.2504991726385711,False,0.003192858110460075
17-8037,17-25692,1,0.4915221200175207,True,0.999999999999
17-8037,17-102039,2,0.3446357982958271,False,0.0006245088720048509
17-8037,17-74587,3,0.2970728077792325,False,0.00046373300335826454
17-8037,17-157486,4,0.2021946331753508,False,0.00047014583615091515
17-8037,17-181551,5,0.1301112733629195,False,0.0005568534656661978
17-8037,17-8714,6,0.1135577234273965,False,0.0005558606151362843
17-80512,21-37354,1,0.2050849130417285,False,0.0037745055634297994
17-80512,21-118586,2,0.193312730135269,False,0.003945429806947812
17-80512,21-28963,3,0.1793685274236722,False,0.005762501819601825
17-80512,21-139293,4,0.1296133650492903,False,0.0049080275551816885
17-80512,21-148700,5,0.10118809829184,False,0.004850264287064461
17-80512,20-150854,6,0.0689286998222583,False,0.004430605226541482
17-80573,21-38984,1,0.1760651603606965,False,0.003310691272701088
17-80573,21-36555,2,0.1600639846309334,False,0.0038134127896752735
17-82173,17-172986,1,0.6303068380917476,True,0.5906379885727823
17-82173,18-6802,2,0.5869379842846645,False,0.50595155968732
17-82173,17-118982,3,0.5366929478756023,False,0.999999999999
17-82173,17-82869,4,0.4408760402978537,False,0.999999999999
17-82869,17-172986,1,0.6289380251263512,True,0.5898967469974972
17-82869,18-6802,2,0.5883067972500609,False,0.5059905839923176
17-82869,17-118982,3,0.5353241349102058,False,0.999999999999
17-85294,21-86231,1,0.3045247481384143,False,0.014107983438759238
17-85294,21-91773,2,0.2922054314498467,False,0.01384732843687562
17-85294,21-50635,3,0.2369672616181144,False,0.0031593570496453714
17-85294,21-51104,4,0.2223959702146298,False,0.013733667854600503
17-85294,21-31568,5,0.1889159704624277,False,0.0031941085400644096
17-85841,21-130956,1,0.2833400529059754,False,0.003150731846018836
17-85841,22-25102,2,0.2279509525559618,False,0.0009868673715791576
17-85841,21-115415,3,0.2201995574414602,False,0.0032927114447125526
17-85841,22-8616,4,0.2138075379816092,False,0.0036887370238579604
17-85841,22-13142,5,0.2016383385338868,False,0.003911439814092408
17-85841,21-67771,6,0.1422968302498502,False,0.0010071232626943814
17-85841,21-89559,7,0.1355364675603985,False,0.005949563139345005
17-85841,21-62138,8,0.0631071789122801,False,0.00684878681694596
17-8714,21-47350,1,0.2093820144231132,False,0.0034444873136444732
17-8714,20-93634,2,0.1322111455729339,False,0.0008579919258329766
17-88925,19-147530,1,0.2550008211442825,False,0.0036528896478963905
17-90049,21-86231,1,0.3058935611038108,False,0.014178075996727347
17-90049,21-91773,2,0.3017871222076215,False,0.01401245479274208
17-90049,21-50635,3,0.2193738532056788,False,0.003407940428656806
17-90049,21-51104,4,0.212814279456855,False,0.01375681636851013
17-90049,21-31568,5,0.1607993867717915,False,0.013988699377524188
17-90424,21-135182,1,0.4690122645641699,True,0.999999999999
17-90424,21-66086,2,0.3532165721830789,False,0.0007192411885187201
17-9072,19-75795,1,0.2963118703460359,False,0.013900037850936972
17-91590,20-111877,1,0.293760361781457,False,0.004170866390873624
17-91590,20-96600,2,0.248678323543574,False,0.0031453207018611166
17-91590,20-152526,3,0.2015217735256992,False,0.0039369946945785024
17-91590,21-14714,4,0.1368085108000687,False,0.00414789574463972
17-91590,21-19011,5,0.1329881544317336,False,0.003371675714019523
17-91590,21-32441,6,0.1166679800136838,False,0.0005927409906945168
17-91935,20-91517,1,0.3200427951251085,False,0.0033904167853697318
17-91935,20-86796,2,0.3116847675648933,False,0.0033622859562923574
17-91935,20-78012,3,0.3044421477951061,False,0.003243814405759446
17-91935,20-66643,4,0.295842244923811,False,0.003534652032666537
17-91935,20-106651,5,0.2704094883689577,False,0.0004813754516058169
17-91935,20-98264,6,0.2620915462111257,False,0.013708879727824341
17-91935,20-98214,7,0.2620915462111257,False,0.013708879727824341
17-91935,20-142134,8,0.2466506337491899,False,0.002282519310810066
17-91935,20-49949,9,0.2390369961679442,False,0.0031816294633275656
17-91935,20-54283,10,0.2204778565739668,False,0.00370892681672953
17-91935,20-115663,11,0.2083685133461778,False,0.0032416012329200524
17-91935,20-37940,12,0.1910998463712346,False,0.003339980132356006
17-91935,20-26585,13,0.19048057455043,False,0.0043419505742156375
17-91935,20-25276,14,0.189546527667275,False,0.0044431236926303795
17-91935,20-21049,15,0.1853163587735778,False,0.0005326109938680252
17-91935,20-139000,16,0.1795332769875555,False,0.0005641969550652267
17-91935,20-32203,17,0.1653444533982775,False,0.0032399173146288977
17-91935,20-34392,18,0.1616188990619213,False,0.0037815697340305705
17-91935,20-26328,19,0.1434107600498936,False,0.003324212363620749
17-91935,20-132336,20,0.138259766445165,False,0.0036730902367395975
17-91935,20-11000,21,0.1217525444956093,False,0.0034961142997443706
17-91935,20-12070,22,0.1035791916180255,False,0.0036279316763740063
17-93042,21-91773,1,0.4272623740692071,True,0.009575373879663444
17-93042,21-51104,2,0.3873390275952694,False,0.05643285221130534
17-93042,21-86231,3,0.3604183092422251,False,0.002899611431323545
17-93042,21-50635,4,0.3259702146298729,False,0.009236955929050217
17-93042,21-31568,5,0.2753241349102059,False,0.009404558580450594
17-9361,21-45622,1,0.3034831766849478,False,0.000738570192268525
17-9361,21-13248,2,0.3028978172284702,False,0.003436140212088919
17-9361,21-15299,3,0.2948349187251742,False,0.003513560158043998
17-9361,21-26465,4,0.2601203957206207,False,0.003968888644987392
17-9361,20-136269,5,0.2336830457828507,False,0.003169595942939828
17-9361,21-58722,6,0.1895351079951726,False,0.003200271203887022
17-9361,20-118996,7,0.1633522962658942,False,0.003957855574416726
17-9361,21-78563,8,0.1358905947797694,False,0.0033029862744111665
17-9361,21-76925,9,0.1345175170953664,False,0.003304626568181937
17-93666,21-113953,1,0.5891738097728365,True,0.999999999999
17-93666,21-117615,2,0.5727480541880796,False,0.999999999999
17-93666,21-76925,3,0.5195437007941055,False,0.33970829138761016
17-93666,21-78563,4,0.458503157065425,False,0.02094338252813092
17-93666,21-58722,5,0.2753044130715147,False,0.003886073094585797
17-93666,21-15299,6,0.2276099060280653,False,0.003402871695945464
17-93666,21-26465,7,0.2041080842863291,False,0.0007450257800601688
17-93666,21-45622,8,0.2011685340299767,False,0.003366079580075448
17-93666,21-133549,9,0.1820308679981031,False,0.003766836146593371
17-93666,21-159824,10,0.106251644004467,False,0.0038522957082396214
17-93666,21-13248,11,0.1043086385357809,False,0.003939636832539551
17-93666,21-165631,12,0.0884570754543137,False,0.003981448129225299
17-93952,22-95027,1,0.4575429366640564,True,0.004997681217315733
17-93952,22-74813,2,0.4483700858350301,False,0.001383625057628204
17-93952,22-40191,3,0.3478712220762155,False,0.009200725645923634
17-9629,17-102568,1,0.4043785410048565,True,0.0007180816316758399
17-9629,17-48519,2,0.2854739560150957,False,0.0009035159618369439
17-9629,17-161606,3,0.2069111840088233,False,0.0005286903007071245
17-97519,21-146075,1,0.3104203592892692,False,0.002394245695959426
17-97609,21-38984,1,0.5675420678277407,True,0.6761518770016423
17-97609,21-36555,2,0.165183706544101,False,0.00353063599304161
17-98996,21-76512,1,0.3897423129004861,True,0.0009322704407271163
17-98996,21-119536,2,0.3810739729236214,False,0.0013299649992114095
17-98996,21-130369,3,0.3186958846156312,False,0.0009088984573453976
17-98996,21-71538,4,0.3131455565706565,False,0.0045918219593052536
17-98996,21-42297,5,0.241657985643228,False,0.004986771956322303
17-98996,21-157863,6,0.2338294807610539,False,0.0009525094886091586
17-99753,20-85492,1,0.357524579527355,True,0.0010637423612770212
17-99753,19-127477,2,0.2911830557147346,False,0.005528450752352727
17-99753,20-66280,3,0.2543099471368802,False,0.003569325612366675
17-99753,20-47368,4,0.2467414013559769,False,0.005242483209246911
17-99753,20-31457,5,0.1329612471140491,False,0.005677082846838274
17-99753,20-10269,6,0.085514673674989,False,0.015058688667189088
18-101085,23-72834,1,0.5505452041934351,True,0.999999999999
18-101099,23-23753,1,0.3712815397059747,True,0.0032256702664420606
18-101099,23-43939,2,0.3327083995162678,False,0.0028406871838421418
18-101099,22-120791,3,0.1265790626368813,False,0.014281688775460872
18-101350,21-14714,1,0.3652702170240023,True,0.004396980138306923
18-101350,21-32441,2,0.3291375930251751,False,0.0005129231631826678
18-101350,21-19011,3,0.3052345337229165,False,0.0036034181845215484
18-101350,20-152526,4,0.3001192604497072,False,0.004127142783660425
18-101350,21-42527,5,0.2731301466826433,False,0.0035127448688458958
18-101350,21-61224,6,0.2393394242075327,False,0.0042161159949542695
18-101350,21-54745,7,0.2044098916469852,False,0.0039014157856024807
18-101350,20-111877,8,0.1784806883252525,False,0.004899645596950503
18-101350,21-96695,9,0.1322085078755305,False,0.0038664529061122562
18-101994,19-32405,1,0.3408368228096848,True,0.0006752215290529908
18-101994,19-79409,2,0.3389244611145174,False,0.0005480069841841382
18-101994,19-56150,3,0.3310541386507248,False,0.0006712228188711795
18-101994,19-75460,4,0.3056907953703444,False,0.0005643011903184982
18-101994,19-44791,5,0.3016732369689006,False,0.0020234802384362905
18-101994,19-129278,6,0.2528758910006085,False,0.0009426533181797742
18-103911,21-163822,1,0.4753495997315968,True,0.999999999999
18-103911,21-76634,2,0.4290789300534646,False,0.015001369538071714
18-103911,21-92788,3,0.3228158753387045,False,0.00047367160985737526
18-103911,21-96114,4,0.3087333828012336,False,0.003219183674546576
18-103911,21-97876,5,0.3012801550897183,False,0.003570162867860923
18-103911,21-85842,6,0.2881509444023793,False,0.0031493374184867824
18-103911,21-85552,7,0.2689489288966556,False,0.003621209224166008
18-103911,21-78352,8,0.2576580944720592,False,0.003215945272648377
18-103911,21-48340,9,0.2534712253153551,False,0.000661580600557615
18-103911,21-122032,10,0.2484259470907744,False,0.004921989997930163
18-103911,21-76081,11,0.245143650443886,False,0.003526872928435416
18-103911,21-60721,12,0.2289799378342938,False,0.0007488450832812637
18-103911,21-145412,13,0.2024879161460108,False,0.00323284635571206
18-103911,21-143183,14,0.190323999344526,False,0.003743680509348063
18-103911,21-153479,15,0.1861036752096158,False,0.0005551279204654689
18-103911,21-45579,16,0.1734431922869771,False,0.00326742586975554
18-103911,21-150402,17,0.1684968809400564,False,0.003338767854286765
18-103911,21-163566,18,0.1503004429174911,False,0.0006983118361324229
18-103911,22-6934,19,0.1075404115355139,False,0.0007862341062037229
18-103911,21-13474,20,0.0792516699953538,False,0.004061559590562563
18-105237,22-95015,1,0.2920458801909619,False,0.003667096138422417
18-105237,22-84327,2,0.2626149801533509,False,0.003742971433317545
18-105237,22-127675,3,0.23599240110953,False,0.0033110165384520203
18-105237,22-141355,4,0.1899299241232009,False,0.006818679876314485
18-105237,22-25102,5,0.0985672366584532,False,0.004295595150888374
18-105237,22-13142,6,0.0655602838188614,False,0.005600484713983982
18-105692,18-153265,1,0.2263885238720981,False,0.0020357287736072678
18-106276,20-119807,1,0.1916981297985142,False,0.003622880279783582
18-106276,21-93672,2,0.0914735880558808,False,0.004420996970226459
18-108773,18-158087,1,0.3024765473542274,False,0.0006905377501096895
18-109139,22-137807,1,0.8587078405606656,True,0.999999999999
18-109139,22-166987,2,0.5283204656791781,False,0.999999999999
18-109139,22-166133,3,0.1742826995821179,False,0.00426616114540859
18-109139,22-166149,4,0.1211502441051218,False,0.005140413016956513
18-11225,21-122032,1,0.4197349978098992,True,0.999999999999
18-11225,22-39212,2,0.3376473281683638,False,0.0007005714940355137
18-11225,22-26998,3,0.3316732369689005,False,0.002847244109398286
18-11225,22-6934,4,0.3208366184844503,False,0.002039218272495853
18-11225,22-39891,5,0.3001905387647832,False,0.0028428336187584047
18-11225,21-163566,6,0.2784034165571616,False,0.002019671916463815
18-11225,22-52027,7,0.2780681847444757,False,0.0006644611511819836
18-11225,21-163822,8,0.2589128627118094,False,0.0035173351366828733
18-11225,22-34888,9,0.2520308858587199,False,0.005493156248096456
18-11225,21-153479,10,0.2465486782444378,False,0.0007844006960801629
18-11225,21-150402,11,0.2337686646138528,False,0.0032006990387505657
18-11225,22-54446,12,0.2037072855042745,False,0.004628674071420539
18-11225,21-145412,13,0.195363417318318,False,0.003614833911902227
18-11225,21-143183,14,0.1823283541095276,False,0.005408917667822416
18-11225,22-94454,15,0.1341125431668018,False,0.0008363463879067001
18-11225,22-102623,16,0.0733328279187233,False,0.004135177401028748
18-114060,18-146989,1,0.1933840315751598,False,0.000577513917714805
18-114060,19-103833,2,0.1540043097078596,False,0.0004913730708925886
18-114060,19-105305,3,0.1498978708116704,False,0.0004937090821163517
18-114870,20-117677,1,0.4322517803362396,True,0.029824901555062452
18-114870,21-29866,2,0.3623291048431919,False,0.0009004413980641537
18-114870,21-35939,3,0.3128373074925522,False,0.006320784892315717
18-114870,21-77546,4,0.2490709154899293,False,0.016025590669868143
18-114870,21-36205,5,0.2372449040836168,False,0.0031895336795074265
18-114870,21-69124,6,0.2112190396689886,False,0.005444588858800511
18-114870,21-53968,7,0.1922783143981336,False,0.0031941031618982446
18-114870,21-78393,8,0.1900033291135622,False,0.005953304975134428
18-114870,21-51620,9,0.1863352435154879,False,0.004431280245013298
18-114870,20-114714,10,0.1498606395802247,False,0.005067078512806682
18-114870,21-80765,11,0.1385789756441807,False,0.0006640851608179668
18-114870,20-107502,12,0.1290882057032663,False,0.004460296654761116
18-115270,19-34598,1,0.3183540103234945,False,0.0005272127990379064
18-115270,19-46291,2,0.2920788672659126,False,0.000508135775925507
18-115270,19-87510,3,0.2755602552996654,False,0.0009833931194329463
18-115270,18-132522,4,0.1554540922662063,False,0.0005061293430864074
18-117157,22-165707,1,0.2760901599681638,False,0.002424431007930856
18-117157,22-69458,2,0.1889347663452238,False,0.0034592883973515167
18-117157,22-66076,3,0.1795685667859572,False,0.0034562123599300378
18-117157,22-39260,4,0.1388895963653355,False,0.003930950833961978
18-117389,19-169787,1,0.3255717563699516,True,0.0005496846543766157
18-117389,19-169306,2,0.290096504508366,False,0.0037491220091999005
18-117389,19-176963,3,0.2564376054250093,False,0.004258372274244148
18-117389,20-10269,4,0.2227715353421563,False,0.004671854399450779
18-117389,19-136955,5,0.2069221706780988,False,0.0043810396429824015
18-117389,20-31457,6,0.1771417681440219,False,0.004286849530570657
18-117389,19-127477,7,0.1012516731095637,False,0.003704767569785931
18-117389,19-85688,8,0.0787899567910953,False,0.0039881076008464415
18-117389,20-47368,9,0.0625363863894116,False,0.006322773189346253
18-120601,22-118151,1,0.3068362260743673,False,0.004490124734646268
18-120601,23-6398,2,0.1224227450432211,False,0.0052230807692815575
18-120601,22-47598,3,0.1106110369317766,False,0.00488743467441436
18-12119,22-84327,1,0.3491035319380584,True,0.005058278523441323
18-12119,22-13142,2,0.2577620834466978,False,0.0008126199215631402
18-12119,22-95015,3,0.2524502893921519,False,0.003847848063644906
18-12119,22-8616,4,0.2205716432426437,False,0.0006729865470341519
18-12119,22-25102,5,0.1909276761697854,False,0.003289168503777439
18-12119,22-127675,6,0.1821892364149752,False,0.0036453465575311495
18-12119,22-141355,7,0.1109005647202419,False,0.0037676129061253007
18-121819,22-118151,1,0.3095738520051601,False,0.004545160515086113
18-121819,23-6398,2,0.1251603709740139,False,0.0052108491776199535
18-121819,22-47598,3,0.1078734110009838,False,0.00490308339009864
18-122376,19-36958,1,0.3593822188191716,True,0.0005123320761844403
18-122376,19-16942,2,0.3429155561947584,False,0.000503016743398286
18-122376,19-43954,3,0.3175850858061457,False,0.0005173582118100491
18-122376,19-55110,4,0.3141805565407656,False,0.000481947152406815
18-122376,18-168544,5,0.3039984241285055,False,0.0008196933998122544
18-122376,18-181130,6,0.2693125893855275,False,0.00047274132139204025
18-122376,19-69736,7,0.2572728039650661,False,0.0005003399689773433
18-122376,18-174875,8,0.2562516290454271,False,0.00046397205215702875
18-122376,19-67059,9,0.2509182753270206,False,0.0005329698964401916
18-122376,19-74485,10,0.2405335469778875,False,0.0004922393654521074
18-122376,18-164871,11,0.2229431467553265,False,0.00047726267408119917
18-122376,18-151434,12,0.1962201959138312,False,0.00047655902040219734
18-122376,19-92498,13,0.1939685955394506,False,0.0005009716475074207
18-122376,19-119269,14,0.1930637777623429,False,0.0007269551442979827
18-122376,19-123920,15,0.1889994120275062,False,0.0007940520803645368
18-122376,19-105083,16,0.1661019257509375,False,0.0005293823127941875
18-122376,18-128159,17,0.1149534262807451,False,0.0007161796948174066
18-124336,21-16505,1,0.3498856421009031,True,0.003928293247993238
18-124336,21-35651,2,0.3069865934868182,False,0.003632160278507387
18-124336,21-46043,3,0.2363180818376818,False,0.004759564764573056
18-124336,21-67771,4,0.2273052173508363,False,0.003989424462797483
18-124336,21-62138,5,0.2033138639308938,False,0.003497037348877656
18-124336,20-125567,6,0.153971372536917,False,0.003399500474188487
18-124336,21-89559,7,0.1245246277479571,False,0.004178862500625034
18-124336,20-116086,8,0.1193241766017265,False,0.004130283158893783
18-12739,22-7823,1,0.3366174775922343,True,0.0035769234589352033
18-12739,22-83444,2,0.1490806785921214,False,0.003478410273851913
18-127511,22-165707,1,0.2207891899265261,False,0.0031678376460256316
18-127511,23-105797,2,0.1219385440949034,False,0.0033819429002086517
18-127992,22-93332,1,0.2374916954765837,False,0.003164779640713274
18-128159,22-118191,1,0.3562499644499856,True,0.0008778889654900856
18-128159,22-133794,2,0.3395236733391467,False,0.0011018441448905165
18-128159,22-111359,3,0.3359345995548775,False,0.0009939289244137155
18-128159,22-108057,4,0.3152474813841436,False,0.002842066377716631
18-128159,22-94454,5,0.2983664898196259,False,0.0011250763749166093
18-128159,22-157410,6,0.2631846490762466,False,0.0010333229992054622
18-128159,22-39891,7,0.2436136662286465,False,0.06845033204648392
18-128159,22-165917,8,0.2431321354315901,False,0.0009643450129033026
18-128159,22-102623,9,0.2382747095247587,False,0.005605377753450174
18-128159,22-153504,10,0.2223150597035766,False,0.004233462555947638
18-128159,22-154717,11,0.2169313360624534,False,0.00494939174577042
18-128159,22-52027,12,0.1586870961267679,False,0.0012305217405861222
18-128159,22-39212,13,0.1241078688542451,False,0.001199605792838795
18-128159,23-34705,14,0.1233770613006548,False,0.0013868212204353237
18-128159,22-54446,15,0.1041777781825497,False,0.0046978413444429745
18-128642,20-137315,1,0.3004049256199652,False,0.004905596989602398
18-128642,20-72017,2,0.2919809182333484,False,0.011325264883601348
18-128655,23-20260,1,0.4701846207119314,True,0.999999999999
18-128655,23-12419,2,0.3880989925536574,False,0.999999999999
18-128655,23-63763,3,0.3510878883041567,False,0.999999999999
18-128655,22-162091,4,0.3495608651691353,False,0.999999999999
18-128655,23-69310,5,0.3417725568129913,False,0.999999999999
18-128655,23-49217,6,0.3303421221402872,False,0.999999999999
18-128655,23-73693,7,0.3198958864356369,False,0.999999999999
18-128655,22-153148,8,0.3070474132214822,False,0.999999999999
18-128655,23-63743,9,0.2919387792962723,False,0.999999999999
18-128655,23-104062,10,0.2862622773617895,False,0.999999999999
18-128655,22-150264,11,0.2387012824375738,False,0.999999999999
18-128655,23-98718,12,0.20563283016665,False,0.999999999999
18-128655,23-98812,13,0.1457225824968098,False,0.999999999999
18-128950,22-22098,1,0.3444929506178035,True,0.0009486286442324991
18-128950,21-122276,2,0.1320056976010188,False,0.005181669022663037
18-130463,19-54406,1,0.3235607758244603,True,0.0004963281846802674
18-130463,19-58204,2,0.2816611147133772,False,0.004659701250802299
18-130463,19-6267,3,0.2328744055523912,False,0.0043854829973046265
18-130463,19-112016,4,0.1465852933236219,False,0.004537168744599016
18-130463,19-109269,5,0.1396616994000064,False,0.0033575598247603277
18-130463,18-142560,6,0.0934062107615334,False,0.004694083530477753
18-13243,22-125236,1,0.3331559351730179,True,0.002072282835478257
18-132522,21-130046,1,0.3081273631386804,False,0.0037852192739603954
18-132522,21-124527,2,0.3040209242424911,False,0.0037560880723778297
18-133090,22-166698,1,0.7270933540621393,True,0.999999999999
18-133090,23-41648,2,0.4735428062531229,False,0.999999999999
18-133090,23-43183,3,0.3503723000055042,False,0.999999999999
18-133090,23-87983,4,0.2468527729606136,False,0.999999999999
18-134123,18-142763,1,0.4627770477441962,True,0.999999999999
18-134123,19-71137,2,0.3368563616598412,False,0.0005843385770269896
18-134123,19-8964,3,0.2972438336607192,False,0.0005696525360727201
18-134123,19-19933,4,0.28064520052527,False,0.0005147742601890298
18-134123,19-15392,5,0.2706377065125601,False,0.000502976566327056
18-134123,19-99281,6,0.2452479346281604,False,0.000490694126081666
18-134123,19-2743,7,0.2412997332528053,False,0.0005128228303538288
18-134123,19-90783,8,0.2405622643357929,False,0.0004920007892680315
18-134123,18-154770,9,0.1803713491182317,False,0.0005127253209779508
18-134123,19-145053,10,0.1432465486387836,False,0.000779374660528043
18-134123,19-130357,11,0.1360712750092961,False,0.00054506257792006
18-134465,22-150236,1,0.2551335961454226,False,0.00202353633114815
18-135183,18-178145,1,0.2086381033799263,False,0.0007274789777496856
18-136146,18-180250,1,0.2158216361893863,False,0.0005573190867636795
18-136695,19-39813,1,0.5850882405487334,True,0.1646955142626165
18-136695,19-28845,2,0.4927078154957839,False,0.01278155052893746
18-14065,20-133527,1,0.2556720724486575,False,0.999999999999
18-14065,20-71496,2,0.2516681055326163,False,0.999999999999
18-14065,20-144067,3,0.2394922549751419,False,0.999999999999
18-14065,20-70265,4,0.2377609416876915,False,0.999999999999
18-14065,20-61728,5,0.214699043400665,False,0.999999999999
18-14065,20-58079,6,0.2003678087968935,False,0.999999999999
18-14065,20-155309,7,0.1895058833639554,False,0.999999999999
18-14065,20-49221,8,0.1670842438708468,False,0.999999999999
18-14065,20-35779,9,0.1277383059348443,False,0.999999999999
18-14081,21-147552,1,0.1275261428915699,False,0.0005411303412280974
18-14081,21-138925,2,0.1043973980761944,False,0.000590661578384888
18-141270,19-25237,1,0.2619776609724047,False,0.0020217925099881833
18-141270,19-110370,2,0.2136367721536503,False,0.0005816868346179534
18-141270,19-142286,3,0.1277370185285238,False,0.0006678342828131389
18-142560,20-29934,1,0.2643472987207433,False,0.0032879945912781877
18-142560,19-182466,2,0.1525462393559369,False,0.0005866416437349832
18-146489,22-35499,1,0.1569973718791064,False,0.999999999999
18-147219,20-45001,1,0.3528847206908405,True,0.999999999999
18-147219,20-60923,2,0.2916287773987447,False,0.999999999999
18-147219,20-88562,3,0.1991902038696343,False,0.999999999999
18-150422,23-12419,1,0.462700394218134,True,0.999999999999
18-150422,22-153148,2,0.3785173017958826,False,0.999999999999
18-150422,22-150264,3,0.338897723606785,False,0.999999999999
18-150422,22-162091,4,0.3148676344545394,False,0.999999999999
18-150422,23-20260,5,0.2741785628490922,False,0.999999999999
18-150422,22-85365,6,0.1927064786499172,False,0.999999999999
18-150422,22-69952,7,0.185514673674989,False,0.999999999999
18-150422,23-49217,8,0.1802794607858894,False,0.999999999999
18-150422,22-77601,9,0.1696619203564895,False,0.999999999999
18-150422,22-72517,10,0.1554984353761052,False,0.999999999999
18-150889,23-43183,1,0.366231467544044,True,0.999999999999
18-150889,23-41648,2,0.3538887982788252,False,0.999999999999
18-150889,23-87983,3,0.2773920884700355,False,0.999999999999
18-150889,22-166698,4,0.2600118494371244,False,0.999999999999
18-151434,19-69736,1,0.3376330814748935,True,0.0005345357639286474
18-151434,19-55110,2,0.3297255571201302,False,0.0004657956724145607
18-151434,19-67059,3,0.3293994127307548,False,0.0006951210266669916
18-151434,19-74485,4,0.3172533979697134,False,0.0005927104218375269
18-151434,19-36958,5,0.2943555738241336,False,0.00045915531551711454
18-151434,19-43954,6,0.2904422541625969,False,0.000569195266504581
18-151434,19-92498,7,0.2788341142906489,False,0.00047253165476660193
18-151434,19-105083,8,0.245202348252698,False,0.0005738261660647409
18-151434,19-16942,9,0.2447597603524452,False,0.00046388652041993777
18-151434,19-119269,10,0.2414725951732104,False,0.0004877954436695878
18-151434,19-123920,11,0.2213742674702354,False,0.00046754776275278553
18-151434,18-181130,12,0.1806980050053854,False,0.0005552722538885559
18-151434,18-168544,13,0.1768466436933283,False,0.0005169626285101959
18-151434,18-174875,14,0.17679099454173,False,0.0004777321216417894
18-151434,19-151382,15,0.1405035712649885,False,0.0005077857397565042
18-151434,18-164871,16,0.1386251149641792,False,0.0005189681702618192
18-151434,19-156899,17,0.1217536240448495,False,0.0005221539559675105
18-151434,19-158679,18,0.1057188939177724,False,0.0008570096280803614
18-152399,23-56040,1,0.3044581281009885,False,0.999999999999
18-153265,23-74653,1,0.2949430573806395,False,0.013880410502637441
18-153265,23-74379,2,0.2949430573806395,False,0.013880410502637441
18-153265,23-101593,3,0.2906088480070083,False,0.002845308621971024
18-153265,23-48532,4,0.2566162943495401,False,0.013703793446224358
18-154770,21-156574,1,0.3140759964074346,False,0.0033398857911436253
18-154770,21-103501,2,0.1702512654786467,False,0.003933953693513825
18-157478,20-31194,1,0.2566098710851073,False,0.007639373515161217
18-157478,19-87143,2,0.0963059475356362,False,0.005501084418391708
18-159101,22-118151,1,0.3436430498794962,True,0.0021223551692028135
18-159101,23-6398,2,0.2431176032282721,False,0.0031626326183538567
18-159101,23-42778,3,0.2195893170543346,False,0.007818005656588302
18-159101,23-65504,4,0.0944676601663985,False,0.00420275855562971
18-164871,19-74485,1,0.3309021081353791,True,0.0006839734855079876
18-164871,19-67059,2,0.316337843326128,False,0.0007906914461972056
18-164871,19-69736,3,0.3145762434431236,False,0.0005896360363096487
18-164871,19-92498,4,0.3131444276545541,False,0.0004897524411743234
18-164871,19-123920,5,0.2809013929727033,False,0.0005333601880130177
18-164871,19-55110,6,0.2808825901360242,False,0.0006271544375148083
18-164871,19-105083,7,0.2805378464886696,False,0.0006495221233053889
18-164871,19-119269,8,0.2711217393987171,False,0.0004652521026380762
18-164871,19-43954,9,0.255950040085781,False,0.0005169731790894455
18-164871,19-36958,10,0.2544308797387072,False,0.0004649816258752953
18-164871,19-16942,11,0.1991890700090926,False,0.0004787628413443017
18-164871,19-151382,12,0.1660600526434755,False,0.0004900839028735237
18-164871,19-156899,13,0.1559189941338428,False,0.000489362307280099
18-164871,19-158679,14,0.1507446055221993,False,0.0005126166600399844
18-164871,18-181130,15,0.1415999400028288,False,0.000646044201827802
18-164871,18-174875,16,0.1334156005523835,False,0.0005143047659665933
18-164871,18-168544,17,0.1254087892171548,False,0.0005190897458316146
18-165012,21-148700,1,0.3519764320553874,True,0.000805319225965011
18-165012,21-170353,2,0.3239732203654353,False,0.004362196918280361
18-165012,21-139293,3,0.2631328095438832,False,0.003905300780399713
18-165012,22-39260,4,0.227517555233886,False,0.000711057164790288
18-165012,21-118586,5,0.2077872595273856,False,0.003306307883776245
18-165012,22-66076,6,0.1515666511370784,False,0.000761208659647154
18-165012,22-69458,7,0.1438609139072383,False,0.0007660856528166662
18-165102,19-9782,1,0.2340264134191783,False,0.0007374499166363058
18-166821,23-43763,1,0.3776118364575416,True,0.0006583629352082403
18-166821,23-20884,2,0.3576592995529684,False,0.0006979406623604155
18-167431,23-43763,1,0.4868608323011649,True,0.013813930845257115
18-167431,23-20884,2,0.3360790558993072,False,0.0006531432317037548
18-168544,23-34705,1,0.3310218442779816,True,0.008651956429518893
18-168544,23-37068,2,0.2969615580137577,False,0.004691868750636179
18-168544,23-58292,3,0.2961712362427298,False,0.003197992417239912
18-168544,23-76010,4,0.2929758400998927,False,0.003349648239858746
18-168544,23-102643,5,0.2531356716954677,False,0.0032872795515394818
18-168544,23-38908,6,0.2474825052593056,False,0.0032346869953347327
18-168544,23-144303,7,0.1891931263079594,False,0.007010017437818288
18-168544,22-153504,8,0.1544156652761134,False,0.008154734694268945
18-168544,23-125766,9,0.1424652875962051,False,0.003535170319231828
18-168544,23-132830,10,0.1340636070001446,False,0.0036941901536899804
18-168544,23-144516,11,0.1171988775625378,False,0.003376999827488644
18-168544,22-165917,12,0.1079050774591061,False,0.003810268839705419
18-168544,22-157410,13,0.0945513678279591,False,0.0035444331731801257
18-168544,22-154717,14,0.0915626310575927,False,0.0037413366003566898
18-170789,22-99431,1,0.2793472754248728,False,0.003534720035068219
18-170789,22-138398,2,0.1706984042206185,False,0.0032429822457975357
18-171623,21-170353,1,0.3431366018809851,True,0.0043818918339167245
18-171623,21-148700,2,0.3328130505398377,False,0.0008001123353876626
18-171623,22-39260,3,0.2466809367494357,False,0.0007053742448902722
18-171623,21-139293,4,0.2439694280283334,False,0.003905538738855855
18-171623,21-118586,5,0.1886238780118359,False,0.0033262719056438906
18-171623,22-66076,6,0.1707300326526281,False,0.0007350654318085937
18-171623,22-69458,7,0.163024295422788,False,0.0007271404833221488
18-173960,23-43763,1,0.5135938666725064,True,0.999999999999
18-173960,23-20884,2,0.2871426766139496,False,0.0009294353301389632
18-174630,22-166987,1,0.6190054309486606,True,0.999999999999
18-174630,22-137807,2,0.5301429481860269,False,0.999999999999
18-174630,22-166133,3,0.4526294505220282,False,0.019453555456597087
18-174630,22-166149,4,0.3134879967777925,False,0.0034313035901421523
18-174875,22-157410,1,0.3988341914204474,True,0.0007983565478871566
18-174875,22-165917,2,0.3736975079222183,False,0.0009219684573629184
18-174875,22-154717,3,0.3135439800249956,False,0.0034604502432654047
18-174875,22-153504,4,0.2993208853008611,False,0.003228842934827745
18-174875,22-133794,5,0.2918157972327069,False,0.0006486428623955002
18-174875,23-34705,6,0.2693175963355806,False,0.0006542683949804556
18-174875,23-37068,7,0.2541453174723774,False,0.0006656686395753767
18-174875,22-118191,8,0.2315795687687343,False,0.0007321545660853611
18-174875,23-58292,9,0.2166176451649105,False,0.0006885752479155601
18-174875,22-111359,10,0.2088714965409062,False,0.0008618931977970551
18-174875,22-108057,11,0.1946860043844465,False,0.0007254065285356429
18-174875,23-38908,12,0.1795651794108935,False,0.003977443807977615
18-174875,22-94454,13,0.17628875734438,False,0.0007469047024534686
18-174875,22-102623,14,0.1219813464126535,False,0.0033810492707369894
18-174875,23-76010,15,0.0863506851266762,False,0.0036927933173406635
18-175843,22-166987,1,0.6790762963243298,True,0.999999999999
18-175843,22-137807,2,0.5192219522218295,False,0.999999999999
18-175843,22-166133,3,0.2541156078753483,False,0.0058058258246266045
18-175843,22-166149,4,0.1761507079132995,False,0.004161829661232928
18-177907,19-101998,1,0.38886678098257,True,0.0007071618862642699
18-177907,19-55346,2,0.2390483796936915,False,0.0006002357974992632
18-177907,19-30217,3,0.2380813304639857,False,0.000616275127630644
18-177907,19-180074,4,0.1664180004794056,False,0.0006401082016653245
18-178358,19-147471,1,0.3381918449233358,True,0.0004941610854833773
18-178358,19-166458,2,0.302742780075118,False,0.0004603033283762862
18-178358,19-106149,3,0.2464813762417765,False,0.0004878709373929059
18-178358,19-190328,4,0.2174884288824947,False,0.0006631286779478123
18-180161,22-99431,1,0.222608475127156,False,0.003470523982246569
18-180161,22-138398,2,0.1525569404666093,False,0.004803119648175765
18-180161,21-156783,3,0.0929488574303364,False,0.0037718486509565677
18-180250,19-179524,1,0.2420218521164587,False,0.0017637698033145844
18-180250,19-153997,2,0.1988589997280091,False,0.0005204197052038781
18-180250,19-160506,3,0.1773625253073709,False,0.0005708916681729039
18-181130,23-76010,1,0.8651131809209214,True,0.999999999999
18-181130,23-102643,2,0.3098218045819287,False,0.0032640162635255822
18-181130,23-144516,3,0.278699204687697,False,0.0006511207816321001
18-181130,23-125766,4,0.2386728343846592,False,0.0038689996473907904
18-181130,23-132830,5,0.2314151125640336,False,0.003964778286449369
18-181130,23-144303,6,0.205955713226372,False,0.003502835650691036
18-181130,23-58292,7,0.1860158391465156,False,0.0040657417613637285
18-181130,23-37068,8,0.1720154752600429,False,0.003697923220215805
18-181130,23-169673,9,0.1666452182414934,False,0.0005689465656446916
18-181130,23-38908,10,0.1430830718232936,False,0.0035926988708782867
18-181130,23-34705,11,0.1393588795991494,False,0.003297337460698115
18-181130,23-176813,12,0.1201353743191758,False,0.003961739267743522
18-182041,21-157863,1,0.3460212489760653,True,0.0053150366255197935
18-182041,21-130369,2,0.2611548451214879,False,0.0053661145584767405
18-182041,21-119536,3,0.2086152538332438,False,0.004311439623760911
18-18447,18-21811,1,0.4429016640733184,True,0.9999406559690881
18-18447,18-122376,2,0.3560193565272925,False,0.000546177078873004
18-18447,18-90441,3,0.3300119101847608,False,0.0005439479043274125
18-18447,18-103911,4,0.3219514950655968,False,0.0007676697985181129
18-18447,18-90097,5,0.289514995563185,False,0.0005561793249398966
18-18447,18-128159,6,0.2893539202803329,False,0.002020219874959194
18-18447,18-151434,7,0.2418020756894038,False,0.00047066733847667667
18-18447,18-66863,8,0.2395338149471073,False,0.00048060577383651835
18-18447,18-61655,9,0.2374832737521094,False,0.0004803822156818125
18-18447,18-168544,10,0.2265570566037201,False,0.0005786097330775661
18-18447,18-61256,11,0.2115837653999936,False,0.000609083920481626
18-18447,18-56546,12,0.2084516961417191,False,0.00047097906603327195
18-18447,18-164871,13,0.1991405376375372,False,0.0005023049657368395
18-18447,18-174875,14,0.1978550724988454,False,0.00052157938672672
18-18447,18-53804,15,0.1919592749242457,False,0.0007688642805738319
18-18447,18-53378,16,0.1919583021129016,False,0.000579683258819785
18-18447,18-28651,17,0.1726230250581641,False,0.0006159752990860736
18-18447,18-46720,18,0.172324500856894,False,0.0006766551717968466
18-18447,18-181130,19,0.1517314476984685,False,0.0005277610746621761
18-18447,18-37028,20,0.1506831655285522,False,0.0006033441616112019
18-18447,18-35370,21,0.1394348728197027,False,0.0006991446001918914
18-18447,18-20656,22,0.1317462902252154,False,0.0005782124649493501
18-18447,19-16942,23,0.1304172969639423,False,0.0005851093373981209
18-18750,20-101410,1,0.1529088619003116,False,0.0007736611792591291
18-19126,22-7823,1,0.3174540960766845,False,0.003536888578658198
18-19126,22-83444,2,0.1682440601076711,False,0.003425311309107156
18-20656,18-122376,1,0.3938439936344308,True,0.0008123804930112216
18-20656,18-90441,2,0.3568860435687278,False,0.000807208617923504
18-20656,18-90097,3,0.3402225289577362,False,0.0006369361130012498
18-20656,18-103911,4,0.3224183463114353,False,0.0005085236818100758
18-20656,18-128159,5,0.29661052989604,False,0.0006786547246641285
18-20656,18-151434,6,0.2551623248980688,False,0.00046214496883063323
18-20656,18-168544,7,0.2533744286060345,False,0.0007446635247205005
18-20656,18-66863,8,0.2378438512644003,False,0.0004672403413736997
18-20656,18-61655,9,0.2345728069719557,False,0.000488871970462818
18-20656,18-56546,10,0.2304494940050049,False,0.0005366574367801845
18-20656,18-28651,11,0.2152868242364484,False,0.001199003002304161
18-20656,18-61256,12,0.212498944878899,False,0.0004912583978902977
18-20656,18-35370,13,0.2110214631658186,False,0.0008707890867786616
18-20656,18-164871,14,0.2094704667850266,False,0.0004743919091823968
18-20656,18-53378,15,0.2004929859743658,False,0.0004705567956611785
18-20656,18-53804,16,0.1900890065588511,False,0.0005567317895033085
18-20656,18-174875,17,0.1768626849423163,False,0.0004924728705324225
18-20656,18-46720,18,0.1712465480859977,False,0.0005319278908928986
18-20656,18-181130,19,0.1640222833293787,False,0.00048566276699757113
18-20656,18-37028,20,0.1441842010344749,False,0.0006523958720362398
18-20656,19-16942,21,0.1373192824084889,False,0.0005699828077168287
18-20656,18-21811,22,0.128274081055077,False,0.000590335232130356
18-21245,21-156574,1,0.3284726861488929,True,0.00228057183508721
18-21811,18-122376,1,0.3632362747056849,True,0.0005429047394208502
18-21811,18-90441,2,0.3208030727783963,False,0.0005386860372369206
18-21811,18-103911,3,0.3137145484671493,False,0.000768360638114779
18-21811,18-128159,4,0.2975667980727113,False,0.0020220097192550144
18-21811,18-90097,5,0.2812099874194214,False,0.0005587006525782114
18-21811,18-151434,6,0.2497412959244642,False,0.00047065945380225246
18-21811,18-168544,7,0.2337024607592149,False,0.0005697085876257184
18-21811,18-66863,8,0.2310962485405598,False,0.00048301923472275903
18-21811,18-61655,9,0.2286467113164978,False,0.0004802706313466026
18-21811,18-164871,10,0.207173340302341,False,0.0005021515808432974
18-21811,18-174875,11,0.2052655052400206,False,0.000515313210610179
18-21811,18-61256,12,0.2033063413070034,False,0.0006140357128362412
18-21811,18-56546,13,0.1999168287862377,False,0.0004734389313652928
18-21811,18-53804,14,0.1837213565816617,False,0.0007761872121046852
18-21811,18-53378,15,0.1836613028152379,False,0.0005848822553266357
18-21811,18-46720,16,0.1640672083178632,False,0.0006839815979851899
18-21811,18-28651,17,0.163325003505681,False,0.0006193509923187135
18-21811,18-181130,18,0.1597830206940012,False,0.0005256269643419753
18-21811,18-37028,19,0.1423907160113218,False,0.0006114095183275708
18-21811,19-16942,20,0.1378947318588278,False,0.0005541957602179184
18-21811,18-35370,21,0.131178403176687,False,0.0007103146352547686
18-21831,21-152380,1,0.3133132180607555,False,0.0009773309849689822
18-22059,18-44171,1,0.1725702393350944,False,0.0004821266575081978
18-2518,21-165631,1,0.2776124405940741,False,0.006473186464636884
18-2518,21-159824,2,0.2598178720439207,False,0.006454133168677461
18-2518,22-47598,3,0.1970470992331112,False,0.004533489559851918
18-2518,21-117615,4,0.1927425754050901,False,0.0012529611673648884
18-2518,21-133549,5,0.1840546052551592,False,0.005014684586854561
18-2518,21-113953,6,0.1763168198203333,False,0.0012704429310971476
18-25585,21-74412,1,0.1680514474417068,False,0.0035153581292097203
18-25585,21-83160,2,0.1489643432437832,False,0.0035457963121336387
18-26430,22-159813,1,0.4376440453283692,True,0.004924871651033126
18-26430,23-38767,2,0.3492388775294288,False,0.0007200075476761694
18-265,21-115415,1,0.3160773596814714,False,0.003188572836665278
18-265,21-130956,2,0.2883757050220983,False,0.003152159221862823
18-265,21-89559,3,0.2225088204191894,False,0.004859480696200231
18-265,21-67771,4,0.1690498642286874,False,0.004257752066612317
18-265,21-62138,5,0.15026920126727,False,0.003869238314967075
18-265,22-8616,6,0.1309198942065223,False,0.003516109273004494
18-265,22-13142,7,0.1176526190714919,False,0.0037481247252579217
18-265,21-46043,8,0.1100312903143062,False,0.004500043179261196
18-265,21-35651,9,0.083429145261809,False,0.004168911739162462
18-265,22-25102,10,0.0833754085041491,False,0.004474866778596183
18-26824,23-12419,1,0.6588916831565986,True,0.999999999999
18-26824,22-153148,2,0.3087078405606658,False,0.999999999999
18-26824,22-150264,3,0.2710021620683134,False,0.999999999999
18-26824,22-69952,4,0.2553241349102059,False,0.999999999999
18-26824,22-85365,5,0.2500238881483542,False,0.999999999999
18-26824,22-162091,6,0.2292991761156225,False,0.999999999999
18-26824,22-77601,7,0.2199627682873412,False,0.999999999999
18-26824,22-72517,8,0.2108478638790202,False,0.999999999999
18-26824,23-20260,9,0.207220649877895,False,0.999999999999
18-26824,22-40744,10,0.1193416445720296,False,0.999999999999
18-27688,22-12758,1,0.282513065531247,False,0.003646578682389545
18-27688,22-72719,2,0.2099074177805961,False,0.0031881175064161116
18-27688,21-121431,3,0.1111266353592181,False,0.003743599187403079
18-28408,19-79409,1,0.3297162922470364,True,0.0004628748218503613
18-28408,19-75460,2,0.3265245768718459,False,0.0004842589025609207
18-28408,19-56150,3,0.3183874716815409,False,0.0005559456090443159
18-28408,19-32405,4,0.296075516468798,False,0.0004956747827332769
18-28408,19-44791,5,0.2898974557775859,False,0.0005885743661386154
18-28408,19-129278,6,0.2128311557707708,False,0.0004943603877903545
18-28651,22-39891,1,0.5194754906317969,True,0.006828164668948563
18-28651,22-26998,2,0.5054115425343066,False,0.003754929690811478
18-28651,22-34888,3,0.4219832009944821,False,0.01162349689882581
18-28651,22-39212,4,0.4182127696059317,False,0.0010039589036480673
18-28651,21-122032,5,0.3757368774688718,False,0.999999999999
18-28651,22-52027,6,0.362799477889931,False,0.0007877898785653563
18-28651,22-54446,7,0.3383968712769852,False,0.006397042931385471
18-28651,22-6934,8,0.2752054512419671,False,0.0006398104211643326
18-28651,21-153479,9,0.2606824365470532,False,0.0006692842405363411
18-28651,21-163566,10,0.2332352772287353,False,0.000617065952671427
18-28651,22-94454,11,0.2148153219788871,False,0.0007664482062749971
18-28651,21-163822,12,0.2138867948860145,False,0.0033344733957760496
18-28651,21-150402,13,0.2058866578216923,False,0.0037620995513003757
18-28651,22-111359,14,0.1986725372447645,False,0.0010206607148508726
18-28651,21-143183,15,0.196462112412143,False,0.0046635427518199974
18-28651,22-108057,16,0.1744492085183288,False,0.0006965995475240555
18-28651,21-145412,17,0.1579414037845415,False,0.003248696204441182
18-28651,22-102623,18,0.1317229415294851,False,0.0033136848357398613
18-29333,19-27651,1,0.1238252011887579,False,0.0005217694112711554
18-30024,22-120791,1,0.219658344283837,False,0.013739690738876318
18-30024,23-23753,2,0.169095568529783,False,0.003279643337941095
18-30024,23-43939,3,0.1194494596698368,False,0.004521578298136199
18-30222,23-12419,1,0.4407993867717915,True,0.999999999999
18-30222,22-153148,2,0.3879197505172674,False,0.999999999999
18-30222,22-150264,3,0.3276526852828227,False,0.999999999999
18-30222,22-162091,4,0.3143511586511189,False,0.999999999999
18-30222,23-20260,5,0.3052001485512697,False,0.999999999999
18-30222,22-85365,6,0.2657450898189382,False,0.999999999999
18-30222,22-72517,7,0.2356696751469259,False,0.999999999999
18-30222,22-69952,8,0.2122855443918261,False,0.999999999999
18-30222,22-77601,9,0.1744108310097778,False,0.999999999999
18-31687,22-84327,1,0.3365592844408704,True,0.014820058483156383
18-31687,22-127675,2,0.3266930486856014,False,0.0036227934931804887
18-31687,22-141355,3,0.2533031687243852,False,0.0035308401954737044
18-31687,22-95015,4,0.2377066589918754,False,0.0033639627461390146
18-32259,19-10579,1,0.1613185812764448,False,0.0005230671648681227
18-35370,18-90097,1,0.376759865809152,True,0.00240686146295586
18-35370,18-128159,2,0.3386311870346036,False,0.002132214638400237
18-35370,18-122376,3,0.3226183862133641,False,0.0006846555635926841
18-35370,18-151434,4,0.2810696811054158,False,0.0006167168790437921
18-35370,18-103911,5,0.2786203415658712,False,0.0005053625226658787
18-35370,18-56546,6,0.2583707483990252,False,0.001506421525044555
18-35370,18-174875,7,0.2512574669576899,False,0.0005265044424955475
18-35370,18-164871,8,0.246389624792726,False,0.0005176036616623486
18-35370,18-168544,9,0.2368949713186295,False,0.0004804093727398133
18-35370,18-90441,10,0.2363831693933903,False,0.0006820459836833248
18-35370,18-181130,11,0.1984264497426596,False,0.0005516805978102622
18-35370,18-66863,12,0.1847922887355608,False,0.0005542493589565868
18-35370,18-61655,13,0.1699384143716347,False,0.0004953449109360824
18-35370,18-61256,14,0.1667018317640295,False,0.0005218436321593269
18-35370,18-53378,15,0.1620050870154863,False,0.0004902910104034034
18-35370,19-16942,16,0.1503330998489649,False,0.0005740327518769415
18-35370,18-53804,17,0.144387164911349,False,0.0006415466233159132
18-35370,18-46720,18,0.12607169259292,False,0.0005841330628719589
18-35370,19-36958,19,0.1022562003673193,False,0.0006090547321280626
18-35370,18-37028,20,0.0977201051248357,False,0.0023834928655270533
18-37028,21-48340,1,0.2829512672161036,False,0.002171148976994103
18-37028,21-92788,2,0.2825098554533508,False,0.0020196655934010543
18-37028,21-76634,3,0.2771913362619776,False,0.0008479744864869367
18-37028,21-122032,4,0.2757796758650898,False,0.013740848109089699
18-37028,21-96114,5,0.2686604405642869,False,0.004300304366566322
18-37028,21-97876,6,0.2661979851073149,False,0.013715226801360298
18-37028,21-85842,7,0.2460440314497356,False,0.0034464422867932823
18-37028,21-60721,8,0.2443638010601126,False,0.0005492123429006966
18-37028,21-85552,9,0.2373344282182408,False,0.0042388563198246685
18-37028,21-143183,10,0.2177987275262268,False,0.0039563293497439245
18-37028,21-78352,11,0.2169207183530442,False,0.013746188516799263
18-37028,21-153479,12,0.2135784033913166,False,0.00058370847440481
18-37028,21-76081,13,0.2100766535260622,False,0.013764485549221597
18-37028,21-163822,14,0.2060388231944882,False,0.0008692918832138609
18-37028,21-145412,15,0.2059702146298729,False,0.01377686396042695
18-37028,21-150402,16,0.1900224740625446,False,0.004087738228654172
18-37028,21-163566,17,0.1771112571178274,False,0.002077108028025809
18-37028,21-45579,18,0.1348347191325425,False,0.004338634111480748
18-37028,22-6934,19,0.1346780551905387,False,0.002152513633154028
18-38970,18-132522,1,0.3483209028668883,True,0.0004846169812836908
18-38970,18-115270,2,0.2893071733210328,False,0.0006154904290186115
18-38970,18-57746,3,0.180930221824579,False,0.0005717616645346829
18-38970,19-34598,4,0.1152365793039896,False,0.0008438852660725124
18-38978,18-132522,1,0.3467149313842737,True,0.000491676900756182
18-38978,18-115270,2,0.2889594340398758,False,0.0006355192237532893
18-38978,18-57746,3,0.1751299962083409,False,0.000542382439042877
18-38978,19-34598,4,0.1150956269594292,False,0.0008733052895609272
18-40176,22-40191,1,0.303155935173018,False,0.01405486234493104
18-40176,22-74813,2,0.2223959702146298,False,0.013733667854600503
18-40176,22-95027,3,0.1635370127025843,False,0.013971307896841001
18-40228,19-120297,1,0.2754580107051393,False,0.003193279846913229
18-40228,19-160471,2,0.142151370886077,False,0.0038726563805821174
18-40228,19-177021,3,0.0930877353528093,False,0.004851717006200751
18-40230,19-114994,1,0.312337921654523,False,0.0038836632183229264
18-40230,18-177619,2,0.066635689728979,False,0.00480109506984648
18-40625,21-74412,1,0.2070334728200599,False,0.0035282874861039086
18-40625,21-83160,2,0.2013171460040549,False,0.003183180995916506
18-41400,18-177907,1,0.5736508979413053,True,0.999999999999
18-41400,19-30217,2,0.1874352507443186,False,0.0006428855474808612
18-41617,20-77272,1,0.1690122645641699,False,0.013938562878106875
18-4239,21-139944,1,0.1125519918570613,False,0.0034458581290674768
18-42613,22-51860,1,0.6988451686318019,True,0.999999999999
18-42613,22-105832,2,0.4054298138004124,False,0.999999999999
18-42613,22-98192,3,0.385090096225588,False,0.999999999999
18-42613,22-63296,4,0.2600635895856702,False,0.999999999999
18-42613,22-166698,5,0.2248903113159684,False,0.999999999999
18-43156,22-165707,1,0.2826036782185077,False,0.003634869610446901
18-43533,18-154990,1,0.2838786684187472,False,0.002019717308456876
18-46346,22-35499,1,0.2215024567701789,False,0.999999999999
18-46346,22-59884,2,0.1913345266355508,False,0.999999999999
18-46346,22-77057,3,0.1098520965630764,False,0.999999999999
18-46720,22-54446,1,0.8549767744773502,True,0.999999999999
18-46720,22-52027,2,0.3161720016232632,False,0.0032408286810675863
18-46720,22-39212,3,0.3024627488609953,False,0.0031591069605161125
18-46720,22-39891,4,0.2958989012282532,False,0.003236519168664906
18-46720,22-34888,5,0.2948318239306845,False,0.003159544676283623
18-46720,22-26998,6,0.2628043483092451,False,0.0032708008468417833
18-46720,22-6934,7,0.2279859375919362,False,0.0006069572668399671
18-46720,21-163566,8,0.186155841917069,False,0.000592390986114987
18-46720,22-102623,9,0.1787493734428549,False,0.0032113961219661993
18-46720,21-163822,10,0.176063599286233,False,0.0032145774843505563
18-46720,22-94454,11,0.1745245298959237,False,0.0032722111092630965
18-46720,21-153479,12,0.1551273918271278,False,0.0005565949644658672
18-46720,22-108057,13,0.1533670629843733,False,0.003430037557347173
18-46720,22-111359,14,0.1294603793448641,False,0.00397573831794251
18-46720,21-150402,15,0.1209180964173798,False,0.0035757020578016806
18-46720,22-118191,16,0.1147010069161954,False,0.0035624491662302094
18-46720,21-145412,17,0.1045251349147716,False,0.003521170971625553
18-46720,21-143183,18,0.0909070676922176,False,0.003994730209554209
18-46804,21-16505,1,0.2855937700159022,False,0.0031689315162950326
18-46804,21-35651,2,0.2317294275449677,False,0.0032119150177065546
18-46804,20-125567,3,0.2196013313899567,False,0.0031626022325208594
18-46804,21-46043,4,0.1836054794480716,False,0.003569390465489001
18-46804,20-116086,5,0.1821488854280517,False,0.00338046673435795
18-46804,21-62138,6,0.1518016960528383,False,0.003301340696413664
18-46804,21-67771,7,0.1307333979029148,False,0.0033670321197876024
18-46804,21-89559,8,0.0716635837730682,False,0.004177508088061203
18-47589,21-32441,1,0.3238286972524927,True,0.0004617616221610588
18-47589,21-42527,2,0.3198361435950245,False,0.0032065988135678604
18-47589,21-54745,3,0.2940704228664029,False,0.0037794440228705313
18-47589,21-61224,4,0.284399722733909,False,0.0032039746208901458
18-47589,21-19011,5,0.2383995948294408,False,0.003519182911512918
18-47589,21-14714,6,0.2323848300488455,False,0.0032067912909098744
18-47589,21-96695,7,0.1976028102142572,False,0.0031837686506121818
18-47589,20-152526,8,0.1771667651534461,False,0.0032283021894755058
18-47719,22-82130,1,0.5483347949792825,True,0.999999999999
18-51459,20-138135,1,0.3704906633326688,True,0.999999999999
18-51459,21-57207,2,0.334531422235488,False,0.999999999999
18-51459,21-26779,3,0.2956820476775773,False,0.999999999999
18-51459,21-116891,4,0.2252240418746008,False,0.999999999999
18-51459,20-142015,5,0.2018620917923108,False,0.999999999999
18-51459,21-126684,6,0.130553798064486,False,0.999999999999
18-52857,19-54285,1,0.2741191877703895,False,0.003164145162577357
18-52857,19-80016,2,0.1936508979413053,False,0.013820375579480262
18-52915,18-149893,1,0.3344296578328162,True,0.0005174638288529747
18-52915,18-114870,2,0.2553530398553615,False,0.0005265747940510439
18-52915,19-4449,3,0.2232118012134046,False,0.0006444051124487622
18-52915,18-96470,4,0.2096282538374664,False,0.0006406791462047167
18-52915,19-13728,5,0.2093481607149629,False,0.0005246271049754851
18-52915,19-21591,6,0.1822685093062711,False,0.000791665442238623
18-52915,19-21908,7,0.1788825856937124,False,0.0006983800564709974
18-52915,18-80158,8,0.1686425850043874,False,0.0007869180692892713
18-52915,18-58285,9,0.1674731016945881,False,0.000781852912804135
18-52915,18-74544,10,0.1535044084457773,False,0.00081098395324172
18-52915,18-73028,11,0.1498319129299569,False,0.0006395594790938587
18-53373,21-96695,1,0.3414128245165698,True,0.004102770524665183
18-53373,21-61224,2,0.2362394374793774,False,0.003583620343142336
18-53373,21-32441,3,0.2074885587643839,False,0.000658430103061581
18-53373,21-42527,4,0.2034960051069157,False,0.0044165004453622595
18-53373,21-54745,5,0.1837178047829676,False,0.003558332399557665
18-53373,21-14714,6,0.107571018732115,False,0.004241723688138279
18-53373,21-19011,7,0.0901577287989014,False,0.003618329826682674
18-53378,22-52027,1,0.8570900563467367,True,0.999999999999
18-53378,22-26998,2,0.3754015142984728,False,0.00210356605650444
18-53378,22-39891,3,0.3447928087363076,False,0.0006466209319306052
18-53378,22-39212,4,0.3352412847479727,False,0.0006723301730252028
18-53378,22-54446,5,0.3254208033888653,False,0.0032414486584940983
18-53378,22-94454,6,0.3162518716684375,False,0.002131384547493457
18-53378,22-108057,7,0.2892650722296974,False,0.0023559213402244406
18-53378,22-34888,8,0.2718865940349784,False,0.003146782433702005
18-53378,22-133794,9,0.2706967651944134,False,0.01514009949670034
18-53378,22-111359,10,0.2300911429050616,False,0.0006814586426698711
18-53378,22-118191,11,0.2150922715889512,False,0.0007073393889542411
18-53378,22-6934,12,0.2128431740371507,False,0.0005339422675886906
18-53378,22-102623,13,0.2033464472264704,False,0.0032078359485167257
18-53378,21-163566,14,0.1715522550141794,False,0.0005276142569775825
18-53378,21-163822,15,0.1673276167932236,False,0.003344601895057301
18-53378,21-153479,16,0.140612551170545,False,0.0005231027546962541
18-53378,21-150402,17,0.1104218316484328,False,0.0034103560708863647
18-53378,21-145412,18,0.1072156121147447,False,0.003720861787316198
18-53378,21-143183,19,0.0763922270356348,False,0.003949552783660557
18-53780,18-142560,1,0.3382732826472068,True,0.0005500354186056654
18-53780,18-130463,2,0.3044108628996934,False,0.0020247228956758677
18-53780,19-6267,3,0.2120232701035294,False,0.0005506692048664391
18-53780,18-62604,4,0.1343587800710508,False,0.000574728482048603
18-53780,19-58204,5,0.1138802587516009,False,0.0005430854973126373
18-53780,19-54406,6,0.1031953569864213,False,0.0023093283769906824
18-53804,23-34705,1,0.2890333607609748,False,0.003229023102401818
18-53804,23-38908,2,0.2822152261981527,False,0.0031456697494805738
18-53804,23-37068,3,0.27625815114256,False,0.0035698385293120648
18-53804,22-154717,4,0.2498478918430492,False,0.0008518707542412004
18-53804,22-153504,5,0.2493902542219182,False,0.0007267771779892877
18-53804,22-165917,6,0.2310784561519283,False,0.0032889187331021086
18-53804,23-58292,7,0.2243711836184758,False,0.0035608380014426227
18-53804,22-157410,8,0.2046492843792099,False,0.003852925174120771
18-53804,23-76010,9,0.1695905382905859,False,0.0038051237992924067
18-53804,22-133794,10,0.1279531584998747,False,0.004007834261675859
18-53804,23-102643,11,0.1076483660153294,False,0.004048264608054726
18-53804,22-118191,12,0.0801540306001289,False,0.004312073872353987
18-54451,22-35904,1,0.2802936637530512,False,0.004656728150792831
18-546,22-24902,1,0.2568053427542979,False,0.0008431606318261155
18-546,22-15069,2,0.1900465030156854,False,0.003194607432336282
18-546,22-120791,3,0.1546935887641153,False,0.003807704582736828
18-546,21-162690,4,0.1371814794774092,False,0.0040549283859722465
18-55455,23-8217,1,0.1115221200175207,False,0.014478813619861019
18-55455,23-24753,2,0.0636136662286465,False,0.01686792892292542
18-56546,21-143183,1,0.3777308415406851,True,0.999999999999
18-56546,22-54446,2,0.3165169795473509,False,0.0031998825607583623
18-56546,22-52027,3,0.3072425090011218,False,0.003250074717836832
18-56546,22-39891,4,0.2728822426024626,False,0.0032125994591162966
18-56546,22-39212,5,0.2708388013174088,False,0.003230872797420119
18-56546,22-34888,6,0.2595397483991122,False,0.0032926638438406804
18-56546,22-26998,7,0.2397534172068712,False,0.003266908873499285
18-56546,22-6934,8,0.2045404067174777,False,0.0006203002740908348
18-56546,22-102623,9,0.2013849486264572,False,0.0031867996313249547
18-56546,22-94454,10,0.2004481068598824,False,0.003195964955483532
18-56546,22-108057,11,0.1771297436742369,False,0.0033650688339387017
18-56546,21-163566,12,0.1626745848187149,False,0.0006093094190159521
18-56546,21-150402,13,0.1594961045948665,False,0.0007378404060944673
18-56546,22-111359,14,0.1555075991009975,False,0.003556369586028402
18-56546,22-118191,15,0.1552408364726823,False,0.003326202422420761
18-56546,21-163822,16,0.1458410738890689,False,0.003324940542906526
18-56546,21-153479,17,0.1419511656755952,False,0.0004969110843950656
18-56546,22-133794,18,0.0911789964961401,False,0.0036592518311592483
18-56546,21-145412,19,0.0878888539819742,False,0.003642697949410111
18-57126,19-117771,1,0.2099524363323227,False,0.0008576994733573494
18-57126,19-107821,2,0.1552102496714849,False,0.0021084686345509323
18-57746,18-132522,1,0.3128946031841269,False,0.00046165456592829374
18-57746,18-115270,2,0.2400766535260622,False,0.002028959524177392
18-57746,19-46291,3,0.1645698170669127,False,0.0005132355452848301
18-57746,19-34598,4,0.1606855015330705,False,0.0020994922474166762
18-58285,18-149893,1,0.3438414553325969,True,0.0006495046158950493
18-58285,18-114870,2,0.2429107856831232,False,0.0005300416201911841
18-58285,19-4449,3,0.2412344535430161,False,0.0004980907616753734
18-58285,19-13728,4,0.2346874871262041,False,0.0004640580214494383
18-58285,18-96470,5,0.2099354569322146,False,0.0004704919646172289
18-58285,19-21908,6,0.2005088843861364,False,0.00048403742018811313
18-58285,19-21591,7,0.1971952067904611,False,0.0005860897067590959
18-58285,18-74544,8,0.1593085358685285,False,0.00048595340619085196
18-58285,18-80158,9,0.159084999119759,False,0.0005925808655105367
18-58285,18-73028,10,0.1460140379936965,False,0.0005036122231314326
18-58285,19-54309,11,0.1125402166845805,False,0.000583423106526064
18-60154,22-15069,1,0.3856924480561566,True,0.0021961757420776527
18-60154,21-162690,2,0.2765613692467107,False,0.004445110134977762
18-60154,22-24902,3,0.2156430830873547,False,0.004882812764897942
18-60154,21-83160,4,0.0848807356482819,False,0.00376776970213735
18-61256,22-94454,1,0.7856442388534164,True,0.999999999999
18-61256,22-108057,2,0.4094379729203753,False,0.002435755298721026
18-61256,22-52027,3,0.3362222824568296,False,0.002334491223708634
18-61256,22-111359,4,0.331005727637864,False,0.0007288750322460541
18-61256,22-133794,5,0.3309074456903439,False,0.0021467787792210317
18-61256,22-102623,6,0.3286349876297414,False,0.0032835805628422463
18-61256,22-118191,7,0.3182851034564544,False,0.0006582524644290325
18-61256,22-157410,8,0.2496604354394639,False,0.002347683833232892
18-61256,22-26998,9,0.2416909013236223,False,0.0023564821478060227
18-61256,22-39891,10,0.2145514498657225,False,0.0006939899724314559
18-61256,22-39212,11,0.2128150519995557,False,0.0006978378962311672
18-61256,22-54446,12,0.2018525610188779,False,0.0031797578778249925
18-61256,22-165917,13,0.16787026778462,False,0.0007581028997052368
18-61256,22-153504,14,0.1555024279067997,False,0.003252414588077947
18-61256,22-34888,15,0.1430372910438121,False,0.003423013444586857
18-61256,22-154717,16,0.1403835432083612,False,0.0037374207878641047
18-6138,22-39410,1,0.8559702146298731,True,0.999999999999
18-6138,22-17364,2,0.798480070083224,False,0.999999999999
18-6138,22-150236,3,0.2171181312987362,False,0.0011749591752016183
18-61507,22-49146,1,0.2928236303369425,False,0.0031490380182840846
18-61507,21-148535,2,0.1954467712797182,False,0.001236126136811437
18-61655,22-94454,1,0.7223974604067058,True,0.9007735515064604
18-61655,22-108057,2,0.5976131077358804,False,0.999999999999
18-61655,22-26998,3,0.4427416346824653,False,0.999999999999
18-61655,22-111359,4,0.3661899405645186,False,0.000732659851004844
18-61655,22-52027,5,0.3467186435964361,False,0.0025721186219493505
18-61655,22-102623,6,0.3344554072916129,False,0.0033971054402507513
18-61655,22-133794,7,0.3339128613034169,False,0.0021202530286448273
18-61655,22-118191,8,0.3168213115973859,False,0.0006664697790537487
18-61655,22-39891,9,0.2475197789380863,False,0.0007665687164886046
18-61655,22-157410,10,0.2471414445755284,False,0.0024883951689942925
18-61655,22-39212,11,0.2346864350566291,False,0.0006996501237310929
18-61655,22-54446,12,0.2298945743798432,False,0.003807436012833341
18-61655,22-153504,13,0.179550949490235,False,0.0036548807548907993
18-61655,22-165917,14,0.1684417966337178,False,0.0007488881987129583
18-61655,22-34888,15,0.153231665791509,False,0.003260410492368291
18-61655,22-154717,16,0.1383980235469517,False,0.004087291399120749
18-62604,22-41834,1,0.1593166885676741,False,0.002101653776157598
18-66863,22-133794,1,0.8997722295225579,True,0.999999999999
18-66863,22-108057,2,0.4256770474430053,False,0.002117922039412672
18-66863,22-94454,3,0.4024156898840641,False,0.0021060364285851747
18-66863,22-157410,4,0.3980428780192143,False,0.015807935398042195
18-66863,22-111359,5,0.3771234164509277,False,0.000669917901919005
18-66863,22-118191,6,0.369805398801509,False,0.000671425525408428
18-66863,22-52027,7,0.3268772415670749,False,0.013893293099130797
18-66863,22-102623,8,0.2989487859648769,False,0.003326158754943766
18-66863,22-165917,9,0.2168175295267009,False,0.0008043309698027181
18-66863,22-26998,10,0.2141135380768332,False,0.0029894249991586283
18-66863,22-153504,11,0.2079214313131943,False,0.003174666826089365
18-66863,22-39891,12,0.1908003797250394,False,0.0007748331897060969
18-66863,22-154717,13,0.1900482793297218,False,0.0040805111042480375
18-66863,22-39212,14,0.1658334870064784,False,0.0007077267836052969
18-66863,22-54446,15,0.1544847958420322,False,0.003295601098406058
18-66863,22-34888,16,0.087451130222973,False,0.003950072656221104
18-6884,21-165631,1,0.2725671837621829,False,0.003689303276138036
18-6884,21-159824,2,0.2547726152120296,False,0.003684993613212763
18-6884,22-47598,3,0.2153847190807772,False,0.003271655968862802
18-6884,21-133549,4,0.1958065843396931,False,0.0032094849875488342
18-6884,21-117615,5,0.1848297593613579,False,0.0009348699623489506
18-6884,21-113953,6,0.168404003776601,False,0.0009506312022277926
18-71355,22-137172,1,0.455707446199548,True,0.999999999999
18-71594,18-104893,1,0.1872820074638105,False,0.0004781291225735894
18-71689,22-150264,1,0.6386668475625896,True,0.999999999999
18-71689,22-162091,2,0.6354542781102369,False,0.999999999999
18-71689,22-85365,3,0.4403510200862083,False,0.999999999999
18-71689,22-153148,4,0.3431559351730179,False,0.999999999999
18-71689,23-12419,5,0.2610271572492334,False,0.999999999999
18-71689,23-20260,6,0.2425084110223633,False,0.999999999999
18-71689,23-49217,7,0.1590762244681667,False,0.999999999999
18-71689,23-63763,8,0.1350848337038822,False,0.999999999999
18-71689,23-63743,9,0.1253525857467019,False,0.999999999999
18-71689,23-69310,10,0.1124856316221198,False,0.999999999999
18-71689,22-77601,11,0.1118265440210249,False,0.999999999999
18-72093,20-153801,1,0.3444517599037525,True,0.008210795929855231
18-73028,18-149893,1,0.2963680915123423,False,0.0006050300089807998
18-73028,19-13728,2,0.288726973727775,False,0.0004691821664685474
18-73028,19-4449,3,0.285829121804017,False,0.0005191182412357302
18-73028,19-21908,4,0.2432713940929672,False,0.0005051808225692848
18-73028,19-21591,5,0.2428456689952163,False,0.0006142193224950913
18-73028,18-114870,6,0.1950168459784479,False,0.0005693302187880882
18-73028,18-96470,7,0.1582714889370756,False,0.0005042779494246306
18-73028,19-54309,8,0.1456885042637414,False,0.000537952346269375
18-73028,18-80158,9,0.120715090511523,False,0.0005261690335587674
18-73028,19-81470,10,0.105582047878902,False,0.0005993373388101571
18-73028,18-74544,11,0.1024685616403874,False,0.0006020582919175164
18-74252,22-124106,1,0.5946014016644765,True,0.999999999999
18-74252,22-150817,2,0.3515742191243396,False,0.999999999999
18-74252,22-131126,3,0.2691379493668899,False,0.999999999999
18-74252,22-77057,4,0.1640689305979677,False,0.999999999999
18-74252,22-95969,5,0.1545950316200856,False,0.999999999999
18-74252,22-84979,6,0.1251032168477227,False,0.999999999999
18-74544,21-77546,1,0.4111821340991428,True,0.009561741681306754
18-74544,21-78393,2,0.3681492539145399,False,0.005023433960802429
18-74544,21-69124,3,0.3577264454840314,False,0.00447139751969027
18-74544,21-80765,4,0.3252066202498062,False,0.0007007885746513774
18-74544,21-35939,5,0.2874743583174169,False,0.0056752200475984225
18-74544,21-29866,6,0.2735545091109846,False,0.0059090870787496435
18-74544,21-53968,7,0.2664628333084499,False,0.003289640688390742
18-74544,21-51620,8,0.2572238962317915,False,0.0033392470729972827
18-74544,21-111863,9,0.2504934702109622,False,0.00048815123997515957
18-74544,21-36205,10,0.2133945511683861,False,0.0037512916403455968
18-76556,22-47598,1,0.240448069597084,False,0.0031488572713768226
18-76556,22-118151,2,0.1975539898625474,False,0.003528060210910839
18-76556,21-165631,3,0.0798609237745545,False,0.004141359148067548
18-77300,23-44436,1,0.2051692411270669,False,0.003582804784020571
18-77300,23-40733,2,0.0821399298740038,False,0.0037290141867655094
18-79401,22-153148,1,0.3853897737135332,True,0.999999999999
18-79401,23-12419,2,0.3440692071835304,False,0.999999999999
18-79401,22-150264,3,0.3426404014531403,False,0.999999999999
18-79401,22-162091,4,0.3015968446316063,False,0.999999999999
18-79401,23-20260,5,0.2887104460237798,False,0.999999999999
18-79401,22-69952,6,0.1893195507909634,False,0.999999999999
18-79401,22-85365,7,0.1836816501856369,False,0.999999999999
18-79401,23-49217,8,0.1809604302076347,False,0.999999999999
18-79401,22-77601,9,0.1509241427917471,False,0.999999999999
18-79401,22-72517,10,0.1432487614464838,False,0.999999999999
18-8070,22-15069,1,0.3710947247244708,True,0.006287801515087953
18-8070,21-162690,2,0.298881319832587,False,0.004316281187229759
18-8070,22-24902,3,0.272236779801806,False,0.003343764696970081
18-8280,22-31357,1,0.3732313902458924,True,0.07852310299090721
18-8280,22-17983,2,0.1417048058402241,False,0.003739974143139355
18-86637,19-87996,1,0.115451819475075,False,0.0006826398200237337
18-87166,22-141355,1,0.3103423096345732,False,0.0042567013126577425
18-87166,22-127675,2,0.2841563993628033,False,0.0033743416150808342
18-87166,22-95015,3,0.1824322040192731,False,0.0032394307761712616
18-87166,22-84327,4,0.1427482186755737,False,0.004428629804703406
18-87166,23-45575,5,0.0901127840026157,False,0.0036198372661772867
18-8879,22-159813,1,0.6414164598215619,True,0.999999999999
18-8879,23-115723,2,0.4917316384405065,False,0.999999999999
18-8879,23-38767,3,0.3412549277266754,False,0.002854990094901964
18-90097,23-125766,1,0.555412931107854,True,0.999999999999
18-90097,23-132830,2,0.4849675141969271,False,0.999999999999
18-90097,23-102643,3,0.3183358973855473,False,0.00428184793632342
18-90097,23-76010,4,0.3036156536122442,False,0.0038207773391071252
18-90097,23-58292,5,0.2715357646075629,False,0.003196059282605921
18-90097,23-38908,6,0.2030070207145378,False,0.003910050696554612
18-90097,23-37068,7,0.2014950302802942,False,0.003428665927340208
18-90097,23-34705,8,0.2005762191346984,False,0.0032121330290290485
18-90097,23-144516,9,0.1460173971817662,False,0.0035691771352384287
18-90097,23-144303,10,0.1440691194263088,False,0.0035149739655434354
18-90097,23-169673,11,0.1270743895732927,False,0.0005513390604875544
18-90097,22-165917,12,0.0688514819481421,False,0.004702979805146746
18-90441,18-122376,1,0.525742444152431,True,0.999999999999
18-90441,18-168544,2,0.3874960150176864,False,0.0008158869457228958
18-90441,18-181130,3,0.3500725543439155,False,0.0004983583542285015
18-90441,18-174875,4,0.339749219934608,False,0.0004680669515353944
18-90441,19-16942,5,0.3278586135753979,False,0.000501771014237166
18-90441,18-164871,6,0.3064407376445074,False,0.000471647659302055
18-90441,18-151434,7,0.2797177868030122,False,0.0004630330259806994
18-90441,19-36958,8,0.2758846279299908,False,0.0005100560912522035
18-90441,19-43954,9,0.2340874949169648,False,0.0005188859449092033
18-90441,19-55110,10,0.2306829656515847,False,0.0004903750828972161
18-90441,18-128159,11,0.198451017169926,False,0.0006586169243894085
18-90441,19-69736,12,0.1737752130758851,False,0.000516691399047436
18-90441,19-67059,13,0.1674206844378397,False,0.0005515750539273528
18-90441,19-74485,14,0.1570359560887066,False,0.0005136467380825153
18-90441,18-103911,15,0.131808648209271,False,0.0005730875010467801
18-90441,19-92498,16,0.1104710046502697,False,0.0005631775011445149
18-90441,18-90097,17,0.0965212614173686,False,0.0007062592566103299
18-91090,22-120791,1,0.2108521602350939,False,0.004458717021781919
18-91090,22-24902,2,0.1961881321634168,False,0.001049763811616851
18-91090,22-15069,3,0.116771465365661,False,0.004508617889348007
18-91090,21-162690,4,0.0754415666481306,False,0.0062635672474439736
18-91441,23-24020,1,0.3833577085109537,True,0.012929864607615287
18-9145,20-70265,1,0.3523099443946934,True,0.999999999999
18-9145,20-71496,2,0.3456911749266581,False,0.999999999999
18-9145,20-61728,3,0.3302921017371425,False,0.999999999999
18-9145,20-58079,4,0.3173446162507999,False,0.999999999999
18-9145,20-49221,5,0.3135846678492276,False,0.999999999999
18-9145,20-35779,6,0.2506245969736101,False,0.999999999999
18-9145,20-17802,7,0.2137092379212976,False,0.999999999999
18-9145,20-20672,8,0.2109296826106502,False,0.999999999999
18-9145,20-10119,9,0.1981497225840876,False,0.999999999999
18-9145,19-187630,10,0.141445609846295,False,0.999999999999
18-9145,20-133527,11,0.1347872532753762,False,0.999999999999
18-9145,19-181393,12,0.1148240879221941,False,0.999999999999
18-9145,20-144067,13,0.109807615316551,False,0.999999999999
18-92191,21-126684,1,0.283397535981755,False,0.999999999999
18-92191,21-116891,2,0.2811267832674792,False,0.999999999999
18-92191,22-20320,3,0.277946367287997,False,0.999999999999
18-92191,22-29878,4,0.2353002376658304,False,0.999999999999
18-92191,22-32770,5,0.2051125332540602,False,0.999999999999
18-92191,22-40744,6,0.1798902019395094,False,0.999999999999
18-92191,22-69952,7,0.1069461172399604,False,0.999999999999
18-92681,20-27109,1,0.2031959802781816,False,0.0059566125907536726
18-93193,18-133917,1,0.2130875011001489,False,0.0004873138630686534
18-94561,21-17328,1,0.2671113344769423,False,0.0031411356905384946
18-94561,21-23641,2,0.2479479529613926,False,0.003145426243419712
18-94561,21-43310,3,0.2472571110113087,False,0.005377221038566086
18-94561,21-35440,4,0.2105565220414276,False,0.0031725993957189037
18-94561,20-114106,5,0.185998916438172,False,0.0037834719477550776
18-94561,20-106379,6,0.1548085808991309,False,0.0045113728067316195
18-94803,21-113953,1,0.2964948018314564,False,0.003795931474699551
18-94803,21-78563,2,0.2812406192368912,False,0.003383100127302909
18-94803,21-76925,3,0.2809069727814234,False,0.0034050187836688808
18-94803,21-117615,4,0.2800690462466995,False,0.003799909985000207
18-94803,21-58722,5,0.2328225082343645,False,0.0032292442924713363
18-94803,21-45622,6,0.1986680663927318,False,0.003297094027856192
18-94803,21-133549,7,0.1841929401648253,False,0.004203661820662745
18-94803,21-26465,8,0.1493183327478877,False,0.0032696367965298744
18-94803,21-15299,9,0.1201938600700202,False,0.0033595366603355113
18-94803,21-159824,10,0.1132225726894962,False,0.003575146809097452
18-94803,21-13248,11,0.1017575209278759,False,0.0037731618110097387
18-94803,21-165631,12,0.0954280041393429,False,0.0036796613741356156
19-100667,19-113409,1,0.4627770477441958,True,0.999999999999
19-100667,20-37796,2,0.2965454867100729,False,0.0005915957175047357
19-10189,20-39206,1,0.3095724691799963,False,0.005248150214190891
19-10189,20-40507,2,0.3082036562145999,False,0.005248854482190159
19-10189,20-74255,3,0.1918545541559052,False,0.005513593536137721
19-10189,19-145845,4,0.1739591175611426,False,0.003258973708661741
19-10189,19-117328,5,0.1225746870082177,False,0.0050983898250362755
19-10189,19-125270,6,0.1032317263943608,False,0.0034915789901273
19-101998,22-50687,1,0.3445375559585184,True,0.0012137524850478194
19-102776,24-36186,1,0.1962763052818549,False,0.999999999999
19-102776,24-37419,2,0.1935386793510621,False,0.999999999999
19-103229,20-39206,1,0.2474836165057212,False,0.0005216638657689035
19-103229,20-40507,2,0.2461148035403248,False,0.0005218134264430317
19-103229,19-145845,3,0.2062379905015959,False,0.0006045667060211846
19-103229,19-125270,4,0.1496182440864003,False,0.0005601979725855487
19-103229,20-74255,5,0.1297657014816301,False,0.0005625068302045418
19-103229,19-117328,6,0.1230481722102663,False,0.0005940539144839868
19-103229,19-108933,7,0.1038847906947165,False,0.0006348363788250682
19-103253,21-156687,1,0.338822295636833,True,0.006438468236509207
19-103545,22-118151,1,0.295556509940433,False,0.004530435550262498
19-103545,22-47598,2,0.234973457937287,False,0.004077861932151898
19-103833,23-91904,1,0.3135079203862653,False,0.0036834674598491364
19-103897,23-168051,1,0.4387888957510565,True,0.999999999999
19-103897,23-180779,2,0.2761292079340309,False,0.999999999999
19-103897,23-90833,3,0.2584053423722868,False,0.999999999999
19-103897,23-66104,4,0.2492852392832856,False,0.999999999999
19-10428,23-87983,1,0.3502799367887654,True,0.999999999999
19-10428,23-43183,2,0.2799076357301663,False,0.999999999999
19-10428,23-41648,3,0.2529692276523324,False,0.999999999999
19-10428,22-166698,4,0.1179584544771535,False,0.999999999999
19-105083,23-125766,1,0.5153404788634388,True,0.999999999999
19-105083,23-132830,2,0.5061508156302628,False,0.999999999999
19-105083,23-102643,3,0.3038855991882851,False,0.0033089250544108173
19-105083,23-76010,4,0.2697318004192549,False,0.003702399723034203
19-105083,23-58292,5,0.2201767707109253,False,0.003358564443890884
19-105083,23-144516,6,0.1768739554825421,False,0.003971016951840646
19-105083,23-144303,7,0.1754427224372179,False,0.003738162981005946
19-105083,23-38908,8,0.1711015336622287,False,0.003606225833800987
19-105083,23-37068,9,0.1651584470121319,False,0.0036680337135045794
19-105083,23-34705,10,0.1633309846087467,False,0.003336437762448833
19-105083,23-169673,11,0.1384246403822445,False,0.0005724032915284887
19-105083,23-176813,12,0.0877689415597048,False,0.0060312831891222345
19-105305,20-71610,1,0.1385115172526977,False,0.0005705163947447262
19-105444,23-154026,1,0.3427061679604355,True,0.999999999999
19-105444,23-117420,2,0.3171789829436676,False,0.999999999999
19-105444,23-169082,3,0.3138994365792217,False,0.999999999999
19-105444,23-120222,4,0.2537333252096689,False,0.999999999999
19-105444,23-93496,5,0.180593527101755,False,0.999999999999
19-105444,24-43365,6,0.1701094135015022,False,0.999999999999
19-10579,23-47137,1,0.2659928156290216,False,0.0008667454509127527
19-106149,19-147471,1,0.4504577310556285,True,0.999999999999
19-106149,19-190328,2,0.215759009145646,False,0.000694863645562631
19-106149,19-166458,3,0.1483661848445028,False,0.00212107375562783
19-106149,20-106379,4,0.124063670454776,False,0.0007439123559216503
19-106149,20-114106,5,0.0994949168362974,False,0.0006445383888276921
19-107821,23-8217,1,0.2960285205484939,False,0.0007099890175554124
19-107821,23-24753,2,0.2136059752337862,False,0.0009139389561309979
19-108933,19-117328,1,0.4573017958826106,True,0.999999999999
19-108933,20-39206,2,0.3197057056752669,False,0.0006954882330157488
19-108933,20-40507,3,0.3183368927098705,False,0.0006956396887630341
19-108933,20-74255,4,0.2019877906511758,False,0.0007395779226647361
19-108933,19-145845,5,0.1921681997371879,False,0.0020610989427698708
19-108933,19-125270,6,0.1818831856097329,False,0.0005952796910101277
19-108948,21-116891,1,0.2866339309608794,False,0.999999999999
19-108948,21-57207,2,0.2516073686470595,False,0.999999999999
19-108948,21-126684,3,0.2514454664914586,False,0.999999999999
19-108948,21-26779,4,0.1733650613366627,False,0.999999999999
19-109269,23-93422,1,0.2778155768595307,False,0.0037273738141431626
19-109269,23-39978,2,0.2074273007816249,False,0.004800539528146563
19-109269,23-31575,3,0.1170994486755538,False,0.003814601074491172
19-110681,20-17796,1,0.3251637570333104,True,0.0004759688825834464
19-11075,20-10269,1,0.30069457297674,False,0.004811640337658824
19-11075,19-176963,2,0.290512258153943,False,0.004350257969154292
19-11075,20-31457,3,0.2554531011381667,False,0.004124778355729325
19-11075,19-169787,4,0.2483078739201818,False,0.0005308550875712944
19-11075,19-169306,5,0.2128326220585962,False,0.0036370868116383753
19-11075,19-127477,6,0.180002898104371,False,0.0034273003605401614
19-11075,20-66280,7,0.1547221605699326,False,0.003252474549186339
19-11075,20-47368,8,0.1409861504572483,False,0.004614731334058982
19-11075,19-136955,9,0.1287677183220654,False,0.004604356595195459
19-11075,20-85492,10,0.0632299208889747,False,0.005821654333945805
19-11185,19-124888,1,0.9183942556618704,True,0.999999999999
19-11185,19-142610,2,0.2303633992110837,False,0.005193495715463737
19-11185,19-63056,3,0.181739208297405,False,0.004700694191013309
19-11185,19-53794,4,0.1693977411962058,False,0.003422517843402016
19-11185,19-185581,5,0.1080734276121264,False,0.004258121608153066
19-112016,20-143279,1,0.1930595390291402,False,0.0006544109448713692
19-112016,20-29934,2,0.1139581361088491,False,0.00420556849535375
19-113409,20-37796,1,0.3211841200872082,False,0.0005895298600147181
19-117328,23-96123,1,0.3796269825564424,True,0.006879553706015351
19-117328,23-61217,2,0.2591261498028909,False,0.002862362433593501
19-117328,23-22379,3,0.0960422983791321,False,0.004718339156625984
19-117534,21-93999,1,0.2984160244298403,False,0.003168822343480898
19-117771,23-8217,1,0.3188292585176574,False,0.0006827073091925987
19-117771,23-24753,2,0.2418771884073208,False,0.0008397935699874056
19-117771,23-62267,3,0.1416441499948516,False,0.0009491282342071819
19-118070,20-35528,1,0.2982954265449427,False,0.00046615826121593006
19-118070,20-47774,2,0.2668127283408252,False,0.00046711595398592074
19-118070,20-81059,3,0.1561221712766239,False,0.00048699391873586334
19-118102,22-165707,1,0.3087366910538215,False,0.0033559961114858912
19-119269,23-102643,1,0.3903356451564166,True,0.0007058487026034705
19-119269,23-144303,2,0.3764979403459602,False,0.0020428891253607595
19-119269,23-58292,3,0.3507140360364503,False,0.0026422664237990036
19-119269,23-34705,4,0.3440771190140093,False,0.005631151301184337
19-119269,23-37068,5,0.3078177834081178,False,0.0030117706822551968
19-119269,23-125766,6,0.2511010646957009,False,0.0031815194724042835
19-119269,23-76010,7,0.2484262308459219,False,0.003162439124428047
19-119269,23-132830,8,0.235822581429224,False,0.0036593573649072787
19-119269,23-144516,9,0.2333875897894512,False,0.003261191512357946
19-119269,23-169673,10,0.1762732646671745,False,0.0004890687489351781
19-119269,23-38908,11,0.1426023833975527,False,0.0034446379505072766
19-119269,23-176813,12,0.1267253816384739,False,0.0035345657540234183
19-123920,20-21049,1,0.3856508642671317,True,0.0005802108228933554
19-123920,20-26585,2,0.3777505946411208,False,0.0006168068368245857
19-123920,20-25276,3,0.3662937768725892,False,0.0005326982516977788
19-123920,20-26328,4,0.3550881168700531,False,0.00048718259970517464
19-123920,20-11000,5,0.3483570769144128,False,0.0004780424698385891
19-123920,20-37940,6,0.3309135079969685,False,0.0005031859730316151
19-123920,20-12070,7,0.3271256354850906,False,0.0005205812985252404
19-123920,20-32203,8,0.3226036301076627,False,0.0004599918902605176
19-123920,19-189603,9,0.3070222155843747,False,0.0004901445264291238
19-123920,20-34392,10,0.3060709502724976,False,0.0004910197702684502
19-123920,19-191665,11,0.2839273906267247,False,0.0005281626750464056
19-123920,19-189628,12,0.2800712538703188,False,0.00048044703011891767
19-123920,20-66643,13,0.2618027580597217,False,0.0006668463246580198
19-123920,20-54283,14,0.247211992760452,False,0.0004928554944456032
19-123920,19-151382,15,0.2405753525427618,False,0.0007312999054955331
19-123920,20-49949,16,0.2354968807960895,False,0.0005181026626303843
19-123920,19-156899,17,0.2217390634899722,False,0.0005166541510641546
19-123920,19-158679,18,0.189881268316735,False,0.0005340714315450321
19-123920,20-91517,19,0.1759643349945716,False,0.0006621159450435443
19-123920,20-78012,20,0.1726369964241168,False,0.0004945533623689337
19-123920,20-86796,21,0.1622485662764247,False,0.0004974682975859322
19-123920,20-98264,22,0.0999585819053877,False,0.0006883258208509977
19-123920,20-98214,23,0.0999585819053877,False,0.0006883258208509977
19-124888,19-185581,1,0.238240180764836,False,0.003966369609527681
19-124888,20-78232,2,0.1696408669919714,False,0.0006737176334877158
19-124888,20-95675,3,0.1527786679333808,False,0.0005690919778944492
19-124888,19-142610,4,0.1113195235885431,False,0.005440921670867519
19-125270,23-96123,1,0.2663455855376636,False,0.0036036953981425615
19-125270,23-61217,2,0.2346515089796755,False,0.0010056435134325485
19-125270,23-22379,3,0.0689915632635978,False,0.0059343930071081505
19-128681,23-134735,1,0.4673294000913461,True,0.999999999999
19-128681,23-174149,2,0.3334416275341939,False,0.999999999999
19-128681,23-160148,3,0.2961259534675601,False,0.999999999999
19-128681,24-81981,4,0.1774793873205276,False,0.999999999999
19-12872,23-25993,1,0.269005180119594,False,0.004173141398359767
19-129278,21-115415,1,0.4619110007596858,True,0.6528500546538459
19-129278,22-13142,2,0.3483544788360781,False,0.0038236420982668087
19-129278,22-8616,3,0.3206032273993479,False,0.0033210188291339367
19-129278,22-25102,4,0.2924586746748651,False,0.0031604598640955868
19-129278,22-84327,5,0.2620210233219747,False,0.001537656927120156
19-129278,21-130956,6,0.255268476959971,False,0.007476320345735873
19-129278,22-95015,7,0.089960046433665,False,0.0036250792530236942
19-130357,20-25157,1,0.3306627667485008,True,0.0006109971682165288
19-130357,20-16042,2,0.3060241333713654,False,0.0006025224080270005
19-130357,20-15455,3,0.3040493841382844,False,0.0007813235176266744
19-130357,20-13755,4,0.2999429452420952,False,0.0007806968561518841
19-130357,19-174809,5,0.2080740078055485,False,0.000585924202557805
19-130357,20-93634,6,0.1733735940022467,False,0.0005157814139862698
19-130357,19-159320,7,0.167371824416238,False,0.0005146274814504439
19-130357,19-145053,8,0.1301114126529472,False,0.0006199971195759492
19-131092,23-117688,1,0.3205922610338091,False,0.014021464118657881
19-131092,23-174244,2,0.3033530861943738,False,0.0031625923224020145
19-131225,23-117688,1,0.5012166953334516,True,0.013659936313271668
19-131225,23-174244,2,0.2019465524519035,False,0.0036267893816426615
19-131601,23-117688,1,0.4994708552101186,True,0.013690237593517349
19-131601,23-174244,2,0.2181260946924011,False,0.004287233666587886
19-133510,24-16910,1,0.2573058141387525,False,0.0032341543330000914
19-133510,24-47715,2,0.131070720472618,False,0.004842275611547865
19-133510,24-67295,3,0.0692002844991344,False,0.004400302666199939
19-136955,23-159290,1,0.202026540842385,False,0.003629099746532689
19-136955,23-43939,2,0.1563721228672585,False,0.0011187309994257336
19-137030,23-174149,1,0.2435942872016937,False,0.999999999999
19-137030,24-81981,2,0.2098445506945278,False,0.999999999999
19-137030,23-160148,3,0.2088872344131239,False,0.999999999999
19-137030,23-134735,4,0.1362713108760748,False,0.999999999999
19-13728,19-98987,1,0.3577845470378908,True,0.0005883543856256068
19-13728,19-81470,2,0.2615183341153148,False,0.0005151713289781495
19-13728,19-54309,3,0.2520246350266968,False,0.000505034849408647
19-13728,19-21908,4,0.195611646916915,False,0.000869186653046046
19-13728,19-21591,5,0.1216021367016892,False,0.0005527219572973473
19-13728,20-9474,6,0.0936136662286465,False,0.002493112633505308
19-142286,20-38676,1,0.3559691963901126,True,0.0004739765129356501
19-142286,20-29244,2,0.3495476764022092,False,0.0005086853060485576
19-142286,20-28749,3,0.3406470575241734,False,0.00047989978206400844
19-142286,20-68622,4,0.3088082006700107,False,0.0006614892081668151
19-142286,20-5049,5,0.2852158944526055,False,0.0004967939097492379
19-142286,19-178825,6,0.2304403789395193,False,0.0005106176385572532
19-142286,19-184042,7,0.218981970586817,False,0.00047275730704796954
19-142286,20-93913,8,0.2052690459898762,False,0.0005347316050607592
19-142286,19-164966,9,0.1878366330480952,False,0.0005442721939587548
19-143955,22-150264,1,0.2952096317218383,False,0.999999999999
19-143955,22-153148,2,0.282959356487986,False,0.999999999999
19-143955,22-162091,3,0.2485830421942139,False,0.999999999999
19-143955,22-85365,4,0.2214744461996014,False,0.999999999999
19-143955,22-77601,5,0.1953241349102059,False,0.999999999999
19-143955,22-72517,6,0.1836933002021537,False,0.999999999999
19-143955,23-12419,7,0.1775295663600525,False,0.999999999999
19-143955,22-69952,8,0.1737786074219446,False,0.999999999999
19-143955,23-20260,9,0.1622318865740139,False,0.999999999999
19-144868,24-57038,1,0.3904469591892933,True,0.999999999999
19-144868,24-69165,2,0.349382570227401,False,0.999999999999
19-144868,24-70105,3,0.3293539202803329,False,0.999999999999
19-145845,23-96123,1,0.2032823007020117,False,0.004930516094311131
19-145845,23-61217,2,0.1775097986363674,False,0.0008755399270623102
19-146419,23-56040,1,0.325336265411813,True,0.999999999999
19-147471,19-190328,1,0.2061773183878711,False,0.0006972644081467457
19-147471,19-166458,2,0.138784494086728,False,0.002142019032490792
19-147471,20-106379,3,0.1336453612125509,False,0.0007330514113488152
19-147471,20-114106,4,0.1090766075940722,False,0.0005969435394101992
19-147943,23-160148,1,0.6682895313184406,True,0.999999999999
19-147943,23-174149,2,0.4299586003710265,False,0.999999999999
19-147943,23-134735,3,0.2541717208668079,False,0.999999999999
19-147943,24-81981,4,0.1498086737690989,False,0.999999999999
19-151382,23-125766,1,0.6435523994091354,True,0.999999999999
19-151382,23-132830,2,0.6208191307247246,False,0.999999999999
19-151382,24-34987,3,0.4101774529180137,False,0.999999999999
19-151382,23-144303,4,0.3810370744324293,False,0.0062392274374393165
19-151382,23-144516,5,0.3082318445898346,False,0.0033139931680044583
19-151382,23-169673,6,0.2690753715110849,False,0.00047381867704593053
19-151382,23-102643,7,0.2622617949494111,False,0.0043817072679755665
19-151382,23-176813,8,0.2142180459150036,False,0.004198892345574387
19-151382,23-76010,9,0.1486256544569111,False,0.003475760037999624
19-151382,23-58292,10,0.1169522068490115,False,0.0035826177568713874
19-151382,24-39718,11,0.1035816188034728,False,0.004100620043031539
19-151382,24-31691,12,0.0987929113222509,False,0.003979528183501755
19-152453,23-90092,1,0.139356526757599,False,0.0005003237685200244
19-152453,23-90557,2,0.1079877137922026,False,0.003432291090661828
19-154710,23-120120,1,0.2938785049809674,False,0.000467085719397216
19-15670,23-96123,1,0.2588378146321543,False,0.005552489924228169
19-15670,23-61217,2,0.2335253199236481,False,0.0008506003619504167
19-15670,23-22379,3,0.0730059896847089,False,0.004100951474211092
19-156899,23-169673,1,0.2783007159621511,False,0.0005637134552544074
19-156899,23-176813,2,0.2643061286277977,False,0.003950652105196473
19-156899,23-144303,3,0.2495593049617027,False,0.005139307328624407
19-156899,24-31691,4,0.245857609237889,False,0.0038006588537468963
19-156899,24-34987,5,0.2372372224407246,False,0.003652576297416712
19-156899,24-39718,6,0.2209353806627592,False,0.0034977353911018303
19-156899,23-144516,7,0.1849900417277544,False,0.003312473694400931
19-156899,23-132830,8,0.150471230102188,False,0.004639830685899051
19-156899,23-125766,9,0.1465447610833639,False,0.0038160184198472095
19-156899,24-75502,10,0.1062350474992034,False,0.0037148253834550934
19-157359,23-14004,1,0.4527406813960716,True,0.999999999999
19-157359,23-43274,2,0.3376806833114323,False,0.999999999999
19-157359,23-24849,3,0.3275737215192323,False,0.999999999999
19-157359,23-50514,4,0.3263405424177328,False,0.999999999999
19-157359,23-110154,5,0.3123161593401811,False,0.999999999999
19-157359,23-65926,6,0.29237336340824,False,0.999999999999
19-157359,23-11523,7,0.2832075307805045,False,0.999999999999
19-157359,22-163372,8,0.2410479132564053,False,0.999999999999
19-157359,22-165686,9,0.2323877639552678,False,0.999999999999
19-158679,20-54283,1,0.3391850399091304,True,0.0005331196225322648
19-158679,20-37940,2,0.3311377735806409,False,0.0005098084084041013
19-158679,20-49949,3,0.3298128018874784,False,0.0005224742243253652
19-158679,20-66643,4,0.311509972612935,False,0.00045915988512816656
19-158679,20-34392,5,0.2940142120510489,False,0.0005196612726437427
19-158679,20-11000,6,0.2849737930897044,False,0.0006384428103728984
19-158679,20-32203,7,0.2827598335006033,False,0.0006939475589916611
19-158679,20-26585,8,0.2717012183074676,False,0.0005065466565222864
19-158679,20-26328,9,0.2699566169544065,False,0.0004957768743396224
19-158679,20-25276,10,0.2696462240131938,False,0.0004989112678636939
19-158679,20-78012,11,0.2652731380180841,False,0.0004890689403478615
19-158679,20-21049,12,0.2573195693056005,False,0.00048765163170645133
19-158679,19-189628,13,0.2560677004454211,False,0.0008529740532839877
19-158679,20-86796,14,0.2365585738037417,False,0.0005225820414877803
19-158679,20-12070,15,0.2330754455652434,False,0.0005140561644727471
19-158679,20-91517,16,0.2153762446250762,False,0.0007397024870537364
19-158679,20-98264,17,0.1955458733692954,False,0.0005556769615621134
19-158679,20-98214,18,0.1955458733692954,False,0.0005556769615621134
19-158679,19-191665,19,0.1847424823224588,False,0.0008492942640628184
19-158679,19-189603,20,0.181045476536473,False,0.0006394369210351691
19-158679,20-106651,21,0.1653208712705404,False,0.0005411001423588162
19-158679,20-115663,22,0.1338337737689118,False,0.0005278215490225804
19-159320,20-25157,1,0.2924123277064807,False,0.0004924181909443158
19-159320,20-93634,2,0.2707391702019655,False,0.0006478894921699851
19-159320,20-16042,3,0.2677736943293454,False,0.0004946957207550208
19-159320,20-15455,4,0.2371986110051644,False,0.000568268470175792
19-159320,20-13755,5,0.2330921721089752,False,0.0005688592026240285
19-159320,19-174809,6,0.1647473585962703,False,0.0005085765578446942
19-164966,20-115620,1,0.2730516273269189,False,0.0031603165193756604
19-164966,21-8119,2,0.2656979208553477,False,0.0006753620543858435
19-164966,21-15253,3,0.219950707531141,False,0.00048594636996070266
19-164966,20-93913,4,0.1991721158095869,False,0.00319846264401692
19-164966,20-68622,5,0.1786198567171989,False,0.0006243387869478913
19-164966,21-23456,6,0.1600119694215633,False,0.004108803070840593
19-165120,23-6398,1,0.2734943781534991,False,0.0007325527782326452
19-165120,22-118151,2,0.2325783766725835,False,0.004016217921641994
19-165120,23-42778,3,0.1190305243513506,False,0.0033656393367484856
19-166458,20-106379,1,0.2332325886990801,False,0.002032124098670014
19-166458,20-114106,2,0.2044875164257555,False,0.0020504223393405406
19-166458,19-190328,3,0.1031953569864213,False,0.0023093283769906824
19-16795,19-136955,1,0.2860673241039314,False,0.0006457056470123734
19-16795,19-85688,2,0.2702532902757868,False,0.0005076037232088941
19-16795,19-169306,3,0.208612297923686,False,0.000537068663178975
19-16795,19-169787,4,0.2031370460621004,False,0.0005382743499615007
19-16795,19-47186,5,0.1661607533946561,False,0.002091343780275251
19-16795,19-35566,6,0.1484836492797882,False,0.0005210292888292489
19-16795,19-176963,7,0.1247720041022567,False,0.000685052751018926
19-16795,20-10269,8,0.0916450766999113,False,0.0011644798705497442
19-169306,23-159290,1,0.2826004588085164,False,0.003635280349749761
19-169357,23-168941,1,0.2832602250579651,False,0.0032330671400342204
19-169357,23-105797,2,0.1923189799332683,False,0.0032376904958569684
19-16942,23-58292,1,0.3683503243149334,True,0.0007369496121555216
19-16942,23-34705,2,0.3452933958949649,False,0.0007389208426406417
19-16942,23-37068,3,0.3312003169778583,False,0.0006478768365472023
19-16942,23-102643,4,0.2857499512747629,False,0.0006535439788355001
19-16942,23-76010,5,0.2723798100301755,False,0.003422548938407195
19-16942,23-38908,6,0.2592864110613837,False,0.0038496794440523964
19-16942,23-144303,7,0.2014419459551863,False,0.001012334321368065
19-16942,22-165917,8,0.1851303889327803,False,0.0008304149124534981
19-16942,22-157410,9,0.1701267331416859,False,0.0007278993332572777
19-16942,23-132830,10,0.1277354432665692,False,0.0033313196411428755
19-16942,23-125766,11,0.1192210350776102,False,0.004155599927840084
19-16942,22-153504,12,0.1177508097935425,False,0.003738713518681204
19-16942,23-144516,13,0.104190007933202,False,0.003488516142541524
19-16942,22-154717,14,0.0947763562146228,False,0.003724533058307023
19-169787,19-127477,1,0.3332542169677159,True,0.0005141123356661042
19-169787,20-66280,2,0.3238332022917268,False,0.0005285771558924526
19-169787,20-47368,3,0.3233948627800235,False,0.0006286497221181039
19-169787,20-31457,4,0.2977817672090855,False,0.000581591705814276
19-169787,20-85492,5,0.2456986002058951,False,0.0006082033074408882
19-169787,20-10269,6,0.2010280545227664,False,0.0006698889005937038
19-169787,19-176963,7,0.169117841392282,False,0.0006237600261376719
19-169855,23-115723,1,0.2536508979413053,False,0.0028666687811667473
19-17058,23-174149,1,0.418970296911595,True,0.999999999999
19-17058,23-160148,2,0.3782895313184407,False,0.999999999999
19-17058,23-134735,3,0.2538933096322541,False,0.999999999999
19-17058,24-81981,4,0.1626313965795984,False,0.999999999999
19-174098,23-140453,1,0.1870083779581108,False,0.006937223064307576
19-174412,24-66729,1,0.3627084298744323,True,0.0009520890970258137
19-174412,24-100737,2,0.2607227332457293,False,0.013707268276053225
19-174412,24-14092,3,0.1290889180902321,False,0.003321167584061687
19-174412,25-7967,4,0.1290889180902321,False,0.003321167584061687
19-174412,24-10209,5,0.12,False,0.0047803458593710345
19-174440,23-8217,1,0.3851310158468494,True,0.0006861363096792983
19-174440,23-24753,2,0.3100994006787253,False,0.0007769044476391158
19-174440,23-62267,3,0.2096602290346972,False,0.000820601527255495
19-174809,24-47243,1,0.1886751390423202,False,0.006502485264494903
19-175544,20-21590,1,0.2031187034603591,False,0.0020515148999043537
19-175998,21-90254,1,0.4164443056808133,True,0.015339049832228138
19-175998,21-49520,2,0.1741271428680282,False,0.004401903844352485
19-175998,21-36213,3,0.1469648671544429,False,0.0033672288487314487
19-176963,23-159290,1,0.2675519010557855,False,0.0036242824238707123
19-177480,23-49217,1,0.3226237406920718,False,0.999999999999
19-177480,23-20260,2,0.2988792243232985,False,0.999999999999
19-177480,23-63743,3,0.2874955384441381,False,0.999999999999
19-177480,23-63763,4,0.2842969776609724,False,0.999999999999
19-177480,23-69310,5,0.275909862002885,False,0.999999999999
19-177480,23-12419,6,0.2733464739378011,False,0.999999999999
19-177480,23-73693,7,0.2555519053876478,False,0.999999999999
19-177480,23-98718,8,0.2332535953867152,False,0.999999999999
19-177480,22-162091,9,0.2074018718281244,False,0.999999999999
19-177480,23-98812,10,0.1980617608409987,False,0.999999999999
19-177480,23-104062,11,0.1974623088196071,False,0.999999999999
19-177480,22-153148,12,0.1867127971651643,False,0.999999999999
19-177480,22-150264,13,0.1743275248581376,False,0.999999999999
19-1779,23-174149,1,0.2925408320211707,False,0.999999999999
19-1779,24-81981,2,0.27502869271513,False,0.999999999999
19-1779,23-160148,3,0.2533830897213363,False,0.999999999999
19-1779,24-102164,4,0.1942687277567419,False,0.999999999999
19-178825,21-8119,1,0.3072529370061294,False,0.0007395601374661208
19-178825,21-15253,2,0.2618279443914577,False,0.0005328110611652002
19-178825,20-115620,3,0.2230677830394205,False,0.003239856045979808
19-178825,21-23456,4,0.2069114130377263,False,0.003950979085498734
19-178825,20-93913,5,0.1534303436268186,False,0.003284970253610537
19-180395,23-161829,1,0.3796723161778988,True,0.9783832232016184
19-180996,20-87459,1,0.2632046654100763,False,0.005200671336388176
19-180996,20-95579,2,0.2389862783099147,False,0.003603559926350747
19-180996,19-185443,3,0.0718265440210249,False,0.015740802229987777
19-181393,24-57038,1,0.4266197957626999,True,0.999999999999
19-181393,24-69165,2,0.3855554068008077,False,0.999999999999
19-181393,24-70105,3,0.3047152869031975,False,0.999999999999
19-182466,20-29934,1,0.2158129115142456,False,0.0004797375168722522
19-18263,23-56040,1,0.5478339903635566,True,0.999999999999
19-18263,23-139972,2,0.4560843368227797,False,0.999999999999
19-18263,23-137663,3,0.421643806760264,False,0.999999999999
19-184042,20-68622,1,0.3561995396185969,True,0.0005095325880140894
19-184042,20-93913,2,0.2609677361166929,False,0.003290069402714815
19-184042,20-38676,3,0.1901573992710815,False,0.004567258137800647
19-184042,20-28749,4,0.1877145209810423,False,0.003727915310899063
19-184042,20-115620,5,0.181795705793954,False,0.0032866055020673965
19-184042,20-29244,6,0.1730953897512817,False,0.0034412349889557103
19-184042,20-5049,7,0.1358598972170865,False,0.0006652414096534156
19-184490,23-140453,1,0.071191988712923,False,0.004217647751710666
19-185443,24-46423,1,0.1347919404292597,False,0.01419574420463883
19-186303,20-87505,1,0.2464963358178403,False,0.0004653096514246956
19-186303,20-70268,2,0.1792097597924938,False,0.000670705013733577
19-186303,21-24011,3,0.1413770980819307,False,0.0006583593433145506
19-187630,23-43183,1,0.3360152827265583,True,0.999999999999
19-187630,23-87983,2,0.33475866753496,False,0.999999999999
19-187630,23-41648,3,0.3292095998163031,False,0.999999999999
19-187630,22-166698,4,0.1865430327053799,False,0.999999999999
19-189255,21-156687,1,0.1607024165318321,False,0.004565837361006294
19-189603,20-91517,1,0.3594515634406105,True,0.0062009777695684444
19-189603,20-66643,2,0.3290287468224043,False,0.004414787177595575
19-189603,20-78012,3,0.315413305596314,False,0.0033463233966365058
19-189603,20-86796,4,0.2961137511424074,False,0.0035247801442411368
19-189603,20-37940,5,0.2811747620787618,False,0.00888944871093953
19-189603,20-106651,6,0.2548703412553926,False,0.0005129678926228344
19-189603,20-98264,7,0.249772229522558,False,0.013702027085642436
19-189603,20-98214,8,0.249772229522558,False,0.013702027085642436
19-189603,20-49949,9,0.2454822289037532,False,0.003388430935554729
19-189603,20-54283,10,0.2318461294449222,False,0.0038683840151197886
19-189603,20-26585,11,0.2106274918401149,False,0.004734273850089132
19-189603,20-21049,12,0.2037526833464717,False,0.0005567700842871682
19-189603,20-115663,13,0.1989695786594606,False,0.0031987052020237745
19-189603,20-139000,14,0.1960052725661479,False,0.0008023062900607921
19-189603,20-25276,15,0.19088797476308,False,0.003904866460294563
19-189603,20-34392,16,0.1729871719328766,False,0.003929744721231557
19-189603,20-32203,17,0.1680988569755698,False,0.003639677224011878
19-189603,20-26328,18,0.1632784073890004,False,0.003241557355256576
19-189603,20-132336,19,0.1264796790097293,False,0.0036554647403475066
19-189603,20-142134,20,0.1205158043114602,False,0.0033562237368728767
19-189603,20-11000,21,0.1134997745164376,False,0.0036460822844787306
19-189603,20-12070,22,0.1087177843704779,False,0.005312484073272855
19-189603,19-191665,23,0.0678663464474414,False,0.005016441669622716
19-189628,20-66643,1,0.3466680660229562,True,0.0005460630317690232
19-189628,20-78012,2,0.3438743029908974,False,0.0005328234983057687
19-189628,20-86796,3,0.3228364440157952,False,0.0005220437439373115
19-189628,20-91517,4,0.3048407042364967,False,0.0005500663910685593
19-189628,20-98264,5,0.2770346035917652,False,0.002019725085523825
19-189628,20-98214,6,0.2770346035917652,False,0.002019725085523825
19-189628,20-49949,7,0.2768900219336964,False,0.0005099978850745089
19-189628,20-54283,8,0.2636513792495327,False,0.0005992235152062262
19-189628,20-106651,9,0.2515983234445708,False,0.0005211109794536248
19-189628,20-115663,10,0.2172992310724504,False,0.000527158245247303
19-189628,20-37940,11,0.2145891950062818,False,0.0004957248990722851
19-189628,20-34392,12,0.2047924217374871,False,0.0006082826664477886
19-189628,20-32203,13,0.2030228070361316,False,0.0005034601361780643
19-189628,20-26585,14,0.1894778491031285,False,0.0004871982248541507
19-189628,20-132336,15,0.1870423647210925,False,0.0005404884173159289
19-189628,20-25276,16,0.1856282359370755,False,0.0004943266411072353
19-189628,20-26328,17,0.1792599601733538,False,0.0005965510554601398
19-189628,20-11000,18,0.1661936514099243,False,0.000498727650415542
19-189628,20-21049,19,0.1650277648832105,False,0.000624785426591765
19-189628,20-12070,20,0.1451298231319758,False,0.0005708432902743653
19-189628,20-139000,21,0.1450012191461525,False,0.0005043142083809668
19-189628,20-142134,22,0.1404563971254832,False,0.00051467983828625
19-189628,19-191665,23,0.1018070029823483,False,0.0006624752464632445
19-189628,19-189603,24,0.0967312741798189,False,0.00069915849999876
19-190057,22-17364,1,0.3349972031801637,True,0.006079481407376909
19-190057,22-39410,2,0.2775070586335146,False,0.00613483319847056
19-191316,21-24367,1,0.3031090942449824,False,0.999999999999
19-191316,20-109382,2,0.2071522287852462,False,0.999999999999
19-191665,23-144303,1,0.3411908844702349,True,0.0009267571712009993
19-191665,24-31691,2,0.3242188432941936,False,0.0026352218900485952
19-191665,23-169673,3,0.3194482644803773,False,0.0005648025658811575
19-191665,24-39718,4,0.3045292905874317,False,0.002193544145332161
19-191665,23-176813,5,0.3026316340630003,False,0.005691798461423631
19-191665,23-144516,6,0.2179841462721186,False,0.004323523271340919
19-191665,24-34987,7,0.1917277474425352,False,0.005668200038082627
19-191665,23-132830,8,0.1911731018608597,False,0.004784647844320121
19-191665,23-125766,9,0.1889438792171807,False,0.003576350294911795
19-191665,23-102643,10,0.1666353386771972,False,0.0007174335914192292
19-19933,20-25157,1,0.2098597270085074,False,0.004295230460396446
19-19933,20-93634,2,0.203764762128909,False,0.004056681342098252
19-19933,20-16042,3,0.185221093631372,False,0.0043250873546945325
19-19933,20-15455,4,0.18403221212154,False,0.005035121247471978
19-19933,20-13755,5,0.1799257732253508,False,0.0050423847870863445
19-19933,19-174809,6,0.0868575050921422,False,0.004637235996373291
19-21591,21-111863,1,0.1001283689838552,False,0.0006302871849644534
19-2163,19-140517,1,0.2418185145290696,False,0.0006849281366138922
19-2163,19-175998,2,0.1538379032920983,False,0.000555731819770168
19-24951,22-165707,1,0.2268206558564753,False,0.004706540589614047
19-24951,23-105797,2,0.1330181152101183,False,0.0040169273353904906
19-25237,19-184042,1,0.7538271734827071,True,0.999999999999
19-25237,19-142286,2,0.3079692333817979,False,0.00046622413007934253
19-25237,19-110370,3,0.279445461422296,False,0.003327736031502641
19-25237,19-164966,4,0.2106310695551572,False,0.0045749247061867455
19-25237,19-178825,5,0.1621681997371879,False,0.013979915670387182
19-25237,20-5049,6,0.1360468681559351,False,0.0021488963871518856
19-2743,20-25157,1,0.2141051841581669,False,0.004238869754762447
19-2743,20-93634,2,0.1998386548477964,False,0.004013480916882127
19-2743,20-16042,3,0.1894665507810316,False,0.004266313269300419
19-2743,20-15455,4,0.188212101663173,False,0.0049629531193877505
19-2743,20-13755,5,0.1841056627669837,False,0.004969684150498248
19-2743,19-174809,6,0.0911134929841835,False,0.004539853011368644
19-28845,23-23775,1,0.3415162719247361,True,0.000639524180732329
19-28845,23-34018,2,0.284140012616808,False,0.0041624707449129566
19-28845,22-122955,3,0.1491872336775615,False,0.0005190320408225004
19-30217,19-101998,1,0.5476885540782093,True,0.25710312735433916
19-30217,19-180074,2,0.3045453556346782,False,0.0011399473065234855
19-30217,19-55346,3,0.1530620873581032,False,0.0005274853333880248
19-32405,23-140453,1,0.234045561685404,False,0.00578068982080173
19-34598,23-91696,1,0.2115621937789505,False,0.0007983336867221837
19-35540,23-106776,1,0.4464896418119074,True,0.999999999999
19-35540,23-43054,2,0.2574291457765348,False,0.999999999999
19-35540,23-30054,3,0.1524299900353487,False,0.999999999999
19-35566,23-23753,1,0.4490628262534488,True,0.002218255365238876
19-35566,23-43939,2,0.3979533188241977,False,0.00222709546831209
19-35566,22-120791,3,0.0712184876781678,False,0.004683312246701096
19-36958,23-144303,1,0.3484583427670622,True,0.0008432837073885884
19-36958,23-102643,2,0.3367352898201969,False,0.0006557963958951322
19-36958,23-58292,3,0.2786005315865066,False,0.002250471654167109
19-36958,23-125766,4,0.2768307320103286,False,0.003400241172838754
19-36958,23-132830,5,0.2642690296273979,False,0.004423254150669498
19-36958,23-34705,6,0.2610314691933139,False,0.002864914487924387
19-36958,23-144516,7,0.2456023567608415,False,0.0033061407690688866
19-36958,23-37068,8,0.2376895180541735,False,0.0022679990696596254
19-36958,23-76010,9,0.2095461938270902,False,0.0034324905747485143
19-36958,23-169673,10,0.2040972582117231,False,0.0005060800478353278
19-36958,23-176813,11,0.1524953987581024,False,0.004338759347541116
19-36958,23-38908,12,0.1053175542991731,False,0.004278235608366621
19-3707,22-165707,1,0.3203164588122293,False,0.0036752456707922535
19-37169,22-99431,1,0.2800986196738051,False,0.0034659615069945293
19-37169,22-138398,2,0.2100470850132584,False,0.004537063292585789
19-39750,23-6460,1,0.3806728390909329,True,0.999999999999
19-39813,20-32603,1,0.1261036962260295,False,0.0005194198313488068
19-41587,19-54274,1,0.4614082347787998,True,0.999999999999
19-41587,19-131601,2,0.3195921817009899,False,0.000508988251964088
19-41587,19-131092,3,0.3171285316524873,False,0.0005978836663402994
19-41587,19-131225,4,0.3138083356024648,False,0.0007528775979928719
19-41587,19-190057,5,0.2201279162364414,False,0.0004848650988667231
19-41587,19-75615,6,0.1768144520023682,False,0.0004927354044678084
19-43213,23-61217,1,0.3073389580919034,False,0.0009692903107397502
19-43213,23-22379,2,0.2703234990413521,False,0.004931600160016221
19-43213,23-96123,3,0.160754871293944,False,0.004303175655384448
19-43213,22-138398,4,0.101831989216806,False,0.00414946916067015
19-43671,23-40733,1,0.3725549661437446,True,0.000989068273960994
19-43671,23-66550,2,0.3369430038606318,False,0.0033975604019858886
19-43671,23-44436,3,0.2921104645540633,False,0.003463969228921028
19-43954,19-158679,1,0.3978552427800213,True,0.0010339332970895866
19-43954,19-151382,2,0.3736388672908599,False,0.000624658962128351
19-43954,19-123920,3,0.3271314597885199,False,0.0005431604893872459
19-43954,19-156899,4,0.306613928024813,False,0.0005788976731179363
19-43954,19-189628,5,0.2882199731422904,False,0.0007402556193295578
19-43954,19-92498,6,0.2849786499074905,False,0.0007359555335762389
19-43954,19-119269,7,0.2798554264185374,False,0.0004924076370219203
19-43954,19-105083,8,0.2513706115204434,False,0.00047485167067634176
19-43954,20-11000,9,0.2405289251763429,False,0.0007739997232806773
19-43954,19-189603,10,0.220007109232527,False,0.000527152309425123
19-43954,19-191665,11,0.2175487516712067,False,0.0004934313652312064
19-43954,20-12070,12,0.2114998860069794,False,0.0005588922003235146
19-43954,19-67059,13,0.1934121108209625,False,0.0005349891299105137
19-43954,19-69736,14,0.1830336042320599,False,0.0005111507461583069
19-43954,19-74485,15,0.1747572605219513,False,0.0005206624795730056
19-43954,20-26585,16,0.1612951826834547,False,0.0005248749500674096
19-43954,19-55110,17,0.1611880755793571,False,0.0005862502586744439
19-43954,20-21049,18,0.1481951896930039,False,0.0005965258845095563
19-43954,20-25276,19,0.1418633494251913,False,0.000506560363081074
19-43954,20-26328,20,0.1363792525041149,False,0.0005606780808312761
19-43954,20-37940,21,0.1216679964613631,False,0.0005332981971373909
19-43954,20-32203,22,0.121263420058822,False,0.0005341224493190696
19-43954,20-34392,23,0.113342742723215,False,0.0005550662485420255
19-44791,20-116086,1,0.3136258301842058,False,0.00057427963385637
19-44791,20-125567,2,0.3022737416977017,False,0.00045988001040307025
19-44791,20-70855,3,0.2181882130017399,False,0.0005668667487511657
19-44791,21-16505,4,0.1289990059431708,False,0.0006123376111152736
19-46291,19-87510,1,0.1936049357908811,False,0.0005397062671221736
19-46630,22-165707,1,0.177496749701796,False,0.003844874883789219
19-46630,23-105797,2,0.1752387691158954,False,0.003486377700657529
19-47186,19-136955,1,0.3180989925536574,False,0.0020355969544794176
19-47186,19-169306,2,0.287837873377758,False,0.0005098557170795581
19-47186,19-169787,3,0.2823626215161724,False,0.0005098964696366587
19-47186,19-176963,4,0.213550569115608,False,0.0004736480501523971
19-47186,19-85688,5,0.1885403208585253,False,0.0006052677751098831
19-47186,20-10269,6,0.1733224867242025,False,0.0005415390472788432
19-47186,20-31457,7,0.1324575673883379,False,0.0005135229259953191
19-48030,23-43054,1,0.7642397685112068,True,0.999999999999
19-48030,23-106776,2,0.32035624028574,False,0.999999999999
19-48030,23-30054,3,0.1180830487033466,False,0.999999999999
19-48376,23-6460,1,0.2103057686200707,False,0.999999999999
19-48376,22-29187,2,0.1152072557738371,False,0.999999999999
19-48376,22-27265,3,0.109049110154569,False,0.999999999999
19-49300,23-24020,1,0.06,False,0.022878548090077593
19-50035,22-68207,1,0.3334132281553995,True,0.006060248531567132
19-50035,22-102777,2,0.2170138650090343,False,0.004774326799714212
19-51014,22-120139,1,0.1717441908753584,False,0.0066307262667832595
19-5147,20-27109,1,0.3588131388232087,True,0.0054690484139018015
19-5147,20-61130,2,0.3136423109651272,False,0.0054475232567182275
19-5191,22-165707,1,0.3503894094184503,True,0.0006478653942089768
19-51941,20-96647,1,0.1482144060700685,False,0.999999999999
19-53794,23-124057,1,0.1020122956522505,False,0.0006557141575140651
19-54274,19-131601,1,0.2976911742546475,False,0.000506561850863167
19-54274,19-131092,2,0.2952275242061448,False,0.0005947529222290384
19-54274,19-131225,3,0.2919073281561223,False,0.0007492894220570952
19-54274,19-190057,4,0.2420289236827839,False,0.0004816709498487951
19-54274,19-75615,5,0.1549134445560257,False,0.0005017438333181829
19-54285,20-77272,1,0.1714729831212904,False,0.0032200411583718095
19-54406,19-182466,1,0.2695074497120149,False,0.00048779451727553127
19-54406,19-109269,2,0.2501538622240657,False,0.0005923532015063243
19-54406,19-112016,3,0.2337908607505034,False,0.0005919569977171226
19-54406,20-29934,4,0.1812085057613725,False,0.0005217864459628006
19-54406,19-58204,5,0.0982499838002823,False,0.0007136356394334487
19-55110,22-153504,1,0.4407626995795017,True,0.999999999999
19-55110,22-154717,2,0.4261009524593225,False,0.999999999999
19-55110,23-132830,3,0.3876033649049235,False,0.999999999999
19-55110,23-125766,4,0.3870053011743981,False,0.999999999999
19-55110,23-34705,5,0.3224733352473042,False,0.0037534897033589323
19-55110,23-37068,6,0.3058555458341999,False,0.003181008999344512
19-55110,23-38908,7,0.3026092180304863,False,0.0031915275056377972
19-55110,23-58292,8,0.295099805477307,False,0.003315047623846187
19-55110,23-76010,9,0.2505516725737174,False,0.0031444274189718893
19-55110,23-102643,10,0.2170908169507558,False,0.0038065146986059365
19-55110,22-165917,11,0.1624767519655774,False,0.0034386358499973613
19-55110,22-157410,12,0.1427017379336683,False,0.003439508891861434
19-55346,19-180074,1,0.2675419030688735,False,0.00050742512104594
19-55346,19-101998,2,0.2221110479963441,False,0.0004893160491320656
19-56150,23-140453,1,0.2902319405384839,False,0.0044775480449777754
19-56150,23-94478,2,0.2014436212023999,False,0.005443968547427956
19-56150,23-45575,3,0.0805049132117131,False,0.004241801300013546
19-58204,20-143279,1,0.2216147147507013,False,0.0005884990981334274
19-59879,23-66550,1,0.3001530333603818,False,0.0031858635412774575
19-59879,23-40733,2,0.2989460100236558,False,0.0006818280512968874
19-59879,23-44436,3,0.2415741980165977,False,0.0031904238348969176
19-59985,23-42778,1,0.4299559865616256,True,0.016694317871726642
19-59985,23-65504,2,0.3116531284327462,False,0.0034823868736070457
19-59985,23-104721,3,0.2237012560165107,False,0.000470371102621548
19-59985,23-6398,4,0.1905410714039498,False,0.0033609482311135913
19-6267,22-41834,1,0.1278339903635567,False,0.0021727175826353174
19-63056,21-156075,1,0.1232761219643938,False,0.0038837624454284778
19-63056,21-146611,2,0.1140729849443103,False,0.0036908633892389115
19-66602,23-61217,1,0.2972043590629238,False,0.005569127403912501
19-66602,23-22379,2,0.2240067970064141,False,0.003601835329222965
19-66602,23-96123,3,0.2176806985604494,False,0.0033473518709797295
19-66808,21-47236,1,0.2880774071072306,False,0.999999999999
19-67059,23-125766,1,0.4523827916790923,True,0.999999999999
19-67059,22-154717,2,0.4270957059565529,False,0.999999999999
19-67059,23-132830,3,0.4243994275885748,False,0.999999999999
19-67059,22-153504,4,0.4089918691358787,False,0.999999999999
19-67059,23-58292,5,0.343631294582145,False,0.0037757052823605614
19-67059,23-76010,6,0.2711785060738781,False,0.0043965570587313155
19-67059,23-38908,7,0.255594348367428,False,0.003772004252223147
19-67059,23-37068,8,0.2478850389139183,False,0.004401718215693684
19-67059,23-34705,9,0.2447674068402992,False,0.003566486715233341
19-67059,23-102643,10,0.2335268760750421,False,0.0032169545340820687
19-67059,22-165917,11,0.1239762932502624,False,0.003643318103381328
19-67059,22-157410,12,0.1202278481033888,False,0.0034170965452310974
19-67059,23-144516,13,0.0883963531077245,False,0.005289027390822068
19-67059,23-144303,14,0.0875254811499549,False,0.004414207771831313
19-67233,23-90833,1,0.3471393804543995,True,0.999999999999
19-67233,23-66104,2,0.2993756270670139,False,0.999999999999
19-67233,23-168051,3,0.1337275514673675,False,0.999999999999
19-68091,22-2032,1,0.085514673674989,False,0.015058688667189088
19-69736,22-54446,1,0.2988254126362786,False,0.003180624576112934
19-69736,22-39891,2,0.2911535397119419,False,0.0036988623368681703
19-69736,22-52027,3,0.2905752761062656,False,0.003269415547318863
19-69736,22-102623,4,0.2843109361736705,False,0.0006565559100379862
19-69736,22-34888,5,0.2793435458717201,False,0.003670843052681566
19-69736,22-39212,6,0.2644442397901403,False,0.0031442794548664477
19-69736,22-26998,7,0.2535128117344239,False,0.003509084030067281
19-69736,22-94454,8,0.2101414754080632,False,0.003320688614000515
19-69736,22-118191,9,0.1955158144779993,False,0.00403653286732918
19-69736,22-6934,10,0.1946041843562378,False,0.000507437367294122
19-69736,21-163822,11,0.1926232668792105,False,0.000684760461763517
19-69736,22-108057,12,0.1918094721690864,False,0.0033645022286814905
19-69736,22-111359,13,0.1690072871053671,False,0.0036931028661990072
19-69736,21-163566,14,0.153779529816648,False,0.0005089465365389949
19-69736,21-153479,15,0.1198559356048703,False,0.0005457856220892248
19-69736,22-133794,16,0.1036767397880171,False,0.003714273905287006
19-69736,21-150402,17,0.0811200046092001,False,0.003981071142215426
19-70735,21-138241,1,0.3700615461865957,True,0.999999999999
19-70735,21-157552,2,0.2897770672494131,False,0.999999999999
19-70735,21-88219,3,0.2861847782394374,False,0.999999999999
19-70735,21-25617,4,0.1109928937918983,False,0.999999999999
19-73678,23-66550,1,0.2525974355521745,False,0.003405169809572239
19-73678,23-40733,2,0.2441975475464395,False,0.0007177268924882087
19-73678,23-44436,3,0.1817862819975886,False,0.003240891975213677
19-74485,23-144303,1,0.3360084525325731,True,0.0007819384752788674
19-74485,23-125766,2,0.3127958970039853,False,0.0037670925394775387
19-74485,23-132830,3,0.3058623499291134,False,0.0036981380437641907
19-74485,23-102643,4,0.2920832912054014,False,0.0007146544680188134
19-74485,23-144516,5,0.2832605245424841,False,0.003345994865861717
19-74485,23-169673,6,0.2400623334883662,False,0.0005324178114508518
19-74485,23-58292,7,0.2323349268643056,False,0.0031276081082214696
19-74485,24-31691,8,0.212232368365319,False,0.0024414522860250988
19-74485,23-176813,9,0.1911692209574841,False,0.004151698604390102
19-74485,23-76010,10,0.1809498509890546,False,0.003205515107756578
19-74485,23-38908,11,0.0683688341415531,False,0.004592855290389658
19-74485,24-34987,12,0.067411064400905,False,0.004700993795322598
19-75460,22-8616,1,0.3022326442178471,False,0.0033879595758347834
19-75460,22-13142,2,0.2930203996385817,False,0.003283686301191455
19-75460,22-25102,3,0.2545604081423964,False,0.00398963423022986
19-75460,22-84327,4,0.2222949438351208,False,0.0023190683619298946
19-75460,21-115415,5,0.1973121285154677,False,0.0006898861240261872
19-75460,21-130956,6,0.1833570845626357,False,0.0035950393281323914
19-75460,22-95015,7,0.0650637453141333,False,0.006179720694088527
19-75615,23-117688,1,0.1816331286033945,False,0.003291710221706617
19-75795,23-70292,1,0.3291279553262239,True,0.0007247151737033443
19-75795,23-69649,2,0.3290494962768287,False,0.0020563072514937
19-75795,23-31869,3,0.2221918214183806,False,0.005153647974536464
19-78493,22-99431,1,0.2367611666381872,False,0.003546985409098872
19-78493,22-138398,2,0.1060468681559351,False,0.014568012041392287
19-78493,21-156783,3,0.0731674492775235,False,0.004870081767871212
19-7863,22-165707,1,0.272611671631799,False,0.0035196752151719956
19-79409,23-45575,1,0.2830400260298676,False,0.0032899568850306435
19-79409,23-94478,2,0.1532493976469512,False,0.003822580745402828
19-79409,22-141355,3,0.120842245471461,False,0.0045056281028465085
19-79409,22-127675,4,0.1177223104503045,False,0.003790724064193526
19-85688,23-159290,1,0.262189328511921,False,0.004160830638604925
19-87510,23-91696,1,0.2817653760378182,False,0.003443201002335168
19-87996,19-118070,1,0.5120543144984668,True,0.999999999999
19-87996,20-35528,2,0.2243795264135366,False,0.0004720494375131605
19-87996,20-47774,3,0.1928968282094192,False,0.0004786691180353959
19-88976,23-113446,1,0.2517334807521784,False,0.999999999999
19-88976,23-70584,2,0.2213536486649042,False,0.999999999999
19-8916,23-23753,1,0.2474382827573268,False,0.003573313222724796
19-8916,23-43939,2,0.219228219926389,False,0.0031637026250227393
19-8916,22-120791,3,0.1395401082610756,False,0.003858776197342175
19-90783,20-16042,1,0.3275874390892145,True,0.0005954703170956916
19-90783,20-13755,2,0.3265907154873395,False,0.0005632513075429508
19-90783,20-15455,3,0.3224842765911502,False,0.0005633358703074709
19-90783,19-174809,4,0.3166889695790715,False,0.0004952315968774384
19-90783,20-25157,5,0.3029488057120792,False,0.000597155681469117
19-90783,19-159320,6,0.2731222871261052,False,0.00048139141226788114
19-90783,19-145053,7,0.2388027544248757,False,0.0004955573886780808
19-90783,19-130357,8,0.2013470984651208,False,0.0004950382050399428
19-90783,19-99281,9,0.1529974582791329,False,0.000598924081687254
19-91082,22-127882,1,0.2071487007327132,False,0.999999999999
19-91082,22-16811,2,0.1787023487525357,False,0.999999999999
19-92498,23-125766,1,0.5240817979589436,True,0.999999999999
19-92498,23-132830,2,0.4897680971752232,False,0.999999999999
19-92498,23-76010,3,0.3156949485063792,False,0.003213365007364597
19-92498,23-102643,4,0.3012175122935174,False,0.003347720935215405
19-92498,23-58292,5,0.2581471246370512,False,0.003147882959164125
19-92498,23-34705,6,0.2118703563071714,False,0.0033805777486137275
19-92498,23-38908,7,0.1968993372785588,False,0.003594433901358822
19-92498,23-37068,8,0.1955899779554234,False,0.003313379611825064
19-92498,23-144516,9,0.1569452858375922,False,0.003383234371490835
19-92498,23-144303,10,0.1554791034267977,False,0.0033392312960924715
19-92498,23-169673,11,0.1479683086087351,False,0.0005816676572210996
19-92498,23-176813,12,0.0648786714422961,False,0.005172715429045593
19-93739,23-138104,1,0.2264062242187733,False,0.0008002584004470522
19-93739,23-25993,2,0.1569293774028124,False,0.0038875314665031877
19-94580,19-110681,1,0.4715193937169052,True,0.9999981730420178
19-94580,20-17796,2,0.2883211545743149,False,0.0004727209588280387
19-99946,23-105797,1,0.3342578208913929,True,0.0010500443020168846
19-99946,23-168941,2,0.1595568181103818,False,0.0007696803132454999
20-100172,25-4360,1,0.2054884850597145,False,0.010648161667769036
20-10180,23-90092,1,0.3501537234286459,True,0.0004793518608203014
20-10180,23-90557,2,0.3215225363940423,False,0.0033050679526473534
20-104420,20-131075,1,0.5243736311870346,True,0.999999999999
20-106379,24-127069,1,0.3093720676065375,False,0.0031715062196985178
20-106651,21-13474,1,0.3176534320365309,False,0.00047154275801508194
20-106651,21-7561,2,0.2974125802909318,False,0.00046477960267110054
20-106651,21-45579,3,0.2878394708268304,False,0.0007432082078495402
20-106651,21-48340,4,0.2799060242673103,False,0.0006063893093910643
20-106651,21-60721,5,0.2502510632610261,False,0.00089194176268206
20-106651,20-139000,6,0.2247551616790455,False,0.00047523135102786027
20-106651,21-76634,7,0.2125097779965085,False,0.0005023830217759314
20-106651,21-76081,8,0.2109018553667986,False,0.000646428084758689
20-106651,20-142134,9,0.2108323949157767,False,0.0005057799991453568
20-106651,21-78352,10,0.2037016234068408,False,0.0006742998166220165
20-106651,20-132336,11,0.1926343597540346,False,0.0005330710918968433
20-106651,21-85552,12,0.1919324131699577,False,0.0005074826922312322
20-106651,21-85842,13,0.1809079800202192,False,0.0007907186654970865
20-106651,21-96114,14,0.1747569645853739,False,0.0004824487675807368
20-106651,21-92788,15,0.1741672164201312,False,0.000512582952757345
20-106651,21-97876,16,0.1557457544988522,False,0.0006161660084764415
20-106651,20-115663,17,0.1302152292573464,False,0.0005389200188649725
20-107439,21-99109,1,0.1545966733249994,False,0.0005680463780474002
20-107439,21-117466,2,0.1030784182134598,False,0.0007852003470914142
20-109382,22-163372,1,0.363055576516049,True,0.999999999999
20-109382,22-165686,2,0.3458125603870109,False,0.999999999999
20-109382,23-14004,3,0.3253029179204699,False,0.999999999999
20-109382,23-11523,4,0.2900913055571824,False,0.999999999999
20-109382,23-24849,5,0.2588585791317189,False,0.999999999999
20-109382,23-43274,6,0.1980617608409987,False,0.999999999999
20-109382,23-50514,7,0.1816081793240963,False,0.999999999999
20-109382,23-65926,8,0.1410717800439628,False,0.999999999999
20-109382,22-94408,9,0.1380492430528454,False,0.999999999999
20-11000,24-34987,1,0.5498973462654638,True,0.999999999999
20-11000,23-125766,2,0.4870553563878171,False,0.999999999999
20-11000,23-132830,3,0.4656201718690522,False,0.999999999999
20-11000,23-169673,4,0.3017061349841687,False,0.00047025130858473777
20-11000,24-39718,5,0.2702987048773094,False,0.004156035862154775
20-11000,23-176813,6,0.2648433340556928,False,0.0038347104466338795
20-11000,24-31691,7,0.2462375540978889,False,0.003735349015352588
20-11000,23-144303,8,0.1886579265064777,False,0.0032773144388794618
20-11000,23-144516,9,0.184611383763402,False,0.003327458172422146
20-11000,24-75502,10,0.109812990213813,False,0.0034984887251498322
20-110309,25-25051,1,0.3303464339551809,True,0.999999999999
20-110309,25-30282,2,0.3125518654050275,False,0.999999999999
20-110309,24-130324,3,0.291827622849484,False,0.999999999999
20-110309,24-122943,4,0.2630825505761595,False,0.999999999999
20-110309,24-102164,5,0.2010914458921711,False,0.999999999999
20-110309,25-80306,6,0.1459449759857556,False,0.999999999999
20-111698,23-174149,1,0.3474268956678268,True,0.999999999999
20-111698,23-160148,2,0.3353234843779393,False,0.999999999999
20-111698,23-104062,3,0.3022685312775006,False,0.999999999999
20-111698,23-134735,4,0.2522812158353958,False,0.999999999999
20-111698,23-98812,5,0.1445746905458506,False,0.999999999999
20-111698,23-98718,6,0.1445276284150712,False,0.999999999999
20-114032,24-77664,1,0.7458168593440138,True,0.999999999999
20-114106,24-127069,1,0.2513506662162806,False,0.0033625934112055124
20-114632,21-55981,1,0.3117882566254829,False,0.003695974627935079
20-114632,20-158667,2,0.1953845390510635,False,0.003648207181368279
20-114632,20-146391,3,0.126065434816354,False,0.003344361852796588
20-115663,24-119150,1,0.3380136127945264,True,0.00081378697722479
20-115663,24-126812,2,0.2771092465709667,False,0.0032665001932762473
20-115663,24-75502,3,0.2664925363474261,False,0.0006549484148811077
20-115663,24-127528,4,0.2585425565864377,False,0.003194899750311964
20-115663,24-39718,5,0.1553013180877981,False,0.0007308123841904517
20-116086,23-140453,1,0.2898419917028945,False,0.004102543974471855
20-116086,23-94478,2,0.2018637757336837,False,0.01379029634537923
20-116086,23-45575,3,0.0786358169819426,False,0.005594104733680089
20-119246,21-55981,1,0.3417882566254829,True,0.000540105457627982
20-119246,20-158667,2,0.2253845390510635,False,0.000533103212358065
20-119246,20-146391,3,0.1560654348163541,False,0.000488575846523819
20-12070,24-31691,1,0.3670462190390792,True,0.002562368870872063
20-12070,24-39718,2,0.341153968660037,False,0.002417199769878608
20-12070,23-169673,3,0.2779046807754274,False,0.0005391098562183436
20-12070,23-176813,4,0.2593539202803329,False,0.013705889909505982
20-12070,23-144303,5,0.2387889230447998,False,0.0008621594005385864
20-12070,24-34987,6,0.2356335698100251,False,0.004374502777720943
20-12070,24-75502,7,0.2247324029402165,False,0.002739177860383403
20-12070,23-144516,8,0.1785330149593275,False,0.003685498864305562
20-12070,23-132830,9,0.1507389591919819,False,0.004050480082542992
20-12070,23-125766,10,0.1473273914001839,False,0.0035710354705653633
20-120789,24-66729,1,0.3543720570622233,True,0.004131554377934155
20-120789,24-100737,2,0.2906700503448949,False,0.003147212177506954
20-120789,25-7967,3,0.2803078715674281,False,0.0026951720740283585
20-120789,25-24896,4,0.1278339903635567,False,0.0021727175826353174
20-122193,21-55981,1,0.4541124188792079,True,0.0020192056540540354
20-122193,20-158667,2,0.2107590761468115,False,0.0005485762899969803
20-122193,20-146391,3,0.1599287269693973,False,0.0006887227829045721
20-123845,25-26751,1,0.1059289699379055,False,0.004127567086172672
20-124045,25-25051,1,0.3471484888304862,True,0.999999999999
20-124045,25-30282,2,0.3293539202803329,False,0.999999999999
20-124045,24-130324,3,0.2663885238720981,False,0.999999999999
20-124045,24-122943,4,0.2376434515987735,False,0.999999999999
20-124045,24-102164,5,0.1751330901736129,False,0.999999999999
20-124045,25-80306,6,0.1686528063549834,False,0.999999999999
20-132336,24-127528,1,0.650681596694118,True,0.999999999999
20-132336,24-126812,2,0.3240226946907238,False,0.0033319537965882523
20-132336,24-119150,3,0.2878925500651405,False,0.0035111588530168003
20-132336,24-75502,4,0.1392553320744095,False,0.003335860609168235
20-132336,25-45593,5,0.1384766091211492,False,0.004478108874460179
20-134550,22-19299,1,0.3761088209347544,True,0.005099497481726025
20-134550,21-111036,2,0.1407743558469571,False,0.0095656182041435
20-136269,24-38551,1,0.3075517771883547,False,0.0035221940338945375
20-136269,24-67770,2,0.2127715484443272,False,0.0033972314671892015
20-136269,24-74429,3,0.1911890668710963,False,0.0034936939416795134
20-13755,24-47243,1,0.1998270119783709,False,0.004508049965078697
20-138135,24-81981,1,0.2553518217960391,False,0.999999999999
20-138135,23-174149,2,0.2548278805244438,False,0.999999999999
20-138135,23-160148,3,0.2189245504095388,False,0.999999999999
20-138135,23-134735,4,0.1660498393389599,False,0.999999999999
20-139000,21-7561,1,0.4751710279353018,True,0.8708816727321215
20-139000,21-76634,2,0.416450448634837,False,0.0009923971921470757
20-139000,21-78352,3,0.3549072573351801,False,0.0004904881279563947
20-139000,21-76081,4,0.3431071975540571,False,0.00047191257245633565
20-139000,21-85552,5,0.3409540770886957,False,0.000500474284062657
20-139000,21-45579,6,0.3290259556551015,False,0.000605278238562204
20-139000,21-92788,7,0.3161004815233946,False,0.0004755549937920717
20-139000,21-60721,8,0.3124531910797254,False,0.0006246838915788183
20-139000,21-85842,9,0.3113138319230716,False,0.0004747854307029988
20-139000,21-96114,10,0.3111799903399184,False,0.000506263102811201
20-139000,21-48340,11,0.2979507265507891,False,0.00046095283242078236
20-139000,21-97876,12,0.2906414866553492,False,0.0004590502467779672
20-139000,21-143183,13,0.2117225055524303,False,0.0008610240384986986
20-139000,21-122032,14,0.209224082846484,False,0.0004718513855790676
20-139000,21-13474,15,0.1925244587721822,False,0.0005156252319761941
20-139000,21-153479,16,0.1775021814175201,False,0.0009427409494986432
20-139000,21-150402,17,0.1532367238219539,False,0.0006224642193353009
20-139000,21-145412,18,0.1428195667091006,False,0.0004959136546594001
20-142015,24-130324,1,0.3772623740692071,True,0.999999999999
20-142015,24-122943,2,0.3485173017958826,False,0.999999999999
20-142015,24-102164,3,0.3280146318752812,False,0.999999999999
20-142015,24-81981,4,0.2472546669168931,False,0.999999999999
20-142015,25-25051,5,0.2362746386333771,False,0.999999999999
20-142015,25-30282,6,0.2184800700832238,False,0.999999999999
20-142134,23-176813,1,0.3946474102134804,True,0.0024032658093844296
20-142134,23-169673,2,0.3252461474539983,False,0.00048333967451828736
20-142134,23-144303,3,0.2921189558681305,False,0.0031825769969811768
20-142134,23-144516,4,0.276427547741399,False,0.0032291885807166462
20-142134,23-132830,5,0.2458234904143259,False,0.0034644852496587466
20-142134,23-125766,6,0.236635208481361,False,0.003741681072171612
20-142134,23-102643,7,0.1587855641005594,False,0.003263130670413305
20-142134,24-31691,8,0.152843367830834,False,0.004863013150624057
20-142134,24-34987,9,0.1491520822287971,False,0.003531117152109548
20-142134,24-39718,10,0.1372190942611312,False,0.003328311167044632
20-142134,23-76010,11,0.0868061787549504,False,0.004264731574180034
20-143279,21-41109,1,0.2492352752978421,False,0.00047883579900902224
20-143279,21-37673,2,0.238154032741786,False,0.0006495939946506376
20-143279,21-129937,3,0.1863465865525679,False,0.0005857549916307654
20-143279,21-152470,4,0.1344614249643458,False,0.0005032505226792032
20-150854,23-168941,1,0.3110951794914534,False,0.0036060930293040304
20-150854,23-105797,2,0.1284265663130137,False,0.003918646831554423
20-153528,25-114696,1,0.3173374478334351,False,0.017164396641246735
20-153528,25-13122,2,0.1353417763554062,False,0.003656663398242946
20-15455,24-47243,1,0.2039334508745601,False,0.004503271038722411
20-16042,24-47243,1,0.2454455778008402,False,0.0036553596367301733
20-17802,24-69165,1,0.179046135312394,False,0.999999999999
20-17802,24-70105,2,0.1567979609765723,False,0.999999999999
20-19624,20-118393,1,0.321172704745447,False,0.0008589569864764659
20-19626,20-118393,1,0.3663960909473421,True,0.0018483097333139994
20-19986,23-6398,1,0.4132917212373152,True,0.0021052683901869656
20-19986,23-42778,2,0.2520804179741935,False,0.0032195482678116253
20-19986,23-65504,3,0.1985741998341666,False,0.0031835431341946403
20-19986,23-104721,4,0.1255271895619088,False,0.0005499642124275008
20-19986,22-118151,5,0.097377761458791,False,0.0037140838271177965
20-20633,24-14092,1,0.3066573643488169,False,0.004072271147274823
20-20633,24-10209,2,0.2935742444152431,False,0.013862956159629479
20-20633,23-174031,3,0.2394085656936499,False,0.0035554969418324363
20-20633,24-66729,4,0.1515529173243364,False,0.00419779396577152
20-20672,24-69165,1,0.1654281699737586,False,0.999999999999
20-20672,24-70105,2,0.1395606859513657,False,0.999999999999
20-21049,20-91517,1,0.3594866810219824,True,0.0005738204875549461
20-21049,20-98264,2,0.3317871222076216,False,0.002065954404484716
20-21049,20-98214,3,0.3317871222076216,False,0.002065954404484716
20-21049,20-106651,4,0.3267153056520493,False,0.000483052355388026
20-21049,20-115663,5,0.3035951146962206,False,0.00045984632835726973
20-21049,20-86796,6,0.3021755032769035,False,0.0004792729677241934
20-21049,20-66643,7,0.2855063904464133,False,0.0006115202507432302
20-21049,20-78012,8,0.2721448512955939,False,0.0005194005656040439
20-21049,20-132336,9,0.249976225515828,False,0.00048737709874185437
20-21049,20-139000,10,0.2383133145869352,False,0.0005551747826548782
20-21049,20-142134,11,0.2127152357797576,False,0.00048198377725209386
20-21049,20-49949,12,0.2043338278772983,False,0.000541271079479215
20-21049,20-54283,13,0.1934898327115612,False,0.0005742926838058933
20-21049,20-26585,14,0.1837716528301017,False,0.0008832387251422657
20-21049,20-37940,15,0.1754436587049414,False,0.000551280623491414
20-21049,21-7561,16,0.1727971395482412,False,0.0006277879525754523
20-21049,20-25276,17,0.1552883474581891,False,0.0006483744982301787
20-21049,20-34392,18,0.1346308751995157,False,0.0006022829270635691
20-21049,20-32203,19,0.1285450238353391,False,0.0005875225646982078
20-21049,20-26328,20,0.1148378919540798,False,0.0005434198967242737
20-21049,21-13474,21,0.1044622155230037,False,0.0006207661387089813
20-23004,23-90092,1,0.1594599873754823,False,0.0005811387957470395
20-23004,23-90557,2,0.1280911744100858,False,0.003980311409409814
20-2441,23-83529,1,0.9381483561867048,True,0.999999999999
20-25157,24-47243,1,0.2700842111779755,False,0.003638018730717739
20-25276,22-153504,1,0.3061614382830945,False,0.004027321674547119
20-25276,22-165917,2,0.3016131871101305,False,0.0032843799919815733
20-25276,22-157410,3,0.281008641747319,False,0.0032607595285026603
20-25276,22-154717,4,0.2758262538205004,False,0.003141911350761635
20-25276,23-38908,5,0.2655227048761108,False,0.0006766955729232304
20-25276,23-34705,6,0.2628614789013475,False,0.004133978392086614
20-25276,23-37068,7,0.2289353169319802,False,0.0032583354071911833
20-25276,22-133794,8,0.2162550367982602,False,0.0031865405571996092
20-25276,22-111359,9,0.1706677288874732,False,0.0038051576865975353
20-25276,22-118191,10,0.1617320556590849,False,0.00324303670420256
20-25276,23-58292,11,0.1592543221603356,False,0.003342819322470232
20-25276,22-94454,12,0.1269678125262693,False,0.0037510020300196385
20-25276,22-108057,13,0.1233822623169997,False,0.0033470780201515947
20-25276,23-76010,14,0.1205455058159199,False,0.003446208195774336
20-25276,22-102623,15,0.1123178205317286,False,0.0034466033287770433
20-25372,20-152526,1,0.5930539664604364,True,0.9905603564038036
20-25372,21-32441,2,0.3714855890151617,False,0.0005404711426153089
20-25372,21-42527,3,0.31547814267263,False,0.0036462597748954675
20-25372,21-14714,4,0.3022928568131692,False,0.003311343640590167
20-25372,21-19011,5,0.2856446767364456,False,0.004121829261212988
20-25372,21-61224,6,0.2530155900588985,False,0.003314388091680879
20-25372,21-54745,7,0.2427063816442409,False,0.003882961216710662
20-25372,21-96695,8,0.1722564786367376,False,0.003756383291679213
20-25372,20-111877,9,0.1110529105572626,False,0.0038821213899321422
20-26328,24-119150,1,0.4303159512295754,True,0.0021726855256136634
20-26328,24-126812,2,0.2873187435395559,False,0.003149759684998378
20-26328,24-127528,3,0.2759501224685957,False,0.0034666987011141713
20-26328,24-75502,4,0.2373255957658733,False,0.0006902889435307633
20-26585,24-126812,1,0.3746366998167424,True,0.018940994900054877
20-26585,25-45593,2,0.2773657634344409,False,0.0008210484892666024
20-26585,24-119150,3,0.2625245091925614,False,0.0008281162703555742
20-26585,24-127528,4,0.2625232994135547,False,0.0033733394226639203
20-26585,25-62715,5,0.2477315083873682,False,0.0014192030517200462
20-27109,23-2072,1,0.2909803950561661,False,0.005512707033677396
20-27417,20-70773,1,0.6704970072114604,True,0.999999999999
20-27417,20-88353,2,0.6146880156172572,False,0.999999999999
20-27417,20-136269,3,0.3547031243781556,False,0.019841400370346273
20-27417,20-118996,4,0.2627768447321524,False,0.003542277908764755
20-27417,20-68923,5,0.1978655967316418,False,0.0036400195340090904
20-27417,20-62727,6,0.177853691477755,False,0.003605642781470914
20-27417,21-13248,7,0.1548710010933792,False,0.004941640461123354
20-27417,20-50446,8,0.1321220193436342,False,0.0036230179438312767
20-27417,21-15299,9,0.0915684674330295,False,0.003784834388717144
20-28749,22-163107,1,0.1840692071835304,False,0.013861102275001575
20-29934,24-59713,1,0.210371527899956,False,0.003173557586197069
20-31457,22-120791,1,0.2899548817384225,False,0.004627609939740884
20-32203,24-75502,1,0.707475235534117,True,0.999999999999
20-32203,24-31691,2,0.4489549253808698,False,0.0022343499369698126
20-32203,24-39718,3,0.4039936798233589,False,0.0021274192444760494
20-32203,24-34987,4,0.2919380461007357,False,0.003921707769024824
20-32203,23-169673,5,0.2262926274478706,False,0.0004990750751455663
20-32203,23-176813,6,0.2063381356774929,False,0.004692103115816217
20-32203,23-144303,7,0.1893398550815291,False,0.0007269787850475338
20-32203,23-144516,8,0.1421255867985645,False,0.003328994077027003
20-32203,23-132830,9,0.095708033547555,False,0.004349288878152987
20-32203,23-125766,10,0.0912608803599219,False,0.0039468427329699225
20-32603,20-42809,1,0.4600394218134033,True,0.999999999999
20-32603,20-121660,2,0.2984136003845189,False,0.0005776503105298465
20-32603,20-88363,3,0.2699468077973965,False,0.0005116264498459292
20-32603,21-24037,4,0.1227798336977352,False,0.0005192704648564354
20-32737,24-130324,1,0.3222340064331666,False,0.999999999999
20-32737,25-25051,2,0.2955591891293545,False,0.999999999999
20-32737,24-122943,3,0.2934889341598419,False,0.999999999999
20-32737,25-30282,4,0.2777646205792012,False,0.999999999999
20-32737,24-102164,5,0.2258205664625799,False,0.999999999999
20-32737,24-81981,6,0.1450606015041918,False,0.999999999999
20-34392,24-31691,1,0.4281170283268399,True,0.0027167327351941698
20-34392,24-39718,2,0.4083345242859582,False,0.0021711825005530988
20-34392,24-34987,3,0.3011813765644878,False,0.003580265327924361
20-34392,24-75502,4,0.2847114225435172,False,0.002908441628858097
20-34392,23-169673,5,0.214374112495262,False,0.0006061023147413494
20-34392,23-176813,6,0.1986874426866644,False,0.005474504443867462
20-34392,23-144303,7,0.1775188584160666,False,0.0008749996056605058
20-34392,23-144516,8,0.1154667385347729,False,0.004090283240040899
20-34392,23-132830,9,0.0928935730768064,False,0.0037764737376944427
20-34392,23-125766,10,0.0885133883975358,False,0.00368494706805223
20-35694,20-152526,1,0.3777794995066848,True,0.0006900805133285073
20-35694,20-111877,2,0.2902135475760684,False,0.0005867018362828542
20-35694,21-14714,3,0.2859630669627047,False,0.0005111976656950295
20-35694,21-19011,4,0.2493776547344606,False,0.00046473131838242824
20-35694,20-96600,5,0.2463967001604565,False,0.0007322243546610824
20-35694,21-32441,6,0.2460798154136762,False,0.0005840290585365052
20-35694,21-42527,7,0.2200723690711444,False,0.00059226563057426
20-35694,21-61224,8,0.1572946482154423,False,0.0005574380307771508
20-35694,21-54745,9,0.1426091368829502,False,0.0005444761058674751
20-35779,23-87983,1,0.3180190074670103,False,0.999999999999
20-35779,23-41648,2,0.2033826773913474,False,0.999999999999
20-35779,23-43183,3,0.190083842828076,False,0.999999999999
20-36881,20-46786,1,0.3930639687600634,True,0.277049647937895
20-37796,24-30786,1,0.4787682199284345,True,0.002741093984874371
20-37796,23-138104,2,0.1219480639441958,False,0.003499717469160854
20-37940,24-31691,1,0.312433715361026,False,0.004115872478526008
20-37940,24-34987,2,0.3073827350844106,False,0.003428396154910021
20-37940,23-144303,3,0.2964420920721534,False,0.049636137639792535
20-37940,24-39718,4,0.28967592969674,False,0.003377581536677166
20-37940,23-144516,5,0.2796122384975985,False,0.002813578867380668
20-37940,23-169673,6,0.2159580079716782,False,0.0004954707904376251
20-37940,23-176813,7,0.2109177813074084,False,0.0031710332373224145
20-37940,24-75502,8,0.1720915903146926,False,0.003646095537007087
20-37940,23-125766,9,0.090487506117491,False,0.003582099142013716
20-37940,23-132830,10,0.0902370626360588,False,0.0037106054086839917
20-38453,22-12003,1,0.1009411895520884,False,0.0038632200407040726
20-39206,23-22379,1,0.2893761657899011,False,0.0031687808708456095
20-39206,23-61217,2,0.2418460083169642,False,0.004720550890653835
20-39206,23-96123,3,0.207874809252731,False,0.004205490047354753
20-39206,22-138398,4,0.176921539019629,False,0.005503374438133088
20-40507,23-22379,1,0.2880073528245047,False,0.0031677649916436465
20-40507,23-61217,2,0.2432148212823606,False,0.0047201578893071895
20-40507,23-96123,3,0.2092436222181273,False,0.0042024870876767005
20-40507,22-138398,4,0.1755527260542326,False,0.0055132535513929505
20-45942,22-127882,1,0.2763314016128039,False,0.999999999999
20-45942,22-16811,2,0.1250001514941324,False,0.999999999999
20-47368,23-43939,1,0.2433378002998194,False,0.004639652461854546
20-47368,23-23753,2,0.2039036614573287,False,0.004518716811502076
20-47606,20-115241,1,0.318820790943573,False,0.0031996652921581674
20-47606,20-150854,2,0.2876153360849348,False,0.005162577911626794
20-47606,20-103852,3,0.2734059951388018,False,0.0031416162895290378
20-47606,20-96618,4,0.2375977356014795,False,0.0031655748832850744
20-47606,20-94462,5,0.234211734829561,False,0.0031609568029645403
20-47606,21-28963,6,0.1209817365348244,False,0.0034033587921211577
20-47606,21-37354,7,0.0843848739480982,False,0.0037992470400633146
20-47918,22-98112,1,0.279886114761279,False,0.013757932767620776
20-48669,24-23826,1,0.266776371129485,False,0.003430361838096749
20-48669,23-159358,2,0.1237871827754666,False,0.004034496509823765
20-49221,24-69165,1,0.1885648453911374,False,0.999999999999
20-49221,24-70105,2,0.155514673674989,False,0.999999999999
20-49949,24-127528,1,0.3495935177956045,True,0.0006611799142974876
20-49949,24-119150,2,0.3082474476191468,False,0.004493593797223392
20-49949,24-126812,3,0.2917452091600541,False,0.0031991954856953253
20-49949,24-75502,4,0.165988467859998,False,0.0035787992897111163
20-5049,20-93913,1,0.3454896127487616,True,0.0004661057834312098
20-5049,20-68622,2,0.3130952216547683,False,0.0005028050634516871
20-5049,20-115620,3,0.2540127457723167,False,0.00047502602540796916
20-5049,20-38676,4,0.1845047278085021,False,0.0005026020745988217
20-5049,20-28749,5,0.1769142466912775,False,0.0005272482558121158
20-5049,20-29244,6,0.1762753401732029,False,0.0004846116232582438
20-51119,20-135282,1,0.3881366763331693,True,0.0006131153173113601
20-53038,21-146075,1,0.108462889123814,False,0.003571186149492643
20-54010,23-37461,1,0.281039021365147,False,0.00331747670757711
20-54283,24-39718,1,0.4151785891129402,True,0.0021766216635549815
20-54283,24-31691,2,0.3802085745379656,False,0.002638025804905955
20-54283,24-75502,3,0.3435703800555628,False,0.0028572669258984285
20-54283,24-34987,4,0.2724363042911633,False,0.0035372187284551716
20-54283,23-169673,5,0.1555151549832164,False,0.0006262916633486949
20-54283,23-176813,6,0.1398284851746188,False,0.005615434561896612
20-54283,24-119150,7,0.1296074735695105,False,0.0009910945698036718
20-58079,24-69165,1,0.2722303274325209,False,0.999999999999
20-58079,24-70105,2,0.2335370127025843,False,0.999999999999
20-58079,24-57038,3,0.2311659384706287,False,0.999999999999
20-5957,23-134735,1,0.5068812778426399,True,0.999999999999
20-5957,23-174149,2,0.3749113134634025,False,0.999999999999
20-5957,23-160148,3,0.334878073746614,False,0.999999999999
20-5957,24-81981,4,0.1450991985139529,False,0.999999999999
20-5957,23-104062,5,0.1200984717631656,False,0.999999999999
20-59734,22-92345,1,0.1868068331143232,False,0.013848824864997781
20-60892,20-122198,1,0.5725129079530404,True,0.21200565940415603
20-60892,20-60975,2,0.4559329829172142,False,0.999999999999
20-60892,20-61243,3,0.44,False,0.999999999999
20-61243,20-122198,1,0.5711440949876441,True,0.2119727673846453
20-61243,20-60975,2,0.4545641699518177,False,0.999999999999
20-61728,24-69165,1,0.1890424482825942,False,0.999999999999
20-61728,24-70105,2,0.161927466629052,False,0.999999999999
20-65753,24-81981,1,0.4670772529743694,True,0.999999999999
20-65753,24-102164,2,0.4492826844242161,False,0.999999999999
20-65753,24-122943,3,0.2689650353405809,False,0.999999999999
20-65753,24-130324,4,0.2402199630672563,False,0.999999999999
20-66643,24-75502,1,0.4010092558551231,True,0.0021015700930539873
20-66643,24-39718,2,0.3887077601425617,False,0.002122968337854565
20-66643,24-31691,3,0.3474922317454023,False,0.0021853485797380967
20-66643,24-34987,4,0.2441763566830903,False,0.0031477501337298353
20-66643,24-126812,5,0.2085670908247441,False,0.014584654411676171
20-66643,24-119150,6,0.1723910225167887,False,0.0007712243322447837
20-66643,23-169673,7,0.1591406897636482,False,0.0006039011966819787
20-66643,24-127528,8,0.1289012672917066,False,0.004430918856860579
20-66643,23-176813,9,0.1092993212953527,False,0.00351979055958787
20-67439,23-174244,1,0.109456154368604,False,0.003428177089670064
20-68622,20-115620,1,0.2750608962072898,False,0.0004671869253896357
20-68622,21-8119,2,0.2721221265141931,False,0.0004886297148827273
20-68622,21-15253,3,0.256497900059946,False,0.0004945677840882414
20-68622,21-23456,4,0.2448865978357828,False,0.00046291137149340796
20-68622,20-93913,5,0.2060874482367125,False,0.0005186877707511432
20-68923,24-67770,1,0.3562239038312857,True,0.0008014761988272679
20-68923,24-74429,2,0.3526393489250123,False,0.0006485538093307163
20-68923,24-38551,3,0.327334741848968,False,0.000697212351124405
20-70265,24-69165,1,0.1599967894597099,False,0.999999999999
20-70265,24-70105,2,0.1596211125711782,False,0.999999999999
20-70680,23-106776,1,0.3567724167203963,True,0.999999999999
20-70680,23-43054,2,0.2022210023199764,False,0.999999999999
20-70680,23-30054,3,0.1506210092055679,False,0.999999999999
20-70773,21-113953,1,0.3433670767286957,True,0.003647112206658028
20-70773,21-117615,2,0.3269413211439388,False,0.003588315739892295
20-70773,21-133549,3,0.2455335684701549,False,0.003253983889549281
20-70773,21-76925,4,0.2316689629968903,False,0.003224141486895802
20-70773,21-78563,5,0.2303010827207285,False,0.003266709370697658
20-70773,21-58722,6,0.2196937585339102,False,0.004028601292367139
20-70773,21-159824,7,0.1714427915944887,False,0.0032562029778665015
20-70773,21-165631,8,0.1536482230443354,False,0.003288638447895971
20-70773,21-45622,9,0.1472736330181873,False,0.0033201875936655057
20-70773,21-26465,10,0.089857266797003,False,0.00367101785123029
20-70855,23-94478,1,0.2653888517563894,False,0.004023659424381617
20-70855,23-45575,2,0.2451352963766385,False,0.0032241650944777756
20-70855,23-140453,3,0.1327690813379975,False,0.004643275790952021
20-72064,23-73840,1,0.3045247481384143,False,0.014107983438759238
20-74255,23-96123,1,0.325592724276822,True,0.004108377885573209
20-74255,23-61217,2,0.2637470157633067,False,0.004721302576687853
20-74255,23-22379,3,0.17165825076581,False,0.003234095758175384
20-77272,21-125843,1,0.1922820849759088,False,0.013825814395813972
20-78012,24-75502,1,0.3053382086317582,False,0.003467500243370571
20-78012,24-34987,2,0.2586195388112381,False,0.000690888353029919
20-78012,24-39718,3,0.220891659546788,False,0.003198033532411918
20-78012,24-127528,4,0.1859452729021606,False,0.0006992347012665139
20-78012,24-31691,5,0.1851388514413017,False,0.0037082519137762704
20-78012,24-119150,6,0.1491931796157121,False,0.003648286868455879
20-78012,24-126812,7,0.1284991010201349,False,0.003363793368897391
20-78012,23-176813,8,0.0639429787723278,False,0.005950944073954244
20-78232,21-57326,1,0.164544084706635,False,0.0005555231160666697
20-78232,20-95675,2,0.1480333174690581,False,0.0006019077000002458
20-78232,21-69523,3,0.1288952202125823,False,0.0005794006410542636
20-85492,23-159290,1,0.2620542302106673,False,0.004976742665764995
20-86796,24-75502,1,0.3623762781595386,True,0.0007414356840619241
20-86796,24-39718,2,0.2480627577178732,False,0.0007263402457075441
20-86796,24-119150,3,0.2328409192558495,False,0.0008151805047403534
20-86796,24-31691,4,0.214334826443099,False,0.0014323126478545827
20-86796,24-34987,5,0.1713722874070246,False,0.0034671286705523535
20-86796,24-126812,6,0.1526833768089483,False,0.003346766623217076
20-86796,24-127528,7,0.1415593422619974,False,0.005174820271357176
20-87505,21-24011,1,0.3367753037763877,True,0.0005910077335392862
20-88353,21-13248,1,0.3370402861649347,True,0.004023576693134369
20-88353,21-15299,2,0.3054090851340418,False,0.003243524582589399
20-88353,20-136269,3,0.288507837656527,False,0.0046827294973753675
20-88353,21-26465,4,0.2650104640947138,False,0.003141963648995378
20-88353,21-45622,5,0.257117522512332,False,0.004721894596202843
20-88353,20-118996,6,0.1920312618075088,False,0.0032048705208137566
20-88353,21-58722,7,0.1662940367500241,False,0.003449435546295269
20-88353,21-78563,8,0.111560383649071,False,0.0038467631980743226
20-88353,21-76925,9,0.1091471854064193,False,0.004337297829641766
20-8845,24-81981,1,0.6656657906263688,True,0.999999999999
20-8845,24-102164,2,0.5849058256679808,False,0.999999999999
20-8845,24-122943,3,0.1711386950648448,False,0.999999999999
20-8845,24-130324,4,0.1423936227915202,False,0.999999999999
20-8845,23-174149,5,0.1305063965630533,False,0.999999999999
20-91116,21-29866,1,0.247105471570965,False,0.003612648382958026
20-91116,21-35939,2,0.2278241277718554,False,0.004217654870268978
20-91116,21-36205,3,0.2262037532043574,False,0.004314801218823145
20-91116,20-117677,4,0.2023442560492418,False,0.003738037146960197
20-91116,21-51620,5,0.189166705004643,False,0.003714117349987419
20-91116,21-53968,6,0.1813319627350235,False,0.0036736868658118257
20-91116,20-114714,7,0.1718050006688305,False,0.0032530061883073768
20-91116,20-107502,8,0.1481453311877724,False,0.0032859186518006266
20-91116,21-80765,9,0.1470953383126048,False,0.0005041943330279255
20-91116,21-69124,10,0.1406601293858701,False,0.003897455546786377
20-91116,21-77546,11,0.1211232739531578,False,0.0034893101521089524
20-91116,21-78393,12,0.1167938866814281,False,0.003700505160536418
20-91517,22-39891,1,0.3996573059461853,True,0.008754753261970189
20-91517,22-34888,2,0.3852947373747977,False,0.005961736012250229
20-91517,22-26998,3,0.3783608435266418,False,0.00588786893411806
20-91517,22-39212,4,0.3454104742920374,False,0.003994968885958456
20-91517,22-54446,5,0.3363643897211815,False,0.0058403897552647965
20-91517,22-52027,6,0.2935363238346765,False,0.0033915468581548576
20-91517,22-6934,7,0.2811323838836822,False,0.00046874632743422755
20-91517,21-163566,8,0.2412022390892219,False,0.0004656422761709616
20-91517,21-153479,9,0.2376065796026825,False,0.0005437635012352004
20-91517,21-163822,10,0.2055555238443239,False,0.003701513383092467
20-91517,21-150402,11,0.1892310964606726,False,0.0033950106017241596
20-91517,21-143183,12,0.1733862554677722,False,0.0037963788919709368
20-91517,21-145412,13,0.1524388014400907,False,0.003270598729676563
20-91517,22-94454,14,0.1463954958895537,False,0.0033910445753126597
20-91517,22-102623,15,0.1291369529739827,False,0.003416259774221568
20-91517,22-111359,16,0.125856550039199,False,0.004069336045369836
20-91517,22-108057,17,0.1162326629635844,False,0.003379097145780768
20-91517,22-118191,18,0.1071367657887899,False,0.004667083932132118
20-91517,21-122032,19,0.0811417486184779,False,0.003756635881331748
20-93634,24-47243,1,0.3385539888864532,True,0.023378567323541398
20-95675,21-57326,1,0.2219376253195675,False,0.00051834279939505
20-95675,21-69523,2,0.186274224768223,False,0.0005274199639802041
20-98214,24-75502,1,0.4366162943495401,True,0.056162973969934644
20-98214,24-119150,2,0.2720242102906356,False,0.0008306699699827252
20-98214,24-39718,3,0.2616360052562417,False,0.009476714804967172
20-98214,24-31691,4,0.2342597459483136,False,0.009682534613790773
20-98214,24-127528,5,0.1834638750196143,False,0.00402133250691685
20-98214,24-126812,6,0.1813315812527376,False,0.0138739112648353
20-98214,24-34987,7,0.1238414367060884,False,0.014313291255675726
20-98264,24-75502,1,0.4366162943495401,True,0.056162973969934644
20-98264,24-119150,2,0.2720242102906356,False,0.0008306699699827252
20-98264,24-39718,3,0.2616360052562417,False,0.009476714804967172
20-98264,24-31691,4,0.2342597459483136,False,0.009682534613790773
20-98264,24-127528,5,0.1834638750196143,False,0.00402133250691685
20-98264,24-126812,6,0.1813315812527376,False,0.0138739112648353
20-98264,24-34987,7,0.1238414367060884,False,0.014313291255675726
21-10110,21-21301,1,0.4750963644327637,True,0.999999999999
21-10110,21-42477,2,0.2755429113452654,False,0.0010048763606313037
21-102565,25-73368,1,0.1525738244216183,False,0.003915902029432543
21-103501,25-73811,1,0.313119681465941,False,0.0006738200960283456
21-103501,25-91547,2,0.313119681465941,False,0.0006738200960283456
21-103501,25-101388,3,0.3114655538683769,False,0.000676182255911314
21-103501,25-100736,4,0.27257866144187,False,0.0006328430992196516
21-103501,25-98193,5,0.2566622841896931,False,0.0038271012398267213
21-103501,25-47175,6,0.2239006381214205,False,0.0006067115837717576
21-103501,25-30804,7,0.2060669555328534,False,0.0007000368613967352
21-105103,21-121452,1,0.1577058157474876,False,0.0005195913513885345
21-111036,24-55286,1,0.1749072625253903,False,0.00953519362617233
21-115415,23-140453,1,0.437744775614219,True,0.0028209159447754218
21-115415,23-94478,2,0.2463619415848444,False,0.003986725833379953
21-115415,23-45575,3,0.1375835895690993,False,0.003299098712833887
21-116891,26-28296,1,0.3827312769382639,True,0.999999999999
21-116891,26-6662,2,0.375492888472925,False,0.999999999999
21-116891,25-129489,3,0.3124937805124342,False,0.999999999999
21-116891,25-121114,4,0.278273456377524,False,0.999999999999
21-116891,25-111645,5,0.247008512733899,False,0.999999999999
21-116891,25-80306,6,0.1313741825516262,False,0.999999999999
21-117127,23-171265,1,0.1844798593351111,False,0.0033329697932888568
21-117209,22-49221,1,0.3405611395165098,True,0.0005818633925234651
21-117209,22-7862,2,0.2914489431284178,False,0.00046613644715594635
21-117209,22-69543,3,0.2374610292700567,False,0.0006104862510251853
21-117466,22-2872,1,0.2313389367918219,False,0.0011598426881465485
21-122032,25-143446,1,0.3079644590758492,False,0.0032058031465722245
21-122032,25-134329,2,0.2801795870270009,False,0.0031562556788312904
21-122032,26-33573,3,0.2166146363570421,False,0.003184021269984576
21-122032,26-43788,4,0.1705576239926044,False,0.0034328948480948783
21-122032,25-90009,5,0.1666769956804744,False,0.0007075276908819928
21-122032,26-60185,6,0.1121998204787302,False,0.0033987927899813133
21-122276,25-73914,1,0.1743125575126487,False,0.005767618255101903
21-124087,25-124007,1,0.5464906615157775,True,0.999999999999
21-124087,25-137684,2,0.503439746718279,False,0.999999999999
21-124087,26-25929,3,0.0829222205694609,False,0.0037263999865204756
21-125738,21-161861,1,0.798017656915621,True,0.999999999999
21-126684,26-28296,1,0.1625635073065284,False,0.999999999999
21-12893,23-66104,1,0.432255572710955,True,0.999999999999
21-12893,23-90833,2,0.3401732326802246,False,0.999999999999
21-12893,22-162095,3,0.1420739800207411,False,0.999999999999
21-129937,25-82602,1,0.2757776881404726,False,0.0006949454682616595
21-129937,25-122865,2,0.265422341589319,False,0.00453402077353897
21-13248,22-47598,1,0.2793144810629454,False,0.0031540417360732304
21-13248,21-165631,2,0.2195074900386351,False,0.003268028099349323
21-13248,21-159824,3,0.2017129214884819,False,0.0032831132515125597
21-13248,21-133549,4,0.1787947916209384,False,0.0048283402448923
21-13248,21-117615,5,0.0737099786568489,False,0.004046131803536803
21-133662,23-161829,1,0.2986635080427727,False,0.0037228392868749703
21-134527,22-19646,1,0.2619776609724047,False,0.0020217925099881833
21-134527,21-157771,2,0.1690665106875895,False,0.0005762544834446608
21-13474,25-45593,1,0.3438700258846373,True,0.0007197378808718256
21-13474,25-90009,2,0.3249576606994708,False,0.0023204161203846034
21-13474,25-62715,3,0.3182078251163766,False,0.0005607869821016482
21-138925,21-147552,1,0.4580091705842004,True,0.9999768211339483
21-141754,23-29518,1,0.1579478756022777,False,0.002103868906031596
21-143183,25-134329,1,0.5723751219769344,True,0.999999999999
21-143183,26-33573,2,0.4098348055910079,False,0.999999999999
21-143183,25-90009,3,0.2789082260955753,False,0.005547402852321949
21-143183,25-143446,4,0.2510660664592906,False,0.0033335222682125804
21-143183,25-62715,5,0.1906235529410166,False,0.0005748773105937746
21-143328,26-23151,1,0.4057154911486461,True,0.0021670828344117843
21-143444,26-23151,1,0.4057154911486461,True,0.0021670828344117843
21-145116,23-180779,1,0.2712716098699025,False,0.999999999999
21-145116,23-168051,2,0.2272010960458624,False,0.999999999999
21-14518,24-30786,1,0.2578092016295009,False,0.0036434151254171408
21-14518,23-138104,2,0.1498008402333034,False,0.005122083362765213
21-145412,23-144303,1,0.3110999995882914,False,0.003191109814976976
21-145412,23-144516,2,0.3067534785451576,False,0.0031999737838725043
21-145412,23-169673,3,0.3014329983124504,False,0.00046508385165178873
21-145412,23-132830,4,0.2732197688105569,False,0.0034646530426927355
21-145412,23-125766,5,0.269350436199247,False,0.003283762939779089
21-145412,23-176813,6,0.2555859004439694,False,0.0031743961967590903
21-145412,23-102643,7,0.1846991915938804,False,0.0032452099664111167
21-145412,24-39718,8,0.1323643073684991,False,0.003664839992077619
21-145412,24-31691,9,0.1309224106847605,False,0.0036122378917224363
21-145412,24-34987,10,0.1215105917004697,False,0.003629670389142403
21-145412,23-76010,11,0.1196704343445291,False,0.003498593848723029
21-148535,22-49146,1,0.3075459231556265,False,0.0004802306989140545
21-148611,23-117420,1,0.3429306809278803,True,0.999999999999
21-148611,23-120222,2,0.3349691084814279,False,0.999999999999
21-148611,23-154026,3,0.281585402830968,False,0.999999999999
21-148611,23-93496,4,0.2591343444696677,False,0.999999999999
21-148611,23-169082,5,0.2336508979413053,False,0.999999999999
21-150402,25-134329,1,0.3469700332414188,True,0.0007422634052501718
21-150402,25-143446,2,0.2518848527993757,False,0.0035360316101535998
21-150402,25-90009,3,0.2204224443650989,False,0.003825028301903772
21-150402,26-33573,4,0.1921990365909597,False,0.0006986221650545969
21-150402,25-62715,5,0.1672118385018537,False,0.0006229921044670313
21-150402,26-43788,6,0.1492349383119335,False,0.0007775515676346788
21-150948,25-97524,1,0.2687078405606657,False,0.0028557884619437764
21-152470,24-59713,1,0.0730644993871083,False,0.004163141347891463
21-15253,21-23456,1,0.115514673674989,False,0.0022222183410459573
21-153479,22-52027,1,0.3586514429925012,True,0.0006997142898487632
21-153479,22-54446,2,0.3488917436256809,False,0.0005918609331847085
21-153479,22-39891,3,0.3434015272915948,False,0.0009144091046600236
21-153479,22-34888,4,0.301313836794822,False,0.0006049648382903464
21-153479,22-39212,5,0.2953998484724746,False,0.0005159264374994338
21-153479,22-26998,6,0.2882483335423363,False,0.0006644516586634562
21-153479,22-94454,7,0.2834148377995443,False,0.0004902250903227665
21-153479,22-111359,8,0.2624232283624397,False,0.0005711172652699119
21-153479,22-102623,9,0.2622357742852914,False,0.0004689159236784183
21-153479,22-108057,10,0.2470479251868778,False,0.0004643463317769228
21-153479,22-118191,11,0.2277890872132827,False,0.0005003872256879979
21-153479,22-6934,12,0.1698419011251983,False,0.0006594588417821222
21-153479,22-133794,13,0.1586807658540729,False,0.0004908395082563073
21-153479,21-163822,14,0.1377893338840083,False,0.0005258642632521481
21-153479,21-163566,15,0.1278788532699141,False,0.0006598844023566118
21-156075,25-74452,1,0.1069883997185331,False,0.0039335334064810904
21-156075,25-65174,2,0.0780577870480092,False,0.004513092088251156
21-156574,25-98193,1,0.3619903903406413,True,0.029176062777424485
21-156574,25-101388,2,0.3514811996518186,False,0.0012655392386020225
21-156574,25-100736,3,0.3079996119711749,False,0.0007287783222387008
21-156574,25-91547,4,0.239585300088628,False,0.0005392273421069577
21-156574,25-73811,5,0.1820951555419788,False,0.0005614616439053176
21-157771,22-19646,1,0.1894305738063951,False,0.002063747150995391
21-159824,23-6398,1,0.2676499638581858,False,0.0031778046328094717
21-159824,22-118151,2,0.1936641771039565,False,0.0032860740102277
21-159824,23-42778,3,0.1522873870724765,False,0.0037640376400296053
21-159824,23-65504,4,0.0927933091445345,False,0.004108961421122358
21-162690,23-159290,1,0.120017174140788,False,0.0043120594924860225
21-163566,22-6934,1,0.4241701279888138,True,0.46878158535325143
21-163566,22-94454,2,0.2880813268869798,False,0.000557937567576613
21-163566,22-102623,3,0.2867140048566672,False,0.0006081307642477277
21-163566,22-108057,4,0.2686671782222132,False,0.0006216313218873493
21-163566,22-54446,5,0.2657550007366938,False,0.0005361053020419669
21-163566,22-52027,6,0.2623891250905841,False,0.0005227671716327935
21-163566,22-111359,7,0.2486731007077756,False,0.0006830148890857985
21-163566,22-118191,8,0.2287830793893393,False,0.0007820203357518902
21-163566,22-39891,9,0.2271100149931735,False,0.0005472433203331232
21-163566,22-39212,10,0.2241271301635686,False,0.0005968665119741113
21-163566,22-34888,11,0.2150575744352879,False,0.0005796449785331658
21-163566,22-26998,12,0.1949737224172115,False,0.0005705558009924852
21-163566,22-133794,13,0.1833210336897168,False,0.0005968528812168412
21-163566,22-153504,14,0.1311281088507412,False,0.0005209390026691419
21-163566,22-154717,15,0.1279161867596385,False,0.0005199392752566756
21-163566,22-157410,16,0.1062335133902426,False,0.0006846986473165939
21-163566,21-163822,17,0.0961499206982383,False,0.0009106643868705811
21-163822,25-45593,1,0.2537151019977683,False,0.003212296558503833
21-163822,25-62715,2,0.2210258293506716,False,0.0004980341051019002
21-163822,24-127528,3,0.1759842830054682,False,0.0032464853994153007
21-163822,24-126812,4,0.1606778225037175,False,0.0033929098960881615
21-163822,24-119150,5,0.1311728612719363,False,0.003591327236563896
21-163822,25-90009,6,0.1096620572399647,False,0.003436595624856748
21-165631,23-6398,1,0.2854445324083391,False,0.0031837183090357183
21-165631,22-118151,2,0.1758696085538032,False,0.00330893242402556
21-165631,23-42778,3,0.1700819556226298,False,0.003730474575725856
21-165631,23-65504,4,0.1105878776946878,False,0.003996990348876827
21-17328,24-28797,1,0.2990494962768287,False,0.013947802113683216
21-21301,21-42477,1,0.2426914001757515,False,0.0010274564529001644
21-23456,22-163107,1,0.2114454664914586,False,0.013760592668336583
21-23641,24-28797,1,0.2990494962768287,False,0.013947802113683216
21-23645,25-24896,1,0.3194678055190539,False,0.0020373200396678255
21-23645,25-7967,2,0.2776814619652341,False,0.003564803018449857
21-23645,24-100737,3,0.1274137117596973,False,0.004203986210772292
21-24037,21-117209,1,0.3270528757381575,True,0.0005878887122215816
21-24037,21-71956,2,0.2366755638145533,False,0.00048164839238728856
21-24037,21-53976,3,0.1789273309786585,False,0.000694208457469293
21-24037,21-51989,4,0.1755237759874984,False,0.0006442052327965198
21-24037,22-7862,5,0.1381933123301446,False,0.0008832057367775544
21-24367,23-130718,1,0.1806236899479571,False,0.999999999999
21-25043,24-77664,1,0.2936922474825329,False,0.003634341191349544
21-25617,22-54720,1,0.3578168190239611,True,0.999999999999
21-25617,22-77622,2,0.3529782729544152,False,0.999999999999
21-25617,22-83128,3,0.3412228864320348,False,0.999999999999
21-25617,22-60784,4,0.3051405978191428,False,0.999999999999
21-25617,22-43134,5,0.2575931439513425,False,0.999999999999
21-26779,25-129489,1,0.3767638965472759,True,0.999999999999
21-26779,25-121114,2,0.3425435724123657,False,0.999999999999
21-26779,26-6662,3,0.3224517893261502,False,0.999999999999
21-26779,25-111645,4,0.3065760148956524,False,0.999999999999
21-26779,26-28296,5,0.242030235030211,False,0.999999999999
21-26779,25-80306,6,0.190585432290363,False,0.999999999999
21-30471,22-113250,1,0.3095877872182794,False,0.0007732172267231434
21-30471,22-19299,2,0.2314075850976931,False,0.005569272791569705
21-32441,21-96695,1,0.1859809470829792,False,0.000550067074701494
21-34147,22-113250,1,0.3095877872182794,False,0.0007732172267231434
21-34147,22-19299,2,0.2314075850976931,False,0.005569272791569705
21-35440,24-28797,1,0.2374529128339903,False,0.013709408080418425
21-37673,25-82602,1,0.1527481909406527,False,0.004934397369793228
21-39936,24-74340,1,0.3150058015309579,False,0.0033613629095510596
21-40300,23-75513,1,0.4439168593418209,True,0.16230337286052685
21-40444,25-63519,1,0.2145209382177721,False,0.004101911861781814
21-41109,21-129937,1,0.3331559351730179,True,0.002072282835478257
21-41109,21-152470,2,0.2751154666163181,False,0.0005157342870850554
21-41109,22-13674,3,0.1717176839909933,False,0.0007360567507418022
21-41109,22-41834,4,0.0996606177357305,False,0.0007842414146123152
21-42540,22-113250,1,0.3339264026517342,True,0.0008123196951112159
21-42540,22-19299,2,0.2032952200819444,False,0.005087771139169243
21-43310,25-73914,1,0.162701728843589,False,0.007613880411986031
21-44911,23-72834,1,0.2496249323633256,False,0.999999999999
21-45579,23-38908,1,0.374036130790649,True,0.0006553996013307534
21-45579,23-37068,2,0.3271223874346303,False,0.0035532015961386113
21-45579,23-34705,3,0.3199184297257074,False,0.0035315710245266783
21-45579,23-58292,4,0.2935947230053425,False,0.0032216983781479273
21-45579,23-102643,5,0.2610887753261518,False,0.007170304265733561
21-45579,23-76010,6,0.24077776514623,False,0.0031989762327957623
21-45579,22-153504,7,0.1748548201637462,False,0.004293676758164593
21-45579,22-165917,8,0.1652062135683025,False,0.0035287643398763976
21-45579,22-157410,9,0.1423801774026395,False,0.003835186420712543
21-45579,22-154717,10,0.1419722018852841,False,0.0032831234823425303
21-45579,23-125766,11,0.0894174939959916,False,0.003645263031664465
21-45579,23-132830,12,0.0797946041101423,False,0.0039012065366580795
21-45579,22-133794,13,0.0660814045262027,False,0.0049039150051225855
21-46780,21-150948,1,0.2579851073149365,False,0.013704734672755407
21-46780,21-86348,2,0.1847413901421143,False,0.0031996541901018073
21-46780,21-88699,3,0.1731187034603591,False,0.013915682347787839
21-46780,21-51020,4,0.0738403679381943,False,0.004634249396146918
21-47350,24-47243,1,0.3113684721452819,False,0.003189256064514967
21-48340,24-39718,1,0.3239387164266115,True,0.0032887419829210154
21-48340,24-34987,2,0.2828527167442579,False,0.0036042213574050044
21-48340,24-31691,3,0.2734305688653964,False,0.0035782690644894383
21-48340,23-176813,4,0.2273325459700228,False,0.0006637467434874453
21-48340,24-75502,5,0.2159930792943703,False,0.003584603071904934
21-48340,23-169673,6,0.1697021133972492,False,0.0005350802629851634
21-48340,23-144303,7,0.0731154798472568,False,0.004157681338891669
21-48340,23-144516,8,0.071193828049348,False,0.00421748227477064
21-51020,25-24896,1,0.2838786684187472,False,0.002019717308456876
21-51020,25-7967,2,0.2010279359030352,False,0.0035877106781165694
21-51020,25-97524,3,0.1217775757883904,False,0.004707047604412303
21-54745,21-96695,1,0.0695329185843609,False,0.00436588517642493
21-57207,25-30282,1,0.3245664506005157,True,0.999999999999
21-57207,25-25051,2,0.3067718820503623,False,0.999999999999
21-57207,25-80306,3,0.2789405962426842,False,0.999999999999
21-57207,25-111645,4,0.1612508486575188,False,0.999999999999
21-57207,24-130324,5,0.1610737784632584,False,0.999999999999
21-57207,24-122943,6,0.1328214788574765,False,0.999999999999
21-57326,21-69523,1,0.4710973203091851,True,0.9999968998567583
21-57326,21-146611,2,0.3385650269418518,False,0.0005441312345003935
21-57326,21-156075,3,0.2974444115351036,False,0.0007403992909887152
21-58722,24-74429,1,0.2977274900131572,False,0.004231707310174172
21-58722,24-67770,2,0.2934508407675443,False,0.003149184566732268
21-58722,24-38551,3,0.2500451097610028,False,0.0050764343244854545
21-60721,21-145412,1,0.3365089595403219,True,0.0006009740304230591
21-60721,21-150402,2,0.3311103344995967,False,0.0005922771297403661
21-60721,21-143183,3,0.3296786977833376,False,0.0005515718149122234
21-60721,21-153479,4,0.3255722588871484,False,0.0005496728782605577
21-60721,21-163566,5,0.2895403845345102,False,0.0007008561030304333
21-60721,21-163822,6,0.2871145952300996,False,0.0005903336103571839
21-60721,21-122032,7,0.2644652103043853,False,0.0007603423135955386
21-60721,22-6934,8,0.2468443891296286,False,0.0007356929702435937
21-60721,22-26998,9,0.1929332555681219,False,0.0005535082274564801
21-60721,21-96114,10,0.1903460917896041,False,0.0005509190792042421
21-60721,21-97876,11,0.1869827601827539,False,0.0007063950518747668
21-60721,21-92788,12,0.1743906423849836,False,0.0006316291718470661
21-60721,22-34888,13,0.172542226530265,False,0.0005568586787780453
21-60721,21-85842,14,0.1656508466596361,False,0.0005188236076929568
21-60721,22-39891,15,0.1647959295460668,False,0.0005141472351731812
21-60721,22-39212,16,0.1599792830118523,False,0.0006846098707759194
21-60721,21-85552,17,0.157908914904046,False,0.0005871718456700403
21-60721,21-78352,18,0.1392839202721401,False,0.000628099798754365
21-60721,21-76634,19,0.137980989473734,False,0.0005828709578934335
21-60721,21-76081,20,0.1302708080526289,False,0.0008250640798985349
21-60721,22-52027,21,0.1260795991902328,False,0.0006215045521140301
21-60721,22-54446,22,0.1215050669302964,False,0.0006450627469986565
21-69523,21-156075,1,0.3343881201314308,True,0.0007611293451524251
21-69523,21-146611,2,0.315233403111107,False,0.0005336640823710699
21-69590,21-148591,1,0.3721120165600555,True,0.000587284169455275
21-69590,22-12003,2,0.3072866852996916,False,0.0005801855236223247
21-71956,22-7862,1,0.2842946264420022,False,0.0004894255438792207
21-71956,21-117209,2,0.2634595411617383,False,0.0005450320440261069
21-71956,22-49221,3,0.2427225074133467,False,0.0008648812471797777
21-71956,22-69543,4,0.1099671170527464,False,0.000820902493731661
21-7561,24-126812,1,0.3490676498691835,True,0.015254457755081817
21-7561,25-45593,2,0.2785540187454803,False,0.0007156830724461691
21-7561,24-127528,3,0.257475014895686,False,0.0036839333479920947
21-7561,25-62715,4,0.2570118287941556,False,0.0012659263945606267
21-7561,24-119150,5,0.2482453284688819,False,0.0007958109215376581
21-76081,25-62715,1,0.3537297434206372,True,0.0005303029842046518
21-76081,25-45593,2,0.3150195232816858,False,0.0007989533902261408
21-76081,25-90009,3,0.2978224844572547,False,0.0006539769833653165
21-76634,23-176813,1,0.3244511162398,True,0.31521766710786836
21-76634,24-75502,2,0.2954506375315034,False,0.0032122235728894322
21-76634,24-39718,3,0.2382947229435197,False,0.0031590057000458523
21-76634,24-34987,4,0.210904763101936,False,0.003547782456128506
21-76634,24-31691,5,0.2016971885548546,False,0.0035204579327099976
21-76634,24-126812,6,0.1859296526716135,False,0.006525487728023521
21-76634,23-169673,7,0.1512994605394209,False,0.0008549381058157891
21-76634,24-127528,8,0.1323755389269774,False,0.0035776542184707406
21-76634,24-119150,9,0.130976404583793,False,0.004268904222106593
21-78101,22-171933,1,0.6069823512284945,True,0.999999999999
21-78101,23-93496,2,0.3440007483242451,False,0.999999999999
21-78101,23-117420,3,0.2936534141736097,False,0.999999999999
21-78101,23-120222,4,0.2665284602116075,False,0.999999999999
21-78101,23-154026,5,0.1775556174608409,False,0.999999999999
21-78101,23-169082,6,0.1296211125711782,False,0.999999999999
21-78352,25-134329,1,0.3740097345580265,True,0.999999999999
21-78352,25-62715,2,0.3586994649049485,False,0.00047833233312436543
21-78352,25-45593,3,0.2724898911535129,False,0.0032322792326427187
21-78352,25-90009,4,0.2633106738923416,False,0.003325854195344902
21-80765,21-111863,1,0.1811322604283175,False,0.0004981960791124199
21-8119,22-35904,1,0.2459687305154506,False,0.004095499674626819
21-85552,25-90009,1,0.404946630746164,True,0.002283112564186442
21-85552,25-62715,2,0.3478571036103748,False,0.00048770502155592177
21-85552,25-45593,3,0.2921160121248899,False,0.0007426360304720593
21-85552,25-134329,4,0.0895527314931333,False,0.003856447860043264
21-85842,25-90009,1,0.3835192633729183,True,0.002168022050784123
21-85842,25-62715,2,0.3214600203992564,False,0.0004805286372140698
21-85842,25-45593,3,0.3003597227315928,False,0.0006476226105196934
21-85842,25-134329,4,0.0889821818917195,False,0.004890883080897973
21-86348,25-97524,1,0.1646780551905387,False,0.0030286479052475603
21-86403,26-23151,1,0.7182704828779092,True,0.999999999999
21-87461,23-154026,1,0.4250087816185461,True,0.999999999999
21-87461,23-120222,2,0.3469864425909508,False,0.999999999999
21-87461,23-117420,3,0.3258422314249584,False,0.999999999999
21-87461,23-169082,4,0.3153523442176641,False,0.999999999999
21-87461,23-93496,5,0.1926890923662457,False,0.999999999999
21-87461,24-43365,6,0.1834497206201129,False,0.999999999999
21-88699,25-97524,1,0.1725249791460331,False,0.0007953085576886298
21-92788,22-6934,1,0.3508214368773179,True,0.0004688457017334909
21-92788,21-163822,2,0.3234945561612246,False,0.0004771553659484971
21-92788,21-163566,3,0.3180653535104197,False,0.00048422839712259253
21-92788,21-153479,4,0.2986344943503943,False,0.0004619263291211115
21-92788,22-26998,5,0.2980938815236412,False,0.0004683345198019432
21-92788,22-39212,6,0.2917922023395373,False,0.0005704002116589079
21-92788,21-150402,7,0.2860621588767882,False,0.0004593831937787103
21-92788,22-34888,8,0.2724896159810132,False,0.00046134886809423337
21-92788,21-145412,9,0.2689037838649936,False,0.00046014639562455274
21-92788,22-39891,10,0.2685278745843888,False,0.0004749337427774912
21-92788,21-143183,11,0.2644141702154841,False,0.0004638907943339682
21-92788,22-54446,12,0.2354616073648708,False,0.0004967014110113696
21-92788,22-52027,13,0.2253568074950461,False,0.00046569763982215977
21-92788,21-122032,14,0.1862971395680058,False,0.0005270852366712542
21-92788,21-96114,15,0.1134505344565796,False,0.0005424148657574598
21-92788,21-97876,16,0.1128247800225121,False,0.0005456917551452189
21-96114,25-90009,1,0.3181379404056214,False,0.0034786994575678894
21-96114,25-62715,2,0.3025532779584434,False,0.00045881637448951646
21-96114,25-45593,3,0.206103144650251,False,0.003269528509523313
21-96114,25-134329,4,0.1890035540908453,False,0.0006860597017276277
21-96114,25-143446,5,0.1501986219404666,False,0.005614971164430763
21-97876,25-134329,1,0.4207457469126779,True,0.999999999999
21-97876,25-90009,2,0.2975994367210522,False,0.003155159532974075
21-97876,25-62715,3,0.2916683186079805,False,0.0004971493792823447
21-97876,25-45593,4,0.2082392124530075,False,0.0032142500915375246
21-97876,25-143446,5,0.0913271448482451,False,0.0035842650911921113
21-99109,23-149615,1,0.3044108628996934,False,0.0020247228956758677
21-99109,24-24412,2,0.1750026695716144,False,0.004647042927404196
22-102623,25-90009,1,0.3131111732933875,False,0.0031809638858229555
22-102623,25-62715,2,0.2908006260443124,False,0.00045898795367993185
22-102623,25-45593,3,0.2011200146473405,False,0.0031794747210215106
22-102623,25-134329,4,0.1287202726928178,False,0.00462811349253651
22-102623,25-143446,5,0.0947070867065034,False,0.004262373281489932
22-105384,24-74022,1,0.4855823707191132,True,0.999999999999
22-105384,24-55627,2,0.4633684258378955,False,0.999999999999
22-105384,24-43365,3,0.4209352239106069,False,0.999999999999
22-108057,26-60185,1,0.2451748010235713,False,0.003942553177721992
22-108057,26-43788,2,0.1821331582515403,False,0.0035817036485100593
22-108057,26-33573,3,0.1431596494879735,False,0.003585967387192007
22-111359,26-60185,1,0.2752994090703776,False,0.004003547157768604
22-111359,26-43788,2,0.1653596357256498,False,0.0034253198129024593
22-111359,26-33573,3,0.12227507274974,False,0.0038340004116155916
22-113250,23-2072,1,0.249586204981744,False,0.000897672580944646
22-114884,26-55852,1,0.2732325886990802,False,0.999999999999
22-118191,26-60185,1,0.2251498196837331,False,0.0031730104965737734
22-118191,26-43788,2,0.1621685313434612,False,0.003289623919490663
22-118191,26-33573,3,0.1381196246691557,False,0.0037915509782118304
22-122955,23-34018,1,0.4232742957227547,True,0.0009318276296052503
22-122955,23-23775,2,0.3958980364148265,False,0.0008866642897253216
22-133794,26-60185,1,0.1737351092458895,False,0.003216157373639421
22-133794,26-43788,2,0.1053012119666752,False,0.0034397968557879884
22-135583,24-36186,1,0.1526598923651934,False,0.999999999999
22-135583,24-37419,2,0.1499222664344005,False,0.999999999999
22-13674,23-39978,1,0.451899967865366,True,0.5886647991478388
22-13674,23-93422,2,0.3184946322591372,False,0.0033756032330614634
22-13674,23-31575,3,0.1617540259206365,False,0.003346601110085691
22-138409,22-154906,1,0.4835015476122548,True,0.999988159522097
22-141594,26-65847,1,0.2330767160208505,False,0.999999999999
22-142509,26-60182,1,0.289656939958708,False,0.999999999999
22-142509,26-56462,2,0.2703406666807234,False,0.999999999999
22-145122,22-150892,1,0.1390940143864002,False,0.0005293591901559243
22-150236,23-117688,1,0.2102523051625798,False,0.00046998348022878116
22-153504,26-60185,1,0.4040829154669955,True,0.999999999999
22-154717,26-60185,1,0.3955738973847559,True,0.999999999999
22-156333,26-60182,1,0.1774358420305525,False,0.999999999999
22-156333,26-56462,2,0.1755714856404052,False,0.999999999999
22-157410,26-60185,1,0.0922922456692771,False,0.0035627455959689283
22-171933,24-74022,1,0.5334908245079876,True,0.999999999999
22-171933,24-55627,2,0.5112768796267698,False,0.999999999999
22-171933,24-43365,3,0.4688436776994811,False,0.999999999999
22-17294,22-114884,1,0.319886114761279,False,0.999999999999
22-17294,22-73557,2,0.252814279456855,False,0.999999999999
22-20320,26-28296,1,0.3651449126984064,True,0.999999999999
22-20320,26-6662,2,0.178784494086728,False,0.999999999999
22-21573,26-20284,1,0.426558270823239,True,0.999999999999
22-21573,26-9688,2,0.3731942065482858,False,0.999999999999
22-21573,25-137164,3,0.3529120632082586,False,0.999999999999
22-21573,25-134888,4,0.2996017403404408,False,0.999999999999
22-21573,25-135711,5,0.2994058826540388,False,0.999999999999
22-21573,26-56462,6,0.278353954955846,False,0.999999999999
22-21573,26-60182,7,0.2129156682861703,False,0.999999999999
22-22098,25-53206,1,0.2912861721745822,False,0.0046541537710105925
22-22098,25-73914,2,0.2628473271266219,False,0.005722569565014823
22-26998,25-143446,1,0.3455513860528084,True,0.009189442893074837
22-26998,26-33573,2,0.2769620793865306,False,0.0031502909716012517
22-26998,26-43788,3,0.2346061817605011,False,0.0031891151920613627
22-26998,25-134329,4,0.2181593840594302,False,0.003163953355637349
22-26998,26-60185,5,0.1683859788699201,False,0.0032669949365326696
22-28144,26-68497,1,0.2747205734169786,False,0.999999999999
22-29878,26-28296,1,0.2367717035725382,False,0.999999999999
22-32770,26-28296,1,0.3645947198447952,True,0.999999999999
22-32770,26-6662,2,0.3229674437705092,False,0.999999999999
22-32770,25-129489,3,0.2781197574307606,False,0.999999999999
22-32770,25-121114,4,0.2438994332958504,False,0.999999999999
22-32770,25-111645,5,0.180067557873676,False,0.999999999999
22-32913,25-72941,1,0.1839553219448094,False,0.002069378929381459
22-34888,25-62715,1,0.2801687010686191,False,0.00061341264119808
22-34888,25-45593,2,0.2646053294932225,False,0.003213032240535571
22-34888,24-126812,3,0.2176968116224091,False,0.005611286408281832
22-34888,25-90009,4,0.1754097711329325,False,0.005083047209333659
22-34888,24-127528,5,0.1637929543225036,False,0.0032556250758693163
22-34888,24-119150,6,0.116140463788453,False,0.004259579626588849
22-35904,22-163107,1,0.1849399534648266,False,0.004445523765146403
22-39212,26-33573,1,0.2988052319430645,False,0.003423412561365495
22-39212,26-43788,2,0.268105080743145,False,0.00314485895873063
22-39212,25-143446,3,0.2101964978732112,False,0.003626734032208904
22-39212,26-60185,4,0.2040907456034847,False,0.0031765092682358763
22-39212,25-134329,5,0.1738270265756983,False,0.003777578864944197
22-39891,25-143446,1,0.3143970535468008,False,0.009291585487037441
22-39891,26-33573,2,0.3131696358549434,False,0.003181276172019375
22-39891,26-43788,3,0.2697977811031943,False,0.003143543495864581
22-39891,26-60185,4,0.2019138283084258,False,0.0031934470729893657
22-39891,25-134329,5,0.1896568043327819,False,0.0032111420091294925
22-40744,26-28296,1,0.1930640971219839,False,0.999999999999
22-41834,23-31575,1,0.108670608848007,False,0.0022628677580241066
22-42168,26-31691,1,0.383899545942086,True,0.999999999999
22-42168,26-65847,2,0.2655191304569851,False,0.999999999999
22-47598,22-118151,1,0.3270334017149095,True,0.004380606972917777
22-47598,23-6398,2,0.2230904454049472,False,0.00405296754121354
22-47598,23-42778,3,0.107501098208125,False,0.004494327996432736
22-48008,23-75513,1,0.286618761661486,False,0.0038781897537058445
22-48493,22-143552,1,0.3428361419230942,True,0.0009066741555143834
22-48708,26-60182,1,0.2946344564187879,False,0.999999999999
22-48708,26-56462,2,0.2834025916269225,False,0.999999999999
22-51225,23-63313,1,0.2425789965864527,False,0.003910710402742138
22-51225,23-5727,2,0.0898238152890824,False,0.003603671240579112
22-51760,25-925,1,0.2212176960140166,False,0.999999999999
22-51760,24-131094,2,0.155514673674989,False,0.999999999999
22-52027,26-43788,1,0.3128319611945833,False,0.0032218191940223797
22-52027,26-33573,2,0.3084905055181988,False,0.003198947286335763
22-52027,26-60185,3,0.2617337922413635,False,0.0035468892768261233
22-52027,25-143446,4,0.2027119939172364,False,0.0034033332885016728
22-52027,25-134329,5,0.1494307249432306,False,0.003268707946826726
22-53631,25-925,1,0.2515340037143555,False,0.999999999999
22-53631,24-131094,2,0.1858309813753279,False,0.999999999999
22-54446,26-43788,1,0.3153740294130282,False,0.0032094548731900273
22-54446,26-33573,2,0.2990375422534352,False,0.0033304359248994917
22-54446,26-60185,3,0.2480850776840787,False,0.0031681167603321105
22-54446,25-143446,4,0.2333118048612521,False,0.0007050854172060408
22-54446,25-134329,5,0.1360704518215196,False,0.0036257400244039412
22-54720,23-56040,1,0.3900938298808295,True,0.999999999999
22-54720,23-137663,2,0.1841265537826522,False,0.999999999999
22-54720,23-139972,3,0.1553701598372892,False,0.999999999999
22-63296,24-69165,1,0.2876444488698575,False,0.999999999999
22-63296,24-57038,2,0.2465800599079653,False,0.999999999999
22-63296,24-70105,3,0.2177796072243644,False,0.999999999999
22-68396,25-111133,1,0.2720560106923053,False,0.999999999999
22-69242,26-56462,1,0.349172865937647,True,0.999999999999
22-69242,26-60182,2,0.3380699081665165,False,0.999999999999
22-69242,26-20284,3,0.2816457254123944,False,0.999999999999
22-69242,26-9688,4,0.2418475269373025,False,0.999999999999
22-69242,25-137164,5,0.2017498926056532,False,0.999999999999
22-69242,25-134888,6,0.1899505860599136,False,0.999999999999
22-69242,25-135711,7,0.1716029284535324,False,0.999999999999
22-6934,22-94454,1,0.328435597279589,True,0.0005881252539313297
22-6934,22-102623,2,0.3272993101457006,False,0.0006429815326208783
22-6934,22-108057,3,0.3092951072817166,False,0.0006507525267472004
22-6934,22-111359,4,0.2894413915546331,False,0.0007121620283987218
22-6934,22-118191,5,0.2696741497628012,False,0.0008129603248898075
22-6934,22-54446,6,0.2238210720200631,False,0.0005614426537909113
22-6934,22-133794,7,0.2237987371847246,False,0.0006114889379259051
22-6934,22-52027,8,0.2203300642178228,False,0.0005469636814949845
22-6934,22-39891,9,0.1852298560175213,False,0.0005781213970864813
22-6934,22-39212,10,0.1825196991318108,False,0.000633057538026309
22-6934,22-34888,11,0.1733636085120624,False,0.0006156709066900013
22-6934,22-153504,12,0.170479460152161,False,0.0005100645039480355
22-6934,22-154717,13,0.1671163925424231,False,0.0005054070678090173
22-6934,22-26998,14,0.1532040005621899,False,0.0006097989332197092
22-6934,22-157410,15,0.1467845484131822,False,0.0006585270180813565
22-6934,22-165917,16,0.1254483991377715,False,0.0007404940764211197
22-69543,22-122955,1,0.4619104997140255,True,0.014286169920963083
22-69543,23-23775,2,0.2235162335120339,False,0.0004680941326430645
22-69543,23-34018,3,0.1934023482733129,False,0.0004745570297696701
22-69952,26-28296,1,0.303497032175955,False,0.999999999999
22-69952,26-6662,2,0.2351589507611042,False,0.999999999999
22-69952,25-129489,3,0.154093674712226,False,0.999999999999
22-72517,26-28296,1,0.3357236644004978,True,0.999999999999
22-72517,26-6662,2,0.2217243425619859,False,0.999999999999
22-72517,25-129489,3,0.1395537016155745,False,0.999999999999
22-73557,22-114884,1,0.230787854517227,False,0.999999999999
22-77601,23-174149,1,0.2951629291088421,False,0.999999999999
22-77601,23-160148,2,0.2559099241183293,False,0.999999999999
22-77601,23-134735,3,0.1950506482108351,False,0.999999999999
22-77601,24-81981,4,0.1576767144788428,False,0.999999999999
22-79348,23-48831,1,0.2756077600400216,False,0.999999999999
22-79348,23-37612,2,0.2733464739378011,False,0.999999999999
22-79348,23-130386,3,0.2062746386333771,False,0.999999999999
22-87044,23-56091,1,0.2388389191245925,False,0.0007565899178745069
22-88894,26-60182,1,0.4047731897099084,True,0.999999999999
22-88894,26-56462,2,0.3711103806120626,False,0.999999999999
22-88894,26-20284,3,0.2304906792071456,False,0.999999999999
22-88894,26-9688,4,0.1905080494920071,False,0.999999999999
22-94904,26-60182,1,0.4278858145374767,True,0.999999999999
22-94904,26-56462,2,0.4046783558589505,False,0.999999999999
22-94904,26-20284,3,0.3096810399380625,False,0.999999999999
22-94904,26-9688,4,0.2720214009366717,False,0.999999999999
23-104062,26-28296,1,0.3181261534942395,False,0.999999999999
23-104062,26-6662,2,0.1438015423209893,False,0.999999999999
23-104721,24-38551,1,0.2432730885806078,False,0.0006768704206935164
23-104721,24-67770,2,0.1530827537165631,False,0.0005272449471221167
23-104721,24-74429,3,0.1439076381180408,False,0.0004957472101232005
23-106340,26-54160,1,0.1679098165526611,False,0.999999999999
23-125744,23-130844,1,0.4421895738792248,True,0.9983485333157776
23-129683,23-132683,1,0.4477201051248358,True,0.999999999999
23-145268,24-117855,1,0.3896197222759446,True,0.999999999999
23-145268,24-112365,2,0.3635742444152431,False,0.999999999999
23-145268,24-131879,3,0.3324721414026049,False,0.999999999999
23-145268,24-100465,4,0.3225098554533508,False,0.999999999999
23-145268,24-139939,5,0.3006088480070083,False,0.999999999999
23-145268,24-141388,6,0.3004218559699707,False,0.999999999999
23-145268,24-140255,7,0.2992400350416119,False,0.999999999999
23-145268,25-5091,8,0.255793548985032,False,0.999999999999
23-145268,24-81519,9,0.2472251423565484,False,0.999999999999
23-145268,24-73665,10,0.2253241349102059,False,0.999999999999
23-145268,25-20873,11,0.2172272786199984,False,0.999999999999
23-149615,25-25127,1,0.1555604538049792,False,0.0005484902361457194
23-159358,25-124007,1,0.3065320851121266,False,0.003321513270391567
23-159358,25-137684,2,0.2772599780883387,False,0.003472519379059738
23-159358,26-25929,3,0.1624402558094947,False,0.00332244944739187
23-169673,24-75502,1,0.3235544524947005,True,0.00048514592897073755
23-169673,24-39718,2,0.2648594379866817,False,0.00046519925833740135
23-169673,24-34987,3,0.2388212273525374,False,0.0005302465183206253
23-169673,24-31691,4,0.2274192946769356,False,0.0005759734153223306
23-169673,24-119150,5,0.1621626152463537,False,0.0006323020276853475
23-169673,24-127528,6,0.1477651115554838,False,0.0004921244804276128
23-169673,24-126812,7,0.1421785383474944,False,0.0005114355187795021
23-169673,23-176813,8,0.1074357468320472,False,0.0007991921865213527
23-217,23-159358,1,0.1534925355676758,False,0.0008133115196720185
23-23775,23-34018,1,0.4723587385019709,True,0.999999999999
23-30906,23-164280,1,0.7293059112736819,True,0.999999999999
23-38908,25-45593,1,0.2778098068804706,False,0.0037282789803735686
23-38908,25-62715,2,0.2567738182410185,False,0.00046933693012058954
23-38908,24-127528,3,0.1653525027530988,False,0.0038284480901520108
23-38908,25-90009,4,0.1428879265438404,False,0.0032928071017493924
23-38908,24-126812,5,0.1377842829603891,False,0.003294985645500252
23-38908,24-119150,6,0.0947639135535564,False,0.0046875359697680676
23-39978,24-59713,1,0.1389816907537254,False,0.0033172734504791613
23-69649,23-70292,1,0.3993236580693188,True,0.8911489269632451
23-90092,23-90557,1,0.4408760402978535,True,0.999999999999
23-98812,24-102164,1,0.3455275336279592,True,0.999999999999
23-98812,24-81981,2,0.3386834688009771,False,0.999999999999
23-98812,24-122943,3,0.275970214629873,False,0.999999999999
23-98812,24-130324,4,0.2472251423565484,False,0.999999999999
24-102164,25-111645,1,0.3268706001256753,True,0.999999999999
24-102164,25-80306,2,0.3211651842273609,False,0.999999999999
24-102164,25-121114,3,0.3003188867112493,False,0.999999999999
24-102164,25-129489,4,0.2660985625763391,False,0.999999999999
24-102164,26-6662,5,0.1852013918871651,False,0.999999999999
24-102164,25-30282,6,0.156627911467505,False,0.999999999999
24-102164,25-25051,7,0.1388333429173516,False,0.999999999999
24-10367,25-39078,1,0.2189232754472565,False,0.004523851300247712
24-10367,24-115034,2,0.1849112800632124,False,0.0033072048359891275
24-104536,26-17888,1,0.1756809793949602,False,0.0004799227717477915
24-104536,25-63108,2,0.1712453420837239,False,0.0005154466384022357
24-104536,25-55152,3,0.1669424332440846,False,0.0005052735976881657
24-104541,24-117088,1,0.4846780551905387,True,0.999999999999
24-104541,24-107602,2,0.4545641699518176,False,0.999999999999
24-104541,25-28394,3,0.4332097360969648,False,0.0010851855856453512
24-104541,25-55152,4,0.3793873803307858,False,0.0018189310835633919
24-104541,25-63108,5,0.3302524858562491,False,0.0012056272572525217
24-104541,25-22758,6,0.3228013610713268,False,0.0005494777333906418
24-104541,24-108447,7,0.1481555099542457,False,0.0005826322098692298
24-105167,26-11967,1,0.2573632232775529,False,0.0044513567883327455
24-105167,26-48762,2,0.2542333875860927,False,0.0006746634639642426
24-105167,26-10403,3,0.2476462852389487,False,0.00602738847493647
24-105167,26-52332,4,0.2405452579321286,False,0.0006763970513324112
24-105167,26-46996,5,0.2356274306070728,False,0.00437724816767311
24-105167,25-131747,6,0.1982240338775334,False,0.0005983644462575308
24-105167,26-66290,7,0.1628365227497406,False,0.0045858101136615256
24-105167,26-66594,8,0.1626464210953824,False,0.004693755501556143
24-106137,25-71246,1,0.3076950128273178,False,0.999999999999
24-106137,25-130935,2,0.2691357168216929,False,0.999999999999
24-106137,25-46078,3,0.2218559700961863,False,0.999999999999
24-106137,25-47444,4,0.218635044538903,False,0.999999999999
24-106137,25-26250,5,0.2059178152359398,False,0.999999999999
24-106137,26-2995,6,0.1897349978098992,False,0.999999999999
24-106137,25-38470,7,0.1887803230063694,False,0.999999999999
24-106137,25-28646,8,0.1651329421242575,False,0.999999999999
24-106137,25-21094,9,0.133949500025817,False,0.999999999999
24-107602,24-117088,1,0.472358738501971,True,0.999999999999
24-107602,25-28394,2,0.4208904194083971,False,0.0010428830956534768
24-107602,25-55152,3,0.3917066970193535,False,0.0018161143214553146
24-107602,25-63108,4,0.3425718025448168,False,0.0012019694331164678
24-107602,25-22758,5,0.3104820443827591,False,0.0005467302963556546
24-107602,24-108447,6,0.135836193265678,False,0.0006270971386848535
24-108447,25-63108,1,0.4520028668039343,True,0.0014885727005771027
24-108447,25-55152,2,0.3800584980425346,False,0.0006985843244531915
24-108447,25-28394,3,0.2352033477768431,False,0.00047565067608493325
24-108447,25-22758,4,0.2064899868112469,False,0.0005942307264379315
24-110066,24-139192,1,0.6541328572214241,True,0.999999999999
24-110276,26-57794,1,0.2803459130073767,False,0.0005376624365996325
24-110276,25-108065,2,0.1423959608444053,False,0.0006489936377188607
24-116379,25-87479,1,0.3128639907852761,False,0.0009336852391242156
24-116379,25-35036,2,0.3069900682333017,False,0.00046421246196427687
24-116379,25-7776,3,0.2149129326011024,False,0.00046925786740758624
24-116796,26-48762,1,0.2939289635825886,False,0.0006734296585487728
24-116796,26-52332,2,0.2802408339286245,False,0.0006730979820497531
24-116796,26-46996,3,0.2753230066035687,False,0.004382804874556479
24-116796,26-11967,4,0.2176676472810571,False,0.004466622634515261
24-116796,26-10403,5,0.2079507092424529,False,0.006058442002672553
24-116796,26-66290,6,0.2025320987462364,False,0.004521717262898146
24-116796,26-66594,7,0.2023419970918782,False,0.004628160983717111
24-116796,25-131747,8,0.1585284578810376,False,0.000612894437284315
24-117088,25-55152,1,0.4231893952234709,True,0.0018164592256533264
24-117088,25-28394,2,0.3894077212042797,False,0.0010286580021431418
24-117088,25-63108,3,0.3740545007489342,False,0.0011965078822044907
24-117088,25-22758,4,0.2789993461786417,False,0.0005452353212344036
24-117855,25-20873,1,0.426982832650037,True,0.999999999999
24-117855,24-139939,2,0.3910333110084646,False,0.999999999999
24-117855,25-5091,3,0.3882314224198491,False,0.999999999999
24-117855,25-51370,4,0.3581763543767777,False,0.999999999999
24-117855,25-48827,5,0.3221142374915375,False,0.999999999999
24-117855,25-49867,6,0.3207454245261411,False,0.999999999999
24-117855,25-51236,7,0.313901359699159,False,0.999999999999
24-117855,24-131879,8,0.3128715434404454,False,0.999999999999
24-117855,24-141388,9,0.307142022075897,False,0.999999999999
24-117855,24-140255,10,0.260438608266695,False,0.999999999999
24-121081,26-55110,1,0.1169973718791064,False,0.014400020961059076
24-12133,24-36876,1,0.4079560274056978,True,0.999999999999
24-12133,24-48331,2,0.3875031501458363,False,0.999999999999
24-12133,24-57852,3,0.3738150204918723,False,0.999999999999
24-12133,24-61757,4,0.3565597856107582,False,0.999999999999
24-12133,24-29089,5,0.3123359493058716,False,0.999999999999
24-12133,24-106137,6,0.1880455864272125,False,0.999999999999
24-122943,25-80306,1,0.3554574753219882,True,0.999999999999
24-122943,25-111645,2,0.3117878559385798,False,0.999999999999
24-122943,25-121114,3,0.2612655169576575,False,0.999999999999
24-122943,25-129489,4,0.2270451928227473,False,0.999999999999
24-122943,25-30282,5,0.1925730782453366,False,0.999999999999
24-122943,25-25051,6,0.1747785096951833,False,0.999999999999
24-122943,26-6662,7,0.1503511732319063,False,0.999999999999
24-125134,25-4351,1,0.1990407517864728,False,0.0011358332935777352
24-127069,25-53206,1,0.2951482517923276,False,0.0033638160317634278
24-127069,25-73914,2,0.294418073961783,False,0.003987795033906851
24-130324,25-80306,1,0.3554574753219882,True,0.999999999999
24-130324,25-111645,2,0.3117878559385798,False,0.999999999999
24-130324,25-121114,3,0.2612655169576575,False,0.999999999999
24-130324,25-129489,4,0.2270451928227473,False,0.999999999999
24-130324,25-30282,5,0.1925730782453366,False,0.999999999999
24-130324,25-25051,6,0.1747785096951833,False,0.999999999999
24-130324,26-6662,7,0.1503511732319063,False,0.999999999999
24-131094,25-925,1,0.5479478756022776,True,0.999999999999
24-131879,25-5091,1,0.5949478011703518,True,0.999999999999
24-131879,25-51370,2,0.3893406815508896,False,0.999999999999
24-131879,25-48827,3,0.3758726240769362,False,0.999999999999
24-131879,25-49867,4,0.3745038111115398,False,0.999999999999
24-131879,25-51236,5,0.3676597462845578,False,0.999999999999
24-131879,25-20873,6,0.3198844124554261,False,0.999999999999
24-131879,24-141388,7,0.2458624788890208,False,0.999999999999
24-131879,24-140255,8,0.2333658333177291,False,0.999999999999
24-131879,24-139939,9,0.2064567739137641,False,0.999999999999
24-132338,25-54937,1,0.2632850650862796,False,0.00047571556396345936
24-132338,25-30335,2,0.229626851037983,False,0.0006492647885995566
24-132338,25-131747,3,0.1715346969283018,False,0.00048403268733318046
24-132338,25-20498,4,0.1626054581432461,False,0.0004982809939732658
24-132338,25-26359,5,0.1625913314563489,False,0.0005693885218268288
24-132338,25-13579,6,0.1287473357024132,False,0.0005123642399302367
24-132338,25-7959,7,0.1030631519295686,False,0.0005988324673396017
24-136390,25-57823,1,0.2507525039267168,False,0.0007659502660809793
24-136390,25-15910,2,0.152093919448058,False,0.0005574015618616449
24-136390,26-6827,3,0.1404210639953723,False,0.000621331906349
24-138333,25-54937,1,0.309267810477743,False,0.0006527221429579926
24-138333,25-30335,2,0.227362330342814,False,0.0006407814183510079
24-138333,25-26359,3,0.2236185121964318,False,0.0004802654569143824
24-138333,25-20498,4,0.20153626797736,False,0.0004854628106289265
24-138333,25-13579,5,0.1732926761447168,False,0.0006188804396701196
24-138333,25-7959,6,0.1519289998402088,False,0.0006769160699684892
24-138333,25-131747,7,0.1099107739585119,False,0.0005828313148059704
24-138709,25-13176,1,0.4047291182218426,True,0.999999999999
24-138709,25-76566,2,0.3786125377871487,False,0.999999999999
24-139939,25-51236,1,0.3737528545272854,True,0.999999999999
24-139939,25-51370,2,0.3733919459987184,False,0.999999999999
24-139939,25-49867,3,0.3669087897003034,False,0.999999999999
24-139939,25-48827,4,0.365539976734907,False,0.999999999999
24-139939,25-20873,5,0.2833752540595229,False,0.999999999999
24-139939,25-5091,6,0.22283906196369,False,0.999999999999
24-139939,24-141388,7,0.178784494086728,False,0.999999999999
24-139939,24-140255,8,0.1772859309004809,False,0.999999999999
24-140255,25-51370,1,0.4144075363155683,True,0.999999999999
24-140255,25-51236,2,0.4039080752034644,False,0.999999999999
24-140255,25-49867,3,0.3970640103764824,False,0.999999999999
24-140255,25-48827,4,0.3956951974110859,False,0.999999999999
24-140255,25-20873,5,0.2742486831623402,False,0.999999999999
24-140255,25-5091,6,0.2466445425910073,False,0.999999999999
24-140255,24-141388,7,0.1849126760874644,False,0.999999999999
24-14092,25-97524,1,0.2184828217191704,False,0.0032431094539195513
24-142222,26-2529,1,0.1081777196850447,False,0.0005924224353764528
24-14341,25-28394,1,0.338992926400309,True,0.0005638791295122061
24-14341,25-22758,2,0.3248680735532527,False,0.00046357356016771777
24-14341,24-117088,3,0.2210772562401063,False,0.0005024999479554434
24-14341,25-63108,4,0.215751392803259,False,0.0005357084065977486
24-14341,25-55152,5,0.2133232959746182,False,0.00047433576882282386
24-14341,24-107602,6,0.1909633710013853,False,0.0005121530100116482
24-14341,24-104541,7,0.1786440543128176,False,0.0005178467387883505
24-14341,24-108447,8,0.1658100353026474,False,0.0005334835751768585
24-14341,24-104536,9,0.1195901046471977,False,0.0035780327579030477
24-14341,24-97797,10,0.1012179952164287,False,0.003475951616347281
24-28797,25-53206,1,0.2839925536574682,False,0.013780090624591693
24-28797,25-73914,2,0.2675667980727113,False,0.013717890539445507
24-29089,24-106137,1,0.3135656316501938,False,0.999999999999
24-29089,25-21094,2,0.2420673812695788,False,0.999999999999
24-29089,25-26250,3,0.223458103201599,False,0.999999999999
24-29089,25-28646,4,0.2169440164710316,False,0.999999999999
24-29089,25-38470,5,0.1841437571301846,False,0.999999999999
24-29089,24-61757,6,0.1617135307218232,False,0.999999999999
24-29089,25-46078,7,0.1609221559916502,False,0.999999999999
24-29089,25-47444,8,0.1534338234189593,False,0.999999999999
24-29089,24-57852,9,0.1445571172008423,False,0.999999999999
24-36186,24-37419,1,0.4808760402978534,True,0.999999999999
24-36876,24-106137,1,0.3526237406920718,True,0.999999999999
24-36876,24-61757,2,0.2074426936160377,False,0.999999999999
24-36876,25-21094,3,0.197661259807578,False,0.999999999999
24-36876,24-57852,4,0.188202762938637,False,0.999999999999
24-36876,25-26250,5,0.1845736336212754,False,0.999999999999
24-36876,25-28646,6,0.1732841870532203,False,0.999999999999
24-36876,24-48331,7,0.1553512517691232,False,0.999999999999
24-36876,25-38470,8,0.1484143552364872,False,0.999999999999
24-42667,24-131094,1,0.2428450737926185,False,0.999999999999
24-42667,25-925,2,0.1771420514535908,False,0.999999999999
24-45430,26-6827,1,0.4119370095270419,True,0.0021200390059482425
24-48331,25-38470,1,0.3836193011309841,True,0.999999999999
24-48331,25-28646,2,0.3776279246372481,False,0.999999999999
24-48331,25-46078,3,0.3698468965707199,False,0.999999999999
24-48331,25-47444,4,0.3652829052148694,False,0.999999999999
24-48331,25-21094,5,0.3483484937621671,False,0.999999999999
24-48331,25-26250,6,0.3381897664041611,False,0.999999999999
24-48331,25-71246,7,0.2862933930397586,False,0.999999999999
24-51821,24-139412,1,0.3486524051653134,True,0.999999999999
24-57634,24-67023,1,0.3603290579261425,True,0.999999999999
24-57852,25-38470,1,0.3836193011309841,True,0.999999999999
24-57852,25-28646,2,0.3776279246372481,False,0.999999999999
24-57852,25-46078,3,0.3698468965707199,False,0.999999999999
24-57852,25-47444,4,0.3652829052148694,False,0.999999999999
24-57852,25-21094,5,0.3483484937621671,False,0.999999999999
24-57852,25-26250,6,0.3381897664041611,False,0.999999999999
24-57852,25-71246,7,0.2862933930397586,False,0.999999999999
24-60252,24-72692,1,0.5999627682873412,True,0.999999999999
24-60252,24-65111,2,0.2288950721629561,False,0.999999999999
24-61757,25-21094,1,0.3372166562560148,True,0.999999999999
24-61757,25-26250,2,0.3265165258307532,False,0.999999999999
24-61757,25-28646,3,0.3124135890950175,False,0.999999999999
24-61757,25-38470,4,0.2815439374304475,False,0.999999999999
24-61757,25-46078,5,0.2744317600294803,False,0.999999999999
24-61757,25-47444,6,0.2508777387659888,False,0.999999999999
24-61757,24-106137,7,0.2178009209043945,False,0.999999999999
24-61757,25-71246,8,0.176684329707212,False,0.999999999999
24-62548,24-74174,1,0.5164651773981602,True,0.999999999999
24-65481,26-47097,1,0.3081246201166367,False,0.0006371459149413895
24-73665,24-81519,1,0.542472623740692,True,0.999999999999
24-73665,24-131879,2,0.4009927713630864,False,0.999999999999
24-73665,24-140255,3,0.3946470214495432,False,0.999999999999
24-73665,24-139939,4,0.3611800799951709,False,0.999999999999
24-73665,24-141388,5,0.349886114761279,False,0.999999999999
24-73665,25-5091,6,0.3349105025494204,False,0.999999999999
24-73665,24-117855,7,0.3325354369344709,False,0.999999999999
24-73665,24-112365,8,0.3175558667535302,False,0.999999999999
24-73665,24-100465,9,0.2764914777916379,False,0.999999999999
24-73665,25-20873,10,0.2647288430303328,False,0.999999999999
24-73665,25-51370,11,0.2000576417551443,False,0.999999999999
24-73665,25-48827,12,0.1904845336474904,False,0.999999999999
24-73665,25-49867,13,0.189115720682094,False,0.999999999999
24-73665,25-51236,14,0.182271655855112,False,0.999999999999
24-81519,24-140255,1,0.4165480288958858,True,0.999999999999
24-81519,24-139939,2,0.3830810874415135,False,0.999999999999
24-81519,24-131879,3,0.3790917639167439,False,0.999999999999
24-81519,24-141388,4,0.3717871222076215,False,0.999999999999
24-81519,25-5091,5,0.356811509995763,False,0.999999999999
24-81519,24-117855,6,0.3106344294881284,False,0.999999999999
24-81519,24-112365,7,0.2956548593071877,False,0.999999999999
24-81519,25-20873,8,0.2866298504766754,False,0.999999999999
24-81519,24-100465,9,0.2545904703452954,False,0.999999999999
24-81519,25-51370,10,0.2219586492014868,False,0.999999999999
24-81519,25-48827,11,0.2123855410938329,False,0.999999999999
24-81519,25-49867,12,0.2110167281284365,False,0.999999999999
24-81519,25-51236,13,0.2041726633014545,False,0.999999999999
24-81981,25-111645,1,0.3268706001256753,True,0.999999999999
24-81981,25-80306,2,0.3211651842273609,False,0.999999999999
24-81981,25-121114,3,0.3003188867112493,False,0.999999999999
24-81981,25-129489,4,0.2660985625763391,False,0.999999999999
24-81981,26-6662,5,0.1852013918871651,False,0.999999999999
24-81981,25-30282,6,0.156627911467505,False,0.999999999999
24-81981,25-25051,7,0.1388333429173516,False,0.999999999999
24-83533,25-37560,1,0.5411038107752956,True,0.999999999999
24-97797,25-63108,1,0.2309987302492638,False,0.000674887149831282
24-97797,25-55152,2,0.2039494112757851,False,0.0008307536586064736
24-97797,25-28394,3,0.1166779649472199,False,0.0006889745886663698
24-97797,26-17888,4,0.097151281552099,False,0.0007839282434823098
24-97797,25-22758,5,0.0948565876136518,False,0.0009139884628106904
25-108467,26-24820,1,0.2988055490138039,False,0.999999999999
25-111645,26-6662,1,0.3572333036403678,True,0.999999999999
25-111645,26-28296,2,0.3292053857103591,False,0.999999999999
25-111645,25-129489,3,0.2777992825876073,False,0.999999999999
25-111645,25-121114,4,0.2435789584526971,False,0.999999999999
25-114027,26-60199,1,0.2645505268991468,False,0.00047614114872171937
25-114027,26-16633,2,0.1042959414521864,False,0.0006244816295014084
25-1181,25-2044,1,0.4836136662286464,True,0.999999999999
25-118527,26-60199,1,0.2645505268991468,False,0.00047614114872171937
25-118527,26-16633,2,0.1042959414521864,False,0.0006244816295014084
25-121114,25-129489,1,0.5999627682873411,True,0.999999999999
25-121114,26-28296,2,0.3578909117316877,False,0.999999999999
25-121114,26-6662,3,0.3457775749378972,False,0.999999999999
25-129489,26-28296,1,0.375685480281841,True,0.999999999999
25-129489,26-6662,2,0.311557250802987,False,0.999999999999
25-129855,26-55163,1,0.1418702972781268,False,0.0005809411130368278
25-130935,26-2995,1,0.2406011342620141,False,0.999999999999
25-131747,26-66594,1,0.339127446393846,True,0.00048777669242984164
25-131747,26-66290,2,0.3337427034356042,False,0.0005552956978580702
25-131747,26-52332,3,0.2863292011803717,False,0.0005345992367523078
25-131747,26-48762,4,0.2726410715264077,False,0.0005348916929808189
25-131747,26-46996,5,0.2617573367567682,False,0.0005341943223911358
25-131747,26-11967,6,0.1572634061547418,False,0.0005224536826298276
25-131747,26-10403,7,0.1188590508060753,False,0.0007257929095080105
25-13176,25-76566,1,0.6743112781497326,True,0.999999999999
25-134888,26-56462,1,0.3528065845504687,True,0.999999999999
25-134888,26-60182,2,0.3369818495037636,False,0.999999999999
25-134888,26-20284,3,0.3009600493146758,False,0.999999999999
25-134888,26-9688,4,0.2876408739721359,False,0.999999999999
25-134888,25-137164,5,0.2057192987811029,False,0.999999999999
25-134888,25-135711,6,0.1912786241010152,False,0.999999999999
25-135711,26-56462,1,0.4163357249541315,True,0.999999999999
25-135711,26-60182,2,0.3918118835387482,False,0.999999999999
25-135711,26-20284,3,0.3847515971863846,False,0.999999999999
25-135711,26-9688,4,0.324749540667254,False,0.999999999999
25-135711,25-137164,5,0.182995894874187,False,0.999999999999
25-13579,25-131747,1,0.281311671816859,False,0.0006115828562100766
25-13579,25-54937,2,0.2331735491723717,False,0.0005666330106026189
25-13579,25-26359,3,0.1556874859122328,False,0.0009024337925991778
25-13579,26-10403,4,0.1458637905502099,False,0.0006352906622885779
25-13579,26-11967,5,0.1372804131251337,False,0.0006610177138126603
25-13579,25-30335,6,0.1342800573806204,False,0.000549118761584612
25-137164,26-56462,1,0.3773509617608386,True,0.999999999999
25-137164,26-60182,2,0.3404604773655967,False,0.999999999999
25-137164,26-20284,3,0.3127873416767695,False,0.999999999999
25-137164,26-9688,4,0.2456646863571601,False,0.999999999999
25-15910,26-6827,1,0.334291498225473,True,0.0005178337330242957
25-20498,26-11967,1,0.2890609971403448,False,0.006287646566714402
25-20498,25-54937,2,0.2163788317116045,False,0.0005039924636140544
25-20498,25-131747,3,0.2076539254135084,False,0.0005301065428204946
25-20498,26-10403,4,0.1474842936490774,False,0.0005141884043348727
25-20498,25-30335,5,0.1431478113810105,False,0.0004954871906125229
25-20498,25-26359,6,0.1193863704503394,False,0.0005890338024354709
25-20873,25-51370,1,0.3402020881826386,True,0.999999999999
25-20873,25-51236,2,0.2811512994974888,False,0.999999999999
25-20873,25-49867,3,0.2743072346705068,False,0.999999999999
25-20873,25-48827,4,0.2729384217051104,False,0.999999999999
25-20873,25-137164,5,0.226474907421783,False,0.999999999999
25-20873,25-135711,6,0.2107591592077116,False,0.999999999999
25-20873,25-134888,7,0.2082376767565449,False,0.999999999999
25-21094,26-2995,1,0.3628177903597913,True,0.999999999999
25-21094,25-130935,2,0.3033144475526677,False,0.999999999999
25-22758,26-17888,1,0.3561849980616424,True,0.000474724954317179
25-22758,26-45351,2,0.2892256050958019,False,0.0005330164169286224
25-24896,25-97524,1,0.2780251222701095,False,0.0008275202904988216
25-25051,26-6662,1,0.3600688623337735,True,0.999999999999
25-25051,25-129489,2,0.3292395981439366,False,0.999999999999
25-25051,25-121114,3,0.2950192740090265,False,0.999999999999
25-25051,26-28296,4,0.2768071589595855,False,0.999999999999
25-25051,25-111645,5,0.2652123736076441,False,0.999999999999
25-25051,25-80306,6,0.1483695872567139,False,0.999999999999
25-26250,26-2995,1,0.3674085724609742,True,0.999999999999
25-26250,25-130935,2,0.3356406941648183,False,0.999999999999
25-26359,25-131747,1,0.3889367041163417,True,0.0009195949885691
25-26359,26-10403,2,0.2208836764208954,False,0.000734012898653371
25-26359,26-11967,3,0.2159637920103506,False,0.0005537819824046463
25-26359,25-54937,4,0.1826878011399749,False,0.0008500390531966776
25-28394,26-17888,1,0.3536555972471283,True,0.0025780722905962093
25-28394,25-63108,2,0.1981653600302315,False,0.0009653727704461685
25-28394,26-45351,3,0.1880379822308473,False,0.0009382932048314999
25-28646,25-71246,1,0.2955620792084795,False,0.999999999999
25-28646,25-130935,2,0.2927656761767686,False,0.999999999999
25-28646,26-2995,3,0.2216833406902453,False,0.999999999999
25-28646,25-47444,4,0.2018014590205279,False,0.999999999999
25-28646,25-46078,5,0.1879239986258311,False,0.999999999999
25-28646,25-38470,6,0.1741334392474234,False,0.999999999999
25-30282,26-6662,1,0.3600688623337735,True,0.999999999999
25-30282,25-129489,2,0.3292395981439366,False,0.999999999999
25-30282,25-121114,3,0.2950192740090265,False,0.999999999999
25-30282,26-28296,4,0.2768071589595855,False,0.999999999999
25-30282,25-111645,5,0.2652123736076441,False,0.999999999999
25-30282,25-80306,6,0.1483695872567139,False,0.999999999999
25-38470,25-130935,1,0.3323324393351685,True,0.999999999999
25-38470,26-2995,2,0.2684784994268127,False,0.999999999999
25-38470,25-71246,3,0.2590369574527029,False,0.999999999999
25-38470,25-47444,4,0.1638316972347569,False,0.999999999999
25-38470,25-46078,5,0.1446520488344581,False,0.999999999999
25-39078,26-60330,1,0.2143714841688619,False,0.004148016481078056
25-40327,25-118527,1,0.2870535815071062,False,0.00046342199674272335
25-40327,25-114027,2,0.2747342648185386,False,0.0004638989384760309
25-40327,26-16633,3,0.2735853514896442,False,0.00047002599705861904
25-40327,25-113300,4,0.2619195514799116,False,0.0004946265007783166
25-47175,25-100736,1,0.142146411000863,False,0.0005516836310822941
25-47175,25-101388,2,0.1408207949377009,False,0.0005519016092302275
25-47175,25-98193,3,0.1355594975872425,False,0.0005093853197505717
25-47175,25-91547,4,0.1009128494404802,False,0.000631385724038971
25-47444,26-2995,1,0.3600811406788017,True,0.999999999999
25-47444,25-130935,2,0.3115863377886268,False,0.999999999999
25-48468,25-49952,1,0.4849824791940429,True,0.999999999999
25-48827,25-51236,1,0.5287844940867279,True,0.999999999999
25-48827,25-49867,2,0.5219404292597458,False,0.999999999999
25-48827,25-134888,3,0.293305069098716,False,0.999999999999
25-48827,25-137164,4,0.2917690470450828,False,0.999999999999
25-48827,25-135711,5,0.2851209554114204,False,0.999999999999
25-48827,26-9688,6,0.2270109924169892,False,0.999999999999
25-48827,25-51370,7,0.1865053824969933,False,0.999999999999
25-48827,26-20284,8,0.1800975871932726,False,0.999999999999
25-49867,25-51236,1,0.5274156811213314,True,0.999999999999
25-49867,25-134888,2,0.2946738820641124,False,0.999999999999
25-49867,25-137164,3,0.2931378600104791,False,0.999999999999
25-49867,25-135711,4,0.2864897683768169,False,0.999999999999
25-49867,26-9688,5,0.2283798053823856,False,0.999999999999
25-49867,25-51370,6,0.1851365695315969,False,0.999999999999
25-49867,26-20284,7,0.181466400158669,False,0.999999999999
25-50686,26-16633,1,0.376531540686958,True,0.0005911396800410385
25-50686,26-60199,2,0.1986511101438647,False,0.0005467893174735247
25-50686,25-118527,3,0.1672116973454907,False,0.0005917236714965856
25-50686,25-114027,4,0.154892380656923,False,0.0005975234766176368
25-50686,25-113300,5,0.1482536227863473,False,0.0005946618345233574
25-5091,25-51370,1,0.3560415245442321,True,0.999999999999
25-5091,25-51236,2,0.3319532311454988,False,0.999999999999
25-5091,25-49867,3,0.3251091663185168,False,0.999999999999
25-5091,25-48827,4,0.3237403533531203,False,0.999999999999
25-5091,25-135711,5,0.26111840141695,False,0.999999999999
25-5091,25-20873,6,0.2429546969021694,False,0.999999999999
25-5091,25-134888,7,0.1513176786915305,False,0.999999999999
25-5091,25-137164,8,0.1435004571424041,False,0.999999999999
25-51236,25-134888,1,0.3015179468910944,False,0.999999999999
25-51236,25-137164,2,0.2999819248374612,False,0.999999999999
25-51236,25-135711,3,0.2933338332037989,False,0.999999999999
25-51236,26-9688,4,0.2352238702093676,False,0.999999999999
25-51236,26-20284,5,0.1883104649856511,False,0.999999999999
25-51236,25-51370,6,0.1782925047046148,False,0.999999999999
25-51370,25-137164,1,0.3270910361444798,True,0.999999999999
25-51370,25-134888,2,0.3055602342958085,False,0.999999999999
25-51370,25-135711,3,0.2968365258331998,False,0.999999999999
25-51370,26-9688,4,0.2716493853125714,False,0.999999999999
25-51370,26-20284,5,0.2661319745096294,False,0.999999999999
25-5328,25-49175,1,0.4682717583006253,True,0.999999999999
25-53540,26-1571,1,0.3473120473701278,True,0.999999999999
25-54937,26-11967,1,0.3154976266369491,False,0.0004934035234632091
25-54937,26-10403,2,0.2989356110381077,False,0.002022451652403123
25-54937,25-131747,3,0.2796282858629983,False,0.0006627490223322002
25-54937,26-46996,4,0.2450876670817202,False,0.0005776800578220793
25-54937,26-48762,5,0.235568686449676,False,0.0005406402212192997
25-54937,26-52332,6,0.2218805567957119,False,0.0005427777450524921
25-54937,26-66594,7,0.1828203667750741,False,0.00047941640557168857
25-54937,26-66290,8,0.1721512503515779,False,0.0006094808657013797
25-55152,26-45351,1,0.3770449629322056,True,0.00080406526857724
25-55152,26-17888,2,0.347607818199908,False,0.0007111933449072856
25-55905,25-118713,1,0.3064791583002972,False,0.999999999999
25-6053,26-8489,1,0.252292010566975,False,0.000565381461755178
25-6053,25-69675,2,0.1695440317067422,False,0.0005317526395605959
25-63108,26-45351,1,0.4041742182450411,True,0.0012258698011503248
25-63108,26-17888,2,0.3503679453239722,False,0.0007377504914715364
25-65181,26-13734,1,0.2595717996095892,False,0.999999999999
25-71246,26-2995,1,0.3304677722426076,True,0.999999999999
25-71246,25-130935,2,0.2802789823854542,False,0.999999999999
25-76566,25-138044,1,0.3266162943495401,True,0.999999999999
25-7967,25-97524,1,0.4349111272509233,True,0.018247970724406773
25-7967,25-24896,2,0.1511038107752956,False,0.0021158282843369534
25-80306,25-129489,1,0.3543671219383579,True,0.999999999999
25-80306,26-6662,2,0.3329388708083974,False,0.999999999999
25-80306,25-121114,3,0.3201467978034477,False,0.999999999999
25-80306,25-111645,4,0.2884775754800701,False,0.999999999999
25-80306,26-28296,5,0.2547767213129346,False,0.999999999999
25-83123,25-108260,1,0.808850076655921,True,0.999999999999
25-83123,25-105779,2,0.2715306120214039,False,0.003491960657142987
25-99444,26-55163,1,0.2866479876337853,False,0.0006989342773681804
25-99444,25-129855,2,0.2354972513357199,False,0.0005136318286077514
26-1571,26-63482,1,0.3664822261080886,True,0.999999999999
26-16633,26-60199,1,0.130830283920127,False,0.0005229297292194846
26-17888,26-45351,1,0.1922880235789441,False,0.0007956691865859896
26-20284,26-56462,1,0.4141299693992958,True,0.999999999999
26-20284,26-60182,2,0.3805227914368093,False,0.999999999999
26-23621,26-62679,1,0.3710167000244358,True,0.0005648837429903422
26-31691,26-65847,1,0.3717312760735516,True,0.999999999999
26-32976,26-62132,1,0.595115514169056,True,0.999999999999
26-48762,26-52332,1,0.5353241349102054,True,0.999999999999
26-48762,26-66594,2,0.2490487417793518,False,0.0004632967962028705
26-48762,26-66290,3,0.2358313949875409,False,0.000624191300421735
26-52332,26-66594,1,0.2353606121253877,False,0.000465046424008613
26-52332,26-66290,2,0.2221432653335768,False,0.0006265481610902414
26-56462,26-60182,1,0.2336722150479133,False,0.999999999999
26-9688,26-56462,1,0.4723883765768383,True,0.999999999999
26-9688,26-60182,2,0.4504727628814562,False,0.999999999999
26-9688,26-20284,3,0.3100703385897793,False,0.999999999999
